"Estacion","Fecha inicial","Fecha final","PLiquida"
"PARQUE LAS AGUAS","2025-10-31","","0.17782609"
"PARQUE LAS AGUAS","2025-10-30","","0.03416667"
"PARQUE LAS AGUAS","2025-10-29","","0.02958333"
"PARQUE LAS AGUAS","2025-10-28","","0.01208333"
"PARQUE LAS AGUAS","2025-10-27","","0.13541667"
"PARQUE LAS AGUAS","2025-10-26","","0.65333333"
"PARQUE LAS AGUAS","2025-10-25","","0.05791667"
"PARQUE LAS AGUAS","2025-10-24","","0.06"
"PARQUE LAS AGUAS","2025-10-23","","0.03291667"
"PARQUE LAS AGUAS","2025-10-22","","0.0575"
"PARQUE LAS AGUAS","2025-10-21","","0.18416667"
"PARQUE LAS AGUAS","2025-10-20","","0.3"
"PARQUE LAS AGUAS","2025-10-19","","0.03541667"
"PARQUE LAS AGUAS","2025-10-18","","0.07666667"
"PARQUE LAS AGUAS","2025-10-17","","0.30291667"
"PARQUE LAS AGUAS","2025-10-16","","0.01583333"
"PARQUE LAS AGUAS","2025-10-15","","0.21125"
"PARQUE LAS AGUAS","2025-10-14","","0.0"
"PARQUE LAS AGUAS","2025-10-13","","0.0"
"PARQUE LAS AGUAS","2025-10-12","","0.0"
"PARQUE LAS AGUAS","2025-10-11","","0.0"
"PARQUE LAS AGUAS","2025-10-10","","0.13666667"
"PARQUE LAS AGUAS","2025-10-09","","0.12333333"
"PARQUE LAS AGUAS","2025-10-08","","0.21166667"
"PARQUE LAS AGUAS","2025-10-07","","0.0025"
"PARQUE LAS AGUAS","2025-10-06","","0.26"
"PARQUE LAS AGUAS","2025-10-05","","0.2225"
"PARQUE LAS AGUAS","2025-10-04","","0.00625"
"PARQUE LAS AGUAS","2025-10-03","","0.05458333"
"PARQUE LAS AGUAS","2025-10-02","","0.0275"
"PARQUE LAS AGUAS","2025-10-01","","0.28958333"
"PARQUE LAS AGUAS","2025-09-30","","0.0"
"PARQUE LAS AGUAS","2025-09-29","","0.0"
"PARQUE LAS AGUAS","2025-09-28","","0.0"
"PARQUE LAS AGUAS","2025-09-27","","0.0"
"PARQUE LAS AGUAS","2025-09-26","","0.0"
"PARQUE LAS AGUAS","2025-09-25","","0.0"
"PARQUE LAS AGUAS","2025-09-24","","0.0"
"PARQUE LAS AGUAS","2025-09-23","","0.01625"
"PARQUE LAS AGUAS","2025-09-22","","0.01291667"
"PARQUE LAS AGUAS","2025-09-21","","0.00916667"
"PARQUE LAS AGUAS","2025-09-20","","0.06708333"
"PARQUE LAS AGUAS","2025-09-19","","0.18875"
"PARQUE LAS AGUAS","2025-09-18","","0.15916667"
"PARQUE LAS AGUAS","2025-09-17","","0.0"
"PARQUE LAS AGUAS","2025-09-16","","0.0"
"PARQUE LAS AGUAS","2025-09-15","","0.0"
"PARQUE LAS AGUAS","2025-09-14","","0.0"
"PARQUE LAS AGUAS","2025-09-13","","0.0"
"PARQUE LAS AGUAS","2025-09-12","","0.0"
"PARQUE LAS AGUAS","2025-09-11","","0.0"
"PARQUE LAS AGUAS","2025-09-10","","0.0"
"PARQUE LAS AGUAS","2025-09-09","","0.0"
"PARQUE LAS AGUAS","2025-09-08","","0.0"
"PARQUE LAS AGUAS","2025-09-07","","0.0"
"PARQUE LAS AGUAS","2025-09-06","","0.0"
"PARQUE LAS AGUAS","2025-09-05","","0.0"
"PARQUE LAS AGUAS","2025-09-04","","0.0"
"PARQUE LAS AGUAS","2025-09-03","","0.0"
"PARQUE LAS AGUAS","2025-09-02","","0.0"
"PARQUE LAS AGUAS","2025-09-01","","0.0"
"PARQUE LAS AGUAS","2025-04-09","","0.0"
"PARQUE LAS AGUAS","2025-04-08","","0.05142857"
"PARQUE LAS AGUAS","2025-04-07","","0.05181818"
"PARQUE LAS AGUAS","2025-04-06","","0.302"
"PARQUE LAS AGUAS","2025-04-05","","0.00133333"
"PARQUE LAS AGUAS","2025-04-04","","0.07958333"
"PARQUE LAS AGUAS","2025-04-03","","0.24208333"
"PARQUE LAS AGUAS","2025-04-02","","0.08583333"
"PARQUE LAS AGUAS","2025-04-01","","0.17291667"
"PARQUE LAS AGUAS","2025-03-31","","0.09956522"
"PARQUE LAS AGUAS","2025-03-30","","0.01333333"
"PARQUE LAS AGUAS","2025-03-29","","0.04375"
"PARQUE LAS AGUAS","2025-03-28","","0.37666667"
"PARQUE LAS AGUAS","2025-03-27","","0.0475"
"PARQUE LAS AGUAS","2025-03-26","","0.0"
"PARQUE LAS AGUAS","2025-03-25","","8.3333E-4"
"PARQUE LAS AGUAS","2025-03-24","","0.00125"
"PARQUE LAS AGUAS","2025-03-23","","4.1667E-4"
"PARQUE LAS AGUAS","2025-03-22","","0.06125"
"PARQUE LAS AGUAS","2025-03-21","","0.03708333"
"PARQUE LAS AGUAS","2025-03-20","","0.20166667"
"PARQUE LAS AGUAS","2025-03-19","","0.00291667"
"PARQUE LAS AGUAS","2025-03-18","","0.01041667"
"PARQUE LAS AGUAS","2025-03-17","","0.30541667"
"PARQUE LAS AGUAS","2025-03-16","","0.15041667"
"PARQUE LAS AGUAS","2025-03-15","","0.0025"
"PARQUE LAS AGUAS","2025-03-14","","0.00166667"
"PARQUE LAS AGUAS","2025-03-13","","0.17333333"
"PARQUE LAS AGUAS","2025-03-12","","0.00541667"
"PARQUE LAS AGUAS","2025-03-11","","0.4475"
"PARQUE LAS AGUAS","2025-03-10","","0.00541667"
"PARQUE LAS AGUAS","2025-03-09","","8.3333E-4"
"PARQUE LAS AGUAS","2025-03-08","","4.1667E-4"
"PARQUE LAS AGUAS","2025-03-07","","0.00208333"
"PARQUE LAS AGUAS","2025-03-06","","0.0"
"PARQUE LAS AGUAS","2025-03-05","","0.03166667"
"PARQUE LAS AGUAS","2025-03-04","","0.07166667"
"PARQUE LAS AGUAS","2025-03-03","","0.0"
"PARQUE LAS AGUAS","2025-03-02","","0.0"
"PARQUE LAS AGUAS","2025-03-01","","4.1667E-4"
"PARQUE LAS AGUAS","2025-02-28","","0.09173913"
"PARQUE LAS AGUAS","2025-02-27","","4.1667E-4"
"PARQUE LAS AGUAS","2025-02-26","","0.0025"
"PARQUE LAS AGUAS","2025-02-25","","0.0425"
"PARQUE LAS AGUAS","2025-02-24","","0.09"
"PARQUE LAS AGUAS","2025-02-23","","0.10041667"
"PARQUE LAS AGUAS","2025-02-22","","0.05166667"
"PARQUE LAS AGUAS","2025-02-21","","0.02958333"
"PARQUE LAS AGUAS","2025-02-20","","4.1667E-4"
"PARQUE LAS AGUAS","2025-02-19","","0.0425"
"PARQUE LAS AGUAS","2025-02-18","","0.04208333"
"PARQUE LAS AGUAS","2025-02-17","","0.09333333"
"PARQUE LAS AGUAS","2025-02-16","","0.08083333"
"PARQUE LAS AGUAS","2025-02-15","","0.0"
"PARQUE LAS AGUAS","2025-02-14","","0.0225"
"PARQUE LAS AGUAS","2025-02-13","","0.04041667"
"PARQUE LAS AGUAS","2025-02-12","","0.00458333"
"PARQUE LAS AGUAS","2025-02-11","","0.08583333"
"PARQUE LAS AGUAS","2025-02-10","","0.00208333"
"PARQUE LAS AGUAS","2025-02-09","","0.07583333"
"PARQUE LAS AGUAS","2025-02-08","","0.03458333"
"PARQUE LAS AGUAS","2025-02-07","","0.01083333"
"PARQUE LAS AGUAS","2025-02-06","","4.1667E-4"
"PARQUE LAS AGUAS","2025-02-05","","0.00125"
"PARQUE LAS AGUAS","2025-02-04","","0.105"
"PARQUE LAS AGUAS","2025-02-03","","4.1667E-4"
"PARQUE LAS AGUAS","2025-02-02","","0.00166667"
"PARQUE LAS AGUAS","2025-02-01","","0.00416667"
"PARQUE LAS AGUAS","2025-01-31","","0.03217391"
"PARQUE LAS AGUAS","2025-01-30","","0.06458333"
"PARQUE LAS AGUAS","2025-01-29","","0.11541667"
"PARQUE LAS AGUAS","2025-01-28","","0.02666667"
"PARQUE LAS AGUAS","2025-01-27","","0.025"
"PARQUE LAS AGUAS","2025-01-26","","0.0425"
"PARQUE LAS AGUAS","2025-01-25","","0.08875"
"PARQUE LAS AGUAS","2025-01-24","","4.1667E-4"
"PARQUE LAS AGUAS","2025-01-23","","0.00125"
"PARQUE LAS AGUAS","2025-01-22","","0.0"
"PARQUE LAS AGUAS","2025-01-21","","0.00125"
"PARQUE LAS AGUAS","2025-01-20","","4.1667E-4"
"PARQUE LAS AGUAS","2025-01-19","","0.0"
"PARQUE LAS AGUAS","2025-01-18","","4.1667E-4"
"PARQUE LAS AGUAS","2025-01-17","","4.1667E-4"
"PARQUE LAS AGUAS","2025-01-16","","0.00208333"
"PARQUE LAS AGUAS","2025-01-15","","4.1667E-4"
"PARQUE LAS AGUAS","2025-01-14","","0.0"
"PARQUE LAS AGUAS","2025-01-13","","0.00125"
"PARQUE LAS AGUAS","2025-01-12","","0.0"
"PARQUE LAS AGUAS","2025-01-11","","4.1667E-4"
"PARQUE LAS AGUAS","2025-01-10","","8.3333E-4"
"PARQUE LAS AGUAS","2025-01-09","","0.00125"
"PARQUE LAS AGUAS","2025-01-08","","0.0"
"PARQUE LAS AGUAS","2025-01-07","","0.00125"
"PARQUE LAS AGUAS","2025-01-06","","0.0"
"PARQUE LAS AGUAS","2025-01-05","","0.18625"
"PARQUE LAS AGUAS","2025-01-04","","0.10166667"
"PARQUE LAS AGUAS","2025-01-03","","0.01041667"
"PARQUE LAS AGUAS","2025-01-02","","0.01208333"
"PARQUE LAS AGUAS","2025-01-01","","0.0"
"PARQUE LAS AGUAS","2024-12-31","","0.01434783"
"PARQUE LAS AGUAS","2024-12-30","","0.05933333"
"PARQUE LAS AGUAS","2024-12-29","","0.0"
"PARQUE LAS AGUAS","2024-12-28","","4.1667E-4"
"PARQUE LAS AGUAS","2024-12-27","","0.0425"
"PARQUE LAS AGUAS","2024-12-26","","0.03291667"
"PARQUE LAS AGUAS","2024-12-25","","0.0"
"PARQUE LAS AGUAS","2024-12-24","","0.01041667"
"PARQUE LAS AGUAS","2024-12-23","","0.11666667"
"PARQUE LAS AGUAS","2024-12-22","","0.04958333"
"PARQUE LAS AGUAS","2024-12-21","","0.36166667"
"PARQUE LAS AGUAS","2024-12-20","","0.00125"
"PARQUE LAS AGUAS","2024-12-19","","0.03291667"
"PARQUE LAS AGUAS","2024-12-18","","0.00166667"
"PARQUE LAS AGUAS","2024-12-17","","0.0025"
"PARQUE LAS AGUAS","2024-12-16","","0.05958333"
"PARQUE LAS AGUAS","2024-12-15","","0.33416667"
"PARQUE LAS AGUAS","2024-12-14","","0.00125"
"PARQUE LAS AGUAS","2024-12-13","","0.0"
"PARQUE LAS AGUAS","2024-12-12","","4.1667E-4"
"PARQUE LAS AGUAS","2024-12-11","","0.0"
"PARQUE LAS AGUAS","2024-12-10","","0.08785714"
"PARQUE LAS AGUAS","2024-11-28","","0.095"
"PARQUE LAS AGUAS","2024-11-27","","0.08958333"
"PARQUE LAS AGUAS","2024-11-26","","0.02375"
"PARQUE LAS AGUAS","2024-11-25","","0.00291667"
"PARQUE LAS AGUAS","2024-11-24","","0.00375"
"PARQUE LAS AGUAS","2024-11-23","","4.1667E-4"
"PARQUE LAS AGUAS","2024-11-22","","0.00625"
"PARQUE LAS AGUAS","2024-11-21","","0.28875"
"PARQUE LAS AGUAS","2024-11-20","","0.05083333"
"PARQUE LAS AGUAS","2024-11-19","","0.00833333"
"PARQUE LAS AGUAS","2024-11-18","","0.00291667"
"PARQUE LAS AGUAS","2024-11-17","","4.1667E-4"
"PARQUE LAS AGUAS","2024-11-16","","0.0"
"PARQUE LAS AGUAS","2024-11-15","","0.01708333"
"PARQUE LAS AGUAS","2024-11-14","","0.1025"
"PARQUE LAS AGUAS","2024-11-13","","0.07458333"
"PARQUE LAS AGUAS","2024-11-12","","0.06208333"
"PARQUE LAS AGUAS","2024-11-11","","0.12291667"
"PARQUE LAS AGUAS","2024-11-10","","0.24458333"
"PARQUE LAS AGUAS","2024-11-09","","0.30125"
"PARQUE LAS AGUAS","2024-11-08","","0.11583333"
"PARQUE LAS AGUAS","2024-11-07","","0.03916667"
"PARQUE LAS AGUAS","2024-11-06","","4.1667E-4"
"PARQUE LAS AGUAS","2024-11-05","","0.02375"
"PARQUE LAS AGUAS","2024-11-04","","0.14041667"
"PARQUE LAS AGUAS","2024-11-03","","0.06708333"
"PARQUE LAS AGUAS","2024-11-02","","0.00166667"
"PARQUE LAS AGUAS","2024-11-01","","0.06083333"
"PARQUE LAS AGUAS","2024-10-31","","0.15478261"
"PARQUE LAS AGUAS","2024-10-30","","0.06458333"
"PARQUE LAS AGUAS","2024-10-29","","4.1667E-4"
"PARQUE LAS AGUAS","2024-10-28","","0.00125"
"PARQUE LAS AGUAS","2024-10-27","","0.02791667"
"PARQUE LAS AGUAS","2024-10-26","","0.01458333"
"PARQUE LAS AGUAS","2024-10-25","","0.00541667"
"PARQUE LAS AGUAS","2024-10-24","","0.09666667"
"PARQUE LAS AGUAS","2024-10-23","","0.01458333"
"PARQUE LAS AGUAS","2024-10-22","","0.00583333"
"PARQUE LAS AGUAS","2024-10-21","","0.08083333"
"PARQUE LAS AGUAS","2024-10-20","","0.0025"
"PARQUE LAS AGUAS","2024-10-19","","0.00791667"
"PARQUE LAS AGUAS","2024-10-18","","0.00458333"
"PARQUE LAS AGUAS","2024-10-17","","4.1667E-4"
"PARQUE LAS AGUAS","2024-10-16","","0.03208333"
"PARQUE LAS AGUAS","2024-10-15","","0.00125"
"PARQUE LAS AGUAS","2024-10-14","","4.1667E-4"
"PARQUE LAS AGUAS","2024-10-13","","0.00791667"
"PARQUE LAS AGUAS","2024-10-12","","0.01583333"
"PARQUE LAS AGUAS","2024-10-11","","8.3333E-4"
"PARQUE LAS AGUAS","2024-10-10","","0.17166667"
"PARQUE LAS AGUAS","2024-10-09","","0.15333333"
"PARQUE LAS AGUAS","2024-10-08","","0.09791667"
"PARQUE LAS AGUAS","2024-10-07","","0.09625"
"PARQUE LAS AGUAS","2024-10-06","","0.00833333"
"PARQUE LAS AGUAS","2024-10-05","","0.13416667"
"PARQUE LAS AGUAS","2024-10-04","","0.01416667"
"PARQUE LAS AGUAS","2024-10-03","","0.00583333"
"PARQUE LAS AGUAS","2024-10-02","","0.01208333"
"PARQUE LAS AGUAS","2024-10-01","","0.07916667"
"PARQUE LAS AGUAS","2024-09-30","","0.0226087"
"PARQUE LAS AGUAS","2024-09-29","","0.3575"
"PARQUE LAS AGUAS","2024-09-28","","0.1275"
"PARQUE LAS AGUAS","2024-09-27","","0.23666667"
"PARQUE LAS AGUAS","2024-09-26","","0.0375"
"PARQUE LAS AGUAS","2024-09-25","","0.00125"
"PARQUE LAS AGUAS","2024-09-24","","4.1667E-4"
"PARQUE LAS AGUAS","2024-09-23","","0.00208333"
"PARQUE LAS AGUAS","2024-09-22","","0.0975"
"PARQUE LAS AGUAS","2024-09-21","","0.11208333"
"PARQUE LAS AGUAS","2024-09-20","","0.07708333"
"PARQUE LAS AGUAS","2024-09-19","","0.00125"
"PARQUE LAS AGUAS","2024-09-18","","0.00133333"
"PARQUE LAS AGUAS","2024-09-17","","0.382"
"PARQUE LAS AGUAS","2024-09-16","","0.06541667"
"PARQUE LAS AGUAS","2024-09-15","","0.0325"
"PARQUE LAS AGUAS","2024-09-14","","0.00125"
"PARQUE LAS AGUAS","2024-09-13","","0.17291667"
"PARQUE LAS AGUAS","2024-09-12","","0.06083333"
"PARQUE LAS AGUAS","2024-09-11","","0.00125"
"PARQUE LAS AGUAS","2024-09-10","","0.01375"
"PARQUE LAS AGUAS","2024-09-09","","4.1667E-4"
"PARQUE LAS AGUAS","2024-09-08","","8.3333E-4"
"PARQUE LAS AGUAS","2024-09-07","","0.00458333"
"PARQUE LAS AGUAS","2024-09-06","","0.0075"
"PARQUE LAS AGUAS","2024-09-05","","0.29166667"
"PARQUE LAS AGUAS","2024-09-04","","0.04416667"
"PARQUE LAS AGUAS","2024-09-03","","0.14"
"PARQUE LAS AGUAS","2024-09-02","","0.19875"
"PARQUE LAS AGUAS","2024-09-01","","0.26583333"
"PARQUE LAS AGUAS","2024-08-31","","0.0"
"PARQUE LAS AGUAS","2024-08-30","","4.1667E-4"
"PARQUE LAS AGUAS","2024-08-29","","0.05708333"
"PARQUE LAS AGUAS","2024-08-28","","0.30666667"
"PARQUE LAS AGUAS","2024-08-27","","0.00125"
"PARQUE LAS AGUAS","2024-08-26","","4.1667E-4"
"PARQUE LAS AGUAS","2024-08-25","","0.06083333"
"PARQUE LAS AGUAS","2024-08-24","","0.14041667"
"PARQUE LAS AGUAS","2024-08-23","","0.26958333"
"PARQUE LAS AGUAS","2024-08-22","","0.12125"
"PARQUE LAS AGUAS","2024-08-21","","0.00166667"
"PARQUE LAS AGUAS","2024-08-20","","0.0"
"PARQUE LAS AGUAS","2024-08-19","","8.3333E-4"
"PARQUE LAS AGUAS","2024-08-18","","0.0"
"PARQUE LAS AGUAS","2024-08-17","","0.09083333"
"PARQUE LAS AGUAS","2024-08-16","","0.0575"
"PARQUE LAS AGUAS","2024-08-15","","8.3333E-4"
"PARQUE LAS AGUAS","2024-08-14","","0.00125"
"PARQUE LAS AGUAS","2024-08-13","","0.0825"
"PARQUE LAS AGUAS","2024-08-12","","0.45625"
"PARQUE LAS AGUAS","2024-08-11","","0.01625"
"PARQUE LAS AGUAS","2024-08-10","","0.18"
"PARQUE LAS AGUAS","2024-08-09","","0.22041667"
"PARQUE LAS AGUAS","2024-08-08","","0.00583333"
"PARQUE LAS AGUAS","2024-08-07","","0.01458333"
"PARQUE LAS AGUAS","2024-08-06","","0.40541667"
"PARQUE LAS AGUAS","2024-08-05","","0.14416667"
"PARQUE LAS AGUAS","2024-08-04","","0.10708333"
"PARQUE LAS AGUAS","2024-08-03","","0.07291667"
"PARQUE LAS AGUAS","2024-08-02","","0.00875"
"PARQUE LAS AGUAS","2024-08-01","","0.0"
"PARQUE LAS AGUAS","2024-07-31","","8.6957E-4"
"PARQUE LAS AGUAS","2024-07-30","","0.0"
"PARQUE LAS AGUAS","2024-07-29","","0.00166667"
"PARQUE LAS AGUAS","2024-07-28","","0.00125"
"PARQUE LAS AGUAS","2024-07-27","","0.30125"
"PARQUE LAS AGUAS","2024-07-26","","0.10041667"
"PARQUE LAS AGUAS","2024-07-25","","0.02"
"PARQUE LAS AGUAS","2024-07-24","","0.0"
"PARQUE LAS AGUAS","2024-07-23","","8.3333E-4"
"PARQUE LAS AGUAS","2024-07-22","","0.01958333"
"PARQUE LAS AGUAS","2024-07-21","","0.15916667"
"PARQUE LAS AGUAS","2024-07-20","","0.00125"
"PARQUE LAS AGUAS","2024-07-19","","0.01416667"
"PARQUE LAS AGUAS","2024-07-18","","0.00833333"
"PARQUE LAS AGUAS","2024-07-17","","0.00125"
"PARQUE LAS AGUAS","2024-07-16","","0.00125"
"PARQUE LAS AGUAS","2024-07-15","","8.3333E-4"
"PARQUE LAS AGUAS","2024-07-14","","0.00125"
"PARQUE LAS AGUAS","2024-07-13","","0.0"
"PARQUE LAS AGUAS","2024-07-12","","0.0325"
"PARQUE LAS AGUAS","2024-07-11","","0.00875"
"PARQUE LAS AGUAS","2024-07-10","","0.00333333"
"PARQUE LAS AGUAS","2024-07-09","","0.00875"
"PARQUE LAS AGUAS","2024-07-08","","0.00208333"
"PARQUE LAS AGUAS","2024-07-07","","0.00166667"
"PARQUE LAS AGUAS","2024-07-06","","0.02666667"
"PARQUE LAS AGUAS","2024-07-05","","0.23458333"
"PARQUE LAS AGUAS","2024-07-04","","0.325"
"PARQUE LAS AGUAS","2024-07-03","","0.104"
"PARQUE LAS AGUAS","2024-06-04","","0.04384615"
"PARQUE LAS AGUAS","2024-06-03","","0.21833333"
"PARQUE LAS AGUAS","2024-06-02","","0.11208333"
"PARQUE LAS AGUAS","2024-06-01","","0.01708333"
"PARQUE LAS AGUAS","2024-05-31","","0.16913043"
"PARQUE LAS AGUAS","2024-05-30","","0.07208333"
"PARQUE LAS AGUAS","2024-05-29","","0.24083333"
"PARQUE LAS AGUAS","2024-05-28","","0.23041667"
"PARQUE LAS AGUAS","2024-05-27","","0.02375"
"PARQUE LAS AGUAS","2024-05-26","","0.00291667"
"PARQUE LAS AGUAS","2024-05-25","","0.03833333"
"PARQUE LAS AGUAS","2024-05-24","","0.0725"
"PARQUE LAS AGUAS","2024-05-23","","0.06625"
"PARQUE LAS AGUAS","2024-05-22","","0.0175"
"PARQUE LAS AGUAS","2024-05-21","","0.04125"
"PARQUE LAS AGUAS","2024-05-20","","0.01333333"
"PARQUE LAS AGUAS","2024-05-19","","0.0"
"PARQUE LAS AGUAS","2024-05-18","","0.05416667"
"PARQUE LAS AGUAS","2024-05-17","","0.02541667"
"PARQUE LAS AGUAS","2024-05-16","","0.04291667"
"PARQUE LAS AGUAS","2024-05-15","","0.31916667"
"PARQUE LAS AGUAS","2024-05-14","","0.02333333"
"PARQUE LAS AGUAS","2024-05-13","","0.00125"
"PARQUE LAS AGUAS","2024-05-12","","0.175"
"PARQUE LAS AGUAS","2024-05-11","","0.18458333"
"PARQUE LAS AGUAS","2024-05-10","","0.03411765"
"PARQUE LAS AGUAS","2024-05-09","","0.18458333"
"PARQUE LAS AGUAS","2024-05-08","","0.38041667"
"PARQUE LAS AGUAS","2024-05-07","","0.30125"
"PARQUE LAS AGUAS","2024-05-06","","0.01708333"
"PARQUE LAS AGUAS","2024-05-05","","0.00166667"
"PARQUE LAS AGUAS","2024-05-04","","0.75458333"
"PARQUE LAS AGUAS","2024-05-03","","0.06791667"
"PARQUE LAS AGUAS","2024-05-02","","0.24041667"
"PARQUE LAS AGUAS","2024-05-01","","0.00375"
"PARQUE LAS AGUAS","2024-04-30","","0.38"
"PARQUE LAS AGUAS","2024-04-29","","0.49083333"
"PARQUE LAS AGUAS","2024-04-28","","0.01916667"
"PARQUE LAS AGUAS","2024-04-27","","0.38416667"
"PARQUE LAS AGUAS","2024-04-26","","0.13"
"PARQUE LAS AGUAS","2024-04-25","","0.02625"
"PARQUE LAS AGUAS","2024-04-24","","0.01708333"
"PARQUE LAS AGUAS","2024-04-23","","0.01541667"
"PARQUE LAS AGUAS","2024-04-22","","0.15541667"
"PARQUE LAS AGUAS","2024-04-21","","0.26416667"
"PARQUE LAS AGUAS","2024-04-20","","0.38541667"
"PARQUE LAS AGUAS","2024-04-19","","0.01416667"
"PARQUE LAS AGUAS","2024-04-18","","0.45791667"
"PARQUE LAS AGUAS","2024-04-17","","0.00666667"
"PARQUE LAS AGUAS","2024-04-16","","4.1667E-4"
"PARQUE LAS AGUAS","2024-04-15","","4.1667E-4"
"PARQUE LAS AGUAS","2024-04-14","","0.00166667"
"PARQUE LAS AGUAS","2024-04-13","","4.1667E-4"
"PARQUE LAS AGUAS","2024-04-12","","4.1667E-4"
"PARQUE LAS AGUAS","2024-04-11","","0.0"
"PARQUE LAS AGUAS","2024-04-10","","0.00208333"
"PARQUE LAS AGUAS","2024-04-09","","4.1667E-4"
"PARQUE LAS AGUAS","2024-04-08","","0.00458333"
"PARQUE LAS AGUAS","2024-04-07","","0.00208333"
"PARQUE LAS AGUAS","2024-04-06","","0.01583333"
"PARQUE LAS AGUAS","2024-04-05","","0.01458333"
"PARQUE LAS AGUAS","2024-04-04","","0.33916667"
"PARQUE LAS AGUAS","2024-04-03","","0.04083333"
"PARQUE LAS AGUAS","2024-04-02","","0.02125"
"PARQUE LAS AGUAS","2024-04-01","","0.02791667"
"PARQUE LAS AGUAS","2024-03-31","","0.0826087"
"PARQUE LAS AGUAS","2024-03-30","","0.005"
"PARQUE LAS AGUAS","2024-03-29","","0.0"
"PARQUE LAS AGUAS","2024-03-28","","0.00583333"
"PARQUE LAS AGUAS","2024-03-27","","8.3333E-4"
"PARQUE LAS AGUAS","2024-03-26","","0.0"
"PARQUE LAS AGUAS","2024-03-25","","0.0"
"PARQUE LAS AGUAS","2024-03-24","","0.0"
"PARQUE LAS AGUAS","2024-03-23","","4.1667E-4"
"PARQUE LAS AGUAS","2024-03-22","","8.3333E-4"
"PARQUE LAS AGUAS","2024-03-21","","0.00291667"
"PARQUE LAS AGUAS","2024-03-20","","0.01125"
"PARQUE LAS AGUAS","2024-03-19","","0.055"
"PARQUE LAS AGUAS","2024-03-18","","0.015"
"PARQUE LAS AGUAS","2024-03-17","","0.01541667"
"PARQUE LAS AGUAS","2024-03-16","","0.0"
"PARQUE LAS AGUAS","2024-03-15","","0.00208333"
"PARQUE LAS AGUAS","2024-03-14","","0.0575"
"PARQUE LAS AGUAS","2024-03-13","","0.0"
"PARQUE LAS AGUAS","2024-03-12","","0.0075"
"PARQUE LAS AGUAS","2024-03-11","","0.03916667"
"PARQUE LAS AGUAS","2024-03-10","","0.00541667"
"PARQUE LAS AGUAS","2024-03-09","","0.09708333"
"PARQUE LAS AGUAS","2024-03-08","","0.0025"
"PARQUE LAS AGUAS","2024-03-07","","0.0"
"PARQUE LAS AGUAS","2024-03-06","","0.00125"
"PARQUE LAS AGUAS","2024-03-05","","0.01333333"
"PARQUE LAS AGUAS","2024-03-04","","0.00708333"
"PARQUE LAS AGUAS","2024-03-03","","0.04291667"
"PARQUE LAS AGUAS","2024-03-02","","8.3333E-4"
"PARQUE LAS AGUAS","2024-03-01","","4.1667E-4"
"PARQUE LAS AGUAS","2024-02-29","","0.0"
"PARQUE LAS AGUAS","2024-02-28","","0.0"
"PARQUE LAS AGUAS","2024-02-27","","4.1667E-4"
"PARQUE LAS AGUAS","2024-02-26","","0.0"
"PARQUE LAS AGUAS","2024-02-25","","4.1667E-4"
"PARQUE LAS AGUAS","2024-02-24","","0.0"
"PARQUE LAS AGUAS","2024-02-23","","4.1667E-4"
"PARQUE LAS AGUAS","2024-02-22","","0.01041667"
"PARQUE LAS AGUAS","2024-02-21","","4.1667E-4"
"PARQUE LAS AGUAS","2024-02-20","","0.0"
"PARQUE LAS AGUAS","2024-02-19","","4.1667E-4"
"PARQUE LAS AGUAS","2024-02-18","","4.1667E-4"
"PARQUE LAS AGUAS","2024-02-17","","8.3333E-4"
"PARQUE LAS AGUAS","2024-02-16","","4.1667E-4"
"PARQUE LAS AGUAS","2024-02-15","","8.3333E-4"
"PARQUE LAS AGUAS","2024-02-14","","0.00541667"
"PARQUE LAS AGUAS","2024-02-13","","4.1667E-4"
"PARQUE LAS AGUAS","2024-02-12","","8.3333E-4"
"PARQUE LAS AGUAS","2024-02-11","","0.04708333"
"PARQUE LAS AGUAS","2024-02-10","","0.04458333"
"PARQUE LAS AGUAS","2024-02-09","","0.01333333"
"PARQUE LAS AGUAS","2024-02-08","","0.02375"
"PARQUE LAS AGUAS","2024-02-07","","0.02458333"
"PARQUE LAS AGUAS","2024-02-06","","0.00958333"
"PARQUE LAS AGUAS","2024-02-05","","0.00695652"
"PARQUE LAS AGUAS","2024-02-04","","0.01291667"
"PARQUE LAS AGUAS","2024-02-03","","0.17833333"
"PARQUE LAS AGUAS","2024-02-02","","0.0675"
"PARQUE LAS AGUAS","2024-02-01","","0.03041667"
"PARQUE LAS AGUAS","2024-01-31","","0.0"
"PARQUE LAS AGUAS","2024-01-30","","0.00333333"
"PARQUE LAS AGUAS","2024-01-29","","0.0"
"PARQUE LAS AGUAS","2024-01-28","","0.00208333"
"PARQUE LAS AGUAS","2024-01-27","","0.0"
"PARQUE LAS AGUAS","2024-01-26","","0.00125"
"PARQUE LAS AGUAS","2024-01-25","","0.00125"
"PARQUE LAS AGUAS","2024-01-24","","0.0"
"PARQUE LAS AGUAS","2024-01-23","","8.3333E-4"
"PARQUE LAS AGUAS","2024-01-22","","4.1667E-4"
"PARQUE LAS AGUAS","2024-01-21","","0.00176471"
"PARQUE LAS AGUAS","2024-01-18","","9.0909E-4"
"PARQUE LAS AGUAS","2024-01-17","","4.1667E-4"
"PARQUE LAS AGUAS","2024-01-16","","0.0"
"PARQUE LAS AGUAS","2024-01-15","","0.0"
"PARQUE LAS AGUAS","2024-01-14","","0.0"
"PARQUE LAS AGUAS","2024-01-13","","0.0"
"PARQUE LAS AGUAS","2024-01-12","","4.1667E-4"
"PARQUE LAS AGUAS","2024-01-11","","0.0"
"PARQUE LAS AGUAS","2024-01-10","","0.01125"
"PARQUE LAS AGUAS","2024-01-09","","8.3333E-4"
"PARQUE LAS AGUAS","2024-01-08","","0.0"
"PARQUE LAS AGUAS","2024-01-07","","4.1667E-4"
"PARQUE LAS AGUAS","2024-01-06","","0.0"
"PARQUE LAS AGUAS","2024-01-05","","0.0"
"PARQUE LAS AGUAS","2024-01-04","","4.1667E-4"
"PARQUE LAS AGUAS","2024-01-03","","0.00208333"
"PARQUE LAS AGUAS","2024-01-02","","4.1667E-4"
"PARQUE LAS AGUAS","2024-01-01","","8.3333E-4"
"PARQUE LAS AGUAS","2023-12-29","","0.01375"
"PARQUE LAS AGUAS","2023-12-28","","0.07708333"
"PARQUE LAS AGUAS","2023-12-27","","0.0"
"PARQUE LAS AGUAS","2023-12-26","","0.00333333"
"PARQUE LAS AGUAS","2023-12-25","","0.0"
"PARQUE LAS AGUAS","2023-12-24","","0.0"
"PARQUE LAS AGUAS","2023-12-23","","8.3333E-4"
"PARQUE LAS AGUAS","2023-12-22","","4.1667E-4"
"PARQUE LAS AGUAS","2023-12-21","","0.0075"
"PARQUE LAS AGUAS","2023-12-20","","0.00291667"
"PARQUE LAS AGUAS","2023-12-19","","0.00333333"
"PARQUE LAS AGUAS","2023-12-18","","0.00333333"
"PARQUE LAS AGUAS","2023-12-17","","0.04"
"PARQUE LAS AGUAS","2023-12-16","","0.37041667"
"PARQUE LAS AGUAS","2023-12-15","","0.00304348"
"PARQUE LAS AGUAS","2023-12-14","","0.00166667"
"PARQUE LAS AGUAS","2023-12-13","","4.1667E-4"
"PARQUE LAS AGUAS","2023-12-12","","0.04208333"
"PARQUE LAS AGUAS","2023-12-11","","0.0"
"PARQUE LAS AGUAS","2023-12-10","","0.00166667"
"PARQUE LAS AGUAS","2023-12-09","","4.1667E-4"
"PARQUE LAS AGUAS","2023-12-08","","0.00166667"
"PARQUE LAS AGUAS","2023-12-07","","0.01166667"
"PARQUE LAS AGUAS","2023-12-06","","8.3333E-4"
"PARQUE LAS AGUAS","2023-12-05","","8.3333E-4"
"PARQUE LAS AGUAS","2023-12-04","","0.00125"
"PARQUE LAS AGUAS","2023-12-03","","0.0025"
"PARQUE LAS AGUAS","2023-12-02","","0.00125"
"PARQUE LAS AGUAS","2023-12-01","","4.1667E-4"
"PARQUE LAS AGUAS","2023-11-30","","0.04826087"
"PARQUE LAS AGUAS","2023-11-29","","0.06541667"
"PARQUE LAS AGUAS","2023-11-28","","8.3333E-4"
"PARQUE LAS AGUAS","2023-11-27","","8.3333E-4"
"PARQUE LAS AGUAS","2023-11-26","","8.3333E-4"
"PARQUE LAS AGUAS","2023-11-25","","0.01041667"
"PARQUE LAS AGUAS","2023-11-24","","0.04041667"
"PARQUE LAS AGUAS","2023-11-23","","0.0"
"PARQUE LAS AGUAS","2023-11-22","","4.1667E-4"
"PARQUE LAS AGUAS","2023-11-21","","0.01416667"
"PARQUE LAS AGUAS","2023-11-20","","0.08333333"
"PARQUE LAS AGUAS","2023-11-19","","0.30958333"
"PARQUE LAS AGUAS","2023-11-18","","0.27875"
"PARQUE LAS AGUAS","2023-11-17","","0.24583333"
"PARQUE LAS AGUAS","2023-11-16","","0.06875"
"PARQUE LAS AGUAS","2023-11-15","","0.16041667"
"PARQUE LAS AGUAS","2023-11-14","","0.00125"
"PARQUE LAS AGUAS","2023-11-13","","0.00916667"
"PARQUE LAS AGUAS","2023-11-12","","0.01625"
"PARQUE LAS AGUAS","2023-11-11","","0.00166667"
"PARQUE LAS AGUAS","2023-11-10","","4.1667E-4"
"PARQUE LAS AGUAS","2023-11-09","","0.00291667"
"PARQUE LAS AGUAS","2023-11-08","","0.00125"
"PARQUE LAS AGUAS","2023-11-07","","0.0025"
"PARQUE LAS AGUAS","2023-11-06","","0.04041667"
"PARQUE LAS AGUAS","2023-11-05","","0.01083333"
"PARQUE LAS AGUAS","2023-11-04","","0.0525"
"PARQUE LAS AGUAS","2023-11-03","","0.03916667"
"PARQUE LAS AGUAS","2023-11-02","","0.10333333"
"PARQUE LAS AGUAS","2023-11-01","","0.24291667"
"PARQUE LAS AGUAS","2023-10-31","","0.56913043"
"PARQUE LAS AGUAS","2023-10-30","","0.18833333"
"PARQUE LAS AGUAS","2023-10-29","","0.56708333"
"PARQUE LAS AGUAS","2023-10-28","","0.01958333"
"PARQUE LAS AGUAS","2023-10-27","","0.04416667"
"PARQUE LAS AGUAS","2023-10-26","","0.155"
"PARQUE LAS AGUAS","2023-10-25","","0.08"
"PARQUE LAS AGUAS","2023-10-24","","0.14333333"
"PARQUE LAS AGUAS","2023-10-23","","0.91652174"
"PARQUE LAS AGUAS","2023-10-22","","0.08333333"
"PARQUE LAS AGUAS","2023-10-21","","0.04833333"
"PARQUE LAS AGUAS","2023-10-20","","0.04541667"
"PARQUE LAS AGUAS","2023-10-19","","0.00125"
"PARQUE LAS AGUAS","2023-10-18","","0.00208333"
"PARQUE LAS AGUAS","2023-10-17","","0.0"
"PARQUE LAS AGUAS","2023-10-16","","0.14"
"PARQUE LAS AGUAS","2023-10-15","","0.0"
"PARQUE LAS AGUAS","2023-10-14","","0.07625"
"PARQUE LAS AGUAS","2023-10-13","","0.2225"
"PARQUE LAS AGUAS","2023-10-12","","0.06416667"
"PARQUE LAS AGUAS","2023-10-11","","0.0225"
"PARQUE LAS AGUAS","2023-10-10","","0.00583333"
"PARQUE LAS AGUAS","2023-10-09","","0.01125"
"PARQUE LAS AGUAS","2023-10-08","","0.03083333"
"PARQUE LAS AGUAS","2023-10-07","","0.04333333"
"PARQUE LAS AGUAS","2023-10-06","","0.05166667"
"PARQUE LAS AGUAS","2023-10-05","","0.00708333"
"PARQUE LAS AGUAS","2023-10-04","","0.09958333"
"PARQUE LAS AGUAS","2023-10-03","","0.13541667"
"PARQUE LAS AGUAS","2023-10-02","","0.00458333"
"PARQUE LAS AGUAS","2023-10-01","","0.28666667"
"PARQUE LAS AGUAS","2023-09-30","","0.01173913"
"PARQUE LAS AGUAS","2023-09-29","","0.0"
"PARQUE LAS AGUAS","2023-09-28","","0.04541667"
"PARQUE LAS AGUAS","2023-09-27","","4.1667E-4"
"PARQUE LAS AGUAS","2023-09-26","","0.04833333"
"PARQUE LAS AGUAS","2023-09-25","","0.00125"
"PARQUE LAS AGUAS","2023-09-24","","0.02041667"
"PARQUE LAS AGUAS","2023-09-23","","0.00166667"
"PARQUE LAS AGUAS","2023-09-22","","0.02416667"
"PARQUE LAS AGUAS","2023-09-21","","4.1667E-4"
"PARQUE LAS AGUAS","2023-09-20","","4.1667E-4"
"PARQUE LAS AGUAS","2023-09-19","","0.01291667"
"PARQUE LAS AGUAS","2023-09-18","","0.00166667"
"PARQUE LAS AGUAS","2023-09-17","","0.03875"
"PARQUE LAS AGUAS","2023-09-16","","0.05458333"
"PARQUE LAS AGUAS","2023-09-15","","0.01375"
"PARQUE LAS AGUAS","2023-09-14","","0.16958333"
"PARQUE LAS AGUAS","2023-09-13","","0.16333333"
"PARQUE LAS AGUAS","2023-09-12","","0.1375"
"PARQUE LAS AGUAS","2023-09-11","","0.41416667"
"PARQUE LAS AGUAS","2023-09-10","","0.2475"
"PARQUE LAS AGUAS","2023-09-09","","0.00458333"
"PARQUE LAS AGUAS","2023-09-08","","0.0"
"PARQUE LAS AGUAS","2023-09-07","","8.3333E-4"
"PARQUE LAS AGUAS","2023-09-06","","8.3333E-4"
"PARQUE LAS AGUAS","2023-09-05","","4.1667E-4"
"PARQUE LAS AGUAS","2023-09-04","","0.07375"
"PARQUE LAS AGUAS","2023-09-03","","0.03958333"
"PARQUE LAS AGUAS","2023-09-02","","0.12083333"
"PARQUE LAS AGUAS","2023-09-01","","0.0"
"PARQUE LAS AGUAS","2023-08-31","","0.0"
"PARQUE LAS AGUAS","2023-08-30","","8.3333E-4"
"PARQUE LAS AGUAS","2023-08-29","","0.1975"
"PARQUE LAS AGUAS","2023-08-28","","0.0425"
"PARQUE LAS AGUAS","2023-08-27","","0.00375"
"PARQUE LAS AGUAS","2023-08-26","","0.01958333"
"PARQUE LAS AGUAS","2023-08-25","","0.31875"
"PARQUE LAS AGUAS","2023-08-24","","0.01208333"
"PARQUE LAS AGUAS","2023-08-23","","0.02541667"
"PARQUE LAS AGUAS","2023-08-22","","0.57416667"
"PARQUE LAS AGUAS","2023-08-21","","0.24375"
"PARQUE LAS AGUAS","2023-08-20","","0.165"
"PARQUE LAS AGUAS","2023-08-19","","0.00333333"
"PARQUE LAS AGUAS","2023-08-18","","0.13"
"PARQUE LAS AGUAS","2023-08-17","","0.03208333"
"PARQUE LAS AGUAS","2023-08-16","","0.00166667"
"PARQUE LAS AGUAS","2023-08-15","","0.12333333"
"PARQUE LAS AGUAS","2023-08-14","","0.05041667"
"PARQUE LAS AGUAS","2023-08-13","","0.04125"
"PARQUE LAS AGUAS","2023-08-12","","0.00541667"
"PARQUE LAS AGUAS","2023-08-11","","0.00166667"
"PARQUE LAS AGUAS","2023-08-10","","0.00375"
"PARQUE LAS AGUAS","2023-08-09","","0.00458333"
"PARQUE LAS AGUAS","2023-08-08","","0.00125"
"PARQUE LAS AGUAS","2023-08-07","","4.1667E-4"
"PARQUE LAS AGUAS","2023-08-06","","0.0"
"PARQUE LAS AGUAS","2023-08-05","","0.0"
"PARQUE LAS AGUAS","2023-08-04","","4.1667E-4"
"PARQUE LAS AGUAS","2023-08-03","","0.00333333"
"PARQUE LAS AGUAS","2023-08-02","","0.13291667"
"PARQUE LAS AGUAS","2023-08-01","","4.1667E-4"
"PARQUE LAS AGUAS","2023-07-31","","0.00347826"
"PARQUE LAS AGUAS","2023-07-30","","4.1667E-4"
"PARQUE LAS AGUAS","2023-07-29","","8.3333E-4"
"PARQUE LAS AGUAS","2023-07-28","","0.255"
"PARQUE LAS AGUAS","2023-07-27","","0.01708333"
"PARQUE LAS AGUAS","2023-07-26","","0.05458333"
"PARQUE LAS AGUAS","2023-07-25","","0.00166667"
"PARQUE LAS AGUAS","2023-07-24","","0.00375"
"PARQUE LAS AGUAS","2023-07-23","","0.0075"
"PARQUE LAS AGUAS","2023-07-22","","0.0"
"PARQUE LAS AGUAS","2023-07-21","","0.0"
"PARQUE LAS AGUAS","2023-07-20","","0.0"
"PARQUE LAS AGUAS","2023-07-19","","4.1667E-4"
"PARQUE LAS AGUAS","2023-07-18","","0.00208333"
"PARQUE LAS AGUAS","2023-07-17","","0.18458333"
"PARQUE LAS AGUAS","2023-07-16","","0.15541667"
"PARQUE LAS AGUAS","2023-07-15","","0.00291667"
"PARQUE LAS AGUAS","2023-07-14","","0.01958333"
"PARQUE LAS AGUAS","2023-07-13","","0.00125"
"PARQUE LAS AGUAS","2023-07-12","","0.05791667"
"PARQUE LAS AGUAS","2023-07-11","","4.1667E-4"
"PARQUE LAS AGUAS","2023-07-10","","4.1667E-4"
"PARQUE LAS AGUAS","2023-07-09","","8.3333E-4"
"PARQUE LAS AGUAS","2023-07-08","","0.14208333"
"PARQUE LAS AGUAS","2023-07-07","","0.01791667"
"PARQUE LAS AGUAS","2023-07-06","","0.26666667"
"PARQUE LAS AGUAS","2023-07-05","","0.10708333"
"PARQUE LAS AGUAS","2023-07-04","","0.04125"
"PARQUE LAS AGUAS","2023-07-03","","0.22291667"
"PARQUE LAS AGUAS","2023-07-02","","0.1"
"PARQUE LAS AGUAS","2023-07-01","","0.0"
"PARQUE LAS AGUAS","2023-06-30","","0.0"
"PARQUE LAS AGUAS","2023-06-29","","0.00125"
"PARQUE LAS AGUAS","2023-06-28","","0.08458333"
"PARQUE LAS AGUAS","2023-06-27","","4.1667E-4"
"PARQUE LAS AGUAS","2023-06-26","","0.20541667"
"PARQUE LAS AGUAS","2023-06-25","","0.66208333"
"PARQUE LAS AGUAS","2023-06-24","","0.32625"
"PARQUE LAS AGUAS","2023-06-23","","0.14416667"
"PARQUE LAS AGUAS","2023-06-22","","0.02125"
"PARQUE LAS AGUAS","2023-06-21","","0.0"
"PARQUE LAS AGUAS","2023-06-20","","0.00125"
"PARQUE LAS AGUAS","2023-06-19","","0.0"
"PARQUE LAS AGUAS","2023-06-18","","0.0"
"PARQUE LAS AGUAS","2023-06-17","","0.0075"
"PARQUE LAS AGUAS","2023-06-16","","0.00541667"
"PARQUE LAS AGUAS","2023-06-15","","0.00125"
"PARQUE LAS AGUAS","2023-06-14","","0.005"
"PARQUE LAS AGUAS","2023-06-13","","8.3333E-4"
"PARQUE LAS AGUAS","2023-06-12","","4.1667E-4"
"PARQUE LAS AGUAS","2023-06-11","","0.27791667"
"PARQUE LAS AGUAS","2023-06-10","","0.10125"
"PARQUE LAS AGUAS","2023-06-09","","0.04125"
"PARQUE LAS AGUAS","2023-06-08","","0.21208333"
"PARQUE LAS AGUAS","2023-06-07","","0.00416667"
"PARQUE LAS AGUAS","2023-06-06","","0.08458333"
"PARQUE LAS AGUAS","2023-06-05","","0.04208333"
"PARQUE LAS AGUAS","2023-06-04","","0.01416667"
"PARQUE LAS AGUAS","2023-06-03","","0.00208333"
"PARQUE LAS AGUAS","2023-06-02","","0.00333333"
"PARQUE LAS AGUAS","2023-06-01","","0.31666667"
"PARQUE LAS AGUAS","2023-05-31","","0.00391304"
"PARQUE LAS AGUAS","2023-05-30","","0.25541667"
"PARQUE LAS AGUAS","2023-05-29","","0.21416667"
"PARQUE LAS AGUAS","2023-05-28","","0.54791667"
"PARQUE LAS AGUAS","2023-05-27","","1.34916667"
"PARQUE LAS AGUAS","2023-05-26","","0.06291667"
"PARQUE LAS AGUAS","2023-05-25","","0.17833333"
"PARQUE LAS AGUAS","2023-05-24","","0.23083333"
"PARQUE LAS AGUAS","2023-05-23","","0.35791667"
"PARQUE LAS AGUAS","2023-05-22","","0.13583333"
"PARQUE LAS AGUAS","2023-05-21","","0.1225"
"PARQUE LAS AGUAS","2023-05-20","","0.29958333"
"PARQUE LAS AGUAS","2023-05-19","","0.09666667"
"PARQUE LAS AGUAS","2023-05-18","","4.3478E-4"
"PARQUE LAS AGUAS","2023-05-17","","0.30125"
"PARQUE LAS AGUAS","2023-05-16","","0.3225"
"PARQUE LAS AGUAS","2023-05-15","","7.6923E-4"
"PARQUE LAS AGUAS","2023-04-28","","0.271"
"PARQUE LAS AGUAS","2023-04-27","","0.19"
"PARQUE LAS AGUAS","2023-04-26","","0.11125"
"PARQUE LAS AGUAS","2023-04-25","","0.05"
"PARQUE LAS AGUAS","2023-04-24","","0.12041667"
"PARQUE LAS AGUAS","2023-04-23","","0.03041667"
"PARQUE LAS AGUAS","2023-04-22","","0.09375"
"PARQUE LAS AGUAS","2023-04-21","","0.05958333"
"PARQUE LAS AGUAS","2023-04-20","","0.31458333"
"PARQUE LAS AGUAS","2023-04-19","","0.00125"
"PARQUE LAS AGUAS","2023-04-18","","0.00291667"
"PARQUE LAS AGUAS","2023-04-17","","0.095"
"PARQUE LAS AGUAS","2023-04-16","","0.09333333"
"PARQUE LAS AGUAS","2023-04-15","","0.00375"
"PARQUE LAS AGUAS","2023-04-14","","0.03166667"
"PARQUE LAS AGUAS","2023-04-13","","0.00166667"
"PARQUE LAS AGUAS","2023-04-12","","0.005"
"PARQUE LAS AGUAS","2023-04-11","","0.02333333"
"PARQUE LAS AGUAS","2023-04-10","","0.01375"
"PARQUE LAS AGUAS","2023-04-09","","0.00208333"
"PARQUE LAS AGUAS","2023-04-08","","4.1667E-4"
"PARQUE LAS AGUAS","2023-04-07","","0.09666667"
"PARQUE LAS AGUAS","2023-04-06","","0.14333333"
"PARQUE LAS AGUAS","2023-04-05","","0.00208333"
"PARQUE LAS AGUAS","2023-04-04","","0.00416667"
"PARQUE LAS AGUAS","2023-04-03","","0.02458333"
"PARQUE LAS AGUAS","2023-04-02","","0.09916667"
"PARQUE LAS AGUAS","2023-04-01","","0.0775"
"PARQUE LAS AGUAS","2023-03-31","","0.03826087"
"PARQUE LAS AGUAS","2023-03-30","","0.02541667"
"PARQUE LAS AGUAS","2023-03-29","","0.00583333"
"PARQUE LAS AGUAS","2023-03-28","","0.17916667"
"PARQUE LAS AGUAS","2023-03-27","","0.09130435"
"PARQUE LAS AGUAS","2023-03-26","","0.00875"
"PARQUE LAS AGUAS","2023-03-25","","0.06333333"
"PARQUE LAS AGUAS","2023-03-24","","0.00166667"
"PARQUE LAS AGUAS","2023-03-23","","8.3333E-4"
"PARQUE LAS AGUAS","2023-03-22","","0.0"
"PARQUE LAS AGUAS","2023-03-21","","0.0"
"PARQUE LAS AGUAS","2023-03-20","","4.1667E-4"
"PARQUE LAS AGUAS","2023-03-19","","4.1667E-4"
"PARQUE LAS AGUAS","2023-03-18","","0.01833333"
"PARQUE LAS AGUAS","2023-03-17","","0.23541667"
"PARQUE LAS AGUAS","2023-03-16","","0.00708333"
"PARQUE LAS AGUAS","2023-03-15","","0.07166667"
"PARQUE LAS AGUAS","2023-03-14","","0.09541667"
"PARQUE LAS AGUAS","2023-03-13","","0.45125"
"PARQUE LAS AGUAS","2023-03-12","","0.50208333"
"PARQUE LAS AGUAS","2023-03-11","","0.29666667"
"PARQUE LAS AGUAS","2023-03-10","","0.0125"
"PARQUE LAS AGUAS","2023-03-09","","0.00541667"
"PARQUE LAS AGUAS","2023-03-08","","0.15208333"
"PARQUE LAS AGUAS","2023-03-07","","0.20863636"
"PARQUE LAS AGUAS","2023-03-06","","0.18545455"
"PARQUE LAS AGUAS","2023-03-05","","0.21166667"
"PARQUE LAS AGUAS","2023-03-04","","0.05083333"
"PARQUE LAS AGUAS","2023-03-03","","0.00708333"
"PARQUE LAS AGUAS","2023-03-02","","0.00791667"
"PARQUE LAS AGUAS","2023-03-01","","0.00458333"
"PARQUE LAS AGUAS","2023-02-28","","0.00652174"
"PARQUE LAS AGUAS","2023-02-27","","0.01125"
"PARQUE LAS AGUAS","2023-02-26","","0.0"
"PARQUE LAS AGUAS","2023-02-25","","0.0"
"PARQUE LAS AGUAS","2023-02-24","","0.0"
"PARQUE LAS AGUAS","2023-02-23","","0.0"
"PARQUE LAS AGUAS","2023-02-22","","0.00916667"
"PARQUE LAS AGUAS","2023-02-21","","0.01333333"
"PARQUE LAS AGUAS","2023-02-20","","0.04333333"
"PARQUE LAS AGUAS","2023-02-19","","0.00541667"
"PARQUE LAS AGUAS","2023-02-18","","0.0"
"PARQUE LAS AGUAS","2023-02-17","","0.02666667"
"PARQUE LAS AGUAS","2023-02-16","","0.14041667"
"PARQUE LAS AGUAS","2023-02-15","","0.25833333"
"PARQUE LAS AGUAS","2023-02-14","","0.02041667"
"PARQUE LAS AGUAS","2023-02-13","","0.13041667"
"PARQUE LAS AGUAS","2023-02-12","","0.07875"
"PARQUE LAS AGUAS","2023-02-11","","0.02291667"
"PARQUE LAS AGUAS","2023-02-10","","0.00375"
"PARQUE LAS AGUAS","2023-02-09","","0.00541667"
"PARQUE LAS AGUAS","2023-02-08","","0.14416667"
"PARQUE LAS AGUAS","2023-02-07","","0.0"
"PARQUE LAS AGUAS","2023-02-06","","4.1667E-4"
"PARQUE LAS AGUAS","2023-02-05","","0.0"
"PARQUE LAS AGUAS","2023-02-04","","8.3333E-4"
"PARQUE LAS AGUAS","2023-02-03","","0.0"
"PARQUE LAS AGUAS","2023-02-02","","0.0"
"PARQUE LAS AGUAS","2023-02-01","","0.00125"
"PARQUE LAS AGUAS","2023-01-31","","0.002"
"PARQUE LAS AGUAS","2023-01-29","","0.0"
"PARQUE LAS AGUAS","2023-01-28","","0.00375"
"PARQUE LAS AGUAS","2023-01-27","","0.00291667"
"PARQUE LAS AGUAS","2023-01-26","","0.0"
"PARQUE LAS AGUAS","2023-01-25","","0.01"
"PARQUE LAS AGUAS","2023-01-24","","0.00875"
"PARQUE LAS AGUAS","2023-01-23","","0.06041667"
"PARQUE LAS AGUAS","2023-01-22","","0.01708333"
"PARQUE LAS AGUAS","2023-01-21","","0.00125"
"PARQUE LAS AGUAS","2023-01-20","","0.00125"
"PARQUE LAS AGUAS","2023-01-19","","0.0"
"PARQUE LAS AGUAS","2023-01-18","","0.12875"
"PARQUE LAS AGUAS","2023-01-17","","0.06708333"
"PARQUE LAS AGUAS","2023-01-16","","8.3333E-4"
"PARQUE LAS AGUAS","2023-01-15","","0.0"
"PARQUE LAS AGUAS","2023-01-14","","0.00708333"
"PARQUE LAS AGUAS","2023-01-13","","0.05083333"
"PARQUE LAS AGUAS","2023-01-12","","0.01458333"
"PARQUE LAS AGUAS","2023-01-11","","0.09333333"
"PARQUE LAS AGUAS","2023-01-10","","0.08583333"
"PARQUE LAS AGUAS","2023-01-09","","0.08666667"
"PARQUE LAS AGUAS","2023-01-08","","0.08583333"
"PARQUE LAS AGUAS","2023-01-07","","0.2025"
"PARQUE LAS AGUAS","2023-01-06","","0.08"
"PARQUE LAS AGUAS","2023-01-05","","0.04043478"
"PARQUE LAS AGUAS","2023-01-04","","0.0"
"PARQUE LAS AGUAS","2023-01-03","","0.06"
"PARQUE LAS AGUAS","2023-01-02","","0.0"
"PARQUE LAS AGUAS","2023-01-01","","0.0"
"PARQUE LAS AGUAS","2022-12-31","","0.0"
"PARQUE LAS AGUAS","2022-12-30","","0.0"
"PARQUE LAS AGUAS","2022-12-29","","8.3333E-4"
"PARQUE LAS AGUAS","2022-12-28","","4.1667E-4"
"PARQUE LAS AGUAS","2022-12-27","","0.00625"
"PARQUE LAS AGUAS","2022-12-26","","0.11583333"
"PARQUE LAS AGUAS","2022-12-25","","8.3333E-4"
"PARQUE LAS AGUAS","2022-12-24","","0.00125"
"PARQUE LAS AGUAS","2022-12-23","","0.0"
"PARQUE LAS AGUAS","2022-12-22","","0.0"
"PARQUE LAS AGUAS","2022-12-21","","0.0"
"PARQUE LAS AGUAS","2022-12-20","","8.3333E-4"
"PARQUE LAS AGUAS","2022-12-19","","0.00166667"
"PARQUE LAS AGUAS","2022-12-18","","0.00208333"
"PARQUE LAS AGUAS","2022-12-17","","0.0"
"PARQUE LAS AGUAS","2022-12-16","","8.3333E-4"
"PARQUE LAS AGUAS","2022-12-15","","4.1667E-4"
"PARQUE LAS AGUAS","2022-12-14","","0.14625"
"PARQUE LAS AGUAS","2022-12-13","","0.15166667"
"PARQUE LAS AGUAS","2022-12-12","","0.0575"
"PARQUE LAS AGUAS","2022-12-11","","0.00928571"
"PARQUE LAS AGUAS","2022-12-10","","0.00208333"
"PARQUE LAS AGUAS","2022-12-09","","0.00708333"
"PARQUE LAS AGUAS","2022-12-08","","0.05"
"PARQUE LAS AGUAS","2022-12-07","","8.6957E-4"
"PARQUE LAS AGUAS","2022-12-06","","0.01833333"
"PARQUE LAS AGUAS","2022-12-05","","0.15333333"
"PARQUE LAS AGUAS","2022-12-04","","0.00375"
"PARQUE LAS AGUAS","2022-12-03","","0.0"
"PARQUE LAS AGUAS","2022-12-02","","0.0"
"PARQUE LAS AGUAS","2022-12-01","","0.0"
"PARQUE LAS AGUAS","2022-11-30","","0.05318182"
"PARQUE LAS AGUAS","2022-11-29","","0.13583333"
"PARQUE LAS AGUAS","2022-11-28","","0.13083333"
"PARQUE LAS AGUAS","2022-11-27","","0.1"
"PARQUE LAS AGUAS","2022-11-26","","0.00291667"
"PARQUE LAS AGUAS","2022-11-25","","0.07375"
"PARQUE LAS AGUAS","2022-11-24","","0.15458333"
"PARQUE LAS AGUAS","2022-11-23","","0.10958333"
"PARQUE LAS AGUAS","2022-11-22","","0.00208333"
"PARQUE LAS AGUAS","2022-11-21","","0.02208333"
"PARQUE LAS AGUAS","2022-11-20","","0.10291667"
"PARQUE LAS AGUAS","2022-11-19","","4.1667E-4"
"PARQUE LAS AGUAS","2022-11-18","","0.47958333"
"PARQUE LAS AGUAS","2022-11-17","","0.0625"
"PARQUE LAS AGUAS","2022-11-16","","0.0325"
"PARQUE LAS AGUAS","2022-11-15","","0.02333333"
"PARQUE LAS AGUAS","2022-11-14","","0.08875"
"PARQUE LAS AGUAS","2022-11-13","","0.20625"
"PARQUE LAS AGUAS","2022-11-12","","0.32666667"
"PARQUE LAS AGUAS","2022-11-11","","0.03333333"
"PARQUE LAS AGUAS","2022-11-10","","0.19"
"PARQUE LAS AGUAS","2022-11-09","","0.06208333"
"PARQUE LAS AGUAS","2022-11-08","","0.21875"
"PARQUE LAS AGUAS","2022-11-07","","0.02"
"PARQUE LAS AGUAS","2022-11-06","","0.02083333"
"PARQUE LAS AGUAS","2022-11-05","","0.09375"
"PARQUE LAS AGUAS","2022-11-04","","0.11625"
"PARQUE LAS AGUAS","2022-11-03","","0.205"
"PARQUE LAS AGUAS","2022-11-02","","0.08958333"
"PARQUE LAS AGUAS","2022-11-01","","0.0"
"PARQUE LAS AGUAS","2022-10-31","","4.1667E-4"
"PARQUE LAS AGUAS","2022-10-30","","0.0"
"PARQUE LAS AGUAS","2022-10-29","","0.01"
"PARQUE LAS AGUAS","2022-10-28","","0.20541667"
"PARQUE LAS AGUAS","2022-10-27","","0.05625"
"PARQUE LAS AGUAS","2022-10-26","","0.05458333"
"PARQUE LAS AGUAS","2022-10-25","","0.0"
"PARQUE LAS AGUAS","2022-10-24","","0.41541667"
"PARQUE LAS AGUAS","2022-10-23","","0.18041667"
"PARQUE LAS AGUAS","2022-10-22","","0.63208333"
"PARQUE LAS AGUAS","2022-10-21","","0.00458333"
"PARQUE LAS AGUAS","2022-10-20","","0.1625"
"PARQUE LAS AGUAS","2022-10-19","","0.05916667"
"PARQUE LAS AGUAS","2022-10-18","","0.16875"
"PARQUE LAS AGUAS","2022-10-17","","0.03541667"
"PARQUE LAS AGUAS","2022-10-16","","0.24875"
"PARQUE LAS AGUAS","2022-10-15","","0.01458333"
"PARQUE LAS AGUAS","2022-10-14","","0.00375"
"PARQUE LAS AGUAS","2022-10-13","","0.01"
"PARQUE LAS AGUAS","2022-10-12","","0.00125"
"PARQUE LAS AGUAS","2022-10-11","","0.01083333"
"PARQUE LAS AGUAS","2022-10-10","","0.0025"
"PARQUE LAS AGUAS","2022-10-09","","0.15333333"
"PARQUE LAS AGUAS","2022-10-08","","0.0975"
"PARQUE LAS AGUAS","2022-10-07","","0.18791667"
"PARQUE LAS AGUAS","2022-10-06","","0.10083333"
"PARQUE LAS AGUAS","2022-10-05","","0.03625"
"PARQUE LAS AGUAS","2022-10-04","","0.20291667"
"PARQUE LAS AGUAS","2022-10-03","","0.00291667"
"PARQUE LAS AGUAS","2022-10-02","","0.0"
"PARQUE LAS AGUAS","2022-10-01","","0.00541667"
"PARQUE LAS AGUAS","2022-09-30","","0.39"
"PARQUE LAS AGUAS","2022-09-29","","0.03916667"
"PARQUE LAS AGUAS","2022-09-28","","0.35208333"
"PARQUE LAS AGUAS","2022-09-27","","0.0125"
"PARQUE LAS AGUAS","2022-09-26","","0.01333333"
"PARQUE LAS AGUAS","2022-09-25","","0.08416667"
"PARQUE LAS AGUAS","2022-09-24","","0.18"
"PARQUE LAS AGUAS","2022-09-23","","0.12166667"
"PARQUE LAS AGUAS","2022-09-22","","0.31625"
"PARQUE LAS AGUAS","2022-09-21","","0.21208333"
"PARQUE LAS AGUAS","2022-09-20","","0.25416667"
"PARQUE LAS AGUAS","2022-09-19","","0.07958333"
"PARQUE LAS AGUAS","2022-09-18","","0.36375"
"PARQUE LAS AGUAS","2022-09-17","","0.03708333"
"PARQUE LAS AGUAS","2022-09-16","","0.52208333"
"PARQUE LAS AGUAS","2022-09-15","","0.07625"
"PARQUE LAS AGUAS","2022-09-14","","0.03291667"
"PARQUE LAS AGUAS","2022-09-13","","0.0675"
"PARQUE LAS AGUAS","2022-09-12","","0.09458333"
"PARQUE LAS AGUAS","2022-09-11","","0.01583333"
"PARQUE LAS AGUAS","2022-09-10","","0.04833333"
"PARQUE LAS AGUAS","2022-09-09","","0.52041667"
"PARQUE LAS AGUAS","2022-09-08","","0.40333333"
"PARQUE LAS AGUAS","2022-09-07","","0.06583333"
"PARQUE LAS AGUAS","2022-09-06","","0.26583333"
"PARQUE LAS AGUAS","2022-09-05","","0.00125"
"PARQUE LAS AGUAS","2022-09-04","","0.03041667"
"PARQUE LAS AGUAS","2022-09-03","","0.09625"
"PARQUE LAS AGUAS","2022-09-02","","0.06333333"
"PARQUE LAS AGUAS","2022-09-01","","0.025"
"PARQUE LAS AGUAS","2022-08-31","","0.22913043"
"PARQUE LAS AGUAS","2022-08-30","","0.01416667"
"PARQUE LAS AGUAS","2022-08-29","","0.39041667"
"PARQUE LAS AGUAS","2022-08-28","","0.2925"
"PARQUE LAS AGUAS","2022-08-27","","0.09"
"PARQUE LAS AGUAS","2022-08-26","","0.01708333"
"PARQUE LAS AGUAS","2022-08-25","","0.02083333"
"PARQUE LAS AGUAS","2022-08-24","","4.1667E-4"
"PARQUE LAS AGUAS","2022-08-23","","0.00416667"
"PARQUE LAS AGUAS","2022-08-22","","0.13291667"
"PARQUE LAS AGUAS","2022-08-21","","0.26458333"
"PARQUE LAS AGUAS","2022-08-20","","0.02791667"
"PARQUE LAS AGUAS","2022-08-19","","0.06708333"
"PARQUE LAS AGUAS","2022-08-18","","0.00208333"
"PARQUE LAS AGUAS","2022-08-17","","0.0"
"PARQUE LAS AGUAS","2022-08-16","","0.28375"
"PARQUE LAS AGUAS","2022-08-15","","0.38041667"
"PARQUE LAS AGUAS","2022-08-14","","0.16333333"
"PARQUE LAS AGUAS","2022-08-13","","0.21333333"
"PARQUE LAS AGUAS","2022-08-12","","0.14958333"
"PARQUE LAS AGUAS","2022-08-11","","7.6923E-4"
"PARQUE LAS AGUAS","2022-08-09","","0.005"
"PARQUE LAS AGUAS","2022-08-08","","0.01166667"
"PARQUE LAS AGUAS","2022-08-07","","0.00708333"
"PARQUE LAS AGUAS","2022-08-06","","0.29708333"
"PARQUE LAS AGUAS","2022-08-05","","0.28083333"
"PARQUE LAS AGUAS","2022-08-04","","0.05458333"
"PARQUE LAS AGUAS","2022-08-03","","0.00291667"
"PARQUE LAS AGUAS","2022-08-02","","0.17666667"
"PARQUE LAS AGUAS","2022-08-01","","0.40708333"
"PARQUE LAS AGUAS","2022-07-31","","0.08956522"
"PARQUE LAS AGUAS","2022-07-30","","8.3333E-4"
"PARQUE LAS AGUAS","2022-07-29","","0.01625"
"PARQUE LAS AGUAS","2022-07-28","","0.58041667"
"PARQUE LAS AGUAS","2022-07-27","","0.22083333"
"PARQUE LAS AGUAS","2022-07-26","","0.08066667"
"PARQUE LAS AGUAS","2022-07-25","","0.16066667"
"PARQUE LAS AGUAS","2022-07-24","","0.00208333"
"PARQUE LAS AGUAS","2022-07-23","","0.22833333"
"PARQUE LAS AGUAS","2022-07-22","","0.44041667"
"PARQUE LAS AGUAS","2022-07-21","","0.13125"
"PARQUE LAS AGUAS","2022-07-20","","0.02208333"
"PARQUE LAS AGUAS","2022-07-19","","0.00583333"
"PARQUE LAS AGUAS","2022-07-18","","0.03083333"
"PARQUE LAS AGUAS","2022-07-17","","0.17916667"
"PARQUE LAS AGUAS","2022-07-16","","0.00375"
"PARQUE LAS AGUAS","2022-07-15","","0.00291667"
"PARQUE LAS AGUAS","2022-07-14","","0.095"
"PARQUE LAS AGUAS","2022-07-13","","0.18375"
"PARQUE LAS AGUAS","2022-07-12","","0.01791667"
"PARQUE LAS AGUAS","2022-07-11","","0.28625"
"PARQUE LAS AGUAS","2022-07-10","","0.06916667"
"PARQUE LAS AGUAS","2022-07-09","","0.00125"
"PARQUE LAS AGUAS","2022-07-08","","0.06375"
"PARQUE LAS AGUAS","2022-07-07","","0.01416667"
"PARQUE LAS AGUAS","2022-07-06","","0.01916667"
"PARQUE LAS AGUAS","2022-07-05","","0.01625"
"PARQUE LAS AGUAS","2022-07-04","","0.07791667"
"PARQUE LAS AGUAS","2022-07-03","","0.00541667"
"PARQUE LAS AGUAS","2022-07-02","","0.14458333"
"PARQUE LAS AGUAS","2022-07-01","","0.1975"
"PARQUE LAS AGUAS","2022-06-30","","0.09130435"
"PARQUE LAS AGUAS","2022-06-29","","0.35125"
"PARQUE LAS AGUAS","2022-06-28","","0.74166667"
"PARQUE LAS AGUAS","2022-06-27","","0.05041667"
"PARQUE LAS AGUAS","2022-06-26","","0.29333333"
"PARQUE LAS AGUAS","2022-06-25","","0.42541667"
"PARQUE LAS AGUAS","2022-06-24","","0.08625"
"PARQUE LAS AGUAS","2022-06-23","","0.00625"
"PARQUE LAS AGUAS","2022-06-22","","0.15833333"
"PARQUE LAS AGUAS","2022-06-21","","0.0"
"PARQUE LAS AGUAS","2022-06-20","","0.27611111"
"PARQUE LAS AGUAS","2022-06-19","","0.08375"
"PARQUE LAS AGUAS","2022-06-18","","0.18833333"
"PARQUE LAS AGUAS","2022-06-17","","0.02583333"
"PARQUE LAS AGUAS","2022-06-16","","0.14708333"
"PARQUE LAS AGUAS","2022-06-15","","0.32875"
"PARQUE LAS AGUAS","2022-06-14","","0.32041667"
"PARQUE LAS AGUAS","2022-06-13","","0.11291667"
"PARQUE LAS AGUAS","2022-06-12","","0.13333333"
"PARQUE LAS AGUAS","2022-06-11","","0.82583333"
"PARQUE LAS AGUAS","2022-06-10","","0.00458333"
"PARQUE LAS AGUAS","2022-06-09","","0.05833333"
"PARQUE LAS AGUAS","2022-06-08","","0.08708333"
"PARQUE LAS AGUAS","2022-06-07","","0.1175"
"PARQUE LAS AGUAS","2022-06-06","","0.01958333"
"PARQUE LAS AGUAS","2022-06-05","","0.03666667"
"PARQUE LAS AGUAS","2022-06-04","","0.1775"
"PARQUE LAS AGUAS","2022-06-03","","0.05583333"
"PARQUE LAS AGUAS","2022-06-02","","0.40166667"
"PARQUE LAS AGUAS","2022-06-01","","0.48833333"
"PARQUE LAS AGUAS","2022-05-31","","0.07826087"
"PARQUE LAS AGUAS","2022-05-30","","0.23125"
"PARQUE LAS AGUAS","2022-05-29","","0.20166667"
"PARQUE LAS AGUAS","2022-05-28","","0.02291667"
"PARQUE LAS AGUAS","2022-05-27","","0.02166667"
"PARQUE LAS AGUAS","2022-05-26","","0.02416667"
"PARQUE LAS AGUAS","2022-05-25","","0.00458333"
"PARQUE LAS AGUAS","2022-05-24","","0.00105263"
"PARQUE LAS AGUAS","2022-05-23","","0.05833333"
"PARQUE LAS AGUAS","2022-05-22","","0.02875"
"PARQUE LAS AGUAS","2022-05-21","","0.1425"
"PARQUE LAS AGUAS","2022-05-20","","0.01636364"
"PARQUE LAS AGUAS","2022-05-19","","0.02818182"
"PARQUE LAS AGUAS","2022-05-18","","0.1625"
"PARQUE LAS AGUAS","2022-05-17","","0.10416667"
"PARQUE LAS AGUAS","2022-05-16","","0.20291667"
"PARQUE LAS AGUAS","2022-05-15","","0.21666667"
"PARQUE LAS AGUAS","2022-05-14","","0.17958333"
"PARQUE LAS AGUAS","2022-05-13","","0.04166667"
"PARQUE LAS AGUAS","2022-05-12","","0.03166667"
"PARQUE LAS AGUAS","2022-05-11","","0.12208333"
"PARQUE LAS AGUAS","2022-05-10","","0.01541667"
"PARQUE LAS AGUAS","2022-05-09","","0.29166667"
"PARQUE LAS AGUAS","2022-05-08","","0.12"
"PARQUE LAS AGUAS","2022-05-07","","0.18833333"
"PARQUE LAS AGUAS","2022-05-06","","0.31041667"
"PARQUE LAS AGUAS","2022-05-05","","0.35958333"
"PARQUE LAS AGUAS","2022-05-04","","0.05833333"
"PARQUE LAS AGUAS","2022-05-03","","0.00208333"
"PARQUE LAS AGUAS","2022-05-02","","0.01166667"
"PARQUE LAS AGUAS","2022-05-01","","0.00208333"
"PARQUE LAS AGUAS","2022-04-30","","0.00173913"
"PARQUE LAS AGUAS","2022-04-29","","0.02875"
"PARQUE LAS AGUAS","2022-04-28","","0.15958333"
"PARQUE LAS AGUAS","2022-04-27","","0.12416667"
"PARQUE LAS AGUAS","2022-04-26","","0.35875"
"PARQUE LAS AGUAS","2022-04-25","","0.05416667"
"PARQUE LAS AGUAS","2022-04-24","","0.07375"
"PARQUE LAS AGUAS","2022-04-23","","0.13041667"
"PARQUE LAS AGUAS","2022-04-22","","0.24958333"
"PARQUE LAS AGUAS","2022-04-21","","0.18708333"
"PARQUE LAS AGUAS","2022-04-20","","0.64125"
"PARQUE LAS AGUAS","2022-04-19","","0.13333333"
"PARQUE LAS AGUAS","2022-04-18","","0.06708333"
"PARQUE LAS AGUAS","2022-04-17","","0.02166667"
"PARQUE LAS AGUAS","2022-04-16","","0.05041667"
"PARQUE LAS AGUAS","2022-04-15","","4.1667E-4"
"PARQUE LAS AGUAS","2022-04-14","","8.3333E-4"
"PARQUE LAS AGUAS","2022-04-13","","0.0025"
"PARQUE LAS AGUAS","2022-04-12","","0.11208333"
"PARQUE LAS AGUAS","2022-04-11","","0.03166667"
"PARQUE LAS AGUAS","2022-04-10","","0.00208333"
"PARQUE LAS AGUAS","2022-04-09","","0.14541667"
"PARQUE LAS AGUAS","2022-04-08","","0.1675"
"PARQUE LAS AGUAS","2022-04-07","","0.425"
"PARQUE LAS AGUAS","2022-04-06","","0.31541667"
"PARQUE LAS AGUAS","2022-04-05","","0.13958333"
"PARQUE LAS AGUAS","2022-04-04","","0.07166667"
"PARQUE LAS AGUAS","2022-04-03","","0.07625"
"PARQUE LAS AGUAS","2022-04-02","","0.05"
"PARQUE LAS AGUAS","2022-04-01","","0.43208333"
"PARQUE LAS AGUAS","2022-03-31","","0.52217391"
"PARQUE LAS AGUAS","2022-03-30","","0.2475"
"PARQUE LAS AGUAS","2022-03-29","","0.22625"
"PARQUE LAS AGUAS","2022-03-28","","0.01708333"
"PARQUE LAS AGUAS","2022-03-27","","0.13791667"
"PARQUE LAS AGUAS","2022-03-26","","0.10916667"
"PARQUE LAS AGUAS","2022-03-25","","0.0675"
"PARQUE LAS AGUAS","2022-03-24","","0.00958333"
"PARQUE LAS AGUAS","2022-03-23","","0.06043478"
"PARQUE LAS AGUAS","2022-03-22","","0.04333333"
"PARQUE LAS AGUAS","2022-03-21","","0.01708333"
"PARQUE LAS AGUAS","2022-03-20","","0.08166667"
"PARQUE LAS AGUAS","2022-03-19","","0.00208333"
"PARQUE LAS AGUAS","2022-03-18","","0.04666667"
"PARQUE LAS AGUAS","2022-03-17","","0.12291667"
"PARQUE LAS AGUAS","2022-03-16","","0.00625"
"PARQUE LAS AGUAS","2022-03-15","","0.00291667"
"PARQUE LAS AGUAS","2022-03-14","","0.11565217"
"PARQUE LAS AGUAS","2022-03-13","","4.1667E-4"
"PARQUE LAS AGUAS","2022-03-12","","0.05958333"
"PARQUE LAS AGUAS","2022-03-11","","0.04458333"
"PARQUE LAS AGUAS","2022-03-10","","0.00708333"
"PARQUE LAS AGUAS","2022-03-09","","0.06166667"
"PARQUE LAS AGUAS","2022-03-08","","0.00583333"
"PARQUE LAS AGUAS","2022-03-07","","0.00291667"
"PARQUE LAS AGUAS","2022-03-06","","0.24916667"
"PARQUE LAS AGUAS","2022-03-05","","0.05541667"
"PARQUE LAS AGUAS","2022-03-04","","0.09125"
"PARQUE LAS AGUAS","2022-03-03","","0.04125"
"PARQUE LAS AGUAS","2022-03-02","","0.17083333"
"PARQUE LAS AGUAS","2022-03-01","","0.14958333"
"PARQUE LAS AGUAS","2022-02-28","","0.42173913"
"PARQUE LAS AGUAS","2022-02-27","","0.15708333"
"PARQUE LAS AGUAS","2022-02-26","","0.01166667"
"PARQUE LAS AGUAS","2022-02-25","","4.1667E-4"
"PARQUE LAS AGUAS","2022-02-24","","0.0"
"PARQUE LAS AGUAS","2022-02-23","","4.1667E-4"
"PARQUE LAS AGUAS","2022-02-22","","0.04291667"
"PARQUE LAS AGUAS","2022-02-21","","0.10791667"
"PARQUE LAS AGUAS","2022-02-20","","0.30666667"
"PARQUE LAS AGUAS","2022-02-19","","0.18916667"
"PARQUE LAS AGUAS","2022-02-18","","0.17125"
"PARQUE LAS AGUAS","2022-02-17","","4.1667E-4"
"PARQUE LAS AGUAS","2022-02-16","","0.0"
"PARQUE LAS AGUAS","2022-02-15","","0.0"
"PARQUE LAS AGUAS","2022-02-14","","0.02583333"
"PARQUE LAS AGUAS","2022-02-13","","0.015"
"PARQUE LAS AGUAS","2022-02-12","","0.0"
"PARQUE LAS AGUAS","2022-02-11","","0.00125"
"PARQUE LAS AGUAS","2022-02-10","","0.0075"
"PARQUE LAS AGUAS","2022-02-09","","0.01166667"
"PARQUE LAS AGUAS","2022-02-08","","0.08375"
"PARQUE LAS AGUAS","2022-02-07","","0.02875"
"PARQUE LAS AGUAS","2022-02-06","","0.12125"
"PARQUE LAS AGUAS","2022-02-05","","0.01"
"PARQUE LAS AGUAS","2022-02-04","","0.04375"
"PARQUE LAS AGUAS","2022-02-03","","0.0"
"PARQUE LAS AGUAS","2022-02-02","","0.0025"
"PARQUE LAS AGUAS","2022-02-01","","4.1667E-4"
"PARQUE LAS AGUAS","2022-01-31","","0.0"
"PARQUE LAS AGUAS","2022-01-30","","4.1667E-4"
"PARQUE LAS AGUAS","2022-01-29","","0.0"
"PARQUE LAS AGUAS","2022-01-28","","0.0"
"PARQUE LAS AGUAS","2022-01-27","","0.0025"
"PARQUE LAS AGUAS","2022-01-26","","4.1667E-4"
"PARQUE LAS AGUAS","2022-01-25","","0.0525"
"PARQUE LAS AGUAS","2022-01-24","","8.3333E-4"
"PARQUE LAS AGUAS","2022-01-23","","8.3333E-4"
"PARQUE LAS AGUAS","2022-01-22","","0.0"
"PARQUE LAS AGUAS","2022-01-21","","0.0"
"PARQUE LAS AGUAS","2022-01-20","","8.3333E-4"
"PARQUE LAS AGUAS","2022-01-19","","0.00291667"
"PARQUE LAS AGUAS","2022-01-18","","8.3333E-4"
"PARQUE LAS AGUAS","2022-01-17","","0.00375"
"PARQUE LAS AGUAS","2022-01-16","","4.1667E-4"
"PARQUE LAS AGUAS","2022-01-15","","0.0"
"PARQUE LAS AGUAS","2022-01-14","","0.03625"
"PARQUE LAS AGUAS","2022-01-13","","0.17208333"
"PARQUE LAS AGUAS","2022-01-12","","0.0175"
"PARQUE LAS AGUAS","2022-01-11","","0.0175"
"PARQUE LAS AGUAS","2022-01-10","","0.02916667"
"PARQUE LAS AGUAS","2022-01-09","","0.0"
"PARQUE LAS AGUAS","2022-01-08","","0.0"
"PARQUE LAS AGUAS","2022-01-07","","0.11541667"
"PARQUE LAS AGUAS","2022-01-06","","0.25833333"
"PARQUE LAS AGUAS","2022-01-05","","0.0"
"PARQUE LAS AGUAS","2022-01-04","","4.1667E-4"
"PARQUE LAS AGUAS","2022-01-03","","0.0"
"PARQUE LAS AGUAS","2022-01-02","","0.17458333"
"PARQUE LAS AGUAS","2022-01-01","","0.01636364"
"PARQUE LAS AGUAS","2021-12-31","","0.00173913"
"PARQUE LAS AGUAS","2021-12-30","","0.18708333"
"PARQUE LAS AGUAS","2021-12-29","","0.01333333"
"PARQUE LAS AGUAS","2021-12-28","","0.03291667"
"PARQUE LAS AGUAS","2021-12-27","","0.02541667"
"PARQUE LAS AGUAS","2021-12-26","","0.0"
"PARQUE LAS AGUAS","2021-12-25","","0.00166667"
"PARQUE LAS AGUAS","2021-12-24","","0.0"
"PARQUE LAS AGUAS","2021-12-23","","0.0"
"PARQUE LAS AGUAS","2021-12-22","","4.1667E-4"
"PARQUE LAS AGUAS","2021-12-21","","0.00304348"
"PARQUE LAS AGUAS","2021-12-20","","0.00166667"
"PARQUE LAS AGUAS","2021-12-19","","4.1667E-4"
"PARQUE LAS AGUAS","2021-12-18","","0.05083333"
"PARQUE LAS AGUAS","2021-12-17","","0.05458333"
"PARQUE LAS AGUAS","2021-12-16","","0.00291667"
"PARQUE LAS AGUAS","2021-12-15","","0.00166667"
"PARQUE LAS AGUAS","2021-12-14","","0.0"
"PARQUE LAS AGUAS","2021-12-13","","0.00125"
"PARQUE LAS AGUAS","2021-12-12","","0.0"
"PARQUE LAS AGUAS","2021-12-11","","0.0"
"PARQUE LAS AGUAS","2021-12-10","","4.1667E-4"
"PARQUE LAS AGUAS","2021-12-09","","4.1667E-4"
"PARQUE LAS AGUAS","2021-12-08","","0.0"
"PARQUE LAS AGUAS","2021-12-07","","0.00125"
"PARQUE LAS AGUAS","2021-12-06","","0.00541667"
"PARQUE LAS AGUAS","2021-12-05","","0.0475"
"PARQUE LAS AGUAS","2021-12-04","","0.06291667"
"PARQUE LAS AGUAS","2021-12-03","","0.07208333"
"PARQUE LAS AGUAS","2021-12-02","","0.00458333"
"PARQUE LAS AGUAS","2021-12-01","","0.0425"
"PARQUE LAS AGUAS","2021-11-30","","0.11695652"
"PARQUE LAS AGUAS","2021-11-29","","0.02708333"
"PARQUE LAS AGUAS","2021-11-28","","0.0"
"PARQUE LAS AGUAS","2021-11-27","","0.09916667"
"PARQUE LAS AGUAS","2021-11-26","","0.11041667"
"PARQUE LAS AGUAS","2021-11-25","","0.16041667"
"PARQUE LAS AGUAS","2021-11-24","","0.27958333"
"PARQUE LAS AGUAS","2021-11-23","","0.11875"
"PARQUE LAS AGUAS","2021-11-22","","0.08208333"
"PARQUE LAS AGUAS","2021-11-21","","0.02125"
"PARQUE LAS AGUAS","2021-11-20","","0.31125"
"PARQUE LAS AGUAS","2021-11-19","","0.03434783"
"PARQUE LAS AGUAS","2021-11-18","","0.0"
"PARQUE LAS AGUAS","2021-11-17","","0.0"
"PARQUE LAS AGUAS","2021-11-16","","4.1667E-4"
"PARQUE LAS AGUAS","2021-11-15","","0.01916667"
"PARQUE LAS AGUAS","2021-11-14","","0.0"
"PARQUE LAS AGUAS","2021-11-13","","0.45958333"
"PARQUE LAS AGUAS","2021-11-12","","8.3333E-4"
"PARQUE LAS AGUAS","2021-11-11","","0.00208333"
"PARQUE LAS AGUAS","2021-11-10","","0.05166667"
"PARQUE LAS AGUAS","2021-11-09","","0.14333333"
"PARQUE LAS AGUAS","2021-11-08","","0.0325"
"PARQUE LAS AGUAS","2021-11-07","","0.03208333"
"PARQUE LAS AGUAS","2021-11-06","","0.0025"
"PARQUE LAS AGUAS","2021-11-05","","0.00291667"
"PARQUE LAS AGUAS","2021-11-04","","0.04416667"
"PARQUE LAS AGUAS","2021-11-03","","0.16666667"
"PARQUE LAS AGUAS","2021-11-02","","0.07333333"
"PARQUE LAS AGUAS","2021-11-01","","0.0525"
"PARQUE LAS AGUAS","2021-10-31","","0.15130435"
"PARQUE LAS AGUAS","2021-10-30","","0.17458333"
"PARQUE LAS AGUAS","2021-10-29","","0.15333333"
"PARQUE LAS AGUAS","2021-10-28","","0.45458333"
"PARQUE LAS AGUAS","2021-10-27","","0.08666667"
"PARQUE LAS AGUAS","2021-10-26","","0.28416667"
"PARQUE LAS AGUAS","2021-10-25","","0.00666667"
"PARQUE LAS AGUAS","2021-10-24","","0.00333333"
"PARQUE LAS AGUAS","2021-10-23","","0.0075"
"PARQUE LAS AGUAS","2021-10-22","","0.30666667"
"PARQUE LAS AGUAS","2021-10-21","","0.02166667"
"PARQUE LAS AGUAS","2021-10-20","","0.05875"
"PARQUE LAS AGUAS","2021-10-19","","0.15166667"
"PARQUE LAS AGUAS","2021-10-18","","8.3333E-4"
"PARQUE LAS AGUAS","2021-10-17","","0.08125"
"PARQUE LAS AGUAS","2021-10-16","","0.325"
"PARQUE LAS AGUAS","2021-10-15","","0.0175"
"PARQUE LAS AGUAS","2021-10-14","","0.27041667"
"PARQUE LAS AGUAS","2021-10-13","","0.27291667"
"PARQUE LAS AGUAS","2021-10-12","","8.3333E-4"
"PARQUE LAS AGUAS","2021-10-11","","0.01041667"
"PARQUE LAS AGUAS","2021-10-10","","0.0375"
"PARQUE LAS AGUAS","2021-10-09","","0.17375"
"PARQUE LAS AGUAS","2021-10-08","","0.04333333"
"PARQUE LAS AGUAS","2021-10-07","","0.00208333"
"PARQUE LAS AGUAS","2021-10-06","","0.41791667"
"PARQUE LAS AGUAS","2021-10-05","","0.08416667"
"PARQUE LAS AGUAS","2021-10-04","","0.02625"
"PARQUE LAS AGUAS","2021-10-03","","0.02041667"
"PARQUE LAS AGUAS","2021-10-02","","0.20083333"
"PARQUE LAS AGUAS","2021-10-01","","0.00625"
"PARQUE LAS AGUAS","2021-09-30","","0.01130435"
"PARQUE LAS AGUAS","2021-09-29","","0.00958333"
"PARQUE LAS AGUAS","2021-09-28","","0.0225"
"PARQUE LAS AGUAS","2021-09-27","","0.00208333"
"PARQUE LAS AGUAS","2021-09-26","","0.0"
"PARQUE LAS AGUAS","2021-09-25","","0.0"
"PARQUE LAS AGUAS","2021-09-24","","0.09416667"
"PARQUE LAS AGUAS","2021-09-23","","0.45708333"
"PARQUE LAS AGUAS","2021-09-22","","0.38166667"
"PARQUE LAS AGUAS","2021-09-21","","0.23041667"
"PARQUE LAS AGUAS","2021-09-20","","0.37208333"
"PARQUE LAS AGUAS","2021-09-19","","0.22666667"
"PARQUE LAS AGUAS","2021-09-18","","0.01166667"
"PARQUE LAS AGUAS","2021-09-17","","8.3333E-4"
"PARQUE LAS AGUAS","2021-09-16","","0.00541667"
"PARQUE LAS AGUAS","2021-09-15","","0.24458333"
"PARQUE LAS AGUAS","2021-09-14","","0.0175"
"PARQUE LAS AGUAS","2021-09-13","","0.02916667"
"PARQUE LAS AGUAS","2021-09-12","","0.07208333"
"PARQUE LAS AGUAS","2021-09-11","","0.0975"
"PARQUE LAS AGUAS","2021-09-10","","0.22166667"
"PARQUE LAS AGUAS","2021-09-09","","0.12166667"
"PARQUE LAS AGUAS","2021-09-08","","0.15458333"
"PARQUE LAS AGUAS","2021-09-07","","0.41666667"
"PARQUE LAS AGUAS","2021-09-06","","0.29583333"
"PARQUE LAS AGUAS","2021-09-05","","0.42291667"
"PARQUE LAS AGUAS","2021-09-04","","0.13791667"
"PARQUE LAS AGUAS","2021-09-03","","0.03875"
"PARQUE LAS AGUAS","2021-09-02","","0.02125"
"PARQUE LAS AGUAS","2021-09-01","","0.0875"
"PARQUE LAS AGUAS","2021-08-31","","0.31173913"
"PARQUE LAS AGUAS","2021-08-30","","0.42625"
"PARQUE LAS AGUAS","2021-08-29","","0.085"
"PARQUE LAS AGUAS","2021-08-28","","0.09541667"
"PARQUE LAS AGUAS","2021-08-27","","0.00291667"
"PARQUE LAS AGUAS","2021-08-26","","0.04041667"
"PARQUE LAS AGUAS","2021-08-25","","0.27958333"
"PARQUE LAS AGUAS","2021-08-24","","0.16208333"
"PARQUE LAS AGUAS","2021-08-23","","0.33833333"
"PARQUE LAS AGUAS","2021-08-22","","0.00625"
"PARQUE LAS AGUAS","2021-08-21","","0.0"
"PARQUE LAS AGUAS","2021-08-20","","0.04125"
"PARQUE LAS AGUAS","2021-08-19","","0.13958333"
"PARQUE LAS AGUAS","2021-08-18","","0.18791667"
"PARQUE LAS AGUAS","2021-08-17","","0.544375"
"PARQUE LAS AGUAS","2021-08-16","","0.15541667"
"PARQUE LAS AGUAS","2021-08-15","","0.13666667"
"PARQUE LAS AGUAS","2021-08-14","","0.33041667"
"PARQUE LAS AGUAS","2021-08-13","","0.3475"
"PARQUE LAS AGUAS","2021-08-12","","0.29"
"PARQUE LAS AGUAS","2021-08-11","","0.07291667"
"PARQUE LAS AGUAS","2021-08-10","","0.45916667"
"PARQUE LAS AGUAS","2021-08-09","","4.1667E-4"
"PARQUE LAS AGUAS","2021-08-08","","0.17125"
"PARQUE LAS AGUAS","2021-08-07","","0.00666667"
"PARQUE LAS AGUAS","2021-08-06","","4.1667E-4"
"PARQUE LAS AGUAS","2021-08-05","","4.1667E-4"
"PARQUE LAS AGUAS","2021-08-04","","0.00166667"
"PARQUE LAS AGUAS","2021-08-03","","8.3333E-4"
"PARQUE LAS AGUAS","2021-08-02","","0.0025"
"PARQUE LAS AGUAS","2021-08-01","","0.0"
"PARQUE LAS AGUAS","2021-07-31","","0.00478261"
"PARQUE LAS AGUAS","2021-07-30","","0.02333333"
"PARQUE LAS AGUAS","2021-07-29","","0.01083333"
"PARQUE LAS AGUAS","2021-07-28","","0.00958333"
"PARQUE LAS AGUAS","2021-07-27","","0.21916667"
"PARQUE LAS AGUAS","2021-07-26","","0.1"
"PARQUE LAS AGUAS","2021-07-25","","0.51625"
"PARQUE LAS AGUAS","2021-07-24","","0.05583333"
"PARQUE LAS AGUAS","2021-07-23","","0.0"
"PARQUE LAS AGUAS","2021-07-22","","4.1667E-4"
"PARQUE LAS AGUAS","2021-07-21","","0.0"
"PARQUE LAS AGUAS","2021-07-20","","0.00166667"
"PARQUE LAS AGUAS","2021-07-19","","0.0"
"PARQUE LAS AGUAS","2021-07-18","","0.195"
"PARQUE LAS AGUAS","2021-07-17","","0.26458333"
"PARQUE LAS AGUAS","2021-07-16","","0.715"
"PARQUE LAS AGUAS","2021-07-15","","0.42583333"
"PARQUE LAS AGUAS","2021-07-14","","4.1667E-4"
"PARQUE LAS AGUAS","2021-07-13","","0.17875"
"PARQUE LAS AGUAS","2021-07-12","","0.00791667"
"PARQUE LAS AGUAS","2021-07-11","","0.2225"
"PARQUE LAS AGUAS","2021-07-10","","0.10458333"
"PARQUE LAS AGUAS","2021-07-09","","0.13708333"
"PARQUE LAS AGUAS","2021-07-08","","0.09791667"
"PARQUE LAS AGUAS","2021-07-07","","0.00833333"
"PARQUE LAS AGUAS","2021-07-06","","0.00125"
"PARQUE LAS AGUAS","2021-07-05","","0.01416667"
"PARQUE LAS AGUAS","2021-07-04","","0.00791667"
"PARQUE LAS AGUAS","2021-07-03","","0.01333333"
"PARQUE LAS AGUAS","2021-07-02","","0.06916667"
"PARQUE LAS AGUAS","2021-07-01","","0.00166667"
"PARQUE LAS AGUAS","2021-06-30","","4.3478E-4"
"PARQUE LAS AGUAS","2021-06-29","","0.01166667"
"PARQUE LAS AGUAS","2021-06-28","","0.05708333"
"PARQUE LAS AGUAS","2021-06-27","","0.11125"
"PARQUE LAS AGUAS","2021-06-26","","0.10416667"
"PARQUE LAS AGUAS","2021-06-25","","0.1225"
"PARQUE LAS AGUAS","2021-06-24","","0.43708333"
"PARQUE LAS AGUAS","2021-06-23","","0.21666667"
"PARQUE LAS AGUAS","2021-06-22","","0.07458333"
"PARQUE LAS AGUAS","2021-06-21","","0.01833333"
"PARQUE LAS AGUAS","2021-06-20","","0.4"
"PARQUE LAS AGUAS","2021-06-19","","0.14708333"
"PARQUE LAS AGUAS","2021-06-18","","0.11041667"
"PARQUE LAS AGUAS","2021-06-17","","0.07708333"
"PARQUE LAS AGUAS","2021-06-16","","0.01458333"
"PARQUE LAS AGUAS","2021-06-15","","0.07666667"
"PARQUE LAS AGUAS","2021-06-14","","0.33625"
"PARQUE LAS AGUAS","2021-06-13","","0.14583333"
"PARQUE LAS AGUAS","2021-06-12","","0.105"
"PARQUE LAS AGUAS","2021-06-11","","0.66791667"
"PARQUE LAS AGUAS","2021-06-10","","0.03083333"
"PARQUE LAS AGUAS","2021-06-09","","0.22125"
"PARQUE LAS AGUAS","2021-06-08","","0.51208333"
"PARQUE LAS AGUAS","2021-06-07","","0.11416667"
"PARQUE LAS AGUAS","2021-06-06","","0.3025"
"PARQUE LAS AGUAS","2021-06-05","","0.00166667"
"PARQUE LAS AGUAS","2021-06-04","","4.1667E-4"
"PARQUE LAS AGUAS","2021-06-03","","0.28375"
"PARQUE LAS AGUAS","2021-06-02","","0.02291667"
"PARQUE LAS AGUAS","2021-06-01","","0.49625"
"PARQUE LAS AGUAS","2021-05-31","","0.36"
"PARQUE LAS AGUAS","2021-05-30","","0.03791667"
"PARQUE LAS AGUAS","2021-05-29","","0.02833333"
"PARQUE LAS AGUAS","2021-05-28","","0.0825"
"PARQUE LAS AGUAS","2021-05-27","","0.04458333"
"PARQUE LAS AGUAS","2021-05-26","","0.09375"
"PARQUE LAS AGUAS","2021-05-25","","0.16347826"
"PARQUE LAS AGUAS","2021-05-24","","0.045"
"PARQUE LAS AGUAS","2021-05-23","","0.10625"
"PARQUE LAS AGUAS","2021-05-22","","1.31333333"
"PARQUE LAS AGUAS","2021-05-21","","0.00291667"
"PARQUE LAS AGUAS","2021-05-20","","0.00130435"
"PARQUE LAS AGUAS","2021-05-19","","0.00458333"
"PARQUE LAS AGUAS","2021-05-18","","0.16291667"
"PARQUE LAS AGUAS","2021-05-17","","0.49166667"
"PARQUE LAS AGUAS","2021-05-16","","0.16"
"PARQUE LAS AGUAS","2021-05-15","","0.05434783"
"PARQUE LAS AGUAS","2021-05-14","","0.07666667"
"PARQUE LAS AGUAS","2021-05-13","","0.08333333"
"PARQUE LAS AGUAS","2021-05-12","","0.11"
"PARQUE LAS AGUAS","2021-05-11","","0.00666667"
"PARQUE LAS AGUAS","2021-05-10","","0.06304348"
"PARQUE LAS AGUAS","2021-05-09","","0.04833333"
"PARQUE LAS AGUAS","2021-05-08","","0.085"
"PARQUE LAS AGUAS","2021-05-07","","0.18916667"
"PARQUE LAS AGUAS","2021-05-06","","0.25"
"PARQUE LAS AGUAS","2021-05-05","","0.12565217"
"PARQUE LAS AGUAS","2021-05-04","","0.12416667"
"PARQUE LAS AGUAS","2021-05-03","","0.63333333"
"PARQUE LAS AGUAS","2021-05-02","","0.645"
"PARQUE LAS AGUAS","2021-05-01","","0.0075"
"PARQUE LAS AGUAS","2021-04-30","","0.0625"
"PARQUE LAS AGUAS","2021-04-29","","0.19875"
"PARQUE LAS AGUAS","2021-04-28","","0.39166667"
"PARQUE LAS AGUAS","2021-04-27","","0.51958333"
"PARQUE LAS AGUAS","2021-04-26","","0.03875"
"PARQUE LAS AGUAS","2021-04-25","","0.00333333"
"PARQUE LAS AGUAS","2021-04-24","","0.0175"
"PARQUE LAS AGUAS","2021-04-23","","0.10666667"
"PARQUE LAS AGUAS","2021-04-22","","4.1667E-4"
"PARQUE LAS AGUAS","2021-04-21","","0.00291667"
"PARQUE LAS AGUAS","2021-04-20","","4.1667E-4"
"PARQUE LAS AGUAS","2021-04-19","","4.1667E-4"
"PARQUE LAS AGUAS","2021-04-18","","0.00208333"
"PARQUE LAS AGUAS","2021-04-17","","0.01208333"
"PARQUE LAS AGUAS","2021-04-16","","0.10458333"
"PARQUE LAS AGUAS","2021-04-15","","0.08166667"
"PARQUE LAS AGUAS","2021-04-14","","0.0025"
"PARQUE LAS AGUAS","2021-04-13","","0.00583333"
"PARQUE LAS AGUAS","2021-04-12","","0.10791667"
"PARQUE LAS AGUAS","2021-04-11","","0.04083333"
"PARQUE LAS AGUAS","2021-04-10","","0.12958333"
"PARQUE LAS AGUAS","2021-04-09","","0.30458333"
"PARQUE LAS AGUAS","2021-04-08","","0.01916667"
"PARQUE LAS AGUAS","2021-04-07","","0.06833333"
"PARQUE LAS AGUAS","2021-04-06","","0.27125"
"PARQUE LAS AGUAS","2021-04-05","","0.28916667"
"PARQUE LAS AGUAS","2021-04-04","","0.01583333"
"PARQUE LAS AGUAS","2021-04-03","","0.02875"
"PARQUE LAS AGUAS","2021-04-02","","0.27666667"
"PARQUE LAS AGUAS","2021-04-01","","8.6957E-4"
"PARQUE LAS AGUAS","2021-03-31","","0.00652174"
"PARQUE LAS AGUAS","2021-03-30","","0.18416667"
"PARQUE LAS AGUAS","2021-03-29","","0.01833333"
"PARQUE LAS AGUAS","2021-03-28","","0.01166667"
"PARQUE LAS AGUAS","2021-03-27","","0.05083333"
"PARQUE LAS AGUAS","2021-03-26","","0.10458333"
"PARQUE LAS AGUAS","2021-03-25","","0.44229167"
"PARQUE LAS AGUAS","2021-03-24","","0.50645833"
"PARQUE LAS AGUAS","2021-03-23","","0.16479167"
"PARQUE LAS AGUAS","2021-03-22","","0.34208333"
"PARQUE LAS AGUAS","2021-03-21","","0.20291667"
"PARQUE LAS AGUAS","2021-03-20","","0.07625"
"PARQUE LAS AGUAS","2021-03-19","","0.02083333"
"PARQUE LAS AGUAS","2021-03-18","","0.25604167"
"PARQUE LAS AGUAS","2021-03-17","","0.62604167"
"PARQUE LAS AGUAS","2021-03-16","","0.0775"
"PARQUE LAS AGUAS","2021-03-15","","0.12833333"
"PARQUE LAS AGUAS","2021-03-14","","0.0"
"PARQUE LAS AGUAS","2021-03-13","","0.00333333"
"PARQUE LAS AGUAS","2021-03-12","","0.17791667"
"PARQUE LAS AGUAS","2021-03-11","","0.19666667"
"PARQUE LAS AGUAS","2021-03-10","","0.11375"
"PARQUE LAS AGUAS","2021-03-09","","8.3333E-4"
"PARQUE LAS AGUAS","2021-03-08","","0.49625"
"PARQUE LAS AGUAS","2021-03-07","","0.23208333"
"PARQUE LAS AGUAS","2021-03-06","","0.0125"
"PARQUE LAS AGUAS","2021-03-05","","0.15583333"
"PARQUE LAS AGUAS","2021-03-04","","0.02708333"
"PARQUE LAS AGUAS","2021-03-03","","0.0"
"PARQUE LAS AGUAS","2021-03-02","","0.0"
"PARQUE LAS AGUAS","2021-03-01","","0.0"
"PARQUE LAS AGUAS","2021-02-28","","0.0"
"PARQUE LAS AGUAS","2021-02-27","","0.05416667"
"PARQUE LAS AGUAS","2021-02-26","","0.19541667"
"PARQUE LAS AGUAS","2021-02-25","","0.03208333"
"PARQUE LAS AGUAS","2021-02-24","","0.00125"
"PARQUE LAS AGUAS","2021-02-23","","0.00375"
"PARQUE LAS AGUAS","2021-02-22","","0.07416667"
"PARQUE LAS AGUAS","2021-02-21","","0.01041667"
"PARQUE LAS AGUAS","2021-02-20","","0.00125"
"PARQUE LAS AGUAS","2021-02-19","","0.08458333"
"PARQUE LAS AGUAS","2021-02-18","","0.33083333"
"PARQUE LAS AGUAS","2021-02-17","","4.1667E-4"
"PARQUE LAS AGUAS","2021-02-16","","0.0"
"PARQUE LAS AGUAS","2021-02-15","","0.0"
"PARQUE LAS AGUAS","2021-02-14","","0.02458333"
"PARQUE LAS AGUAS","2021-02-13","","0.0"
"PARQUE LAS AGUAS","2021-02-12","","0.00125"
"PARQUE LAS AGUAS","2021-02-11","","0.0"
"PARQUE LAS AGUAS","2021-02-10","","0.09333333"
"PARQUE LAS AGUAS","2021-02-09","","0.17208333"
"PARQUE LAS AGUAS","2021-02-08","","0.00541667"
"PARQUE LAS AGUAS","2021-02-07","","0.0"
"PARQUE LAS AGUAS","2021-02-06","","0.075"
"PARQUE LAS AGUAS","2021-02-05","","0.15916667"
"PARQUE LAS AGUAS","2021-02-04","","0.00125"
"PARQUE LAS AGUAS","2021-02-03","","0.05791667"
"PARQUE LAS AGUAS","2021-02-02","","0.0775"
"PARQUE LAS AGUAS","2021-02-01","","0.0"
"PARQUE LAS AGUAS","2021-01-31","","0.0"
"PARQUE LAS AGUAS","2021-01-30","","0.00166667"
"PARQUE LAS AGUAS","2021-01-29","","0.0025"
"PARQUE LAS AGUAS","2021-01-28","","0.0"
"PARQUE LAS AGUAS","2021-01-27","","0.0"
"PARQUE LAS AGUAS","2021-01-26","","0.0"
"PARQUE LAS AGUAS","2021-01-25","","0.01291667"
"PARQUE LAS AGUAS","2021-01-24","","0.13458333"
"PARQUE LAS AGUAS","2021-01-23","","0.10208333"
"PARQUE LAS AGUAS","2021-01-22","","0.01833333"
"PARQUE LAS AGUAS","2021-01-21","","0.00541667"
"PARQUE LAS AGUAS","2021-01-20","","0.0"
"PARQUE LAS AGUAS","2021-01-19","","4.1667E-4"
"PARQUE LAS AGUAS","2021-01-18","","0.0"
"PARQUE LAS AGUAS","2021-01-17","","4.1667E-4"
"PARQUE LAS AGUAS","2021-01-16","","0.0"
"PARQUE LAS AGUAS","2021-01-15","","0.00166667"
"PARQUE LAS AGUAS","2021-01-14","","0.00625"
"PARQUE LAS AGUAS","2021-01-13","","0.01375"
"PARQUE LAS AGUAS","2021-01-12","","4.1667E-4"
"PARQUE LAS AGUAS","2021-01-11","","0.30458333"
"PARQUE LAS AGUAS","2021-01-10","","0.185"
"PARQUE LAS AGUAS","2021-01-09","","0.03041667"
"PARQUE LAS AGUAS","2021-01-08","","0.2025"
"PARQUE LAS AGUAS","2021-01-07","","0.00291667"
"PARQUE LAS AGUAS","2021-01-06","","0.0125"
"PARQUE LAS AGUAS","2021-01-05","","0.0"
"PARQUE LAS AGUAS","2021-01-04","","0.0"
"PARQUE LAS AGUAS","2021-01-03","","0.00708333"
"PARQUE LAS AGUAS","2021-01-02","","0.18416667"
"PARQUE LAS AGUAS","2021-01-01","","0.0075"
"PARQUE LAS AGUAS","2020-12-31","","0.00458333"
"PARQUE LAS AGUAS","2020-12-30","","0.07083333"
"PARQUE LAS AGUAS","2020-12-29","","4.1667E-4"
"PARQUE LAS AGUAS","2020-12-28","","0.00333333"
"PARQUE LAS AGUAS","2020-12-27","","0.05541667"
"PARQUE LAS AGUAS","2020-12-26","","0.1075"
"PARQUE LAS AGUAS","2020-12-25","","0.07208333"
"PARQUE LAS AGUAS","2020-12-24","","0.00125"
"PARQUE LAS AGUAS","2020-12-23","","0.00416667"
"PARQUE LAS AGUAS","2020-12-22","","0.00791667"
"PARQUE LAS AGUAS","2020-12-21","","0.00458333"
"PARQUE LAS AGUAS","2020-12-20","","0.05875"
"PARQUE LAS AGUAS","2020-12-19","","0.04791667"
"PARQUE LAS AGUAS","2020-12-18","","0.00541667"
"PARQUE LAS AGUAS","2020-12-17","","0.03416667"
"PARQUE LAS AGUAS","2020-12-16","","0.00208333"
"PARQUE LAS AGUAS","2020-12-15","","0.04916667"
"PARQUE LAS AGUAS","2020-12-14","","0.0"
"PARQUE LAS AGUAS","2020-12-13","","4.1667E-4"
"PARQUE LAS AGUAS","2020-12-12","","0.00125"
"PARQUE LAS AGUAS","2020-12-11","","0.00166667"
"PARQUE LAS AGUAS","2020-12-10","","4.1667E-4"
"PARQUE LAS AGUAS","2020-12-09","","0.00291667"
"PARQUE LAS AGUAS","2020-12-08","","0.02708333"
"PARQUE LAS AGUAS","2020-12-07","","0.00583333"
"PARQUE LAS AGUAS","2020-12-06","","0.00541667"
"PARQUE LAS AGUAS","2020-12-05","","0.01625"
"PARQUE LAS AGUAS","2020-12-04","","0.0"
"PARQUE LAS AGUAS","2020-12-03","","0.11458333"
"PARQUE LAS AGUAS","2020-12-02","","0.11916667"
"PARQUE LAS AGUAS","2020-12-01","","0.075"
"PARQUE LAS AGUAS","2020-11-30","","0.00583333"
"PARQUE LAS AGUAS","2020-11-29","","0.005"
"PARQUE LAS AGUAS","2020-11-28","","0.19458333"
"PARQUE LAS AGUAS","2020-11-27","","0.53291667"
"PARQUE LAS AGUAS","2020-11-26","","0.00125"
"PARQUE LAS AGUAS","2020-11-25","","0.0"
"PARQUE LAS AGUAS","2020-11-24","","0.00125"
"PARQUE LAS AGUAS","2020-11-23","","0.00958333"
"PARQUE LAS AGUAS","2020-11-22","","0.00166667"
"PARQUE LAS AGUAS","2020-11-21","","0.00625"
"PARQUE LAS AGUAS","2020-11-20","","0.08916667"
"PARQUE LAS AGUAS","2020-11-19","","0.00583333"
"PARQUE LAS AGUAS","2020-11-18","","0.18583333"
"PARQUE LAS AGUAS","2020-11-17","","0.00625"
"PARQUE LAS AGUAS","2020-11-16","","0.08583333"
"PARQUE LAS AGUAS","2020-11-15","","0.28625"
"PARQUE LAS AGUAS","2020-11-14","","0.08708333"
"PARQUE LAS AGUAS","2020-11-13","","0.87583333"
"PARQUE LAS AGUAS","2020-11-12","","0.1725"
"PARQUE LAS AGUAS","2020-11-11","","0.1325"
"PARQUE LAS AGUAS","2020-11-10","","0.14708333"
"PARQUE LAS AGUAS","2020-11-09","","0.03208333"
"PARQUE LAS AGUAS","2020-11-08","","0.0"
"PARQUE LAS AGUAS","2020-11-07","","0.23166667"
"PARQUE LAS AGUAS","2020-11-06","","0.42625"
"PARQUE LAS AGUAS","2020-11-05","","0.03291667"
"PARQUE LAS AGUAS","2020-11-04","","0.03375"
"PARQUE LAS AGUAS","2020-11-03","","0.17875"
"PARQUE LAS AGUAS","2020-11-02","","0.00458333"
"PARQUE LAS AGUAS","2020-11-01","","0.24208333"
"PARQUE LAS AGUAS","2020-10-31","","0.445"
"PARQUE LAS AGUAS","2020-10-30","","0.0"
"PARQUE LAS AGUAS","2020-10-29","","0.06166667"
"PARQUE LAS AGUAS","2020-10-28","","4.1667E-4"
"PARQUE LAS AGUAS","2020-10-27","","0.02875"
"PARQUE LAS AGUAS","2020-10-26","","0.0"
"PARQUE LAS AGUAS","2020-10-25","","0.04083333"
"PARQUE LAS AGUAS","2020-10-24","","0.24083333"
"PARQUE LAS AGUAS","2020-10-23","","0.09708333"
"PARQUE LAS AGUAS","2020-10-22","","0.00875"
"PARQUE LAS AGUAS","2020-10-21","","0.00291667"
"PARQUE LAS AGUAS","2020-10-20","","0.0075"
"PARQUE LAS AGUAS","2020-10-19","","0.03416667"
"PARQUE LAS AGUAS","2020-10-18","","0.0"
"PARQUE LAS AGUAS","2020-10-17","","0.0"
"PARQUE LAS AGUAS","2020-10-16","","0.05125"
"PARQUE LAS AGUAS","2020-10-15","","0.0025"
"PARQUE LAS AGUAS","2020-10-14","","0.01083333"
"PARQUE LAS AGUAS","2020-10-13","","0.20583333"
"PARQUE LAS AGUAS","2020-10-12","","0.03083333"
"PARQUE LAS AGUAS","2020-10-11","","0.00125"
"PARQUE LAS AGUAS","2020-10-10","","0.01083333"
"PARQUE LAS AGUAS","2020-10-09","","0.0325"
"PARQUE LAS AGUAS","2020-10-08","","0.00458333"
"PARQUE LAS AGUAS","2020-10-07","","0.0"
"PARQUE LAS AGUAS","2020-10-06","","0.13875"
"PARQUE LAS AGUAS","2020-10-05","","0.41458333"
"PARQUE LAS AGUAS","2020-10-04","","0.22875"
"PARQUE LAS AGUAS","2020-10-03","","0.24708333"
"PARQUE LAS AGUAS","2020-10-02","","0.19416667"
"PARQUE LAS AGUAS","2020-10-01","","0.02958333"
"PARQUE LAS AGUAS","2020-09-30","","0.33041667"
"PARQUE LAS AGUAS","2020-09-29","","0.01166667"
"PARQUE LAS AGUAS","2020-09-28","","0.0"
"PARQUE LAS AGUAS","2020-09-27","","0.00916667"
"PARQUE LAS AGUAS","2020-09-26","","0.12291667"
"PARQUE LAS AGUAS","2020-09-25","","0.01041667"
"PARQUE LAS AGUAS","2020-09-24","","0.09791667"
"PARQUE LAS AGUAS","2020-09-23","","0.04083333"
"PARQUE LAS AGUAS","2020-09-22","","0.09208333"
"PARQUE LAS AGUAS","2020-09-21","","0.06791667"
"PARQUE LAS AGUAS","2020-09-20","","0.07166667"
"PARQUE LAS AGUAS","2020-09-19","","0.04833333"
"PARQUE LAS AGUAS","2020-09-18","","0.41375"
"PARQUE LAS AGUAS","2020-09-17","","0.07041667"
"PARQUE LAS AGUAS","2020-09-16","","0.02583333"
"PARQUE LAS AGUAS","2020-09-15","","0.17333333"
"PARQUE LAS AGUAS","2020-09-14","","0.01166667"
"PARQUE LAS AGUAS","2020-09-13","","0.03916667"
"PARQUE LAS AGUAS","2020-09-12","","0.44458333"
"PARQUE LAS AGUAS","2020-09-11","","0.04083333"
"PARQUE LAS AGUAS","2020-09-10","","0.28625"
"PARQUE LAS AGUAS","2020-09-09","","8.3333E-4"
"PARQUE LAS AGUAS","2020-09-08","","0.28291667"
"PARQUE LAS AGUAS","2020-09-07","","0.22083333"
"PARQUE LAS AGUAS","2020-09-06","","0.28916667"
"PARQUE LAS AGUAS","2020-09-05","","0.23083333"
"PARQUE LAS AGUAS","2020-09-04","","0.30083333"
"PARQUE LAS AGUAS","2020-09-03","","0.07"
"PARQUE LAS AGUAS","2020-09-02","","0.04291667"
"PARQUE LAS AGUAS","2020-09-01","","0.23208333"
"PARQUE LAS AGUAS","2020-08-31","","0.08166667"
"PARQUE LAS AGUAS","2020-08-30","","0.0425"
"PARQUE LAS AGUAS","2020-08-29","","4.1667E-4"
"PARQUE LAS AGUAS","2020-08-28","","0.12125"
"PARQUE LAS AGUAS","2020-08-27","","0.07083333"
"PARQUE LAS AGUAS","2020-08-26","","0.15208333"
"PARQUE LAS AGUAS","2020-08-25","","0.26458333"
"PARQUE LAS AGUAS","2020-08-24","","0.11291667"
"PARQUE LAS AGUAS","2020-08-23","","0.05208333"
"PARQUE LAS AGUAS","2020-08-22","","0.27916667"
"PARQUE LAS AGUAS","2020-08-21","","0.05"
"PARQUE LAS AGUAS","2020-08-20","","0.3325"
"PARQUE LAS AGUAS","2020-08-19","","0.15041667"
"PARQUE LAS AGUAS","2020-08-18","","0.10458333"
"PARQUE LAS AGUAS","2020-08-17","","0.23041667"
"PARQUE LAS AGUAS","2020-08-16","","0.05708333"
"PARQUE LAS AGUAS","2020-08-15","","0.23833333"
"PARQUE LAS AGUAS","2020-08-14","","0.07666667"
"PARQUE LAS AGUAS","2020-08-13","","0.80166667"
"PARQUE LAS AGUAS","2020-08-12","","0.24708333"
"PARQUE LAS AGUAS","2020-08-11","","0.08458333"
"PARQUE LAS AGUAS","2020-08-10","","8.3333E-4"
"PARQUE LAS AGUAS","2020-08-09","","0.0"
"PARQUE LAS AGUAS","2020-08-08","","8.3333E-4"
"PARQUE LAS AGUAS","2020-08-07","","8.3333E-4"
"PARQUE LAS AGUAS","2020-08-06","","0.00125"
"PARQUE LAS AGUAS","2020-08-05","","0.0"
"PARQUE LAS AGUAS","2020-08-04","","0.005"
"PARQUE LAS AGUAS","2020-08-03","","0.0"
"PARQUE LAS AGUAS","2020-08-02","","0.00375"
"PARQUE LAS AGUAS","2020-08-01","","0.04708333"
"PARQUE LAS AGUAS","2020-07-31","","0.00625"
"PARQUE LAS AGUAS","2020-07-30","","0.02208333"
"PARQUE LAS AGUAS","2020-07-29","","0.01541667"
"PARQUE LAS AGUAS","2020-07-28","","0.1675"
"PARQUE LAS AGUAS","2020-07-27","","0.54208333"
"PARQUE LAS AGUAS","2020-07-26","","0.02458333"
"PARQUE LAS AGUAS","2020-07-25","","0.2725"
"PARQUE LAS AGUAS","2020-07-24","","0.67083333"
"PARQUE LAS AGUAS","2020-07-23","","0.33333333"
"PARQUE LAS AGUAS","2020-07-22","","0.13333333"
"PARQUE LAS AGUAS","2020-07-21","","0.13958333"
"PARQUE LAS AGUAS","2020-07-20","","0.0"
"PARQUE LAS AGUAS","2020-07-19","","0.0"
"PARQUE LAS AGUAS","2020-07-18","","0.0"
"PARQUE LAS AGUAS","2020-07-17","","0.0"
"PARQUE LAS AGUAS","2020-07-16","","0.00125"
"PARQUE LAS AGUAS","2020-07-15","","0.10333333"
"PARQUE LAS AGUAS","2020-07-14","","0.16916667"
"PARQUE LAS AGUAS","2020-07-13","","0.27"
"PARQUE LAS AGUAS","2020-07-12","","0.07125"
"PARQUE LAS AGUAS","2020-07-11","","0.30916667"
"PARQUE LAS AGUAS","2020-07-10","","0.05958333"
"PARQUE LAS AGUAS","2020-07-09","","0.12"
"PARQUE LAS AGUAS","2020-07-08","","0.25958333"
"PARQUE LAS AGUAS","2020-07-07","","0.1575"
"PARQUE LAS AGUAS","2020-07-06","","0.26541667"
"PARQUE LAS AGUAS","2020-07-05","","0.09791667"
"PARQUE LAS AGUAS","2020-07-04","","0.63041667"
"PARQUE LAS AGUAS","2020-07-03","","0.23541667"
"PARQUE LAS AGUAS","2020-07-02","","0.26875"
"PARQUE LAS AGUAS","2020-07-01","","0.57458333"
"PARQUE LAS AGUAS","2020-06-30","","0.045"
"PARQUE LAS AGUAS","2020-06-29","","0.00708333"
"PARQUE LAS AGUAS","2020-06-28","","0.3175"
"PARQUE LAS AGUAS","2020-06-27","","0.35833333"
"PARQUE LAS AGUAS","2020-06-26","","0.04875"
"PARQUE LAS AGUAS","2020-06-25","","0.43416667"
"PARQUE LAS AGUAS","2020-06-24","","0.00375"
"PARQUE LAS AGUAS","2020-06-23","","0.27"
"PARQUE LAS AGUAS","2020-06-22","","0.10291667"
"PARQUE LAS AGUAS","2020-06-21","","0.30375"
"PARQUE LAS AGUAS","2020-06-20","","0.36625"
"PARQUE LAS AGUAS","2020-06-19","","0.17416667"
"PARQUE LAS AGUAS","2020-06-18","","0.01708333"
"PARQUE LAS AGUAS","2020-06-17","","0.3875"
"PARQUE LAS AGUAS","2020-06-16","","0.61375"
"PARQUE LAS AGUAS","2020-06-15","","0.07083333"
"PARQUE LAS AGUAS","2020-06-14","","0.24416667"
"PARQUE LAS AGUAS","2020-06-13","","0.00708333"
"PARQUE LAS AGUAS","2020-06-12","","0.38125"
"PARQUE LAS AGUAS","2020-06-11","","0.16875"
"PARQUE LAS AGUAS","2020-06-10","","0.16291667"
"PARQUE LAS AGUAS","2020-06-09","","0.2575"
"PARQUE LAS AGUAS","2020-06-08","","0.00583333"
"PARQUE LAS AGUAS","2020-06-07","","0.0"
"PARQUE LAS AGUAS","2020-06-06","","0.09333333"
"PARQUE LAS AGUAS","2020-06-05","","0.18041667"
"PARQUE LAS AGUAS","2020-06-04","","4.1667E-4"
"PARQUE LAS AGUAS","2020-06-03","","0.285"
"PARQUE LAS AGUAS","2020-06-02","","0.00291667"
"PARQUE LAS AGUAS","2020-06-01","","0.01458333"
"PARQUE LAS AGUAS","2020-05-31","","0.04333333"
"PARQUE LAS AGUAS","2020-05-30","","0.48708333"
"PARQUE LAS AGUAS","2020-05-29","","0.265"
"PARQUE LAS AGUAS","2020-05-28","","0.12875"
"PARQUE LAS AGUAS","2020-05-27","","0.22791667"
"PARQUE LAS AGUAS","2020-05-26","","0.0"
"PARQUE LAS AGUAS","2020-05-25","","0.0"
"PARQUE LAS AGUAS","2020-05-24","","0.01708333"
"PARQUE LAS AGUAS","2020-05-23","","0.0"
"PARQUE LAS AGUAS","2020-05-22","","0.0"
"PARQUE LAS AGUAS","2020-05-21","","0.0"
"PARQUE LAS AGUAS","2020-05-20","","0.00208333"
"PARQUE LAS AGUAS","2020-05-19","","0.25666667"
"PARQUE LAS AGUAS","2020-05-18","","0.09416667"
"PARQUE LAS AGUAS","2020-05-17","","0.095"
"PARQUE LAS AGUAS","2020-05-16","","0.10875"
"PARQUE LAS AGUAS","2020-05-15","","4.1667E-4"
"PARQUE LAS AGUAS","2020-05-14","","0.0"
"PARQUE LAS AGUAS","2020-05-13","","0.03833333"
"PARQUE LAS AGUAS","2020-05-12","","0.0"
"PARQUE LAS AGUAS","2020-05-11","","0.00125"
"PARQUE LAS AGUAS","2020-05-10","","0.0"
"PARQUE LAS AGUAS","2020-05-09","","0.0"
"PARQUE LAS AGUAS","2020-05-08","","0.0"
"PARQUE LAS AGUAS","2020-05-07","","0.025"
"PARQUE LAS AGUAS","2020-05-06","","0.06041667"
"PARQUE LAS AGUAS","2020-05-05","","0.095"
"PARQUE LAS AGUAS","2020-05-04","","0.09666667"
"PARQUE LAS AGUAS","2020-05-03","","0.01125"
"PARQUE LAS AGUAS","2020-05-02","","0.37833333"
"PARQUE LAS AGUAS","2020-05-01","","0.09666667"
"PARQUE LAS AGUAS","2020-04-30","","0.12916667"
"PARQUE LAS AGUAS","2020-04-29","","0.13208333"
"PARQUE LAS AGUAS","2020-04-28","","0.18291667"
"PARQUE LAS AGUAS","2020-04-27","","0.21833333"
"PARQUE LAS AGUAS","2020-04-26","","0.0325"
"PARQUE LAS AGUAS","2020-04-25","","0.0025"
"PARQUE LAS AGUAS","2020-04-24","","0.25"
"PARQUE LAS AGUAS","2020-04-23","","0.21375"
"PARQUE LAS AGUAS","2020-04-22","","0.25625"
"PARQUE LAS AGUAS","2020-04-21","","0.17416667"
"PARQUE LAS AGUAS","2020-04-20","","0.06291667"
"PARQUE LAS AGUAS","2020-04-19","","0.77833333"
"PARQUE LAS AGUAS","2020-04-18","","0.33458333"
"PARQUE LAS AGUAS","2020-04-17","","8.3333E-4"
"PARQUE LAS AGUAS","2020-04-16","","0.00125"
"PARQUE LAS AGUAS","2020-04-15","","4.1667E-4"
"PARQUE LAS AGUAS","2020-04-14","","0.0"
"PARQUE LAS AGUAS","2020-04-13","","0.04625"
"PARQUE LAS AGUAS","2020-04-12","","0.03416667"
"PARQUE LAS AGUAS","2020-04-11","","0.42708333"
"PARQUE LAS AGUAS","2020-04-10","","0.0375"
"PARQUE LAS AGUAS","2020-04-09","","0.03041667"
"PARQUE LAS AGUAS","2020-04-08","","0.12166667"
"PARQUE LAS AGUAS","2020-04-07","","8.3333E-4"
"PARQUE LAS AGUAS","2020-04-06","","0.20833333"
"PARQUE LAS AGUAS","2020-04-05","","0.04458333"
"PARQUE LAS AGUAS","2020-04-04","","0.06041667"
"PARQUE LAS AGUAS","2020-04-03","","0.00708333"
"PARQUE LAS AGUAS","2020-04-02","","0.00333333"
"PARQUE LAS AGUAS","2020-04-01","","0.14958333"
"PARQUE LAS AGUAS","2020-03-31","","0.15791667"
"PARQUE LAS AGUAS","2020-03-30","","0.15"
"PARQUE LAS AGUAS","2020-03-29","","0.00583333"
"PARQUE LAS AGUAS","2020-03-28","","0.00625"
"PARQUE LAS AGUAS","2020-03-27","","0.0"
"PARQUE LAS AGUAS","2020-03-26","","8.3333E-4"
"PARQUE LAS AGUAS","2020-03-25","","8.3333E-4"
"PARQUE LAS AGUAS","2020-03-24","","0.0"
"PARQUE LAS AGUAS","2020-03-23","","0.0025"
"PARQUE LAS AGUAS","2020-03-22","","0.2575"
"PARQUE LAS AGUAS","2020-03-21","","0.12625"
"PARQUE LAS AGUAS","2020-03-20","","0.03083333"
"PARQUE LAS AGUAS","2020-03-19","","0.05458333"
"PARQUE LAS AGUAS","2020-03-18","","0.0"
"PARQUE LAS AGUAS","2020-03-17","","0.0"
"PARQUE LAS AGUAS","2020-03-16","","0.0"
"PARQUE LAS AGUAS","2020-03-15","","0.0"
"PARQUE LAS AGUAS","2020-03-14","","0.0"
"PARQUE LAS AGUAS","2020-03-13","","4.1667E-4"
"PARQUE LAS AGUAS","2020-03-12","","0.0"
"PARQUE LAS AGUAS","2020-03-11","","0.00208333"
"PARQUE LAS AGUAS","2020-03-10","","0.45791667"
"PARQUE LAS AGUAS","2020-03-09","","0.00375"
"PARQUE LAS AGUAS","2020-03-08","","0.0"
"PARQUE LAS AGUAS","2020-03-07","","0.0"
"PARQUE LAS AGUAS","2020-03-06","","0.0"
"PARQUE LAS AGUAS","2020-03-05","","0.0"
"PARQUE LAS AGUAS","2020-03-04","","0.01625"
"PARQUE LAS AGUAS","2020-03-03","","0.01291667"
"PARQUE LAS AGUAS","2020-03-02","","4.1667E-4"
"PARQUE LAS AGUAS","2020-03-01","","4.1667E-4"
"PARQUE LAS AGUAS","2020-02-29","","0.0"
"PARQUE LAS AGUAS","2020-02-28","","0.0"
"PARQUE LAS AGUAS","2020-02-27","","0.0"
"PARQUE LAS AGUAS","2020-02-26","","0.0"
"PARQUE LAS AGUAS","2020-02-25","","0.0"
"PARQUE LAS AGUAS","2020-02-24","","0.00208333"
"PARQUE LAS AGUAS","2020-02-23","","0.0"
"PARQUE LAS AGUAS","2020-02-22","","0.01125"
"PARQUE LAS AGUAS","2020-02-21","","0.03083333"
"PARQUE LAS AGUAS","2020-02-20","","0.03666667"
"PARQUE LAS AGUAS","2020-02-19","","0.06625"
"PARQUE LAS AGUAS","2020-02-18","","0.0"
"PARQUE LAS AGUAS","2020-02-17","","0.06208333"
"PARQUE LAS AGUAS","2020-02-16","","0.0"
"PARQUE LAS AGUAS","2020-02-15","","0.13916667"
"PARQUE LAS AGUAS","2020-02-14","","0.0"
"PARQUE LAS AGUAS","2020-02-13","","0.0"
"PARQUE LAS AGUAS","2020-02-12","","0.0"
"PARQUE LAS AGUAS","2020-02-11","","0.0"
"PARQUE LAS AGUAS","2020-02-10","","0.0"
"PARQUE LAS AGUAS","2020-02-09","","0.0"
"PARQUE LAS AGUAS","2020-02-08","","0.0"
"PARQUE LAS AGUAS","2020-02-07","","0.0"
"PARQUE LAS AGUAS","2020-02-06","","0.0"
"PARQUE LAS AGUAS","2020-02-05","","0.0"
"PARQUE LAS AGUAS","2020-02-04","","0.0"
"PARQUE LAS AGUAS","2020-02-03","","0.0"
"PARQUE LAS AGUAS","2020-02-02","","0.16375"
"PARQUE LAS AGUAS","2020-02-01","","4.1667E-4"
"PARQUE LAS AGUAS","2020-01-31","","4.1667E-4"
"PARQUE LAS AGUAS","2020-01-30","","0.00125"
"PARQUE LAS AGUAS","2020-01-29","","0.0"
"PARQUE LAS AGUAS","2020-01-28","","0.0"
"PARQUE LAS AGUAS","2020-01-27","","0.0025"
"PARQUE LAS AGUAS","2020-01-26","","4.1667E-4"
"PARQUE LAS AGUAS","2020-01-25","","0.0"
"PARQUE LAS AGUAS","2020-01-24","","0.0"
"PARQUE LAS AGUAS","2020-01-23","","0.06666667"
"PARQUE LAS AGUAS","2020-01-22","","0.095"
"PARQUE LAS AGUAS","2020-01-21","","0.16208333"
"PARQUE LAS AGUAS","2020-01-20","","0.0"
"PARQUE LAS AGUAS","2020-01-19","","0.0"
"PARQUE LAS AGUAS","2020-01-18","","0.0"
"PARQUE LAS AGUAS","2020-01-17","","0.0"
"PARQUE LAS AGUAS","2020-01-16","","0.0"
"PARQUE LAS AGUAS","2020-01-15","","0.0"
"PARQUE LAS AGUAS","2020-01-14","","8.3333E-4"
"PARQUE LAS AGUAS","2020-01-13","","0.0"
"PARQUE LAS AGUAS","2020-01-12","","0.0"
"PARQUE LAS AGUAS","2020-01-11","","0.0"
"PARQUE LAS AGUAS","2020-01-10","","0.0"
"PARQUE LAS AGUAS","2020-01-09","","0.00208333"
"PARQUE LAS AGUAS","2020-01-08","","0.00125"
"PARQUE LAS AGUAS","2020-01-07","","0.0"
"PARQUE LAS AGUAS","2020-01-06","","0.0"
"PARQUE LAS AGUAS","2020-01-05","","0.0"
"PARQUE LAS AGUAS","2020-01-04","","0.0"
"PARQUE LAS AGUAS","2020-01-03","","0.0"
"PARQUE LAS AGUAS","2020-01-02","","0.0"
"PARQUE LAS AGUAS","2020-01-01","","0.0"
"PARQUE LAS AGUAS","2019-12-31","","0.25958333"
"PARQUE LAS AGUAS","2019-12-30","","0.25041667"
"PARQUE LAS AGUAS","2019-12-29","","8.3333E-4"
"PARQUE LAS AGUAS","2019-12-28","","0.0"
"PARQUE LAS AGUAS","2019-12-27","","0.01083333"
"PARQUE LAS AGUAS","2019-12-26","","0.03625"
"PARQUE LAS AGUAS","2019-12-25","","0.04"
"PARQUE LAS AGUAS","2019-12-24","","0.0"
"PARQUE LAS AGUAS","2019-12-23","","0.00166667"
"PARQUE LAS AGUAS","2019-12-22","","0.0"
"PARQUE LAS AGUAS","2019-12-21","","0.00333333"
"PARQUE LAS AGUAS","2019-12-20","","0.0"
"PARQUE LAS AGUAS","2019-12-19","","0.0"
"PARQUE LAS AGUAS","2019-12-18","","0.0"
"PARQUE LAS AGUAS","2019-12-17","","0.06916667"
"PARQUE LAS AGUAS","2019-12-16","","0.00166667"
"PARQUE LAS AGUAS","2019-12-15","","0.02041667"
"PARQUE LAS AGUAS","2019-12-14","","0.32291667"
"PARQUE LAS AGUAS","2019-12-13","","0.04083333"
"PARQUE LAS AGUAS","2019-12-12","","0.0"
"PARQUE LAS AGUAS","2019-12-11","","0.01958333"
"PARQUE LAS AGUAS","2019-12-10","","0.0"
"PARQUE LAS AGUAS","2019-12-09","","0.0"
"PARQUE LAS AGUAS","2019-12-08","","0.0"
"PARQUE LAS AGUAS","2019-12-07","","0.00541667"
"PARQUE LAS AGUAS","2019-12-06","","0.01041667"
"PARQUE LAS AGUAS","2019-12-05","","8.3333E-4"
"PARQUE LAS AGUAS","2019-12-04","","0.0"
"PARQUE LAS AGUAS","2019-12-03","","0.0"
"PARQUE LAS AGUAS","2019-12-02","","0.0"
"PARQUE LAS AGUAS","2019-12-01","","0.0"
"PARQUE LAS AGUAS","2019-11-30","","0.0"
"PARQUE LAS AGUAS","2019-11-29","","0.05041667"
"PARQUE LAS AGUAS","2019-11-28","","0.03208333"
"PARQUE LAS AGUAS","2019-11-27","","0.03375"
"PARQUE LAS AGUAS","2019-11-26","","0.0"
"PARQUE LAS AGUAS","2019-11-25","","0.0"
"PARQUE LAS AGUAS","2019-11-24","","0.0"
"PARQUE LAS AGUAS","2019-11-23","","0.0"
"PARQUE LAS AGUAS","2019-11-22","","0.03208333"
"PARQUE LAS AGUAS","2019-11-21","","0.03541667"
"PARQUE LAS AGUAS","2019-11-20","","0.00583333"
"PARQUE LAS AGUAS","2019-11-19","","0.00166667"
"PARQUE LAS AGUAS","2019-11-18","","0.00916667"
"PARQUE LAS AGUAS","2019-11-17","","0.0"
"PARQUE LAS AGUAS","2019-11-16","","0.0"
"PARQUE LAS AGUAS","2019-11-15","","0.01708333"
"PARQUE LAS AGUAS","2019-11-14","","0.01833333"
"PARQUE LAS AGUAS","2019-11-13","","0.02625"
"PARQUE LAS AGUAS","2019-11-12","","0.16875"
"PARQUE LAS AGUAS","2019-11-11","","0.11291667"
"PARQUE LAS AGUAS","2019-11-10","","0.01041667"
"PARQUE LAS AGUAS","2019-11-09","","0.01333333"
"PARQUE LAS AGUAS","2019-11-08","","0.00708333"
"PARQUE LAS AGUAS","2019-11-07","","0.0"
"PARQUE LAS AGUAS","2019-11-06","","4.1667E-4"
"PARQUE LAS AGUAS","2019-11-05","","0.01625"
"PARQUE LAS AGUAS","2019-11-04","","0.0"
"PARQUE LAS AGUAS","2019-11-03","","0.0"
"PARQUE LAS AGUAS","2019-11-02","","0.00416667"
"PARQUE LAS AGUAS","2019-11-01","","0.01791667"
"PARQUE LAS AGUAS","2019-10-31","","0.13375"
"PARQUE LAS AGUAS","2019-10-30","","0.135"
"PARQUE LAS AGUAS","2019-10-29","","0.14041667"
"PARQUE LAS AGUAS","2019-10-28","","0.02791667"
"PARQUE LAS AGUAS","2019-10-27","","0.18291667"
"PARQUE LAS AGUAS","2019-10-26","","0.23708333"
"PARQUE LAS AGUAS","2019-10-25","","0.03666667"
"PARQUE LAS AGUAS","2019-10-24","","0.11791667"
"PARQUE LAS AGUAS","2019-10-23","","0.1475"
"PARQUE LAS AGUAS","2019-10-22","","0.12833333"
"PARQUE LAS AGUAS","2019-10-21","","0.17125"
"PARQUE LAS AGUAS","2019-10-20","","0.15583333"
"PARQUE LAS AGUAS","2019-10-19","","0.06458333"
"PARQUE LAS AGUAS","2019-10-18","","0.19208333"
"PARQUE LAS AGUAS","2019-10-17","","0.0"
"PARQUE LAS AGUAS","2019-10-16","","4.1667E-4"
"PARQUE LAS AGUAS","2019-10-15","","0.04"
"PARQUE LAS AGUAS","2019-10-14","","0.12833333"
"PARQUE LAS AGUAS","2019-10-13","","0.13875"
"PARQUE LAS AGUAS","2019-10-12","","0.19125"
"PARQUE LAS AGUAS","2019-10-11","","0.07375"
"PARQUE LAS AGUAS","2019-10-10","","0.00875"
"PARQUE LAS AGUAS","2019-10-09","","0.0"
"PARQUE LAS AGUAS","2019-10-08","","0.07458333"
"PARQUE LAS AGUAS","2019-10-07","","0.04166667"
"PARQUE LAS AGUAS","2019-10-06","","0.00125"
"PARQUE LAS AGUAS","2019-10-05","","0.15"
"PARQUE LAS AGUAS","2019-10-04","","0.0"
"PARQUE LAS AGUAS","2019-10-03","","0.06208333"
"PARQUE LAS AGUAS","2019-10-02","","4.1667E-4"
"PARQUE LAS AGUAS","2019-10-01","","0.09166667"
"PARQUE LAS AGUAS","2019-09-30","","0.315"
"PARQUE LAS AGUAS","2019-09-29","","8.3333E-4"
"PARQUE LAS AGUAS","2019-09-28","","0.13083333"
"PARQUE LAS AGUAS","2019-09-27","","0.00291667"
"PARQUE LAS AGUAS","2019-09-26","","0.21125"
"PARQUE LAS AGUAS","2019-09-25","","0.19666667"
"PARQUE LAS AGUAS","2019-09-24","","0.03958333"
"PARQUE LAS AGUAS","2019-09-23","","0.09333333"
"PARQUE LAS AGUAS","2019-09-22","","0.09833333"
"PARQUE LAS AGUAS","2019-09-21","","0.02291667"
"PARQUE LAS AGUAS","2019-09-20","","0.08916667"
"PARQUE LAS AGUAS","2019-09-19","","0.2075"
"PARQUE LAS AGUAS","2019-09-18","","0.22041667"
"PARQUE LAS AGUAS","2019-09-17","","0.18666667"
"PARQUE LAS AGUAS","2019-09-16","","0.1775"
"PARQUE LAS AGUAS","2019-09-15","","0.00541667"
"PARQUE LAS AGUAS","2019-09-14","","0.01791667"
"PARQUE LAS AGUAS","2019-09-13","","0.14125"
"PARQUE LAS AGUAS","2019-09-12","","0.02833333"
"PARQUE LAS AGUAS","2019-09-11","","0.0825"
"PARQUE LAS AGUAS","2019-09-10","","0.0025"
"PARQUE LAS AGUAS","2019-09-09","","0.0025"
"PARQUE LAS AGUAS","2019-09-08","","0.0"
"PARQUE LAS AGUAS","2019-09-07","","0.00125"
"PARQUE LAS AGUAS","2019-09-06","","0.14166667"
"PARQUE LAS AGUAS","2019-09-05","","0.01041667"
"PARQUE LAS AGUAS","2019-09-04","","0.02916667"
"PARQUE LAS AGUAS","2019-09-03","","0.00708333"
"PARQUE LAS AGUAS","2019-09-02","","0.0175"
"PARQUE LAS AGUAS","2019-09-01","","0.1025"
"PARQUE LAS AGUAS","2019-08-31","","0.0"
"PARQUE LAS AGUAS","2019-08-30","","0.0"
"PARQUE LAS AGUAS","2019-08-29","","0.0"
"PARQUE LAS AGUAS","2019-08-28","","0.01291667"
"PARQUE LAS AGUAS","2019-08-27","","0.00125"
"PARQUE LAS AGUAS","2019-08-26","","0.0"
"PARQUE LAS AGUAS","2019-08-25","","0.0"
"PARQUE LAS AGUAS","2019-08-24","","0.00375"
"PARQUE LAS AGUAS","2019-08-23","","0.01583333"
"PARQUE LAS AGUAS","2019-08-22","","0.0"
"PARQUE LAS AGUAS","2019-08-21","","0.0025"
"PARQUE LAS AGUAS","2019-08-20","","0.0"
"PARQUE LAS AGUAS","2019-08-19","","0.01916667"
"PARQUE LAS AGUAS","2019-08-18","","0.04"
"PARQUE LAS AGUAS","2019-08-17","","0.00333333"
"PARQUE LAS AGUAS","2019-08-16","","0.05958333"
"PARQUE LAS AGUAS","2019-08-15","","0.0"
"PARQUE LAS AGUAS","2019-08-14","","0.0"
"PARQUE LAS AGUAS","2019-08-13","","0.03083333"
"PARQUE LAS AGUAS","2019-08-12","","0.0"
"PARQUE LAS AGUAS","2019-08-11","","0.00166667"
"PARQUE LAS AGUAS","2019-08-10","","0.00291667"
"PARQUE LAS AGUAS","2019-08-09","","0.0"
"PARQUE LAS AGUAS","2019-08-08","","0.00291667"
"PARQUE LAS AGUAS","2019-08-07","","0.0"
"PARQUE LAS AGUAS","2019-08-06","","0.0"
"PARQUE LAS AGUAS","2019-08-05","","0.005"
"PARQUE LAS AGUAS","2019-08-04","","0.00458333"
"PARQUE LAS AGUAS","2019-08-03","","0.00708333"
"PARQUE LAS AGUAS","2019-08-02","","0.14458333"
"PARQUE LAS AGUAS","2019-08-01","","0.00666667"
"PARQUE LAS AGUAS","2019-07-31","","0.00583333"
"PARQUE LAS AGUAS","2019-07-30","","0.07458333"
"PARQUE LAS AGUAS","2019-07-29","","0.00708333"
"PARQUE LAS AGUAS","2019-07-28","","0.0"
"PARQUE LAS AGUAS","2019-07-27","","0.03875"
"PARQUE LAS AGUAS","2019-07-26","","0.025"
"PARQUE LAS AGUAS","2019-07-25","","0.0125"
"PARQUE LAS AGUAS","2019-07-24","","0.0525"
"PARQUE LAS AGUAS","2019-07-23","","0.18625"
"PARQUE LAS AGUAS","2019-07-22","","0.04791667"
"PARQUE LAS AGUAS","2019-07-21","","0.06375"
"PARQUE LAS AGUAS","2019-07-20","","0.00125"
"PARQUE LAS AGUAS","2019-07-19","","0.02708333"
"PARQUE LAS AGUAS","2019-07-18","","0.02916667"
"PARQUE LAS AGUAS","2019-07-17","","0.00541667"
"PARQUE LAS AGUAS","2019-07-16","","0.03666667"
"PARQUE LAS AGUAS","2019-07-15","","0.12958333"
"PARQUE LAS AGUAS","2019-07-14","","0.19"
"PARQUE LAS AGUAS","2019-07-13","","0.14833333"
"PARQUE LAS AGUAS","2019-07-12","","0.0425"
"PARQUE LAS AGUAS","2019-07-11","","0.07875"
"PARQUE LAS AGUAS","2019-07-10","","0.02833333"
"PARQUE LAS AGUAS","2019-07-09","","0.09083333"
"PARQUE LAS AGUAS","2019-07-08","","0.01875"
"PARQUE LAS AGUAS","2019-07-07","","0.0"
"PARQUE LAS AGUAS","2019-07-06","","0.0"
"PARQUE LAS AGUAS","2019-07-05","","0.21333333"
"PARQUE LAS AGUAS","2019-07-04","","0.00708333"
"PARQUE LAS AGUAS","2019-07-03","","0.005"
"PARQUE LAS AGUAS","2019-07-02","","0.15083333"
"PARQUE LAS AGUAS","2019-07-01","","0.09208333"
"PARQUE LAS AGUAS","2019-06-30","","4.1667E-4"
"PARQUE LAS AGUAS","2019-06-29","","0.02541667"
"PARQUE LAS AGUAS","2019-06-28","","0.0"
"PARQUE LAS AGUAS","2019-06-27","","0.00291667"
"PARQUE LAS AGUAS","2019-06-26","","0.0"
"PARQUE LAS AGUAS","2019-06-25","","0.00208333"
"PARQUE LAS AGUAS","2019-06-24","","0.00958333"
"PARQUE LAS AGUAS","2019-06-23","","0.0"
"PARQUE LAS AGUAS","2019-06-22","","0.0"
"PARQUE LAS AGUAS","2019-06-21","","0.0"
"PARQUE LAS AGUAS","2019-06-20","","0.0"
"PARQUE LAS AGUAS","2019-06-19","","0.00625"
"PARQUE LAS AGUAS","2019-06-18","","0.00166667"
"PARQUE LAS AGUAS","2019-06-17","","0.00125"
"PARQUE LAS AGUAS","2019-06-16","","0.05791667"
"PARQUE LAS AGUAS","2019-06-15","","0.08208333"
"PARQUE LAS AGUAS","2019-06-14","","0.06125"
"PARQUE LAS AGUAS","2019-06-13","","0.17208333"
"PARQUE LAS AGUAS","2019-06-12","","0.1075"
"PARQUE LAS AGUAS","2019-06-11","","0.00166667"
"PARQUE LAS AGUAS","2019-06-10","","0.02"
"PARQUE LAS AGUAS","2019-06-09","","0.0525"
"PARQUE LAS AGUAS","2019-06-08","","0.07"
"PARQUE LAS AGUAS","2019-06-07","","0.27625"
"PARQUE LAS AGUAS","2019-06-06","","0.00583333"
"PARQUE LAS AGUAS","2019-06-05","","0.01083333"
"PARQUE LAS AGUAS","2019-06-04","","0.04458333"
"PARQUE LAS AGUAS","2019-06-03","","0.00625"
"PARQUE LAS AGUAS","2019-06-02","","0.0475"
"PARQUE LAS AGUAS","2019-06-01","","0.14833333"
"PARQUE LAS AGUAS","2019-05-31","","0.07916667"
"PARQUE LAS AGUAS","2019-05-30","","0.13166667"
"PARQUE LAS AGUAS","2019-05-29","","0.0575"
"PARQUE LAS AGUAS","2019-05-28","","0.17333333"
"PARQUE LAS AGUAS","2019-05-27","","0.23583333"
"PARQUE LAS AGUAS","2019-05-26","","0.01541667"
"PARQUE LAS AGUAS","2019-05-25","","0.12875"
"PARQUE LAS AGUAS","2019-05-24","","0.12416667"
"PARQUE LAS AGUAS","2019-05-23","","0.235"
"PARQUE LAS AGUAS","2019-05-22","","0.31083333"
"PARQUE LAS AGUAS","2019-05-21","","0.20333333"
"PARQUE LAS AGUAS","2019-05-20","","0.23625"
"PARQUE LAS AGUAS","2019-05-19","","0.20708333"
"PARQUE LAS AGUAS","2019-05-18","","0.04541667"
"PARQUE LAS AGUAS","2019-05-17","","0.06791667"
"PARQUE LAS AGUAS","2019-05-16","","0.01541667"
"PARQUE LAS AGUAS","2019-05-15","","0.02916667"
"PARQUE LAS AGUAS","2019-05-14","","0.09333333"
"PARQUE LAS AGUAS","2019-05-13","","0.2725"
"PARQUE LAS AGUAS","2019-05-12","","0.0875"
"PARQUE LAS AGUAS","2019-05-11","","0.39"
"PARQUE LAS AGUAS","2019-05-10","","0.1375"
"PARQUE LAS AGUAS","2019-05-09","","0.3725"
"PARQUE LAS AGUAS","2019-05-08","","0.23958333"
"PARQUE LAS AGUAS","2019-05-07","","0.01333333"
"PARQUE LAS AGUAS","2019-05-06","","0.00125"
"PARQUE LAS AGUAS","2019-05-05","","0.0"
"PARQUE LAS AGUAS","2019-05-04","","0.00291667"
"PARQUE LAS AGUAS","2019-05-03","","0.0"
"PARQUE LAS AGUAS","2019-05-02","","8.3333E-4"
"PARQUE LAS AGUAS","2019-05-01","","8.3333E-4"
"PARQUE LAS AGUAS","2019-04-30","","8.3333E-4"
"PARQUE LAS AGUAS","2019-04-29","","0.0"
"PARQUE LAS AGUAS","2019-04-28","","0.00416667"
"PARQUE LAS AGUAS","2019-04-27","","0.00208333"
"PARQUE LAS AGUAS","2019-04-26","","0.17625"
"PARQUE LAS AGUAS","2019-04-25","","0.04916667"
"PARQUE LAS AGUAS","2019-04-24","","0.11166667"
"PARQUE LAS AGUAS","2019-04-23","","0.17"
"PARQUE LAS AGUAS","2019-04-22","","0.16208333"
"PARQUE LAS AGUAS","2019-04-21","","0.15041667"
"PARQUE LAS AGUAS","2019-04-20","","0.06416667"
"PARQUE LAS AGUAS","2019-04-19","","0.04041667"
"PARQUE LAS AGUAS","2019-04-18","","0.07333333"
"PARQUE LAS AGUAS","2019-04-17","","0.00291667"
"PARQUE LAS AGUAS","2019-04-16","","0.01125"
"PARQUE LAS AGUAS","2019-04-15","","0.13791667"
"PARQUE LAS AGUAS","2019-04-14","","0.08041667"
"PARQUE LAS AGUAS","2019-04-13","","0.04625"
"PARQUE LAS AGUAS","2019-04-12","","0.01291667"
"PARQUE LAS AGUAS","2019-04-11","","0.01833333"
"PARQUE LAS AGUAS","2019-04-10","","0.06083333"
"PARQUE LAS AGUAS","2019-04-09","","0.06125"
"PARQUE LAS AGUAS","2019-04-08","","0.01333333"
"PARQUE LAS AGUAS","2019-04-07","","0.03"
"PARQUE LAS AGUAS","2019-04-06","","0.08625"
"PARQUE LAS AGUAS","2019-04-05","","0.44916667"
"PARQUE LAS AGUAS","2019-04-04","","0.05291667"
"PARQUE LAS AGUAS","2019-04-03","","4.1667E-4"
"PARQUE LAS AGUAS","2019-04-02","","0.12125"
"PARQUE LAS AGUAS","2019-04-01","","0.19875"
"PARQUE LAS AGUAS","2019-03-31","","0.00541667"
"PARQUE LAS AGUAS","2019-03-30","","0.01833333"
"PARQUE LAS AGUAS","2019-03-29","","0.045"
"PARQUE LAS AGUAS","2019-03-28","","0.00208333"
"PARQUE LAS AGUAS","2019-03-27","","4.1667E-4"
"PARQUE LAS AGUAS","2019-03-26","","0.03333333"
"PARQUE LAS AGUAS","2019-03-25","","0.04541667"
"PARQUE LAS AGUAS","2019-03-24","","0.0825"
"PARQUE LAS AGUAS","2019-03-23","","0.00416667"
"PARQUE LAS AGUAS","2019-03-22","","0.01041667"
"PARQUE LAS AGUAS","2019-03-21","","0.03833333"
"PARQUE LAS AGUAS","2019-03-20","","0.00875"
"PARQUE LAS AGUAS","2019-03-19","","0.09625"
"PARQUE LAS AGUAS","2019-03-18","","0.06833333"
"PARQUE LAS AGUAS","2019-03-17","","0.055"
"PARQUE LAS AGUAS","2019-03-16","","4.1667E-4"
"PARQUE LAS AGUAS","2019-03-15","","0.00958333"
"PARQUE LAS AGUAS","2019-03-14","","0.01041667"
"PARQUE LAS AGUAS","2019-03-13","","0.00208333"
"PARQUE LAS AGUAS","2019-03-12","","0.00333333"
"PARQUE LAS AGUAS","2019-03-11","","0.01666667"
"PARQUE LAS AGUAS","2019-03-10","","0.09416667"
"PARQUE LAS AGUAS","2019-03-09","","0.00666667"
"PARQUE LAS AGUAS","2019-03-08","","0.04041667"
"PARQUE LAS AGUAS","2019-03-07","","0.04291667"
"PARQUE LAS AGUAS","2019-03-06","","0.01625"
"PARQUE LAS AGUAS","2019-03-05","","0.0075"
"PARQUE LAS AGUAS","2019-03-04","","0.02875"
"PARQUE LAS AGUAS","2019-03-03","","0.36083333"
"PARQUE LAS AGUAS","2019-03-02","","0.03791667"
"PARQUE LAS AGUAS","2019-03-01","","0.01125"
"PARQUE LAS AGUAS","2019-02-28","","0.16791667"
"PARQUE LAS AGUAS","2019-02-27","","0.16125"
"PARQUE LAS AGUAS","2019-02-26","","0.09291667"
"PARQUE LAS AGUAS","2019-02-25","","0.0"
"PARQUE LAS AGUAS","2019-02-24","","0.0"
"PARQUE LAS AGUAS","2019-02-23","","0.05333333"
"PARQUE LAS AGUAS","2019-02-22","","0.11708333"
"PARQUE LAS AGUAS","2019-02-21","","0.00666667"
"PARQUE LAS AGUAS","2019-02-20","","0.08625"
"PARQUE LAS AGUAS","2019-02-19","","0.06166667"
"PARQUE LAS AGUAS","2019-02-18","","0.0175"
"PARQUE LAS AGUAS","2019-02-17","","0.0"
"PARQUE LAS AGUAS","2019-02-16","","0.07"
"PARQUE LAS AGUAS","2019-02-15","","4.1667E-4"
"PARQUE LAS AGUAS","2019-02-14","","0.06083333"
"PARQUE LAS AGUAS","2019-02-13","","0.0"
"PARQUE LAS AGUAS","2019-02-12","","0.00666667"
"PARQUE LAS AGUAS","2019-02-11","","0.0125"
"PARQUE LAS AGUAS","2019-02-10","","0.02875"
"PARQUE LAS AGUAS","2019-02-09","","0.01208333"
"PARQUE LAS AGUAS","2019-02-08","","0.00458333"
"PARQUE LAS AGUAS","2019-02-07","","0.0"
"PARQUE LAS AGUAS","2019-02-06","","0.0"
"PARQUE LAS AGUAS","2019-02-05","","0.0"
"PARQUE LAS AGUAS","2019-02-04","","0.0"
"PARQUE LAS AGUAS","2019-02-03","","0.0"
"PARQUE LAS AGUAS","2019-02-02","","4.1667E-4"
"PARQUE LAS AGUAS","2019-02-01","","0.005"
"PARQUE LAS AGUAS","2019-01-31","","0.00291667"
"PARQUE LAS AGUAS","2019-01-30","","0.0"
"PARQUE LAS AGUAS","2019-01-29","","0.0"
"PARQUE LAS AGUAS","2019-01-28","","0.01083333"
"PARQUE LAS AGUAS","2019-01-27","","0.00208333"
"PARQUE LAS AGUAS","2019-01-26","","0.005"
"PARQUE LAS AGUAS","2019-01-25","","0.01791667"
"PARQUE LAS AGUAS","2019-01-24","","0.0"
"PARQUE LAS AGUAS","2019-01-23","","0.0"
"PARQUE LAS AGUAS","2019-01-22","","0.00708333"
"PARQUE LAS AGUAS","2019-01-21","","0.02541667"
"PARQUE LAS AGUAS","2019-01-20","","0.02875"
"PARQUE LAS AGUAS","2019-01-19","","4.1667E-4"
"PARQUE LAS AGUAS","2019-01-18","","0.00125"
"PARQUE LAS AGUAS","2019-01-17","","0.01875"
"PARQUE LAS AGUAS","2019-01-16","","0.05375"
"PARQUE LAS AGUAS","2019-01-15","","0.00291667"
"PARQUE LAS AGUAS","2019-01-14","","0.0025"
"PARQUE LAS AGUAS","2019-01-13","","0.00416667"
"PARQUE LAS AGUAS","2019-01-12","","0.01375"
"PARQUE LAS AGUAS","2019-01-11","","0.0"
"PARQUE LAS AGUAS","2019-01-10","","0.03958333"
"PARQUE LAS AGUAS","2019-01-09","","0.03791667"
"PARQUE LAS AGUAS","2019-01-08","","0.06333333"
"PARQUE LAS AGUAS","2019-01-07","","0.01458333"
"PARQUE LAS AGUAS","2019-01-06","","0.02416667"
"PARQUE LAS AGUAS","2019-01-05","","0.0"
"PARQUE LAS AGUAS","2019-01-04","","4.1667E-4"
"PARQUE LAS AGUAS","2019-01-03","","0.0"
"PARQUE LAS AGUAS","2019-01-02","","0.0"
"PARQUE LAS AGUAS","2019-01-01","","0.0"
"PARQUE LAS AGUAS","2013-10-31","","0.03333333"
"PARQUE LAS AGUAS","2013-10-30","","0.05"
"PARQUE LAS AGUAS","2013-10-29","","0.05"
"PARQUE LAS AGUAS","2013-10-28","","0.00833333"
"PARQUE LAS AGUAS","2013-10-27","","0.0"
"PARQUE LAS AGUAS","2013-10-26","","0.0"
"PARQUE LAS AGUAS","2013-10-25","","0.13333333"
"PARQUE LAS AGUAS","2013-10-24","","0.3"
"PARQUE LAS AGUAS","2013-10-23","","0.43333333"
"PARQUE LAS AGUAS","2013-10-22","","0.71666667"
"PARQUE LAS AGUAS","2013-10-21","","0.73333333"
"PARQUE LAS AGUAS","2013-10-20","","0.05"
"PARQUE LAS AGUAS","2013-10-19","","0.0"
"PARQUE LAS AGUAS","2013-10-18","","0.49166667"
"PARQUE LAS AGUAS","2013-10-17","","0.14166667"
"PARQUE LAS AGUAS","2013-10-16","","0.15833333"
"PARQUE LAS AGUAS","2013-10-15","","0.0"
"PARQUE LAS AGUAS","2013-10-14","","0.70833333"
"PARQUE LAS AGUAS","2013-10-13","","1.23333333"
"PARQUE LAS AGUAS","2013-10-12","","0.21666667"
"PARQUE LAS AGUAS","2013-10-11","","0.34166667"
"PARQUE LAS AGUAS","2013-10-10","","0.575"
"PARQUE LAS AGUAS","2013-10-09","","0.03333333"
"PARQUE LAS AGUAS","2013-10-08","","0.15833333"
"PARQUE LAS AGUAS","2013-10-07","","0.0"
"PARQUE LAS AGUAS","2013-10-06","","0.00833333"
"PARQUE LAS AGUAS","2013-10-05","","0.00833333"
"PARQUE LAS AGUAS","2013-10-04","","1.05"
"PARQUE LAS AGUAS","2013-10-03","","0.25"
"PARQUE LAS AGUAS","2013-10-02","","0.21666667"
"PARQUE LAS AGUAS","2013-10-01","","0.05"
"PARQUE LAS AGUAS","2013-02-28","","0.25"
"PARQUE LAS AGUAS","2013-02-27","","0.20833333"
"PARQUE LAS AGUAS","2013-02-26","","0.08333333"
"PARQUE LAS AGUAS","2013-02-25","","0.0"
"PARQUE LAS AGUAS","2013-02-24","","0.10416667"
"PARQUE LAS AGUAS","2013-02-23","","0.08333333"
"PARQUE LAS AGUAS","2013-02-22","","0.33333333"
"PARQUE LAS AGUAS","2013-02-21","","0.0"
"PARQUE LAS AGUAS","2013-02-20","","0.0"
"PARQUE LAS AGUAS","2013-02-19","","0.0"
"PARQUE LAS AGUAS","2013-02-18","","0.0"
"PARQUE LAS AGUAS","2013-02-17","","0.0"
"PARQUE LAS AGUAS","2013-02-16","","0.04166667"
"PARQUE LAS AGUAS","2013-02-15","","0.0"
"PARQUE LAS AGUAS","2013-02-14","","0.0"
"PARQUE LAS AGUAS","2013-02-13","","0.0"
"PARQUE LAS AGUAS","2013-02-12","","0.0"
"PARQUE LAS AGUAS","2013-02-11","","0.0"
"PARQUE LAS AGUAS","2013-02-10","","0.0"
"PARQUE LAS AGUAS","2013-02-09","","0.0"
"PARQUE LAS AGUAS","2013-02-08","","0.4375"
"PARQUE LAS AGUAS","2013-02-07","","0.0"
"PARQUE LAS AGUAS","2013-02-06","","0.0"
"PARQUE LAS AGUAS","2013-02-05","","0.29166667"
"PARQUE LAS AGUAS","2013-02-04","","0.125"
"PARQUE LAS AGUAS","2013-02-03","","0.16666667"
"PARQUE LAS AGUAS","2013-02-02","","0.29166667"
"PARQUE LAS AGUAS","2013-02-01","","0.02083333"
"PARQUE LAS AGUAS","2013-01-31","","0.25"
"PARQUE LAS AGUAS","2013-01-30","","0.125"
"PARQUE LAS AGUAS","2013-01-29","","0.14583333"
"PARQUE LAS AGUAS","2013-01-28","","0.0"
"PARQUE LAS AGUAS","2013-01-27","","0.0"
"PARQUE LAS AGUAS","2013-01-26","","0.0"
"PARQUE LAS AGUAS","2013-01-25","","0.0"
"PARQUE LAS AGUAS","2013-01-24","","0.0"
"PARQUE LAS AGUAS","2013-01-23","","0.0"
"PARQUE LAS AGUAS","2013-01-22","","0.0"
"PARQUE LAS AGUAS","2013-01-21","","0.0"
"PARQUE LAS AGUAS","2013-01-20","","0.02083333"
"PARQUE LAS AGUAS","2013-01-19","","0.0"
"PARQUE LAS AGUAS","2013-01-18","","0.08333333"
"PARQUE LAS AGUAS","2013-01-17","","0.0"
"PARQUE LAS AGUAS","2013-01-16","","0.0"
"PARQUE LAS AGUAS","2013-01-15","","0.0"
"PARQUE LAS AGUAS","2013-01-14","","0.02083333"
"PARQUE LAS AGUAS","2013-01-13","","0.0"
"PARQUE LAS AGUAS","2013-01-12","","0.0"
"PARQUE LAS AGUAS","2013-01-11","","0.0"
"PARQUE LAS AGUAS","2013-01-10","","0.0"
"PARQUE LAS AGUAS","2013-01-09","","0.0"
"PARQUE LAS AGUAS","2013-01-08","","0.0"
"PARQUE LAS AGUAS","2013-01-07","","0.0"
"PARQUE LAS AGUAS","2013-01-06","","0.0"
"PARQUE LAS AGUAS","2013-01-05","","0.0"
"PARQUE LAS AGUAS","2013-01-04","","0.0"
"PARQUE LAS AGUAS","2013-01-03","","0.0"
"PARQUE LAS AGUAS","2013-01-02","","0.0"
"PARQUE LAS AGUAS","2013-01-01","","0.0625"
"PARQUE LAS AGUAS","2012-12-31","","0.0"
"PARQUE LAS AGUAS","2012-12-30","","0.0"
"PARQUE LAS AGUAS","2012-12-29","","0.0"
"PARQUE LAS AGUAS","2012-12-28","","0.0"
"PARQUE LAS AGUAS","2012-12-27","","0.0"
"PARQUE LAS AGUAS","2012-12-26","","0.25"
"PARQUE LAS AGUAS","2012-12-25","","0.02083333"
"PARQUE LAS AGUAS","2012-12-24","","0.0"
"PARQUE LAS AGUAS","2012-12-23","","0.0"
"PARQUE LAS AGUAS","2012-12-22","","0.0"
"PARQUE LAS AGUAS","2012-12-21","","0.02083333"
"PARQUE LAS AGUAS","2012-12-20","","0.39583333"
"PARQUE LAS AGUAS","2012-12-19","","0.0"
"PARQUE LAS AGUAS","2012-12-18","","0.02083333"
"PARQUE LAS AGUAS","2012-12-17","","0.0"
"PARQUE LAS AGUAS","2012-12-16","","0.0"
"PARQUE LAS AGUAS","2012-12-15","","0.0"
"PARQUE LAS AGUAS","2012-12-14","","0.0"
"PARQUE LAS AGUAS","2012-12-13","","0.0"
"PARQUE LAS AGUAS","2012-12-12","","0.0"
"PARQUE LAS AGUAS","2012-12-11","","0.0"
"PARQUE LAS AGUAS","2012-12-10","","0.16666667"
"PARQUE LAS AGUAS","2012-12-09","","0.0"
"PARQUE LAS AGUAS","2012-12-08","","0.0"
"PARQUE LAS AGUAS","2012-12-07","","0.0"
"PARQUE LAS AGUAS","2012-12-06","","0.0"
"PARQUE LAS AGUAS","2012-12-05","","0.0"
"PARQUE LAS AGUAS","2012-12-04","","0.0"
"PARQUE LAS AGUAS","2012-12-03","","0.16666667"
"PARQUE LAS AGUAS","2012-12-02","","0.0"
"PARQUE LAS AGUAS","2012-12-01","","0.52083333"
"PARQUE LAS AGUAS","2012-11-30","","0.20833333"
"PARQUE LAS AGUAS","2012-11-29","","0.375"
"PARQUE LAS AGUAS","2012-11-28","","0.0"
"PARQUE LAS AGUAS","2012-11-27","","0.08333333"
"PARQUE LAS AGUAS","2012-11-26","","0.27083333"
"PARQUE LAS AGUAS","2012-11-25","","0.0"
"PARQUE LAS AGUAS","2012-11-24","","0.0"
"PARQUE LAS AGUAS","2012-11-23","","0.0"
"PARQUE LAS AGUAS","2012-11-22","","0.02083333"
"PARQUE LAS AGUAS","2012-11-21","","0.02083333"
"PARQUE LAS AGUAS","2012-11-20","","0.0"
"PARQUE LAS AGUAS","2012-11-19","","0.0"
"PARQUE LAS AGUAS","2012-11-18","","0.35416667"
"PARQUE LAS AGUAS","2012-11-17","","0.875"
"PARQUE LAS AGUAS","2012-11-16","","0.77083333"
"PARQUE LAS AGUAS","2012-11-15","","0.625"
"PARQUE LAS AGUAS","2012-11-14","","0.04166667"
"PARQUE LAS AGUAS","2012-11-13","","0.3125"
"PARQUE LAS AGUAS","2012-11-12","","0.0"
"PARQUE LAS AGUAS","2012-11-11","","0.02083333"
"PARQUE LAS AGUAS","2012-11-10","","0.0"
"PARQUE LAS AGUAS","2012-11-09","","0.75"
"PARQUE LAS AGUAS","2012-11-08","","0.0"
"PARQUE LAS AGUAS","2012-11-07","","0.02083333"
"PARQUE LAS AGUAS","2012-11-06","","0.0"
"PARQUE LAS AGUAS","2012-11-05","","0.0"
"PARQUE LAS AGUAS","2012-11-04","","0.0"
"PARQUE LAS AGUAS","2012-11-03","","0.14583333"
"PARQUE LAS AGUAS","2012-11-02","","0.02083333"
"PARQUE LAS AGUAS","2012-11-01","","0.16666667"
