"Estacion","Fecha inicial","Fecha final","VViento"
"PARQUE LAS AGUAS","2025-10-31","","1.596"
"PARQUE LAS AGUAS","2025-10-30","","1.672"
"PARQUE LAS AGUAS","2025-10-29","","1.4995"
"PARQUE LAS AGUAS","2025-10-28","","1.34070833"
"PARQUE LAS AGUAS","2025-10-27","","0.79804167"
"PARQUE LAS AGUAS","2025-10-26","","0.90433333"
"PARQUE LAS AGUAS","2025-10-25","","0.917875"
"PARQUE LAS AGUAS","2025-10-24","","0.79945833"
"PARQUE LAS AGUAS","2025-10-23","","0.769625"
"PARQUE LAS AGUAS","2025-10-22","","0.730125"
"PARQUE LAS AGUAS","2025-10-21","","1.017125"
"PARQUE LAS AGUAS","2025-10-20","","1.53545833"
"PARQUE LAS AGUAS","2025-10-19","","0.90266667"
"PARQUE LAS AGUAS","2025-10-18","","1.67741667"
"PARQUE LAS AGUAS","2025-10-17","","0.91483333"
"PARQUE LAS AGUAS","2025-10-16","","1.471625"
"PARQUE LAS AGUAS","2025-10-15","","0.20854167"
"PARQUE LAS AGUAS","2025-10-14","","0.0"
"PARQUE LAS AGUAS","2025-10-13","","0.0"
"PARQUE LAS AGUAS","2025-10-12","","0.0"
"PARQUE LAS AGUAS","2025-10-11","","0.0"
"PARQUE LAS AGUAS","2025-10-10","","0.23391667"
"PARQUE LAS AGUAS","2025-10-09","","1.55775"
"PARQUE LAS AGUAS","2025-10-08","","0.78983333"
"PARQUE LAS AGUAS","2025-10-07","","1.57679167"
"PARQUE LAS AGUAS","2025-10-06","","1.76366667"
"PARQUE LAS AGUAS","2025-10-05","","1.79441667"
"PARQUE LAS AGUAS","2025-10-04","","1.98841667"
"PARQUE LAS AGUAS","2025-10-03","","1.97225"
"PARQUE LAS AGUAS","2025-10-02","","1.26541667"
"PARQUE LAS AGUAS","2025-10-01","","1.261125"
"PARQUE LAS AGUAS","2025-09-30","","0.0"
"PARQUE LAS AGUAS","2025-09-29","","0.0"
"PARQUE LAS AGUAS","2025-09-28","","0.0"
"PARQUE LAS AGUAS","2025-09-27","","0.0"
"PARQUE LAS AGUAS","2025-09-26","","0.0"
"PARQUE LAS AGUAS","2025-09-25","","0.0"
"PARQUE LAS AGUAS","2025-09-24","","0.16054167"
"PARQUE LAS AGUAS","2025-09-23","","1.42679167"
"PARQUE LAS AGUAS","2025-09-22","","1.89279167"
"PARQUE LAS AGUAS","2025-09-21","","1.71520833"
"PARQUE LAS AGUAS","2025-09-20","","1.00275"
"PARQUE LAS AGUAS","2025-09-19","","1.05029167"
"PARQUE LAS AGUAS","2025-09-18","","0.21933333"
"PARQUE LAS AGUAS","2025-09-17","","0.0"
"PARQUE LAS AGUAS","2025-09-16","","0.0"
"PARQUE LAS AGUAS","2025-09-15","","0.0"
"PARQUE LAS AGUAS","2025-09-14","","0.0"
"PARQUE LAS AGUAS","2025-09-13","","0.0"
"PARQUE LAS AGUAS","2025-09-12","","0.0"
"PARQUE LAS AGUAS","2025-09-11","","0.0"
"PARQUE LAS AGUAS","2025-09-10","","0.0"
"PARQUE LAS AGUAS","2025-09-09","","0.0"
"PARQUE LAS AGUAS","2025-09-08","","0.0"
"PARQUE LAS AGUAS","2025-09-07","","0.0"
"PARQUE LAS AGUAS","2025-09-06","","0.0"
"PARQUE LAS AGUAS","2025-09-05","","0.0"
"PARQUE LAS AGUAS","2025-09-04","","0.0"
"PARQUE LAS AGUAS","2025-09-03","","0.0"
"PARQUE LAS AGUAS","2025-09-02","","0.0"
"PARQUE LAS AGUAS","2025-09-01","","0.0"
"PARQUE LAS AGUAS","2025-04-23","","1.18379126"
"PARQUE LAS AGUAS","2025-04-22","","0.89385953"
"PARQUE LAS AGUAS","2025-04-21","","0.81165717"
"PARQUE LAS AGUAS","2025-04-20","","0.86547825"
"PARQUE LAS AGUAS","2025-04-19","","2.00835957"
"PARQUE LAS AGUAS","2025-04-18","","1.9110636"
"PARQUE LAS AGUAS","2025-04-17","","1.89501692"
"PARQUE LAS AGUAS","2025-04-16","","1.81611845"
"PARQUE LAS AGUAS","2025-04-15","","1.30246554"
"PARQUE LAS AGUAS","2025-04-14","","1.47849899"
"PARQUE LAS AGUAS","2025-04-13","","1.5915409"
"PARQUE LAS AGUAS","2025-04-12","","1.80827012"
"PARQUE LAS AGUAS","2025-04-11","","1.65889987"
"PARQUE LAS AGUAS","2025-04-10","","1.47773532"
"PARQUE LAS AGUAS","2025-04-09","","1.62756201"
"PARQUE LAS AGUAS","2025-04-08","","1.29022534"
"PARQUE LAS AGUAS","2025-04-07","","1.95903906"
"PARQUE LAS AGUAS","2025-04-06","","0.95392923"
"PARQUE LAS AGUAS","2025-04-05","","1.0228357"
"PARQUE LAS AGUAS","2025-04-04","","0.84110547"
"PARQUE LAS AGUAS","2025-04-03","","1.59177003"
"PARQUE LAS AGUAS","2025-04-02","","0.84676114"
"PARQUE LAS AGUAS","2025-04-01","","1.82021773"
"PARQUE LAS AGUAS","2025-03-31","","1.73427854"
"PARQUE LAS AGUAS","2025-03-30","","1.13005648"
"PARQUE LAS AGUAS","2025-03-29","","1.04432055"
"PARQUE LAS AGUAS","2025-03-28","","1.30956141"
"PARQUE LAS AGUAS","2025-03-27","","1.55974722"
"PARQUE LAS AGUAS","2025-03-26","","1.6562888"
"PARQUE LAS AGUAS","2025-03-25","","1.68257935"
"PARQUE LAS AGUAS","2025-03-24","","1.15879314"
"PARQUE LAS AGUAS","2025-03-23","","1.4963715"
"PARQUE LAS AGUAS","2025-03-22","","1.13441942"
"PARQUE LAS AGUAS","2025-03-21","","1.78982717"
"PARQUE LAS AGUAS","2025-03-20","","1.99151974"
"PARQUE LAS AGUAS","2025-03-19","","1.73231219"
"PARQUE LAS AGUAS","2025-03-18","","1.46254336"
"PARQUE LAS AGUAS","2025-03-17","","1.57629597"
"PARQUE LAS AGUAS","2025-03-16","","1.57736705"
"PARQUE LAS AGUAS","2025-03-15","","2.03324188"
"PARQUE LAS AGUAS","2025-03-14","","1.4815601"
"PARQUE LAS AGUAS","2025-03-13","","1.41766056"
"PARQUE LAS AGUAS","2025-03-12","","1.67372625"
"PARQUE LAS AGUAS","2025-03-11","","1.52789949"
"PARQUE LAS AGUAS","2025-03-10","","2.05330595"
"PARQUE LAS AGUAS","2025-03-09","","2.0446326"
"PARQUE LAS AGUAS","2025-03-08","","1.81449043"
"PARQUE LAS AGUAS","2025-03-07","","1.72180053"
"PARQUE LAS AGUAS","2025-03-06","","1.74906317"
"PARQUE LAS AGUAS","2025-03-05","","1.72762322"
"PARQUE LAS AGUAS","2025-03-04","","1.24381408"
"PARQUE LAS AGUAS","2025-03-03","","2.1703918"
"PARQUE LAS AGUAS","2025-03-02","","1.86846485"
"PARQUE LAS AGUAS","2025-03-01","","1.11820428"
"PARQUE LAS AGUAS","2025-02-28","","0.91503797"
"PARQUE LAS AGUAS","2025-02-27","","1.86620418"
"PARQUE LAS AGUAS","2025-02-26","","2.10126871"
"PARQUE LAS AGUAS","2025-02-25","","1.14282779"
"PARQUE LAS AGUAS","2025-02-24","","1.01022062"
"PARQUE LAS AGUAS","2025-02-23","","1.89149699"
"PARQUE LAS AGUAS","2025-02-22","","1.62374366"
"PARQUE LAS AGUAS","2025-02-21","","1.5209672"
"PARQUE LAS AGUAS","2025-02-20","","2.10380223"
"PARQUE LAS AGUAS","2025-02-19","","1.59308758"
"PARQUE LAS AGUAS","2025-02-18","","0.97442612"
"PARQUE LAS AGUAS","2025-02-17","","1.79644139"
"PARQUE LAS AGUAS","2025-02-16","","1.5819062"
"PARQUE LAS AGUAS","2025-02-15","","2.01521826"
"PARQUE LAS AGUAS","2025-02-14","","1.67591781"
"PARQUE LAS AGUAS","2025-02-13","","1.60021407"
"PARQUE LAS AGUAS","2025-02-12","","1.53660501"
"PARQUE LAS AGUAS","2025-02-11","","1.51015107"
"PARQUE LAS AGUAS","2025-02-10","","2.02856605"
"PARQUE LAS AGUAS","2025-02-09","","1.25626478"
"PARQUE LAS AGUAS","2025-02-08","","1.20309599"
"PARQUE LAS AGUAS","2025-02-07","","1.94947658"
"PARQUE LAS AGUAS","2025-02-06","","1.87719536"
"PARQUE LAS AGUAS","2025-02-05","","1.09348633"
"PARQUE LAS AGUAS","2025-02-04","","1.65210033"
"PARQUE LAS AGUAS","2025-02-03","","2.24002498"
"PARQUE LAS AGUAS","2025-02-02","","1.81053511"
"PARQUE LAS AGUAS","2025-02-01","","1.61626542"
"PARQUE LAS AGUAS","2025-01-31","","1.74087585"
"PARQUE LAS AGUAS","2025-01-30","","1.69232545"
"PARQUE LAS AGUAS","2025-01-29","","1.79868737"
"PARQUE LAS AGUAS","2025-01-28","","1.76840487"
"PARQUE LAS AGUAS","2025-01-27","","1.66727861"
"PARQUE LAS AGUAS","2025-01-26","","1.38028679"
"PARQUE LAS AGUAS","2025-01-25","","1.68860987"
"PARQUE LAS AGUAS","2025-01-24","","1.38645901"
"PARQUE LAS AGUAS","2025-01-23","","1.18822767"
"PARQUE LAS AGUAS","2025-01-22","","1.56288077"
"PARQUE LAS AGUAS","2025-01-21","","1.59659488"
"PARQUE LAS AGUAS","2025-01-20","","1.78092885"
"PARQUE LAS AGUAS","2025-01-19","","1.43413646"
"PARQUE LAS AGUAS","2025-01-18","","1.79519196"
"PARQUE LAS AGUAS","2025-01-17","","1.81111229"
"PARQUE LAS AGUAS","2025-01-16","","1.58714405"
"PARQUE LAS AGUAS","2025-01-15","","1.81296899"
"PARQUE LAS AGUAS","2025-01-14","","1.8065345"
"PARQUE LAS AGUAS","2025-01-13","","1.82771106"
"PARQUE LAS AGUAS","2025-01-12","","1.85072433"
"PARQUE LAS AGUAS","2025-01-11","","2.23266244"
"PARQUE LAS AGUAS","2025-01-10","","1.91802935"
"PARQUE LAS AGUAS","2025-01-09","","2.29446139"
"PARQUE LAS AGUAS","2025-01-08","","1.85771028"
"PARQUE LAS AGUAS","2025-01-07","","1.67471941"
"PARQUE LAS AGUAS","2025-01-06","","1.82914481"
"PARQUE LAS AGUAS","2025-01-05","","1.59999743"
"PARQUE LAS AGUAS","2025-01-04","","1.20355342"
"PARQUE LAS AGUAS","2025-01-03","","1.20221381"
"PARQUE LAS AGUAS","2025-01-02","","1.44247374"
"PARQUE LAS AGUAS","2025-01-01","","1.34418389"
"PARQUE LAS AGUAS","2024-12-31","","0.95542082"
"PARQUE LAS AGUAS","2024-12-30","","0.63048043"
"PARQUE LAS AGUAS","2024-12-29","","1.65719448"
"PARQUE LAS AGUAS","2024-12-28","","1.89967388"
"PARQUE LAS AGUAS","2024-12-27","","0.89445935"
"PARQUE LAS AGUAS","2024-12-26","","1.37236024"
"PARQUE LAS AGUAS","2024-12-25","","1.5638028"
"PARQUE LAS AGUAS","2024-12-24","","1.28750168"
"PARQUE LAS AGUAS","2024-12-23","","1.50975795"
"PARQUE LAS AGUAS","2024-12-22","","1.72099161"
"PARQUE LAS AGUAS","2024-12-21","","1.30631102"
"PARQUE LAS AGUAS","2024-12-20","","1.53699035"
"PARQUE LAS AGUAS","2024-12-19","","0.74205183"
"PARQUE LAS AGUAS","2024-12-18","","1.67897461"
"PARQUE LAS AGUAS","2024-12-17","","1.53133054"
"PARQUE LAS AGUAS","2024-12-16","","1.50119264"
"PARQUE LAS AGUAS","2024-12-15","","1.20188376"
"PARQUE LAS AGUAS","2024-12-14","","1.8545248"
"PARQUE LAS AGUAS","2024-12-13","","1.80999928"
"PARQUE LAS AGUAS","2024-12-12","","1.71910624"
"PARQUE LAS AGUAS","2024-12-11","","1.56966625"
"PARQUE LAS AGUAS","2024-12-10","","0.97167591"
"PARQUE LAS AGUAS","2024-12-09","","1.42582196"
"PARQUE LAS AGUAS","2024-12-08","","1.69370438"
"PARQUE LAS AGUAS","2024-12-07","","1.79519577"
"PARQUE LAS AGUAS","2024-12-06","","1.80037898"
"PARQUE LAS AGUAS","2024-12-05","","1.8081465"
"PARQUE LAS AGUAS","2024-12-04","","1.74653671"
"PARQUE LAS AGUAS","2024-12-03","","1.40363399"
"PARQUE LAS AGUAS","2024-12-02","","1.45106637"
"PARQUE LAS AGUAS","2024-12-01","","1.36205708"
"PARQUE LAS AGUAS","2024-11-30","","1.28949478"
"PARQUE LAS AGUAS","2024-11-29","","1.51249705"
"PARQUE LAS AGUAS","2024-11-28","","1.87108894"
"PARQUE LAS AGUAS","2024-11-27","","1.24331891"
"PARQUE LAS AGUAS","2024-11-26","","1.77477617"
"PARQUE LAS AGUAS","2024-11-25","","1.51643827"
"PARQUE LAS AGUAS","2024-11-24","","1.63522293"
"PARQUE LAS AGUAS","2024-11-23","","1.64731389"
"PARQUE LAS AGUAS","2024-11-22","","1.9575701"
"PARQUE LAS AGUAS","2024-11-21","","1.34347173"
"PARQUE LAS AGUAS","2024-11-20","","1.56168319"
"PARQUE LAS AGUAS","2024-11-19","","0.9925366"
"PARQUE LAS AGUAS","2024-11-18","","1.76879433"
"PARQUE LAS AGUAS","2024-11-17","","1.92226233"
"PARQUE LAS AGUAS","2024-11-16","","1.61782452"
"PARQUE LAS AGUAS","2024-11-15","","1.87836604"
"PARQUE LAS AGUAS","2024-11-14","","1.25956099"
"PARQUE LAS AGUAS","2024-11-13","","1.23318482"
"PARQUE LAS AGUAS","2024-11-12","","1.38010712"
"PARQUE LAS AGUAS","2024-11-11","","0.87341303"
"PARQUE LAS AGUAS","2024-11-10","","1.61593621"
"PARQUE LAS AGUAS","2024-11-09","","0.94426903"
"PARQUE LAS AGUAS","2024-11-08","","0.68576003"
"PARQUE LAS AGUAS","2024-11-07","","1.4614726"
"PARQUE LAS AGUAS","2024-11-06","","2.08644799"
"PARQUE LAS AGUAS","2024-11-05","","1.41089358"
"PARQUE LAS AGUAS","2024-11-04","","0.71686954"
"PARQUE LAS AGUAS","2024-11-03","","1.10547763"
"PARQUE LAS AGUAS","2024-11-02","","1.4810214"
"PARQUE LAS AGUAS","2024-11-01","","0.62972252"
"PARQUE LAS AGUAS","2024-10-31","","1.32002837"
"PARQUE LAS AGUAS","2024-10-30","","1.31137755"
"PARQUE LAS AGUAS","2024-10-29","","1.15529588"
"PARQUE LAS AGUAS","2024-10-28","","1.44721367"
"PARQUE LAS AGUAS","2024-10-27","","1.56577293"
"PARQUE LAS AGUAS","2024-10-26","","1.70624829"
"PARQUE LAS AGUAS","2024-10-25","","1.92044691"
"PARQUE LAS AGUAS","2024-10-24","","1.24616975"
"PARQUE LAS AGUAS","2024-10-23","","2.25636397"
"PARQUE LAS AGUAS","2024-10-22","","1.76099751"
"PARQUE LAS AGUAS","2024-10-21","","1.13820425"
"PARQUE LAS AGUAS","2024-10-20","","1.41734558"
"PARQUE LAS AGUAS","2024-10-19","","1.08228317"
"PARQUE LAS AGUAS","2024-10-18","","1.78580823"
"PARQUE LAS AGUAS","2024-10-17","","2.06895054"
"PARQUE LAS AGUAS","2024-10-16","","1.82677058"
"PARQUE LAS AGUAS","2024-10-15","","1.62867156"
"PARQUE LAS AGUAS","2024-10-14","","1.24334803"
"PARQUE LAS AGUAS","2024-10-13","","1.25387652"
"PARQUE LAS AGUAS","2024-10-12","","1.63269996"
"PARQUE LAS AGUAS","2024-10-11","","2.16261332"
"PARQUE LAS AGUAS","2024-10-10","","1.19018489"
"PARQUE LAS AGUAS","2024-10-09","","1.83763531"
"PARQUE LAS AGUAS","2024-10-08","","1.1231481"
"PARQUE LAS AGUAS","2024-10-07","","1.31199989"
"PARQUE LAS AGUAS","2024-10-06","","1.36721789"
"PARQUE LAS AGUAS","2024-10-05","","0.95181925"
"PARQUE LAS AGUAS","2024-10-04","","1.12748139"
"PARQUE LAS AGUAS","2024-10-03","","1.6114621"
"PARQUE LAS AGUAS","2024-10-02","","1.83587397"
"PARQUE LAS AGUAS","2024-10-01","","1.54097193"
"PARQUE LAS AGUAS","2024-09-30","","0.92043608"
"PARQUE LAS AGUAS","2024-09-29","","0.96473542"
"PARQUE LAS AGUAS","2024-09-28","","0.87205073"
"PARQUE LAS AGUAS","2024-09-27","","0.94742867"
"PARQUE LAS AGUAS","2024-09-26","","1.73266653"
"PARQUE LAS AGUAS","2024-09-25","","2.37001709"
"PARQUE LAS AGUAS","2024-09-24","","1.92966245"
"PARQUE LAS AGUAS","2024-09-23","","1.00951198"
"PARQUE LAS AGUAS","2024-09-22","","1.83686353"
"PARQUE LAS AGUAS","2024-09-21","","1.81926293"
"PARQUE LAS AGUAS","2024-09-20","","1.93597072"
"PARQUE LAS AGUAS","2024-09-19","","1.42983334"
"PARQUE LAS AGUAS","2024-09-18","","2.15562533"
"PARQUE LAS AGUAS","2024-09-17","","0.40330935"
"PARQUE LAS AGUAS","2024-09-16","","1.63076134"
"PARQUE LAS AGUAS","2024-09-15","","1.60879734"
"PARQUE LAS AGUAS","2024-09-14","","1.82969816"
"PARQUE LAS AGUAS","2024-09-13","","1.30916824"
"PARQUE LAS AGUAS","2024-09-12","","1.9772734"
"PARQUE LAS AGUAS","2024-09-11","","2.06421947"
"PARQUE LAS AGUAS","2024-09-10","","0.89832661"
"PARQUE LAS AGUAS","2024-09-09","","1.22708363"
"PARQUE LAS AGUAS","2024-09-08","","1.20510456"
"PARQUE LAS AGUAS","2024-09-07","","2.23912668"
"PARQUE LAS AGUAS","2024-09-06","","1.45445312"
"PARQUE LAS AGUAS","2024-09-05","","1.24455451"
"PARQUE LAS AGUAS","2024-09-04","","2.21802282"
"PARQUE LAS AGUAS","2024-09-03","","2.09629406"
"PARQUE LAS AGUAS","2024-09-02","","1.54004459"
"PARQUE LAS AGUAS","2024-09-01","","1.56961481"
"PARQUE LAS AGUAS","2024-08-31","","1.64883958"
"PARQUE LAS AGUAS","2024-08-30","","1.52562739"
"PARQUE LAS AGUAS","2024-08-29","","0.94059244"
"PARQUE LAS AGUAS","2024-08-28","","1.73210936"
"PARQUE LAS AGUAS","2024-08-27","","2.00995491"
"PARQUE LAS AGUAS","2024-08-26","","1.50420699"
"PARQUE LAS AGUAS","2024-08-25","","1.64619044"
"PARQUE LAS AGUAS","2024-08-24","","1.17035167"
"PARQUE LAS AGUAS","2024-08-23","","1.95934413"
"PARQUE LAS AGUAS","2024-08-22","","1.97133125"
"PARQUE LAS AGUAS","2024-08-21","","1.94429554"
"PARQUE LAS AGUAS","2024-08-20","","1.08247359"
"PARQUE LAS AGUAS","2024-08-19","","1.35298183"
"PARQUE LAS AGUAS","2024-08-18","","1.4613429"
"PARQUE LAS AGUAS","2024-08-17","","1.42759986"
"PARQUE LAS AGUAS","2024-08-16","","1.36917551"
"PARQUE LAS AGUAS","2024-08-15","","1.13597203"
"PARQUE LAS AGUAS","2024-08-14","","1.28468874"
"PARQUE LAS AGUAS","2024-08-13","","1.64412762"
"PARQUE LAS AGUAS","2024-08-12","","1.0751547"
"PARQUE LAS AGUAS","2024-08-11","","0.8228464"
"PARQUE LAS AGUAS","2024-08-10","","1.85278656"
"PARQUE LAS AGUAS","2024-08-09","","1.08902318"
"PARQUE LAS AGUAS","2024-08-08","","1.69782497"
"PARQUE LAS AGUAS","2024-08-07","","1.27279526"
"PARQUE LAS AGUAS","2024-08-06","","0.91057657"
"PARQUE LAS AGUAS","2024-08-05","","1.2026091"
"PARQUE LAS AGUAS","2024-08-04","","2.26512576"
"PARQUE LAS AGUAS","2024-08-03","","1.45992508"
"PARQUE LAS AGUAS","2024-08-02","","1.77143388"
"PARQUE LAS AGUAS","2024-08-01","","1.24218159"
"PARQUE LAS AGUAS","2024-07-31","","1.15124431"
"PARQUE LAS AGUAS","2024-07-30","","1.33182409"
"PARQUE LAS AGUAS","2024-07-29","","1.51983153"
"PARQUE LAS AGUAS","2024-07-28","","1.64584245"
"PARQUE LAS AGUAS","2024-07-27","","1.86594652"
"PARQUE LAS AGUAS","2024-07-26","","1.59933827"
"PARQUE LAS AGUAS","2024-07-25","","1.84442855"
"PARQUE LAS AGUAS","2024-07-24","","1.92037248"
"PARQUE LAS AGUAS","2024-07-23","","1.38347295"
"PARQUE LAS AGUAS","2024-07-22","","1.61245832"
"PARQUE LAS AGUAS","2024-07-21","","1.60211447"
"PARQUE LAS AGUAS","2024-07-20","","1.4334626"
"PARQUE LAS AGUAS","2024-07-19","","2.25421516"
"PARQUE LAS AGUAS","2024-07-18","","2.08066151"
"PARQUE LAS AGUAS","2024-07-17","","1.39120766"
"PARQUE LAS AGUAS","2024-07-16","","1.4275126"
"PARQUE LAS AGUAS","2024-07-15","","1.61294932"
"PARQUE LAS AGUAS","2024-07-14","","1.51635981"
"PARQUE LAS AGUAS","2024-07-13","","1.01171537"
"PARQUE LAS AGUAS","2024-07-12","","1.36968921"
"PARQUE LAS AGUAS","2024-07-11","","1.78537"
"PARQUE LAS AGUAS","2024-07-10","","1.81545129"
"PARQUE LAS AGUAS","2024-07-09","","1.14269951"
"PARQUE LAS AGUAS","2024-07-08","","1.48337085"
"PARQUE LAS AGUAS","2024-07-07","","1.45675438"
"PARQUE LAS AGUAS","2024-07-06","","1.51513451"
"PARQUE LAS AGUAS","2024-07-05","","0.94798115"
"PARQUE LAS AGUAS","2024-07-04","","1.26236942"
"PARQUE LAS AGUAS","2024-07-03","","2.47671496"
"PARQUE LAS AGUAS","2024-06-04","","0.85193452"
"PARQUE LAS AGUAS","2024-06-03","","1.46273829"
"PARQUE LAS AGUAS","2024-06-02","","1.22752224"
"PARQUE LAS AGUAS","2024-06-01","","1.92969188"
"PARQUE LAS AGUAS","2024-05-31","","1.76705213"
"PARQUE LAS AGUAS","2024-05-30","","1.24434782"
"PARQUE LAS AGUAS","2024-05-29","","1.37702254"
"PARQUE LAS AGUAS","2024-05-28","","1.71281459"
"PARQUE LAS AGUAS","2024-05-27","","1.50678376"
"PARQUE LAS AGUAS","2024-05-26","","1.77980326"
"PARQUE LAS AGUAS","2024-05-25","","1.45138013"
"PARQUE LAS AGUAS","2024-05-24","","1.81770597"
"PARQUE LAS AGUAS","2024-05-23","","1.66481377"
"PARQUE LAS AGUAS","2024-05-22","","1.46930995"
"PARQUE LAS AGUAS","2024-05-21","","1.6718645"
"PARQUE LAS AGUAS","2024-05-20","","1.38388035"
"PARQUE LAS AGUAS","2024-05-19","","1.47554013"
"PARQUE LAS AGUAS","2024-05-18","","1.67648657"
"PARQUE LAS AGUAS","2024-05-17","","1.95531476"
"PARQUE LAS AGUAS","2024-05-16","","1.6028513"
"PARQUE LAS AGUAS","2024-05-15","","1.23390093"
"PARQUE LAS AGUAS","2024-05-14","","1.24449646"
"PARQUE LAS AGUAS","2024-05-13","","1.90648236"
"PARQUE LAS AGUAS","2024-05-12","","0.90643814"
"PARQUE LAS AGUAS","2024-05-11","","1.11775498"
"PARQUE LAS AGUAS","2024-05-10","","0.63928479"
"PARQUE LAS AGUAS","2024-05-09","","0.83730598"
"PARQUE LAS AGUAS","2024-05-08","","1.22840751"
"PARQUE LAS AGUAS","2024-05-07","","1.84974299"
"PARQUE LAS AGUAS","2024-05-06","","1.66552886"
"PARQUE LAS AGUAS","2024-05-05","","1.92913206"
"PARQUE LAS AGUAS","2024-05-04","","1.20767986"
"PARQUE LAS AGUAS","2024-05-03","","1.39486275"
"PARQUE LAS AGUAS","2024-05-02","","0.83696037"
"PARQUE LAS AGUAS","2024-05-01","","1.52327615"
"PARQUE LAS AGUAS","2024-04-30","","1.37329645"
"PARQUE LAS AGUAS","2024-04-29","","1.60673782"
"PARQUE LAS AGUAS","2024-04-28","","1.12372477"
"PARQUE LAS AGUAS","2024-04-27","","0.8775541"
"PARQUE LAS AGUAS","2024-04-26","","1.35143702"
"PARQUE LAS AGUAS","2024-04-25","","2.09031109"
"PARQUE LAS AGUAS","2024-04-24","","2.1803873"
"PARQUE LAS AGUAS","2024-04-23","","1.99672658"
"PARQUE LAS AGUAS","2024-04-22","","0.83610013"
"PARQUE LAS AGUAS","2024-04-21","","0.97542617"
"PARQUE LAS AGUAS","2024-04-20","","1.51795361"
"PARQUE LAS AGUAS","2024-04-19","","1.2852091"
"PARQUE LAS AGUAS","2024-04-18","","1.43054361"
"PARQUE LAS AGUAS","2024-04-17","","2.00292236"
"PARQUE LAS AGUAS","2024-04-16","","2.16151473"
"PARQUE LAS AGUAS","2024-04-15","","2.08170904"
"PARQUE LAS AGUAS","2024-04-14","","2.26952995"
"PARQUE LAS AGUAS","2024-04-13","","2.20290303"
"PARQUE LAS AGUAS","2024-04-12","","1.99065037"
"PARQUE LAS AGUAS","2024-04-11","","2.05509637"
"PARQUE LAS AGUAS","2024-04-10","","1.52366533"
"PARQUE LAS AGUAS","2024-04-09","","1.14971938"
"PARQUE LAS AGUAS","2024-04-08","","1.57930923"
"PARQUE LAS AGUAS","2024-04-07","","1.55658153"
"PARQUE LAS AGUAS","2024-04-06","","1.2622125"
"PARQUE LAS AGUAS","2024-04-05","","1.94332912"
"PARQUE LAS AGUAS","2024-04-04","","1.37899144"
"PARQUE LAS AGUAS","2024-04-03","","1.5630771"
"PARQUE LAS AGUAS","2024-04-02","","1.52204738"
"PARQUE LAS AGUAS","2024-04-01","","2.08260227"
"PARQUE LAS AGUAS","2024-03-31","","1.77855014"
"PARQUE LAS AGUAS","2024-03-30","","2.15441115"
"PARQUE LAS AGUAS","2024-03-29","","2.19928576"
"PARQUE LAS AGUAS","2024-03-28","","2.42907594"
"PARQUE LAS AGUAS","2024-03-27","","2.05675009"
"PARQUE LAS AGUAS","2024-03-26","","2.14721363"
"PARQUE LAS AGUAS","2024-03-25","","2.22913526"
"PARQUE LAS AGUAS","2024-03-24","","2.06088252"
"PARQUE LAS AGUAS","2024-03-23","","2.0983813"
"PARQUE LAS AGUAS","2024-03-22","","1.95357323"
"PARQUE LAS AGUAS","2024-03-21","","2.00133809"
"PARQUE LAS AGUAS","2024-03-20","","1.63931203"
"PARQUE LAS AGUAS","2024-03-19","","1.8107675"
"PARQUE LAS AGUAS","2024-03-18","","1.55640544"
"PARQUE LAS AGUAS","2024-03-17","","2.00219683"
"PARQUE LAS AGUAS","2024-03-16","","1.98589413"
"PARQUE LAS AGUAS","2024-03-15","","1.71519288"
"PARQUE LAS AGUAS","2024-03-14","","1.36707533"
"PARQUE LAS AGUAS","2024-03-13","","2.30124923"
"PARQUE LAS AGUAS","2024-03-12","","1.76949674"
"PARQUE LAS AGUAS","2024-03-11","","2.02949008"
"PARQUE LAS AGUAS","2024-03-10","","1.72531018"
"PARQUE LAS AGUAS","2024-03-09","","1.39301981"
"PARQUE LAS AGUAS","2024-03-08","","2.09933398"
"PARQUE LAS AGUAS","2024-03-07","","2.11221522"
"PARQUE LAS AGUAS","2024-03-06","","2.12985388"
"PARQUE LAS AGUAS","2024-03-05","","2.21600678"
"PARQUE LAS AGUAS","2024-03-04","","1.91731152"
"PARQUE LAS AGUAS","2024-03-03","","1.92931042"
"PARQUE LAS AGUAS","2024-03-02","","2.25935735"
"PARQUE LAS AGUAS","2024-03-01","","2.27104427"
"PARQUE LAS AGUAS","2024-02-29","","2.22491973"
"PARQUE LAS AGUAS","2024-02-28","","2.06966934"
"PARQUE LAS AGUAS","2024-02-27","","2.04684401"
"PARQUE LAS AGUAS","2024-02-26","","2.08700732"
"PARQUE LAS AGUAS","2024-02-25","","2.2310032"
"PARQUE LAS AGUAS","2024-02-24","","2.17513951"
"PARQUE LAS AGUAS","2024-02-23","","2.67924941"
"PARQUE LAS AGUAS","2024-02-22","","2.78894314"
"PARQUE LAS AGUAS","2024-02-21","","2.28920967"
"PARQUE LAS AGUAS","2024-02-20","","1.92861152"
"PARQUE LAS AGUAS","2024-02-19","","2.39906696"
"PARQUE LAS AGUAS","2024-02-18","","1.61434251"
"PARQUE LAS AGUAS","2024-02-17","","1.67640593"
"PARQUE LAS AGUAS","2024-02-16","","1.83233913"
"PARQUE LAS AGUAS","2024-02-15","","1.5394139"
"PARQUE LAS AGUAS","2024-02-14","","1.72659795"
"PARQUE LAS AGUAS","2024-02-13","","1.96764039"
"PARQUE LAS AGUAS","2024-02-12","","1.79159237"
"PARQUE LAS AGUAS","2024-02-11","","1.50225363"
"PARQUE LAS AGUAS","2024-02-10","","1.7884183"
"PARQUE LAS AGUAS","2024-02-09","","2.70395001"
"PARQUE LAS AGUAS","2024-02-08","","2.70591322"
"PARQUE LAS AGUAS","2024-02-07","","2.38407068"
"PARQUE LAS AGUAS","2024-02-06","","1.57217319"
"PARQUE LAS AGUAS","2024-02-05","","0.90105241"
"PARQUE LAS AGUAS","2024-02-04","","1.04883619"
"PARQUE LAS AGUAS","2024-02-03","","1.43577534"
"PARQUE LAS AGUAS","2024-02-02","","1.79775072"
"PARQUE LAS AGUAS","2024-02-01","","1.36894703"
"PARQUE LAS AGUAS","2024-01-31","","2.62126923"
"PARQUE LAS AGUAS","2024-01-30","","2.51616659"
"PARQUE LAS AGUAS","2024-01-29","","2.11909871"
"PARQUE LAS AGUAS","2024-01-28","","1.70786063"
"PARQUE LAS AGUAS","2024-01-27","","2.26852869"
"PARQUE LAS AGUAS","2024-01-26","","1.6841331"
"PARQUE LAS AGUAS","2024-01-25","","1.86667249"
"PARQUE LAS AGUAS","2024-01-24","","1.6063733"
"PARQUE LAS AGUAS","2024-01-23","","1.29513175"
"PARQUE LAS AGUAS","2024-01-22","","1.44200158"
"PARQUE LAS AGUAS","2024-01-21","","2.09535398"
"PARQUE LAS AGUAS","2024-01-18","","1.36632041"
"PARQUE LAS AGUAS","2024-01-17","","1.58850477"
"PARQUE LAS AGUAS","2024-01-16","","1.46366537"
"PARQUE LAS AGUAS","2024-01-15","","1.16242055"
"PARQUE LAS AGUAS","2024-01-14","","1.99624684"
"PARQUE LAS AGUAS","2024-01-13","","1.80112665"
"PARQUE LAS AGUAS","2024-01-12","","2.02620392"
"PARQUE LAS AGUAS","2024-01-11","","2.11746592"
"PARQUE LAS AGUAS","2024-01-10","","2.13299092"
"PARQUE LAS AGUAS","2024-01-09","","1.8406745"
"PARQUE LAS AGUAS","2024-01-08","","1.67624276"
"PARQUE LAS AGUAS","2024-01-07","","1.74572483"
"PARQUE LAS AGUAS","2024-01-06","","2.02138024"
"PARQUE LAS AGUAS","2024-01-05","","1.65153087"
"PARQUE LAS AGUAS","2024-01-04","","1.64894403"
"PARQUE LAS AGUAS","2024-01-03","","1.76008644"
"PARQUE LAS AGUAS","2024-01-02","","2.05804964"
"PARQUE LAS AGUAS","2024-01-01","","1.65329441"
"PARQUE LAS AGUAS","2023-12-29","","1.36472467"
"PARQUE LAS AGUAS","2023-12-28","","0.97492384"
"PARQUE LAS AGUAS","2023-12-27","","1.5276135"
"PARQUE LAS AGUAS","2023-12-26","","1.6732116"
"PARQUE LAS AGUAS","2023-12-25","","1.62912596"
"PARQUE LAS AGUAS","2023-12-24","","1.79312232"
"PARQUE LAS AGUAS","2023-12-23","","1.56795383"
"PARQUE LAS AGUAS","2023-12-22","","1.6199654"
"PARQUE LAS AGUAS","2023-12-21","","1.96099615"
"PARQUE LAS AGUAS","2023-12-20","","2.00593751"
"PARQUE LAS AGUAS","2023-12-19","","2.2246159"
"PARQUE LAS AGUAS","2023-12-18","","2.3662688"
"PARQUE LAS AGUAS","2023-12-17","","1.69107238"
"PARQUE LAS AGUAS","2023-12-16","","1.37337826"
"PARQUE LAS AGUAS","2023-12-15","","1.65605716"
"PARQUE LAS AGUAS","2023-12-14","","1.48085489"
"PARQUE LAS AGUAS","2023-12-13","","1.50790807"
"PARQUE LAS AGUAS","2023-12-12","","1.49992401"
"PARQUE LAS AGUAS","2023-12-11","","1.45493589"
"PARQUE LAS AGUAS","2023-12-10","","1.39742497"
"PARQUE LAS AGUAS","2023-12-09","","1.61302227"
"PARQUE LAS AGUAS","2023-12-08","","1.53681547"
"PARQUE LAS AGUAS","2023-12-07","","1.79788137"
"PARQUE LAS AGUAS","2023-12-06","","1.51871131"
"PARQUE LAS AGUAS","2023-12-05","","1.42113177"
"PARQUE LAS AGUAS","2023-12-04","","1.34119521"
"PARQUE LAS AGUAS","2023-12-03","","1.5153448"
"PARQUE LAS AGUAS","2023-12-02","","1.52962019"
"PARQUE LAS AGUAS","2023-12-01","","1.49306896"
"PARQUE LAS AGUAS","2023-11-30","","1.65460238"
"PARQUE LAS AGUAS","2023-11-29","","1.52996641"
"PARQUE LAS AGUAS","2023-11-28","","0.83435078"
"PARQUE LAS AGUAS","2023-11-27","","1.28252934"
"PARQUE LAS AGUAS","2023-11-26","","1.60318985"
"PARQUE LAS AGUAS","2023-11-25","","1.53724672"
"PARQUE LAS AGUAS","2023-11-24","","1.51257509"
"PARQUE LAS AGUAS","2023-11-23","","1.73164367"
"PARQUE LAS AGUAS","2023-11-22","","1.96118754"
"PARQUE LAS AGUAS","2023-11-21","","1.60372481"
"PARQUE LAS AGUAS","2023-11-20","","1.53625315"
"PARQUE LAS AGUAS","2023-11-19","","1.16209746"
"PARQUE LAS AGUAS","2023-11-18","","1.09059518"
"PARQUE LAS AGUAS","2023-11-17","","1.65523851"
"PARQUE LAS AGUAS","2023-11-16","","0.68720914"
"PARQUE LAS AGUAS","2023-11-15","","1.11141741"
"PARQUE LAS AGUAS","2023-11-14","","1.35702086"
"PARQUE LAS AGUAS","2023-11-13","","1.83676604"
"PARQUE LAS AGUAS","2023-11-12","","1.55911763"
"PARQUE LAS AGUAS","2023-11-11","","1.51118012"
"PARQUE LAS AGUAS","2023-11-10","","1.55025973"
"PARQUE LAS AGUAS","2023-11-09","","1.16012985"
"PARQUE LAS AGUAS","2023-11-08","","1.6373927"
"PARQUE LAS AGUAS","2023-11-07","","1.9529983"
"PARQUE LAS AGUAS","2023-11-06","","1.67069804"
"PARQUE LAS AGUAS","2023-11-05","","1.23750526"
"PARQUE LAS AGUAS","2023-11-04","","1.47856178"
"PARQUE LAS AGUAS","2023-11-03","","1.17112066"
"PARQUE LAS AGUAS","2023-11-02","","0.63660481"
"PARQUE LAS AGUAS","2023-11-01","","1.31791639"
"PARQUE LAS AGUAS","2023-10-31","","1.21536734"
"PARQUE LAS AGUAS","2023-10-30","","1.30653101"
"PARQUE LAS AGUAS","2023-10-29","","1.30443741"
"PARQUE LAS AGUAS","2023-10-28","","1.22096114"
"PARQUE LAS AGUAS","2023-10-27","","0.66876427"
"PARQUE LAS AGUAS","2023-10-26","","0.8830976"
"PARQUE LAS AGUAS","2023-10-25","","0.97191706"
"PARQUE LAS AGUAS","2023-10-24","","0.5737378"
"PARQUE LAS AGUAS","2023-10-23","","1.39385285"
"PARQUE LAS AGUAS","2023-10-22","","1.22563395"
"PARQUE LAS AGUAS","2023-10-21","","0.91658439"
"PARQUE LAS AGUAS","2023-10-20","","1.01027816"
"PARQUE LAS AGUAS","2023-10-19","","0.80878699"
"PARQUE LAS AGUAS","2023-10-18","","1.30615126"
"PARQUE LAS AGUAS","2023-10-17","","1.2226405"
"PARQUE LAS AGUAS","2023-10-16","","1.65465117"
"PARQUE LAS AGUAS","2023-10-15","","1.90844823"
"PARQUE LAS AGUAS","2023-10-14","","1.72193461"
"PARQUE LAS AGUAS","2023-10-13","","1.00801523"
"PARQUE LAS AGUAS","2023-10-12","","1.61044952"
"PARQUE LAS AGUAS","2023-10-11","","0.92986166"
"PARQUE LAS AGUAS","2023-10-10","","1.56250942"
"PARQUE LAS AGUAS","2023-10-09","","1.72032971"
"PARQUE LAS AGUAS","2023-10-08","","0.80266832"
"PARQUE LAS AGUAS","2023-10-07","","1.56749876"
"PARQUE LAS AGUAS","2023-10-06","","1.08639068"
"PARQUE LAS AGUAS","2023-10-05","","1.40917082"
"PARQUE LAS AGUAS","2023-10-04","","0.89124875"
"PARQUE LAS AGUAS","2023-10-03","","0.91962792"
"PARQUE LAS AGUAS","2023-10-02","","2.06831144"
"PARQUE LAS AGUAS","2023-10-01","","1.83572573"
"PARQUE LAS AGUAS","2023-09-30","","2.17777596"
"PARQUE LAS AGUAS","2023-09-29","","1.486769"
"PARQUE LAS AGUAS","2023-09-28","","1.50667242"
"PARQUE LAS AGUAS","2023-09-27","","1.61580529"
"PARQUE LAS AGUAS","2023-09-26","","1.9492224"
"PARQUE LAS AGUAS","2023-09-25","","1.47499716"
"PARQUE LAS AGUAS","2023-09-24","","1.62416023"
"PARQUE LAS AGUAS","2023-09-23","","1.82590661"
"PARQUE LAS AGUAS","2023-09-22","","1.25175366"
"PARQUE LAS AGUAS","2023-09-21","","1.26522542"
"PARQUE LAS AGUAS","2023-09-20","","1.23292458"
"PARQUE LAS AGUAS","2023-09-19","","1.22299643"
"PARQUE LAS AGUAS","2023-09-18","","1.36730024"
"PARQUE LAS AGUAS","2023-09-17","","1.62698188"
"PARQUE LAS AGUAS","2023-09-16","","1.49314383"
"PARQUE LAS AGUAS","2023-09-15","","1.2410535"
"PARQUE LAS AGUAS","2023-09-14","","1.43690229"
"PARQUE LAS AGUAS","2023-09-13","","2.02023095"
"PARQUE LAS AGUAS","2023-09-12","","1.96193397"
"PARQUE LAS AGUAS","2023-09-11","","1.7098395"
"PARQUE LAS AGUAS","2023-09-10","","2.00260902"
"PARQUE LAS AGUAS","2023-09-09","","1.6428196"
"PARQUE LAS AGUAS","2023-09-08","","1.83103829"
"PARQUE LAS AGUAS","2023-09-07","","1.20972223"
"PARQUE LAS AGUAS","2023-09-06","","0.9984464"
"PARQUE LAS AGUAS","2023-09-05","","1.28952777"
"PARQUE LAS AGUAS","2023-09-04","","1.73542371"
"PARQUE LAS AGUAS","2023-09-03","","1.8214796"
"PARQUE LAS AGUAS","2023-09-02","","0.80244103"
"PARQUE LAS AGUAS","2023-09-01","","1.27544777"
"PARQUE LAS AGUAS","2023-08-31","","0.43818842"
"PARQUE LAS AGUAS","2023-08-30","","1.20078497"
"PARQUE LAS AGUAS","2023-08-29","","1.4028388"
"PARQUE LAS AGUAS","2023-08-28","","1.26988003"
"PARQUE LAS AGUAS","2023-08-27","","1.41506293"
"PARQUE LAS AGUAS","2023-08-26","","1.41181883"
"PARQUE LAS AGUAS","2023-08-25","","1.65666619"
"PARQUE LAS AGUAS","2023-08-24","","2.04989659"
"PARQUE LAS AGUAS","2023-08-23","","1.57978433"
"PARQUE LAS AGUAS","2023-08-22","","0.82058878"
"PARQUE LAS AGUAS","2023-08-21","","0.97816166"
"PARQUE LAS AGUAS","2023-08-20","","1.0271613"
"PARQUE LAS AGUAS","2023-08-19","","1.72319786"
"PARQUE LAS AGUAS","2023-08-18","","1.91002979"
"PARQUE LAS AGUAS","2023-08-17","","2.10957604"
"PARQUE LAS AGUAS","2023-08-16","","2.00375026"
"PARQUE LAS AGUAS","2023-08-15","","1.71103878"
"PARQUE LAS AGUAS","2023-08-14","","1.84994438"
"PARQUE LAS AGUAS","2023-08-13","","1.33810961"
"PARQUE LAS AGUAS","2023-08-12","","2.02884709"
"PARQUE LAS AGUAS","2023-08-11","","1.34940399"
"PARQUE LAS AGUAS","2023-08-10","","1.53620418"
"PARQUE LAS AGUAS","2023-08-09","","1.33657967"
"PARQUE LAS AGUAS","2023-08-08","","1.15026981"
"PARQUE LAS AGUAS","2023-08-07","","2.01138188"
"PARQUE LAS AGUAS","2023-08-06","","1.4672137"
"PARQUE LAS AGUAS","2023-08-05","","1.27637938"
"PARQUE LAS AGUAS","2023-08-04","","1.23888303"
"PARQUE LAS AGUAS","2023-08-03","","1.37126304"
"PARQUE LAS AGUAS","2023-08-02","","1.55749021"
"PARQUE LAS AGUAS","2023-08-01","","1.23838951"
"PARQUE LAS AGUAS","2023-07-31","","1.8571027"
"PARQUE LAS AGUAS","2023-07-30","","1.32335626"
"PARQUE LAS AGUAS","2023-07-29","","1.07422738"
"PARQUE LAS AGUAS","2023-07-28","","1.42831977"
"PARQUE LAS AGUAS","2023-07-27","","0.82875954"
"PARQUE LAS AGUAS","2023-07-26","","0.99639034"
"PARQUE LAS AGUAS","2023-07-25","","1.61471238"
"PARQUE LAS AGUAS","2023-07-24","","1.6481339"
"PARQUE LAS AGUAS","2023-07-23","","1.33691643"
"PARQUE LAS AGUAS","2023-07-22","","1.22833112"
"PARQUE LAS AGUAS","2023-07-21","","0.9947613"
"PARQUE LAS AGUAS","2023-07-20","","1.03230898"
"PARQUE LAS AGUAS","2023-07-19","","1.09821319"
"PARQUE LAS AGUAS","2023-07-18","","1.25342229"
"PARQUE LAS AGUAS","2023-07-17","","1.28982025"
"PARQUE LAS AGUAS","2023-07-16","","1.7448868"
"PARQUE LAS AGUAS","2023-07-15","","2.02813449"
"PARQUE LAS AGUAS","2023-07-14","","1.61428331"
"PARQUE LAS AGUAS","2023-07-13","","1.42715456"
"PARQUE LAS AGUAS","2023-07-12","","1.58251514"
"PARQUE LAS AGUAS","2023-07-11","","1.72937615"
"PARQUE LAS AGUAS","2023-07-10","","1.14909614"
"PARQUE LAS AGUAS","2023-07-09","","1.02992119"
"PARQUE LAS AGUAS","2023-07-08","","1.6114806"
"PARQUE LAS AGUAS","2023-07-07","","1.48102083"
"PARQUE LAS AGUAS","2023-07-06","","1.56110291"
"PARQUE LAS AGUAS","2023-07-05","","1.88777494"
"PARQUE LAS AGUAS","2023-07-04","","1.42147875"
"PARQUE LAS AGUAS","2023-07-03","","1.32832905"
"PARQUE LAS AGUAS","2023-07-02","","0.86456581"
"PARQUE LAS AGUAS","2023-07-01","","1.48247579"
"PARQUE LAS AGUAS","2023-06-30","","1.20258169"
"PARQUE LAS AGUAS","2023-06-29","","1.32253356"
"PARQUE LAS AGUAS","2023-06-28","","1.91525279"
"PARQUE LAS AGUAS","2023-06-27","","1.97956952"
"PARQUE LAS AGUAS","2023-06-26","","1.50024057"
"PARQUE LAS AGUAS","2023-06-25","","0.74848905"
"PARQUE LAS AGUAS","2023-06-24","","1.75981924"
"PARQUE LAS AGUAS","2023-06-23","","1.63740995"
"PARQUE LAS AGUAS","2023-06-22","","1.75735352"
"PARQUE LAS AGUAS","2023-06-21","","1.13008844"
"PARQUE LAS AGUAS","2023-06-20","","1.21777279"
"PARQUE LAS AGUAS","2023-06-19","","1.24711198"
"PARQUE LAS AGUAS","2023-06-18","","1.18119157"
"PARQUE LAS AGUAS","2023-06-17","","1.49520076"
"PARQUE LAS AGUAS","2023-06-16","","1.19319775"
"PARQUE LAS AGUAS","2023-06-15","","1.12773676"
"PARQUE LAS AGUAS","2023-06-14","","1.51465299"
"PARQUE LAS AGUAS","2023-06-13","","1.297144"
"PARQUE LAS AGUAS","2023-06-12","","1.42099014"
"PARQUE LAS AGUAS","2023-06-11","","1.57841879"
"PARQUE LAS AGUAS","2023-06-10","","2.16251229"
"PARQUE LAS AGUAS","2023-06-09","","1.62949782"
"PARQUE LAS AGUAS","2023-06-08","","1.66769271"
"PARQUE LAS AGUAS","2023-06-07","","1.32049006"
"PARQUE LAS AGUAS","2023-06-06","","1.50697126"
"PARQUE LAS AGUAS","2023-06-05","","1.8713442"
"PARQUE LAS AGUAS","2023-06-04","","1.4749694"
"PARQUE LAS AGUAS","2023-06-03","","1.14648768"
"PARQUE LAS AGUAS","2023-06-02","","1.36462623"
"PARQUE LAS AGUAS","2023-06-01","","1.50708546"
"PARQUE LAS AGUAS","2023-05-31","","1.4604939"
"PARQUE LAS AGUAS","2023-05-30","","0.95342193"
"PARQUE LAS AGUAS","2023-05-29","","1.26074488"
"PARQUE LAS AGUAS","2023-05-28","","1.31977479"
"PARQUE LAS AGUAS","2023-05-27","","1.14812961"
"PARQUE LAS AGUAS","2023-05-26","","0.57874187"
"PARQUE LAS AGUAS","2023-05-25","","1.65955184"
"PARQUE LAS AGUAS","2023-05-24","","1.52774894"
"PARQUE LAS AGUAS","2023-05-23","","1.5439888"
"PARQUE LAS AGUAS","2023-05-22","","1.50919366"
"PARQUE LAS AGUAS","2023-05-21","","0.9546144"
"PARQUE LAS AGUAS","2023-05-20","","0.70261976"
"PARQUE LAS AGUAS","2023-05-19","","1.87284114"
"PARQUE LAS AGUAS","2023-05-18","","2.00209268"
"PARQUE LAS AGUAS","2023-05-17","","1.1063815"
"PARQUE LAS AGUAS","2023-05-16","","1.4796929"
"PARQUE LAS AGUAS","2023-05-15","","1.47119353"
"PARQUE LAS AGUAS","2023-04-28","","0.50926488"
"PARQUE LAS AGUAS","2023-04-27","","1.29973789"
"PARQUE LAS AGUAS","2023-04-26","","1.24121622"
"PARQUE LAS AGUAS","2023-04-25","","1.62833475"
"PARQUE LAS AGUAS","2023-04-24","","2.01638819"
"PARQUE LAS AGUAS","2023-04-23","","1.66311509"
"PARQUE LAS AGUAS","2023-04-22","","1.43617456"
"PARQUE LAS AGUAS","2023-04-21","","1.42359932"
"PARQUE LAS AGUAS","2023-04-20","","1.12035676"
"PARQUE LAS AGUAS","2023-04-19","","1.5671401"
"PARQUE LAS AGUAS","2023-04-18","","1.73805243"
"PARQUE LAS AGUAS","2023-04-17","","1.42504309"
"PARQUE LAS AGUAS","2023-04-16","","1.23974926"
"PARQUE LAS AGUAS","2023-04-15","","1.80026418"
"PARQUE LAS AGUAS","2023-04-14","","0.82229546"
"PARQUE LAS AGUAS","2023-04-13","","1.48927312"
"PARQUE LAS AGUAS","2023-04-12","","1.81458455"
"PARQUE LAS AGUAS","2023-04-11","","1.94285572"
"PARQUE LAS AGUAS","2023-04-10","","2.04249067"
"PARQUE LAS AGUAS","2023-04-09","","2.06270132"
"PARQUE LAS AGUAS","2023-04-08","","2.08063932"
"PARQUE LAS AGUAS","2023-04-07","","2.22688826"
"PARQUE LAS AGUAS","2023-04-06","","1.46887804"
"PARQUE LAS AGUAS","2023-04-05","","1.90191822"
"PARQUE LAS AGUAS","2023-04-04","","1.16363002"
"PARQUE LAS AGUAS","2023-04-03","","1.70517655"
"PARQUE LAS AGUAS","2023-04-02","","1.1014731"
"PARQUE LAS AGUAS","2023-04-01","","2.27119976"
"PARQUE LAS AGUAS","2023-03-31","","1.39307935"
"PARQUE LAS AGUAS","2023-03-30","","2.17739807"
"PARQUE LAS AGUAS","2023-03-29","","1.84381309"
"PARQUE LAS AGUAS","2023-03-28","","1.5638113"
"PARQUE LAS AGUAS","2023-03-27","","1.55688537"
"PARQUE LAS AGUAS","2023-03-26","","1.18569379"
"PARQUE LAS AGUAS","2023-03-25","","1.44166333"
"PARQUE LAS AGUAS","2023-03-24","","1.59458524"
"PARQUE LAS AGUAS","2023-03-23","","2.65364744"
"PARQUE LAS AGUAS","2023-03-22","","1.76135028"
"PARQUE LAS AGUAS","2023-03-21","","1.88767304"
"PARQUE LAS AGUAS","2023-03-20","","1.91797273"
"PARQUE LAS AGUAS","2023-03-19","","1.78753845"
"PARQUE LAS AGUAS","2023-03-18","","1.44718881"
"PARQUE LAS AGUAS","2023-03-17","","1.31669166"
"PARQUE LAS AGUAS","2023-03-16","","1.92551081"
"PARQUE LAS AGUAS","2023-03-15","","1.0728031"
"PARQUE LAS AGUAS","2023-03-14","","1.26596341"
"PARQUE LAS AGUAS","2023-03-13","","0.99407864"
"PARQUE LAS AGUAS","2023-03-12","","1.32456786"
"PARQUE LAS AGUAS","2023-03-11","","1.6904266"
"PARQUE LAS AGUAS","2023-03-10","","1.75863786"
"PARQUE LAS AGUAS","2023-03-09","","1.14255809"
"PARQUE LAS AGUAS","2023-03-08","","1.11958183"
"PARQUE LAS AGUAS","2023-03-07","","0.99730335"
"PARQUE LAS AGUAS","2023-03-06","","1.54480088"
"PARQUE LAS AGUAS","2023-03-05","","0.98284943"
"PARQUE LAS AGUAS","2023-03-04","","2.2389559"
"PARQUE LAS AGUAS","2023-03-03","","2.06866475"
"PARQUE LAS AGUAS","2023-03-02","","2.00234114"
"PARQUE LAS AGUAS","2023-03-01","","2.23020131"
"PARQUE LAS AGUAS","2023-02-28","","2.02827823"
"PARQUE LAS AGUAS","2023-02-27","","2.17767409"
"PARQUE LAS AGUAS","2023-02-26","","2.37223971"
"PARQUE LAS AGUAS","2023-02-25","","1.73305187"
"PARQUE LAS AGUAS","2023-02-24","","2.34288645"
"PARQUE LAS AGUAS","2023-02-23","","2.16893354"
"PARQUE LAS AGUAS","2023-02-22","","1.4481042"
"PARQUE LAS AGUAS","2023-02-21","","1.19085752"
"PARQUE LAS AGUAS","2023-02-20","","1.74649049"
"PARQUE LAS AGUAS","2023-02-19","","1.91650959"
"PARQUE LAS AGUAS","2023-02-18","","2.25870271"
"PARQUE LAS AGUAS","2023-02-17","","1.93538096"
"PARQUE LAS AGUAS","2023-02-16","","1.28571228"
"PARQUE LAS AGUAS","2023-02-15","","1.59489425"
"PARQUE LAS AGUAS","2023-02-14","","1.95965053"
"PARQUE LAS AGUAS","2023-02-13","","2.17241542"
"PARQUE LAS AGUAS","2023-02-12","","1.13338008"
"PARQUE LAS AGUAS","2023-02-11","","1.93145566"
"PARQUE LAS AGUAS","2023-02-10","","1.76614597"
"PARQUE LAS AGUAS","2023-02-09","","1.65822682"
"PARQUE LAS AGUAS","2023-02-08","","1.33233148"
"PARQUE LAS AGUAS","2023-02-07","","1.78620081"
"PARQUE LAS AGUAS","2023-02-06","","1.90800869"
"PARQUE LAS AGUAS","2023-02-05","","2.3163456"
"PARQUE LAS AGUAS","2023-02-04","","1.78337943"
"PARQUE LAS AGUAS","2023-02-03","","2.01788509"
"PARQUE LAS AGUAS","2023-02-02","","1.66933735"
"PARQUE LAS AGUAS","2023-02-01","","1.89746929"
"PARQUE LAS AGUAS","2023-01-31","","2.72891035"
"PARQUE LAS AGUAS","2023-01-29","","1.85132784"
"PARQUE LAS AGUAS","2023-01-28","","1.65438853"
"PARQUE LAS AGUAS","2023-01-27","","1.81800393"
"PARQUE LAS AGUAS","2023-01-26","","1.92264534"
"PARQUE LAS AGUAS","2023-01-25","","1.96134191"
"PARQUE LAS AGUAS","2023-01-24","","1.67406264"
"PARQUE LAS AGUAS","2023-01-23","","1.76874934"
"PARQUE LAS AGUAS","2023-01-22","","1.38871084"
"PARQUE LAS AGUAS","2023-01-21","","2.11607441"
"PARQUE LAS AGUAS","2023-01-20","","1.89932008"
"PARQUE LAS AGUAS","2023-01-19","","1.99284261"
"PARQUE LAS AGUAS","2023-01-18","","1.31048243"
"PARQUE LAS AGUAS","2023-01-17","","1.98388386"
"PARQUE LAS AGUAS","2023-01-16","","1.96391331"
"PARQUE LAS AGUAS","2023-01-15","","2.09754123"
"PARQUE LAS AGUAS","2023-01-14","","1.664999"
"PARQUE LAS AGUAS","2023-01-13","","1.96556913"
"PARQUE LAS AGUAS","2023-01-12","","1.38867715"
"PARQUE LAS AGUAS","2023-01-11","","1.23600002"
"PARQUE LAS AGUAS","2023-01-10","","0.91791294"
"PARQUE LAS AGUAS","2023-01-09","","0.77081057"
"PARQUE LAS AGUAS","2023-01-08","","0.82141894"
"PARQUE LAS AGUAS","2023-01-07","","1.75899955"
"PARQUE LAS AGUAS","2023-01-06","","1.46890973"
"PARQUE LAS AGUAS","2023-01-05","","1.77887357"
"PARQUE LAS AGUAS","2023-01-04","","1.95412143"
"PARQUE LAS AGUAS","2023-01-03","","0.58696894"
"PARQUE LAS AGUAS","2023-01-02","","1.9676935"
"PARQUE LAS AGUAS","2023-01-01","","1.85928276"
"PARQUE LAS AGUAS","2022-12-31","","2.35994452"
"PARQUE LAS AGUAS","2022-12-30","","1.48118123"
"PARQUE LAS AGUAS","2022-12-29","","1.7356122"
"PARQUE LAS AGUAS","2022-12-28","","1.5799414"
"PARQUE LAS AGUAS","2022-12-27","","1.6680108"
"PARQUE LAS AGUAS","2022-12-26","","1.35528348"
"PARQUE LAS AGUAS","2022-12-25","","2.23678978"
"PARQUE LAS AGUAS","2022-12-24","","1.84524432"
"PARQUE LAS AGUAS","2022-12-23","","1.81954413"
"PARQUE LAS AGUAS","2022-12-22","","1.80451546"
"PARQUE LAS AGUAS","2022-12-21","","1.69612155"
"PARQUE LAS AGUAS","2022-12-20","","1.68988081"
"PARQUE LAS AGUAS","2022-12-19","","1.68065792"
"PARQUE LAS AGUAS","2022-12-18","","1.61751359"
"PARQUE LAS AGUAS","2022-12-17","","1.23559949"
"PARQUE LAS AGUAS","2022-12-16","","1.68403446"
"PARQUE LAS AGUAS","2022-12-15","","1.58020523"
"PARQUE LAS AGUAS","2022-12-14","","1.6934184"
"PARQUE LAS AGUAS","2022-12-13","","1.28262424"
"PARQUE LAS AGUAS","2022-12-12","","1.43511194"
"PARQUE LAS AGUAS","2022-12-11","","2.49854633"
"PARQUE LAS AGUAS","2022-12-10","","2.13419594"
"PARQUE LAS AGUAS","2022-12-09","","1.82292942"
"PARQUE LAS AGUAS","2022-12-08","","1.55079879"
"PARQUE LAS AGUAS","2022-12-07","","1.83292727"
"PARQUE LAS AGUAS","2022-12-06","","2.11800447"
"PARQUE LAS AGUAS","2022-12-05","","1.28865324"
"PARQUE LAS AGUAS","2022-12-04","","0.87663527"
"PARQUE LAS AGUAS","2022-12-03","","1.6620646"
"PARQUE LAS AGUAS","2022-12-02","","1.70897278"
"PARQUE LAS AGUAS","2022-12-01","","1.52609021"
"PARQUE LAS AGUAS","2022-11-30","","1.62041387"
"PARQUE LAS AGUAS","2022-11-29","","0.93895732"
"PARQUE LAS AGUAS","2022-11-28","","0.69716474"
"PARQUE LAS AGUAS","2022-11-27","","1.43491201"
"PARQUE LAS AGUAS","2022-11-26","","1.17476527"
"PARQUE LAS AGUAS","2022-11-25","","1.54194073"
"PARQUE LAS AGUAS","2022-11-24","","1.23149231"
"PARQUE LAS AGUAS","2022-11-23","","1.5212729"
"PARQUE LAS AGUAS","2022-11-22","","1.37057904"
"PARQUE LAS AGUAS","2022-11-21","","1.76373594"
"PARQUE LAS AGUAS","2022-11-20","","1.16485958"
"PARQUE LAS AGUAS","2022-11-19","","1.66510385"
"PARQUE LAS AGUAS","2022-11-18","","1.13956886"
"PARQUE LAS AGUAS","2022-11-17","","1.31994408"
"PARQUE LAS AGUAS","2022-11-16","","1.55337483"
"PARQUE LAS AGUAS","2022-11-15","","1.68429583"
"PARQUE LAS AGUAS","2022-11-14","","1.43225629"
"PARQUE LAS AGUAS","2022-11-13","","1.60013408"
"PARQUE LAS AGUAS","2022-11-12","","0.81753999"
"PARQUE LAS AGUAS","2022-11-11","","1.35400656"
"PARQUE LAS AGUAS","2022-11-10","","1.04281912"
"PARQUE LAS AGUAS","2022-11-09","","1.47232392"
"PARQUE LAS AGUAS","2022-11-08","","1.20244141"
"PARQUE LAS AGUAS","2022-11-07","","1.25766649"
"PARQUE LAS AGUAS","2022-11-06","","1.31721359"
"PARQUE LAS AGUAS","2022-11-05","","1.45581764"
"PARQUE LAS AGUAS","2022-11-04","","0.79907947"
"PARQUE LAS AGUAS","2022-11-03","","0.96644694"
"PARQUE LAS AGUAS","2022-11-02","","1.50949542"
"PARQUE LAS AGUAS","2022-11-01","","2.03534437"
"PARQUE LAS AGUAS","2022-10-31","","2.60467745"
"PARQUE LAS AGUAS","2022-10-30","","2.57043161"
"PARQUE LAS AGUAS","2022-10-29","","2.29853936"
"PARQUE LAS AGUAS","2022-10-28","","1.60697401"
"PARQUE LAS AGUAS","2022-10-27","","1.78392449"
"PARQUE LAS AGUAS","2022-10-26","","1.34164091"
"PARQUE LAS AGUAS","2022-10-25","","1.15027608"
"PARQUE LAS AGUAS","2022-10-24","","0.78316403"
"PARQUE LAS AGUAS","2022-10-23","","1.24759048"
"PARQUE LAS AGUAS","2022-10-22","","1.91332504"
"PARQUE LAS AGUAS","2022-10-21","","1.30907307"
"PARQUE LAS AGUAS","2022-10-20","","0.84114875"
"PARQUE LAS AGUAS","2022-10-19","","0.81205766"
"PARQUE LAS AGUAS","2022-10-18","","1.40013361"
"PARQUE LAS AGUAS","2022-10-17","","1.15731892"
"PARQUE LAS AGUAS","2022-10-16","","1.56180757"
"PARQUE LAS AGUAS","2022-10-15","","1.68059024"
"PARQUE LAS AGUAS","2022-10-14","","1.34853368"
"PARQUE LAS AGUAS","2022-10-13","","0.85055268"
"PARQUE LAS AGUAS","2022-10-12","","1.0830753"
"PARQUE LAS AGUAS","2022-10-11","","1.42159519"
"PARQUE LAS AGUAS","2022-10-10","","1.94125174"
"PARQUE LAS AGUAS","2022-10-09","","0.96003826"
"PARQUE LAS AGUAS","2022-10-08","","1.3131015"
"PARQUE LAS AGUAS","2022-10-07","","1.28987358"
"PARQUE LAS AGUAS","2022-10-06","","1.46385637"
"PARQUE LAS AGUAS","2022-10-05","","0.98939606"
"PARQUE LAS AGUAS","2022-10-04","","1.51997393"
"PARQUE LAS AGUAS","2022-10-03","","1.55474192"
"PARQUE LAS AGUAS","2022-10-02","","1.72043567"
"PARQUE LAS AGUAS","2022-10-01","","1.0139926"
"PARQUE LAS AGUAS","2022-09-30","","1.02695992"
"PARQUE LAS AGUAS","2022-09-29","","1.04763237"
"PARQUE LAS AGUAS","2022-09-28","","1.28848565"
"PARQUE LAS AGUAS","2022-09-27","","1.94883792"
"PARQUE LAS AGUAS","2022-09-26","","1.56631109"
"PARQUE LAS AGUAS","2022-09-25","","1.36787398"
"PARQUE LAS AGUAS","2022-09-24","","0.87277288"
"PARQUE LAS AGUAS","2022-09-23","","1.51084371"
"PARQUE LAS AGUAS","2022-09-22","","1.27580754"
"PARQUE LAS AGUAS","2022-09-21","","1.39339897"
"PARQUE LAS AGUAS","2022-09-20","","0.83180959"
"PARQUE LAS AGUAS","2022-09-19","","1.52987838"
"PARQUE LAS AGUAS","2022-09-18","","0.99112838"
"PARQUE LAS AGUAS","2022-09-17","","1.61489381"
"PARQUE LAS AGUAS","2022-09-16","","1.40411569"
"PARQUE LAS AGUAS","2022-09-15","","1.74939098"
"PARQUE LAS AGUAS","2022-09-14","","1.18995127"
"PARQUE LAS AGUAS","2022-09-13","","1.31298859"
"PARQUE LAS AGUAS","2022-09-12","","1.72089821"
"PARQUE LAS AGUAS","2022-09-11","","1.11536218"
"PARQUE LAS AGUAS","2022-09-10","","1.29935512"
"PARQUE LAS AGUAS","2022-09-09","","1.02337309"
"PARQUE LAS AGUAS","2022-09-08","","1.57546531"
"PARQUE LAS AGUAS","2022-09-07","","2.25632854"
"PARQUE LAS AGUAS","2022-09-06","","1.50852489"
"PARQUE LAS AGUAS","2022-09-05","","1.7248407"
"PARQUE LAS AGUAS","2022-09-04","","0.83684901"
"PARQUE LAS AGUAS","2022-09-03","","1.51913968"
"PARQUE LAS AGUAS","2022-09-02","","2.00527093"
"PARQUE LAS AGUAS","2022-09-01","","1.01095869"
"PARQUE LAS AGUAS","2022-08-31","","1.51867025"
"PARQUE LAS AGUAS","2022-08-30","","1.40581484"
"PARQUE LAS AGUAS","2022-08-29","","2.01741659"
"PARQUE LAS AGUAS","2022-08-28","","1.11926193"
"PARQUE LAS AGUAS","2022-08-27","","0.80272892"
"PARQUE LAS AGUAS","2022-08-26","","2.37252026"
"PARQUE LAS AGUAS","2022-08-25","","2.20322015"
"PARQUE LAS AGUAS","2022-08-24","","1.58181464"
"PARQUE LAS AGUAS","2022-08-23","","1.72617595"
"PARQUE LAS AGUAS","2022-08-22","","0.93728111"
"PARQUE LAS AGUAS","2022-08-21","","1.03328911"
"PARQUE LAS AGUAS","2022-08-20","","1.58415105"
"PARQUE LAS AGUAS","2022-08-19","","2.16507638"
"PARQUE LAS AGUAS","2022-08-18","","2.10551576"
"PARQUE LAS AGUAS","2022-08-17","","1.77401815"
"PARQUE LAS AGUAS","2022-08-16","","2.11324257"
"PARQUE LAS AGUAS","2022-08-15","","0.94661638"
"PARQUE LAS AGUAS","2022-08-14","","2.00560153"
"PARQUE LAS AGUAS","2022-08-13","","0.98869388"
"PARQUE LAS AGUAS","2022-08-12","","1.84981867"
"PARQUE LAS AGUAS","2022-08-11","","1.57926742"
"PARQUE LAS AGUAS","2022-08-09","","0.56989738"
"PARQUE LAS AGUAS","2022-08-08","","1.33858736"
"PARQUE LAS AGUAS","2022-08-07","","2.08943315"
"PARQUE LAS AGUAS","2022-08-06","","1.14918464"
"PARQUE LAS AGUAS","2022-08-05","","1.44778097"
"PARQUE LAS AGUAS","2022-08-04","","1.66761196"
"PARQUE LAS AGUAS","2022-08-03","","2.04020005"
"PARQUE LAS AGUAS","2022-08-02","","1.05593728"
"PARQUE LAS AGUAS","2022-08-01","","1.55908869"
"PARQUE LAS AGUAS","2022-07-31","","1.35619359"
"PARQUE LAS AGUAS","2022-07-30","","1.52880848"
"PARQUE LAS AGUAS","2022-07-29","","1.77423339"
"PARQUE LAS AGUAS","2022-07-28","","1.09244223"
"PARQUE LAS AGUAS","2022-07-27","","1.08621177"
"PARQUE LAS AGUAS","2022-07-26","","2.0994712"
"PARQUE LAS AGUAS","2022-07-25","","0.67301571"
"PARQUE LAS AGUAS","2022-07-24","","1.55584104"
"PARQUE LAS AGUAS","2022-07-23","","0.8068946"
"PARQUE LAS AGUAS","2022-07-22","","1.04304471"
"PARQUE LAS AGUAS","2022-07-21","","2.28552602"
"PARQUE LAS AGUAS","2022-07-20","","1.80462595"
"PARQUE LAS AGUAS","2022-07-19","","1.63243192"
"PARQUE LAS AGUAS","2022-07-18","","1.82194991"
"PARQUE LAS AGUAS","2022-07-17","","1.67376545"
"PARQUE LAS AGUAS","2022-07-16","","2.19448872"
"PARQUE LAS AGUAS","2022-07-15","","1.74557433"
"PARQUE LAS AGUAS","2022-07-14","","1.63759593"
"PARQUE LAS AGUAS","2022-07-13","","1.53837595"
"PARQUE LAS AGUAS","2022-07-12","","1.84380197"
"PARQUE LAS AGUAS","2022-07-11","","1.21216722"
"PARQUE LAS AGUAS","2022-07-10","","1.81787677"
"PARQUE LAS AGUAS","2022-07-09","","1.47185151"
"PARQUE LAS AGUAS","2022-07-08","","1.11048617"
"PARQUE LAS AGUAS","2022-07-07","","1.47836728"
"PARQUE LAS AGUAS","2022-07-06","","1.7184236"
"PARQUE LAS AGUAS","2022-07-05","","1.57510089"
"PARQUE LAS AGUAS","2022-07-04","","1.42955289"
"PARQUE LAS AGUAS","2022-07-03","","1.75529113"
"PARQUE LAS AGUAS","2022-07-02","","1.37954019"
"PARQUE LAS AGUAS","2022-07-01","","1.12289242"
"PARQUE LAS AGUAS","2022-06-30","","1.05695253"
"PARQUE LAS AGUAS","2022-06-29","","1.40789245"
"PARQUE LAS AGUAS","2022-06-28","","1.28309171"
"PARQUE LAS AGUAS","2022-06-27","","0.86098327"
"PARQUE LAS AGUAS","2022-06-26","","0.74525015"
"PARQUE LAS AGUAS","2022-06-25","","1.37294813"
"PARQUE LAS AGUAS","2022-06-24","","1.73630718"
"PARQUE LAS AGUAS","2022-06-23","","1.61190373"
"PARQUE LAS AGUAS","2022-06-22","","1.76521463"
"PARQUE LAS AGUAS","2022-06-21","","1.49365369"
"PARQUE LAS AGUAS","2022-06-20","","1.56255474"
"PARQUE LAS AGUAS","2022-06-19","","1.7355207"
"PARQUE LAS AGUAS","2022-06-18","","0.98816539"
"PARQUE LAS AGUAS","2022-06-17","","1.17814902"
"PARQUE LAS AGUAS","2022-06-16","","1.17021306"
"PARQUE LAS AGUAS","2022-06-15","","0.89684049"
"PARQUE LAS AGUAS","2022-06-14","","0.78525605"
"PARQUE LAS AGUAS","2022-06-13","","1.58313357"
"PARQUE LAS AGUAS","2022-06-12","","1.95519351"
"PARQUE LAS AGUAS","2022-06-11","","0.95736099"
"PARQUE LAS AGUAS","2022-06-10","","1.66534872"
"PARQUE LAS AGUAS","2022-06-09","","1.10326283"
"PARQUE LAS AGUAS","2022-06-08","","1.35656148"
"PARQUE LAS AGUAS","2022-06-07","","0.63533931"
"PARQUE LAS AGUAS","2022-06-06","","1.16702537"
"PARQUE LAS AGUAS","2022-06-05","","0.84251326"
"PARQUE LAS AGUAS","2022-06-04","","1.00652202"
"PARQUE LAS AGUAS","2022-06-03","","0.85580313"
"PARQUE LAS AGUAS","2022-06-02","","1.07589976"
"PARQUE LAS AGUAS","2022-06-01","","1.20524701"
"PARQUE LAS AGUAS","2022-05-31","","1.10607531"
"PARQUE LAS AGUAS","2022-05-30","","1.27084003"
"PARQUE LAS AGUAS","2022-05-29","","1.10925243"
"PARQUE LAS AGUAS","2022-05-28","","1.81941467"
"PARQUE LAS AGUAS","2022-05-27","","1.723907"
"PARQUE LAS AGUAS","2022-05-26","","1.86213092"
"PARQUE LAS AGUAS","2022-05-25","","2.0915986"
"PARQUE LAS AGUAS","2022-05-24","","2.05887569"
"PARQUE LAS AGUAS","2022-05-23","","1.42855961"
"PARQUE LAS AGUAS","2022-05-22","","1.24451385"
"PARQUE LAS AGUAS","2022-05-21","","1.16128413"
"PARQUE LAS AGUAS","2022-05-20","","1.85123723"
"PARQUE LAS AGUAS","2022-05-19","","1.09560787"
"PARQUE LAS AGUAS","2022-05-18","","1.57757225"
"PARQUE LAS AGUAS","2022-05-17","","1.0074097"
"PARQUE LAS AGUAS","2022-05-16","","1.56202909"
"PARQUE LAS AGUAS","2022-05-15","","1.76656931"
"PARQUE LAS AGUAS","2022-05-14","","1.64404435"
"PARQUE LAS AGUAS","2022-05-13","","1.75629279"
"PARQUE LAS AGUAS","2022-05-12","","1.53372767"
"PARQUE LAS AGUAS","2022-05-11","","0.84868824"
"PARQUE LAS AGUAS","2022-05-10","","1.13238198"
"PARQUE LAS AGUAS","2022-05-09","","1.13759166"
"PARQUE LAS AGUAS","2022-05-08","","1.21068812"
"PARQUE LAS AGUAS","2022-05-07","","0.69120715"
"PARQUE LAS AGUAS","2022-05-06","","0.84642838"
"PARQUE LAS AGUAS","2022-05-05","","1.31150125"
"PARQUE LAS AGUAS","2022-05-04","","1.47329013"
"PARQUE LAS AGUAS","2022-05-03","","1.40550828"
"PARQUE LAS AGUAS","2022-05-02","","1.88234112"
"PARQUE LAS AGUAS","2022-05-01","","1.63754549"
"PARQUE LAS AGUAS","2022-04-30","","1.39702451"
"PARQUE LAS AGUAS","2022-04-29","","1.47234169"
"PARQUE LAS AGUAS","2022-04-28","","1.13318891"
"PARQUE LAS AGUAS","2022-04-27","","1.18189436"
"PARQUE LAS AGUAS","2022-04-26","","1.0698763"
"PARQUE LAS AGUAS","2022-04-25","","0.91856653"
"PARQUE LAS AGUAS","2022-04-24","","1.5820457"
"PARQUE LAS AGUAS","2022-04-23","","2.15662031"
"PARQUE LAS AGUAS","2022-04-22","","1.73304973"
"PARQUE LAS AGUAS","2022-04-21","","2.1021389"
"PARQUE LAS AGUAS","2022-04-20","","1.68773546"
"PARQUE LAS AGUAS","2022-04-19","","1.2908447"
"PARQUE LAS AGUAS","2022-04-18","","1.42950997"
"PARQUE LAS AGUAS","2022-04-17","","1.34452077"
"PARQUE LAS AGUAS","2022-04-16","","0.79099251"
"PARQUE LAS AGUAS","2022-04-15","","1.49948615"
"PARQUE LAS AGUAS","2022-04-14","","1.58694838"
"PARQUE LAS AGUAS","2022-04-13","","1.54961804"
"PARQUE LAS AGUAS","2022-04-12","","1.90752576"
"PARQUE LAS AGUAS","2022-04-11","","2.0337833"
"PARQUE LAS AGUAS","2022-04-10","","1.4651211"
"PARQUE LAS AGUAS","2022-04-09","","1.55971088"
"PARQUE LAS AGUAS","2022-04-08","","1.35424097"
"PARQUE LAS AGUAS","2022-04-07","","0.87202393"
"PARQUE LAS AGUAS","2022-04-06","","1.67929704"
"PARQUE LAS AGUAS","2022-04-05","","1.49311281"
"PARQUE LAS AGUAS","2022-04-04","","0.87114147"
"PARQUE LAS AGUAS","2022-04-03","","1.37348215"
"PARQUE LAS AGUAS","2022-04-02","","1.76621656"
"PARQUE LAS AGUAS","2022-04-01","","0.87897529"
"PARQUE LAS AGUAS","2022-03-31","","0.90262397"
"PARQUE LAS AGUAS","2022-03-30","","0.97361626"
"PARQUE LAS AGUAS","2022-03-29","","0.91572474"
"PARQUE LAS AGUAS","2022-03-28","","1.70048535"
"PARQUE LAS AGUAS","2022-03-27","","1.11571897"
"PARQUE LAS AGUAS","2022-03-26","","1.76853045"
"PARQUE LAS AGUAS","2022-03-25","","0.79088847"
"PARQUE LAS AGUAS","2022-03-24","","1.73367642"
"PARQUE LAS AGUAS","2022-03-23","","1.12499983"
"PARQUE LAS AGUAS","2022-03-22","","1.33671695"
"PARQUE LAS AGUAS","2022-03-21","","1.73956149"
"PARQUE LAS AGUAS","2022-03-20","","1.7745873"
"PARQUE LAS AGUAS","2022-03-19","","1.8480913"
"PARQUE LAS AGUAS","2022-03-18","","1.86791457"
"PARQUE LAS AGUAS","2022-03-17","","1.79152038"
"PARQUE LAS AGUAS","2022-03-16","","2.21336274"
"PARQUE LAS AGUAS","2022-03-15","","1.73358507"
"PARQUE LAS AGUAS","2022-03-14","","1.43996915"
"PARQUE LAS AGUAS","2022-03-13","","2.52258507"
"PARQUE LAS AGUAS","2022-03-12","","1.43594897"
"PARQUE LAS AGUAS","2022-03-11","","1.92718486"
"PARQUE LAS AGUAS","2022-03-10","","1.94259264"
"PARQUE LAS AGUAS","2022-03-09","","1.23644043"
"PARQUE LAS AGUAS","2022-03-08","","1.45238545"
"PARQUE LAS AGUAS","2022-03-07","","1.59523702"
"PARQUE LAS AGUAS","2022-03-06","","0.90902792"
"PARQUE LAS AGUAS","2022-03-05","","0.77131671"
"PARQUE LAS AGUAS","2022-03-04","","1.51418983"
"PARQUE LAS AGUAS","2022-03-03","","1.94637557"
"PARQUE LAS AGUAS","2022-03-02","","0.85897264"
"PARQUE LAS AGUAS","2022-03-01","","1.55045265"
"PARQUE LAS AGUAS","2022-02-28","","1.17283766"
"PARQUE LAS AGUAS","2022-02-27","","1.658806"
"PARQUE LAS AGUAS","2022-02-26","","1.49671237"
"PARQUE LAS AGUAS","2022-02-25","","2.31784825"
"PARQUE LAS AGUAS","2022-02-24","","1.97256426"
"PARQUE LAS AGUAS","2022-02-23","","1.81073986"
"PARQUE LAS AGUAS","2022-02-22","","1.91069874"
"PARQUE LAS AGUAS","2022-02-21","","1.98344756"
"PARQUE LAS AGUAS","2022-02-20","","1.31696447"
"PARQUE LAS AGUAS","2022-02-19","","1.73742954"
"PARQUE LAS AGUAS","2022-02-18","","1.2174274"
"PARQUE LAS AGUAS","2022-02-17","","2.34601791"
"PARQUE LAS AGUAS","2022-02-16","","1.95560873"
"PARQUE LAS AGUAS","2022-02-15","","1.88837894"
"PARQUE LAS AGUAS","2022-02-14","","1.43653436"
"PARQUE LAS AGUAS","2022-02-13","","1.80297487"
"PARQUE LAS AGUAS","2022-02-12","","1.64789172"
"PARQUE LAS AGUAS","2022-02-11","","1.76479094"
"PARQUE LAS AGUAS","2022-02-10","","1.89992674"
"PARQUE LAS AGUAS","2022-02-09","","0.98686003"
"PARQUE LAS AGUAS","2022-02-08","","0.92108735"
"PARQUE LAS AGUAS","2022-02-07","","1.8687048"
"PARQUE LAS AGUAS","2022-02-06","","1.30180807"
"PARQUE LAS AGUAS","2022-02-05","","1.87533374"
"PARQUE LAS AGUAS","2022-02-04","","1.60706529"
"PARQUE LAS AGUAS","2022-02-03","","1.81564187"
"PARQUE LAS AGUAS","2022-02-02","","1.74418822"
"PARQUE LAS AGUAS","2022-02-01","","1.99280253"
"PARQUE LAS AGUAS","2022-01-31","","2.15984964"
"PARQUE LAS AGUAS","2022-01-30","","1.82213958"
"PARQUE LAS AGUAS","2022-01-29","","2.00433787"
"PARQUE LAS AGUAS","2022-01-28","","2.17444999"
"PARQUE LAS AGUAS","2022-01-27","","1.92904521"
"PARQUE LAS AGUAS","2022-01-26","","2.03609693"
"PARQUE LAS AGUAS","2022-01-25","","1.74712652"
"PARQUE LAS AGUAS","2022-01-24","","2.24556324"
"PARQUE LAS AGUAS","2022-01-23","","1.99279172"
"PARQUE LAS AGUAS","2022-01-22","","1.66513169"
"PARQUE LAS AGUAS","2022-01-21","","1.6852728"
"PARQUE LAS AGUAS","2022-01-20","","1.33108348"
"PARQUE LAS AGUAS","2022-01-19","","1.82830027"
"PARQUE LAS AGUAS","2022-01-18","","1.93603384"
"PARQUE LAS AGUAS","2022-01-17","","2.47423435"
"PARQUE LAS AGUAS","2022-01-16","","1.75212584"
"PARQUE LAS AGUAS","2022-01-15","","1.59922393"
"PARQUE LAS AGUAS","2022-01-14","","2.20480574"
"PARQUE LAS AGUAS","2022-01-13","","1.99754217"
"PARQUE LAS AGUAS","2022-01-12","","2.26573806"
"PARQUE LAS AGUAS","2022-01-11","","1.73832479"
"PARQUE LAS AGUAS","2022-01-10","","1.88756018"
"PARQUE LAS AGUAS","2022-01-09","","2.40470452"
"PARQUE LAS AGUAS","2022-01-08","","1.67819895"
"PARQUE LAS AGUAS","2022-01-07","","0.8715642"
"PARQUE LAS AGUAS","2022-01-06","","1.12915425"
"PARQUE LAS AGUAS","2022-01-05","","1.91604825"
"PARQUE LAS AGUAS","2022-01-04","","1.789526"
"PARQUE LAS AGUAS","2022-01-03","","1.56931228"
"PARQUE LAS AGUAS","2022-01-02","","0.99781328"
"PARQUE LAS AGUAS","2022-01-01","","2.08119189"
"PARQUE LAS AGUAS","2021-12-31","","1.80609532"
"PARQUE LAS AGUAS","2021-12-30","","1.67825324"
"PARQUE LAS AGUAS","2021-12-29","","0.93448819"
"PARQUE LAS AGUAS","2021-12-28","","1.20528283"
"PARQUE LAS AGUAS","2021-12-27","","1.21765608"
"PARQUE LAS AGUAS","2021-12-26","","2.35228604"
"PARQUE LAS AGUAS","2021-12-25","","1.82263298"
"PARQUE LAS AGUAS","2021-12-24","","2.30257626"
"PARQUE LAS AGUAS","2021-12-23","","2.06403672"
"PARQUE LAS AGUAS","2021-12-22","","2.25223759"
"PARQUE LAS AGUAS","2021-12-21","","1.21837296"
"PARQUE LAS AGUAS","2021-12-20","","1.75771592"
"PARQUE LAS AGUAS","2021-12-19","","1.7262325"
"PARQUE LAS AGUAS","2021-12-18","","0.53129877"
"PARQUE LAS AGUAS","2021-12-17","","0.8411448"
"PARQUE LAS AGUAS","2021-12-16","","1.65566342"
"PARQUE LAS AGUAS","2021-12-15","","1.93658214"
"PARQUE LAS AGUAS","2021-12-14","","1.86846589"
"PARQUE LAS AGUAS","2021-12-13","","1.81868192"
"PARQUE LAS AGUAS","2021-12-12","","1.46396967"
"PARQUE LAS AGUAS","2021-12-11","","1.72916099"
"PARQUE LAS AGUAS","2021-12-10","","1.56936417"
"PARQUE LAS AGUAS","2021-12-09","","2.01833675"
"PARQUE LAS AGUAS","2021-12-08","","1.39515888"
"PARQUE LAS AGUAS","2021-12-07","","1.71516016"
"PARQUE LAS AGUAS","2021-12-06","","1.85595757"
"PARQUE LAS AGUAS","2021-12-05","","1.91936152"
"PARQUE LAS AGUAS","2021-12-04","","1.80333869"
"PARQUE LAS AGUAS","2021-12-03","","1.44680302"
"PARQUE LAS AGUAS","2021-12-02","","1.81495553"
"PARQUE LAS AGUAS","2021-12-01","","1.74714976"
"PARQUE LAS AGUAS","2021-11-30","","1.35826847"
"PARQUE LAS AGUAS","2021-11-29","","1.33410039"
"PARQUE LAS AGUAS","2021-11-28","","1.87253911"
"PARQUE LAS AGUAS","2021-11-27","","1.80570238"
"PARQUE LAS AGUAS","2021-11-26","","0.80546123"
"PARQUE LAS AGUAS","2021-11-25","","0.85174228"
"PARQUE LAS AGUAS","2021-11-24","","1.27808893"
"PARQUE LAS AGUAS","2021-11-23","","0.7939717"
"PARQUE LAS AGUAS","2021-11-22","","0.57816261"
"PARQUE LAS AGUAS","2021-11-21","","0.8160512"
"PARQUE LAS AGUAS","2021-11-20","","1.51456083"
"PARQUE LAS AGUAS","2021-11-19","","1.69289499"
"PARQUE LAS AGUAS","2021-11-18","","1.5569608"
"PARQUE LAS AGUAS","2021-11-17","","1.60204501"
"PARQUE LAS AGUAS","2021-11-16","","1.68308078"
"PARQUE LAS AGUAS","2021-11-15","","0.95257509"
"PARQUE LAS AGUAS","2021-11-14","","1.07564729"
"PARQUE LAS AGUAS","2021-11-13","","1.3966741"
"PARQUE LAS AGUAS","2021-11-12","","1.64400392"
"PARQUE LAS AGUAS","2021-11-11","","1.65457038"
"PARQUE LAS AGUAS","2021-11-10","","0.90795782"
"PARQUE LAS AGUAS","2021-11-09","","0.8366798"
"PARQUE LAS AGUAS","2021-11-08","","1.12096596"
"PARQUE LAS AGUAS","2021-11-07","","1.47535041"
"PARQUE LAS AGUAS","2021-11-06","","1.41621508"
"PARQUE LAS AGUAS","2021-11-05","","1.90109408"
"PARQUE LAS AGUAS","2021-11-04","","1.60995613"
"PARQUE LAS AGUAS","2021-11-03","","1.63757065"
"PARQUE LAS AGUAS","2021-11-02","","1.40776571"
"PARQUE LAS AGUAS","2021-11-01","","1.4374524"
"PARQUE LAS AGUAS","2021-10-31","","1.09095817"
"PARQUE LAS AGUAS","2021-10-30","","1.29244019"
"PARQUE LAS AGUAS","2021-10-29","","0.74779482"
"PARQUE LAS AGUAS","2021-10-28","","0.92546633"
"PARQUE LAS AGUAS","2021-10-27","","1.02393032"
"PARQUE LAS AGUAS","2021-10-26","","1.48803005"
"PARQUE LAS AGUAS","2021-10-25","","1.66622373"
"PARQUE LAS AGUAS","2021-10-24","","2.0244177"
"PARQUE LAS AGUAS","2021-10-23","","1.21522284"
"PARQUE LAS AGUAS","2021-10-22","","0.99006185"
"PARQUE LAS AGUAS","2021-10-21","","0.85218319"
"PARQUE LAS AGUAS","2021-10-20","","1.26088253"
"PARQUE LAS AGUAS","2021-10-19","","1.83383592"
"PARQUE LAS AGUAS","2021-10-18","","1.75558321"
"PARQUE LAS AGUAS","2021-10-17","","1.40237253"
"PARQUE LAS AGUAS","2021-10-16","","1.63589973"
"PARQUE LAS AGUAS","2021-10-15","","1.02921497"
"PARQUE LAS AGUAS","2021-10-14","","1.10854074"
"PARQUE LAS AGUAS","2021-10-13","","0.9124924"
"PARQUE LAS AGUAS","2021-10-12","","1.56091671"
"PARQUE LAS AGUAS","2021-10-11","","1.48430033"
"PARQUE LAS AGUAS","2021-10-10","","1.26875696"
"PARQUE LAS AGUAS","2021-10-09","","0.95939364"
"PARQUE LAS AGUAS","2021-10-08","","1.45147871"
"PARQUE LAS AGUAS","2021-10-07","","1.38045041"
"PARQUE LAS AGUAS","2021-10-06","","1.50253662"
"PARQUE LAS AGUAS","2021-10-05","","1.43506691"
"PARQUE LAS AGUAS","2021-10-04","","2.0216219"
"PARQUE LAS AGUAS","2021-10-03","","1.58591385"
"PARQUE LAS AGUAS","2021-10-02","","0.95013452"
"PARQUE LAS AGUAS","2021-10-01","","1.2483366"
"PARQUE LAS AGUAS","2021-09-30","","2.09487596"
"PARQUE LAS AGUAS","2021-09-29","","1.55580834"
"PARQUE LAS AGUAS","2021-09-28","","1.13396242"
"PARQUE LAS AGUAS","2021-09-27","","1.58178772"
"PARQUE LAS AGUAS","2021-09-26","","1.3241668"
"PARQUE LAS AGUAS","2021-09-25","","1.57443625"
"PARQUE LAS AGUAS","2021-09-24","","1.70000335"
"PARQUE LAS AGUAS","2021-09-23","","0.65488512"
"PARQUE LAS AGUAS","2021-09-22","","1.1239832"
"PARQUE LAS AGUAS","2021-09-21","","1.35211729"
"PARQUE LAS AGUAS","2021-09-20","","1.88924145"
"PARQUE LAS AGUAS","2021-09-19","","1.87941774"
"PARQUE LAS AGUAS","2021-09-18","","1.39876743"
"PARQUE LAS AGUAS","2021-09-17","","1.38349163"
"PARQUE LAS AGUAS","2021-09-16","","1.64062355"
"PARQUE LAS AGUAS","2021-09-15","","1.76197928"
"PARQUE LAS AGUAS","2021-09-14","","1.84647069"
"PARQUE LAS AGUAS","2021-09-13","","1.36862388"
"PARQUE LAS AGUAS","2021-09-12","","1.52209019"
"PARQUE LAS AGUAS","2021-09-11","","1.75815307"
"PARQUE LAS AGUAS","2021-09-10","","1.13899105"
"PARQUE LAS AGUAS","2021-09-09","","1.52858708"
"PARQUE LAS AGUAS","2021-09-08","","0.64458492"
"PARQUE LAS AGUAS","2021-09-07","","0.88554786"
"PARQUE LAS AGUAS","2021-09-06","","0.8284818"
"PARQUE LAS AGUAS","2021-09-05","","1.14196057"
"PARQUE LAS AGUAS","2021-09-04","","1.54781311"
"PARQUE LAS AGUAS","2021-09-03","","1.8986477"
"PARQUE LAS AGUAS","2021-09-02","","1.52081625"
"PARQUE LAS AGUAS","2021-09-01","","1.23556259"
"PARQUE LAS AGUAS","2021-08-31","","0.96877645"
"PARQUE LAS AGUAS","2021-08-30","","1.33415056"
"PARQUE LAS AGUAS","2021-08-29","","1.31337523"
"PARQUE LAS AGUAS","2021-08-28","","1.63587065"
"PARQUE LAS AGUAS","2021-08-27","","2.20595837"
"PARQUE LAS AGUAS","2021-08-26","","1.42703138"
"PARQUE LAS AGUAS","2021-08-25","","0.85194812"
"PARQUE LAS AGUAS","2021-08-24","","0.85376107"
"PARQUE LAS AGUAS","2021-08-23","","1.16478052"
"PARQUE LAS AGUAS","2021-08-22","","2.27368744"
"PARQUE LAS AGUAS","2021-08-21","","1.98789058"
"PARQUE LAS AGUAS","2021-08-20","","0.91219671"
"PARQUE LAS AGUAS","2021-08-19","","0.84958226"
"PARQUE LAS AGUAS","2021-08-18","","1.56140167"
"PARQUE LAS AGUAS","2021-08-17","","1.31666606"
"PARQUE LAS AGUAS","2021-08-16","","0.76412794"
"PARQUE LAS AGUAS","2021-08-15","","1.44150932"
"PARQUE LAS AGUAS","2021-08-14","","1.05348115"
"PARQUE LAS AGUAS","2021-08-13","","1.55050444"
"PARQUE LAS AGUAS","2021-08-12","","1.142289"
"PARQUE LAS AGUAS","2021-08-11","","1.77272205"
"PARQUE LAS AGUAS","2021-08-10","","0.95398717"
"PARQUE LAS AGUAS","2021-08-09","","1.77709806"
"PARQUE LAS AGUAS","2021-08-08","","1.69764758"
"PARQUE LAS AGUAS","2021-08-07","","1.51857568"
"PARQUE LAS AGUAS","2021-08-06","","1.43163569"
"PARQUE LAS AGUAS","2021-08-05","","1.36375118"
"PARQUE LAS AGUAS","2021-08-04","","1.60846017"
"PARQUE LAS AGUAS","2021-08-03","","1.3154428"
"PARQUE LAS AGUAS","2021-08-02","","1.47306427"
"PARQUE LAS AGUAS","2021-08-01","","1.13375697"
"PARQUE LAS AGUAS","2021-07-31","","1.92623602"
"PARQUE LAS AGUAS","2021-07-30","","1.25555724"
"PARQUE LAS AGUAS","2021-07-29","","0.96397673"
"PARQUE LAS AGUAS","2021-07-28","","1.25168424"
"PARQUE LAS AGUAS","2021-07-27","","0.6543674"
"PARQUE LAS AGUAS","2021-07-26","","1.84578518"
"PARQUE LAS AGUAS","2021-07-25","","1.37583483"
"PARQUE LAS AGUAS","2021-07-24","","0.9224867"
"PARQUE LAS AGUAS","2021-07-23","","1.56238471"
"PARQUE LAS AGUAS","2021-07-22","","1.15690776"
"PARQUE LAS AGUAS","2021-07-21","","1.39157057"
"PARQUE LAS AGUAS","2021-07-20","","0.87385653"
"PARQUE LAS AGUAS","2021-07-19","","1.11987631"
"PARQUE LAS AGUAS","2021-07-18","","1.25378148"
"PARQUE LAS AGUAS","2021-07-17","","1.73605367"
"PARQUE LAS AGUAS","2021-07-16","","0.97329287"
"PARQUE LAS AGUAS","2021-07-15","","1.6105044"
"PARQUE LAS AGUAS","2021-07-14","","1.66068409"
"PARQUE LAS AGUAS","2021-07-13","","1.01480815"
"PARQUE LAS AGUAS","2021-07-12","","1.5288931"
"PARQUE LAS AGUAS","2021-07-11","","1.74184769"
"PARQUE LAS AGUAS","2021-07-10","","1.79280399"
"PARQUE LAS AGUAS","2021-07-09","","1.32986009"
"PARQUE LAS AGUAS","2021-07-08","","1.81183538"
"PARQUE LAS AGUAS","2021-07-07","","1.46648312"
"PARQUE LAS AGUAS","2021-07-06","","1.76269394"
"PARQUE LAS AGUAS","2021-07-05","","1.6862777"
"PARQUE LAS AGUAS","2021-07-04","","1.69994584"
"PARQUE LAS AGUAS","2021-07-03","","1.38620073"
"PARQUE LAS AGUAS","2021-07-02","","2.00726036"
"PARQUE LAS AGUAS","2021-07-01","","1.8071406"
"PARQUE LAS AGUAS","2021-06-30","","1.38711575"
"PARQUE LAS AGUAS","2021-06-29","","0.97321225"
"PARQUE LAS AGUAS","2021-06-28","","1.36116483"
"PARQUE LAS AGUAS","2021-06-27","","1.48068492"
"PARQUE LAS AGUAS","2021-06-26","","1.26907318"
"PARQUE LAS AGUAS","2021-06-25","","1.31243575"
"PARQUE LAS AGUAS","2021-06-24","","0.72206088"
"PARQUE LAS AGUAS","2021-06-23","","1.54476848"
"PARQUE LAS AGUAS","2021-06-22","","0.66467369"
"PARQUE LAS AGUAS","2021-06-21","","1.32720423"
"PARQUE LAS AGUAS","2021-06-20","","1.12812307"
"PARQUE LAS AGUAS","2021-06-19","","1.30471604"
"PARQUE LAS AGUAS","2021-06-18","","1.72076579"
"PARQUE LAS AGUAS","2021-06-17","","1.49216062"
"PARQUE LAS AGUAS","2021-06-16","","1.33307429"
"PARQUE LAS AGUAS","2021-06-15","","1.65303893"
"PARQUE LAS AGUAS","2021-06-14","","1.54222322"
"PARQUE LAS AGUAS","2021-06-13","","0.75309822"
"PARQUE LAS AGUAS","2021-06-12","","0.90082514"
"PARQUE LAS AGUAS","2021-06-11","","1.89859801"
"PARQUE LAS AGUAS","2021-06-10","","1.37304087"
"PARQUE LAS AGUAS","2021-06-09","","0.98170353"
"PARQUE LAS AGUAS","2021-06-08","","0.6829495"
"PARQUE LAS AGUAS","2021-06-07","","1.31256226"
"PARQUE LAS AGUAS","2021-06-06","","1.6446662"
"PARQUE LAS AGUAS","2021-06-05","","1.47718689"
"PARQUE LAS AGUAS","2021-06-04","","1.73669854"
"PARQUE LAS AGUAS","2021-06-03","","1.49925104"
"PARQUE LAS AGUAS","2021-06-02","","1.64227032"
"PARQUE LAS AGUAS","2021-06-01","","0.8456303"
"PARQUE LAS AGUAS","2021-05-31","","1.23715581"
"PARQUE LAS AGUAS","2021-05-30","","1.32577801"
"PARQUE LAS AGUAS","2021-05-29","","0.90059545"
"PARQUE LAS AGUAS","2021-05-28","","0.82042682"
"PARQUE LAS AGUAS","2021-05-27","","0.75120194"
"PARQUE LAS AGUAS","2021-05-26","","1.50967268"
"PARQUE LAS AGUAS","2021-05-25","","1.8773362"
"PARQUE LAS AGUAS","2021-05-24","","1.85577697"
"PARQUE LAS AGUAS","2021-05-23","","1.88972503"
"PARQUE LAS AGUAS","2021-05-22","","1.5161666"
"PARQUE LAS AGUAS","2021-05-21","","1.36356936"
"PARQUE LAS AGUAS","2021-05-20","","1.66836084"
"PARQUE LAS AGUAS","2021-05-19","","1.80272407"
"PARQUE LAS AGUAS","2021-05-18","","0.72413742"
"PARQUE LAS AGUAS","2021-05-17","","1.28918707"
"PARQUE LAS AGUAS","2021-05-16","","1.44448012"
"PARQUE LAS AGUAS","2021-05-15","","1.72878649"
"PARQUE LAS AGUAS","2021-05-14","","1.70027535"
"PARQUE LAS AGUAS","2021-05-13","","1.69745297"
"PARQUE LAS AGUAS","2021-05-12","","1.65439287"
"PARQUE LAS AGUAS","2021-05-11","","1.55111384"
"PARQUE LAS AGUAS","2021-05-10","","0.79020222"
"PARQUE LAS AGUAS","2021-05-09","","1.78410098"
"PARQUE LAS AGUAS","2021-05-08","","1.28848791"
"PARQUE LAS AGUAS","2021-05-07","","1.41027086"
"PARQUE LAS AGUAS","2021-05-06","","1.01128398"
"PARQUE LAS AGUAS","2021-05-05","","1.36997906"
"PARQUE LAS AGUAS","2021-05-04","","1.54414797"
"PARQUE LAS AGUAS","2021-05-03","","1.10328979"
"PARQUE LAS AGUAS","2021-05-02","","0.92069672"
"PARQUE LAS AGUAS","2021-05-01","","1.10194265"
"PARQUE LAS AGUAS","2021-04-30","","1.16083333"
"PARQUE LAS AGUAS","2021-04-29","","1.62958333"
"PARQUE LAS AGUAS","2021-04-28","","1.35458333"
"PARQUE LAS AGUAS","2021-04-27","","1.17708333"
"PARQUE LAS AGUAS","2021-04-26","","1.77666667"
"PARQUE LAS AGUAS","2021-04-25","","1.93625"
"PARQUE LAS AGUAS","2021-04-24","","1.76583333"
"PARQUE LAS AGUAS","2021-04-23","","1.37666667"
"PARQUE LAS AGUAS","2021-04-22","","2.06208333"
"PARQUE LAS AGUAS","2021-04-21","","1.7125"
"PARQUE LAS AGUAS","2021-04-20","","1.66083333"
"PARQUE LAS AGUAS","2021-04-19","","1.84666667"
"PARQUE LAS AGUAS","2021-04-18","","2.57833333"
"PARQUE LAS AGUAS","2021-04-17","","2.16791667"
"PARQUE LAS AGUAS","2021-04-16","","1.23416667"
"PARQUE LAS AGUAS","2021-04-15","","1.64583333"
"PARQUE LAS AGUAS","2021-04-14","","1.625"
"PARQUE LAS AGUAS","2021-04-13","","1.61041667"
"PARQUE LAS AGUAS","2021-04-12","","1.24583333"
"PARQUE LAS AGUAS","2021-04-11","","1.65583333"
"PARQUE LAS AGUAS","2021-04-10","","1.85541667"
"PARQUE LAS AGUAS","2021-04-09","","1.51916667"
"PARQUE LAS AGUAS","2021-04-08","","2.29583333"
"PARQUE LAS AGUAS","2021-04-07","","1.93458333"
"PARQUE LAS AGUAS","2021-04-06","","1.63333333"
"PARQUE LAS AGUAS","2021-04-05","","1.92083333"
"PARQUE LAS AGUAS","2021-04-04","","1.81458333"
"PARQUE LAS AGUAS","2021-04-03","","1.38708333"
"PARQUE LAS AGUAS","2021-04-02","","1.20791667"
"PARQUE LAS AGUAS","2021-04-01","","1.63304348"
"PARQUE LAS AGUAS","2021-03-31","","2.22261734"
"PARQUE LAS AGUAS","2021-03-30","","1.61331617"
"PARQUE LAS AGUAS","2021-03-29","","2.13719417"
"PARQUE LAS AGUAS","2021-03-28","","1.59487125"
"PARQUE LAS AGUAS","2021-03-27","","1.90392242"
"PARQUE LAS AGUAS","2021-03-26","","1.14358372"
"PARQUE LAS AGUAS","2021-03-25","","1.35440363"
"PARQUE LAS AGUAS","2021-03-24","","1.00178153"
"PARQUE LAS AGUAS","2021-03-23","","1.26759073"
"PARQUE LAS AGUAS","2021-03-22","","1.33035117"
"PARQUE LAS AGUAS","2021-03-21","","1.58362845"
"PARQUE LAS AGUAS","2021-03-20","","1.06427099"
"PARQUE LAS AGUAS","2021-03-19","","1.77610786"
"PARQUE LAS AGUAS","2021-03-18","","0.90443185"
"PARQUE LAS AGUAS","2021-03-17","","1.27488362"
"PARQUE LAS AGUAS","2021-03-16","","1.58216793"
"PARQUE LAS AGUAS","2021-03-15","","1.61011569"
"PARQUE LAS AGUAS","2021-03-14","","1.85765953"
"PARQUE LAS AGUAS","2021-03-13","","1.95345809"
"PARQUE LAS AGUAS","2021-03-12","","1.03695249"
"PARQUE LAS AGUAS","2021-03-11","","1.47620531"
"PARQUE LAS AGUAS","2021-03-10","","1.21691719"
"PARQUE LAS AGUAS","2021-03-09","","1.7487375"
"PARQUE LAS AGUAS","2021-03-08","","1.35774985"
"PARQUE LAS AGUAS","2021-03-07","","1.95274653"
"PARQUE LAS AGUAS","2021-03-06","","2.09195936"
"PARQUE LAS AGUAS","2021-03-05","","1.97705988"
"PARQUE LAS AGUAS","2021-03-04","","2.27702421"
"PARQUE LAS AGUAS","2021-03-03","","1.65233521"
"PARQUE LAS AGUAS","2021-03-02","","1.79266576"
"PARQUE LAS AGUAS","2021-03-01","","1.86696388"
"PARQUE LAS AGUAS","2021-02-28","","2.08009116"
"PARQUE LAS AGUAS","2021-02-27","","1.61745087"
"PARQUE LAS AGUAS","2021-02-26","","1.83192582"
"PARQUE LAS AGUAS","2021-02-25","","2.17128856"
"PARQUE LAS AGUAS","2021-02-24","","2.06083039"
"PARQUE LAS AGUAS","2021-02-23","","1.61876203"
"PARQUE LAS AGUAS","2021-02-22","","1.90527818"
"PARQUE LAS AGUAS","2021-02-21","","2.05149682"
"PARQUE LAS AGUAS","2021-02-20","","1.73690364"
"PARQUE LAS AGUAS","2021-02-19","","1.59601977"
"PARQUE LAS AGUAS","2021-02-18","","1.19338605"
"PARQUE LAS AGUAS","2021-02-17","","1.84157858"
"PARQUE LAS AGUAS","2021-02-16","","1.91308103"
"PARQUE LAS AGUAS","2021-02-15","","1.35768298"
"PARQUE LAS AGUAS","2021-02-14","","2.01108182"
"PARQUE LAS AGUAS","2021-02-13","","1.51773122"
"PARQUE LAS AGUAS","2021-02-12","","1.29441155"
"PARQUE LAS AGUAS","2021-02-11","","1.8394098"
"PARQUE LAS AGUAS","2021-02-10","","1.58705248"
"PARQUE LAS AGUAS","2021-02-09","","1.67919461"
"PARQUE LAS AGUAS","2021-02-08","","1.67384452"
"PARQUE LAS AGUAS","2021-02-07","","1.52575095"
"PARQUE LAS AGUAS","2021-02-06","","1.71013998"
"PARQUE LAS AGUAS","2021-02-05","","1.67082197"
"PARQUE LAS AGUAS","2021-02-04","","2.1317885"
"PARQUE LAS AGUAS","2021-02-03","","2.33195064"
"PARQUE LAS AGUAS","2021-02-02","","2.4775992"
"PARQUE LAS AGUAS","2021-02-01","","1.69928381"
"PARQUE LAS AGUAS","2021-01-31","","1.64"
"PARQUE LAS AGUAS","2021-01-30","","1.89291667"
"PARQUE LAS AGUAS","2021-01-29","","1.78208333"
"PARQUE LAS AGUAS","2021-01-28","","2.34291667"
"PARQUE LAS AGUAS","2021-01-27","","1.7975"
"PARQUE LAS AGUAS","2021-01-26","","1.35333333"
"PARQUE LAS AGUAS","2021-01-25","","2.12666667"
"PARQUE LAS AGUAS","2021-01-24","","1.77625"
"PARQUE LAS AGUAS","2021-01-23","","1.73583333"
"PARQUE LAS AGUAS","2021-01-22","","2.33833333"
"PARQUE LAS AGUAS","2021-01-21","","2.09666667"
"PARQUE LAS AGUAS","2021-01-20","","1.72166667"
"PARQUE LAS AGUAS","2021-01-19","","2.28933333"
"PARQUE LAS AGUAS","2021-01-18","","1.92458333"
"PARQUE LAS AGUAS","2021-01-17","","1.70916667"
"PARQUE LAS AGUAS","2021-01-16","","1.9325"
"PARQUE LAS AGUAS","2021-01-15","","2.2275"
"PARQUE LAS AGUAS","2021-01-14","","1.90458333"
"PARQUE LAS AGUAS","2021-01-13","","1.73583333"
"PARQUE LAS AGUAS","2021-01-12","","1.82375"
"PARQUE LAS AGUAS","2021-01-11","","1.57333333"
"PARQUE LAS AGUAS","2021-01-10","","1.67625"
"PARQUE LAS AGUAS","2021-01-09","","1.58833333"
"PARQUE LAS AGUAS","2021-01-08","","1.40125"
"PARQUE LAS AGUAS","2021-01-07","","1.62166667"
"PARQUE LAS AGUAS","2021-01-06","","1.89"
"PARQUE LAS AGUAS","2021-01-05","","2.07791667"
"PARQUE LAS AGUAS","2021-01-04","","1.96583333"
"PARQUE LAS AGUAS","2021-01-03","","2.1225"
"PARQUE LAS AGUAS","2021-01-02","","1.75375"
"PARQUE LAS AGUAS","2021-01-01","","0.80791667"
"PARQUE LAS AGUAS","2020-12-31","","1.7825"
"PARQUE LAS AGUAS","2020-12-30","","2.12"
"PARQUE LAS AGUAS","2020-12-29","","2.05916667"
"PARQUE LAS AGUAS","2020-12-28","","2.09541667"
"PARQUE LAS AGUAS","2020-12-27","","1.91083333"
"PARQUE LAS AGUAS","2020-12-26","","0.99291667"
"PARQUE LAS AGUAS","2020-12-25","","1.17166667"
"PARQUE LAS AGUAS","2020-12-24","","2.2975"
"PARQUE LAS AGUAS","2020-12-23","","2.09041667"
"PARQUE LAS AGUAS","2020-12-22","","1.44666667"
"PARQUE LAS AGUAS","2020-12-21","","1.67958333"
"PARQUE LAS AGUAS","2020-12-20","","1.40208333"
"PARQUE LAS AGUAS","2020-12-19","","1.57666667"
"PARQUE LAS AGUAS","2020-12-18","","1.26125"
"PARQUE LAS AGUAS","2020-12-17","","1.59666667"
"PARQUE LAS AGUAS","2020-12-16","","1.60791667"
"PARQUE LAS AGUAS","2020-12-15","","2.12791667"
"PARQUE LAS AGUAS","2020-12-14","","2.03833333"
"PARQUE LAS AGUAS","2020-12-13","","1.6025"
"PARQUE LAS AGUAS","2020-12-12","","1.56541667"
"PARQUE LAS AGUAS","2020-12-11","","1.73416667"
"PARQUE LAS AGUAS","2020-12-10","","1.70708333"
"PARQUE LAS AGUAS","2020-12-09","","1.47541667"
"PARQUE LAS AGUAS","2020-12-08","","1.64833333"
"PARQUE LAS AGUAS","2020-12-07","","1.89"
"PARQUE LAS AGUAS","2020-12-06","","1.78625"
"PARQUE LAS AGUAS","2020-12-05","","1.77958333"
"PARQUE LAS AGUAS","2020-12-04","","1.96375"
"PARQUE LAS AGUAS","2020-12-03","","1.98083333"
"PARQUE LAS AGUAS","2020-12-02","","1.07416667"
"PARQUE LAS AGUAS","2020-12-01","","1.90125"
"PARQUE LAS AGUAS","2020-11-30","","1.46375"
"PARQUE LAS AGUAS","2020-11-29","","1.81083333"
"PARQUE LAS AGUAS","2020-11-28","","1.31416667"
"PARQUE LAS AGUAS","2020-11-27","","1.38041667"
"PARQUE LAS AGUAS","2020-11-26","","2.28916667"
"PARQUE LAS AGUAS","2020-11-25","","1.89375"
"PARQUE LAS AGUAS","2020-11-24","","1.57416667"
"PARQUE LAS AGUAS","2020-11-23","","1.93416667"
"PARQUE LAS AGUAS","2020-11-22","","1.85583333"
"PARQUE LAS AGUAS","2020-11-21","","1.38666667"
"PARQUE LAS AGUAS","2020-11-20","","1.15833333"
"PARQUE LAS AGUAS","2020-11-19","","1.975"
"PARQUE LAS AGUAS","2020-11-18","","1.36666667"
"PARQUE LAS AGUAS","2020-11-17","","1.40416667"
"PARQUE LAS AGUAS","2020-11-16","","1.31"
"PARQUE LAS AGUAS","2020-11-15","","1.34625"
"PARQUE LAS AGUAS","2020-11-14","","1.55956522"
"PARQUE LAS AGUAS","2020-11-13","","1.63666667"
"PARQUE LAS AGUAS","2020-11-12","","1.1975"
"PARQUE LAS AGUAS","2020-11-11","","0.72"
"PARQUE LAS AGUAS","2020-11-10","","1.35375"
"PARQUE LAS AGUAS","2020-11-09","","1.5175"
"PARQUE LAS AGUAS","2020-11-08","","1.48166667"
"PARQUE LAS AGUAS","2020-11-07","","1.3975"
"PARQUE LAS AGUAS","2020-11-06","","1.32791667"
"PARQUE LAS AGUAS","2020-11-05","","1.61041667"
"PARQUE LAS AGUAS","2020-11-04","","2.20916667"
"PARQUE LAS AGUAS","2020-11-03","","1.8375"
"PARQUE LAS AGUAS","2020-11-02","","2.04875"
"PARQUE LAS AGUAS","2020-11-01","","1.41458333"
"PARQUE LAS AGUAS","2020-10-31","","1.42375"
"PARQUE LAS AGUAS","2020-10-30","","1.40041667"
"PARQUE LAS AGUAS","2020-10-29","","1.48625"
"PARQUE LAS AGUAS","2020-10-28","","1.28583333"
"PARQUE LAS AGUAS","2020-10-27","","1.81916667"
"PARQUE LAS AGUAS","2020-10-26","","1.74375"
"PARQUE LAS AGUAS","2020-10-25","","0.83958333"
"PARQUE LAS AGUAS","2020-10-24","","1.18291667"
"PARQUE LAS AGUAS","2020-10-23","","2.15583333"
"PARQUE LAS AGUAS","2020-10-22","","1.62625"
"PARQUE LAS AGUAS","2020-10-21","","1.76791667"
"PARQUE LAS AGUAS","2020-10-20","","1.78875"
"PARQUE LAS AGUAS","2020-10-19","","1.09"
"PARQUE LAS AGUAS","2020-10-18","","1.26333333"
"PARQUE LAS AGUAS","2020-10-17","","1.33666667"
"PARQUE LAS AGUAS","2020-10-16","","1.54791667"
"PARQUE LAS AGUAS","2020-10-15","","2.22625"
"PARQUE LAS AGUAS","2020-10-14","","2.27666667"
"PARQUE LAS AGUAS","2020-10-13","","1.33958333"
"PARQUE LAS AGUAS","2020-10-12","","1.9325"
"PARQUE LAS AGUAS","2020-10-11","","1.27208333"
"PARQUE LAS AGUAS","2020-10-10","","1.7"
"PARQUE LAS AGUAS","2020-10-09","","1.70958333"
"PARQUE LAS AGUAS","2020-10-08","","2.13583333"
"PARQUE LAS AGUAS","2020-10-07","","1.90416667"
"PARQUE LAS AGUAS","2020-10-06","","1.57041667"
"PARQUE LAS AGUAS","2020-10-05","","1.54625"
"PARQUE LAS AGUAS","2020-10-04","","1.26291667"
"PARQUE LAS AGUAS","2020-10-03","","1.29875"
"PARQUE LAS AGUAS","2020-10-02","","1.4325"
"PARQUE LAS AGUAS","2020-10-01","","2.34583333"
"PARQUE LAS AGUAS","2020-09-30","","1.65125"
"PARQUE LAS AGUAS","2020-09-29","","1.42708333"
"PARQUE LAS AGUAS","2020-09-28","","1.54166667"
"PARQUE LAS AGUAS","2020-09-27","","1.62791667"
"PARQUE LAS AGUAS","2020-09-26","","1.48583333"
"PARQUE LAS AGUAS","2020-09-25","","1.61272727"
"PARQUE LAS AGUAS","2020-09-24","","2.0225"
"PARQUE LAS AGUAS","2020-09-23","","1.52041667"
"PARQUE LAS AGUAS","2020-09-22","","1.92291667"
"PARQUE LAS AGUAS","2020-09-21","","1.66291667"
"PARQUE LAS AGUAS","2020-09-20","","1.45375"
"PARQUE LAS AGUAS","2020-09-19","","1.82083333"
"PARQUE LAS AGUAS","2020-09-18","","1.14875"
"PARQUE LAS AGUAS","2020-09-17","","1.04875"
"PARQUE LAS AGUAS","2020-09-16","","1.46125"
"PARQUE LAS AGUAS","2020-09-15","","1.68333333"
"PARQUE LAS AGUAS","2020-09-14","","1.67125"
"PARQUE LAS AGUAS","2020-09-13","","1.98625"
"PARQUE LAS AGUAS","2020-09-12","","2.10541667"
"PARQUE LAS AGUAS","2020-09-11","","2.015"
"PARQUE LAS AGUAS","2020-09-10","","1.89083333"
"PARQUE LAS AGUAS","2020-09-09","","1.47083333"
"PARQUE LAS AGUAS","2020-09-08","","0.76833333"
"PARQUE LAS AGUAS","2020-09-07","","1.62166667"
"PARQUE LAS AGUAS","2020-09-06","","2.02958333"
"PARQUE LAS AGUAS","2020-09-05","","1.79375"
"PARQUE LAS AGUAS","2020-09-04","","1.68458333"
"PARQUE LAS AGUAS","2020-09-03","","0.95291667"
"PARQUE LAS AGUAS","2020-09-02","","1.06541667"
"PARQUE LAS AGUAS","2020-09-01","","1.35166667"
"PARQUE LAS AGUAS","2020-08-31","","1.61041667"
"PARQUE LAS AGUAS","2020-08-30","","1.2175"
"PARQUE LAS AGUAS","2020-08-29","","1.43416667"
"PARQUE LAS AGUAS","2020-08-28","","1.8725"
"PARQUE LAS AGUAS","2020-08-27","","1.93958333"
"PARQUE LAS AGUAS","2020-08-26","","1.79333333"
"PARQUE LAS AGUAS","2020-08-25","","1.69708333"
"PARQUE LAS AGUAS","2020-08-24","","1.21958333"
"PARQUE LAS AGUAS","2020-08-23","","1.3125"
"PARQUE LAS AGUAS","2020-08-22","","1.25"
"PARQUE LAS AGUAS","2020-08-21","","1.8875"
"PARQUE LAS AGUAS","2020-08-20","","1.65541667"
"PARQUE LAS AGUAS","2020-08-19","","1.3825"
"PARQUE LAS AGUAS","2020-08-18","","1.70875"
"PARQUE LAS AGUAS","2020-08-17","","1.37208333"
"PARQUE LAS AGUAS","2020-08-16","","1.71333333"
"PARQUE LAS AGUAS","2020-08-15","","1.84791667"
"PARQUE LAS AGUAS","2020-08-14","","1.86708333"
"PARQUE LAS AGUAS","2020-08-13","","1.6325"
"PARQUE LAS AGUAS","2020-08-12","","2.24125"
"PARQUE LAS AGUAS","2020-08-11","","1.69791667"
"PARQUE LAS AGUAS","2020-08-10","","1.82882353"
"PARQUE LAS AGUAS","2020-08-09","","1.64333333"
"PARQUE LAS AGUAS","2020-08-08","","1.77333333"
"PARQUE LAS AGUAS","2020-08-07","","1.80875"
"PARQUE LAS AGUAS","2020-08-06","","1.90291667"
"PARQUE LAS AGUAS","2020-08-05","","1.86916667"
"PARQUE LAS AGUAS","2020-08-04","","1.4052381"
"PARQUE LAS AGUAS","2020-08-03","","1.415"
"PARQUE LAS AGUAS","2020-08-02","","1.4725"
"PARQUE LAS AGUAS","2020-08-01","","1.26"
"PARQUE LAS AGUAS","2020-07-31","","1.85375"
"PARQUE LAS AGUAS","2020-07-30","","1.41458333"
"PARQUE LAS AGUAS","2020-07-29","","1.54083333"
"PARQUE LAS AGUAS","2020-07-28","","1.60166667"
"PARQUE LAS AGUAS","2020-07-27","","1.72"
"PARQUE LAS AGUAS","2020-07-26","","2.06791667"
"PARQUE LAS AGUAS","2020-07-25","","1.22916667"
"PARQUE LAS AGUAS","2020-07-24","","1.01875"
"PARQUE LAS AGUAS","2020-07-23","","1.04458333"
"PARQUE LAS AGUAS","2020-07-22","","1.83208333"
"PARQUE LAS AGUAS","2020-07-21","","2.86666667"
"PARQUE LAS AGUAS","2020-07-16","","1.13333333"
"PARQUE LAS AGUAS","2020-07-15","","1.32458333"
"PARQUE LAS AGUAS","2020-07-14","","1.18708333"
"PARQUE LAS AGUAS","2020-07-13","","1.54458333"
"PARQUE LAS AGUAS","2020-07-12","","1.6325"
"PARQUE LAS AGUAS","2020-07-11","","1.52166667"
"PARQUE LAS AGUAS","2020-07-10","","1.75875"
"PARQUE LAS AGUAS","2020-07-09","","1.42083333"
"PARQUE LAS AGUAS","2020-07-08","","1.15875"
"PARQUE LAS AGUAS","2020-07-07","","1.4175"
"PARQUE LAS AGUAS","2020-07-06","","1.22291667"
"PARQUE LAS AGUAS","2020-07-05","","1.52916667"
"PARQUE LAS AGUAS","2020-07-04","","1.30166667"
"PARQUE LAS AGUAS","2020-07-03","","1.85541667"
"PARQUE LAS AGUAS","2020-07-02","","1.23916667"
"PARQUE LAS AGUAS","2020-07-01","","1.78291667"
"PARQUE LAS AGUAS","2020-06-30","","2.09416667"
"PARQUE LAS AGUAS","2020-06-29","","1.80166667"
"PARQUE LAS AGUAS","2020-06-28","","1.25375"
"PARQUE LAS AGUAS","2020-06-27","","1.89291667"
"PARQUE LAS AGUAS","2020-06-26","","1.24043478"
"PARQUE LAS AGUAS","2020-06-25","","1.65521739"
"PARQUE LAS AGUAS","2020-06-24","","1.15083333"
"PARQUE LAS AGUAS","2020-06-23","","1.40666667"
"PARQUE LAS AGUAS","2020-06-22","","1.61666667"
"PARQUE LAS AGUAS","2020-06-21","","1.47"
"PARQUE LAS AGUAS","2020-06-20","","1.6175"
"PARQUE LAS AGUAS","2020-06-19","","1.70375"
"PARQUE LAS AGUAS","2020-06-18","","1.38181818"
"PARQUE LAS AGUAS","2020-06-17","","0.87916667"
"PARQUE LAS AGUAS","2020-06-16","","1.84583333"
"PARQUE LAS AGUAS","2020-06-15","","1.40291667"
"PARQUE LAS AGUAS","2020-06-14","","1.84333333"
"PARQUE LAS AGUAS","2020-06-13","","1.935"
"PARQUE LAS AGUAS","2020-06-12","","1.01791667"
"PARQUE LAS AGUAS","2020-06-11","","1.40541667"
"PARQUE LAS AGUAS","2020-06-10","","1.14041667"
"PARQUE LAS AGUAS","2020-06-09","","1.02791667"
"PARQUE LAS AGUAS","2020-06-08","","2.08541667"
"PARQUE LAS AGUAS","2020-06-07","","2.02291667"
"PARQUE LAS AGUAS","2020-06-06","","1.42458333"
"PARQUE LAS AGUAS","2020-06-05","","1.96125"
"PARQUE LAS AGUAS","2020-06-04","","1.63375"
"PARQUE LAS AGUAS","2020-06-03","","0.76833333"
"PARQUE LAS AGUAS","2020-06-02","","1.39916667"
"PARQUE LAS AGUAS","2020-06-01","","1.78333333"
"PARQUE LAS AGUAS","2020-05-31","","1.745"
"PARQUE LAS AGUAS","2020-05-30","","1.13708333"
"PARQUE LAS AGUAS","2020-05-29","","1.185"
"PARQUE LAS AGUAS","2020-05-28","","1.46333333"
"PARQUE LAS AGUAS","2020-05-27","","1.58708333"
"PARQUE LAS AGUAS","2020-05-26","","1.90333333"
"PARQUE LAS AGUAS","2020-05-25","","1.81833333"
"PARQUE LAS AGUAS","2020-05-24","","1.96333333"
"PARQUE LAS AGUAS","2020-05-23","","1.59291667"
"PARQUE LAS AGUAS","2020-05-22","","1.585"
"PARQUE LAS AGUAS","2020-05-21","","1.38458333"
"PARQUE LAS AGUAS","2020-05-20","","1.82625"
"PARQUE LAS AGUAS","2020-05-19","","1.26083333"
"PARQUE LAS AGUAS","2020-05-18","","1.81541667"
"PARQUE LAS AGUAS","2020-05-17","","1.86875"
"PARQUE LAS AGUAS","2020-05-16","","1.47625"
"PARQUE LAS AGUAS","2020-05-15","","2.31208333"
"PARQUE LAS AGUAS","2020-05-14","","2.1175"
"PARQUE LAS AGUAS","2020-05-13","","2.04041667"
"PARQUE LAS AGUAS","2020-05-12","","1.765"
"PARQUE LAS AGUAS","2020-05-11","","1.75708333"
"PARQUE LAS AGUAS","2020-05-10","","1.54708333"
"PARQUE LAS AGUAS","2020-05-09","","1.36875"
"PARQUE LAS AGUAS","2020-05-08","","1.9475"
"PARQUE LAS AGUAS","2020-05-07","","2.15375"
"PARQUE LAS AGUAS","2020-05-06","","2.09541667"
"PARQUE LAS AGUAS","2020-05-05","","1.64583333"
"PARQUE LAS AGUAS","2020-05-04","","2.25291667"
"PARQUE LAS AGUAS","2020-05-03","","1.6825"
"PARQUE LAS AGUAS","2020-05-02","","1.57666667"
"PARQUE LAS AGUAS","2020-05-01","","1.44083333"
"PARQUE LAS AGUAS","2020-04-30","","1.79083333"
"PARQUE LAS AGUAS","2020-04-29","","1.63333333"
"PARQUE LAS AGUAS","2020-04-28","","2.25625"
"PARQUE LAS AGUAS","2020-04-27","","1.56083333"
"PARQUE LAS AGUAS","2020-04-26","","1.53125"
"PARQUE LAS AGUAS","2020-04-25","","1.62166667"
"PARQUE LAS AGUAS","2020-04-24","","1.57958333"
"PARQUE LAS AGUAS","2020-04-23","","1.62375"
"PARQUE LAS AGUAS","2020-04-22","","1.68583333"
"PARQUE LAS AGUAS","2020-04-21","","1.33625"
"PARQUE LAS AGUAS","2020-04-20","","1.8225"
"PARQUE LAS AGUAS","2020-04-19","","1.46291667"
"PARQUE LAS AGUAS","2020-04-18","","1.69375"
"PARQUE LAS AGUAS","2020-04-17","","2.11958333"
"PARQUE LAS AGUAS","2020-04-16","","1.99041667"
"PARQUE LAS AGUAS","2020-04-15","","2.23416667"
"PARQUE LAS AGUAS","2020-04-14","","1.93291667"
"PARQUE LAS AGUAS","2020-04-13","","1.5575"
"PARQUE LAS AGUAS","2020-04-12","","2.02916667"
"PARQUE LAS AGUAS","2020-04-11","","2.03166667"
"PARQUE LAS AGUAS","2020-04-10","","2.01166667"
"PARQUE LAS AGUAS","2020-04-09","","1.63166667"
"PARQUE LAS AGUAS","2020-04-08","","1.76583333"
"PARQUE LAS AGUAS","2020-04-07","","2.33125"
"PARQUE LAS AGUAS","2020-04-06","","1.60166667"
"PARQUE LAS AGUAS","2020-04-05","","1.87125"
"PARQUE LAS AGUAS","2020-04-04","","2.39125"
"PARQUE LAS AGUAS","2020-04-03","","2.31"
"PARQUE LAS AGUAS","2020-04-02","","2.03333333"
"PARQUE LAS AGUAS","2020-04-01","","1.55"
"PARQUE LAS AGUAS","2020-03-31","","1.5825"
"PARQUE LAS AGUAS","2020-03-30","","1.91041667"
"PARQUE LAS AGUAS","2020-03-29","","1.98166667"
"PARQUE LAS AGUAS","2020-03-28","","2.02833333"
"PARQUE LAS AGUAS","2020-03-27","","2.12875"
"PARQUE LAS AGUAS","2020-03-26","","1.9775"
"PARQUE LAS AGUAS","2020-03-25","","2.06583333"
"PARQUE LAS AGUAS","2020-03-24","","1.32958333"
"PARQUE LAS AGUAS","2020-03-23","","2.32708333"
"PARQUE LAS AGUAS","2020-03-22","","2.0575"
"PARQUE LAS AGUAS","2020-03-21","","1.78375"
"PARQUE LAS AGUAS","2020-03-20","","1.70916667"
"PARQUE LAS AGUAS","2020-03-19","","2.06958333"
"PARQUE LAS AGUAS","2020-03-18","","2.29125"
"PARQUE LAS AGUAS","2020-03-17","","2.37083333"
"PARQUE LAS AGUAS","2020-03-16","","2.01217391"
"PARQUE LAS AGUAS","2020-03-15","","2.41166667"
"PARQUE LAS AGUAS","2020-03-14","","2.32041667"
"PARQUE LAS AGUAS","2020-03-13","","2.50208333"
"PARQUE LAS AGUAS","2020-03-12","","2.3725"
"PARQUE LAS AGUAS","2020-03-11","","2.1825"
"PARQUE LAS AGUAS","2020-03-10","","2.39416667"
"PARQUE LAS AGUAS","2020-03-09","","2.71333333"
"PARQUE LAS AGUAS","2020-03-08","","2.52458333"
"PARQUE LAS AGUAS","2020-03-07","","2.505"
"PARQUE LAS AGUAS","2020-03-06","","2.23166667"
"PARQUE LAS AGUAS","2020-03-05","","1.82958333"
"PARQUE LAS AGUAS","2020-03-04","","1.6025"
"PARQUE LAS AGUAS","2020-03-03","","1.93833333"
"PARQUE LAS AGUAS","2020-03-02","","1.81695652"
"PARQUE LAS AGUAS","2020-03-01","","2.43083333"
"PARQUE LAS AGUAS","2020-02-29","","2.29"
"PARQUE LAS AGUAS","2020-02-28","","2.13625"
"PARQUE LAS AGUAS","2020-02-27","","2.28125"
"PARQUE LAS AGUAS","2020-02-26","","2.43166667"
"PARQUE LAS AGUAS","2020-02-25","","2.60958333"
"PARQUE LAS AGUAS","2020-02-24","","2.68625"
"PARQUE LAS AGUAS","2020-02-23","","2.47791667"
"PARQUE LAS AGUAS","2020-02-22","","2.26625"
"PARQUE LAS AGUAS","2020-02-21","","1.8025"
"PARQUE LAS AGUAS","2020-02-20","","2.03125"
"PARQUE LAS AGUAS","2020-02-19","","1.72375"
"PARQUE LAS AGUAS","2020-02-18","","1.41125"
"PARQUE LAS AGUAS","2020-02-17","","1.58583333"
"PARQUE LAS AGUAS","2020-02-16","","1.28291667"
"PARQUE LAS AGUAS","2020-02-15","","1.36208333"
"PARQUE LAS AGUAS","2020-02-14","","2.15695652"
"PARQUE LAS AGUAS","2020-02-13","","2.16333333"
"PARQUE LAS AGUAS","2020-02-12","","2.05333333"
"PARQUE LAS AGUAS","2020-02-11","","1.48625"
"PARQUE LAS AGUAS","2020-02-10","","1.4225"
"PARQUE LAS AGUAS","2020-02-09","","1.7775"
"PARQUE LAS AGUAS","2020-02-08","","2.2775"
"PARQUE LAS AGUAS","2020-02-07","","1.97958333"
"PARQUE LAS AGUAS","2020-02-06","","1.29458333"
"PARQUE LAS AGUAS","2020-02-05","","1.66041667"
"PARQUE LAS AGUAS","2020-02-04","","1.79666667"
"PARQUE LAS AGUAS","2020-02-03","","1.53458333"
"PARQUE LAS AGUAS","2020-02-02","","1.74125"
"PARQUE LAS AGUAS","2020-02-01","","2.04208333"
"PARQUE LAS AGUAS","2020-01-31","","1.88583333"
"PARQUE LAS AGUAS","2020-01-30","","2.07875"
"PARQUE LAS AGUAS","2020-01-29","","2.03666667"
"PARQUE LAS AGUAS","2020-01-28","","2.14875"
"PARQUE LAS AGUAS","2020-01-27","","1.71166667"
"PARQUE LAS AGUAS","2020-01-26","","1.93041667"
"PARQUE LAS AGUAS","2020-01-25","","2.43166667"
"PARQUE LAS AGUAS","2020-01-24","","2.27"
"PARQUE LAS AGUAS","2020-01-23","","1.73791667"
"PARQUE LAS AGUAS","2020-01-22","","0.63666667"
"PARQUE LAS AGUAS","2020-01-21","","1.40708333"
"PARQUE LAS AGUAS","2020-01-20","","1.55041667"
"PARQUE LAS AGUAS","2020-01-19","","1.60666667"
"PARQUE LAS AGUAS","2020-01-18","","1.15583333"
"PARQUE LAS AGUAS","2020-01-17","","1.28125"
"PARQUE LAS AGUAS","2020-01-16","","1.41458333"
"PARQUE LAS AGUAS","2020-01-15","","1.66083333"
"PARQUE LAS AGUAS","2020-01-14","","1.59666667"
"PARQUE LAS AGUAS","2020-01-13","","1.44166667"
"PARQUE LAS AGUAS","2020-01-12","","1.69125"
"PARQUE LAS AGUAS","2020-01-11","","1.47791667"
"PARQUE LAS AGUAS","2020-01-10","","1.60875"
"PARQUE LAS AGUAS","2020-01-09","","1.75478261"
"PARQUE LAS AGUAS","2020-01-08","","1.71416667"
"PARQUE LAS AGUAS","2020-01-07","","1.92"
"PARQUE LAS AGUAS","2020-01-06","","1.71125"
"PARQUE LAS AGUAS","2020-01-05","","1.79833333"
"PARQUE LAS AGUAS","2020-01-04","","1.97291667"
"PARQUE LAS AGUAS","2020-01-03","","1.7725"
"PARQUE LAS AGUAS","2020-01-02","","1.96541667"
"PARQUE LAS AGUAS","2020-01-01","","1.67208333"
"PARQUE LAS AGUAS","2019-12-31","","1.21458333"
"PARQUE LAS AGUAS","2019-12-30","","1.34833333"
"PARQUE LAS AGUAS","2019-12-29","","1.56583333"
"PARQUE LAS AGUAS","2019-12-28","","1.78166667"
"PARQUE LAS AGUAS","2019-12-27","","1.54791667"
"PARQUE LAS AGUAS","2019-12-26","","2.27625"
"PARQUE LAS AGUAS","2019-12-25","","2.34041667"
"PARQUE LAS AGUAS","2019-12-24","","2.07291667"
"PARQUE LAS AGUAS","2019-12-23","","2.01583333"
"PARQUE LAS AGUAS","2019-12-22","","1.68125"
"PARQUE LAS AGUAS","2019-12-21","","1.63875"
"PARQUE LAS AGUAS","2019-12-20","","1.85083333"
"PARQUE LAS AGUAS","2019-12-19","","1.79083333"
"PARQUE LAS AGUAS","2019-12-18","","1.79083333"
"PARQUE LAS AGUAS","2019-12-17","","1.48125"
"PARQUE LAS AGUAS","2019-12-16","","1.87833333"
"PARQUE LAS AGUAS","2019-12-15","","1.67708333"
"PARQUE LAS AGUAS","2019-12-14","","1.62708333"
"PARQUE LAS AGUAS","2019-12-13","","1.49666667"
"PARQUE LAS AGUAS","2019-12-12","","1.92125"
"PARQUE LAS AGUAS","2019-12-11","","1.83041667"
"PARQUE LAS AGUAS","2019-12-10","","1.96916667"
"PARQUE LAS AGUAS","2019-12-09","","1.90625"
"PARQUE LAS AGUAS","2019-12-08","","1.98083333"
"PARQUE LAS AGUAS","2019-12-07","","1.35958333"
"PARQUE LAS AGUAS","2019-12-06","","1.88416667"
"PARQUE LAS AGUAS","2019-12-05","","1.74857143"
"PARQUE LAS AGUAS","2019-12-03","","1.00083333"
"PARQUE LAS AGUAS","2019-12-02","","2.01166667"
"PARQUE LAS AGUAS","2019-12-01","","2.21208333"
"PARQUE LAS AGUAS","2019-11-30","","1.415"
"PARQUE LAS AGUAS","2019-11-29","","1.14083333"
"PARQUE LAS AGUAS","2019-11-28","","1.8075"
"PARQUE LAS AGUAS","2019-11-27","","1.66208333"
"PARQUE LAS AGUAS","2019-11-26","","1.91166667"
"PARQUE LAS AGUAS","2019-11-25","","1.68833333"
"PARQUE LAS AGUAS","2019-11-24","","1.81583333"
"PARQUE LAS AGUAS","2019-11-23","","1.65666667"
"PARQUE LAS AGUAS","2019-11-22","","1.70041667"
"PARQUE LAS AGUAS","2019-11-21","","1.79708333"
"PARQUE LAS AGUAS","2019-11-20","","1.7875"
"PARQUE LAS AGUAS","2019-11-19","","2.24833333"
"PARQUE LAS AGUAS","2019-11-18","","2.24958333"
"PARQUE LAS AGUAS","2019-11-17","","2.35083333"
"PARQUE LAS AGUAS","2019-11-16","","1.77291667"
"PARQUE LAS AGUAS","2019-11-15","","1.1175"
"PARQUE LAS AGUAS","2019-11-14","","1.56416667"
"PARQUE LAS AGUAS","2019-11-13","","1.11291667"
"PARQUE LAS AGUAS","2019-11-12","","1.1525"
"PARQUE LAS AGUAS","2019-11-11","","1.96541667"
"PARQUE LAS AGUAS","2019-11-10","","1.54291667"
"PARQUE LAS AGUAS","2019-11-09","","1.08625"
"PARQUE LAS AGUAS","2019-11-08","","1.6"
"PARQUE LAS AGUAS","2019-11-07","","1.56458333"
"PARQUE LAS AGUAS","2019-11-06","","2.0575"
"PARQUE LAS AGUAS","2019-11-05","","1.87"
"PARQUE LAS AGUAS","2019-11-04","","1.87875"
"PARQUE LAS AGUAS","2019-11-03","","1.5575"
"PARQUE LAS AGUAS","2019-11-02","","1.80916667"
"PARQUE LAS AGUAS","2019-11-01","","1.68333333"
"PARQUE LAS AGUAS","2019-10-31","","1.6225"
"PARQUE LAS AGUAS","2019-10-30","","1.59541667"
"PARQUE LAS AGUAS","2019-10-29","","1.70291667"
"PARQUE LAS AGUAS","2019-10-28","","1.72708333"
"PARQUE LAS AGUAS","2019-10-27","","1.58041667"
"PARQUE LAS AGUAS","2019-10-26","","1.65708333"
"PARQUE LAS AGUAS","2019-10-25","","1.42875"
"PARQUE LAS AGUAS","2019-10-24","","0.8375"
"PARQUE LAS AGUAS","2019-10-23","","1.23375"
"PARQUE LAS AGUAS","2019-10-22","","1.87666667"
"PARQUE LAS AGUAS","2019-10-21","","1.4725"
"PARQUE LAS AGUAS","2019-10-20","","1.80458333"
"PARQUE LAS AGUAS","2019-10-19","","1.11291667"
"PARQUE LAS AGUAS","2019-10-18","","1.81608696"
"PARQUE LAS AGUAS","2019-10-17","","1.56333333"
"PARQUE LAS AGUAS","2019-10-16","","1.945"
"PARQUE LAS AGUAS","2019-10-15","","1.78833333"
"PARQUE LAS AGUAS","2019-10-14","","1.57041667"
"PARQUE LAS AGUAS","2019-10-13","","1.30791667"
"PARQUE LAS AGUAS","2019-10-12","","1.61208333"
"PARQUE LAS AGUAS","2019-10-11","","1.33291667"
"PARQUE LAS AGUAS","2019-10-10","","1.93458333"
"PARQUE LAS AGUAS","2019-10-09","","1.645"
"PARQUE LAS AGUAS","2019-10-08","","1.73166667"
"PARQUE LAS AGUAS","2019-10-07","","1.85583333"
"PARQUE LAS AGUAS","2019-10-06","","1.94666667"
"PARQUE LAS AGUAS","2019-10-05","","1.73833333"
"PARQUE LAS AGUAS","2019-10-04","","1.90208333"
"PARQUE LAS AGUAS","2019-10-03","","1.11791667"
"PARQUE LAS AGUAS","2019-10-02","","1.8975"
"PARQUE LAS AGUAS","2019-10-01","","1.44333333"
"PARQUE LAS AGUAS","2019-09-30","","1.16291667"
"PARQUE LAS AGUAS","2019-09-29","","2.17833333"
"PARQUE LAS AGUAS","2019-09-28","","1.9475"
"PARQUE LAS AGUAS","2019-09-27","","1.82125"
"PARQUE LAS AGUAS","2019-09-26","","1.58208333"
"PARQUE LAS AGUAS","2019-09-25","","1.50708333"
"PARQUE LAS AGUAS","2019-09-24","","1.41166667"
"PARQUE LAS AGUAS","2019-09-23","","1.00916667"
"PARQUE LAS AGUAS","2019-09-22","","2.24458333"
"PARQUE LAS AGUAS","2019-09-21","","2.04125"
"PARQUE LAS AGUAS","2019-09-20","","1.70291667"
"PARQUE LAS AGUAS","2019-09-19","","1.69208333"
"PARQUE LAS AGUAS","2019-09-18","","1.27208333"
"PARQUE LAS AGUAS","2019-09-17","","1.45333333"
"PARQUE LAS AGUAS","2019-09-16","","1.885"
"PARQUE LAS AGUAS","2019-09-15","","1.33208333"
"PARQUE LAS AGUAS","2019-09-14","","1.55875"
"PARQUE LAS AGUAS","2019-09-13","","1.83083333"
"PARQUE LAS AGUAS","2019-09-12","","1.89125"
"PARQUE LAS AGUAS","2019-09-11","","1.80625"
"PARQUE LAS AGUAS","2019-09-10","","2.09125"
"PARQUE LAS AGUAS","2019-09-09","","1.48458333"
"PARQUE LAS AGUAS","2019-09-08","","1.44"
"PARQUE LAS AGUAS","2019-09-07","","1.58125"
"PARQUE LAS AGUAS","2019-09-06","","1.12125"
"PARQUE LAS AGUAS","2019-09-05","","2.05041667"
"PARQUE LAS AGUAS","2019-09-04","","2.0175"
"PARQUE LAS AGUAS","2019-09-03","","1.73291667"
"PARQUE LAS AGUAS","2019-09-02","","2.36458333"
"PARQUE LAS AGUAS","2019-09-01","","1.89583333"
"PARQUE LAS AGUAS","2019-08-31","","1.69083333"
"PARQUE LAS AGUAS","2019-08-30","","1.90458333"
"PARQUE LAS AGUAS","2019-08-29","","1.25333333"
"PARQUE LAS AGUAS","2019-08-28","","1.39666667"
"PARQUE LAS AGUAS","2019-08-27","","1.86791667"
"PARQUE LAS AGUAS","2019-08-26","","1.58166667"
"PARQUE LAS AGUAS","2019-08-25","","1.44375"
"PARQUE LAS AGUAS","2019-08-24","","1.34291667"
"PARQUE LAS AGUAS","2019-08-23","","1.46666667"
"PARQUE LAS AGUAS","2019-08-22","","1.69625"
"PARQUE LAS AGUAS","2019-08-21","","1.52333333"
"PARQUE LAS AGUAS","2019-08-20","","1.51291667"
"PARQUE LAS AGUAS","2019-08-19","","1.38875"
"PARQUE LAS AGUAS","2019-08-18","","1.68125"
"PARQUE LAS AGUAS","2019-08-17","","2.03708333"
"PARQUE LAS AGUAS","2019-08-16","","2.03173913"
"PARQUE LAS AGUAS","2019-08-15","","1.6725"
"PARQUE LAS AGUAS","2019-08-14","","1.71541667"
"PARQUE LAS AGUAS","2019-08-13","","1.62625"
"PARQUE LAS AGUAS","2019-08-12","","1.75125"
"PARQUE LAS AGUAS","2019-08-11","","1.54041667"
"PARQUE LAS AGUAS","2019-08-10","","1.51583333"
"PARQUE LAS AGUAS","2019-08-09","","1.51541667"
"PARQUE LAS AGUAS","2019-08-08","","1.68291667"
"PARQUE LAS AGUAS","2019-08-07","","1.90666667"
"PARQUE LAS AGUAS","2019-08-06","","1.63125"
"PARQUE LAS AGUAS","2019-08-05","","1.82666667"
"PARQUE LAS AGUAS","2019-08-04","","1.665"
"PARQUE LAS AGUAS","2019-08-03","","1.59666667"
"PARQUE LAS AGUAS","2019-08-02","","1.9325"
"PARQUE LAS AGUAS","2019-08-01","","1.54666667"
"PARQUE LAS AGUAS","2019-07-31","","1.66166667"
"PARQUE LAS AGUAS","2019-07-30","","1.70625"
"PARQUE LAS AGUAS","2019-07-29","","1.67166667"
"PARQUE LAS AGUAS","2019-07-28","","1.84625"
"PARQUE LAS AGUAS","2019-07-27","","1.7075"
"PARQUE LAS AGUAS","2019-07-26","","1.945"
"PARQUE LAS AGUAS","2019-07-25","","1.90541667"
"PARQUE LAS AGUAS","2019-07-24","","1.62875"
"PARQUE LAS AGUAS","2019-07-23","","1.87875"
"PARQUE LAS AGUAS","2019-07-22","","2.03458333"
"PARQUE LAS AGUAS","2019-07-21","","1.34958333"
"PARQUE LAS AGUAS","2019-07-20","","1.44708333"
"PARQUE LAS AGUAS","2019-07-19","","1.75708333"
"PARQUE LAS AGUAS","2019-07-18","","1.88333333"
"PARQUE LAS AGUAS","2019-07-17","","1.54333333"
"PARQUE LAS AGUAS","2019-07-16","","1.45166667"
"PARQUE LAS AGUAS","2019-07-15","","1.83375"
"PARQUE LAS AGUAS","2019-07-14","","1.48125"
"PARQUE LAS AGUAS","2019-07-13","","1.19666667"
"PARQUE LAS AGUAS","2019-07-12","","2.11083333"
"PARQUE LAS AGUAS","2019-07-11","","1.94125"
"PARQUE LAS AGUAS","2019-07-10","","2.26541667"
"PARQUE LAS AGUAS","2019-07-09","","2.26166667"
"PARQUE LAS AGUAS","2019-07-08","","1.69666667"
"PARQUE LAS AGUAS","2019-07-07","","1.3375"
"PARQUE LAS AGUAS","2019-07-06","","1.43208333"
"PARQUE LAS AGUAS","2019-07-05","","1.68347826"
"PARQUE LAS AGUAS","2019-07-04","","1.30791667"
"PARQUE LAS AGUAS","2019-07-03","","2.36375"
"PARQUE LAS AGUAS","2019-07-02","","1.34"
"PARQUE LAS AGUAS","2019-07-01","","1.685"
"PARQUE LAS AGUAS","2019-06-30","","1.8275"
"PARQUE LAS AGUAS","2019-06-29","","1.50458333"
"PARQUE LAS AGUAS","2019-06-28","","1.35375"
"PARQUE LAS AGUAS","2019-06-27","","2.43458333"
"PARQUE LAS AGUAS","2019-06-26","","1.795"
"PARQUE LAS AGUAS","2019-06-25","","1.46208333"
"PARQUE LAS AGUAS","2019-06-24","","1.97291667"
"PARQUE LAS AGUAS","2019-06-23","","1.26416667"
"PARQUE LAS AGUAS","2019-06-22","","1.58166667"
"PARQUE LAS AGUAS","2019-06-21","","1.55708333"
"PARQUE LAS AGUAS","2019-06-20","","0.96708333"
"PARQUE LAS AGUAS","2019-06-19","","1.60166667"
"PARQUE LAS AGUAS","2019-06-18","","1.43416667"
"PARQUE LAS AGUAS","2019-06-17","","1.57875"
"PARQUE LAS AGUAS","2019-06-16","","1.685"
"PARQUE LAS AGUAS","2019-06-15","","1.7575"
"PARQUE LAS AGUAS","2019-06-14","","1.92875"
"PARQUE LAS AGUAS","2019-06-13","","1.76875"
"PARQUE LAS AGUAS","2019-06-12","","1.70625"
"PARQUE LAS AGUAS","2019-06-11","","2.24"
"PARQUE LAS AGUAS","2019-06-10","","1.96833333"
"PARQUE LAS AGUAS","2019-06-09","","1.92208333"
"PARQUE LAS AGUAS","2019-06-08","","1.58666667"
"PARQUE LAS AGUAS","2019-06-07","","1.20333333"
"PARQUE LAS AGUAS","2019-06-06","","1.6225"
"PARQUE LAS AGUAS","2019-06-05","","2.09791667"
"PARQUE LAS AGUAS","2019-06-04","","1.66"
"PARQUE LAS AGUAS","2019-06-03","","1.69083333"
"PARQUE LAS AGUAS","2019-06-02","","1.44958333"
"PARQUE LAS AGUAS","2019-06-01","","1.2175"
"PARQUE LAS AGUAS","2019-05-31","","1.50916667"
"PARQUE LAS AGUAS","2019-05-30","","1.01333333"
"PARQUE LAS AGUAS","2019-05-29","","1.85416667"
"PARQUE LAS AGUAS","2019-05-28","","1.44916667"
"PARQUE LAS AGUAS","2019-05-27","","1.35583333"
"PARQUE LAS AGUAS","2019-05-26","","2.23333333"
"PARQUE LAS AGUAS","2019-05-25","","1.40291667"
"PARQUE LAS AGUAS","2019-05-24","","1.78208333"
"PARQUE LAS AGUAS","2019-05-23","","0.93416667"
"PARQUE LAS AGUAS","2019-05-22","","1.67625"
"PARQUE LAS AGUAS","2019-05-21","","1.84416667"
"PARQUE LAS AGUAS","2019-05-20","","1.79416667"
"PARQUE LAS AGUAS","2019-05-19","","1.2025"
"PARQUE LAS AGUAS","2019-05-18","","1.47333333"
"PARQUE LAS AGUAS","2019-05-17","","1.75166667"
"PARQUE LAS AGUAS","2019-05-16","","2.01666667"
"PARQUE LAS AGUAS","2019-05-15","","1.96166667"
"PARQUE LAS AGUAS","2019-05-14","","2.2"
"PARQUE LAS AGUAS","2019-05-13","","1.54391304"
"PARQUE LAS AGUAS","2019-05-12","","1.18666667"
"PARQUE LAS AGUAS","2019-05-11","","1.50727273"
"PARQUE LAS AGUAS","2019-05-10","","1.60333333"
"PARQUE LAS AGUAS","2019-05-09","","1.21708333"
"PARQUE LAS AGUAS","2019-05-08","","1.17583333"
"PARQUE LAS AGUAS","2019-05-07","","1.80833333"
"PARQUE LAS AGUAS","2019-05-06","","1.68333333"
"PARQUE LAS AGUAS","2019-05-05","","2.11791667"
"PARQUE LAS AGUAS","2019-05-04","","2.39291667"
"PARQUE LAS AGUAS","2019-05-03","","1.79791667"
"PARQUE LAS AGUAS","2019-05-02","","1.37208333"
"PARQUE LAS AGUAS","2019-05-01","","1.34083333"
"PARQUE LAS AGUAS","2019-04-30","","1.54833333"
"PARQUE LAS AGUAS","2019-04-29","","1.48208333"
"PARQUE LAS AGUAS","2019-04-28","","1.55166667"
"PARQUE LAS AGUAS","2019-04-27","","1.80208333"
"PARQUE LAS AGUAS","2019-04-26","","1.66125"
"PARQUE LAS AGUAS","2019-04-25","","1.2375"
"PARQUE LAS AGUAS","2019-04-24","","1.85416667"
"PARQUE LAS AGUAS","2019-04-23","","1.6075"
"PARQUE LAS AGUAS","2019-04-22","","1.30666667"
"PARQUE LAS AGUAS","2019-04-21","","1.2925"
"PARQUE LAS AGUAS","2019-04-20","","1.19791667"
"PARQUE LAS AGUAS","2019-04-19","","1.32"
"PARQUE LAS AGUAS","2019-04-18","","1.61625"
"PARQUE LAS AGUAS","2019-04-17","","1.65583333"
"PARQUE LAS AGUAS","2019-04-16","","2.42708333"
"PARQUE LAS AGUAS","2019-04-15","","2.23791667"
"PARQUE LAS AGUAS","2019-04-14","","1.85"
"PARQUE LAS AGUAS","2019-04-13","","1.73958333"
"PARQUE LAS AGUAS","2019-04-12","","1.82625"
"PARQUE LAS AGUAS","2019-04-11","","2.05791667"
"PARQUE LAS AGUAS","2019-04-10","","1.37083333"
"PARQUE LAS AGUAS","2019-04-09","","1.06625"
"PARQUE LAS AGUAS","2019-04-08","","1.97208333"
"PARQUE LAS AGUAS","2019-04-07","","1.45625"
"PARQUE LAS AGUAS","2019-04-06","","1.29"
"PARQUE LAS AGUAS","2019-04-05","","1.71875"
"PARQUE LAS AGUAS","2019-04-04","","1.505"
"PARQUE LAS AGUAS","2019-04-03","","1.97625"
"PARQUE LAS AGUAS","2019-04-02","","1.50166667"
"PARQUE LAS AGUAS","2019-04-01","","1.31708333"
"PARQUE LAS AGUAS","2019-03-31","","2.36541667"
"PARQUE LAS AGUAS","2019-03-30","","2.11458333"
"PARQUE LAS AGUAS","2019-03-29","","2.14166667"
"PARQUE LAS AGUAS","2019-03-28","","2.56916667"
"PARQUE LAS AGUAS","2019-03-27","","1.95708333"
"PARQUE LAS AGUAS","2019-03-26","","2.07291667"
"PARQUE LAS AGUAS","2019-03-25","","1.7525"
"PARQUE LAS AGUAS","2019-03-24","","1.55083333"
"PARQUE LAS AGUAS","2019-03-23","","2.10833333"
"PARQUE LAS AGUAS","2019-03-22","","1.91166667"
"PARQUE LAS AGUAS","2019-03-21","","1.6575"
"PARQUE LAS AGUAS","2019-03-20","","1.71291667"
"PARQUE LAS AGUAS","2019-03-19","","1.07666667"
"PARQUE LAS AGUAS","2019-03-18","","1.45791667"
"PARQUE LAS AGUAS","2019-03-17","","1.83625"
"PARQUE LAS AGUAS","2019-03-16","","2.45666667"
"PARQUE LAS AGUAS","2019-03-15","","2.30875"
"PARQUE LAS AGUAS","2019-03-14","","2.29708333"
"PARQUE LAS AGUAS","2019-03-13","","1.95458333"
"PARQUE LAS AGUAS","2019-03-12","","2.06041667"
"PARQUE LAS AGUAS","2019-03-11","","1.43"
"PARQUE LAS AGUAS","2019-03-10","","1.60166667"
"PARQUE LAS AGUAS","2019-03-09","","1.82125"
"PARQUE LAS AGUAS","2019-03-08","","2.12166667"
"PARQUE LAS AGUAS","2019-03-07","","1.61916667"
"PARQUE LAS AGUAS","2019-03-06","","2.27708333"
"PARQUE LAS AGUAS","2019-03-05","","2.20875"
"PARQUE LAS AGUAS","2019-03-04","","1.84458333"
"PARQUE LAS AGUAS","2019-03-03","","1.91208333"
"PARQUE LAS AGUAS","2019-03-02","","1.64375"
"PARQUE LAS AGUAS","2019-03-01","","1.58333333"
"PARQUE LAS AGUAS","2019-02-28","","1.3375"
"PARQUE LAS AGUAS","2019-02-27","","1.26625"
"PARQUE LAS AGUAS","2019-02-26","","1.79208333"
"PARQUE LAS AGUAS","2019-02-25","","1.87375"
"PARQUE LAS AGUAS","2019-02-24","","2.37625"
"PARQUE LAS AGUAS","2019-02-23","","1.86541667"
"PARQUE LAS AGUAS","2019-02-22","","2.48625"
"PARQUE LAS AGUAS","2019-02-21","","2.01130435"
"PARQUE LAS AGUAS","2019-02-20","","1.55708333"
"PARQUE LAS AGUAS","2019-02-19","","0.7875"
"PARQUE LAS AGUAS","2019-02-18","","2.10333333"
"PARQUE LAS AGUAS","2019-02-17","","1.99541667"
"PARQUE LAS AGUAS","2019-02-16","","2.37166667"
"PARQUE LAS AGUAS","2019-02-15","","2.57875"
"PARQUE LAS AGUAS","2019-02-14","","2.43"
"PARQUE LAS AGUAS","2019-02-13","","2.35875"
"PARQUE LAS AGUAS","2019-02-12","","1.78375"
"PARQUE LAS AGUAS","2019-02-11","","2.56"
"PARQUE LAS AGUAS","2019-02-10","","1.72"
"PARQUE LAS AGUAS","2019-02-09","","2.33208333"
"PARQUE LAS AGUAS","2019-02-08","","2.05083333"
"PARQUE LAS AGUAS","2019-02-07","","2.57041667"
"PARQUE LAS AGUAS","2019-02-06","","2.51583333"
"PARQUE LAS AGUAS","2019-02-05","","2.41083333"
"PARQUE LAS AGUAS","2019-02-04","","2.44375"
"PARQUE LAS AGUAS","2019-02-03","","2.15958333"
"PARQUE LAS AGUAS","2019-02-02","","2.48583333"
"PARQUE LAS AGUAS","2019-02-01","","2.0525"
"PARQUE LAS AGUAS","2019-01-31","","2.63208333"
"PARQUE LAS AGUAS","2019-01-30","","2.65416667"
"PARQUE LAS AGUAS","2019-01-29","","2.27708333"
"PARQUE LAS AGUAS","2019-01-28","","1.8773913"
"PARQUE LAS AGUAS","2019-01-27","","2.71130435"
"PARQUE LAS AGUAS","2019-01-26","","1.96391304"
"PARQUE LAS AGUAS","2019-01-25","","1.99291667"
"PARQUE LAS AGUAS","2019-01-24","","2.00291667"
"PARQUE LAS AGUAS","2019-01-23","","1.93217391"
"PARQUE LAS AGUAS","2019-01-22","","1.76782609"
"PARQUE LAS AGUAS","2019-01-21","","2.04130435"
"PARQUE LAS AGUAS","2019-01-20","","1.67695652"
"PARQUE LAS AGUAS","2019-01-19","","2.03043478"
"PARQUE LAS AGUAS","2019-01-18","","2.06869565"
"PARQUE LAS AGUAS","2019-01-17","","1.79913043"
"PARQUE LAS AGUAS","2019-01-16","","2.21478261"
"PARQUE LAS AGUAS","2019-01-15","","1.64565217"
"PARQUE LAS AGUAS","2019-01-14","","1.56391304"
"PARQUE LAS AGUAS","2019-01-13","","2.35956522"
"PARQUE LAS AGUAS","2019-01-12","","2.39833333"
"PARQUE LAS AGUAS","2019-01-11","","2.93434783"
"PARQUE LAS AGUAS","2019-01-10","","2.03043478"
"PARQUE LAS AGUAS","2019-01-09","","1.53521739"
"PARQUE LAS AGUAS","2019-01-08","","2.01826087"
"PARQUE LAS AGUAS","2019-01-07","","2.34521739"
"PARQUE LAS AGUAS","2019-01-06","","2.10625"
"PARQUE LAS AGUAS","2019-01-05","","2.08916667"
"PARQUE LAS AGUAS","2019-01-04","","2.0475"
"PARQUE LAS AGUAS","2019-01-03","","1.58333333"
"PARQUE LAS AGUAS","2019-01-02","","1.39875"
"PARQUE LAS AGUAS","2019-01-01","","1.90826087"
"PARQUE LAS AGUAS","2015-12-31","","1.51666667"
"PARQUE LAS AGUAS","2015-12-30","","1.85"
"PARQUE LAS AGUAS","2015-12-29","","1.55"
"PARQUE LAS AGUAS","2015-12-28","","1.61666667"
"PARQUE LAS AGUAS","2015-12-27","","2.01666667"
"PARQUE LAS AGUAS","2015-12-26","","1.4125"
"PARQUE LAS AGUAS","2015-12-25","","1.54583333"
"PARQUE LAS AGUAS","2015-12-24","","1.32083333"
"PARQUE LAS AGUAS","2015-12-23","","1.88333333"
"PARQUE LAS AGUAS","2015-12-22","","1.8"
"PARQUE LAS AGUAS","2015-12-21","","1.3"
"PARQUE LAS AGUAS","2015-12-20","","1.26666667"
"PARQUE LAS AGUAS","2015-12-19","","1.8625"
"PARQUE LAS AGUAS","2015-12-18","","1.48333333"
"PARQUE LAS AGUAS","2015-12-17","","1.8625"
"PARQUE LAS AGUAS","2015-12-16","","1.41666667"
"PARQUE LAS AGUAS","2015-12-15","","1.7875"
"PARQUE LAS AGUAS","2015-12-14","","1.7"
"PARQUE LAS AGUAS","2015-12-13","","1.025"
"PARQUE LAS AGUAS","2015-12-12","","1.57916667"
"PARQUE LAS AGUAS","2015-12-11","","1.275"
"PARQUE LAS AGUAS","2015-12-10","","1.31666667"
"PARQUE LAS AGUAS","2015-12-09","","1.44583333"
"PARQUE LAS AGUAS","2015-12-08","","1.50416667"
"PARQUE LAS AGUAS","2015-12-07","","1.50416667"
"PARQUE LAS AGUAS","2015-12-06","","1.06666667"
"PARQUE LAS AGUAS","2015-12-05","","1.875"
"PARQUE LAS AGUAS","2015-12-04","","1.575"
"PARQUE LAS AGUAS","2015-12-03","","1.9625"
"PARQUE LAS AGUAS","2015-12-02","","1.41538462"
"PARQUE LAS AGUAS","2015-11-30","","0.44285714"
"PARQUE LAS AGUAS","2015-11-29","","2.05"
"PARQUE LAS AGUAS","2015-11-28","","1.62916667"
"PARQUE LAS AGUAS","2015-11-27","","1.50416667"
"PARQUE LAS AGUAS","2015-11-26","","1.9875"
"PARQUE LAS AGUAS","2015-11-25","","1.80833333"
"PARQUE LAS AGUAS","2015-11-24","","1.3125"
"PARQUE LAS AGUAS","2015-11-23","","1.81666667"
"PARQUE LAS AGUAS","2015-11-22","","1.575"
"PARQUE LAS AGUAS","2015-11-21","","1.94166667"
"PARQUE LAS AGUAS","2015-11-20","","1.8125"
"PARQUE LAS AGUAS","2015-11-19","","1.4"
"PARQUE LAS AGUAS","2015-11-18","","1.05833333"
"PARQUE LAS AGUAS","2015-11-17","","0.62083333"
"PARQUE LAS AGUAS","2015-11-16","","1.13333333"
"PARQUE LAS AGUAS","2015-11-15","","1.78333333"
"PARQUE LAS AGUAS","2015-11-14","","1.57916667"
"PARQUE LAS AGUAS","2015-11-13","","2.05"
"PARQUE LAS AGUAS","2015-11-12","","1.7125"
"PARQUE LAS AGUAS","2015-11-11","","2.04583333"
"PARQUE LAS AGUAS","2015-11-10","","1.43333333"
"PARQUE LAS AGUAS","2015-11-09","","1.9"
"PARQUE LAS AGUAS","2015-11-08","","2.0625"
"PARQUE LAS AGUAS","2015-11-07","","1.2875"
"PARQUE LAS AGUAS","2015-11-06","","2.075"
"PARQUE LAS AGUAS","2015-11-05","","1.59583333"
"PARQUE LAS AGUAS","2015-11-04","","2.13333333"
"PARQUE LAS AGUAS","2015-11-03","","1.95833333"
"PARQUE LAS AGUAS","2015-11-02","","1.00833333"
"PARQUE LAS AGUAS","2015-11-01","","1.49166667"
"PARQUE LAS AGUAS","2015-10-31","","1.87083333"
"PARQUE LAS AGUAS","2015-10-30","","1.92083333"
"PARQUE LAS AGUAS","2015-10-29","","1.40416667"
"PARQUE LAS AGUAS","2015-10-28","","1.68333333"
"PARQUE LAS AGUAS","2015-10-27","","1.49166667"
"PARQUE LAS AGUAS","2015-10-26","","1.2"
"PARQUE LAS AGUAS","2015-10-25","","1.10833333"
"PARQUE LAS AGUAS","2015-10-24","","0.75833333"
"PARQUE LAS AGUAS","2015-10-23","","1.28333333"
"PARQUE LAS AGUAS","2015-10-22","","1.9875"
"PARQUE LAS AGUAS","2015-10-21","","1.57916667"
"PARQUE LAS AGUAS","2015-10-20","","1.21666667"
"PARQUE LAS AGUAS","2015-10-19","","1.61666667"
"PARQUE LAS AGUAS","2015-10-18","","1.44583333"
"PARQUE LAS AGUAS","2015-10-17","","1.37083333"
"PARQUE LAS AGUAS","2015-10-16","","1.29166667"
"PARQUE LAS AGUAS","2015-10-15","","1.36666667"
"PARQUE LAS AGUAS","2015-10-14","","1.32916667"
"PARQUE LAS AGUAS","2015-10-13","","1.60416667"
"PARQUE LAS AGUAS","2015-10-12","","1.65833333"
"PARQUE LAS AGUAS","2015-10-11","","1.19583333"
"PARQUE LAS AGUAS","2015-10-10","","1.91666667"
"PARQUE LAS AGUAS","2015-10-09","","2.18333333"
"PARQUE LAS AGUAS","2015-10-08","","2.0375"
"PARQUE LAS AGUAS","2015-10-07","","2.49166667"
"PARQUE LAS AGUAS","2015-10-06","","1.0"
"PARQUE LAS AGUAS","2015-10-05","","1.29166667"
"PARQUE LAS AGUAS","2015-10-04","","1.44166667"
"PARQUE LAS AGUAS","2015-10-03","","1.03333333"
"PARQUE LAS AGUAS","2015-10-02","","1.55416667"
"PARQUE LAS AGUAS","2015-10-01","","0.74583333"
"PARQUE LAS AGUAS","2015-09-30","","1.92083333"
"PARQUE LAS AGUAS","2015-09-29","","1.40416667"
"PARQUE LAS AGUAS","2015-09-28","","1.68333333"
"PARQUE LAS AGUAS","2015-09-27","","1.49166667"
"PARQUE LAS AGUAS","2015-09-26","","1.2"
"PARQUE LAS AGUAS","2015-09-25","","1.10833333"
"PARQUE LAS AGUAS","2015-09-24","","0.75833333"
"PARQUE LAS AGUAS","2015-09-23","","1.28333333"
"PARQUE LAS AGUAS","2015-09-22","","1.9875"
"PARQUE LAS AGUAS","2015-09-21","","1.57916667"
"PARQUE LAS AGUAS","2015-09-20","","1.21666667"
"PARQUE LAS AGUAS","2015-09-19","","1.61666667"
"PARQUE LAS AGUAS","2015-09-18","","1.44583333"
"PARQUE LAS AGUAS","2015-09-17","","1.37083333"
"PARQUE LAS AGUAS","2015-09-16","","1.29166667"
"PARQUE LAS AGUAS","2015-09-15","","1.36666667"
"PARQUE LAS AGUAS","2015-09-14","","1.32916667"
"PARQUE LAS AGUAS","2015-09-13","","1.60416667"
"PARQUE LAS AGUAS","2015-09-12","","1.65833333"
"PARQUE LAS AGUAS","2015-09-11","","1.19583333"
"PARQUE LAS AGUAS","2015-09-10","","1.91666667"
"PARQUE LAS AGUAS","2015-09-09","","2.18333333"
"PARQUE LAS AGUAS","2015-09-08","","2.0375"
"PARQUE LAS AGUAS","2015-09-07","","2.49166667"
"PARQUE LAS AGUAS","2015-09-06","","1.0"
"PARQUE LAS AGUAS","2015-09-05","","1.29166667"
"PARQUE LAS AGUAS","2015-09-04","","1.44166667"
"PARQUE LAS AGUAS","2015-09-03","","1.03333333"
"PARQUE LAS AGUAS","2015-09-02","","1.55416667"
"PARQUE LAS AGUAS","2015-09-01","","0.74583333"
"PARQUE LAS AGUAS","2015-08-31","","1.55416667"
"PARQUE LAS AGUAS","2015-08-30","","0.90833333"
"PARQUE LAS AGUAS","2015-08-29","","1.3125"
"PARQUE LAS AGUAS","2015-08-28","","1.3875"
"PARQUE LAS AGUAS","2015-08-27","","1.8875"
"PARQUE LAS AGUAS","2015-08-26","","2.0125"
"PARQUE LAS AGUAS","2015-08-25","","2.1"
"PARQUE LAS AGUAS","2015-08-24","","1.775"
"PARQUE LAS AGUAS","2015-08-23","","1.94583333"
"PARQUE LAS AGUAS","2015-08-22","","1.85416667"
"PARQUE LAS AGUAS","2015-08-21","","1.32083333"
"PARQUE LAS AGUAS","2015-08-20","","1.5875"
"PARQUE LAS AGUAS","2015-08-19","","1.39583333"
"PARQUE LAS AGUAS","2015-08-18","","1.4875"
"PARQUE LAS AGUAS","2015-08-17","","1.3875"
"PARQUE LAS AGUAS","2015-08-16","","0.94166667"
"PARQUE LAS AGUAS","2015-08-15","","1.5"
"PARQUE LAS AGUAS","2015-08-14","","1.5625"
"PARQUE LAS AGUAS","2015-08-13","","1.4625"
"PARQUE LAS AGUAS","2015-08-12","","1.20833333"
"PARQUE LAS AGUAS","2015-08-11","","1.15833333"
"PARQUE LAS AGUAS","2015-08-10","","2.20416667"
"PARQUE LAS AGUAS","2015-08-09","","1.20833333"
"PARQUE LAS AGUAS","2015-08-08","","1.32083333"
"PARQUE LAS AGUAS","2015-08-07","","1.3625"
"PARQUE LAS AGUAS","2015-08-06","","1.22916667"
"PARQUE LAS AGUAS","2015-08-05","","0.93333333"
"PARQUE LAS AGUAS","2015-08-04","","0.90416667"
"PARQUE LAS AGUAS","2015-08-03","","1.22083333"
"PARQUE LAS AGUAS","2015-08-02","","1.95"
"PARQUE LAS AGUAS","2015-08-01","","2.0375"
"PARQUE LAS AGUAS","2015-07-31","","1.72083333"
"PARQUE LAS AGUAS","2015-07-30","","1.39583333"
"PARQUE LAS AGUAS","2015-07-29","","1.91666667"
"PARQUE LAS AGUAS","2015-07-28","","1.76666667"
"PARQUE LAS AGUAS","2015-07-27","","2.05833333"
"PARQUE LAS AGUAS","2015-07-26","","1.0875"
"PARQUE LAS AGUAS","2015-07-25","","1.175"
"PARQUE LAS AGUAS","2015-07-24","","1.65833333"
"PARQUE LAS AGUAS","2015-07-23","","1.69166667"
"PARQUE LAS AGUAS","2015-07-22","","1.5375"
"PARQUE LAS AGUAS","2015-07-21","","1.68333333"
"PARQUE LAS AGUAS","2015-07-20","","1.05"
"PARQUE LAS AGUAS","2015-07-19","","1.675"
"PARQUE LAS AGUAS","2015-07-18","","1.65833333"
"PARQUE LAS AGUAS","2015-07-17","","1.375"
"PARQUE LAS AGUAS","2015-07-16","","1.5625"
"PARQUE LAS AGUAS","2015-07-15","","1.85416667"
"PARQUE LAS AGUAS","2015-07-14","","2.26666667"
"PARQUE LAS AGUAS","2015-07-13","","2.24166667"
"PARQUE LAS AGUAS","2015-07-12","","1.35833333"
"PARQUE LAS AGUAS","2015-07-11","","1.5"
"PARQUE LAS AGUAS","2015-07-10","","1.94166667"
"PARQUE LAS AGUAS","2015-07-09","","1.30833333"
"PARQUE LAS AGUAS","2015-07-08","","1.475"
"PARQUE LAS AGUAS","2015-07-07","","2.34166667"
"PARQUE LAS AGUAS","2015-07-06","","1.54166667"
"PARQUE LAS AGUAS","2015-07-05","","1.55"
"PARQUE LAS AGUAS","2015-07-04","","1.125"
"PARQUE LAS AGUAS","2015-07-03","","1.27916667"
"PARQUE LAS AGUAS","2015-07-02","","1.25833333"
"PARQUE LAS AGUAS","2015-07-01","","1.375"
"PARQUE LAS AGUAS","2015-06-30","","1.48333333"
"PARQUE LAS AGUAS","2015-06-29","","1.36666667"
"PARQUE LAS AGUAS","2015-06-28","","1.52083333"
"PARQUE LAS AGUAS","2015-06-27","","1.2875"
"PARQUE LAS AGUAS","2015-06-26","","1.42916667"
"PARQUE LAS AGUAS","2015-06-25","","1.4875"
"PARQUE LAS AGUAS","2015-06-24","","1.32083333"
"PARQUE LAS AGUAS","2015-06-23","","1.25416667"
"PARQUE LAS AGUAS","2015-06-22","","1.9"
"PARQUE LAS AGUAS","2015-06-21","","1.95"
"PARQUE LAS AGUAS","2015-06-20","","1.025"
"PARQUE LAS AGUAS","2015-06-19","","0.80909091"
"PARQUE LAS AGUAS","2015-06-18","","1.39166667"
"PARQUE LAS AGUAS","2015-06-17","","1.08333333"
"PARQUE LAS AGUAS","2015-06-16","","1.34166667"
"PARQUE LAS AGUAS","2015-06-15","","1.39583333"
"PARQUE LAS AGUAS","2015-06-14","","1.78333333"
"PARQUE LAS AGUAS","2015-06-13","","1.65833333"
"PARQUE LAS AGUAS","2015-06-12","","1.46666667"
"PARQUE LAS AGUAS","2015-06-11","","1.8375"
"PARQUE LAS AGUAS","2015-06-10","","1.99166667"
"PARQUE LAS AGUAS","2015-06-09","","1.6875"
"PARQUE LAS AGUAS","2015-06-08","","2.4625"
"PARQUE LAS AGUAS","2015-06-07","","2.5125"
"PARQUE LAS AGUAS","2015-06-06","","2.1"
"PARQUE LAS AGUAS","2015-06-05","","1.17916667"
"PARQUE LAS AGUAS","2015-06-04","","2.04583333"
"PARQUE LAS AGUAS","2015-06-03","","1.66666667"
"PARQUE LAS AGUAS","2015-06-02","","1.625"
"PARQUE LAS AGUAS","2015-06-01","","1.82083333"
"PARQUE LAS AGUAS","2015-05-31","","1.6125"
"PARQUE LAS AGUAS","2015-05-30","","1.23333333"
"PARQUE LAS AGUAS","2015-05-29","","1.39583333"
"PARQUE LAS AGUAS","2015-05-28","","1.24583333"
"PARQUE LAS AGUAS","2015-05-27","","2.0"
"PARQUE LAS AGUAS","2015-05-26","","1.95833333"
"PARQUE LAS AGUAS","2015-05-25","","1.72916667"
"PARQUE LAS AGUAS","2015-05-24","","1.82916667"
"PARQUE LAS AGUAS","2015-05-23","","1.45833333"
"PARQUE LAS AGUAS","2015-05-22","","1.48333333"
"PARQUE LAS AGUAS","2015-05-21","","1.89166667"
"PARQUE LAS AGUAS","2015-05-20","","1.825"
"PARQUE LAS AGUAS","2015-05-19","","2.33333333"
"PARQUE LAS AGUAS","2015-05-18","","1.8875"
"PARQUE LAS AGUAS","2015-05-17","","2.05416667"
"PARQUE LAS AGUAS","2015-05-16","","2.42916667"
"PARQUE LAS AGUAS","2015-05-15","","2.3125"
"PARQUE LAS AGUAS","2015-05-14","","2.27916667"
"PARQUE LAS AGUAS","2015-05-13","","1.70833333"
"PARQUE LAS AGUAS","2015-05-12","","1.22916667"
"PARQUE LAS AGUAS","2015-05-11","","1.575"
"PARQUE LAS AGUAS","2015-05-10","","1.52083333"
"PARQUE LAS AGUAS","2015-05-09","","1.37083333"
"PARQUE LAS AGUAS","2015-05-08","","1.97083333"
"PARQUE LAS AGUAS","2015-05-07","","2.16666667"
"PARQUE LAS AGUAS","2015-05-06","","1.42916667"
"PARQUE LAS AGUAS","2015-05-05","","1.35"
"PARQUE LAS AGUAS","2015-05-04","","1.75"
"PARQUE LAS AGUAS","2015-05-03","","1.72083333"
"PARQUE LAS AGUAS","2015-05-02","","2.0375"
"PARQUE LAS AGUAS","2015-05-01","","1.62916667"
"PARQUE LAS AGUAS","2015-04-30","","1.22083333"
"PARQUE LAS AGUAS","2015-04-29","","1.04166667"
"PARQUE LAS AGUAS","2015-04-28","","1.06666667"
"PARQUE LAS AGUAS","2015-04-27","","1.625"
"PARQUE LAS AGUAS","2015-04-26","","2.1125"
"PARQUE LAS AGUAS","2015-04-25","","1.6"
"PARQUE LAS AGUAS","2015-04-24","","2.46666667"
"PARQUE LAS AGUAS","2015-04-23","","1.79166667"
"PARQUE LAS AGUAS","2015-04-22","","1.82916667"
"PARQUE LAS AGUAS","2015-04-21","","1.19583333"
"PARQUE LAS AGUAS","2015-04-20","","1.7375"
"PARQUE LAS AGUAS","2015-04-19","","1.22083333"
"PARQUE LAS AGUAS","2015-04-18","","1.125"
"PARQUE LAS AGUAS","2015-04-17","","0.8125"
"PARQUE LAS AGUAS","2015-04-16","","1.025"
"PARQUE LAS AGUAS","2015-04-15","","1.17916667"
"PARQUE LAS AGUAS","2015-04-14","","1.4375"
"PARQUE LAS AGUAS","2015-04-13","","1.2"
"PARQUE LAS AGUAS","2015-04-12","","1.74583333"
"PARQUE LAS AGUAS","2015-04-11","","1.475"
"PARQUE LAS AGUAS","2015-04-10","","1.39583333"
"PARQUE LAS AGUAS","2015-04-09","","1.35416667"
"PARQUE LAS AGUAS","2015-04-08","","1.96666667"
"PARQUE LAS AGUAS","2015-04-07","","1.8375"
"PARQUE LAS AGUAS","2015-04-06","","2.04090909"
"PARQUE LAS AGUAS","2015-04-05","","2.0875"
"PARQUE LAS AGUAS","2015-04-04","","1.175"
"PARQUE LAS AGUAS","2015-04-03","","0.9625"
"PARQUE LAS AGUAS","2015-04-02","","2.425"
"PARQUE LAS AGUAS","2015-04-01","","1.67916667"
"PARQUE LAS AGUAS","2015-03-31","","2.17916667"
"PARQUE LAS AGUAS","2015-03-30","","1.925"
"PARQUE LAS AGUAS","2015-03-29","","1.09166667"
"PARQUE LAS AGUAS","2015-03-28","","2.0125"
"PARQUE LAS AGUAS","2015-03-27","","2.33333333"
"PARQUE LAS AGUAS","2015-03-26","","2.07916667"
"PARQUE LAS AGUAS","2015-03-25","","1.86666667"
"PARQUE LAS AGUAS","2015-03-24","","2.17916667"
"PARQUE LAS AGUAS","2015-03-23","","2.44583333"
"PARQUE LAS AGUAS","2015-03-22","","2.0125"
"PARQUE LAS AGUAS","2015-03-21","","1.725"
"PARQUE LAS AGUAS","2015-03-20","","1.81666667"
"PARQUE LAS AGUAS","2015-03-19","","0.84166667"
"PARQUE LAS AGUAS","2015-03-18","","1.93333333"
"PARQUE LAS AGUAS","2015-03-17","","2.625"
"PARQUE LAS AGUAS","2015-03-16","","2.55"
"PARQUE LAS AGUAS","2015-03-15","","1.95"
"PARQUE LAS AGUAS","2015-03-14","","2.09166667"
"PARQUE LAS AGUAS","2015-03-13","","1.9125"
"PARQUE LAS AGUAS","2015-03-12","","1.92083333"
"PARQUE LAS AGUAS","2015-03-11","","2.10833333"
"PARQUE LAS AGUAS","2015-03-10","","2.24583333"
"PARQUE LAS AGUAS","2015-03-09","","1.65416667"
"PARQUE LAS AGUAS","2015-03-08","","1.64166667"
"PARQUE LAS AGUAS","2015-03-07","","1.23333333"
"PARQUE LAS AGUAS","2015-03-06","","1.17916667"
"PARQUE LAS AGUAS","2015-03-05","","2.41666667"
"PARQUE LAS AGUAS","2015-03-04","","2.15"
"PARQUE LAS AGUAS","2015-03-03","","1.80833333"
"PARQUE LAS AGUAS","2015-03-02","","2.2875"
"PARQUE LAS AGUAS","2015-03-01","","1.925"
"PARQUE LAS AGUAS","2015-02-28","","1.22916667"
"PARQUE LAS AGUAS","2015-02-27","","2.24583333"
"PARQUE LAS AGUAS","2015-02-26","","2.1"
"PARQUE LAS AGUAS","2015-02-25","","2.1625"
"PARQUE LAS AGUAS","2015-02-24","","2.36666667"
"PARQUE LAS AGUAS","2015-02-23","","1.9375"
"PARQUE LAS AGUAS","2015-02-22","","1.83333333"
"PARQUE LAS AGUAS","2015-02-21","","2.60833333"
"PARQUE LAS AGUAS","2015-02-20","","2.24583333"
"PARQUE LAS AGUAS","2015-02-19","","2.99166667"
"PARQUE LAS AGUAS","2015-02-18","","2.25"
"PARQUE LAS AGUAS","2015-02-17","","2.32916667"
"PARQUE LAS AGUAS","2015-02-16","","2.35"
"PARQUE LAS AGUAS","2015-02-15","","2.6375"
"PARQUE LAS AGUAS","2015-02-14","","2.025"
"PARQUE LAS AGUAS","2015-02-13","","1.87916667"
"PARQUE LAS AGUAS","2015-02-12","","2.66666667"
"PARQUE LAS AGUAS","2015-02-11","","1.98333333"
"PARQUE LAS AGUAS","2015-02-10","","1.88333333"
"PARQUE LAS AGUAS","2015-02-09","","1.95416667"
"PARQUE LAS AGUAS","2015-02-08","","1.17916667"
"PARQUE LAS AGUAS","2015-02-07","","1.30416667"
"PARQUE LAS AGUAS","2015-02-06","","1.12916667"
"PARQUE LAS AGUAS","2015-02-05","","1.0125"
"PARQUE LAS AGUAS","2015-02-04","","1.55833333"
"PARQUE LAS AGUAS","2015-02-03","","1.8"
"PARQUE LAS AGUAS","2015-02-02","","1.52083333"
"PARQUE LAS AGUAS","2015-02-01","","1.44166667"
"PARQUE LAS AGUAS","2015-01-31","","1.78333333"
"PARQUE LAS AGUAS","2015-01-30","","2.3625"
"PARQUE LAS AGUAS","2015-01-29","","1.99583333"
"PARQUE LAS AGUAS","2015-01-28","","1.91666667"
"PARQUE LAS AGUAS","2015-01-27","","1.53333333"
"PARQUE LAS AGUAS","2015-01-26","","1.99583333"
"PARQUE LAS AGUAS","2015-01-25","","2.3"
"PARQUE LAS AGUAS","2015-01-24","","2.5375"
"PARQUE LAS AGUAS","2015-01-23","","1.70416667"
"PARQUE LAS AGUAS","2015-01-22","","1.89166667"
"PARQUE LAS AGUAS","2015-01-21","","2.0625"
"PARQUE LAS AGUAS","2015-01-20","","2.09166667"
"PARQUE LAS AGUAS","2015-01-19","","2.35416667"
"PARQUE LAS AGUAS","2015-01-18","","2.03333333"
"PARQUE LAS AGUAS","2015-01-17","","2.45"
"PARQUE LAS AGUAS","2015-01-16","","1.6625"
"PARQUE LAS AGUAS","2015-01-15","","1.92916667"
"PARQUE LAS AGUAS","2015-01-14","","1.6"
"PARQUE LAS AGUAS","2015-01-13","","1.0625"
"PARQUE LAS AGUAS","2015-01-12","","1.72916667"
"PARQUE LAS AGUAS","2015-01-11","","1.8375"
"PARQUE LAS AGUAS","2015-01-10","","1.83333333"
"PARQUE LAS AGUAS","2015-01-09","","1.35"
"PARQUE LAS AGUAS","2015-01-08","","1.92173913"
"PARQUE LAS AGUAS","2015-01-07","","1.66666667"
"PARQUE LAS AGUAS","2015-01-06","","1.41666667"
"PARQUE LAS AGUAS","2015-01-05","","1.43333333"
"PARQUE LAS AGUAS","2015-01-04","","1.24166667"
"PARQUE LAS AGUAS","2015-01-03","","1.40416667"
"PARQUE LAS AGUAS","2015-01-02","","1.3875"
"PARQUE LAS AGUAS","2015-01-01","","1.775"
"PARQUE LAS AGUAS","2014-12-31","","1.8375"
"PARQUE LAS AGUAS","2014-12-30","","1.86666667"
"PARQUE LAS AGUAS","2014-12-29","","1.6375"
"PARQUE LAS AGUAS","2014-12-28","","1.975"
"PARQUE LAS AGUAS","2014-12-27","","2.0625"
"PARQUE LAS AGUAS","2014-12-26","","1.27916667"
"PARQUE LAS AGUAS","2014-12-25","","2.5625"
"PARQUE LAS AGUAS","2014-12-24","","1.94583333"
"PARQUE LAS AGUAS","2014-12-23","","1.63478261"
"PARQUE LAS AGUAS","2014-12-22","","1.475"
"PARQUE LAS AGUAS","2014-12-21","","2.1875"
"PARQUE LAS AGUAS","2014-12-20","","2.20833333"
"PARQUE LAS AGUAS","2014-12-19","","1.85"
"PARQUE LAS AGUAS","2014-12-18","","1.75416667"
"PARQUE LAS AGUAS","2014-12-17","","2.00833333"
"PARQUE LAS AGUAS","2014-12-16","","2.0"
"PARQUE LAS AGUAS","2014-12-15","","2.17083333"
"PARQUE LAS AGUAS","2014-12-14","","1.66666667"
"PARQUE LAS AGUAS","2014-12-13","","0.7875"
"PARQUE LAS AGUAS","2014-12-12","","2.00416667"
"PARQUE LAS AGUAS","2014-12-11","","1.50416667"
"PARQUE LAS AGUAS","2014-12-10","","1.05833333"
"PARQUE LAS AGUAS","2014-12-09","","1.07916667"
"PARQUE LAS AGUAS","2014-12-08","","1.44166667"
"PARQUE LAS AGUAS","2014-12-07","","1.4625"
"PARQUE LAS AGUAS","2014-12-06","","1.65416667"
"PARQUE LAS AGUAS","2014-12-05","","2.19166667"
"PARQUE LAS AGUAS","2014-12-04","","1.625"
"PARQUE LAS AGUAS","2014-12-03","","0.71666667"
"PARQUE LAS AGUAS","2014-12-02","","1.3375"
"PARQUE LAS AGUAS","2014-12-01","","1.99583333"
"PARQUE LAS AGUAS","2014-11-30","","1.58333333"
"PARQUE LAS AGUAS","2014-11-29","","1.80833333"
"PARQUE LAS AGUAS","2014-11-28","","1.975"
"PARQUE LAS AGUAS","2014-11-27","","2.10416667"
"PARQUE LAS AGUAS","2014-11-26","","1.4375"
"PARQUE LAS AGUAS","2014-11-25","","1.82083333"
"PARQUE LAS AGUAS","2014-11-24","","1.75416667"
"PARQUE LAS AGUAS","2014-11-23","","1.7875"
"PARQUE LAS AGUAS","2014-11-22","","1.59583333"
"PARQUE LAS AGUAS","2014-11-21","","2.09166667"
"PARQUE LAS AGUAS","2014-11-20","","1.65416667"
"PARQUE LAS AGUAS","2014-11-19","","1.80416667"
"PARQUE LAS AGUAS","2014-11-18","","1.62916667"
"PARQUE LAS AGUAS","2014-11-17","","1.91666667"
"PARQUE LAS AGUAS","2014-11-16","","1.25"
"PARQUE LAS AGUAS","2014-11-15","","1.77083333"
"PARQUE LAS AGUAS","2014-11-14","","2.2875"
"PARQUE LAS AGUAS","2014-11-13","","1.0125"
"PARQUE LAS AGUAS","2014-11-12","","0.57083333"
"PARQUE LAS AGUAS","2014-11-11","","1.31666667"
"PARQUE LAS AGUAS","2014-11-10","","1.02916667"
"PARQUE LAS AGUAS","2014-11-09","","1.70416667"
"PARQUE LAS AGUAS","2014-11-08","","1.27916667"
"PARQUE LAS AGUAS","2014-11-07","","1.14583333"
"PARQUE LAS AGUAS","2014-11-06","","1.68333333"
"PARQUE LAS AGUAS","2014-11-05","","1.81666667"
"PARQUE LAS AGUAS","2014-11-04","","1.22083333"
"PARQUE LAS AGUAS","2014-11-03","","1.625"
"PARQUE LAS AGUAS","2014-11-02","","2.02916667"
"PARQUE LAS AGUAS","2014-11-01","","2.075"
"PARQUE LAS AGUAS","2014-10-31","","0.87916667"
"PARQUE LAS AGUAS","2014-10-30","","1.04347826"
"PARQUE LAS AGUAS","2014-10-29","","1.65"
"PARQUE LAS AGUAS","2014-10-28","","1.47083333"
"PARQUE LAS AGUAS","2014-10-27","","1.99166667"
"PARQUE LAS AGUAS","2014-10-26","","1.12083333"
"PARQUE LAS AGUAS","2014-10-25","","1.67083333"
"PARQUE LAS AGUAS","2014-10-24","","1.48333333"
"PARQUE LAS AGUAS","2014-10-23","","2.3"
"PARQUE LAS AGUAS","2014-10-22","","1.77083333"
"PARQUE LAS AGUAS","2014-10-21","","2.0625"
"PARQUE LAS AGUAS","2014-10-20","","1.2375"
"PARQUE LAS AGUAS","2014-10-19","","1.40833333"
"PARQUE LAS AGUAS","2014-10-18","","1.3"
"PARQUE LAS AGUAS","2014-10-17","","1.2625"
"PARQUE LAS AGUAS","2014-10-16","","1.82083333"
"PARQUE LAS AGUAS","2014-10-15","","1.48333333"
"PARQUE LAS AGUAS","2014-10-14","","1.02916667"
"PARQUE LAS AGUAS","2014-10-13","","1.07916667"
"PARQUE LAS AGUAS","2014-10-12","","1.25"
"PARQUE LAS AGUAS","2014-10-11","","1.24583333"
"PARQUE LAS AGUAS","2014-10-10","","1.32083333"
"PARQUE LAS AGUAS","2014-10-09","","0.84583333"
"PARQUE LAS AGUAS","2014-10-08","","0.9375"
"PARQUE LAS AGUAS","2014-10-07","","0.75"
"PARQUE LAS AGUAS","2014-10-06","","1.0125"
"PARQUE LAS AGUAS","2014-10-05","","1.26666667"
"PARQUE LAS AGUAS","2014-10-04","","2.04166667"
"PARQUE LAS AGUAS","2014-10-03","","1.825"
"PARQUE LAS AGUAS","2014-10-02","","1.24166667"
"PARQUE LAS AGUAS","2014-10-01","","1.24583333"
"PARQUE LAS AGUAS","2014-09-30","","1.325"
"PARQUE LAS AGUAS","2014-09-29","","1.54583333"
"PARQUE LAS AGUAS","2014-09-28","","1.325"
"PARQUE LAS AGUAS","2014-09-27","","1.61666667"
"PARQUE LAS AGUAS","2014-09-26","","1.41666667"
"PARQUE LAS AGUAS","2014-09-25","","2.15"
"PARQUE LAS AGUAS","2014-09-24","","2.2625"
"PARQUE LAS AGUAS","2014-09-23","","2.3875"
"PARQUE LAS AGUAS","2014-09-22","","1.25416667"
"PARQUE LAS AGUAS","2014-09-21","","1.35416667"
"PARQUE LAS AGUAS","2014-09-20","","1.3625"
"PARQUE LAS AGUAS","2014-09-19","","1.175"
"PARQUE LAS AGUAS","2014-09-18","","1.2125"
"PARQUE LAS AGUAS","2014-09-17","","1.66666667"
"PARQUE LAS AGUAS","2014-09-16","","1.81666667"
"PARQUE LAS AGUAS","2014-09-15","","1.8625"
"PARQUE LAS AGUAS","2014-09-14","","1.82083333"
"PARQUE LAS AGUAS","2014-09-13","","2.15833333"
"PARQUE LAS AGUAS","2014-09-12","","1.6625"
"PARQUE LAS AGUAS","2014-09-11","","1.07083333"
"PARQUE LAS AGUAS","2014-09-10","","1.7625"
"PARQUE LAS AGUAS","2014-09-09","","1.50833333"
"PARQUE LAS AGUAS","2014-09-08","","1.03333333"
"PARQUE LAS AGUAS","2014-09-07","","1.2625"
"PARQUE LAS AGUAS","2014-09-06","","1.35"
"PARQUE LAS AGUAS","2014-09-05","","1.32083333"
"PARQUE LAS AGUAS","2014-09-04","","1.15416667"
"PARQUE LAS AGUAS","2014-09-03","","1.58333333"
"PARQUE LAS AGUAS","2014-09-02","","1.3875"
"PARQUE LAS AGUAS","2014-09-01","","1.16666667"
"PARQUE LAS AGUAS","2014-08-31","","1.22083333"
"PARQUE LAS AGUAS","2014-08-30","","1.1375"
"PARQUE LAS AGUAS","2014-08-29","","1.18333333"
"PARQUE LAS AGUAS","2014-08-28","","1.67916667"
"PARQUE LAS AGUAS","2014-08-27","","2.03333333"
"PARQUE LAS AGUAS","2014-08-26","","1.67083333"
"PARQUE LAS AGUAS","2014-08-25","","1.66666667"
"PARQUE LAS AGUAS","2014-08-24","","2.42083333"
"PARQUE LAS AGUAS","2014-08-23","","1.28333333"
"PARQUE LAS AGUAS","2014-08-22","","1.3875"
"PARQUE LAS AGUAS","2014-08-21","","1.9875"
"PARQUE LAS AGUAS","2014-08-20","","1.7"
"PARQUE LAS AGUAS","2014-08-19","","1.85833333"
"PARQUE LAS AGUAS","2014-08-18","","1.48333333"
"PARQUE LAS AGUAS","2014-08-17","","1.2625"
"PARQUE LAS AGUAS","2014-08-16","","1.47083333"
"PARQUE LAS AGUAS","2014-08-15","","1.175"
"PARQUE LAS AGUAS","2014-08-14","","0.89583333"
"PARQUE LAS AGUAS","2014-08-13","","1.59583333"
"PARQUE LAS AGUAS","2014-08-12","","1.49166667"
"PARQUE LAS AGUAS","2014-08-11","","1.85"
"PARQUE LAS AGUAS","2014-08-10","","1.79583333"
"PARQUE LAS AGUAS","2014-08-09","","1.62083333"
"PARQUE LAS AGUAS","2014-08-08","","1.7625"
"PARQUE LAS AGUAS","2014-08-07","","1.75416667"
"PARQUE LAS AGUAS","2014-08-06","","2.3"
"PARQUE LAS AGUAS","2014-08-05","","1.94166667"
"PARQUE LAS AGUAS","2014-08-04","","1.975"
"PARQUE LAS AGUAS","2014-08-03","","1.825"
"PARQUE LAS AGUAS","2014-08-02","","1.23333333"
"PARQUE LAS AGUAS","2014-08-01","","1.3625"
"PARQUE LAS AGUAS","2014-07-31","","1.65"
"PARQUE LAS AGUAS","2014-07-30","","1.76086957"
"PARQUE LAS AGUAS","2014-07-29","","1.38333333"
"PARQUE LAS AGUAS","2014-07-28","","1.35"
"PARQUE LAS AGUAS","2014-07-27","","1.87083333"
"PARQUE LAS AGUAS","2014-07-26","","1.62916667"
"PARQUE LAS AGUAS","2014-07-25","","1.38333333"
"PARQUE LAS AGUAS","2014-07-24","","1.15416667"
"PARQUE LAS AGUAS","2014-07-23","","1.45416667"
"PARQUE LAS AGUAS","2014-07-22","","1.1625"
"PARQUE LAS AGUAS","2014-07-21","","1.27083333"
"PARQUE LAS AGUAS","2014-07-20","","1.5125"
"PARQUE LAS AGUAS","2014-07-19","","1.08333333"
"PARQUE LAS AGUAS","2014-07-18","","1.175"
"PARQUE LAS AGUAS","2014-07-17","","1.2875"
"PARQUE LAS AGUAS","2014-07-16","","1.21666667"
"PARQUE LAS AGUAS","2014-07-15","","1.17916667"
"PARQUE LAS AGUAS","2014-07-14","","1.2375"
"PARQUE LAS AGUAS","2014-07-13","","1.40416667"
"PARQUE LAS AGUAS","2014-07-12","","1.76666667"
"PARQUE LAS AGUAS","2014-07-11","","1.55416667"
"PARQUE LAS AGUAS","2014-07-10","","1.59583333"
"PARQUE LAS AGUAS","2014-07-09","","1.45833333"
"PARQUE LAS AGUAS","2014-07-08","","1.6125"
"PARQUE LAS AGUAS","2014-07-07","","1.43333333"
"PARQUE LAS AGUAS","2014-07-06","","1.32083333"
"PARQUE LAS AGUAS","2014-07-05","","1.8375"
"PARQUE LAS AGUAS","2014-07-04","","1.81666667"
"PARQUE LAS AGUAS","2014-07-03","","1.85833333"
"PARQUE LAS AGUAS","2014-07-02","","1.82916667"
"PARQUE LAS AGUAS","2014-07-01","","2.25833333"
"PARQUE LAS AGUAS","2014-06-30","","1.30416667"
"PARQUE LAS AGUAS","2014-06-29","","1.39583333"
"PARQUE LAS AGUAS","2014-06-28","","1.74166667"
"PARQUE LAS AGUAS","2014-06-27","","1.15"
"PARQUE LAS AGUAS","2014-06-26","","1.44166667"
"PARQUE LAS AGUAS","2014-06-25","","1.11666667"
"PARQUE LAS AGUAS","2014-06-24","","1.76666667"
"PARQUE LAS AGUAS","2014-06-23","","1.45416667"
"PARQUE LAS AGUAS","2014-06-22","","1.24166667"
"PARQUE LAS AGUAS","2014-06-21","","1.94166667"
"PARQUE LAS AGUAS","2014-06-20","","1.77083333"
"PARQUE LAS AGUAS","2014-06-19","","1.75416667"
"PARQUE LAS AGUAS","2014-06-18","","1.74166667"
"PARQUE LAS AGUAS","2014-06-17","","1.59583333"
"PARQUE LAS AGUAS","2014-06-16","","1.40833333"
"PARQUE LAS AGUAS","2014-06-15","","1.7125"
"PARQUE LAS AGUAS","2014-06-14","","2.425"
"PARQUE LAS AGUAS","2014-06-13","","1.59166667"
"PARQUE LAS AGUAS","2014-06-12","","1.24583333"
"PARQUE LAS AGUAS","2014-06-11","","1.52916667"
"PARQUE LAS AGUAS","2014-06-10","","1.54166667"
"PARQUE LAS AGUAS","2014-06-09","","1.90416667"
"PARQUE LAS AGUAS","2014-06-08","","1.52916667"
"PARQUE LAS AGUAS","2014-06-07","","1.36666667"
"PARQUE LAS AGUAS","2014-06-06","","1.55833333"
"PARQUE LAS AGUAS","2014-06-05","","2.62083333"
"PARQUE LAS AGUAS","2014-06-04","","2.07916667"
"PARQUE LAS AGUAS","2014-06-03","","1.92916667"
"PARQUE LAS AGUAS","2014-06-02","","1.22083333"
"PARQUE LAS AGUAS","2014-06-01","","1.99583333"
"PARQUE LAS AGUAS","2014-05-31","","1.77083333"
"PARQUE LAS AGUAS","2014-05-30","","2.00833333"
"PARQUE LAS AGUAS","2014-05-29","","1.2"
"PARQUE LAS AGUAS","2014-05-28","","1.9125"
"PARQUE LAS AGUAS","2014-05-27","","1.05833333"
"PARQUE LAS AGUAS","2014-05-26","","2.08333333"
"PARQUE LAS AGUAS","2014-05-25","","1.525"
"PARQUE LAS AGUAS","2014-05-24","","2.37916667"
"PARQUE LAS AGUAS","2014-05-23","","1.48333333"
"PARQUE LAS AGUAS","2014-05-22","","1.725"
"PARQUE LAS AGUAS","2014-05-21","","1.37916667"
"PARQUE LAS AGUAS","2014-05-20","","1.175"
"PARQUE LAS AGUAS","2014-05-19","","2.28333333"
"PARQUE LAS AGUAS","2014-05-18","","1.65416667"
"PARQUE LAS AGUAS","2014-05-17","","1.75833333"
"PARQUE LAS AGUAS","2014-05-16","","2.24166667"
"PARQUE LAS AGUAS","2014-05-15","","1.6"
"PARQUE LAS AGUAS","2014-05-14","","1.85833333"
"PARQUE LAS AGUAS","2014-05-13","","1.72083333"
"PARQUE LAS AGUAS","2014-05-12","","2.12083333"
"PARQUE LAS AGUAS","2014-05-11","","2.09583333"
"PARQUE LAS AGUAS","2014-05-10","","2.3125"
"PARQUE LAS AGUAS","2014-05-09","","1.00416667"
"PARQUE LAS AGUAS","2014-05-08","","0.95416667"
"PARQUE LAS AGUAS","2014-05-07","","1.35"
"PARQUE LAS AGUAS","2014-05-06","","1.53333333"
"PARQUE LAS AGUAS","2014-05-05","","2.15"
"PARQUE LAS AGUAS","2014-05-04","","1.29583333"
"PARQUE LAS AGUAS","2014-05-03","","2.09583333"
"PARQUE LAS AGUAS","2014-05-02","","0.97083333"
"PARQUE LAS AGUAS","2014-05-01","","1.11666667"
"PARQUE LAS AGUAS","2014-04-30","","1.85"
"PARQUE LAS AGUAS","2014-04-29","","1.5875"
"PARQUE LAS AGUAS","2014-04-28","","1.87916667"
"PARQUE LAS AGUAS","2014-04-27","","1.99166667"
"PARQUE LAS AGUAS","2014-04-26","","1.15416667"
"PARQUE LAS AGUAS","2014-04-25","","1.06666667"
"PARQUE LAS AGUAS","2014-04-24","","0.92916667"
"PARQUE LAS AGUAS","2014-04-23","","0.89166667"
"PARQUE LAS AGUAS","2014-04-22","","1.15833333"
"PARQUE LAS AGUAS","2014-04-21","","1.67083333"
"PARQUE LAS AGUAS","2014-04-20","","1.64583333"
"PARQUE LAS AGUAS","2014-04-19","","2.25833333"
"PARQUE LAS AGUAS","2014-04-18","","1.95"
"PARQUE LAS AGUAS","2014-04-17","","1.57916667"
"PARQUE LAS AGUAS","2014-04-16","","1.175"
"PARQUE LAS AGUAS","2014-04-15","","0.78333333"
"PARQUE LAS AGUAS","2014-04-14","","2.2875"
"PARQUE LAS AGUAS","2014-04-13","","1.7375"
"PARQUE LAS AGUAS","2014-04-12","","1.72916667"
"PARQUE LAS AGUAS","2014-04-11","","1.87083333"
"PARQUE LAS AGUAS","2014-04-10","","2.0375"
"PARQUE LAS AGUAS","2014-04-09","","1.7875"
"PARQUE LAS AGUAS","2014-04-08","","2.12916667"
"PARQUE LAS AGUAS","2014-04-07","","2.1625"
"PARQUE LAS AGUAS","2014-04-06","","1.85652174"
"PARQUE LAS AGUAS","2014-04-05","","1.85833333"
"PARQUE LAS AGUAS","2014-04-04","","1.72083333"
"PARQUE LAS AGUAS","2014-04-03","","2.2125"
"PARQUE LAS AGUAS","2014-04-02","","1.78333333"
"PARQUE LAS AGUAS","2014-04-01","","1.4375"
"PARQUE LAS AGUAS","2014-03-31","","2.3125"
"PARQUE LAS AGUAS","2014-03-30","","2.42916667"
"PARQUE LAS AGUAS","2014-03-29","","2.15833333"
"PARQUE LAS AGUAS","2014-03-28","","1.59166667"
"PARQUE LAS AGUAS","2014-03-27","","1.50416667"
"PARQUE LAS AGUAS","2014-03-26","","2.45"
"PARQUE LAS AGUAS","2014-03-25","","2.00833333"
"PARQUE LAS AGUAS","2014-03-24","","1.55833333"
"PARQUE LAS AGUAS","2014-03-23","","1.77916667"
"PARQUE LAS AGUAS","2014-03-22","","1.77916667"
"PARQUE LAS AGUAS","2014-03-21","","1.9875"
"PARQUE LAS AGUAS","2014-03-20","","2.14583333"
"PARQUE LAS AGUAS","2014-03-19","","1.81666667"
"PARQUE LAS AGUAS","2014-03-18","","1.71666667"
"PARQUE LAS AGUAS","2014-03-17","","1.77083333"
"PARQUE LAS AGUAS","2014-03-16","","1.775"
"PARQUE LAS AGUAS","2014-03-15","","2.10833333"
"PARQUE LAS AGUAS","2014-03-14","","1.8625"
"PARQUE LAS AGUAS","2014-03-13","","1.7625"
"PARQUE LAS AGUAS","2014-03-12","","1.4375"
"PARQUE LAS AGUAS","2014-03-11","","2.7375"
"PARQUE LAS AGUAS","2014-03-10","","2.14166667"
"PARQUE LAS AGUAS","2014-03-09","","1.30416667"
"PARQUE LAS AGUAS","2014-03-08","","1.1125"
"PARQUE LAS AGUAS","2014-03-07","","1.85833333"
"PARQUE LAS AGUAS","2014-03-06","","2.26666667"
"PARQUE LAS AGUAS","2014-03-05","","2.175"
"PARQUE LAS AGUAS","2014-03-04","","2.16666667"
"PARQUE LAS AGUAS","2014-03-03","","1.81666667"
"PARQUE LAS AGUAS","2014-03-02","","2.49583333"
"PARQUE LAS AGUAS","2014-03-01","","2.45833333"
"PARQUE LAS AGUAS","2014-02-28","","1.70416667"
"PARQUE LAS AGUAS","2014-02-27","","1.78333333"
"PARQUE LAS AGUAS","2014-02-26","","2.27916667"
"PARQUE LAS AGUAS","2014-02-25","","1.9625"
"PARQUE LAS AGUAS","2014-02-24","","2.01666667"
"PARQUE LAS AGUAS","2014-02-23","","2.05"
"PARQUE LAS AGUAS","2014-02-22","","1.64166667"
"PARQUE LAS AGUAS","2014-02-21","","2.05416667"
"PARQUE LAS AGUAS","2014-02-20","","2.05833333"
"PARQUE LAS AGUAS","2014-02-19","","1.4125"
"PARQUE LAS AGUAS","2014-02-18","","2.14166667"
"PARQUE LAS AGUAS","2014-02-17","","2.0"
"PARQUE LAS AGUAS","2014-02-16","","1.96666667"
"PARQUE LAS AGUAS","2014-02-15","","2.15"
"PARQUE LAS AGUAS","2014-02-14","","1.24166667"
"PARQUE LAS AGUAS","2014-02-13","","1.625"
"PARQUE LAS AGUAS","2014-02-12","","1.89166667"
"PARQUE LAS AGUAS","2014-02-11","","1.86666667"
"PARQUE LAS AGUAS","2014-02-10","","1.44583333"
"PARQUE LAS AGUAS","2014-02-09","","2.0625"
"PARQUE LAS AGUAS","2014-02-08","","1.47916667"
"PARQUE LAS AGUAS","2014-02-07","","1.90833333"
"PARQUE LAS AGUAS","2014-02-06","","1.5"
"PARQUE LAS AGUAS","2014-02-05","","2.06"
"PARQUE LAS AGUAS","2014-02-04","","2.15416667"
"PARQUE LAS AGUAS","2014-02-03","","2.14583333"
"PARQUE LAS AGUAS","2014-02-02","","1.45416667"
"PARQUE LAS AGUAS","2014-02-01","","2.74583333"
"PARQUE LAS AGUAS","2014-01-31","","2.175"
"PARQUE LAS AGUAS","2014-01-30","","1.875"
"PARQUE LAS AGUAS","2014-01-29","","2.11666667"
"PARQUE LAS AGUAS","2014-01-28","","2.35"
"PARQUE LAS AGUAS","2014-01-27","","2.34166667"
"PARQUE LAS AGUAS","2014-01-26","","1.79166667"
"PARQUE LAS AGUAS","2014-01-25","","2.3375"
"PARQUE LAS AGUAS","2014-01-24","","2.15416667"
"PARQUE LAS AGUAS","2014-01-23","","2.22083333"
"PARQUE LAS AGUAS","2014-01-22","","2.38333333"
"PARQUE LAS AGUAS","2014-01-21","","1.2125"
"PARQUE LAS AGUAS","2014-01-20","","1.50833333"
"PARQUE LAS AGUAS","2014-01-19","","2.1125"
"PARQUE LAS AGUAS","2014-01-18","","1.8625"
"PARQUE LAS AGUAS","2014-01-17","","1.53333333"
"PARQUE LAS AGUAS","2014-01-16","","1.7875"
"PARQUE LAS AGUAS","2014-01-15","","1.8375"
"PARQUE LAS AGUAS","2014-01-14","","1.975"
"PARQUE LAS AGUAS","2014-01-13","","2.37916667"
"PARQUE LAS AGUAS","2014-01-12","","2.0875"
"PARQUE LAS AGUAS","2014-01-11","","1.55"
"PARQUE LAS AGUAS","2014-01-10","","2.07916667"
"PARQUE LAS AGUAS","2014-01-09","","1.64583333"
"PARQUE LAS AGUAS","2014-01-08","","2.08333333"
"PARQUE LAS AGUAS","2014-01-07","","1.60833333"
"PARQUE LAS AGUAS","2014-01-06","","0.70416667"
"PARQUE LAS AGUAS","2014-01-05","","1.12916667"
"PARQUE LAS AGUAS","2014-01-04","","1.64166667"
"PARQUE LAS AGUAS","2014-01-03","","2.06666667"
"PARQUE LAS AGUAS","2014-01-02","","1.3125"
"PARQUE LAS AGUAS","2014-01-01","","1.9625"
"PARQUE LAS AGUAS","2013-12-31","","1.65416667"
"PARQUE LAS AGUAS","2013-12-30","","1.7375"
"PARQUE LAS AGUAS","2013-12-29","","1.59166667"
"PARQUE LAS AGUAS","2013-12-28","","1.60833333"
"PARQUE LAS AGUAS","2013-12-27","","1.33333333"
"PARQUE LAS AGUAS","2013-12-26","","2.21666667"
"PARQUE LAS AGUAS","2013-12-25","","2.05"
"PARQUE LAS AGUAS","2013-12-24","","2.14166667"
"PARQUE LAS AGUAS","2013-12-23","","1.57083333"
"PARQUE LAS AGUAS","2013-12-22","","1.92083333"
"PARQUE LAS AGUAS","2013-12-21","","2.45416667"
"PARQUE LAS AGUAS","2013-12-20","","1.6"
"PARQUE LAS AGUAS","2013-12-19","","2.0125"
"PARQUE LAS AGUAS","2013-12-18","","0.79583333"
"PARQUE LAS AGUAS","2013-12-17","","0.8875"
"PARQUE LAS AGUAS","2013-12-16","","1.8875"
"PARQUE LAS AGUAS","2013-12-15","","2.2125"
"PARQUE LAS AGUAS","2013-12-14","","1.42916667"
"PARQUE LAS AGUAS","2013-12-13","","1.35"
"PARQUE LAS AGUAS","2013-12-12","","1.65833333"
"PARQUE LAS AGUAS","2013-12-11","","1.8"
"PARQUE LAS AGUAS","2013-12-10","","1.85"
"PARQUE LAS AGUAS","2013-12-09","","1.11666667"
"PARQUE LAS AGUAS","2013-12-08","","1.0625"
"PARQUE LAS AGUAS","2013-12-07","","1.475"
"PARQUE LAS AGUAS","2013-12-06","","1.95"
"PARQUE LAS AGUAS","2013-12-05","","2.0"
"PARQUE LAS AGUAS","2013-12-04","","1.91666667"
"PARQUE LAS AGUAS","2013-12-03","","1.3"
"PARQUE LAS AGUAS","2013-12-02","","0.975"
"PARQUE LAS AGUAS","2013-12-01","","1.67083333"
"PARQUE LAS AGUAS","2013-11-30","","1.23333333"
"PARQUE LAS AGUAS","2013-11-29","","1.72083333"
"PARQUE LAS AGUAS","2013-11-28","","1.53043478"
"PARQUE LAS AGUAS","2013-11-27","","1.87916667"
"PARQUE LAS AGUAS","2013-11-26","","1.14583333"
"PARQUE LAS AGUAS","2013-11-25","","1.90833333"
"PARQUE LAS AGUAS","2013-11-24","","0.74166667"
"PARQUE LAS AGUAS","2013-11-23","","1.61666667"
"PARQUE LAS AGUAS","2013-11-22","","1.9375"
"PARQUE LAS AGUAS","2013-11-21","","2.5875"
"PARQUE LAS AGUAS","2013-11-20","","1.83333333"
"PARQUE LAS AGUAS","2013-11-19","","1.79583333"
"PARQUE LAS AGUAS","2013-11-18","","1.85"
"PARQUE LAS AGUAS","2013-11-17","","1.86666667"
"PARQUE LAS AGUAS","2013-11-16","","1.9375"
"PARQUE LAS AGUAS","2013-11-15","","2.02083333"
"PARQUE LAS AGUAS","2013-11-14","","2.225"
"PARQUE LAS AGUAS","2013-11-13","","2.125"
"PARQUE LAS AGUAS","2013-11-12","","2.075"
"PARQUE LAS AGUAS","2013-11-11","","1.67083333"
"PARQUE LAS AGUAS","2013-11-10","","1.625"
"PARQUE LAS AGUAS","2013-11-09","","2.1875"
"PARQUE LAS AGUAS","2013-11-08","","1.6"
"PARQUE LAS AGUAS","2013-11-07","","1.25"
"PARQUE LAS AGUAS","2013-11-06","","1.59166667"
"PARQUE LAS AGUAS","2013-11-05","","1.31666667"
"PARQUE LAS AGUAS","2013-11-04","","1.6"
"PARQUE LAS AGUAS","2013-11-03","","2.5"
"PARQUE LAS AGUAS","2013-11-02","","1.8375"
"PARQUE LAS AGUAS","2013-11-01","","1.82083333"
"PARQUE LAS AGUAS","2013-10-31","","1.19166667"
"PARQUE LAS AGUAS","2013-10-30","","1.99583333"
"PARQUE LAS AGUAS","2013-10-29","","0.90416667"
"PARQUE LAS AGUAS","2013-10-28","","1.97391304"
"PARQUE LAS AGUAS","2013-10-27","","1.49166667"
"PARQUE LAS AGUAS","2013-10-26","","2.17916667"
"PARQUE LAS AGUAS","2013-10-25","","1.49166667"
"PARQUE LAS AGUAS","2013-10-24","","1.69166667"
"PARQUE LAS AGUAS","2013-10-23","","2.04583333"
"PARQUE LAS AGUAS","2013-10-22","","1.575"
"PARQUE LAS AGUAS","2013-10-21","","1.0875"
"PARQUE LAS AGUAS","2013-10-20","","2.21666667"
"PARQUE LAS AGUAS","2013-10-19","","1.91666667"
"PARQUE LAS AGUAS","2013-10-18","","2.01666667"
"PARQUE LAS AGUAS","2013-10-17","","2.0625"
"PARQUE LAS AGUAS","2013-10-16","","1.8375"
"PARQUE LAS AGUAS","2013-10-15","","1.0875"
"PARQUE LAS AGUAS","2013-10-14","","1.17083333"
"PARQUE LAS AGUAS","2013-10-13","","1.825"
"PARQUE LAS AGUAS","2013-10-12","","1.19583333"
"PARQUE LAS AGUAS","2013-10-11","","1.6"
"PARQUE LAS AGUAS","2013-10-10","","1.85"
"PARQUE LAS AGUAS","2013-10-09","","1.76666667"
"PARQUE LAS AGUAS","2013-10-08","","0.96666667"
"PARQUE LAS AGUAS","2013-10-07","","1.76666667"
"PARQUE LAS AGUAS","2013-10-06","","1.60833333"
"PARQUE LAS AGUAS","2013-10-05","","2.07083333"
"PARQUE LAS AGUAS","2013-10-04","","1.90833333"
"PARQUE LAS AGUAS","2013-10-03","","1.02083333"
"PARQUE LAS AGUAS","2013-10-02","","2.00833333"
"PARQUE LAS AGUAS","2013-10-01","","1.23333333"
"PARQUE LAS AGUAS","2013-09-30","","1.45"
"PARQUE LAS AGUAS","2013-09-29","","0.8625"
"PARQUE LAS AGUAS","2013-09-28","","0.825"
"PARQUE LAS AGUAS","2013-09-27","","1.68333333"
"PARQUE LAS AGUAS","2013-09-26","","1.40833333"
"PARQUE LAS AGUAS","2013-09-25","","1.7375"
"PARQUE LAS AGUAS","2013-09-24","","2.1625"
"PARQUE LAS AGUAS","2013-09-23","","1.6125"
"PARQUE LAS AGUAS","2013-09-22","","0.95"
"PARQUE LAS AGUAS","2013-09-21","","1.625"
"PARQUE LAS AGUAS","2013-09-20","","1.45"
"PARQUE LAS AGUAS","2013-09-19","","2.2625"
"PARQUE LAS AGUAS","2013-09-18","","2.01666667"
"PARQUE LAS AGUAS","2013-09-17","","2.05833333"
"PARQUE LAS AGUAS","2013-09-16","","1.87916667"
"PARQUE LAS AGUAS","2013-09-15","","1.825"
"PARQUE LAS AGUAS","2013-09-14","","1.44583333"
"PARQUE LAS AGUAS","2013-09-13","","1.61666667"
"PARQUE LAS AGUAS","2013-09-12","","1.73333333"
"PARQUE LAS AGUAS","2013-09-11","","1.2375"
"PARQUE LAS AGUAS","2013-09-10","","1.80833333"
"PARQUE LAS AGUAS","2013-09-09","","1.17083333"
"PARQUE LAS AGUAS","2013-09-08","","1.74166667"
"PARQUE LAS AGUAS","2013-09-07","","1.24583333"
"PARQUE LAS AGUAS","2013-09-06","","1.125"
"PARQUE LAS AGUAS","2013-09-05","","1.80416667"
"PARQUE LAS AGUAS","2013-09-04","","1.7"
"PARQUE LAS AGUAS","2013-09-03","","1.79166667"
"PARQUE LAS AGUAS","2013-09-02","","2.33333333"
"PARQUE LAS AGUAS","2013-09-01","","2.51666667"
"PARQUE LAS AGUAS","2013-08-31","","1.65"
"PARQUE LAS AGUAS","2013-08-30","","2.4"
"PARQUE LAS AGUAS","2013-08-29","","2.19583333"
"PARQUE LAS AGUAS","2013-08-28","","2.12083333"
"PARQUE LAS AGUAS","2013-08-27","","2.15"
"PARQUE LAS AGUAS","2013-08-26","","1.9125"
"PARQUE LAS AGUAS","2013-08-25","","2.00833333"
"PARQUE LAS AGUAS","2013-08-24","","1.93333333"
"PARQUE LAS AGUAS","2013-08-23","","1.575"
"PARQUE LAS AGUAS","2013-08-22","","1.6375"
"PARQUE LAS AGUAS","2013-08-21","","2.27916667"
"PARQUE LAS AGUAS","2013-08-20","","2.14166667"
"PARQUE LAS AGUAS","2013-08-19","","1.81666667"
"PARQUE LAS AGUAS","2013-08-18","","1.275"
"PARQUE LAS AGUAS","2013-08-17","","2.20833333"
"PARQUE LAS AGUAS","2013-08-16","","2.23333333"
"PARQUE LAS AGUAS","2013-08-15","","1.475"
"PARQUE LAS AGUAS","2013-08-14","","2.15"
"PARQUE LAS AGUAS","2013-08-13","","1.47916667"
"PARQUE LAS AGUAS","2013-08-12","","1.32083333"
"PARQUE LAS AGUAS","2013-08-11","","1.725"
"PARQUE LAS AGUAS","2013-08-10","","1.51666667"
"PARQUE LAS AGUAS","2013-08-09","","1.68333333"
"PARQUE LAS AGUAS","2013-08-08","","1.43333333"
"PARQUE LAS AGUAS","2013-08-07","","1.28333333"
"PARQUE LAS AGUAS","2013-08-06","","1.46666667"
"PARQUE LAS AGUAS","2013-08-05","","1.02857143"
"PARQUE LAS AGUAS","2013-08-03","","0.88461538"
"PARQUE LAS AGUAS","2013-08-02","","1.65416667"
"PARQUE LAS AGUAS","2013-08-01","","1.78333333"
"PARQUE LAS AGUAS","2013-07-31","","1.69583333"
"PARQUE LAS AGUAS","2013-07-30","","1.89166667"
"PARQUE LAS AGUAS","2013-07-29","","1.1375"
"PARQUE LAS AGUAS","2013-07-28","","1.12916667"
"PARQUE LAS AGUAS","2013-07-27","","1.2625"
"PARQUE LAS AGUAS","2013-07-26","","1.4"
"PARQUE LAS AGUAS","2013-07-25","","1.3125"
"PARQUE LAS AGUAS","2013-07-24","","1.32083333"
"PARQUE LAS AGUAS","2013-07-23","","1.60416667"
"PARQUE LAS AGUAS","2013-07-22","","2.125"
"PARQUE LAS AGUAS","2013-07-21","","1.14583333"
"PARQUE LAS AGUAS","2013-07-20","","1.71666667"
"PARQUE LAS AGUAS","2013-07-19","","1.525"
"PARQUE LAS AGUAS","2013-07-18","","1.6125"
"PARQUE LAS AGUAS","2013-07-17","","1.34583333"
"PARQUE LAS AGUAS","2013-07-16","","1.49166667"
"PARQUE LAS AGUAS","2013-07-15","","1.00833333"
"PARQUE LAS AGUAS","2013-07-14","","1.2375"
"PARQUE LAS AGUAS","2013-07-13","","1.65"
"PARQUE LAS AGUAS","2013-07-12","","1.5"
"PARQUE LAS AGUAS","2013-07-11","","1.9625"
"PARQUE LAS AGUAS","2013-07-10","","1.62083333"
"PARQUE LAS AGUAS","2013-07-09","","1.33333333"
"PARQUE LAS AGUAS","2013-07-08","","1.475"
"PARQUE LAS AGUAS","2013-07-07","","1.49583333"
"PARQUE LAS AGUAS","2013-07-06","","1.50416667"
"PARQUE LAS AGUAS","2013-07-05","","1.37083333"
"PARQUE LAS AGUAS","2013-07-04","","1.62916667"
"PARQUE LAS AGUAS","2013-07-03","","1.00416667"
"PARQUE LAS AGUAS","2013-07-02","","1.6625"
"PARQUE LAS AGUAS","2013-07-01","","1.5125"
"PARQUE LAS AGUAS","2013-06-30","","2.10416667"
"PARQUE LAS AGUAS","2013-06-29","","1.84166667"
"PARQUE LAS AGUAS","2013-06-28","","1.14166667"
"PARQUE LAS AGUAS","2013-06-27","","2.04166667"
"PARQUE LAS AGUAS","2013-06-26","","2.15"
"PARQUE LAS AGUAS","2013-06-25","","1.70416667"
"PARQUE LAS AGUAS","2013-06-24","","1.77916667"
"PARQUE LAS AGUAS","2013-06-23","","1.64583333"
"PARQUE LAS AGUAS","2013-06-22","","1.57083333"
"PARQUE LAS AGUAS","2013-06-21","","1.5875"
"PARQUE LAS AGUAS","2013-06-20","","1.56666667"
"PARQUE LAS AGUAS","2013-06-19","","1.7875"
"PARQUE LAS AGUAS","2013-06-18","","1.54166667"
"PARQUE LAS AGUAS","2013-06-17","","2.61538462"
"PARQUE LAS AGUAS","2013-06-06","","1.80588235"
"PARQUE LAS AGUAS","2013-06-05","","1.3375"
"PARQUE LAS AGUAS","2013-06-04","","0.87916667"
"PARQUE LAS AGUAS","2013-06-03","","1.34583333"
"PARQUE LAS AGUAS","2013-06-02","","1.62916667"
"PARQUE LAS AGUAS","2013-06-01","","1.83333333"
"PARQUE LAS AGUAS","2013-05-31","","1.28333333"
"PARQUE LAS AGUAS","2013-05-30","","1.33333333"
"PARQUE LAS AGUAS","2013-05-29","","1.27083333"
"PARQUE LAS AGUAS","2013-05-28","","1.51666667"
"PARQUE LAS AGUAS","2013-05-27","","1.3625"
"PARQUE LAS AGUAS","2013-05-26","","1.4125"
"PARQUE LAS AGUAS","2013-05-25","","1.975"
"PARQUE LAS AGUAS","2013-05-24","","1.40833333"
"PARQUE LAS AGUAS","2013-05-23","","1.39583333"
"PARQUE LAS AGUAS","2013-05-22","","1.2375"
"PARQUE LAS AGUAS","2013-05-21","","0.92083333"
"PARQUE LAS AGUAS","2013-05-20","","1.425"
"PARQUE LAS AGUAS","2013-05-19","","2.00416667"
"PARQUE LAS AGUAS","2013-05-18","","1.9875"
"PARQUE LAS AGUAS","2013-05-17","","1.0375"
"PARQUE LAS AGUAS","2013-05-16","","1.57916667"
"PARQUE LAS AGUAS","2013-05-15","","0.95416667"
"PARQUE LAS AGUAS","2013-05-14","","2.17083333"
"PARQUE LAS AGUAS","2013-05-13","","1.65416667"
"PARQUE LAS AGUAS","2013-05-12","","1.87083333"
"PARQUE LAS AGUAS","2013-05-11","","2.23333333"
"PARQUE LAS AGUAS","2013-05-10","","2.04583333"
"PARQUE LAS AGUAS","2013-05-09","","1.04583333"
"PARQUE LAS AGUAS","2013-05-08","","1.85"
"PARQUE LAS AGUAS","2013-05-07","","1.66666667"
"PARQUE LAS AGUAS","2013-05-06","","2.175"
"PARQUE LAS AGUAS","2013-05-05","","1.17083333"
"PARQUE LAS AGUAS","2013-05-04","","1.72083333"
"PARQUE LAS AGUAS","2013-05-03","","1.35"
"PARQUE LAS AGUAS","2013-05-02","","0.98333333"
"PARQUE LAS AGUAS","2013-05-01","","0.87916667"
"PARQUE LAS AGUAS","2013-04-30","","2.025"
"PARQUE LAS AGUAS","2013-04-29","","1.125"
"PARQUE LAS AGUAS","2013-04-28","","1.61666667"
"PARQUE LAS AGUAS","2013-04-27","","1.175"
"PARQUE LAS AGUAS","2013-04-26","","1.44583333"
"PARQUE LAS AGUAS","2013-04-25","","2.13333333"
"PARQUE LAS AGUAS","2013-04-24","","2.10416667"
"PARQUE LAS AGUAS","2013-04-23","","2.34166667"
"PARQUE LAS AGUAS","2013-04-22","","1.75833333"
"PARQUE LAS AGUAS","2013-04-21","","1.5375"
"PARQUE LAS AGUAS","2013-04-20","","1.425"
"PARQUE LAS AGUAS","2013-04-19","","1.11666667"
"PARQUE LAS AGUAS","2013-04-18","","0.95"
"PARQUE LAS AGUAS","2013-04-17","","1.91666667"
"PARQUE LAS AGUAS","2013-04-16","","1.74166667"
"PARQUE LAS AGUAS","2013-04-15","","1.48333333"
"PARQUE LAS AGUAS","2013-04-14","","1.75833333"
"PARQUE LAS AGUAS","2013-04-13","","1.75833333"
"PARQUE LAS AGUAS","2013-04-12","","1.91666667"
"PARQUE LAS AGUAS","2013-04-11","","1.10416667"
"PARQUE LAS AGUAS","2013-04-10","","2.12083333"
"PARQUE LAS AGUAS","2013-04-09","","2.31666667"
"PARQUE LAS AGUAS","2013-04-08","","2.14583333"
"PARQUE LAS AGUAS","2013-04-07","","1.85652174"
"PARQUE LAS AGUAS","2013-04-06","","2.02916667"
"PARQUE LAS AGUAS","2013-04-05","","1.9375"
"PARQUE LAS AGUAS","2013-04-04","","1.66666667"
"PARQUE LAS AGUAS","2013-04-03","","2.40833333"
"PARQUE LAS AGUAS","2013-04-02","","2.14583333"
"PARQUE LAS AGUAS","2013-04-01","","1.34583333"
