"Estacion","Fecha inicial","Fecha final","NO2"
"ESTACIÓN TRÁFICO CENTRO","2025-10-31","","40.65719478"
"ESTACIÓN TRÁFICO CENTRO","2025-10-30","","46.69274542"
"ESTACIÓN TRÁFICO CENTRO","2025-10-29","","41.17547125"
"ESTACIÓN TRÁFICO CENTRO","2025-10-28","","45.15756917"
"ESTACIÓN TRÁFICO CENTRO","2025-10-27","","31.64635417"
"ESTACIÓN TRÁFICO CENTRO","2025-10-26","","28.96817083"
"ESTACIÓN TRÁFICO CENTRO","2025-10-25","","43.14565208"
"ESTACIÓN TRÁFICO CENTRO","2025-10-24","","57.13873125"
"ESTACIÓN TRÁFICO CENTRO","2025-10-23","","54.28302917"
"ESTACIÓN TRÁFICO CENTRO","2025-10-22","","69.6332325"
"ESTACIÓN TRÁFICO CENTRO","2025-10-21","","57.92006958"
"ESTACIÓN TRÁFICO CENTRO","2025-10-20","","49.46367958"
"ESTACIÓN TRÁFICO CENTRO","2025-10-19","","34.39220875"
"ESTACIÓN TRÁFICO CENTRO","2025-10-18","","50.45850167"
"ESTACIÓN TRÁFICO CENTRO","2025-10-17","","56.13477417"
"ESTACIÓN TRÁFICO CENTRO","2025-10-16","","53.63566167"
"ESTACIÓN TRÁFICO CENTRO","2025-10-15","","56.65024458"
"ESTACIÓN TRÁFICO CENTRO","2025-10-14","","49.89166458"
"ESTACIÓN TRÁFICO CENTRO","2025-10-13","","31.63695333"
"ESTACIÓN TRÁFICO CENTRO","2025-10-12","","40.32147833"
"ESTACIÓN TRÁFICO CENTRO","2025-10-11","","58.47926"
"ESTACIÓN TRÁFICO CENTRO","2025-10-10","","53.5215825"
"ESTACIÓN TRÁFICO CENTRO","2025-10-09","","55.11061708"
"ESTACIÓN TRÁFICO CENTRO","2025-10-08","","54.95515458"
"ESTACIÓN TRÁFICO CENTRO","2025-10-07","","46.42027917"
"ESTACIÓN TRÁFICO CENTRO","2025-10-06","","41.841735"
"ESTACIÓN TRÁFICO CENTRO","2025-10-05","","12.70050958"
"ESTACIÓN TRÁFICO CENTRO","2025-10-04","","50.44953042"
"ESTACIÓN TRÁFICO CENTRO","2025-10-03","","54.47230083"
"ESTACIÓN TRÁFICO CENTRO","2025-10-02","","52.76957917"
"ESTACIÓN TRÁFICO CENTRO","2025-10-01","","0.0"
"ESTACIÓN TRÁFICO CENTRO","2025-09-30","","58.87305391"
"ESTACIÓN TRÁFICO CENTRO","2025-09-29","","52.89387542"
"ESTACIÓN TRÁFICO CENTRO","2025-09-28","","40.48119583"
"ESTACIÓN TRÁFICO CENTRO","2025-09-27","","64.49856125"
"ESTACIÓN TRÁFICO CENTRO","2025-09-26","","66.96900417"
"ESTACIÓN TRÁFICO CENTRO","2025-09-25","","57.12975292"
"ESTACIÓN TRÁFICO CENTRO","2025-09-24","","22.00861375"
"ESTACIÓN TRÁFICO CENTRO","2025-09-23","","0.0"
"ESTACIÓN TRÁFICO CENTRO","2025-09-22","","0.0"
"ESTACIÓN TRÁFICO CENTRO","2025-09-21","","0.0"
"ESTACIÓN TRÁFICO CENTRO","2025-09-20","","0.0"
"ESTACIÓN TRÁFICO CENTRO","2025-09-19","","0.0"
"ESTACIÓN TRÁFICO CENTRO","2025-09-18","","0.0"
"ESTACIÓN TRÁFICO CENTRO","2025-09-17","","0.0"
"ESTACIÓN TRÁFICO CENTRO","2025-09-16","","0.0"
"ESTACIÓN TRÁFICO CENTRO","2025-09-15","","0.0"
"ESTACIÓN TRÁFICO CENTRO","2025-09-14","","0.0"
"ESTACIÓN TRÁFICO CENTRO","2025-09-13","","0.0"
"ESTACIÓN TRÁFICO CENTRO","2025-09-12","","0.0"
"ESTACIÓN TRÁFICO CENTRO","2025-09-11","","0.0"
"ESTACIÓN TRÁFICO CENTRO","2025-09-10","","0.0"
"ESTACIÓN TRÁFICO CENTRO","2025-09-09","","20.50814625"
"ESTACIÓN TRÁFICO CENTRO","2025-09-08","","44.37169375"
"ESTACIÓN TRÁFICO CENTRO","2025-09-07","","38.03788417"
"ESTACIÓN TRÁFICO CENTRO","2025-09-06","","50.71494333"
"ESTACIÓN TRÁFICO CENTRO","2025-09-05","","44.97216625"
"ESTACIÓN TRÁFICO CENTRO","2025-09-04","","52.74157625"
"ESTACIÓN TRÁFICO CENTRO","2025-09-03","","47.38459958"
"ESTACIÓN TRÁFICO CENTRO","2025-09-02","","53.34210458"
"ESTACIÓN TRÁFICO CENTRO","2025-09-01","","45.27409167"
"ESTACIÓN TRÁFICO CENTRO","2025-08-31","","39.05899284"
"ESTACIÓN TRÁFICO CENTRO","2025-08-30","","52.59061762"
"ESTACIÓN TRÁFICO CENTRO","2025-08-29","","51.32844719"
"ESTACIÓN TRÁFICO CENTRO","2025-08-28","","47.85820715"
"ESTACIÓN TRÁFICO CENTRO","2025-08-27","","41.82877236"
"ESTACIÓN TRÁFICO CENTRO","2025-08-26","","44.67790801"
"ESTACIÓN TRÁFICO CENTRO","2025-08-25","","48.8117595"
"ESTACIÓN TRÁFICO CENTRO","2025-08-24","","33.2312837"
"ESTACIÓN TRÁFICO CENTRO","2025-08-23","","52.78000744"
"ESTACIÓN TRÁFICO CENTRO","2025-08-22","","65.60365342"
"ESTACIÓN TRÁFICO CENTRO","2025-08-21","","54.87519352"
"ESTACIÓN TRÁFICO CENTRO","2025-08-20","","52.14828757"
"ESTACIÓN TRÁFICO CENTRO","2025-08-19","","53.26184984"
"ESTACIÓN TRÁFICO CENTRO","2025-08-18","","35.44699408"
"ESTACIÓN TRÁFICO CENTRO","2025-08-17","","45.15963737"
"ESTACIÓN TRÁFICO CENTRO","2025-08-16","","50.12210961"
"ESTACIÓN TRÁFICO CENTRO","2025-08-15","","61.9849643"
"ESTACIÓN TRÁFICO CENTRO","2025-08-14","","52.795137"
"ESTACIÓN TRÁFICO CENTRO","2025-08-13","","49.58137082"
"ESTACIÓN TRÁFICO CENTRO","2025-08-12","","38.52536185"
"ESTACIÓN TRÁFICO CENTRO","2025-08-11","","43.07925401"
"ESTACIÓN TRÁFICO CENTRO","2025-08-10","","45.26717399"
"ESTACIÓN TRÁFICO CENTRO","2025-08-09","","48.27148468"
"ESTACIÓN TRÁFICO CENTRO","2025-08-08","","56.17372997"
"ESTACIÓN TRÁFICO CENTRO","2025-08-07","","42.56603668"
"ESTACIÓN TRÁFICO CENTRO","2025-08-06","","42.11704442"
"ESTACIÓN TRÁFICO CENTRO","2025-08-05","","44.49845757"
"ESTACIÓN TRÁFICO CENTRO","2025-08-04","","40.26447141"
"ESTACIÓN TRÁFICO CENTRO","2025-08-03","","32.87196074"
"ESTACIÓN TRÁFICO CENTRO","2025-08-02","","52.57066165"
"ESTACIÓN TRÁFICO CENTRO","2025-08-01","","37.65014126"
"ESTACIÓN TRÁFICO CENTRO","2025-07-31","","40.04070382"
"ESTACIÓN TRÁFICO CENTRO","2025-07-30","","45.31722455"
"ESTACIÓN TRÁFICO CENTRO","2025-07-29","","44.35832585"
"ESTACIÓN TRÁFICO CENTRO","2025-07-28","","43.23578569"
"ESTACIÓN TRÁFICO CENTRO","2025-07-27","","33.46173722"
"ESTACIÓN TRÁFICO CENTRO","2025-07-26","","49.46371808"
"ESTACIÓN TRÁFICO CENTRO","2025-07-25","","49.93604517"
"ESTACIÓN TRÁFICO CENTRO","2025-07-24","","42.24346361"
"ESTACIÓN TRÁFICO CENTRO","2025-07-23","","39.98069012"
"ESTACIÓN TRÁFICO CENTRO","2025-07-22","","40.15184269"
"ESTACIÓN TRÁFICO CENTRO","2025-07-21","","39.88713877"
"ESTACIÓN TRÁFICO CENTRO","2025-07-20","","27.06756669"
"ESTACIÓN TRÁFICO CENTRO","2025-07-19","","41.5034628"
"ESTACIÓN TRÁFICO CENTRO","2025-07-18","","36.51377929"
"ESTACIÓN TRÁFICO CENTRO","2025-07-17","","39.19428919"
"ESTACIÓN TRÁFICO CENTRO","2025-07-16","","42.53949684"
"ESTACIÓN TRÁFICO CENTRO","2025-07-15","","43.37607299"
"ESTACIÓN TRÁFICO CENTRO","2025-07-14","","29.8897913"
"ESTACIÓN TRÁFICO CENTRO","2025-07-13","","25.70044522"
"ESTACIÓN TRÁFICO CENTRO","2025-07-12","","34.31787759"
"ESTACIÓN TRÁFICO CENTRO","2025-07-11","","37.15053398"
"ESTACIÓN TRÁFICO CENTRO","2025-07-10","","47.02822816"
"ESTACIÓN TRÁFICO CENTRO","2025-07-09","","39.40959748"
"ESTACIÓN TRÁFICO CENTRO","2025-07-08","","35.92628852"
"ESTACIÓN TRÁFICO CENTRO","2025-07-07","","36.19340992"
"ESTACIÓN TRÁFICO CENTRO","2025-07-06","","25.9362266"
"ESTACIÓN TRÁFICO CENTRO","2025-07-05","","40.3026803"
"ESTACIÓN TRÁFICO CENTRO","2025-07-04","","37.83576281"
"ESTACIÓN TRÁFICO CENTRO","2025-07-03","","34.24570857"
"ESTACIÓN TRÁFICO CENTRO","2025-07-02","","41.36821916"
"ESTACIÓN TRÁFICO CENTRO","2025-07-01","","34.66508963"
"ESTACIÓN TRÁFICO CENTRO","2025-06-30","","24.89729936"
"ESTACIÓN TRÁFICO CENTRO","2025-06-29","","35.89648383"
"ESTACIÓN TRÁFICO CENTRO","2025-06-28","","41.57820956"
"ESTACIÓN TRÁFICO CENTRO","2025-06-27","","49.31107922"
"ESTACIÓN TRÁFICO CENTRO","2025-06-26","","43.28433191"
"ESTACIÓN TRÁFICO CENTRO","2025-06-25","","45.22878205"
"ESTACIÓN TRÁFICO CENTRO","2025-06-24","","44.71410277"
"ESTACIÓN TRÁFICO CENTRO","2025-06-23","","28.27166344"
"ESTACIÓN TRÁFICO CENTRO","2025-06-22","","31.48570384"
"ESTACIÓN TRÁFICO CENTRO","2025-06-21","","35.93963951"
"ESTACIÓN TRÁFICO CENTRO","2025-06-20","","43.16002036"
"ESTACIÓN TRÁFICO CENTRO","2025-06-19","","42.41003764"
"ESTACIÓN TRÁFICO CENTRO","2025-06-18","","44.94594311"
"ESTACIÓN TRÁFICO CENTRO","2025-06-17","","45.11327714"
"ESTACIÓN TRÁFICO CENTRO","2025-06-16","","38.06711124"
"ESTACIÓN TRÁFICO CENTRO","2025-06-15","","28.72859026"
"ESTACIÓN TRÁFICO CENTRO","2025-06-14","","40.72141889"
"ESTACIÓN TRÁFICO CENTRO","2025-06-13","","30.81306578"
"ESTACIÓN TRÁFICO CENTRO","2025-06-12","","45.98609057"
"ESTACIÓN TRÁFICO CENTRO","2025-06-11","","48.87035984"
"ESTACIÓN TRÁFICO CENTRO","2025-06-10","","39.91682559"
"ESTACIÓN TRÁFICO CENTRO","2025-06-09","","40.18049989"
"ESTACIÓN TRÁFICO CENTRO","2025-06-08","","24.79203696"
"ESTACIÓN TRÁFICO CENTRO","2025-06-07","","35.40689252"
"ESTACIÓN TRÁFICO CENTRO","2025-06-06","","34.65921332"
"ESTACIÓN TRÁFICO CENTRO","2025-06-05","","38.01723134"
"ESTACIÓN TRÁFICO CENTRO","2025-06-04","","35.53225397"
"ESTACIÓN TRÁFICO CENTRO","2025-06-03","","33.62769004"
"ESTACIÓN TRÁFICO CENTRO","2025-06-02","","19.86551996"
"ESTACIÓN TRÁFICO CENTRO","2025-06-01","","23.56597846"
"ESTACIÓN TRÁFICO CENTRO","2025-05-31","","40.63039591"
"ESTACIÓN TRÁFICO CENTRO","2025-05-30","","38.08536417"
"ESTACIÓN TRÁFICO CENTRO","2025-05-29","","36.46932299"
"ESTACIÓN TRÁFICO CENTRO","2025-05-28","","35.74799319"
"ESTACIÓN TRÁFICO CENTRO","2025-05-27","","40.2513965"
"ESTACIÓN TRÁFICO CENTRO","2025-05-26","","30.06340765"
"ESTACIÓN TRÁFICO CENTRO","2025-05-25","","20.79850689"
"ESTACIÓN TRÁFICO CENTRO","2025-05-24","","26.84225299"
"ESTACIÓN TRÁFICO CENTRO","2025-05-23","","35.476664"
"ESTACIÓN TRÁFICO CENTRO","2025-05-22","","37.14156593"
"ESTACIÓN TRÁFICO CENTRO","2025-05-21","","32.40108532"
"ESTACIÓN TRÁFICO CENTRO","2025-05-20","","50.86399868"
"ESTACIÓN TRÁFICO CENTRO","2025-05-19","","35.7985687"
"ESTACIÓN TRÁFICO CENTRO","2025-05-18","","26.29179869"
"ESTACIÓN TRÁFICO CENTRO","2025-05-17","","34.69539576"
"ESTACIÓN TRÁFICO CENTRO","2025-05-16","","48.57330021"
"ESTACIÓN TRÁFICO CENTRO","2025-05-15","","38.79663483"
"ESTACIÓN TRÁFICO CENTRO","2025-05-14","","38.22747817"
"ESTACIÓN TRÁFICO CENTRO","2025-05-13","","39.84278683"
"ESTACIÓN TRÁFICO CENTRO","2025-05-12","","29.4367224"
"ESTACIÓN TRÁFICO CENTRO","2025-05-11","","28.21373861"
"ESTACIÓN TRÁFICO CENTRO","2025-05-10","","38.18388373"
"ESTACIÓN TRÁFICO CENTRO","2025-05-09","","42.44637679"
"ESTACIÓN TRÁFICO CENTRO","2025-05-08","","38.30068926"
"ESTACIÓN TRÁFICO CENTRO","2025-05-07","","40.65570598"
"ESTACIÓN TRÁFICO CENTRO","2025-05-06","","56.27452058"
"ESTACIÓN TRÁFICO CENTRO","2025-05-05","","50.39274931"
"ESTACIÓN TRÁFICO CENTRO","2025-05-04","","25.66758485"
"ESTACIÓN TRÁFICO CENTRO","2025-05-03","","38.14111196"
"ESTACIÓN TRÁFICO CENTRO","2025-05-02","","42.02863326"
"ESTACIÓN TRÁFICO CENTRO","2025-05-01","","40.03097431"
"ESTACIÓN TRÁFICO CENTRO","2025-04-30","","53.83579681"
"ESTACIÓN TRÁFICO CENTRO","2025-04-29","","48.03400308"
"ESTACIÓN TRÁFICO CENTRO","2025-04-28","","49.04163493"
"ESTACIÓN TRÁFICO CENTRO","2025-04-27","","33.44858994"
"ESTACIÓN TRÁFICO CENTRO","2025-04-26","","45.23172804"
"ESTACIÓN TRÁFICO CENTRO","2025-04-25","","52.60457975"
"ESTACIÓN TRÁFICO CENTRO","2025-04-24","","42.91698368"
"ESTACIÓN TRÁFICO CENTRO","2025-04-23","","44.69740171"
"ESTACIÓN TRÁFICO CENTRO","2025-04-22","","50.80189775"
"ESTACIÓN TRÁFICO CENTRO","2025-04-21","","41.21607951"
"ESTACIÓN TRÁFICO CENTRO","2025-04-20","","35.13993945"
"ESTACIÓN TRÁFICO CENTRO","2025-04-19","","30.58016166"
"ESTACIÓN TRÁFICO CENTRO","2025-04-18","","16.10007721"
"ESTACIÓN TRÁFICO CENTRO","2025-04-17","","29.24735631"
"ESTACIÓN TRÁFICO CENTRO","2025-04-16","","45.75795624"
"ESTACIÓN TRÁFICO CENTRO","2025-04-15","","42.86747374"
"ESTACIÓN TRÁFICO CENTRO","2025-04-14","","34.86918235"
"ESTACIÓN TRÁFICO CENTRO","2025-04-13","","22.74795581"
"ESTACIÓN TRÁFICO CENTRO","2025-04-12","","38.03704629"
"ESTACIÓN TRÁFICO CENTRO","2025-04-11","","46.05637561"
"ESTACIÓN TRÁFICO CENTRO","2025-04-10","","57.5074818"
"ESTACIÓN TRÁFICO CENTRO","2025-04-09","","44.00462747"
"ESTACIÓN TRÁFICO CENTRO","2025-04-08","","52.45366964"
"ESTACIÓN TRÁFICO CENTRO","2025-04-07","","40.3242268"
"ESTACIÓN TRÁFICO CENTRO","2025-04-06","","43.93826221"
"ESTACIÓN TRÁFICO CENTRO","2025-04-05","","48.50549534"
"ESTACIÓN TRÁFICO CENTRO","2025-04-04","","55.95199691"
"ESTACIÓN TRÁFICO CENTRO","2025-04-03","","61.35395505"
"ESTACIÓN TRÁFICO CENTRO","2025-04-02","","56.00747606"
"ESTACIÓN TRÁFICO CENTRO","2025-04-01","","42.39407471"
"ESTACIÓN TRÁFICO CENTRO","2025-03-31","","61.1321031"
"ESTACIÓN TRÁFICO CENTRO","2025-03-30","","41.62386464"
"ESTACIÓN TRÁFICO CENTRO","2025-03-29","","67.29200577"
"ESTACIÓN TRÁFICO CENTRO","2025-03-28","","64.34744548"
"ESTACIÓN TRÁFICO CENTRO","2025-03-27","","55.36170117"
"ESTACIÓN TRÁFICO CENTRO","2025-03-26","","47.05262622"
"ESTACIÓN TRÁFICO CENTRO","2025-03-25","","56.29385758"
"ESTACIÓN TRÁFICO CENTRO","2025-03-24","","28.0285249"
"ESTACIÓN TRÁFICO CENTRO","2025-03-23","","28.86003174"
"ESTACIÓN TRÁFICO CENTRO","2025-03-22","","34.13700452"
"ESTACIÓN TRÁFICO CENTRO","2025-03-21","","34.25517336"
"ESTACIÓN TRÁFICO CENTRO","2025-03-20","","36.33537427"
"ESTACIÓN TRÁFICO CENTRO","2025-03-19","","34.64037776"
"ESTACIÓN TRÁFICO CENTRO","2025-03-18","","49.38234385"
"ESTACIÓN TRÁFICO CENTRO","2025-03-17","","43.64604671"
"ESTACIÓN TRÁFICO CENTRO","2025-03-16","","33.4985073"
"ESTACIÓN TRÁFICO CENTRO","2025-03-15","","46.79069954"
"ESTACIÓN TRÁFICO CENTRO","2025-03-14","","47.98445397"
"ESTACIÓN TRÁFICO CENTRO","2025-03-13","","47.40268281"
"ESTACIÓN TRÁFICO CENTRO","2025-03-12","","28.05293121"
"ESTACIÓN TRÁFICO CENTRO","2025-03-11","","37.26103165"
"ESTACIÓN TRÁFICO CENTRO","2025-03-10","","46.86247457"
"ESTACIÓN TRÁFICO CENTRO","2025-03-09","","31.2642685"
"ESTACIÓN TRÁFICO CENTRO","2025-03-08","","42.14119217"
"ESTACIÓN TRÁFICO CENTRO","2025-03-07","","41.85782045"
"ESTACIÓN TRÁFICO CENTRO","2025-03-06","","43.91646703"
"ESTACIÓN TRÁFICO CENTRO","2025-03-05","","47.96642543"
"ESTACIÓN TRÁFICO CENTRO","2025-03-04","","58.08520221"
"ESTACIÓN TRÁFICO CENTRO","2025-03-03","","44.04660789"
"ESTACIÓN TRÁFICO CENTRO","2025-03-02","","30.54117582"
"ESTACIÓN TRÁFICO CENTRO","2025-03-01","","52.34662506"
"ESTACIÓN TRÁFICO CENTRO","2025-02-28","","51.74732681"
"ESTACIÓN TRÁFICO CENTRO","2025-02-27","","38.55333959"
"ESTACIÓN TRÁFICO CENTRO","2025-02-26","","36.05330317"
"ESTACIÓN TRÁFICO CENTRO","2025-02-25","","50.29857152"
"ESTACIÓN TRÁFICO CENTRO","2025-02-24","","45.67579645"
"ESTACIÓN TRÁFICO CENTRO","2025-02-23","","25.50927684"
"ESTACIÓN TRÁFICO CENTRO","2025-02-22","","39.87913096"
"ESTACIÓN TRÁFICO CENTRO","2025-02-21","","36.21737467"
"ESTACIÓN TRÁFICO CENTRO","2025-02-20","","37.11622725"
"ESTACIÓN TRÁFICO CENTRO","2025-02-19","","42.7812329"
"ESTACIÓN TRÁFICO CENTRO","2025-02-18","","49.75447932"
"ESTACIÓN TRÁFICO CENTRO","2025-02-17","","48.23749606"
"ESTACIÓN TRÁFICO CENTRO","2025-02-16","","34.22007998"
"ESTACIÓN TRÁFICO CENTRO","2025-02-15","","53.35282308"
"ESTACIÓN TRÁFICO CENTRO","2025-02-14","","52.15742329"
"ESTACIÓN TRÁFICO CENTRO","2025-02-13","","54.19698359"
"ESTACIÓN TRÁFICO CENTRO","2025-02-12","","55.0546518"
"ESTACIÓN TRÁFICO CENTRO","2025-02-11","","49.4604597"
"ESTACIÓN TRÁFICO CENTRO","2025-02-10","","46.193869"
"ESTACIÓN TRÁFICO CENTRO","2025-02-09","","42.39703923"
"ESTACIÓN TRÁFICO CENTRO","2025-02-08","","61.23653055"
"ESTACIÓN TRÁFICO CENTRO","2025-02-07","","45.09022944"
"ESTACIÓN TRÁFICO CENTRO","2025-02-06","","41.28239571"
"ESTACIÓN TRÁFICO CENTRO","2025-02-05","","55.61587151"
"ESTACIÓN TRÁFICO CENTRO","2025-02-04","","45.12078315"
"ESTACIÓN TRÁFICO CENTRO","2025-02-03","","36.4955392"
"ESTACIÓN TRÁFICO CENTRO","2025-02-02","","24.40948866"
"ESTACIÓN TRÁFICO CENTRO","2025-02-01","","36.76606138"
"ESTACIÓN TRÁFICO CENTRO","2025-01-31","","36.01671568"
"ESTACIÓN TRÁFICO CENTRO","2025-01-30","","35.28790099"
"ESTACIÓN TRÁFICO CENTRO","2025-01-29","","34.97457572"
"ESTACIÓN TRÁFICO CENTRO","2025-01-28","","34.69376607"
"ESTACIÓN TRÁFICO CENTRO","2025-01-27","","37.20893988"
"ESTACIÓN TRÁFICO CENTRO","2025-01-26","","31.89340278"
"ESTACIÓN TRÁFICO CENTRO","2025-01-25","","38.74440612"
"ESTACIÓN TRÁFICO CENTRO","2025-01-24","","51.35193052"
"ESTACIÓN TRÁFICO CENTRO","2025-01-23","","59.67549841"
"ESTACIÓN TRÁFICO CENTRO","2025-01-22","","55.59658152"
"ESTACIÓN TRÁFICO CENTRO","2025-01-21","","54.87439894"
"ESTACIÓN TRÁFICO CENTRO","2025-01-20","","42.44047697"
"ESTACIÓN TRÁFICO CENTRO","2025-01-19","","31.20013506"
"ESTACIÓN TRÁFICO CENTRO","2025-01-18","","42.26607569"
"ESTACIÓN TRÁFICO CENTRO","2025-01-17","","34.82453373"
"ESTACIÓN TRÁFICO CENTRO","2025-01-16","","42.58992349"
"ESTACIÓN TRÁFICO CENTRO","2025-01-15","","43.78789387"
"ESTACIÓN TRÁFICO CENTRO","2025-01-14","","39.15646137"
"ESTACIÓN TRÁFICO CENTRO","2025-01-13","","45.86863473"
"ESTACIÓN TRÁFICO CENTRO","2025-01-12","","24.9346983"
"ESTACIÓN TRÁFICO CENTRO","2025-01-11","","35.14018603"
"ESTACIÓN TRÁFICO CENTRO","2025-01-10","","48.4240247"
"ESTACIÓN TRÁFICO CENTRO","2025-01-09","","45.13024522"
"ESTACIÓN TRÁFICO CENTRO","2025-01-08","","35.23289082"
"ESTACIÓN TRÁFICO CENTRO","2025-01-07","","41.04042597"
"ESTACIÓN TRÁFICO CENTRO","2025-01-06","","26.41655057"
"ESTACIÓN TRÁFICO CENTRO","2025-01-05","","31.63599655"
"ESTACIÓN TRÁFICO CENTRO","2025-01-04","","44.38134647"
"ESTACIÓN TRÁFICO CENTRO","2025-01-03","","34.57269197"
"ESTACIÓN TRÁFICO CENTRO","2025-01-02","","34.37762911"
"ESTACIÓN TRÁFICO CENTRO","2025-01-01","","20.00332952"
"ESTACIÓN TRÁFICO CENTRO","2024-12-31","","26.55629739"
"ESTACIÓN TRÁFICO CENTRO","2024-12-30","","43.34794501"
"ESTACIÓN TRÁFICO CENTRO","2024-12-29","","27.949461"
"ESTACIÓN TRÁFICO CENTRO","2024-12-28","","44.0185661"
"ESTACIÓN TRÁFICO CENTRO","2024-12-27","","46.0960404"
"ESTACIÓN TRÁFICO CENTRO","2024-12-26","","43.88849644"
"ESTACIÓN TRÁFICO CENTRO","2024-12-25","","27.35759272"
"ESTACIÓN TRÁFICO CENTRO","2024-12-24","","44.41253013"
"ESTACIÓN TRÁFICO CENTRO","2024-12-23","","42.68788563"
"ESTACIÓN TRÁFICO CENTRO","2024-12-22","","31.18370027"
"ESTACIÓN TRÁFICO CENTRO","2024-12-21","","45.7796281"
"ESTACIÓN TRÁFICO CENTRO","2024-12-20","","58.9487389"
"ESTACIÓN TRÁFICO CENTRO","2024-12-19","","47.42561926"
"ESTACIÓN TRÁFICO CENTRO","2024-12-18","","38.72579777"
"ESTACIÓN TRÁFICO CENTRO","2024-12-17","","43.23504919"
"ESTACIÓN TRÁFICO CENTRO","2024-12-16","","40.01042358"
"ESTACIÓN TRÁFICO CENTRO","2024-12-15","","39.10765659"
"ESTACIÓN TRÁFICO CENTRO","2024-12-14","","41.81191465"
"ESTACIÓN TRÁFICO CENTRO","2024-12-13","","44.85504038"
"ESTACIÓN TRÁFICO CENTRO","2024-12-12","","48.34462526"
"ESTACIÓN TRÁFICO CENTRO","2024-12-11","","46.12517127"
"ESTACIÓN TRÁFICO CENTRO","2024-12-10","","43.79783592"
"ESTACIÓN TRÁFICO CENTRO","2024-12-09","","43.99580516"
"ESTACIÓN TRÁFICO CENTRO","2024-12-08","","34.89299675"
"ESTACIÓN TRÁFICO CENTRO","2024-12-07","","38.11291347"
"ESTACIÓN TRÁFICO CENTRO","2024-12-06","","41.16971927"
"ESTACIÓN TRÁFICO CENTRO","2024-12-05","","35.11440522"
"ESTACIÓN TRÁFICO CENTRO","2024-12-04","","40.84292547"
"ESTACIÓN TRÁFICO CENTRO","2024-12-03","","43.96740295"
"ESTACIÓN TRÁFICO CENTRO","2024-12-02","","51.93883209"
"ESTACIÓN TRÁFICO CENTRO","2024-12-01","","29.32846422"
"ESTACIÓN TRÁFICO CENTRO","2024-11-30","","39.86756603"
"ESTACIÓN TRÁFICO CENTRO","2024-11-29","","38.87504998"
"ESTACIÓN TRÁFICO CENTRO","2024-11-28","","38.77633411"
"ESTACIÓN TRÁFICO CENTRO","2024-11-27","","50.90233108"
"ESTACIÓN TRÁFICO CENTRO","2024-11-26","","39.33769485"
"ESTACIÓN TRÁFICO CENTRO","2024-11-25","","38.60238726"
"ESTACIÓN TRÁFICO CENTRO","2024-11-24","","28.7892652"
"ESTACIÓN TRÁFICO CENTRO","2024-11-23","","44.17435121"
"ESTACIÓN TRÁFICO CENTRO","2024-11-22","","42.90715064"
"ESTACIÓN TRÁFICO CENTRO","2024-11-21","","51.91017917"
"ESTACIÓN TRÁFICO CENTRO","2024-11-20","","83.16931568"
"ESTACIÓN TRÁFICO CENTRO","2024-11-19","","36.11199584"
"ESTACIÓN TRÁFICO CENTRO","2024-11-18","","42.49884056"
"ESTACIÓN TRÁFICO CENTRO","2024-11-17","","24.62819738"
"ESTACIÓN TRÁFICO CENTRO","2024-11-16","","45.32923574"
"ESTACIÓN TRÁFICO CENTRO","2024-11-15","","53.07748232"
"ESTACIÓN TRÁFICO CENTRO","2024-11-14","","37.25730433"
"ESTACIÓN TRÁFICO CENTRO","2024-11-13","","37.22430449"
"ESTACIÓN TRÁFICO CENTRO","2024-11-12","","36.03681814"
"ESTACIÓN TRÁFICO CENTRO","2024-11-11","","28.11019789"
"ESTACIÓN TRÁFICO CENTRO","2024-11-10","","34.42145749"
"ESTACIÓN TRÁFICO CENTRO","2024-11-09","","40.16367012"
"ESTACIÓN TRÁFICO CENTRO","2024-11-08","","50.04974471"
"ESTACIÓN TRÁFICO CENTRO","2024-11-07","","57.62510218"
"ESTACIÓN TRÁFICO CENTRO","2024-11-06","","40.66290643"
"ESTACIÓN TRÁFICO CENTRO","2024-11-05","","44.30316793"
"ESTACIÓN TRÁFICO CENTRO","2024-11-04","","28.14423352"
"ESTACIÓN TRÁFICO CENTRO","2024-11-03","","27.09336765"
"ESTACIÓN TRÁFICO CENTRO","2024-11-02","","34.48221078"
"ESTACIÓN TRÁFICO CENTRO","2024-11-01","","47.36157209"
"ESTACIÓN TRÁFICO CENTRO","2024-10-31","","61.7892124"
"ESTACIÓN TRÁFICO CENTRO","2024-10-30","","66.07991724"
"ESTACIÓN TRÁFICO CENTRO","2024-10-29","","51.8936863"
"ESTACIÓN TRÁFICO CENTRO","2024-10-28","","41.33690444"
"ESTACIÓN TRÁFICO CENTRO","2024-10-27","","29.35321152"
"ESTACIÓN TRÁFICO CENTRO","2024-10-26","","42.40564215"
"ESTACIÓN TRÁFICO CENTRO","2024-10-25","","45.83503786"
"ESTACIÓN TRÁFICO CENTRO","2024-10-24","","47.68125946"
"ESTACIÓN TRÁFICO CENTRO","2024-10-23","","47.78447111"
"ESTACIÓN TRÁFICO CENTRO","2024-10-22","","60.13413328"
"ESTACIÓN TRÁFICO CENTRO","2024-10-21","","65.89346559"
"ESTACIÓN TRÁFICO CENTRO","2024-10-20","","38.53895437"
"ESTACIÓN TRÁFICO CENTRO","2024-10-19","","59.03680532"
"ESTACIÓN TRÁFICO CENTRO","2024-10-18","","50.25873008"
"ESTACIÓN TRÁFICO CENTRO","2024-10-17","","55.51624677"
"ESTACIÓN TRÁFICO CENTRO","2024-10-16","","52.9735662"
"ESTACIÓN TRÁFICO CENTRO","2024-10-15","","49.66088602"
"ESTACIÓN TRÁFICO CENTRO","2024-10-14","","32.66157858"
"ESTACIÓN TRÁFICO CENTRO","2024-10-13","","31.21587115"
"ESTACIÓN TRÁFICO CENTRO","2024-10-12","","39.49753071"
"ESTACIÓN TRÁFICO CENTRO","2024-10-11","","45.17475909"
"ESTACIÓN TRÁFICO CENTRO","2024-10-10","","62.66032323"
"ESTACIÓN TRÁFICO CENTRO","2024-10-09","","53.87959974"
"ESTACIÓN TRÁFICO CENTRO","2024-10-08","","58.72921533"
"ESTACIÓN TRÁFICO CENTRO","2024-10-07","","51.89222114"
"ESTACIÓN TRÁFICO CENTRO","2024-10-06","","45.5972742"
"ESTACIÓN TRÁFICO CENTRO","2024-10-05","","60.54172254"
"ESTACIÓN TRÁFICO CENTRO","2024-10-04","","53.61432707"
"ESTACIÓN TRÁFICO CENTRO","2024-10-03","","43.76789804"
"ESTACIÓN TRÁFICO CENTRO","2024-10-02","","54.83124202"
"ESTACIÓN TRÁFICO CENTRO","2024-10-01","","58.70804491"
"ESTACIÓN TRÁFICO CENTRO","2024-09-30","","87.02001989"
"ESTACIÓN TRÁFICO CENTRO","2024-09-27","","90.82591023"
"ESTACIÓN TRÁFICO CENTRO","2024-09-26","","103.27704181"
"ESTACIÓN TRÁFICO CENTRO","2024-09-24","","44.12958435"
"ESTACIÓN TRÁFICO CENTRO","2024-09-23","","64.9210867"
"ESTACIÓN TRÁFICO CENTRO","2024-09-22","","48.06277052"
"ESTACIÓN TRÁFICO CENTRO","2024-09-21","","55.06318081"
"ESTACIÓN TRÁFICO CENTRO","2024-09-20","","60.301251"
"ESTACIÓN TRÁFICO CENTRO","2024-09-19","","54.52046942"
"ESTACIÓN TRÁFICO CENTRO","2024-09-18","","55.27876785"
"ESTACIÓN TRÁFICO CENTRO","2024-09-17","","59.09999219"
"ESTACIÓN TRÁFICO CENTRO","2024-09-16","","57.28642255"
"ESTACIÓN TRÁFICO CENTRO","2024-09-15","","32.35440029"
"ESTACIÓN TRÁFICO CENTRO","2024-09-14","","59.07080639"
"ESTACIÓN TRÁFICO CENTRO","2024-09-13","","54.88274207"
"ESTACIÓN TRÁFICO CENTRO","2024-09-12","","51.3595525"
"ESTACIÓN TRÁFICO CENTRO","2024-09-11","","48.20116804"
"ESTACIÓN TRÁFICO CENTRO","2024-09-10","","55.77776346"
"ESTACIÓN TRÁFICO CENTRO","2024-09-09","","61.11742426"
"ESTACIÓN TRÁFICO CENTRO","2024-09-08","","37.49499075"
"ESTACIÓN TRÁFICO CENTRO","2024-09-07","","54.21558634"
"ESTACIÓN TRÁFICO CENTRO","2024-09-06","","52.38401882"
"ESTACIÓN TRÁFICO CENTRO","2024-09-05","","52.20593034"
"ESTACIÓN TRÁFICO CENTRO","2024-09-04","","50.18381878"
"ESTACIÓN TRÁFICO CENTRO","2024-09-03","","63.60248618"
"ESTACIÓN TRÁFICO CENTRO","2024-09-02","","68.97999145"
"ESTACIÓN TRÁFICO CENTRO","2024-09-01","","41.56490927"
"ESTACIÓN TRÁFICO CENTRO","2024-08-31","","59.14081002"
"ESTACIÓN TRÁFICO CENTRO","2024-08-30","","53.97472599"
"ESTACIÓN TRÁFICO CENTRO","2024-08-29","","56.80992994"
"ESTACIÓN TRÁFICO CENTRO","2024-08-28","","44.37790164"
"ESTACIÓN TRÁFICO CENTRO","2024-08-27","","47.2987566"
"ESTACIÓN TRÁFICO CENTRO","2024-08-26","","51.52912095"
"ESTACIÓN TRÁFICO CENTRO","2024-08-25","","35.98979976"
"ESTACIÓN TRÁFICO CENTRO","2024-08-24","","50.33982327"
"ESTACIÓN TRÁFICO CENTRO","2024-08-23","","52.4546679"
"ESTACIÓN TRÁFICO CENTRO","2024-08-22","","49.61315778"
"ESTACIÓN TRÁFICO CENTRO","2024-08-21","","33.95891291"
"ESTACIÓN TRÁFICO CENTRO","2024-08-04","","21.64908332"
"ESTACIÓN TRÁFICO CENTRO","2024-08-03","","39.23188979"
"ESTACIÓN TRÁFICO CENTRO","2024-08-02","","35.75215475"
"ESTACIÓN TRÁFICO CENTRO","2024-08-01","","38.52016582"
"ESTACIÓN TRÁFICO CENTRO","2024-07-31","","34.03717116"
"ESTACIÓN TRÁFICO CENTRO","2024-07-30","","35.00961424"
"ESTACIÓN TRÁFICO CENTRO","2024-07-29","","34.54257603"
"ESTACIÓN TRÁFICO CENTRO","2024-07-28","","19.4635999"
"ESTACIÓN TRÁFICO CENTRO","2024-07-27","","35.28562098"
"ESTACIÓN TRÁFICO CENTRO","2024-07-26","","39.48557061"
"ESTACIÓN TRÁFICO CENTRO","2024-07-25","","42.38596326"
"ESTACIÓN TRÁFICO CENTRO","2024-07-24","","34.88825652"
"ESTACIÓN TRÁFICO CENTRO","2024-07-23","","43.84074871"
"ESTACIÓN TRÁFICO CENTRO","2024-07-22","","32.47334445"
"ESTACIÓN TRÁFICO CENTRO","2024-07-21","","22.81321429"
"ESTACIÓN TRÁFICO CENTRO","2024-07-20","","26.17086815"
"ESTACIÓN TRÁFICO CENTRO","2024-07-19","","40.79361141"
"ESTACIÓN TRÁFICO CENTRO","2024-07-18","","42.83657214"
"ESTACIÓN TRÁFICO CENTRO","2024-07-17","","41.06371904"
"ESTACIÓN TRÁFICO CENTRO","2024-07-16","","41.09425951"
"ESTACIÓN TRÁFICO CENTRO","2024-07-15","","32.01800993"
"ESTACIÓN TRÁFICO CENTRO","2024-07-14","","22.40396556"
"ESTACIÓN TRÁFICO CENTRO","2024-07-13","","40.98951559"
"ESTACIÓN TRÁFICO CENTRO","2024-07-12","","45.44657876"
"ESTACIÓN TRÁFICO CENTRO","2024-07-11","","37.7615531"
"ESTACIÓN TRÁFICO CENTRO","2024-07-10","","36.49311972"
"ESTACIÓN TRÁFICO CENTRO","2024-07-09","","48.4588848"
"ESTACIÓN TRÁFICO CENTRO","2024-07-08","","36.56588488"
"ESTACIÓN TRÁFICO CENTRO","2024-07-07","","25.29295497"
"ESTACIÓN TRÁFICO CENTRO","2024-07-06","","38.25659337"
"ESTACIÓN TRÁFICO CENTRO","2024-07-05","","35.20395006"
"ESTACIÓN TRÁFICO CENTRO","2024-07-04","","38.93901339"
"ESTACIÓN TRÁFICO CENTRO","2024-07-03","","55.39633474"
"ESTACIÓN TRÁFICO CENTRO","2024-07-02","","53.405429"
"ESTACIÓN TRÁFICO CENTRO","2024-07-01","","41.80731153"
"ESTACIÓN TRÁFICO CENTRO","2024-06-30","","25.60575861"
"ESTACIÓN TRÁFICO CENTRO","2024-06-29","","42.65717991"
"ESTACIÓN TRÁFICO CENTRO","2024-06-28","","56.4162015"
"ESTACIÓN TRÁFICO CENTRO","2024-06-27","","54.38529888"
"ESTACIÓN TRÁFICO CENTRO","2024-06-26","","55.24246676"
"ESTACIÓN TRÁFICO CENTRO","2024-06-25","","47.84469946"
"ESTACIÓN TRÁFICO CENTRO","2024-06-24","","30.88849483"
"ESTACIÓN TRÁFICO CENTRO","2024-06-23","","33.97139006"
"ESTACIÓN TRÁFICO CENTRO","2024-06-22","","39.16984371"
"ESTACIÓN TRÁFICO CENTRO","2024-06-21","","34.29475624"
"ESTACIÓN TRÁFICO CENTRO","2024-06-20","","43.04722887"
"ESTACIÓN TRÁFICO CENTRO","2024-06-19","","58.79959795"
"ESTACIÓN TRÁFICO CENTRO","2024-06-18","","58.43971821"
"ESTACIÓN TRÁFICO CENTRO","2024-06-17","","37.50338572"
"ESTACIÓN TRÁFICO CENTRO","2024-06-16","","26.92547237"
"ESTACIÓN TRÁFICO CENTRO","2024-06-15","","49.49955609"
"ESTACIÓN TRÁFICO CENTRO","2024-06-14","","53.03245833"
"ESTACIÓN TRÁFICO CENTRO","2024-06-13","","47.4908981"
"ESTACIÓN TRÁFICO CENTRO","2024-06-12","","29.24634872"
"ESTACIÓN TRÁFICO CENTRO","2024-06-11","","36.92146018"
"ESTACIÓN TRÁFICO CENTRO","2024-06-10","","31.05882616"
"ESTACIÓN TRÁFICO CENTRO","2024-06-09","","40.41466122"
"ESTACIÓN TRÁFICO CENTRO","2024-06-08","","32.70830979"
"ESTACIÓN TRÁFICO CENTRO","2024-06-07","","35.79688416"
"ESTACIÓN TRÁFICO CENTRO","2024-06-06","","31.97859125"
"ESTACIÓN TRÁFICO CENTRO","2024-06-05","","28.82860946"
"ESTACIÓN TRÁFICO CENTRO","2024-06-04","","42.61307954"
"ESTACIÓN TRÁFICO CENTRO","2024-06-03","","27.82207287"
"ESTACIÓN TRÁFICO CENTRO","2024-06-02","","22.04866222"
"ESTACIÓN TRÁFICO CENTRO","2024-06-01","","30.16543621"
"ESTACIÓN TRÁFICO CENTRO","2024-04-30","","47.82479969"
"ESTACIÓN TRÁFICO CENTRO","2024-04-29","","43.09555323"
"ESTACIÓN TRÁFICO CENTRO","2024-04-28","","42.49580838"
"ESTACIÓN TRÁFICO CENTRO","2024-04-27","","63.30187613"
"ESTACIÓN TRÁFICO CENTRO","2024-04-26","","67.09730377"
"ESTACIÓN TRÁFICO CENTRO","2024-04-25","","65.32721779"
"ESTACIÓN TRÁFICO CENTRO","2024-04-24","","58.58729561"
"ESTACIÓN TRÁFICO CENTRO","2024-04-23","","74.30959097"
"ESTACIÓN TRÁFICO CENTRO","2024-04-22","","84.72572512"
"ESTACIÓN TRÁFICO CENTRO","2024-04-21","","51.78347515"
"ESTACIÓN TRÁFICO CENTRO","2024-04-20","","62.85984382"
"ESTACIÓN TRÁFICO CENTRO","2024-04-19","","76.36868416"
"ESTACIÓN TRÁFICO CENTRO","2024-04-18","","68.21627225"
"ESTACIÓN TRÁFICO CENTRO","2024-04-17","","67.58389111"
"ESTACIÓN TRÁFICO CENTRO","2024-04-16","","54.89098772"
"ESTACIÓN TRÁFICO CENTRO","2024-04-15","","67.87263631"
"ESTACIÓN TRÁFICO CENTRO","2024-04-14","","41.55289177"
"ESTACIÓN TRÁFICO CENTRO","2024-04-13","","56.42190647"
"ESTACIÓN TRÁFICO CENTRO","2024-04-12","","59.27134399"
"ESTACIÓN TRÁFICO CENTRO","2024-04-11","","58.52901309"
"ESTACIÓN TRÁFICO CENTRO","2024-04-10","","62.78447025"
"ESTACIÓN TRÁFICO CENTRO","2024-04-09","","67.94633301"
"ESTACIÓN TRÁFICO CENTRO","2024-04-08","","49.084449"
"ESTACIÓN TRÁFICO CENTRO","2024-04-07","","22.51298996"
"ESTACIÓN TRÁFICO CENTRO","2024-04-06","","39.15990881"
"ESTACIÓN TRÁFICO CENTRO","2024-04-05","","49.79095166"
"ESTACIÓN TRÁFICO CENTRO","2024-04-04","","46.14615364"
"ESTACIÓN TRÁFICO CENTRO","2024-04-03","","52.08742152"
"ESTACIÓN TRÁFICO CENTRO","2024-03-31","","37.90958503"
"ESTACIÓN TRÁFICO CENTRO","2024-03-30","","31.59845706"
"ESTACIÓN TRÁFICO CENTRO","2024-03-29","","11.15564557"
"ESTACIÓN TRÁFICO CENTRO","2024-03-28","","21.81525654"
"ESTACIÓN TRÁFICO CENTRO","2024-03-27","","49.50961549"
"ESTACIÓN TRÁFICO CENTRO","2024-03-26","","43.30399799"
"ESTACIÓN TRÁFICO CENTRO","2024-03-25","","23.0021131"
"ESTACIÓN TRÁFICO CENTRO","2024-03-24","","28.41477632"
"ESTACIÓN TRÁFICO CENTRO","2024-03-23","","43.51199614"
"ESTACIÓN TRÁFICO CENTRO","2024-03-22","","45.4479452"
"ESTACIÓN TRÁFICO CENTRO","2024-03-21","","43.63161447"
"ESTACIÓN TRÁFICO CENTRO","2024-03-20","","45.21126687"
"ESTACIÓN TRÁFICO CENTRO","2024-03-19","","50.93969555"
"ESTACIÓN TRÁFICO CENTRO","2024-03-18","","38.68823635"
"ESTACIÓN TRÁFICO CENTRO","2024-03-17","","25.54723853"
"ESTACIÓN TRÁFICO CENTRO","2024-03-16","","39.64791744"
"ESTACIÓN TRÁFICO CENTRO","2024-03-15","","36.91095571"
"ESTACIÓN TRÁFICO CENTRO","2024-03-14","","40.5537025"
"ESTACIÓN TRÁFICO CENTRO","2024-03-13","","44.51499574"
"ESTACIÓN TRÁFICO CENTRO","2024-03-12","","32.30544095"
"ESTACIÓN TRÁFICO CENTRO","2024-03-11","","41.68427319"
"ESTACIÓN TRÁFICO CENTRO","2024-03-10","","20.98011959"
"ESTACIÓN TRÁFICO CENTRO","2024-03-09","","50.4927094"
"ESTACIÓN TRÁFICO CENTRO","2024-03-08","","40.90939625"
"ESTACIÓN TRÁFICO CENTRO","2024-03-07","","37.04738814"
"ESTACIÓN TRÁFICO CENTRO","2024-03-06","","41.83776261"
"ESTACIÓN TRÁFICO CENTRO","2024-03-05","","37.52047876"
"ESTACIÓN TRÁFICO CENTRO","2024-03-04","","39.08729319"
"ESTACIÓN TRÁFICO CENTRO","2024-03-03","","31.09900293"
"ESTACIÓN TRÁFICO CENTRO","2024-03-02","","42.29007457"
"ESTACIÓN TRÁFICO CENTRO","2024-03-01","","41.93343009"
"ESTACIÓN TRÁFICO CENTRO","2024-02-29","","37.18303503"
"ESTACIÓN TRÁFICO CENTRO","2024-02-28","","36.94233525"
"ESTACIÓN TRÁFICO CENTRO","2024-02-27","","38.56223446"
"ESTACIÓN TRÁFICO CENTRO","2024-02-26","","47.50548077"
"ESTACIÓN TRÁFICO CENTRO","2024-02-25","","20.89171669"
"ESTACIÓN TRÁFICO CENTRO","2024-02-24","","31.27564506"
"ESTACIÓN TRÁFICO CENTRO","2024-02-23","","31.39099903"
"ESTACIÓN TRÁFICO CENTRO","2024-02-22","","35.20154263"
"ESTACIÓN TRÁFICO CENTRO","2024-02-21","","42.75909877"
"ESTACIÓN TRÁFICO CENTRO","2024-02-20","","43.68784726"
"ESTACIÓN TRÁFICO CENTRO","2024-02-19","","37.58884328"
"ESTACIÓN TRÁFICO CENTRO","2024-02-18","","26.1556412"
"ESTACIÓN TRÁFICO CENTRO","2024-02-17","","36.70129652"
"ESTACIÓN TRÁFICO CENTRO","2024-02-16","","41.48278293"
"ESTACIÓN TRÁFICO CENTRO","2024-02-15","","38.99171462"
"ESTACIÓN TRÁFICO CENTRO","2024-02-14","","38.9926225"
"ESTACIÓN TRÁFICO CENTRO","2024-02-13","","40.7654568"
"ESTACIÓN TRÁFICO CENTRO","2024-02-12","","37.46517869"
"ESTACIÓN TRÁFICO CENTRO","2024-02-11","","23.62432638"
"ESTACIÓN TRÁFICO CENTRO","2024-02-10","","32.70209384"
"ESTACIÓN TRÁFICO CENTRO","2024-02-09","","32.56938568"
"ESTACIÓN TRÁFICO CENTRO","2024-02-08","","30.96962432"
"ESTACIÓN TRÁFICO CENTRO","2024-02-07","","32.88082009"
"ESTACIÓN TRÁFICO CENTRO","2024-02-06","","38.74390773"
"ESTACIÓN TRÁFICO CENTRO","2024-02-05","","44.98296391"
"ESTACIÓN TRÁFICO CENTRO","2024-02-04","","40.86994962"
"ESTACIÓN TRÁFICO CENTRO","2024-02-03","","53.27420243"
"ESTACIÓN TRÁFICO CENTRO","2024-02-02","","42.15846753"
"ESTACIÓN TRÁFICO CENTRO","2024-02-01","","48.91371069"
"ESTACIÓN TRÁFICO CENTRO","2024-01-31","","35.94078791"
"ESTACIÓN TRÁFICO CENTRO","2024-01-30","","41.65409712"
"ESTACIÓN TRÁFICO CENTRO","2024-01-29","","39.53961074"
"ESTACIÓN TRÁFICO CENTRO","2024-01-28","","30.84182235"
"ESTACIÓN TRÁFICO CENTRO","2024-01-27","","47.81197194"
"ESTACIÓN TRÁFICO CENTRO","2024-01-26","","51.220605"
"ESTACIÓN TRÁFICO CENTRO","2024-01-25","","53.91204485"
"ESTACIÓN TRÁFICO CENTRO","2024-01-24","","47.28496057"
"ESTACIÓN TRÁFICO CENTRO","2024-01-23","","50.09574453"
"ESTACIÓN TRÁFICO CENTRO","2024-01-22","","37.17086952"
"ESTACIÓN TRÁFICO CENTRO","2024-01-21","","26.37755376"
"ESTACIÓN TRÁFICO CENTRO","2024-01-20","","43.68590381"
"ESTACIÓN TRÁFICO CENTRO","2024-01-19","","39.08357936"
"ESTACIÓN TRÁFICO CENTRO","2024-01-18","","38.2440964"
"ESTACIÓN TRÁFICO CENTRO","2024-01-17","","42.74467437"
"ESTACIÓN TRÁFICO CENTRO","2024-01-16","","47.17402353"
"ESTACIÓN TRÁFICO CENTRO","2024-01-15","","35.61923915"
"ESTACIÓN TRÁFICO CENTRO","2024-01-14","","22.50687791"
"ESTACIÓN TRÁFICO CENTRO","2024-01-13","","46.29054653"
"ESTACIÓN TRÁFICO CENTRO","2024-01-12","","39.97954549"
"ESTACIÓN TRÁFICO CENTRO","2024-01-11","","39.49940329"
"ESTACIÓN TRÁFICO CENTRO","2024-01-10","","30.40855783"
"ESTACIÓN TRÁFICO CENTRO","2024-01-09","","30.84317939"
"ESTACIÓN TRÁFICO CENTRO","2024-01-08","","13.46179062"
"ESTACIÓN TRÁFICO CENTRO","2024-01-07","","12.51382187"
"ESTACIÓN TRÁFICO CENTRO","2024-01-06","","35.85170629"
"ESTACIÓN TRÁFICO CENTRO","2024-01-05","","27.60951208"
"ESTACIÓN TRÁFICO CENTRO","2024-01-04","","33.75823273"
"ESTACIÓN TRÁFICO CENTRO","2024-01-03","","28.23636113"
"ESTACIÓN TRÁFICO CENTRO","2024-01-02","","12.77914844"
"ESTACIÓN TRÁFICO CENTRO","2024-01-01","","5.99617613"
"ESTACIÓN TRÁFICO CENTRO","2023-12-31","","4.67587469"
"ESTACIÓN TRÁFICO CENTRO","2023-12-30","","16.83944338"
"ESTACIÓN TRÁFICO CENTRO","2023-12-29","","30.37363807"
"ESTACIÓN TRÁFICO CENTRO","2023-12-28","","31.73781594"
"ESTACIÓN TRÁFICO CENTRO","2023-12-27","","28.51636899"
"ESTACIÓN TRÁFICO CENTRO","2023-12-26","","43.19313772"
"ESTACIÓN TRÁFICO CENTRO","2023-12-25","","11.48068949"
"ESTACIÓN TRÁFICO CENTRO","2023-12-24","","12.78570064"
"ESTACIÓN TRÁFICO CENTRO","2023-12-23","","27.30453118"
"ESTACIÓN TRÁFICO CENTRO","2023-12-22","","29.63571438"
"ESTACIÓN TRÁFICO CENTRO","2023-12-21","","39.14416028"
"ESTACIÓN TRÁFICO CENTRO","2023-12-20","","34.80516539"
"ESTACIÓN TRÁFICO CENTRO","2023-12-19","","37.66234091"
"ESTACIÓN TRÁFICO CENTRO","2023-12-18","","31.89348114"
"ESTACIÓN TRÁFICO CENTRO","2023-12-17","","33.68094739"
"ESTACIÓN TRÁFICO CENTRO","2023-12-16","","55.47496524"
"ESTACIÓN TRÁFICO CENTRO","2023-12-15","","46.24712582"
"ESTACIÓN TRÁFICO CENTRO","2023-12-14","","47.53090407"
"ESTACIÓN TRÁFICO CENTRO","2023-12-13","","41.21562507"
"ESTACIÓN TRÁFICO CENTRO","2023-12-12","","37.20800751"
"ESTACIÓN TRÁFICO CENTRO","2023-12-11","","34.61250051"
"ESTACIÓN TRÁFICO CENTRO","2023-12-10","","29.68769155"
"ESTACIÓN TRÁFICO CENTRO","2023-12-09","","43.82001706"
"ESTACIÓN TRÁFICO CENTRO","2023-12-08","","35.66842785"
"ESTACIÓN TRÁFICO CENTRO","2023-12-07","","58.28422657"
"ESTACIÓN TRÁFICO CENTRO","2023-12-06","","49.59862369"
"ESTACIÓN TRÁFICO CENTRO","2023-12-05","","48.54078459"
"ESTACIÓN TRÁFICO CENTRO","2023-12-04","","43.15969912"
"ESTACIÓN TRÁFICO CENTRO","2023-12-03","","33.42439518"
"ESTACIÓN TRÁFICO CENTRO","2023-12-02","","43.09484024"
"ESTACIÓN TRÁFICO CENTRO","2023-12-01","","41.10420225"
"ESTACIÓN TRÁFICO CENTRO","2023-11-30","","42.93400252"
"ESTACIÓN TRÁFICO CENTRO","2023-11-29","","45.87418197"
"ESTACIÓN TRÁFICO CENTRO","2023-11-28","","44.96828878"
"ESTACIÓN TRÁFICO CENTRO","2023-11-27","","43.06086885"
"ESTACIÓN TRÁFICO CENTRO","2023-11-26","","29.12050149"
"ESTACIÓN TRÁFICO CENTRO","2023-11-25","","52.81443482"
"ESTACIÓN TRÁFICO CENTRO","2023-11-24","","52.68984905"
"ESTACIÓN TRÁFICO CENTRO","2023-11-23","","38.68233653"
"ESTACIÓN TRÁFICO CENTRO","2023-11-22","","38.58883255"
"ESTACIÓN TRÁFICO CENTRO","2023-11-21","","43.49839154"
"ESTACIÓN TRÁFICO CENTRO","2023-11-20","","48.20578745"
"ESTACIÓN TRÁFICO CENTRO","2023-11-19","","40.86856973"
"ESTACIÓN TRÁFICO CENTRO","2023-11-18","","54.50652452"
"ESTACIÓN TRÁFICO CENTRO","2023-11-17","","62.350179"
"ESTACIÓN TRÁFICO CENTRO","2023-11-16","","58.65059803"
"ESTACIÓN TRÁFICO CENTRO","2023-11-15","","59.88583926"
"ESTACIÓN TRÁFICO CENTRO","2023-11-14","","51.64888673"
"ESTACIÓN TRÁFICO CENTRO","2023-11-13","","30.0960173"
"ESTACIÓN TRÁFICO CENTRO","2023-11-12","","36.27999585"
"ESTACIÓN TRÁFICO CENTRO","2023-11-11","","47.48584447"
"ESTACIÓN TRÁFICO CENTRO","2023-11-10","","56.69662826"
"ESTACIÓN TRÁFICO CENTRO","2023-11-09","","51.67799409"
"ESTACIÓN TRÁFICO CENTRO","2023-11-08","","66.44667784"
"ESTACIÓN TRÁFICO CENTRO","2023-11-07","","50.12319085"
"ESTACIÓN TRÁFICO CENTRO","2023-11-06","","40.90033318"
"ESTACIÓN TRÁFICO CENTRO","2023-11-05","","39.34302272"
"ESTACIÓN TRÁFICO CENTRO","2023-11-04","","45.54049329"
"ESTACIÓN TRÁFICO CENTRO","2023-11-03","","54.67383505"
"ESTACIÓN TRÁFICO CENTRO","2023-11-02","","61.69411551"
"ESTACIÓN TRÁFICO CENTRO","2023-11-01","","67.83096742"
"ESTACIÓN TRÁFICO CENTRO","2023-10-31","","58.07324552"
"ESTACIÓN TRÁFICO CENTRO","2023-10-30","","53.0601276"
"ESTACIÓN TRÁFICO CENTRO","2023-10-29","","34.17972143"
"ESTACIÓN TRÁFICO CENTRO","2023-10-28","","39.09213528"
"ESTACIÓN TRÁFICO CENTRO","2023-10-27","","54.78366735"
"ESTACIÓN TRÁFICO CENTRO","2023-10-26","","75.20173358"
"ESTACIÓN TRÁFICO CENTRO","2023-10-25","","76.69614394"
"ESTACIÓN TRÁFICO CENTRO","2023-10-24","","65.91857313"
"ESTACIÓN TRÁFICO CENTRO","2023-10-23","","56.89017067"
"ESTACIÓN TRÁFICO CENTRO","2023-10-22","","51.1206214"
"ESTACIÓN TRÁFICO CENTRO","2023-10-21","","66.51127816"
"ESTACIÓN TRÁFICO CENTRO","2023-10-20","","58.3372179"
"ESTACIÓN TRÁFICO CENTRO","2023-10-19","","59.95277444"
"ESTACIÓN TRÁFICO CENTRO","2023-10-18","","58.26904478"
"ESTACIÓN TRÁFICO CENTRO","2023-10-17","","59.22388378"
"ESTACIÓN TRÁFICO CENTRO","2023-10-16","","30.81572523"
"ESTACIÓN TRÁFICO CENTRO","2023-10-15","","30.63627815"
"ESTACIÓN TRÁFICO CENTRO","2023-10-14","","56.16859799"
"ESTACIÓN TRÁFICO CENTRO","2023-10-13","","73.06321608"
"ESTACIÓN TRÁFICO CENTRO","2023-10-12","","61.54128423"
"ESTACIÓN TRÁFICO CENTRO","2023-10-11","","54.63827941"
"ESTACIÓN TRÁFICO CENTRO","2023-10-10","","55.2195674"
"ESTACIÓN TRÁFICO CENTRO","2023-10-09","","59.85511003"
"ESTACIÓN TRÁFICO CENTRO","2023-10-08","","50.95220613"
"ESTACIÓN TRÁFICO CENTRO","2023-10-07","","70.66700245"
"ESTACIÓN TRÁFICO CENTRO","2023-10-06","","85.97305365"
"ESTACIÓN TRÁFICO CENTRO","2023-10-05","","75.34651821"
"ESTACIÓN TRÁFICO CENTRO","2023-10-04","","72.26196053"
"ESTACIÓN TRÁFICO CENTRO","2023-10-03","","78.01129264"
"ESTACIÓN TRÁFICO CENTRO","2023-10-02","","58.64879439"
"ESTACIÓN TRÁFICO CENTRO","2023-09-30","","48.42256161"
"ESTACIÓN TRÁFICO CENTRO","2023-09-29","","55.13428609"
"ESTACIÓN TRÁFICO CENTRO","2023-09-28","","50.50830123"
"ESTACIÓN TRÁFICO CENTRO","2023-09-27","","52.63409611"
"ESTACIÓN TRÁFICO CENTRO","2023-09-26","","51.97176741"
"ESTACIÓN TRÁFICO CENTRO","2023-09-25","","59.87304877"
"ESTACIÓN TRÁFICO CENTRO","2023-09-24","","63.3100779"
"ESTACIÓN TRÁFICO CENTRO","2023-09-23","","79.75385138"
"ESTACIÓN TRÁFICO CENTRO","2023-09-22","","61.63991683"
"ESTACIÓN TRÁFICO CENTRO","2023-09-21","","55.88506956"
"ESTACIÓN TRÁFICO CENTRO","2023-09-20","","55.37999487"
"ESTACIÓN TRÁFICO CENTRO","2023-09-19","","50.10725819"
"ESTACIÓN TRÁFICO CENTRO","2023-09-18","","61.03607132"
"ESTACIÓN TRÁFICO CENTRO","2023-09-16","","52.15839518"
"ESTACIÓN TRÁFICO CENTRO","2023-09-15","","54.68624789"
"ESTACIÓN TRÁFICO CENTRO","2023-09-14","","69.35677404"
"ESTACIÓN TRÁFICO CENTRO","2023-09-13","","58.76879202"
"ESTACIÓN TRÁFICO CENTRO","2023-09-12","","49.78725574"
"ESTACIÓN TRÁFICO CENTRO","2023-09-11","","59.17500625"
"ESTACIÓN TRÁFICO CENTRO","2023-09-10","","43.76676307"
"ESTACIÓN TRÁFICO CENTRO","2023-09-09","","54.45771661"
"ESTACIÓN TRÁFICO CENTRO","2023-09-08","","52.56106449"
"ESTACIÓN TRÁFICO CENTRO","2023-09-07","","61.73560075"
"ESTACIÓN TRÁFICO CENTRO","2023-09-06","","58.32385124"
"ESTACIÓN TRÁFICO CENTRO","2023-09-05","","49.21695384"
"ESTACIÓN TRÁFICO CENTRO","2023-09-04","","61.73552136"
"ESTACIÓN TRÁFICO CENTRO","2023-09-03","","53.10762392"
"ESTACIÓN TRÁFICO CENTRO","2023-09-02","","68.40925054"
"ESTACIÓN TRÁFICO CENTRO","2023-09-01","","61.04772053"
"ESTACIÓN TRÁFICO CENTRO","2023-08-31","","65.40762626"
"ESTACIÓN TRÁFICO CENTRO","2023-08-30","","48.77300101"
"ESTACIÓN TRÁFICO CENTRO","2023-08-29","","51.40461367"
"ESTACIÓN TRÁFICO CENTRO","2023-08-28","","56.10923994"
"ESTACIÓN TRÁFICO CENTRO","2023-08-27","","42.52345841"
"ESTACIÓN TRÁFICO CENTRO","2023-08-26","","49.84271811"
"ESTACIÓN TRÁFICO CENTRO","2023-08-25","","52.82447199"
"ESTACIÓN TRÁFICO CENTRO","2023-08-24","","45.73360478"
"ESTACIÓN TRÁFICO CENTRO","2023-08-23","","50.63099092"
"ESTACIÓN TRÁFICO CENTRO","2023-08-22","","66.1793165"
"ESTACIÓN TRÁFICO CENTRO","2023-08-21","","39.9358962"
"ESTACIÓN TRÁFICO CENTRO","2023-08-20","","45.29042227"
"ESTACIÓN TRÁFICO CENTRO","2023-08-19","","50.0630722"
"ESTACIÓN TRÁFICO CENTRO","2023-08-18","","65.20008356"
"ESTACIÓN TRÁFICO CENTRO","2023-08-17","","39.71710521"
"ESTACIÓN TRÁFICO CENTRO","2023-08-16","","44.06132845"
"ESTACIÓN TRÁFICO CENTRO","2023-08-15","","56.31586937"
"ESTACIÓN TRÁFICO CENTRO","2023-08-14","","34.57327988"
"ESTACIÓN TRÁFICO CENTRO","2023-08-13","","30.70766366"
"ESTACIÓN TRÁFICO CENTRO","2023-08-12","","35.3837931"
"ESTACIÓN TRÁFICO CENTRO","2023-08-11","","40.0780132"
"ESTACIÓN TRÁFICO CENTRO","2023-08-10","","44.25089377"
"ESTACIÓN TRÁFICO CENTRO","2023-08-09","","51.0216464"
"ESTACIÓN TRÁFICO CENTRO","2023-08-08","","44.05013368"
"ESTACIÓN TRÁFICO CENTRO","2023-08-07","","26.41066485"
"ESTACIÓN TRÁFICO CENTRO","2023-08-06","","31.33163185"
"ESTACIÓN TRÁFICO CENTRO","2023-08-05","","42.29168314"
"ESTACIÓN TRÁFICO CENTRO","2023-08-04","","45.56464847"
"ESTACIÓN TRÁFICO CENTRO","2023-08-03","","40.37763861"
"ESTACIÓN TRÁFICO CENTRO","2023-08-02","","42.5265141"
"ESTACIÓN TRÁFICO CENTRO","2023-08-01","","41.05716321"
"ESTACIÓN TRÁFICO CENTRO","2023-07-31","","39.3823759"
"ESTACIÓN TRÁFICO CENTRO","2023-07-30","","25.18528187"
"ESTACIÓN TRÁFICO CENTRO","2023-07-29","","41.78451534"
"ESTACIÓN TRÁFICO CENTRO","2023-07-28","","42.15263924"
"ESTACIÓN TRÁFICO CENTRO","2023-07-27","","47.18240315"
"ESTACIÓN TRÁFICO CENTRO","2023-07-26","","47.92164005"
"ESTACIÓN TRÁFICO CENTRO","2023-07-25","","38.92537178"
"ESTACIÓN TRÁFICO CENTRO","2023-07-24","","32.66781532"
"ESTACIÓN TRÁFICO CENTRO","2023-07-23","","24.36301802"
"ESTACIÓN TRÁFICO CENTRO","2023-07-22","","37.16403698"
"ESTACIÓN TRÁFICO CENTRO","2023-07-21","","33.03546128"
"ESTACIÓN TRÁFICO CENTRO","2023-07-20","","25.55461067"
"ESTACIÓN TRÁFICO CENTRO","2023-07-19","","33.51976902"
"ESTACIÓN TRÁFICO CENTRO","2023-07-18","","30.91125066"
"ESTACIÓN TRÁFICO CENTRO","2023-07-17","","36.2137103"
"ESTACIÓN TRÁFICO CENTRO","2023-07-16","","20.48958493"
"ESTACIÓN TRÁFICO CENTRO","2023-07-15","","31.35718485"
"ESTACIÓN TRÁFICO CENTRO","2023-07-14","","36.17412027"
"ESTACIÓN TRÁFICO CENTRO","2023-07-13","","35.2130226"
"ESTACIÓN TRÁFICO CENTRO","2023-07-12","","33.69091363"
"ESTACIÓN TRÁFICO CENTRO","2023-07-11","","38.92913405"
"ESTACIÓN TRÁFICO CENTRO","2023-07-10","","35.54127216"
"ESTACIÓN TRÁFICO CENTRO","2023-07-09","","23.1861646"
"ESTACIÓN TRÁFICO CENTRO","2023-07-08","","38.96850538"
"ESTACIÓN TRÁFICO CENTRO","2023-07-07","","52.00219447"
"ESTACIÓN TRÁFICO CENTRO","2023-07-06","","44.21463924"
"ESTACIÓN TRÁFICO CENTRO","2023-07-05","","41.48374971"
"ESTACIÓN TRÁFICO CENTRO","2023-07-04","","44.8456226"
"ESTACIÓN TRÁFICO CENTRO","2023-07-03","","33.04986218"
"ESTACIÓN TRÁFICO CENTRO","2023-07-02","","34.25710079"
"ESTACIÓN TRÁFICO CENTRO","2023-07-01","","41.2156094"
"ESTACIÓN TRÁFICO CENTRO","2023-06-30","","39.74950824"
"ESTACIÓN TRÁFICO CENTRO","2023-06-29","","33.16537492"
"ESTACIÓN TRÁFICO CENTRO","2023-06-28","","36.12577933"
"ESTACIÓN TRÁFICO CENTRO","2023-06-27","","33.61802378"
"ESTACIÓN TRÁFICO CENTRO","2023-06-26","","46.53948303"
"ESTACIÓN TRÁFICO CENTRO","2023-06-25","","40.65121647"
"ESTACIÓN TRÁFICO CENTRO","2023-06-24","","45.38662778"
"ESTACIÓN TRÁFICO CENTRO","2023-06-23","","36.75752113"
"ESTACIÓN TRÁFICO CENTRO","2023-06-22","","41.22283335"
"ESTACIÓN TRÁFICO CENTRO","2023-06-21","","36.64471149"
"ESTACIÓN TRÁFICO CENTRO","2023-06-20","","39.36083815"
"ESTACIÓN TRÁFICO CENTRO","2023-06-19","","27.21199092"
"ESTACIÓN TRÁFICO CENTRO","2023-06-18","","23.91890229"
"ESTACIÓN TRÁFICO CENTRO","2023-06-17","","40.48063088"
"ESTACIÓN TRÁFICO CENTRO","2023-06-16","","41.14893278"
"ESTACIÓN TRÁFICO CENTRO","2023-06-15","","37.78540668"
"ESTACIÓN TRÁFICO CENTRO","2023-06-14","","40.46836896"
"ESTACIÓN TRÁFICO CENTRO","2023-06-13","","38.60511387"
"ESTACIÓN TRÁFICO CENTRO","2023-06-12","","29.77887633"
"ESTACIÓN TRÁFICO CENTRO","2023-06-11","","25.97993857"
"ESTACIÓN TRÁFICO CENTRO","2023-06-10","","34.71153605"
"ESTACIÓN TRÁFICO CENTRO","2023-06-09","","46.80414456"
"ESTACIÓN TRÁFICO CENTRO","2023-06-08","","50.80023671"
"ESTACIÓN TRÁFICO CENTRO","2023-06-07","","39.41064739"
"ESTACIÓN TRÁFICO CENTRO","2023-06-06","","42.45117187"
"ESTACIÓN TRÁFICO CENTRO","2023-06-05","","37.39376184"
"ESTACIÓN TRÁFICO CENTRO","2023-06-04","","32.19589213"
"ESTACIÓN TRÁFICO CENTRO","2023-06-03","","53.66563908"
"ESTACIÓN TRÁFICO CENTRO","2023-06-02","","46.09757979"
"ESTACIÓN TRÁFICO CENTRO","2023-05-31","","46.35096983"
"ESTACIÓN TRÁFICO CENTRO","2023-05-30","","45.99886927"
"ESTACIÓN TRÁFICO CENTRO","2023-05-29","","51.07349333"
"ESTACIÓN TRÁFICO CENTRO","2023-05-28","","31.20074942"
"ESTACIÓN TRÁFICO CENTRO","2023-05-27","","52.75898589"
"ESTACIÓN TRÁFICO CENTRO","2023-05-26","","71.77682738"
"ESTACIÓN TRÁFICO CENTRO","2023-05-25","","57.03801883"
"ESTACIÓN TRÁFICO CENTRO","2023-05-24","","43.02810877"
"ESTACIÓN TRÁFICO CENTRO","2023-05-23","","50.6666014"
"ESTACIÓN TRÁFICO CENTRO","2023-05-22","","26.5730236"
"ESTACIÓN TRÁFICO CENTRO","2023-05-21","","34.85003695"
"ESTACIÓN TRÁFICO CENTRO","2023-05-20","","54.94771848"
"ESTACIÓN TRÁFICO CENTRO","2023-05-19","","40.71274204"
"ESTACIÓN TRÁFICO CENTRO","2023-05-18","","43.67010044"
"ESTACIÓN TRÁFICO CENTRO","2023-05-17","","54.14580478"
"ESTACIÓN TRÁFICO CENTRO","2023-05-16","","43.94496326"
"ESTACIÓN TRÁFICO CENTRO","2023-05-15","","35.02114607"
"ESTACIÓN TRÁFICO CENTRO","2023-05-14","","25.52925561"
"ESTACIÓN TRÁFICO CENTRO","2023-05-13","","40.45475157"
"ESTACIÓN TRÁFICO CENTRO","2023-05-12","","46.11859763"
"ESTACIÓN TRÁFICO CENTRO","2023-05-11","","42.36957723"
"ESTACIÓN TRÁFICO CENTRO","2023-05-10","","48.46662034"
"ESTACIÓN TRÁFICO CENTRO","2023-05-09","","50.74823419"
"ESTACIÓN TRÁFICO CENTRO","2023-05-08","","41.4664655"
"ESTACIÓN TRÁFICO CENTRO","2023-05-07","","31.181765"
"ESTACIÓN TRÁFICO CENTRO","2023-05-06","","45.28362768"
"ESTACIÓN TRÁFICO CENTRO","2023-05-05","","44.46569905"
"ESTACIÓN TRÁFICO CENTRO","2023-05-04","","42.64989327"
"ESTACIÓN TRÁFICO CENTRO","2023-05-03","","47.40171167"
"ESTACIÓN TRÁFICO CENTRO","2023-05-02","","34.0080781"
"ESTACIÓN TRÁFICO CENTRO","2023-05-01","","23.80711121"
"ESTACIÓN TRÁFICO CENTRO","2023-04-30","","30.0756212"
"ESTACIÓN TRÁFICO CENTRO","2023-04-29","","48.76735974"
"ESTACIÓN TRÁFICO CENTRO","2023-04-28","","45.3156732"
"ESTACIÓN TRÁFICO CENTRO","2023-04-27","","45.69311303"
"ESTACIÓN TRÁFICO CENTRO","2023-04-26","","48.64754553"
"ESTACIÓN TRÁFICO CENTRO","2023-04-25","","39.59984916"
"ESTACIÓN TRÁFICO CENTRO","2023-04-24","","37.48066806"
"ESTACIÓN TRÁFICO CENTRO","2023-04-23","","28.59877064"
"ESTACIÓN TRÁFICO CENTRO","2023-04-22","","45.25810409"
"ESTACIÓN TRÁFICO CENTRO","2023-04-21","","51.68165921"
"ESTACIÓN TRÁFICO CENTRO","2023-04-20","","50.39815239"
"ESTACIÓN TRÁFICO CENTRO","2023-04-19","","39.9625176"
"ESTACIÓN TRÁFICO CENTRO","2023-04-18","","40.43954128"
"ESTACIÓN TRÁFICO CENTRO","2023-04-17","","52.91925043"
"ESTACIÓN TRÁFICO CENTRO","2023-04-16","","39.47463533"
"ESTACIÓN TRÁFICO CENTRO","2023-04-15","","52.93954555"
"ESTACIÓN TRÁFICO CENTRO","2023-04-14","","48.98603372"
"ESTACIÓN TRÁFICO CENTRO","2023-04-13","","44.26253871"
"ESTACIÓN TRÁFICO CENTRO","2023-04-12","","42.8583134"
"ESTACIÓN TRÁFICO CENTRO","2023-04-11","","41.17246725"
"ESTACIÓN TRÁFICO CENTRO","2023-04-10","","41.02249165"
"ESTACIÓN TRÁFICO CENTRO","2023-04-09","","23.88606542"
"ESTACIÓN TRÁFICO CENTRO","2023-04-08","","29.83680763"
"ESTACIÓN TRÁFICO CENTRO","2023-04-07","","17.62917187"
"ESTACIÓN TRÁFICO CENTRO","2023-04-06","","26.94590079"
"ESTACIÓN TRÁFICO CENTRO","2023-04-05","","49.84842205"
"ESTACIÓN TRÁFICO CENTRO","2023-04-04","","55.70043565"
"ESTACIÓN TRÁFICO CENTRO","2023-04-03","","40.20569755"
"ESTACIÓN TRÁFICO CENTRO","2023-04-02","","36.88362691"
"ESTACIÓN TRÁFICO CENTRO","2023-04-01","","46.81896072"
"ESTACIÓN TRÁFICO CENTRO","2023-03-31","","54.83228136"
"ESTACIÓN TRÁFICO CENTRO","2023-03-30","","48.67121064"
"ESTACIÓN TRÁFICO CENTRO","2023-03-29","","53.78086976"
"ESTACIÓN TRÁFICO CENTRO","2023-03-28","","54.1408295"
"ESTACIÓN TRÁFICO CENTRO","2023-03-27","","52.43491158"
"ESTACIÓN TRÁFICO CENTRO","2023-03-26","","34.36443034"
"ESTACIÓN TRÁFICO CENTRO","2023-03-25","","51.68115946"
"ESTACIÓN TRÁFICO CENTRO","2023-03-24","","59.30215206"
"ESTACIÓN TRÁFICO CENTRO","2023-03-23","","51.93466587"
"ESTACIÓN TRÁFICO CENTRO","2023-03-22","","53.06214122"
"ESTACIÓN TRÁFICO CENTRO","2023-03-21","","48.34134235"
"ESTACIÓN TRÁFICO CENTRO","2023-03-20","","28.12737241"
"ESTACIÓN TRÁFICO CENTRO","2023-03-19","","30.59973528"
"ESTACIÓN TRÁFICO CENTRO","2023-03-18","","42.32856837"
"ESTACIÓN TRÁFICO CENTRO","2023-03-17","","35.97137946"
"ESTACIÓN TRÁFICO CENTRO","2023-03-16","","52.43605479"
"ESTACIÓN TRÁFICO CENTRO","2023-03-15","","55.32842292"
"ESTACIÓN TRÁFICO CENTRO","2023-03-14","","50.6380858"
"ESTACIÓN TRÁFICO CENTRO","2023-03-13","","64.27171933"
"ESTACIÓN TRÁFICO CENTRO","2023-03-12","","45.33061894"
"ESTACIÓN TRÁFICO CENTRO","2023-03-11","","47.33604537"
"ESTACIÓN TRÁFICO CENTRO","2023-03-10","","49.2832957"
"ESTACIÓN TRÁFICO CENTRO","2023-03-09","","60.33171077"
"ESTACIÓN TRÁFICO CENTRO","2023-03-08","","66.65358691"
"ESTACIÓN TRÁFICO CENTRO","2023-03-07","","56.03588834"
"ESTACIÓN TRÁFICO CENTRO","2023-03-06","","61.69739058"
"ESTACIÓN TRÁFICO CENTRO","2023-03-05","","44.51946416"
"ESTACIÓN TRÁFICO CENTRO","2023-03-04","","49.26001375"
"ESTACIÓN TRÁFICO CENTRO","2023-03-03","","53.23881859"
"ESTACIÓN TRÁFICO CENTRO","2023-03-02","","49.37497103"
"ESTACIÓN TRÁFICO CENTRO","2023-03-01","","43.31665488"
"ESTACIÓN TRÁFICO CENTRO","2023-02-28","","46.55905509"
"ESTACIÓN TRÁFICO CENTRO","2023-02-27","","50.21421893"
"ESTACIÓN TRÁFICO CENTRO","2023-02-26","","57.70201143"
"ESTACIÓN TRÁFICO CENTRO","2023-02-25","","43.18120645"
"ESTACIÓN TRÁFICO CENTRO","2023-02-24","","44.84034959"
"ESTACIÓN TRÁFICO CENTRO","2023-02-23","","48.58056334"
"ESTACIÓN TRÁFICO CENTRO","2023-02-22","","45.58870261"
"ESTACIÓN TRÁFICO CENTRO","2023-02-21","","49.13923665"
"ESTACIÓN TRÁFICO CENTRO","2023-02-20","","49.11669417"
"ESTACIÓN TRÁFICO CENTRO","2023-02-19","","33.69630477"
"ESTACIÓN TRÁFICO CENTRO","2023-02-18","","36.32782125"
"ESTACIÓN TRÁFICO CENTRO","2023-02-17","","37.63031106"
"ESTACIÓN TRÁFICO CENTRO","2023-02-16","","49.18416813"
"ESTACIÓN TRÁFICO CENTRO","2023-02-15","","46.59377361"
"ESTACIÓN TRÁFICO CENTRO","2023-02-14","","38.45216193"
"ESTACIÓN TRÁFICO CENTRO","2023-02-13","","41.83657374"
"ESTACIÓN TRÁFICO CENTRO","2023-02-12","","35.33993644"
"ESTACIÓN TRÁFICO CENTRO","2023-02-11","","44.14482245"
"ESTACIÓN TRÁFICO CENTRO","2023-02-10","","44.63691146"
"ESTACIÓN TRÁFICO CENTRO","2023-02-09","","47.17447012"
"ESTACIÓN TRÁFICO CENTRO","2023-02-08","","45.89409521"
"ESTACIÓN TRÁFICO CENTRO","2023-02-07","","42.73886939"
"ESTACIÓN TRÁFICO CENTRO","2023-02-06","","45.86307338"
"ESTACIÓN TRÁFICO CENTRO","2023-02-05","","27.36036012"
"ESTACIÓN TRÁFICO CENTRO","2023-02-04","","49.19062701"
"ESTACIÓN TRÁFICO CENTRO","2023-02-03","","55.74339231"
"ESTACIÓN TRÁFICO CENTRO","2023-02-02","","44.90282384"
"ESTACIÓN TRÁFICO CENTRO","2023-02-01","","42.52558799"
"ESTACIÓN TRÁFICO CENTRO","2022-10-31","","40.20795405"
"ESTACIÓN TRÁFICO CENTRO","2022-10-30","","27.03133723"
"ESTACIÓN TRÁFICO CENTRO","2022-10-29","","36.81627647"
"ESTACIÓN TRÁFICO CENTRO","2022-10-28","","42.87046675"
"ESTACIÓN TRÁFICO CENTRO","2022-10-27","","45.1154788"
"ESTACIÓN TRÁFICO CENTRO","2022-10-26","","42.35170091"
"ESTACIÓN TRÁFICO CENTRO","2022-10-25","","45.46757994"
"ESTACIÓN TRÁFICO CENTRO","2022-10-24","","53.17626715"
"ESTACIÓN TRÁFICO CENTRO","2022-10-23","","37.39562659"
"ESTACIÓN TRÁFICO CENTRO","2022-10-22","","39.7329125"
"ESTACIÓN TRÁFICO CENTRO","2022-10-21","","49.76253379"
"ESTACIÓN TRÁFICO CENTRO","2022-10-20","","58.38980032"
"ESTACIÓN TRÁFICO CENTRO","2022-10-19","","54.02401068"
"ESTACIÓN TRÁFICO CENTRO","2022-10-18","","42.03733021"
"ESTACIÓN TRÁFICO CENTRO","2022-10-17","","29.8218283"
"ESTACIÓN TRÁFICO CENTRO","2022-10-16","","27.61843625"
"ESTACIÓN TRÁFICO CENTRO","2022-10-15","","41.87021556"
"ESTACIÓN TRÁFICO CENTRO","2022-10-14","","43.81312218"
"ESTACIÓN TRÁFICO CENTRO","2022-10-13","","55.93247969"
"ESTACIÓN TRÁFICO CENTRO","2022-10-12","","49.91616354"
"ESTACIÓN TRÁFICO CENTRO","2022-10-11","","40.42609081"
"ESTACIÓN TRÁFICO CENTRO","2022-10-10","","45.0599992"
"ESTACIÓN TRÁFICO CENTRO","2022-10-09","","36.66567036"
"ESTACIÓN TRÁFICO CENTRO","2022-10-08","","41.85876849"
"ESTACIÓN TRÁFICO CENTRO","2022-10-07","","52.68204529"
"ESTACIÓN TRÁFICO CENTRO","2022-10-06","","51.54109359"
"ESTACIÓN TRÁFICO CENTRO","2022-10-05","","50.08571775"
"ESTACIÓN TRÁFICO CENTRO","2022-10-04","","37.5127616"
"ESTACIÓN TRÁFICO CENTRO","2022-10-03","","33.66410978"
"ESTACIÓN TRÁFICO CENTRO","2022-10-02","","25.94577758"
"ESTACIÓN TRÁFICO CENTRO","2022-10-01","","56.59343228"
"ESTACIÓN TRÁFICO CENTRO","2022-09-30","","53.49647164"
"ESTACIÓN TRÁFICO CENTRO","2022-09-29","","59.15390075"
"ESTACIÓN TRÁFICO CENTRO","2022-09-28","","43.74439277"
"ESTACIÓN TRÁFICO CENTRO","2022-09-27","","45.04761124"
"ESTACIÓN TRÁFICO CENTRO","2022-09-26","","46.77936217"
"ESTACIÓN TRÁFICO CENTRO","2022-09-25","","46.25596244"
"ESTACIÓN TRÁFICO CENTRO","2022-09-24","","59.68404649"
"ESTACIÓN TRÁFICO CENTRO","2022-09-23","","65.82384297"
"ESTACIÓN TRÁFICO CENTRO","2022-09-22","","61.24765638"
"ESTACIÓN TRÁFICO CENTRO","2022-09-21","","48.97563996"
"ESTACIÓN TRÁFICO CENTRO","2022-09-20","","55.47181554"
"ESTACIÓN TRÁFICO CENTRO","2022-09-19","","42.74516574"
"ESTACIÓN TRÁFICO CENTRO","2022-09-18","","28.13116103"
"ESTACIÓN TRÁFICO CENTRO","2022-09-17","","44.74024063"
"ESTACIÓN TRÁFICO CENTRO","2022-09-16","","48.78942336"
"ESTACIÓN TRÁFICO CENTRO","2022-09-15","","43.27453805"
"ESTACIÓN TRÁFICO CENTRO","2022-09-14","","49.45932361"
"ESTACIÓN TRÁFICO CENTRO","2022-09-13","","45.44079177"
"ESTACIÓN TRÁFICO CENTRO","2022-09-12","","39.53864926"
"ESTACIÓN TRÁFICO CENTRO","2022-09-11","","26.01286946"
"ESTACIÓN TRÁFICO CENTRO","2022-09-10","","32.51238279"
"ESTACIÓN TRÁFICO CENTRO","2022-09-09","","46.99582801"
"ESTACIÓN TRÁFICO CENTRO","2022-09-08","","48.08554061"
"ESTACIÓN TRÁFICO CENTRO","2022-09-07","","40.92472046"
"ESTACIÓN TRÁFICO CENTRO","2022-09-06","","38.00781827"
"ESTACIÓN TRÁFICO CENTRO","2022-09-05","","35.63237859"
"ESTACIÓN TRÁFICO CENTRO","2022-09-04","","28.52061561"
"ESTACIÓN TRÁFICO CENTRO","2022-09-03","","38.59930807"
"ESTACIÓN TRÁFICO CENTRO","2022-09-02","","34.42040111"
"ESTACIÓN TRÁFICO CENTRO","2022-08-31","","35.87961659"
"ESTACIÓN TRÁFICO CENTRO","2022-08-30","","35.34193178"
"ESTACIÓN TRÁFICO CENTRO","2022-08-29","","37.78561823"
"ESTACIÓN TRÁFICO CENTRO","2022-08-28","","28.83996607"
"ESTACIÓN TRÁFICO CENTRO","2022-08-27","","46.32654094"
"ESTACIÓN TRÁFICO CENTRO","2022-08-26","","41.17554075"
"ESTACIÓN TRÁFICO CENTRO","2022-08-25","","35.79100001"
"ESTACIÓN TRÁFICO CENTRO","2022-08-24","","36.92094545"
"ESTACIÓN TRÁFICO CENTRO","2022-08-23","","55.47528277"
"ESTACIÓN TRÁFICO CENTRO","2022-08-22","","101.07600385"
"ESTACIÓN TRÁFICO CENTRO","2022-08-21","","78.08502458"
"ESTACIÓN TRÁFICO CENTRO","2022-08-20","","58.94881986"
"ESTACIÓN TRÁFICO CENTRO","2022-08-19","","65.42269416"
"ESTACIÓN TRÁFICO CENTRO","2022-08-18","","69.45251638"
"ESTACIÓN TRÁFICO CENTRO","2022-08-17","","67.29855815"
"ESTACIÓN TRÁFICO CENTRO","2022-08-16","","38.76219177"
"ESTACIÓN TRÁFICO CENTRO","2022-08-15","","34.6517073"
"ESTACIÓN TRÁFICO CENTRO","2022-08-14","","31.7564454"
"ESTACIÓN TRÁFICO CENTRO","2022-08-13","","49.43336596"
"ESTACIÓN TRÁFICO CENTRO","2022-08-12","","54.77479803"
"ESTACIÓN TRÁFICO CENTRO","2022-08-11","","48.83283759"
"ESTACIÓN TRÁFICO CENTRO","2022-08-10","","44.63107432"
"ESTACIÓN TRÁFICO CENTRO","2022-08-09","","47.57691844"
"ESTACIÓN TRÁFICO CENTRO","2022-08-08","","41.41880464"
"ESTACIÓN TRÁFICO CENTRO","2022-08-07","","29.16558461"
"ESTACIÓN TRÁFICO CENTRO","2022-08-06","","54.96924148"
"ESTACIÓN TRÁFICO CENTRO","2022-08-05","","63.70929301"
"ESTACIÓN TRÁFICO CENTRO","2022-08-04","","44.35092281"
"ESTACIÓN TRÁFICO CENTRO","2022-08-03","","49.91950983"
"ESTACIÓN TRÁFICO CENTRO","2022-08-02","","64.97248201"
"ESTACIÓN TRÁFICO CENTRO","2022-08-01","","48.28985797"
"ESTACIÓN TRÁFICO CENTRO","2022-07-31","","38.58560075"
"ESTACIÓN TRÁFICO CENTRO","2022-07-30","","40.73485607"
"ESTACIÓN TRÁFICO CENTRO","2022-07-29","","43.09117342"
"ESTACIÓN TRÁFICO CENTRO","2022-07-28","","63.11373993"
"ESTACIÓN TRÁFICO CENTRO","2022-07-27","","57.88921413"
"ESTACIÓN TRÁFICO CENTRO","2022-07-26","","36.07877505"
"ESTACIÓN TRÁFICO CENTRO","2022-07-25","","52.09373184"
"ESTACIÓN TRÁFICO CENTRO","2022-07-24","","36.70949986"
"ESTACIÓN TRÁFICO CENTRO","2022-07-23","","53.47477627"
"ESTACIÓN TRÁFICO CENTRO","2022-07-22","","40.92218995"
"ESTACIÓN TRÁFICO CENTRO","2022-07-21","","40.3805611"
"ESTACIÓN TRÁFICO CENTRO","2022-07-20","","31.5115518"
"ESTACIÓN TRÁFICO CENTRO","2022-07-19","","37.93645939"
"ESTACIÓN TRÁFICO CENTRO","2022-07-18","","36.1605734"
"ESTACIÓN TRÁFICO CENTRO","2022-07-17","","31.71770871"
"ESTACIÓN TRÁFICO CENTRO","2022-07-16","","42.67216844"
"ESTACIÓN TRÁFICO CENTRO","2022-07-15","","45.83527291"
"ESTACIÓN TRÁFICO CENTRO","2022-07-14","","38.5779026"
"ESTACIÓN TRÁFICO CENTRO","2022-07-13","","39.44677669"
"ESTACIÓN TRÁFICO CENTRO","2022-07-12","","40.8671124"
"ESTACIÓN TRÁFICO CENTRO","2022-07-11","","52.55720096"
"ESTACIÓN TRÁFICO CENTRO","2022-07-10","","27.16357006"
"ESTACIÓN TRÁFICO CENTRO","2022-07-09","","41.72805567"
"ESTACIÓN TRÁFICO CENTRO","2022-07-08","","44.36609155"
"ESTACIÓN TRÁFICO CENTRO","2022-07-07","","41.96049931"
"ESTACIÓN TRÁFICO CENTRO","2022-07-06","","39.53253789"
"ESTACIÓN TRÁFICO CENTRO","2022-07-05","","33.05328089"
"ESTACIÓN TRÁFICO CENTRO","2022-07-04","","25.93983074"
"ESTACIÓN TRÁFICO CENTRO","2022-07-03","","28.37775056"
"ESTACIÓN TRÁFICO CENTRO","2022-07-02","","43.86098675"
"ESTACIÓN TRÁFICO CENTRO","2022-07-01","","58.35581057"
"ESTACIÓN TRÁFICO CENTRO","2022-06-30","","48.9965232"
"ESTACIÓN TRÁFICO CENTRO","2022-06-29","","43.46473488"
"ESTACIÓN TRÁFICO CENTRO","2022-06-28","","48.78350857"
"ESTACIÓN TRÁFICO CENTRO","2022-06-27","","32.58601697"
"ESTACIÓN TRÁFICO CENTRO","2022-06-26","","38.42345729"
"ESTACIÓN TRÁFICO CENTRO","2022-06-25","","47.32951874"
"ESTACIÓN TRÁFICO CENTRO","2022-06-24","","45.29845167"
"ESTACIÓN TRÁFICO CENTRO","2022-06-23","","53.1744024"
"ESTACIÓN TRÁFICO CENTRO","2022-06-22","","54.74905976"
"ESTACIÓN TRÁFICO CENTRO","2022-06-21","","46.86104299"
"ESTACIÓN TRÁFICO CENTRO","2022-06-20","","34.66719727"
"ESTACIÓN TRÁFICO CENTRO","2022-06-19","","39.98234261"
"ESTACIÓN TRÁFICO CENTRO","2022-06-18","","51.30505944"
"ESTACIÓN TRÁFICO CENTRO","2022-06-17","","55.1656907"
"ESTACIÓN TRÁFICO CENTRO","2022-06-16","","43.65565253"
"ESTACIÓN TRÁFICO CENTRO","2022-06-15","","60.63682487"
"ESTACIÓN TRÁFICO CENTRO","2022-06-14","","51.36514818"
"ESTACIÓN TRÁFICO CENTRO","2022-06-13","","36.03834599"
"ESTACIÓN TRÁFICO CENTRO","2022-06-12","","32.98998641"
"ESTACIÓN TRÁFICO CENTRO","2022-06-11","","51.75984728"
"ESTACIÓN TRÁFICO CENTRO","2022-06-10","","48.98985281"
"ESTACIÓN TRÁFICO CENTRO","2022-06-09","","51.60714136"
"ESTACIÓN TRÁFICO CENTRO","2022-06-08","","58.02489552"
"ESTACIÓN TRÁFICO CENTRO","2022-06-07","","51.50470539"
"ESTACIÓN TRÁFICO CENTRO","2022-06-06","","57.78016646"
"ESTACIÓN TRÁFICO CENTRO","2022-06-05","","46.7757972"
"ESTACIÓN TRÁFICO CENTRO","2022-06-04","","59.4113373"
"ESTACIÓN TRÁFICO CENTRO","2022-05-31","","51.37052447"
"ESTACIÓN TRÁFICO CENTRO","2022-05-30","","29.26574769"
"ESTACIÓN TRÁFICO CENTRO","2022-05-29","","28.5633952"
"ESTACIÓN TRÁFICO CENTRO","2022-05-28","","37.35478226"
"ESTACIÓN TRÁFICO CENTRO","2022-05-27","","40.6551967"
"ESTACIÓN TRÁFICO CENTRO","2022-05-26","","42.02001466"
"ESTACIÓN TRÁFICO CENTRO","2022-05-25","","50.49619601"
"ESTACIÓN TRÁFICO CENTRO","2022-05-24","","49.71361148"
"ESTACIÓN TRÁFICO CENTRO","2022-05-23","","45.76617525"
"ESTACIÓN TRÁFICO CENTRO","2022-05-22","","47.18805617"
"ESTACIÓN TRÁFICO CENTRO","2022-05-21","","45.97784806"
"ESTACIÓN TRÁFICO CENTRO","2022-05-20","","52.1072552"
"ESTACIÓN TRÁFICO CENTRO","2022-05-19","","53.60057649"
"ESTACIÓN TRÁFICO CENTRO","2022-05-18","","50.65386155"
"ESTACIÓN TRÁFICO CENTRO","2022-05-17","","49.76551112"
"ESTACIÓN TRÁFICO CENTRO","2022-05-16","","57.41224627"
"ESTACIÓN TRÁFICO CENTRO","2022-05-15","","25.71891253"
"ESTACIÓN TRÁFICO CENTRO","2022-05-14","","41.73200456"
"ESTACIÓN TRÁFICO CENTRO","2022-05-13","","38.43421487"
"ESTACIÓN TRÁFICO CENTRO","2022-05-12","","56.63451949"
"ESTACIÓN TRÁFICO CENTRO","2022-05-11","","57.13492323"
"ESTACIÓN TRÁFICO CENTRO","2022-05-10","","57.0301524"
"ESTACIÓN TRÁFICO CENTRO","2022-05-09","","49.54050299"
"ESTACIÓN TRÁFICO CENTRO","2022-05-08","","32.28063647"
"ESTACIÓN TRÁFICO CENTRO","2022-05-07","","57.96615584"
"ESTACIÓN TRÁFICO CENTRO","2022-05-06","","60.92293479"
"ESTACIÓN TRÁFICO CENTRO","2022-05-05","","50.54418594"
"ESTACIÓN TRÁFICO CENTRO","2022-05-04","","49.56913241"
"ESTACIÓN TRÁFICO CENTRO","2022-05-03","","42.59496929"
"ESTACIÓN TRÁFICO CENTRO","2022-05-02","","38.41704819"
"ESTACIÓN TRÁFICO CENTRO","2022-05-01","","30.64559407"
"ESTACIÓN TRÁFICO CENTRO","2022-04-30","","63.00520758"
"ESTACIÓN TRÁFICO CENTRO","2022-04-29","","43.98702986"
"ESTACIÓN TRÁFICO CENTRO","2022-04-28","","45.33345102"
"ESTACIÓN TRÁFICO CENTRO","2022-04-27","","62.97326781"
"ESTACIÓN TRÁFICO CENTRO","2022-04-26","","58.13392081"
"ESTACIÓN TRÁFICO CENTRO","2022-04-25","","44.36902187"
"ESTACIÓN TRÁFICO CENTRO","2022-04-24","","29.80089294"
"ESTACIÓN TRÁFICO CENTRO","2022-04-23","","39.23959952"
"ESTACIÓN TRÁFICO CENTRO","2022-04-22","","39.45674906"
"ESTACIÓN TRÁFICO CENTRO","2022-04-21","","36.9626438"
"ESTACIÓN TRÁFICO CENTRO","2022-04-20","","51.59713752"
"ESTACIÓN TRÁFICO CENTRO","2022-04-19","","39.08592988"
"ESTACIÓN TRÁFICO CENTRO","2022-04-18","","48.22046257"
"ESTACIÓN TRÁFICO CENTRO","2022-04-17","","32.22730301"
"ESTACIÓN TRÁFICO CENTRO","2022-04-16","","34.24668795"
"ESTACIÓN TRÁFICO CENTRO","2022-04-15","","24.67208172"
"ESTACIÓN TRÁFICO CENTRO","2022-04-14","","39.38980604"
"ESTACIÓN TRÁFICO CENTRO","2022-04-13","","53.46887645"
"ESTACIÓN TRÁFICO CENTRO","2022-04-12","","42.46418595"
"ESTACIÓN TRÁFICO CENTRO","2022-04-11","","42.04883996"
"ESTACIÓN TRÁFICO CENTRO","2022-04-10","","33.77912892"
"ESTACIÓN TRÁFICO CENTRO","2022-04-09","","38.89900029"
"ESTACIÓN TRÁFICO CENTRO","2022-04-08","","39.21494249"
"ESTACIÓN TRÁFICO CENTRO","2022-04-07","","64.40866888"
"ESTACIÓN TRÁFICO CENTRO","2022-04-06","","52.87177202"
"ESTACIÓN TRÁFICO CENTRO","2022-04-05","","68.31239813"
"ESTACIÓN TRÁFICO CENTRO","2022-04-04","","64.40153112"
"ESTACIÓN TRÁFICO CENTRO","2022-04-03","","41.18401661"
"ESTACIÓN TRÁFICO CENTRO","2022-04-02","","49.9513203"
"ESTACIÓN TRÁFICO CENTRO","2022-04-01","","54.14368503"
"ESTACIÓN TRÁFICO CENTRO","2022-03-31","","62.90655084"
"ESTACIÓN TRÁFICO CENTRO","2022-03-30","","63.22886876"
"ESTACIÓN TRÁFICO CENTRO","2022-03-29","","75.96981871"
"ESTACIÓN TRÁFICO CENTRO","2022-03-28","","49.57608997"
"ESTACIÓN TRÁFICO CENTRO","2022-03-27","","47.47085451"
"ESTACIÓN TRÁFICO CENTRO","2022-03-26","","56.61671816"
"ESTACIÓN TRÁFICO CENTRO","2022-03-25","","70.44045863"
"ESTACIÓN TRÁFICO CENTRO","2022-03-24","","60.3758615"
"ESTACIÓN TRÁFICO CENTRO","2022-03-23","","50.6117636"
"ESTACIÓN TRÁFICO CENTRO","2022-03-22","","60.06102405"
"ESTACIÓN TRÁFICO CENTRO","2022-03-21","","35.73829335"
"ESTACIÓN TRÁFICO CENTRO","2022-03-20","","38.88197464"
"ESTACIÓN TRÁFICO CENTRO","2022-03-19","","44.89126201"
"ESTACIÓN TRÁFICO CENTRO","2022-03-18","","55.9733632"
"ESTACIÓN TRÁFICO CENTRO","2022-03-17","","66.07067184"
"ESTACIÓN TRÁFICO CENTRO","2022-03-16","","59.65451604"
"ESTACIÓN TRÁFICO CENTRO","2022-03-15","","53.73772191"
"ESTACIÓN TRÁFICO CENTRO","2022-03-14","","52.55317372"
"ESTACIÓN TRÁFICO CENTRO","2022-03-13","","28.71330399"
"ESTACIÓN TRÁFICO CENTRO","2022-03-12","","41.24392542"
"ESTACIÓN TRÁFICO CENTRO","2022-03-11","","37.17753684"
"ESTACIÓN TRÁFICO CENTRO","2022-03-10","","39.74742343"
"ESTACIÓN TRÁFICO CENTRO","2022-03-09","","45.99068418"
"ESTACIÓN TRÁFICO CENTRO","2022-03-08","","38.2422003"
"ESTACIÓN TRÁFICO CENTRO","2022-03-07","","38.57127412"
"ESTACIÓN TRÁFICO CENTRO","2022-03-06","","31.03835933"
"ESTACIÓN TRÁFICO CENTRO","2022-03-05","","52.99423448"
"ESTACIÓN TRÁFICO CENTRO","2022-03-04","","45.35744991"
"ESTACIÓN TRÁFICO CENTRO","2022-03-03","","45.77239631"
"ESTACIÓN TRÁFICO CENTRO","2022-03-02","","66.94810014"
"ESTACIÓN TRÁFICO CENTRO","2022-03-01","","38.20177907"
"ESTACIÓN TRÁFICO CENTRO","2022-02-28","","55.54582785"
"ESTACIÓN TRÁFICO CENTRO","2022-02-27","","36.44349069"
"ESTACIÓN TRÁFICO CENTRO","2022-02-26","","48.56821524"
"ESTACIÓN TRÁFICO CENTRO","2022-02-25","","44.76986511"
"ESTACIÓN TRÁFICO CENTRO","2022-02-24","","44.73977053"
"ESTACIÓN TRÁFICO CENTRO","2022-02-23","","46.28456052"
"ESTACIÓN TRÁFICO CENTRO","2022-02-22","","46.70171642"
"ESTACIÓN TRÁFICO CENTRO","2022-02-21","","45.42137641"
"ESTACIÓN TRÁFICO CENTRO","2022-02-20","","33.93103565"
"ESTACIÓN TRÁFICO CENTRO","2022-02-19","","49.62448733"
"ESTACIÓN TRÁFICO CENTRO","2022-02-18","","54.16720241"
"ESTACIÓN TRÁFICO CENTRO","2022-02-17","","46.06260023"
"ESTACIÓN TRÁFICO CENTRO","2022-02-16","","44.93081355"
"ESTACIÓN TRÁFICO CENTRO","2022-02-15","","40.59588506"
"ESTACIÓN TRÁFICO CENTRO","2022-02-14","","54.81722504"
"ESTACIÓN TRÁFICO CENTRO","2022-02-13","","35.11874139"
"ESTACIÓN TRÁFICO CENTRO","2022-02-12","","39.7170151"
"ESTACIÓN TRÁFICO CENTRO","2022-02-11","","42.77961887"
"ESTACIÓN TRÁFICO CENTRO","2022-02-10","","54.37097745"
"ESTACIÓN TRÁFICO CENTRO","2022-02-09","","45.26475088"
"ESTACIÓN TRÁFICO CENTRO","2022-02-08","","40.27663135"
"ESTACIÓN TRÁFICO CENTRO","2022-02-07","","18.01345338"
"ESTACIÓN TRÁFICO CENTRO","2022-02-06","","13.42279401"
"ESTACIÓN TRÁFICO CENTRO","2022-02-05","","23.34747345"
"ESTACIÓN TRÁFICO CENTRO","2022-02-04","","21.30115147"
"ESTACIÓN TRÁFICO CENTRO","2022-02-03","","23.93971229"
"ESTACIÓN TRÁFICO CENTRO","2022-02-02","","35.9661048"
"ESTACIÓN TRÁFICO CENTRO","2022-02-01","","45.77549901"
"ESTACIÓN TRÁFICO CENTRO","2022-01-31","","51.75883008"
"ESTACIÓN TRÁFICO CENTRO","2022-01-30","","32.85065499"
"ESTACIÓN TRÁFICO CENTRO","2022-01-29","","48.42029656"
"ESTACIÓN TRÁFICO CENTRO","2022-01-28","","52.793664"
"ESTACIÓN TRÁFICO CENTRO","2022-01-27","","42.88279918"
"ESTACIÓN TRÁFICO CENTRO","2022-01-26","","46.27196953"
"ESTACIÓN TRÁFICO CENTRO","2022-01-25","","54.04342522"
"ESTACIÓN TRÁFICO CENTRO","2022-01-24","","46.39550968"
"ESTACIÓN TRÁFICO CENTRO","2022-01-23","","29.91908528"
"ESTACIÓN TRÁFICO CENTRO","2022-01-22","","58.19477595"
"ESTACIÓN TRÁFICO CENTRO","2022-01-21","","55.73824779"
"ESTACIÓN TRÁFICO CENTRO","2022-01-20","","47.53875483"
"ESTACIÓN TRÁFICO CENTRO","2022-01-19","","37.36373278"
"ESTACIÓN TRÁFICO CENTRO","2022-01-18","","41.02168307"
"ESTACIÓN TRÁFICO CENTRO","2022-01-17","","35.95816167"
"ESTACIÓN TRÁFICO CENTRO","2022-01-16","","24.18294485"
"ESTACIÓN TRÁFICO CENTRO","2022-01-15","","32.29835161"
"ESTACIÓN TRÁFICO CENTRO","2022-01-14","","31.13996479"
"ESTACIÓN TRÁFICO CENTRO","2022-01-13","","32.45919819"
"ESTACIÓN TRÁFICO CENTRO","2022-01-12","","44.84028691"
"ESTACIÓN TRÁFICO CENTRO","2022-01-11","","48.70763285"
"ESTACIÓN TRÁFICO CENTRO","2022-01-10","","27.03089063"
"ESTACIÓN TRÁFICO CENTRO","2022-01-09","","26.3246904"
"ESTACIÓN TRÁFICO CENTRO","2022-01-08","","38.03059801"
"ESTACIÓN TRÁFICO CENTRO","2022-01-07","","52.42100835"
"ESTACIÓN TRÁFICO CENTRO","2022-01-06","","40.93658615"
"ESTACIÓN TRÁFICO CENTRO","2022-01-05","","36.72179311"
"ESTACIÓN TRÁFICO CENTRO","2022-01-04","","30.52093778"
"ESTACIÓN TRÁFICO CENTRO","2022-01-03","","33.65088415"
"ESTACIÓN TRÁFICO CENTRO","2022-01-02","","23.63647861"
"ESTACIÓN TRÁFICO CENTRO","2022-01-01","","17.98100043"
"ESTACIÓN TRÁFICO CENTRO","2021-12-31","","29.06542592"
"ESTACIÓN TRÁFICO CENTRO","2021-12-30","","39.65922347"
"ESTACIÓN TRÁFICO CENTRO","2021-12-29","","44.86988004"
"ESTACIÓN TRÁFICO CENTRO","2021-12-28","","38.2413071"
"ESTACIÓN TRÁFICO CENTRO","2021-12-27","","45.06722656"
"ESTACIÓN TRÁFICO CENTRO","2021-12-26","","22.88459196"
"ESTACIÓN TRÁFICO CENTRO","2021-12-25","","17.50932013"
"ESTACIÓN TRÁFICO CENTRO","2021-12-24","","26.29815295"
"ESTACIÓN TRÁFICO CENTRO","2021-12-23","","33.53255861"
"ESTACIÓN TRÁFICO CENTRO","2021-12-22","","35.59433923"
"ESTACIÓN TRÁFICO CENTRO","2021-12-21","","57.89650972"
"ESTACIÓN TRÁFICO CENTRO","2021-12-20","","44.32702578"
"ESTACIÓN TRÁFICO CENTRO","2021-12-19","","43.80213739"
"ESTACIÓN TRÁFICO CENTRO","2021-12-18","","80.32927551"
"ESTACIÓN TRÁFICO CENTRO","2021-12-17","","43.50438043"
"ESTACIÓN TRÁFICO CENTRO","2021-12-16","","38.48975783"
"ESTACIÓN TRÁFICO CENTRO","2021-12-15","","38.07394173"
"ESTACIÓN TRÁFICO CENTRO","2021-12-14","","46.03915764"
"ESTACIÓN TRÁFICO CENTRO","2021-12-13","","39.44064795"
"ESTACIÓN TRÁFICO CENTRO","2021-12-12","","35.80478976"
"ESTACIÓN TRÁFICO CENTRO","2021-12-11","","50.66381211"
"ESTACIÓN TRÁFICO CENTRO","2021-12-10","","40.64445479"
"ESTACIÓN TRÁFICO CENTRO","2021-12-09","","36.86869323"
"ESTACIÓN TRÁFICO CENTRO","2021-12-08","","33.72507462"
"ESTACIÓN TRÁFICO CENTRO","2021-12-07","","35.40331972"
"ESTACIÓN TRÁFICO CENTRO","2021-12-06","","35.02092811"
"ESTACIÓN TRÁFICO CENTRO","2021-12-05","","28.36205688"
"ESTACIÓN TRÁFICO CENTRO","2021-12-04","","39.81893396"
"ESTACIÓN TRÁFICO CENTRO","2021-12-03","","40.76929913"
"ESTACIÓN TRÁFICO CENTRO","2021-12-02","","34.65564051"
"ESTACIÓN TRÁFICO CENTRO","2021-12-01","","49.96925482"
"ESTACIÓN TRÁFICO CENTRO","2021-11-05","","39.62386371"
"ESTACIÓN TRÁFICO CENTRO","2021-11-04","","40.66194612"
"ESTACIÓN TRÁFICO CENTRO","2021-11-03","","48.94770002"
"ESTACIÓN TRÁFICO CENTRO","2021-11-02","","40.51154031"
"ESTACIÓN TRÁFICO CENTRO","2021-11-01","","28.94127379"
"ESTACIÓN TRÁFICO CENTRO","2021-10-31","","31.65221587"
"ESTACIÓN TRÁFICO CENTRO","2021-10-30","","54.04864965"
"ESTACIÓN TRÁFICO CENTRO","2021-10-29","","64.47782922"
"ESTACIÓN TRÁFICO CENTRO","2021-10-28","","60.88137372"
"ESTACIÓN TRÁFICO CENTRO","2021-10-27","","66.21107039"
"ESTACIÓN TRÁFICO CENTRO","2021-10-26","","53.53584501"
"ESTACIÓN TRÁFICO CENTRO","2021-10-25","","46.40860568"
"ESTACIÓN TRÁFICO CENTRO","2021-10-24","","39.53228717"
"ESTACIÓN TRÁFICO CENTRO","2021-10-23","","51.80127141"
"ESTACIÓN TRÁFICO CENTRO","2021-10-22","","59.03599047"
"ESTACIÓN TRÁFICO CENTRO","2021-10-21","","53.52979428"
"ESTACIÓN TRÁFICO CENTRO","2021-10-20","","49.28480704"
"ESTACIÓN TRÁFICO CENTRO","2021-10-19","","39.53671399"
"ESTACIÓN TRÁFICO CENTRO","2021-10-18","","26.53453764"
"ESTACIÓN TRÁFICO CENTRO","2021-10-17","","38.996555"
"ESTACIÓN TRÁFICO CENTRO","2021-10-16","","58.71842641"
"ESTACIÓN TRÁFICO CENTRO","2021-10-15","","65.51145006"
"ESTACIÓN TRÁFICO CENTRO","2021-10-14","","51.15115475"
"ESTACIÓN TRÁFICO CENTRO","2021-10-13","","54.27810812"
"ESTACIÓN TRÁFICO CENTRO","2021-10-12","","46.24062133"
"ESTACIÓN TRÁFICO CENTRO","2021-10-11","","24.58828543"
"ESTACIÓN TRÁFICO CENTRO","2021-10-10","","0.0"
"ESTACIÓN TRÁFICO CENTRO","2021-10-09","","0.0"
"ESTACIÓN TRÁFICO CENTRO","2021-10-08","","0.0"
"ESTACIÓN TRÁFICO CENTRO","2021-10-07","","0.0"
"ESTACIÓN TRÁFICO CENTRO","2021-10-06","","0.0"
"ESTACIÓN TRÁFICO CENTRO","2021-09-29","","58.75588099"
"ESTACIÓN TRÁFICO CENTRO","2021-09-28","","58.69009472"
"ESTACIÓN TRÁFICO CENTRO","2021-09-27","","44.52050551"
"ESTACIÓN TRÁFICO CENTRO","2021-09-26","","34.69143121"
"ESTACIÓN TRÁFICO CENTRO","2021-09-25","","44.90835818"
"ESTACIÓN TRÁFICO CENTRO","2021-09-24","","46.53564384"
"ESTACIÓN TRÁFICO CENTRO","2021-09-23","","72.02397748"
"ESTACIÓN TRÁFICO CENTRO","2021-09-22","","49.4994348"
"ESTACIÓN TRÁFICO CENTRO","2021-09-21","","51.10209141"
"ESTACIÓN TRÁFICO CENTRO","2021-09-20","","49.39893857"
"ESTACIÓN TRÁFICO CENTRO","2021-09-19","","37.90136602"
"ESTACIÓN TRÁFICO CENTRO","2021-09-18","","47.10210523"
"ESTACIÓN TRÁFICO CENTRO","2021-09-17","","51.48642612"
"ESTACIÓN TRÁFICO CENTRO","2021-09-16","","42.54334388"
"ESTACIÓN TRÁFICO CENTRO","2021-09-15","","44.84801231"
"ESTACIÓN TRÁFICO CENTRO","2021-09-14","","47.45488019"
"ESTACIÓN TRÁFICO CENTRO","2021-09-13","","42.49665457"
"ESTACIÓN TRÁFICO CENTRO","2021-09-12","","32.66083425"
"ESTACIÓN TRÁFICO CENTRO","2021-09-11","","52.78749778"
"ESTACIÓN TRÁFICO CENTRO","2021-09-10","","44.28640084"
"ESTACIÓN TRÁFICO CENTRO","2021-09-09","","58.99310119"
"ESTACIÓN TRÁFICO CENTRO","2021-09-08","","66.5059503"
"ESTACIÓN TRÁFICO CENTRO","2021-09-07","","76.42756009"
"ESTACIÓN TRÁFICO CENTRO","2021-09-06","","70.1017555"
"ESTACIÓN TRÁFICO CENTRO","2021-09-05","","46.35747388"
"ESTACIÓN TRÁFICO CENTRO","2021-09-04","","56.19457131"
"ESTACIÓN TRÁFICO CENTRO","2021-09-03","","45.85880952"
"ESTACIÓN TRÁFICO CENTRO","2021-09-02","","45.82420193"
"ESTACIÓN TRÁFICO CENTRO","2021-09-01","","55.26692791"
"ESTACIÓN TRÁFICO CENTRO","2021-08-31","","68.69686745"
"ESTACIÓN TRÁFICO CENTRO","2021-08-30","","48.60840142"
"ESTACIÓN TRÁFICO CENTRO","2021-08-29","","33.36533427"
"ESTACIÓN TRÁFICO CENTRO","2021-08-28","","44.39321663"
"ESTACIÓN TRÁFICO CENTRO","2021-08-27","","45.24800936"
"ESTACIÓN TRÁFICO CENTRO","2021-08-26","","49.65499717"
"ESTACIÓN TRÁFICO CENTRO","2021-08-25","","69.06993673"
"ESTACIÓN TRÁFICO CENTRO","2021-08-24","","60.41140931"
"ESTACIÓN TRÁFICO CENTRO","2021-08-23","","64.18777417"
"ESTACIÓN TRÁFICO CENTRO","2021-08-22","","31.37918578"
"ESTACIÓN TRÁFICO CENTRO","2021-08-21","","51.40996347"
"ESTACIÓN TRÁFICO CENTRO","2021-08-20","","70.64772812"
"ESTACIÓN TRÁFICO CENTRO","2021-08-19","","58.6763598"
"ESTACIÓN TRÁFICO CENTRO","2021-08-18","","56.32082597"
"ESTACIÓN TRÁFICO CENTRO","2021-08-17","","52.50078047"
"ESTACIÓN TRÁFICO CENTRO","2021-08-16","","44.82845592"
"ESTACIÓN TRÁFICO CENTRO","2021-08-15","","39.68663062"
"ESTACIÓN TRÁFICO CENTRO","2021-08-14","","53.79059311"
"ESTACIÓN TRÁFICO CENTRO","2021-08-13","","56.62352686"
"ESTACIÓN TRÁFICO CENTRO","2021-08-12","","49.47344245"
"ESTACIÓN TRÁFICO CENTRO","2021-08-11","","53.76237894"
"ESTACIÓN TRÁFICO CENTRO","2021-08-10","","53.71235938"
"ESTACIÓN TRÁFICO CENTRO","2021-08-09","","46.00183911"
"ESTACIÓN TRÁFICO CENTRO","2021-08-08","","30.75776906"
"ESTACIÓN TRÁFICO CENTRO","2021-08-07","","54.17452039"
"ESTACIÓN TRÁFICO CENTRO","2021-08-06","","54.41913976"
"ESTACIÓN TRÁFICO CENTRO","2021-08-05","","57.09935976"
"ESTACIÓN TRÁFICO CENTRO","2021-08-04","","48.03363483"
"ESTACIÓN TRÁFICO CENTRO","2021-08-03","","57.2108531"
"ESTACIÓN TRÁFICO CENTRO","2021-08-02","","37.09497065"
"ESTACIÓN TRÁFICO CENTRO","2021-08-01","","30.33027868"
"ESTACIÓN TRÁFICO CENTRO","2021-07-31","","38.80404035"
"ESTACIÓN TRÁFICO CENTRO","2021-07-30","","47.0976549"
"ESTACIÓN TRÁFICO CENTRO","2021-07-29","","53.02790187"
"ESTACIÓN TRÁFICO CENTRO","2021-07-28","","52.79010687"
"ESTACIÓN TRÁFICO CENTRO","2021-07-27","","57.86750422"
"ESTACIÓN TRÁFICO CENTRO","2021-07-26","","39.69169754"
"ESTACIÓN TRÁFICO CENTRO","2021-07-25","","37.60789487"
"ESTACIÓN TRÁFICO CENTRO","2021-07-24","","57.4713777"
"ESTACIÓN TRÁFICO CENTRO","2021-07-23","","46.0350834"
"ESTACIÓN TRÁFICO CENTRO","2021-07-22","","42.94296484"
"ESTACIÓN TRÁFICO CENTRO","2021-07-21","","41.79986428"
"ESTACIÓN TRÁFICO CENTRO","2021-07-20","","31.59512088"
"ESTACIÓN TRÁFICO CENTRO","2021-07-19","","37.20141036"
"ESTACIÓN TRÁFICO CENTRO","2021-07-18","","32.84906447"
"ESTACIÓN TRÁFICO CENTRO","2021-07-17","","52.56202737"
"ESTACIÓN TRÁFICO CENTRO","2021-07-16","","28.87929823"
"ESTACIÓN TRÁFICO CENTRO","2021-07-15","","43.80834278"
"ESTACIÓN TRÁFICO CENTRO","2021-07-14","","38.12964139"
"ESTACIÓN TRÁFICO CENTRO","2021-07-13","","41.97940538"
"ESTACIÓN TRÁFICO CENTRO","2021-07-12","","44.08268064"
"ESTACIÓN TRÁFICO CENTRO","2021-07-11","","26.21585316"
"ESTACIÓN TRÁFICO CENTRO","2021-07-10","","49.02484433"
"ESTACIÓN TRÁFICO CENTRO","2021-07-09","","50.37475211"
"ESTACIÓN TRÁFICO CENTRO","2021-07-08","","42.128515"
"ESTACIÓN TRÁFICO CENTRO","2021-07-07","","41.59530573"
"ESTACIÓN TRÁFICO CENTRO","2021-07-06","","42.04966264"
"ESTACIÓN TRÁFICO CENTRO","2021-07-05","","26.37344034"
"ESTACIÓN TRÁFICO CENTRO","2021-07-04","","29.67583706"
"ESTACIÓN TRÁFICO CENTRO","2021-07-03","","42.36661557"
"ESTACIÓN TRÁFICO CENTRO","2021-07-02","","43.67908729"
"ESTACIÓN TRÁFICO CENTRO","2021-07-01","","46.28838405"
"ESTACIÓN TRÁFICO CENTRO","2021-06-30","","51.20476789"
"ESTACIÓN TRÁFICO CENTRO","2021-06-29","","50.68127653"
"ESTACIÓN TRÁFICO CENTRO","2021-06-28","","41.99654856"
"ESTACIÓN TRÁFICO CENTRO","2021-06-27","","34.07296832"
"ESTACIÓN TRÁFICO CENTRO","2021-06-26","","53.99917106"
"ESTACIÓN TRÁFICO CENTRO","2021-06-25","","58.87937484"
"ESTACIÓN TRÁFICO CENTRO","2021-06-24","","67.44956162"
"ESTACIÓN TRÁFICO CENTRO","2021-06-23","","41.63365067"
"ESTACIÓN TRÁFICO CENTRO","2021-06-22","","48.70004848"
"ESTACIÓN TRÁFICO CENTRO","2021-06-21","","50.97146478"
"ESTACIÓN TRÁFICO CENTRO","2021-06-20","","31.98749439"
"ESTACIÓN TRÁFICO CENTRO","2021-06-19","","43.08937135"
"ESTACIÓN TRÁFICO CENTRO","2021-06-18","","43.65089663"
"ESTACIÓN TRÁFICO CENTRO","2021-06-17","","48.27931977"
"ESTACIÓN TRÁFICO CENTRO","2021-06-16","","40.61139071"
"ESTACIÓN TRÁFICO CENTRO","2021-06-15","","43.7504728"
"ESTACIÓN TRÁFICO CENTRO","2021-06-14","","36.50144686"
"ESTACIÓN TRÁFICO CENTRO","2021-06-13","","41.64559134"
"ESTACIÓN TRÁFICO CENTRO","2021-06-12","","52.35015085"
"ESTACIÓN TRÁFICO CENTRO","2021-06-11","","42.06603798"
"ESTACIÓN TRÁFICO CENTRO","2021-06-10","","40.66512376"
"ESTACIÓN TRÁFICO CENTRO","2021-06-09","","55.47360977"
"ESTACIÓN TRÁFICO CENTRO","2021-06-08","","50.87556327"
"ESTACIÓN TRÁFICO CENTRO","2021-06-07","","28.89107437"
"ESTACIÓN TRÁFICO CENTRO","2021-06-06","","20.18265309"
"ESTACIÓN TRÁFICO CENTRO","2021-06-05","","41.55404614"
"ESTACIÓN TRÁFICO CENTRO","2021-06-04","","46.46797999"
"ESTACIÓN TRÁFICO CENTRO","2021-06-02","","42.66162454"
"ESTACIÓN TRÁFICO CENTRO","2021-06-01","","52.97889338"
"ESTACIÓN TRÁFICO CENTRO","2021-05-31","","43.67466795"
"ESTACIÓN TRÁFICO CENTRO","2021-05-30","","23.20565047"
"ESTACIÓN TRÁFICO CENTRO","2021-05-29","","46.08894181"
"ESTACIÓN TRÁFICO CENTRO","2021-05-28","","41.87466589"
"ESTACIÓN TRÁFICO CENTRO","2021-05-27","","60.376598"
"ESTACIÓN TRÁFICO CENTRO","2021-05-26","","44.97400056"
"ESTACIÓN TRÁFICO CENTRO","2021-05-25","","35.34831178"
"ESTACIÓN TRÁFICO CENTRO","2021-05-24","","27.41904886"
"ESTACIÓN TRÁFICO CENTRO","2021-05-23","","18.88021029"
"ESTACIÓN TRÁFICO CENTRO","2021-05-22","","27.79746808"
"ESTACIÓN TRÁFICO CENTRO","2021-05-21","","34.18703157"
"ESTACIÓN TRÁFICO CENTRO","2021-05-20","","24.29701968"
"ESTACIÓN TRÁFICO CENTRO","2021-05-19","","24.66417612"
"ESTACIÓN TRÁFICO CENTRO","2021-05-18","","35.900182"
"ESTACIÓN TRÁFICO CENTRO","2021-05-17","","23.94143601"
"ESTACIÓN TRÁFICO CENTRO","2021-05-16","","21.83910096"
"ESTACIÓN TRÁFICO CENTRO","2021-05-15","","28.68594045"
"ESTACIÓN TRÁFICO CENTRO","2021-05-14","","24.84271433"
"ESTACIÓN TRÁFICO CENTRO","2021-05-13","","29.06332884"
"ESTACIÓN TRÁFICO CENTRO","2021-05-12","","19.69490302"
"ESTACIÓN TRÁFICO CENTRO","2021-05-11","","19.78541399"
"ESTACIÓN TRÁFICO CENTRO","2021-05-10","","33.44146171"
"ESTACIÓN TRÁFICO CENTRO","2021-05-09","","17.46298341"
"ESTACIÓN TRÁFICO CENTRO","2021-05-08","","19.51080973"
"ESTACIÓN TRÁFICO CENTRO","2021-05-07","","22.06050495"
"ESTACIÓN TRÁFICO CENTRO","2021-05-06","","18.25197704"
"ESTACIÓN TRÁFICO CENTRO","2021-05-05","","16.40246947"
"ESTACIÓN TRÁFICO CENTRO","2021-05-04","","23.32631326"
"ESTACIÓN TRÁFICO CENTRO","2021-05-03","","26.41298816"
"ESTACIÓN TRÁFICO CENTRO","2021-04-30","","24.22640218"
"ESTACIÓN TRÁFICO CENTRO","2021-04-29","","37.42387209"
"ESTACIÓN TRÁFICO CENTRO","2021-04-28","","31.23257556"
"ESTACIÓN TRÁFICO CENTRO","2021-04-27","","55.28183809"
"ESTACIÓN TRÁFICO CENTRO","2021-04-26","","41.27492104"
"ESTACIÓN TRÁFICO CENTRO","2021-04-25","","13.42728488"
"ESTACIÓN TRÁFICO CENTRO","2021-04-24","","22.76131464"
"ESTACIÓN TRÁFICO CENTRO","2021-04-23","","24.46899617"
"ESTACIÓN TRÁFICO CENTRO","2021-04-22","","36.02561396"
"ESTACIÓN TRÁFICO CENTRO","2021-04-21","","39.78282986"
"ESTACIÓN TRÁFICO CENTRO","2021-04-20","","28.34811825"
"ESTACIÓN TRÁFICO CENTRO","2021-04-19","","24.76956592"
"ESTACIÓN TRÁFICO CENTRO","2021-04-18","","12.75200975"
"ESTACIÓN TRÁFICO CENTRO","2021-04-17","","18.11559162"
"ESTACIÓN TRÁFICO CENTRO","2021-04-16","","31.57770347"
"ESTACIÓN TRÁFICO CENTRO","2021-04-15","","31.13484064"
"ESTACIÓN TRÁFICO CENTRO","2021-04-14","","32.33022588"
"ESTACIÓN TRÁFICO CENTRO","2021-04-13","","32.73628719"
"ESTACIÓN TRÁFICO CENTRO","2021-04-12","","28.37011919"
"ESTACIÓN TRÁFICO CENTRO","2021-04-11","","13.14871606"
"ESTACIÓN TRÁFICO CENTRO","2021-04-10","","17.64068326"
"ESTACIÓN TRÁFICO CENTRO","2021-04-09","","20.18258257"
"ESTACIÓN TRÁFICO CENTRO","2021-04-08","","30.25749886"
"ESTACIÓN TRÁFICO CENTRO","2021-04-07","","30.5593924"
"ESTACIÓN TRÁFICO CENTRO","2021-04-06","","51.02787744"
"ESTACIÓN TRÁFICO CENTRO","2021-04-05","","35.18208026"
"ESTACIÓN TRÁFICO CENTRO","2021-04-04","","17.16159881"
"ESTACIÓN TRÁFICO CENTRO","2021-04-03","","25.98070641"
"ESTACIÓN TRÁFICO CENTRO","2021-04-02","","14.65602298"
"ESTACIÓN TRÁFICO CENTRO","2021-04-01","","21.77528415"
"ESTACIÓN TRÁFICO CENTRO","2021-03-31","","33.86840977"
"ESTACIÓN TRÁFICO CENTRO","2021-03-30","","32.09839226"
"ESTACIÓN TRÁFICO CENTRO","2021-03-29","","31.73131043"
"ESTACIÓN TRÁFICO CENTRO","2021-03-28","","27.41610287"
"ESTACIÓN TRÁFICO CENTRO","2021-03-27","","38.22952313"
"ESTACIÓN TRÁFICO CENTRO","2021-03-26","","48.26988632"
"ESTACIÓN TRÁFICO CENTRO","2021-03-25","","40.05097017"
"ESTACIÓN TRÁFICO CENTRO","2021-03-24","","47.17363177"
"ESTACIÓN TRÁFICO CENTRO","2021-03-23","","41.6870233"
"ESTACIÓN TRÁFICO CENTRO","2021-03-22","","31.68081327"
"ESTACIÓN TRÁFICO CENTRO","2021-03-21","","32.48875999"
"ESTACIÓN TRÁFICO CENTRO","2021-03-20","","40.32061482"
"ESTACIÓN TRÁFICO CENTRO","2021-03-19","","45.12493575"
"ESTACIÓN TRÁFICO CENTRO","2021-03-18","","60.94747837"
"ESTACIÓN TRÁFICO CENTRO","2021-03-17","","52.18820736"
"ESTACIÓN TRÁFICO CENTRO","2021-03-16","","56.22941396"
"ESTACIÓN TRÁFICO CENTRO","2021-03-15","","50.51094165"
"ESTACIÓN TRÁFICO CENTRO","2021-03-14","","34.93905142"
"ESTACIÓN TRÁFICO CENTRO","2021-03-13","","42.2038964"
"ESTACIÓN TRÁFICO CENTRO","2021-03-12","","53.59469233"
"ESTACIÓN TRÁFICO CENTRO","2021-03-11","","45.39338163"
"ESTACIÓN TRÁFICO CENTRO","2021-03-10","","45.50807953"
"ESTACIÓN TRÁFICO CENTRO","2021-03-09","","39.49105109"
"ESTACIÓN TRÁFICO CENTRO","2021-03-08","","40.18089948"
"ESTACIÓN TRÁFICO CENTRO","2021-03-07","","28.44566513"
"ESTACIÓN TRÁFICO CENTRO","2021-03-06","","45.70499886"
"ESTACIÓN TRÁFICO CENTRO","2021-03-05","","54.15735711"
"ESTACIÓN TRÁFICO CENTRO","2021-03-04","","46.00422724"
"ESTACIÓN TRÁFICO CENTRO","2021-03-03","","42.27288438"
"ESTACIÓN TRÁFICO CENTRO","2021-03-02","","57.89888137"
"ESTACIÓN TRÁFICO CENTRO","2021-03-01","","46.94769909"
"ESTACIÓN TRÁFICO CENTRO","2021-02-28","","27.6336755"
"ESTACIÓN TRÁFICO CENTRO","2021-02-27","","38.98250669"
"ESTACIÓN TRÁFICO CENTRO","2021-02-26","","37.36065074"
"ESTACIÓN TRÁFICO CENTRO","2021-02-25","","34.95650016"
"ESTACIÓN TRÁFICO CENTRO","2021-02-24","","31.24631048"
"ESTACIÓN TRÁFICO CENTRO","2021-02-23","","35.26920647"
"ESTACIÓN TRÁFICO CENTRO","2021-02-22","","31.31681062"
"ESTACIÓN TRÁFICO CENTRO","2021-02-21","","24.33130059"
"ESTACIÓN TRÁFICO CENTRO","2021-02-20","","34.74982614"
"ESTACIÓN TRÁFICO CENTRO","2021-02-19","","41.36263488"
"ESTACIÓN TRÁFICO CENTRO","2021-02-18","","38.94876879"
"ESTACIÓN TRÁFICO CENTRO","2021-02-17","","36.99414087"
"ESTACIÓN TRÁFICO CENTRO","2021-02-16","","37.48696024"
"ESTACIÓN TRÁFICO CENTRO","2021-02-15","","42.40053368"
"ESTACIÓN TRÁFICO CENTRO","2021-02-14","","23.24769357"
"ESTACIÓN TRÁFICO CENTRO","2021-02-13","","32.21475903"
"ESTACIÓN TRÁFICO CENTRO","2021-02-12","","37.7822178"
"ESTACIÓN TRÁFICO CENTRO","2021-02-11","","29.0138481"
"ESTACIÓN TRÁFICO CENTRO","2021-02-10","","33.41428008"
"ESTACIÓN TRÁFICO CENTRO","2021-02-09","","34.37845067"
"ESTACIÓN TRÁFICO CENTRO","2021-02-08","","31.54597135"
"ESTACIÓN TRÁFICO CENTRO","2021-02-07","","21.83576321"
"ESTACIÓN TRÁFICO CENTRO","2021-02-06","","38.41407869"
"ESTACIÓN TRÁFICO CENTRO","2021-02-05","","35.90295562"
"ESTACIÓN TRÁFICO CENTRO","2021-02-04","","26.23296499"
"ESTACIÓN TRÁFICO CENTRO","2021-02-03","","32.07692411"
"ESTACIÓN TRÁFICO CENTRO","2021-02-02","","34.557506"
"ESTACIÓN TRÁFICO CENTRO","2021-02-01","","36.38469617"
"ESTACIÓN TRÁFICO CENTRO","2021-01-31","","22.76072701"
"ESTACIÓN TRÁFICO CENTRO","2021-01-30","","31.03845335"
"ESTACIÓN TRÁFICO CENTRO","2021-01-29","","40.04931144"
"ESTACIÓN TRÁFICO CENTRO","2021-01-26","","29.25220153"
"ESTACIÓN TRÁFICO CENTRO","2021-01-25","","26.81801905"
"ESTACIÓN TRÁFICO CENTRO","2021-01-24","","17.58720877"
"ESTACIÓN TRÁFICO CENTRO","2021-01-23","","35.24944637"
"ESTACIÓN TRÁFICO CENTRO","2021-01-22","","37.80760634"
"ESTACIÓN TRÁFICO CENTRO","2021-01-21","","32.91735982"
"ESTACIÓN TRÁFICO CENTRO","2021-01-20","","39.81288527"
"ESTACIÓN TRÁFICO CENTRO","2021-01-19","","34.45572818"
"ESTACIÓN TRÁFICO CENTRO","2021-01-18","","31.0601879"
"ESTACIÓN TRÁFICO CENTRO","2021-01-17","","14.07628895"
"ESTACIÓN TRÁFICO CENTRO","2021-01-16","","21.28197116"
"ESTACIÓN TRÁFICO CENTRO","2021-01-15","","30.57479619"
"ESTACIÓN TRÁFICO CENTRO","2021-01-14","","31.24444572"
"ESTACIÓN TRÁFICO CENTRO","2021-01-13","","37.62513206"
"ESTACIÓN TRÁFICO CENTRO","2021-01-12","","28.22300752"
"ESTACIÓN TRÁFICO CENTRO","2021-01-11","","13.36540221"
"ESTACIÓN TRÁFICO CENTRO","2021-01-10","","11.07059076"
"ESTACIÓN TRÁFICO CENTRO","2021-01-09","","24.74531632"
"ESTACIÓN TRÁFICO CENTRO","2021-01-08","","35.53912534"
"ESTACIÓN TRÁFICO CENTRO","2021-01-07","","43.04955342"
"ESTACIÓN TRÁFICO CENTRO","2021-01-06","","37.5900622"
"ESTACIÓN TRÁFICO CENTRO","2021-01-05","","30.67977074"
"ESTACIÓN TRÁFICO CENTRO","2021-01-04","","38.67878331"
"ESTACIÓN TRÁFICO CENTRO","2020-12-30","","34.55078193"
"ESTACIÓN TRÁFICO CENTRO","2020-12-29","","34.25472676"
"ESTACIÓN TRÁFICO CENTRO","2020-12-28","","36.56482491"
"ESTACIÓN TRÁFICO CENTRO","2020-12-27","","25.55968781"
"ESTACIÓN TRÁFICO CENTRO","2020-12-26","","31.5045537"
"ESTACIÓN TRÁFICO CENTRO","2020-12-25","","12.21889522"
"ESTACIÓN TRÁFICO CENTRO","2020-12-24","","36.36646167"
"ESTACIÓN TRÁFICO CENTRO","2020-12-23","","29.90936977"
"ESTACIÓN TRÁFICO CENTRO","2020-12-22","","30.03236838"
"ESTACIÓN TRÁFICO CENTRO","2020-12-21","","33.97800702"
"ESTACIÓN TRÁFICO CENTRO","2020-12-20","","29.68055378"
"ESTACIÓN TRÁFICO CENTRO","2020-12-19","","36.53007628"
"ESTACIÓN TRÁFICO CENTRO","2020-12-18","","39.37953424"
"ESTACIÓN TRÁFICO CENTRO","2020-12-17","","34.87193603"
"ESTACIÓN TRÁFICO CENTRO","2020-12-16","","35.33346988"
"ESTACIÓN TRÁFICO CENTRO","2020-12-15","","40.82836788"
"ESTACIÓN TRÁFICO CENTRO","2020-12-14","","39.87375609"
"ESTACIÓN TRÁFICO CENTRO","2020-12-13","","24.35049826"
"ESTACIÓN TRÁFICO CENTRO","2020-12-12","","31.39582751"
"ESTACIÓN TRÁFICO CENTRO","2020-12-11","","31.76715597"
"ESTACIÓN TRÁFICO CENTRO","2020-12-10","","33.93047936"
"ESTACIÓN TRÁFICO CENTRO","2020-12-09","","34.27829471"
"ESTACIÓN TRÁFICO CENTRO","2020-12-08","","22.208596"
"ESTACIÓN TRÁFICO CENTRO","2020-12-07","","38.0479684"
"ESTACIÓN TRÁFICO CENTRO","2020-12-06","","21.37965124"
"ESTACIÓN TRÁFICO CENTRO","2020-12-05","","30.7983705"
"ESTACIÓN TRÁFICO CENTRO","2020-12-04","","34.2810605"
"ESTACIÓN TRÁFICO CENTRO","2020-12-03","","35.86861977"
"ESTACIÓN TRÁFICO CENTRO","2020-12-02","","46.66849564"
"ESTACIÓN TRÁFICO CENTRO","2020-12-01","","52.55572013"
"ESTACIÓN TRÁFICO CENTRO","2020-11-30","","38.35819099"
"ESTACIÓN TRÁFICO CENTRO","2020-11-29","","36.82222331"
"ESTACIÓN TRÁFICO CENTRO","2020-11-28","","47.98645975"
"ESTACIÓN TRÁFICO CENTRO","2020-11-27","","40.00025363"
"ESTACIÓN TRÁFICO CENTRO","2020-11-26","","39.37556185"
"ESTACIÓN TRÁFICO CENTRO","2020-11-25","","34.5153062"
"ESTACIÓN TRÁFICO CENTRO","2020-11-24","","34.82048299"
"ESTACIÓN TRÁFICO CENTRO","2020-11-23","","30.40703123"
"ESTACIÓN TRÁFICO CENTRO","2020-11-22","","24.70106373"
"ESTACIÓN TRÁFICO CENTRO","2020-11-21","","40.67928961"
"ESTACIÓN TRÁFICO CENTRO","2020-11-20","","47.97248195"
"ESTACIÓN TRÁFICO CENTRO","2020-11-19","","27.68762711"
"ESTACIÓN TRÁFICO CENTRO","2020-11-18","","32.91003715"
"ESTACIÓN TRÁFICO CENTRO","2020-11-17","","56.09513546"
"ESTACIÓN TRÁFICO CENTRO","2020-11-16","","23.91767218"
"ESTACIÓN TRÁFICO CENTRO","2020-11-15","","19.55910523"
"ESTACIÓN TRÁFICO CENTRO","2020-11-14","","26.05421523"
"ESTACIÓN TRÁFICO CENTRO","2020-11-13","","38.82527992"
"ESTACIÓN TRÁFICO CENTRO","2020-11-12","","41.38616864"
"ESTACIÓN TRÁFICO CENTRO","2020-11-11","","48.34989827"
"ESTACIÓN TRÁFICO CENTRO","2020-11-10","","32.48852494"
"ESTACIÓN TRÁFICO CENTRO","2020-11-09","","50.75574907"
"ESTACIÓN TRÁFICO CENTRO","2020-11-08","","31.54621424"
"ESTACIÓN TRÁFICO CENTRO","2020-11-07","","42.59676352"
"ESTACIÓN TRÁFICO CENTRO","2020-11-06","","48.35727109"
"ESTACIÓN TRÁFICO CENTRO","2020-11-05","","40.77394534"
"ESTACIÓN TRÁFICO CENTRO","2020-11-04","","29.98225178"
"ESTACIÓN TRÁFICO CENTRO","2020-11-03","","39.68683433"
"ESTACIÓN TRÁFICO CENTRO","2020-11-02","","15.84897039"
"ESTACIÓN TRÁFICO CENTRO","2020-11-01","","19.93182833"
"ESTACIÓN TRÁFICO CENTRO","2020-10-31","","39.43973124"
"ESTACIÓN TRÁFICO CENTRO","2020-10-30","","48.99759388"
"ESTACIÓN TRÁFICO CENTRO","2020-10-29","","44.57913336"
"ESTACIÓN TRÁFICO CENTRO","2020-10-28","","44.34348731"
"ESTACIÓN TRÁFICO CENTRO","2020-10-27","","42.10206373"
"ESTACIÓN TRÁFICO CENTRO","2020-10-26","","40.21340727"
"ESTACIÓN TRÁFICO CENTRO","2020-10-25","","33.8021014"
"ESTACIÓN TRÁFICO CENTRO","2020-10-24","","57.0983882"
"ESTACIÓN TRÁFICO CENTRO","2020-10-23","","45.98324644"
"ESTACIÓN TRÁFICO CENTRO","2020-10-22","","45.6079926"
"ESTACIÓN TRÁFICO CENTRO","2020-10-21","","40.63820239"
"ESTACIÓN TRÁFICO CENTRO","2020-10-20","","45.32499696"
"ESTACIÓN TRÁFICO CENTRO","2020-10-19","","49.38088652"
"ESTACIÓN TRÁFICO CENTRO","2020-10-18","","32.38827495"
"ESTACIÓN TRÁFICO CENTRO","2020-10-17","","44.29161901"
"ESTACIÓN TRÁFICO CENTRO","2020-10-16","","40.63567949"
"ESTACIÓN TRÁFICO CENTRO","2020-10-15","","37.70235472"
"ESTACIÓN TRÁFICO CENTRO","2020-10-14","","37.97085544"
"ESTACIÓN TRÁFICO CENTRO","2020-10-13","","46.64506088"
"ESTACIÓN TRÁFICO CENTRO","2020-10-12","","25.14043994"
"ESTACIÓN TRÁFICO CENTRO","2020-10-11","","27.14402151"
"ESTACIÓN TRÁFICO CENTRO","2020-10-10","","33.69147775"
"ESTACIÓN TRÁFICO CENTRO","2020-10-09","","42.07738319"
"ESTACIÓN TRÁFICO CENTRO","2020-10-08","","44.4551922"
"ESTACIÓN TRÁFICO CENTRO","2020-10-07","","44.13508173"
"ESTACIÓN TRÁFICO CENTRO","2020-10-06","","53.07607201"
"ESTACIÓN TRÁFICO CENTRO","2020-10-05","","46.79752676"
"ESTACIÓN TRÁFICO CENTRO","2020-10-04","","29.60185029"
"ESTACIÓN TRÁFICO CENTRO","2020-10-03","","58.09265338"
"ESTACIÓN TRÁFICO CENTRO","2020-10-02","","46.80387817"
"ESTACIÓN TRÁFICO CENTRO","2020-10-01","","36.91067365"
"ESTACIÓN TRÁFICO CENTRO","2020-09-30","","43.07001424"
"ESTACIÓN TRÁFICO CENTRO","2020-09-29","","45.19956499"
"ESTACIÓN TRÁFICO CENTRO","2020-09-28","","31.25031421"
"ESTACIÓN TRÁFICO CENTRO","2020-09-27","","23.53014859"
"ESTACIÓN TRÁFICO CENTRO","2020-09-26","","33.80023665"
"ESTACIÓN TRÁFICO CENTRO","2020-09-25","","35.26687161"
"ESTACIÓN TRÁFICO CENTRO","2020-09-24","","36.43185558"
"ESTACIÓN TRÁFICO CENTRO","2020-09-23","","37.86847431"
"ESTACIÓN TRÁFICO CENTRO","2020-09-22","","43.18423862"
"ESTACIÓN TRÁFICO CENTRO","2020-09-21","","49.28767574"
"ESTACIÓN TRÁFICO CENTRO","2020-09-20","","30.88237835"
"ESTACIÓN TRÁFICO CENTRO","2020-09-19","","47.31484361"
"ESTACIÓN TRÁFICO CENTRO","2020-09-18","","55.76585865"
"ESTACIÓN TRÁFICO CENTRO","2020-09-17","","39.94826994"
"ESTACIÓN TRÁFICO CENTRO","2020-09-16","","41.77027114"
"ESTACIÓN TRÁFICO CENTRO","2020-09-15","","41.77921098"
"ESTACIÓN TRÁFICO CENTRO","2020-09-14","","34.78021062"
"ESTACIÓN TRÁFICO CENTRO","2020-09-13","","23.42217321"
"ESTACIÓN TRÁFICO CENTRO","2020-09-12","","37.05486282"
"ESTACIÓN TRÁFICO CENTRO","2020-09-11","","38.75243708"
"ESTACIÓN TRÁFICO CENTRO","2020-09-10","","42.42222904"
"ESTACIÓN TRÁFICO CENTRO","2020-09-09","","46.5637013"
"ESTACIÓN TRÁFICO CENTRO","2020-09-08","","58.91964721"
"ESTACIÓN TRÁFICO CENTRO","2020-09-07","","41.0681765"
"ESTACIÓN TRÁFICO CENTRO","2020-09-06","","25.33037821"
"ESTACIÓN TRÁFICO CENTRO","2020-09-05","","38.41667994"
"ESTACIÓN TRÁFICO CENTRO","2020-09-04","","53.12282399"
"ESTACIÓN TRÁFICO CENTRO","2020-09-03","","59.35895448"
"ESTACIÓN TRÁFICO CENTRO","2020-09-02","","66.73030029"
"ESTACIÓN TRÁFICO CENTRO","2020-09-01","","58.49770577"
"ESTACIÓN TRÁFICO CENTRO","2020-08-31","","42.98087885"
"ESTACIÓN TRÁFICO CENTRO","2020-08-30","","25.31097069"
"ESTACIÓN TRÁFICO CENTRO","2020-08-29","","34.31861409"
"ESTACIÓN TRÁFICO CENTRO","2020-08-28","","34.28212607"
"ESTACIÓN TRÁFICO CENTRO","2020-08-27","","35.88654894"
"ESTACIÓN TRÁFICO CENTRO","2020-08-26","","39.18113407"
"ESTACIÓN TRÁFICO CENTRO","2020-08-25","","39.69742738"
"ESTACIÓN TRÁFICO CENTRO","2020-08-24","","54.13854165"
"ESTACIÓN TRÁFICO CENTRO","2020-08-23","","28.0107079"
"ESTACIÓN TRÁFICO CENTRO","2020-08-22","","46.02698975"
"ESTACIÓN TRÁFICO CENTRO","2020-08-21","","35.95361731"
"ESTACIÓN TRÁFICO CENTRO","2020-08-20","","39.47340462"
"ESTACIÓN TRÁFICO CENTRO","2020-08-19","","37.43218512"
"ESTACIÓN TRÁFICO CENTRO","2020-08-18","","38.25930431"
"ESTACIÓN TRÁFICO CENTRO","2020-08-17","","19.07164506"
"ESTACIÓN TRÁFICO CENTRO","2020-08-16","","17.70339533"
"ESTACIÓN TRÁFICO CENTRO","2020-08-15","","24.95516355"
"ESTACIÓN TRÁFICO CENTRO","2020-08-14","","42.82047103"
"ESTACIÓN TRÁFICO CENTRO","2020-08-13","","40.38138378"
"ESTACIÓN TRÁFICO CENTRO","2020-08-12","","38.68872996"
"ESTACIÓN TRÁFICO CENTRO","2020-08-11","","45.0627408"
"ESTACIÓN TRÁFICO CENTRO","2020-08-10","","34.28978879"
"ESTACIÓN TRÁFICO CENTRO","2020-08-09","","14.66613472"
"ESTACIÓN TRÁFICO CENTRO","2020-08-08","","18.26032813"
"ESTACIÓN TRÁFICO CENTRO","2020-08-07","","17.4623331"
"ESTACIÓN TRÁFICO CENTRO","2020-08-06","","43.94982101"
"ESTACIÓN TRÁFICO CENTRO","2020-08-05","","40.43444302"
"ESTACIÓN TRÁFICO CENTRO","2020-08-04","","34.37823879"
"ESTACIÓN TRÁFICO CENTRO","2020-08-03","","40.31619583"
"ESTACIÓN TRÁFICO CENTRO","2020-08-02","","18.40209738"
"ESTACIÓN TRÁFICO CENTRO","2020-08-01","","24.47945602"
"ESTACIÓN TRÁFICO CENTRO","2020-07-31","","35.06241492"
"ESTACIÓN TRÁFICO CENTRO","2020-07-30","","41.32881038"
"ESTACIÓN TRÁFICO CENTRO","2020-07-29","","34.24606115"
"ESTACIÓN TRÁFICO CENTRO","2020-07-28","","34.71321276"
"ESTACIÓN TRÁFICO CENTRO","2020-07-27","","36.78610354"
"ESTACIÓN TRÁFICO CENTRO","2020-07-26","","15.79827447"
"ESTACIÓN TRÁFICO CENTRO","2020-07-25","","26.50376923"
"ESTACIÓN TRÁFICO CENTRO","2020-07-24","","32.06541437"
"ESTACIÓN TRÁFICO CENTRO","2020-07-23","","39.84540873"
"ESTACIÓN TRÁFICO CENTRO","2020-07-22","","36.58363015"
"ESTACIÓN TRÁFICO CENTRO","2020-07-21","","29.54200587"
"ESTACIÓN TRÁFICO CENTRO","2020-07-20","","11.72408787"
"ESTACIÓN TRÁFICO CENTRO","2020-07-19","","12.88801685"
"ESTACIÓN TRÁFICO CENTRO","2020-07-18","","20.80512083"
"ESTACIÓN TRÁFICO CENTRO","2020-07-17","","22.64010579"
"ESTACIÓN TRÁFICO CENTRO","2020-07-16","","41.04128219"
"ESTACIÓN TRÁFICO CENTRO","2020-07-15","","44.5758526"
"ESTACIÓN TRÁFICO CENTRO","2020-07-14","","40.07859172"
"ESTACIÓN TRÁFICO CENTRO","2020-07-13","","33.38396611"
"ESTACIÓN TRÁFICO CENTRO","2020-07-12","","24.99438602"
"ESTACIÓN TRÁFICO CENTRO","2020-07-11","","54.88731777"
"ESTACIÓN TRÁFICO CENTRO","2020-07-10","","45.02861898"
"ESTACIÓN TRÁFICO CENTRO","2020-07-09","","46.05275936"
"ESTACIÓN TRÁFICO CENTRO","2020-07-08","","39.74703133"
"ESTACIÓN TRÁFICO CENTRO","2020-07-07","","42.94480609"
"ESTACIÓN TRÁFICO CENTRO","2020-07-06","","41.26615357"
"ESTACIÓN TRÁFICO CENTRO","2020-07-05","","29.92643834"
"ESTACIÓN TRÁFICO CENTRO","2020-07-04","","42.7153868"
"ESTACIÓN TRÁFICO CENTRO","2020-07-03","","36.35971007"
"ESTACIÓN TRÁFICO CENTRO","2020-07-02","","40.46820443"
"ESTACIÓN TRÁFICO CENTRO","2020-07-01","","45.58538836"
"ESTACIÓN TRÁFICO CENTRO","2020-06-30","","40.23858142"
"ESTACIÓN TRÁFICO CENTRO","2020-06-29","","25.20239984"
"ESTACIÓN TRÁFICO CENTRO","2020-06-28","","24.77414809"
"ESTACIÓN TRÁFICO CENTRO","2020-06-27","","40.44665793"
"ESTACIÓN TRÁFICO CENTRO","2020-06-26","","41.19099938"
"ESTACIÓN TRÁFICO CENTRO","2020-06-25","","38.31295901"
"ESTACIÓN TRÁFICO CENTRO","2020-06-24","","37.41891248"
"ESTACIÓN TRÁFICO CENTRO","2020-06-23","","38.5970594"
"ESTACIÓN TRÁFICO CENTRO","2020-06-22","","20.75190733"
"ESTACIÓN TRÁFICO CENTRO","2020-06-21","","24.26113122"
"ESTACIÓN TRÁFICO CENTRO","2020-06-20","","36.45842437"
"ESTACIÓN TRÁFICO CENTRO","2020-06-19","","44.0677548"
"ESTACIÓN TRÁFICO CENTRO","2020-06-18","","45.91691456"
"ESTACIÓN TRÁFICO CENTRO","2020-06-17","","46.03279555"
"ESTACIÓN TRÁFICO CENTRO","2020-06-16","","45.26832575"
"ESTACIÓN TRÁFICO CENTRO","2020-06-15","","23.76545987"
"ESTACIÓN TRÁFICO CENTRO","2020-06-14","","21.15804353"
"ESTACIÓN TRÁFICO CENTRO","2020-06-13","","35.47839556"
"ESTACIÓN TRÁFICO CENTRO","2020-06-12","","50.38460865"
"ESTACIÓN TRÁFICO CENTRO","2020-06-11","","43.68986054"
"ESTACIÓN TRÁFICO CENTRO","2020-06-10","","50.611317"
"ESTACIÓN TRÁFICO CENTRO","2020-06-09","","50.72039429"
"ESTACIÓN TRÁFICO CENTRO","2020-06-08","","30.94759764"
"ESTACIÓN TRÁFICO CENTRO","2020-06-07","","26.39150022"
"ESTACIÓN TRÁFICO CENTRO","2020-06-06","","47.17735344"
"ESTACIÓN TRÁFICO CENTRO","2020-06-05","","38.1581073"
"ESTACIÓN TRÁFICO CENTRO","2020-06-04","","41.24983308"
"ESTACIÓN TRÁFICO CENTRO","2020-06-03","","44.74624231"
"ESTACIÓN TRÁFICO CENTRO","2020-06-02","","36.3983449"
"ESTACIÓN TRÁFICO CENTRO","2020-06-01","","39.39237595"
"ESTACIÓN TRÁFICO CENTRO","2020-05-31","","22.64817593"
"ESTACIÓN TRÁFICO CENTRO","2020-05-30","","42.85057345"
"ESTACIÓN TRÁFICO CENTRO","2020-05-29","","46.63843239"
"ESTACIÓN TRÁFICO CENTRO","2020-05-28","","36.57825497"
"ESTACIÓN TRÁFICO CENTRO","2020-05-27","","39.40932325"
"ESTACIÓN TRÁFICO CENTRO","2020-05-26","","24.90997075"
"ESTACIÓN TRÁFICO CENTRO","2020-05-25","","18.7955678"
"ESTACIÓN TRÁFICO CENTRO","2020-05-24","","18.37477642"
"ESTACIÓN TRÁFICO CENTRO","2020-05-23","","38.39879243"
"ESTACIÓN TRÁFICO CENTRO","2020-05-22","","44.70970728"
"ESTACIÓN TRÁFICO CENTRO","2020-05-21","","32.61452103"
"ESTACIÓN TRÁFICO CENTRO","2020-05-20","","29.15763199"
"ESTACIÓN TRÁFICO CENTRO","2020-05-19","","52.17810636"
"ESTACIÓN TRÁFICO CENTRO","2020-05-18","","28.03191749"
"ESTACIÓN TRÁFICO CENTRO","2020-05-17","","15.87966827"
"ESTACIÓN TRÁFICO CENTRO","2020-05-16","","32.07935299"
"ESTACIÓN TRÁFICO CENTRO","2020-05-15","","38.37079608"
"ESTACIÓN TRÁFICO CENTRO","2020-05-14","","23.72590833"
"ESTACIÓN TRÁFICO CENTRO","2020-05-13","","31.15392692"
"ESTACIÓN TRÁFICO CENTRO","2020-05-12","","32.13616523"
"ESTACIÓN TRÁFICO CENTRO","2020-05-11","","28.47916014"
"ESTACIÓN TRÁFICO CENTRO","2020-05-10","","11.25311772"
"ESTACIÓN TRÁFICO CENTRO","2020-05-09","","18.51714785"
"ESTACIÓN TRÁFICO CENTRO","2020-05-08","","23.37394039"
"ESTACIÓN TRÁFICO CENTRO","2020-05-07","","22.64068559"
"ESTACIÓN TRÁFICO CENTRO","2020-05-06","","23.96097672"
"ESTACIÓN TRÁFICO CENTRO","2020-05-05","","22.0816832"
"ESTACIÓN TRÁFICO CENTRO","2020-05-04","","19.44012938"
"ESTACIÓN TRÁFICO CENTRO","2020-05-03","","17.2208791"
"ESTACIÓN TRÁFICO CENTRO","2020-05-02","","20.61268988"
"ESTACIÓN TRÁFICO CENTRO","2020-05-01","","24.15773936"
"ESTACIÓN TRÁFICO CENTRO","2020-04-30","","30.67577484"
"ESTACIÓN TRÁFICO CENTRO","2020-04-29","","26.34763155"
"ESTACIÓN TRÁFICO CENTRO","2020-04-28","","23.98673067"
"ESTACIÓN TRÁFICO CENTRO","2020-04-27","","28.86561032"
"ESTACIÓN TRÁFICO CENTRO","2020-04-26","","13.8680009"
"ESTACIÓN TRÁFICO CENTRO","2020-04-25","","24.22891332"
"ESTACIÓN TRÁFICO CENTRO","2020-04-24","","36.28750187"
"ESTACIÓN TRÁFICO CENTRO","2020-04-23","","30.37406694"
"ESTACIÓN TRÁFICO CENTRO","2020-04-22","","41.98895114"
"ESTACIÓN TRÁFICO CENTRO","2020-04-21","","38.86474527"
"ESTACIÓN TRÁFICO CENTRO","2020-04-20","","29.59149902"
"ESTACIÓN TRÁFICO CENTRO","2020-04-19","","25.00250429"
"ESTACIÓN TRÁFICO CENTRO","2020-04-18","","29.36558783"
"ESTACIÓN TRÁFICO CENTRO","2020-04-17","","27.89246855"
"ESTACIÓN TRÁFICO CENTRO","2020-04-16","","30.22370578"
"ESTACIÓN TRÁFICO CENTRO","2020-04-15","","22.22771363"
"ESTACIÓN TRÁFICO CENTRO","2020-04-14","","25.46605064"
"ESTACIÓN TRÁFICO CENTRO","2020-04-13","","27.79353985"
"ESTACIÓN TRÁFICO CENTRO","2020-04-12","","13.1053175"
"ESTACIÓN TRÁFICO CENTRO","2020-04-11","","23.64739028"
"ESTACIÓN TRÁFICO CENTRO","2020-04-10","","7.92541365"
"ESTACIÓN TRÁFICO CENTRO","2020-04-09","","12.72438678"
"ESTACIÓN TRÁFICO CENTRO","2020-04-08","","16.60646756"
"ESTACIÓN TRÁFICO CENTRO","2020-04-07","","16.30979486"
"ESTACIÓN TRÁFICO CENTRO","2020-04-04","","14.2817783"
"ESTACIÓN TRÁFICO CENTRO","2020-04-03","","10.19663047"
"ESTACIÓN TRÁFICO CENTRO","2020-04-02","","3.30135696"
"ESTACIÓN TRÁFICO CENTRO","2020-04-01","","4.96869829"
"ESTACIÓN TRÁFICO CENTRO","2020-03-31","","6.03273945"
"ESTACIÓN TRÁFICO CENTRO","2020-03-30","","7.59168784"
"ESTACIÓN TRÁFICO CENTRO","2020-03-29","","4.48552676"
"ESTACIÓN TRÁFICO CENTRO","2020-03-28","","3.77195783"
"ESTACIÓN TRÁFICO CENTRO","2020-03-27","","5.41419585"
"ESTACIÓN TRÁFICO CENTRO","2020-03-26","","5.03458997"
"ESTACIÓN TRÁFICO CENTRO","2020-03-25","","7.67984624"
"ESTACIÓN TRÁFICO CENTRO","2020-03-24","","22.55132432"
"ESTACIÓN TRÁFICO CENTRO","2020-03-23","","17.5220835"
"ESTACIÓN TRÁFICO CENTRO","2020-03-22","","18.74096035"
"ESTACIÓN TRÁFICO CENTRO","2020-03-21","","21.0264831"
"ESTACIÓN TRÁFICO CENTRO","2020-03-20","","54.1436705"
"ESTACIÓN TRÁFICO CENTRO","2020-03-19","","44.24019731"
"ESTACIÓN TRÁFICO CENTRO","2020-03-18","","46.69055142"
"ESTACIÓN TRÁFICO CENTRO","2020-03-17","","57.97465692"
"ESTACIÓN TRÁFICO CENTRO","2020-03-16","","52.53550559"
"ESTACIÓN TRÁFICO CENTRO","2020-03-15","","37.99898342"
"ESTACIÓN TRÁFICO CENTRO","2020-03-14","","54.34723713"
"ESTACIÓN TRÁFICO CENTRO","2020-03-13","","50.02721882"
"ESTACIÓN TRÁFICO CENTRO","2020-03-12","","45.50118703"
"ESTACIÓN TRÁFICO CENTRO","2020-03-11","","56.51577869"
"ESTACIÓN TRÁFICO CENTRO","2020-03-10","","54.38962912"
"ESTACIÓN TRÁFICO CENTRO","2020-03-09","","53.21375492"
"ESTACIÓN TRÁFICO CENTRO","2020-03-08","","39.47237793"
"ESTACIÓN TRÁFICO CENTRO","2020-03-07","","52.33072766"
"ESTACIÓN TRÁFICO CENTRO","2020-03-06","","48.94583357"
"ESTACIÓN TRÁFICO CENTRO","2020-03-05","","54.56622435"
"ESTACIÓN TRÁFICO CENTRO","2020-03-04","","60.22581951"
"ESTACIÓN TRÁFICO CENTRO","2020-03-03","","48.68883714"
"ESTACIÓN TRÁFICO CENTRO","2020-03-02","","55.75200465"
"ESTACIÓN TRÁFICO CENTRO","2020-03-01","","35.49957517"
"ESTACIÓN TRÁFICO CENTRO","2020-02-29","","46.84375878"
"ESTACIÓN TRÁFICO CENTRO","2020-02-28","","54.69397907"
"ESTACIÓN TRÁFICO CENTRO","2020-02-27","","55.06038709"
"ESTACIÓN TRÁFICO CENTRO","2020-02-26","","52.71000873"
"ESTACIÓN TRÁFICO CENTRO","2020-02-25","","53.88794411"
"ESTACIÓN TRÁFICO CENTRO","2020-02-24","","43.63712492"
"ESTACIÓN TRÁFICO CENTRO","2020-02-23","","34.85480852"
"ESTACIÓN TRÁFICO CENTRO","2020-02-22","","57.49177244"
"ESTACIÓN TRÁFICO CENTRO","2020-02-21","","61.38444139"
"ESTACIÓN TRÁFICO CENTRO","2020-02-20","","66.1938029"
"ESTACIÓN TRÁFICO CENTRO","2020-02-19","","64.54607735"
"ESTACIÓN TRÁFICO CENTRO","2020-02-18","","50.49132259"
"ESTACIÓN TRÁFICO CENTRO","2020-02-17","","41.39547174"
"ESTACIÓN TRÁFICO CENTRO","2020-02-16","","30.66864491"
"ESTACIÓN TRÁFICO CENTRO","2020-02-15","","48.71965187"
"ESTACIÓN TRÁFICO CENTRO","2020-02-14","","54.09088863"
"ESTACIÓN TRÁFICO CENTRO","2020-02-13","","50.86355991"
"ESTACIÓN TRÁFICO CENTRO","2020-02-12","","55.96019241"
"ESTACIÓN TRÁFICO CENTRO","2020-02-11","","47.39979166"
"ESTACIÓN TRÁFICO CENTRO","2020-02-10","","47.46971985"
"ESTACIÓN TRÁFICO CENTRO","2020-02-09","","30.84610971"
"ESTACIÓN TRÁFICO CENTRO","2020-02-08","","45.16515327"
"ESTACIÓN TRÁFICO CENTRO","2020-02-07","","59.04037812"
"ESTACIÓN TRÁFICO CENTRO","2020-02-06","","52.89877957"
"ESTACIÓN TRÁFICO CENTRO","2020-02-05","","49.16868876"
"ESTACIÓN TRÁFICO CENTRO","2020-02-04","","41.00610691"
"ESTACIÓN TRÁFICO CENTRO","2020-02-03","","38.11393987"
"ESTACIÓN TRÁFICO CENTRO","2020-02-02","","31.83738188"
"ESTACIÓN TRÁFICO CENTRO","2020-02-01","","43.59299531"
"ESTACIÓN TRÁFICO CENTRO","2020-01-31","","38.80362373"
"ESTACIÓN TRÁFICO CENTRO","2020-01-30","","38.65817311"
"ESTACIÓN TRÁFICO CENTRO","2020-01-29","","47.51104995"
"ESTACIÓN TRÁFICO CENTRO","2020-01-28","","40.39679541"
"ESTACIÓN TRÁFICO CENTRO","2020-01-27","","58.6309868"
"ESTACIÓN TRÁFICO CENTRO","2020-01-26","","20.43233392"
"ESTACIÓN TRÁFICO CENTRO","2020-01-25","","30.86196793"
"ESTACIÓN TRÁFICO CENTRO","2020-01-24","","33.9040516"
"ESTACIÓN TRÁFICO CENTRO","2020-01-23","","56.01491716"
"ESTACIÓN TRÁFICO CENTRO","2020-01-22","","41.82671043"
"ESTACIÓN TRÁFICO CENTRO","2020-01-21","","46.64529593"
"ESTACIÓN TRÁFICO CENTRO","2020-01-20","","53.64956931"
"ESTACIÓN TRÁFICO CENTRO","2020-01-19","","27.44972324"
"ESTACIÓN TRÁFICO CENTRO","2020-01-18","","36.92858466"
"ESTACIÓN TRÁFICO CENTRO","2020-01-17","","40.67000502"
"ESTACIÓN TRÁFICO CENTRO","2020-01-16","","39.25748703"
"ESTACIÓN TRÁFICO CENTRO","2020-01-15","","49.52264682"
"ESTACIÓN TRÁFICO CENTRO","2020-01-14","","38.51540208"
"ESTACIÓN TRÁFICO CENTRO","2020-01-13","","44.15125336"
"ESTACIÓN TRÁFICO CENTRO","2020-01-12","","34.94423824"
"ESTACIÓN TRÁFICO CENTRO","2020-01-11","","42.40166193"
"ESTACIÓN TRÁFICO CENTRO","2020-01-10","","40.28354701"
"ESTACIÓN TRÁFICO CENTRO","2020-01-09","","47.11903615"
"ESTACIÓN TRÁFICO CENTRO","2020-01-08","","37.59916657"
"ESTACIÓN TRÁFICO CENTRO","2020-01-07","","40.52482079"
"ESTACIÓN TRÁFICO CENTRO","2020-01-06","","24.0045555"
"ESTACIÓN TRÁFICO CENTRO","2020-01-05","","27.56096586"
"ESTACIÓN TRÁFICO CENTRO","2020-01-04","","37.594395"
"ESTACIÓN TRÁFICO CENTRO","2020-01-03","","36.303697"
"ESTACIÓN TRÁFICO CENTRO","2020-01-02","","28.95815841"
"ESTACIÓN TRÁFICO CENTRO","2020-01-01","","23.55957363"
"ESTACIÓN TRÁFICO CENTRO","2019-12-31","","41.19052144"
"ESTACIÓN TRÁFICO CENTRO","2019-12-30","","54.14385384"
"ESTACIÓN TRÁFICO CENTRO","2019-12-29","","34.20310918"
"ESTACIÓN TRÁFICO CENTRO","2019-12-28","","35.0027507"
"ESTACIÓN TRÁFICO CENTRO","2019-12-27","","41.51189335"
"ESTACIÓN TRÁFICO CENTRO","2019-12-26","","38.58905977"
"ESTACIÓN TRÁFICO CENTRO","2019-12-25","","20.41703199"
"ESTACIÓN TRÁFICO CENTRO","2019-12-24","","37.06543236"
"ESTACIÓN TRÁFICO CENTRO","2019-12-23","","36.94625279"
"ESTACIÓN TRÁFICO CENTRO","2019-12-22","","35.49502945"
"ESTACIÓN TRÁFICO CENTRO","2019-12-21","","34.69572484"
"ESTACIÓN TRÁFICO CENTRO","2019-12-20","","46.4455582"
"ESTACIÓN TRÁFICO CENTRO","2019-12-18","","63.54563028"
"ESTACIÓN TRÁFICO CENTRO","2019-12-17","","58.6442516"
"ESTACIÓN TRÁFICO CENTRO","2019-12-16","","43.46552622"
"ESTACIÓN TRÁFICO CENTRO","2019-12-15","","37.8501402"
"ESTACIÓN TRÁFICO CENTRO","2019-12-14","","53.74355906"
"ESTACIÓN TRÁFICO CENTRO","2019-12-13","","56.90794849"
"ESTACIÓN TRÁFICO CENTRO","2019-12-12","","51.35330793"
"ESTACIÓN TRÁFICO CENTRO","2019-12-11","","57.01327561"
"ESTACIÓN TRÁFICO CENTRO","2019-12-10","","65.07469077"
"ESTACIÓN TRÁFICO CENTRO","2019-12-04","","29.567846"
"ESTACIÓN TRÁFICO CENTRO","2019-12-03","","43.46254888"
"ESTACIÓN TRÁFICO CENTRO","2019-12-02","","39.17353403"
"ESTACIÓN TRÁFICO CENTRO","2019-12-01","","23.80875658"
"ESTACIÓN TRÁFICO CENTRO","2019-11-30","","39.65707666"
"ESTACIÓN TRÁFICO CENTRO","2019-11-29","","48.15375461"
"ESTACIÓN TRÁFICO CENTRO","2019-11-28","","44.3357149"
"ESTACIÓN TRÁFICO CENTRO","2019-11-27","","35.10258543"
"ESTACIÓN TRÁFICO CENTRO","2019-11-26","","36.98147016"
"ESTACIÓN TRÁFICO CENTRO","2019-11-25","","43.15168382"
"ESTACIÓN TRÁFICO CENTRO","2019-11-24","","31.53595027"
"ESTACIÓN TRÁFICO CENTRO","2019-11-23","","69.90250914"
"ESTACIÓN TRÁFICO CENTRO","2019-11-22","","58.80951717"
"ESTACIÓN TRÁFICO CENTRO","2019-11-21","","33.11884231"
"ESTACIÓN TRÁFICO CENTRO","2019-11-20","","49.14070965"
"ESTACIÓN TRÁFICO CENTRO","2019-11-19","","55.10127059"
"ESTACIÓN TRÁFICO CENTRO","2019-11-18","","51.69211292"
"ESTACIÓN TRÁFICO CENTRO","2019-11-17","","30.44376997"
"ESTACIÓN TRÁFICO CENTRO","2019-11-16","","52.98116147"
"ESTACIÓN TRÁFICO CENTRO","2019-11-15","","54.0038251"
"ESTACIÓN TRÁFICO CENTRO","2019-11-14","","63.57211625"
"ESTACIÓN TRÁFICO CENTRO","2019-11-13","","55.45924021"
"ESTACIÓN TRÁFICO CENTRO","2019-11-12","","55.29174276"
"ESTACIÓN TRÁFICO CENTRO","2019-11-11","","34.09332389"
"ESTACIÓN TRÁFICO CENTRO","2019-11-10","","47.62593589"
"ESTACIÓN TRÁFICO CENTRO","2019-11-09","","63.85728221"
"ESTACIÓN TRÁFICO CENTRO","2019-11-08","","54.55804024"
"ESTACIÓN TRÁFICO CENTRO","2019-11-07","","50.08049744"
"ESTACIÓN TRÁFICO CENTRO","2019-11-06","","46.12780386"
"ESTACIÓN TRÁFICO CENTRO","2019-11-05","","57.32692996"
"ESTACIÓN TRÁFICO CENTRO","2019-11-04","","37.32512644"
"ESTACIÓN TRÁFICO CENTRO","2019-11-03","","41.01268055"
"ESTACIÓN TRÁFICO CENTRO","2019-11-02","","58.79539834"
"ESTACIÓN TRÁFICO CENTRO","2019-11-01","","67.60812818"
"ESTACIÓN TRÁFICO CENTRO","2019-10-31","","50.73330937"
"ESTACIÓN TRÁFICO CENTRO","2019-10-30","","54.98788329"
"ESTACIÓN TRÁFICO CENTRO","2019-10-29","","52.11772289"
"ESTACIÓN TRÁFICO CENTRO","2019-10-28","","62.82940449"
"ESTACIÓN TRÁFICO CENTRO","2019-10-27","","43.83108021"
"ESTACIÓN TRÁFICO CENTRO","2019-10-26","","53.06523608"
"ESTACIÓN TRÁFICO CENTRO","2019-10-25","","59.71772171"
"ESTACIÓN TRÁFICO CENTRO","2019-10-24","","60.58727575"
"ESTACIÓN TRÁFICO CENTRO","2019-10-23","","57.77747902"
"ESTACIÓN TRÁFICO CENTRO","2019-10-22","","58.09024018"
"ESTACIÓN TRÁFICO CENTRO","2019-10-21","","50.10289796"
"ESTACIÓN TRÁFICO CENTRO","2019-10-20","","34.10241259"
"ESTACIÓN TRÁFICO CENTRO","2019-10-19","","57.42704675"
"ESTACIÓN TRÁFICO CENTRO","2019-10-18","","56.84528343"
"ESTACIÓN TRÁFICO CENTRO","2019-10-17","","58.47685489"
"ESTACIÓN TRÁFICO CENTRO","2019-10-16","","52.89732225"
"ESTACIÓN TRÁFICO CENTRO","2019-10-15","","44.13844299"
"ESTACIÓN TRÁFICO CENTRO","2019-10-14","","32.44352017"
"ESTACIÓN TRÁFICO CENTRO","2019-10-13","","46.24780611"
"ESTACIÓN TRÁFICO CENTRO","2019-10-12","","59.40090199"
"ESTACIÓN TRÁFICO CENTRO","2019-10-11","","59.90362355"
"ESTACIÓN TRÁFICO CENTRO","2019-10-10","","59.62336372"
"ESTACIÓN TRÁFICO CENTRO","2019-10-09","","46.49357724"
"ESTACIÓN TRÁFICO CENTRO","2019-10-08","","50.17244223"
"ESTACIÓN TRÁFICO CENTRO","2019-10-07","","42.43471818"
"ESTACIÓN TRÁFICO CENTRO","2019-10-06","","38.09972701"
"ESTACIÓN TRÁFICO CENTRO","2019-10-05","","49.06377689"
"ESTACIÓN TRÁFICO CENTRO","2019-10-04","","46.67567258"
"ESTACIÓN TRÁFICO CENTRO","2019-10-03","","50.37414881"
"ESTACIÓN TRÁFICO CENTRO","2019-10-02","","47.24804163"
"ESTACIÓN TRÁFICO CENTRO","2019-10-01","","47.13143981"
"ESTACIÓN TRÁFICO CENTRO","2019-09-30","","58.57191591"
"ESTACIÓN TRÁFICO CENTRO","2019-09-29","","33.92233087"
"ESTACIÓN TRÁFICO CENTRO","2019-09-28","","47.30496356"
"ESTACIÓN TRÁFICO CENTRO","2019-09-27","","48.4359119"
"ESTACIÓN TRÁFICO CENTRO","2019-09-26","","54.28680222"
"ESTACIÓN TRÁFICO CENTRO","2019-09-25","","63.11824511"
"ESTACIÓN TRÁFICO CENTRO","2019-09-24","","56.71031616"
"ESTACIÓN TRÁFICO CENTRO","2019-09-23","","58.80962686"
"ESTACIÓN TRÁFICO CENTRO","2019-09-22","","36.96642815"
"ESTACIÓN TRÁFICO CENTRO","2019-09-21","","53.97840807"
"ESTACIÓN TRÁFICO CENTRO","2019-09-20","","55.13522004"
"ESTACIÓN TRÁFICO CENTRO","2019-09-19","","52.62599067"
"ESTACIÓN TRÁFICO CENTRO","2019-09-18","","58.07050358"
"ESTACIÓN TRÁFICO CENTRO","2019-09-17","","47.96043158"
"ESTACIÓN TRÁFICO CENTRO","2019-09-16","","54.99214345"
"ESTACIÓN TRÁFICO CENTRO","2019-09-15","","37.3705778"
"ESTACIÓN TRÁFICO CENTRO","2019-09-14","","46.95926369"
"ESTACIÓN TRÁFICO CENTRO","2019-09-13","","53.94806903"
"ESTACIÓN TRÁFICO CENTRO","2019-09-12","","56.8748609"
"ESTACIÓN TRÁFICO CENTRO","2019-09-11","","61.00418877"
"ESTACIÓN TRÁFICO CENTRO","2019-09-10","","56.25657039"
"ESTACIÓN TRÁFICO CENTRO","2019-09-09","","58.24171598"
"ESTACIÓN TRÁFICO CENTRO","2019-09-08","","43.97834858"
"ESTACIÓN TRÁFICO CENTRO","2019-09-07","","54.26011092"
"ESTACIÓN TRÁFICO CENTRO","2019-09-06","","84.48242988"
"ESTACIÓN TRÁFICO CENTRO","2019-09-05","","54.94208505"
"ESTACIÓN TRÁFICO CENTRO","2019-09-04","","59.39071637"
"ESTACIÓN TRÁFICO CENTRO","2019-09-03","","58.39283138"
"ESTACIÓN TRÁFICO CENTRO","2019-09-02","","55.71029219"
"ESTACIÓN TRÁFICO CENTRO","2019-09-01","","40.03033255"
"ESTACIÓN TRÁFICO CENTRO","2019-08-31","","64.78013053"
"ESTACIÓN TRÁFICO CENTRO","2019-08-30","","63.12948847"
"ESTACIÓN TRÁFICO CENTRO","2019-08-29","","65.25709168"
"ESTACIÓN TRÁFICO CENTRO","2019-08-28","","72.15330349"
"ESTACIÓN TRÁFICO CENTRO","2019-08-27","","60.71485454"
"ESTACIÓN TRÁFICO CENTRO","2019-08-26","","61.54488054"
"ESTACIÓN TRÁFICO CENTRO","2019-08-25","","39.66717609"
"ESTACIÓN TRÁFICO CENTRO","2019-08-24","","59.68727455"
"ESTACIÓN TRÁFICO CENTRO","2019-08-23","","63.53080181"
"ESTACIÓN TRÁFICO CENTRO","2019-08-22","","66.95924164"
"ESTACIÓN TRÁFICO CENTRO","2019-08-21","","65.12548495"
"ESTACIÓN TRÁFICO CENTRO","2019-08-20","","57.55713277"
"ESTACIÓN TRÁFICO CENTRO","2019-08-19","","40.83831061"
"ESTACIÓN TRÁFICO CENTRO","2019-08-18","","42.3801311"
"ESTACIÓN TRÁFICO CENTRO","2019-08-17","","71.44708758"
"ESTACIÓN TRÁFICO CENTRO","2019-08-16","","80.92131063"
"ESTACIÓN TRÁFICO CENTRO","2019-08-15","","74.63080619"
"ESTACIÓN TRÁFICO CENTRO","2019-08-14","","47.68921208"
"ESTACIÓN TRÁFICO CENTRO","2019-08-13","","51.30118891"
"ESTACIÓN TRÁFICO CENTRO","2019-08-12","","52.59376733"
"ESTACIÓN TRÁFICO CENTRO","2019-08-11","","39.48231496"
"ESTACIÓN TRÁFICO CENTRO","2019-08-10","","55.68910611"
"ESTACIÓN TRÁFICO CENTRO","2019-08-09","","53.04152709"
"ESTACIÓN TRÁFICO CENTRO","2019-08-08","","51.46574148"
"ESTACIÓN TRÁFICO CENTRO","2019-08-07","","49.03285179"
"ESTACIÓN TRÁFICO CENTRO","2019-08-06","","73.28148604"
"ESTACIÓN TRÁFICO CENTRO","2019-08-05","","52.9369443"
"ESTACIÓN TRÁFICO CENTRO","2019-08-04","","37.00836939"
"ESTACIÓN TRÁFICO CENTRO","2019-08-03","","55.603923"
"ESTACIÓN TRÁFICO CENTRO","2019-08-02","","29.343449"
"ESTACIÓN TRÁFICO CENTRO","2019-08-01","","40.72710716"
"ESTACIÓN TRÁFICO CENTRO","2019-07-31","","38.09946846"
"ESTACIÓN TRÁFICO CENTRO","2019-07-30","","39.65067539"
"ESTACIÓN TRÁFICO CENTRO","2019-07-29","","37.07246043"
"ESTACIÓN TRÁFICO CENTRO","2019-07-28","","31.62508227"
"ESTACIÓN TRÁFICO CENTRO","2019-07-27","","38.42871464"
"ESTACIÓN TRÁFICO CENTRO","2019-07-26","","36.54276913"
"ESTACIÓN TRÁFICO CENTRO","2019-07-25","","33.11228979"
"ESTACIÓN TRÁFICO CENTRO","2019-07-24","","30.19149572"
"ESTACIÓN TRÁFICO CENTRO","2019-07-23","","38.23596357"
"ESTACIÓN TRÁFICO CENTRO","2019-07-22","","37.8712401"
"ESTACIÓN TRÁFICO CENTRO","2019-07-21","","26.98330813"
"ESTACIÓN TRÁFICO CENTRO","2019-07-20","","32.80295496"
"ESTACIÓN TRÁFICO CENTRO","2019-07-19","","35.66724475"
"ESTACIÓN TRÁFICO CENTRO","2019-07-18","","38.00728078"
"ESTACIÓN TRÁFICO CENTRO","2019-07-17","","42.55925694"
"ESTACIÓN TRÁFICO CENTRO","2019-07-16","","35.30748872"
"ESTACIÓN TRÁFICO CENTRO","2019-07-15","","42.19212707"
"ESTACIÓN TRÁFICO CENTRO","2019-07-14","","26.63077606"
"ESTACIÓN TRÁFICO CENTRO","2019-07-13","","33.90353448"
"ESTACIÓN TRÁFICO CENTRO","2019-07-12","","31.15142753"
"ESTACIÓN TRÁFICO CENTRO","2019-07-11","","32.35622159"
"ESTACIÓN TRÁFICO CENTRO","2019-07-10","","33.42811685"
"ESTACIÓN TRÁFICO CENTRO","2019-07-09","","36.14173001"
"ESTACIÓN TRÁFICO CENTRO","2019-07-08","","44.59241598"
"ESTACIÓN TRÁFICO CENTRO","2019-07-07","","41.12032686"
"ESTACIÓN TRÁFICO CENTRO","2019-07-06","","44.998211"
"ESTACIÓN TRÁFICO CENTRO","2019-07-05","","47.97989395"
"ESTACIÓN TRÁFICO CENTRO","2019-07-04","","41.46344899"
"ESTACIÓN TRÁFICO CENTRO","2019-07-03","","68.93375054"
"ESTACIÓN TRÁFICO CENTRO","2019-06-27","","29.05680377"
"ESTACIÓN TRÁFICO CENTRO","2019-06-26","","42.39085734"
"ESTACIÓN TRÁFICO CENTRO","2019-06-25","","50.99801791"
"ESTACIÓN TRÁFICO CENTRO","2019-06-24","","32.80230465"
"ESTACIÓN TRÁFICO CENTRO","2019-06-23","","37.78340873"
"ESTACIÓN TRÁFICO CENTRO","2019-06-22","","39.00793939"
"ESTACIÓN TRÁFICO CENTRO","2019-06-21","","48.6861882"
"ESTACIÓN TRÁFICO CENTRO","2019-06-20","","46.02909739"
"ESTACIÓN TRÁFICO CENTRO","2019-06-19","","34.18923323"
"ESTACIÓN TRÁFICO CENTRO","2013-11-30","","3.06918793"
"ESTACIÓN TRÁFICO CENTRO","2013-11-29","","8.28692342"
"ESTACIÓN TRÁFICO CENTRO","2013-11-28","","3.46851605"
"ESTACIÓN TRÁFICO CENTRO","2013-11-27","","14.60082922"
"ESTACIÓN TRÁFICO CENTRO","2013-11-26","","8.53061741"
"ESTACIÓN TRÁFICO CENTRO","2013-11-25","","7.2422536"
"ESTACIÓN TRÁFICO CENTRO","2013-11-24","","2.60642153"
"ESTACIÓN TRÁFICO CENTRO","2013-11-23","","6.27718785"
"ESTACIÓN TRÁFICO CENTRO","2013-11-22","","5.80233652"
"ESTACIÓN TRÁFICO CENTRO","2013-11-21","","12.30130913"
"ESTACIÓN TRÁFICO CENTRO","2013-11-20","","18.08559733"
"ESTACIÓN TRÁFICO CENTRO","2013-11-19","","10.66570385"
"ESTACIÓN TRÁFICO CENTRO","2013-11-18","","16.54009538"
"ESTACIÓN TRÁFICO CENTRO","2013-11-17","","7.67958375"
"ESTACIÓN TRÁFICO CENTRO","2013-11-16","","3.77542737"
"ESTACIÓN TRÁFICO CENTRO","2013-11-15","","9.08049549"
"ESTACIÓN TRÁFICO CENTRO","2013-11-14","","5.52368077"
"ESTACIÓN TRÁFICO CENTRO","2013-11-13","","13.58631317"
"ESTACIÓN TRÁFICO CENTRO","2013-11-12","","12.87145796"
"ESTACIÓN TRÁFICO CENTRO","2013-11-11","","5.32126153"
"ESTACIÓN TRÁFICO CENTRO","2013-11-10","","5.36297467"
"ESTACIÓN TRÁFICO CENTRO","2013-11-09","","11.12258129"
"ESTACIÓN TRÁFICO CENTRO","2013-11-08","","17.169664"
"ESTACIÓN TRÁFICO CENTRO","2013-11-07","","21.78938136"
"ESTACIÓN TRÁFICO CENTRO","2013-11-06","","20.50562471"
"ESTACIÓN TRÁFICO CENTRO","2013-11-05","","22.18450238"
"ESTACIÓN TRÁFICO CENTRO","2013-11-04","","12.44188333"
"ESTACIÓN TRÁFICO CENTRO","2013-11-03","","12.9829285"
"ESTACIÓN TRÁFICO CENTRO","2013-11-02","","17.27719917"
"ESTACIÓN TRÁFICO CENTRO","2013-11-01","","18.7274332"
"ESTACIÓN TRÁFICO CENTRO","2013-10-31","","23.6475"
"ESTACIÓN TRÁFICO CENTRO","2013-10-30","","26.76162645"
"ESTACIÓN TRÁFICO CENTRO","2013-10-29","","21.46751113"
"ESTACIÓN TRÁFICO CENTRO","2013-10-28","","17.90390142"
"ESTACIÓN TRÁFICO CENTRO","2013-10-27","","13.88601871"
"ESTACIÓN TRÁFICO CENTRO","2013-10-26","","23.89981417"
"ESTACIÓN TRÁFICO CENTRO","2013-10-25","","22.87960588"
"ESTACIÓN TRÁFICO CENTRO","2013-10-24","","25.65401625"
"ESTACIÓN TRÁFICO CENTRO","2013-10-23","","20.02641167"
"ESTACIÓN TRÁFICO CENTRO","2013-10-22","","24.96402808"
"ESTACIÓN TRÁFICO CENTRO","2013-10-21","","23.97103004"
"ESTACIÓN TRÁFICO CENTRO","2013-10-20","","15.21531208"
"ESTACIÓN TRÁFICO CENTRO","2013-10-19","","28.98445542"
"ESTACIÓN TRÁFICO CENTRO","2013-10-18","","24.65123871"
"ESTACIÓN TRÁFICO CENTRO","2013-10-17","","28.47803283"
"ESTACIÓN TRÁFICO CENTRO","2013-10-16","","23.64620375"
"ESTACIÓN TRÁFICO CENTRO","2013-10-15","","23.87082917"
"ESTACIÓN TRÁFICO CENTRO","2013-10-14","","17.94060588"
"ESTACIÓN TRÁFICO CENTRO","2013-10-13","","16.92284654"
"ESTACIÓN TRÁFICO CENTRO","2013-10-12","","22.40684071"
"ESTACIÓN TRÁFICO CENTRO","2013-10-11","","25.65321783"
"ESTACIÓN TRÁFICO CENTRO","2013-10-10","","24.55280042"
"ESTACIÓN TRÁFICO CENTRO","2013-10-09","","19.19062608"
"ESTACIÓN TRÁFICO CENTRO","2013-10-08","","21.54586767"
"ESTACIÓN TRÁFICO CENTRO","2013-10-07","","20.9946625"
"ESTACIÓN TRÁFICO CENTRO","2013-10-06","","15.60620375"
"ESTACIÓN TRÁFICO CENTRO","2013-10-05","","23.63113773"
"ESTACIÓN TRÁFICO CENTRO","2013-10-04","","27.99484158"
"ESTACIÓN TRÁFICO CENTRO","2013-10-03","","29.2206825"
"ESTACIÓN TRÁFICO CENTRO","2013-10-02","","26.00657454"
"ESTACIÓN TRÁFICO CENTRO","2013-10-01","","28.11386947"
"ESTACIÓN TRÁFICO CENTRO","2013-09-30","","28.69036875"
"ESTACIÓN TRÁFICO CENTRO","2013-09-29","","18.8661"
"ESTACIÓN TRÁFICO CENTRO","2013-09-28","","37.09283625"
"ESTACIÓN TRÁFICO CENTRO","2013-09-27","","29.81523167"
"ESTACIÓN TRÁFICO CENTRO","2013-09-26","","35.53280042"
"ESTACIÓN TRÁFICO CENTRO","2013-09-25","","25.01776171"
"ESTACIÓN TRÁFICO CENTRO","2013-09-24","","25.1232065"
"ESTACIÓN TRÁFICO CENTRO","2013-09-23","","20.24743992"
"ESTACIÓN TRÁFICO CENTRO","2013-09-22","","17.50977008"
"ESTACIÓN TRÁFICO CENTRO","2013-09-21","","24.87871333"
"ESTACIÓN TRÁFICO CENTRO","2013-09-20","","25.26945"
"ESTACIÓN TRÁFICO CENTRO","2013-09-19","","20.60002388"
"ESTACIÓN TRÁFICO CENTRO","2013-09-18","","23.22663429"
"ESTACIÓN TRÁFICO CENTRO","2013-09-17","","19.98548625"
"ESTACIÓN TRÁFICO CENTRO","2013-09-16","","21.44260621"
"ESTACIÓN TRÁFICO CENTRO","2013-09-15","","13.35236025"
"ESTACIÓN TRÁFICO CENTRO","2013-09-14","","21.69744208"
"ESTACIÓN TRÁFICO CENTRO","2013-09-13","","29.13649333"
"ESTACIÓN TRÁFICO CENTRO","2013-09-12","","24.017455"
"ESTACIÓN TRÁFICO CENTRO","2013-09-11","","27.04422442"
"ESTACIÓN TRÁFICO CENTRO","2013-09-10","","25.38031333"
"ESTACIÓN TRÁFICO CENTRO","2013-09-09","","14.39551292"
"ESTACIÓN TRÁFICO CENTRO","2013-09-08","","6.01078729"
"ESTACIÓN TRÁFICO CENTRO","2013-09-07","","9.77559004"
"ESTACIÓN TRÁFICO CENTRO","2013-09-06","","11.8784845"
"ESTACIÓN TRÁFICO CENTRO","2013-09-05","","20.95219795"
"ESTACIÓN TRÁFICO CENTRO","2013-09-04","","32.891215"
"ESTACIÓN TRÁFICO CENTRO","2013-09-03","","29.05592458"
"ESTACIÓN TRÁFICO CENTRO","2013-09-02","","20.87525654"
"ESTACIÓN TRÁFICO CENTRO","2013-09-01","","13.64474567"
"ESTACIÓN TRÁFICO CENTRO","2013-08-31","","23.76119208"
"ESTACIÓN TRÁFICO CENTRO","2013-08-30","","19.83336746"
"ESTACIÓN TRÁFICO CENTRO","2013-08-29","","20.12280054"
"ESTACIÓN TRÁFICO CENTRO","2013-08-28","","16.28522625"
"ESTACIÓN TRÁFICO CENTRO","2013-08-27","","20.55824125"
"ESTACIÓN TRÁFICO CENTRO","2013-08-26","","20.04666261"
"ESTACIÓN TRÁFICO CENTRO","2013-08-25","","12.72394758"
"ESTACIÓN TRÁFICO CENTRO","2013-08-24","","22.45400225"
"ESTACIÓN TRÁFICO CENTRO","2013-08-23","","21.23735042"
"ESTACIÓN TRÁFICO CENTRO","2013-08-22","","20.40049846"
"ESTACIÓN TRÁFICO CENTRO","2013-08-21","","17.73334536"
"ESTACIÓN TRÁFICO CENTRO","2013-08-20","","19.34429321"
"ESTACIÓN TRÁFICO CENTRO","2013-08-19","","12.41388996"
"ESTACIÓN TRÁFICO CENTRO","2013-08-18","","17.66043917"
"ESTACIÓN TRÁFICO CENTRO","2013-08-17","","20.07340342"
"ESTACIÓN TRÁFICO CENTRO","2013-08-16","","28.339085"
"ESTACIÓN TRÁFICO CENTRO","2013-08-15","","22.495127"
"ESTACIÓN TRÁFICO CENTRO","2013-08-14","","19.446099"
"ESTACIÓN TRÁFICO CENTRO","2013-08-13","","34.51959488"
"ESTACIÓN TRÁFICO CENTRO","2013-08-12","","29.31149043"
"ESTACIÓN TRÁFICO CENTRO","2013-08-11","","18.58232688"
"ESTACIÓN TRÁFICO CENTRO","2013-08-10","","31.2236575"
"ESTACIÓN TRÁFICO CENTRO","2013-08-09","","25.64336792"
"ESTACIÓN TRÁFICO CENTRO","2013-08-08","","25.45373821"
"ESTACIÓN TRÁFICO CENTRO","2013-08-07","","16.02453583"
"ESTACIÓN TRÁFICO CENTRO","2013-08-06","","22.3881513"
"ESTACIÓN TRÁFICO CENTRO","2013-08-05","","17.51285767"
"ESTACIÓN TRÁFICO CENTRO","2013-08-04","","13.51718779"
"ESTACIÓN TRÁFICO CENTRO","2013-08-03","","22.82662025"
"ESTACIÓN TRÁFICO CENTRO","2013-08-02","","23.21344039"
"ESTACIÓN TRÁFICO CENTRO","2013-08-01","","21.90307817"
"ESTACIÓN TRÁFICO CENTRO","2013-07-31","","18.77718992"
"ESTACIÓN TRÁFICO CENTRO","2013-07-30","","19.81402758"
"ESTACIÓN TRÁFICO CENTRO","2013-07-29","","19.28040513"
"ESTACIÓN TRÁFICO CENTRO","2013-07-28","","14.41626146"
"ESTACIÓN TRÁFICO CENTRO","2013-07-27","","18.27377292"
"ESTACIÓN TRÁFICO CENTRO","2013-07-26","","23.97125875"
"ESTACIÓN TRÁFICO CENTRO","2013-07-25","","24.48967583"
"ESTACIÓN TRÁFICO CENTRO","2013-07-24","","26.11837917"
"ESTACIÓN TRÁFICO CENTRO","2013-07-23","","21.6582295"
"ESTACIÓN TRÁFICO CENTRO","2013-07-22","","19.43815442"
"ESTACIÓN TRÁFICO CENTRO","2013-07-21","","12.78119208"
"ESTACIÓN TRÁFICO CENTRO","2013-07-20","","16.42025367"
"ESTACIÓN TRÁFICO CENTRO","2013-07-19","","20.91493121"
"ESTACIÓN TRÁFICO CENTRO","2013-07-18","","20.67112208"
"ESTACIÓN TRÁFICO CENTRO","2013-07-17","","16.82979633"
"ESTACIÓN TRÁFICO CENTRO","2013-07-16","","17.95168958"
"ESTACIÓN TRÁFICO CENTRO","2013-07-15","","23.73166663"
"ESTACIÓN TRÁFICO CENTRO","2013-07-14","","15.61923546"
"ESTACIÓN TRÁFICO CENTRO","2013-07-13","","21.36724458"
"ESTACIÓN TRÁFICO CENTRO","2013-07-12","","20.63070529"
"ESTACIÓN TRÁFICO CENTRO","2013-07-11","","17.76965304"
"ESTACIÓN TRÁFICO CENTRO","2013-07-10","","21.38479104"
"ESTACIÓN TRÁFICO CENTRO","2013-07-09","","26.56430525"
"ESTACIÓN TRÁFICO CENTRO","2013-07-08","","21.63105546"
"ESTACIÓN TRÁFICO CENTRO","2013-07-07","","14.00369213"
"ESTACIÓN TRÁFICO CENTRO","2013-07-06","","24.74489542"
"ESTACIÓN TRÁFICO CENTRO","2013-07-05","","28.89849563"
"ESTACIÓN TRÁFICO CENTRO","2013-07-04","","25.01533625"
"ESTACIÓN TRÁFICO CENTRO","2013-07-03","","20.23402171"
"ESTACIÓN TRÁFICO CENTRO","2013-07-02","","22.70073542"
"ESTACIÓN TRÁFICO CENTRO","2013-07-01","","14.32988108"
"ESTACIÓN TRÁFICO CENTRO","2013-06-30","","17.36725638"
"ESTACIÓN TRÁFICO CENTRO","2013-06-29","","21.671805"
"ESTACIÓN TRÁFICO CENTRO","2013-06-28","","30.88967525"
"ESTACIÓN TRÁFICO CENTRO","2013-06-27","","23.89447938"
"ESTACIÓN TRÁFICO CENTRO","2013-06-26","","20.45306667"
"ESTACIÓN TRÁFICO CENTRO","2013-06-25","","17.11158767"
"ESTACIÓN TRÁFICO CENTRO","2013-06-24","","18.93344071"
"ESTACIÓN TRÁFICO CENTRO","2013-06-23","","9.30490679"
"ESTACIÓN TRÁFICO CENTRO","2013-06-22","","13.61851857"
"ESTACIÓN TRÁFICO CENTRO","2013-06-21","","12.37202588"
"ESTACIÓN TRÁFICO CENTRO","2013-06-20","","11.68603013"
"ESTACIÓN TRÁFICO CENTRO","2013-06-19","","14.63609942"
"ESTACIÓN TRÁFICO CENTRO","2013-06-18","","13.39591425"
"ESTACIÓN TRÁFICO CENTRO","2013-06-17","","11.28429129"
"ESTACIÓN TRÁFICO CENTRO","2013-06-16","","8.3162955"
"ESTACIÓN TRÁFICO CENTRO","2013-06-15","","10.76820042"
"ESTACIÓN TRÁFICO CENTRO","2013-06-14","","13.55840552"
"ESTACIÓN TRÁFICO CENTRO","2013-06-13","","15.06446771"
"ESTACIÓN TRÁFICO CENTRO","2013-06-12","","16.21937523"
"ESTACIÓN TRÁFICO CENTRO","2013-06-11","","12.39089108"
"ESTACIÓN TRÁFICO CENTRO","2013-06-10","","5.7324408"
"ESTACIÓN TRÁFICO CENTRO","2013-06-09","","6.31722233"
"ESTACIÓN TRÁFICO CENTRO","2013-06-08","","13.1206705"
"ESTACIÓN TRÁFICO CENTRO","2013-06-07","","9.91608804"
"ESTACIÓN TRÁFICO CENTRO","2013-06-06","","11.75144654"
"ESTACIÓN TRÁFICO CENTRO","2013-06-05","","15.31117429"
"ESTACIÓN TRÁFICO CENTRO","2013-06-04","","10.81645828"
"ESTACIÓN TRÁFICO CENTRO","2013-06-03","","4.6553849"
"ESTACIÓN TRÁFICO CENTRO","2013-06-02","","6.01620836"
"ESTACIÓN TRÁFICO CENTRO","2013-06-01","","12.6834489"
"ESTACIÓN TRÁFICO CENTRO","2013-05-31","","13.11475633"
"ESTACIÓN TRÁFICO CENTRO","2013-05-30","","13.50206621"
"ESTACIÓN TRÁFICO CENTRO","2013-05-29","","13.83189863"
"ESTACIÓN TRÁFICO CENTRO","2013-05-28","","7.69065973"
"ESTACIÓN TRÁFICO CENTRO","2013-05-27","","10.41604495"
"ESTACIÓN TRÁFICO CENTRO","2013-05-26","","4.76848377"
"ESTACIÓN TRÁFICO CENTRO","2013-05-25","","8.84711858"
"ESTACIÓN TRÁFICO CENTRO","2013-05-24","","13.7807065"
"ESTACIÓN TRÁFICO CENTRO","2013-05-23","","19.80640596"
"ESTACIÓN TRÁFICO CENTRO","2013-05-22","","18.6302666"
"ESTACIÓN TRÁFICO CENTRO","2013-05-21","","18.54821804"
"ESTACIÓN TRÁFICO CENTRO","2013-05-20","","14.92747013"
"ESTACIÓN TRÁFICO CENTRO","2013-05-19","","7.95708358"
"ESTACIÓN TRÁFICO CENTRO","2013-05-18","","14.80478042"
"ESTACIÓN TRÁFICO CENTRO","2013-05-17","","27.55538081"
"ESTACIÓN TRÁFICO CENTRO","2013-05-16","","18.70116467"
"ESTACIÓN TRÁFICO CENTRO","2013-05-15","","14.08564806"
"ESTACIÓN TRÁFICO CENTRO","2013-05-14","","9.00692995"
"ESTACIÓN TRÁFICO CENTRO","2013-05-13","","5.61747454"
"ESTACIÓN TRÁFICO CENTRO","2013-05-12","","7.015926"
"ESTACIÓN TRÁFICO CENTRO","2013-05-11","","8.88881596"
"ESTACIÓN TRÁFICO CENTRO","2013-05-10","","14.58590271"
"ESTACIÓN TRÁFICO CENTRO","2013-05-09","","15.98821675"
"ESTACIÓN TRÁFICO CENTRO","2013-05-08","","13.345277"
"ESTACIÓN TRÁFICO CENTRO","2013-05-07","","16.58260074"
"ESTACIÓN TRÁFICO CENTRO","2013-05-06","","17.27081763"
"ESTACIÓN TRÁFICO CENTRO","2013-05-05","","12.57063704"
"ESTACIÓN TRÁFICO CENTRO","2013-05-04","","18.61754635"
"ESTACIÓN TRÁFICO CENTRO","2013-05-03","","21.10454875"
"ESTACIÓN TRÁFICO CENTRO","2013-05-02","","21.55669025"
"ESTACIÓN TRÁFICO CENTRO","2013-05-01","","17.56125008"
"ESTACIÓN TRÁFICO CENTRO","2013-04-30","","20.93772129"
"ESTACIÓN TRÁFICO CENTRO","2013-04-29","","15.889879"
"ESTACIÓN TRÁFICO CENTRO","2013-04-28","","13.99885454"
"ESTACIÓN TRÁFICO CENTRO","2013-04-27","","19.00797442"
"ESTACIÓN TRÁFICO CENTRO","2013-04-26","","23.82395167"
"ESTACIÓN TRÁFICO CENTRO","2013-04-25","","14.13875526"
"ESTACIÓN TRÁFICO CENTRO","2013-04-24","","14.52435196"
"ESTACIÓN TRÁFICO CENTRO","2013-04-23","","21.36505833"
"ESTACIÓN TRÁFICO CENTRO","2013-04-22","","20.00575788"
"ESTACIÓN TRÁFICO CENTRO","2013-04-21","","14.62343763"
"ESTACIÓN TRÁFICO CENTRO","2013-04-20","","20.62917721"
"ESTACIÓN TRÁFICO CENTRO","2013-04-19","","19.72129667"
"ESTACIÓN TRÁFICO CENTRO","2013-04-18","","25.74103"
"ESTACIÓN TRÁFICO CENTRO","2013-04-17","","19.06223363"
"ESTACIÓN TRÁFICO CENTRO","2013-04-16","","16.57053221"
"ESTACIÓN TRÁFICO CENTRO","2013-04-15","","19.22764774"
"ESTACIÓN TRÁFICO CENTRO","2013-04-14","","14.34595771"
"ESTACIÓN TRÁFICO CENTRO","2013-04-13","","20.4260205"
"ESTACIÓN TRÁFICO CENTRO","2013-04-12","","22.86438708"
"ESTACIÓN TRÁFICO CENTRO","2013-04-11","","26.05247633"
"ESTACIÓN TRÁFICO CENTRO","2013-04-10","","20.28907204"
"ESTACIÓN TRÁFICO CENTRO","2013-04-09","","19.1148265"
"ESTACIÓN TRÁFICO CENTRO","2013-04-08","","17.723241"
"ESTACIÓN TRÁFICO CENTRO","2013-04-07","","11.70692083"
"ESTACIÓN TRÁFICO CENTRO","2013-04-06","","19.8956805"
"ESTACIÓN TRÁFICO CENTRO","2013-04-05","","20.44053196"
"ESTACIÓN TRÁFICO CENTRO","2013-04-04","","15.90652729"
"ESTACIÓN TRÁFICO CENTRO","2013-04-03","","14.87607029"
"ESTACIÓN TRÁFICO CENTRO","2013-04-02","","17.59476871"
"ESTACIÓN TRÁFICO CENTRO","2013-04-01","","16.23817117"
"ESTACIÓN TRÁFICO CENTRO","2013-03-31","","8.91666667"
"ESTACIÓN TRÁFICO CENTRO","2013-03-30","","16.79166667"
"ESTACIÓN TRÁFICO CENTRO","2013-03-29","","6.25"
"ESTACIÓN TRÁFICO CENTRO","2013-03-28","","12.04166667"
"ESTACIÓN TRÁFICO CENTRO","2013-03-27","","20.46666667"
"ESTACIÓN TRÁFICO CENTRO","2013-03-24","","9.72222222"
"ESTACIÓN TRÁFICO CENTRO","2013-03-23","","15.33333333"
"ESTACIÓN TRÁFICO CENTRO","2013-03-22","","19.0"
"ESTACIÓN TRÁFICO CENTRO","2013-03-21","","16.41666667"
"ESTACIÓN TRÁFICO CENTRO","2013-03-20","","19.45833333"
"ESTACIÓN TRÁFICO CENTRO","2013-03-19","","22.20833333"
"ESTACIÓN TRÁFICO CENTRO","2013-03-18","","25.04166667"
"ESTACIÓN TRÁFICO CENTRO","2013-03-17","","13.41666667"
"ESTACIÓN TRÁFICO CENTRO","2013-03-16","","16.16666667"
"ESTACIÓN TRÁFICO CENTRO","2013-03-15","","17.25"
"ESTACIÓN TRÁFICO CENTRO","2013-03-14","","17.54166667"
"ESTACIÓN TRÁFICO CENTRO","2013-03-13","","20.54166667"
"ESTACIÓN TRÁFICO CENTRO","2013-03-12","","19.0"
"ESTACIÓN TRÁFICO CENTRO","2013-03-11","","15.45833333"
"ESTACIÓN TRÁFICO CENTRO","2013-03-10","","12.29166667"
"ESTACIÓN TRÁFICO CENTRO","2013-03-09","","20.75"
"ESTACIÓN TRÁFICO CENTRO","2013-03-08","","16.79166667"
"ESTACIÓN TRÁFICO CENTRO","2013-03-07","","16.95833333"
"ESTACIÓN TRÁFICO CENTRO","2013-03-06","","18.17391304"
"ESTACIÓN TRÁFICO CENTRO","2013-03-05","","16.66666667"
"ESTACIÓN TRÁFICO CENTRO","2013-03-04","","18.70833333"
"ESTACIÓN TRÁFICO CENTRO","2013-03-03","","14.16666667"
"ESTACIÓN TRÁFICO CENTRO","2013-03-02","","19.625"
"ESTACIÓN TRÁFICO CENTRO","2013-03-01","","25.0"
"ESTACIÓN TRÁFICO CENTRO","2013-02-28","","20.20833333"
"ESTACIÓN TRÁFICO CENTRO","2013-02-27","","19.29166667"
"ESTACIÓN TRÁFICO CENTRO","2013-02-26","","24.25"
"ESTACIÓN TRÁFICO CENTRO","2013-02-25","","21.875"
"ESTACIÓN TRÁFICO CENTRO","2013-02-24","","17.58333333"
"ESTACIÓN TRÁFICO CENTRO","2013-02-23","","19.91666667"
"ESTACIÓN TRÁFICO CENTRO","2013-02-22","","19.58333333"
"ESTACIÓN TRÁFICO CENTRO","2013-02-21","","22.29166667"
"ESTACIÓN TRÁFICO CENTRO","2013-02-20","","20.70833333"
"ESTACIÓN TRÁFICO CENTRO","2013-02-19","","19.58333333"
"ESTACIÓN TRÁFICO CENTRO","2013-02-18","","20.29166667"
"ESTACIÓN TRÁFICO CENTRO","2013-02-17","","17.91666667"
"ESTACIÓN TRÁFICO CENTRO","2013-02-16","","24.66666667"
"ESTACIÓN TRÁFICO CENTRO","2013-02-15","","27.91666667"
"ESTACIÓN TRÁFICO CENTRO","2013-02-14","","26.41666667"
"ESTACIÓN TRÁFICO CENTRO","2013-02-13","","24.08333333"
"ESTACIÓN TRÁFICO CENTRO","2013-02-12","","23.04166667"
"ESTACIÓN TRÁFICO CENTRO","2013-02-11","","19.66666667"
"ESTACIÓN TRÁFICO CENTRO","2013-02-10","","19.33333333"
"ESTACIÓN TRÁFICO CENTRO","2013-02-09","","21.33333333"
"ESTACIÓN TRÁFICO CENTRO","2013-02-08","","21.31818182"
"ESTACIÓN TRÁFICO CENTRO","2013-02-07","","20.125"
"ESTACIÓN TRÁFICO CENTRO","2013-02-06","","21.625"
"ESTACIÓN TRÁFICO CENTRO","2013-02-05","","23.70833333"
"ESTACIÓN TRÁFICO CENTRO","2013-02-04","","19.04347826"
"ESTACIÓN TRÁFICO CENTRO","2013-02-03","","18.125"
"ESTACIÓN TRÁFICO CENTRO","2013-02-02","","27.08333333"
"ESTACIÓN TRÁFICO CENTRO","2013-02-01","","21.0"
"ESTACIÓN TRÁFICO CENTRO","2013-01-31","","19.125"
"ESTACIÓN TRÁFICO CENTRO","2013-01-30","","17.95833333"
"ESTACIÓN TRÁFICO CENTRO","2013-01-29","","18.66666667"
"ESTACIÓN TRÁFICO CENTRO","2013-01-28","","14.79166667"
"ESTACIÓN TRÁFICO CENTRO","2013-01-27","","13.70833333"
"ESTACIÓN TRÁFICO CENTRO","2013-01-26","","20.25"
"ESTACIÓN TRÁFICO CENTRO","2013-01-25","","19.5"
"ESTACIÓN TRÁFICO CENTRO","2013-01-24","","17.20833333"
"ESTACIÓN TRÁFICO CENTRO","2013-01-23","","19.125"
"ESTACIÓN TRÁFICO CENTRO","2013-01-22","","27.125"
"ESTACIÓN TRÁFICO CENTRO","2013-01-21","","22.54166667"
"ESTACIÓN TRÁFICO CENTRO","2013-01-20","","16.58333333"
"ESTACIÓN TRÁFICO CENTRO","2013-01-19","","19.79166667"
"ESTACIÓN TRÁFICO CENTRO","2013-01-18","","19.625"
"ESTACIÓN TRÁFICO CENTRO","2013-01-17","","20.08333333"
"ESTACIÓN TRÁFICO CENTRO","2013-01-16","","20.29166667"
"ESTACIÓN TRÁFICO CENTRO","2013-01-15","","20.20833333"
"ESTACIÓN TRÁFICO CENTRO","2013-01-14","","18.91666667"
"ESTACIÓN TRÁFICO CENTRO","2013-01-13","","18.95833333"
"ESTACIÓN TRÁFICO CENTRO","2013-01-12","","22.875"
"ESTACIÓN TRÁFICO CENTRO","2013-01-11","","21.75"
"ESTACIÓN TRÁFICO CENTRO","2013-01-10","","16.54166667"
"ESTACIÓN TRÁFICO CENTRO","2013-01-09","","20.04166667"
"ESTACIÓN TRÁFICO CENTRO","2013-01-08","","18.95833333"
"ESTACIÓN TRÁFICO CENTRO","2013-01-07","","13.79166667"
"ESTACIÓN TRÁFICO CENTRO","2013-01-06","","12.5"
"ESTACIÓN TRÁFICO CENTRO","2013-01-05","","16.54166667"
"ESTACIÓN TRÁFICO CENTRO","2013-01-04","","16.54166667"
"ESTACIÓN TRÁFICO CENTRO","2013-01-03","","17.54166667"
"ESTACIÓN TRÁFICO CENTRO","2013-01-02","","16.65217391"
"ESTACIÓN TRÁFICO CENTRO","2013-01-01","","11.54166667"
"ESTACIÓN TRÁFICO CENTRO","2012-12-31","","16.125"
"ESTACIÓN TRÁFICO CENTRO","2012-12-30","","16.79166667"
"ESTACIÓN TRÁFICO CENTRO","2012-12-29","","20.5"
"ESTACIÓN TRÁFICO CENTRO","2012-12-28","","19.375"
"ESTACIÓN TRÁFICO CENTRO","2012-12-27","","17.04166667"
"ESTACIÓN TRÁFICO CENTRO","2012-12-26","","15.66666667"
"ESTACIÓN TRÁFICO CENTRO","2012-12-25","","12.58333333"
"ESTACIÓN TRÁFICO CENTRO","2012-12-24","","25.16666667"
"ESTACIÓN TRÁFICO CENTRO","2012-12-23","","15.45833333"
"ESTACIÓN TRÁFICO CENTRO","2012-12-22","","17.91666667"
"ESTACIÓN TRÁFICO CENTRO","2012-12-21","","18.16666667"
"ESTACIÓN TRÁFICO CENTRO","2012-12-20","","18.875"
"ESTACIÓN TRÁFICO CENTRO","2012-12-19","","20.95833333"
"ESTACIÓN TRÁFICO CENTRO","2012-12-18","","27.54545455"
"ESTACIÓN TRÁFICO CENTRO","2012-12-16","","7.75"
"ESTACIÓN TRÁFICO CENTRO","2012-12-15","","20.75"
"ESTACIÓN TRÁFICO CENTRO","2012-12-14","","22.29166667"
"ESTACIÓN TRÁFICO CENTRO","2012-12-13","","28.08333333"
"ESTACIÓN TRÁFICO CENTRO","2012-12-12","","18.33333333"
"ESTACIÓN TRÁFICO CENTRO","2012-12-11","","19.625"
"ESTACIÓN TRÁFICO CENTRO","2012-12-10","","10.33333333"
"ESTACIÓN TRÁFICO CENTRO","2012-12-09","","9.875"
"ESTACIÓN TRÁFICO CENTRO","2012-12-08","","9.41666667"
"ESTACIÓN TRÁFICO CENTRO","2012-12-07","","13.58333333"
"ESTACIÓN TRÁFICO CENTRO","2012-12-06","","12.33333333"
"ESTACIÓN TRÁFICO CENTRO","2012-12-05","","13.0"
"ESTACIÓN TRÁFICO CENTRO","2012-12-04","","11.79166667"
"ESTACIÓN TRÁFICO CENTRO","2012-12-03","","19.06666667"
"ESTACIÓN TRÁFICO CENTRO","2012-12-01","","23.94117647"
"ESTACIÓN TRÁFICO CENTRO","2012-11-30","","27.91666667"
"ESTACIÓN TRÁFICO CENTRO","2012-11-29","","16.04166667"
"ESTACIÓN TRÁFICO CENTRO","2012-11-28","","15.04166667"
"ESTACIÓN TRÁFICO CENTRO","2012-11-27","","15.83333333"
"ESTACIÓN TRÁFICO CENTRO","2012-11-26","","15.16666667"
"ESTACIÓN TRÁFICO CENTRO","2012-11-25","","6.33333333"
"ESTACIÓN TRÁFICO CENTRO","2012-11-24","","14.25"
"ESTACIÓN TRÁFICO CENTRO","2012-11-23","","18.79166667"
"ESTACIÓN TRÁFICO CENTRO","2012-11-22","","26.66666667"
"ESTACIÓN TRÁFICO CENTRO","2012-11-21","","20.95652174"
"ESTACIÓN TRÁFICO CENTRO","2012-11-20","","11.47826087"
"ESTACIÓN TRÁFICO CENTRO","2012-11-19","","20.125"
"ESTACIÓN TRÁFICO CENTRO","2012-11-18","","16.5"
"ESTACIÓN TRÁFICO CENTRO","2012-11-17","","17.45833333"
"ESTACIÓN TRÁFICO CENTRO","2012-11-16","","18.29166667"
"ESTACIÓN TRÁFICO CENTRO","2012-11-15","","25.66666667"
"ESTACIÓN TRÁFICO CENTRO","2012-11-14","","24.25"
"ESTACIÓN TRÁFICO CENTRO","2012-11-13","","19.39130435"
"ESTACIÓN TRÁFICO CENTRO","2012-11-12","","8.45833333"
"ESTACIÓN TRÁFICO CENTRO","2012-11-11","","8.45833333"
"ESTACIÓN TRÁFICO CENTRO","2012-11-10","","16.33333333"
"ESTACIÓN TRÁFICO CENTRO","2012-11-09","","15.83333333"
"ESTACIÓN TRÁFICO CENTRO","2012-11-08","","15.04166667"
"ESTACIÓN TRÁFICO CENTRO","2012-11-07","","15.41666667"
"ESTACIÓN TRÁFICO CENTRO","2012-11-06","","19.375"
"ESTACIÓN TRÁFICO CENTRO","2012-11-05","","7.125"
"ESTACIÓN TRÁFICO CENTRO","2012-11-04","","6.79166667"
"ESTACIÓN TRÁFICO CENTRO","2012-11-03","","20.5"
"ESTACIÓN TRÁFICO CENTRO","2012-11-02","","18.16666667"
"ESTACIÓN TRÁFICO CENTRO","2012-11-01","","22.625"
"ESTACIÓN TRÁFICO CENTRO","2012-10-31","","22.79166667"
"ESTACIÓN TRÁFICO CENTRO","2012-10-30","","23.59090909"
"ESTACIÓN TRÁFICO CENTRO","2012-10-29","","17.45833333"
"ESTACIÓN TRÁFICO CENTRO","2012-10-28","","13.41666667"
"ESTACIÓN TRÁFICO CENTRO","2012-10-27","","16.58333333"
"ESTACIÓN TRÁFICO CENTRO","2012-10-26","","19.125"
"ESTACIÓN TRÁFICO CENTRO","2012-10-25","","20.25"
"ESTACIÓN TRÁFICO CENTRO","2012-10-24","","15.75"
"ESTACIÓN TRÁFICO CENTRO","2012-10-23","","14.0"
"ESTACIÓN TRÁFICO CENTRO","2012-10-22","","16.125"
"ESTACIÓN TRÁFICO CENTRO","2012-10-21","","11.83333333"
"ESTACIÓN TRÁFICO CENTRO","2012-10-20","","19.54166667"
"ESTACIÓN TRÁFICO CENTRO","2012-10-19","","24.04166667"
"ESTACIÓN TRÁFICO CENTRO","2012-10-18","","19.45833333"
"ESTACIÓN TRÁFICO CENTRO","2012-10-17","","18.41666667"
"ESTACIÓN TRÁFICO CENTRO","2012-10-16","","21.66666667"
"ESTACIÓN TRÁFICO CENTRO","2012-10-15","","15.29166667"
"ESTACIÓN TRÁFICO CENTRO","2012-10-14","","16.79166667"
"ESTACIÓN TRÁFICO CENTRO","2012-10-13","","25.79166667"
"ESTACIÓN TRÁFICO CENTRO","2012-10-12","","23.58333333"
"ESTACIÓN TRÁFICO CENTRO","2012-10-11","","21.66666667"
"ESTACIÓN TRÁFICO CENTRO","2012-10-10","","20.0"
"ESTACIÓN TRÁFICO CENTRO","2012-10-09","","18.125"
"ESTACIÓN TRÁFICO CENTRO","2012-10-08","","20.8"
"ESTACIÓN TRÁFICO CENTRO","2012-10-05","","20.30769231"
"ESTACIÓN TRÁFICO CENTRO","2012-10-04","","22.58333333"
"ESTACIÓN TRÁFICO CENTRO","2012-10-03","","18.33333333"
"ESTACIÓN TRÁFICO CENTRO","2012-10-02","","18.875"
"ESTACIÓN TRÁFICO CENTRO","2012-10-01","","17.58333333"
"ESTACIÓN TRÁFICO CENTRO","2012-09-30","","13.375"
"ESTACIÓN TRÁFICO CENTRO","2012-09-29","","19.91666667"
"ESTACIÓN TRÁFICO CENTRO","2012-09-28","","19.41666667"
"ESTACIÓN TRÁFICO CENTRO","2012-09-27","","18.125"
"ESTACIÓN TRÁFICO CENTRO","2012-09-26","","19.0"
"ESTACIÓN TRÁFICO CENTRO","2012-09-25","","22.625"
"ESTACIÓN TRÁFICO CENTRO","2012-09-24","","17.54166667"
"ESTACIÓN TRÁFICO CENTRO","2012-09-23","","14.04166667"
"ESTACIÓN TRÁFICO CENTRO","2012-09-22","","19.66666667"
"ESTACIÓN TRÁFICO CENTRO","2012-09-21","","18.79166667"
"ESTACIÓN TRÁFICO CENTRO","2012-09-20","","22.80952381"
"ESTACIÓN TRÁFICO CENTRO","2012-09-19","","20.83333333"
"ESTACIÓN TRÁFICO CENTRO","2012-09-18","","21.58333333"
"ESTACIÓN TRÁFICO CENTRO","2012-09-17","","22.95833333"
"ESTACIÓN TRÁFICO CENTRO","2012-09-16","","21.0"
"ESTACIÓN TRÁFICO CENTRO","2012-09-15","","28.375"
"ESTACIÓN TRÁFICO CENTRO","2012-09-14","","25.875"
"ESTACIÓN TRÁFICO CENTRO","2012-09-13","","13.33333333"
"ESTACIÓN TRÁFICO CENTRO","2012-09-12","","17.08333333"
"ESTACIÓN TRÁFICO CENTRO","2012-09-11","","22.95833333"
"ESTACIÓN TRÁFICO CENTRO","2012-09-10","","22.70833333"
"ESTACIÓN TRÁFICO CENTRO","2012-09-09","","15.25"
"ESTACIÓN TRÁFICO CENTRO","2012-09-08","","20.33333333"
"ESTACIÓN TRÁFICO CENTRO","2012-09-05","","19.64705882"
"ESTACIÓN TRÁFICO CENTRO","2012-09-04","","21.75"
"ESTACIÓN TRÁFICO CENTRO","2012-09-03","","18.29166667"
"ESTACIÓN TRÁFICO CENTRO","2012-09-02","","15.91666667"
"ESTACIÓN TRÁFICO CENTRO","2012-09-01","","21.08333333"
"ESTACIÓN TRÁFICO CENTRO","2012-08-31","","20.70833333"
"ESTACIÓN TRÁFICO CENTRO","2012-08-30","","23.95833333"
"ESTACIÓN TRÁFICO CENTRO","2012-08-29","","19.80952381"
"ESTACIÓN TRÁFICO CENTRO","2012-08-28","","17.83333333"
"ESTACIÓN TRÁFICO CENTRO","2012-08-27","","17.45833333"
"ESTACIÓN TRÁFICO CENTRO","2012-08-26","","12.33333333"
"ESTACIÓN TRÁFICO CENTRO","2012-08-25","","19.70833333"
"ESTACIÓN TRÁFICO CENTRO","2012-08-24","","19.91666667"
"ESTACIÓN TRÁFICO CENTRO","2012-08-23","","21.79166667"
"ESTACIÓN TRÁFICO CENTRO","2012-08-22","","17.0"
"ESTACIÓN TRÁFICO CENTRO","2012-08-21","","15.66666667"
"ESTACIÓN TRÁFICO CENTRO","2012-08-20","","10.91666667"
"ESTACIÓN TRÁFICO CENTRO","2012-08-19","","11.875"
"ESTACIÓN TRÁFICO CENTRO","2012-08-18","","15.45833333"
"ESTACIÓN TRÁFICO CENTRO","2012-08-17","","18.91666667"
"ESTACIÓN TRÁFICO CENTRO","2012-08-16","","14.875"
"ESTACIÓN TRÁFICO CENTRO","2012-08-15","","13.04166667"
"ESTACIÓN TRÁFICO CENTRO","2012-08-14","","14.0"
"ESTACIÓN TRÁFICO CENTRO","2012-08-12","","10.85714286"
"ESTACIÓN TRÁFICO CENTRO","2012-08-11","","16.20833333"
"ESTACIÓN TRÁFICO CENTRO","2012-08-10","","15.20833333"
"ESTACIÓN TRÁFICO CENTRO","2012-08-09","","13.79166667"
"ESTACIÓN TRÁFICO CENTRO","2012-08-08","","17.08333333"
"ESTACIÓN TRÁFICO CENTRO","2012-08-07","","10.625"
"ESTACIÓN TRÁFICO CENTRO","2012-08-06","","20.0"
"ESTACIÓN TRÁFICO CENTRO","2012-08-04","","16.70588235"
"ESTACIÓN TRÁFICO CENTRO","2012-08-03","","16.125"
"ESTACIÓN TRÁFICO CENTRO","2012-08-02","","16.45833333"
"ESTACIÓN TRÁFICO CENTRO","2012-08-01","","16.25"
"ESTACIÓN TRÁFICO CENTRO","2012-07-31","","12.0"
"ESTACIÓN TRÁFICO CENTRO","2012-07-30","","19.0"
"ESTACIÓN TRÁFICO CENTRO","2012-07-28","","13.28571429"
"ESTACIÓN TRÁFICO CENTRO","2012-07-27","","15.41666667"
"ESTACIÓN TRÁFICO CENTRO","2012-07-26","","14.33333333"
"ESTACIÓN TRÁFICO CENTRO","2012-07-25","","14.58333333"
"ESTACIÓN TRÁFICO CENTRO","2012-07-24","","18.45833333"
"ESTACIÓN TRÁFICO CENTRO","2012-07-23","","13.33333333"
"ESTACIÓN TRÁFICO CENTRO","2012-07-22","","10.20833333"
"ESTACIÓN TRÁFICO CENTRO","2012-07-21","","15.41666667"
"ESTACIÓN TRÁFICO CENTRO","2012-07-20","","12.625"
"ESTACIÓN TRÁFICO CENTRO","2012-07-19","","13.16666667"
"ESTACIÓN TRÁFICO CENTRO","2012-07-18","","15.79166667"
"ESTACIÓN TRÁFICO CENTRO","2012-07-17","","21.08333333"
"ESTACIÓN TRÁFICO CENTRO","2012-07-16","","17.41666667"
"ESTACIÓN TRÁFICO CENTRO","2012-07-15","","16.95833333"
"ESTACIÓN TRÁFICO CENTRO","2012-07-14","","28.58333333"
"ESTACIÓN TRÁFICO CENTRO","2012-07-13","","26.0"
"ESTACIÓN TRÁFICO CENTRO","2012-07-12","","25.5"
"ESTACIÓN TRÁFICO CENTRO","2012-07-11","","19.04166667"
"ESTACIÓN TRÁFICO CENTRO","2012-07-10","","14.08333333"
"ESTACIÓN TRÁFICO CENTRO","2012-07-09","","15.875"
"ESTACIÓN TRÁFICO CENTRO","2012-07-08","","10.54166667"
"ESTACIÓN TRÁFICO CENTRO","2012-07-07","","14.33333333"
"ESTACIÓN TRÁFICO CENTRO","2012-07-06","","13.625"
"ESTACIÓN TRÁFICO CENTRO","2012-07-05","","15.08333333"
"ESTACIÓN TRÁFICO CENTRO","2012-07-04","","13.95833333"
"ESTACIÓN TRÁFICO CENTRO","2012-07-03","","14.70833333"
"ESTACIÓN TRÁFICO CENTRO","2012-07-02","","9.41666667"
"ESTACIÓN TRÁFICO CENTRO","2012-07-01","","12.125"
"ESTACIÓN TRÁFICO CENTRO","2012-06-30","","19.5"
"ESTACIÓN TRÁFICO CENTRO","2012-06-29","","18.04166667"
"ESTACIÓN TRÁFICO CENTRO","2012-06-28","","18.58333333"
"ESTACIÓN TRÁFICO CENTRO","2012-06-27","","21.16666667"
"ESTACIÓN TRÁFICO CENTRO","2012-06-26","","19.45833333"
"ESTACIÓN TRÁFICO CENTRO","2012-06-25","","19.20833333"
"ESTACIÓN TRÁFICO CENTRO","2012-06-24","","15.58333333"
"ESTACIÓN TRÁFICO CENTRO","2012-06-23","","23.16666667"
"ESTACIÓN TRÁFICO CENTRO","2012-06-22","","24.20833333"
"ESTACIÓN TRÁFICO CENTRO","2012-06-21","","26.0"
"ESTACIÓN TRÁFICO CENTRO","2012-06-20","","17.125"
"ESTACIÓN TRÁFICO CENTRO","2012-06-19","","17.25"
"ESTACIÓN TRÁFICO CENTRO","2012-06-18","","15.08333333"
"ESTACIÓN TRÁFICO CENTRO","2012-06-17","","18.41666667"
"ESTACIÓN TRÁFICO CENTRO","2012-06-16","","19.91666667"
"ESTACIÓN TRÁFICO CENTRO","2012-06-15","","22.625"
"ESTACIÓN TRÁFICO CENTRO","2012-06-14","","17.33333333"
"ESTACIÓN TRÁFICO CENTRO","2012-06-13","","22.5"
"ESTACIÓN TRÁFICO CENTRO","2012-06-12","","20.25"
"ESTACIÓN TRÁFICO CENTRO","2012-06-11","","22.79166667"
"ESTACIÓN TRÁFICO CENTRO","2012-06-10","","28.04166667"
"ESTACIÓN TRÁFICO CENTRO","2012-06-09","","37.25"
"ESTACIÓN TRÁFICO CENTRO","2012-06-08","","36.41666667"
"ESTACIÓN TRÁFICO CENTRO","2012-06-07","","16.58333333"
"ESTACIÓN TRÁFICO CENTRO","2012-06-06","","14.375"
"ESTACIÓN TRÁFICO CENTRO","2012-06-05","","20.125"
"ESTACIÓN TRÁFICO CENTRO","2012-06-04","","22.0"
"ESTACIÓN TRÁFICO CENTRO","2012-06-03","","15.91666667"
"ESTACIÓN TRÁFICO CENTRO","2012-06-02","","20.5"
"ESTACIÓN TRÁFICO CENTRO","2012-06-01","","23.08333333"
"ESTACIÓN TRÁFICO CENTRO","2012-05-09","","25.42857143"
"ESTACIÓN TRÁFICO CENTRO","2012-05-08","","27.33333333"
"ESTACIÓN TRÁFICO CENTRO","2012-05-07","","25.125"
"ESTACIÓN TRÁFICO CENTRO","2012-05-06","","14.79166667"
"ESTACIÓN TRÁFICO CENTRO","2012-05-05","","23.0"
"ESTACIÓN TRÁFICO CENTRO","2012-05-04","","16.04166667"
"ESTACIÓN TRÁFICO CENTRO","2012-05-03","","17.58333333"
"ESTACIÓN TRÁFICO CENTRO","2012-05-02","","12.79166667"
"ESTACIÓN TRÁFICO CENTRO","2012-05-01","","8.875"
"ESTACIÓN TRÁFICO CENTRO","2012-04-30","","12.83333333"
"ESTACIÓN TRÁFICO CENTRO","2012-04-29","","10.41666667"
"ESTACIÓN TRÁFICO CENTRO","2012-04-28","","13.33333333"
"ESTACIÓN TRÁFICO CENTRO","2012-04-27","","13.45833333"
"ESTACIÓN TRÁFICO CENTRO","2012-04-26","","13.5"
"ESTACIÓN TRÁFICO CENTRO","2012-04-25","","13.75"
"ESTACIÓN TRÁFICO CENTRO","2012-04-24","","12.91666667"
"ESTACIÓN TRÁFICO CENTRO","2012-04-23","","11.2"
"ESTACIÓN TRÁFICO CENTRO","2012-04-22","","11.125"
"ESTACIÓN TRÁFICO CENTRO","2012-04-21","","17.375"
"ESTACIÓN TRÁFICO CENTRO","2012-04-20","","14.41666667"
"ESTACIÓN TRÁFICO CENTRO","2012-04-19","","14.625"
"ESTACIÓN TRÁFICO CENTRO","2012-04-18","","14.875"
"ESTACIÓN TRÁFICO CENTRO","2012-04-17","","16.70833333"
"ESTACIÓN TRÁFICO CENTRO","2012-04-16","","13.08333333"
"ESTACIÓN TRÁFICO CENTRO","2012-04-15","","10.91666667"
"ESTACIÓN TRÁFICO CENTRO","2012-04-14","","13.375"
"ESTACIÓN TRÁFICO CENTRO","2012-04-13","","19.44444444"
"ESTACIÓN TRÁFICO CENTRO","2012-04-12","","10.90909091"
"ESTACIÓN TRÁFICO CENTRO","2012-04-11","","13.625"
"ESTACIÓN TRÁFICO CENTRO","2012-04-10","","17.39130435"
"ESTACIÓN TRÁFICO CENTRO","2012-04-09","","15.26666667"
"ESTACIÓN TRÁFICO CENTRO","2012-04-01","","14.0"
"ESTACIÓN TRÁFICO CENTRO","2012-03-31","","14.08333333"
"ESTACIÓN TRÁFICO CENTRO","2012-03-30","","19.58333333"
"ESTACIÓN TRÁFICO CENTRO","2012-03-29","","16.875"
"ESTACIÓN TRÁFICO CENTRO","2012-03-28","","15.29166667"
"ESTACIÓN TRÁFICO CENTRO","2012-03-27","","15.20833333"
"ESTACIÓN TRÁFICO CENTRO","2012-03-26","","22.125"
"ESTACIÓN TRÁFICO CENTRO","2012-03-25","","23.625"
"ESTACIÓN TRÁFICO CENTRO","2012-03-24","","34.83333333"
"ESTACIÓN TRÁFICO CENTRO","2012-03-23","","33.125"
"ESTACIÓN TRÁFICO CENTRO","2012-03-22","","33.91666667"
"ESTACIÓN TRÁFICO CENTRO","2012-03-21","","36.125"
"ESTACIÓN TRÁFICO CENTRO","2012-03-20","","26.79166667"
"ESTACIÓN TRÁFICO CENTRO","2012-03-19","","22.375"
"ESTACIÓN TRÁFICO CENTRO","2012-03-18","","22.08333333"
"ESTACIÓN TRÁFICO CENTRO","2012-03-17","","34.25"
"ESTACIÓN TRÁFICO CENTRO","2012-03-16","","31.375"
"ESTACIÓN TRÁFICO CENTRO","2012-03-15","","17.29166667"
"ESTACIÓN TRÁFICO CENTRO","2012-03-14","","8.45833333"
"ESTACIÓN TRÁFICO CENTRO","2012-03-13","","0.0"
"ESTACIÓN TRÁFICO CENTRO","2012-03-12","","9.91666667"
"ESTACIÓN TRÁFICO CENTRO","2012-03-11","","28.125"
"ESTACIÓN TRÁFICO CENTRO","2012-03-10","","57.0"
"ESTACIÓN TRÁFICO CENTRO","2012-03-09","","33.5"
"ESTACIÓN TRÁFICO CENTRO","2012-03-08","","30.83333333"
"ESTACIÓN TRÁFICO CENTRO","2012-03-07","","23.58333333"
"ESTACIÓN TRÁFICO CENTRO","2012-03-06","","22.41666667"
"ESTACIÓN TRÁFICO CENTRO","2012-03-05","","28.54166667"
"ESTACIÓN TRÁFICO CENTRO","2012-03-04","","20.33333333"
"ESTACIÓN TRÁFICO CENTRO","2012-03-03","","24.54166667"
"ESTACIÓN TRÁFICO CENTRO","2012-03-02","","30.54166667"
"ESTACIÓN TRÁFICO CENTRO","2012-03-01","","26.08695652"
