"Estacion","Fecha inicial","Fecha final","HAire10"
"CASA DE JUSTICIA ITAGÜÍ","2025-10-31","","68.61186957"
"CASA DE JUSTICIA ITAGÜÍ","2025-10-30","","71.79191667"
"CASA DE JUSTICIA ITAGÜÍ","2025-10-29","","71.35729167"
"CASA DE JUSTICIA ITAGÜÍ","2025-10-28","","73.757875"
"CASA DE JUSTICIA ITAGÜÍ","2025-10-27","","76.117875"
"CASA DE JUSTICIA ITAGÜÍ","2025-10-26","","78.4405"
"CASA DE JUSTICIA ITAGÜÍ","2025-10-25","","74.2915"
"CASA DE JUSTICIA ITAGÜÍ","2025-10-24","","80.36441667"
"CASA DE JUSTICIA ITAGÜÍ","2025-10-23","","79.613"
"CASA DE JUSTICIA ITAGÜÍ","2025-10-22","","84.03091667"
"CASA DE JUSTICIA ITAGÜÍ","2025-10-21","","77.713375"
"CASA DE JUSTICIA ITAGÜÍ","2025-10-20","","75.60770833"
"CASA DE JUSTICIA ITAGÜÍ","2025-10-19","","65.96658333"
"CASA DE JUSTICIA ITAGÜÍ","2025-10-18","","71.46275"
"CASA DE JUSTICIA ITAGÜÍ","2025-10-17","","73.42891667"
"CASA DE JUSTICIA ITAGÜÍ","2025-10-16","","75.37445833"
"CASA DE JUSTICIA ITAGÜÍ","2025-10-15","","61.33320833"
"CASA DE JUSTICIA ITAGÜÍ","2025-10-14","","23.96433333"
"CASA DE JUSTICIA ITAGÜÍ","2025-10-13","","0.0"
"CASA DE JUSTICIA ITAGÜÍ","2025-10-12","","0.0"
"CASA DE JUSTICIA ITAGÜÍ","2025-10-11","","73.93054167"
"CASA DE JUSTICIA ITAGÜÍ","2025-10-10","","78.76879167"
"CASA DE JUSTICIA ITAGÜÍ","2025-10-09","","72.828"
"CASA DE JUSTICIA ITAGÜÍ","2025-10-08","","25.45733333"
"CASA DE JUSTICIA ITAGÜÍ","2025-10-07","","0.0"
"CASA DE JUSTICIA ITAGÜÍ","2025-10-06","","0.0"
"CASA DE JUSTICIA ITAGÜÍ","2025-10-05","","0.0"
"CASA DE JUSTICIA ITAGÜÍ","2025-10-04","","0.0"
"CASA DE JUSTICIA ITAGÜÍ","2025-10-03","","0.0"
"CASA DE JUSTICIA ITAGÜÍ","2025-10-02","","0.0"
"CASA DE JUSTICIA ITAGÜÍ","2025-10-01","","30.61291667"
"CASA DE JUSTICIA ITAGÜÍ","2025-09-30","","0.0"
"CASA DE JUSTICIA ITAGÜÍ","2025-09-29","","0.0"
"CASA DE JUSTICIA ITAGÜÍ","2025-09-28","","0.0"
"CASA DE JUSTICIA ITAGÜÍ","2025-09-27","","0.0"
"CASA DE JUSTICIA ITAGÜÍ","2025-09-26","","0.0"
"CASA DE JUSTICIA ITAGÜÍ","2025-09-25","","0.0"
"CASA DE JUSTICIA ITAGÜÍ","2025-09-24","","31.817875"
"CASA DE JUSTICIA ITAGÜÍ","2025-09-23","","58.721375"
"CASA DE JUSTICIA ITAGÜÍ","2025-09-22","","66.00258333"
"CASA DE JUSTICIA ITAGÜÍ","2025-09-21","","66.31825"
"CASA DE JUSTICIA ITAGÜÍ","2025-09-20","","68.04004167"
"CASA DE JUSTICIA ITAGÜÍ","2025-09-19","","76.347375"
"CASA DE JUSTICIA ITAGÜÍ","2025-09-18","","81.95445833"
"CASA DE JUSTICIA ITAGÜÍ","2025-09-17","","69.45791667"
"CASA DE JUSTICIA ITAGÜÍ","2025-09-16","","59.90070833"
"CASA DE JUSTICIA ITAGÜÍ","2025-09-15","","58.24995833"
"CASA DE JUSTICIA ITAGÜÍ","2025-09-14","","60.28041667"
"CASA DE JUSTICIA ITAGÜÍ","2025-09-13","","58.31266667"
"CASA DE JUSTICIA ITAGÜÍ","2025-09-12","","60.15020833"
"CASA DE JUSTICIA ITAGÜÍ","2025-09-11","","62.68683333"
"CASA DE JUSTICIA ITAGÜÍ","2025-09-10","","60.16654167"
"CASA DE JUSTICIA ITAGÜÍ","2025-09-09","","63.81966667"
"CASA DE JUSTICIA ITAGÜÍ","2025-09-08","","71.14758333"
"CASA DE JUSTICIA ITAGÜÍ","2025-09-07","","79.41241667"
"CASA DE JUSTICIA ITAGÜÍ","2025-09-06","","77.66845833"
"CASA DE JUSTICIA ITAGÜÍ","2025-09-05","","70.74033333"
"CASA DE JUSTICIA ITAGÜÍ","2025-09-04","","71.71070833"
"CASA DE JUSTICIA ITAGÜÍ","2025-09-03","","68.37725"
"CASA DE JUSTICIA ITAGÜÍ","2025-09-02","","68.27854167"
"CASA DE JUSTICIA ITAGÜÍ","2025-09-01","","70.238375"
"CASA DE JUSTICIA ITAGÜÍ","2025-08-31","","71.97661877"
"CASA DE JUSTICIA ITAGÜÍ","2025-08-30","","59.25284722"
"CASA DE JUSTICIA ITAGÜÍ","2025-08-29","","41.40235294"
"CASA DE JUSTICIA ITAGÜÍ","2025-08-28","","51.45881944"
"CASA DE JUSTICIA ITAGÜÍ","2025-08-27","","56.69076389"
"CASA DE JUSTICIA ITAGÜÍ","2025-08-26","","57.64361111"
"CASA DE JUSTICIA ITAGÜÍ","2025-08-25","","66.35659722"
"CASA DE JUSTICIA ITAGÜÍ","2025-08-24","","64.05159722"
"CASA DE JUSTICIA ITAGÜÍ","2025-08-23","","75.78083333"
"CASA DE JUSTICIA ITAGÜÍ","2025-08-22","","80.01368056"
"CASA DE JUSTICIA ITAGÜÍ","2025-08-21","","68.10291667"
"CASA DE JUSTICIA ITAGÜÍ","2025-08-20","","68.27895833"
"CASA DE JUSTICIA ITAGÜÍ","2025-08-19","","67.151875"
"CASA DE JUSTICIA ITAGÜÍ","2025-08-18","","75.51319444"
"CASA DE JUSTICIA ITAGÜÍ","2025-08-17","","79.83756945"
"CASA DE JUSTICIA ITAGÜÍ","2025-08-16","","75.03875"
"CASA DE JUSTICIA ITAGÜÍ","2025-08-15","","79.15652778"
"CASA DE JUSTICIA ITAGÜÍ","2025-08-14","","69.39625"
"CASA DE JUSTICIA ITAGÜÍ","2025-08-13","","66.98888889"
"CASA DE JUSTICIA ITAGÜÍ","2025-08-12","","63.60701389"
"CASA DE JUSTICIA ITAGÜÍ","2025-08-11","","69.04868056"
"CASA DE JUSTICIA ITAGÜÍ","2025-08-10","","80.23097222"
"CASA DE JUSTICIA ITAGÜÍ","2025-08-09","","76.10430556"
"CASA DE JUSTICIA ITAGÜÍ","2025-08-08","","75.491875"
"CASA DE JUSTICIA ITAGÜÍ","2025-08-07","","75.97097222"
"CASA DE JUSTICIA ITAGÜÍ","2025-08-06","","59.36548611"
"CASA DE JUSTICIA ITAGÜÍ","2025-08-05","","53.14333333"
"CASA DE JUSTICIA ITAGÜÍ","2025-08-04","","60.16493056"
"CASA DE JUSTICIA ITAGÜÍ","2025-08-03","","63.295"
"CASA DE JUSTICIA ITAGÜÍ","2025-08-02","","70.84736111"
"CASA DE JUSTICIA ITAGÜÍ","2025-08-01","","61.93159722"
"CASA DE JUSTICIA ITAGÜÍ","2025-07-31","","59.89057971"
"CASA DE JUSTICIA ITAGÜÍ","2025-07-30","","63.03666667"
"CASA DE JUSTICIA ITAGÜÍ","2025-07-29","","65.19625"
"CASA DE JUSTICIA ITAGÜÍ","2025-07-28","","62.99604167"
"CASA DE JUSTICIA ITAGÜÍ","2025-07-27","","65.38638889"
"CASA DE JUSTICIA ITAGÜÍ","2025-07-26","","77.90493056"
"CASA DE JUSTICIA ITAGÜÍ","2025-07-25","","70.580625"
"CASA DE JUSTICIA ITAGÜÍ","2025-07-24","","57.44111111"
"CASA DE JUSTICIA ITAGÜÍ","2025-07-23","","60.02340278"
"CASA DE JUSTICIA ITAGÜÍ","2025-07-22","","63.00564468"
"CASA DE JUSTICIA ITAGÜÍ","2025-07-21","","63.46208333"
"CASA DE JUSTICIA ITAGÜÍ","2025-07-20","","54.20652778"
"CASA DE JUSTICIA ITAGÜÍ","2025-07-19","","51.15361111"
"CASA DE JUSTICIA ITAGÜÍ","2025-07-18","","51.21388889"
"CASA DE JUSTICIA ITAGÜÍ","2025-07-17","","52.52888889"
"CASA DE JUSTICIA ITAGÜÍ","2025-07-16","","52.51763889"
"CASA DE JUSTICIA ITAGÜÍ","2025-07-15","","56.64326389"
"CASA DE JUSTICIA ITAGÜÍ","2025-07-14","","64.30402778"
"CASA DE JUSTICIA ITAGÜÍ","2025-07-13","","69.12951389"
"CASA DE JUSTICIA ITAGÜÍ","2025-07-12","","62.72409722"
"CASA DE JUSTICIA ITAGÜÍ","2025-07-11","","69.71645833"
"CASA DE JUSTICIA ITAGÜÍ","2025-07-10","","63.41125"
"CASA DE JUSTICIA ITAGÜÍ","2025-07-09","","66.82298611"
"CASA DE JUSTICIA ITAGÜÍ","2025-07-08","","60.42333333"
"CASA DE JUSTICIA ITAGÜÍ","2025-07-07","","62.47048611"
"CASA DE JUSTICIA ITAGÜÍ","2025-07-06","","67.18347222"
"CASA DE JUSTICIA ITAGÜÍ","2025-07-05","","70.490625"
"CASA DE JUSTICIA ITAGÜÍ","2025-07-04","","69.89131944"
"CASA DE JUSTICIA ITAGÜÍ","2025-07-03","","63.78131944"
"CASA DE JUSTICIA ITAGÜÍ","2025-07-02","","57.301875"
"CASA DE JUSTICIA ITAGÜÍ","2025-07-01","","50.1774359"
"CASA DE JUSTICIA ITAGÜÍ","2025-05-31","","59.49130435"
"CASA DE JUSTICIA ITAGÜÍ","2025-05-30","","60.20833333"
"CASA DE JUSTICIA ITAGÜÍ","2025-05-29","","54.82916667"
"CASA DE JUSTICIA ITAGÜÍ","2025-05-28","","65.24166667"
"CASA DE JUSTICIA ITAGÜÍ","2025-05-27","","70.1625"
"CASA DE JUSTICIA ITAGÜÍ","2025-05-26","","61.45416667"
"CASA DE JUSTICIA ITAGÜÍ","2025-05-25","","55.85833333"
"CASA DE JUSTICIA ITAGÜÍ","2025-05-24","","58.55"
"CASA DE JUSTICIA ITAGÜÍ","2025-05-23","","64.975"
"CASA DE JUSTICIA ITAGÜÍ","2025-05-22","","67.45416667"
"CASA DE JUSTICIA ITAGÜÍ","2025-05-21","","71.325"
"CASA DE JUSTICIA ITAGÜÍ","2025-05-20","","70.85833333"
"CASA DE JUSTICIA ITAGÜÍ","2025-05-19","","70.7625"
"CASA DE JUSTICIA ITAGÜÍ","2025-05-18","","73.50416667"
"CASA DE JUSTICIA ITAGÜÍ","2025-05-17","","72.55833333"
"CASA DE JUSTICIA ITAGÜÍ","2025-05-16","","74.69166667"
"CASA DE JUSTICIA ITAGÜÍ","2025-05-15","","75.1875"
"CASA DE JUSTICIA ITAGÜÍ","2025-05-14","","66.19166667"
"CASA DE JUSTICIA ITAGÜÍ","2025-05-13","","62.56666667"
"CASA DE JUSTICIA ITAGÜÍ","2025-05-12","","53.24166667"
"CASA DE JUSTICIA ITAGÜÍ","2025-05-11","","56.31666667"
"CASA DE JUSTICIA ITAGÜÍ","2025-05-10","","55.67916667"
"CASA DE JUSTICIA ITAGÜÍ","2025-05-09","","68.65"
"CASA DE JUSTICIA ITAGÜÍ","2025-05-08","","76.58333333"
"CASA DE JUSTICIA ITAGÜÍ","2025-05-07","","74.29090909"
"CASA DE JUSTICIA ITAGÜÍ","2025-05-06","","76.2"
"CASA DE JUSTICIA ITAGÜÍ","2025-05-05","","75.45416667"
"CASA DE JUSTICIA ITAGÜÍ","2025-05-04","","72.72083333"
"CASA DE JUSTICIA ITAGÜÍ","2025-05-03","","67.57083333"
"CASA DE JUSTICIA ITAGÜÍ","2025-05-02","","74.64166667"
"CASA DE JUSTICIA ITAGÜÍ","2025-05-01","","76.0125"
"CASA DE JUSTICIA ITAGÜÍ","2025-04-30","","69.43043478"
"CASA DE JUSTICIA ITAGÜÍ","2025-04-29","","75.05416667"
"CASA DE JUSTICIA ITAGÜÍ","2025-04-28","","73.175"
"CASA DE JUSTICIA ITAGÜÍ","2025-04-27","","69.6"
"CASA DE JUSTICIA ITAGÜÍ","2025-04-26","","70.18333333"
"CASA DE JUSTICIA ITAGÜÍ","2025-04-25","","71.01666667"
"CASA DE JUSTICIA ITAGÜÍ","2025-04-24","","71.88333333"
"CASA DE JUSTICIA ITAGÜÍ","2025-04-23","","61.2875"
"CASA DE JUSTICIA ITAGÜÍ","2025-04-22","","69.77916667"
"CASA DE JUSTICIA ITAGÜÍ","2025-04-21","","65.36666667"
"CASA DE JUSTICIA ITAGÜÍ","2025-04-20","","66.71666667"
"CASA DE JUSTICIA ITAGÜÍ","2025-04-19","","59.81666667"
"CASA DE JUSTICIA ITAGÜÍ","2025-04-18","","57.15416667"
"CASA DE JUSTICIA ITAGÜÍ","2025-04-17","","64.8625"
"CASA DE JUSTICIA ITAGÜÍ","2025-04-16","","56.12916667"
"CASA DE JUSTICIA ITAGÜÍ","2025-04-15","","54.47083333"
"CASA DE JUSTICIA ITAGÜÍ","2025-04-14","","54.875"
"CASA DE JUSTICIA ITAGÜÍ","2025-04-13","","57.575"
"CASA DE JUSTICIA ITAGÜÍ","2025-04-12","","62.5875"
"CASA DE JUSTICIA ITAGÜÍ","2025-04-11","","70.275"
"CASA DE JUSTICIA ITAGÜÍ","2025-04-10","","77.49166667"
"CASA DE JUSTICIA ITAGÜÍ","2025-04-09","","69.55833333"
"CASA DE JUSTICIA ITAGÜÍ","2025-04-08","","68.92083333"
"CASA DE JUSTICIA ITAGÜÍ","2025-04-07","","66.2375"
"CASA DE JUSTICIA ITAGÜÍ","2025-04-06","","73.01666667"
"CASA DE JUSTICIA ITAGÜÍ","2025-04-05","","66.64583333"
"CASA DE JUSTICIA ITAGÜÍ","2025-04-04","","73.20416667"
"CASA DE JUSTICIA ITAGÜÍ","2025-04-03","","75.94583333"
"CASA DE JUSTICIA ITAGÜÍ","2025-04-02","","70.11666667"
"CASA DE JUSTICIA ITAGÜÍ","2025-04-01","","68.90416667"
"CASA DE JUSTICIA ITAGÜÍ","2025-03-31","","65.4826087"
"CASA DE JUSTICIA ITAGÜÍ","2025-03-30","","68.37083333"
"CASA DE JUSTICIA ITAGÜÍ","2025-03-29","","71.1125"
"CASA DE JUSTICIA ITAGÜÍ","2025-03-28","","73.41666667"
"CASA DE JUSTICIA ITAGÜÍ","2025-03-27","","67.84166667"
"CASA DE JUSTICIA ITAGÜÍ","2025-03-26","","65.3625"
"CASA DE JUSTICIA ITAGÜÍ","2025-03-25","","63.77916667"
"CASA DE JUSTICIA ITAGÜÍ","2025-03-24","","53.575"
"CASA DE JUSTICIA ITAGÜÍ","2025-03-23","","54.24166667"
"CASA DE JUSTICIA ITAGÜÍ","2025-03-22","","54.3625"
"CASA DE JUSTICIA ITAGÜÍ","2025-03-21","","60.38333333"
"CASA DE JUSTICIA ITAGÜÍ","2025-03-20","","60.95833333"
"CASA DE JUSTICIA ITAGÜÍ","2025-03-19","","59.50416667"
"CASA DE JUSTICIA ITAGÜÍ","2025-03-18","","67.64583333"
"CASA DE JUSTICIA ITAGÜÍ","2025-03-17","","69.10833333"
"CASA DE JUSTICIA ITAGÜÍ","2025-03-16","","66.3875"
"CASA DE JUSTICIA ITAGÜÍ","2025-03-15","","63.50833333"
"CASA DE JUSTICIA ITAGÜÍ","2025-03-14","","67.68333333"
"CASA DE JUSTICIA ITAGÜÍ","2025-03-13","","69.0125"
"CASA DE JUSTICIA ITAGÜÍ","2025-03-12","","65.8"
"CASA DE JUSTICIA ITAGÜÍ","2025-03-11","","67.5875"
"CASA DE JUSTICIA ITAGÜÍ","2025-03-10","","59.25"
"CASA DE JUSTICIA ITAGÜÍ","2025-03-09","","61.1"
"CASA DE JUSTICIA ITAGÜÍ","2025-03-08","","62.825"
"CASA DE JUSTICIA ITAGÜÍ","2025-03-07","","65.05"
"CASA DE JUSTICIA ITAGÜÍ","2025-03-06","","65.4875"
"CASA DE JUSTICIA ITAGÜÍ","2025-03-05","","69.625"
"CASA DE JUSTICIA ITAGÜÍ","2025-03-04","","71.70833333"
"CASA DE JUSTICIA ITAGÜÍ","2025-03-03","","67.57083333"
"CASA DE JUSTICIA ITAGÜÍ","2025-03-02","","60.24583333"
"CASA DE JUSTICIA ITAGÜÍ","2025-03-01","","66.05217391"
"CASA DE JUSTICIA ITAGÜÍ","2025-02-28","","71.57391304"
"CASA DE JUSTICIA ITAGÜÍ","2025-02-27","","65.22916667"
"CASA DE JUSTICIA ITAGÜÍ","2025-02-26","","66.15833333"
"CASA DE JUSTICIA ITAGÜÍ","2025-02-25","","71.6625"
"CASA DE JUSTICIA ITAGÜÍ","2025-02-24","","68.76666667"
"CASA DE JUSTICIA ITAGÜÍ","2025-02-22","","64.16666667"
"CASA DE JUSTICIA ITAGÜÍ","2025-02-21","","66.23043478"
"CASA DE JUSTICIA ITAGÜÍ","2025-02-20","","63.25"
"CASA DE JUSTICIA ITAGÜÍ","2025-02-19","","68.375"
"CASA DE JUSTICIA ITAGÜÍ","2025-02-18","","69.57083333"
"CASA DE JUSTICIA ITAGÜÍ","2025-02-17","","71.6375"
"CASA DE JUSTICIA ITAGÜÍ","2025-02-16","","72.95416667"
"CASA DE JUSTICIA ITAGÜÍ","2025-02-15","","68.7875"
"CASA DE JUSTICIA ITAGÜÍ","2025-02-14","","67.78333333"
"CASA DE JUSTICIA ITAGÜÍ","2025-02-13","","69.99166667"
"CASA DE JUSTICIA ITAGÜÍ","2025-02-12","","69.625"
"CASA DE JUSTICIA ITAGÜÍ","2025-02-11","","69.65416667"
"CASA DE JUSTICIA ITAGÜÍ","2025-02-10","","68.45833333"
"CASA DE JUSTICIA ITAGÜÍ","2025-02-09","","77.7875"
"CASA DE JUSTICIA ITAGÜÍ","2025-02-08","","70.84166667"
"CASA DE JUSTICIA ITAGÜÍ","2025-02-07","","69.26666667"
"CASA DE JUSTICIA ITAGÜÍ","2025-02-06","","65.40833333"
"CASA DE JUSTICIA ITAGÜÍ","2025-02-05","","73.5125"
"CASA DE JUSTICIA ITAGÜÍ","2025-02-04","","69.33478261"
"CASA DE JUSTICIA ITAGÜÍ","2025-02-03","","64.59166667"
"CASA DE JUSTICIA ITAGÜÍ","2025-02-02","","58.40416667"
"CASA DE JUSTICIA ITAGÜÍ","2025-02-01","","55.3875"
"CASA DE JUSTICIA ITAGÜÍ","2025-01-31","","55.88695652"
"CASA DE JUSTICIA ITAGÜÍ","2025-01-30","","57.04583333"
"CASA DE JUSTICIA ITAGÜÍ","2025-01-29","","53.30416667"
"CASA DE JUSTICIA ITAGÜÍ","2025-01-28","","58.825"
"CASA DE JUSTICIA ITAGÜÍ","2025-01-27","","59.4125"
"CASA DE JUSTICIA ITAGÜÍ","2025-01-26","","62.525"
"CASA DE JUSTICIA ITAGÜÍ","2025-01-25","","61.15416667"
"CASA DE JUSTICIA ITAGÜÍ","2025-01-24","","62.06666667"
"CASA DE JUSTICIA ITAGÜÍ","2025-01-23","","52.78333333"
"CASA DE JUSTICIA ITAGÜÍ","2025-01-22","","55.69166667"
"CASA DE JUSTICIA ITAGÜÍ","2025-01-21","","53.9875"
"CASA DE JUSTICIA ITAGÜÍ","2025-01-20","","57.75833333"
"CASA DE JUSTICIA ITAGÜÍ","2025-01-19","","63.20833333"
"CASA DE JUSTICIA ITAGÜÍ","2025-01-18","","55.77916667"
"CASA DE JUSTICIA ITAGÜÍ","2025-01-17","","56.92083333"
"CASA DE JUSTICIA ITAGÜÍ","2025-01-16","","56.65416667"
"CASA DE JUSTICIA ITAGÜÍ","2025-01-15","","55.33333333"
"CASA DE JUSTICIA ITAGÜÍ","2025-01-14","","54.78333333"
"CASA DE JUSTICIA ITAGÜÍ","2025-01-13","","55.2875"
"CASA DE JUSTICIA ITAGÜÍ","2025-01-12","","58.34583333"
"CASA DE JUSTICIA ITAGÜÍ","2025-01-11","","61.29166667"
"CASA DE JUSTICIA ITAGÜÍ","2025-01-10","","62.34166667"
"CASA DE JUSTICIA ITAGÜÍ","2025-01-09","","67.8625"
"CASA DE JUSTICIA ITAGÜÍ","2025-01-08","","62.85"
"CASA DE JUSTICIA ITAGÜÍ","2025-01-07","","68.51666667"
"CASA DE JUSTICIA ITAGÜÍ","2025-01-06","","66.42916667"
"CASA DE JUSTICIA ITAGÜÍ","2025-01-05","","73.225"
"CASA DE JUSTICIA ITAGÜÍ","2025-01-04","","75.00416667"
"CASA DE JUSTICIA ITAGÜÍ","2025-01-03","","75.67916667"
"CASA DE JUSTICIA ITAGÜÍ","2025-01-02","","67.79583333"
"CASA DE JUSTICIA ITAGÜÍ","2025-01-01","","66.80416667"
"CASA DE JUSTICIA ITAGÜÍ","2024-12-31","","65.96956522"
"CASA DE JUSTICIA ITAGÜÍ","2024-12-30","","75.4625"
"CASA DE JUSTICIA ITAGÜÍ","2024-12-29","","66.6625"
"CASA DE JUSTICIA ITAGÜÍ","2024-12-28","","69.975"
"CASA DE JUSTICIA ITAGÜÍ","2024-12-27","","72.71666667"
"CASA DE JUSTICIA ITAGÜÍ","2024-12-26","","74.32916667"
"CASA DE JUSTICIA ITAGÜÍ","2024-12-25","","66.85833333"
"CASA DE JUSTICIA ITAGÜÍ","2024-12-24","","70.30416667"
"CASA DE JUSTICIA ITAGÜÍ","2024-12-23","","68.0"
"CASA DE JUSTICIA ITAGÜÍ","2024-12-22","","65.28333333"
"CASA DE JUSTICIA ITAGÜÍ","2024-12-21","","70.42083333"
"CASA DE JUSTICIA ITAGÜÍ","2024-12-20","","65.2875"
"CASA DE JUSTICIA ITAGÜÍ","2024-12-19","","68.06666667"
"CASA DE JUSTICIA ITAGÜÍ","2024-12-18","","59.66666667"
"CASA DE JUSTICIA ITAGÜÍ","2024-12-17","","61.45833333"
"CASA DE JUSTICIA ITAGÜÍ","2024-12-16","","71.87916667"
"CASA DE JUSTICIA ITAGÜÍ","2024-12-15","","72.7625"
"CASA DE JUSTICIA ITAGÜÍ","2024-12-14","","62.25"
"CASA DE JUSTICIA ITAGÜÍ","2024-12-13","","59.275"
"CASA DE JUSTICIA ITAGÜÍ","2024-12-12","","58.8125"
"CASA DE JUSTICIA ITAGÜÍ","2024-12-11","","60.64583333"
"CASA DE JUSTICIA ITAGÜÍ","2024-12-10","","58.65"
"CASA DE JUSTICIA ITAGÜÍ","2024-12-09","","59.2875"
"CASA DE JUSTICIA ITAGÜÍ","2024-12-08","","54.39565217"
"CASA DE JUSTICIA ITAGÜÍ","2024-12-07","","55.57083333"
"CASA DE JUSTICIA ITAGÜÍ","2024-12-06","","62.44166667"
"CASA DE JUSTICIA ITAGÜÍ","2024-12-05","","63.3125"
"CASA DE JUSTICIA ITAGÜÍ","2024-12-04","","60.53333333"
"CASA DE JUSTICIA ITAGÜÍ","2024-12-03","","62.84166667"
"CASA DE JUSTICIA ITAGÜÍ","2024-12-02","","63.8875"
"CASA DE JUSTICIA ITAGÜÍ","2024-12-01","","58.77916667"
"CASA DE JUSTICIA ITAGÜÍ","2024-11-30","","56.80434783"
"CASA DE JUSTICIA ITAGÜÍ","2024-11-29","","65.17916667"
"CASA DE JUSTICIA ITAGÜÍ","2024-11-28","","64.5"
"CASA DE JUSTICIA ITAGÜÍ","2024-11-27","","67.53333333"
"CASA DE JUSTICIA ITAGÜÍ","2024-11-26","","63.55"
"CASA DE JUSTICIA ITAGÜÍ","2024-11-25","","60.98333333"
"CASA DE JUSTICIA ITAGÜÍ","2024-11-24","","66.26956522"
"CASA DE JUSTICIA ITAGÜÍ","2024-11-23","","72.77083333"
"CASA DE JUSTICIA ITAGÜÍ","2024-11-22","","73.66666667"
"CASA DE JUSTICIA ITAGÜÍ","2024-11-21","","70.05416667"
"CASA DE JUSTICIA ITAGÜÍ","2024-11-20","","71.06666667"
"CASA DE JUSTICIA ITAGÜÍ","2024-11-19","","70.10416667"
"CASA DE JUSTICIA ITAGÜÍ","2024-11-18","","68.55416667"
"CASA DE JUSTICIA ITAGÜÍ","2024-11-17","","66.07916667"
"CASA DE JUSTICIA ITAGÜÍ","2024-11-16","","71.09583333"
"CASA DE JUSTICIA ITAGÜÍ","2024-11-15","","69.21666667"
"CASA DE JUSTICIA ITAGÜÍ","2024-11-14","","72.17083333"
"CASA DE JUSTICIA ITAGÜÍ","2024-11-13","","64.46666667"
"CASA DE JUSTICIA ITAGÜÍ","2024-11-12","","62.075"
"CASA DE JUSTICIA ITAGÜÍ","2024-11-11","","70.87083333"
"CASA DE JUSTICIA ITAGÜÍ","2024-11-10","","71.8"
"CASA DE JUSTICIA ITAGÜÍ","2024-11-09","","70.55833333"
"CASA DE JUSTICIA ITAGÜÍ","2024-11-08","","78.03333333"
"CASA DE JUSTICIA ITAGÜÍ","2024-11-07","","69.7375"
"CASA DE JUSTICIA ITAGÜÍ","2024-11-06","","62.9375"
"CASA DE JUSTICIA ITAGÜÍ","2024-11-05","","64.07083333"
"CASA DE JUSTICIA ITAGÜÍ","2024-11-04","","74.8125"
"CASA DE JUSTICIA ITAGÜÍ","2024-11-03","","61.36956522"
"CASA DE JUSTICIA ITAGÜÍ","2024-11-02","","59.39583333"
"CASA DE JUSTICIA ITAGÜÍ","2024-11-01","","70.80416667"
"CASA DE JUSTICIA ITAGÜÍ","2024-10-31","","64.56086957"
"CASA DE JUSTICIA ITAGÜÍ","2024-10-30","","68.42916667"
"CASA DE JUSTICIA ITAGÜÍ","2024-10-29","","58.4375"
"CASA DE JUSTICIA ITAGÜÍ","2024-10-28","","57.84583333"
"CASA DE JUSTICIA ITAGÜÍ","2024-10-27","","66.43043478"
"CASA DE JUSTICIA ITAGÜÍ","2024-10-26","","62.375"
"CASA DE JUSTICIA ITAGÜÍ","2024-10-25","","55.23333333"
"CASA DE JUSTICIA ITAGÜÍ","2024-10-24","","68.7826087"
"CASA DE JUSTICIA ITAGÜÍ","2024-10-23","","65.04583333"
"CASA DE JUSTICIA ITAGÜÍ","2024-10-22","","73.07916667"
"CASA DE JUSTICIA ITAGÜÍ","2024-10-21","","69.80769231"
"CASA DE JUSTICIA ITAGÜÍ","2024-10-18","","63.49285714"
"CASA DE JUSTICIA ITAGÜÍ","2024-10-17","","63.86666667"
"CASA DE JUSTICIA ITAGÜÍ","2024-10-16","","66.65833333"
"CASA DE JUSTICIA ITAGÜÍ","2024-10-15","","63.97916667"
"CASA DE JUSTICIA ITAGÜÍ","2024-10-14","","59.92083333"
"CASA DE JUSTICIA ITAGÜÍ","2024-10-13","","58.85"
"CASA DE JUSTICIA ITAGÜÍ","2024-10-12","","55.31666667"
"CASA DE JUSTICIA ITAGÜÍ","2024-10-11","","59.14583333"
"CASA DE JUSTICIA ITAGÜÍ","2024-10-10","","75.60416667"
"CASA DE JUSTICIA ITAGÜÍ","2024-10-09","","65.87916667"
"CASA DE JUSTICIA ITAGÜÍ","2024-10-08","","75.825"
"CASA DE JUSTICIA ITAGÜÍ","2024-10-07","","71.87916667"
"CASA DE JUSTICIA ITAGÜÍ","2024-10-06","","67.29583333"
"CASA DE JUSTICIA ITAGÜÍ","2024-10-05","","68.34166667"
"CASA DE JUSTICIA ITAGÜÍ","2024-10-04","","60.90833333"
"CASA DE JUSTICIA ITAGÜÍ","2024-10-03","","56.8"
"CASA DE JUSTICIA ITAGÜÍ","2024-10-02","","66.76666667"
"CASA DE JUSTICIA ITAGÜÍ","2024-10-01","","68.42916667"
"CASA DE JUSTICIA ITAGÜÍ","2024-09-30","","70.35652174"
"CASA DE JUSTICIA ITAGÜÍ","2024-09-29","","72.17083333"
"CASA DE JUSTICIA ITAGÜÍ","2024-09-28","","69.05416667"
"CASA DE JUSTICIA ITAGÜÍ","2024-09-27","","69.175"
"CASA DE JUSTICIA ITAGÜÍ","2024-09-26","","68.81666667"
"CASA DE JUSTICIA ITAGÜÍ","2024-09-25","","66.09583333"
"CASA DE JUSTICIA ITAGÜÍ","2024-09-24","","59.9875"
"CASA DE JUSTICIA ITAGÜÍ","2024-09-23","","62.79166667"
"CASA DE JUSTICIA ITAGÜÍ","2024-09-22","","67.0"
"CASA DE JUSTICIA ITAGÜÍ","2024-09-21","","63.55416667"
"CASA DE JUSTICIA ITAGÜÍ","2024-09-20","","61.83333333"
"CASA DE JUSTICIA ITAGÜÍ","2024-09-19","","53.85833333"
"CASA DE JUSTICIA ITAGÜÍ","2024-09-18","","49.84166667"
"CASA DE JUSTICIA ITAGÜÍ","2024-09-17","","55.34166667"
"CASA DE JUSTICIA ITAGÜÍ","2024-09-16","","54.075"
"CASA DE JUSTICIA ITAGÜÍ","2024-09-15","","51.54583333"
"CASA DE JUSTICIA ITAGÜÍ","2024-09-14","","61.40833333"
"CASA DE JUSTICIA ITAGÜÍ","2024-09-13","","57.7"
"CASA DE JUSTICIA ITAGÜÍ","2024-09-12","","56.0125"
"CASA DE JUSTICIA ITAGÜÍ","2024-09-11","","52.075"
"CASA DE JUSTICIA ITAGÜÍ","2024-09-10","","52.40833333"
"CASA DE JUSTICIA ITAGÜÍ","2024-09-09","","44.70833333"
"CASA DE JUSTICIA ITAGÜÍ","2024-09-08","","50.9625"
"CASA DE JUSTICIA ITAGÜÍ","2024-09-07","","57.175"
"CASA DE JUSTICIA ITAGÜÍ","2024-09-06","","55.0875"
"CASA DE JUSTICIA ITAGÜÍ","2024-09-05","","61.4"
"CASA DE JUSTICIA ITAGÜÍ","2024-09-04","","59.17083333"
"CASA DE JUSTICIA ITAGÜÍ","2024-09-03","","66.70416667"
"CASA DE JUSTICIA ITAGÜÍ","2024-09-02","","64.04166667"
"CASA DE JUSTICIA ITAGÜÍ","2024-09-01","","69.70833333"
"CASA DE JUSTICIA ITAGÜÍ","2024-08-31","","55.4173913"
"CASA DE JUSTICIA ITAGÜÍ","2024-08-30","","50.30416667"
"CASA DE JUSTICIA ITAGÜÍ","2024-08-29","","66.4125"
"CASA DE JUSTICIA ITAGÜÍ","2024-08-28","","51.36666667"
"CASA DE JUSTICIA ITAGÜÍ","2024-08-27","","53.075"
"CASA DE JUSTICIA ITAGÜÍ","2024-08-26","","62.9875"
"CASA DE JUSTICIA ITAGÜÍ","2024-08-25","","67.62916667"
"CASA DE JUSTICIA ITAGÜÍ","2024-08-24","","69.99545455"
"CASA DE JUSTICIA ITAGÜÍ","2024-08-23","","63.17916667"
"CASA DE JUSTICIA ITAGÜÍ","2024-08-22","","62.275"
"CASA DE JUSTICIA ITAGÜÍ","2024-08-21","","55.15833333"
"CASA DE JUSTICIA ITAGÜÍ","2024-08-20","","51.15833333"
"CASA DE JUSTICIA ITAGÜÍ","2024-08-19","","50.5625"
"CASA DE JUSTICIA ITAGÜÍ","2024-08-18","","49.55416667"
"CASA DE JUSTICIA ITAGÜÍ","2024-08-17","","50.65"
"CASA DE JUSTICIA ITAGÜÍ","2024-08-16","","53.29166667"
"CASA DE JUSTICIA ITAGÜÍ","2024-08-15","","50.225"
"CASA DE JUSTICIA ITAGÜÍ","2024-08-14","","52.63333333"
"CASA DE JUSTICIA ITAGÜÍ","2024-08-13","","64.94583333"
"CASA DE JUSTICIA ITAGÜÍ","2024-08-12","","62.27083333"
"CASA DE JUSTICIA ITAGÜÍ","2024-08-11","","71.21666667"
"CASA DE JUSTICIA ITAGÜÍ","2024-08-10","","69.0375"
"CASA DE JUSTICIA ITAGÜÍ","2024-08-09","","66.37916667"
"CASA DE JUSTICIA ITAGÜÍ","2024-08-08","","64.40833333"
"CASA DE JUSTICIA ITAGÜÍ","2024-08-07","","65.15"
"CASA DE JUSTICIA ITAGÜÍ","2024-08-06","","71.775"
"CASA DE JUSTICIA ITAGÜÍ","2024-08-05","","70.73333333"
"CASA DE JUSTICIA ITAGÜÍ","2024-08-04","","60.0625"
"CASA DE JUSTICIA ITAGÜÍ","2024-08-03","","59.1125"
"CASA DE JUSTICIA ITAGÜÍ","2024-08-02","","47.62916667"
"CASA DE JUSTICIA ITAGÜÍ","2024-08-01","","48.43333333"
"CASA DE JUSTICIA ITAGÜÍ","2024-07-31","","48.5826087"
"CASA DE JUSTICIA ITAGÜÍ","2024-07-30","","50.00833333"
"CASA DE JUSTICIA ITAGÜÍ","2024-07-29","","49.71666667"
"CASA DE JUSTICIA ITAGÜÍ","2024-07-28","","59.98333333"
"CASA DE JUSTICIA ITAGÜÍ","2024-07-27","","65.14583333"
"CASA DE JUSTICIA ITAGÜÍ","2024-07-26","","58.52916667"
"CASA DE JUSTICIA ITAGÜÍ","2024-07-25","","55.675"
"CASA DE JUSTICIA ITAGÜÍ","2024-07-24","","51.19583333"
"CASA DE JUSTICIA ITAGÜÍ","2024-07-23","","56.66666667"
"CASA DE JUSTICIA ITAGÜÍ","2024-07-22","","51.2125"
"CASA DE JUSTICIA ITAGÜÍ","2024-07-21","","54.2125"
"CASA DE JUSTICIA ITAGÜÍ","2024-07-20","","52.49166667"
"CASA DE JUSTICIA ITAGÜÍ","2024-07-19","","57.37083333"
"CASA DE JUSTICIA ITAGÜÍ","2024-07-18","","55.89166667"
"CASA DE JUSTICIA ITAGÜÍ","2024-07-17","","54.2"
"CASA DE JUSTICIA ITAGÜÍ","2024-07-16","","51.4875"
"CASA DE JUSTICIA ITAGÜÍ","2024-07-15","","56.4875"
"CASA DE JUSTICIA ITAGÜÍ","2024-07-14","","53.6625"
"CASA DE JUSTICIA ITAGÜÍ","2024-07-13","","55.8"
"CASA DE JUSTICIA ITAGÜÍ","2024-07-12","","66.3"
"CASA DE JUSTICIA ITAGÜÍ","2024-07-11","","58.00833333"
"CASA DE JUSTICIA ITAGÜÍ","2024-07-10","","56.20416667"
"CASA DE JUSTICIA ITAGÜÍ","2024-07-09","","51.73333333"
"CASA DE JUSTICIA ITAGÜÍ","2024-07-08","","52.90416667"
"CASA DE JUSTICIA ITAGÜÍ","2024-07-07","","60.34583333"
"CASA DE JUSTICIA ITAGÜÍ","2024-07-06","","60.25"
"CASA DE JUSTICIA ITAGÜÍ","2024-07-05","","73.4125"
"CASA DE JUSTICIA ITAGÜÍ","2024-07-04","","71.75833333"
"CASA DE JUSTICIA ITAGÜÍ","2024-07-03","","71.29583333"
"CASA DE JUSTICIA ITAGÜÍ","2024-07-02","","71.14583333"
"CASA DE JUSTICIA ITAGÜÍ","2024-07-01","","65.3625"
"CASA DE JUSTICIA ITAGÜÍ","2024-06-30","","67.8826087"
"CASA DE JUSTICIA ITAGÜÍ","2024-06-29","","69.25833333"
"CASA DE JUSTICIA ITAGÜÍ","2024-06-28","","72.31666667"
"CASA DE JUSTICIA ITAGÜÍ","2024-06-27","","74.37916667"
"CASA DE JUSTICIA ITAGÜÍ","2024-06-26","","72.49583333"
"CASA DE JUSTICIA ITAGÜÍ","2024-06-25","","69.54583333"
"CASA DE JUSTICIA ITAGÜÍ","2024-06-24","","65.3625"
"CASA DE JUSTICIA ITAGÜÍ","2024-06-23","","71.3"
"CASA DE JUSTICIA ITAGÜÍ","2024-06-22","","69.14583333"
"CASA DE JUSTICIA ITAGÜÍ","2024-06-21","","64.8875"
"CASA DE JUSTICIA ITAGÜÍ","2024-06-20","","66.15833333"
"CASA DE JUSTICIA ITAGÜÍ","2024-06-19","","69.98333333"
"CASA DE JUSTICIA ITAGÜÍ","2024-06-18","","66.69583333"
"CASA DE JUSTICIA ITAGÜÍ","2024-06-17","","59.4125"
"CASA DE JUSTICIA ITAGÜÍ","2024-06-16","","71.14583333"
"CASA DE JUSTICIA ITAGÜÍ","2024-06-15","","71.625"
"CASA DE JUSTICIA ITAGÜÍ","2024-06-14","","73.425"
"CASA DE JUSTICIA ITAGÜÍ","2024-06-13","","68.67083333"
"CASA DE JUSTICIA ITAGÜÍ","2024-06-12","","57.86666667"
"CASA DE JUSTICIA ITAGÜÍ","2024-06-11","","69.52083333"
"CASA DE JUSTICIA ITAGÜÍ","2024-06-10","","70.48333333"
"CASA DE JUSTICIA ITAGÜÍ","2024-06-09","","71.64583333"
"CASA DE JUSTICIA ITAGÜÍ","2024-06-08","","61.95909091"
"CASA DE JUSTICIA ITAGÜÍ","2024-06-07","","60.7375"
"CASA DE JUSTICIA ITAGÜÍ","2024-06-06","","66.94583333"
"CASA DE JUSTICIA ITAGÜÍ","2024-06-05","","65.72916667"
"CASA DE JUSTICIA ITAGÜÍ","2024-06-04","","76.37916667"
"CASA DE JUSTICIA ITAGÜÍ","2024-06-03","","68.72916667"
"CASA DE JUSTICIA ITAGÜÍ","2024-06-02","","63.95833333"
"CASA DE JUSTICIA ITAGÜÍ","2024-06-01","","55.97916667"
"CASA DE JUSTICIA ITAGÜÍ","2024-04-30","","66.65909091"
"CASA DE JUSTICIA ITAGÜÍ","2024-04-29","","65.1625"
"CASA DE JUSTICIA ITAGÜÍ","2024-04-28","","72.64166667"
"CASA DE JUSTICIA ITAGÜÍ","2024-04-27","","72.1625"
"CASA DE JUSTICIA ITAGÜÍ","2024-04-26","","74.74583333"
"CASA DE JUSTICIA ITAGÜÍ","2024-04-25","","66.1375"
"CASA DE JUSTICIA ITAGÜÍ","2024-04-24","","66.625"
"CASA DE JUSTICIA ITAGÜÍ","2024-04-23","","72.56666667"
"CASA DE JUSTICIA ITAGÜÍ","2024-04-22","","77.575"
"CASA DE JUSTICIA ITAGÜÍ","2024-04-21","","71.90833333"
"CASA DE JUSTICIA ITAGÜÍ","2024-04-20","","67.24166667"
"CASA DE JUSTICIA ITAGÜÍ","2024-04-19","","71.76666667"
"CASA DE JUSTICIA ITAGÜÍ","2024-04-18","","66.20416667"
"CASA DE JUSTICIA ITAGÜÍ","2024-04-17","","64.7375"
"CASA DE JUSTICIA ITAGÜÍ","2024-04-16","","60.275"
"CASA DE JUSTICIA ITAGÜÍ","2024-04-15","","63.69583333"
"CASA DE JUSTICIA ITAGÜÍ","2024-04-14","","57.81666667"
"CASA DE JUSTICIA ITAGÜÍ","2024-04-13","","53.97916667"
"CASA DE JUSTICIA ITAGÜÍ","2024-04-12","","52.89166667"
"CASA DE JUSTICIA ITAGÜÍ","2024-04-11","","54.80416667"
"CASA DE JUSTICIA ITAGÜÍ","2024-04-10","","47.64166667"
"CASA DE JUSTICIA ITAGÜÍ","2024-04-09","","51.09583333"
"CASA DE JUSTICIA ITAGÜÍ","2024-04-08","","52.55"
"CASA DE JUSTICIA ITAGÜÍ","2024-04-07","","53.17083333"
"CASA DE JUSTICIA ITAGÜÍ","2024-04-06","","61.87916667"
"CASA DE JUSTICIA ITAGÜÍ","2024-04-05","","60.3875"
"CASA DE JUSTICIA ITAGÜÍ","2024-04-04","","78.6375"
"CASA DE JUSTICIA ITAGÜÍ","2024-04-03","","70.50416667"
"CASA DE JUSTICIA ITAGÜÍ","2024-04-02","","69.05416667"
"CASA DE JUSTICIA ITAGÜÍ","2024-04-01","","64.09583333"
"CASA DE JUSTICIA ITAGÜÍ","2024-03-31","","70.69565217"
"CASA DE JUSTICIA ITAGÜÍ","2024-03-30","","55.42916667"
"CASA DE JUSTICIA ITAGÜÍ","2024-03-29","","57.27916667"
"CASA DE JUSTICIA ITAGÜÍ","2024-03-28","","57.33333333"
"CASA DE JUSTICIA ITAGÜÍ","2024-03-27","","61.00833333"
"CASA DE JUSTICIA ITAGÜÍ","2024-03-26","","57.70833333"
"CASA DE JUSTICIA ITAGÜÍ","2024-03-25","","58.86666667"
"CASA DE JUSTICIA ITAGÜÍ","2024-03-24","","58.0125"
"CASA DE JUSTICIA ITAGÜÍ","2024-03-23","","57.775"
"CASA DE JUSTICIA ITAGÜÍ","2024-03-22","","53.22083333"
"CASA DE JUSTICIA ITAGÜÍ","2024-03-21","","60.025"
"CASA DE JUSTICIA ITAGÜÍ","2024-03-20","","64.52083333"
"CASA DE JUSTICIA ITAGÜÍ","2024-03-19","","62.99166667"
"CASA DE JUSTICIA ITAGÜÍ","2024-03-18","","48.97083333"
"CASA DE JUSTICIA ITAGÜÍ","2024-03-17","","56.99166667"
"CASA DE JUSTICIA ITAGÜÍ","2024-03-16","","53.59583333"
"CASA DE JUSTICIA ITAGÜÍ","2024-03-15","","49.14583333"
"CASA DE JUSTICIA ITAGÜÍ","2024-03-14","","52.7875"
"CASA DE JUSTICIA ITAGÜÍ","2024-03-13","","55.425"
"CASA DE JUSTICIA ITAGÜÍ","2024-03-12","","51.77916667"
"CASA DE JUSTICIA ITAGÜÍ","2024-03-11","","61.80833333"
"CASA DE JUSTICIA ITAGÜÍ","2024-03-10","","51.76666667"
"CASA DE JUSTICIA ITAGÜÍ","2024-03-09","","65.02916667"
"CASA DE JUSTICIA ITAGÜÍ","2024-03-08","","52.48333333"
"CASA DE JUSTICIA ITAGÜÍ","2024-03-07","","53.57083333"
"CASA DE JUSTICIA ITAGÜÍ","2024-03-06","","57.45416667"
"CASA DE JUSTICIA ITAGÜÍ","2024-03-05","","56.07083333"
"CASA DE JUSTICIA ITAGÜÍ","2024-03-04","","55.20833333"
"CASA DE JUSTICIA ITAGÜÍ","2024-03-03","","59.40416667"
"CASA DE JUSTICIA ITAGÜÍ","2024-03-02","","52.525"
"CASA DE JUSTICIA ITAGÜÍ","2024-03-01","","52.1125"
"CASA DE JUSTICIA ITAGÜÍ","2024-02-29","","54.12608696"
"CASA DE JUSTICIA ITAGÜÍ","2024-02-28","","54.425"
"CASA DE JUSTICIA ITAGÜÍ","2024-02-27","","57.08333333"
"CASA DE JUSTICIA ITAGÜÍ","2024-02-26","","58.86666667"
"CASA DE JUSTICIA ITAGÜÍ","2024-02-25","","52.43333333"
"CASA DE JUSTICIA ITAGÜÍ","2024-02-24","","54.96666667"
"CASA DE JUSTICIA ITAGÜÍ","2024-02-23","","52.94166667"
"CASA DE JUSTICIA ITAGÜÍ","2024-02-22","","56.51666667"
"CASA DE JUSTICIA ITAGÜÍ","2024-02-21","","56.26666667"
"CASA DE JUSTICIA ITAGÜÍ","2024-02-20","","51.80416667"
"CASA DE JUSTICIA ITAGÜÍ","2024-02-19","","52.19166667"
"CASA DE JUSTICIA ITAGÜÍ","2024-02-18","","51.35"
"CASA DE JUSTICIA ITAGÜÍ","2024-02-17","","54.53333333"
"CASA DE JUSTICIA ITAGÜÍ","2024-02-16","","48.35833333"
"CASA DE JUSTICIA ITAGÜÍ","2024-02-15","","51.50416667"
"CASA DE JUSTICIA ITAGÜÍ","2024-02-14","","54.525"
"CASA DE JUSTICIA ITAGÜÍ","2024-02-13","","54.9375"
"CASA DE JUSTICIA ITAGÜÍ","2024-02-12","","55.03333333"
"CASA DE JUSTICIA ITAGÜÍ","2024-02-11","","53.20833333"
"CASA DE JUSTICIA ITAGÜÍ","2024-02-10","","56.075"
"CASA DE JUSTICIA ITAGÜÍ","2024-02-09","","61.44583333"
"CASA DE JUSTICIA ITAGÜÍ","2024-02-08","","68.475"
"CASA DE JUSTICIA ITAGÜÍ","2024-02-07","","64.74166667"
"CASA DE JUSTICIA ITAGÜÍ","2024-02-06","","63.3625"
"CASA DE JUSTICIA ITAGÜÍ","2024-02-05","","67.5625"
"CASA DE JUSTICIA ITAGÜÍ","2024-02-04","","68.64166667"
"CASA DE JUSTICIA ITAGÜÍ","2024-02-03","","68.38333333"
"CASA DE JUSTICIA ITAGÜÍ","2024-02-02","","68.50833333"
"CASA DE JUSTICIA ITAGÜÍ","2024-02-01","","71.75"
"CASA DE JUSTICIA ITAGÜÍ","2024-01-31","","57.66956522"
"CASA DE JUSTICIA ITAGÜÍ","2024-01-30","","62.05"
"CASA DE JUSTICIA ITAGÜÍ","2024-01-29","","57.19583333"
"CASA DE JUSTICIA ITAGÜÍ","2024-01-28","","58.96666667"
"CASA DE JUSTICIA ITAGÜÍ","2024-01-27","","62.57916667"
"CASA DE JUSTICIA ITAGÜÍ","2024-01-26","","56.34583333"
"CASA DE JUSTICIA ITAGÜÍ","2024-01-25","","51.0875"
"CASA DE JUSTICIA ITAGÜÍ","2024-01-24","","43.875"
"CASA DE JUSTICIA ITAGÜÍ","2024-01-23","","42.05"
"CASA DE JUSTICIA ITAGÜÍ","2024-01-22","","50.8"
"CASA DE JUSTICIA ITAGÜÍ","2024-01-21","","54.59583333"
"CASA DE JUSTICIA ITAGÜÍ","2024-01-20","","52.9"
"CASA DE JUSTICIA ITAGÜÍ","2024-01-19","","50.3875"
"CASA DE JUSTICIA ITAGÜÍ","2024-01-18","","48.975"
"CASA DE JUSTICIA ITAGÜÍ","2024-01-17","","51.39166667"
"CASA DE JUSTICIA ITAGÜÍ","2024-01-16","","50.44583333"
"CASA DE JUSTICIA ITAGÜÍ","2024-01-15","","51.00833333"
"CASA DE JUSTICIA ITAGÜÍ","2024-01-14","","57.1625"
"CASA DE JUSTICIA ITAGÜÍ","2024-01-13","","60.21666667"
"CASA DE JUSTICIA ITAGÜÍ","2024-01-12","","58.9"
"CASA DE JUSTICIA ITAGÜÍ","2024-01-11","","60.63333333"
"CASA DE JUSTICIA ITAGÜÍ","2024-01-10","","60.5"
"CASA DE JUSTICIA ITAGÜÍ","2024-01-09","","58.99166667"
"CASA DE JUSTICIA ITAGÜÍ","2024-01-08","","57.30416667"
"CASA DE JUSTICIA ITAGÜÍ","2024-01-07","","53.44583333"
"CASA DE JUSTICIA ITAGÜÍ","2024-01-06","","56.48333333"
"CASA DE JUSTICIA ITAGÜÍ","2024-01-05","","59.20833333"
"CASA DE JUSTICIA ITAGÜÍ","2024-01-04","","58.43333333"
"CASA DE JUSTICIA ITAGÜÍ","2024-01-03","","56.0"
"CASA DE JUSTICIA ITAGÜÍ","2024-01-02","","62.45416667"
"CASA DE JUSTICIA ITAGÜÍ","2024-01-01","","60.81666667"
"CASA DE JUSTICIA ITAGÜÍ","2023-12-31","","59.07391304"
"CASA DE JUSTICIA ITAGÜÍ","2023-12-30","","67.05"
"CASA DE JUSTICIA ITAGÜÍ","2023-12-29","","66.6375"
"CASA DE JUSTICIA ITAGÜÍ","2023-12-28","","69.92916667"
"CASA DE JUSTICIA ITAGÜÍ","2023-12-27","","65.08333333"
"CASA DE JUSTICIA ITAGÜÍ","2023-12-26","","68.1875"
"CASA DE JUSTICIA ITAGÜÍ","2023-12-25","","66.67083333"
"CASA DE JUSTICIA ITAGÜÍ","2023-12-24","","62.86666667"
"CASA DE JUSTICIA ITAGÜÍ","2023-12-23","","63.79166667"
"CASA DE JUSTICIA ITAGÜÍ","2023-12-22","","61.35833333"
"CASA DE JUSTICIA ITAGÜÍ","2023-12-21","","61.1"
"CASA DE JUSTICIA ITAGÜÍ","2023-12-20","","59.8375"
"CASA DE JUSTICIA ITAGÜÍ","2023-12-19","","59.40416667"
"CASA DE JUSTICIA ITAGÜÍ","2023-12-18","","64.26666667"
"CASA DE JUSTICIA ITAGÜÍ","2023-12-17","","68.35833333"
"CASA DE JUSTICIA ITAGÜÍ","2023-12-16","","69.92083333"
"CASA DE JUSTICIA ITAGÜÍ","2023-12-15","","64.41304348"
"CASA DE JUSTICIA ITAGÜÍ","2023-12-14","","61.20416667"
"CASA DE JUSTICIA ITAGÜÍ","2023-12-13","","62.05833333"
"CASA DE JUSTICIA ITAGÜÍ","2023-12-12","","56.20833333"
"CASA DE JUSTICIA ITAGÜÍ","2023-12-11","","55.25833333"
"CASA DE JUSTICIA ITAGÜÍ","2023-12-10","","60.47083333"
"CASA DE JUSTICIA ITAGÜÍ","2023-12-09","","56.79583333"
"CASA DE JUSTICIA ITAGÜÍ","2023-12-08","","62.0375"
"CASA DE JUSTICIA ITAGÜÍ","2023-12-07","","69.00833333"
"CASA DE JUSTICIA ITAGÜÍ","2023-12-06","","61.87083333"
"CASA DE JUSTICIA ITAGÜÍ","2023-12-05","","55.19583333"
"CASA DE JUSTICIA ITAGÜÍ","2023-12-04","","58.00833333"
"CASA DE JUSTICIA ITAGÜÍ","2023-12-03","","58.89583333"
"CASA DE JUSTICIA ITAGÜÍ","2023-12-02","","56.5875"
"CASA DE JUSTICIA ITAGÜÍ","2023-12-01","","49.85"
"CASA DE JUSTICIA ITAGÜÍ","2023-11-30","","58.93913043"
"CASA DE JUSTICIA ITAGÜÍ","2023-11-29","","52.37916667"
"CASA DE JUSTICIA ITAGÜÍ","2023-11-28","","52.07083333"
"CASA DE JUSTICIA ITAGÜÍ","2023-11-27","","52.73333333"
"CASA DE JUSTICIA ITAGÜÍ","2023-11-26","","56.65416667"
"CASA DE JUSTICIA ITAGÜÍ","2023-11-25","","64.46666667"
"CASA DE JUSTICIA ITAGÜÍ","2023-11-24","","62.54166667"
"CASA DE JUSTICIA ITAGÜÍ","2023-11-23","","61.50833333"
"CASA DE JUSTICIA ITAGÜÍ","2023-11-22","","64.49166667"
"CASA DE JUSTICIA ITAGÜÍ","2023-11-21","","67.10833333"
"CASA DE JUSTICIA ITAGÜÍ","2023-11-20","","70.21666667"
"CASA DE JUSTICIA ITAGÜÍ","2023-11-19","","71.6375"
"CASA DE JUSTICIA ITAGÜÍ","2023-11-18","","71.59166667"
"CASA DE JUSTICIA ITAGÜÍ","2023-11-17","","66.45416667"
"CASA DE JUSTICIA ITAGÜÍ","2023-11-16","","66.3"
"CASA DE JUSTICIA ITAGÜÍ","2023-11-15","","70.45"
"CASA DE JUSTICIA ITAGÜÍ","2023-11-14","","63.85833333"
"CASA DE JUSTICIA ITAGÜÍ","2023-11-13","","62.30833333"
"CASA DE JUSTICIA ITAGÜÍ","2023-11-12","","64.94166667"
"CASA DE JUSTICIA ITAGÜÍ","2023-11-11","","62.42083333"
"CASA DE JUSTICIA ITAGÜÍ","2023-11-10","","63.07916667"
"CASA DE JUSTICIA ITAGÜÍ","2023-11-09","","63.0"
"CASA DE JUSTICIA ITAGÜÍ","2023-11-08","","67.62083333"
"CASA DE JUSTICIA ITAGÜÍ","2023-11-07","","67.77916667"
"CASA DE JUSTICIA ITAGÜÍ","2023-11-06","","71.03333333"
"CASA DE JUSTICIA ITAGÜÍ","2023-11-05","","68.825"
"CASA DE JUSTICIA ITAGÜÍ","2023-11-04","","71.89583333"
"CASA DE JUSTICIA ITAGÜÍ","2023-11-03","","67.0"
"CASA DE JUSTICIA ITAGÜÍ","2023-11-02","","71.15833333"
"CASA DE JUSTICIA ITAGÜÍ","2023-11-01","","73.52083333"
"CASA DE JUSTICIA ITAGÜÍ","2023-10-31","","70.55217391"
"CASA DE JUSTICIA ITAGÜÍ","2023-10-30","","69.05"
"CASA DE JUSTICIA ITAGÜÍ","2023-10-29","","62.89583333"
"CASA DE JUSTICIA ITAGÜÍ","2023-10-28","","62.7375"
"CASA DE JUSTICIA ITAGÜÍ","2023-10-27","","66.8875"
"CASA DE JUSTICIA ITAGÜÍ","2023-10-26","","71.21666667"
"CASA DE JUSTICIA ITAGÜÍ","2023-10-25","","69.30833333"
"CASA DE JUSTICIA ITAGÜÍ","2023-10-24","","71.7625"
"CASA DE JUSTICIA ITAGÜÍ","2023-10-23","","68.99166667"
"CASA DE JUSTICIA ITAGÜÍ","2023-10-22","","68.97083333"
"CASA DE JUSTICIA ITAGÜÍ","2023-10-21","","69.475"
"CASA DE JUSTICIA ITAGÜÍ","2023-10-20","","70.54166667"
"CASA DE JUSTICIA ITAGÜÍ","2023-10-19","","64.66666667"
"CASA DE JUSTICIA ITAGÜÍ","2023-10-18","","63.13333333"
"CASA DE JUSTICIA ITAGÜÍ","2023-10-17","","66.57083333"
"CASA DE JUSTICIA ITAGÜÍ","2023-10-16","","64.22083333"
"CASA DE JUSTICIA ITAGÜÍ","2023-10-15","","59.95416667"
"CASA DE JUSTICIA ITAGÜÍ","2023-10-14","","68.79583333"
"CASA DE JUSTICIA ITAGÜÍ","2023-10-13","","59.81666667"
"CASA DE JUSTICIA ITAGÜÍ","2023-10-12","","63.48333333"
"CASA DE JUSTICIA ITAGÜÍ","2023-10-11","","66.33333333"
"CASA DE JUSTICIA ITAGÜÍ","2023-10-10","","65.55416667"
"CASA DE JUSTICIA ITAGÜÍ","2023-10-09","","66.94583333"
"CASA DE JUSTICIA ITAGÜÍ","2023-10-08","","69.525"
"CASA DE JUSTICIA ITAGÜÍ","2023-10-07","","69.52916667"
"CASA DE JUSTICIA ITAGÜÍ","2023-10-06","","65.61666667"
"CASA DE JUSTICIA ITAGÜÍ","2023-10-05","","68.94166667"
"CASA DE JUSTICIA ITAGÜÍ","2023-10-04","","73.3625"
"CASA DE JUSTICIA ITAGÜÍ","2023-10-03","","69.76666667"
"CASA DE JUSTICIA ITAGÜÍ","2023-10-02","","60.30416667"
"CASA DE JUSTICIA ITAGÜÍ","2023-10-01","","60.50833333"
"CASA DE JUSTICIA ITAGÜÍ","2023-09-30","","57.83478261"
"CASA DE JUSTICIA ITAGÜÍ","2023-09-29","","56.81666667"
"CASA DE JUSTICIA ITAGÜÍ","2023-09-28","","63.92083333"
"CASA DE JUSTICIA ITAGÜÍ","2023-09-27","","61.62916667"
"CASA DE JUSTICIA ITAGÜÍ","2023-09-26","","63.47916667"
"CASA DE JUSTICIA ITAGÜÍ","2023-09-25","","63.22916667"
"CASA DE JUSTICIA ITAGÜÍ","2023-09-24","","64.92083333"
"CASA DE JUSTICIA ITAGÜÍ","2023-09-23","","58.57916667"
"CASA DE JUSTICIA ITAGÜÍ","2023-09-22","","54.25"
"CASA DE JUSTICIA ITAGÜÍ","2023-09-21","","49.13333333"
"CASA DE JUSTICIA ITAGÜÍ","2023-09-20","","48.62083333"
"CASA DE JUSTICIA ITAGÜÍ","2023-09-19","","49.55416667"
"CASA DE JUSTICIA ITAGÜÍ","2023-09-18","","57.52916667"
"CASA DE JUSTICIA ITAGÜÍ","2023-09-17","","62.0"
"CASA DE JUSTICIA ITAGÜÍ","2023-09-16","","51.92083333"
"CASA DE JUSTICIA ITAGÜÍ","2023-09-15","","51.50833333"
"CASA DE JUSTICIA ITAGÜÍ","2023-09-14","","59.825"
"CASA DE JUSTICIA ITAGÜÍ","2023-09-13","","59.25"
"CASA DE JUSTICIA ITAGÜÍ","2023-09-12","","55.60416667"
"CASA DE JUSTICIA ITAGÜÍ","2023-09-11","","59.47083333"
"CASA DE JUSTICIA ITAGÜÍ","2023-09-10","","66.75416667"
"CASA DE JUSTICIA ITAGÜÍ","2023-09-09","","63.80416667"
"CASA DE JUSTICIA ITAGÜÍ","2023-09-08","","54.86666667"
"CASA DE JUSTICIA ITAGÜÍ","2023-09-07","","48.7625"
"CASA DE JUSTICIA ITAGÜÍ","2023-09-06","","45.72916667"
"CASA DE JUSTICIA ITAGÜÍ","2023-09-05","","52.85"
"CASA DE JUSTICIA ITAGÜÍ","2023-09-04","","61.8125"
"CASA DE JUSTICIA ITAGÜÍ","2023-09-03","","62.15416667"
"CASA DE JUSTICIA ITAGÜÍ","2023-09-02","","57.41666667"
"CASA DE JUSTICIA ITAGÜÍ","2023-09-01","","48.93333333"
"CASA DE JUSTICIA ITAGÜÍ","2023-08-31","","44.3826087"
"CASA DE JUSTICIA ITAGÜÍ","2023-08-30","","50.2125"
"CASA DE JUSTICIA ITAGÜÍ","2023-08-29","","57.3625"
"CASA DE JUSTICIA ITAGÜÍ","2023-08-28","","51.9"
"CASA DE JUSTICIA ITAGÜÍ","2023-08-27","","54.35416667"
"CASA DE JUSTICIA ITAGÜÍ","2023-08-26","","52.68333333"
"CASA DE JUSTICIA ITAGÜÍ","2023-08-25","","59.9875"
"CASA DE JUSTICIA ITAGÜÍ","2023-08-24","","62.17916667"
"CASA DE JUSTICIA ITAGÜÍ","2023-08-23","","66.05833333"
"CASA DE JUSTICIA ITAGÜÍ","2023-08-22","","74.8625"
"CASA DE JUSTICIA ITAGÜÍ","2023-08-21","","75.025"
"CASA DE JUSTICIA ITAGÜÍ","2023-08-20","","70.61666667"
"CASA DE JUSTICIA ITAGÜÍ","2023-08-19","","65.74"
"CASA DE JUSTICIA ITAGÜÍ","2023-08-18","","69.67916667"
"CASA DE JUSTICIA ITAGÜÍ","2023-08-17","","58.21666667"
"CASA DE JUSTICIA ITAGÜÍ","2023-08-16","","65.04166667"
"CASA DE JUSTICIA ITAGÜÍ","2023-08-15","","60.1625"
"CASA DE JUSTICIA ITAGÜÍ","2023-08-14","","50.02083333"
"CASA DE JUSTICIA ITAGÜÍ","2023-08-13","","54.3125"
"CASA DE JUSTICIA ITAGÜÍ","2023-08-12","","53.59583333"
"CASA DE JUSTICIA ITAGÜÍ","2023-08-11","","54.92916667"
"CASA DE JUSTICIA ITAGÜÍ","2023-08-10","","54.07916667"
"CASA DE JUSTICIA ITAGÜÍ","2023-08-09","","53.94583333"
"CASA DE JUSTICIA ITAGÜÍ","2023-08-08","","46.65"
"CASA DE JUSTICIA ITAGÜÍ","2023-08-07","","54.03333333"
"CASA DE JUSTICIA ITAGÜÍ","2023-08-06","","50.33333333"
"CASA DE JUSTICIA ITAGÜÍ","2023-08-05","","47.49166667"
"CASA DE JUSTICIA ITAGÜÍ","2023-08-04","","47.65833333"
"CASA DE JUSTICIA ITAGÜÍ","2023-08-03","","47.35"
"CASA DE JUSTICIA ITAGÜÍ","2023-08-02","","46.32916667"
"CASA DE JUSTICIA ITAGÜÍ","2023-08-01","","48.20833333"
"CASA DE JUSTICIA ITAGÜÍ","2023-07-31","","51.26086957"
"CASA DE JUSTICIA ITAGÜÍ","2023-07-30","","52.87083333"
"CASA DE JUSTICIA ITAGÜÍ","2023-07-29","","52.59583333"
"CASA DE JUSTICIA ITAGÜÍ","2023-07-28","","58.74583333"
"CASA DE JUSTICIA ITAGÜÍ","2023-07-27","","63.52083333"
"CASA DE JUSTICIA ITAGÜÍ","2023-07-26","","70.59583333"
"CASA DE JUSTICIA ITAGÜÍ","2023-07-25","","54.34166667"
"CASA DE JUSTICIA ITAGÜÍ","2023-07-24","","48.07083333"
"CASA DE JUSTICIA ITAGÜÍ","2023-07-23","","47.00416667"
"CASA DE JUSTICIA ITAGÜÍ","2023-07-22","","49.01666667"
"CASA DE JUSTICIA ITAGÜÍ","2023-07-21","","46.15416667"
"CASA DE JUSTICIA ITAGÜÍ","2023-07-20","","43.4625"
"CASA DE JUSTICIA ITAGÜÍ","2023-07-19","","47.9"
"CASA DE JUSTICIA ITAGÜÍ","2023-07-18","","51.0125"
"CASA DE JUSTICIA ITAGÜÍ","2023-07-17","","58.27777778"
"CASA DE JUSTICIA ITAGÜÍ","2023-07-08","","66.76190476"
"CASA DE JUSTICIA ITAGÜÍ","2023-07-07","","71.08333333"
"CASA DE JUSTICIA ITAGÜÍ","2023-07-06","","74.75416667"
"CASA DE JUSTICIA ITAGÜÍ","2023-07-05","","67.05416667"
"CASA DE JUSTICIA ITAGÜÍ","2023-07-04","","69.81304348"
"CASA DE JUSTICIA ITAGÜÍ","2023-07-03","","71.65833333"
"CASA DE JUSTICIA ITAGÜÍ","2023-07-02","","68.7"
"CASA DE JUSTICIA ITAGÜÍ","2023-07-01","","55.37916667"
"CASA DE JUSTICIA ITAGÜÍ","2023-06-30","","49.9826087"
"CASA DE JUSTICIA ITAGÜÍ","2023-06-29","","52.58333333"
"CASA DE JUSTICIA ITAGÜÍ","2023-06-28","","61.15833333"
"CASA DE JUSTICIA ITAGÜÍ","2023-06-27","","61.2125"
"CASA DE JUSTICIA ITAGÜÍ","2023-06-26","","73.03333333"
"CASA DE JUSTICIA ITAGÜÍ","2023-06-25","","73.4"
"CASA DE JUSTICIA ITAGÜÍ","2023-06-24","","66.15416667"
"CASA DE JUSTICIA ITAGÜÍ","2023-06-23","","63.87083333"
"CASA DE JUSTICIA ITAGÜÍ","2023-06-22","","58.4"
"CASA DE JUSTICIA ITAGÜÍ","2023-06-21","","41.98181818"
"CASA DE JUSTICIA ITAGÜÍ","2023-06-15","","50.97142857"
"CASA DE JUSTICIA ITAGÜÍ","2023-06-14","","55.95833333"
"CASA DE JUSTICIA ITAGÜÍ","2023-06-13","","37.72307692"
"CASA DE JUSTICIA ITAGÜÍ","2023-06-07","","76.2"
"CASA DE JUSTICIA ITAGÜÍ","2023-06-06","","68.41304348"
"CASA DE JUSTICIA ITAGÜÍ","2023-06-05","","63.34166667"
"CASA DE JUSTICIA ITAGÜÍ","2023-06-04","","65.6"
"CASA DE JUSTICIA ITAGÜÍ","2023-06-03","","68.09166667"
"CASA DE JUSTICIA ITAGÜÍ","2023-06-02","","66.5875"
"CASA DE JUSTICIA ITAGÜÍ","2023-06-01","","73.21666667"
"CASA DE JUSTICIA ITAGÜÍ","2023-05-31","","66.24347826"
"CASA DE JUSTICIA ITAGÜÍ","2023-05-30","","68.34583333"
"CASA DE JUSTICIA ITAGÜÍ","2023-05-29","","69.75833333"
"CASA DE JUSTICIA ITAGÜÍ","2023-05-28","","71.39583333"
"CASA DE JUSTICIA ITAGÜÍ","2023-05-27","","71.78333333"
"CASA DE JUSTICIA ITAGÜÍ","2023-05-26","","72.33333333"
"CASA DE JUSTICIA ITAGÜÍ","2023-05-25","","68.15416667"
"CASA DE JUSTICIA ITAGÜÍ","2023-05-24","","63.9625"
"CASA DE JUSTICIA ITAGÜÍ","2023-05-23","","72.19583333"
"CASA DE JUSTICIA ITAGÜÍ","2023-05-22","","66.92916667"
"CASA DE JUSTICIA ITAGÜÍ","2023-05-21","","74.54782609"
"CASA DE JUSTICIA ITAGÜÍ","2023-05-20","","67.24166667"
"CASA DE JUSTICIA ITAGÜÍ","2023-05-19","","61.4875"
"CASA DE JUSTICIA ITAGÜÍ","2023-05-18","","58.80833333"
"CASA DE JUSTICIA ITAGÜÍ","2023-05-17","","64.14166667"
"CASA DE JUSTICIA ITAGÜÍ","2023-05-16","","71.2875"
"CASA DE JUSTICIA ITAGÜÍ","2023-05-15","","66.1125"
"CASA DE JUSTICIA ITAGÜÍ","2023-05-14","","63.3375"
"CASA DE JUSTICIA ITAGÜÍ","2023-05-13","","61.75"
"CASA DE JUSTICIA ITAGÜÍ","2023-05-12","","61.225"
"CASA DE JUSTICIA ITAGÜÍ","2023-05-11","","62.675"
"CASA DE JUSTICIA ITAGÜÍ","2023-05-10","","65.56666667"
"CASA DE JUSTICIA ITAGÜÍ","2023-05-09","","59.575"
"CASA DE JUSTICIA ITAGÜÍ","2023-05-08","","57.3"
"CASA DE JUSTICIA ITAGÜÍ","2023-05-07","","54.8173913"
"CASA DE JUSTICIA ITAGÜÍ","2023-05-06","","55.53333333"
"CASA DE JUSTICIA ITAGÜÍ","2023-05-05","","50.5875"
"CASA DE JUSTICIA ITAGÜÍ","2023-05-04","","50.56666667"
"CASA DE JUSTICIA ITAGÜÍ","2023-05-03","","54.57083333"
"CASA DE JUSTICIA ITAGÜÍ","2023-05-02","","53.55833333"
"CASA DE JUSTICIA ITAGÜÍ","2023-05-01","","59.65416667"
"CASA DE JUSTICIA ITAGÜÍ","2023-04-30","","73.94347826"
"CASA DE JUSTICIA ITAGÜÍ","2023-04-29","","69.79583333"
"CASA DE JUSTICIA ITAGÜÍ","2023-04-28","","62.24166667"
"CASA DE JUSTICIA ITAGÜÍ","2023-04-27","","63.82083333"
"CASA DE JUSTICIA ITAGÜÍ","2023-04-26","","65.0173913"
"CASA DE JUSTICIA ITAGÜÍ","2023-04-25","","63.7125"
"CASA DE JUSTICIA ITAGÜÍ","2023-04-24","","68.35833333"
"CASA DE JUSTICIA ITAGÜÍ","2023-04-23","","60.13478261"
"CASA DE JUSTICIA ITAGÜÍ","2023-04-22","","67.86666667"
"CASA DE JUSTICIA ITAGÜÍ","2023-04-21","","65.5125"
"CASA DE JUSTICIA ITAGÜÍ","2023-04-20","","73.25"
"CASA DE JUSTICIA ITAGÜÍ","2023-04-19","","61.70869565"
"CASA DE JUSTICIA ITAGÜÍ","2023-04-18","","67.7625"
"CASA DE JUSTICIA ITAGÜÍ","2023-04-17","","67.5875"
"CASA DE JUSTICIA ITAGÜÍ","2023-04-16","","72.7375"
"CASA DE JUSTICIA ITAGÜÍ","2023-04-15","","67.725"
"CASA DE JUSTICIA ITAGÜÍ","2023-04-14","","63.7125"
"CASA DE JUSTICIA ITAGÜÍ","2023-04-13","","64.75416667"
"CASA DE JUSTICIA ITAGÜÍ","2023-04-12","","67.325"
"CASA DE JUSTICIA ITAGÜÍ","2023-04-11","","67.43333333"
"CASA DE JUSTICIA ITAGÜÍ","2023-04-10","","63.0875"
"CASA DE JUSTICIA ITAGÜÍ","2023-04-09","","59.64782609"
"CASA DE JUSTICIA ITAGÜÍ","2023-04-08","","61.59583333"
"CASA DE JUSTICIA ITAGÜÍ","2023-04-07","","60.54583333"
"CASA DE JUSTICIA ITAGÜÍ","2023-04-06","","61.87083333"
"CASA DE JUSTICIA ITAGÜÍ","2023-04-05","","62.0875"
"CASA DE JUSTICIA ITAGÜÍ","2023-04-04","","64.04166667"
"CASA DE JUSTICIA ITAGÜÍ","2023-04-03","","59.41666667"
"CASA DE JUSTICIA ITAGÜÍ","2023-04-02","","68.77916667"
"CASA DE JUSTICIA ITAGÜÍ","2023-04-01","","63.54583333"
"CASA DE JUSTICIA ITAGÜÍ","2023-03-31","","64.9173913"
"CASA DE JUSTICIA ITAGÜÍ","2023-03-30","","65.76666667"
"CASA DE JUSTICIA ITAGÜÍ","2023-03-29","","70.76666667"
"CASA DE JUSTICIA ITAGÜÍ","2023-03-28","","68.05833333"
"CASA DE JUSTICIA ITAGÜÍ","2023-03-27","","69.63333333"
"CASA DE JUSTICIA ITAGÜÍ","2023-03-26","","63.875"
"CASA DE JUSTICIA ITAGÜÍ","2023-03-25","","67.4875"
"CASA DE JUSTICIA ITAGÜÍ","2023-03-24","","63.78333333"
"CASA DE JUSTICIA ITAGÜÍ","2023-03-23","","64.70416667"
"CASA DE JUSTICIA ITAGÜÍ","2023-03-22","","62.49166667"
"CASA DE JUSTICIA ITAGÜÍ","2023-03-21","","57.54166667"
"CASA DE JUSTICIA ITAGÜÍ","2023-03-20","","63.04583333"
"CASA DE JUSTICIA ITAGÜÍ","2023-03-19","","69.38695652"
"CASA DE JUSTICIA ITAGÜÍ","2023-03-18","","70.37916667"
"CASA DE JUSTICIA ITAGÜÍ","2023-03-17","","68.30833333"
"CASA DE JUSTICIA ITAGÜÍ","2023-03-16","","67.17083333"
"CASA DE JUSTICIA ITAGÜÍ","2023-03-15","","72.57083333"
"CASA DE JUSTICIA ITAGÜÍ","2023-03-14","","73.46666667"
"CASA DE JUSTICIA ITAGÜÍ","2023-03-13","","74.91666667"
"CASA DE JUSTICIA ITAGÜÍ","2023-03-12","","75.4625"
"CASA DE JUSTICIA ITAGÜÍ","2023-03-11","","74.12916667"
"CASA DE JUSTICIA ITAGÜÍ","2023-03-10","","69.4625"
"CASA DE JUSTICIA ITAGÜÍ","2023-03-09","","75.58695652"
"CASA DE JUSTICIA ITAGÜÍ","2023-03-08","","75.30416667"
"CASA DE JUSTICIA ITAGÜÍ","2023-03-07","","70.1125"
"CASA DE JUSTICIA ITAGÜÍ","2023-03-06","","66.79583333"
"CASA DE JUSTICIA ITAGÜÍ","2023-03-05","","70.5"
"CASA DE JUSTICIA ITAGÜÍ","2023-03-04","","60.85"
"CASA DE JUSTICIA ITAGÜÍ","2023-03-03","","59.10416667"
"CASA DE JUSTICIA ITAGÜÍ","2023-03-02","","58.2375"
"CASA DE JUSTICIA ITAGÜÍ","2023-03-01","","54.86666667"
"CASA DE JUSTICIA ITAGÜÍ","2023-02-28","","52.44347826"
"CASA DE JUSTICIA ITAGÜÍ","2023-02-27","","61.0625"
"CASA DE JUSTICIA ITAGÜÍ","2023-02-26","","63.69583333"
"CASA DE JUSTICIA ITAGÜÍ","2023-02-25","","58.87916667"
"CASA DE JUSTICIA ITAGÜÍ","2023-02-24","","60.6375"
"CASA DE JUSTICIA ITAGÜÍ","2023-02-23","","62.8"
"CASA DE JUSTICIA ITAGÜÍ","2023-02-22","","65.4625"
"CASA DE JUSTICIA ITAGÜÍ","2023-02-21","","70.03333333"
"CASA DE JUSTICIA ITAGÜÍ","2023-02-20","","67.9375"
"CASA DE JUSTICIA ITAGÜÍ","2023-02-19","","63.65416667"
"CASA DE JUSTICIA ITAGÜÍ","2023-02-18","","57.25"
"CASA DE JUSTICIA ITAGÜÍ","2023-02-17","","64.27916667"
"CASA DE JUSTICIA ITAGÜÍ","2023-02-16","","72.1125"
"CASA DE JUSTICIA ITAGÜÍ","2023-02-15","","64.70833333"
"CASA DE JUSTICIA ITAGÜÍ","2023-02-14","","62.14583333"
"CASA DE JUSTICIA ITAGÜÍ","2023-02-13","","66.55"
"CASA DE JUSTICIA ITAGÜÍ","2023-02-12","","72.11666667"
"CASA DE JUSTICIA ITAGÜÍ","2023-02-11","","63.58333333"
"CASA DE JUSTICIA ITAGÜÍ","2023-02-10","","60.22916667"
"CASA DE JUSTICIA ITAGÜÍ","2023-02-09","","57.44583333"
"CASA DE JUSTICIA ITAGÜÍ","2023-02-08","","56.45416667"
"CASA DE JUSTICIA ITAGÜÍ","2023-02-07","","55.38333333"
"CASA DE JUSTICIA ITAGÜÍ","2023-02-06","","62.225"
"CASA DE JUSTICIA ITAGÜÍ","2023-02-05","","54.39583333"
"CASA DE JUSTICIA ITAGÜÍ","2023-02-04","","65.2625"
"CASA DE JUSTICIA ITAGÜÍ","2023-02-03","","64.9375"
"CASA DE JUSTICIA ITAGÜÍ","2023-02-02","","56.55416667"
"CASA DE JUSTICIA ITAGÜÍ","2023-02-01","","55.775"
"CASA DE JUSTICIA ITAGÜÍ","2023-01-31","","53.06086957"
"CASA DE JUSTICIA ITAGÜÍ","2023-01-30","","58.99166667"
"CASA DE JUSTICIA ITAGÜÍ","2023-01-29","","56.6625"
"CASA DE JUSTICIA ITAGÜÍ","2023-01-28","","53.80416667"
"CASA DE JUSTICIA ITAGÜÍ","2023-01-27","","53.95833333"
"CASA DE JUSTICIA ITAGÜÍ","2023-01-26","","57.54166667"
"CASA DE JUSTICIA ITAGÜÍ","2023-01-25","","57.40833333"
"CASA DE JUSTICIA ITAGÜÍ","2023-01-24","","59.475"
"CASA DE JUSTICIA ITAGÜÍ","2023-01-23","","59.25833333"
"CASA DE JUSTICIA ITAGÜÍ","2023-01-22","","65.38333333"
"CASA DE JUSTICIA ITAGÜÍ","2023-01-21","","63.6625"
"CASA DE JUSTICIA ITAGÜÍ","2023-01-20","","61.1875"
"CASA DE JUSTICIA ITAGÜÍ","2023-01-19","","61.73333333"
"CASA DE JUSTICIA ITAGÜÍ","2023-01-18","","69.4625"
"CASA DE JUSTICIA ITAGÜÍ","2023-01-17","","69.525"
"CASA DE JUSTICIA ITAGÜÍ","2023-01-16","","63.2625"
"CASA DE JUSTICIA ITAGÜÍ","2023-01-15","","65.54166667"
"CASA DE JUSTICIA ITAGÜÍ","2023-01-14","","70.7375"
"CASA DE JUSTICIA ITAGÜÍ","2023-01-13","","71.775"
"CASA DE JUSTICIA ITAGÜÍ","2023-01-12","","68.7875"
"CASA DE JUSTICIA ITAGÜÍ","2023-01-11","","73.75833333"
"CASA DE JUSTICIA ITAGÜÍ","2023-01-10","","73.725"
"CASA DE JUSTICIA ITAGÜÍ","2023-01-09","","73.50833333"
"CASA DE JUSTICIA ITAGÜÍ","2023-01-08","","69.95"
"CASA DE JUSTICIA ITAGÜÍ","2023-01-07","","67.575"
"CASA DE JUSTICIA ITAGÜÍ","2023-01-06","","68.17083333"
"CASA DE JUSTICIA ITAGÜÍ","2023-01-05","","66.25416667"
"CASA DE JUSTICIA ITAGÜÍ","2023-01-04","","62.55652174"
"CASA DE JUSTICIA ITAGÜÍ","2023-01-03","","77.47083333"
"CASA DE JUSTICIA ITAGÜÍ","2023-01-02","","65.01666667"
"CASA DE JUSTICIA ITAGÜÍ","2023-01-01","","65.45"
"CASA DE JUSTICIA ITAGÜÍ","2022-12-31","","66.46086957"
"CASA DE JUSTICIA ITAGÜÍ","2022-12-30","","63.15416667"
"CASA DE JUSTICIA ITAGÜÍ","2022-12-29","","63.75833333"
"CASA DE JUSTICIA ITAGÜÍ","2022-12-28","","66.25"
"CASA DE JUSTICIA ITAGÜÍ","2022-12-27","","73.37916667"
"CASA DE JUSTICIA ITAGÜÍ","2022-12-26","","66.44583333"
"CASA DE JUSTICIA ITAGÜÍ","2022-12-25","","67.05416667"
"CASA DE JUSTICIA ITAGÜÍ","2022-12-24","","65.53333333"
"CASA DE JUSTICIA ITAGÜÍ","2022-12-23","","62.775"
"CASA DE JUSTICIA ITAGÜÍ","2022-12-22","","61.11666667"
"CASA DE JUSTICIA ITAGÜÍ","2022-12-21","","63.89583333"
"CASA DE JUSTICIA ITAGÜÍ","2022-12-20","","61.63333333"
"CASA DE JUSTICIA ITAGÜÍ","2022-12-19","","62.0875"
"CASA DE JUSTICIA ITAGÜÍ","2022-12-18","","65.93913043"
"CASA DE JUSTICIA ITAGÜÍ","2022-12-17","","65.5375"
"CASA DE JUSTICIA ITAGÜÍ","2022-12-16","","61.125"
"CASA DE JUSTICIA ITAGÜÍ","2022-12-15","","58.19166667"
"CASA DE JUSTICIA ITAGÜÍ","2022-12-14","","62.7"
"CASA DE JUSTICIA ITAGÜÍ","2022-12-13","","68.39583333"
"CASA DE JUSTICIA ITAGÜÍ","2022-12-12","","69.7875"
"CASA DE JUSTICIA ITAGÜÍ","2022-12-11","","66.51666667"
"CASA DE JUSTICIA ITAGÜÍ","2022-12-10","","68.15"
"CASA DE JUSTICIA ITAGÜÍ","2022-12-09","","68.525"
"CASA DE JUSTICIA ITAGÜÍ","2022-12-08","","70.925"
"CASA DE JUSTICIA ITAGÜÍ","2022-12-07","","66.23333333"
"CASA DE JUSTICIA ITAGÜÍ","2022-12-06","","66.89583333"
"CASA DE JUSTICIA ITAGÜÍ","2022-12-05","","65.08333333"
"CASA DE JUSTICIA ITAGÜÍ","2022-12-04","","70.62083333"
"CASA DE JUSTICIA ITAGÜÍ","2022-12-03","","56.83333333"
"CASA DE JUSTICIA ITAGÜÍ","2022-12-02","","57.61666667"
"CASA DE JUSTICIA ITAGÜÍ","2022-12-01","","58.90416667"
"CASA DE JUSTICIA ITAGÜÍ","2022-11-30","","68.32608696"
"CASA DE JUSTICIA ITAGÜÍ","2022-11-29","","69.67916667"
"CASA DE JUSTICIA ITAGÜÍ","2022-11-28","","74.95"
"CASA DE JUSTICIA ITAGÜÍ","2022-11-27","","69.77916667"
"CASA DE JUSTICIA ITAGÜÍ","2022-11-26","","74.51666667"
"CASA DE JUSTICIA ITAGÜÍ","2022-11-25","","67.63888889"
"CASA DE JUSTICIA ITAGÜÍ","2022-11-24","","67.62272727"
"CASA DE JUSTICIA ITAGÜÍ","2022-11-23","","69.05833333"
"CASA DE JUSTICIA ITAGÜÍ","2022-11-22","","66.55416667"
"CASA DE JUSTICIA ITAGÜÍ","2022-11-21","","67.42083333"
"CASA DE JUSTICIA ITAGÜÍ","2022-11-20","","75.36666667"
"CASA DE JUSTICIA ITAGÜÍ","2022-11-19","","69.375"
"CASA DE JUSTICIA ITAGÜÍ","2022-11-18","","76.41666667"
"CASA DE JUSTICIA ITAGÜÍ","2022-11-17","","67.65833333"
"CASA DE JUSTICIA ITAGÜÍ","2022-11-16","","67.10833333"
"CASA DE JUSTICIA ITAGÜÍ","2022-11-15","","71.14166667"
"CASA DE JUSTICIA ITAGÜÍ","2022-11-14","","71.90833333"
"CASA DE JUSTICIA ITAGÜÍ","2022-11-13","","64.57083333"
"CASA DE JUSTICIA ITAGÜÍ","2022-11-12","","70.48333333"
"CASA DE JUSTICIA ITAGÜÍ","2022-11-11","","69.27916667"
"CASA DE JUSTICIA ITAGÜÍ","2022-11-10","","73.1"
"CASA DE JUSTICIA ITAGÜÍ","2022-11-09","","68.26666667"
"CASA DE JUSTICIA ITAGÜÍ","2022-11-08","","73.58333333"
"CASA DE JUSTICIA ITAGÜÍ","2022-11-07","","69.10833333"
"CASA DE JUSTICIA ITAGÜÍ","2022-11-06","","68.69166667"
"CASA DE JUSTICIA ITAGÜÍ","2022-11-05","","64.47916667"
"CASA DE JUSTICIA ITAGÜÍ","2022-11-04","","65.5375"
"CASA DE JUSTICIA ITAGÜÍ","2022-11-03","","69.30833333"
"CASA DE JUSTICIA ITAGÜÍ","2022-11-02","","65.5875"
"CASA DE JUSTICIA ITAGÜÍ","2022-11-01","","61.28333333"
"CASA DE JUSTICIA ITAGÜÍ","2022-10-31","","67.06666667"
"CASA DE JUSTICIA ITAGÜÍ","2022-10-30","","61.88333333"
"CASA DE JUSTICIA ITAGÜÍ","2022-10-29","","67.5375"
"CASA DE JUSTICIA ITAGÜÍ","2022-10-28","","80.92916667"
"CASA DE JUSTICIA ITAGÜÍ","2022-10-27","","71.12083333"
"CASA DE JUSTICIA ITAGÜÍ","2022-10-26","","73.69166667"
"CASA DE JUSTICIA ITAGÜÍ","2022-10-25","","64.42083333"
"CASA DE JUSTICIA ITAGÜÍ","2022-10-24","","75.04166667"
"CASA DE JUSTICIA ITAGÜÍ","2022-10-23","","72.82916667"
"CASA DE JUSTICIA ITAGÜÍ","2022-10-22","","70.275"
"CASA DE JUSTICIA ITAGÜÍ","2022-10-21","","67.375"
"CASA DE JUSTICIA ITAGÜÍ","2022-10-20","","72.575"
"CASA DE JUSTICIA ITAGÜÍ","2022-10-19","","73.50416667"
"CASA DE JUSTICIA ITAGÜÍ","2022-10-18","","69.0875"
"CASA DE JUSTICIA ITAGÜÍ","2022-10-17","","66.85833333"
"CASA DE JUSTICIA ITAGÜÍ","2022-10-16","","63.9625"
"CASA DE JUSTICIA ITAGÜÍ","2022-10-15","","68.48333333"
"CASA DE JUSTICIA ITAGÜÍ","2022-10-14","","66.87083333"
"CASA DE JUSTICIA ITAGÜÍ","2022-10-13","","67.40833333"
"CASA DE JUSTICIA ITAGÜÍ","2022-10-12","","68.10833333"
"CASA DE JUSTICIA ITAGÜÍ","2022-10-11","","62.19166667"
"CASA DE JUSTICIA ITAGÜÍ","2022-10-10","","65.675"
"CASA DE JUSTICIA ITAGÜÍ","2022-10-09","","71.57083333"
"CASA DE JUSTICIA ITAGÜÍ","2022-10-08","","69.42083333"
"CASA DE JUSTICIA ITAGÜÍ","2022-10-07","","67.14583333"
"CASA DE JUSTICIA ITAGÜÍ","2022-10-06","","69.60416667"
"CASA DE JUSTICIA ITAGÜÍ","2022-10-05","","66.41666667"
"CASA DE JUSTICIA ITAGÜÍ","2022-10-04","","62.27916667"
"CASA DE JUSTICIA ITAGÜÍ","2022-10-03","","53.84583333"
"CASA DE JUSTICIA ITAGÜÍ","2022-10-02","","58.29166667"
"CASA DE JUSTICIA ITAGÜÍ","2022-10-01","","70.5875"
"CASA DE JUSTICIA ITAGÜÍ","2022-09-30","","70.94166667"
"CASA DE JUSTICIA ITAGÜÍ","2022-09-29","","66.94166667"
"CASA DE JUSTICIA ITAGÜÍ","2022-09-28","","69.56666667"
"CASA DE JUSTICIA ITAGÜÍ","2022-09-27","","63.62916667"
"CASA DE JUSTICIA ITAGÜÍ","2022-09-26","","62.12916667"
"CASA DE JUSTICIA ITAGÜÍ","2022-09-25","","71.67916667"
"CASA DE JUSTICIA ITAGÜÍ","2022-09-24","","71.14583333"
"CASA DE JUSTICIA ITAGÜÍ","2022-09-23","","73.01666667"
"CASA DE JUSTICIA ITAGÜÍ","2022-09-22","","72.9375"
"CASA DE JUSTICIA ITAGÜÍ","2022-09-21","","68.75"
"CASA DE JUSTICIA ITAGÜÍ","2022-09-20","","68.82916667"
"CASA DE JUSTICIA ITAGÜÍ","2022-09-19","","69.23333333"
"CASA DE JUSTICIA ITAGÜÍ","2022-09-18","","72.05416667"
"CASA DE JUSTICIA ITAGÜÍ","2022-09-17","","66.17083333"
"CASA DE JUSTICIA ITAGÜÍ","2022-09-16","","68.25416667"
"CASA DE JUSTICIA ITAGÜÍ","2022-09-15","","66.66666667"
"CASA DE JUSTICIA ITAGÜÍ","2022-09-14","","71.1875"
"CASA DE JUSTICIA ITAGÜÍ","2022-09-13","","67.44166667"
"CASA DE JUSTICIA ITAGÜÍ","2022-09-12","","66.0625"
"CASA DE JUSTICIA ITAGÜÍ","2022-09-11","","54.19166667"
"CASA DE JUSTICIA ITAGÜÍ","2022-09-10","","59.2375"
"CASA DE JUSTICIA ITAGÜÍ","2022-09-09","","64.4375"
"CASA DE JUSTICIA ITAGÜÍ","2022-09-08","","64.14583333"
"CASA DE JUSTICIA ITAGÜÍ","2022-09-07","","62.18333333"
"CASA DE JUSTICIA ITAGÜÍ","2022-09-06","","59.1"
"CASA DE JUSTICIA ITAGÜÍ","2022-09-05","","61.65833333"
"CASA DE JUSTICIA ITAGÜÍ","2022-09-04","","73.79583333"
"CASA DE JUSTICIA ITAGÜÍ","2022-09-03","","67.53333333"
"CASA DE JUSTICIA ITAGÜÍ","2022-09-02","","62.98571429"
"CASA DE JUSTICIA ITAGÜÍ","2022-08-22","","82.01"
"CASA DE JUSTICIA ITAGÜÍ","2022-08-21","","69.75"
"CASA DE JUSTICIA ITAGÜÍ","2022-08-20","","59.20416667"
"CASA DE JUSTICIA ITAGÜÍ","2022-08-19","","55.18333333"
"CASA DE JUSTICIA ITAGÜÍ","2022-08-18","","62.1375"
"CASA DE JUSTICIA ITAGÜÍ","2022-08-17","","60.48333333"
"CASA DE JUSTICIA ITAGÜÍ","2022-08-16","","67.5625"
"CASA DE JUSTICIA ITAGÜÍ","2022-08-15","","71.93333333"
"CASA DE JUSTICIA ITAGÜÍ","2022-08-14","","69.71666667"
"CASA DE JUSTICIA ITAGÜÍ","2022-08-13","","71.85416667"
"CASA DE JUSTICIA ITAGÜÍ","2022-08-12","","59.41666667"
"CASA DE JUSTICIA ITAGÜÍ","2022-08-11","","55.01666667"
"CASA DE JUSTICIA ITAGÜÍ","2022-08-10","","52.1625"
"CASA DE JUSTICIA ITAGÜÍ","2022-08-09","","58.53333333"
"CASA DE JUSTICIA ITAGÜÍ","2022-08-08","","53.54166667"
"CASA DE JUSTICIA ITAGÜÍ","2022-08-07","","59.225"
"CASA DE JUSTICIA ITAGÜÍ","2022-08-06","","75.075"
"CASA DE JUSTICIA ITAGÜÍ","2022-08-05","","71.22083333"
"CASA DE JUSTICIA ITAGÜÍ","2022-08-04","","65.37916667"
"CASA DE JUSTICIA ITAGÜÍ","2022-08-03","","68.95"
"CASA DE JUSTICIA ITAGÜÍ","2022-08-02","","74.95416667"
"CASA DE JUSTICIA ITAGÜÍ","2022-08-01","","73.72916667"
"CASA DE JUSTICIA ITAGÜÍ","2022-07-31","","64.85217391"
"CASA DE JUSTICIA ITAGÜÍ","2022-07-30","","56.65833333"
"CASA DE JUSTICIA ITAGÜÍ","2022-07-29","","61.75"
"CASA DE JUSTICIA ITAGÜÍ","2022-07-28","","72.31666667"
"CASA DE JUSTICIA ITAGÜÍ","2022-07-27","","71.0"
"CASA DE JUSTICIA ITAGÜÍ","2022-07-26","","70.77083333"
"CASA DE JUSTICIA ITAGÜÍ","2022-07-25","","70.7"
"CASA DE JUSTICIA ITAGÜÍ","2022-07-24","","68.20416667"
"CASA DE JUSTICIA ITAGÜÍ","2022-07-23","","71.75"
"CASA DE JUSTICIA ITAGÜÍ","2022-07-22","","65.4125"
"CASA DE JUSTICIA ITAGÜÍ","2022-07-21","","62.025"
"CASA DE JUSTICIA ITAGÜÍ","2022-07-20","","62.1125"
"CASA DE JUSTICIA ITAGÜÍ","2022-07-19","","53.26666667"
"CASA DE JUSTICIA ITAGÜÍ","2022-07-18","","56.4625"
"CASA DE JUSTICIA ITAGÜÍ","2022-07-17","","63.88333333"
"CASA DE JUSTICIA ITAGÜÍ","2022-07-16","","64.26666667"
"CASA DE JUSTICIA ITAGÜÍ","2022-07-15","","63.0625"
"CASA DE JUSTICIA ITAGÜÍ","2022-07-14","","64.3625"
"CASA DE JUSTICIA ITAGÜÍ","2022-07-13","","63.43333333"
"CASA DE JUSTICIA ITAGÜÍ","2022-07-12","","63.73333333"
"CASA DE JUSTICIA ITAGÜÍ","2022-07-11","","70.92916667"
"CASA DE JUSTICIA ITAGÜÍ","2022-07-10","","58.20416667"
"CASA DE JUSTICIA ITAGÜÍ","2022-07-09","","50.7875"
"CASA DE JUSTICIA ITAGÜÍ","2022-07-08","","54.73333333"
"CASA DE JUSTICIA ITAGÜÍ","2022-07-07","","59.35833333"
"CASA DE JUSTICIA ITAGÜÍ","2022-07-06","","60.87916667"
"CASA DE JUSTICIA ITAGÜÍ","2022-07-05","","55.4125"
"CASA DE JUSTICIA ITAGÜÍ","2022-07-04","","64.43333333"
"CASA DE JUSTICIA ITAGÜÍ","2022-07-03","","59.8625"
"CASA DE JUSTICIA ITAGÜÍ","2022-07-02","","69.525"
"CASA DE JUSTICIA ITAGÜÍ","2022-07-01","","72.01666667"
"CASA DE JUSTICIA ITAGÜÍ","2022-06-30","","70.95"
"CASA DE JUSTICIA ITAGÜÍ","2022-06-29","","68.6375"
"CASA DE JUSTICIA ITAGÜÍ","2022-06-28","","69.67391304"
"CASA DE JUSTICIA ITAGÜÍ","2022-06-27","","69.49583333"
"CASA DE JUSTICIA ITAGÜÍ","2022-06-26","","70.75833333"
"CASA DE JUSTICIA ITAGÜÍ","2022-06-25","","74.5375"
"CASA DE JUSTICIA ITAGÜÍ","2022-06-24","","67.34583333"
"CASA DE JUSTICIA ITAGÜÍ","2022-06-23","","64.45833333"
"CASA DE JUSTICIA ITAGÜÍ","2022-06-22","","66.37916667"
"CASA DE JUSTICIA ITAGÜÍ","2022-06-21","","67.77916667"
"CASA DE JUSTICIA ITAGÜÍ","2022-06-20","","69.6"
"CASA DE JUSTICIA ITAGÜÍ","2022-06-19","","71.9"
"CASA DE JUSTICIA ITAGÜÍ","2022-06-18","","72.5"
"CASA DE JUSTICIA ITAGÜÍ","2022-06-17","","72.92916667"
"CASA DE JUSTICIA ITAGÜÍ","2022-06-16","","76.4875"
"CASA DE JUSTICIA ITAGÜÍ","2022-06-15","","65.89166667"
"CASA DE JUSTICIA ITAGÜÍ","2022-06-14","","73.03333333"
"CASA DE JUSTICIA ITAGÜÍ","2022-06-13","","74.19565217"
"CASA DE JUSTICIA ITAGÜÍ","2022-06-12","","68.72083333"
"CASA DE JUSTICIA ITAGÜÍ","2022-06-11","","68.7375"
"CASA DE JUSTICIA ITAGÜÍ","2022-06-10","","73.28333333"
"CASA DE JUSTICIA ITAGÜÍ","2022-06-09","","66.69166667"
"CASA DE JUSTICIA ITAGÜÍ","2022-06-08","","70.74583333"
"CASA DE JUSTICIA ITAGÜÍ","2022-06-07","","67.95416667"
"CASA DE JUSTICIA ITAGÜÍ","2022-06-06","","74.325"
"CASA DE JUSTICIA ITAGÜÍ","2022-06-05","","72.50833333"
"CASA DE JUSTICIA ITAGÜÍ","2022-06-04","","72.90416667"
"CASA DE JUSTICIA ITAGÜÍ","2022-06-03","","71.5375"
"CASA DE JUSTICIA ITAGÜÍ","2022-06-02","","73.77083333"
"CASA DE JUSTICIA ITAGÜÍ","2022-06-01","","70.87083333"
"CASA DE JUSTICIA ITAGÜÍ","2022-05-31","","71.89130435"
"CASA DE JUSTICIA ITAGÜÍ","2022-05-30","","69.1375"
"CASA DE JUSTICIA ITAGÜÍ","2022-05-29","","66.0"
"CASA DE JUSTICIA ITAGÜÍ","2022-05-28","","62.90416667"
"CASA DE JUSTICIA ITAGÜÍ","2022-05-27","","62.33333333"
"CASA DE JUSTICIA ITAGÜÍ","2022-05-26","","66.67916667"
"CASA DE JUSTICIA ITAGÜÍ","2022-05-25","","66.425"
"CASA DE JUSTICIA ITAGÜÍ","2022-05-24","","62.88333333"
"CASA DE JUSTICIA ITAGÜÍ","2022-05-23","","57.54166667"
"CASA DE JUSTICIA ITAGÜÍ","2022-05-22","","66.56666667"
"CASA DE JUSTICIA ITAGÜÍ","2022-05-21","","72.60833333"
"CASA DE JUSTICIA ITAGÜÍ","2022-05-20","","69.17916667"
"CASA DE JUSTICIA ITAGÜÍ","2022-05-19","","69.45833333"
"CASA DE JUSTICIA ITAGÜÍ","2022-05-18","","70.64583333"
"CASA DE JUSTICIA ITAGÜÍ","2022-05-17","","74.2125"
"CASA DE JUSTICIA ITAGÜÍ","2022-05-16","","68.45416667"
"CASA DE JUSTICIA ITAGÜÍ","2022-05-15","","62.33333333"
"CASA DE JUSTICIA ITAGÜÍ","2022-05-14","","66.75833333"
"CASA DE JUSTICIA ITAGÜÍ","2022-05-13","","67.3125"
"CASA DE JUSTICIA ITAGÜÍ","2022-05-12","","69.77916667"
"CASA DE JUSTICIA ITAGÜÍ","2022-05-11","","74.02083333"
"CASA DE JUSTICIA ITAGÜÍ","2022-05-10","","68.1125"
"CASA DE JUSTICIA ITAGÜÍ","2022-05-09","","70.64166667"
"CASA DE JUSTICIA ITAGÜÍ","2022-05-08","","64.61666667"
"CASA DE JUSTICIA ITAGÜÍ","2022-05-07","","76.31818182"
"CASA DE JUSTICIA ITAGÜÍ","2022-05-06","","77.64166667"
"CASA DE JUSTICIA ITAGÜÍ","2022-05-05","","69.725"
"CASA DE JUSTICIA ITAGÜÍ","2022-05-04","","59.25"
"CASA DE JUSTICIA ITAGÜÍ","2022-05-03","","51.9625"
"CASA DE JUSTICIA ITAGÜÍ","2022-05-02","","62.375"
"CASA DE JUSTICIA ITAGÜÍ","2022-05-01","","53.99166667"
"CASA DE JUSTICIA ITAGÜÍ","2022-04-30","","65.76666667"
"CASA DE JUSTICIA ITAGÜÍ","2022-04-29","","63.15833333"
"CASA DE JUSTICIA ITAGÜÍ","2022-04-28","","70.04166667"
"CASA DE JUSTICIA ITAGÜÍ","2022-04-27","","68.27083333"
"CASA DE JUSTICIA ITAGÜÍ","2022-04-26","","67.05416667"
"CASA DE JUSTICIA ITAGÜÍ","2022-04-25","","69.1"
"CASA DE JUSTICIA ITAGÜÍ","2022-04-24","","67.20416667"
"CASA DE JUSTICIA ITAGÜÍ","2022-04-23","","65.9"
"CASA DE JUSTICIA ITAGÜÍ","2022-04-22","","67.9"
"CASA DE JUSTICIA ITAGÜÍ","2022-04-21","","69.84166667"
"CASA DE JUSTICIA ITAGÜÍ","2022-04-20","","73.9125"
"CASA DE JUSTICIA ITAGÜÍ","2022-04-19","","69.49583333"
"CASA DE JUSTICIA ITAGÜÍ","2022-04-18","","75.31666667"
"CASA DE JUSTICIA ITAGÜÍ","2022-04-17","","67.25833333"
"CASA DE JUSTICIA ITAGÜÍ","2022-04-16","","68.65833333"
"CASA DE JUSTICIA ITAGÜÍ","2022-04-15","","61.90833333"
"CASA DE JUSTICIA ITAGÜÍ","2022-04-14","","63.35"
"CASA DE JUSTICIA ITAGÜÍ","2022-04-13","","63.85"
"CASA DE JUSTICIA ITAGÜÍ","2022-04-12","","57.62916667"
"CASA DE JUSTICIA ITAGÜÍ","2022-04-11","","64.24583333"
"CASA DE JUSTICIA ITAGÜÍ","2022-04-10","","67.05"
"CASA DE JUSTICIA ITAGÜÍ","2022-04-09","","66.05"
"CASA DE JUSTICIA ITAGÜÍ","2022-04-08","","72.63333333"
"CASA DE JUSTICIA ITAGÜÍ","2022-04-07","","72.05416667"
"CASA DE JUSTICIA ITAGÜÍ","2022-04-06","","68.7625"
"CASA DE JUSTICIA ITAGÜÍ","2022-04-05","","69.22083333"
"CASA DE JUSTICIA ITAGÜÍ","2022-04-04","","70.89166667"
"CASA DE JUSTICIA ITAGÜÍ","2022-04-03","","69.0375"
"CASA DE JUSTICIA ITAGÜÍ","2022-04-02","","66.95833333"
"CASA DE JUSTICIA ITAGÜÍ","2022-04-01","","64.46666667"
"CASA DE JUSTICIA ITAGÜÍ","2022-03-30","","76.8"
"CASA DE JUSTICIA ITAGÜÍ","2022-03-29","","72.2625"
"CASA DE JUSTICIA ITAGÜÍ","2022-03-28","","66.2125"
"CASA DE JUSTICIA ITAGÜÍ","2022-03-27","","75.5375"
"CASA DE JUSTICIA ITAGÜÍ","2022-03-26","","71.34583333"
"CASA DE JUSTICIA ITAGÜÍ","2022-03-17","","75.51666667"
"CASA DE JUSTICIA ITAGÜÍ","2022-03-16","","73.72083333"
"CASA DE JUSTICIA ITAGÜÍ","2022-03-15","","69.075"
"CASA DE JUSTICIA ITAGÜÍ","2022-03-14","","65.66666667"
"CASA DE JUSTICIA ITAGÜÍ","2022-03-13","","59.5625"
"CASA DE JUSTICIA ITAGÜÍ","2022-03-12","","60.625"
"CASA DE JUSTICIA ITAGÜÍ","2022-03-11","","56.875"
"CASA DE JUSTICIA ITAGÜÍ","2022-03-10","","55.54583333"
"CASA DE JUSTICIA ITAGÜÍ","2022-03-09","","60.16666667"
"CASA DE JUSTICIA ITAGÜÍ","2022-03-08","","61.65833333"
"CASA DE JUSTICIA ITAGÜÍ","2022-03-07","","66.99166667"
"CASA DE JUSTICIA ITAGÜÍ","2022-03-06","","79.80833333"
"CASA DE JUSTICIA ITAGÜÍ","2022-03-05","","77.74166667"
"CASA DE JUSTICIA ITAGÜÍ","2022-03-04","","70.45833333"
"CASA DE JUSTICIA ITAGÜÍ","2022-03-03","","65.30833333"
"CASA DE JUSTICIA ITAGÜÍ","2022-03-02","","73.97083333"
"CASA DE JUSTICIA ITAGÜÍ","2022-03-01","","70.91666667"
"CASA DE JUSTICIA ITAGÜÍ","2022-02-28","","76.14347826"
"CASA DE JUSTICIA ITAGÜÍ","2022-02-27","","67.83333333"
"CASA DE JUSTICIA ITAGÜÍ","2022-02-26","","64.90833333"
"CASA DE JUSTICIA ITAGÜÍ","2022-02-25","","59.16666667"
"CASA DE JUSTICIA ITAGÜÍ","2022-02-24","","58.70416667"
"CASA DE JUSTICIA ITAGÜÍ","2022-02-23","","64.8625"
"CASA DE JUSTICIA ITAGÜÍ","2022-02-22","","64.20833333"
"CASA DE JUSTICIA ITAGÜÍ","2022-02-21","","63.9875"
"CASA DE JUSTICIA ITAGÜÍ","2022-02-20","","68.13333333"
"CASA DE JUSTICIA ITAGÜÍ","2022-02-19","","69.9875"
"CASA DE JUSTICIA ITAGÜÍ","2022-02-18","","76.10416667"
"CASA DE JUSTICIA ITAGÜÍ","2022-02-17","","64.35"
"CASA DE JUSTICIA ITAGÜÍ","2022-02-16","","61.64583333"
"CASA DE JUSTICIA ITAGÜÍ","2022-02-15","","63.24166667"
"CASA DE JUSTICIA ITAGÜÍ","2022-02-14","","70.73333333"
"CASA DE JUSTICIA ITAGÜÍ","2022-02-13","","67.99166667"
"CASA DE JUSTICIA ITAGÜÍ","2022-02-12","","61.7625"
"CASA DE JUSTICIA ITAGÜÍ","2022-02-11","","58.39583333"
"CASA DE JUSTICIA ITAGÜÍ","2022-02-10","","66.17083333"
"CASA DE JUSTICIA ITAGÜÍ","2022-02-09","","73.64166667"
"CASA DE JUSTICIA ITAGÜÍ","2022-02-08","","77.25833333"
"CASA DE JUSTICIA ITAGÜÍ","2022-02-07","","72.27916667"
"CASA DE JUSTICIA ITAGÜÍ","2022-02-06","","68.8625"
"CASA DE JUSTICIA ITAGÜÍ","2022-02-05","","68.25833333"
"CASA DE JUSTICIA ITAGÜÍ","2022-02-04","","69.30833333"
"CASA DE JUSTICIA ITAGÜÍ","2022-02-03","","62.15"
"CASA DE JUSTICIA ITAGÜÍ","2022-02-02","","55.72916667"
"CASA DE JUSTICIA ITAGÜÍ","2022-02-01","","55.15833333"
"CASA DE JUSTICIA ITAGÜÍ","2022-01-31","","53.37826087"
"CASA DE JUSTICIA ITAGÜÍ","2022-01-30","","54.96666667"
"CASA DE JUSTICIA ITAGÜÍ","2022-01-29","","55.4875"
"CASA DE JUSTICIA ITAGÜÍ","2022-01-28","","59.26666667"
"CASA DE JUSTICIA ITAGÜÍ","2022-01-27","","61.62083333"
"CASA DE JUSTICIA ITAGÜÍ","2022-01-26","","63.7625"
"CASA DE JUSTICIA ITAGÜÍ","2022-01-25","","67.475"
"CASA DE JUSTICIA ITAGÜÍ","2022-01-24","","62.4125"
"CASA DE JUSTICIA ITAGÜÍ","2022-01-23","","58.17083333"
"CASA DE JUSTICIA ITAGÜÍ","2022-01-22","","64.20833333"
"CASA DE JUSTICIA ITAGÜÍ","2022-01-21","","59.78333333"
"CASA DE JUSTICIA ITAGÜÍ","2022-01-20","","55.1"
"CASA DE JUSTICIA ITAGÜÍ","2022-01-19","","57.325"
"CASA DE JUSTICIA ITAGÜÍ","2022-01-18","","65.55833333"
"CASA DE JUSTICIA ITAGÜÍ","2022-01-17","","65.225"
"CASA DE JUSTICIA ITAGÜÍ","2022-01-16","","58.3875"
"CASA DE JUSTICIA ITAGÜÍ","2022-01-15","","57.45833333"
"CASA DE JUSTICIA ITAGÜÍ","2022-01-14","","66.95833333"
"CASA DE JUSTICIA ITAGÜÍ","2022-01-13","","61.85833333"
"CASA DE JUSTICIA ITAGÜÍ","2022-01-12","","63.96666667"
"CASA DE JUSTICIA ITAGÜÍ","2022-01-11","","68.72916667"
"CASA DE JUSTICIA ITAGÜÍ","2022-01-10","","68.225"
"CASA DE JUSTICIA ITAGÜÍ","2022-01-09","","63.80416667"
"CASA DE JUSTICIA ITAGÜÍ","2022-01-08","","68.04583333"
"CASA DE JUSTICIA ITAGÜÍ","2022-01-07","","75.19166667"
"CASA DE JUSTICIA ITAGÜÍ","2022-01-06","","73.1375"
"CASA DE JUSTICIA ITAGÜÍ","2022-01-05","","57.40416667"
"CASA DE JUSTICIA ITAGÜÍ","2022-01-04","","58.10416667"
"CASA DE JUSTICIA ITAGÜÍ","2022-01-03","","61.3625"
"CASA DE JUSTICIA ITAGÜÍ","2022-01-02","","74.24166667"
"CASA DE JUSTICIA ITAGÜÍ","2022-01-01","","67.47083333"
"CASA DE JUSTICIA ITAGÜÍ","2021-12-31","","63.26086957"
"CASA DE JUSTICIA ITAGÜÍ","2021-12-30","","71.15"
"CASA DE JUSTICIA ITAGÜÍ","2021-12-29","","71.09166667"
"CASA DE JUSTICIA ITAGÜÍ","2021-12-28","","65.0375"
"CASA DE JUSTICIA ITAGÜÍ","2021-12-27","","73.275"
"CASA DE JUSTICIA ITAGÜÍ","2021-12-26","","68.6"
"CASA DE JUSTICIA ITAGÜÍ","2021-12-25","","61.95833333"
"CASA DE JUSTICIA ITAGÜÍ","2021-12-24","","62.00416667"
"CASA DE JUSTICIA ITAGÜÍ","2021-12-23","","62.34583333"
"CASA DE JUSTICIA ITAGÜÍ","2021-12-22","","67.37916667"
"CASA DE JUSTICIA ITAGÜÍ","2021-12-21","","67.72916667"
"CASA DE JUSTICIA ITAGÜÍ","2021-12-20","","67.625"
"CASA DE JUSTICIA ITAGÜÍ","2021-12-19","","64.45416667"
"CASA DE JUSTICIA ITAGÜÍ","2021-12-18","","73.525"
"CASA DE JUSTICIA ITAGÜÍ","2021-12-17","","73.975"
"CASA DE JUSTICIA ITAGÜÍ","2021-12-16","","63.12916667"
"CASA DE JUSTICIA ITAGÜÍ","2021-12-15","","63.75416667"
"CASA DE JUSTICIA ITAGÜÍ","2021-12-14","","62.5625"
"CASA DE JUSTICIA ITAGÜÍ","2021-12-13","","55.51666667"
"CASA DE JUSTICIA ITAGÜÍ","2021-12-12","","70.4375"
"CASA DE JUSTICIA ITAGÜÍ","2021-12-11","","67.47083333"
"CASA DE JUSTICIA ITAGÜÍ","2021-12-10","","59.8875"
"CASA DE JUSTICIA ITAGÜÍ","2021-12-09","","62.79166667"
"CASA DE JUSTICIA ITAGÜÍ","2021-12-08","","61.725"
"CASA DE JUSTICIA ITAGÜÍ","2021-12-07","","60.775"
"CASA DE JUSTICIA ITAGÜÍ","2021-12-06","","64.95416667"
"CASA DE JUSTICIA ITAGÜÍ","2021-12-05","","63.0375"
"CASA DE JUSTICIA ITAGÜÍ","2021-12-04","","69.35833333"
"CASA DE JUSTICIA ITAGÜÍ","2021-12-03","","68.2"
"CASA DE JUSTICIA ITAGÜÍ","2021-12-02","","62.2875"
"CASA DE JUSTICIA ITAGÜÍ","2021-12-01","","68.725"
"CASA DE JUSTICIA ITAGÜÍ","2021-11-03","","70.4826087"
"CASA DE JUSTICIA ITAGÜÍ","2021-11-02","","68.87916667"
"CASA DE JUSTICIA ITAGÜÍ","2021-11-01","","68.15416667"
"CASA DE JUSTICIA ITAGÜÍ","2021-10-31","","74.7"
"CASA DE JUSTICIA ITAGÜÍ","2021-10-30","","69.05833333"
"CASA DE JUSTICIA ITAGÜÍ","2021-10-29","","71.72083333"
"CASA DE JUSTICIA ITAGÜÍ","2021-10-28","","67.72083333"
"CASA DE JUSTICIA ITAGÜÍ","2021-10-27","","67.39583333"
"CASA DE JUSTICIA ITAGÜÍ","2021-10-26","","69.74583333"
"CASA DE JUSTICIA ITAGÜÍ","2021-10-25","","64.025"
"CASA DE JUSTICIA ITAGÜÍ","2021-10-24","","65.6"
"CASA DE JUSTICIA ITAGÜÍ","2021-10-23","","71.175"
"CASA DE JUSTICIA ITAGÜÍ","2021-10-22","","71.52916667"
"CASA DE JUSTICIA ITAGÜÍ","2021-10-21","","63.6625"
"CASA DE JUSTICIA ITAGÜÍ","2021-10-20","","60.52916667"
"CASA DE JUSTICIA ITAGÜÍ","2021-10-19","","60.9"
"CASA DE JUSTICIA ITAGÜÍ","2021-10-18","","63.15833333"
"CASA DE JUSTICIA ITAGÜÍ","2021-10-17","","72.34583333"
"CASA DE JUSTICIA ITAGÜÍ","2021-10-16","","69.35416667"
"CASA DE JUSTICIA ITAGÜÍ","2021-10-15","","66.89583333"
"CASA DE JUSTICIA ITAGÜÍ","2021-10-14","","67.84166667"
"CASA DE JUSTICIA ITAGÜÍ","2021-10-13","","67.325"
"CASA DE JUSTICIA ITAGÜÍ","2021-10-12","","64.375"
"CASA DE JUSTICIA ITAGÜÍ","2021-10-11","","65.2"
"CASA DE JUSTICIA ITAGÜÍ","2021-10-10","","68.7125"
"CASA DE JUSTICIA ITAGÜÍ","2021-10-09","","64.92916667"
"CASA DE JUSTICIA ITAGÜÍ","2021-10-08","","61.05"
"CASA DE JUSTICIA ITAGÜÍ","2021-10-07","","62.25416667"
"CASA DE JUSTICIA ITAGÜÍ","2021-10-06","","64.77083333"
"CASA DE JUSTICIA ITAGÜÍ","2021-10-05","","68.71666667"
"CASA DE JUSTICIA ITAGÜÍ","2021-10-04","","60.80416667"
"CASA DE JUSTICIA ITAGÜÍ","2021-10-03","","63.60833333"
"CASA DE JUSTICIA ITAGÜÍ","2021-10-02","","63.02083333"
"CASA DE JUSTICIA ITAGÜÍ","2021-10-01","","71.175"
"CASA DE JUSTICIA ITAGÜÍ","2021-09-30","","66.53913043"
"CASA DE JUSTICIA ITAGÜÍ","2021-09-29","","65.95416667"
"CASA DE JUSTICIA ITAGÜÍ","2021-09-28","","72.24583333"
"CASA DE JUSTICIA ITAGÜÍ","2021-09-27","","55.6875"
"CASA DE JUSTICIA ITAGÜÍ","2021-09-26","","50.71666667"
"CASA DE JUSTICIA ITAGÜÍ","2021-09-25","","54.7875"
"CASA DE JUSTICIA ITAGÜÍ","2021-09-24","","64.44583333"
"CASA DE JUSTICIA ITAGÜÍ","2021-09-23","","72.42083333"
"CASA DE JUSTICIA ITAGÜÍ","2021-09-22","","72.39583333"
"CASA DE JUSTICIA ITAGÜÍ","2021-09-21","","67.41666667"
"CASA DE JUSTICIA ITAGÜÍ","2021-09-20","","61.82916667"
"CASA DE JUSTICIA ITAGÜÍ","2021-09-19","","62.3125"
"CASA DE JUSTICIA ITAGÜÍ","2021-09-18","","51.7625"
"CASA DE JUSTICIA ITAGÜÍ","2021-09-17","","48.96666667"
"CASA DE JUSTICIA ITAGÜÍ","2021-09-16","","53.36666667"
"CASA DE JUSTICIA ITAGÜÍ","2021-09-15","","60.5"
"CASA DE JUSTICIA ITAGÜÍ","2021-09-14","","58.275"
"CASA DE JUSTICIA ITAGÜÍ","2021-09-13","","55.90416667"
"CASA DE JUSTICIA ITAGÜÍ","2021-09-12","","66.175"
"CASA DE JUSTICIA ITAGÜÍ","2021-09-11","","72.14583333"
"CASA DE JUSTICIA ITAGÜÍ","2021-09-10","","60.88333333"
"CASA DE JUSTICIA ITAGÜÍ","2021-09-09","","60.47916667"
"CASA DE JUSTICIA ITAGÜÍ","2021-09-08","","74.60416667"
"CASA DE JUSTICIA ITAGÜÍ","2021-09-07","","68.71666667"
"CASA DE JUSTICIA ITAGÜÍ","2021-09-06","","69.4"
"CASA DE JUSTICIA ITAGÜÍ","2021-09-05","","66.075"
"CASA DE JUSTICIA ITAGÜÍ","2021-09-04","","62.05833333"
"CASA DE JUSTICIA ITAGÜÍ","2021-09-03","","56.25833333"
"CASA DE JUSTICIA ITAGÜÍ","2021-09-02","","56.8"
"CASA DE JUSTICIA ITAGÜÍ","2021-09-01","","69.20833333"
"CASA DE JUSTICIA ITAGÜÍ","2021-08-31","","73.30869565"
"CASA DE JUSTICIA ITAGÜÍ","2021-08-30","","72.49583333"
"CASA DE JUSTICIA ITAGÜÍ","2021-08-29","","64.575"
"CASA DE JUSTICIA ITAGÜÍ","2021-08-28","","66.71666667"
"CASA DE JUSTICIA ITAGÜÍ","2021-08-27","","63.0125"
"CASA DE JUSTICIA ITAGÜÍ","2021-08-26","","68.00833333"
"CASA DE JUSTICIA ITAGÜÍ","2021-08-25","","76.1375"
"CASA DE JUSTICIA ITAGÜÍ","2021-08-24","","68.02083333"
"CASA DE JUSTICIA ITAGÜÍ","2021-08-23","","67.425"
"CASA DE JUSTICIA ITAGÜÍ","2021-08-22","","61.37083333"
"CASA DE JUSTICIA ITAGÜÍ","2021-08-21","","68.95416667"
"CASA DE JUSTICIA ITAGÜÍ","2021-08-20","","71.89583333"
"CASA DE JUSTICIA ITAGÜÍ","2021-08-19","","67.60833333"
"CASA DE JUSTICIA ITAGÜÍ","2021-08-18","","69.65"
"CASA DE JUSTICIA ITAGÜÍ","2021-08-17","","69.1"
"CASA DE JUSTICIA ITAGÜÍ","2021-08-16","","72.37083333"
"CASA DE JUSTICIA ITAGÜÍ","2021-08-15","","68.05416667"
"CASA DE JUSTICIA ITAGÜÍ","2021-08-14","","72.5"
"CASA DE JUSTICIA ITAGÜÍ","2021-08-13","","66.97916667"
"CASA DE JUSTICIA ITAGÜÍ","2021-08-12","","66.9875"
"CASA DE JUSTICIA ITAGÜÍ","2021-08-11","","63.97916667"
"CASA DE JUSTICIA ITAGÜÍ","2021-08-10","","67.11666667"
"CASA DE JUSTICIA ITAGÜÍ","2021-08-09","","59.8375"
"CASA DE JUSTICIA ITAGÜÍ","2021-08-08","","66.59166667"
"CASA DE JUSTICIA ITAGÜÍ","2021-08-07","","56.7125"
"CASA DE JUSTICIA ITAGÜÍ","2021-08-06","","47.79583333"
"CASA DE JUSTICIA ITAGÜÍ","2021-08-05","","47.7125"
"CASA DE JUSTICIA ITAGÜÍ","2021-08-04","","53.61666667"
"CASA DE JUSTICIA ITAGÜÍ","2021-08-03","","63.55"
"CASA DE JUSTICIA ITAGÜÍ","2021-08-02","","48.85833333"
"CASA DE JUSTICIA ITAGÜÍ","2021-08-01","","51.24583333"
"CASA DE JUSTICIA ITAGÜÍ","2021-07-31","","51.51304348"
"CASA DE JUSTICIA ITAGÜÍ","2021-07-30","","57.2375"
"CASA DE JUSTICIA ITAGÜÍ","2021-07-29","","66.89583333"
"CASA DE JUSTICIA ITAGÜÍ","2021-07-28","","60.87916667"
"CASA DE JUSTICIA ITAGÜÍ","2021-07-27","","72.65909091"
"CASA DE JUSTICIA ITAGÜÍ","2021-07-26","","65.73333333"
"CASA DE JUSTICIA ITAGÜÍ","2021-07-25","","75.69166667"
"CASA DE JUSTICIA ITAGÜÍ","2021-07-24","","68.15416667"
"CASA DE JUSTICIA ITAGÜÍ","2021-07-23","","51.58333333"
"CASA DE JUSTICIA ITAGÜÍ","2021-07-22","","52.10416667"
"CASA DE JUSTICIA ITAGÜÍ","2021-07-21","","51.125"
"CASA DE JUSTICIA ITAGÜÍ","2021-07-20","","47.5125"
"CASA DE JUSTICIA ITAGÜÍ","2021-07-19","","48.95"
"CASA DE JUSTICIA ITAGÜÍ","2021-07-18","","57.67083333"
"CASA DE JUSTICIA ITAGÜÍ","2021-07-17","","58.825"
"CASA DE JUSTICIA ITAGÜÍ","2021-07-16","","62.12083333"
"CASA DE JUSTICIA ITAGÜÍ","2021-07-15","","57.04583333"
"CASA DE JUSTICIA ITAGÜÍ","2021-07-14","","52.3375"
"CASA DE JUSTICIA ITAGÜÍ","2021-07-13","","54.3875"
"CASA DE JUSTICIA ITAGÜÍ","2021-07-12","","56.25416667"
"CASA DE JUSTICIA ITAGÜÍ","2021-07-11","","63.17083333"
"CASA DE JUSTICIA ITAGÜÍ","2021-07-10","","70.8875"
"CASA DE JUSTICIA ITAGÜÍ","2021-07-09","","62.49166667"
"CASA DE JUSTICIA ITAGÜÍ","2021-07-08","","54.525"
"CASA DE JUSTICIA ITAGÜÍ","2021-07-07","","55.22083333"
"CASA DE JUSTICIA ITAGÜÍ","2021-07-06","","55.05"
"CASA DE JUSTICIA ITAGÜÍ","2021-07-05","","59.69583333"
"CASA DE JUSTICIA ITAGÜÍ","2021-07-04","","49.9625"
"CASA DE JUSTICIA ITAGÜÍ","2021-07-03","","61.15833333"
"CASA DE JUSTICIA ITAGÜÍ","2021-07-02","","63.8625"
"CASA DE JUSTICIA ITAGÜÍ","2021-07-01","","64.4125"
"CASA DE JUSTICIA ITAGÜÍ","2021-06-30","","60.7173913"
"CASA DE JUSTICIA ITAGÜÍ","2021-06-29","","58.39166667"
"CASA DE JUSTICIA ITAGÜÍ","2021-06-28","","64.65833333"
"CASA DE JUSTICIA ITAGÜÍ","2021-06-27","","65.91666667"
"CASA DE JUSTICIA ITAGÜÍ","2021-06-26","","66.99583333"
"CASA DE JUSTICIA ITAGÜÍ","2021-06-25","","67.125"
"CASA DE JUSTICIA ITAGÜÍ","2021-06-24","","67.225"
"CASA DE JUSTICIA ITAGÜÍ","2021-06-23","","64.83333333"
"CASA DE JUSTICIA ITAGÜÍ","2021-06-22","","70.54583333"
"CASA DE JUSTICIA ITAGÜÍ","2021-06-21","","63.0125"
"CASA DE JUSTICIA ITAGÜÍ","2021-06-20","","65.9375"
"CASA DE JUSTICIA ITAGÜÍ","2021-06-19","","60.275"
"CASA DE JUSTICIA ITAGÜÍ","2021-06-18","","59.92916667"
"CASA DE JUSTICIA ITAGÜÍ","2021-06-17","","65.60833333"
"CASA DE JUSTICIA ITAGÜÍ","2021-06-16","","63.20416667"
"CASA DE JUSTICIA ITAGÜÍ","2021-06-15","","68.925"
"CASA DE JUSTICIA ITAGÜÍ","2021-06-14","","72.7375"
"CASA DE JUSTICIA ITAGÜÍ","2021-06-13","","69.65"
"CASA DE JUSTICIA ITAGÜÍ","2021-06-12","","70.60833333"
"CASA DE JUSTICIA ITAGÜÍ","2021-06-11","","68.26666667"
"CASA DE JUSTICIA ITAGÜÍ","2021-06-10","","68.06666667"
"CASA DE JUSTICIA ITAGÜÍ","2021-06-09","","72.91818182"
"CASA DE JUSTICIA ITAGÜÍ","2021-06-08","","75.2625"
"CASA DE JUSTICIA ITAGÜÍ","2021-06-07","","73.5125"
"CASA DE JUSTICIA ITAGÜÍ","2021-06-06","","63.7625"
"CASA DE JUSTICIA ITAGÜÍ","2021-06-05","","64.10416667"
"CASA DE JUSTICIA ITAGÜÍ","2021-06-04","","61.86666667"
"CASA DE JUSTICIA ITAGÜÍ","2021-06-03","","62.81666667"
"CASA DE JUSTICIA ITAGÜÍ","2021-06-02","","67.50416667"
"CASA DE JUSTICIA ITAGÜÍ","2021-06-01","","72.98333333"
"CASA DE JUSTICIA ITAGÜÍ","2021-05-31","","70.52608696"
"CASA DE JUSTICIA ITAGÜÍ","2021-05-30","","69.84583333"
"CASA DE JUSTICIA ITAGÜÍ","2021-05-29","","71.675"
"CASA DE JUSTICIA ITAGÜÍ","2021-05-28","","71.35833333"
"CASA DE JUSTICIA ITAGÜÍ","2021-05-27","","75.275"
"CASA DE JUSTICIA ITAGÜÍ","2021-05-26","","68.37083333"
"CASA DE JUSTICIA ITAGÜÍ","2021-05-25","","60.37826087"
"CASA DE JUSTICIA ITAGÜÍ","2021-05-24","","63.175"
"CASA DE JUSTICIA ITAGÜÍ","2021-05-23","","67.47083333"
"CASA DE JUSTICIA ITAGÜÍ","2021-05-22","","65.24583333"
"CASA DE JUSTICIA ITAGÜÍ","2021-05-21","","66.15416667"
"CASA DE JUSTICIA ITAGÜÍ","2021-05-20","","59.12173913"
"CASA DE JUSTICIA ITAGÜÍ","2021-05-19","","64.96666667"
"CASA DE JUSTICIA ITAGÜÍ","2021-05-18","","71.60416667"
"CASA DE JUSTICIA ITAGÜÍ","2021-05-17","","71.4875"
"CASA DE JUSTICIA ITAGÜÍ","2021-05-16","","63.39166667"
"CASA DE JUSTICIA ITAGÜÍ","2021-05-15","","63.02173913"
"CASA DE JUSTICIA ITAGÜÍ","2021-05-14","","61.1375"
"CASA DE JUSTICIA ITAGÜÍ","2021-05-13","","59.1875"
"CASA DE JUSTICIA ITAGÜÍ","2021-05-12","","58.90416667"
"CASA DE JUSTICIA ITAGÜÍ","2021-05-11","","59.69583333"
"CASA DE JUSTICIA ITAGÜÍ","2021-05-10","","72.44782609"
"CASA DE JUSTICIA ITAGÜÍ","2021-05-09","","71.71363636"
"CASA DE JUSTICIA ITAGÜÍ","2021-05-08","","71.6375"
"CASA DE JUSTICIA ITAGÜÍ","2021-05-07","","64.84583333"
"CASA DE JUSTICIA ITAGÜÍ","2021-05-06","","67.67916667"
"CASA DE JUSTICIA ITAGÜÍ","2021-05-05","","68.56521739"
"CASA DE JUSTICIA ITAGÜÍ","2021-05-04","","68.84166667"
"CASA DE JUSTICIA ITAGÜÍ","2021-05-03","","68.15833333"
"CASA DE JUSTICIA ITAGÜÍ","2021-05-02","","70.0875"
"CASA DE JUSTICIA ITAGÜÍ","2021-05-01","","70.45"
"CASA DE JUSTICIA ITAGÜÍ","2021-04-30","","77.25652174"
"CASA DE JUSTICIA ITAGÜÍ","2021-04-29","","70.40833333"
"CASA DE JUSTICIA ITAGÜÍ","2021-04-28","","69.22083333"
"CASA DE JUSTICIA ITAGÜÍ","2021-04-27","","72.94166667"
"CASA DE JUSTICIA ITAGÜÍ","2021-04-26","","67.85"
"CASA DE JUSTICIA ITAGÜÍ","2021-04-25","","60.79166667"
"CASA DE JUSTICIA ITAGÜÍ","2021-04-24","","63.30416667"
"CASA DE JUSTICIA ITAGÜÍ","2021-04-23","","65.7"
"CASA DE JUSTICIA ITAGÜÍ","2021-04-22","","59.81666667"
"CASA DE JUSTICIA ITAGÜÍ","2021-04-21","","60.1125"
"CASA DE JUSTICIA ITAGÜÍ","2021-04-20","","62.83333333"
"CASA DE JUSTICIA ITAGÜÍ","2021-04-19","","59.19583333"
"CASA DE JUSTICIA ITAGÜÍ","2021-04-18","","62.37083333"
"CASA DE JUSTICIA ITAGÜÍ","2021-04-17","","61.1625"
"CASA DE JUSTICIA ITAGÜÍ","2021-04-16","","69.26666667"
"CASA DE JUSTICIA ITAGÜÍ","2021-04-15","","64.7125"
"CASA DE JUSTICIA ITAGÜÍ","2021-04-14","","60.9"
"CASA DE JUSTICIA ITAGÜÍ","2021-04-13","","55.1875"
"CASA DE JUSTICIA ITAGÜÍ","2021-04-12","","57.45833333"
"CASA DE JUSTICIA ITAGÜÍ","2021-04-11","","64.21666667"
"CASA DE JUSTICIA ITAGÜÍ","2021-04-10","","67.29166667"
"CASA DE JUSTICIA ITAGÜÍ","2021-04-09","","69.075"
"CASA DE JUSTICIA ITAGÜÍ","2021-04-08","","62.16666667"
"CASA DE JUSTICIA ITAGÜÍ","2021-04-07","","64.1"
"CASA DE JUSTICIA ITAGÜÍ","2021-04-06","","65.65833333"
"CASA DE JUSTICIA ITAGÜÍ","2021-04-05","","63.2375"
"CASA DE JUSTICIA ITAGÜÍ","2021-04-04","","62.87083333"
"CASA DE JUSTICIA ITAGÜÍ","2021-04-03","","67.75833333"
"CASA DE JUSTICIA ITAGÜÍ","2021-04-02","","68.74583333"
"CASA DE JUSTICIA ITAGÜÍ","2021-04-01","","64.29130435"
"CASA DE JUSTICIA ITAGÜÍ","2021-03-31","","56.54090909"
"CASA DE JUSTICIA ITAGÜÍ","2021-03-30","","55.9125"
"CASA DE JUSTICIA ITAGÜÍ","2021-03-29","","60.3625"
"CASA DE JUSTICIA ITAGÜÍ","2021-03-28","","69.09166667"
"CASA DE JUSTICIA ITAGÜÍ","2021-03-27","","65.69166667"
"CASA DE JUSTICIA ITAGÜÍ","2021-03-26","","66.7375"
"CASA DE JUSTICIA ITAGÜÍ","2021-03-25","","65.51666667"
"CASA DE JUSTICIA ITAGÜÍ","2021-03-24","","72.81666667"
"CASA DE JUSTICIA ITAGÜÍ","2021-03-23","","70.25416667"
"CASA DE JUSTICIA ITAGÜÍ","2021-03-22","","76.2125"
"CASA DE JUSTICIA ITAGÜÍ","2021-03-21","","66.75833333"
"CASA DE JUSTICIA ITAGÜÍ","2021-03-20","","71.19166667"
"CASA DE JUSTICIA ITAGÜÍ","2021-03-19","","67.97083333"
"CASA DE JUSTICIA ITAGÜÍ","2021-03-18","","73.875"
"CASA DE JUSTICIA ITAGÜÍ","2021-03-17","","70.37916667"
"CASA DE JUSTICIA ITAGÜÍ","2021-03-16","","70.53333333"
"CASA DE JUSTICIA ITAGÜÍ","2021-03-15","","69.22916667"
"CASA DE JUSTICIA ITAGÜÍ","2021-03-14","","66.125"
"CASA DE JUSTICIA ITAGÜÍ","2021-03-13","","66.3125"
"CASA DE JUSTICIA ITAGÜÍ","2021-03-12","","76.3125"
"CASA DE JUSTICIA ITAGÜÍ","2021-03-11","","68.9625"
"CASA DE JUSTICIA ITAGÜÍ","2021-03-10","","66.90416667"
"CASA DE JUSTICIA ITAGÜÍ","2021-03-09","","66.5"
"CASA DE JUSTICIA ITAGÜÍ","2021-03-08","","68.30416667"
"CASA DE JUSTICIA ITAGÜÍ","2021-03-07","","66.97916667"
"CASA DE JUSTICIA ITAGÜÍ","2021-03-06","","64.62083333"
"CASA DE JUSTICIA ITAGÜÍ","2021-03-05","","61.775"
"CASA DE JUSTICIA ITAGÜÍ","2021-03-04","","68.13333333"
"CASA DE JUSTICIA ITAGÜÍ","2021-03-03","","62.04583333"
"CASA DE JUSTICIA ITAGÜÍ","2021-03-02","","64.24166667"
"CASA DE JUSTICIA ITAGÜÍ","2021-03-01","","66.42916667"
"CASA DE JUSTICIA ITAGÜÍ","2021-02-28","","65.34166667"
"CASA DE JUSTICIA ITAGÜÍ","2021-02-27","","61.24166667"
"CASA DE JUSTICIA ITAGÜÍ","2021-02-26","","59.54583333"
"CASA DE JUSTICIA ITAGÜÍ","2021-02-25","","58.48333333"
"CASA DE JUSTICIA ITAGÜÍ","2021-02-24","","57.16666667"
"CASA DE JUSTICIA ITAGÜÍ","2021-02-23","","63.3125"
"CASA DE JUSTICIA ITAGÜÍ","2021-02-22","","61.25"
"CASA DE JUSTICIA ITAGÜÍ","2021-02-21","","67.47083333"
"CASA DE JUSTICIA ITAGÜÍ","2021-02-20","","64.94583333"
"CASA DE JUSTICIA ITAGÜÍ","2021-02-19","","68.31666667"
"CASA DE JUSTICIA ITAGÜÍ","2021-02-18","","71.625"
"CASA DE JUSTICIA ITAGÜÍ","2021-02-17","","58.72916667"
"CASA DE JUSTICIA ITAGÜÍ","2021-02-16","","56.15"
"CASA DE JUSTICIA ITAGÜÍ","2021-02-15","","61.925"
"CASA DE JUSTICIA ITAGÜÍ","2021-02-14","","69.3"
"CASA DE JUSTICIA ITAGÜÍ","2021-02-13","","65.775"
"CASA DE JUSTICIA ITAGÜÍ","2021-02-12","","59.69583333"
"CASA DE JUSTICIA ITAGÜÍ","2021-02-11","","58.15"
"CASA DE JUSTICIA ITAGÜÍ","2021-02-10","","60.8375"
"CASA DE JUSTICIA ITAGÜÍ","2021-02-09","","64.4125"
"CASA DE JUSTICIA ITAGÜÍ","2021-02-08","","60.55"
"CASA DE JUSTICIA ITAGÜÍ","2021-02-07","","56.07083333"
"CASA DE JUSTICIA ITAGÜÍ","2021-02-06","","58.59583333"
"CASA DE JUSTICIA ITAGÜÍ","2021-02-05","","57.06666667"
"CASA DE JUSTICIA ITAGÜÍ","2021-02-04","","53.27916667"
"CASA DE JUSTICIA ITAGÜÍ","2021-02-03","","58.69583333"
"CASA DE JUSTICIA ITAGÜÍ","2021-02-02","","55.62916667"
"CASA DE JUSTICIA ITAGÜÍ","2021-02-01","","50.88333333"
"CASA DE JUSTICIA ITAGÜÍ","2021-01-31","","50.92916667"
"CASA DE JUSTICIA ITAGÜÍ","2021-01-30","","52.57916667"
"CASA DE JUSTICIA ITAGÜÍ","2021-01-29","","54.43333333"
"CASA DE JUSTICIA ITAGÜÍ","2021-01-28","","60.40833333"
"CASA DE JUSTICIA ITAGÜÍ","2021-01-27","","58.42083333"
"CASA DE JUSTICIA ITAGÜÍ","2021-01-26","","61.35833333"
"CASA DE JUSTICIA ITAGÜÍ","2021-01-25","","57.21666667"
"CASA DE JUSTICIA ITAGÜÍ","2021-01-24","","62.7625"
"CASA DE JUSTICIA ITAGÜÍ","2021-01-23","","61.8125"
"CASA DE JUSTICIA ITAGÜÍ","2021-01-22","","59.18333333"
"CASA DE JUSTICIA ITAGÜÍ","2021-01-21","","60.17916667"
"CASA DE JUSTICIA ITAGÜÍ","2021-01-20","","56.80416667"
"CASA DE JUSTICIA ITAGÜÍ","2021-01-19","","55.33333333"
"CASA DE JUSTICIA ITAGÜÍ","2021-01-18","","57.45416667"
"CASA DE JUSTICIA ITAGÜÍ","2021-01-17","","56.52916667"
"CASA DE JUSTICIA ITAGÜÍ","2021-01-16","","57.95"
"CASA DE JUSTICIA ITAGÜÍ","2021-01-15","","59.84166667"
"CASA DE JUSTICIA ITAGÜÍ","2021-01-14","","61.875"
"CASA DE JUSTICIA ITAGÜÍ","2021-01-13","","58.55416667"
"CASA DE JUSTICIA ITAGÜÍ","2021-01-12","","59.69166667"
"CASA DE JUSTICIA ITAGÜÍ","2021-01-11","","66.86666667"
"CASA DE JUSTICIA ITAGÜÍ","2021-01-10","","63.1"
"CASA DE JUSTICIA ITAGÜÍ","2021-01-09","","65.99166667"
"CASA DE JUSTICIA ITAGÜÍ","2021-01-08","","68.96666667"
"CASA DE JUSTICIA ITAGÜÍ","2021-01-07","","63.73333333"
"CASA DE JUSTICIA ITAGÜÍ","2021-01-06","","65.44166667"
"CASA DE JUSTICIA ITAGÜÍ","2021-01-05","","58.6375"
"CASA DE JUSTICIA ITAGÜÍ","2021-01-04","","58.32916667"
"CASA DE JUSTICIA ITAGÜÍ","2021-01-03","","66.8"
"CASA DE JUSTICIA ITAGÜÍ","2021-01-02","","66.9875"
"CASA DE JUSTICIA ITAGÜÍ","2021-01-01","","64.50416667"
"CASA DE JUSTICIA ITAGÜÍ","2020-12-31","","62.54166667"
"CASA DE JUSTICIA ITAGÜÍ","2020-12-30","","65.9"
"CASA DE JUSTICIA ITAGÜÍ","2020-12-29","","62.81666667"
"CASA DE JUSTICIA ITAGÜÍ","2020-12-28","","66.64583333"
"CASA DE JUSTICIA ITAGÜÍ","2020-12-27","","71.84166667"
"CASA DE JUSTICIA ITAGÜÍ","2020-12-26","","70.63333333"
"CASA DE JUSTICIA ITAGÜÍ","2020-12-25","","72.36666667"
"CASA DE JUSTICIA ITAGÜÍ","2020-12-24","","64.46666667"
"CASA DE JUSTICIA ITAGÜÍ","2020-12-23","","61.975"
"CASA DE JUSTICIA ITAGÜÍ","2020-12-22","","65.20416667"
"CASA DE JUSTICIA ITAGÜÍ","2020-12-21","","61.92916667"
"CASA DE JUSTICIA ITAGÜÍ","2020-12-20","","66.9625"
"CASA DE JUSTICIA ITAGÜÍ","2020-12-19","","63.32083333"
"CASA DE JUSTICIA ITAGÜÍ","2020-12-18","","69.12083333"
"CASA DE JUSTICIA ITAGÜÍ","2020-12-17","","63.63333333"
"CASA DE JUSTICIA ITAGÜÍ","2020-12-16","","62.3625"
"CASA DE JUSTICIA ITAGÜÍ","2020-12-15","","66.44166667"
"CASA DE JUSTICIA ITAGÜÍ","2020-12-14","","61.50416667"
"CASA DE JUSTICIA ITAGÜÍ","2020-12-13","","58.84166667"
"CASA DE JUSTICIA ITAGÜÍ","2020-12-12","","65.87083333"
"CASA DE JUSTICIA ITAGÜÍ","2020-12-11","","60.67916667"
"CASA DE JUSTICIA ITAGÜÍ","2020-12-10","","61.57916667"
"CASA DE JUSTICIA ITAGÜÍ","2020-12-09","","68.3625"
"CASA DE JUSTICIA ITAGÜÍ","2020-12-08","","63.69166667"
"CASA DE JUSTICIA ITAGÜÍ","2020-12-07","","63.10416667"
"CASA DE JUSTICIA ITAGÜÍ","2020-12-06","","60.44583333"
"CASA DE JUSTICIA ITAGÜÍ","2020-12-05","","62.35416667"
"CASA DE JUSTICIA ITAGÜÍ","2020-12-04","","64.40416667"
"CASA DE JUSTICIA ITAGÜÍ","2020-12-03","","66.39583333"
"CASA DE JUSTICIA ITAGÜÍ","2020-12-02","","71.69166667"
"CASA DE JUSTICIA ITAGÜÍ","2020-12-01","","69.00833333"
"CASA DE JUSTICIA ITAGÜÍ","2020-11-30","","70.17083333"
"CASA DE JUSTICIA ITAGÜÍ","2020-11-29","","67.06666667"
"CASA DE JUSTICIA ITAGÜÍ","2020-11-28","","72.74166667"
"CASA DE JUSTICIA ITAGÜÍ","2020-11-27","","68.60416667"
"CASA DE JUSTICIA ITAGÜÍ","2020-11-26","","66.2375"
"CASA DE JUSTICIA ITAGÜÍ","2020-11-25","","63.0625"
"CASA DE JUSTICIA ITAGÜÍ","2020-11-24","","66.5"
"CASA DE JUSTICIA ITAGÜÍ","2020-11-23","","63.29166667"
"CASA DE JUSTICIA ITAGÜÍ","2020-11-22","","67.14166667"
"CASA DE JUSTICIA ITAGÜÍ","2020-11-21","","65.675"
"CASA DE JUSTICIA ITAGÜÍ","2020-11-20","","70.7875"
"CASA DE JUSTICIA ITAGÜÍ","2020-11-19","","64.54583333"
"CASA DE JUSTICIA ITAGÜÍ","2020-11-18","","69.39583333"
"CASA DE JUSTICIA ITAGÜÍ","2020-11-17","","73.70833333"
"CASA DE JUSTICIA ITAGÜÍ","2020-11-16","","70.45416667"
"CASA DE JUSTICIA ITAGÜÍ","2020-11-15","","64.10416667"
"CASA DE JUSTICIA ITAGÜÍ","2020-11-14","","67.39583333"
"CASA DE JUSTICIA ITAGÜÍ","2020-11-13","","70.925"
"CASA DE JUSTICIA ITAGÜÍ","2020-11-12","","72.7625"
"CASA DE JUSTICIA ITAGÜÍ","2020-11-11","","75.24583333"
"CASA DE JUSTICIA ITAGÜÍ","2020-11-10","","69.0"
"CASA DE JUSTICIA ITAGÜÍ","2020-11-09","","70.26666667"
"CASA DE JUSTICIA ITAGÜÍ","2020-11-08","","69.06666667"
"CASA DE JUSTICIA ITAGÜÍ","2020-11-07","","62.6875"
"CASA DE JUSTICIA ITAGÜÍ","2020-11-06","","66.39166667"
"CASA DE JUSTICIA ITAGÜÍ","2020-11-05","","66.02083333"
"CASA DE JUSTICIA ITAGÜÍ","2020-11-04","","69.12083333"
"CASA DE JUSTICIA ITAGÜÍ","2020-11-03","","65.425"
"CASA DE JUSTICIA ITAGÜÍ","2020-11-02","","59.17916667"
"CASA DE JUSTICIA ITAGÜÍ","2020-11-01","","67.06666667"
"CASA DE JUSTICIA ITAGÜÍ","2020-10-31","","71.97916667"
"CASA DE JUSTICIA ITAGÜÍ","2020-10-30","","69.8625"
"CASA DE JUSTICIA ITAGÜÍ","2020-10-29","","70.17916667"
"CASA DE JUSTICIA ITAGÜÍ","2020-10-28","","63.98333333"
"CASA DE JUSTICIA ITAGÜÍ","2020-10-27","","65.825"
"CASA DE JUSTICIA ITAGÜÍ","2020-10-26","","64.72916667"
"CASA DE JUSTICIA ITAGÜÍ","2020-10-25","","67.72083333"
"CASA DE JUSTICIA ITAGÜÍ","2020-10-24","","73.42083333"
"CASA DE JUSTICIA ITAGÜÍ","2020-10-23","","62.77916667"
"CASA DE JUSTICIA ITAGÜÍ","2020-10-22","","64.11666667"
"CASA DE JUSTICIA ITAGÜÍ","2020-10-21","","65.30416667"
"CASA DE JUSTICIA ITAGÜÍ","2020-10-20","","63.58333333"
"CASA DE JUSTICIA ITAGÜÍ","2020-10-19","","70.17916667"
"CASA DE JUSTICIA ITAGÜÍ","2020-10-18","","66.16666667"
"CASA DE JUSTICIA ITAGÜÍ","2020-10-17","","61.45416667"
"CASA DE JUSTICIA ITAGÜÍ","2020-10-16","","59.48333333"
"CASA DE JUSTICIA ITAGÜÍ","2020-10-15","","62.6875"
"CASA DE JUSTICIA ITAGÜÍ","2020-10-14","","63.90416667"
"CASA DE JUSTICIA ITAGÜÍ","2020-10-13","","71.49166667"
"CASA DE JUSTICIA ITAGÜÍ","2020-10-12","","61.375"
"CASA DE JUSTICIA ITAGÜÍ","2020-10-11","","55.61666667"
"CASA DE JUSTICIA ITAGÜÍ","2020-10-10","","53.8875"
"CASA DE JUSTICIA ITAGÜÍ","2020-10-09","","60.02083333"
"CASA DE JUSTICIA ITAGÜÍ","2020-10-08","","61.0875"
"CASA DE JUSTICIA ITAGÜÍ","2020-10-07","","62.10833333"
"CASA DE JUSTICIA ITAGÜÍ","2020-10-06","","66.6125"
"CASA DE JUSTICIA ITAGÜÍ","2020-10-05","","70.29583333"
"CASA DE JUSTICIA ITAGÜÍ","2020-10-04","","73.11666667"
"CASA DE JUSTICIA ITAGÜÍ","2020-10-03","","72.19583333"
"CASA DE JUSTICIA ITAGÜÍ","2020-10-02","","70.35833333"
"CASA DE JUSTICIA ITAGÜÍ","2020-10-01","","61.6125"
"CASA DE JUSTICIA ITAGÜÍ","2020-09-30","","67.825"
"CASA DE JUSTICIA ITAGÜÍ","2020-09-29","","67.88333333"
"CASA DE JUSTICIA ITAGÜÍ","2020-09-28","","58.69583333"
"CASA DE JUSTICIA ITAGÜÍ","2020-09-27","","63.95833333"
"CASA DE JUSTICIA ITAGÜÍ","2020-09-26","","64.00833333"
"CASA DE JUSTICIA ITAGÜÍ","2020-09-25","","57.50416667"
"CASA DE JUSTICIA ITAGÜÍ","2020-09-24","","57.18333333"
"CASA DE JUSTICIA ITAGÜÍ","2020-09-23","","64.93333333"
"CASA DE JUSTICIA ITAGÜÍ","2020-09-22","","59.425"
"CASA DE JUSTICIA ITAGÜÍ","2020-09-21","","73.12916667"
"CASA DE JUSTICIA ITAGÜÍ","2020-09-20","","72.975"
"CASA DE JUSTICIA ITAGÜÍ","2020-09-19","","69.26666667"
"CASA DE JUSTICIA ITAGÜÍ","2020-09-18","","71.1375"
"CASA DE JUSTICIA ITAGÜÍ","2020-09-17","","67.01666667"
"CASA DE JUSTICIA ITAGÜÍ","2020-09-16","","69.61666667"
"CASA DE JUSTICIA ITAGÜÍ","2020-09-15","","62.35833333"
"CASA DE JUSTICIA ITAGÜÍ","2020-09-14","","53.6625"
"CASA DE JUSTICIA ITAGÜÍ","2020-09-13","","58.84166667"
"CASA DE JUSTICIA ITAGÜÍ","2020-09-12","","66.37083333"
"CASA DE JUSTICIA ITAGÜÍ","2020-09-11","","67.025"
"CASA DE JUSTICIA ITAGÜÍ","2020-09-10","","63.03333333"
"CASA DE JUSTICIA ITAGÜÍ","2020-09-09","","63.29583333"
"CASA DE JUSTICIA ITAGÜÍ","2020-09-08","","69.97916667"
"CASA DE JUSTICIA ITAGÜÍ","2020-09-07","","67.725"
"CASA DE JUSTICIA ITAGÜÍ","2020-09-06","","60.57916667"
"CASA DE JUSTICIA ITAGÜÍ","2020-09-05","","57.6125"
"CASA DE JUSTICIA ITAGÜÍ","2020-09-04","","66.13333333"
"CASA DE JUSTICIA ITAGÜÍ","2020-09-03","","68.625"
"CASA DE JUSTICIA ITAGÜÍ","2020-09-02","","67.45833333"
"CASA DE JUSTICIA ITAGÜÍ","2020-09-01","","66.65416667"
"CASA DE JUSTICIA ITAGÜÍ","2020-08-31","","62.5625"
"CASA DE JUSTICIA ITAGÜÍ","2020-08-30","","63.11666667"
"CASA DE JUSTICIA ITAGÜÍ","2020-08-29","","61.8"
"CASA DE JUSTICIA ITAGÜÍ","2020-08-28","","47.9875"
"CASA DE JUSTICIA ITAGÜÍ","2020-08-27","","76.6875"
"CASA DE JUSTICIA ITAGÜÍ","2020-08-26","","68.25"
"CASA DE JUSTICIA ITAGÜÍ","2020-08-25","","67.1375"
"CASA DE JUSTICIA ITAGÜÍ","2020-08-24","","64.4625"
"CASA DE JUSTICIA ITAGÜÍ","2020-08-23","","64.575"
"CASA DE JUSTICIA ITAGÜÍ","2020-08-22","","65.87916667"
"CASA DE JUSTICIA ITAGÜÍ","2020-08-21","","67.25833333"
"CASA DE JUSTICIA ITAGÜÍ","2020-08-20","","64.325"
"CASA DE JUSTICIA ITAGÜÍ","2020-08-19","","68.75"
"CASA DE JUSTICIA ITAGÜÍ","2020-08-18","","64.575"
"CASA DE JUSTICIA ITAGÜÍ","2020-08-17","","68.275"
"CASA DE JUSTICIA ITAGÜÍ","2020-08-16","","66.3875"
"CASA DE JUSTICIA ITAGÜÍ","2020-08-15","","65.35833333"
"CASA DE JUSTICIA ITAGÜÍ","2020-08-14","","73.39583333"
"CASA DE JUSTICIA ITAGÜÍ","2020-08-13","","67.88333333"
"CASA DE JUSTICIA ITAGÜÍ","2020-08-12","","49.25384615"
"CASA DE JUSTICIA ITAGÜÍ","2020-08-11","","59.45333333"
"CASA DE JUSTICIA ITAGÜÍ","2020-08-10","","49.425"
"CASA DE JUSTICIA ITAGÜÍ","2020-08-09","","47.64166667"
"CASA DE JUSTICIA ITAGÜÍ","2020-08-08","","48.3125"
"CASA DE JUSTICIA ITAGÜÍ","2020-08-07","","52.55833333"
"CASA DE JUSTICIA ITAGÜÍ","2020-08-06","","54.78333333"
"CASA DE JUSTICIA ITAGÜÍ","2020-08-05","","53.34583333"
"CASA DE JUSTICIA ITAGÜÍ","2020-08-04","","45.44583333"
"CASA DE JUSTICIA ITAGÜÍ","2020-08-03","","51.40416667"
"CASA DE JUSTICIA ITAGÜÍ","2020-08-02","","43.18333333"
"CASA DE JUSTICIA ITAGÜÍ","2020-08-01","","51.87916667"
"CASA DE JUSTICIA ITAGÜÍ","2020-07-31","","67.825"
"CASA DE JUSTICIA ITAGÜÍ","2020-07-30","","68.05"
"CASA DE JUSTICIA ITAGÜÍ","2020-07-29","","57.85416667"
"CASA DE JUSTICIA ITAGÜÍ","2020-07-28","","60.2875"
"CASA DE JUSTICIA ITAGÜÍ","2020-07-27","","65.425"
"CASA DE JUSTICIA ITAGÜÍ","2020-07-26","","58.6875"
"CASA DE JUSTICIA ITAGÜÍ","2020-07-24","","71.16470588"
"CASA DE JUSTICIA ITAGÜÍ","2020-07-23","","74.5875"
"CASA DE JUSTICIA ITAGÜÍ","2020-07-22","","65.7625"
"CASA DE JUSTICIA ITAGÜÍ","2020-07-21","","61.37083333"
"CASA DE JUSTICIA ITAGÜÍ","2020-07-20","","58.07083333"
"CASA DE JUSTICIA ITAGÜÍ","2020-07-19","","52.15"
"CASA DE JUSTICIA ITAGÜÍ","2020-07-18","","52.14166667"
"CASA DE JUSTICIA ITAGÜÍ","2020-07-17","","54.99166667"
"CASA DE JUSTICIA ITAGÜÍ","2020-07-16","","62.69583333"
"CASA DE JUSTICIA ITAGÜÍ","2020-07-15","","59.675"
"CASA DE JUSTICIA ITAGÜÍ","2020-07-14","","58.40416667"
"CASA DE JUSTICIA ITAGÜÍ","2020-07-13","","60.25"
"CASA DE JUSTICIA ITAGÜÍ","2020-07-12","","70.49166667"
"CASA DE JUSTICIA ITAGÜÍ","2020-07-11","","70.8625"
"CASA DE JUSTICIA ITAGÜÍ","2020-07-10","","64.06666667"
"CASA DE JUSTICIA ITAGÜÍ","2020-07-09","","61.49166667"
"CASA DE JUSTICIA ITAGÜÍ","2020-07-08","","68.825"
"CASA DE JUSTICIA ITAGÜÍ","2020-07-07","","66.97916667"
"CASA DE JUSTICIA ITAGÜÍ","2020-07-06","","66.725"
"CASA DE JUSTICIA ITAGÜÍ","2020-07-05","","70.38333333"
"CASA DE JUSTICIA ITAGÜÍ","2020-07-04","","70.15833333"
"CASA DE JUSTICIA ITAGÜÍ","2020-07-03","","63.3125"
"CASA DE JUSTICIA ITAGÜÍ","2020-07-02","","67.15416667"
"CASA DE JUSTICIA ITAGÜÍ","2020-07-01","","66.65833333"
"CASA DE JUSTICIA ITAGÜÍ","2020-06-30","","65.69166667"
"CASA DE JUSTICIA ITAGÜÍ","2020-06-29","","65.60833333"
"CASA DE JUSTICIA ITAGÜÍ","2020-06-28","","69.7125"
"CASA DE JUSTICIA ITAGÜÍ","2020-06-27","","64.80416667"
"CASA DE JUSTICIA ITAGÜÍ","2020-06-26","","65.10833333"
"CASA DE JUSTICIA ITAGÜÍ","2020-06-25","","56.48333333"
"CASA DE JUSTICIA ITAGÜÍ","2020-06-24","","52.24166667"
"CASA DE JUSTICIA ITAGÜÍ","2020-06-23","","53.9"
"CASA DE JUSTICIA ITAGÜÍ","2020-06-22","","59.4875"
"CASA DE JUSTICIA ITAGÜÍ","2020-06-21","","57.85"
"CASA DE JUSTICIA ITAGÜÍ","2020-06-20","","65.73333333"
"CASA DE JUSTICIA ITAGÜÍ","2020-06-19","","66.30833333"
"CASA DE JUSTICIA ITAGÜÍ","2020-06-18","","69.87916667"
"CASA DE JUSTICIA ITAGÜÍ","2020-06-17","","72.12916667"
"CASA DE JUSTICIA ITAGÜÍ","2020-06-16","","63.225"
"CASA DE JUSTICIA ITAGÜÍ","2020-06-15","","73.86666667"
"CASA DE JUSTICIA ITAGÜÍ","2020-06-14","","59.60833333"
"CASA DE JUSTICIA ITAGÜÍ","2020-06-13","","60.3875"
"CASA DE JUSTICIA ITAGÜÍ","2020-06-12","","71.8125"
"CASA DE JUSTICIA ITAGÜÍ","2020-06-11","","66.85833333"
"CASA DE JUSTICIA ITAGÜÍ","2020-06-10","","68.69583333"
"CASA DE JUSTICIA ITAGÜÍ","2020-06-09","","63.11666667"
"CASA DE JUSTICIA ITAGÜÍ","2020-06-08","","45.38"
"CASA DE JUSTICIA ITAGÜÍ","2020-06-02","","66.84"
"CASA DE JUSTICIA ITAGÜÍ","2020-06-01","","62.36666667"
"CASA DE JUSTICIA ITAGÜÍ","2020-05-31","","80.1125"
"CASA DE JUSTICIA ITAGÜÍ","2020-05-30","","78.22083333"
"CASA DE JUSTICIA ITAGÜÍ","2020-05-29","","72.78333333"
"CASA DE JUSTICIA ITAGÜÍ","2020-05-28","","72.375"
"CASA DE JUSTICIA ITAGÜÍ","2020-05-27","","65.99166667"
"CASA DE JUSTICIA ITAGÜÍ","2020-05-26","","52.52083333"
"CASA DE JUSTICIA ITAGÜÍ","2020-05-25","","55.3875"
"CASA DE JUSTICIA ITAGÜÍ","2020-05-24","","56.19166667"
"CASA DE JUSTICIA ITAGÜÍ","2020-05-23","","58.41666667"
"CASA DE JUSTICIA ITAGÜÍ","2020-05-22","","67.69583333"
"CASA DE JUSTICIA ITAGÜÍ","2020-05-21","","53.4"
"CASA DE JUSTICIA ITAGÜÍ","2020-05-20","","58.09583333"
"CASA DE JUSTICIA ITAGÜÍ","2020-05-19","","72.75416667"
"CASA DE JUSTICIA ITAGÜÍ","2020-05-18","","58.66666667"
"CASA DE JUSTICIA ITAGÜÍ","2020-05-17","","56.225"
"CASA DE JUSTICIA ITAGÜÍ","2020-05-16","","59.775"
"CASA DE JUSTICIA ITAGÜÍ","2020-05-15","","62.85416667"
"CASA DE JUSTICIA ITAGÜÍ","2020-05-14","","61.21666667"
"CASA DE JUSTICIA ITAGÜÍ","2020-05-13","","63.57916667"
"CASA DE JUSTICIA ITAGÜÍ","2020-05-12","","58.125"
"CASA DE JUSTICIA ITAGÜÍ","2020-05-11","","59.52916667"
"CASA DE JUSTICIA ITAGÜÍ","2020-05-10","","53.42083333"
"CASA DE JUSTICIA ITAGÜÍ","2020-05-09","","49.45"
"CASA DE JUSTICIA ITAGÜÍ","2020-05-08","","54.26666667"
"CASA DE JUSTICIA ITAGÜÍ","2020-05-07","","56.275"
"CASA DE JUSTICIA ITAGÜÍ","2020-05-06","","56.40833333"
"CASA DE JUSTICIA ITAGÜÍ","2020-05-05","","57.30416667"
"CASA DE JUSTICIA ITAGÜÍ","2020-05-04","","56.54166667"
"CASA DE JUSTICIA ITAGÜÍ","2020-05-03","","61.0"
"CASA DE JUSTICIA ITAGÜÍ","2020-05-02","","58.91666667"
"CASA DE JUSTICIA ITAGÜÍ","2020-05-01","","66.43333333"
"CASA DE JUSTICIA ITAGÜÍ","2020-04-30","","66.19583333"
"CASA DE JUSTICIA ITAGÜÍ","2020-04-29","","61.90416667"
"CASA DE JUSTICIA ITAGÜÍ","2020-04-28","","59.0875"
"CASA DE JUSTICIA ITAGÜÍ","2020-04-27","","57.9875"
"CASA DE JUSTICIA ITAGÜÍ","2020-04-26","","60.05416667"
"CASA DE JUSTICIA ITAGÜÍ","2020-04-25","","61.09166667"
"CASA DE JUSTICIA ITAGÜÍ","2020-04-24","","65.32916667"
"CASA DE JUSTICIA ITAGÜÍ","2020-04-23","","68.76666667"
"CASA DE JUSTICIA ITAGÜÍ","2020-04-22","","66.40833333"
"CASA DE JUSTICIA ITAGÜÍ","2020-04-21","","67.05"
"CASA DE JUSTICIA ITAGÜÍ","2020-04-20","","63.3"
"CASA DE JUSTICIA ITAGÜÍ","2020-04-19","","68.67083333"
"CASA DE JUSTICIA ITAGÜÍ","2020-04-18","","71.0125"
"CASA DE JUSTICIA ITAGÜÍ","2020-04-17","","64.45833333"
"CASA DE JUSTICIA ITAGÜÍ","2020-04-16","","60.2875"
"CASA DE JUSTICIA ITAGÜÍ","2020-04-15","","68.07083333"
"CASA DE JUSTICIA ITAGÜÍ","2020-04-14","","66.87916667"
"CASA DE JUSTICIA ITAGÜÍ","2020-04-13","","67.3125"
"CASA DE JUSTICIA ITAGÜÍ","2020-04-12","","63.69583333"
"CASA DE JUSTICIA ITAGÜÍ","2020-04-11","","67.2875"
"CASA DE JUSTICIA ITAGÜÍ","2020-04-10","","65.6"
"CASA DE JUSTICIA ITAGÜÍ","2020-04-09","","63.13333333"
"CASA DE JUSTICIA ITAGÜÍ","2020-04-08","","56.05"
"CASA DE JUSTICIA ITAGÜÍ","2020-04-07","","52.0125"
"CASA DE JUSTICIA ITAGÜÍ","2020-04-06","","58.6625"
"CASA DE JUSTICIA ITAGÜÍ","2020-04-05","","60.09166667"
"CASA DE JUSTICIA ITAGÜÍ","2020-04-04","","58.54583333"
"CASA DE JUSTICIA ITAGÜÍ","2020-04-03","","56.5375"
"CASA DE JUSTICIA ITAGÜÍ","2020-04-02","","59.44347826"
"CASA DE JUSTICIA ITAGÜÍ","2020-04-01","","69.88333333"
"CASA DE JUSTICIA ITAGÜÍ","2020-03-31","","66.6"
"CASA DE JUSTICIA ITAGÜÍ","2020-03-30","","67.33333333"
"CASA DE JUSTICIA ITAGÜÍ","2020-03-29","","63.80833333"
"CASA DE JUSTICIA ITAGÜÍ","2020-03-28","","54.63333333"
"CASA DE JUSTICIA ITAGÜÍ","2020-03-27","","54.77083333"
"CASA DE JUSTICIA ITAGÜÍ","2020-03-26","","57.0875"
"CASA DE JUSTICIA ITAGÜÍ","2020-03-25","","55.44166667"
"CASA DE JUSTICIA ITAGÜÍ","2020-03-24","","59.23333333"
"CASA DE JUSTICIA ITAGÜÍ","2020-03-23","","53.62083333"
"CASA DE JUSTICIA ITAGÜÍ","2020-03-22","","53.75416667"
"CASA DE JUSTICIA ITAGÜÍ","2020-03-21","","62.27916667"
"CASA DE JUSTICIA ITAGÜÍ","2020-03-20","","63.55"
"CASA DE JUSTICIA ITAGÜÍ","2020-03-19","","54.87083333"
"CASA DE JUSTICIA ITAGÜÍ","2020-03-18","","50.7625"
"CASA DE JUSTICIA ITAGÜÍ","2020-03-17","","52.80416667"
"CASA DE JUSTICIA ITAGÜÍ","2020-03-16","","53.50416667"
"CASA DE JUSTICIA ITAGÜÍ","2020-03-15","","57.3875"
"CASA DE JUSTICIA ITAGÜÍ","2020-03-14","","61.68333333"
"CASA DE JUSTICIA ITAGÜÍ","2020-03-13","","65.77083333"
"CASA DE JUSTICIA ITAGÜÍ","2020-03-12","","65.44583333"
"CASA DE JUSTICIA ITAGÜÍ","2020-03-11","","67.7625"
"CASA DE JUSTICIA ITAGÜÍ","2020-03-10","","66.84583333"
"CASA DE JUSTICIA ITAGÜÍ","2020-03-09","","58.77916667"
"CASA DE JUSTICIA ITAGÜÍ","2020-03-08","","60.47916667"
"CASA DE JUSTICIA ITAGÜÍ","2020-03-07","","61.8"
"CASA DE JUSTICIA ITAGÜÍ","2020-03-06","","54.825"
"CASA DE JUSTICIA ITAGÜÍ","2020-03-05","","49.80833333"
"CASA DE JUSTICIA ITAGÜÍ","2020-03-04","","58.73333333"
"CASA DE JUSTICIA ITAGÜÍ","2020-03-03","","57.47083333"
"CASA DE JUSTICIA ITAGÜÍ","2020-03-02","","57.57916667"
"CASA DE JUSTICIA ITAGÜÍ","2020-03-01","","59.05"
"CASA DE JUSTICIA ITAGÜÍ","2020-02-29","","59.95"
"CASA DE JUSTICIA ITAGÜÍ","2020-02-28","","56.22916667"
"CASA DE JUSTICIA ITAGÜÍ","2020-02-27","","59.22083333"
"CASA DE JUSTICIA ITAGÜÍ","2020-02-26","","59.7125"
"CASA DE JUSTICIA ITAGÜÍ","2020-02-25","","65.05833333"
"CASA DE JUSTICIA ITAGÜÍ","2020-02-24","","63.3"
"CASA DE JUSTICIA ITAGÜÍ","2020-02-23","","64.15"
"CASA DE JUSTICIA ITAGÜÍ","2020-02-22","","71.18333333"
"CASA DE JUSTICIA ITAGÜÍ","2020-02-21","","65.48333333"
"CASA DE JUSTICIA ITAGÜÍ","2020-02-20","","58.92083333"
"CASA DE JUSTICIA ITAGÜÍ","2020-02-19","","46.4125"
"CASA DE JUSTICIA ITAGÜÍ","2020-02-18","","42.3625"
"CASA DE JUSTICIA ITAGÜÍ","2020-02-17","","52.02916667"
"CASA DE JUSTICIA ITAGÜÍ","2020-02-16","","53.35"
"CASA DE JUSTICIA ITAGÜÍ","2020-02-15","","57.75833333"
"CASA DE JUSTICIA ITAGÜÍ","2020-02-14","","58.59583333"
"CASA DE JUSTICIA ITAGÜÍ","2020-02-13","","53.88333333"
"CASA DE JUSTICIA ITAGÜÍ","2020-02-12","","49.00833333"
"CASA DE JUSTICIA ITAGÜÍ","2020-02-11","","46.575"
"CASA DE JUSTICIA ITAGÜÍ","2020-02-10","","53.60833333"
"CASA DE JUSTICIA ITAGÜÍ","2020-02-09","","53.75416667"
"CASA DE JUSTICIA ITAGÜÍ","2020-02-08","","55.52916667"
"CASA DE JUSTICIA ITAGÜÍ","2020-02-07","","57.99583333"
"CASA DE JUSTICIA ITAGÜÍ","2020-02-06","","46.425"
"CASA DE JUSTICIA ITAGÜÍ","2020-02-05","","47.625"
"CASA DE JUSTICIA ITAGÜÍ","2020-02-04","","31.29285714"
"CASA DE JUSTICIA ITAGÜÍ","2020-01-21","","61.48125"
"CASA DE JUSTICIA ITAGÜÍ","2020-01-20","","62.95833333"
"CASA DE JUSTICIA ITAGÜÍ","2020-01-19","","49.64583333"
"CASA DE JUSTICIA ITAGÜÍ","2020-01-18","","44.99166667"
"CASA DE JUSTICIA ITAGÜÍ","2020-01-17","","48.525"
"CASA DE JUSTICIA ITAGÜÍ","2020-01-16","","50.40416667"
"CASA DE JUSTICIA ITAGÜÍ","2020-01-15","","59.69583333"
"CASA DE JUSTICIA ITAGÜÍ","2020-01-14","","52.66666667"
"CASA DE JUSTICIA ITAGÜÍ","2020-01-13","","53.02083333"
"CASA DE JUSTICIA ITAGÜÍ","2020-01-12","","49.26666667"
"CASA DE JUSTICIA ITAGÜÍ","2020-01-11","","46.89166667"
"CASA DE JUSTICIA ITAGÜÍ","2020-01-10","","50.37083333"
"CASA DE JUSTICIA ITAGÜÍ","2020-01-09","","52.7875"
"CASA DE JUSTICIA ITAGÜÍ","2020-01-08","","53.26666667"
"CASA DE JUSTICIA ITAGÜÍ","2020-01-07","","54.50833333"
"CASA DE JUSTICIA ITAGÜÍ","2020-01-06","","56.27916667"
"CASA DE JUSTICIA ITAGÜÍ","2020-01-05","","57.17083333"
"CASA DE JUSTICIA ITAGÜÍ","2020-01-04","","58.22083333"
"CASA DE JUSTICIA ITAGÜÍ","2020-01-03","","59.99583333"
"CASA DE JUSTICIA ITAGÜÍ","2020-01-02","","60.70909091"
"CASA DE JUSTICIA ITAGÜÍ","2020-01-01","","68.4"
"CASA DE JUSTICIA ITAGÜÍ","2019-12-31","","75.53333333"
"CASA DE JUSTICIA ITAGÜÍ","2019-12-30","","68.8875"
"CASA DE JUSTICIA ITAGÜÍ","2019-12-29","","66.07083333"
"CASA DE JUSTICIA ITAGÜÍ","2019-12-28","","60.32083333"
"CASA DE JUSTICIA ITAGÜÍ","2019-12-27","","66.175"
"CASA DE JUSTICIA ITAGÜÍ","2019-12-26","","57.38333333"
"CASA DE JUSTICIA ITAGÜÍ","2019-12-25","","64.025"
"CASA DE JUSTICIA ITAGÜÍ","2019-12-24","","59.25"
"CASA DE JUSTICIA ITAGÜÍ","2019-12-23","","60.80833333"
"CASA DE JUSTICIA ITAGÜÍ","2019-12-22","","61.89583333"
"CASA DE JUSTICIA ITAGÜÍ","2019-12-21","","58.44166667"
"CASA DE JUSTICIA ITAGÜÍ","2019-12-20","","59.93333333"
"CASA DE JUSTICIA ITAGÜÍ","2019-12-19","","61.27916667"
"CASA DE JUSTICIA ITAGÜÍ","2019-12-18","","69.3875"
"CASA DE JUSTICIA ITAGÜÍ","2019-12-17","","65.4375"
"CASA DE JUSTICIA ITAGÜÍ","2019-12-16","","63.78333333"
"CASA DE JUSTICIA ITAGÜÍ","2019-12-15","","68.1"
"CASA DE JUSTICIA ITAGÜÍ","2019-12-14","","69.55833333"
"CASA DE JUSTICIA ITAGÜÍ","2019-12-13","","69.19166667"
"CASA DE JUSTICIA ITAGÜÍ","2019-12-12","","62.675"
"CASA DE JUSTICIA ITAGÜÍ","2019-12-11","","65.95416667"
"CASA DE JUSTICIA ITAGÜÍ","2019-12-10","","62.35833333"
"CASA DE JUSTICIA ITAGÜÍ","2019-12-09","","58.7"
"CASA DE JUSTICIA ITAGÜÍ","2019-12-08","","63.97083333"
"CASA DE JUSTICIA ITAGÜÍ","2019-12-07","","67.80416667"
"CASA DE JUSTICIA ITAGÜÍ","2019-12-06","","61.04583333"
"CASA DE JUSTICIA ITAGÜÍ","2019-12-05","","59.14583333"
"CASA DE JUSTICIA ITAGÜÍ","2019-12-04","","64.91666667"
"CASA DE JUSTICIA ITAGÜÍ","2019-12-03","","64.63333333"
"CASA DE JUSTICIA ITAGÜÍ","2019-12-02","","59.86666667"
"CASA DE JUSTICIA ITAGÜÍ","2019-12-01","","58.9625"
"CASA DE JUSTICIA ITAGÜÍ","2019-11-30","","61.39583333"
"CASA DE JUSTICIA ITAGÜÍ","2019-11-29","","67.60833333"
"CASA DE JUSTICIA ITAGÜÍ","2019-11-28","","61.50416667"
"CASA DE JUSTICIA ITAGÜÍ","2019-11-27","","57.69583333"
"CASA DE JUSTICIA ITAGÜÍ","2019-11-26","","60.3"
"CASA DE JUSTICIA ITAGÜÍ","2019-11-25","","60.75"
"CASA DE JUSTICIA ITAGÜÍ","2019-11-24","","65.12916667"
"CASA DE JUSTICIA ITAGÜÍ","2019-11-23","","79.4"
"CASA DE JUSTICIA ITAGÜÍ","2019-11-19","","71.05882353"
"CASA DE JUSTICIA ITAGÜÍ","2019-11-18","","68.02916667"
"CASA DE JUSTICIA ITAGÜÍ","2019-11-17","","67.10416667"
"CASA DE JUSTICIA ITAGÜÍ","2019-11-16","","65.11666667"
"CASA DE JUSTICIA ITAGÜÍ","2019-11-15","","68.8875"
"CASA DE JUSTICIA ITAGÜÍ","2019-11-14","","73.3875"
"CASA DE JUSTICIA ITAGÜÍ","2019-11-13","","73.35833333"
"CASA DE JUSTICIA ITAGÜÍ","2019-11-12","","72.64166667"
"CASA DE JUSTICIA ITAGÜÍ","2019-11-11","","67.51666667"
"CASA DE JUSTICIA ITAGÜÍ","2019-11-10","","70.6"
"CASA DE JUSTICIA ITAGÜÍ","2019-11-09","","71.45833333"
"CASA DE JUSTICIA ITAGÜÍ","2019-11-08","","67.65416667"
"CASA DE JUSTICIA ITAGÜÍ","2019-11-07","","61.75833333"
"CASA DE JUSTICIA ITAGÜÍ","2019-11-06","","60.15652174"
"CASA DE JUSTICIA ITAGÜÍ","2019-11-05","","69.52083333"
"CASA DE JUSTICIA ITAGÜÍ","2019-11-04","","64.675"
"CASA DE JUSTICIA ITAGÜÍ","2019-11-03","","70.2"
"CASA DE JUSTICIA ITAGÜÍ","2019-11-02","","65.1125"
"CASA DE JUSTICIA ITAGÜÍ","2019-11-01","","67.24166667"
"CASA DE JUSTICIA ITAGÜÍ","2019-10-31","","65.5875"
"CASA DE JUSTICIA ITAGÜÍ","2019-10-30","","63.09583333"
"CASA DE JUSTICIA ITAGÜÍ","2019-10-29","","62.43333333"
"CASA DE JUSTICIA ITAGÜÍ","2019-10-28","","61.84583333"
"CASA DE JUSTICIA ITAGÜÍ","2019-10-27","","67.39583333"
"CASA DE JUSTICIA ITAGÜÍ","2019-10-26","","63.5875"
"CASA DE JUSTICIA ITAGÜÍ","2019-10-25","","71.3875"
"CASA DE JUSTICIA ITAGÜÍ","2019-10-24","","69.95833333"
"CASA DE JUSTICIA ITAGÜÍ","2019-10-23","","69.8125"
"CASA DE JUSTICIA ITAGÜÍ","2019-10-22","","67.10833333"
"CASA DE JUSTICIA ITAGÜÍ","2019-10-21","","71.55"
"CASA DE JUSTICIA ITAGÜÍ","2019-10-20","","63.6"
"CASA DE JUSTICIA ITAGÜÍ","2019-10-19","","67.99166667"
"CASA DE JUSTICIA ITAGÜÍ","2019-10-18","","65.35416667"
"CASA DE JUSTICIA ITAGÜÍ","2019-10-17","","63.79583333"
"CASA DE JUSTICIA ITAGÜÍ","2019-10-16","","62.6"
"CASA DE JUSTICIA ITAGÜÍ","2019-10-15","","60.00416667"
"CASA DE JUSTICIA ITAGÜÍ","2019-10-14","","66.40833333"
"CASA DE JUSTICIA ITAGÜÍ","2019-10-13","","65.9375"
"CASA DE JUSTICIA ITAGÜÍ","2019-10-12","","69.075"
"CASA DE JUSTICIA ITAGÜÍ","2019-10-11","","66.125"
"CASA DE JUSTICIA ITAGÜÍ","2019-10-10","","64.93333333"
"CASA DE JUSTICIA ITAGÜÍ","2019-10-09","","60.13333333"
"CASA DE JUSTICIA ITAGÜÍ","2019-10-08","","63.1875"
"CASA DE JUSTICIA ITAGÜÍ","2019-10-07","","58.275"
"CASA DE JUSTICIA ITAGÜÍ","2019-10-06","","62.0875"
"CASA DE JUSTICIA ITAGÜÍ","2019-10-05","","59.33333333"
"CASA DE JUSTICIA ITAGÜÍ","2019-10-04","","59.15416667"
"CASA DE JUSTICIA ITAGÜÍ","2019-10-03","","67.27916667"
"CASA DE JUSTICIA ITAGÜÍ","2019-10-02","","62.29166667"
"CASA DE JUSTICIA ITAGÜÍ","2019-10-01","","61.53043478"
"CASA DE JUSTICIA ITAGÜÍ","2019-09-30","","69.97916667"
"CASA DE JUSTICIA ITAGÜÍ","2019-09-29","","58.57083333"
"CASA DE JUSTICIA ITAGÜÍ","2019-09-28","","58.5"
"CASA DE JUSTICIA ITAGÜÍ","2019-09-27","","58.4125"
"CASA DE JUSTICIA ITAGÜÍ","2019-09-26","","67.875"
"CASA DE JUSTICIA ITAGÜÍ","2019-09-25","","68.84166667"
"CASA DE JUSTICIA ITAGÜÍ","2019-09-24","","66.69583333"
"CASA DE JUSTICIA ITAGÜÍ","2019-09-23","","71.13333333"
"CASA DE JUSTICIA ITAGÜÍ","2019-09-22","","61.85416667"
"CASA DE JUSTICIA ITAGÜÍ","2019-09-21","","68.125"
"CASA DE JUSTICIA ITAGÜÍ","2019-09-20","","67.03333333"
"CASA DE JUSTICIA ITAGÜÍ","2019-09-19","","66.3625"
"CASA DE JUSTICIA ITAGÜÍ","2019-09-18","","75.54583333"
"CASA DE JUSTICIA ITAGÜÍ","2019-09-17","","62.77916667"
"CASA DE JUSTICIA ITAGÜÍ","2019-09-16","","61.94583333"
"CASA DE JUSTICIA ITAGÜÍ","2019-09-15","","48.5375"
"CASA DE JUSTICIA ITAGÜÍ","2019-09-14","","53.25833333"
"CASA DE JUSTICIA ITAGÜÍ","2019-09-13","","58.74166667"
"CASA DE JUSTICIA ITAGÜÍ","2019-09-12","","56.89166667"
"CASA DE JUSTICIA ITAGÜÍ","2019-09-11","","50.64166667"
"CASA DE JUSTICIA ITAGÜÍ","2019-09-10","","47.4"
"CASA DE JUSTICIA ITAGÜÍ","2019-09-09","","49.03333333"
"CASA DE JUSTICIA ITAGÜÍ","2019-09-08","","45.5875"
"CASA DE JUSTICIA ITAGÜÍ","2019-09-07","","51.025"
"CASA DE JUSTICIA ITAGÜÍ","2019-09-06","","62.3125"
"CASA DE JUSTICIA ITAGÜÍ","2019-09-05","","49.39166667"
"CASA DE JUSTICIA ITAGÜÍ","2019-09-04","","51.6875"
"CASA DE JUSTICIA ITAGÜÍ","2019-09-03","","48.21666667"
"CASA DE JUSTICIA ITAGÜÍ","2019-09-02","","53.94583333"
"CASA DE JUSTICIA ITAGÜÍ","2019-09-01","","53.84583333"
"CASA DE JUSTICIA ITAGÜÍ","2019-08-31","","49.90833333"
"CASA DE JUSTICIA ITAGÜÍ","2019-08-30","","44.62916667"
"CASA DE JUSTICIA ITAGÜÍ","2019-08-29","","44.90833333"
"CASA DE JUSTICIA ITAGÜÍ","2019-08-28","","51.55"
"CASA DE JUSTICIA ITAGÜÍ","2019-08-27","","41.45833333"
"CASA DE JUSTICIA ITAGÜÍ","2019-08-26","","45.36666667"
"CASA DE JUSTICIA ITAGÜÍ","2019-08-25","","42.1875"
"CASA DE JUSTICIA ITAGÜÍ","2019-08-24","","45.5375"
"CASA DE JUSTICIA ITAGÜÍ","2019-08-23","","50.74166667"
"CASA DE JUSTICIA ITAGÜÍ","2019-08-22","","47.7375"
"CASA DE JUSTICIA ITAGÜÍ","2019-08-21","","43.475"
"CASA DE JUSTICIA ITAGÜÍ","2019-08-20","","47.47083333"
"CASA DE JUSTICIA ITAGÜÍ","2019-08-19","","50.3375"
"CASA DE JUSTICIA ITAGÜÍ","2019-08-18","","59.7875"
"CASA DE JUSTICIA ITAGÜÍ","2019-08-17","","66.72083333"
"CASA DE JUSTICIA ITAGÜÍ","2019-08-16","","59.82916667"
"CASA DE JUSTICIA ITAGÜÍ","2019-08-15","","43.39583333"
"CASA DE JUSTICIA ITAGÜÍ","2019-08-14","","48.9"
"CASA DE JUSTICIA ITAGÜÍ","2019-08-13","","50.76666667"
"CASA DE JUSTICIA ITAGÜÍ","2019-08-12","","46.15833333"
"CASA DE JUSTICIA ITAGÜÍ","2019-08-11","","46.5375"
"CASA DE JUSTICIA ITAGÜÍ","2019-08-10","","47.7875"
"CASA DE JUSTICIA ITAGÜÍ","2019-08-09","","43.8625"
"CASA DE JUSTICIA ITAGÜÍ","2019-08-08","","47.17916667"
"CASA DE JUSTICIA ITAGÜÍ","2019-08-07","","45.24166667"
"CASA DE JUSTICIA ITAGÜÍ","2019-08-06","","47.72916667"
"CASA DE JUSTICIA ITAGÜÍ","2019-08-05","","48.02916667"
"CASA DE JUSTICIA ITAGÜÍ","2019-08-04","","55.49583333"
"CASA DE JUSTICIA ITAGÜÍ","2019-08-03","","70.375"
"CASA DE JUSTICIA ITAGÜÍ","2019-08-02","","62.0"
"CASA DE JUSTICIA ITAGÜÍ","2019-08-01","","58.6125"
"CASA DE JUSTICIA ITAGÜÍ","2019-07-31","","46.75416667"
"CASA DE JUSTICIA ITAGÜÍ","2019-07-30","","51.86666667"
"CASA DE JUSTICIA ITAGÜÍ","2019-07-29","","54.0"
"CASA DE JUSTICIA ITAGÜÍ","2019-07-28","","54.44583333"
"CASA DE JUSTICIA ITAGÜÍ","2019-07-27","","52.04583333"
"CASA DE JUSTICIA ITAGÜÍ","2019-07-26","","55.91666667"
"CASA DE JUSTICIA ITAGÜÍ","2019-07-25","","59.475"
"CASA DE JUSTICIA ITAGÜÍ","2019-07-24","","62.4625"
"CASA DE JUSTICIA ITAGÜÍ","2019-07-23","","64.175"
"CASA DE JUSTICIA ITAGÜÍ","2019-07-22","","64.8875"
"CASA DE JUSTICIA ITAGÜÍ","2019-07-21","","46.79583333"
"CASA DE JUSTICIA ITAGÜÍ","2019-07-20","","47.875"
"CASA DE JUSTICIA ITAGÜÍ","2019-07-19","","49.20416667"
"CASA DE JUSTICIA ITAGÜÍ","2019-07-18","","47.77083333"
"CASA DE JUSTICIA ITAGÜÍ","2019-07-17","","53.76666667"
"CASA DE JUSTICIA ITAGÜÍ","2019-07-16","","59.45"
"CASA DE JUSTICIA ITAGÜÍ","2019-07-15","","65.9125"
"CASA DE JUSTICIA ITAGÜÍ","2019-07-14","","60.35833333"
"CASA DE JUSTICIA ITAGÜÍ","2019-07-13","","65.71666667"
"CASA DE JUSTICIA ITAGÜÍ","2019-07-12","","59.26666667"
"CASA DE JUSTICIA ITAGÜÍ","2019-07-11","","61.55416667"
"CASA DE JUSTICIA ITAGÜÍ","2019-07-10","","57.35"
"CASA DE JUSTICIA ITAGÜÍ","2019-07-09","","61.06666667"
"CASA DE JUSTICIA ITAGÜÍ","2019-07-08","","54.45"
"CASA DE JUSTICIA ITAGÜÍ","2019-07-07","","48.64166667"
"CASA DE JUSTICIA ITAGÜÍ","2019-07-06","","52.56666667"
"CASA DE JUSTICIA ITAGÜÍ","2019-07-05","","62.42083333"
"CASA DE JUSTICIA ITAGÜÍ","2019-07-04","","66.02083333"
"CASA DE JUSTICIA ITAGÜÍ","2019-07-03","","71.7826087"
"CASA DE JUSTICIA ITAGÜÍ","2019-07-02","","61.8625"
"CASA DE JUSTICIA ITAGÜÍ","2019-07-01","","63.99166667"
"CASA DE JUSTICIA ITAGÜÍ","2019-06-30","","54.23942917"
"CASA DE JUSTICIA ITAGÜÍ","2019-06-29","","44.59249375"
"CASA DE JUSTICIA ITAGÜÍ","2019-06-28","","56.58253571"
"CASA DE JUSTICIA ITAGÜÍ","2019-06-27","","58.1902125"
"CASA DE JUSTICIA ITAGÜÍ","2019-06-26","","57.18910417"
"CASA DE JUSTICIA ITAGÜÍ","2019-06-25","","66.12506667"
"CASA DE JUSTICIA ITAGÜÍ","2019-06-24","","62.96168333"
"CASA DE JUSTICIA ITAGÜÍ","2019-06-23","","54.18449167"
"CASA DE JUSTICIA ITAGÜÍ","2019-06-22","","48.184525"
"CASA DE JUSTICIA ITAGÜÍ","2019-06-21","","49.34899583"
"CASA DE JUSTICIA ITAGÜÍ","2019-06-20","","52.56013333"
"CASA DE JUSTICIA ITAGÜÍ","2019-06-19","","54.60699167"
"CASA DE JUSTICIA ITAGÜÍ","2019-06-18","","51.11972083"
"CASA DE JUSTICIA ITAGÜÍ","2019-06-17","","53.24212917"
"CASA DE JUSTICIA ITAGÜÍ","2019-06-16","","59.52757083"
"CASA DE JUSTICIA ITAGÜÍ","2019-06-15","","67.17469167"
"CASA DE JUSTICIA ITAGÜÍ","2019-06-14","","67.63206667"
"CASA DE JUSTICIA ITAGÜÍ","2019-06-13","","69.80105833"
"CASA DE JUSTICIA ITAGÜÍ","2019-06-12","","66.58359583"
"CASA DE JUSTICIA ITAGÜÍ","2019-06-11","","61.10878333"
"CASA DE JUSTICIA ITAGÜÍ","2019-06-10","","64.51500417"
"CASA DE JUSTICIA ITAGÜÍ","2019-06-09","","59.1304"
"CASA DE JUSTICIA ITAGÜÍ","2019-06-08","","63.65772917"
"CASA DE JUSTICIA ITAGÜÍ","2019-06-07","","74.72920417"
"CASA DE JUSTICIA ITAGÜÍ","2019-06-06","","67.14595"
"CASA DE JUSTICIA ITAGÜÍ","2019-06-05","","66.04786667"
"CASA DE JUSTICIA ITAGÜÍ","2019-06-04","","56.82457917"
"CASA DE JUSTICIA ITAGÜÍ","2019-06-03","","63.33677917"
"CASA DE JUSTICIA ITAGÜÍ","2019-06-02","","69.0425875"
"CASA DE JUSTICIA ITAGÜÍ","2019-06-01","","74.59170833"
"CASA DE JUSTICIA ITAGÜÍ","2019-05-31","","70.44090833"
"CASA DE JUSTICIA ITAGÜÍ","2019-05-30","","75.3555125"
"CASA DE JUSTICIA ITAGÜÍ","2019-05-29","","70.3360375"
"CASA DE JUSTICIA ITAGÜÍ","2019-05-28","","75.67101667"
"CASA DE JUSTICIA ITAGÜÍ","2019-05-27","","67.7367375"
"CASA DE JUSTICIA ITAGÜÍ","2019-05-26","","66.46229583"
"CASA DE JUSTICIA ITAGÜÍ","2019-05-25","","74.01786667"
"CASA DE JUSTICIA ITAGÜÍ","2019-05-24","","70.61733333"
"CASA DE JUSTICIA ITAGÜÍ","2019-05-23","","77.38429565"
"CASA DE JUSTICIA ITAGÜÍ","2019-05-22","","73.75167619"
"CASA DE JUSTICIA ITAGÜÍ","2019-05-21","","69.3404125"
"CASA DE JUSTICIA ITAGÜÍ","2019-05-20","","70.62500952"
"CASA DE JUSTICIA ITAGÜÍ","2019-05-19","","75.07840417"
"CASA DE JUSTICIA ITAGÜÍ","2019-05-18","","67.17205"
"CASA DE JUSTICIA ITAGÜÍ","2019-05-17","","70.73157083"
"CASA DE JUSTICIA ITAGÜÍ","2019-05-16","","69.1164125"
"CASA DE JUSTICIA ITAGÜÍ","2019-05-15","","68.3699625"
"CASA DE JUSTICIA ITAGÜÍ","2019-05-14","","61.99794583"
"CASA DE JUSTICIA ITAGÜÍ","2019-05-13","","70.18125833"
"CASA DE JUSTICIA ITAGÜÍ","2019-05-12","","64.40011667"
"CASA DE JUSTICIA ITAGÜÍ","2019-05-11","","73.29882083"
"CASA DE JUSTICIA ITAGÜÍ","2019-05-10","","67.3643625"
"CASA DE JUSTICIA ITAGÜÍ","2019-05-09","","72.45529167"
"CASA DE JUSTICIA ITAGÜÍ","2019-05-08","","72.96817083"
"CASA DE JUSTICIA ITAGÜÍ","2019-05-07","","56.55164167"
"CASA DE JUSTICIA ITAGÜÍ","2019-05-06","","55.05279583"
"CASA DE JUSTICIA ITAGÜÍ","2019-05-05","","54.37918333"
"CASA DE JUSTICIA ITAGÜÍ","2019-05-04","","62.46678333"
"CASA DE JUSTICIA ITAGÜÍ","2019-05-03","","55.24260417"
"CASA DE JUSTICIA ITAGÜÍ","2019-05-02","","52.44530833"
"CASA DE JUSTICIA ITAGÜÍ","2019-05-01","","51.78944167"
"CASA DE JUSTICIA ITAGÜÍ","2019-04-30","","53.42185417"
"CASA DE JUSTICIA ITAGÜÍ","2019-04-29","","59.386825"
"CASA DE JUSTICIA ITAGÜÍ","2019-04-28","","61.8718625"
"CASA DE JUSTICIA ITAGÜÍ","2019-04-27","","67.2342875"
"CASA DE JUSTICIA ITAGÜÍ","2019-04-26","","71.23509167"
"CASA DE JUSTICIA ITAGÜÍ","2019-04-25","","71.81888333"
"CASA DE JUSTICIA ITAGÜÍ","2019-04-24","","70.63840417"
"CASA DE JUSTICIA ITAGÜÍ","2019-04-23","","62.66431667"
"CASA DE JUSTICIA ITAGÜÍ","2019-04-22","","68.44567917"
"CASA DE JUSTICIA ITAGÜÍ","2019-04-21","","73.79917083"
"CASA DE JUSTICIA ITAGÜÍ","2019-04-20","","69.79884167"
"CASA DE JUSTICIA ITAGÜÍ","2019-04-19","","69.5907875"
"CASA DE JUSTICIA ITAGÜÍ","2019-04-18","","72.1004"
"CASA DE JUSTICIA ITAGÜÍ","2019-04-17","","70.81179167"
"CASA DE JUSTICIA ITAGÜÍ","2019-04-16","","61.32807083"
"CASA DE JUSTICIA ITAGÜÍ","2019-04-15","","61.146275"
"CASA DE JUSTICIA ITAGÜÍ","2019-04-14","","67.16302917"
"CASA DE JUSTICIA ITAGÜÍ","2019-04-13","","60.63887917"
"CASA DE JUSTICIA ITAGÜÍ","2019-04-12","","60.468075"
"CASA DE JUSTICIA ITAGÜÍ","2019-04-11","","64.64914583"
"CASA DE JUSTICIA ITAGÜÍ","2019-04-10","","67.96647917"
"CASA DE JUSTICIA ITAGÜÍ","2019-04-09","","80.0475"
"CASA DE JUSTICIA ITAGÜÍ","2019-04-03","","69.00909091"
"CASA DE JUSTICIA ITAGÜÍ","2019-04-02","","65.775"
"CASA DE JUSTICIA ITAGÜÍ","2019-04-01","","72.71666667"
"CASA DE JUSTICIA ITAGÜÍ","2019-03-31","","67.7125"
"CASA DE JUSTICIA ITAGÜÍ","2019-03-30","","66.9875"
"CASA DE JUSTICIA ITAGÜÍ","2019-03-29","","70.82083333"
"CASA DE JUSTICIA ITAGÜÍ","2019-03-28","","65.65833333"
"CASA DE JUSTICIA ITAGÜÍ","2019-03-27","","65.958075"
"CASA DE JUSTICIA ITAGÜÍ","2019-03-26","","70.67448333"
"CASA DE JUSTICIA ITAGÜÍ","2019-03-25","","70.80979167"
"CASA DE JUSTICIA ITAGÜÍ","2019-03-24","","74.01832083"
"CASA DE JUSTICIA ITAGÜÍ","2019-03-23","","70.249625"
"CASA DE JUSTICIA ITAGÜÍ","2019-03-22","","72.9361875"
"CASA DE JUSTICIA ITAGÜÍ","2019-03-21","","72.34325833"
"CASA DE JUSTICIA ITAGÜÍ","2019-03-20","","66.82465417"
"CASA DE JUSTICIA ITAGÜÍ","2019-03-19","","72.19091304"
"CASA DE JUSTICIA ITAGÜÍ","2019-03-18","","65.371025"
"CASA DE JUSTICIA ITAGÜÍ","2019-03-17","","58.97215833"
"CASA DE JUSTICIA ITAGÜÍ","2019-03-16","","62.62052083"
"CASA DE JUSTICIA ITAGÜÍ","2019-03-15","","61.96943333"
"CASA DE JUSTICIA ITAGÜÍ","2019-03-14","","62.82839583"
"CASA DE JUSTICIA ITAGÜÍ","2019-03-13","","60.278225"
"CASA DE JUSTICIA ITAGÜÍ","2019-03-12","","67.46504583"
"CASA DE JUSTICIA ITAGÜÍ","2019-03-11","","69.649525"
"CASA DE JUSTICIA ITAGÜÍ","2019-03-10","","67.05860417"
"CASA DE JUSTICIA ITAGÜÍ","2019-03-09","","56.14724167"
"CASA DE JUSTICIA ITAGÜÍ","2019-03-08","","62.48416667"
"CASA DE JUSTICIA ITAGÜÍ","2019-03-07","","64.11912917"
"CASA DE JUSTICIA ITAGÜÍ","2019-03-06","","62.8245875"
"CASA DE JUSTICIA ITAGÜÍ","2019-03-05","","64.07224167"
"CASA DE JUSTICIA ITAGÜÍ","2019-03-04","","63.403275"
"CASA DE JUSTICIA ITAGÜÍ","2019-03-03","","76.699825"
"CASA DE JUSTICIA ITAGÜÍ","2019-03-01","","61.912795"
"CASA DE JUSTICIA ITAGÜÍ","2019-02-28","","67.309375"
"CASA DE JUSTICIA ITAGÜÍ","2019-02-27","","73.4914375"
"CASA DE JUSTICIA ITAGÜÍ","2019-02-26","","68.87180417"
"CASA DE JUSTICIA ITAGÜÍ","2019-02-25","","60.97507083"
"CASA DE JUSTICIA ITAGÜÍ","2019-02-24","","69.744"
"CASA DE JUSTICIA ITAGÜÍ","2019-02-23","","61.16206667"
"CASA DE JUSTICIA ITAGÜÍ","2019-02-22","","55.5613"
"CASA DE JUSTICIA ITAGÜÍ","2019-02-21","","59.46639167"
"CASA DE JUSTICIA ITAGÜÍ","2019-02-20","","69.761475"
"CASA DE JUSTICIA ITAGÜÍ","2019-02-19","","70.93663333"
"CASA DE JUSTICIA ITAGÜÍ","2019-02-18","","65.7419125"
"CASA DE JUSTICIA ITAGÜÍ","2019-02-17","","63.5797625"
"CASA DE JUSTICIA ITAGÜÍ","2019-02-16","","65.192825"
"CASA DE JUSTICIA ITAGÜÍ","2019-02-15","","58.5829"
"CASA DE JUSTICIA ITAGÜÍ","2019-02-14","","60.4909375"
"CASA DE JUSTICIA ITAGÜÍ","2019-02-13","","58.34500417"
"CASA DE JUSTICIA ITAGÜÍ","2019-02-12","","64.968775"
"CASA DE JUSTICIA ITAGÜÍ","2019-02-11","","60.37480833"
"CASA DE JUSTICIA ITAGÜÍ","2019-02-10","","64.54437083"
"CASA DE JUSTICIA ITAGÜÍ","2019-02-09","","59.5915"
"CASA DE JUSTICIA ITAGÜÍ","2019-02-08","","63.164"
"CASA DE JUSTICIA ITAGÜÍ","2019-02-07","","62.77831667"
"CASA DE JUSTICIA ITAGÜÍ","2019-02-06","","61.10427083"
"CASA DE JUSTICIA ITAGÜÍ","2019-02-05","","62.06124167"
"CASA DE JUSTICIA ITAGÜÍ","2019-02-04","","60.5710125"
"CASA DE JUSTICIA ITAGÜÍ","2019-02-03","","56.25865"
"CASA DE JUSTICIA ITAGÜÍ","2019-02-02","","59.98937917"
"CASA DE JUSTICIA ITAGÜÍ","2019-02-01","","65.1062"
"CASA DE JUSTICIA ITAGÜÍ","2019-01-31","","61.6484875"
"CASA DE JUSTICIA ITAGÜÍ","2019-01-30","","56.77022917"
"CASA DE JUSTICIA ITAGÜÍ","2019-01-29","","56.83215417"
"CASA DE JUSTICIA ITAGÜÍ","2019-01-28","","70.0911125"
"CASA DE JUSTICIA ITAGÜÍ","2019-01-27","","66.2904125"
"CASA DE JUSTICIA ITAGÜÍ","2019-01-26","","58.45287917"
"CASA DE JUSTICIA ITAGÜÍ","2019-01-25","","58.33761667"
"CASA DE JUSTICIA ITAGÜÍ","2019-01-24","","50.77671667"
"CASA DE JUSTICIA ITAGÜÍ","2019-01-23","","51.0371125"
"CASA DE JUSTICIA ITAGÜÍ","2019-01-22","","55.401375"
"CASA DE JUSTICIA ITAGÜÍ","2019-01-21","","60.79134583"
"CASA DE JUSTICIA ITAGÜÍ","2019-01-20","","59.33899167"
"CASA DE JUSTICIA ITAGÜÍ","2019-01-19","","59.4707"
"CASA DE JUSTICIA ITAGÜÍ","2019-01-18","","59.93181667"
"CASA DE JUSTICIA ITAGÜÍ","2019-01-17","","68.19395"
"CASA DE JUSTICIA ITAGÜÍ","2019-01-16","","60.73636667"
"CASA DE JUSTICIA ITAGÜÍ","2019-01-15","","59.88781667"
"CASA DE JUSTICIA ITAGÜÍ","2019-01-14","","63.23650417"
"CASA DE JUSTICIA ITAGÜÍ","2019-01-13","","61.69283333"
"CASA DE JUSTICIA ITAGÜÍ","2019-01-12","","62.3268375"
"CASA DE JUSTICIA ITAGÜÍ","2019-01-11","","63.04550417"
"CASA DE JUSTICIA ITAGÜÍ","2019-01-10","","70.39785833"
"CASA DE JUSTICIA ITAGÜÍ","2019-01-09","","68.96099583"
"CASA DE JUSTICIA ITAGÜÍ","2019-01-08","","65.70960417"
"CASA DE JUSTICIA ITAGÜÍ","2019-01-07","","65.1633"
"CASA DE JUSTICIA ITAGÜÍ","2019-01-06","","64.63829167"
"CASA DE JUSTICIA ITAGÜÍ","2019-01-05","","60.18809583"
"CASA DE JUSTICIA ITAGÜÍ","2019-01-04","","50.03381667"
"CASA DE JUSTICIA ITAGÜÍ","2019-01-03","","44.98478333"
"CASA DE JUSTICIA ITAGÜÍ","2019-01-02","","47.26270417"
"CASA DE JUSTICIA ITAGÜÍ","2019-01-01","","47.52077917"
"CASA DE JUSTICIA ITAGÜÍ","2013-12-01","","85.24084"
"CASA DE JUSTICIA ITAGÜÍ","2013-11-30","","82.3605444"
"CASA DE JUSTICIA ITAGÜÍ","2013-11-29","","71.28875458"
"CASA DE JUSTICIA ITAGÜÍ","2013-11-28","","69.20821875"
"CASA DE JUSTICIA ITAGÜÍ","2013-11-27","","71.77390739"
"CASA DE JUSTICIA ITAGÜÍ","2013-11-26","","74.48545792"
"CASA DE JUSTICIA ITAGÜÍ","2013-11-25","","72.66857083"
"CASA DE JUSTICIA ITAGÜÍ","2013-11-24","","78.65840792"
"CASA DE JUSTICIA ITAGÜÍ","2013-11-23","","72.14840708"
"CASA DE JUSTICIA ITAGÜÍ","2013-11-22","","68.316725"
"CASA DE JUSTICIA ITAGÜÍ","2013-11-21","","68.56185333"
"CASA DE JUSTICIA ITAGÜÍ","2013-11-20","","78.17222167"
"CASA DE JUSTICIA ITAGÜÍ","2013-11-19","","67.78677042"
"CASA DE JUSTICIA ITAGÜÍ","2013-11-18","","69.72236542"
"CASA DE JUSTICIA ITAGÜÍ","2013-11-17","","70.71291708"
"CASA DE JUSTICIA ITAGÜÍ","2013-11-16","","65.46155083"
"CASA DE JUSTICIA ITAGÜÍ","2013-11-15","","69.29532125"
"CASA DE JUSTICIA ITAGÜÍ","2013-11-14","","63.43554125"
"CASA DE JUSTICIA ITAGÜÍ","2013-11-13","","67.83208292"
"CASA DE JUSTICIA ITAGÜÍ","2013-11-12","","69.69555583"
"CASA DE JUSTICIA ITAGÜÍ","2013-11-11","","68.19659042"
"CASA DE JUSTICIA ITAGÜÍ","2013-11-10","","74.39924125"
"CASA DE JUSTICIA ITAGÜÍ","2013-11-09","","74.89136"
"CASA DE JUSTICIA ITAGÜÍ","2013-11-08","","71.59346"
"CASA DE JUSTICIA ITAGÜÍ","2013-11-07","","75.41596792"
"CASA DE JUSTICIA ITAGÜÍ","2013-11-06","","74.47928875"
"CASA DE JUSTICIA ITAGÜÍ","2013-11-05","","77.28725667"
"CASA DE JUSTICIA ITAGÜÍ","2013-11-04","","79.75629542"
"CASA DE JUSTICIA ITAGÜÍ","2013-11-03","","65.11472375"
"CASA DE JUSTICIA ITAGÜÍ","2013-11-02","","55.61522042"
"CASA DE JUSTICIA ITAGÜÍ","2013-11-01","","64.0843948"
"CASA DE JUSTICIA ITAGÜÍ","2013-10-31","","67.26530739"
"CASA DE JUSTICIA ITAGÜÍ","2013-10-30","","70.00497395"
"CASA DE JUSTICIA ITAGÜÍ","2013-10-29","","72.41312458"
"CASA DE JUSTICIA ITAGÜÍ","2013-10-28","","65.91186"
"CASA DE JUSTICIA ITAGÜÍ","2013-10-27","","71.31195583"
"CASA DE JUSTICIA ITAGÜÍ","2013-10-26","","66.17946208"
"CASA DE JUSTICIA ITAGÜÍ","2013-10-25","","69.39735625"
"CASA DE JUSTICIA ITAGÜÍ","2013-10-24","","71.85083875"
"CASA DE JUSTICIA ITAGÜÍ","2013-10-23","","74.2585825"
"CASA DE JUSTICIA ITAGÜÍ","2013-10-22","","75.80625792"
"CASA DE JUSTICIA ITAGÜÍ","2013-10-21","","74.29314625"
"CASA DE JUSTICIA ITAGÜÍ","2013-10-20","","63.773935"
"CASA DE JUSTICIA ITAGÜÍ","2013-10-19","","60.72291708"
"CASA DE JUSTICIA ITAGÜÍ","2013-10-18","","68.64505917"
"CASA DE JUSTICIA ITAGÜÍ","2013-10-17","","72.03784833"
"CASA DE JUSTICIA ITAGÜÍ","2013-10-16","","72.52384292"
"CASA DE JUSTICIA ITAGÜÍ","2013-10-15","","69.84388625"
"CASA DE JUSTICIA ITAGÜÍ","2013-10-14","","83.97357042"
"CASA DE JUSTICIA ITAGÜÍ","2013-10-13","","73.30189875"
"CASA DE JUSTICIA ITAGÜÍ","2013-10-12","","69.30942708"
"CASA DE JUSTICIA ITAGÜÍ","2013-10-11","","70.86721917"
"CASA DE JUSTICIA ITAGÜÍ","2013-10-10","","59.22080458"
"CASA DE JUSTICIA ITAGÜÍ","2013-10-09","","56.52681792"
"CASA DE JUSTICIA ITAGÜÍ","2013-10-08","","60.085885"
"CASA DE JUSTICIA ITAGÜÍ","2013-10-07","","60.59336833"
"CASA DE JUSTICIA ITAGÜÍ","2013-10-06","","57.37966917"
"CASA DE JUSTICIA ITAGÜÍ","2013-10-05","","60.61409667"
"CASA DE JUSTICIA ITAGÜÍ","2013-10-04","","73.06046375"
"CASA DE JUSTICIA ITAGÜÍ","2013-10-03","","72.87506958"
"CASA DE JUSTICIA ITAGÜÍ","2013-10-02","","68.05567708"
"CASA DE JUSTICIA ITAGÜÍ","2013-10-01","","70.41376041"
"CASA DE JUSTICIA ITAGÜÍ","2013-09-30","","74.63369083"
"CASA DE JUSTICIA ITAGÜÍ","2013-09-29","","73.11232625"
"CASA DE JUSTICIA ITAGÜÍ","2013-09-28","","73.82721708"
"CASA DE JUSTICIA ITAGÜÍ","2013-09-27","","72.5539975"
"CASA DE JUSTICIA ITAGÜÍ","2013-09-26","","70.49725958"
"CASA DE JUSTICIA ITAGÜÍ","2013-09-25","","59.41020125"
"CASA DE JUSTICIA ITAGÜÍ","2013-09-24","","58.8917375"
"CASA DE JUSTICIA ITAGÜÍ","2013-09-23","","54.54402167"
"CASA DE JUSTICIA ITAGÜÍ","2013-09-22","","57.33397042"
"CASA DE JUSTICIA ITAGÜÍ","2013-09-21","","56.18678208"
"CASA DE JUSTICIA ITAGÜÍ","2013-09-20","","54.65299208"
"CASA DE JUSTICIA ITAGÜÍ","2013-09-19","","60.91340833"
"CASA DE JUSTICIA ITAGÜÍ","2013-09-18","","63.05839"
"CASA DE JUSTICIA ITAGÜÍ","2013-09-17","","67.77593167"
"CASA DE JUSTICIA ITAGÜÍ","2013-09-16","","51.97349583"
"CASA DE JUSTICIA ITAGÜÍ","2013-09-15","","59.08133917"
"CASA DE JUSTICIA ITAGÜÍ","2013-09-14","","69.63364583"
"CASA DE JUSTICIA ITAGÜÍ","2013-09-13","","72.10817417"
"CASA DE JUSTICIA ITAGÜÍ","2013-09-12","","76.03108435"
"CASA DE JUSTICIA ITAGÜÍ","2013-09-11","","71.66120333"
"CASA DE JUSTICIA ITAGÜÍ","2013-09-10","","70.1942175"
"CASA DE JUSTICIA ITAGÜÍ","2013-09-09","","68.6417075"
"CASA DE JUSTICIA ITAGÜÍ","2013-09-08","","69.80346"
"CASA DE JUSTICIA ITAGÜÍ","2013-09-07","","76.07416792"
"CASA DE JUSTICIA ITAGÜÍ","2013-09-06","","79.67580417"
"CASA DE JUSTICIA ITAGÜÍ","2013-09-05","","72.039775"
"CASA DE JUSTICIA ITAGÜÍ","2013-09-04","","69.55864708"
"CASA DE JUSTICIA ITAGÜÍ","2013-09-03","","73.49659458"
"CASA DE JUSTICIA ITAGÜÍ","2013-09-02","","64.75241875"
"CASA DE JUSTICIA ITAGÜÍ","2013-09-01","","64.76722208"
"CASA DE JUSTICIA ITAGÜÍ","2013-08-31","","55.68525542"
"CASA DE JUSTICIA ITAGÜÍ","2013-08-30","","65.59043083"
"CASA DE JUSTICIA ITAGÜÍ","2013-08-29","","70.80559625"
"CASA DE JUSTICIA ITAGÜÍ","2013-08-28","","56.48946565"
"CASA DE JUSTICIA ITAGÜÍ","2013-08-27","","68.97350792"
"CASA DE JUSTICIA ITAGÜÍ","2013-08-26","","68.08717583"
"CASA DE JUSTICIA ITAGÜÍ","2013-08-25","","65.70166083"
"CASA DE JUSTICIA ITAGÜÍ","2013-08-24","","66.15873667"
"CASA DE JUSTICIA ITAGÜÍ","2013-08-23","","59.51735625"
"CASA DE JUSTICIA ITAGÜÍ","2013-08-22","","64.69353542"
"CASA DE JUSTICIA ITAGÜÍ","2013-08-21","","65.86793375"
"CASA DE JUSTICIA ITAGÜÍ","2013-08-20","","69.79559583"
"CASA DE JUSTICIA ITAGÜÍ","2013-08-19","","73.51457792"
"CASA DE JUSTICIA ITAGÜÍ","2013-08-18","","74.83222833"
"CASA DE JUSTICIA ITAGÜÍ","2013-08-17","","68.07974208"
"CASA DE JUSTICIA ITAGÜÍ","2013-08-16","","66.56308"
"CASA DE JUSTICIA ITAGÜÍ","2013-08-15","","60.17602875"
"CASA DE JUSTICIA ITAGÜÍ","2013-08-14","","60.64486125"
"CASA DE JUSTICIA ITAGÜÍ","2013-08-13","","79.966385"
"CASA DE JUSTICIA ITAGÜÍ","2013-08-12","","72.1621875"
"CASA DE JUSTICIA ITAGÜÍ","2013-08-11","","71.28170708"
"CASA DE JUSTICIA ITAGÜÍ","2013-08-10","","74.66214625"
"CASA DE JUSTICIA ITAGÜÍ","2013-08-09","","67.49664917"
"CASA DE JUSTICIA ITAGÜÍ","2013-08-08","","75.95292208"
"CASA DE JUSTICIA ITAGÜÍ","2013-08-07","","72.50980833"
"CASA DE JUSTICIA ITAGÜÍ","2013-08-06","","60.11235542"
"CASA DE JUSTICIA ITAGÜÍ","2013-08-05","","57.53972792"
"CASA DE JUSTICIA ITAGÜÍ","2013-08-04","","53.58415542"
"CASA DE JUSTICIA ITAGÜÍ","2013-08-03","","62.1181775"
"CASA DE JUSTICIA ITAGÜÍ","2013-08-02","","66.74345083"
"CASA DE JUSTICIA ITAGÜÍ","2013-08-01","","67.46103458"
"CASA DE JUSTICIA ITAGÜÍ","2013-07-31","","59.18714708"
"CASA DE JUSTICIA ITAGÜÍ","2013-07-30","","52.38312"
"CASA DE JUSTICIA ITAGÜÍ","2013-07-29","","45.05949583"
"CASA DE JUSTICIA ITAGÜÍ","2013-07-28","","46.45611042"
"CASA DE JUSTICIA ITAGÜÍ","2013-07-27","","55.16226458"
"CASA DE JUSTICIA ITAGÜÍ","2013-07-26","","60.95071833"
"CASA DE JUSTICIA ITAGÜÍ","2013-07-25","","51.96742458"
"CASA DE JUSTICIA ITAGÜÍ","2013-07-24","","52.61104125"
"CASA DE JUSTICIA ITAGÜÍ","2013-07-23","","56.88355875"
"CASA DE JUSTICIA ITAGÜÍ","2013-07-22","","65.07420208"
"CASA DE JUSTICIA ITAGÜÍ","2013-07-21","","56.27953625"
"CASA DE JUSTICIA ITAGÜÍ","2013-07-20","","62.62970458"
"CASA DE JUSTICIA ITAGÜÍ","2013-07-19","","66.32674875"
"CASA DE JUSTICIA ITAGÜÍ","2013-07-18","","57.09210083"
"CASA DE JUSTICIA ITAGÜÍ","2013-07-17","","52.33669042"
"CASA DE JUSTICIA ITAGÜÍ","2013-07-16","","55.7125975"
"CASA DE JUSTICIA ITAGÜÍ","2013-07-15","","63.50065333"
"CASA DE JUSTICIA ITAGÜÍ","2013-07-14","","59.49050333"
"CASA DE JUSTICIA ITAGÜÍ","2013-07-13","","59.39206042"
"CASA DE JUSTICIA ITAGÜÍ","2013-07-12","","60.01726375"
"CASA DE JUSTICIA ITAGÜÍ","2013-07-11","","60.42697917"
"CASA DE JUSTICIA ITAGÜÍ","2013-07-10","","65.04006917"
"CASA DE JUSTICIA ITAGÜÍ","2013-07-09","","61.94593625"
"CASA DE JUSTICIA ITAGÜÍ","2013-07-08","","59.04346083"
"CASA DE JUSTICIA ITAGÜÍ","2013-07-07","","63.36337375"
"CASA DE JUSTICIA ITAGÜÍ","2013-07-06","","64.79864042"
"CASA DE JUSTICIA ITAGÜÍ","2013-07-05","","68.88883375"
"CASA DE JUSTICIA ITAGÜÍ","2013-07-04","","67.27399375"
"CASA DE JUSTICIA ITAGÜÍ","2013-07-03","","68.88391167"
"CASA DE JUSTICIA ITAGÜÍ","2013-07-02","","63.19681542"
"CASA DE JUSTICIA ITAGÜÍ","2013-07-01","","73.381365"
"CASA DE JUSTICIA ITAGÜÍ","2013-06-30","","70.28607708"
"CASA DE JUSTICIA ITAGÜÍ","2013-06-29","","67.69861667"
"CASA DE JUSTICIA ITAGÜÍ","2013-06-28","","70.85299417"
"CASA DE JUSTICIA ITAGÜÍ","2013-06-27","","74.29458333"
"CASA DE JUSTICIA ITAGÜÍ","2013-06-26","","64.32005333"
"CASA DE JUSTICIA ITAGÜÍ","2013-06-25","","68.07347292"
"CASA DE JUSTICIA ITAGÜÍ","2013-06-24","","68.59436917"
"CASA DE JUSTICIA ITAGÜÍ","2013-06-23","","58.60885417"
"CASA DE JUSTICIA ITAGÜÍ","2013-06-22","","62.13740458"
"CASA DE JUSTICIA ITAGÜÍ","2013-06-21","","56.53564208"
"CASA DE JUSTICIA ITAGÜÍ","2013-06-20","","58.50106458"
"CASA DE JUSTICIA ITAGÜÍ","2013-06-19","","64.25208333"
"CASA DE JUSTICIA ITAGÜÍ","2013-06-18","","68.54376792"
"CASA DE JUSTICIA ITAGÜÍ","2013-06-17","","67.20509792"
"CASA DE JUSTICIA ITAGÜÍ","2013-06-16","","64.86688042"
"CASA DE JUSTICIA ITAGÜÍ","2013-06-15","","73.25973958"
"CASA DE JUSTICIA ITAGÜÍ","2013-06-14","","74.51563792"
"CASA DE JUSTICIA ITAGÜÍ","2013-06-13","","64.50843708"
"CASA DE JUSTICIA ITAGÜÍ","2013-06-12","","69.10333875"
"CASA DE JUSTICIA ITAGÜÍ","2013-06-11","","68.80956667"
"CASA DE JUSTICIA ITAGÜÍ","2013-06-10","","58.59619292"
"CASA DE JUSTICIA ITAGÜÍ","2013-06-09","","52.22975542"
"CASA DE JUSTICIA ITAGÜÍ","2013-06-08","","53.81381833"
"CASA DE JUSTICIA ITAGÜÍ","2013-06-07","","58.18940292"
"CASA DE JUSTICIA ITAGÜÍ","2013-06-06","","63.1774425"
"CASA DE JUSTICIA ITAGÜÍ","2013-06-05","","56.91912"
"CASA DE JUSTICIA ITAGÜÍ","2013-06-04","","52.26836083"
"CASA DE JUSTICIA ITAGÜÍ","2013-06-03","","61.5149"
"CASA DE JUSTICIA ITAGÜÍ","2013-06-02","","62.08086875"
"CASA DE JUSTICIA ITAGÜÍ","2013-06-01","","72.26910958"
"CASA DE JUSTICIA ITAGÜÍ","2013-05-31","","76.82773208"
"CASA DE JUSTICIA ITAGÜÍ","2013-05-30","","74.10318917"
"CASA DE JUSTICIA ITAGÜÍ","2013-05-29","","73.72877458"
"CASA DE JUSTICIA ITAGÜÍ","2013-05-28","","71.69366435"
"CASA DE JUSTICIA ITAGÜÍ","2013-05-27","","69.78876375"
"CASA DE JUSTICIA ITAGÜÍ","2013-05-26","","69.59342583"
"CASA DE JUSTICIA ITAGÜÍ","2013-05-25","","65.01322292"
"CASA DE JUSTICIA ITAGÜÍ","2013-05-24","","74.22762792"
"CASA DE JUSTICIA ITAGÜÍ","2013-05-23","","78.42362417"
"CASA DE JUSTICIA ITAGÜÍ","2013-05-22","","78.84651"
"CASA DE JUSTICIA ITAGÜÍ","2013-05-21","","79.72946792"
"CASA DE JUSTICIA ITAGÜÍ","2013-05-20","","74.02547792"
"CASA DE JUSTICIA ITAGÜÍ","2013-05-19","","67.537345"
"CASA DE JUSTICIA ITAGÜÍ","2013-05-18","","72.08732083"
"CASA DE JUSTICIA ITAGÜÍ","2013-05-17","","78.66877875"
"CASA DE JUSTICIA ITAGÜÍ","2013-05-16","","75.03252917"
"CASA DE JUSTICIA ITAGÜÍ","2013-05-15","","77.677905"
"CASA DE JUSTICIA ITAGÜÍ","2013-05-14","","73.819366"
"CASA DE JUSTICIA ITAGÜÍ","2013-05-13","","69.78352708"
"CASA DE JUSTICIA ITAGÜÍ","2013-05-12","","64.79886625"
"CASA DE JUSTICIA ITAGÜÍ","2013-05-11","","69.11409167"
"CASA DE JUSTICIA ITAGÜÍ","2013-05-10","","70.67409708"
"CASA DE JUSTICIA ITAGÜÍ","2013-05-09","","69.33743625"
"CASA DE JUSTICIA ITAGÜÍ","2013-05-08","","71.62726875"
"CASA DE JUSTICIA ITAGÜÍ","2013-05-07","","75.77577"
"CASA DE JUSTICIA ITAGÜÍ","2013-05-06","","67.78782875"
"CASA DE JUSTICIA ITAGÜÍ","2013-05-05","","75.95364583"
"CASA DE JUSTICIA ITAGÜÍ","2013-05-04","","69.35184625"
"CASA DE JUSTICIA ITAGÜÍ","2013-05-03","","70.95768958"
"CASA DE JUSTICIA ITAGÜÍ","2013-05-02","","74.45468167"
"CASA DE JUSTICIA ITAGÜÍ","2013-05-01","","75.822425"
"CASA DE JUSTICIA ITAGÜÍ","2013-04-30","","72.78311917"
"CASA DE JUSTICIA ITAGÜÍ","2013-04-29","","72.72582375"
"CASA DE JUSTICIA ITAGÜÍ","2013-04-28","","66.51417833"
"CASA DE JUSTICIA ITAGÜÍ","2013-04-27","","69.19875"
"CASA DE JUSTICIA ITAGÜÍ","2013-04-26","","68.7444025"
"CASA DE JUSTICIA ITAGÜÍ","2013-04-25","","66.287085"
"CASA DE JUSTICIA ITAGÜÍ","2013-04-24","","66.01111167"
"CASA DE JUSTICIA ITAGÜÍ","2013-04-23","","71.93026625"
"CASA DE JUSTICIA ITAGÜÍ","2013-04-22","","68.13999071"
"CASA DE JUSTICIA ITAGÜÍ","2013-04-18","","73.63153632"
"CASA DE JUSTICIA ITAGÜÍ","2013-04-17","","65.86057792"
"CASA DE JUSTICIA ITAGÜÍ","2013-04-16","","63.9664925"
"CASA DE JUSTICIA ITAGÜÍ","2013-04-15","","67.51240292"
"CASA DE JUSTICIA ITAGÜÍ","2013-04-14","","69.32759292"
"CASA DE JUSTICIA ITAGÜÍ","2013-04-13","","64.3706475"
"CASA DE JUSTICIA ITAGÜÍ","2013-04-12","","69.21329958"
"CASA DE JUSTICIA ITAGÜÍ","2013-04-11","","72.57543417"
"CASA DE JUSTICIA ITAGÜÍ","2013-04-10","","67.60860958"
"CASA DE JUSTICIA ITAGÜÍ","2013-04-09","","61.68636083"
"CASA DE JUSTICIA ITAGÜÍ","2013-04-08","","63.42355125"
"CASA DE JUSTICIA ITAGÜÍ","2013-04-07","","61.74583375"
"CASA DE JUSTICIA ITAGÜÍ","2013-04-06","","64.12242458"
"CASA DE JUSTICIA ITAGÜÍ","2013-04-05","","68.380178"
"CASA DE JUSTICIA ITAGÜÍ","2013-04-04","","63.44411417"
"CASA DE JUSTICIA ITAGÜÍ","2013-04-03","","66.1216425"
"CASA DE JUSTICIA ITAGÜÍ","2013-04-02","","67.79501208"
"CASA DE JUSTICIA ITAGÜÍ","2013-04-01","","57.75867667"
