"Estacion","Fecha inicial","Fecha final","RGlobal"
"CASA DE JUSTICIA ITAGÜÍ","2025-05-31","","84.33434783"
"CASA DE JUSTICIA ITAGÜÍ","2025-05-30","","64.97125"
"CASA DE JUSTICIA ITAGÜÍ","2025-05-29","","99.77708333"
"CASA DE JUSTICIA ITAGÜÍ","2025-05-28","","73.56041667"
"CASA DE JUSTICIA ITAGÜÍ","2025-05-27","","42.60541667"
"CASA DE JUSTICIA ITAGÜÍ","2025-05-26","","48.06791667"
"CASA DE JUSTICIA ITAGÜÍ","2025-05-25","","95.71"
"CASA DE JUSTICIA ITAGÜÍ","2025-05-24","","86.05083333"
"CASA DE JUSTICIA ITAGÜÍ","2025-05-23","","70.42666667"
"CASA DE JUSTICIA ITAGÜÍ","2025-05-22","","76.4225"
"CASA DE JUSTICIA ITAGÜÍ","2025-05-21","","75.35333333"
"CASA DE JUSTICIA ITAGÜÍ","2025-05-20","","61.58166667"
"CASA DE JUSTICIA ITAGÜÍ","2025-05-19","","86.61291667"
"CASA DE JUSTICIA ITAGÜÍ","2025-05-18","","56.56083333"
"CASA DE JUSTICIA ITAGÜÍ","2025-05-17","","62.67958333"
"CASA DE JUSTICIA ITAGÜÍ","2025-05-16","","53.75541667"
"CASA DE JUSTICIA ITAGÜÍ","2025-05-15","","51.24083333"
"CASA DE JUSTICIA ITAGÜÍ","2025-05-14","","47.94833333"
"CASA DE JUSTICIA ITAGÜÍ","2025-05-13","","45.30375"
"CASA DE JUSTICIA ITAGÜÍ","2025-05-12","","86.89916667"
"CASA DE JUSTICIA ITAGÜÍ","2025-05-11","","62.49958333"
"CASA DE JUSTICIA ITAGÜÍ","2025-05-10","","94.49708333"
"CASA DE JUSTICIA ITAGÜÍ","2025-05-09","","83.83458333"
"CASA DE JUSTICIA ITAGÜÍ","2025-05-08","","44.66916667"
"CASA DE JUSTICIA ITAGÜÍ","2025-05-07","","43.56041667"
"CASA DE JUSTICIA ITAGÜÍ","2025-05-06","","50.3675"
"CASA DE JUSTICIA ITAGÜÍ","2025-05-05","","53.53791667"
"CASA DE JUSTICIA ITAGÜÍ","2025-05-04","","49.74333333"
"CASA DE JUSTICIA ITAGÜÍ","2025-05-03","","70.75083333"
"CASA DE JUSTICIA ITAGÜÍ","2025-05-02","","47.95125"
"CASA DE JUSTICIA ITAGÜÍ","2025-05-01","","47.34708333"
"CASA DE JUSTICIA ITAGÜÍ","2025-04-30","","60.22086957"
"CASA DE JUSTICIA ITAGÜÍ","2025-04-29","","56.46875"
"CASA DE JUSTICIA ITAGÜÍ","2025-04-28","","62.46083333"
"CASA DE JUSTICIA ITAGÜÍ","2025-04-27","","74.93666667"
"CASA DE JUSTICIA ITAGÜÍ","2025-04-26","","77.03708333"
"CASA DE JUSTICIA ITAGÜÍ","2025-04-25","","70.73291667"
"CASA DE JUSTICIA ITAGÜÍ","2025-04-24","","80.69333333"
"CASA DE JUSTICIA ITAGÜÍ","2025-04-23","","92.20291667"
"CASA DE JUSTICIA ITAGÜÍ","2025-04-22","","56.33"
"CASA DE JUSTICIA ITAGÜÍ","2025-04-21","","54.11208333"
"CASA DE JUSTICIA ITAGÜÍ","2025-04-20","","70.01583333"
"CASA DE JUSTICIA ITAGÜÍ","2025-04-19","","84.46875"
"CASA DE JUSTICIA ITAGÜÍ","2025-04-18","","91.99791667"
"CASA DE JUSTICIA ITAGÜÍ","2025-04-17","","64.48541667"
"CASA DE JUSTICIA ITAGÜÍ","2025-04-16","","88.01625"
"CASA DE JUSTICIA ITAGÜÍ","2025-04-15","","77.845"
"CASA DE JUSTICIA ITAGÜÍ","2025-04-14","","107.11666667"
"CASA DE JUSTICIA ITAGÜÍ","2025-04-13","","107.2575"
"CASA DE JUSTICIA ITAGÜÍ","2025-04-12","","108.425"
"CASA DE JUSTICIA ITAGÜÍ","2025-04-11","","71.69583333"
"CASA DE JUSTICIA ITAGÜÍ","2025-04-10","","46.87833333"
"CASA DE JUSTICIA ITAGÜÍ","2025-04-09","","63.27416667"
"CASA DE JUSTICIA ITAGÜÍ","2025-04-08","","62.1375"
"CASA DE JUSTICIA ITAGÜÍ","2025-04-07","","98.25708333"
"CASA DE JUSTICIA ITAGÜÍ","2025-04-06","","50.5525"
"CASA DE JUSTICIA ITAGÜÍ","2025-04-05","","80.81916667"
"CASA DE JUSTICIA ITAGÜÍ","2025-04-04","","81.99583333"
"CASA DE JUSTICIA ITAGÜÍ","2025-04-03","","35.81333333"
"CASA DE JUSTICIA ITAGÜÍ","2025-04-02","","62.70416667"
"CASA DE JUSTICIA ITAGÜÍ","2025-04-01","","68.03833333"
"CASA DE JUSTICIA ITAGÜÍ","2025-03-31","","59.69217391"
"CASA DE JUSTICIA ITAGÜÍ","2025-03-30","","74.32208333"
"CASA DE JUSTICIA ITAGÜÍ","2025-03-29","","68.40333333"
"CASA DE JUSTICIA ITAGÜÍ","2025-03-28","","40.21916667"
"CASA DE JUSTICIA ITAGÜÍ","2025-03-27","","75.79916667"
"CASA DE JUSTICIA ITAGÜÍ","2025-03-26","","80.40875"
"CASA DE JUSTICIA ITAGÜÍ","2025-03-25","","54.67458333"
"CASA DE JUSTICIA ITAGÜÍ","2025-03-24","","85.08666667"
"CASA DE JUSTICIA ITAGÜÍ","2025-03-23","","93.17625"
"CASA DE JUSTICIA ITAGÜÍ","2025-03-22","","90.49958333"
"CASA DE JUSTICIA ITAGÜÍ","2025-03-21","","92.45375"
"CASA DE JUSTICIA ITAGÜÍ","2025-03-20","","85.70958333"
"CASA DE JUSTICIA ITAGÜÍ","2025-03-19","","104.21958333"
"CASA DE JUSTICIA ITAGÜÍ","2025-03-18","","73.51208333"
"CASA DE JUSTICIA ITAGÜÍ","2025-03-17","","75.49916667"
"CASA DE JUSTICIA ITAGÜÍ","2025-03-16","","106.26916667"
"CASA DE JUSTICIA ITAGÜÍ","2025-03-15","","81.21958333"
"CASA DE JUSTICIA ITAGÜÍ","2025-03-14","","74.33875"
"CASA DE JUSTICIA ITAGÜÍ","2025-03-13","","88.99541667"
"CASA DE JUSTICIA ITAGÜÍ","2025-03-12","","67.14416667"
"CASA DE JUSTICIA ITAGÜÍ","2025-03-11","","70.29541667"
"CASA DE JUSTICIA ITAGÜÍ","2025-03-10","","86.49583333"
"CASA DE JUSTICIA ITAGÜÍ","2025-03-09","","93.55791667"
"CASA DE JUSTICIA ITAGÜÍ","2025-03-08","","91.2075"
"CASA DE JUSTICIA ITAGÜÍ","2025-03-07","","47.95208333"
"CASA DE JUSTICIA ITAGÜÍ","2025-03-06","","68.31833333"
"CASA DE JUSTICIA ITAGÜÍ","2025-03-05","","56.97125"
"CASA DE JUSTICIA ITAGÜÍ","2025-03-04","","59.34"
"CASA DE JUSTICIA ITAGÜÍ","2025-03-03","","69.41708333"
"CASA DE JUSTICIA ITAGÜÍ","2025-03-02","","103.1825"
"CASA DE JUSTICIA ITAGÜÍ","2025-03-01","","85.02826087"
"CASA DE JUSTICIA ITAGÜÍ","2025-02-28","","81.19913043"
"CASA DE JUSTICIA ITAGÜÍ","2025-02-27","","75.38125"
"CASA DE JUSTICIA ITAGÜÍ","2025-02-26","","79.44916667"
"CASA DE JUSTICIA ITAGÜÍ","2025-02-25","","61.68208333"
"CASA DE JUSTICIA ITAGÜÍ","2025-02-24","","106.3"
"CASA DE JUSTICIA ITAGÜÍ","2025-02-22","","94.19666667"
"CASA DE JUSTICIA ITAGÜÍ","2025-02-21","","66.79434783"
"CASA DE JUSTICIA ITAGÜÍ","2025-02-20","","83.68625"
"CASA DE JUSTICIA ITAGÜÍ","2025-02-19","","65.74"
"CASA DE JUSTICIA ITAGÜÍ","2025-02-18","","71.94875"
"CASA DE JUSTICIA ITAGÜÍ","2025-02-17","","77.735"
"CASA DE JUSTICIA ITAGÜÍ","2025-02-16","","67.21041667"
"CASA DE JUSTICIA ITAGÜÍ","2025-02-15","","84.94708333"
"CASA DE JUSTICIA ITAGÜÍ","2025-02-14","","66.20583333"
"CASA DE JUSTICIA ITAGÜÍ","2025-02-13","","66.51166667"
"CASA DE JUSTICIA ITAGÜÍ","2025-02-12","","75.435"
"CASA DE JUSTICIA ITAGÜÍ","2025-02-11","","36.53916667"
"CASA DE JUSTICIA ITAGÜÍ","2025-02-10","","79.83791667"
"CASA DE JUSTICIA ITAGÜÍ","2025-02-09","","29.80958333"
"CASA DE JUSTICIA ITAGÜÍ","2025-02-08","","42.47375"
"CASA DE JUSTICIA ITAGÜÍ","2025-02-07","","83.77125"
"CASA DE JUSTICIA ITAGÜÍ","2025-02-06","","64.12166667"
"CASA DE JUSTICIA ITAGÜÍ","2025-02-05","","28.43833333"
"CASA DE JUSTICIA ITAGÜÍ","2025-02-04","","54.75217391"
"CASA DE JUSTICIA ITAGÜÍ","2025-02-03","","73.16041667"
"CASA DE JUSTICIA ITAGÜÍ","2025-02-02","","83.31041667"
"CASA DE JUSTICIA ITAGÜÍ","2025-02-01","","67.25166667"
"CASA DE JUSTICIA ITAGÜÍ","2025-01-31","","103.39"
"CASA DE JUSTICIA ITAGÜÍ","2025-01-30","","102.61"
"CASA DE JUSTICIA ITAGÜÍ","2025-01-29","","93.98208333"
"CASA DE JUSTICIA ITAGÜÍ","2025-01-28","","93.4325"
"CASA DE JUSTICIA ITAGÜÍ","2025-01-27","","70.63791667"
"CASA DE JUSTICIA ITAGÜÍ","2025-01-26","","63.70666667"
"CASA DE JUSTICIA ITAGÜÍ","2025-01-25","","66.56375"
"CASA DE JUSTICIA ITAGÜÍ","2025-01-24","","37.22833333"
"CASA DE JUSTICIA ITAGÜÍ","2025-01-23","","92.74708333"
"CASA DE JUSTICIA ITAGÜÍ","2025-01-22","","90.55583333"
"CASA DE JUSTICIA ITAGÜÍ","2025-01-21","","84.49958333"
"CASA DE JUSTICIA ITAGÜÍ","2025-01-20","","97.2825"
"CASA DE JUSTICIA ITAGÜÍ","2025-01-19","","76.48416667"
"CASA DE JUSTICIA ITAGÜÍ","2025-01-18","","100.72416667"
"CASA DE JUSTICIA ITAGÜÍ","2025-01-17","","87.45166667"
"CASA DE JUSTICIA ITAGÜÍ","2025-01-16","","96.80625"
"CASA DE JUSTICIA ITAGÜÍ","2025-01-15","","101.97916667"
"CASA DE JUSTICIA ITAGÜÍ","2025-01-14","","97.71583333"
"CASA DE JUSTICIA ITAGÜÍ","2025-01-13","","104.70666667"
"CASA DE JUSTICIA ITAGÜÍ","2025-01-12","","94.58541667"
"CASA DE JUSTICIA ITAGÜÍ","2025-01-11","","87.9975"
"CASA DE JUSTICIA ITAGÜÍ","2025-01-10","","76.295"
"CASA DE JUSTICIA ITAGÜÍ","2025-01-09","","80.18666667"
"CASA DE JUSTICIA ITAGÜÍ","2025-01-08","","81.35833333"
"CASA DE JUSTICIA ITAGÜÍ","2025-01-07","","83.3825"
"CASA DE JUSTICIA ITAGÜÍ","2025-01-06","","85.27083333"
"CASA DE JUSTICIA ITAGÜÍ","2025-01-05","","70.55375"
"CASA DE JUSTICIA ITAGÜÍ","2025-01-04","","59.66083333"
"CASA DE JUSTICIA ITAGÜÍ","2025-01-03","","37.01541667"
"CASA DE JUSTICIA ITAGÜÍ","2025-01-02","","70.69958333"
"CASA DE JUSTICIA ITAGÜÍ","2025-01-01","","52.44166667"
"CASA DE JUSTICIA ITAGÜÍ","2024-12-31","","80.48086957"
"CASA DE JUSTICIA ITAGÜÍ","2024-12-30","","30.84625"
"CASA DE JUSTICIA ITAGÜÍ","2024-12-29","","59.47666667"
"CASA DE JUSTICIA ITAGÜÍ","2024-12-28","","58.1675"
"CASA DE JUSTICIA ITAGÜÍ","2024-12-27","","45.80708333"
"CASA DE JUSTICIA ITAGÜÍ","2024-12-26","","74.27833333"
"CASA DE JUSTICIA ITAGÜÍ","2024-12-25","","61.01958333"
"CASA DE JUSTICIA ITAGÜÍ","2024-12-24","","85.55583333"
"CASA DE JUSTICIA ITAGÜÍ","2024-12-23","","64.53666667"
"CASA DE JUSTICIA ITAGÜÍ","2024-12-22","","92.34125"
"CASA DE JUSTICIA ITAGÜÍ","2024-12-21","","53.64416667"
"CASA DE JUSTICIA ITAGÜÍ","2024-12-20","","73.50708333"
"CASA DE JUSTICIA ITAGÜÍ","2024-12-19","","42.26458333"
"CASA DE JUSTICIA ITAGÜÍ","2024-12-18","","70.07166667"
"CASA DE JUSTICIA ITAGÜÍ","2024-12-17","","74.32833333"
"CASA DE JUSTICIA ITAGÜÍ","2024-12-16","","39.12"
"CASA DE JUSTICIA ITAGÜÍ","2024-12-15","","83.98583333"
"CASA DE JUSTICIA ITAGÜÍ","2024-12-14","","65.70416667"
"CASA DE JUSTICIA ITAGÜÍ","2024-12-13","","77.31666667"
"CASA DE JUSTICIA ITAGÜÍ","2024-12-12","","79.65375"
"CASA DE JUSTICIA ITAGÜÍ","2024-12-11","","74.67791667"
"CASA DE JUSTICIA ITAGÜÍ","2024-12-10","","78.33333333"
"CASA DE JUSTICIA ITAGÜÍ","2024-12-09","","77.82916667"
"CASA DE JUSTICIA ITAGÜÍ","2024-12-08","","100.27347826"
"CASA DE JUSTICIA ITAGÜÍ","2024-12-07","","71.67166667"
"CASA DE JUSTICIA ITAGÜÍ","2024-12-06","","78.86958333"
"CASA DE JUSTICIA ITAGÜÍ","2024-12-05","","92.39083333"
"CASA DE JUSTICIA ITAGÜÍ","2024-12-04","","85.50875"
"CASA DE JUSTICIA ITAGÜÍ","2024-12-03","","74.55208333"
"CASA DE JUSTICIA ITAGÜÍ","2024-12-02","","78.6125"
"CASA DE JUSTICIA ITAGÜÍ","2024-12-01","","84.86291667"
"CASA DE JUSTICIA ITAGÜÍ","2024-11-30","","106.87086957"
"CASA DE JUSTICIA ITAGÜÍ","2024-11-29","","62.595"
"CASA DE JUSTICIA ITAGÜÍ","2024-11-28","","73.51916667"
"CASA DE JUSTICIA ITAGÜÍ","2024-11-27","","76.53416667"
"CASA DE JUSTICIA ITAGÜÍ","2024-11-26","","77.05916667"
"CASA DE JUSTICIA ITAGÜÍ","2024-11-25","","87.60958333"
"CASA DE JUSTICIA ITAGÜÍ","2024-11-24","","62.15217391"
"CASA DE JUSTICIA ITAGÜÍ","2024-11-23","","63.06333333"
"CASA DE JUSTICIA ITAGÜÍ","2024-11-22","","51.19541667"
"CASA DE JUSTICIA ITAGÜÍ","2024-11-21","","58.56333333"
"CASA DE JUSTICIA ITAGÜÍ","2024-11-20","","72.13416667"
"CASA DE JUSTICIA ITAGÜÍ","2024-11-19","","72.85583333"
"CASA DE JUSTICIA ITAGÜÍ","2024-11-18","","80.09583333"
"CASA DE JUSTICIA ITAGÜÍ","2024-11-17","","68.31958333"
"CASA DE JUSTICIA ITAGÜÍ","2024-11-16","","36.10916667"
"CASA DE JUSTICIA ITAGÜÍ","2024-11-15","","53.55875"
"CASA DE JUSTICIA ITAGÜÍ","2024-11-14","","54.92583333"
"CASA DE JUSTICIA ITAGÜÍ","2024-11-13","","71.57583333"
"CASA DE JUSTICIA ITAGÜÍ","2024-11-12","","83.24875"
"CASA DE JUSTICIA ITAGÜÍ","2024-11-11","","63.51125"
"CASA DE JUSTICIA ITAGÜÍ","2024-11-10","","72.78708333"
"CASA DE JUSTICIA ITAGÜÍ","2024-11-09","","86.54958333"
"CASA DE JUSTICIA ITAGÜÍ","2024-11-08","","29.2375"
"CASA DE JUSTICIA ITAGÜÍ","2024-11-07","","76.35375"
"CASA DE JUSTICIA ITAGÜÍ","2024-11-06","","104.86208333"
"CASA DE JUSTICIA ITAGÜÍ","2024-11-05","","97.08583333"
"CASA DE JUSTICIA ITAGÜÍ","2024-11-04","","61.04333333"
"CASA DE JUSTICIA ITAGÜÍ","2024-11-03","","75.36826087"
"CASA DE JUSTICIA ITAGÜÍ","2024-11-02","","93.11"
"CASA DE JUSTICIA ITAGÜÍ","2024-11-01","","46.18125"
"CASA DE JUSTICIA ITAGÜÍ","2024-10-31","","79.92"
"CASA DE JUSTICIA ITAGÜÍ","2024-10-30","","68.45416667"
"CASA DE JUSTICIA ITAGÜÍ","2024-10-29","","74.60958333"
"CASA DE JUSTICIA ITAGÜÍ","2024-10-28","","67.10125"
"CASA DE JUSTICIA ITAGÜÍ","2024-10-27","","62.86478261"
"CASA DE JUSTICIA ITAGÜÍ","2024-10-26","","83.20041667"
"CASA DE JUSTICIA ITAGÜÍ","2024-10-25","","117.72166667"
"CASA DE JUSTICIA ITAGÜÍ","2024-10-24","","65.77869565"
"CASA DE JUSTICIA ITAGÜÍ","2024-10-23","","75.14166667"
"CASA DE JUSTICIA ITAGÜÍ","2024-10-22","","62.11875"
"CASA DE JUSTICIA ITAGÜÍ","2024-10-21","","105.96692308"
"CASA DE JUSTICIA ITAGÜÍ","2024-10-18","","141.29928571"
"CASA DE JUSTICIA ITAGÜÍ","2024-10-17","","83.2625"
"CASA DE JUSTICIA ITAGÜÍ","2024-10-16","","78.50458333"
"CASA DE JUSTICIA ITAGÜÍ","2024-10-15","","71.87541667"
"CASA DE JUSTICIA ITAGÜÍ","2024-10-14","","79.25458333"
"CASA DE JUSTICIA ITAGÜÍ","2024-10-13","","89.11083333"
"CASA DE JUSTICIA ITAGÜÍ","2024-10-12","","115.2975"
"CASA DE JUSTICIA ITAGÜÍ","2024-10-11","","111.9275"
"CASA DE JUSTICIA ITAGÜÍ","2024-10-10","","46.01458333"
"CASA DE JUSTICIA ITAGÜÍ","2024-10-09","","97.40916667"
"CASA DE JUSTICIA ITAGÜÍ","2024-10-08","","58.80541667"
"CASA DE JUSTICIA ITAGÜÍ","2024-10-07","","61.94666667"
"CASA DE JUSTICIA ITAGÜÍ","2024-10-06","","55.62958333"
"CASA DE JUSTICIA ITAGÜÍ","2024-10-05","","94.495"
"CASA DE JUSTICIA ITAGÜÍ","2024-10-04","","85.98833333"
"CASA DE JUSTICIA ITAGÜÍ","2024-10-03","","116.95166667"
"CASA DE JUSTICIA ITAGÜÍ","2024-10-02","","86.24083333"
"CASA DE JUSTICIA ITAGÜÍ","2024-10-01","","71.03583333"
"CASA DE JUSTICIA ITAGÜÍ","2024-09-30","","82.22782609"
"CASA DE JUSTICIA ITAGÜÍ","2024-09-29","","82.3025"
"CASA DE JUSTICIA ITAGÜÍ","2024-09-28","","80.09916667"
"CASA DE JUSTICIA ITAGÜÍ","2024-09-27","","91.45833333"
"CASA DE JUSTICIA ITAGÜÍ","2024-09-26","","89.13583333"
"CASA DE JUSTICIA ITAGÜÍ","2024-09-25","","64.58791667"
"CASA DE JUSTICIA ITAGÜÍ","2024-09-24","","98.28"
"CASA DE JUSTICIA ITAGÜÍ","2024-09-23","","67.96708333"
"CASA DE JUSTICIA ITAGÜÍ","2024-09-22","","59.885"
"CASA DE JUSTICIA ITAGÜÍ","2024-09-21","","80.47416667"
"CASA DE JUSTICIA ITAGÜÍ","2024-09-20","","79.24208333"
"CASA DE JUSTICIA ITAGÜÍ","2024-09-19","","87.735"
"CASA DE JUSTICIA ITAGÜÍ","2024-09-18","","118.89791667"
"CASA DE JUSTICIA ITAGÜÍ","2024-09-17","","102.84708333"
"CASA DE JUSTICIA ITAGÜÍ","2024-09-16","","89.07875"
"CASA DE JUSTICIA ITAGÜÍ","2024-09-15","","111.96541667"
"CASA DE JUSTICIA ITAGÜÍ","2024-09-14","","89.60833333"
"CASA DE JUSTICIA ITAGÜÍ","2024-09-13","","91.09541667"
"CASA DE JUSTICIA ITAGÜÍ","2024-09-12","","79.77458333"
"CASA DE JUSTICIA ITAGÜÍ","2024-09-11","","102.71458333"
"CASA DE JUSTICIA ITAGÜÍ","2024-09-10","","69.93666667"
"CASA DE JUSTICIA ITAGÜÍ","2024-09-09","","124.28458333"
"CASA DE JUSTICIA ITAGÜÍ","2024-09-08","","97.39791667"
"CASA DE JUSTICIA ITAGÜÍ","2024-09-07","","95.985"
"CASA DE JUSTICIA ITAGÜÍ","2024-09-06","","112.78125"
"CASA DE JUSTICIA ITAGÜÍ","2024-09-05","","110.03083333"
"CASA DE JUSTICIA ITAGÜÍ","2024-09-04","","106.65583333"
"CASA DE JUSTICIA ITAGÜÍ","2024-09-03","","90.97958333"
"CASA DE JUSTICIA ITAGÜÍ","2024-09-02","","109.88125"
"CASA DE JUSTICIA ITAGÜÍ","2024-09-01","","81.06916667"
"CASA DE JUSTICIA ITAGÜÍ","2024-08-31","","103.8573913"
"CASA DE JUSTICIA ITAGÜÍ","2024-08-30","","122.81958333"
"CASA DE JUSTICIA ITAGÜÍ","2024-08-29","","81.30458333"
"CASA DE JUSTICIA ITAGÜÍ","2024-08-28","","110.78041667"
"CASA DE JUSTICIA ITAGÜÍ","2024-08-27","","116.33166667"
"CASA DE JUSTICIA ITAGÜÍ","2024-08-26","","69.68458333"
"CASA DE JUSTICIA ITAGÜÍ","2024-08-25","","79.79583333"
"CASA DE JUSTICIA ITAGÜÍ","2024-08-24","","86.59"
"CASA DE JUSTICIA ITAGÜÍ","2024-08-23","","107.71625"
"CASA DE JUSTICIA ITAGÜÍ","2024-08-22","","88.39"
"CASA DE JUSTICIA ITAGÜÍ","2024-08-21","","95.75958333"
"CASA DE JUSTICIA ITAGÜÍ","2024-08-20","","79.09458333"
"CASA DE JUSTICIA ITAGÜÍ","2024-08-19","","95.73"
"CASA DE JUSTICIA ITAGÜÍ","2024-08-18","","125.46125"
"CASA DE JUSTICIA ITAGÜÍ","2024-08-17","","105.83916667"
"CASA DE JUSTICIA ITAGÜÍ","2024-08-16","","84.05791667"
"CASA DE JUSTICIA ITAGÜÍ","2024-08-15","","118.75916667"
"CASA DE JUSTICIA ITAGÜÍ","2024-08-14","","117.6575"
"CASA DE JUSTICIA ITAGÜÍ","2024-08-13","","92.42708333"
"CASA DE JUSTICIA ITAGÜÍ","2024-08-12","","113.425"
"CASA DE JUSTICIA ITAGÜÍ","2024-08-11","","95.03041667"
"CASA DE JUSTICIA ITAGÜÍ","2024-08-10","","93.415"
"CASA DE JUSTICIA ITAGÜÍ","2024-08-09","","69.585"
"CASA DE JUSTICIA ITAGÜÍ","2024-08-08","","76.61125"
"CASA DE JUSTICIA ITAGÜÍ","2024-08-07","","74.39708333"
"CASA DE JUSTICIA ITAGÜÍ","2024-08-06","","67.29875"
"CASA DE JUSTICIA ITAGÜÍ","2024-08-05","","82.50458333"
"CASA DE JUSTICIA ITAGÜÍ","2024-08-04","","78.52208333"
"CASA DE JUSTICIA ITAGÜÍ","2024-08-03","","89.95708333"
"CASA DE JUSTICIA ITAGÜÍ","2024-08-02","","115.38375"
"CASA DE JUSTICIA ITAGÜÍ","2024-08-01","","95.67625"
"CASA DE JUSTICIA ITAGÜÍ","2024-07-31","","107.15043478"
"CASA DE JUSTICIA ITAGÜÍ","2024-07-30","","82.38333333"
"CASA DE JUSTICIA ITAGÜÍ","2024-07-29","","120.72625"
"CASA DE JUSTICIA ITAGÜÍ","2024-07-28","","97.89833333"
"CASA DE JUSTICIA ITAGÜÍ","2024-07-27","","82.31416667"
"CASA DE JUSTICIA ITAGÜÍ","2024-07-26","","83.67916667"
"CASA DE JUSTICIA ITAGÜÍ","2024-07-25","","64.47583333"
"CASA DE JUSTICIA ITAGÜÍ","2024-07-24","","115.54416667"
"CASA DE JUSTICIA ITAGÜÍ","2024-07-23","","86.72958333"
"CASA DE JUSTICIA ITAGÜÍ","2024-07-22","","96.29208333"
"CASA DE JUSTICIA ITAGÜÍ","2024-07-21","","97.55708333"
"CASA DE JUSTICIA ITAGÜÍ","2024-07-20","","100.73333333"
"CASA DE JUSTICIA ITAGÜÍ","2024-07-19","","95.205"
"CASA DE JUSTICIA ITAGÜÍ","2024-07-18","","90.59583333"
"CASA DE JUSTICIA ITAGÜÍ","2024-07-17","","91.19458333"
"CASA DE JUSTICIA ITAGÜÍ","2024-07-16","","100.69041667"
"CASA DE JUSTICIA ITAGÜÍ","2024-07-15","","81.28791667"
"CASA DE JUSTICIA ITAGÜÍ","2024-07-14","","97.31291667"
"CASA DE JUSTICIA ITAGÜÍ","2024-07-13","","106.93833333"
"CASA DE JUSTICIA ITAGÜÍ","2024-07-12","","88.20958333"
"CASA DE JUSTICIA ITAGÜÍ","2024-07-11","","89.33625"
"CASA DE JUSTICIA ITAGÜÍ","2024-07-10","","86.59458333"
"CASA DE JUSTICIA ITAGÜÍ","2024-07-09","","86.26333333"
"CASA DE JUSTICIA ITAGÜÍ","2024-07-08","","117.98833333"
"CASA DE JUSTICIA ITAGÜÍ","2024-07-07","","92.25916667"
"CASA DE JUSTICIA ITAGÜÍ","2024-07-06","","92.4975"
"CASA DE JUSTICIA ITAGÜÍ","2024-07-05","","33.22958333"
"CASA DE JUSTICIA ITAGÜÍ","2024-07-04","","48.60166667"
"CASA DE JUSTICIA ITAGÜÍ","2024-07-03","","76.45166667"
"CASA DE JUSTICIA ITAGÜÍ","2024-07-02","","62.5775"
"CASA DE JUSTICIA ITAGÜÍ","2024-07-01","","105.89083333"
"CASA DE JUSTICIA ITAGÜÍ","2024-06-30","","99.10826087"
"CASA DE JUSTICIA ITAGÜÍ","2024-06-29","","89.11125"
"CASA DE JUSTICIA ITAGÜÍ","2024-06-28","","57.45958333"
"CASA DE JUSTICIA ITAGÜÍ","2024-06-27","","60.0175"
"CASA DE JUSTICIA ITAGÜÍ","2024-06-26","","66.31083333"
"CASA DE JUSTICIA ITAGÜÍ","2024-06-25","","83.08958333"
"CASA DE JUSTICIA ITAGÜÍ","2024-06-24","","86.24875"
"CASA DE JUSTICIA ITAGÜÍ","2024-06-23","","78.60833333"
"CASA DE JUSTICIA ITAGÜÍ","2024-06-22","","65.55625"
"CASA DE JUSTICIA ITAGÜÍ","2024-06-21","","89.54291667"
"CASA DE JUSTICIA ITAGÜÍ","2024-06-20","","93.2675"
"CASA DE JUSTICIA ITAGÜÍ","2024-06-19","","65.3925"
"CASA DE JUSTICIA ITAGÜÍ","2024-06-18","","82.29583333"
"CASA DE JUSTICIA ITAGÜÍ","2024-06-17","","110.32"
"CASA DE JUSTICIA ITAGÜÍ","2024-06-16","","65.37083333"
"CASA DE JUSTICIA ITAGÜÍ","2024-06-15","","78.75583333"
"CASA DE JUSTICIA ITAGÜÍ","2024-06-14","","53.10416667"
"CASA DE JUSTICIA ITAGÜÍ","2024-06-13","","89.4725"
"CASA DE JUSTICIA ITAGÜÍ","2024-06-12","","99.58208333"
"CASA DE JUSTICIA ITAGÜÍ","2024-06-11","","76.21333333"
"CASA DE JUSTICIA ITAGÜÍ","2024-06-10","","91.89291667"
"CASA DE JUSTICIA ITAGÜÍ","2024-06-09","","75.95166667"
"CASA DE JUSTICIA ITAGÜÍ","2024-06-08","","84.68208333"
"CASA DE JUSTICIA ITAGÜÍ","2024-06-07","","80.48041667"
"CASA DE JUSTICIA ITAGÜÍ","2024-06-06","","64.81375"
"CASA DE JUSTICIA ITAGÜÍ","2024-06-05","","68.6825"
"CASA DE JUSTICIA ITAGÜÍ","2024-06-04","","53.10625"
"CASA DE JUSTICIA ITAGÜÍ","2024-06-03","","88.57958333"
"CASA DE JUSTICIA ITAGÜÍ","2024-06-02","","83.24208333"
"CASA DE JUSTICIA ITAGÜÍ","2024-06-01","","115.36541667"
"CASA DE JUSTICIA ITAGÜÍ","2024-04-30","","89.83181818"
"CASA DE JUSTICIA ITAGÜÍ","2024-04-29","","84.94041667"
"CASA DE JUSTICIA ITAGÜÍ","2024-04-28","","44.7425"
"CASA DE JUSTICIA ITAGÜÍ","2024-04-27","","94.95458333"
"CASA DE JUSTICIA ITAGÜÍ","2024-04-26","","55.38458333"
"CASA DE JUSTICIA ITAGÜÍ","2024-04-25","","82.07291667"
"CASA DE JUSTICIA ITAGÜÍ","2024-04-24","","111.755"
"CASA DE JUSTICIA ITAGÜÍ","2024-04-23","","89.2675"
"CASA DE JUSTICIA ITAGÜÍ","2024-04-22","","39.95166667"
"CASA DE JUSTICIA ITAGÜÍ","2024-04-21","","76.67458333"
"CASA DE JUSTICIA ITAGÜÍ","2024-04-20","","94.03083333"
"CASA DE JUSTICIA ITAGÜÍ","2024-04-19","","48.73416667"
"CASA DE JUSTICIA ITAGÜÍ","2024-04-18","","68.10083333"
"CASA DE JUSTICIA ITAGÜÍ","2024-04-17","","49.35833333"
"CASA DE JUSTICIA ITAGÜÍ","2024-04-16","","89.66958333"
"CASA DE JUSTICIA ITAGÜÍ","2024-04-15","","77.5325"
"CASA DE JUSTICIA ITAGÜÍ","2024-04-14","","86.8525"
"CASA DE JUSTICIA ITAGÜÍ","2024-04-13","","108.46208333"
"CASA DE JUSTICIA ITAGÜÍ","2024-04-12","","118.00291667"
"CASA DE JUSTICIA ITAGÜÍ","2024-04-11","","98.39208333"
"CASA DE JUSTICIA ITAGÜÍ","2024-04-10","","137.28458333"
"CASA DE JUSTICIA ITAGÜÍ","2024-04-09","","107.92125"
"CASA DE JUSTICIA ITAGÜÍ","2024-04-08","","91.4175"
"CASA DE JUSTICIA ITAGÜÍ","2024-04-07","","112.395"
"CASA DE JUSTICIA ITAGÜÍ","2024-04-06","","87.63"
"CASA DE JUSTICIA ITAGÜÍ","2024-04-05","","117.04666667"
"CASA DE JUSTICIA ITAGÜÍ","2024-04-04","","49.57708333"
"CASA DE JUSTICIA ITAGÜÍ","2024-04-03","","84.23291667"
"CASA DE JUSTICIA ITAGÜÍ","2024-04-02","","56.99333333"
"CASA DE JUSTICIA ITAGÜÍ","2024-04-01","","107.88625"
"CASA DE JUSTICIA ITAGÜÍ","2024-03-31","","52.03"
"CASA DE JUSTICIA ITAGÜÍ","2024-03-30","","97.90458333"
"CASA DE JUSTICIA ITAGÜÍ","2024-03-29","","98.62291667"
"CASA DE JUSTICIA ITAGÜÍ","2024-03-28","","113.8875"
"CASA DE JUSTICIA ITAGÜÍ","2024-03-27","","47.40125"
"CASA DE JUSTICIA ITAGÜÍ","2024-03-26","","118.25958333"
"CASA DE JUSTICIA ITAGÜÍ","2024-03-25","","117.48666667"
"CASA DE JUSTICIA ITAGÜÍ","2024-03-24","","100.0425"
"CASA DE JUSTICIA ITAGÜÍ","2024-03-23","","98.135"
"CASA DE JUSTICIA ITAGÜÍ","2024-03-22","","120.71"
"CASA DE JUSTICIA ITAGÜÍ","2024-03-21","","89.55291667"
"CASA DE JUSTICIA ITAGÜÍ","2024-03-20","","73.53166667"
"CASA DE JUSTICIA ITAGÜÍ","2024-03-19","","78.3425"
"CASA DE JUSTICIA ITAGÜÍ","2024-03-18","","131.1925"
"CASA DE JUSTICIA ITAGÜÍ","2024-03-17","","59.48875"
"CASA DE JUSTICIA ITAGÜÍ","2024-03-16","","103.96375"
"CASA DE JUSTICIA ITAGÜÍ","2024-03-15","","106.1925"
"CASA DE JUSTICIA ITAGÜÍ","2024-03-14","","101.40875"
"CASA DE JUSTICIA ITAGÜÍ","2024-03-13","","71.26375"
"CASA DE JUSTICIA ITAGÜÍ","2024-03-12","","107.5075"
"CASA DE JUSTICIA ITAGÜÍ","2024-03-11","","68.995"
"CASA DE JUSTICIA ITAGÜÍ","2024-03-10","","136.89375"
"CASA DE JUSTICIA ITAGÜÍ","2024-03-09","","54.3825"
"CASA DE JUSTICIA ITAGÜÍ","2024-03-08","","94.59"
"CASA DE JUSTICIA ITAGÜÍ","2024-03-07","","115.62666667"
"CASA DE JUSTICIA ITAGÜÍ","2024-03-06","","79.12125"
"CASA DE JUSTICIA ITAGÜÍ","2024-03-05","","87.94958333"
"CASA DE JUSTICIA ITAGÜÍ","2024-03-04","","107.93541667"
"CASA DE JUSTICIA ITAGÜÍ","2024-03-03","","102.03041667"
"CASA DE JUSTICIA ITAGÜÍ","2024-03-02","","117.51416667"
"CASA DE JUSTICIA ITAGÜÍ","2024-03-01","","90.58666667"
"CASA DE JUSTICIA ITAGÜÍ","2024-02-29","","108.87608696"
"CASA DE JUSTICIA ITAGÜÍ","2024-02-28","","119.575"
"CASA DE JUSTICIA ITAGÜÍ","2024-02-27","","106.92541667"
"CASA DE JUSTICIA ITAGÜÍ","2024-02-26","","113.04791667"
"CASA DE JUSTICIA ITAGÜÍ","2024-02-25","","82.8775"
"CASA DE JUSTICIA ITAGÜÍ","2024-02-24","","103.9875"
"CASA DE JUSTICIA ITAGÜÍ","2024-02-23","","113.52708333"
"CASA DE JUSTICIA ITAGÜÍ","2024-02-22","","101.89208333"
"CASA DE JUSTICIA ITAGÜÍ","2024-02-21","","114.46125"
"CASA DE JUSTICIA ITAGÜÍ","2024-02-20","","122.28833333"
"CASA DE JUSTICIA ITAGÜÍ","2024-02-19","","82.09791667"
"CASA DE JUSTICIA ITAGÜÍ","2024-02-18","","124.23791667"
"CASA DE JUSTICIA ITAGÜÍ","2024-02-17","","69.90541667"
"CASA DE JUSTICIA ITAGÜÍ","2024-02-16","","103.51041667"
"CASA DE JUSTICIA ITAGÜÍ","2024-02-15","","104.42208333"
"CASA DE JUSTICIA ITAGÜÍ","2024-02-14","","81.39"
"CASA DE JUSTICIA ITAGÜÍ","2024-02-13","","109.42125"
"CASA DE JUSTICIA ITAGÜÍ","2024-02-12","","97.33125"
"CASA DE JUSTICIA ITAGÜÍ","2024-02-11","","116.82291667"
"CASA DE JUSTICIA ITAGÜÍ","2024-02-10","","104.41791667"
"CASA DE JUSTICIA ITAGÜÍ","2024-02-09","","85.07583333"
"CASA DE JUSTICIA ITAGÜÍ","2024-02-08","","87.78833333"
"CASA DE JUSTICIA ITAGÜÍ","2024-02-07","","72.86583333"
"CASA DE JUSTICIA ITAGÜÍ","2024-02-06","","87.35291667"
"CASA DE JUSTICIA ITAGÜÍ","2024-02-05","","48.80041667"
"CASA DE JUSTICIA ITAGÜÍ","2024-02-04","","40.2025"
"CASA DE JUSTICIA ITAGÜÍ","2024-02-03","","73.375"
"CASA DE JUSTICIA ITAGÜÍ","2024-02-02","","70.4275"
"CASA DE JUSTICIA ITAGÜÍ","2024-02-01","","36.93916667"
"CASA DE JUSTICIA ITAGÜÍ","2024-01-28","","97.02791667"
"CASA DE JUSTICIA ITAGÜÍ","2024-01-27","","96.15041667"
"CASA DE JUSTICIA ITAGÜÍ","2024-01-26","","80.32833333"
"CASA DE JUSTICIA ITAGÜÍ","2024-01-25","","112.08291667"
"CASA DE JUSTICIA ITAGÜÍ","2024-01-24","","115.06458333"
"CASA DE JUSTICIA ITAGÜÍ","2024-01-23","","122.07291667"
"CASA DE JUSTICIA ITAGÜÍ","2024-01-22","","100.55"
"CASA DE JUSTICIA ITAGÜÍ","2024-01-21","","82.63208333"
"CASA DE JUSTICIA ITAGÜÍ","2024-01-20","","81.08208333"
"CASA DE JUSTICIA ITAGÜÍ","2024-01-19","","106.99291667"
"CASA DE JUSTICIA ITAGÜÍ","2024-01-18","","116.52041667"
"CASA DE JUSTICIA ITAGÜÍ","2024-01-17","","109.62666667"
"CASA DE JUSTICIA ITAGÜÍ","2024-01-16","","116.40833333"
"CASA DE JUSTICIA ITAGÜÍ","2024-01-15","","114.96041667"
"CASA DE JUSTICIA ITAGÜÍ","2024-01-14","","92.50375"
"CASA DE JUSTICIA ITAGÜÍ","2024-01-13","","79.22708333"
"CASA DE JUSTICIA ITAGÜÍ","2024-01-12","","95.36541667"
"CASA DE JUSTICIA ITAGÜÍ","2024-01-11","","78.60791667"
"CASA DE JUSTICIA ITAGÜÍ","2024-01-10","","66.38541667"
"CASA DE JUSTICIA ITAGÜÍ","2024-01-09","","89.65416667"
"CASA DE JUSTICIA ITAGÜÍ","2024-01-08","","98.40833333"
"CASA DE JUSTICIA ITAGÜÍ","2024-01-07","","92.48166667"
"CASA DE JUSTICIA ITAGÜÍ","2024-01-06","","112.31166667"
"CASA DE JUSTICIA ITAGÜÍ","2024-01-05","","93.04166667"
"CASA DE JUSTICIA ITAGÜÍ","2024-01-04","","88.65875"
"CASA DE JUSTICIA ITAGÜÍ","2024-01-03","","95.70375"
"CASA DE JUSTICIA ITAGÜÍ","2024-01-02","","81.55333333"
"CASA DE JUSTICIA ITAGÜÍ","2024-01-01","","80.66625"
"CASA DE JUSTICIA ITAGÜÍ","2023-12-31","","96.4873913"
"CASA DE JUSTICIA ITAGÜÍ","2023-12-30","","76.52875"
"CASA DE JUSTICIA ITAGÜÍ","2023-12-29","","76.72833333"
"CASA DE JUSTICIA ITAGÜÍ","2023-12-28","","57.47833333"
"CASA DE JUSTICIA ITAGÜÍ","2023-12-27","","84.58625"
"CASA DE JUSTICIA ITAGÜÍ","2023-12-26","","77.87583333"
"CASA DE JUSTICIA ITAGÜÍ","2023-12-25","","71.03708333"
"CASA DE JUSTICIA ITAGÜÍ","2023-12-24","","70.18"
"CASA DE JUSTICIA ITAGÜÍ","2023-12-23","","64.01458333"
"CASA DE JUSTICIA ITAGÜÍ","2023-12-22","","93.1"
"CASA DE JUSTICIA ITAGÜÍ","2023-12-21","","85.43875"
"CASA DE JUSTICIA ITAGÜÍ","2023-12-20","","78.87708333"
"CASA DE JUSTICIA ITAGÜÍ","2023-12-19","","105.16875"
"CASA DE JUSTICIA ITAGÜÍ","2023-12-18","","85.29875"
"CASA DE JUSTICIA ITAGÜÍ","2023-12-17","","84.84875"
"CASA DE JUSTICIA ITAGÜÍ","2023-12-16","","34.04916667"
"CASA DE JUSTICIA ITAGÜÍ","2023-12-15","","37.69347826"
"CASA DE JUSTICIA ITAGÜÍ","2023-12-14","","64.24791667"
"CASA DE JUSTICIA ITAGÜÍ","2023-12-13","","60.30833333"
"CASA DE JUSTICIA ITAGÜÍ","2023-12-12","","92.55833333"
"CASA DE JUSTICIA ITAGÜÍ","2023-12-11","","94.47583333"
"CASA DE JUSTICIA ITAGÜÍ","2023-12-10","","62.37083333"
"CASA DE JUSTICIA ITAGÜÍ","2023-12-09","","79.33291667"
"CASA DE JUSTICIA ITAGÜÍ","2023-12-08","","73.19291667"
"CASA DE JUSTICIA ITAGÜÍ","2023-12-07","","53.65458333"
"CASA DE JUSTICIA ITAGÜÍ","2023-12-06","","50.77083333"
"CASA DE JUSTICIA ITAGÜÍ","2023-12-05","","91.33"
"CASA DE JUSTICIA ITAGÜÍ","2023-12-04","","74.69583333"
"CASA DE JUSTICIA ITAGÜÍ","2023-12-03","","99.50291667"
"CASA DE JUSTICIA ITAGÜÍ","2023-12-02","","88.07916667"
"CASA DE JUSTICIA ITAGÜÍ","2023-12-01","","104.32541667"
"CASA DE JUSTICIA ITAGÜÍ","2023-11-30","","88.35521739"
"CASA DE JUSTICIA ITAGÜÍ","2023-11-29","","99.05625"
"CASA DE JUSTICIA ITAGÜÍ","2023-11-28","","97.75625"
"CASA DE JUSTICIA ITAGÜÍ","2023-11-27","","108.96541667"
"CASA DE JUSTICIA ITAGÜÍ","2023-11-26","","100.26"
"CASA DE JUSTICIA ITAGÜÍ","2023-11-25","","89.25666667"
"CASA DE JUSTICIA ITAGÜÍ","2023-11-24","","87.9625"
"CASA DE JUSTICIA ITAGÜÍ","2023-11-23","","88.35666667"
"CASA DE JUSTICIA ITAGÜÍ","2023-11-22","","88.02625"
"CASA DE JUSTICIA ITAGÜÍ","2023-11-21","","81.16208333"
"CASA DE JUSTICIA ITAGÜÍ","2023-11-20","","53.8875"
"CASA DE JUSTICIA ITAGÜÍ","2023-11-19","","54.21375"
"CASA DE JUSTICIA ITAGÜÍ","2023-11-18","","82.46541667"
"CASA DE JUSTICIA ITAGÜÍ","2023-11-17","","100.00875"
"CASA DE JUSTICIA ITAGÜÍ","2023-11-16","","76.3825"
"CASA DE JUSTICIA ITAGÜÍ","2023-11-15","","48.93166667"
"CASA DE JUSTICIA ITAGÜÍ","2023-11-14","","74.76083333"
"CASA DE JUSTICIA ITAGÜÍ","2023-11-13","","87.92958333"
"CASA DE JUSTICIA ITAGÜÍ","2023-11-12","","62.62666667"
"CASA DE JUSTICIA ITAGÜÍ","2023-11-11","","82.74791667"
"CASA DE JUSTICIA ITAGÜÍ","2023-11-10","","67.44666667"
"CASA DE JUSTICIA ITAGÜÍ","2023-11-09","","83.41958333"
"CASA DE JUSTICIA ITAGÜÍ","2023-11-08","","88.88916667"
"CASA DE JUSTICIA ITAGÜÍ","2023-11-07","","72.405"
"CASA DE JUSTICIA ITAGÜÍ","2023-11-06","","54.90416667"
"CASA DE JUSTICIA ITAGÜÍ","2023-11-05","","83.875"
"CASA DE JUSTICIA ITAGÜÍ","2023-11-04","","69.96041667"
"CASA DE JUSTICIA ITAGÜÍ","2023-11-03","","99.04041667"
"CASA DE JUSTICIA ITAGÜÍ","2023-11-02","","94.32125"
"CASA DE JUSTICIA ITAGÜÍ","2023-11-01","","53.81958333"
"CASA DE JUSTICIA ITAGÜÍ","2023-10-31","","77.36217391"
"CASA DE JUSTICIA ITAGÜÍ","2023-10-30","","73.97958333"
"CASA DE JUSTICIA ITAGÜÍ","2023-10-29","","91.97166667"
"CASA DE JUSTICIA ITAGÜÍ","2023-10-28","","62.91583333"
"CASA DE JUSTICIA ITAGÜÍ","2023-10-27","","59.76708333"
"CASA DE JUSTICIA ITAGÜÍ","2023-10-26","","57.3025"
"CASA DE JUSTICIA ITAGÜÍ","2023-10-25","","43.06666667"
"CASA DE JUSTICIA ITAGÜÍ","2023-10-24","","47.42166667"
"CASA DE JUSTICIA ITAGÜÍ","2023-10-23","","91.90541667"
"CASA DE JUSTICIA ITAGÜÍ","2023-10-22","","51.2875"
"CASA DE JUSTICIA ITAGÜÍ","2023-10-21","","29.32041667"
"CASA DE JUSTICIA ITAGÜÍ","2023-10-20","","37.88833333"
"CASA DE JUSTICIA ITAGÜÍ","2023-10-19","","43.66166667"
"CASA DE JUSTICIA ITAGÜÍ","2023-10-18","","79.74375"
"CASA DE JUSTICIA ITAGÜÍ","2023-10-17","","60.44625"
"CASA DE JUSTICIA ITAGÜÍ","2023-10-16","","84.505"
"CASA DE JUSTICIA ITAGÜÍ","2023-10-15","","80.61333333"
"CASA DE JUSTICIA ITAGÜÍ","2023-10-14","","49.27416667"
"CASA DE JUSTICIA ITAGÜÍ","2023-10-13","","80.59666667"
"CASA DE JUSTICIA ITAGÜÍ","2023-10-12","","86.08458333"
"CASA DE JUSTICIA ITAGÜÍ","2023-10-11","","61.81708333"
"CASA DE JUSTICIA ITAGÜÍ","2023-10-10","","75.99208333"
"CASA DE JUSTICIA ITAGÜÍ","2023-10-09","","68.76291667"
"CASA DE JUSTICIA ITAGÜÍ","2023-10-08","","53.56166667"
"CASA DE JUSTICIA ITAGÜÍ","2023-10-07","","94.26708333"
"CASA DE JUSTICIA ITAGÜÍ","2023-10-06","","68.19708333"
"CASA DE JUSTICIA ITAGÜÍ","2023-10-05","","66.11333333"
"CASA DE JUSTICIA ITAGÜÍ","2023-10-04","","29.99708333"
"CASA DE JUSTICIA ITAGÜÍ","2023-10-03","","66.29208333"
"CASA DE JUSTICIA ITAGÜÍ","2023-10-02","","104.61166667"
"CASA DE JUSTICIA ITAGÜÍ","2023-10-01","","102.21166667"
"CASA DE JUSTICIA ITAGÜÍ","2023-09-30","","112.48652174"
"CASA DE JUSTICIA ITAGÜÍ","2023-09-29","","95.25333333"
"CASA DE JUSTICIA ITAGÜÍ","2023-09-28","","72.79875"
"CASA DE JUSTICIA ITAGÜÍ","2023-09-27","","78.87583333"
"CASA DE JUSTICIA ITAGÜÍ","2023-09-26","","79.50416667"
"CASA DE JUSTICIA ITAGÜÍ","2023-09-25","","82.89291667"
"CASA DE JUSTICIA ITAGÜÍ","2023-09-24","","88.075"
"CASA DE JUSTICIA ITAGÜÍ","2023-09-23","","83.1625"
"CASA DE JUSTICIA ITAGÜÍ","2023-09-22","","93.0025"
"CASA DE JUSTICIA ITAGÜÍ","2023-09-21","","121.81416667"
"CASA DE JUSTICIA ITAGÜÍ","2023-09-20","","92.25333333"
"CASA DE JUSTICIA ITAGÜÍ","2023-09-19","","108.41333333"
"CASA DE JUSTICIA ITAGÜÍ","2023-09-18","","88.15666667"
"CASA DE JUSTICIA ITAGÜÍ","2023-09-17","","84.33375"
"CASA DE JUSTICIA ITAGÜÍ","2023-09-16","","114.68375"
"CASA DE JUSTICIA ITAGÜÍ","2023-09-15","","85.83625"
"CASA DE JUSTICIA ITAGÜÍ","2023-09-14","","85.30875"
"CASA DE JUSTICIA ITAGÜÍ","2023-09-13","","110.96833333"
"CASA DE JUSTICIA ITAGÜÍ","2023-09-12","","114.82583333"
"CASA DE JUSTICIA ITAGÜÍ","2023-09-11","","105.05458333"
"CASA DE JUSTICIA ITAGÜÍ","2023-09-10","","70.17666667"
"CASA DE JUSTICIA ITAGÜÍ","2023-09-09","","82.3125"
"CASA DE JUSTICIA ITAGÜÍ","2023-09-08","","106.60875"
"CASA DE JUSTICIA ITAGÜÍ","2023-09-07","","86.9725"
"CASA DE JUSTICIA ITAGÜÍ","2023-09-06","","120.21791667"
"CASA DE JUSTICIA ITAGÜÍ","2023-09-05","","118.72708333"
"CASA DE JUSTICIA ITAGÜÍ","2023-09-04","","92.39625"
"CASA DE JUSTICIA ITAGÜÍ","2023-09-03","","86.89875"
"CASA DE JUSTICIA ITAGÜÍ","2023-09-02","","45.055"
"CASA DE JUSTICIA ITAGÜÍ","2023-09-01","","100.22666667"
"CASA DE JUSTICIA ITAGÜÍ","2023-08-31","","91.79478261"
"CASA DE JUSTICIA ITAGÜÍ","2023-08-30","","90.27291667"
"CASA DE JUSTICIA ITAGÜÍ","2023-08-29","","107.57333333"
"CASA DE JUSTICIA ITAGÜÍ","2023-08-28","","100.38208333"
"CASA DE JUSTICIA ITAGÜÍ","2023-08-27","","110.77458333"
"CASA DE JUSTICIA ITAGÜÍ","2023-08-26","","116.17875"
"CASA DE JUSTICIA ITAGÜÍ","2023-08-25","","101.44583333"
"CASA DE JUSTICIA ITAGÜÍ","2023-08-24","","68.22"
"CASA DE JUSTICIA ITAGÜÍ","2023-08-23","","85.84583333"
"CASA DE JUSTICIA ITAGÜÍ","2023-08-22","","51.51625"
"CASA DE JUSTICIA ITAGÜÍ","2023-08-21","","58.19708333"
"CASA DE JUSTICIA ITAGÜÍ","2023-08-20","","74.49375"
"CASA DE JUSTICIA ITAGÜÍ","2023-08-19","","46.7095"
"CASA DE JUSTICIA ITAGÜÍ","2023-08-18","","68.00208333"
"CASA DE JUSTICIA ITAGÜÍ","2023-08-17","","94.18791667"
"CASA DE JUSTICIA ITAGÜÍ","2023-08-16","","67.33208333"
"CASA DE JUSTICIA ITAGÜÍ","2023-08-15","","68.49708333"
"CASA DE JUSTICIA ITAGÜÍ","2023-08-14","","94.98791667"
"CASA DE JUSTICIA ITAGÜÍ","2023-08-13","","65.22166667"
"CASA DE JUSTICIA ITAGÜÍ","2023-08-12","","82.83541667"
"CASA DE JUSTICIA ITAGÜÍ","2023-08-11","","92.71208333"
"CASA DE JUSTICIA ITAGÜÍ","2023-08-10","","84.67166667"
"CASA DE JUSTICIA ITAGÜÍ","2023-08-09","","63.96208333"
"CASA DE JUSTICIA ITAGÜÍ","2023-08-08","","123.10666667"
"CASA DE JUSTICIA ITAGÜÍ","2023-08-07","","75.55083333"
"CASA DE JUSTICIA ITAGÜÍ","2023-08-06","","76.78333333"
"CASA DE JUSTICIA ITAGÜÍ","2023-08-05","","107.88041667"
"CASA DE JUSTICIA ITAGÜÍ","2023-08-04","","103.49416667"
"CASA DE JUSTICIA ITAGÜÍ","2023-08-03","","107.85916667"
"CASA DE JUSTICIA ITAGÜÍ","2023-08-02","","115.75166667"
"CASA DE JUSTICIA ITAGÜÍ","2023-08-01","","67.35708333"
"CASA DE JUSTICIA ITAGÜÍ","2023-07-31","","89.44869565"
"CASA DE JUSTICIA ITAGÜÍ","2023-07-30","","90.19666667"
"CASA DE JUSTICIA ITAGÜÍ","2023-07-29","","113.72041667"
"CASA DE JUSTICIA ITAGÜÍ","2023-07-28","","95.63541667"
"CASA DE JUSTICIA ITAGÜÍ","2023-07-27","","92.03875"
"CASA DE JUSTICIA ITAGÜÍ","2023-07-26","","33.35125"
"CASA DE JUSTICIA ITAGÜÍ","2023-07-25","","84.07916667"
"CASA DE JUSTICIA ITAGÜÍ","2023-07-24","","108.475"
"CASA DE JUSTICIA ITAGÜÍ","2023-07-23","","112.08"
"CASA DE JUSTICIA ITAGÜÍ","2023-07-22","","83.2325"
"CASA DE JUSTICIA ITAGÜÍ","2023-07-21","","58.46666667"
"CASA DE JUSTICIA ITAGÜÍ","2023-07-20","","118.73208333"
"CASA DE JUSTICIA ITAGÜÍ","2023-07-19","","96.31208333"
"CASA DE JUSTICIA ITAGÜÍ","2023-07-18","","110.4775"
"CASA DE JUSTICIA ITAGÜÍ","2023-07-17","","23.61777778"
"CASA DE JUSTICIA ITAGÜÍ","2023-07-08","","105.66333333"
"CASA DE JUSTICIA ITAGÜÍ","2023-07-07","","70.20041667"
"CASA DE JUSTICIA ITAGÜÍ","2023-07-06","","65.1425"
"CASA DE JUSTICIA ITAGÜÍ","2023-07-05","","72.64041667"
"CASA DE JUSTICIA ITAGÜÍ","2023-07-04","","62.04347826"
"CASA DE JUSTICIA ITAGÜÍ","2023-07-03","","69.45791667"
"CASA DE JUSTICIA ITAGÜÍ","2023-07-02","","57.99041667"
"CASA DE JUSTICIA ITAGÜÍ","2023-07-01","","91.88583333"
"CASA DE JUSTICIA ITAGÜÍ","2023-06-30","","84.64782609"
"CASA DE JUSTICIA ITAGÜÍ","2023-06-29","","96.04375"
"CASA DE JUSTICIA ITAGÜÍ","2023-06-28","","102.4"
"CASA DE JUSTICIA ITAGÜÍ","2023-06-27","","94.78875"
"CASA DE JUSTICIA ITAGÜÍ","2023-06-26","","53.23333333"
"CASA DE JUSTICIA ITAGÜÍ","2023-06-25","","58.46791667"
"CASA DE JUSTICIA ITAGÜÍ","2023-06-24","","63.11458333"
"CASA DE JUSTICIA ITAGÜÍ","2023-06-23","","78.00916667"
"CASA DE JUSTICIA ITAGÜÍ","2023-06-22","","66.98208333"
"CASA DE JUSTICIA ITAGÜÍ","2023-06-21","","56.64"
"CASA DE JUSTICIA ITAGÜÍ","2023-06-15","","80.99095238"
"CASA DE JUSTICIA ITAGÜÍ","2023-06-14","","72.68916667"
"CASA DE JUSTICIA ITAGÜÍ","2023-06-13","","136.53384615"
"CASA DE JUSTICIA ITAGÜÍ","2023-06-07","","20.80444444"
"CASA DE JUSTICIA ITAGÜÍ","2023-06-06","","74.56478261"
"CASA DE JUSTICIA ITAGÜÍ","2023-06-05","","65.6275"
"CASA DE JUSTICIA ITAGÜÍ","2023-06-04","","67.73173913"
"CASA DE JUSTICIA ITAGÜÍ","2023-06-03","","82.26208333"
"CASA DE JUSTICIA ITAGÜÍ","2023-06-02","","71.36458333"
"CASA DE JUSTICIA ITAGÜÍ","2023-06-01","","45.09291667"
"CASA DE JUSTICIA ITAGÜÍ","2023-05-31","","66.72826087"
"CASA DE JUSTICIA ITAGÜÍ","2023-05-30","","63.91041667"
"CASA DE JUSTICIA ITAGÜÍ","2023-05-29","","79.74791667"
"CASA DE JUSTICIA ITAGÜÍ","2023-05-28","","78.08875"
"CASA DE JUSTICIA ITAGÜÍ","2023-05-27","","83.40791667"
"CASA DE JUSTICIA ITAGÜÍ","2023-05-26","","54.365"
"CASA DE JUSTICIA ITAGÜÍ","2023-05-25","","59.1125"
"CASA DE JUSTICIA ITAGÜÍ","2023-05-24","","84.28916667"
"CASA DE JUSTICIA ITAGÜÍ","2023-05-23","","76.85958333"
"CASA DE JUSTICIA ITAGÜÍ","2023-05-22","","84.78083333"
"CASA DE JUSTICIA ITAGÜÍ","2023-05-21","","23.57913043"
"CASA DE JUSTICIA ITAGÜÍ","2023-05-20","","65.70291667"
"CASA DE JUSTICIA ITAGÜÍ","2023-05-19","","68.62708333"
"CASA DE JUSTICIA ITAGÜÍ","2023-05-18","","113.76208333"
"CASA DE JUSTICIA ITAGÜÍ","2023-05-17","","89.89333333"
"CASA DE JUSTICIA ITAGÜÍ","2023-05-16","","58.79208333"
"CASA DE JUSTICIA ITAGÜÍ","2023-05-15","","41.32458333"
"CASA DE JUSTICIA ITAGÜÍ","2023-05-14","","64.56958333"
"CASA DE JUSTICIA ITAGÜÍ","2023-05-13","","55.26041667"
"CASA DE JUSTICIA ITAGÜÍ","2023-05-12","","78.43458333"
"CASA DE JUSTICIA ITAGÜÍ","2023-05-11","","86.46708333"
"CASA DE JUSTICIA ITAGÜÍ","2023-05-10","","34.73"
"CASA DE JUSTICIA ITAGÜÍ","2023-05-09","","73.015"
"CASA DE JUSTICIA ITAGÜÍ","2023-05-08","","81.97166667"
"CASA DE JUSTICIA ITAGÜÍ","2023-05-07","","86.92652174"
"CASA DE JUSTICIA ITAGÜÍ","2023-05-06","","92.41791667"
"CASA DE JUSTICIA ITAGÜÍ","2023-05-05","","95.33041667"
"CASA DE JUSTICIA ITAGÜÍ","2023-05-04","","114.13375"
"CASA DE JUSTICIA ITAGÜÍ","2023-05-03","","97.09666667"
"CASA DE JUSTICIA ITAGÜÍ","2023-05-02","","94.64708333"
"CASA DE JUSTICIA ITAGÜÍ","2023-05-01","","101.48083333"
"CASA DE JUSTICIA ITAGÜÍ","2023-04-30","","51.52347826"
"CASA DE JUSTICIA ITAGÜÍ","2023-04-29","","62.07208333"
"CASA DE JUSTICIA ITAGÜÍ","2023-04-28","","96.86041667"
"CASA DE JUSTICIA ITAGÜÍ","2023-04-27","","79.71083333"
"CASA DE JUSTICIA ITAGÜÍ","2023-04-26","","86.69217391"
"CASA DE JUSTICIA ITAGÜÍ","2023-04-25","","80.29666667"
"CASA DE JUSTICIA ITAGÜÍ","2023-04-24","","7.28916667"
"CASA DE JUSTICIA ITAGÜÍ","2023-04-23","","98.26304348"
"CASA DE JUSTICIA ITAGÜÍ","2023-04-22","","72.01291667"
"CASA DE JUSTICIA ITAGÜÍ","2023-04-21","","63.36625"
"CASA DE JUSTICIA ITAGÜÍ","2023-04-20","","46.9425"
"CASA DE JUSTICIA ITAGÜÍ","2023-04-19","","89.2373913"
"CASA DE JUSTICIA ITAGÜÍ","2023-04-18","","82.39375"
"CASA DE JUSTICIA ITAGÜÍ","2023-04-17","","77.23916667"
"CASA DE JUSTICIA ITAGÜÍ","2023-04-16","","49.17208333"
"CASA DE JUSTICIA ITAGÜÍ","2023-04-15","","72.61"
"CASA DE JUSTICIA ITAGÜÍ","2023-04-14","","46.35583333"
"CASA DE JUSTICIA ITAGÜÍ","2023-04-13","","69.26833333"
"CASA DE JUSTICIA ITAGÜÍ","2023-04-12","","68.4925"
"CASA DE JUSTICIA ITAGÜÍ","2023-04-11","","48.38708333"
"CASA DE JUSTICIA ITAGÜÍ","2023-04-10","","67.3375"
"CASA DE JUSTICIA ITAGÜÍ","2023-04-09","","89.09434783"
"CASA DE JUSTICIA ITAGÜÍ","2023-04-08","","96.14666667"
"CASA DE JUSTICIA ITAGÜÍ","2023-04-07","","86.37666667"
"CASA DE JUSTICIA ITAGÜÍ","2023-04-06","","63.57041667"
"CASA DE JUSTICIA ITAGÜÍ","2023-04-05","","110.84333333"
"CASA DE JUSTICIA ITAGÜÍ","2023-04-04","","56.01416667"
"CASA DE JUSTICIA ITAGÜÍ","2023-04-03","","103.33375"
"CASA DE JUSTICIA ITAGÜÍ","2023-04-02","","56.35208333"
"CASA DE JUSTICIA ITAGÜÍ","2023-04-01","","60.17875"
"CASA DE JUSTICIA ITAGÜÍ","2023-03-31","","64.42695652"
"CASA DE JUSTICIA ITAGÜÍ","2023-03-30","","93.89958333"
"CASA DE JUSTICIA ITAGÜÍ","2023-03-29","","70.12333333"
"CASA DE JUSTICIA ITAGÜÍ","2023-03-28","","107.32666667"
"CASA DE JUSTICIA ITAGÜÍ","2023-03-27","","72.05291667"
"CASA DE JUSTICIA ITAGÜÍ","2023-03-26","","49.49416667"
"CASA DE JUSTICIA ITAGÜÍ","2023-03-25","","74.93791667"
"CASA DE JUSTICIA ITAGÜÍ","2023-03-24","","40.33458333"
"CASA DE JUSTICIA ITAGÜÍ","2023-03-23","","69.60125"
"CASA DE JUSTICIA ITAGÜÍ","2023-03-22","","86.51458333"
"CASA DE JUSTICIA ITAGÜÍ","2023-03-21","","100.525"
"CASA DE JUSTICIA ITAGÜÍ","2023-03-20","","98.26833333"
"CASA DE JUSTICIA ITAGÜÍ","2023-03-19","","91.48304348"
"CASA DE JUSTICIA ITAGÜÍ","2023-03-18","","52.28958333"
"CASA DE JUSTICIA ITAGÜÍ","2023-03-17","","77.71416667"
"CASA DE JUSTICIA ITAGÜÍ","2023-03-16","","88.485"
"CASA DE JUSTICIA ITAGÜÍ","2023-03-15","","44.13291667"
"CASA DE JUSTICIA ITAGÜÍ","2023-03-14","","51.54833333"
"CASA DE JUSTICIA ITAGÜÍ","2023-03-13","","60.61875"
"CASA DE JUSTICIA ITAGÜÍ","2023-03-12","","48.34875"
"CASA DE JUSTICIA ITAGÜÍ","2023-03-11","","51.50083333"
"CASA DE JUSTICIA ITAGÜÍ","2023-03-10","","52.00958333"
"CASA DE JUSTICIA ITAGÜÍ","2023-03-09","","25.82608696"
"CASA DE JUSTICIA ITAGÜÍ","2023-03-08","","46.94833333"
"CASA DE JUSTICIA ITAGÜÍ","2023-03-07","","63.95916667"
"CASA DE JUSTICIA ITAGÜÍ","2023-03-06","","71.30083333"
"CASA DE JUSTICIA ITAGÜÍ","2023-03-05","","37.47958333"
"CASA DE JUSTICIA ITAGÜÍ","2023-03-04","","81.37416667"
"CASA DE JUSTICIA ITAGÜÍ","2023-03-03","","62.56791667"
"CASA DE JUSTICIA ITAGÜÍ","2023-03-02","","69.275"
"CASA DE JUSTICIA ITAGÜÍ","2023-03-01","","80.13583333"
"CASA DE JUSTICIA ITAGÜÍ","2023-02-28","","94.31130435"
"CASA DE JUSTICIA ITAGÜÍ","2023-02-27","","91.25541667"
"CASA DE JUSTICIA ITAGÜÍ","2023-02-26","","88.02625"
"CASA DE JUSTICIA ITAGÜÍ","2023-02-25","","91.59083333"
"CASA DE JUSTICIA ITAGÜÍ","2023-02-24","","93.09291667"
"CASA DE JUSTICIA ITAGÜÍ","2023-02-23","","96.78291667"
"CASA DE JUSTICIA ITAGÜÍ","2023-02-22","","46.99333333"
"CASA DE JUSTICIA ITAGÜÍ","2023-02-21","","41.84708333"
"CASA DE JUSTICIA ITAGÜÍ","2023-02-20","","67.39583333"
"CASA DE JUSTICIA ITAGÜÍ","2023-02-19","","80.78708333"
"CASA DE JUSTICIA ITAGÜÍ","2023-02-18","","115.9175"
"CASA DE JUSTICIA ITAGÜÍ","2023-02-17","","78.66791667"
"CASA DE JUSTICIA ITAGÜÍ","2023-02-16","","30.09666667"
"CASA DE JUSTICIA ITAGÜÍ","2023-02-15","","62.30666667"
"CASA DE JUSTICIA ITAGÜÍ","2023-02-14","","66.56708333"
"CASA DE JUSTICIA ITAGÜÍ","2023-02-13","","49.99958333"
"CASA DE JUSTICIA ITAGÜÍ","2023-02-12","","34.11333333"
"CASA DE JUSTICIA ITAGÜÍ","2023-02-11","","50.25541667"
"CASA DE JUSTICIA ITAGÜÍ","2023-02-10","","66.89125"
"CASA DE JUSTICIA ITAGÜÍ","2023-02-09","","76.34875"
"CASA DE JUSTICIA ITAGÜÍ","2023-02-08","","82.59416667"
"CASA DE JUSTICIA ITAGÜÍ","2023-02-07","","100.99875"
"CASA DE JUSTICIA ITAGÜÍ","2023-02-06","","59.99541667"
"CASA DE JUSTICIA ITAGÜÍ","2023-02-05","","108.29"
"CASA DE JUSTICIA ITAGÜÍ","2023-02-04","","58.14875"
"CASA DE JUSTICIA ITAGÜÍ","2023-02-03","","73.07125"
"CASA DE JUSTICIA ITAGÜÍ","2023-02-02","","86.67125"
"CASA DE JUSTICIA ITAGÜÍ","2023-02-01","","98.20458333"
"CASA DE JUSTICIA ITAGÜÍ","2023-01-31","","106.71304348"
"CASA DE JUSTICIA ITAGÜÍ","2023-01-30","","72.8"
"CASA DE JUSTICIA ITAGÜÍ","2023-01-29","","93.97125"
"CASA DE JUSTICIA ITAGÜÍ","2023-01-28","","96.93416667"
"CASA DE JUSTICIA ITAGÜÍ","2023-01-27","","97.68541667"
"CASA DE JUSTICIA ITAGÜÍ","2023-01-26","","80.45833333"
"CASA DE JUSTICIA ITAGÜÍ","2023-01-25","","95.04958333"
"CASA DE JUSTICIA ITAGÜÍ","2023-01-24","","71.35916667"
"CASA DE JUSTICIA ITAGÜÍ","2023-01-23","","62.33208333"
"CASA DE JUSTICIA ITAGÜÍ","2023-01-22","","46.98833333"
"CASA DE JUSTICIA ITAGÜÍ","2023-01-21","","69.66125"
"CASA DE JUSTICIA ITAGÜÍ","2023-01-20","","82.03083333"
"CASA DE JUSTICIA ITAGÜÍ","2023-01-19","","80.19791667"
"CASA DE JUSTICIA ITAGÜÍ","2023-01-18","","69.90208333"
"CASA DE JUSTICIA ITAGÜÍ","2023-01-17","","57.9975"
"CASA DE JUSTICIA ITAGÜÍ","2023-01-16","","79.98125"
"CASA DE JUSTICIA ITAGÜÍ","2023-01-15","","76.88333333"
"CASA DE JUSTICIA ITAGÜÍ","2023-01-14","","67.70125"
"CASA DE JUSTICIA ITAGÜÍ","2023-01-13","","73.60083333"
"CASA DE JUSTICIA ITAGÜÍ","2023-01-12","","54.56208333"
"CASA DE JUSTICIA ITAGÜÍ","2023-01-11","","53.1675"
"CASA DE JUSTICIA ITAGÜÍ","2023-01-10","","39.36958333"
"CASA DE JUSTICIA ITAGÜÍ","2023-01-09","","41.18208333"
"CASA DE JUSTICIA ITAGÜÍ","2023-01-08","","52.8775"
"CASA DE JUSTICIA ITAGÜÍ","2023-01-07","","48.47958333"
"CASA DE JUSTICIA ITAGÜÍ","2023-01-06","","46.95791667"
"CASA DE JUSTICIA ITAGÜÍ","2023-01-05","","52.96"
"CASA DE JUSTICIA ITAGÜÍ","2023-01-04","","72.50652174"
"CASA DE JUSTICIA ITAGÜÍ","2023-01-03","","36.65083333"
"CASA DE JUSTICIA ITAGÜÍ","2023-01-02","","74.30666667"
"CASA DE JUSTICIA ITAGÜÍ","2023-01-01","","77.63333333"
"CASA DE JUSTICIA ITAGÜÍ","2022-12-31","","61.35304348"
"CASA DE JUSTICIA ITAGÜÍ","2022-12-30","","68.24333333"
"CASA DE JUSTICIA ITAGÜÍ","2022-12-29","","66.71041667"
"CASA DE JUSTICIA ITAGÜÍ","2022-12-28","","60.92416667"
"CASA DE JUSTICIA ITAGÜÍ","2022-12-27","","48.14291667"
"CASA DE JUSTICIA ITAGÜÍ","2022-12-26","","44.47375"
"CASA DE JUSTICIA ITAGÜÍ","2022-12-25","","71.21375"
"CASA DE JUSTICIA ITAGÜÍ","2022-12-24","","47.98541667"
"CASA DE JUSTICIA ITAGÜÍ","2022-12-23","","56.60708333"
"CASA DE JUSTICIA ITAGÜÍ","2022-12-22","","75.04791667"
"CASA DE JUSTICIA ITAGÜÍ","2022-12-21","","56.74"
"CASA DE JUSTICIA ITAGÜÍ","2022-12-20","","69.415"
"CASA DE JUSTICIA ITAGÜÍ","2022-12-19","","70.605"
"CASA DE JUSTICIA ITAGÜÍ","2022-12-18","","40.69652174"
"CASA DE JUSTICIA ITAGÜÍ","2022-12-17","","70.6175"
"CASA DE JUSTICIA ITAGÜÍ","2022-12-16","","75.59333333"
"CASA DE JUSTICIA ITAGÜÍ","2022-12-15","","83.26875"
"CASA DE JUSTICIA ITAGÜÍ","2022-12-14","","59.13"
"CASA DE JUSTICIA ITAGÜÍ","2022-12-13","","39.41"
"CASA DE JUSTICIA ITAGÜÍ","2022-12-12","","57.60333333"
"CASA DE JUSTICIA ITAGÜÍ","2022-12-11","","65.89375"
"CASA DE JUSTICIA ITAGÜÍ","2022-12-10","","47.57708333"
"CASA DE JUSTICIA ITAGÜÍ","2022-12-09","","51.92083333"
"CASA DE JUSTICIA ITAGÜÍ","2022-12-08","","44.62416667"
"CASA DE JUSTICIA ITAGÜÍ","2022-12-07","","63.64916667"
"CASA DE JUSTICIA ITAGÜÍ","2022-12-06","","51.575"
"CASA DE JUSTICIA ITAGÜÍ","2022-12-05","","51.27666667"
"CASA DE JUSTICIA ITAGÜÍ","2022-12-04","","34.90833333"
"CASA DE JUSTICIA ITAGÜÍ","2022-12-03","","80.05"
"CASA DE JUSTICIA ITAGÜÍ","2022-12-02","","92.4"
"CASA DE JUSTICIA ITAGÜÍ","2022-12-01","","98.14875"
"CASA DE JUSTICIA ITAGÜÍ","2022-11-30","","69.02782609"
"CASA DE JUSTICIA ITAGÜÍ","2022-11-29","","61.69041667"
"CASA DE JUSTICIA ITAGÜÍ","2022-11-28","","43.65125"
"CASA DE JUSTICIA ITAGÜÍ","2022-11-27","","67.45375"
"CASA DE JUSTICIA ITAGÜÍ","2022-11-26","","28.03208333"
"CASA DE JUSTICIA ITAGÜÍ","2022-11-25","","86.43388889"
"CASA DE JUSTICIA ITAGÜÍ","2022-11-24","","58.02727273"
"CASA DE JUSTICIA ITAGÜÍ","2022-11-23","","75.59875"
"CASA DE JUSTICIA ITAGÜÍ","2022-11-22","","81.745"
"CASA DE JUSTICIA ITAGÜÍ","2022-11-21","","64.83541667"
"CASA DE JUSTICIA ITAGÜÍ","2022-11-20","","60.6875"
"CASA DE JUSTICIA ITAGÜÍ","2022-11-19","","68.18291667"
"CASA DE JUSTICIA ITAGÜÍ","2022-11-18","","46.57875"
"CASA DE JUSTICIA ITAGÜÍ","2022-11-17","","51.90541667"
"CASA DE JUSTICIA ITAGÜÍ","2022-11-16","","67.55708333"
"CASA DE JUSTICIA ITAGÜÍ","2022-11-15","","70.60916667"
"CASA DE JUSTICIA ITAGÜÍ","2022-11-14","","77.94916667"
"CASA DE JUSTICIA ITAGÜÍ","2022-11-13","","93.35458333"
"CASA DE JUSTICIA ITAGÜÍ","2022-11-12","","69.7525"
"CASA DE JUSTICIA ITAGÜÍ","2022-11-11","","64.7425"
"CASA DE JUSTICIA ITAGÜÍ","2022-11-10","","65.6475"
"CASA DE JUSTICIA ITAGÜÍ","2022-11-09","","72.50583333"
"CASA DE JUSTICIA ITAGÜÍ","2022-11-08","","59.02375"
"CASA DE JUSTICIA ITAGÜÍ","2022-11-07","","53.26875"
"CASA DE JUSTICIA ITAGÜÍ","2022-11-06","","60.10625"
"CASA DE JUSTICIA ITAGÜÍ","2022-11-05","","61.12125"
"CASA DE JUSTICIA ITAGÜÍ","2022-11-04","","65.96833333"
"CASA DE JUSTICIA ITAGÜÍ","2022-11-03","","66.28041667"
"CASA DE JUSTICIA ITAGÜÍ","2022-11-02","","72.72166667"
"CASA DE JUSTICIA ITAGÜÍ","2022-11-01","","99.47791667"
"CASA DE JUSTICIA ITAGÜÍ","2022-10-31","","77.36333333"
"CASA DE JUSTICIA ITAGÜÍ","2022-10-30","","90.85875"
"CASA DE JUSTICIA ITAGÜÍ","2022-10-29","","100.615"
"CASA DE JUSTICIA ITAGÜÍ","2022-10-28","","44.28166667"
"CASA DE JUSTICIA ITAGÜÍ","2022-10-27","","74.2325"
"CASA DE JUSTICIA ITAGÜÍ","2022-10-26","","43.89375"
"CASA DE JUSTICIA ITAGÜÍ","2022-10-25","","91.82583333"
"CASA DE JUSTICIA ITAGÜÍ","2022-10-24","","56.72041667"
"CASA DE JUSTICIA ITAGÜÍ","2022-10-23","","80.72125"
"CASA DE JUSTICIA ITAGÜÍ","2022-10-22","","78.55083333"
"CASA DE JUSTICIA ITAGÜÍ","2022-10-21","","63.65208333"
"CASA DE JUSTICIA ITAGÜÍ","2022-10-20","","48.465"
"CASA DE JUSTICIA ITAGÜÍ","2022-10-19","","51.5125"
"CASA DE JUSTICIA ITAGÜÍ","2022-10-18","","46.56791667"
"CASA DE JUSTICIA ITAGÜÍ","2022-10-17","","83.37458333"
"CASA DE JUSTICIA ITAGÜÍ","2022-10-16","","70.715"
"CASA DE JUSTICIA ITAGÜÍ","2022-10-15","","72.62375"
"CASA DE JUSTICIA ITAGÜÍ","2022-10-14","","79.4"
"CASA DE JUSTICIA ITAGÜÍ","2022-10-13","","82.08416667"
"CASA DE JUSTICIA ITAGÜÍ","2022-10-12","","62.45083333"
"CASA DE JUSTICIA ITAGÜÍ","2022-10-11","","71.34875"
"CASA DE JUSTICIA ITAGÜÍ","2022-10-10","","91.56416667"
"CASA DE JUSTICIA ITAGÜÍ","2022-10-09","","58.25833333"
"CASA DE JUSTICIA ITAGÜÍ","2022-10-08","","46.26625"
"CASA DE JUSTICIA ITAGÜÍ","2022-10-07","","95.38041667"
"CASA DE JUSTICIA ITAGÜÍ","2022-10-06","","71.34625"
"CASA DE JUSTICIA ITAGÜÍ","2022-10-05","","52.88875"
"CASA DE JUSTICIA ITAGÜÍ","2022-10-04","","64.59916667"
"CASA DE JUSTICIA ITAGÜÍ","2022-10-03","","87.15208333"
"CASA DE JUSTICIA ITAGÜÍ","2022-10-02","","101.8"
"CASA DE JUSTICIA ITAGÜÍ","2022-10-01","","53.90375"
"CASA DE JUSTICIA ITAGÜÍ","2022-09-30","","59.03791667"
"CASA DE JUSTICIA ITAGÜÍ","2022-09-29","","99.60458333"
"CASA DE JUSTICIA ITAGÜÍ","2022-09-28","","56.66416667"
"CASA DE JUSTICIA ITAGÜÍ","2022-09-27","","69.28541667"
"CASA DE JUSTICIA ITAGÜÍ","2022-09-26","","94.92791667"
"CASA DE JUSTICIA ITAGÜÍ","2022-09-25","","76.58541667"
"CASA DE JUSTICIA ITAGÜÍ","2022-09-24","","64.06208333"
"CASA DE JUSTICIA ITAGÜÍ","2022-09-23","","84.82583333"
"CASA DE JUSTICIA ITAGÜÍ","2022-09-22","","48.31166667"
"CASA DE JUSTICIA ITAGÜÍ","2022-09-21","","72.67125"
"CASA DE JUSTICIA ITAGÜÍ","2022-09-20","","58.67666667"
"CASA DE JUSTICIA ITAGÜÍ","2022-09-19","","62.4975"
"CASA DE JUSTICIA ITAGÜÍ","2022-09-18","","64.31166667"
"CASA DE JUSTICIA ITAGÜÍ","2022-09-17","","68.38958333"
"CASA DE JUSTICIA ITAGÜÍ","2022-09-16","","94.21375"
"CASA DE JUSTICIA ITAGÜÍ","2022-09-15","","86.69416667"
"CASA DE JUSTICIA ITAGÜÍ","2022-09-14","","59.18916667"
"CASA DE JUSTICIA ITAGÜÍ","2022-09-13","","107.22208333"
"CASA DE JUSTICIA ITAGÜÍ","2022-09-12","","75.61708333"
"CASA DE JUSTICIA ITAGÜÍ","2022-09-11","","88.69541667"
"CASA DE JUSTICIA ITAGÜÍ","2022-09-10","","99.02041667"
"CASA DE JUSTICIA ITAGÜÍ","2022-09-09","","106.14333333"
"CASA DE JUSTICIA ITAGÜÍ","2022-09-08","","84.37541667"
"CASA DE JUSTICIA ITAGÜÍ","2022-09-07","","96.24666667"
"CASA DE JUSTICIA ITAGÜÍ","2022-09-06","","98.845"
"CASA DE JUSTICIA ITAGÜÍ","2022-09-05","","107.92083333"
"CASA DE JUSTICIA ITAGÜÍ","2022-09-04","","58.16166667"
"CASA DE JUSTICIA ITAGÜÍ","2022-09-03","","98.37708333"
"CASA DE JUSTICIA ITAGÜÍ","2022-09-02","","116.31357143"
"CASA DE JUSTICIA ITAGÜÍ","2022-08-22","","11.546"
"CASA DE JUSTICIA ITAGÜÍ","2022-08-21","","59.33166667"
"CASA DE JUSTICIA ITAGÜÍ","2022-08-20","","81.12958333"
"CASA DE JUSTICIA ITAGÜÍ","2022-08-19","","110.03791667"
"CASA DE JUSTICIA ITAGÜÍ","2022-08-18","","79.82666667"
"CASA DE JUSTICIA ITAGÜÍ","2022-08-17","","108.09833333"
"CASA DE JUSTICIA ITAGÜÍ","2022-08-16","","79.01"
"CASA DE JUSTICIA ITAGÜÍ","2022-08-15","","68.22416667"
"CASA DE JUSTICIA ITAGÜÍ","2022-08-14","","91.62875"
"CASA DE JUSTICIA ITAGÜÍ","2022-08-13","","71.36375"
"CASA DE JUSTICIA ITAGÜÍ","2022-08-12","","90.42041667"
"CASA DE JUSTICIA ITAGÜÍ","2022-08-11","","78.17291667"
"CASA DE JUSTICIA ITAGÜÍ","2022-08-10","","93.10375"
"CASA DE JUSTICIA ITAGÜÍ","2022-08-09","","82.64458333"
"CASA DE JUSTICIA ITAGÜÍ","2022-08-08","","125.655"
"CASA DE JUSTICIA ITAGÜÍ","2022-08-07","","114.05791667"
"CASA DE JUSTICIA ITAGÜÍ","2022-08-06","","71.12208333"
"CASA DE JUSTICIA ITAGÜÍ","2022-08-05","","69.15333333"
"CASA DE JUSTICIA ITAGÜÍ","2022-08-04","","74.72541667"
"CASA DE JUSTICIA ITAGÜÍ","2022-08-03","","73.68333333"
"CASA DE JUSTICIA ITAGÜÍ","2022-08-02","","63.34583333"
"CASA DE JUSTICIA ITAGÜÍ","2022-08-01","","78.83791667"
"CASA DE JUSTICIA ITAGÜÍ","2022-07-31","","69.23521739"
"CASA DE JUSTICIA ITAGÜÍ","2022-07-30","","104.78208333"
"CASA DE JUSTICIA ITAGÜÍ","2022-07-29","","112.38625"
"CASA DE JUSTICIA ITAGÜÍ","2022-07-28","","70.29375"
"CASA DE JUSTICIA ITAGÜÍ","2022-07-27","","66.38125"
"CASA DE JUSTICIA ITAGÜÍ","2022-07-26","","80.04333333"
"CASA DE JUSTICIA ITAGÜÍ","2022-07-25","","80.54125"
"CASA DE JUSTICIA ITAGÜÍ","2022-07-24","","75.74416667"
"CASA DE JUSTICIA ITAGÜÍ","2022-07-23","","51.67041667"
"CASA DE JUSTICIA ITAGÜÍ","2022-07-22","","95.80375"
"CASA DE JUSTICIA ITAGÜÍ","2022-07-21","","92.34958333"
"CASA DE JUSTICIA ITAGÜÍ","2022-07-20","","96.5225"
"CASA DE JUSTICIA ITAGÜÍ","2022-07-19","","110.83416667"
"CASA DE JUSTICIA ITAGÜÍ","2022-07-18","","97.87625"
"CASA DE JUSTICIA ITAGÜÍ","2022-07-17","","101.97583333"
"CASA DE JUSTICIA ITAGÜÍ","2022-07-16","","99.4375"
"CASA DE JUSTICIA ITAGÜÍ","2022-07-15","","88.605"
"CASA DE JUSTICIA ITAGÜÍ","2022-07-14","","87.50875"
"CASA DE JUSTICIA ITAGÜÍ","2022-07-13","","109.00541667"
"CASA DE JUSTICIA ITAGÜÍ","2022-07-12","","78.70541667"
"CASA DE JUSTICIA ITAGÜÍ","2022-07-11","","60.59416667"
"CASA DE JUSTICIA ITAGÜÍ","2022-07-10","","98.50708333"
"CASA DE JUSTICIA ITAGÜÍ","2022-07-09","","110.35708333"
"CASA DE JUSTICIA ITAGÜÍ","2022-07-08","","77.875"
"CASA DE JUSTICIA ITAGÜÍ","2022-07-07","","102.2825"
"CASA DE JUSTICIA ITAGÜÍ","2022-07-06","","83.51416667"
"CASA DE JUSTICIA ITAGÜÍ","2022-07-05","","95.26541667"
"CASA DE JUSTICIA ITAGÜÍ","2022-07-04","","65.78583333"
"CASA DE JUSTICIA ITAGÜÍ","2022-07-03","","90.65708333"
"CASA DE JUSTICIA ITAGÜÍ","2022-07-02","","76.99625"
"CASA DE JUSTICIA ITAGÜÍ","2022-07-01","","90.48666667"
"CASA DE JUSTICIA ITAGÜÍ","2022-06-30","","98.71272727"
"CASA DE JUSTICIA ITAGÜÍ","2022-06-29","","70.775"
"CASA DE JUSTICIA ITAGÜÍ","2022-06-28","","71.6826087"
"CASA DE JUSTICIA ITAGÜÍ","2022-06-27","","78.28875"
"CASA DE JUSTICIA ITAGÜÍ","2022-06-26","","76.99458333"
"CASA DE JUSTICIA ITAGÜÍ","2022-06-25","","68.67875"
"CASA DE JUSTICIA ITAGÜÍ","2022-06-24","","78.59916667"
"CASA DE JUSTICIA ITAGÜÍ","2022-06-23","","95.34958333"
"CASA DE JUSTICIA ITAGÜÍ","2022-06-22","","99.45"
"CASA DE JUSTICIA ITAGÜÍ","2022-06-21","","106.94125"
"CASA DE JUSTICIA ITAGÜÍ","2022-06-20","","70.45666667"
"CASA DE JUSTICIA ITAGÜÍ","2022-06-19","","76.45541667"
"CASA DE JUSTICIA ITAGÜÍ","2022-06-18","","72.79333333"
"CASA DE JUSTICIA ITAGÜÍ","2022-06-17","","90.56083333"
"CASA DE JUSTICIA ITAGÜÍ","2022-06-16","","53.22708333"
"CASA DE JUSTICIA ITAGÜÍ","2022-06-15","","106.41791667"
"CASA DE JUSTICIA ITAGÜÍ","2022-06-14","","58.67375"
"CASA DE JUSTICIA ITAGÜÍ","2022-06-13","","81.29608696"
"CASA DE JUSTICIA ITAGÜÍ","2022-06-12","","89.2475"
"CASA DE JUSTICIA ITAGÜÍ","2022-06-11","","81.21458333"
"CASA DE JUSTICIA ITAGÜÍ","2022-06-10","","75.37125"
"CASA DE JUSTICIA ITAGÜÍ","2022-06-09","","112.99125"
"CASA DE JUSTICIA ITAGÜÍ","2022-06-08","","67.4775"
"CASA DE JUSTICIA ITAGÜÍ","2022-06-07","","97.11833333"
"CASA DE JUSTICIA ITAGÜÍ","2022-06-06","","31.31791667"
"CASA DE JUSTICIA ITAGÜÍ","2022-06-05","","97.80208333"
"CASA DE JUSTICIA ITAGÜÍ","2022-06-04","","56.39333333"
"CASA DE JUSTICIA ITAGÜÍ","2022-06-03","","52.29958333"
"CASA DE JUSTICIA ITAGÜÍ","2022-06-02","","56.94291667"
"CASA DE JUSTICIA ITAGÜÍ","2022-06-01","","86.8575"
"CASA DE JUSTICIA ITAGÜÍ","2022-05-31","","74.60565217"
"CASA DE JUSTICIA ITAGÜÍ","2022-05-30","","83.67041667"
"CASA DE JUSTICIA ITAGÜÍ","2022-05-29","","77.16125"
"CASA DE JUSTICIA ITAGÜÍ","2022-05-28","","82.66"
"CASA DE JUSTICIA ITAGÜÍ","2022-05-27","","88.9325"
"CASA DE JUSTICIA ITAGÜÍ","2022-05-26","","71.34583333"
"CASA DE JUSTICIA ITAGÜÍ","2022-05-25","","69.66291667"
"CASA DE JUSTICIA ITAGÜÍ","2022-05-24","","83.83875"
"CASA DE JUSTICIA ITAGÜÍ","2022-05-23","","105.76541667"
"CASA DE JUSTICIA ITAGÜÍ","2022-05-22","","118.37583333"
"CASA DE JUSTICIA ITAGÜÍ","2022-05-21","","84.86958333"
"CASA DE JUSTICIA ITAGÜÍ","2022-05-20","","68.26125"
"CASA DE JUSTICIA ITAGÜÍ","2022-05-19","","62.10916667"
"CASA DE JUSTICIA ITAGÜÍ","2022-05-18","","62.43958333"
"CASA DE JUSTICIA ITAGÜÍ","2022-05-17","","52.5675"
"CASA DE JUSTICIA ITAGÜÍ","2022-05-16","","71.44541667"
"CASA DE JUSTICIA ITAGÜÍ","2022-05-15","","120.16208333"
"CASA DE JUSTICIA ITAGÜÍ","2022-05-14","","86.44916667"
"CASA DE JUSTICIA ITAGÜÍ","2022-05-13","","84.975"
"CASA DE JUSTICIA ITAGÜÍ","2022-05-12","","96.86333333"
"CASA DE JUSTICIA ITAGÜÍ","2022-05-11","","82.88583333"
"CASA DE JUSTICIA ITAGÜÍ","2022-05-10","","87.96458333"
"CASA DE JUSTICIA ITAGÜÍ","2022-05-09","","79.45708333"
"CASA DE JUSTICIA ITAGÜÍ","2022-05-08","","109.62166667"
"CASA DE JUSTICIA ITAGÜÍ","2022-05-07","","66.40291667"
"CASA DE JUSTICIA ITAGÜÍ","2022-05-06","","56.2825"
"CASA DE JUSTICIA ITAGÜÍ","2022-05-05","","50.24"
"CASA DE JUSTICIA ITAGÜÍ","2022-05-04","","85.60166667"
"CASA DE JUSTICIA ITAGÜÍ","2022-05-03","","138.22041667"
"CASA DE JUSTICIA ITAGÜÍ","2022-05-02","","103.60333333"
"CASA DE JUSTICIA ITAGÜÍ","2022-05-01","","123.18125"
"CASA DE JUSTICIA ITAGÜÍ","2022-04-30","","80.49826087"
"CASA DE JUSTICIA ITAGÜÍ","2022-04-29","","92.54833333"
"CASA DE JUSTICIA ITAGÜÍ","2022-04-28","","91.48083333"
"CASA DE JUSTICIA ITAGÜÍ","2022-04-27","","95.10916667"
"CASA DE JUSTICIA ITAGÜÍ","2022-04-26","","83.87833333"
"CASA DE JUSTICIA ITAGÜÍ","2022-04-25","","49.81708333"
"CASA DE JUSTICIA ITAGÜÍ","2022-04-24","","86.37833333"
"CASA DE JUSTICIA ITAGÜÍ","2022-04-23","","108.68041667"
"CASA DE JUSTICIA ITAGÜÍ","2022-04-22","","89.69875"
"CASA DE JUSTICIA ITAGÜÍ","2022-04-21","","99.44458333"
"CASA DE JUSTICIA ITAGÜÍ","2022-04-20","","70.48375"
"CASA DE JUSTICIA ITAGÜÍ","2022-04-19","","88.50583333"
"CASA DE JUSTICIA ITAGÜÍ","2022-04-18","","46.0075"
"CASA DE JUSTICIA ITAGÜÍ","2022-04-17","","84.60458333"
"CASA DE JUSTICIA ITAGÜÍ","2022-04-16","","42.44708333"
"CASA DE JUSTICIA ITAGÜÍ","2022-04-15","","87.95"
"CASA DE JUSTICIA ITAGÜÍ","2022-04-14","","78.80541667"
"CASA DE JUSTICIA ITAGÜÍ","2022-04-13","","65.80125"
"CASA DE JUSTICIA ITAGÜÍ","2022-04-12","","107.21333333"
"CASA DE JUSTICIA ITAGÜÍ","2022-04-11","","92.855"
"CASA DE JUSTICIA ITAGÜÍ","2022-04-10","","75.90125"
"CASA DE JUSTICIA ITAGÜÍ","2022-04-09","","90.79125"
"CASA DE JUSTICIA ITAGÜÍ","2022-04-08","","78.47375"
"CASA DE JUSTICIA ITAGÜÍ","2022-04-07","","82.1425"
"CASA DE JUSTICIA ITAGÜÍ","2022-04-06","","109.43541667"
"CASA DE JUSTICIA ITAGÜÍ","2022-04-05","","99.29166667"
"CASA DE JUSTICIA ITAGÜÍ","2022-04-04","","79.13333333"
"CASA DE JUSTICIA ITAGÜÍ","2022-04-03","","81.60041667"
"CASA DE JUSTICIA ITAGÜÍ","2022-04-02","","94.9225"
"CASA DE JUSTICIA ITAGÜÍ","2022-04-01","","92.13333333"
"CASA DE JUSTICIA ITAGÜÍ","2022-03-30","","100.06"
"CASA DE JUSTICIA ITAGÜÍ","2022-03-29","","94.86625"
"CASA DE JUSTICIA ITAGÜÍ","2022-03-28","","84.85125"
"CASA DE JUSTICIA ITAGÜÍ","2022-03-27","","58.435"
"CASA DE JUSTICIA ITAGÜÍ","2022-03-26","","81.76166667"
"CASA DE JUSTICIA ITAGÜÍ","2022-03-17","","101.8325"
"CASA DE JUSTICIA ITAGÜÍ","2022-03-16","","76.00166667"
"CASA DE JUSTICIA ITAGÜÍ","2022-03-15","","88.46166667"
"CASA DE JUSTICIA ITAGÜÍ","2022-03-14","","115.12208333"
"CASA DE JUSTICIA ITAGÜÍ","2022-03-13","","133.68625"
"CASA DE JUSTICIA ITAGÜÍ","2022-03-12","","135.39291667"
"CASA DE JUSTICIA ITAGÜÍ","2022-03-11","","114.16708333"
"CASA DE JUSTICIA ITAGÜÍ","2022-03-10","","135.25416667"
"CASA DE JUSTICIA ITAGÜÍ","2022-03-09","","84.89083333"
"CASA DE JUSTICIA ITAGÜÍ","2022-03-08","","90.02791667"
"CASA DE JUSTICIA ITAGÜÍ","2022-03-07","","90.64708333"
"CASA DE JUSTICIA ITAGÜÍ","2022-03-06","","37.73083333"
"CASA DE JUSTICIA ITAGÜÍ","2022-03-05","","67.83791667"
"CASA DE JUSTICIA ITAGÜÍ","2022-03-04","","63.67416667"
"CASA DE JUSTICIA ITAGÜÍ","2022-03-03","","97.59583333"
"CASA DE JUSTICIA ITAGÜÍ","2022-03-02","","37.35166667"
"CASA DE JUSTICIA ITAGÜÍ","2022-03-01","","99.52"
"CASA DE JUSTICIA ITAGÜÍ","2022-02-28","","61.59"
"CASA DE JUSTICIA ITAGÜÍ","2022-02-27","","76.425"
"CASA DE JUSTICIA ITAGÜÍ","2022-02-26","","48.23375"
"CASA DE JUSTICIA ITAGÜÍ","2022-02-25","","119.43083333"
"CASA DE JUSTICIA ITAGÜÍ","2022-02-24","","92.27625"
"CASA DE JUSTICIA ITAGÜÍ","2022-02-23","","124.79666667"
"CASA DE JUSTICIA ITAGÜÍ","2022-02-22","","123.5875"
"CASA DE JUSTICIA ITAGÜÍ","2022-02-21","","126.90041667"
"CASA DE JUSTICIA ITAGÜÍ","2022-02-20","","80.29541667"
"CASA DE JUSTICIA ITAGÜÍ","2022-02-19","","81.39333333"
"CASA DE JUSTICIA ITAGÜÍ","2022-02-18","","21.2425"
"CASA DE JUSTICIA ITAGÜÍ","2022-02-17","","99.94583333"
"CASA DE JUSTICIA ITAGÜÍ","2022-02-16","","92.05083333"
"CASA DE JUSTICIA ITAGÜÍ","2022-02-15","","82.79625"
"CASA DE JUSTICIA ITAGÜÍ","2022-02-14","","57.41"
"CASA DE JUSTICIA ITAGÜÍ","2022-02-13","","68.80791667"
"CASA DE JUSTICIA ITAGÜÍ","2022-02-12","","125.57"
"CASA DE JUSTICIA ITAGÜÍ","2022-02-11","","128.80875"
"CASA DE JUSTICIA ITAGÜÍ","2022-02-10","","93.68875"
"CASA DE JUSTICIA ITAGÜÍ","2022-02-09","","60.21125"
"CASA DE JUSTICIA ITAGÜÍ","2022-02-08","","50.91166667"
"CASA DE JUSTICIA ITAGÜÍ","2022-02-07","","66.15166667"
"CASA DE JUSTICIA ITAGÜÍ","2022-02-06","","93.20666667"
"CASA DE JUSTICIA ITAGÜÍ","2022-02-05","","82.53125"
"CASA DE JUSTICIA ITAGÜÍ","2022-02-04","","83.38"
"CASA DE JUSTICIA ITAGÜÍ","2022-02-03","","78.51416667"
"CASA DE JUSTICIA ITAGÜÍ","2022-02-02","","105.43875"
"CASA DE JUSTICIA ITAGÜÍ","2022-02-01","","111.52166667"
"CASA DE JUSTICIA ITAGÜÍ","2022-01-31","","143.91956522"
"CASA DE JUSTICIA ITAGÜÍ","2022-01-30","","132.43458333"
"CASA DE JUSTICIA ITAGÜÍ","2022-01-29","","112.91541667"
"CASA DE JUSTICIA ITAGÜÍ","2022-01-28","","108.12958333"
"CASA DE JUSTICIA ITAGÜÍ","2022-01-27","","96.77666667"
"CASA DE JUSTICIA ITAGÜÍ","2022-01-26","","78.62583333"
"CASA DE JUSTICIA ITAGÜÍ","2022-01-25","","69.4825"
"CASA DE JUSTICIA ITAGÜÍ","2022-01-24","","81.99458333"
"CASA DE JUSTICIA ITAGÜÍ","2022-01-23","","112.70208333"
"CASA DE JUSTICIA ITAGÜÍ","2022-01-22","","52.38208333"
"CASA DE JUSTICIA ITAGÜÍ","2022-01-21","","87.96666667"
"CASA DE JUSTICIA ITAGÜÍ","2022-01-20","","93.45958333"
"CASA DE JUSTICIA ITAGÜÍ","2022-01-19","","116.24"
"CASA DE JUSTICIA ITAGÜÍ","2022-01-18","","51.48125"
"CASA DE JUSTICIA ITAGÜÍ","2022-01-17","","69.94833333"
"CASA DE JUSTICIA ITAGÜÍ","2022-01-16","","108.25958333"
"CASA DE JUSTICIA ITAGÜÍ","2022-01-15","","99.55291667"
"CASA DE JUSTICIA ITAGÜÍ","2022-01-14","","98.24916667"
"CASA DE JUSTICIA ITAGÜÍ","2022-01-13","","100.84875"
"CASA DE JUSTICIA ITAGÜÍ","2022-01-12","","98.19458333"
"CASA DE JUSTICIA ITAGÜÍ","2022-01-11","","67.02875"
"CASA DE JUSTICIA ITAGÜÍ","2022-01-10","","59.10416667"
"CASA DE JUSTICIA ITAGÜÍ","2022-01-09","","87.63416667"
"CASA DE JUSTICIA ITAGÜÍ","2022-01-08","","79.19708333"
"CASA DE JUSTICIA ITAGÜÍ","2022-01-07","","64.03625"
"CASA DE JUSTICIA ITAGÜÍ","2022-01-06","","65.24125"
"CASA DE JUSTICIA ITAGÜÍ","2022-01-05","","113.9125"
"CASA DE JUSTICIA ITAGÜÍ","2022-01-04","","126.89291667"
"CASA DE JUSTICIA ITAGÜÍ","2022-01-03","","101.93416667"
"CASA DE JUSTICIA ITAGÜÍ","2022-01-02","","61.25541667"
"CASA DE JUSTICIA ITAGÜÍ","2022-01-01","","82.76958333"
"CASA DE JUSTICIA ITAGÜÍ","2021-12-31","","91.34913043"
"CASA DE JUSTICIA ITAGÜÍ","2021-12-30","","87.74833333"
"CASA DE JUSTICIA ITAGÜÍ","2021-12-29","","41.7225"
"CASA DE JUSTICIA ITAGÜÍ","2021-12-28","","80.92708333"
"CASA DE JUSTICIA ITAGÜÍ","2021-12-27","","45.66291667"
"CASA DE JUSTICIA ITAGÜÍ","2021-12-26","","75.04291667"
"CASA DE JUSTICIA ITAGÜÍ","2021-12-25","","95.06291667"
"CASA DE JUSTICIA ITAGÜÍ","2021-12-24","","102.2125"
"CASA DE JUSTICIA ITAGÜÍ","2021-12-23","","109.00041667"
"CASA DE JUSTICIA ITAGÜÍ","2021-12-22","","102.40458333"
"CASA DE JUSTICIA ITAGÜÍ","2021-12-21","","57.39791667"
"CASA DE JUSTICIA ITAGÜÍ","2021-12-20","","89.0275"
"CASA DE JUSTICIA ITAGÜÍ","2021-12-19","","119.07"
"CASA DE JUSTICIA ITAGÜÍ","2021-12-18","","29.70833333"
"CASA DE JUSTICIA ITAGÜÍ","2021-12-17","","38.46625"
"CASA DE JUSTICIA ITAGÜÍ","2021-12-16","","74.28083333"
"CASA DE JUSTICIA ITAGÜÍ","2021-12-15","","87.40291667"
"CASA DE JUSTICIA ITAGÜÍ","2021-12-14","","63.47791667"
"CASA DE JUSTICIA ITAGÜÍ","2021-12-13","","126.0825"
"CASA DE JUSTICIA ITAGÜÍ","2021-12-12","","35.53541667"
"CASA DE JUSTICIA ITAGÜÍ","2021-12-11","","73.44833333"
"CASA DE JUSTICIA ITAGÜÍ","2021-12-10","","103.86875"
"CASA DE JUSTICIA ITAGÜÍ","2021-12-09","","72.47375"
"CASA DE JUSTICIA ITAGÜÍ","2021-12-08","","83.84458333"
"CASA DE JUSTICIA ITAGÜÍ","2021-12-07","","108.89833333"
"CASA DE JUSTICIA ITAGÜÍ","2021-12-06","","89.86083333"
"CASA DE JUSTICIA ITAGÜÍ","2021-12-05","","93.69"
"CASA DE JUSTICIA ITAGÜÍ","2021-12-04","","75.5125"
"CASA DE JUSTICIA ITAGÜÍ","2021-12-03","","65.92875"
"CASA DE JUSTICIA ITAGÜÍ","2021-12-02","","116.56916667"
"CASA DE JUSTICIA ITAGÜÍ","2021-12-01","","106.13"
"CASA DE JUSTICIA ITAGÜÍ","2021-11-03","","80.86695652"
"CASA DE JUSTICIA ITAGÜÍ","2021-11-02","","92.49708333"
"CASA DE JUSTICIA ITAGÜÍ","2021-11-01","","119.53375"
"CASA DE JUSTICIA ITAGÜÍ","2021-10-31","","86.22782609"
"CASA DE JUSTICIA ITAGÜÍ","2021-10-30","","90.93541667"
"CASA DE JUSTICIA ITAGÜÍ","2021-10-29","","67.89875"
"CASA DE JUSTICIA ITAGÜÍ","2021-10-28","","92.90125"
"CASA DE JUSTICIA ITAGÜÍ","2021-10-27","","83.13916667"
"CASA DE JUSTICIA ITAGÜÍ","2021-10-26","","106.64083333"
"CASA DE JUSTICIA ITAGÜÍ","2021-10-25","","127.09333333"
"CASA DE JUSTICIA ITAGÜÍ","2021-10-24","","106.80708333"
"CASA DE JUSTICIA ITAGÜÍ","2021-10-23","","72.8275"
"CASA DE JUSTICIA ITAGÜÍ","2021-10-22","","96.49541667"
"CASA DE JUSTICIA ITAGÜÍ","2021-10-21","","102.16708333"
"CASA DE JUSTICIA ITAGÜÍ","2021-10-20","","96.88625"
"CASA DE JUSTICIA ITAGÜÍ","2021-10-19","","126.95541667"
"CASA DE JUSTICIA ITAGÜÍ","2021-10-18","","122.77875"
"CASA DE JUSTICIA ITAGÜÍ","2021-10-17","","83.45833333"
"CASA DE JUSTICIA ITAGÜÍ","2021-10-16","","83.99833333"
"CASA DE JUSTICIA ITAGÜÍ","2021-10-15","","116.99791667"
"CASA DE JUSTICIA ITAGÜÍ","2021-10-14","","74.42083333"
"CASA DE JUSTICIA ITAGÜÍ","2021-10-13","","104.23083333"
"CASA DE JUSTICIA ITAGÜÍ","2021-10-12","","86.26708333"
"CASA DE JUSTICIA ITAGÜÍ","2021-10-11","","93.47125"
"CASA DE JUSTICIA ITAGÜÍ","2021-10-10","","91.04291667"
"CASA DE JUSTICIA ITAGÜÍ","2021-10-09","","95.29416667"
"CASA DE JUSTICIA ITAGÜÍ","2021-10-08","","94.61208333"
"CASA DE JUSTICIA ITAGÜÍ","2021-10-07","","115.19583333"
"CASA DE JUSTICIA ITAGÜÍ","2021-10-06","","96.19416667"
"CASA DE JUSTICIA ITAGÜÍ","2021-10-05","","72.695"
"CASA DE JUSTICIA ITAGÜÍ","2021-10-04","","132.87291667"
"CASA DE JUSTICIA ITAGÜÍ","2021-10-03","","123.78291667"
"CASA DE JUSTICIA ITAGÜÍ","2021-10-02","","107.12583333"
"CASA DE JUSTICIA ITAGÜÍ","2021-10-01","","69.45708333"
"CASA DE JUSTICIA ITAGÜÍ","2021-09-30","","94.51913043"
"CASA DE JUSTICIA ITAGÜÍ","2021-09-29","","104.56625"
"CASA DE JUSTICIA ITAGÜÍ","2021-09-28","","36.35958333"
"CASA DE JUSTICIA ITAGÜÍ","2021-09-27","","123.2025"
"CASA DE JUSTICIA ITAGÜÍ","2021-09-26","","132.56125"
"CASA DE JUSTICIA ITAGÜÍ","2021-09-25","","130.265"
"CASA DE JUSTICIA ITAGÜÍ","2021-09-24","","112.93791667"
"CASA DE JUSTICIA ITAGÜÍ","2021-09-23","","71.8275"
"CASA DE JUSTICIA ITAGÜÍ","2021-09-22","","66.74208333"
"CASA DE JUSTICIA ITAGÜÍ","2021-09-21","","91.04958333"
"CASA DE JUSTICIA ITAGÜÍ","2021-09-20","","119.63708333"
"CASA DE JUSTICIA ITAGÜÍ","2021-09-19","","150.23666667"
"CASA DE JUSTICIA ITAGÜÍ","2021-09-18","","136.75541667"
"CASA DE JUSTICIA ITAGÜÍ","2021-09-17","","148.91291667"
"CASA DE JUSTICIA ITAGÜÍ","2021-09-16","","135.9575"
"CASA DE JUSTICIA ITAGÜÍ","2021-09-15","","130.77625"
"CASA DE JUSTICIA ITAGÜÍ","2021-09-14","","111.96166667"
"CASA DE JUSTICIA ITAGÜÍ","2021-09-13","","124.09916667"
"CASA DE JUSTICIA ITAGÜÍ","2021-09-12","","93.40833333"
"CASA DE JUSTICIA ITAGÜÍ","2021-09-11","","59.07791667"
"CASA DE JUSTICIA ITAGÜÍ","2021-09-10","","121.035"
"CASA DE JUSTICIA ITAGÜÍ","2021-09-09","","121.97958333"
"CASA DE JUSTICIA ITAGÜÍ","2021-09-08","","70.4775"
"CASA DE JUSTICIA ITAGÜÍ","2021-09-07","","84.53375"
"CASA DE JUSTICIA ITAGÜÍ","2021-09-06","","74.27291667"
"CASA DE JUSTICIA ITAGÜÍ","2021-09-05","","108.74375"
"CASA DE JUSTICIA ITAGÜÍ","2021-09-04","","107.94625"
"CASA DE JUSTICIA ITAGÜÍ","2021-09-03","","140.2775"
"CASA DE JUSTICIA ITAGÜÍ","2021-09-02","","145.52"
"CASA DE JUSTICIA ITAGÜÍ","2021-09-01","","106.505"
"CASA DE JUSTICIA ITAGÜÍ","2021-08-31","","81.3373913"
"CASA DE JUSTICIA ITAGÜÍ","2021-08-30","","84.78708333"
"CASA DE JUSTICIA ITAGÜÍ","2021-08-29","","111.07"
"CASA DE JUSTICIA ITAGÜÍ","2021-08-28","","69.43958333"
"CASA DE JUSTICIA ITAGÜÍ","2021-08-27","","124.65375"
"CASA DE JUSTICIA ITAGÜÍ","2021-08-26","","79.80125"
"CASA DE JUSTICIA ITAGÜÍ","2021-08-25","","61.90625"
"CASA DE JUSTICIA ITAGÜÍ","2021-08-24","","111.60625"
"CASA DE JUSTICIA ITAGÜÍ","2021-08-23","","100.97458333"
"CASA DE JUSTICIA ITAGÜÍ","2021-08-22","","131.76166667"
"CASA DE JUSTICIA ITAGÜÍ","2021-08-21","","109.31791667"
"CASA DE JUSTICIA ITAGÜÍ","2021-08-20","","75.46875"
"CASA DE JUSTICIA ITAGÜÍ","2021-08-19","","68.4025"
"CASA DE JUSTICIA ITAGÜÍ","2021-08-18","","89.40458333"
"CASA DE JUSTICIA ITAGÜÍ","2021-08-17","","125.24833333"
"CASA DE JUSTICIA ITAGÜÍ","2021-08-16","","105.0"
"CASA DE JUSTICIA ITAGÜÍ","2021-08-15","","116.1"
"CASA DE JUSTICIA ITAGÜÍ","2021-08-14","","73.80041667"
"CASA DE JUSTICIA ITAGÜÍ","2021-08-13","","112.14958333"
"CASA DE JUSTICIA ITAGÜÍ","2021-08-12","","104.13083333"
"CASA DE JUSTICIA ITAGÜÍ","2021-08-11","","109.37458333"
"CASA DE JUSTICIA ITAGÜÍ","2021-08-10","","93.07541667"
"CASA DE JUSTICIA ITAGÜÍ","2021-08-09","","105.92083333"
"CASA DE JUSTICIA ITAGÜÍ","2021-08-08","","98.49625"
"CASA DE JUSTICIA ITAGÜÍ","2021-08-07","","117.355"
"CASA DE JUSTICIA ITAGÜÍ","2021-08-06","","133.99583333"
"CASA DE JUSTICIA ITAGÜÍ","2021-08-05","","142.55791667"
"CASA DE JUSTICIA ITAGÜÍ","2021-08-04","","123.14416667"
"CASA DE JUSTICIA ITAGÜÍ","2021-08-03","","74.22958333"
"CASA DE JUSTICIA ITAGÜÍ","2021-08-02","","135.79625"
"CASA DE JUSTICIA ITAGÜÍ","2021-08-01","","114.18791667"
"CASA DE JUSTICIA ITAGÜÍ","2021-07-31","","147.00086957"
"CASA DE JUSTICIA ITAGÜÍ","2021-07-30","","134.39958333"
"CASA DE JUSTICIA ITAGÜÍ","2021-07-29","","93.29416667"
"CASA DE JUSTICIA ITAGÜÍ","2021-07-28","","111.58083333"
"CASA DE JUSTICIA ITAGÜÍ","2021-07-27","","47.80727273"
"CASA DE JUSTICIA ITAGÜÍ","2021-07-26","","117.2425"
"CASA DE JUSTICIA ITAGÜÍ","2021-07-25","","76.63125"
"CASA DE JUSTICIA ITAGÜÍ","2021-07-24","","42.88291667"
"CASA DE JUSTICIA ITAGÜÍ","2021-07-23","","114.71875"
"CASA DE JUSTICIA ITAGÜÍ","2021-07-22","","100.89333333"
"CASA DE JUSTICIA ITAGÜÍ","2021-07-21","","110.21708333"
"CASA DE JUSTICIA ITAGÜÍ","2021-07-20","","139.8125"
"CASA DE JUSTICIA ITAGÜÍ","2021-07-19","","130.10958333"
"CASA DE JUSTICIA ITAGÜÍ","2021-07-18","","114.41333333"
"CASA DE JUSTICIA ITAGÜÍ","2021-07-17","","153.73708333"
"CASA DE JUSTICIA ITAGÜÍ","2021-07-16","","111.40875"
"CASA DE JUSTICIA ITAGÜÍ","2021-07-15","","123.45"
"CASA DE JUSTICIA ITAGÜÍ","2021-07-14","","130.32333333"
"CASA DE JUSTICIA ITAGÜÍ","2021-07-13","","133.36083333"
"CASA DE JUSTICIA ITAGÜÍ","2021-07-12","","96.78666667"
"CASA DE JUSTICIA ITAGÜÍ","2021-07-11","","96.06458333"
"CASA DE JUSTICIA ITAGÜÍ","2021-07-10","","81.92375"
"CASA DE JUSTICIA ITAGÜÍ","2021-07-09","","87.76625"
"CASA DE JUSTICIA ITAGÜÍ","2021-07-08","","102.38666667"
"CASA DE JUSTICIA ITAGÜÍ","2021-07-07","","126.205"
"CASA DE JUSTICIA ITAGÜÍ","2021-07-06","","122.5725"
"CASA DE JUSTICIA ITAGÜÍ","2021-07-05","","99.21125"
"CASA DE JUSTICIA ITAGÜÍ","2021-07-04","","113.56375"
"CASA DE JUSTICIA ITAGÜÍ","2021-07-03","","80.39375"
"CASA DE JUSTICIA ITAGÜÍ","2021-07-02","","115.87958333"
"CASA DE JUSTICIA ITAGÜÍ","2021-07-01","","79.38291667"
"CASA DE JUSTICIA ITAGÜÍ","2021-06-30","","87.58086957"
"CASA DE JUSTICIA ITAGÜÍ","2021-06-29","","113.78666667"
"CASA DE JUSTICIA ITAGÜÍ","2021-06-28","","112.48208333"
"CASA DE JUSTICIA ITAGÜÍ","2021-06-27","","115.52291667"
"CASA DE JUSTICIA ITAGÜÍ","2021-06-26","","88.31333333"
"CASA DE JUSTICIA ITAGÜÍ","2021-06-25","","104.35125"
"CASA DE JUSTICIA ITAGÜÍ","2021-06-24","","115.98916667"
"CASA DE JUSTICIA ITAGÜÍ","2021-06-23","","111.91708333"
"CASA DE JUSTICIA ITAGÜÍ","2021-06-22","","69.89458333"
"CASA DE JUSTICIA ITAGÜÍ","2021-06-21","","102.7925"
"CASA DE JUSTICIA ITAGÜÍ","2021-06-20","","118.26458333"
"CASA DE JUSTICIA ITAGÜÍ","2021-06-19","","109.51541667"
"CASA DE JUSTICIA ITAGÜÍ","2021-06-18","","130.33791667"
"CASA DE JUSTICIA ITAGÜÍ","2021-06-17","","99.46458333"
"CASA DE JUSTICIA ITAGÜÍ","2021-06-16","","114.915"
"CASA DE JUSTICIA ITAGÜÍ","2021-06-15","","107.0975"
"CASA DE JUSTICIA ITAGÜÍ","2021-06-14","","104.23375"
"CASA DE JUSTICIA ITAGÜÍ","2021-06-13","","63.23291667"
"CASA DE JUSTICIA ITAGÜÍ","2021-06-12","","121.19"
"CASA DE JUSTICIA ITAGÜÍ","2021-06-11","","128.605"
"CASA DE JUSTICIA ITAGÜÍ","2021-06-10","","109.39"
"CASA DE JUSTICIA ITAGÜÍ","2021-06-09","","71.65458333"
"CASA DE JUSTICIA ITAGÜÍ","2021-06-08","","71.09875"
"CASA DE JUSTICIA ITAGÜÍ","2021-06-07","","64.06375"
"CASA DE JUSTICIA ITAGÜÍ","2021-06-06","","102.35458333"
"CASA DE JUSTICIA ITAGÜÍ","2021-06-05","","89.51875"
"CASA DE JUSTICIA ITAGÜÍ","2021-06-04","","128.52541667"
"CASA DE JUSTICIA ITAGÜÍ","2021-06-03","","110.43166667"
"CASA DE JUSTICIA ITAGÜÍ","2021-06-02","","107.01791667"
"CASA DE JUSTICIA ITAGÜÍ","2021-06-01","","76.16083333"
"CASA DE JUSTICIA ITAGÜÍ","2021-05-31","","90.68608696"
"CASA DE JUSTICIA ITAGÜÍ","2021-05-30","","93.0175"
"CASA DE JUSTICIA ITAGÜÍ","2021-05-29","","53.05833333"
"CASA DE JUSTICIA ITAGÜÍ","2021-05-28","","72.77583333"
"CASA DE JUSTICIA ITAGÜÍ","2021-05-27","","64.16375"
"CASA DE JUSTICIA ITAGÜÍ","2021-05-26","","112.06666667"
"CASA DE JUSTICIA ITAGÜÍ","2021-05-25","","128.64478261"
"CASA DE JUSTICIA ITAGÜÍ","2021-05-24","","92.18375"
"CASA DE JUSTICIA ITAGÜÍ","2021-05-23","","103.29833333"
"CASA DE JUSTICIA ITAGÜÍ","2021-05-22","","109.90125"
"CASA DE JUSTICIA ITAGÜÍ","2021-05-21","","81.40041667"
"CASA DE JUSTICIA ITAGÜÍ","2021-05-20","","128.04695652"
"CASA DE JUSTICIA ITAGÜÍ","2021-05-19","","129.38291667"
"CASA DE JUSTICIA ITAGÜÍ","2021-05-18","","84.27416667"
"CASA DE JUSTICIA ITAGÜÍ","2021-05-17","","123.14583333"
"CASA DE JUSTICIA ITAGÜÍ","2021-05-16","","100.63666667"
"CASA DE JUSTICIA ITAGÜÍ","2021-05-15","","121.55565217"
"CASA DE JUSTICIA ITAGÜÍ","2021-05-14","","116.50166667"
"CASA DE JUSTICIA ITAGÜÍ","2021-05-13","","136.00333333"
"CASA DE JUSTICIA ITAGÜÍ","2021-05-12","","116.68708333"
"CASA DE JUSTICIA ITAGÜÍ","2021-05-11","","110.20333333"
"CASA DE JUSTICIA ITAGÜÍ","2021-05-10","","67.82695652"
"CASA DE JUSTICIA ITAGÜÍ","2021-05-09","","103.43"
"CASA DE JUSTICIA ITAGÜÍ","2021-05-08","","106.01791667"
"CASA DE JUSTICIA ITAGÜÍ","2021-05-07","","128.17958333"
"CASA DE JUSTICIA ITAGÜÍ","2021-05-06","","115.42916667"
"CASA DE JUSTICIA ITAGÜÍ","2021-05-05","","95.76434783"
"CASA DE JUSTICIA ITAGÜÍ","2021-05-04","","131.60458333"
"CASA DE JUSTICIA ITAGÜÍ","2021-05-03","","87.07333333"
"CASA DE JUSTICIA ITAGÜÍ","2021-05-02","","114.93041667"
"CASA DE JUSTICIA ITAGÜÍ","2021-05-01","","69.00916667"
"CASA DE JUSTICIA ITAGÜÍ","2021-04-30","","64.78913043"
"CASA DE JUSTICIA ITAGÜÍ","2021-04-29","","111.92708333"
"CASA DE JUSTICIA ITAGÜÍ","2021-04-28","","103.24291667"
"CASA DE JUSTICIA ITAGÜÍ","2021-04-27","","43.95125"
"CASA DE JUSTICIA ITAGÜÍ","2021-04-26","","99.14458333"
"CASA DE JUSTICIA ITAGÜÍ","2021-04-25","","123.1475"
"CASA DE JUSTICIA ITAGÜÍ","2021-04-24","","113.88"
"CASA DE JUSTICIA ITAGÜÍ","2021-04-23","","46.46875"
"CASA DE JUSTICIA ITAGÜÍ","2021-04-22","","111.97541667"
"CASA DE JUSTICIA ITAGÜÍ","2021-04-21","","99.25583333"
"CASA DE JUSTICIA ITAGÜÍ","2021-04-20","","95.72208333"
"CASA DE JUSTICIA ITAGÜÍ","2021-04-19","","140.05625"
"CASA DE JUSTICIA ITAGÜÍ","2021-04-18","","105.83708333"
"CASA DE JUSTICIA ITAGÜÍ","2021-04-17","","135.43541667"
"CASA DE JUSTICIA ITAGÜÍ","2021-04-16","","112.0825"
"CASA DE JUSTICIA ITAGÜÍ","2021-04-15","","100.40041667"
"CASA DE JUSTICIA ITAGÜÍ","2021-04-14","","89.99083333"
"CASA DE JUSTICIA ITAGÜÍ","2021-04-13","","122.84333333"
"CASA DE JUSTICIA ITAGÜÍ","2021-04-12","","94.05458333"
"CASA DE JUSTICIA ITAGÜÍ","2021-04-11","","124.82791667"
"CASA DE JUSTICIA ITAGÜÍ","2021-04-10","","112.61041667"
"CASA DE JUSTICIA ITAGÜÍ","2021-04-09","","76.17125"
"CASA DE JUSTICIA ITAGÜÍ","2021-04-08","","115.72166667"
"CASA DE JUSTICIA ITAGÜÍ","2021-04-07","","118.7"
"CASA DE JUSTICIA ITAGÜÍ","2021-04-06","","114.655"
"CASA DE JUSTICIA ITAGÜÍ","2021-04-05","","108.20416667"
"CASA DE JUSTICIA ITAGÜÍ","2021-04-04","","99.46666667"
"CASA DE JUSTICIA ITAGÜÍ","2021-04-03","","114.78625"
"CASA DE JUSTICIA ITAGÜÍ","2021-04-02","","122.9425"
"CASA DE JUSTICIA ITAGÜÍ","2021-04-01","","61.69521739"
"CASA DE JUSTICIA ITAGÜÍ","2021-03-31","","118.43"
"CASA DE JUSTICIA ITAGÜÍ","2021-03-30","","143.605"
"CASA DE JUSTICIA ITAGÜÍ","2021-03-29","","87.52708333"
"CASA DE JUSTICIA ITAGÜÍ","2021-03-28","","82.125"
"CASA DE JUSTICIA ITAGÜÍ","2021-03-27","","115.65916667"
"CASA DE JUSTICIA ITAGÜÍ","2021-03-26","","94.6875"
"CASA DE JUSTICIA ITAGÜÍ","2021-03-25","","122.25625"
"CASA DE JUSTICIA ITAGÜÍ","2021-03-24","","133.36708333"
"CASA DE JUSTICIA ITAGÜÍ","2021-03-23","","65.04625"
"CASA DE JUSTICIA ITAGÜÍ","2021-03-22","","70.33083333"
"CASA DE JUSTICIA ITAGÜÍ","2021-03-21","","139.0025"
"CASA DE JUSTICIA ITAGÜÍ","2021-03-20","","113.12333333"
"CASA DE JUSTICIA ITAGÜÍ","2021-03-19","","127.84833333"
"CASA DE JUSTICIA ITAGÜÍ","2021-03-18","","105.18916667"
"CASA DE JUSTICIA ITAGÜÍ","2021-03-17","","122.4575"
"CASA DE JUSTICIA ITAGÜÍ","2021-03-16","","112.39458333"
"CASA DE JUSTICIA ITAGÜÍ","2021-03-15","","131.99583333"
"CASA DE JUSTICIA ITAGÜÍ","2021-03-14","","124.75666667"
"CASA DE JUSTICIA ITAGÜÍ","2021-03-13","","81.09083333"
"CASA DE JUSTICIA ITAGÜÍ","2021-03-12","","63.05375"
"CASA DE JUSTICIA ITAGÜÍ","2021-03-11","","75.47375"
"CASA DE JUSTICIA ITAGÜÍ","2021-03-10","","98.86125"
"CASA DE JUSTICIA ITAGÜÍ","2021-03-09","","85.81"
"CASA DE JUSTICIA ITAGÜÍ","2021-03-08","","100.27083333"
"CASA DE JUSTICIA ITAGÜÍ","2021-03-07","","119.62"
"CASA DE JUSTICIA ITAGÜÍ","2021-03-06","","93.98375"
"CASA DE JUSTICIA ITAGÜÍ","2021-03-05","","118.15916667"
"CASA DE JUSTICIA ITAGÜÍ","2021-03-04","","114.78625"
"CASA DE JUSTICIA ITAGÜÍ","2021-03-03","","92.49875"
"CASA DE JUSTICIA ITAGÜÍ","2021-03-02","","130.4775"
"CASA DE JUSTICIA ITAGÜÍ","2021-03-01","","126.15708333"
"CASA DE JUSTICIA ITAGÜÍ","2021-02-28","","113.88541667"
"CASA DE JUSTICIA ITAGÜÍ","2021-02-27","","119.68333333"
"CASA DE JUSTICIA ITAGÜÍ","2021-02-26","","118.29208333"
"CASA DE JUSTICIA ITAGÜÍ","2021-02-25","","108.96333333"
"CASA DE JUSTICIA ITAGÜÍ","2021-02-24","","138.215"
"CASA DE JUSTICIA ITAGÜÍ","2021-02-23","","71.05"
"CASA DE JUSTICIA ITAGÜÍ","2021-02-22","","102.15"
"CASA DE JUSTICIA ITAGÜÍ","2021-02-21","","103.89416667"
"CASA DE JUSTICIA ITAGÜÍ","2021-02-20","","128.63458333"
"CASA DE JUSTICIA ITAGÜÍ","2021-02-19","","92.04833333"
"CASA DE JUSTICIA ITAGÜÍ","2021-02-18","","88.44"
"CASA DE JUSTICIA ITAGÜÍ","2021-02-17","","118.84208333"
"CASA DE JUSTICIA ITAGÜÍ","2021-02-16","","152.49791667"
"CASA DE JUSTICIA ITAGÜÍ","2021-02-15","","108.75333333"
"CASA DE JUSTICIA ITAGÜÍ","2021-02-14","","93.37291667"
"CASA DE JUSTICIA ITAGÜÍ","2021-02-13","","85.22291667"
"CASA DE JUSTICIA ITAGÜÍ","2021-02-12","","71.57916667"
"CASA DE JUSTICIA ITAGÜÍ","2021-02-11","","138.86166667"
"CASA DE JUSTICIA ITAGÜÍ","2021-02-10","","132.25458333"
"CASA DE JUSTICIA ITAGÜÍ","2021-02-09","","110.8725"
"CASA DE JUSTICIA ITAGÜÍ","2021-02-08","","103.61208333"
"CASA DE JUSTICIA ITAGÜÍ","2021-02-07","","129.065"
"CASA DE JUSTICIA ITAGÜÍ","2021-02-06","","101.99333333"
"CASA DE JUSTICIA ITAGÜÍ","2021-02-05","","97.05333333"
"CASA DE JUSTICIA ITAGÜÍ","2021-02-04","","130.00083333"
"CASA DE JUSTICIA ITAGÜÍ","2021-02-03","","99.64625"
"CASA DE JUSTICIA ITAGÜÍ","2021-02-02","","137.01041667"
"CASA DE JUSTICIA ITAGÜÍ","2021-02-01","","109.30875"
"CASA DE JUSTICIA ITAGÜÍ","2021-01-31","","157.57833333"
"CASA DE JUSTICIA ITAGÜÍ","2021-01-30","","154.60125"
"CASA DE JUSTICIA ITAGÜÍ","2021-01-29","","125.77583333"
"CASA DE JUSTICIA ITAGÜÍ","2021-01-28","","131.83916667"
"CASA DE JUSTICIA ITAGÜÍ","2021-01-27","","123.76916667"
"CASA DE JUSTICIA ITAGÜÍ","2021-01-26","","77.4975"
"CASA DE JUSTICIA ITAGÜÍ","2021-01-25","","112.97791667"
"CASA DE JUSTICIA ITAGÜÍ","2021-01-24","","122.71125"
"CASA DE JUSTICIA ITAGÜÍ","2021-01-23","","85.34958333"
"CASA DE JUSTICIA ITAGÜÍ","2021-01-22","","115.4075"
"CASA DE JUSTICIA ITAGÜÍ","2021-01-21","","101.45541667"
"CASA DE JUSTICIA ITAGÜÍ","2021-01-20","","119.03208333"
"CASA DE JUSTICIA ITAGÜÍ","2021-01-19","","144.82875"
"CASA DE JUSTICIA ITAGÜÍ","2021-01-18","","160.43916667"
"CASA DE JUSTICIA ITAGÜÍ","2021-01-17","","151.17"
"CASA DE JUSTICIA ITAGÜÍ","2021-01-16","","146.29291667"
"CASA DE JUSTICIA ITAGÜÍ","2021-01-15","","128.39375"
"CASA DE JUSTICIA ITAGÜÍ","2021-01-14","","142.31666667"
"CASA DE JUSTICIA ITAGÜÍ","2021-01-13","","143.11875"
"CASA DE JUSTICIA ITAGÜÍ","2021-01-12","","132.30166667"
"CASA DE JUSTICIA ITAGÜÍ","2021-01-11","","117.90333333"
"CASA DE JUSTICIA ITAGÜÍ","2021-01-10","","132.73208333"
"CASA DE JUSTICIA ITAGÜÍ","2021-01-09","","108.79458333"
"CASA DE JUSTICIA ITAGÜÍ","2021-01-08","","81.42875"
"CASA DE JUSTICIA ITAGÜÍ","2021-01-07","","92.64708333"
"CASA DE JUSTICIA ITAGÜÍ","2021-01-06","","109.27333333"
"CASA DE JUSTICIA ITAGÜÍ","2021-01-05","","128.62458333"
"CASA DE JUSTICIA ITAGÜÍ","2021-01-04","","124.22041667"
"CASA DE JUSTICIA ITAGÜÍ","2021-01-03","","120.90416667"
"CASA DE JUSTICIA ITAGÜÍ","2021-01-02","","122.79416667"
"CASA DE JUSTICIA ITAGÜÍ","2021-01-01","","78.43333333"
"CASA DE JUSTICIA ITAGÜÍ","2020-12-31","","125.9875"
"CASA DE JUSTICIA ITAGÜÍ","2020-12-30","","125.98291667"
"CASA DE JUSTICIA ITAGÜÍ","2020-12-29","","137.00375"
"CASA DE JUSTICIA ITAGÜÍ","2020-12-28","","140.06083333"
"CASA DE JUSTICIA ITAGÜÍ","2020-12-27","","129.81125"
"CASA DE JUSTICIA ITAGÜÍ","2020-12-26","","111.72458333"
"CASA DE JUSTICIA ITAGÜÍ","2020-12-25","","131.75291667"
"CASA DE JUSTICIA ITAGÜÍ","2020-12-24","","138.29833333"
"CASA DE JUSTICIA ITAGÜÍ","2020-12-23","","126.84916667"
"CASA DE JUSTICIA ITAGÜÍ","2020-12-22","","96.21208333"
"CASA DE JUSTICIA ITAGÜÍ","2020-12-21","","107.94666667"
"CASA DE JUSTICIA ITAGÜÍ","2020-12-20","","84.80583333"
"CASA DE JUSTICIA ITAGÜÍ","2020-12-19","","123.06416667"
"CASA DE JUSTICIA ITAGÜÍ","2020-12-18","","76.58541667"
"CASA DE JUSTICIA ITAGÜÍ","2020-12-17","","77.40416667"
"CASA DE JUSTICIA ITAGÜÍ","2020-12-16","","106.58"
"CASA DE JUSTICIA ITAGÜÍ","2020-12-15","","99.46708333"
"CASA DE JUSTICIA ITAGÜÍ","2020-12-14","","102.55041667"
"CASA DE JUSTICIA ITAGÜÍ","2020-12-13","","117.36291667"
"CASA DE JUSTICIA ITAGÜÍ","2020-12-12","","78.51125"
"CASA DE JUSTICIA ITAGÜÍ","2020-12-11","","129.70958333"
"CASA DE JUSTICIA ITAGÜÍ","2020-12-10","","123.25125"
"CASA DE JUSTICIA ITAGÜÍ","2020-12-09","","94.92166667"
"CASA DE JUSTICIA ITAGÜÍ","2020-12-08","","94.1825"
"CASA DE JUSTICIA ITAGÜÍ","2020-12-07","","103.31541667"
"CASA DE JUSTICIA ITAGÜÍ","2020-12-06","","125.88458333"
"CASA DE JUSTICIA ITAGÜÍ","2020-12-05","","136.66875"
"CASA DE JUSTICIA ITAGÜÍ","2020-12-04","","133.17291667"
"CASA DE JUSTICIA ITAGÜÍ","2020-12-03","","118.18083333"
"CASA DE JUSTICIA ITAGÜÍ","2020-12-02","","80.48875"
"CASA DE JUSTICIA ITAGÜÍ","2020-12-01","","117.78125"
"CASA DE JUSTICIA ITAGÜÍ","2020-11-30","","78.32791667"
"CASA DE JUSTICIA ITAGÜÍ","2020-11-29","","116.76625"
"CASA DE JUSTICIA ITAGÜÍ","2020-11-28","","119.83166667"
"CASA DE JUSTICIA ITAGÜÍ","2020-11-27","","106.05291667"
"CASA DE JUSTICIA ITAGÜÍ","2020-11-26","","88.35208333"
"CASA DE JUSTICIA ITAGÜÍ","2020-11-25","","134.51708333"
"CASA DE JUSTICIA ITAGÜÍ","2020-11-24","","130.85458333"
"CASA DE JUSTICIA ITAGÜÍ","2020-11-23","","139.35375"
"CASA DE JUSTICIA ITAGÜÍ","2020-11-22","","142.62958333"
"CASA DE JUSTICIA ITAGÜÍ","2020-11-21","","143.30833333"
"CASA DE JUSTICIA ITAGÜÍ","2020-11-20","","113.85458333"
"CASA DE JUSTICIA ITAGÜÍ","2020-11-19","","116.25916667"
"CASA DE JUSTICIA ITAGÜÍ","2020-11-18","","91.4825"
"CASA DE JUSTICIA ITAGÜÍ","2020-11-17","","79.11083333"
"CASA DE JUSTICIA ITAGÜÍ","2020-11-16","","98.64"
"CASA DE JUSTICIA ITAGÜÍ","2020-11-15","","145.51166667"
"CASA DE JUSTICIA ITAGÜÍ","2020-11-14","","96.685"
"CASA DE JUSTICIA ITAGÜÍ","2020-11-13","","88.1475"
"CASA DE JUSTICIA ITAGÜÍ","2020-11-12","","55.33708333"
"CASA DE JUSTICIA ITAGÜÍ","2020-11-11","","68.39875"
"CASA DE JUSTICIA ITAGÜÍ","2020-11-10","","117.95166667"
"CASA DE JUSTICIA ITAGÜÍ","2020-11-09","","73.92125"
"CASA DE JUSTICIA ITAGÜÍ","2020-11-08","","74.88666667"
"CASA DE JUSTICIA ITAGÜÍ","2020-11-07","","132.28041667"
"CASA DE JUSTICIA ITAGÜÍ","2020-11-06","","87.95833333"
"CASA DE JUSTICIA ITAGÜÍ","2020-11-05","","114.565"
"CASA DE JUSTICIA ITAGÜÍ","2020-11-04","","102.77125"
"CASA DE JUSTICIA ITAGÜÍ","2020-11-03","","107.55875"
"CASA DE JUSTICIA ITAGÜÍ","2020-11-02","","155.45291667"
"CASA DE JUSTICIA ITAGÜÍ","2020-11-01","","143.14333333"
"CASA DE JUSTICIA ITAGÜÍ","2020-10-31","","91.49"
"CASA DE JUSTICIA ITAGÜÍ","2020-10-30","","92.38"
"CASA DE JUSTICIA ITAGÜÍ","2020-10-29","","117.95583333"
"CASA DE JUSTICIA ITAGÜÍ","2020-10-28","","93.44416667"
"CASA DE JUSTICIA ITAGÜÍ","2020-10-27","","112.23833333"
"CASA DE JUSTICIA ITAGÜÍ","2020-10-26","","129.66625"
"CASA DE JUSTICIA ITAGÜÍ","2020-10-25","","110.08458333"
"CASA DE JUSTICIA ITAGÜÍ","2020-10-24","","69.785"
"CASA DE JUSTICIA ITAGÜÍ","2020-10-23","","106.96625"
"CASA DE JUSTICIA ITAGÜÍ","2020-10-22","","108.82333333"
"CASA DE JUSTICIA ITAGÜÍ","2020-10-21","","122.42416667"
"CASA DE JUSTICIA ITAGÜÍ","2020-10-20","","136.74875"
"CASA DE JUSTICIA ITAGÜÍ","2020-10-19","","51.26416667"
"CASA DE JUSTICIA ITAGÜÍ","2020-10-18","","138.99666667"
"CASA DE JUSTICIA ITAGÜÍ","2020-10-17","","102.67958333"
"CASA DE JUSTICIA ITAGÜÍ","2020-10-16","","130.23833333"
"CASA DE JUSTICIA ITAGÜÍ","2020-10-15","","122.3325"
"CASA DE JUSTICIA ITAGÜÍ","2020-10-14","","125.25"
"CASA DE JUSTICIA ITAGÜÍ","2020-10-13","","79.17708333"
"CASA DE JUSTICIA ITAGÜÍ","2020-10-12","","144.00125"
"CASA DE JUSTICIA ITAGÜÍ","2020-10-11","","156.84666667"
"CASA DE JUSTICIA ITAGÜÍ","2020-10-10","","162.72875"
"CASA DE JUSTICIA ITAGÜÍ","2020-10-09","","115.80416667"
"CASA DE JUSTICIA ITAGÜÍ","2020-10-08","","128.30708333"
"CASA DE JUSTICIA ITAGÜÍ","2020-10-07","","120.25291667"
"CASA DE JUSTICIA ITAGÜÍ","2020-10-06","","115.28666667"
"CASA DE JUSTICIA ITAGÜÍ","2020-10-05","","107.46875"
"CASA DE JUSTICIA ITAGÜÍ","2020-10-04","","100.80458333"
"CASA DE JUSTICIA ITAGÜÍ","2020-10-03","","99.07375"
"CASA DE JUSTICIA ITAGÜÍ","2020-10-02","","125.36375"
"CASA DE JUSTICIA ITAGÜÍ","2020-10-01","","144.5075"
"CASA DE JUSTICIA ITAGÜÍ","2020-09-30","","128.40958333"
"CASA DE JUSTICIA ITAGÜÍ","2020-09-29","","87.74833333"
"CASA DE JUSTICIA ITAGÜÍ","2020-09-28","","120.46291667"
"CASA DE JUSTICIA ITAGÜÍ","2020-09-27","","137.08666667"
"CASA DE JUSTICIA ITAGÜÍ","2020-09-26","","108.53"
"CASA DE JUSTICIA ITAGÜÍ","2020-09-25","","129.64291667"
"CASA DE JUSTICIA ITAGÜÍ","2020-09-24","","120.65583333"
"CASA DE JUSTICIA ITAGÜÍ","2020-09-23","","119.96416667"
"CASA DE JUSTICIA ITAGÜÍ","2020-09-22","","177.06333333"
"CASA DE JUSTICIA ITAGÜÍ","2020-09-21","","94.31458333"
"CASA DE JUSTICIA ITAGÜÍ","2020-09-20","","111.08875"
"CASA DE JUSTICIA ITAGÜÍ","2020-09-19","","114.43166667"
"CASA DE JUSTICIA ITAGÜÍ","2020-09-18","","99.58708333"
"CASA DE JUSTICIA ITAGÜÍ","2020-09-17","","99.31958333"
"CASA DE JUSTICIA ITAGÜÍ","2020-09-16","","116.39791667"
"CASA DE JUSTICIA ITAGÜÍ","2020-09-15","","119.87583333"
"CASA DE JUSTICIA ITAGÜÍ","2020-09-14","","167.82166667"
"CASA DE JUSTICIA ITAGÜÍ","2020-09-13","","180.12708333"
"CASA DE JUSTICIA ITAGÜÍ","2020-09-12","","163.17791667"
"CASA DE JUSTICIA ITAGÜÍ","2020-09-11","","134.41125"
"CASA DE JUSTICIA ITAGÜÍ","2020-09-10","","163.72416667"
"CASA DE JUSTICIA ITAGÜÍ","2020-09-09","","122.43125"
"CASA DE JUSTICIA ITAGÜÍ","2020-09-08","","86.46791667"
"CASA DE JUSTICIA ITAGÜÍ","2020-09-07","","112.66833333"
"CASA DE JUSTICIA ITAGÜÍ","2020-09-06","","133.63166667"
"CASA DE JUSTICIA ITAGÜÍ","2020-09-05","","189.82333333"
"CASA DE JUSTICIA ITAGÜÍ","2020-09-04","","154.9125"
"CASA DE JUSTICIA ITAGÜÍ","2020-09-03","","122.7525"
"CASA DE JUSTICIA ITAGÜÍ","2020-09-02","","89.51375"
"CASA DE JUSTICIA ITAGÜÍ","2020-09-01","","119.22125"
"CASA DE JUSTICIA ITAGÜÍ","2020-08-31","","139.12583333"
"CASA DE JUSTICIA ITAGÜÍ","2020-08-30","","123.84833333"
"CASA DE JUSTICIA ITAGÜÍ","2020-08-29","","171.68791667"
"CASA DE JUSTICIA ITAGÜÍ","2020-08-28","","273.3325"
"CASA DE JUSTICIA ITAGÜÍ","2020-08-27","","36.65777778"
"CASA DE JUSTICIA ITAGÜÍ","2020-08-26","","123.89583333"
"CASA DE JUSTICIA ITAGÜÍ","2020-08-25","","117.26833333"
"CASA DE JUSTICIA ITAGÜÍ","2020-08-24","","92.65375"
"CASA DE JUSTICIA ITAGÜÍ","2020-08-23","","114.73708333"
"CASA DE JUSTICIA ITAGÜÍ","2020-08-22","","88.88916667"
"CASA DE JUSTICIA ITAGÜÍ","2020-08-21","","109.49083333"
"CASA DE JUSTICIA ITAGÜÍ","2020-08-20","","139.63416667"
"CASA DE JUSTICIA ITAGÜÍ","2020-08-19","","106.5775"
"CASA DE JUSTICIA ITAGÜÍ","2020-08-18","","136.03541667"
"CASA DE JUSTICIA ITAGÜÍ","2020-08-17","","123.17208333"
"CASA DE JUSTICIA ITAGÜÍ","2020-08-16","","124.1725"
"CASA DE JUSTICIA ITAGÜÍ","2020-08-15","","137.62583333"
"CASA DE JUSTICIA ITAGÜÍ","2020-08-14","","84.655"
"CASA DE JUSTICIA ITAGÜÍ","2020-08-13","","117.7075"
"CASA DE JUSTICIA ITAGÜÍ","2020-08-12","","185.94846154"
"CASA DE JUSTICIA ITAGÜÍ","2020-08-11","","161.746"
"CASA DE JUSTICIA ITAGÜÍ","2020-08-10","","144.26875"
"CASA DE JUSTICIA ITAGÜÍ","2020-08-09","","169.64833333"
"CASA DE JUSTICIA ITAGÜÍ","2020-08-08","","192.18541667"
"CASA DE JUSTICIA ITAGÜÍ","2020-08-07","","157.41625"
"CASA DE JUSTICIA ITAGÜÍ","2020-08-06","","133.96291667"
"CASA DE JUSTICIA ITAGÜÍ","2020-08-05","","118.75375"
"CASA DE JUSTICIA ITAGÜÍ","2020-08-04","","172.47875"
"CASA DE JUSTICIA ITAGÜÍ","2020-08-03","","136.11708333"
"CASA DE JUSTICIA ITAGÜÍ","2020-08-02","","181.46875"
"CASA DE JUSTICIA ITAGÜÍ","2020-08-01","","154.96375"
"CASA DE JUSTICIA ITAGÜÍ","2020-07-31","","180.03083333"
"CASA DE JUSTICIA ITAGÜÍ","2020-07-30","","101.6775"
"CASA DE JUSTICIA ITAGÜÍ","2020-07-29","","156.74083333"
"CASA DE JUSTICIA ITAGÜÍ","2020-07-28","","165.65875"
"CASA DE JUSTICIA ITAGÜÍ","2020-07-27","","151.56916667"
"CASA DE JUSTICIA ITAGÜÍ","2020-07-26","","214.20125"
"CASA DE JUSTICIA ITAGÜÍ","2020-07-24","","130.94411765"
"CASA DE JUSTICIA ITAGÜÍ","2020-07-23","","77.91666667"
"CASA DE JUSTICIA ITAGÜÍ","2020-07-22","","117.56125"
"CASA DE JUSTICIA ITAGÜÍ","2020-07-21","","141.56333333"
"CASA DE JUSTICIA ITAGÜÍ","2020-07-20","","120.78583333"
"CASA DE JUSTICIA ITAGÜÍ","2020-07-19","","175.28583333"
"CASA DE JUSTICIA ITAGÜÍ","2020-07-18","","182.27666667"
"CASA DE JUSTICIA ITAGÜÍ","2020-07-17","","151.52083333"
"CASA DE JUSTICIA ITAGÜÍ","2020-07-16","","118.76458333"
"CASA DE JUSTICIA ITAGÜÍ","2020-07-15","","136.09208333"
"CASA DE JUSTICIA ITAGÜÍ","2020-07-14","","167.69708333"
"CASA DE JUSTICIA ITAGÜÍ","2020-07-13","","156.93541667"
"CASA DE JUSTICIA ITAGÜÍ","2020-07-12","","96.96625"
"CASA DE JUSTICIA ITAGÜÍ","2020-07-11","","95.82791667"
"CASA DE JUSTICIA ITAGÜÍ","2020-07-10","","99.19583333"
"CASA DE JUSTICIA ITAGÜÍ","2020-07-09","","171.11416667"
"CASA DE JUSTICIA ITAGÜÍ","2020-07-08","","138.20791667"
"CASA DE JUSTICIA ITAGÜÍ","2020-07-07","","114.35958333"
"CASA DE JUSTICIA ITAGÜÍ","2020-07-06","","126.87791667"
"CASA DE JUSTICIA ITAGÜÍ","2020-07-05","","92.89458333"
"CASA DE JUSTICIA ITAGÜÍ","2020-07-04","","92.53875"
"CASA DE JUSTICIA ITAGÜÍ","2020-07-03","","135.3575"
"CASA DE JUSTICIA ITAGÜÍ","2020-07-02","","129.14791667"
"CASA DE JUSTICIA ITAGÜÍ","2020-07-01","","148.775"
"CASA DE JUSTICIA ITAGÜÍ","2020-06-30","","114.75583333"
"CASA DE JUSTICIA ITAGÜÍ","2020-06-29","","137.23583333"
"CASA DE JUSTICIA ITAGÜÍ","2020-06-28","","105.14458333"
"CASA DE JUSTICIA ITAGÜÍ","2020-06-27","","121.39791667"
"CASA DE JUSTICIA ITAGÜÍ","2020-06-26","","129.31291667"
"CASA DE JUSTICIA ITAGÜÍ","2020-06-25","","147.73166667"
"CASA DE JUSTICIA ITAGÜÍ","2020-06-24","","128.15"
"CASA DE JUSTICIA ITAGÜÍ","2020-06-23","","159.37125"
"CASA DE JUSTICIA ITAGÜÍ","2020-06-22","","161.275"
"CASA DE JUSTICIA ITAGÜÍ","2020-06-21","","147.12833333"
"CASA DE JUSTICIA ITAGÜÍ","2020-06-20","","149.46958333"
"CASA DE JUSTICIA ITAGÜÍ","2020-06-19","","133.66083333"
"CASA DE JUSTICIA ITAGÜÍ","2020-06-18","","132.20958333"
"CASA DE JUSTICIA ITAGÜÍ","2020-06-17","","73.92083333"
"CASA DE JUSTICIA ITAGÜÍ","2020-06-16","","181.33916667"
"CASA DE JUSTICIA ITAGÜÍ","2020-06-15","","97.38083333"
"CASA DE JUSTICIA ITAGÜÍ","2020-06-14","","144.82333333"
"CASA DE JUSTICIA ITAGÜÍ","2020-06-13","","154.9575"
"CASA DE JUSTICIA ITAGÜÍ","2020-06-12","","89.02666667"
"CASA DE JUSTICIA ITAGÜÍ","2020-06-11","","112.67791667"
"CASA DE JUSTICIA ITAGÜÍ","2020-06-10","","70.40166667"
"CASA DE JUSTICIA ITAGÜÍ","2020-06-09","","97.30458333"
"CASA DE JUSTICIA ITAGÜÍ","2020-06-08","","243.20066667"
"CASA DE JUSTICIA ITAGÜÍ","2020-06-02","","156.172"
"CASA DE JUSTICIA ITAGÜÍ","2020-06-01","","171.34866667"
"CASA DE JUSTICIA ITAGÜÍ","2020-05-31","","15.56625"
"CASA DE JUSTICIA ITAGÜÍ","2020-05-30","","58.56666667"
"CASA DE JUSTICIA ITAGÜÍ","2020-05-29","","86.16125"
"CASA DE JUSTICIA ITAGÜÍ","2020-05-28","","80.44083333"
"CASA DE JUSTICIA ITAGÜÍ","2020-05-27","","76.53458333"
"CASA DE JUSTICIA ITAGÜÍ","2020-05-26","","151.06625"
"CASA DE JUSTICIA ITAGÜÍ","2020-05-25","","122.28541667"
"CASA DE JUSTICIA ITAGÜÍ","2020-05-24","","150.37791667"
"CASA DE JUSTICIA ITAGÜÍ","2020-05-23","","141.27625"
"CASA DE JUSTICIA ITAGÜÍ","2020-05-22","","86.60166667"
"CASA DE JUSTICIA ITAGÜÍ","2020-05-21","","150.02916667"
"CASA DE JUSTICIA ITAGÜÍ","2020-05-20","","153.28291667"
"CASA DE JUSTICIA ITAGÜÍ","2020-05-19","","58.08125"
"CASA DE JUSTICIA ITAGÜÍ","2020-05-18","","138.35625"
"CASA DE JUSTICIA ITAGÜÍ","2020-05-17","","130.91708333"
"CASA DE JUSTICIA ITAGÜÍ","2020-05-16","","141.95625"
"CASA DE JUSTICIA ITAGÜÍ","2020-05-15","","117.59333333"
"CASA DE JUSTICIA ITAGÜÍ","2020-05-14","","139.89333333"
"CASA DE JUSTICIA ITAGÜÍ","2020-05-13","","102.38"
"CASA DE JUSTICIA ITAGÜÍ","2020-05-12","","105.87666667"
"CASA DE JUSTICIA ITAGÜÍ","2020-05-11","","96.95"
"CASA DE JUSTICIA ITAGÜÍ","2020-05-10","","155.44875"
"CASA DE JUSTICIA ITAGÜÍ","2020-05-09","","194.5525"
"CASA DE JUSTICIA ITAGÜÍ","2020-05-08","","147.70958333"
"CASA DE JUSTICIA ITAGÜÍ","2020-05-07","","145.33458333"
"CASA DE JUSTICIA ITAGÜÍ","2020-05-06","","143.65666667"
"CASA DE JUSTICIA ITAGÜÍ","2020-05-05","","166.23666667"
"CASA DE JUSTICIA ITAGÜÍ","2020-05-04","","166.79458333"
"CASA DE JUSTICIA ITAGÜÍ","2020-05-03","","107.30666667"
"CASA DE JUSTICIA ITAGÜÍ","2020-05-02","","158.885"
"CASA DE JUSTICIA ITAGÜÍ","2020-05-01","","72.76416667"
"CASA DE JUSTICIA ITAGÜÍ","2020-04-30","","96.40541667"
"CASA DE JUSTICIA ITAGÜÍ","2020-04-29","","136.31875"
"CASA DE JUSTICIA ITAGÜÍ","2020-04-28","","187.14875"
"CASA DE JUSTICIA ITAGÜÍ","2020-04-27","","103.42041667"
"CASA DE JUSTICIA ITAGÜÍ","2020-04-26","","154.54916667"
"CASA DE JUSTICIA ITAGÜÍ","2020-04-25","","133.4425"
"CASA DE JUSTICIA ITAGÜÍ","2020-04-24","","108.45916667"
"CASA DE JUSTICIA ITAGÜÍ","2020-04-23","","110.65666667"
"CASA DE JUSTICIA ITAGÜÍ","2020-04-22","","129.43375"
"CASA DE JUSTICIA ITAGÜÍ","2020-04-21","","107.63583333"
"CASA DE JUSTICIA ITAGÜÍ","2020-04-20","","152.41958333"
"CASA DE JUSTICIA ITAGÜÍ","2020-04-19","","122.44666667"
"CASA DE JUSTICIA ITAGÜÍ","2020-04-18","","70.68666667"
"CASA DE JUSTICIA ITAGÜÍ","2020-04-17","","120.9675"
"CASA DE JUSTICIA ITAGÜÍ","2020-04-16","","193.68791667"
"CASA DE JUSTICIA ITAGÜÍ","2020-04-15","","154.60833333"
"CASA DE JUSTICIA ITAGÜÍ","2020-04-14","","143.30708333"
"CASA DE JUSTICIA ITAGÜÍ","2020-04-13","","102.7875"
"CASA DE JUSTICIA ITAGÜÍ","2020-04-12","","127.40916667"
"CASA DE JUSTICIA ITAGÜÍ","2020-04-11","","112.10541667"
"CASA DE JUSTICIA ITAGÜÍ","2020-04-10","","129.96833333"
"CASA DE JUSTICIA ITAGÜÍ","2020-04-09","","134.82208333"
"CASA DE JUSTICIA ITAGÜÍ","2020-04-08","","128.70375"
"CASA DE JUSTICIA ITAGÜÍ","2020-04-07","","144.17125"
"CASA DE JUSTICIA ITAGÜÍ","2020-04-06","","117.98291667"
"CASA DE JUSTICIA ITAGÜÍ","2020-04-05","","119.99416667"
"CASA DE JUSTICIA ITAGÜÍ","2020-04-04","","144.04083333"
"CASA DE JUSTICIA ITAGÜÍ","2020-04-03","","168.20333333"
"CASA DE JUSTICIA ITAGÜÍ","2020-04-02","","148.39173913"
"CASA DE JUSTICIA ITAGÜÍ","2020-04-01","","101.04125"
"CASA DE JUSTICIA ITAGÜÍ","2020-03-31","","149.00541667"
"CASA DE JUSTICIA ITAGÜÍ","2020-03-30","","113.49375"
"CASA DE JUSTICIA ITAGÜÍ","2020-03-29","","133.45166667"
"CASA DE JUSTICIA ITAGÜÍ","2020-03-28","","173.06666667"
"CASA DE JUSTICIA ITAGÜÍ","2020-03-27","","156.93166667"
"CASA DE JUSTICIA ITAGÜÍ","2020-03-26","","162.34375"
"CASA DE JUSTICIA ITAGÜÍ","2020-03-25","","153.53708333"
"CASA DE JUSTICIA ITAGÜÍ","2020-03-24","","79.59958333"
"CASA DE JUSTICIA ITAGÜÍ","2020-03-23","","185.47333333"
"CASA DE JUSTICIA ITAGÜÍ","2020-03-22","","198.51458333"
"CASA DE JUSTICIA ITAGÜÍ","2020-03-21","","133.02708333"
"CASA DE JUSTICIA ITAGÜÍ","2020-03-20","","90.20833333"
"CASA DE JUSTICIA ITAGÜÍ","2020-03-19","","170.04541667"
"CASA DE JUSTICIA ITAGÜÍ","2020-03-18","","177.62"
"CASA DE JUSTICIA ITAGÜÍ","2020-03-17","","183.91958333"
"CASA DE JUSTICIA ITAGÜÍ","2020-03-16","","162.51291667"
"CASA DE JUSTICIA ITAGÜÍ","2020-03-15","","135.265"
"CASA DE JUSTICIA ITAGÜÍ","2020-03-14","","95.31583333"
"CASA DE JUSTICIA ITAGÜÍ","2020-03-13","","126.85833333"
"CASA DE JUSTICIA ITAGÜÍ","2020-03-12","","155.67333333"
"CASA DE JUSTICIA ITAGÜÍ","2020-03-11","","99.10083333"
"CASA DE JUSTICIA ITAGÜÍ","2020-03-10","","95.645"
"CASA DE JUSTICIA ITAGÜÍ","2020-03-09","","137.24875"
"CASA DE JUSTICIA ITAGÜÍ","2020-03-08","","96.83416667"
"CASA DE JUSTICIA ITAGÜÍ","2020-03-07","","112.34875"
"CASA DE JUSTICIA ITAGÜÍ","2020-03-06","","155.97125"
"CASA DE JUSTICIA ITAGÜÍ","2020-03-05","","197.72375"
"CASA DE JUSTICIA ITAGÜÍ","2020-03-04","","109.48666667"
"CASA DE JUSTICIA ITAGÜÍ","2020-03-03","","122.42208333"
"CASA DE JUSTICIA ITAGÜÍ","2020-03-02","","130.81291667"
"CASA DE JUSTICIA ITAGÜÍ","2020-03-01","","108.20208333"
"CASA DE JUSTICIA ITAGÜÍ","2020-02-29","","147.19833333"
"CASA DE JUSTICIA ITAGÜÍ","2020-02-28","","174.90208333"
"CASA DE JUSTICIA ITAGÜÍ","2020-02-27","","138.93833333"
"CASA DE JUSTICIA ITAGÜÍ","2020-02-26","","143.36333333"
"CASA DE JUSTICIA ITAGÜÍ","2020-02-25","","162.08916667"
"CASA DE JUSTICIA ITAGÜÍ","2020-02-24","","120.03208333"
"CASA DE JUSTICIA ITAGÜÍ","2020-02-23","","128.5225"
"CASA DE JUSTICIA ITAGÜÍ","2020-02-22","","92.31708333"
"CASA DE JUSTICIA ITAGÜÍ","2020-02-21","","141.75833333"
"CASA DE JUSTICIA ITAGÜÍ","2020-02-20","","104.97833333"
"CASA DE JUSTICIA ITAGÜÍ","2020-02-19","","184.82458333"
"CASA DE JUSTICIA ITAGÜÍ","2020-02-18","","192.78625"
"CASA DE JUSTICIA ITAGÜÍ","2020-02-17","","113.56833333"
"CASA DE JUSTICIA ITAGÜÍ","2020-02-16","","147.91375"
"CASA DE JUSTICIA ITAGÜÍ","2020-02-15","","97.48916667"
"CASA DE JUSTICIA ITAGÜÍ","2020-02-14","","108.86166667"
"CASA DE JUSTICIA ITAGÜÍ","2020-02-13","","132.89541667"
"CASA DE JUSTICIA ITAGÜÍ","2020-02-12","","142.19125"
"CASA DE JUSTICIA ITAGÜÍ","2020-02-11","","170.9075"
"CASA DE JUSTICIA ITAGÜÍ","2020-02-10","","168.87125"
"CASA DE JUSTICIA ITAGÜÍ","2020-02-09","","156.64916667"
"CASA DE JUSTICIA ITAGÜÍ","2020-02-08","","141.69166667"
"CASA DE JUSTICIA ITAGÜÍ","2020-02-07","","135.56416667"
"CASA DE JUSTICIA ITAGÜÍ","2020-02-06","","181.19375"
"CASA DE JUSTICIA ITAGÜÍ","2020-02-05","","167.50583333"
"CASA DE JUSTICIA ITAGÜÍ","2020-02-04","","261.59142857"
"CASA DE JUSTICIA ITAGÜÍ","2020-01-21","","205.280625"
"CASA DE JUSTICIA ITAGÜÍ","2020-01-20","","34.38166667"
"CASA DE JUSTICIA ITAGÜÍ","2020-01-19","","120.68666667"
"CASA DE JUSTICIA ITAGÜÍ","2020-01-18","","150.32125"
"CASA DE JUSTICIA ITAGÜÍ","2020-01-17","","152.02375"
"CASA DE JUSTICIA ITAGÜÍ","2020-01-16","","119.58541667"
"CASA DE JUSTICIA ITAGÜÍ","2020-01-15","","74.94458333"
"CASA DE JUSTICIA ITAGÜÍ","2020-01-14","","139.71375"
"CASA DE JUSTICIA ITAGÜÍ","2020-01-13","","150.22833333"
"CASA DE JUSTICIA ITAGÜÍ","2020-01-12","","152.605"
"CASA DE JUSTICIA ITAGÜÍ","2020-01-11","","168.33291667"
"CASA DE JUSTICIA ITAGÜÍ","2020-01-10","","171.42791667"
"CASA DE JUSTICIA ITAGÜÍ","2020-01-09","","170.51083333"
"CASA DE JUSTICIA ITAGÜÍ","2020-01-08","","176.37166667"
"CASA DE JUSTICIA ITAGÜÍ","2020-01-07","","172.47791667"
"CASA DE JUSTICIA ITAGÜÍ","2020-01-06","","163.97541667"
"CASA DE JUSTICIA ITAGÜÍ","2020-01-05","","169.11541667"
"CASA DE JUSTICIA ITAGÜÍ","2020-01-04","","167.88708333"
"CASA DE JUSTICIA ITAGÜÍ","2020-01-03","","143.94083333"
"CASA DE JUSTICIA ITAGÜÍ","2020-01-02","","163.99875"
"CASA DE JUSTICIA ITAGÜÍ","2020-01-01","","127.30166667"
"CASA DE JUSTICIA ITAGÜÍ","2019-12-31","","91.04416667"
"CASA DE JUSTICIA ITAGÜÍ","2019-12-30","","63.89333333"
"CASA DE JUSTICIA ITAGÜÍ","2019-12-29","","112.15875"
"CASA DE JUSTICIA ITAGÜÍ","2019-12-28","","131.385"
"CASA DE JUSTICIA ITAGÜÍ","2019-12-27","","55.95208333"
"CASA DE JUSTICIA ITAGÜÍ","2019-12-26","","128.01333333"
"CASA DE JUSTICIA ITAGÜÍ","2019-12-25","","102.13458333"
"CASA DE JUSTICIA ITAGÜÍ","2019-12-24","","136.46666667"
"CASA DE JUSTICIA ITAGÜÍ","2019-12-23","","97.725"
"CASA DE JUSTICIA ITAGÜÍ","2019-12-22","","100.65083333"
"CASA DE JUSTICIA ITAGÜÍ","2019-12-21","","134.89125"
"CASA DE JUSTICIA ITAGÜÍ","2019-12-20","","129.38791667"
"CASA DE JUSTICIA ITAGÜÍ","2019-12-19","","113.51791667"
"CASA DE JUSTICIA ITAGÜÍ","2019-12-18","","116.07625"
"CASA DE JUSTICIA ITAGÜÍ","2019-12-17","","86.35333333"
"CASA DE JUSTICIA ITAGÜÍ","2019-12-16","","111.86208333"
"CASA DE JUSTICIA ITAGÜÍ","2019-12-15","","132.37375"
"CASA DE JUSTICIA ITAGÜÍ","2019-12-14","","88.44916667"
"CASA DE JUSTICIA ITAGÜÍ","2019-12-13","","84.99875"
"CASA DE JUSTICIA ITAGÜÍ","2019-12-12","","104.085"
"CASA DE JUSTICIA ITAGÜÍ","2019-12-11","","100.08625"
"CASA DE JUSTICIA ITAGÜÍ","2019-12-10","","120.16625"
"CASA DE JUSTICIA ITAGÜÍ","2019-12-09","","154.55166667"
"CASA DE JUSTICIA ITAGÜÍ","2019-12-08","","108.84666667"
"CASA DE JUSTICIA ITAGÜÍ","2019-12-07","","65.37333333"
"CASA DE JUSTICIA ITAGÜÍ","2019-12-06","","149.44083333"
"CASA DE JUSTICIA ITAGÜÍ","2019-12-05","","125.15833333"
"CASA DE JUSTICIA ITAGÜÍ","2019-12-04","","129.94708333"
"CASA DE JUSTICIA ITAGÜÍ","2019-12-03","","92.975"
"CASA DE JUSTICIA ITAGÜÍ","2019-12-02","","115.45583333"
"CASA DE JUSTICIA ITAGÜÍ","2019-12-01","","166.0275"
"CASA DE JUSTICIA ITAGÜÍ","2019-11-30","","125.52625"
"CASA DE JUSTICIA ITAGÜÍ","2019-11-29","","99.3275"
"CASA DE JUSTICIA ITAGÜÍ","2019-11-28","","130.07833333"
"CASA DE JUSTICIA ITAGÜÍ","2019-11-27","","132.91291667"
"CASA DE JUSTICIA ITAGÜÍ","2019-11-26","","132.44708333"
"CASA DE JUSTICIA ITAGÜÍ","2019-11-25","","137.03"
"CASA DE JUSTICIA ITAGÜÍ","2019-11-24","","125.79833333"
"CASA DE JUSTICIA ITAGÜÍ","2019-11-23","","2.0"
"CASA DE JUSTICIA ITAGÜÍ","2019-11-19","","109.09705882"
"CASA DE JUSTICIA ITAGÜÍ","2019-11-18","","128.6925"
"CASA DE JUSTICIA ITAGÜÍ","2019-11-17","","116.2525"
"CASA DE JUSTICIA ITAGÜÍ","2019-11-16","","160.02333333"
"CASA DE JUSTICIA ITAGÜÍ","2019-11-15","","107.45583333"
"CASA DE JUSTICIA ITAGÜÍ","2019-11-14","","84.38666667"
"CASA DE JUSTICIA ITAGÜÍ","2019-11-13","","70.54125"
"CASA DE JUSTICIA ITAGÜÍ","2019-11-12","","90.88333333"
"CASA DE JUSTICIA ITAGÜÍ","2019-11-11","","139.55541667"
"CASA DE JUSTICIA ITAGÜÍ","2019-11-10","","112.68833333"
"CASA DE JUSTICIA ITAGÜÍ","2019-11-09","","46.63916667"
"CASA DE JUSTICIA ITAGÜÍ","2019-11-08","","87.40625"
"CASA DE JUSTICIA ITAGÜÍ","2019-11-07","","128.75916667"
"CASA DE JUSTICIA ITAGÜÍ","2019-11-06","","112.67"
"CASA DE JUSTICIA ITAGÜÍ","2019-11-05","","89.10708333"
"CASA DE JUSTICIA ITAGÜÍ","2019-11-04","","136.81916667"
"CASA DE JUSTICIA ITAGÜÍ","2019-11-03","","104.3"
"CASA DE JUSTICIA ITAGÜÍ","2019-11-02","","143.51208333"
"CASA DE JUSTICIA ITAGÜÍ","2019-11-01","","102.57333333"
"CASA DE JUSTICIA ITAGÜÍ","2019-10-31","","147.42708333"
"CASA DE JUSTICIA ITAGÜÍ","2019-10-30","","164.86041667"
"CASA DE JUSTICIA ITAGÜÍ","2019-10-29","","145.09583333"
"CASA DE JUSTICIA ITAGÜÍ","2019-10-28","","136.09791667"
"CASA DE JUSTICIA ITAGÜÍ","2019-10-27","","143.11375"
"CASA DE JUSTICIA ITAGÜÍ","2019-10-26","","142.66791667"
"CASA DE JUSTICIA ITAGÜÍ","2019-10-25","","82.20083333"
"CASA DE JUSTICIA ITAGÜÍ","2019-10-24","","113.84208333"
"CASA DE JUSTICIA ITAGÜÍ","2019-10-23","","156.95375"
"CASA DE JUSTICIA ITAGÜÍ","2019-10-22","","123.44583333"
"CASA DE JUSTICIA ITAGÜÍ","2019-10-21","","76.27916667"
"CASA DE JUSTICIA ITAGÜÍ","2019-10-20","","133.75958333"
"CASA DE JUSTICIA ITAGÜÍ","2019-10-19","","98.10541667"
"CASA DE JUSTICIA ITAGÜÍ","2019-10-18","","141.48416667"
"CASA DE JUSTICIA ITAGÜÍ","2019-10-17","","140.99416667"
"CASA DE JUSTICIA ITAGÜÍ","2019-10-16","","116.91583333"
"CASA DE JUSTICIA ITAGÜÍ","2019-10-15","","139.38208333"
"CASA DE JUSTICIA ITAGÜÍ","2019-10-14","","99.51916667"
"CASA DE JUSTICIA ITAGÜÍ","2019-10-13","","95.56333333"
"CASA DE JUSTICIA ITAGÜÍ","2019-10-12","","119.265"
"CASA DE JUSTICIA ITAGÜÍ","2019-10-11","","64.65416667"
"CASA DE JUSTICIA ITAGÜÍ","2019-10-10","","84.91208333"
"CASA DE JUSTICIA ITAGÜÍ","2019-10-09","","123.8325"
"CASA DE JUSTICIA ITAGÜÍ","2019-10-08","","110.67958333"
"CASA DE JUSTICIA ITAGÜÍ","2019-10-07","","164.03916667"
"CASA DE JUSTICIA ITAGÜÍ","2019-10-06","","117.80083333"
"CASA DE JUSTICIA ITAGÜÍ","2019-10-05","","142.18833333"
"CASA DE JUSTICIA ITAGÜÍ","2019-10-04","","147.64583333"
"CASA DE JUSTICIA ITAGÜÍ","2019-10-03","","82.83333333"
"CASA DE JUSTICIA ITAGÜÍ","2019-10-02","","119.85083333"
"CASA DE JUSTICIA ITAGÜÍ","2019-10-01","","174.1126087"
"CASA DE JUSTICIA ITAGÜÍ","2019-09-30","","144.725"
"CASA DE JUSTICIA ITAGÜÍ","2019-09-29","","134.52333333"
"CASA DE JUSTICIA ITAGÜÍ","2019-09-28","","173.18458333"
"CASA DE JUSTICIA ITAGÜÍ","2019-09-27","","130.04125"
"CASA DE JUSTICIA ITAGÜÍ","2019-09-26","","135.93791667"
"CASA DE JUSTICIA ITAGÜÍ","2019-09-25","","129.25"
"CASA DE JUSTICIA ITAGÜÍ","2019-09-24","","133.37"
"CASA DE JUSTICIA ITAGÜÍ","2019-09-23","","114.2075"
"CASA DE JUSTICIA ITAGÜÍ","2019-09-22","","173.37125"
"CASA DE JUSTICIA ITAGÜÍ","2019-09-21","","94.24625"
"CASA DE JUSTICIA ITAGÜÍ","2019-09-20","","106.68083333"
"CASA DE JUSTICIA ITAGÜÍ","2019-09-19","","165.03875"
"CASA DE JUSTICIA ITAGÜÍ","2019-09-18","","78.00125"
"CASA DE JUSTICIA ITAGÜÍ","2019-09-17","","129.62666667"
"CASA DE JUSTICIA ITAGÜÍ","2019-09-16","","115.1975"
"CASA DE JUSTICIA ITAGÜÍ","2019-09-15","","137.23333333"
"CASA DE JUSTICIA ITAGÜÍ","2019-09-14","","131.53166667"
"CASA DE JUSTICIA ITAGÜÍ","2019-09-13","","138.6"
"CASA DE JUSTICIA ITAGÜÍ","2019-09-12","","166.77416667"
"CASA DE JUSTICIA ITAGÜÍ","2019-09-11","","111.48041667"
"CASA DE JUSTICIA ITAGÜÍ","2019-09-10","","174.80541667"
"CASA DE JUSTICIA ITAGÜÍ","2019-09-09","","123.79458333"
"CASA DE JUSTICIA ITAGÜÍ","2019-09-08","","129.22166667"
"CASA DE JUSTICIA ITAGÜÍ","2019-09-07","","162.87"
"CASA DE JUSTICIA ITAGÜÍ","2019-09-06","","94.54166667"
"CASA DE JUSTICIA ITAGÜÍ","2019-09-05","","173.09458333"
"CASA DE JUSTICIA ITAGÜÍ","2019-09-04","","124.10416667"
"CASA DE JUSTICIA ITAGÜÍ","2019-09-03","","197.6525"
"CASA DE JUSTICIA ITAGÜÍ","2019-09-02","","91.92291667"
"CASA DE JUSTICIA ITAGÜÍ","2019-09-01","","140.41791667"
"CASA DE JUSTICIA ITAGÜÍ","2019-08-31","","142.87666667"
"CASA DE JUSTICIA ITAGÜÍ","2019-08-30","","170.4525"
"CASA DE JUSTICIA ITAGÜÍ","2019-08-29","","187.85875"
"CASA DE JUSTICIA ITAGÜÍ","2019-08-28","","73.13333333"
"CASA DE JUSTICIA ITAGÜÍ","2019-08-27","","182.92416667"
"CASA DE JUSTICIA ITAGÜÍ","2019-08-26","","181.85833333"
"CASA DE JUSTICIA ITAGÜÍ","2019-08-25","","171.58666667"
"CASA DE JUSTICIA ITAGÜÍ","2019-08-24","","121.58"
"CASA DE JUSTICIA ITAGÜÍ","2019-08-23","","98.05083333"
"CASA DE JUSTICIA ITAGÜÍ","2019-08-22","","156.71916667"
"CASA DE JUSTICIA ITAGÜÍ","2019-08-21","","188.26208333"
"CASA DE JUSTICIA ITAGÜÍ","2019-08-20","","179.43791667"
"CASA DE JUSTICIA ITAGÜÍ","2019-08-19","","144.6725"
"CASA DE JUSTICIA ITAGÜÍ","2019-08-18","","161.50833333"
"CASA DE JUSTICIA ITAGÜÍ","2019-08-17","","113.25625"
"CASA DE JUSTICIA ITAGÜÍ","2019-08-16","","82.1625"
"CASA DE JUSTICIA ITAGÜÍ","2019-08-15","","126.07208333"
"CASA DE JUSTICIA ITAGÜÍ","2019-08-14","","158.73583333"
"CASA DE JUSTICIA ITAGÜÍ","2019-08-13","","128.025"
"CASA DE JUSTICIA ITAGÜÍ","2019-08-12","","162.805"
"CASA DE JUSTICIA ITAGÜÍ","2019-08-11","","135.41708333"
"CASA DE JUSTICIA ITAGÜÍ","2019-08-10","","148.13166667"
"CASA DE JUSTICIA ITAGÜÍ","2019-08-09","","169.21125"
"CASA DE JUSTICIA ITAGÜÍ","2019-08-08","","177.15"
"CASA DE JUSTICIA ITAGÜÍ","2019-08-07","","160.80875"
"CASA DE JUSTICIA ITAGÜÍ","2019-08-06","","146.985"
"CASA DE JUSTICIA ITAGÜÍ","2019-08-05","","143.78208333"
"CASA DE JUSTICIA ITAGÜÍ","2019-08-04","","164.98208333"
"CASA DE JUSTICIA ITAGÜÍ","2019-08-03","","93.83958333"
"CASA DE JUSTICIA ITAGÜÍ","2019-08-02","","114.19869565"
"CASA DE JUSTICIA ITAGÜÍ","2019-08-01","","107.77458333"
"CASA DE JUSTICIA ITAGÜÍ","2019-07-31","","150.12083333"
"CASA DE JUSTICIA ITAGÜÍ","2019-07-30","","124.00375"
"CASA DE JUSTICIA ITAGÜÍ","2019-07-29","","125.9525"
"CASA DE JUSTICIA ITAGÜÍ","2019-07-28","","126.48375"
"CASA DE JUSTICIA ITAGÜÍ","2019-07-27","","163.9875"
"CASA DE JUSTICIA ITAGÜÍ","2019-07-26","","139.77583333"
"CASA DE JUSTICIA ITAGÜÍ","2019-07-25","","146.15458333"
"CASA DE JUSTICIA ITAGÜÍ","2019-07-24","","122.10625"
"CASA DE JUSTICIA ITAGÜÍ","2019-07-23","","120.98833333"
"CASA DE JUSTICIA ITAGÜÍ","2019-07-22","","94.46916667"
"CASA DE JUSTICIA ITAGÜÍ","2019-07-21","","167.01541667"
"CASA DE JUSTICIA ITAGÜÍ","2019-07-20","","178.28416667"
"CASA DE JUSTICIA ITAGÜÍ","2019-07-19","","162.28"
"CASA DE JUSTICIA ITAGÜÍ","2019-07-18","","172.28708333"
"CASA DE JUSTICIA ITAGÜÍ","2019-07-17","","154.72208333"
"CASA DE JUSTICIA ITAGÜÍ","2019-07-16","","140.96416667"
"CASA DE JUSTICIA ITAGÜÍ","2019-07-15","","125.0875"
"CASA DE JUSTICIA ITAGÜÍ","2019-07-14","","151.30833333"
"CASA DE JUSTICIA ITAGÜÍ","2019-07-13","","96.52916667"
"CASA DE JUSTICIA ITAGÜÍ","2019-07-12","","131.80875"
"CASA DE JUSTICIA ITAGÜÍ","2019-07-11","","128.58541667"
"CASA DE JUSTICIA ITAGÜÍ","2019-07-10","","138.14125"
"CASA DE JUSTICIA ITAGÜÍ","2019-07-09","","121.74083333"
"CASA DE JUSTICIA ITAGÜÍ","2019-07-08","","127.40791667"
"CASA DE JUSTICIA ITAGÜÍ","2019-07-07","","139.71291667"
"CASA DE JUSTICIA ITAGÜÍ","2019-07-06","","170.59958333"
"CASA DE JUSTICIA ITAGÜÍ","2019-07-05","","144.96708333"
"CASA DE JUSTICIA ITAGÜÍ","2019-07-04","","130.39416667"
"CASA DE JUSTICIA ITAGÜÍ","2019-07-03","","106.73695652"
"CASA DE JUSTICIA ITAGÜÍ","2019-07-02","","119.22708333"
"CASA DE JUSTICIA ITAGÜÍ","2019-07-01","","139.095"
"CASA DE JUSTICIA ITAGÜÍ","2019-06-30","","119.99312963"
"CASA DE JUSTICIA ITAGÜÍ","2019-06-29","","160.18105"
"CASA DE JUSTICIA ITAGÜÍ","2019-06-28","","125.36992857"
"CASA DE JUSTICIA ITAGÜÍ","2019-06-27","","129.9930645"
"CASA DE JUSTICIA ITAGÜÍ","2019-06-26","","150.11210785"
"CASA DE JUSTICIA ITAGÜÍ","2019-06-25","","134.17782656"
"CASA DE JUSTICIA ITAGÜÍ","2019-06-24","","125.256175"
"CASA DE JUSTICIA ITAGÜÍ","2019-06-23","","93.09440646"
"CASA DE JUSTICIA ITAGÜÍ","2019-06-22","","150.62757232"
"CASA DE JUSTICIA ITAGÜÍ","2019-06-21","","132.69044767"
"CASA DE JUSTICIA ITAGÜÍ","2019-06-20","","123.00972492"
"CASA DE JUSTICIA ITAGÜÍ","2019-06-19","","106.29751526"
"CASA DE JUSTICIA ITAGÜÍ","2019-06-18","","164.15388421"
"CASA DE JUSTICIA ITAGÜÍ","2019-06-17","","149.30248717"
"CASA DE JUSTICIA ITAGÜÍ","2019-06-16","","141.64095279"
"CASA DE JUSTICIA ITAGÜÍ","2019-06-15","","122.98748571"
"CASA DE JUSTICIA ITAGÜÍ","2019-06-14","","115.97230767"
"CASA DE JUSTICIA ITAGÜÍ","2019-06-13","","94.05079317"
"CASA DE JUSTICIA ITAGÜÍ","2019-06-12","","110.55707314"
"CASA DE JUSTICIA ITAGÜÍ","2019-06-11","","139.77917192"
"CASA DE JUSTICIA ITAGÜÍ","2019-06-10","","96.41882225"
"CASA DE JUSTICIA ITAGÜÍ","2019-06-09","","169.74041667"
"CASA DE JUSTICIA ITAGÜÍ","2019-06-08","","157.02812408"
"CASA DE JUSTICIA ITAGÜÍ","2019-06-07","","70.09769904"
"CASA DE JUSTICIA ITAGÜÍ","2019-06-06","","126.16224241"
"CASA DE JUSTICIA ITAGÜÍ","2019-06-05","","120.38810333"
"CASA DE JUSTICIA ITAGÜÍ","2019-06-04","","145.51454675"
"CASA DE JUSTICIA ITAGÜÍ","2019-06-03","","122.75625696"
"CASA DE JUSTICIA ITAGÜÍ","2019-06-02","","119.83585325"
"CASA DE JUSTICIA ITAGÜÍ","2019-06-01","","104.95937141"
"CASA DE JUSTICIA ITAGÜÍ","2019-05-31","","108.87505988"
"CASA DE JUSTICIA ITAGÜÍ","2019-05-30","","68.11748583"
"CASA DE JUSTICIA ITAGÜÍ","2019-05-29","","125.20393471"
"CASA DE JUSTICIA ITAGÜÍ","2019-05-28","","63.9840875"
"CASA DE JUSTICIA ITAGÜÍ","2019-05-27","","137.33473628"
"CASA DE JUSTICIA ITAGÜÍ","2019-05-26","","174.95603272"
"CASA DE JUSTICIA ITAGÜÍ","2019-05-25","","82.96880319"
"CASA DE JUSTICIA ITAGÜÍ","2019-05-24","","139.55651746"
"CASA DE JUSTICIA ITAGÜÍ","2019-05-23","","92.00678626"
"CASA DE JUSTICIA ITAGÜÍ","2019-05-22","","117.76574952"
"CASA DE JUSTICIA ITAGÜÍ","2019-05-21","","98.77350733"
"CASA DE JUSTICIA ITAGÜÍ","2019-05-20","","125.4821255"
"CASA DE JUSTICIA ITAGÜÍ","2019-05-19","","104.37926528"
"CASA DE JUSTICIA ITAGÜÍ","2019-05-18","","109.01687684"
"CASA DE JUSTICIA ITAGÜÍ","2019-05-17","","138.09914257"
"CASA DE JUSTICIA ITAGÜÍ","2019-05-16","","106.92361433"
"CASA DE JUSTICIA ITAGÜÍ","2019-05-15","","97.91080463"
"CASA DE JUSTICIA ITAGÜÍ","2019-05-14","","152.46998521"
"CASA DE JUSTICIA ITAGÜÍ","2019-05-13","","94.89189073"
"CASA DE JUSTICIA ITAGÜÍ","2019-05-12","","136.29073938"
"CASA DE JUSTICIA ITAGÜÍ","2019-05-11","","101.16180824"
"CASA DE JUSTICIA ITAGÜÍ","2019-05-10","","133.64193333"
"CASA DE JUSTICIA ITAGÜÍ","2019-05-09","","78.14482038"
"CASA DE JUSTICIA ITAGÜÍ","2019-05-08","","42.32554721"
"CASA DE JUSTICIA ITAGÜÍ","2019-05-07","","127.69943425"
"CASA DE JUSTICIA ITAGÜÍ","2019-05-06","","139.01677731"
"CASA DE JUSTICIA ITAGÜÍ","2019-05-05","","161.75307917"
"CASA DE JUSTICIA ITAGÜÍ","2019-05-04","","118.00522963"
"CASA DE JUSTICIA ITAGÜÍ","2019-05-03","","120.97781853"
"CASA DE JUSTICIA ITAGÜÍ","2019-05-02","","151.3452685"
"CASA DE JUSTICIA ITAGÜÍ","2019-05-01","","190.74707779"
"CASA DE JUSTICIA ITAGÜÍ","2019-04-30","","151.54971238"
"CASA DE JUSTICIA ITAGÜÍ","2019-04-29","","122.85692963"
"CASA DE JUSTICIA ITAGÜÍ","2019-04-28","","124.31827271"
"CASA DE JUSTICIA ITAGÜÍ","2019-04-27","","104.55985371"
"CASA DE JUSTICIA ITAGÜÍ","2019-04-26","","123.972486"
"CASA DE JUSTICIA ITAGÜÍ","2019-04-25","","72.41735696"
"CASA DE JUSTICIA ITAGÜÍ","2019-04-24","","111.99494555"
"CASA DE JUSTICIA ITAGÜÍ","2019-04-23","","180.06725279"
"CASA DE JUSTICIA ITAGÜÍ","2019-04-22","","127.32772697"
"CASA DE JUSTICIA ITAGÜÍ","2019-04-21","","91.93789875"
"CASA DE JUSTICIA ITAGÜÍ","2019-04-20","","121.59829189"
"CASA DE JUSTICIA ITAGÜÍ","2019-04-19","","111.77510046"
"CASA DE JUSTICIA ITAGÜÍ","2019-04-18","","153.77915551"
"CASA DE JUSTICIA ITAGÜÍ","2019-04-17","","82.38114399"
"CASA DE JUSTICIA ITAGÜÍ","2019-04-16","","113.50279121"
"CASA DE JUSTICIA ITAGÜÍ","2019-04-15","","172.20982421"
"CASA DE JUSTICIA ITAGÜÍ","2019-04-14","","135.63963379"
"CASA DE JUSTICIA ITAGÜÍ","2019-04-13","","132.60466388"
"CASA DE JUSTICIA ITAGÜÍ","2019-04-12","","147.556131"
"CASA DE JUSTICIA ITAGÜÍ","2019-04-11","","183.3217671"
"CASA DE JUSTICIA ITAGÜÍ","2019-04-10","","84.9892472"
"CASA DE JUSTICIA ITAGÜÍ","2019-04-09","","0.0"
"CASA DE JUSTICIA ITAGÜÍ","2019-04-03","","80.16090909"
"CASA DE JUSTICIA ITAGÜÍ","2019-04-02","","113.43166667"
"CASA DE JUSTICIA ITAGÜÍ","2019-04-01","","110.67416667"
"CASA DE JUSTICIA ITAGÜÍ","2019-03-31","","116.09875"
"CASA DE JUSTICIA ITAGÜÍ","2019-03-30","","147.51833333"
"CASA DE JUSTICIA ITAGÜÍ","2019-03-29","","74.29708333"
"CASA DE JUSTICIA ITAGÜÍ","2019-03-28","","138.65208333"
"CASA DE JUSTICIA ITAGÜÍ","2019-03-27","","108.39710333"
"CASA DE JUSTICIA ITAGÜÍ","2019-03-26","","100.98427025"
"CASA DE JUSTICIA ITAGÜÍ","2019-03-25","","154.07139421"
"CASA DE JUSTICIA ITAGÜÍ","2019-03-24","","103.82235463"
"CASA DE JUSTICIA ITAGÜÍ","2019-03-23","","116.01827417"
"CASA DE JUSTICIA ITAGÜÍ","2019-03-22","","92.6903999"
"CASA DE JUSTICIA ITAGÜÍ","2019-03-21","","111.80404946"
"CASA DE JUSTICIA ITAGÜÍ","2019-03-20","","118.60409932"
"CASA DE JUSTICIA ITAGÜÍ","2019-03-19","","67.05477184"
"CASA DE JUSTICIA ITAGÜÍ","2019-03-18","","61.44372583"
"CASA DE JUSTICIA ITAGÜÍ","2019-03-17","","109.13721417"
"CASA DE JUSTICIA ITAGÜÍ","2019-03-16","","111.24492083"
"CASA DE JUSTICIA ITAGÜÍ","2019-03-15","","133.33249863"
"CASA DE JUSTICIA ITAGÜÍ","2019-03-14","","114.5291795"
"CASA DE JUSTICIA ITAGÜÍ","2019-03-13","","192.74765958"
"CASA DE JUSTICIA ITAGÜÍ","2019-03-12","","157.0335493"
"CASA DE JUSTICIA ITAGÜÍ","2019-03-11","","121.43705208"
"CASA DE JUSTICIA ITAGÜÍ","2019-03-10","","109.03705253"
"CASA DE JUSTICIA ITAGÜÍ","2019-03-09","","122.15319625"
"CASA DE JUSTICIA ITAGÜÍ","2019-03-08","","128.55787083"
"CASA DE JUSTICIA ITAGÜÍ","2019-03-07","","94.54986042"
"CASA DE JUSTICIA ITAGÜÍ","2019-03-06","","119.62902333"
"CASA DE JUSTICIA ITAGÜÍ","2019-03-05","","133.52628746"
"CASA DE JUSTICIA ITAGÜÍ","2019-03-04","","161.7075625"
"CASA DE JUSTICIA ITAGÜÍ","2019-03-03","","0.0"
"CASA DE JUSTICIA ITAGÜÍ","2019-03-01","","171.2802995"
"CASA DE JUSTICIA ITAGÜÍ","2019-02-28","","138.62978583"
"CASA DE JUSTICIA ITAGÜÍ","2019-02-27","","73.71818473"
"CASA DE JUSTICIA ITAGÜÍ","2019-02-26","","77.22728492"
"CASA DE JUSTICIA ITAGÜÍ","2019-02-25","","163.77255418"
"CASA DE JUSTICIA ITAGÜÍ","2019-02-24","","125.43755458"
"CASA DE JUSTICIA ITAGÜÍ","2019-02-23","","86.05045875"
"CASA DE JUSTICIA ITAGÜÍ","2019-02-22","","166.22926792"
"CASA DE JUSTICIA ITAGÜÍ","2019-02-21","","151.3620255"
"CASA DE JUSTICIA ITAGÜÍ","2019-02-20","","131.29180703"
"CASA DE JUSTICIA ITAGÜÍ","2019-02-19","","91.63647764"
"CASA DE JUSTICIA ITAGÜÍ","2019-02-18","","137.23449792"
"CASA DE JUSTICIA ITAGÜÍ","2019-02-17","","76.03209717"
"CASA DE JUSTICIA ITAGÜÍ","2019-02-16","","118.28186788"
"CASA DE JUSTICIA ITAGÜÍ","2019-02-15","","182.54040542"
"CASA DE JUSTICIA ITAGÜÍ","2019-02-14","","135.34857563"
"CASA DE JUSTICIA ITAGÜÍ","2019-02-13","","152.29894638"
"CASA DE JUSTICIA ITAGÜÍ","2019-02-12","","111.68429088"
"CASA DE JUSTICIA ITAGÜÍ","2019-02-11","","134.29262396"
"CASA DE JUSTICIA ITAGÜÍ","2019-02-10","","88.31503342"
"CASA DE JUSTICIA ITAGÜÍ","2019-02-09","","108.9106955"
"CASA DE JUSTICIA ITAGÜÍ","2019-02-08","","100.70180292"
"CASA DE JUSTICIA ITAGÜÍ","2019-02-07","","92.58892333"
"CASA DE JUSTICIA ITAGÜÍ","2019-02-06","","133.23882288"
"CASA DE JUSTICIA ITAGÜÍ","2019-02-05","","97.06477042"
"CASA DE JUSTICIA ITAGÜÍ","2019-02-04","","126.42936238"
"CASA DE JUSTICIA ITAGÜÍ","2019-02-03","","148.42391475"
"CASA DE JUSTICIA ITAGÜÍ","2019-02-02","","121.3133235"
"CASA DE JUSTICIA ITAGÜÍ","2019-02-01","","114.40703371"
"CASA DE JUSTICIA ITAGÜÍ","2019-01-31","","128.34361579"
"CASA DE JUSTICIA ITAGÜÍ","2019-01-30","","172.26631167"
"CASA DE JUSTICIA ITAGÜÍ","2019-01-29","","174.75746133"
"CASA DE JUSTICIA ITAGÜÍ","2019-01-28","","43.2589"
"CASA DE JUSTICIA ITAGÜÍ","2019-01-27","","85.57649888"
"CASA DE JUSTICIA ITAGÜÍ","2019-01-26","","134.79978313"
"CASA DE JUSTICIA ITAGÜÍ","2019-01-25","","103.72623204"
"CASA DE JUSTICIA ITAGÜÍ","2019-01-24","","131.93491475"
"CASA DE JUSTICIA ITAGÜÍ","2019-01-23","","169.23242858"
"CASA DE JUSTICIA ITAGÜÍ","2019-01-22","","143.62546754"
"CASA DE JUSTICIA ITAGÜÍ","2019-01-21","","111.99442304"
"CASA DE JUSTICIA ITAGÜÍ","2019-01-20","","92.97916296"
"CASA DE JUSTICIA ITAGÜÍ","2019-01-19","","113.89430417"
"CASA DE JUSTICIA ITAGÜÍ","2019-01-18","","127.20012171"
"CASA DE JUSTICIA ITAGÜÍ","2019-01-17","","72.74633396"
"CASA DE JUSTICIA ITAGÜÍ","2019-01-16","","113.6392205"
"CASA DE JUSTICIA ITAGÜÍ","2019-01-15","","140.84475246"
"CASA DE JUSTICIA ITAGÜÍ","2019-01-14","","60.7434905"
"CASA DE JUSTICIA ITAGÜÍ","2019-01-13","","126.35424625"
"CASA DE JUSTICIA ITAGÜÍ","2019-01-12","","154.552591"
"CASA DE JUSTICIA ITAGÜÍ","2019-01-11","","149.78978333"
"CASA DE JUSTICIA ITAGÜÍ","2019-01-10","","74.09534521"
"CASA DE JUSTICIA ITAGÜÍ","2019-01-09","","105.09968611"
"CASA DE JUSTICIA ITAGÜÍ","2019-01-08","","128.02784179"
"CASA DE JUSTICIA ITAGÜÍ","2019-01-07","","117.51368792"
"CASA DE JUSTICIA ITAGÜÍ","2019-01-06","","125.45479458"
"CASA DE JUSTICIA ITAGÜÍ","2019-01-05","","115.89044925"
"CASA DE JUSTICIA ITAGÜÍ","2019-01-04","","168.74801741"
"CASA DE JUSTICIA ITAGÜÍ","2019-01-03","","158.33056065"
"CASA DE JUSTICIA ITAGÜÍ","2019-01-02","","176.60298537"
"CASA DE JUSTICIA ITAGÜÍ","2019-01-01","","167.36282167"
"CASA DE JUSTICIA ITAGÜÍ","2013-12-01","","10.0"
"CASA DE JUSTICIA ITAGÜÍ","2013-11-30","","107.1612256"
"CASA DE JUSTICIA ITAGÜÍ","2013-11-29","","142.33043375"
"CASA DE JUSTICIA ITAGÜÍ","2013-11-28","","160.24085542"
"CASA DE JUSTICIA ITAGÜÍ","2013-11-27","","171.16074217"
"CASA DE JUSTICIA ITAGÜÍ","2013-11-26","","142.68368417"
"CASA DE JUSTICIA ITAGÜÍ","2013-11-25","","164.16053258"
"CASA DE JUSTICIA ITAGÜÍ","2013-11-24","","85.40382583"
"CASA DE JUSTICIA ITAGÜÍ","2013-11-23","","128.87801083"
"CASA DE JUSTICIA ITAGÜÍ","2013-11-22","","150.27395458"
"CASA DE JUSTICIA ITAGÜÍ","2013-11-21","","136.42905208"
"CASA DE JUSTICIA ITAGÜÍ","2013-11-20","","119.77719625"
"CASA DE JUSTICIA ITAGÜÍ","2013-11-19","","179.20961"
"CASA DE JUSTICIA ITAGÜÍ","2013-11-18","","152.49491083"
"CASA DE JUSTICIA ITAGÜÍ","2013-11-17","","147.75451167"
"CASA DE JUSTICIA ITAGÜÍ","2013-11-16","","139.03287208"
"CASA DE JUSTICIA ITAGÜÍ","2013-11-15","","169.04631208"
"CASA DE JUSTICIA ITAGÜÍ","2013-11-14","","187.56101958"
"CASA DE JUSTICIA ITAGÜÍ","2013-11-13","","178.77975125"
"CASA DE JUSTICIA ITAGÜÍ","2013-11-12","","141.82638625"
"CASA DE JUSTICIA ITAGÜÍ","2013-11-11","","185.83113333"
"CASA DE JUSTICIA ITAGÜÍ","2013-11-10","","116.90937167"
"CASA DE JUSTICIA ITAGÜÍ","2013-11-09","","144.58079"
"CASA DE JUSTICIA ITAGÜÍ","2013-11-08","","167.10953875"
"CASA DE JUSTICIA ITAGÜÍ","2013-11-07","","129.14671458"
"CASA DE JUSTICIA ITAGÜÍ","2013-11-06","","184.22453542"
"CASA DE JUSTICIA ITAGÜÍ","2013-11-05","","133.27106125"
"CASA DE JUSTICIA ITAGÜÍ","2013-11-04","","142.94814708"
"CASA DE JUSTICIA ITAGÜÍ","2013-11-03","","160.81840083"
"CASA DE JUSTICIA ITAGÜÍ","2013-11-02","","223.21771125"
"CASA DE JUSTICIA ITAGÜÍ","2013-11-01","","165.9603364"
"CASA DE JUSTICIA ITAGÜÍ","2013-10-31","","152.5050687"
"CASA DE JUSTICIA ITAGÜÍ","2013-10-30","","131.81831145"
"CASA DE JUSTICIA ITAGÜÍ","2013-10-29","","148.22117875"
"CASA DE JUSTICIA ITAGÜÍ","2013-10-28","","203.10984333"
"CASA DE JUSTICIA ITAGÜÍ","2013-10-27","","139.63218042"
"CASA DE JUSTICIA ITAGÜÍ","2013-10-26","","167.76689542"
"CASA DE JUSTICIA ITAGÜÍ","2013-10-25","","144.19363375"
"CASA DE JUSTICIA ITAGÜÍ","2013-10-24","","162.87176708"
"CASA DE JUSTICIA ITAGÜÍ","2013-10-23","","175.447225"
"CASA DE JUSTICIA ITAGÜÍ","2013-10-22","","160.68749792"
"CASA DE JUSTICIA ITAGÜÍ","2013-10-21","","132.96700375"
"CASA DE JUSTICIA ITAGÜÍ","2013-10-20","","166.40822083"
"CASA DE JUSTICIA ITAGÜÍ","2013-10-19","","213.68240083"
"CASA DE JUSTICIA ITAGÜÍ","2013-10-18","","173.31262"
"CASA DE JUSTICIA ITAGÜÍ","2013-10-17","","157.20567375"
"CASA DE JUSTICIA ITAGÜÍ","2013-10-16","","142.66770833"
"CASA DE JUSTICIA ITAGÜÍ","2013-10-15","","136.25879708"
"CASA DE JUSTICIA ITAGÜÍ","2013-10-14","","59.95925583"
"CASA DE JUSTICIA ITAGÜÍ","2013-10-13","","136.684258"
"CASA DE JUSTICIA ITAGÜÍ","2013-10-12","","162.54085875"
"CASA DE JUSTICIA ITAGÜÍ","2013-10-11","","163.72122"
"CASA DE JUSTICIA ITAGÜÍ","2013-10-10","","196.19583375"
"CASA DE JUSTICIA ITAGÜÍ","2013-10-09","","203.49224792"
"CASA DE JUSTICIA ITAGÜÍ","2013-10-08","","189.59328417"
"CASA DE JUSTICIA ITAGÜÍ","2013-10-07","","175.34572"
"CASA DE JUSTICIA ITAGÜÍ","2013-10-06","","221.95729125"
"CASA DE JUSTICIA ITAGÜÍ","2013-10-05","","256.928815"
"CASA DE JUSTICIA ITAGÜÍ","2013-10-04","","154.97794875"
"CASA DE JUSTICIA ITAGÜÍ","2013-10-03","","124.92302792"
"CASA DE JUSTICIA ITAGÜÍ","2013-10-02","","202.74527542"
"CASA DE JUSTICIA ITAGÜÍ","2013-10-01","","119.24255094"
"CASA DE JUSTICIA ITAGÜÍ","2013-09-30","","149.56018833"
"CASA DE JUSTICIA ITAGÜÍ","2013-09-29","","167.54178792"
"CASA DE JUSTICIA ITAGÜÍ","2013-09-28","","100.46237833"
"CASA DE JUSTICIA ITAGÜÍ","2013-09-27","","116.52222042"
"CASA DE JUSTICIA ITAGÜÍ","2013-09-26","","115.4700775"
"CASA DE JUSTICIA ITAGÜÍ","2013-09-25","","170.32835875"
"CASA DE JUSTICIA ITAGÜÍ","2013-09-24","","157.91863083"
"CASA DE JUSTICIA ITAGÜÍ","2013-09-23","","194.76847625"
"CASA DE JUSTICIA ITAGÜÍ","2013-09-22","","171.3002325"
"CASA DE JUSTICIA ITAGÜÍ","2013-09-21","","249.40844917"
"CASA DE JUSTICIA ITAGÜÍ","2013-09-20","","252.09212917"
"CASA DE JUSTICIA ITAGÜÍ","2013-09-19","","166.66786"
"CASA DE JUSTICIA ITAGÜÍ","2013-09-18","","167.84300565"
"CASA DE JUSTICIA ITAGÜÍ","2013-09-17","","155.69826583"
"CASA DE JUSTICIA ITAGÜÍ","2013-09-16","","198.48322333"
"CASA DE JUSTICIA ITAGÜÍ","2013-09-15","","196.73152458"
"CASA DE JUSTICIA ITAGÜÍ","2013-09-14","","172.63622792"
"CASA DE JUSTICIA ITAGÜÍ","2013-09-13","","173.4422325"
"CASA DE JUSTICIA ITAGÜÍ","2013-09-12","","215.36261957"
"CASA DE JUSTICIA ITAGÜÍ","2013-09-11","","123.52650167"
"CASA DE JUSTICIA ITAGÜÍ","2013-09-10","","197.17441792"
"CASA DE JUSTICIA ITAGÜÍ","2013-09-09","","173.38101792"
"CASA DE JUSTICIA ITAGÜÍ","2013-09-08","","183.60300917"
"CASA DE JUSTICIA ITAGÜÍ","2013-09-07","","131.5359975"
"CASA DE JUSTICIA ITAGÜÍ","2013-09-06","","104.47280083"
"CASA DE JUSTICIA ITAGÜÍ","2013-09-05","","163.87430667"
"CASA DE JUSTICIA ITAGÜÍ","2013-09-04","","131.81122792"
"CASA DE JUSTICIA ITAGÜÍ","2013-09-03","","167.5943275"
"CASA DE JUSTICIA ITAGÜÍ","2013-09-02","","230.03264375"
"CASA DE JUSTICIA ITAGÜÍ","2013-09-01","","201.51238167"
"CASA DE JUSTICIA ITAGÜÍ","2013-08-31","","213.28437708"
"CASA DE JUSTICIA ITAGÜÍ","2013-08-30","","174.20399208"
"CASA DE JUSTICIA ITAGÜÍ","2013-08-29","","134.4802075"
"CASA DE JUSTICIA ITAGÜÍ","2013-08-28","","208.52678696"
"CASA DE JUSTICIA ITAGÜÍ","2013-08-27","","217.09757667"
"CASA DE JUSTICIA ITAGÜÍ","2013-08-26","","207.1873875"
"CASA DE JUSTICIA ITAGÜÍ","2013-08-25","","264.39594833"
"CASA DE JUSTICIA ITAGÜÍ","2013-08-24","","186.63246333"
"CASA DE JUSTICIA ITAGÜÍ","2013-08-23","","179.70566792"
"CASA DE JUSTICIA ITAGÜÍ","2013-08-22","","219.58657417"
"CASA DE JUSTICIA ITAGÜÍ","2013-08-21","","179.73194375"
"CASA DE JUSTICIA ITAGÜÍ","2013-08-20","","208.05290083"
"CASA DE JUSTICIA ITAGÜÍ","2013-08-19","","155.71272833"
"CASA DE JUSTICIA ITAGÜÍ","2013-08-18","","194.23235958"
"CASA DE JUSTICIA ITAGÜÍ","2013-08-17","","209.92244583"
"CASA DE JUSTICIA ITAGÜÍ","2013-08-16","","162.85517667"
"CASA DE JUSTICIA ITAGÜÍ","2013-08-15","","170.83400417"
"CASA DE JUSTICIA ITAGÜÍ","2013-08-14","","205.350925"
"CASA DE JUSTICIA ITAGÜÍ","2013-08-13","","90.12071708"
"CASA DE JUSTICIA ITAGÜÍ","2013-08-12","","161.80161625"
"CASA DE JUSTICIA ITAGÜÍ","2013-08-11","","160.19294375"
"CASA DE JUSTICIA ITAGÜÍ","2013-08-10","","171.02222125"
"CASA DE JUSTICIA ITAGÜÍ","2013-08-09","","147.54397875"
"CASA DE JUSTICIA ITAGÜÍ","2013-08-08","","96.523265"
"CASA DE JUSTICIA ITAGÜÍ","2013-08-07","","129.46782"
"CASA DE JUSTICIA ITAGÜÍ","2013-08-06","","178.80601917"
"CASA DE JUSTICIA ITAGÜÍ","2013-08-05","","211.17361292"
"CASA DE JUSTICIA ITAGÜÍ","2013-08-04","","179.57546792"
"CASA DE JUSTICIA ITAGÜÍ","2013-08-03","","166.23982542"
"CASA DE JUSTICIA ITAGÜÍ","2013-08-02","","165.61576875"
"CASA DE JUSTICIA ITAGÜÍ","2013-08-01","","175.72986167"
"CASA DE JUSTICIA ITAGÜÍ","2013-07-31","","173.64351042"
"CASA DE JUSTICIA ITAGÜÍ","2013-07-30","","168.945135"
"CASA DE JUSTICIA ITAGÜÍ","2013-07-29","","203.49780083"
"CASA DE JUSTICIA ITAGÜÍ","2013-07-28","","206.70231792"
"CASA DE JUSTICIA ITAGÜÍ","2013-07-27","","205.44224375"
"CASA DE JUSTICIA ITAGÜÍ","2013-07-26","","132.206715"
"CASA DE JUSTICIA ITAGÜÍ","2013-07-25","","227.39501542"
"CASA DE JUSTICIA ITAGÜÍ","2013-07-24","","230.02789833"
"CASA DE JUSTICIA ITAGÜÍ","2013-07-23","","199.45726458"
"CASA DE JUSTICIA ITAGÜÍ","2013-07-22","","131.13032875"
"CASA DE JUSTICIA ITAGÜÍ","2013-07-21","","200.82049458"
"CASA DE JUSTICIA ITAGÜÍ","2013-07-20","","159.91609125"
"CASA DE JUSTICIA ITAGÜÍ","2013-07-19","","137.25961625"
"CASA DE JUSTICIA ITAGÜÍ","2013-07-18","","161.22488042"
"CASA DE JUSTICIA ITAGÜÍ","2013-07-17","","194.29629333"
"CASA DE JUSTICIA ITAGÜÍ","2013-07-16","","228.23634167"
"CASA DE JUSTICIA ITAGÜÍ","2013-07-15","","129.80242708"
"CASA DE JUSTICIA ITAGÜÍ","2013-07-14","","167.92418792"
"CASA DE JUSTICIA ITAGÜÍ","2013-07-13","","207.802205"
"CASA DE JUSTICIA ITAGÜÍ","2013-07-12","","203.69593292"
"CASA DE JUSTICIA ITAGÜÍ","2013-07-11","","157.43506667"
"CASA DE JUSTICIA ITAGÜÍ","2013-07-10","","140.29432875"
"CASA DE JUSTICIA ITAGÜÍ","2013-07-09","","187.02709"
"CASA DE JUSTICIA ITAGÜÍ","2013-07-08","","233.83066542"
"CASA DE JUSTICIA ITAGÜÍ","2013-07-07","","186.08414167"
"CASA DE JUSTICIA ITAGÜÍ","2013-07-06","","175.4554425"
"CASA DE JUSTICIA ITAGÜÍ","2013-07-05","","141.68081042"
"CASA DE JUSTICIA ITAGÜÍ","2013-07-04","","156.50242917"
"CASA DE JUSTICIA ITAGÜÍ","2013-07-03","","148.2657325"
"CASA DE JUSTICIA ITAGÜÍ","2013-07-02","","210.64386833"
"CASA DE JUSTICIA ITAGÜÍ","2013-07-01","","153.01492333"
"CASA DE JUSTICIA ITAGÜÍ","2013-06-30","","138.47835125"
"CASA DE JUSTICIA ITAGÜÍ","2013-06-29","","174.72024708"
"CASA DE JUSTICIA ITAGÜÍ","2013-06-28","","106.73662708"
"CASA DE JUSTICIA ITAGÜÍ","2013-06-27","","141.06435833"
"CASA DE JUSTICIA ITAGÜÍ","2013-06-26","","183.55602167"
"CASA DE JUSTICIA ITAGÜÍ","2013-06-25","","164.4358025"
"CASA DE JUSTICIA ITAGÜÍ","2013-06-24","","172.60694167"
"CASA DE JUSTICIA ITAGÜÍ","2013-06-23","","217.46412708"
"CASA DE JUSTICIA ITAGÜÍ","2013-06-22","","156.61806042"
"CASA DE JUSTICIA ITAGÜÍ","2013-06-21","","232.41343542"
"CASA DE JUSTICIA ITAGÜÍ","2013-06-20","","198.14085958"
"CASA DE JUSTICIA ITAGÜÍ","2013-06-19","","155.90914292"
"CASA DE JUSTICIA ITAGÜÍ","2013-06-18","","201.89595625"
"CASA DE JUSTICIA ITAGÜÍ","2013-06-17","","212.67083375"
"CASA DE JUSTICIA ITAGÜÍ","2013-06-16","","238.7607625"
"CASA DE JUSTICIA ITAGÜÍ","2013-06-15","","163.71933292"
"CASA DE JUSTICIA ITAGÜÍ","2013-06-14","","103.74643542"
"CASA DE JUSTICIA ITAGÜÍ","2013-06-13","","219.35382667"
"CASA DE JUSTICIA ITAGÜÍ","2013-06-12","","199.78252875"
"CASA DE JUSTICIA ITAGÜÍ","2013-06-11","","163.21272292"
"CASA DE JUSTICIA ITAGÜÍ","2013-06-10","","201.24166292"
"CASA DE JUSTICIA ITAGÜÍ","2013-06-09","","237.09594625"
"CASA DE JUSTICIA ITAGÜÍ","2013-06-08","","200.81191667"
"CASA DE JUSTICIA ITAGÜÍ","2013-06-07","","199.57559625"
"CASA DE JUSTICIA ITAGÜÍ","2013-06-06","","192.488195"
"CASA DE JUSTICIA ITAGÜÍ","2013-06-05","","170.0025475"
"CASA DE JUSTICIA ITAGÜÍ","2013-06-04","","203.41296792"
"CASA DE JUSTICIA ITAGÜÍ","2013-06-03","","163.51388542"
"CASA DE JUSTICIA ITAGÜÍ","2013-06-02","","205.41713125"
"CASA DE JUSTICIA ITAGÜÍ","2013-06-01","","181.9048525"
"CASA DE JUSTICIA ITAGÜÍ","2013-05-31","","130.00277917"
"CASA DE JUSTICIA ITAGÜÍ","2013-05-30","","170.54925458"
"CASA DE JUSTICIA ITAGÜÍ","2013-05-29","","142.63934667"
"CASA DE JUSTICIA ITAGÜÍ","2013-05-28","","129.95109957"
"CASA DE JUSTICIA ITAGÜÍ","2013-05-27","","141.28015"
"CASA DE JUSTICIA ITAGÜÍ","2013-05-26","","201.23391708"
"CASA DE JUSTICIA ITAGÜÍ","2013-05-25","","208.70937125"
"CASA DE JUSTICIA ITAGÜÍ","2013-05-24","","168.14339208"
"CASA DE JUSTICIA ITAGÜÍ","2013-05-23","","158.95712708"
"CASA DE JUSTICIA ITAGÜÍ","2013-05-22","","142.21782708"
"CASA DE JUSTICIA ITAGÜÍ","2013-05-21","","128.51805958"
"CASA DE JUSTICIA ITAGÜÍ","2013-05-20","","125.74643042"
"CASA DE JUSTICIA ITAGÜÍ","2013-05-19","","208.6344875"
"CASA DE JUSTICIA ITAGÜÍ","2013-05-18","","168.7811375"
"CASA DE JUSTICIA ITAGÜÍ","2013-05-17","","112.34768"
"CASA DE JUSTICIA ITAGÜÍ","2013-05-16","","140.37963083"
"CASA DE JUSTICIA ITAGÜÍ","2013-05-15","","112.60231417"
"CASA DE JUSTICIA ITAGÜÍ","2013-05-14","","86.4904165"
"CASA DE JUSTICIA ITAGÜÍ","2013-05-13","","170.56236667"
"CASA DE JUSTICIA ITAGÜÍ","2013-05-12","","209.78877333"
"CASA DE JUSTICIA ITAGÜÍ","2013-05-11","","168.19467417"
"CASA DE JUSTICIA ITAGÜÍ","2013-05-10","","196.88252083"
"CASA DE JUSTICIA ITAGÜÍ","2013-05-09","","141.47835625"
"CASA DE JUSTICIA ITAGÜÍ","2013-05-08","","169.22592375"
"CASA DE JUSTICIA ITAGÜÍ","2013-05-07","","93.64432"
"CASA DE JUSTICIA ITAGÜÍ","2013-05-06","","178.48988792"
"CASA DE JUSTICIA ITAGÜÍ","2013-05-05","","202.33679333"
"CASA DE JUSTICIA ITAGÜÍ","2013-05-04","","219.84873167"
"CASA DE JUSTICIA ITAGÜÍ","2013-05-03","","174.40253"
"CASA DE JUSTICIA ITAGÜÍ","2013-05-02","","122.18576125"
"CASA DE JUSTICIA ITAGÜÍ","2013-05-01","","132.24664458"
"CASA DE JUSTICIA ITAGÜÍ","2013-04-30","","184.66134583"
"CASA DE JUSTICIA ITAGÜÍ","2013-04-29","","126.88203083"
"CASA DE JUSTICIA ITAGÜÍ","2013-04-28","","213.75196792"
"CASA DE JUSTICIA ITAGÜÍ","2013-04-27","","225.74270542"
"CASA DE JUSTICIA ITAGÜÍ","2013-04-26","","170.02986229"
"CASA DE JUSTICIA ITAGÜÍ","2013-04-25","","160.46180542"
"CASA DE JUSTICIA ITAGÜÍ","2013-04-24","","142.46828458"
"CASA DE JUSTICIA ITAGÜÍ","2013-04-23","","145.27743042"
"CASA DE JUSTICIA ITAGÜÍ","2013-04-22","","235.883135"
"CASA DE JUSTICIA ITAGÜÍ","2013-04-18","","123.91447789"
"CASA DE JUSTICIA ITAGÜÍ","2013-04-17","","118.78531583"
"CASA DE JUSTICIA ITAGÜÍ","2013-04-16","","158.01955917"
"CASA DE JUSTICIA ITAGÜÍ","2013-04-15","","132.21702333"
"CASA DE JUSTICIA ITAGÜÍ","2013-04-14","","105.41261375"
"CASA DE JUSTICIA ITAGÜÍ","2013-04-13","","142.83206042"
"CASA DE JUSTICIA ITAGÜÍ","2013-04-12","","112.1727925"
"CASA DE JUSTICIA ITAGÜÍ","2013-04-11","","160.13587958"
"CASA DE JUSTICIA ITAGÜÍ","2013-04-10","","115.7986025"
"CASA DE JUSTICIA ITAGÜÍ","2013-04-09","","172.27129292"
"CASA DE JUSTICIA ITAGÜÍ","2013-04-08","","151.97000042"
"CASA DE JUSTICIA ITAGÜÍ","2013-04-07","","162.05034417"
"CASA DE JUSTICIA ITAGÜÍ","2013-04-06","","150.45473958"
"CASA DE JUSTICIA ITAGÜÍ","2013-04-05","","128.495832"
"CASA DE JUSTICIA ITAGÜÍ","2013-04-04","","147.07361458"
"CASA DE JUSTICIA ITAGÜÍ","2013-04-03","","135.57430042"
"CASA DE JUSTICIA ITAGÜÍ","2013-04-02","","115.63958292"
"CASA DE JUSTICIA ITAGÜÍ","2013-04-01","","147.54715292"
"CASA DE JUSTICIA ITAGÜÍ","2012-10-06","","96.75"
"CASA DE JUSTICIA ITAGÜÍ","2012-10-05","","156.75"
"CASA DE JUSTICIA ITAGÜÍ","2012-10-04","","171.91666667"
"CASA DE JUSTICIA ITAGÜÍ","2012-10-03","","220.91666667"
"CASA DE JUSTICIA ITAGÜÍ","2012-10-02","","141.125"
"CASA DE JUSTICIA ITAGÜÍ","2012-10-01","","258.0"
"CASA DE JUSTICIA ITAGÜÍ","2012-09-24","","91.47955"
"CASA DE JUSTICIA ITAGÜÍ","2012-09-23","","175.85895833"
"CASA DE JUSTICIA ITAGÜÍ","2012-09-22","","150.83770833"
"CASA DE JUSTICIA ITAGÜÍ","2012-09-21","","184.35983333"
"CASA DE JUSTICIA ITAGÜÍ","2012-09-20","","112.11204167"
"CASA DE JUSTICIA ITAGÜÍ","2012-09-19","","204.08254167"
"CASA DE JUSTICIA ITAGÜÍ","2012-09-18","","185.01895833"
"CASA DE JUSTICIA ITAGÜÍ","2012-09-17","","118.69383333"
"CASA DE JUSTICIA ITAGÜÍ","2012-09-16","","184.272125"
"CASA DE JUSTICIA ITAGÜÍ","2012-09-15","","208.92841667"
"CASA DE JUSTICIA ITAGÜÍ","2012-09-14","","241.61541667"
"CASA DE JUSTICIA ITAGÜÍ","2012-09-13","","146.12445833"
"CASA DE JUSTICIA ITAGÜÍ","2012-09-12","","143.77108333"
"CASA DE JUSTICIA ITAGÜÍ","2012-09-11","","199.625"
"CASA DE JUSTICIA ITAGÜÍ","2012-09-10","","229.25"
"CASA DE JUSTICIA ITAGÜÍ","2012-09-09","","243.66666667"
"CASA DE JUSTICIA ITAGÜÍ","2012-09-08","","196.0"
"CASA DE JUSTICIA ITAGÜÍ","2012-09-07","","177.20833333"
"CASA DE JUSTICIA ITAGÜÍ","2012-09-06","","198.0"
"CASA DE JUSTICIA ITAGÜÍ","2012-09-05","","175.06666667"
"CASA DE JUSTICIA ITAGÜÍ","2012-09-03","","166.09090909"
"CASA DE JUSTICIA ITAGÜÍ","2012-09-02","","197.70833333"
"CASA DE JUSTICIA ITAGÜÍ","2012-09-01","","199.16666667"
"CASA DE JUSTICIA ITAGÜÍ","2012-08-31","","208.816"
"CASA DE JUSTICIA ITAGÜÍ","2012-08-30","","226.27720833"
"CASA DE JUSTICIA ITAGÜÍ","2012-08-29","","252.4"
"CASA DE JUSTICIA ITAGÜÍ","2012-08-27","","279.33333333"
"CASA DE JUSTICIA ITAGÜÍ","2012-08-26","","211.66666667"
"CASA DE JUSTICIA ITAGÜÍ","2012-08-25","","168.54166667"
"CASA DE JUSTICIA ITAGÜÍ","2012-08-24","","112.5"
"CASA DE JUSTICIA ITAGÜÍ","2012-08-23","","189.33333333"
"CASA DE JUSTICIA ITAGÜÍ","2012-08-22","","162.54166667"
"CASA DE JUSTICIA ITAGÜÍ","2012-08-21","","198.45833333"
"CASA DE JUSTICIA ITAGÜÍ","2012-08-20","","207.79166667"
"CASA DE JUSTICIA ITAGÜÍ","2012-08-19","","238.875"
"CASA DE JUSTICIA ITAGÜÍ","2012-08-18","","192.95833333"
"CASA DE JUSTICIA ITAGÜÍ","2012-08-17","","167.04166667"
"CASA DE JUSTICIA ITAGÜÍ","2012-08-16","","216.83333333"
"CASA DE JUSTICIA ITAGÜÍ","2012-08-15","","173.70833333"
"CASA DE JUSTICIA ITAGÜÍ","2012-08-14","","177.71428571"
"CASA DE JUSTICIA ITAGÜÍ","2012-08-13","","79.9"
"CASA DE JUSTICIA ITAGÜÍ","2012-08-12","","198.0"
"CASA DE JUSTICIA ITAGÜÍ","2012-08-11","","180.66666667"
"CASA DE JUSTICIA ITAGÜÍ","2012-08-10","","202.375"
"CASA DE JUSTICIA ITAGÜÍ","2012-08-09","","164.70833333"
"CASA DE JUSTICIA ITAGÜÍ","2012-08-08","","147.125"
"CASA DE JUSTICIA ITAGÜÍ","2012-08-07","","166.04166667"
"CASA DE JUSTICIA ITAGÜÍ","2012-08-06","","203.70833333"
"CASA DE JUSTICIA ITAGÜÍ","2012-08-05","","168.91666667"
"CASA DE JUSTICIA ITAGÜÍ","2012-08-04","","157.375"
"CASA DE JUSTICIA ITAGÜÍ","2012-08-03","","126.54166667"
"CASA DE JUSTICIA ITAGÜÍ","2012-08-02","","206.66666667"
"CASA DE JUSTICIA ITAGÜÍ","2012-08-01","","169.16666667"
"CASA DE JUSTICIA ITAGÜÍ","2012-07-31","","162.754"
"CASA DE JUSTICIA ITAGÜÍ","2012-07-30","","124.5605"
"CASA DE JUSTICIA ITAGÜÍ","2012-07-29","","211.605125"
"CASA DE JUSTICIA ITAGÜÍ","2012-07-28","","163.951"
"CASA DE JUSTICIA ITAGÜÍ","2012-07-27","","179.16666667"
"CASA DE JUSTICIA ITAGÜÍ","2012-07-26","","215.25"
"CASA DE JUSTICIA ITAGÜÍ","2012-07-25","","217.5"
"CASA DE JUSTICIA ITAGÜÍ","2012-07-24","","207.29166667"
"CASA DE JUSTICIA ITAGÜÍ","2012-07-23","","202.625"
"CASA DE JUSTICIA ITAGÜÍ","2012-07-22","","177.58333333"
"CASA DE JUSTICIA ITAGÜÍ","2012-07-21","","205.41666667"
"CASA DE JUSTICIA ITAGÜÍ","2012-07-20","","176.375"
"CASA DE JUSTICIA ITAGÜÍ","2012-07-19","","178.56521739"
"CASA DE JUSTICIA ITAGÜÍ","2012-07-18","","214.29166667"
"CASA DE JUSTICIA ITAGÜÍ","2012-07-17","","169.29166667"
"CASA DE JUSTICIA ITAGÜÍ","2012-07-16","","216.95833333"
"CASA DE JUSTICIA ITAGÜÍ","2012-07-15","","199.95833333"
"CASA DE JUSTICIA ITAGÜÍ","2012-07-14","","227.29166667"
"CASA DE JUSTICIA ITAGÜÍ","2012-07-13","","101.95833333"
"CASA DE JUSTICIA ITAGÜÍ","2012-07-12","","175.66666667"
"CASA DE JUSTICIA ITAGÜÍ","2012-07-11","","143.58333333"
"CASA DE JUSTICIA ITAGÜÍ","2012-07-10","","201.5"
"CASA DE JUSTICIA ITAGÜÍ","2012-07-09","","190.83333333"
"CASA DE JUSTICIA ITAGÜÍ","2012-07-08","","234.75"
"CASA DE JUSTICIA ITAGÜÍ","2012-07-07","","197.625"
"CASA DE JUSTICIA ITAGÜÍ","2012-07-06","","204.54166667"
"CASA DE JUSTICIA ITAGÜÍ","2012-07-05","","170.625"
"CASA DE JUSTICIA ITAGÜÍ","2012-07-04","","213.75"
"CASA DE JUSTICIA ITAGÜÍ","2012-07-03","","153.375"
"CASA DE JUSTICIA ITAGÜÍ","2012-07-02","","228.75"
"CASA DE JUSTICIA ITAGÜÍ","2012-07-01","","223.625"
"CASA DE JUSTICIA ITAGÜÍ","2012-06-30","","170.45833333"
"CASA DE JUSTICIA ITAGÜÍ","2012-06-29","","165.41666667"
"CASA DE JUSTICIA ITAGÜÍ","2012-06-28","","219.5"
"CASA DE JUSTICIA ITAGÜÍ","2012-06-27","","216.95833333"
"CASA DE JUSTICIA ITAGÜÍ","2012-06-26","","209.8"
"CASA DE JUSTICIA ITAGÜÍ","2012-06-25","","158.91666667"
"CASA DE JUSTICIA ITAGÜÍ","2012-06-24","","189.25"
"CASA DE JUSTICIA ITAGÜÍ","2012-06-23","","202.0"
"CASA DE JUSTICIA ITAGÜÍ","2012-06-22","","239.25"
"CASA DE JUSTICIA ITAGÜÍ","2012-06-21","","136.33333333"
"CASA DE JUSTICIA ITAGÜÍ","2012-06-20","","207.20833333"
"CASA DE JUSTICIA ITAGÜÍ","2012-06-19","","233.29166667"
"CASA DE JUSTICIA ITAGÜÍ","2012-06-18","","222.95833333"
"CASA DE JUSTICIA ITAGÜÍ","2012-06-17","","190.58333333"
"CASA DE JUSTICIA ITAGÜÍ","2012-06-16","","124.91666667"
"CASA DE JUSTICIA ITAGÜÍ","2012-06-15","","202.08333333"
"CASA DE JUSTICIA ITAGÜÍ","2012-06-14","","181.66666667"
"CASA DE JUSTICIA ITAGÜÍ","2012-06-13","","101.25"
"CASA DE JUSTICIA ITAGÜÍ","2012-06-12","","104.0"
"CASA DE JUSTICIA ITAGÜÍ","2012-06-11","","173.70833333"
"CASA DE JUSTICIA ITAGÜÍ","2012-06-10","","220.0"
"CASA DE JUSTICIA ITAGÜÍ","2012-06-09","","193.91666667"
"CASA DE JUSTICIA ITAGÜÍ","2012-06-08","","188.5"
"CASA DE JUSTICIA ITAGÜÍ","2012-06-07","","223.91666667"
"CASA DE JUSTICIA ITAGÜÍ","2012-06-06","","221.625"
"CASA DE JUSTICIA ITAGÜÍ","2012-06-05","","180.58333333"
"CASA DE JUSTICIA ITAGÜÍ","2012-06-04","","183.41666667"
"CASA DE JUSTICIA ITAGÜÍ","2012-06-03","","173.41666667"
"CASA DE JUSTICIA ITAGÜÍ","2012-06-02","","190.91666667"
"CASA DE JUSTICIA ITAGÜÍ","2012-06-01","","147.54166667"
