"Estacion","Fecha inicial","Fecha final","O3"
"MEDELLÍN - TANQUES LA YE EPM","2024-04-10","","47.81535263"
"MEDELLÍN - TANQUES LA YE EPM","2024-04-09","","41.42152067"
"MEDELLÍN - TANQUES LA YE EPM","2024-04-08","","43.13822076"
"MEDELLÍN - TANQUES LA YE EPM","2024-04-07","","41.58501592"
"MEDELLÍN - TANQUES LA YE EPM","2024-04-06","","31.10497062"
"MEDELLÍN - TANQUES LA YE EPM","2024-04-05","","29.38554562"
"MEDELLÍN - TANQUES LA YE EPM","2024-04-04","","13.69436184"
"MEDELLÍN - TANQUES LA YE EPM","2024-04-03","","27.71244426"
"MEDELLÍN - TANQUES LA YE EPM","2024-04-02","","40.82476302"
"MEDELLÍN - TANQUES LA YE EPM","2024-04-01","","38.7892472"
"MEDELLÍN - TANQUES LA YE EPM","2024-03-31","","34.4278338"
"MEDELLÍN - TANQUES LA YE EPM","2024-03-30","","57.19881195"
"MEDELLÍN - TANQUES LA YE EPM","2024-03-29","","51.85251739"
"MEDELLÍN - TANQUES LA YE EPM","2024-03-28","","43.42433744"
"MEDELLÍN - TANQUES LA YE EPM","2024-03-27","","41.55231687"
"MEDELLÍN - TANQUES LA YE EPM","2024-03-26","","48.55808817"
"MEDELLÍN - TANQUES LA YE EPM","2024-03-25","","55.26956804"
"MEDELLÍN - TANQUES LA YE EPM","2024-03-24","","50.64265256"
"MEDELLÍN - TANQUES LA YE EPM","2024-03-23","","47.85505862"
"MEDELLÍN - TANQUES LA YE EPM","2024-03-22","","63.51790322"
"MEDELLÍN - TANQUES LA YE EPM","2024-03-21","","32.37205878"
"MEDELLÍN - TANQUES LA YE EPM","2024-03-20","","35.2332256"
"MEDELLÍN - TANQUES LA YE EPM","2024-03-19","","48.61531151"
"MEDELLÍN - TANQUES LA YE EPM","2024-03-18","","54.35399466"
"MEDELLÍN - TANQUES LA YE EPM","2024-03-17","","50.15216683"
"MEDELLÍN - TANQUES LA YE EPM","2024-03-16","","54.85265516"
"MEDELLÍN - TANQUES LA YE EPM","2024-03-15","","42.75400693"
"MEDELLÍN - TANQUES LA YE EPM","2024-03-14","","47.5117186"
"MEDELLÍN - TANQUES LA YE EPM","2024-03-13","","46.06478567"
"MEDELLÍN - TANQUES LA YE EPM","2024-03-12","","47.10298048"
"MEDELLÍN - TANQUES LA YE EPM","2024-03-11","","48.7052339"
"MEDELLÍN - TANQUES LA YE EPM","2024-03-10","","44.91214418"
"MEDELLÍN - TANQUES LA YE EPM","2024-03-09","","41.57684116"
"MEDELLÍN - TANQUES LA YE EPM","2024-03-08","","53.16047936"
"MEDELLÍN - TANQUES LA YE EPM","2024-03-07","","60.57498878"
"MEDELLÍN - TANQUES LA YE EPM","2024-03-06","","52.07323598"
"MEDELLÍN - TANQUES LA YE EPM","2024-03-05","","53.30762508"
"MEDELLÍN - TANQUES LA YE EPM","2024-03-04","","66.48534194"
"MEDELLÍN - TANQUES LA YE EPM","2024-03-03","","48.00220434"
"MEDELLÍN - TANQUES LA YE EPM","2024-03-02","","69.97596545"
"MEDELLÍN - TANQUES LA YE EPM","2024-03-01","","56.23418999"
"MEDELLÍN - TANQUES LA YE EPM","2024-02-29","","45.69365146"
"MEDELLÍN - TANQUES LA YE EPM","2024-02-28","","57.17428766"
"MEDELLÍN - TANQUES LA YE EPM","2024-02-27","","55.2777428"
"MEDELLÍN - TANQUES LA YE EPM","2024-02-26","","50.65082733"
"MEDELLÍN - TANQUES LA YE EPM","2024-02-25","","44.67507607"
"MEDELLÍN - TANQUES LA YE EPM","2024-02-24","","40.03998584"
"MEDELLÍN - TANQUES LA YE EPM","2024-02-23","","46.20375663"
"MEDELLÍN - TANQUES LA YE EPM","2024-02-22","","33.90073934"
"MEDELLÍN - TANQUES LA YE EPM","2024-02-21","","44.97754228"
"MEDELLÍN - TANQUES LA YE EPM","2024-02-20","","66.15017669"
"MEDELLÍN - TANQUES LA YE EPM","2024-02-19","","39.71299535"
"MEDELLÍN - TANQUES LA YE EPM","2024-02-18","","42.95020122"
"MEDELLÍN - TANQUES LA YE EPM","2024-02-17","","37.30144046"
"MEDELLÍN - TANQUES LA YE EPM","2024-02-16","","44.4952313"
"MEDELLÍN - TANQUES LA YE EPM","2024-02-15","","39.10152312"
"MEDELLÍN - TANQUES LA YE EPM","2024-02-14","","37.01532378"
"MEDELLÍN - TANQUES LA YE EPM","2024-02-13","","45.03476562"
"MEDELLÍN - TANQUES LA YE EPM","2024-02-12","","54.1496256"
"MEDELLÍN - TANQUES LA YE EPM","2024-02-11","","35.24957512"
"MEDELLÍN - TANQUES LA YE EPM","2024-02-10","","36.07522611"
"MEDELLÍN - TANQUES LA YE EPM","2024-02-09","","31.12132015"
"MEDELLÍN - TANQUES LA YE EPM","2024-02-08","","22.93020831"
"MEDELLÍN - TANQUES LA YE EPM","2024-02-07","","21.07453726"
"MEDELLÍN - TANQUES LA YE EPM","2024-02-06","","36.65421254"
"MEDELLÍN - TANQUES LA YE EPM","2024-02-05","","18.50766189"
"MEDELLÍN - TANQUES LA YE EPM","2024-02-04","","18.98179811"
"MEDELLÍN - TANQUES LA YE EPM","2024-02-03","","25.13739413"
"MEDELLÍN - TANQUES LA YE EPM","2024-02-02","","26.21646275"
"MEDELLÍN - TANQUES LA YE EPM","2024-02-01","","14.2976593"
"MEDELLÍN - TANQUES LA YE EPM","2024-01-31","","30.75985348"
"MEDELLÍN - TANQUES LA YE EPM","2024-01-30","","27.23363675"
"MEDELLÍN - TANQUES LA YE EPM","2024-01-29","","43.68592983"
"MEDELLÍN - TANQUES LA YE EPM","2024-01-28","","52.08141074"
"MEDELLÍN - TANQUES LA YE EPM","2024-01-27","","48.86872914"
"MEDELLÍN - TANQUES LA YE EPM","2024-01-26","","40.07268489"
"MEDELLÍN - TANQUES LA YE EPM","2024-01-25","","66.55074004"
"MEDELLÍN - TANQUES LA YE EPM","2024-01-24","","58.33510391"
"MEDELLÍN - TANQUES LA YE EPM","2024-01-23","","46.39995092"
"MEDELLÍN - TANQUES LA YE EPM","2024-01-22","","38.486781"
"MEDELLÍN - TANQUES LA YE EPM","2024-01-21","","34.52202127"
"MEDELLÍN - TANQUES LA YE EPM","2024-01-20","","37.93907192"
"MEDELLÍN - TANQUES LA YE EPM","2024-01-19","","34.42392413"
"MEDELLÍN - TANQUES LA YE EPM","2024-01-18","","31.96005076"
"MEDELLÍN - TANQUES LA YE EPM","2024-01-17","","38.58487815"
"MEDELLÍN - TANQUES LA YE EPM","2024-01-16","","45.05111514"
"MEDELLÍN - TANQUES LA YE EPM","2024-01-15","","37.26874141"
"MEDELLÍN - TANQUES LA YE EPM","2024-01-14","","35.99347849"
"MEDELLÍN - TANQUES LA YE EPM","2024-01-13","","28.77516336"
"MEDELLÍN - TANQUES LA YE EPM","2024-01-12","","29.58446483"
"MEDELLÍN - TANQUES LA YE EPM","2024-01-11","","33.68002075"
"MEDELLÍN - TANQUES LA YE EPM","2024-01-10","","27.61434711"
"MEDELLÍN - TANQUES LA YE EPM","2024-01-09","","38.486781"
"MEDELLÍN - TANQUES LA YE EPM","2024-01-08","","39.28790771"
"MEDELLÍN - TANQUES LA YE EPM","2024-01-07","","31.56275731"
"MEDELLÍN - TANQUES LA YE EPM","2024-01-06","","45.77049423"
"MEDELLÍN - TANQUES LA YE EPM","2024-01-05","","32.25761211"
"MEDELLÍN - TANQUES LA YE EPM","2024-01-04","","26.79033107"
"MEDELLÍN - TANQUES LA YE EPM","2024-01-03","","25.92217131"
"MEDELLÍN - TANQUES LA YE EPM","2024-01-02","","28.32555143"
"MEDELLÍN - TANQUES LA YE EPM","2024-01-01","","29.48636768"
"MEDELLÍN - TANQUES LA YE EPM","2023-12-31","","28.14961633"
"MEDELLÍN - TANQUES LA YE EPM","2023-12-30","","20.9355663"
"MEDELLÍN - TANQUES LA YE EPM","2023-12-29","","22.9302083"
"MEDELLÍN - TANQUES LA YE EPM","2023-12-28","","13.75812498"
"MEDELLÍN - TANQUES LA YE EPM","2023-12-27","","33.37755455"
"MEDELLÍN - TANQUES LA YE EPM","2023-12-26","","30.33654297"
"MEDELLÍN - TANQUES LA YE EPM","2023-12-25","","33.53287503"
"MEDELLÍN - TANQUES LA YE EPM","2023-12-24","","32.16768972"
"MEDELLÍN - TANQUES LA YE EPM","2023-12-23","","28.75881384"
"MEDELLÍN - TANQUES LA YE EPM","2023-12-22","","27.81871617"
"MEDELLÍN - TANQUES LA YE EPM","2023-12-21","","29.39177401"
"MEDELLÍN - TANQUES LA YE EPM","2023-12-20","","30.4591644"
"MEDELLÍN - TANQUES LA YE EPM","2023-12-19","","28.26015334"
"MEDELLÍN - TANQUES LA YE EPM","2023-12-18","","25.4480351"
"MEDELLÍN - TANQUES LA YE EPM","2023-12-17","","20.06086673"
"MEDELLÍN - TANQUES LA YE EPM","2023-12-16","","23.16727641"
"MEDELLÍN - TANQUES LA YE EPM","2023-12-15","","20.80512553"
"MEDELLÍN - TANQUES LA YE EPM","2023-12-14","","30.3937663"
"MEDELLÍN - TANQUES LA YE EPM","2023-12-13","","29.29017339"
"MEDELLÍN - TANQUES LA YE EPM","2023-12-12","","31.1540192"
"MEDELLÍN - TANQUES LA YE EPM","2023-12-11","","26.23281228"
"MEDELLÍN - TANQUES LA YE EPM","2023-12-10","","24.58968506"
"MEDELLÍN - TANQUES LA YE EPM","2023-12-09","","27.64704616"
"MEDELLÍN - TANQUES LA YE EPM","2023-12-08","","25.55430701"
"MEDELLÍN - TANQUES LA YE EPM","2023-12-07","","24.42618981"
"MEDELLÍN - TANQUES LA YE EPM","2023-12-06","","29.28199863"
"MEDELLÍN - TANQUES LA YE EPM","2023-12-05","","14.47572694"
"MEDELLÍN - TANQUES LA YE EPM","2023-12-04","","3.71951686"
"MEDELLÍN - TANQUES LA YE EPM","2023-12-03","","3.83396353"
"MEDELLÍN - TANQUES LA YE EPM","2023-12-02","","2.32980726"
"MEDELLÍN - TANQUES LA YE EPM","2023-12-01","","16.2269032"
"MEDELLÍN - TANQUES LA YE EPM","2023-11-30","","27.05028851"
"MEDELLÍN - TANQUES LA YE EPM","2023-11-29","","32.77262214"
"MEDELLÍN - TANQUES LA YE EPM","2023-11-28","","26.61702611"
"MEDELLÍN - TANQUES LA YE EPM","2023-11-27","","26.81322041"
"MEDELLÍN - TANQUES LA YE EPM","2023-11-26","","27.91681332"
"MEDELLÍN - TANQUES LA YE EPM","2023-11-25","","30.5245625"
"MEDELLÍN - TANQUES LA YE EPM","2023-11-24","","31.48918446"
"MEDELLÍN - TANQUES LA YE EPM","2023-11-23","","27.6388714"
"MEDELLÍN - TANQUES LA YE EPM","2023-11-22","","24.55698601"
"MEDELLÍN - TANQUES LA YE EPM","2023-11-21","","11.43089923"
"MEDELLÍN - TANQUES LA YE EPM","2023-11-20","","19.9382453"
"MEDELLÍN - TANQUES LA YE EPM","2023-11-19","","15.97348557"
"MEDELLÍN - TANQUES LA YE EPM","2023-11-18","","22.38249923"
"MEDELLÍN - TANQUES LA YE EPM","2023-11-17","","31.75077685"
"MEDELLÍN - TANQUES LA YE EPM","2023-11-16","","26.4453561"
"MEDELLÍN - TANQUES LA YE EPM","2023-11-15","","23.11822784"
"MEDELLÍN - TANQUES LA YE EPM","2023-11-14","","25.35811272"
"MEDELLÍN - TANQUES LA YE EPM","2023-11-13","","34.5383708"
"MEDELLÍN - TANQUES LA YE EPM","2023-11-12","","24.76135506"
"MEDELLÍN - TANQUES LA YE EPM","2023-11-11","","24.24634504"
"MEDELLÍN - TANQUES LA YE EPM","2023-11-10","","31.72625256"
"MEDELLÍN - TANQUES LA YE EPM","2023-11-09","","27.0748128"
"MEDELLÍN - TANQUES LA YE EPM","2023-11-08","","7.85931267"
"MEDELLÍN - TANQUES LA YE EPM","2023-11-07","","18.93274953"
"MEDELLÍN - TANQUES LA YE EPM","2023-11-06","","19.1125943"
"MEDELLÍN - TANQUES LA YE EPM","2023-11-05","","26.87044374"
"MEDELLÍN - TANQUES LA YE EPM","2023-11-04","","20.36333294"
"MEDELLÍN - TANQUES LA YE EPM","2023-11-03","","16.25142749"
"MEDELLÍN - TANQUES LA YE EPM","2023-11-02","","17.04437943"
"MEDELLÍN - TANQUES LA YE EPM","2023-11-01","","18.75290476"
"MEDELLÍN - TANQUES LA YE EPM","2023-10-31","","42.03676039"
"MEDELLÍN - TANQUES LA YE EPM","2023-10-30","","18.30329283"
"MEDELLÍN - TANQUES LA YE EPM","2023-10-29","","29.20842577"
"MEDELLÍN - TANQUES LA YE EPM","2023-10-28","","32.17586449"
"MEDELLÍN - TANQUES LA YE EPM","2023-10-27","","27.98221142"
"MEDELLÍN - TANQUES LA YE EPM","2023-10-26","","25.83224893"
"MEDELLÍN - TANQUES LA YE EPM","2023-10-25","","17.84550614"
"MEDELLÍN - TANQUES LA YE EPM","2023-10-24","","29.38243142"
"MEDELLÍN - TANQUES LA YE EPM","2023-10-23","","39.67212154"
"MEDELLÍN - TANQUES LA YE EPM","2023-10-22","","29.05310528"
"MEDELLÍN - TANQUES LA YE EPM","2023-10-21","","17.25692326"
"MEDELLÍN - TANQUES LA YE EPM","2023-10-20","","19.49680813"
"MEDELLÍN - TANQUES LA YE EPM","2023-10-19","","28.57896907"
"MEDELLÍN - TANQUES LA YE EPM","2023-10-18","","28.92230908"
"MEDELLÍN - TANQUES LA YE EPM","2023-10-17","","24.53246172"
"MEDELLÍN - TANQUES LA YE EPM","2023-10-16","","35.14330321"
"MEDELLÍN - TANQUES LA YE EPM","2023-10-15","","39.69664582"
"MEDELLÍN - TANQUES LA YE EPM","2023-10-14","","31.84887399"
"MEDELLÍN - TANQUES LA YE EPM","2023-10-13","","35.54386656"
"MEDELLÍN - TANQUES LA YE EPM","2023-10-12","","30.84337823"
"MEDELLÍN - TANQUES LA YE EPM","2023-10-11","","25.26001557"
"MEDELLÍN - TANQUES LA YE EPM","2023-10-10","","31.12949491"
"MEDELLÍN - TANQUES LA YE EPM","2023-10-09","","32.75627261"
"MEDELLÍN - TANQUES LA YE EPM","2023-10-08","","29.27382386"
"MEDELLÍN - TANQUES LA YE EPM","2023-10-07","","34.59559414"
"MEDELLÍN - TANQUES LA YE EPM","2023-10-06","","33.7127198"
"MEDELLÍN - TANQUES LA YE EPM","2023-10-05","","23.28989785"
"MEDELLÍN - TANQUES LA YE EPM","2023-10-04","","16.75826275"
"MEDELLÍN - TANQUES LA YE EPM","2023-10-03","","26.32273467"
"MEDELLÍN - TANQUES LA YE EPM","2023-10-02","","52.19585741"
"MEDELLÍN - TANQUES LA YE EPM","2023-10-01","","56.8636467"
"MEDELLÍN - TANQUES LA YE EPM","2023-09-30","","48.78413813"
"MEDELLÍN - TANQUES LA YE EPM","2023-09-29","","32.44563164"
"MEDELLÍN - TANQUES LA YE EPM","2023-09-28","","26.88679327"
"MEDELLÍN - TANQUES LA YE EPM","2023-09-27","","14.13825143"
"MEDELLÍN - TANQUES LA YE EPM","2023-09-26","","34.75908938"
"MEDELLÍN - TANQUES LA YE EPM","2023-09-25","","31.13766967"
"MEDELLÍN - TANQUES LA YE EPM","2023-09-24","","42.39431739"
"MEDELLÍN - TANQUES LA YE EPM","2023-09-23","","44.02926985"
"MEDELLÍN - TANQUES LA YE EPM","2023-09-22","","46.82503856"
"MEDELLÍN - TANQUES LA YE EPM","2023-09-21","","51.56640071"
"MEDELLÍN - TANQUES LA YE EPM","2023-09-20","","44.65872655"
"MEDELLÍN - TANQUES LA YE EPM","2023-09-19","","47.91228195"
"MEDELLÍN - TANQUES LA YE EPM","2023-09-18","","45.95851376"
"MEDELLÍN - TANQUES LA YE EPM","2023-09-17","","47.88775766"
"MEDELLÍN - TANQUES LA YE EPM","2023-09-16","","40.39967538"
"MEDELLÍN - TANQUES LA YE EPM","2023-09-15","","33.58192361"
"MEDELLÍN - TANQUES LA YE EPM","2023-09-14","","31.35838826"
"MEDELLÍN - TANQUES LA YE EPM","2023-09-12","","17.73596433"
"MEDELLÍN - TANQUES LA YE EPM","2023-09-11","","44.57697892"
"MEDELLÍN - TANQUES LA YE EPM","2023-09-10","","36.50848852"
"MEDELLÍN - TANQUES LA YE EPM","2023-09-09","","38.28241194"
"MEDELLÍN - TANQUES LA YE EPM","2023-09-08","","40.66126777"
"MEDELLÍN - TANQUES LA YE EPM","2023-09-07","","46.28550425"
"MEDELLÍN - TANQUES LA YE EPM","2023-09-06","","44.44618273"
"MEDELLÍN - TANQUES LA YE EPM","2023-09-05","","43.87394937"
"MEDELLÍN - TANQUES LA YE EPM","2023-09-04","","48.15752482"
"MEDELLÍN - TANQUES LA YE EPM","2023-09-03","","47.4463205"
"MEDELLÍN - TANQUES LA YE EPM","2023-09-02","","28.9631829"
"MEDELLÍN - TANQUES LA YE EPM","2023-09-01","","41.62588973"
"MEDELLÍN - TANQUES LA YE EPM","2023-08-31","","47.22311394"
"MEDELLÍN - TANQUES LA YE EPM","2023-08-30","","34.97980796"
"MEDELLÍN - TANQUES LA YE EPM","2023-08-29","","37.67747953"
"MEDELLÍN - TANQUES LA YE EPM","2023-08-28","","52.75991601"
"MEDELLÍN - TANQUES LA YE EPM","2023-08-27","","51.87704168"
"MEDELLÍN - TANQUES LA YE EPM","2023-08-26","","40.49777253"
"MEDELLÍN - TANQUES LA YE EPM","2023-08-25","","32.37205878"
"MEDELLÍN - TANQUES LA YE EPM","2023-08-24","","27.30370615"
"MEDELLÍN - TANQUES LA YE EPM","2023-08-23","","31.70172827"
"MEDELLÍN - TANQUES LA YE EPM","2023-08-22","","18.89187572"
"MEDELLÍN - TANQUES LA YE EPM","2023-08-21","","19.9382453"
"MEDELLÍN - TANQUES LA YE EPM","2023-08-20","","21.35247918"
"MEDELLÍN - TANQUES LA YE EPM","2023-08-19","","26.379958"
"MEDELLÍN - TANQUES LA YE EPM","2023-08-18","","24.49158791"
"MEDELLÍN - TANQUES LA YE EPM","2023-08-17","","26.7069485"
"MEDELLÍN - TANQUES LA YE EPM","2023-08-16","","22.39067399"
"MEDELLÍN - TANQUES LA YE EPM","2023-08-15","","36.2339886"
"MEDELLÍN - TANQUES LA YE EPM","2023-08-14","","31.62815541"
"MEDELLÍN - TANQUES LA YE EPM","2023-08-13","","37.87367382"
"MEDELLÍN - TANQUES LA YE EPM","2023-08-12","","30.54908679"
"MEDELLÍN - TANQUES LA YE EPM","2023-08-11","","29.8297077"
"MEDELLÍN - TANQUES LA YE EPM","2023-08-10","","35.51116751"
"MEDELLÍN - TANQUES LA YE EPM","2023-08-09","","43.28536648"
"MEDELLÍN - TANQUES LA YE EPM","2023-08-08","","38.5521791"
"MEDELLÍN - TANQUES LA YE EPM","2023-08-07","","30.61448489"
"MEDELLÍN - TANQUES LA YE EPM","2023-08-06","","33.94161315"
"MEDELLÍN - TANQUES LA YE EPM","2023-08-05","","43.16274504"
"MEDELLÍN - TANQUES LA YE EPM","2023-08-04","","47.79783528"
"MEDELLÍN - TANQUES LA YE EPM","2023-08-03","","41.92835594"
"MEDELLÍN - TANQUES LA YE EPM","2023-08-02","","37.35048904"
"MEDELLÍN - TANQUES LA YE EPM","2023-08-01","","31.89792257"
"MEDELLÍN - TANQUES LA YE EPM","2023-07-31","","29.1988293"
"MEDELLÍN - TANQUES LA YE EPM","2023-07-30","","29.19207624"
"MEDELLÍN - TANQUES LA YE EPM","2023-07-29","","27.5080752"
"MEDELLÍN - TANQUES LA YE EPM","2023-07-28","","23.82359304"
"MEDELLÍN - TANQUES LA YE EPM","2023-07-27","","28.3337262"
"MEDELLÍN - TANQUES LA YE EPM","2023-07-26","","15.47482507"
"MEDELLÍN - TANQUES LA YE EPM","2023-07-25","","39.29608247"
"MEDELLÍN - TANQUES LA YE EPM","2023-07-24","","34.54654556"
"MEDELLÍN - TANQUES LA YE EPM","2023-07-23","","36.48396423"
"MEDELLÍN - TANQUES LA YE EPM","2023-07-22","","26.58432706"
"MEDELLÍN - TANQUES LA YE EPM","2023-07-21","","21.17263441"
"MEDELLÍN - TANQUES LA YE EPM","2023-07-20","","25.1864427"
"MEDELLÍN - TANQUES LA YE EPM","2023-07-19","","23.56783977"
"MEDELLÍN - TANQUES LA YE EPM","2023-07-18","","24.67143268"
"MEDELLÍN - TANQUES LA YE EPM","2023-07-17","","27.49172568"
"MEDELLÍN - TANQUES LA YE EPM","2023-07-16","","26.5761523"
"MEDELLÍN - TANQUES LA YE EPM","2023-07-15","","29.3964453"
"MEDELLÍN - TANQUES LA YE EPM","2023-07-14","","21.91490283"
"MEDELLÍN - TANQUES LA YE EPM","2023-07-13","","23.41251928"
"MEDELLÍN - TANQUES LA YE EPM","2023-07-12","","31.57910684"
"MEDELLÍN - TANQUES LA YE EPM","2023-07-11","","33.28763216"
"MEDELLÍN - TANQUES LA YE EPM","2023-07-10","","27.81871617"
"MEDELLÍN - TANQUES LA YE EPM","2023-07-09","","21.37700346"
"MEDELLÍN - TANQUES LA YE EPM","2023-07-08","","25.41533605"
"MEDELLÍN - TANQUES LA YE EPM","2023-07-07","","22.03098445"
"MEDELLÍN - TANQUES LA YE EPM","2023-07-06","","23.97657788"
"MEDELLÍN - TANQUES LA YE EPM","2023-07-05","","23.96840312"
"MEDELLÍN - TANQUES LA YE EPM","2023-07-04","","20.60040104"
"MEDELLÍN - TANQUES LA YE EPM","2023-07-03","","21.97376111"
"MEDELLÍN - TANQUES LA YE EPM","2023-07-02","","25.03112222"
"MEDELLÍN - TANQUES LA YE EPM","2023-07-01","","30.53273726"
"MEDELLÍN - TANQUES LA YE EPM","2023-06-30","","8.8287433"
"MEDELLÍN - TANQUES LA YE EPM","2023-06-29","","21.94923683"
"MEDELLÍN - TANQUES LA YE EPM","2023-06-28","","26.22463752"
"MEDELLÍN - TANQUES LA YE EPM","2023-06-27","","21.27890632"
"MEDELLÍN - TANQUES LA YE EPM","2023-06-26","","19.88102196"
"MEDELLÍN - TANQUES LA YE EPM","2023-06-25","","27.95768713"
"MEDELLÍN - TANQUES LA YE EPM","2023-06-24","","31.36656302"
"MEDELLÍN - TANQUES LA YE EPM","2023-06-23","","36.78643043"
"MEDELLÍN - TANQUES LA YE EPM","2023-06-22","","22.15360588"
"MEDELLÍN - TANQUES LA YE EPM","2023-06-21","","23.63323787"
"MEDELLÍN - TANQUES LA YE EPM","2023-06-20","","28.11300762"
"MEDELLÍN - TANQUES LA YE EPM","2023-06-19","","23.82943216"
"MEDELLÍN - TANQUES LA YE EPM","2023-06-18","","23.17545117"
"MEDELLÍN - TANQUES LA YE EPM","2023-06-17","","23.1264026"
"MEDELLÍN - TANQUES LA YE EPM","2023-06-16","","23.17157892"
"MEDELLÍN - TANQUES LA YE EPM","2023-06-15","","28.03943475"
"MEDELLÍN - TANQUES LA YE EPM","2023-06-14","","23.91117978"
"MEDELLÍN - TANQUES LA YE EPM","2023-06-13","","29.41279482"
"MEDELLÍN - TANQUES LA YE EPM","2023-06-12","","33.7127198"
"MEDELLÍN - TANQUES LA YE EPM","2023-06-11","","28.66889145"
"MEDELLÍN - TANQUES LA YE EPM","2023-06-10","","25.55430701"
"MEDELLÍN - TANQUES LA YE EPM","2023-06-09","","25.06382127"
"MEDELLÍN - TANQUES LA YE EPM","2023-06-08","","14.24043596"
"MEDELLÍN - TANQUES LA YE EPM","2023-06-07","","23.35529595"
"MEDELLÍN - TANQUES LA YE EPM","2023-06-06","","25.32541366"
"MEDELLÍN - TANQUES LA YE EPM","2023-06-05","","26.95219137"
"MEDELLÍN - TANQUES LA YE EPM","2023-06-04","","25.65240416"
"MEDELLÍN - TANQUES LA YE EPM","2023-06-03","","29.51906674"
"MEDELLÍN - TANQUES LA YE EPM","2023-06-02","","16.70103942"
"MEDELLÍN - TANQUES LA YE EPM","2023-06-01","","19.26791478"
"MEDELLÍN - TANQUES LA YE EPM","2023-05-31","","7.46628292"
"MEDELLÍN - TANQUES LA YE EPM","2023-05-30","","20.98461487"
"MEDELLÍN - TANQUES LA YE EPM","2023-05-29","","23.04465498"
"MEDELLÍN - TANQUES LA YE EPM","2023-05-28","","26.78869612"
"MEDELLÍN - TANQUES LA YE EPM","2023-05-27","","28.63619241"
"MEDELLÍN - TANQUES LA YE EPM","2023-05-26","","17.81280709"
"MEDELLÍN - TANQUES LA YE EPM","2023-05-25","","20.51047866"
"MEDELLÍN - TANQUES LA YE EPM","2023-05-24","","23.84578168"
"MEDELLÍN - TANQUES LA YE EPM","2023-05-23","","24.27904409"
"MEDELLÍN - TANQUES LA YE EPM","2023-05-22","","31.03139776"
"MEDELLÍN - TANQUES LA YE EPM","2023-05-21","","13.75812498"
"MEDELLÍN - TANQUES LA YE EPM","2023-05-20","","26.63337564"
"MEDELLÍN - TANQUES LA YE EPM","2023-05-19","","22.98743164"
"MEDELLÍN - TANQUES LA YE EPM","2023-05-18","","34.25225412"
"MEDELLÍN - TANQUES LA YE EPM","2023-05-17","","35.02885654"
"MEDELLÍN - TANQUES LA YE EPM","2023-05-16","","30.76980537"
"MEDELLÍN - TANQUES LA YE EPM","2023-05-15","","9.50965292"
"MEDELLÍN - TANQUES LA YE EPM","2023-05-14","","26.379958"
"MEDELLÍN - TANQUES LA YE EPM","2023-05-13","","13.4066102"
"MEDELLÍN - TANQUES LA YE EPM","2023-05-12","","24.16459741"
"MEDELLÍN - TANQUES LA YE EPM","2023-05-11","","20.33063389"
"MEDELLÍN - TANQUES LA YE EPM","2023-05-10","","18.60575904"
"MEDELLÍN - TANQUES LA YE EPM","2023-05-09","","33.73724409"
"MEDELLÍN - TANQUES LA YE EPM","2023-05-08","","33.9743122"
"MEDELLÍN - TANQUES LA YE EPM","2023-05-07","","33.01786501"
"MEDELLÍN - TANQUES LA YE EPM","2023-05-06","","33.26310788"
"MEDELLÍN - TANQUES LA YE EPM","2023-05-05","","29.91963009"
"MEDELLÍN - TANQUES LA YE EPM","2023-05-04","","25.34176319"
"MEDELLÍN - TANQUES LA YE EPM","2023-05-03","","34.3421765"
"MEDELLÍN - TANQUES LA YE EPM","2023-05-02","","28.08848333"
"MEDELLÍN - TANQUES LA YE EPM","2023-05-01","","25.82407417"
"MEDELLÍN - TANQUES LA YE EPM","2023-04-30","","24.79725293"
"MEDELLÍN - TANQUES LA YE EPM","2023-04-29","","23.19997546"
"MEDELLÍN - TANQUES LA YE EPM","2023-04-28","","26.02155921"
"MEDELLÍN - TANQUES LA YE EPM","2023-04-27","","24.22182075"
"MEDELLÍN - TANQUES LA YE EPM","2023-04-26","","21.23803251"
"MEDELLÍN - TANQUES LA YE EPM","2023-04-25","","23.31442213"
"MEDELLÍN - TANQUES LA YE EPM","2023-04-24","","18.75290476"
"MEDELLÍN - TANQUES LA YE EPM","2023-04-23","","23.74768453"
"MEDELLÍN - TANQUES LA YE EPM","2023-04-22","","20.25706103"
"MEDELLÍN - TANQUES LA YE EPM","2023-04-21","","22.46424685"
"MEDELLÍN - TANQUES LA YE EPM","2023-04-20","","17.46946708"
"MEDELLÍN - TANQUES LA YE EPM","2023-04-19","","22.30075161"
"MEDELLÍN - TANQUES LA YE EPM","2023-04-18","","26.69877374"
"MEDELLÍN - TANQUES LA YE EPM","2023-04-17","","32.13499068"
"MEDELLÍN - TANQUES LA YE EPM","2023-04-16","","29.4618434"
"MEDELLÍN - TANQUES LA YE EPM","2023-04-15","","30.99052395"
"MEDELLÍN - TANQUES LA YE EPM","2023-04-14","","17.51292239"
"MEDELLÍN - TANQUES LA YE EPM","2023-04-13","","36.77825568"
"MEDELLÍN - TANQUES LA YE EPM","2023-04-12","","34.13780745"
"MEDELLÍN - TANQUES LA YE EPM","2023-04-11","","26.32273467"
"MEDELLÍN - TANQUES LA YE EPM","2023-04-10","","22.0636835"
"MEDELLÍN - TANQUES LA YE EPM","2023-04-09","","28.53809526"
"MEDELLÍN - TANQUES LA YE EPM","2023-04-08","","33.68002075"
"MEDELLÍN - TANQUES LA YE EPM","2023-04-07","","39.30425723"
"MEDELLÍN - TANQUES LA YE EPM","2023-04-06","","27.71244426"
"MEDELLÍN - TANQUES LA YE EPM","2023-04-05","","36.53301281"
"MEDELLÍN - TANQUES LA YE EPM","2023-04-04","","38.85464531"
"MEDELLÍN - TANQUES LA YE EPM","2023-04-03","","32.03689353"
"MEDELLÍN - TANQUES LA YE EPM","2023-04-02","","28.12118238"
"MEDELLÍN - TANQUES LA YE EPM","2023-04-01","","35.45394418"
"MEDELLÍN - TANQUES LA YE EPM","2023-03-31","","31.02428927"
"MEDELLÍN - TANQUES LA YE EPM","2023-03-30","","30.31201868"
"MEDELLÍN - TANQUES LA YE EPM","2023-03-29","","36.77825568"
"MEDELLÍN - TANQUES LA YE EPM","2023-03-28","","40.0481606"
"MEDELLÍN - TANQUES LA YE EPM","2023-03-27","","52.04053693"
"MEDELLÍN - TANQUES LA YE EPM","2023-03-26","","46.98853381"
"MEDELLÍN - TANQUES LA YE EPM","2023-03-25","","49.67803061"
"MEDELLÍN - TANQUES LA YE EPM","2023-03-24","","29.10903787"
"MEDELLÍN - TANQUES LA YE EPM","2023-03-23","","32.77262214"
"MEDELLÍN - TANQUES LA YE EPM","2023-03-22","","49.31016631"
"MEDELLÍN - TANQUES LA YE EPM","2023-03-21","","45.72962041"
"MEDELLÍN - TANQUES LA YE EPM","2023-03-20","","36.69650805"
"MEDELLÍN - TANQUES LA YE EPM","2023-03-19","","28.17840572"
"MEDELLÍN - TANQUES LA YE EPM","2023-03-18","","13.25946448"
"MEDELLÍN - TANQUES LA YE EPM","2023-03-17","","16.01435938"
"MEDELLÍN - TANQUES LA YE EPM","2023-03-16","","26.69877373"
"MEDELLÍN - TANQUES LA YE EPM","2023-03-15","","10.69258911"
"MEDELLÍN - TANQUES LA YE EPM","2023-03-14","","11.48554106"
"MEDELLÍN - TANQUES LA YE EPM","2023-03-13","","27.36910425"
"MEDELLÍN - TANQUES LA YE EPM","2023-03-12","","20.59222628"
"MEDELLÍN - TANQUES LA YE EPM","2023-03-11","","17.13430182"
"MEDELLÍN - TANQUES LA YE EPM","2023-03-10","","24.4507141"
"MEDELLÍN - TANQUES LA YE EPM","2023-03-09","","12.16404633"
"MEDELLÍN - TANQUES LA YE EPM","2023-02-24","","12.79879258"
"MEDELLÍN - TANQUES LA YE EPM","2023-02-23","","34.76726414"
"MEDELLÍN - TANQUES LA YE EPM","2023-02-22","","29.71526103"
"MEDELLÍN - TANQUES LA YE EPM","2023-02-21","","22.34980018"
"MEDELLÍN - TANQUES LA YE EPM","2023-02-20","","31.96934418"
"MEDELLÍN - TANQUES LA YE EPM","2023-02-19","","31.88157304"
"MEDELLÍN - TANQUES LA YE EPM","2023-02-18","","34.85718653"
"MEDELLÍN - TANQUES LA YE EPM","2023-02-17","","25.55430701"
"MEDELLÍN - TANQUES LA YE EPM","2023-02-16","","14.41210597"
"MEDELLÍN - TANQUES LA YE EPM","2023-02-15","","34.62011842"
"MEDELLÍN - TANQUES LA YE EPM","2023-02-14","","23.39616976"
"MEDELLÍN - TANQUES LA YE EPM","2023-02-13","","18.99814763"
"MEDELLÍN - TANQUES LA YE EPM","2023-02-12","","22.24352827"
"MEDELLÍN - TANQUES LA YE EPM","2023-02-11","","25.97939465"
"MEDELLÍN - TANQUES LA YE EPM","2023-02-10","","29.62533864"
"MEDELLÍN - TANQUES LA YE EPM","2023-02-09","","31.94697114"
"MEDELLÍN - TANQUES LA YE EPM","2023-02-08","","24.66885117"
"MEDELLÍN - TANQUES LA YE EPM","2023-02-07","","39.95823822"
"MEDELLÍN - TANQUES LA YE EPM","2023-02-06","","34.48114746"
"MEDELLÍN - TANQUES LA YE EPM","2023-02-05","","38.12709146"
"MEDELLÍN - TANQUES LA YE EPM","2023-02-04","","37.58755714"
"MEDELLÍN - TANQUES LA YE EPM","2023-02-03","","39.25520865"
"MEDELLÍN - TANQUES LA YE EPM","2023-02-02","","45.36175611"
"MEDELLÍN - TANQUES LA YE EPM","2023-02-01","","53.95343131"
"MEDELLÍN - TANQUES LA YE EPM","2023-01-31","","52.55448067"
"MEDELLÍN - TANQUES LA YE EPM","2023-01-30","","43.66958031"
"MEDELLÍN - TANQUES LA YE EPM","2023-01-29","","50.43010875"
"MEDELLÍN - TANQUES LA YE EPM","2023-01-28","","45.33723182"
"MEDELLÍN - TANQUES LA YE EPM","2023-01-27","","38.46225671"
"MEDELLÍN - TANQUES LA YE EPM","2023-01-26","","34.8342972"
"MEDELLÍN - TANQUES LA YE EPM","2023-01-25","","33.0832631"
"MEDELLÍN - TANQUES LA YE EPM","2023-01-24","","25.40716129"
"MEDELLÍN - TANQUES LA YE EPM","2023-01-23","","20.51865342"
"MEDELLÍN - TANQUES LA YE EPM","2023-01-22","","25.77502559"
"MEDELLÍN - TANQUES LA YE EPM","2023-01-21","","35.05338083"
"MEDELLÍN - TANQUES LA YE EPM","2023-01-20","","36.18149802"
"MEDELLÍN - TANQUES LA YE EPM","2023-01-19","","28.69341574"
"MEDELLÍN - TANQUES LA YE EPM","2023-01-18","","26.64972516"
"MEDELLÍN - TANQUES LA YE EPM","2023-01-17","","32.17586449"
"MEDELLÍN - TANQUES LA YE EPM","2023-01-16","","26.76417183"
"MEDELLÍN - TANQUES LA YE EPM","2023-01-15","","28.20293"
"MEDELLÍN - TANQUES LA YE EPM","2023-01-14","","27.09933709"
"MEDELLÍN - TANQUES LA YE EPM","2023-01-13","","26.30638514"
"MEDELLÍN - TANQUES LA YE EPM","2023-01-12","","17.58824156"
"MEDELLÍN - TANQUES LA YE EPM","2023-01-11","","19.39871098"
"MEDELLÍN - TANQUES LA YE EPM","2023-01-10","","20.86199344"
"MEDELLÍN - TANQUES LA YE EPM","2023-01-09","","24.31174314"
"MEDELLÍN - TANQUES LA YE EPM","2023-01-08","","28.37460001"
"MEDELLÍN - TANQUES LA YE EPM","2023-01-07","","24.1891217"
"MEDELLÍN - TANQUES LA YE EPM","2023-01-06","","37.42951174"
"MEDELLÍN - TANQUES LA YE EPM","2023-01-05","","22.98743164"
"MEDELLÍN - TANQUES LA YE EPM","2023-01-04","","32.73174832"
"MEDELLÍN - TANQUES LA YE EPM","2023-01-03","","27.90863856"
"MEDELLÍN - TANQUES LA YE EPM","2023-01-02","","38.64210148"
"MEDELLÍN - TANQUES LA YE EPM","2023-01-01","","32.40475783"
"MEDELLÍN - TANQUES LA YE EPM","2022-12-31","","29.41208397"
"MEDELLÍN - TANQUES LA YE EPM","2022-12-30","","40.17078203"
"MEDELLÍN - TANQUES LA YE EPM","2022-12-29","","25.17172813"
"MEDELLÍN - TANQUES LA YE EPM","2022-12-28","","25.21914175"
"MEDELLÍN - TANQUES LA YE EPM","2022-12-27","","26.32273467"
"MEDELLÍN - TANQUES LA YE EPM","2022-12-26","","29.61716388"
"MEDELLÍN - TANQUES LA YE EPM","2022-12-25","","36.42674089"
"MEDELLÍN - TANQUES LA YE EPM","2022-12-24","","33.31215645"
"MEDELLÍN - TANQUES LA YE EPM","2022-12-23","","32.45380641"
"MEDELLÍN - TANQUES LA YE EPM","2022-12-22","","35.666488"
"MEDELLÍN - TANQUES LA YE EPM","2022-12-21","","30.92512585"
"MEDELLÍN - TANQUES LA YE EPM","2022-12-20","","36.41856613"
"MEDELLÍN - TANQUES LA YE EPM","2022-12-19","","28.48904668"
"MEDELLÍN - TANQUES LA YE EPM","2022-12-18","","26.69059897"
"MEDELLÍN - TANQUES LA YE EPM","2022-12-17","","26.61702611"
"MEDELLÍN - TANQUES LA YE EPM","2022-12-16","","28.97953242"
"MEDELLÍN - TANQUES LA YE EPM","2022-12-15","","22.33672056"
"MEDELLÍN - TANQUES LA YE EPM","2022-12-14","","21.39335299"
"MEDELLÍN - TANQUES LA YE EPM","2022-12-13","","20.63310009"
"MEDELLÍN - TANQUES LA YE EPM","2022-12-12","","26.02026846"
"MEDELLÍN - TANQUES LA YE EPM","2022-12-11","","25.57065653"
"MEDELLÍN - TANQUES LA YE EPM","2022-12-10","","20.88651772"
"MEDELLÍN - TANQUES LA YE EPM","2022-12-09","","26.83774469"
"MEDELLÍN - TANQUES LA YE EPM","2022-12-08","","28.8977848"
"MEDELLÍN - TANQUES LA YE EPM","2022-12-07","","23.36347071"
"MEDELLÍN - TANQUES LA YE EPM","2022-12-06","","21.21350822"
"MEDELLÍN - TANQUES LA YE EPM","2022-12-05","","14.95164028"
"MEDELLÍN - TANQUES LA YE EPM","2022-12-04","","19.86467244"
"MEDELLÍN - TANQUES LA YE EPM","2022-12-03","","36.93357615"
"MEDELLÍN - TANQUES LA YE EPM","2022-12-02","","35.18417702"
"MEDELLÍN - TANQUES LA YE EPM","2022-12-01","","23.87964856"
"MEDELLÍN - TANQUES LA YE EPM","2022-11-30","","23.32928534"
"MEDELLÍN - TANQUES LA YE EPM","2022-11-29","","13.38208592"
"MEDELLÍN - TANQUES LA YE EPM","2022-11-28","","23.40434452"
"MEDELLÍN - TANQUES LA YE EPM","2022-11-27","","25.34993795"
"MEDELLÍN - TANQUES LA YE EPM","2022-11-26","","10.88878341"
"MEDELLÍN - TANQUES LA YE EPM","2022-11-25","","21.74486777"
"MEDELLÍN - TANQUES LA YE EPM","2022-11-24","","18.33599188"
"MEDELLÍN - TANQUES LA YE EPM","2022-11-23","","22.68496544"
"MEDELLÍN - TANQUES LA YE EPM","2022-11-22","","32.4129326"
"MEDELLÍN - TANQUES LA YE EPM","2022-11-21","","27.18925947"
"MEDELLÍN - TANQUES LA YE EPM","2022-11-20","","19.16981764"
"MEDELLÍN - TANQUES LA YE EPM","2022-11-19","","27.23830805"
"MEDELLÍN - TANQUES LA YE EPM","2022-11-18","","17.50216612"
"MEDELLÍN - TANQUES LA YE EPM","2022-11-17","","26.31806337"
"MEDELLÍN - TANQUES LA YE EPM","2022-11-16","","35.69918705"
"MEDELLÍN - TANQUES LA YE EPM","2022-11-15","","27.13203614"
"MEDELLÍN - TANQUES LA YE EPM","2022-11-14","","27.36910425"
"MEDELLÍN - TANQUES LA YE EPM","2022-11-13","","26.02026846"
"MEDELLÍN - TANQUES LA YE EPM","2022-11-12","","19.21069145"
"MEDELLÍN - TANQUES LA YE EPM","2022-11-11","","18.97362334"
"MEDELLÍN - TANQUES LA YE EPM","2022-11-10","","20.25706103"
"MEDELLÍN - TANQUES LA YE EPM","2022-11-09","","27.76149284"
"MEDELLÍN - TANQUES LA YE EPM","2022-11-08","","24.67960744"
"MEDELLÍN - TANQUES LA YE EPM","2022-11-07","","18.18884616"
"MEDELLÍN - TANQUES LA YE EPM","2022-11-06","","18.13979759"
"MEDELLÍN - TANQUES LA YE EPM","2022-11-05","","17.08525325"
"MEDELLÍN - TANQUES LA YE EPM","2022-11-04","","12.54826016"
"MEDELLÍN - TANQUES LA YE EPM","2022-11-03","","9.21080588"
"MEDELLÍN - TANQUES LA YE EPM","2022-11-02","","37.75922715"
"MEDELLÍN - TANQUES LA YE EPM","2022-11-01","","30.5245625"
"MEDELLÍN - TANQUES LA YE EPM","2022-10-31","","35.07790511"
"MEDELLÍN - TANQUES LA YE EPM","2022-10-30","","26.20828799"
"MEDELLÍN - TANQUES LA YE EPM","2022-10-29","","19.58673052"
"MEDELLÍN - TANQUES LA YE EPM","2022-10-28","","13.89709594"
"MEDELLÍN - TANQUES LA YE EPM","2022-10-27","","21.01731392"
"MEDELLÍN - TANQUES LA YE EPM","2022-10-26","","16.90540847"
"MEDELLÍN - TANQUES LA YE EPM","2022-10-25","","23.28172309"
"MEDELLÍN - TANQUES LA YE EPM","2022-10-24","","17.51034089"
"MEDELLÍN - TANQUES LA YE EPM","2022-10-23","","30.50003821"
"MEDELLÍN - TANQUES LA YE EPM","2022-10-22","","35.95260468"
"MEDELLÍN - TANQUES LA YE EPM","2022-10-21","","29.38009577"
"MEDELLÍN - TANQUES LA YE EPM","2022-10-20","","21.62224633"
"MEDELLÍN - TANQUES LA YE EPM","2022-10-19","","20.33880865"
"MEDELLÍN - TANQUES LA YE EPM","2022-10-18","","27.54077425"
"MEDELLÍN - TANQUES LA YE EPM","2022-10-17","","26.92766708"
"MEDELLÍN - TANQUES LA YE EPM","2022-10-16","","34.62829318"
"MEDELLÍN - TANQUES LA YE EPM","2022-10-15","","37.61208143"
"MEDELLÍN - TANQUES LA YE EPM","2022-10-14","","25.30906414"
"MEDELLÍN - TANQUES LA YE EPM","2022-10-13","","25.54613225"
"MEDELLÍN - TANQUES LA YE EPM","2022-10-12","","27.88411427"
"MEDELLÍN - TANQUES LA YE EPM","2022-10-11","","27.32005567"
"MEDELLÍN - TANQUES LA YE EPM","2022-10-10","","32.6500007"
"MEDELLÍN - TANQUES LA YE EPM","2022-10-09","","23.94387883"
"MEDELLÍN - TANQUES LA YE EPM","2022-10-08","","21.92471254"
"MEDELLÍN - TANQUES LA YE EPM","2022-10-07","","28.04760952"
"MEDELLÍN - TANQUES LA YE EPM","2022-10-06","","24.74500554"
"MEDELLÍN - TANQUES LA YE EPM","2022-10-05","","26.30872079"
"MEDELLÍN - TANQUES LA YE EPM","2022-10-04","","35.97712897"
"MEDELLÍN - TANQUES LA YE EPM","2022-10-03","","34.21955507"
"MEDELLÍN - TANQUES LA YE EPM","2022-10-02","","42.31256976"
"MEDELLÍN - TANQUES LA YE EPM","2022-10-01","","30.13217391"
"MEDELLÍN - TANQUES LA YE EPM","2022-09-30","","19.50498289"
"MEDELLÍN - TANQUES LA YE EPM","2022-09-29","","25.20279223"
"MEDELLÍN - TANQUES LA YE EPM","2022-09-28","","24.53246172"
"MEDELLÍN - TANQUES LA YE EPM","2022-09-27","","39.90918964"
"MEDELLÍN - TANQUES LA YE EPM","2022-09-26","","33.69637028"
"MEDELLÍN - TANQUES LA YE EPM","2022-09-25","","33.72089457"
"MEDELLÍN - TANQUES LA YE EPM","2022-09-24","","22.29257684"
"MEDELLÍN - TANQUES LA YE EPM","2022-09-23","","32.4129326"
"MEDELLÍN - TANQUES LA YE EPM","2022-09-22","","21.50111122"
"MEDELLÍN - TANQUES LA YE EPM","2022-09-21","","26.96036613"
"MEDELLÍN - TANQUES LA YE EPM","2022-09-20","","21.02548868"
"MEDELLÍN - TANQUES LA YE EPM","2022-09-19","","29.99320295"
"MEDELLÍN - TANQUES LA YE EPM","2022-09-18","","37.44041142"
"MEDELLÍN - TANQUES LA YE EPM","2022-09-17","","32.71326626"
"MEDELLÍN - TANQUES LA YE EPM","2022-09-16","","36.00591835"
"MEDELLÍN - TANQUES LA YE EPM","2022-09-15","","28.11300761"
"MEDELLÍN - TANQUES LA YE EPM","2022-09-14","","20.51047866"
"MEDELLÍN - TANQUES LA YE EPM","2022-09-13","","29.15120243"
"MEDELLÍN - TANQUES LA YE EPM","2022-09-12","","31.53823303"
"MEDELLÍN - TANQUES LA YE EPM","2022-09-11","","32.23308782"
"MEDELLÍN - TANQUES LA YE EPM","2022-09-10","","32.39658307"
"MEDELLÍN - TANQUES LA YE EPM","2022-09-09","","41.47874401"
"MEDELLÍN - TANQUES LA YE EPM","2022-09-08","","33.39226912"
"MEDELLÍN - TANQUES LA YE EPM","2022-09-07","","45.16556182"
"MEDELLÍN - TANQUES LA YE EPM","2022-09-06","","40.50594729"
"MEDELLÍN - TANQUES LA YE EPM","2022-09-05","","43.17909457"
"MEDELLÍN - TANQUES LA YE EPM","2022-09-04","","21.99011064"
"MEDELLÍN - TANQUES LA YE EPM","2022-09-03","","33.28763217"
"MEDELLÍN - TANQUES LA YE EPM","2022-09-02","","22.30892637"
"MEDELLÍN - TANQUES LA YE EPM","2022-09-01","","17.55938946"
"MEDELLÍN - TANQUES LA YE EPM","2022-08-31","","44.40815231"
"MEDELLÍN - TANQUES LA YE EPM","2022-08-30","","37.31778999"
"MEDELLÍN - TANQUES LA YE EPM","2022-08-29","","29.47001816"
"MEDELLÍN - TANQUES LA YE EPM","2022-08-28","","36.86817806"
"MEDELLÍN - TANQUES LA YE EPM","2022-08-27","","24.56516077"
"MEDELLÍN - TANQUES LA YE EPM","2022-08-26","","37.62025619"
"MEDELLÍN - TANQUES LA YE EPM","2022-08-25","","25.97612475"
"MEDELLÍN - TANQUES LA YE EPM","2022-08-24","","42.85210408"
"MEDELLÍN - TANQUES LA YE EPM","2022-08-23","","29.48032547"
"MEDELLÍN - TANQUES LA YE EPM","2022-08-22","","17.39589421"
"MEDELLÍN - TANQUES LA YE EPM","2022-08-21","","29.83788246"
"MEDELLÍN - TANQUES LA YE EPM","2022-08-20","","41.10270494"
"MEDELLÍN - TANQUES LA YE EPM","2022-08-19","","28.58714383"
"MEDELLÍN - TANQUES LA YE EPM","2022-08-18","","32.53555403"
"MEDELLÍN - TANQUES LA YE EPM","2022-08-17","","31.75077685"
"MEDELLÍN - TANQUES LA YE EPM","2022-08-16","","17.64113708"
"MEDELLÍN - TANQUES LA YE EPM","2022-08-15","","21.17263441"
"MEDELLÍN - TANQUES LA YE EPM","2022-08-14","","37.20334332"
"MEDELLÍN - TANQUES LA YE EPM","2022-08-13","","33.57374885"
"MEDELLÍN - TANQUES LA YE EPM","2022-08-12","","40.53047158"
"MEDELLÍN - TANQUES LA YE EPM","2022-08-11","","37.258231"
"MEDELLÍN - TANQUES LA YE EPM","2022-08-10","","36.45943994"
"MEDELLÍN - TANQUES LA YE EPM","2022-08-09","","32.03689353"
"MEDELLÍN - TANQUES LA YE EPM","2022-08-08","","31.20306777"
"MEDELLÍN - TANQUES LA YE EPM","2022-08-07","","31.53005826"
"MEDELLÍN - TANQUES LA YE EPM","2022-08-06","","25.2518408"
"MEDELLÍN - TANQUES LA YE EPM","2022-08-05","","25.88911684"
"MEDELLÍN - TANQUES LA YE EPM","2022-08-04","","22.82393639"
"MEDELLÍN - TANQUES LA YE EPM","2022-08-03","","29.57629007"
"MEDELLÍN - TANQUES LA YE EPM","2022-08-02","","23.61688834"
"MEDELLÍN - TANQUES LA YE EPM","2022-08-01","","17.60026327"
"MEDELLÍN - TANQUES LA YE EPM","2022-07-31","","24.02100594"
"MEDELLÍN - TANQUES LA YE EPM","2022-07-30","","20.51865342"
"MEDELLÍN - TANQUES LA YE EPM","2022-07-29","","22.87298497"
"MEDELLÍN - TANQUES LA YE EPM","2022-07-28","","17.72288471"
"MEDELLÍN - TANQUES LA YE EPM","2022-07-27","","24.78587935"
"MEDELLÍN - TANQUES LA YE EPM","2022-07-26","","21.48327537"
"MEDELLÍN - TANQUES LA YE EPM","2022-07-25","","31.023223"
"MEDELLÍN - TANQUES LA YE EPM","2022-07-24","","27.45902663"
"MEDELLÍN - TANQUES LA YE EPM","2022-07-23","","16.04705843"
"MEDELLÍN - TANQUES LA YE EPM","2022-07-22","","18.62210856"
"MEDELLÍN - TANQUES LA YE EPM","2022-07-21","","30.91695109"
"MEDELLÍN - TANQUES LA YE EPM","2022-07-20","","29.08580433"
"MEDELLÍN - TANQUES LA YE EPM","2022-07-19","","28.95500813"
"MEDELLÍN - TANQUES LA YE EPM","2022-07-18","","29.70708627"
"MEDELLÍN - TANQUES LA YE EPM","2022-07-17","","32.76444738"
"MEDELLÍN - TANQUES LA YE EPM","2022-07-16","","25.36628748"
"MEDELLÍN - TANQUES LA YE EPM","2022-07-15","","30.41829059"
"MEDELLÍN - TANQUES LA YE EPM","2022-07-14","","24.09452802"
"MEDELLÍN - TANQUES LA YE EPM","2022-07-13","","27.95768713"
"MEDELLÍN - TANQUES LA YE EPM","2022-07-12","","25.14556889"
"MEDELLÍN - TANQUES LA YE EPM","2022-07-11","","25.11286984"
"MEDELLÍN - TANQUES LA YE EPM","2022-07-10","","26.64972516"
"MEDELLÍN - TANQUES LA YE EPM","2022-07-09","","26.63337564"
"MEDELLÍN - TANQUES LA YE EPM","2022-07-08","","26.11836561"
"MEDELLÍN - TANQUES LA YE EPM","2022-07-07","","26.91949232"
"MEDELLÍN - TANQUES LA YE EPM","2022-07-06","","28.60349335"
"MEDELLÍN - TANQUES LA YE EPM","2022-07-05","","25.50525844"
"MEDELLÍN - TANQUES LA YE EPM","2022-07-04","","25.36628748"
"MEDELLÍN - TANQUES LA YE EPM","2022-07-03","","23.6250631"
"MEDELLÍN - TANQUES LA YE EPM","2022-07-02","","33.30398168"
"MEDELLÍN - TANQUES LA YE EPM","2022-07-01","","34.15415696"
"MEDELLÍN - TANQUES LA YE EPM","2022-06-30","","15.4737588"
"MEDELLÍN - TANQUES LA YE EPM","2022-06-29","","21.36065394"
"MEDELLÍN - TANQUES LA YE EPM","2022-06-28","","17.34684564"
"MEDELLÍN - TANQUES LA YE EPM","2022-06-27","","21.90836301"
"MEDELLÍN - TANQUES LA YE EPM","2022-06-26","","22.97925688"
"MEDELLÍN - TANQUES LA YE EPM","2022-06-25","","33.7127198"
"MEDELLÍN - TANQUES LA YE EPM","2022-06-24","","42.31256977"
"MEDELLÍN - TANQUES LA YE EPM","2022-06-23","","33.45930217"
"MEDELLÍN - TANQUES LA YE EPM","2022-06-22","","44.66690131"
"MEDELLÍN - TANQUES LA YE EPM","2022-06-21","","22.01463493"
"MEDELLÍN - TANQUES LA YE EPM","2022-06-20","","24.6877822"
"MEDELLÍN - TANQUES LA YE EPM","2022-06-19","","23.05282974"
"MEDELLÍN - TANQUES LA YE EPM","2022-06-18","","15.52387364"
"MEDELLÍN - TANQUES LA YE EPM","2022-06-17","","12.56460968"
"MEDELLÍN - TANQUES LA YE EPM","2022-06-16","","21.54867347"
"MEDELLÍN - TANQUES LA YE EPM","2022-06-15","","12.31936681"
"MEDELLÍN - TANQUES LA YE EPM","2022-06-14","","14.91076647"
"MEDELLÍN - TANQUES LA YE EPM","2022-06-13","","25.98756942"
"MEDELLÍN - TANQUES LA YE EPM","2022-06-12","","23.2571988"
"MEDELLÍN - TANQUES LA YE EPM","2022-06-11","","29.08580433"
"MEDELLÍN - TANQUES LA YE EPM","2022-06-10","","28.88961004"
"MEDELLÍN - TANQUES LA YE EPM","2022-06-09","","18.63845809"
"MEDELLÍN - TANQUES LA YE EPM","2022-06-08","","24.66076994"
"MEDELLÍN - TANQUES LA YE EPM","2022-06-07","","13.94614452"
"MEDELLÍN - TANQUES LA YE EPM","2022-06-06","","25.60762067"
"MEDELLÍN - TANQUES LA YE EPM","2022-06-05","","14.96798981"
"MEDELLÍN - TANQUES LA YE EPM","2022-06-04","","16.77461228"
"MEDELLÍN - TANQUES LA YE EPM","2022-06-03","","15.39307745"
"MEDELLÍN - TANQUES LA YE EPM","2022-06-02","","13.61915402"
"MEDELLÍN - TANQUES LA YE EPM","2022-06-01","","4.38984737"
"MEDELLÍN - TANQUES LA YE EPM","2022-05-17","","11.50722195"
"MEDELLÍN - TANQUES LA YE EPM","2022-05-16","","20.01181816"
"MEDELLÍN - TANQUES LA YE EPM","2022-05-15","","20.4369058"
"MEDELLÍN - TANQUES LA YE EPM","2022-05-14","","23.84578168"
"MEDELLÍN - TANQUES LA YE EPM","2022-05-13","","13.52105688"
"MEDELLÍN - TANQUES LA YE EPM","2022-05-12","","22.14543112"
"MEDELLÍN - TANQUES LA YE EPM","2022-05-11","","8.19928661"
"MEDELLÍN - TANQUES LA YE EPM","2022-05-10","","11.86975489"
"MEDELLÍN - TANQUES LA YE EPM","2022-05-09","","21.33612965"
"MEDELLÍN - TANQUES LA YE EPM","2022-05-08","","17.31414659"
"MEDELLÍN - TANQUES LA YE EPM","2022-05-07","","16.95445705"
"MEDELLÍN - TANQUES LA YE EPM","2022-05-06","","18.40138998"
"MEDELLÍN - TANQUES LA YE EPM","2022-05-05","","21.09088678"
"MEDELLÍN - TANQUES LA YE EPM","2022-05-04","","24.32809266"
"MEDELLÍN - TANQUES LA YE EPM","2022-05-03","","29.73161055"
"MEDELLÍN - TANQUES LA YE EPM","2022-05-02","","20.86199344"
"MEDELLÍN - TANQUES LA YE EPM","2022-05-01","","21.42605204"
"MEDELLÍN - TANQUES LA YE EPM","2022-04-30","","20.76247459"
"MEDELLÍN - TANQUES LA YE EPM","2022-04-29","","18.90005048"
"MEDELLÍN - TANQUES LA YE EPM","2022-04-28","","19.03902144"
"MEDELLÍN - TANQUES LA YE EPM","2022-04-27","","24.3199179"
"MEDELLÍN - TANQUES LA YE EPM","2022-04-26","","26.47805515"
"MEDELLÍN - TANQUES LA YE EPM","2022-04-25","","11.77165774"
"MEDELLÍN - TANQUES LA YE EPM","2022-04-24","","17.74740899"
"MEDELLÍN - TANQUES LA YE EPM","2022-04-23","","27.74514331"
"MEDELLÍN - TANQUES LA YE EPM","2022-04-22","","18.20519568"
"MEDELLÍN - TANQUES LA YE EPM","2022-04-21","","26.4453561"
"MEDELLÍN - TANQUES LA YE EPM","2022-04-20","","25.485639"
"MEDELLÍN - TANQUES LA YE EPM","2022-04-19","","16.83183561"
"MEDELLÍN - TANQUES LA YE EPM","2022-04-18","","13.26763924"
"MEDELLÍN - TANQUES LA YE EPM","2022-04-17","","22.53781971"
"MEDELLÍN - TANQUES LA YE EPM","2022-04-16","","18.22154521"
"MEDELLÍN - TANQUES LA YE EPM","2022-04-15","","26.56797754"
"MEDELLÍN - TANQUES LA YE EPM","2022-04-14","","47.86323338"
"MEDELLÍN - TANQUES LA YE EPM","2022-04-13","","28.59531859"
"MEDELLÍN - TANQUES LA YE EPM","2022-04-12","","29.78883389"
"MEDELLÍN - TANQUES LA YE EPM","2022-04-11","","33.96613743"
"MEDELLÍN - TANQUES LA YE EPM","2022-04-10","","24.44253933"
"MEDELLÍN - TANQUES LA YE EPM","2022-04-09","","22.7585383"
"MEDELLÍN - TANQUES LA YE EPM","2022-04-08","","20.21618722"
"MEDELLÍN - TANQUES LA YE EPM","2022-04-07","","24.49976267"
"MEDELLÍN - TANQUES LA YE EPM","2022-04-06","","20.85545363"
"MEDELLÍN - TANQUES LA YE EPM","2022-04-05","","25.34473583"
"MEDELLÍN - TANQUES LA YE EPM","2022-04-04","","34.5383708"
"MEDELLÍN - TANQUES LA YE EPM","2022-04-03","","22.27622732"
"MEDELLÍN - TANQUES LA YE EPM","2022-04-02","","26.7723466"
"MEDELLÍN - TANQUES LA YE EPM","2022-04-01","","25.43986034"
"MEDELLÍN - TANQUES LA YE EPM","2022-03-31","","18.78347126"
"MEDELLÍN - TANQUES LA YE EPM","2022-03-30","","23.2571988"
"MEDELLÍN - TANQUES LA YE EPM","2022-03-29","","31.23576682"
"MEDELLÍN - TANQUES LA YE EPM","2022-03-28","","21.22168298"
"MEDELLÍN - TANQUES LA YE EPM","2022-03-27","","25.26001557"
"MEDELLÍN - TANQUES LA YE EPM","2022-03-26","","24.02100594"
"MEDELLÍN - TANQUES LA YE EPM","2022-03-25","","23.6250631"
"MEDELLÍN - TANQUES LA YE EPM","2022-03-24","","37.62025619"
"MEDELLÍN - TANQUES LA YE EPM","2022-03-23","","13.3768838"
"MEDELLÍN - TANQUES LA YE EPM","2022-03-22","","28.75881384"
"MEDELLÍN - TANQUES LA YE EPM","2022-03-21","","32.13499068"
"MEDELLÍN - TANQUES LA YE EPM","2022-03-20","","39.45957771"
"MEDELLÍN - TANQUES LA YE EPM","2022-03-19","","38.9854415"
"MEDELLÍN - TANQUES LA YE EPM","2022-03-18","","35.02885654"
"MEDELLÍN - TANQUES LA YE EPM","2022-03-17","","38.57670339"
"MEDELLÍN - TANQUES LA YE EPM","2022-03-16","","29.72343579"
"MEDELLÍN - TANQUES LA YE EPM","2022-03-15","","28.7015905"
"MEDELLÍN - TANQUES LA YE EPM","2022-03-14","","35.4048956"
"MEDELLÍN - TANQUES LA YE EPM","2022-03-13","","31.82434971"
"MEDELLÍN - TANQUES LA YE EPM","2022-03-12","","32.80532119"
"MEDELLÍN - TANQUES LA YE EPM","2022-03-11","","31.50553398"
"MEDELLÍN - TANQUES LA YE EPM","2022-03-10","","28.11300761"
"MEDELLÍN - TANQUES LA YE EPM","2022-03-09","","30.24804228"
"MEDELLÍN - TANQUES LA YE EPM","2022-03-08","","21.46692585"
"MEDELLÍN - TANQUES LA YE EPM","2022-03-07","","26.69877373"
"MEDELLÍN - TANQUES LA YE EPM","2022-03-06","","12.25396872"
"MEDELLÍN - TANQUES LA YE EPM","2022-03-05","","17.64113708"
"MEDELLÍN - TANQUES LA YE EPM","2022-03-04","","14.8617179"
"MEDELLÍN - TANQUES LA YE EPM","2022-03-03","","23.2571988"
"MEDELLÍN - TANQUES LA YE EPM","2022-03-02","","11.9760268"
"MEDELLÍN - TANQUES LA YE EPM","2022-03-01","","26.73147278"
"MEDELLÍN - TANQUES LA YE EPM","2022-02-28","","29.7191707"
"MEDELLÍN - TANQUES LA YE EPM","2022-02-27","","32.63365118"
"MEDELLÍN - TANQUES LA YE EPM","2022-02-26","","27.75331807"
"MEDELLÍN - TANQUES LA YE EPM","2022-02-25","","39.27973294"
"MEDELLÍN - TANQUES LA YE EPM","2022-02-24","","29.84605723"
"MEDELLÍN - TANQUES LA YE EPM","2022-02-23","","21.67479838"
"MEDELLÍN - TANQUES LA YE EPM","2022-02-22","","32.37205878"
"MEDELLÍN - TANQUES LA YE EPM","2022-02-21","","45.8849409"
"MEDELLÍN - TANQUES LA YE EPM","2022-02-20","","29.05310528"
"MEDELLÍN - TANQUES LA YE EPM","2022-02-19","","34.4729727"
"MEDELLÍN - TANQUES LA YE EPM","2022-02-18","","15.74459223"
"MEDELLÍN - TANQUES LA YE EPM","2022-02-17","","34.98798272"
"MEDELLÍN - TANQUES LA YE EPM","2022-02-16","","28.53809525"
"MEDELLÍN - TANQUES LA YE EPM","2022-02-15","","21.18898393"
"MEDELLÍN - TANQUES LA YE EPM","2022-02-14","","18.96544858"
"MEDELLÍN - TANQUES LA YE EPM","2022-02-13","","30.00955247"
"MEDELLÍN - TANQUES LA YE EPM","2022-02-12","","48.2065734"
"MEDELLÍN - TANQUES LA YE EPM","2022-02-11","","34.84083701"
"MEDELLÍN - TANQUES LA YE EPM","2022-02-10","","19.3087886"
"MEDELLÍN - TANQUES LA YE EPM","2022-02-09","","10.07725246"
"MEDELLÍN - TANQUES LA YE EPM","2022-02-08","","17.06890372"
"MEDELLÍN - TANQUES LA YE EPM","2022-02-07","","17.23239897"
"MEDELLÍN - TANQUES LA YE EPM","2022-02-06","","29.29017339"
"MEDELLÍN - TANQUES LA YE EPM","2022-02-05","","24.14007313"
"MEDELLÍN - TANQUES LA YE EPM","2022-02-04","","19.2433905"
"MEDELLÍN - TANQUES LA YE EPM","2022-02-03","","32.88706881"
"MEDELLÍN - TANQUES LA YE EPM","2022-02-02","","33.41842836"
"MEDELLÍN - TANQUES LA YE EPM","2022-02-01","","49.1384963"
"MEDELLÍN - TANQUES LA YE EPM","2022-01-31","","45.80710294"
"MEDELLÍN - TANQUES LA YE EPM","2022-01-30","","46.45717425"
"MEDELLÍN - TANQUES LA YE EPM","2022-01-29","","45.19826086"
"MEDELLÍN - TANQUES LA YE EPM","2022-01-28","","42.92567694"
"MEDELLÍN - TANQUES LA YE EPM","2022-01-27","","26.73147278"
"MEDELLÍN - TANQUES LA YE EPM","2022-01-26","","14.75194252"
"MEDELLÍN - TANQUES LA YE EPM","2022-01-25","","17.78828281"
"MEDELLÍN - TANQUES LA YE EPM","2022-01-24","","22.43972257"
"MEDELLÍN - TANQUES LA YE EPM","2022-01-23","","32.4783307"
"MEDELLÍN - TANQUES LA YE EPM","2022-01-22","","23.39616976"
"MEDELLÍN - TANQUES LA YE EPM","2022-01-21","","26.92766708"
"MEDELLÍN - TANQUES LA YE EPM","2022-01-20","","22.09638255"
"MEDELLÍN - TANQUES LA YE EPM","2022-01-19","","26.05296751"
"MEDELLÍN - TANQUES LA YE EPM","2022-01-18","","12.25396872"
"MEDELLÍN - TANQUES LA YE EPM","2022-01-17","","19.38236146"
"MEDELLÍN - TANQUES LA YE EPM","2022-01-16","","29.36374625"
"MEDELLÍN - TANQUES LA YE EPM","2022-01-15","","24.21364599"
"MEDELLÍN - TANQUES LA YE EPM","2022-01-14","","19.76981797"
"MEDELLÍN - TANQUES LA YE EPM","2022-01-13","","17.32232135"
"MEDELLÍN - TANQUES LA YE EPM","2022-01-12","","19.17353344"
"MEDELLÍN - TANQUES LA YE EPM","2022-01-11","","21.22168298"
"MEDELLÍN - TANQUES LA YE EPM","2022-01-10","","26.379958"
"MEDELLÍN - TANQUES LA YE EPM","2022-01-09","","30.73710632"
"MEDELLÍN - TANQUES LA YE EPM","2022-01-08","","25.79954988"
"MEDELLÍN - TANQUES LA YE EPM","2022-01-07","","19.97094435"
"MEDELLÍN - TANQUES LA YE EPM","2022-01-06","","25.9466956"
"MEDELLÍN - TANQUES LA YE EPM","2022-01-05","","37.46458028"
"MEDELLÍN - TANQUES LA YE EPM","2022-01-04","","27.52442473"
"MEDELLÍN - TANQUES LA YE EPM","2022-01-03","","23.64958739"
"MEDELLÍN - TANQUES LA YE EPM","2022-01-02","","20.8047701"
"MEDELLÍN - TANQUES LA YE EPM","2022-01-01","","24.67143268"
"MEDELLÍN - TANQUES LA YE EPM","2021-12-31","","27.83399942"
"MEDELLÍN - TANQUES LA YE EPM","2021-12-30","","22.88933449"
"MEDELLÍN - TANQUES LA YE EPM","2021-12-29","","11.42014296"
"MEDELLÍN - TANQUES LA YE EPM","2021-12-28","","16.2923013"
"MEDELLÍN - TANQUES LA YE EPM","2021-12-27","","13.36573639"
"MEDELLÍN - TANQUES LA YE EPM","2021-12-26","","30.72075679"
"MEDELLÍN - TANQUES LA YE EPM","2021-12-25","","28.68524098"
"MEDELLÍN - TANQUES LA YE EPM","2021-12-24","","24.14007313"
"MEDELLÍN - TANQUES LA YE EPM","2021-12-23","","23.13457736"
"MEDELLÍN - TANQUES LA YE EPM","2021-12-22","","16.97080657"
"MEDELLÍN - TANQUES LA YE EPM","2021-12-21","","14.63282455"
"MEDELLÍN - TANQUES LA YE EPM","2021-12-20","","26.65789992"
"MEDELLÍN - TANQUES LA YE EPM","2021-12-19","","33.80264219"
"MEDELLÍN - TANQUES LA YE EPM","2021-12-18","","7.25918894"
"MEDELLÍN - TANQUES LA YE EPM","2021-12-17","","11.10950199"
"MEDELLÍN - TANQUES LA YE EPM","2021-12-16","","25.06382127"
"MEDELLÍN - TANQUES LA YE EPM","2021-12-15","","29.36374625"
"MEDELLÍN - TANQUES LA YE EPM","2021-12-14","","27.67157045"
"MEDELLÍN - TANQUES LA YE EPM","2021-12-13","","35.1024294"
"MEDELLÍN - TANQUES LA YE EPM","2021-12-12","","14.21591167"
"MEDELLÍN - TANQUES LA YE EPM","2021-12-11","","27.02576423"
"MEDELLÍN - TANQUES LA YE EPM","2021-12-10","","31.5218835"
"MEDELLÍN - TANQUES LA YE EPM","2021-12-09","","25.48073415"
"MEDELLÍN - TANQUES LA YE EPM","2021-12-08","","35.61743943"
"MEDELLÍN - TANQUES LA YE EPM","2021-12-07","","26.60067659"
"MEDELLÍN - TANQUES LA YE EPM","2021-12-06","","26.02844322"
"MEDELLÍN - TANQUES LA YE EPM","2021-12-05","","26.15923942"
"MEDELLÍN - TANQUES LA YE EPM","2021-12-04","","19.6766529"
"MEDELLÍN - TANQUES LA YE EPM","2021-12-03","","28.40729906"
"MEDELLÍN - TANQUES LA YE EPM","2021-12-02","","30.09947486"
"MEDELLÍN - TANQUES LA YE EPM","2021-12-01","","21.75197626"
"MEDELLÍN - TANQUES LA YE EPM","2021-11-30","","18.27166006"
"MEDELLÍN - TANQUES LA YE EPM","2021-11-29","","18.40956474"
"MEDELLÍN - TANQUES LA YE EPM","2021-11-28","","28.40729906"
"MEDELLÍN - TANQUES LA YE EPM","2021-11-27","","28.64436717"
"MEDELLÍN - TANQUES LA YE EPM","2021-11-26","","12.44198825"
"MEDELLÍN - TANQUES LA YE EPM","2021-11-25","","23.27705179"
"MEDELLÍN - TANQUES LA YE EPM","2021-11-23","","4.68904367"
"MEDELLÍN - TANQUES LA YE EPM","2021-11-22","","17.58391375"
"MEDELLÍN - TANQUES LA YE EPM","2021-11-21","","26.12796207"
"MEDELLÍN - TANQUES LA YE EPM","2021-11-20","","30.5245625"
"MEDELLÍN - TANQUES LA YE EPM","2021-11-19","","28.5707943"
"MEDELLÍN - TANQUES LA YE EPM","2021-11-18","","37.17064426"
"MEDELLÍN - TANQUES LA YE EPM","2021-11-17","","33.59009837"
"MEDELLÍN - TANQUES LA YE EPM","2021-11-16","","20.55952723"
"MEDELLÍN - TANQUES LA YE EPM","2021-11-15","","12.58095921"
"MEDELLÍN - TANQUES LA YE EPM","2021-11-14","","26.15106466"
"MEDELLÍN - TANQUES LA YE EPM","2021-11-13","","27.97403665"
"MEDELLÍN - TANQUES LA YE EPM","2021-11-12","","41.42969543"
"MEDELLÍN - TANQUES LA YE EPM","2021-11-11","","30.81956479"
"MEDELLÍN - TANQUES LA YE EPM","2021-11-10","","26.75599707"
"MEDELLÍN - TANQUES LA YE EPM","2021-11-09","","25.61970511"
"MEDELLÍN - TANQUES LA YE EPM","2021-11-08","","30.43464011"
"MEDELLÍN - TANQUES LA YE EPM","2021-11-07","","28.24380381"
"MEDELLÍN - TANQUES LA YE EPM","2021-11-06","","26.10201608"
"MEDELLÍN - TANQUES LA YE EPM","2021-11-05","","22.03098445"
"MEDELLÍN - TANQUES LA YE EPM","2021-11-04","","16.34134988"
"MEDELLÍN - TANQUES LA YE EPM","2021-11-03","","12.85072637"
"MEDELLÍN - TANQUES LA YE EPM","2021-11-02","","26.56797754"
"MEDELLÍN - TANQUES LA YE EPM","2021-11-01","","26.62520087"
"MEDELLÍN - TANQUES LA YE EPM","2021-10-31","","25.625"
"MEDELLÍN - TANQUES LA YE EPM","2021-10-30","","23.54166667"
"MEDELLÍN - TANQUES LA YE EPM","2021-10-29","","18.29166667"
"MEDELLÍN - TANQUES LA YE EPM","2021-10-28","","22.29166667"
"MEDELLÍN - TANQUES LA YE EPM","2021-10-27","","35.125"
"MEDELLÍN - TANQUES LA YE EPM","2021-10-26","","30.66666667"
"MEDELLÍN - TANQUES LA YE EPM","2021-10-25","","31.375"
"MEDELLÍN - TANQUES LA YE EPM","2021-10-24","","31.5"
"MEDELLÍN - TANQUES LA YE EPM","2021-10-23","","18.20833333"
"MEDELLÍN - TANQUES LA YE EPM","2021-10-22","","27.04347826"
"MEDELLÍN - TANQUES LA YE EPM","2021-10-21","","25.54166667"
"MEDELLÍN - TANQUES LA YE EPM","2021-10-20","","30.125"
"MEDELLÍN - TANQUES LA YE EPM","2021-10-19","","28.25"
"MEDELLÍN - TANQUES LA YE EPM","2021-10-18","","27.08333333"
"MEDELLÍN - TANQUES LA YE EPM","2021-10-17","","30.33333333"
"MEDELLÍN - TANQUES LA YE EPM","2021-10-16","","33.08333333"
"MEDELLÍN - TANQUES LA YE EPM","2021-10-15","","26.13043478"
"MEDELLÍN - TANQUES LA YE EPM","2021-10-14","","15.08333333"
"MEDELLÍN - TANQUES LA YE EPM","2021-10-13","","32.26086957"
"MEDELLÍN - TANQUES LA YE EPM","2021-10-12","","31.83333333"
"MEDELLÍN - TANQUES LA YE EPM","2021-10-11","","26.79166667"
"MEDELLÍN - TANQUES LA YE EPM","2021-10-10","","23.91117979"
"MEDELLÍN - TANQUES LA YE EPM","2021-10-09","","23.12640254"
"MEDELLÍN - TANQUES LA YE EPM","2021-10-08","","22.31710117"
"MEDELLÍN - TANQUES LA YE EPM","2021-10-07","","26.66607471"
"MEDELLÍN - TANQUES LA YE EPM","2021-10-06","","43.90664833"
"MEDELLÍN - TANQUES LA YE EPM","2021-10-05","","24.58151033"
"MEDELLÍN - TANQUES LA YE EPM","2021-10-04","","36.05709948"
"MEDELLÍN - TANQUES LA YE EPM","2021-10-03","","45.59882421"
"MEDELLÍN - TANQUES LA YE EPM","2021-10-02","","35.78093467"
"MEDELLÍN - TANQUES LA YE EPM","2021-10-01","","19.75840054"
"MEDELLÍN - TANQUES LA YE EPM","2021-09-30","","38.73945546"
"MEDELLÍN - TANQUES LA YE EPM","2021-09-29","","14.8617179"
"MEDELLÍN - TANQUES LA YE EPM","2021-09-28","","16.97080657"
"MEDELLÍN - TANQUES LA YE EPM","2021-09-27","","33.27128264"
"MEDELLÍN - TANQUES LA YE EPM","2021-09-26","","41.63406449"
"MEDELLÍN - TANQUES LA YE EPM","2021-09-25","","34.46479794"
"MEDELLÍN - TANQUES LA YE EPM","2021-09-24","","25.2518408"
"MEDELLÍN - TANQUES LA YE EPM","2021-09-23","","27.51080012"
"MEDELLÍN - TANQUES LA YE EPM","2021-09-22","","25.52978272"
"MEDELLÍN - TANQUES LA YE EPM","2021-09-21","","39.83561678"
"MEDELLÍN - TANQUES LA YE EPM","2021-09-20","","30.07495057"
"MEDELLÍN - TANQUES LA YE EPM","2021-09-19","","49.30199155"
"MEDELLÍN - TANQUES LA YE EPM","2021-09-18","","42.49568444"
"MEDELLÍN - TANQUES LA YE EPM","2021-09-17","","42.32891929"
"MEDELLÍN - TANQUES LA YE EPM","2021-09-16","","38.73202387"
"MEDELLÍN - TANQUES LA YE EPM","2021-09-15","","38.10256717"
"MEDELLÍN - TANQUES LA YE EPM","2021-09-14","","36.05070183"
"MEDELLÍN - TANQUES LA YE EPM","2021-09-13","","32.91976786"
"MEDELLÍN - TANQUES LA YE EPM","2021-09-12","","35.76458514"
"MEDELLÍN - TANQUES LA YE EPM","2021-09-11","","28.79151289"
"MEDELLÍN - TANQUES LA YE EPM","2021-09-10","","31.22164678"
"MEDELLÍN - TANQUES LA YE EPM","2021-09-09","","31.83252447"
"MEDELLÍN - TANQUES LA YE EPM","2021-09-08","","20.40420675"
"MEDELLÍN - TANQUES LA YE EPM","2021-09-07","","20.55135247"
"MEDELLÍN - TANQUES LA YE EPM","2021-09-06","","19.03084668"
"MEDELLÍN - TANQUES LA YE EPM","2021-09-05","","44.94484323"
"MEDELLÍN - TANQUES LA YE EPM","2021-09-04","","33.2794574"
"MEDELLÍN - TANQUES LA YE EPM","2021-09-03","","31.83252447"
"MEDELLÍN - TANQUES LA YE EPM","2021-09-02","","32.11864115"
"MEDELLÍN - TANQUES LA YE EPM","2021-09-01","","23.74768453"
"MEDELLÍN - TANQUES LA YE EPM","2021-08-31","","32.6467308"
"MEDELLÍN - TANQUES LA YE EPM","2021-08-30","","29.90179424"
"MEDELLÍN - TANQUES LA YE EPM","2021-08-29","","35.45394418"
"MEDELLÍN - TANQUES LA YE EPM","2021-08-28","","28.08848333"
"MEDELLÍN - TANQUES LA YE EPM","2021-08-27","","25.89764703"
"MEDELLÍN - TANQUES LA YE EPM","2021-08-26","","25.19461747"
"MEDELLÍN - TANQUES LA YE EPM","2021-08-25","","13.16136733"
"MEDELLÍN - TANQUES LA YE EPM","2021-08-24","","25.42351081"
"MEDELLÍN - TANQUES LA YE EPM","2021-08-23","","25.35811271"
"MEDELLÍN - TANQUES LA YE EPM","2021-08-22","","34.02336077"
"MEDELLÍN - TANQUES LA YE EPM","2021-08-21","","24.92559347"
"MEDELLÍN - TANQUES LA YE EPM","2021-08-20","","33.45930217"
"MEDELLÍN - TANQUES LA YE EPM","2021-08-19","","32.14316544"
"MEDELLÍN - TANQUES LA YE EPM","2021-08-18","","34.58741937"
"MEDELLÍN - TANQUES LA YE EPM","2021-08-17","","32.26578687"
"MEDELLÍN - TANQUES LA YE EPM","2021-08-16","","29.91963009"
"MEDELLÍN - TANQUES LA YE EPM","2021-08-15","","37.65295524"
"MEDELLÍN - TANQUES LA YE EPM","2021-08-14","","22.35797494"
"MEDELLÍN - TANQUES LA YE EPM","2021-08-13","","34.06423458"
"MEDELLÍN - TANQUES LA YE EPM","2021-08-12","","23.91935454"
"MEDELLÍN - TANQUES LA YE EPM","2021-08-11","","39.16528627"
"MEDELLÍN - TANQUES LA YE EPM","2021-08-10","","30.23027106"
"MEDELLÍN - TANQUES LA YE EPM","2021-08-09","","35.84113065"
"MEDELLÍN - TANQUES LA YE EPM","2021-08-08","","30.37741678"
"MEDELLÍN - TANQUES LA YE EPM","2021-08-07","","42.36161834"
"MEDELLÍN - TANQUES LA YE EPM","2021-08-06","","38.71851774"
"MEDELLÍN - TANQUES LA YE EPM","2021-08-05","","36.38586708"
"MEDELLÍN - TANQUES LA YE EPM","2021-08-04","","39.58219915"
"MEDELLÍN - TANQUES LA YE EPM","2021-08-03","","30.27931963"
"MEDELLÍN - TANQUES LA YE EPM","2021-08-02","","29.98502819"
"MEDELLÍN - TANQUES LA YE EPM","2021-08-01","","29.08580433"
"MEDELLÍN - TANQUES LA YE EPM","2021-07-31","","28.69554829"
"MEDELLÍN - TANQUES LA YE EPM","2021-07-30","","32.45380641"
"MEDELLÍN - TANQUES LA YE EPM","2021-07-29","","14.89293062"
"MEDELLÍN - TANQUES LA YE EPM","2021-07-28","","22.95473259"
"MEDELLÍN - TANQUES LA YE EPM","2021-07-27","","13.12049352"
"MEDELLÍN - TANQUES LA YE EPM","2021-07-26","","29.27382386"
"MEDELLÍN - TANQUES LA YE EPM","2021-07-25","","19.93007053"
"MEDELLÍN - TANQUES LA YE EPM","2021-07-24","","14.39042508"
"MEDELLÍN - TANQUES LA YE EPM","2021-07-23","","28.97135766"
"MEDELLÍN - TANQUES LA YE EPM","2021-07-22","","25.65240416"
"MEDELLÍN - TANQUES LA YE EPM","2021-07-21","","29.54273052"
"MEDELLÍN - TANQUES LA YE EPM","2021-07-20","","31.80527526"
"MEDELLÍN - TANQUES LA YE EPM","2021-07-19","","28.83203127"
"MEDELLÍN - TANQUES LA YE EPM","2021-07-18","","42.75400693"
"MEDELLÍN - TANQUES LA YE EPM","2021-07-17","","37.26056665"
"MEDELLÍN - TANQUES LA YE EPM","2021-07-16","","39.45957771"
"MEDELLÍN - TANQUES LA YE EPM","2021-07-15","","40.56317063"
"MEDELLÍN - TANQUES LA YE EPM","2021-07-14","","31.28481539"
"MEDELLÍN - TANQUES LA YE EPM","2021-07-13","","28.91413432"
"MEDELLÍN - TANQUES LA YE EPM","2021-07-12","","35.57656561"
"MEDELLÍN - TANQUES LA YE EPM","2021-07-11","","32.846195"
"MEDELLÍN - TANQUES LA YE EPM","2021-07-10","","29.40462006"
"MEDELLÍN - TANQUES LA YE EPM","2021-07-09","","35.51934228"
"MEDELLÍN - TANQUES LA YE EPM","2021-07-08","","27.72061902"
"MEDELLÍN - TANQUES LA YE EPM","2021-07-07","","31.90609733"
"MEDELLÍN - TANQUES LA YE EPM","2021-07-06","","32.76444737"
"MEDELLÍN - TANQUES LA YE EPM","2021-07-05","","35.37219655"
"MEDELLÍN - TANQUES LA YE EPM","2021-07-04","","35.98530373"
"MEDELLÍN - TANQUES LA YE EPM","2021-07-03","","29.42914435"
"MEDELLÍN - TANQUES LA YE EPM","2021-07-02","","35.54386656"
"MEDELLÍN - TANQUES LA YE EPM","2021-07-01","","22.79941211"
"MEDELLÍN - TANQUES LA YE EPM","2021-06-30","","19.92651629"
"MEDELLÍN - TANQUES LA YE EPM","2021-06-29","","28.03125999"
"MEDELLÍN - TANQUES LA YE EPM","2021-06-28","","14.71457217"
"MEDELLÍN - TANQUES LA YE EPM","2021-06-16","","7.00413636"
"MEDELLÍN - TANQUES LA YE EPM","2021-06-15","","22.12090684"
"MEDELLÍN - TANQUES LA YE EPM","2021-06-14","","28.97135766"
"MEDELLÍN - TANQUES LA YE EPM","2021-06-13","","16.53754417"
"MEDELLÍN - TANQUES LA YE EPM","2021-06-12","","24.7531803"
"MEDELLÍN - TANQUES LA YE EPM","2021-06-11","","30.55726155"
"MEDELLÍN - TANQUES LA YE EPM","2021-06-10","","27.22195853"
"MEDELLÍN - TANQUES LA YE EPM","2021-06-09","","18.38504046"
"MEDELLÍN - TANQUES LA YE EPM","2021-06-08","","20.69032343"
"MEDELLÍN - TANQUES LA YE EPM","2021-06-07","","20.39603199"
"MEDELLÍN - TANQUES LA YE EPM","2021-06-06","","21.41787728"
"MEDELLÍN - TANQUES LA YE EPM","2021-06-05","","21.25438203"
"MEDELLÍN - TANQUES LA YE EPM","2021-06-04","","34.86536129"
"MEDELLÍN - TANQUES LA YE EPM","2021-06-03","","26.97671565"
"MEDELLÍN - TANQUES LA YE EPM","2021-06-02","","29.38827054"
"MEDELLÍN - TANQUES LA YE EPM","2021-06-01","","15.82633985"
"MEDELLÍN - TANQUES LA YE EPM","2021-05-31","","28.2349182"
"MEDELLÍN - TANQUES LA YE EPM","2021-05-30","","24.13189836"
"MEDELLÍN - TANQUES LA YE EPM","2021-05-29","","14.67369836"
"MEDELLÍN - TANQUES LA YE EPM","2021-05-28","","15.64436253"
"MEDELLÍN - TANQUES LA YE EPM","2021-05-27","","12.89977494"
"MEDELLÍN - TANQUES LA YE EPM","2021-05-26","","36.97444997"
"MEDELLÍN - TANQUES LA YE EPM","2021-05-25","","23.50066455"
"MEDELLÍN - TANQUES LA YE EPM","2021-05-24","","23.37982023"
"MEDELLÍN - TANQUES LA YE EPM","2021-05-23","","29.50271721"
"MEDELLÍN - TANQUES LA YE EPM","2021-05-22","","31.09679586"
"MEDELLÍN - TANQUES LA YE EPM","2021-05-21","","21.54049871"
"MEDELLÍN - TANQUES LA YE EPM","2021-05-20","","25.88911684"
"MEDELLÍN - TANQUES LA YE EPM","2021-05-19","","25.8812975"
"MEDELLÍN - TANQUES LA YE EPM","2021-05-18","","13.104144"
"MEDELLÍN - TANQUES LA YE EPM","2021-05-17","","35.37219655"
"MEDELLÍN - TANQUES LA YE EPM","2021-05-16","","36.31229422"
"MEDELLÍN - TANQUES LA YE EPM","2021-05-15","","28.362871"
"MEDELLÍN - TANQUES LA YE EPM","2021-05-14","","20.05269197"
"MEDELLÍN - TANQUES LA YE EPM","2021-05-13","","25.6851032"
"MEDELLÍN - TANQUES LA YE EPM","2021-05-12","","20.13666907"
"MEDELLÍN - TANQUES LA YE EPM","2021-05-11","","12.16404633"
"MEDELLÍN - TANQUES LA YE EPM","2021-05-10","","14.79134386"
"MEDELLÍN - TANQUES LA YE EPM","2021-05-09","","23.79673311"
"MEDELLÍN - TANQUES LA YE EPM","2021-05-08","","25.73415178"
"MEDELLÍN - TANQUES LA YE EPM","2021-05-07","","26.97671565"
"MEDELLÍN - TANQUES LA YE EPM","2021-05-06","","24.96572412"
"MEDELLÍN - TANQUES LA YE EPM","2021-05-05","","17.30774895"
"MEDELLÍN - TANQUES LA YE EPM","2021-05-04","","31.7834759"
"MEDELLÍN - TANQUES LA YE EPM","2021-05-03","","30.69623251"
"MEDELLÍN - TANQUES LA YE EPM","2021-05-02","","22.84028592"
"MEDELLÍN - TANQUES LA YE EPM","2021-05-01","","21.47510061"
"MEDELLÍN - TANQUES LA YE EPM","2021-04-30","","21.83479015"
"MEDELLÍN - TANQUES LA YE EPM","2021-04-29","","19.84365162"
"MEDELLÍN - TANQUES LA YE EPM","2021-04-28","","21.62224633"
"MEDELLÍN - TANQUES LA YE EPM","2021-04-27","","15.49117459"
"MEDELLÍN - TANQUES LA YE EPM","2021-04-26","","35.61743942"
"MEDELLÍN - TANQUES LA YE EPM","2021-04-25","","32.48650546"
"MEDELLÍN - TANQUES LA YE EPM","2021-04-24","","37.13794522"
"MEDELLÍN - TANQUES LA YE EPM","2021-04-23","","16.68468989"
"MEDELLÍN - TANQUES LA YE EPM","2021-04-22","","23.50244167"
"MEDELLÍN - TANQUES LA YE EPM","2021-04-21","","25.58700606"
"MEDELLÍN - TANQUES LA YE EPM","2021-04-20","","23.2571988"
"MEDELLÍN - TANQUES LA YE EPM","2021-04-19","","31.19489301"
"MEDELLÍN - TANQUES LA YE EPM","2021-04-18","","36.4676147"
"MEDELLÍN - TANQUES LA YE EPM","2021-04-17","","34.17868126"
"MEDELLÍN - TANQUES LA YE EPM","2021-04-16","","24.49158791"
"MEDELLÍN - TANQUES LA YE EPM","2021-04-15","","36.02617753"
"MEDELLÍN - TANQUES LA YE EPM","2021-04-14","","19.56824844"
"MEDELLÍN - TANQUES LA YE EPM","2021-04-13","","33.00969024"
"MEDELLÍN - TANQUES LA YE EPM","2021-04-12","","21.0663625"
"MEDELLÍN - TANQUES LA YE EPM","2021-04-11","","28.10483285"
"MEDELLÍN - TANQUES LA YE EPM","2021-04-10","","25.84042369"
"MEDELLÍN - TANQUES LA YE EPM","2021-04-09","","29.43731911"
"MEDELLÍN - TANQUES LA YE EPM","2021-04-08","","36.45126518"
"MEDELLÍN - TANQUES LA YE EPM","2021-04-07","","18.70385619"
"MEDELLÍN - TANQUES LA YE EPM","2021-04-06","","42.39431738"
"MEDELLÍN - TANQUES LA YE EPM","2021-04-05","","34.31765221"
"MEDELLÍN - TANQUES LA YE EPM","2021-04-04","","26.22463752"
"MEDELLÍN - TANQUES LA YE EPM","2021-04-03","","25.85677322"
"MEDELLÍN - TANQUES LA YE EPM","2021-04-02","","23.72316025"
"MEDELLÍN - TANQUES LA YE EPM","2021-04-01","","24.7531803"
"MEDELLÍN - TANQUES LA YE EPM","2021-03-31","","33.73724409"
"MEDELLÍN - TANQUES LA YE EPM","2021-03-30","","28.55444478"
"MEDELLÍN - TANQUES LA YE EPM","2021-03-29","","22.23535351"
"MEDELLÍN - TANQUES LA YE EPM","2021-03-28","","29.80518341"
"MEDELLÍN - TANQUES LA YE EPM","2021-03-27","","31.91427209"
"MEDELLÍN - TANQUES LA YE EPM","2021-03-26","","21.32912271"
"MEDELLÍN - TANQUES LA YE EPM","2021-03-25","","23.77220882"
"MEDELLÍN - TANQUES LA YE EPM","2021-03-24","","19.94642006"
"MEDELLÍN - TANQUES LA YE EPM","2021-03-23","","19.49680813"
"MEDELLÍN - TANQUES LA YE EPM","2021-03-22","","33.13231168"
"MEDELLÍN - TANQUES LA YE EPM","2021-03-21","","32.06959258"
"MEDELLÍN - TANQUES LA YE EPM","2021-03-20","","23.91935455"
"MEDELLÍN - TANQUES LA YE EPM","2021-03-19","","26.96854089"
"MEDELLÍN - TANQUES LA YE EPM","2021-03-18","","27.51624997"
"MEDELLÍN - TANQUES LA YE EPM","2021-03-17","","30.68805774"
"MEDELLÍN - TANQUES LA YE EPM","2021-03-16","","29.79700865"
"MEDELLÍN - TANQUES LA YE EPM","2021-03-15","","29.08793688"
"MEDELLÍN - TANQUES LA YE EPM","2021-03-14","","32.09411687"
"MEDELLÍN - TANQUES LA YE EPM","2021-03-13","","23.91117978"
"MEDELLÍN - TANQUES LA YE EPM","2021-03-12","","16.4230975"
"MEDELLÍN - TANQUES LA YE EPM","2021-03-11","","20.39603199"
"MEDELLÍN - TANQUES LA YE EPM","2021-03-10","","18.13979759"
"MEDELLÍN - TANQUES LA YE EPM","2021-03-09","","19.79109957"
"MEDELLÍN - TANQUES LA YE EPM","2021-03-08","","25.1864427"
"MEDELLÍN - TANQUES LA YE EPM","2021-03-07","","30.97417443"
"MEDELLÍN - TANQUES LA YE EPM","2021-03-06","","25.03112222"
"MEDELLÍN - TANQUES LA YE EPM","2021-03-05","","33.12413692"
"MEDELLÍN - TANQUES LA YE EPM","2021-03-04","","32.0859421"
"MEDELLÍN - TANQUES LA YE EPM","2021-03-03","","28.90595956"
"MEDELLÍN - TANQUES LA YE EPM","2021-03-02","","33.80264219"
"MEDELLÍN - TANQUES LA YE EPM","2021-03-01","","34.68551652"
"MEDELLÍN - TANQUES LA YE EPM","2021-02-28","","30.90268874"
"MEDELLÍN - TANQUES LA YE EPM","2021-02-27","","21.00913916"
"MEDELLÍN - TANQUES LA YE EPM","2021-02-26","","23.60053882"
"MEDELLÍN - TANQUES LA YE EPM","2021-02-25","","25.68439236"
"MEDELLÍN - TANQUES LA YE EPM","2021-02-24","","25.88947226"
"MEDELLÍN - TANQUES LA YE EPM","2021-02-23","","30.62265965"
"MEDELLÍN - TANQUES LA YE EPM","2021-02-22","","25.05564651"
"MEDELLÍN - TANQUES LA YE EPM","2021-02-21","","25.02294746"
"MEDELLÍN - TANQUES LA YE EPM","2021-02-20","","33.58192361"
"MEDELLÍN - TANQUES LA YE EPM","2021-02-19","","36.39404184"
"MEDELLÍN - TANQUES LA YE EPM","2021-02-18","","28.37460001"
"MEDELLÍN - TANQUES LA YE EPM","2021-02-17","","40.66944253"
"MEDELLÍN - TANQUES LA YE EPM","2021-02-16","","38.07804288"
"MEDELLÍN - TANQUES LA YE EPM","2021-02-15","","34.49749699"
"MEDELLÍN - TANQUES LA YE EPM","2021-02-14","","19.32513812"
"MEDELLÍN - TANQUES LA YE EPM","2021-02-13","","20.4369058"
"MEDELLÍN - TANQUES LA YE EPM","2021-02-12","","21.47510061"
"MEDELLÍN - TANQUES LA YE EPM","2021-02-11","","28.41250118"
"MEDELLÍN - TANQUES LA YE EPM","2021-02-10","","34.57924461"
"MEDELLÍN - TANQUES LA YE EPM","2021-02-09","","19.15346811"
"MEDELLÍN - TANQUES LA YE EPM","2021-02-08","","19.52133242"
"MEDELLÍN - TANQUES LA YE EPM","2021-02-07","","29.31469768"
"MEDELLÍN - TANQUES LA YE EPM","2021-02-06","","42.9338517"
"MEDELLÍN - TANQUES LA YE EPM","2021-02-05","","20.77207105"
"MEDELLÍN - TANQUES LA YE EPM","2021-02-04","","25.71780226"
"MEDELLÍN - TANQUES LA YE EPM","2021-02-03","","23.42886881"
"MEDELLÍN - TANQUES LA YE EPM","2021-02-02","","30.77798013"
"MEDELLÍN - TANQUES LA YE EPM","2021-02-01","","31.21124253"
"MEDELLÍN - TANQUES LA YE EPM","2021-01-31","","36.37769232"
"MEDELLÍN - TANQUES LA YE EPM","2021-01-30","","32.18403925"
"MEDELLÍN - TANQUES LA YE EPM","2021-01-29","","28.8323867"
"MEDELLÍN - TANQUES LA YE EPM","2021-01-28","","23.06917926"
"MEDELLÍN - TANQUES LA YE EPM","2021-01-27","","24.90850079"
"MEDELLÍN - TANQUES LA YE EPM","2021-01-26","","20.83746915"
"MEDELLÍN - TANQUES LA YE EPM","2021-01-25","","21.87566397"
"MEDELLÍN - TANQUES LA YE EPM","2021-01-24","","25.54613225"
"MEDELLÍN - TANQUES LA YE EPM","2021-01-23","","29.24112482"
"MEDELLÍN - TANQUES LA YE EPM","2021-01-22","","32.96881643"
"MEDELLÍN - TANQUES LA YE EPM","2021-01-21","","25.99574417"
"MEDELLÍN - TANQUES LA YE EPM","2021-01-20","","23.94387883"
"MEDELLÍN - TANQUES LA YE EPM","2021-01-19","","25.53795748"
"MEDELLÍN - TANQUES LA YE EPM","2021-01-18","","32.26578687"
"MEDELLÍN - TANQUES LA YE EPM","2021-01-17","","37.26056665"
"MEDELLÍN - TANQUES LA YE EPM","2021-01-16","","32.32301021"
"MEDELLÍN - TANQUES LA YE EPM","2021-01-15","","25.79137512"
"MEDELLÍN - TANQUES LA YE EPM","2021-01-14","","37.62843096"
"MEDELLÍN - TANQUES LA YE EPM","2021-01-13","","27.82546924"
"MEDELLÍN - TANQUES LA YE EPM","2021-01-12","","19.65212862"
"MEDELLÍN - TANQUES LA YE EPM","2021-01-11","","26.208288"
"MEDELLÍN - TANQUES LA YE EPM","2021-01-10","","29.68256198"
"MEDELLÍN - TANQUES LA YE EPM","2021-01-09","","33.54922456"
"MEDELLÍN - TANQUES LA YE EPM","2021-01-08","","16.99533086"
"MEDELLÍN - TANQUES LA YE EPM","2021-01-07","","25.39081176"
"MEDELLÍN - TANQUES LA YE EPM","2021-01-06","","30.5245625"
"MEDELLÍN - TANQUES LA YE EPM","2021-01-05","","36.06705135"
"MEDELLÍN - TANQUES LA YE EPM","2021-01-04","","30.63900917"
"MEDELLÍN - TANQUES LA YE EPM","2021-01-03","","18.01717615"
"MEDELLÍN - TANQUES LA YE EPM","2021-01-02","","24.6877822"
"MEDELLÍN - TANQUES LA YE EPM","2021-01-01","","24.78587935"
"MEDELLÍN - TANQUES LA YE EPM","2020-12-31","","26.04479275"
"MEDELLÍN - TANQUES LA YE EPM","2020-12-30","","27.87593951"
"MEDELLÍN - TANQUES LA YE EPM","2020-12-29","","25.44283298"
"MEDELLÍN - TANQUES LA YE EPM","2020-12-28","","28.92230908"
"MEDELLÍN - TANQUES LA YE EPM","2020-12-27","","20.18348817"
"MEDELLÍN - TANQUES LA YE EPM","2020-12-26","","24.5161122"
"MEDELLÍN - TANQUES LA YE EPM","2020-12-25","","32.47833069"
"MEDELLÍN - TANQUES LA YE EPM","2020-12-24","","29.06945481"
"MEDELLÍN - TANQUES LA YE EPM","2020-12-23","","22.1944797"
"MEDELLÍN - TANQUES LA YE EPM","2020-12-22","","15.49934936"
"MEDELLÍN - TANQUES LA YE EPM","2020-12-21","","20.78842058"
"MEDELLÍN - TANQUES LA YE EPM","2020-12-20","","19.70117719"
"MEDELLÍN - TANQUES LA YE EPM","2020-12-19","","31.96332066"
"MEDELLÍN - TANQUES LA YE EPM","2020-12-18","","14.68187313"
"MEDELLÍN - TANQUES LA YE EPM","2020-12-17","","19.73387624"
"MEDELLÍN - TANQUES LA YE EPM","2020-12-16","","24.74500554"
"MEDELLÍN - TANQUES LA YE EPM","2020-12-15","","24.05015074"
"MEDELLÍN - TANQUES LA YE EPM","2020-12-14","","26.92766708"
"MEDELLÍN - TANQUES LA YE EPM","2020-12-13","","25.56248177"
"MEDELLÍN - TANQUES LA YE EPM","2020-12-12","","18.02535091"
"MEDELLÍN - TANQUES LA YE EPM","2020-12-11","","19.77297293"
"MEDELLÍN - TANQUES LA YE EPM","2020-12-10","","22.1944797"
"MEDELLÍN - TANQUES LA YE EPM","2020-12-09","","15.76094175"
"MEDELLÍN - TANQUES LA YE EPM","2020-12-08","","21.57319776"
"MEDELLÍN - TANQUES LA YE EPM","2020-12-07","","22.67679067"
"MEDELLÍN - TANQUES LA YE EPM","2020-12-06","","22.33345066"
"MEDELLÍN - TANQUES LA YE EPM","2020-12-05","","23.63323787"
"MEDELLÍN - TANQUES LA YE EPM","2020-12-04","","17.62478756"
"MEDELLÍN - TANQUES LA YE EPM","2020-12-03","","25.16191842"
"MEDELLÍN - TANQUES LA YE EPM","2020-12-02","","8.99223855"
"MEDELLÍN - TANQUES LA YE EPM","2020-12-01","","22.47242162"
"MEDELLÍN - TANQUES LA YE EPM","2020-11-30","","12.4092892"
"MEDELLÍN - TANQUES LA YE EPM","2020-11-29","","23.26537356"
"MEDELLÍN - TANQUES LA YE EPM","2020-11-28","","25.97441871"
"MEDELLÍN - TANQUES LA YE EPM","2020-11-27","","12.95699828"
"MEDELLÍN - TANQUES LA YE EPM","2020-11-26","","12.83437684"
"MEDELLÍN - TANQUES LA YE EPM","2020-11-25","","22.75036353"
"MEDELLÍN - TANQUES LA YE EPM","2020-11-24","","24.35261695"
"MEDELLÍN - TANQUES LA YE EPM","2020-11-23","","22.32527589"
"MEDELLÍN - TANQUES LA YE EPM","2020-11-22","","21.19715869"
"MEDELLÍN - TANQUES LA YE EPM","2020-11-21","","14.61647503"
"MEDELLÍN - TANQUES LA YE EPM","2020-11-20","","14.72274694"
"MEDELLÍN - TANQUES LA YE EPM","2020-11-19","","12.42563873"
"MEDELLÍN - TANQUES LA YE EPM","2020-11-18","","3.26395965"
"MEDELLÍN - TANQUES LA YE EPM","2020-11-09","","5.41496256"
"MEDELLÍN - TANQUES LA YE EPM","2020-11-08","","19.44775956"
"MEDELLÍN - TANQUES LA YE EPM","2020-11-07","","26.28186086"
"MEDELLÍN - TANQUES LA YE EPM","2020-11-06","","15.58927174"
"MEDELLÍN - TANQUES LA YE EPM","2020-11-05","","23.45339309"
"MEDELLÍN - TANQUES LA YE EPM","2020-11-04","","17.54303994"
"MEDELLÍN - TANQUES LA YE EPM","2020-11-03","","33.07508835"
"MEDELLÍN - TANQUES LA YE EPM","2020-11-02","","18.54036094"
"MEDELLÍN - TANQUES LA YE EPM","2020-11-01","","22.20265446"
"MEDELLÍN - TANQUES LA YE EPM","2020-10-31","","22.26805256"
"MEDELLÍN - TANQUES LA YE EPM","2020-10-30","","20.53500294"
"MEDELLÍN - TANQUES LA YE EPM","2020-10-29","","25.16191842"
"MEDELLÍN - TANQUES LA YE EPM","2020-10-28","","16.21055368"
"MEDELLÍN - TANQUES LA YE EPM","2020-10-27","","33.15683597"
"MEDELLÍN - TANQUES LA YE EPM","2020-10-26","","19.14529335"
"MEDELLÍN - TANQUES LA YE EPM","2020-10-25","","19.83197339"
"MEDELLÍN - TANQUES LA YE EPM","2020-10-24","","17.70653518"
"MEDELLÍN - TANQUES LA YE EPM","2020-10-23","","24.66325792"
"MEDELLÍN - TANQUES LA YE EPM","2020-10-22","","35.1678275"
"MEDELLÍN - TANQUES LA YE EPM","2020-10-21","","21.81026587"
"MEDELLÍN - TANQUES LA YE EPM","2020-10-20","","25.43168557"
"MEDELLÍN - TANQUES LA YE EPM","2020-10-19","","16.4884956"
"MEDELLÍN - TANQUES LA YE EPM","2020-10-18","","27.32005567"
"MEDELLÍN - TANQUES LA YE EPM","2020-10-17","","35.51934228"
"MEDELLÍN - TANQUES LA YE EPM","2020-10-16","","26.73147278"
"MEDELLÍN - TANQUES LA YE EPM","2020-10-15","","29.40462006"
"MEDELLÍN - TANQUES LA YE EPM","2020-10-14","","27.18108471"
"MEDELLÍN - TANQUES LA YE EPM","2020-10-13","","25.12104461"
"MEDELLÍN - TANQUES LA YE EPM","2020-10-12","","34.57924461"
"MEDELLÍN - TANQUES LA YE EPM","2020-10-11","","39.19798532"
"MEDELLÍN - TANQUES LA YE EPM","2020-10-10","","32.26578687"
"MEDELLÍN - TANQUES LA YE EPM","2020-10-09","","29.05310528"
"MEDELLÍN - TANQUES LA YE EPM","2020-10-08","","36.32864375"
"MEDELLÍN - TANQUES LA YE EPM","2020-10-07","","32.60095213"
"MEDELLÍN - TANQUES LA YE EPM","2020-10-06","","24.67376833"
"MEDELLÍN - TANQUES LA YE EPM","2020-10-05","","23.40434452"
"MEDELLÍN - TANQUES LA YE EPM","2020-10-04","","24.385316"
"MEDELLÍN - TANQUES LA YE EPM","2020-10-03","","19.75022576"
"MEDELLÍN - TANQUES LA YE EPM","2020-10-02","","29.38009577"
"MEDELLÍN - TANQUES LA YE EPM","2020-10-01","","33.10778739"
"MEDELLÍN - TANQUES LA YE EPM","2020-09-30","","34.1051084"
"MEDELLÍN - TANQUES LA YE EPM","2020-09-29","","18.58940951"
"MEDELLÍN - TANQUES LA YE EPM","2020-09-28","","19.71752671"
"MEDELLÍN - TANQUES LA YE EPM","2020-09-27","","25.79137512"
"MEDELLÍN - TANQUES LA YE EPM","2020-09-26","","35.86788442"
"MEDELLÍN - TANQUES LA YE EPM","2020-09-23","","23.24902404"
"MEDELLÍN - TANQUES LA YE EPM","2020-09-22","","10.46369577"
"MEDELLÍN - TANQUES LA YE EPM","2020-09-21","","23.24084927"
"MEDELLÍN - TANQUES LA YE EPM","2020-09-20","","23.87030597"
"MEDELLÍN - TANQUES LA YE EPM","2020-09-19","","33.9089141"
"MEDELLÍN - TANQUES LA YE EPM","2020-09-18","","22.26805256"
"MEDELLÍN - TANQUES LA YE EPM","2020-09-17","","17.24057373"
"MEDELLÍN - TANQUES LA YE EPM","2020-09-16","","29.16755196"
"MEDELLÍN - TANQUES LA YE EPM","2020-09-15","","29.77248436"
"MEDELLÍN - TANQUES LA YE EPM","2020-09-14","","30.33654297"
"MEDELLÍN - TANQUES LA YE EPM","2020-09-13","","29.82153294"
"MEDELLÍN - TANQUES LA YE EPM","2020-09-12","","40.10538393"
"MEDELLÍN - TANQUES LA YE EPM","2020-09-11","","30.29566915"
"MEDELLÍN - TANQUES LA YE EPM","2020-09-10","","28.81603717"
"MEDELLÍN - TANQUES LA YE EPM","2020-09-09","","24.06650027"
"MEDELLÍN - TANQUES LA YE EPM","2020-09-08","","25.08834556"
"MEDELLÍN - TANQUES LA YE EPM","2020-09-07","","28.72113885"
"MEDELLÍN - TANQUES LA YE EPM","2020-09-06","","39.24703389"
"MEDELLÍN - TANQUES LA YE EPM","2020-09-05","","30.64718394"
"MEDELLÍN - TANQUES LA YE EPM","2020-09-04","","26.23281228"
"MEDELLÍN - TANQUES LA YE EPM","2020-09-03","","19.21851079"
"MEDELLÍN - TANQUES LA YE EPM","2020-09-02","","30.05042628"
"MEDELLÍN - TANQUES LA YE EPM","2020-09-01","","22.75036354"
"MEDELLÍN - TANQUES LA YE EPM","2020-08-31","","39.46308118"
"MEDELLÍN - TANQUES LA YE EPM","2020-08-27","","9.35192809"
"MEDELLÍN - TANQUES LA YE EPM","2020-08-26","","12.03325013"
"MEDELLÍN - TANQUES LA YE EPM","2020-08-25","","15.43395126"
"MEDELLÍN - TANQUES LA YE EPM","2020-08-24","","16.4230975"
"MEDELLÍN - TANQUES LA YE EPM","2020-08-23","","17.47764184"
"MEDELLÍN - TANQUES LA YE EPM","2020-08-22","","19.55403147"
"MEDELLÍN - TANQUES LA YE EPM","2020-08-21","","15.89991271"
"MEDELLÍN - TANQUES LA YE EPM","2020-08-20","","24.99842317"
"MEDELLÍN - TANQUES LA YE EPM","2020-08-19","","10.59449196"
"MEDELLÍN - TANQUES LA YE EPM","2020-08-18","","17.2896223"
"MEDELLÍN - TANQUES LA YE EPM","2020-08-17","","23.70681073"
"MEDELLÍN - TANQUES LA YE EPM","2020-08-16","","24.14824789"
"MEDELLÍN - TANQUES LA YE EPM","2020-08-15","","32.55190355"
"MEDELLÍN - TANQUES LA YE EPM","2020-08-14","","12.2130949"
"MEDELLÍN - TANQUES LA YE EPM","2020-08-13","","29.60827827"
"MEDELLÍN - TANQUES LA YE EPM","2020-08-12","","25.12921937"
"MEDELLÍN - TANQUES LA YE EPM","2020-08-11","","26.87044374"
"MEDELLÍN - TANQUES LA YE EPM","2020-08-10","","31.79165066"
"MEDELLÍN - TANQUES LA YE EPM","2020-08-09","","33.33668074"
"MEDELLÍN - TANQUES LA YE EPM","2020-08-08","","32.49468022"
"MEDELLÍN - TANQUES LA YE EPM","2020-08-07","","32.16768973"
"MEDELLÍN - TANQUES LA YE EPM","2020-08-06","","30.75345585"
"MEDELLÍN - TANQUES LA YE EPM","2020-08-05","","30.70440727"
"MEDELLÍN - TANQUES LA YE EPM","2020-08-04","","42.77853122"
"MEDELLÍN - TANQUES LA YE EPM","2020-08-03","","41.92835594"
"MEDELLÍN - TANQUES LA YE EPM","2020-08-02","","40.13808299"
"MEDELLÍN - TANQUES LA YE EPM","2020-08-01","","36.2959447"
"MEDELLÍN - TANQUES LA YE EPM","2020-07-31","","26.24098704"
"MEDELLÍN - TANQUES LA YE EPM","2020-07-30","","21.48327537"
"MEDELLÍN - TANQUES LA YE EPM","2020-07-29","","27.59799759"
"MEDELLÍN - TANQUES LA YE EPM","2020-07-28","","30.85972775"
"MEDELLÍN - TANQUES LA YE EPM","2020-07-27","","25.93034608"
"MEDELLÍN - TANQUES LA YE EPM","2020-07-26","","27.72061902"
"MEDELLÍN - TANQUES LA YE EPM","2020-07-25","","17.89455472"
"MEDELLÍN - TANQUES LA YE EPM","2020-07-24","","25.63605463"
"MEDELLÍN - TANQUES LA YE EPM","2020-07-23","","16.69286466"
"MEDELLÍN - TANQUES LA YE EPM","2020-07-22","","23.48609214"
"MEDELLÍN - TANQUES LA YE EPM","2020-07-21","","30.64896105"
"MEDELLÍN - TANQUES LA YE EPM","2020-07-20","","35.81363372"
"MEDELLÍN - TANQUES LA YE EPM","2020-07-19","","36.82730425"
"MEDELLÍN - TANQUES LA YE EPM","2020-07-18","","37.69382905"
"MEDELLÍN - TANQUES LA YE EPM","2020-07-17","","38.08621764"
"MEDELLÍN - TANQUES LA YE EPM","2020-07-16","","27.2710071"
"MEDELLÍN - TANQUES LA YE EPM","2020-07-15","","32.6500007"
"MEDELLÍN - TANQUES LA YE EPM","2020-07-14","","35.57656561"
"MEDELLÍN - TANQUES LA YE EPM","2020-07-13","","24.09102455"
"MEDELLÍN - TANQUES LA YE EPM","2020-07-12","","24.9493746"
"MEDELLÍN - TANQUES LA YE EPM","2020-07-11","","27.205609"
"MEDELLÍN - TANQUES LA YE EPM","2020-07-10","","31.64450494"
"MEDELLÍN - TANQUES LA YE EPM","2020-07-09","","19.68482766"
"MEDELLÍN - TANQUES LA YE EPM","2020-07-06","","19.25506873"
"MEDELLÍN - TANQUES LA YE EPM","2020-07-05","","26.26551133"
"MEDELLÍN - TANQUES LA YE EPM","2020-07-04","","29.83788247"
"MEDELLÍN - TANQUES LA YE EPM","2020-07-03","","36.62293519"
"MEDELLÍN - TANQUES LA YE EPM","2020-07-02","","31.03957252"
"MEDELLÍN - TANQUES LA YE EPM","2020-07-01","","35.04520606"
"MEDELLÍN - TANQUES LA YE EPM","2020-06-30","","20.46143008"
"MEDELLÍN - TANQUES LA YE EPM","2020-06-29","","27.61434711"
"MEDELLÍN - TANQUES LA YE EPM","2020-06-28","","31.67720399"
"MEDELLÍN - TANQUES LA YE EPM","2020-06-27","","32.73174833"
"MEDELLÍN - TANQUES LA YE EPM","2020-06-26","","25.35811271"
"MEDELLÍN - TANQUES LA YE EPM","2020-06-25","","27.38694009"
"MEDELLÍN - TANQUES LA YE EPM","2020-06-24","","26.06114227"
"MEDELLÍN - TANQUES LA YE EPM","2020-06-23","","22.58686829"
"MEDELLÍN - TANQUES LA YE EPM","2020-06-22","","26.98489041"
"MEDELLÍN - TANQUES LA YE EPM","2020-06-21","","27.92498808"
"MEDELLÍN - TANQUES LA YE EPM","2020-06-20","","30.18122248"
"MEDELLÍN - TANQUES LA YE EPM","2020-06-19","","27.205609"
"MEDELLÍN - TANQUES LA YE EPM","2020-06-18","","27.16473519"
"MEDELLÍN - TANQUES LA YE EPM","2020-06-17","","17.10160277"
"MEDELLÍN - TANQUES LA YE EPM","2020-06-16","","27.33640519"
"MEDELLÍN - TANQUES LA YE EPM","2020-06-15","","22.09638255"
"MEDELLÍN - TANQUES LA YE EPM","2020-06-14","","25.91399655"
"MEDELLÍN - TANQUES LA YE EPM","2020-06-13","","36.64745948"
"MEDELLÍN - TANQUES LA YE EPM","2020-06-12","","18.00082663"
"MEDELLÍN - TANQUES LA YE EPM","2020-06-11","","20.56770199"
"MEDELLÍN - TANQUES LA YE EPM","2020-06-10","","14.73240802"
"MEDELLÍN - TANQUES LA YE EPM","2020-06-09","","32.65817546"
"MEDELLÍN - TANQUES LA YE EPM","2020-06-08","","37.2278676"
"MEDELLÍN - TANQUES LA YE EPM","2020-06-07","","46.75964047"
"MEDELLÍN - TANQUES LA YE EPM","2020-06-06","","33.16501073"
"MEDELLÍN - TANQUES LA YE EPM","2020-06-05","","40.23618013"
"MEDELLÍN - TANQUES LA YE EPM","2020-06-04","","39.12441246"
"MEDELLÍN - TANQUES LA YE EPM","2020-06-03","","14.74016274"
"MEDELLÍN - TANQUES LA YE EPM","2020-06-02","","25.17009318"
"MEDELLÍN - TANQUES LA YE EPM","2020-06-01","","31.80053627"
"MEDELLÍN - TANQUES LA YE EPM","2020-05-31","","25.382637"
"MEDELLÍN - TANQUES LA YE EPM","2020-05-30","","17.34684564"
"MEDELLÍN - TANQUES LA YE EPM","2020-05-29","","11.3614333"
"MEDELLÍN - TANQUES LA YE EPM","2020-05-28","","6.67060605"
"MEDELLÍN - TANQUES LA YE EPM","2020-05-27","","20.70667295"
"MEDELLÍN - TANQUES LA YE EPM","2020-05-26","","34.44844841"
"MEDELLÍN - TANQUES LA YE EPM","2020-05-25","","40.92286017"
"MEDELLÍN - TANQUES LA YE EPM","2020-05-24","","46.53892188"
"MEDELLÍN - TANQUES LA YE EPM","2020-05-23","","40.93103493"
"MEDELLÍN - TANQUES LA YE EPM","2020-05-22","","35.93625515"
"MEDELLÍN - TANQUES LA YE EPM","2020-05-21","","38.02899431"
"MEDELLÍN - TANQUES LA YE EPM","2020-05-20","","36.87635282"
"MEDELLÍN - TANQUES LA YE EPM","2020-05-19","","16.7909618"
"MEDELLÍN - TANQUES LA YE EPM","2020-05-18","","48.93412724"
"MEDELLÍN - TANQUES LA YE EPM","2020-05-17","","35.87085706"
"MEDELLÍN - TANQUES LA YE EPM","2020-05-16","","49.97232206"
"MEDELLÍN - TANQUES LA YE EPM","2020-05-15","","35.57656561"
"MEDELLÍN - TANQUES LA YE EPM","2020-05-14","","35.19351961"
"MEDELLÍN - TANQUES LA YE EPM","2020-05-13","","46.97218428"
"MEDELLÍN - TANQUES LA YE EPM","2020-05-12","","47.40544669"
"MEDELLÍN - TANQUES LA YE EPM","2020-05-11","","33.65549647"
"MEDELLÍN - TANQUES LA YE EPM","2020-05-10","","46.63701903"
"MEDELLÍN - TANQUES LA YE EPM","2020-05-09","","43.04829837"
"MEDELLÍN - TANQUES LA YE EPM","2020-05-08","","42.71313312"
"MEDELLÍN - TANQUES LA YE EPM","2020-05-07","","38.36415956"
"MEDELLÍN - TANQUES LA YE EPM","2020-05-06","","48.41094245"
"MEDELLÍN - TANQUES LA YE EPM","2020-05-05","","40.86563683"
"MEDELLÍN - TANQUES LA YE EPM","2020-05-04","","37.9881205"
"MEDELLÍN - TANQUES LA YE EPM","2020-05-03","","44.83857132"
"MEDELLÍN - TANQUES LA YE EPM","2020-05-02","","36.83547901"
"MEDELLÍN - TANQUES LA YE EPM","2020-05-01","","40.88198636"
"MEDELLÍN - TANQUES LA YE EPM","2020-04-30","","42.95020123"
"MEDELLÍN - TANQUES LA YE EPM","2020-04-29","","47.79783528"
"MEDELLÍN - TANQUES LA YE EPM","2020-04-28","","51.90974073"
"MEDELLÍN - TANQUES LA YE EPM","2020-04-27","","44.70554564"
"MEDELLÍN - TANQUES LA YE EPM","2020-04-26","","53.48746985"
"MEDELLÍN - TANQUES LA YE EPM","2020-04-25","","53.82263511"
"MEDELLÍN - TANQUES LA YE EPM","2020-04-24","","40.27705395"
"MEDELLÍN - TANQUES LA YE EPM","2020-04-23","","43.76767745"
"MEDELLÍN - TANQUES LA YE EPM","2020-04-22","","48.59078722"
"MEDELLÍN - TANQUES LA YE EPM","2020-04-20","","37.00714902"
"MEDELLÍN - TANQUES LA YE EPM","2020-04-19","","40.42419967"
"MEDELLÍN - TANQUES LA YE EPM","2020-04-18","","42.71313312"
"MEDELLÍN - TANQUES LA YE EPM","2020-04-17","","55.66195663"
"MEDELLÍN - TANQUES LA YE EPM","2020-04-16","","61.46603787"
"MEDELLÍN - TANQUES LA YE EPM","2020-04-15","","52.63729457"
"MEDELLÍN - TANQUES LA YE EPM","2020-04-14","","42.04280261"
"MEDELLÍN - TANQUES LA YE EPM","2020-04-13","","31.62993254"
"MEDELLÍN - TANQUES LA YE EPM","2020-04-12","","34.87353605"
"MEDELLÍN - TANQUES LA YE EPM","2020-04-11","","34.09693363"
"MEDELLÍN - TANQUES LA YE EPM","2020-04-10","","39.00179102"
"MEDELLÍN - TANQUES LA YE EPM","2020-04-09","","48.65618532"
"MEDELLÍN - TANQUES LA YE EPM","2020-04-08","","52.98063459"
"MEDELLÍN - TANQUES LA YE EPM","2020-04-06","","45.72962041"
"MEDELLÍN - TANQUES LA YE EPM","2020-04-05","","43.34258982"
"MEDELLÍN - TANQUES LA YE EPM","2020-04-04","","38.68297529"
"MEDELLÍN - TANQUES LA YE EPM","2020-04-03","","51.25575974"
"MEDELLÍN - TANQUES LA YE EPM","2020-04-02","","54.64011134"
"MEDELLÍN - TANQUES LA YE EPM","2020-04-01","","40.65309301"
"MEDELLÍN - TANQUES LA YE EPM","2020-03-31","","55.20416994"
"MEDELLÍN - TANQUES LA YE EPM","2020-03-30","","68.66800348"
"MEDELLÍN - TANQUES LA YE EPM","2020-03-29","","57.60755006"
"MEDELLÍN - TANQUES LA YE EPM","2020-03-28","","75.30591048"
"MEDELLÍN - TANQUES LA YE EPM","2020-03-27","","73.99794851"
"MEDELLÍN - TANQUES LA YE EPM","2020-03-26","","70.98963598"
"MEDELLÍN - TANQUES LA YE EPM","2020-03-25","","67.8832263"
"MEDELLÍN - TANQUES LA YE EPM","2020-03-24","","57.93454056"
"MEDELLÍN - TANQUES LA YE EPM","2020-03-23","","68.98681921"
"MEDELLÍN - TANQUES LA YE EPM","2020-03-22","","63.79584514"
"MEDELLÍN - TANQUES LA YE EPM","2020-03-21","","41.38882162"
"MEDELLÍN - TANQUES LA YE EPM","2020-03-20","","36.55753709"
"MEDELLÍN - TANQUES LA YE EPM","2020-03-19","","77.71746537"
"MEDELLÍN - TANQUES LA YE EPM","2020-03-18","","84.65783858"
"MEDELLÍN - TANQUES LA YE EPM","2020-03-17","","80.10449597"
"MEDELLÍN - TANQUES LA YE EPM","2020-03-16","","56.77372431"
"MEDELLÍN - TANQUES LA YE EPM","2020-03-15","","48.82785533"
"MEDELLÍN - TANQUES LA YE EPM","2020-03-14","","36.0343523"
"MEDELLÍN - TANQUES LA YE EPM","2020-03-13","","40.21165585"
"MEDELLÍN - TANQUES LA YE EPM","2020-03-12","","47.55259241"
"MEDELLÍN - TANQUES LA YE EPM","2020-03-11","","35.65618069"
"MEDELLÍN - TANQUES LA YE EPM","2020-03-10","","52.73539172"
"MEDELLÍN - TANQUES LA YE EPM","2020-03-09","","47.79783528"
"MEDELLÍN - TANQUES LA YE EPM","2020-03-08","","48.18204911"
"MEDELLÍN - TANQUES LA YE EPM","2020-03-07","","50.11946778"
"MEDELLÍN - TANQUES LA YE EPM","2020-03-06","","54.49296562"
"MEDELLÍN - TANQUES LA YE EPM","2020-03-05","","50.20939016"
"MEDELLÍN - TANQUES LA YE EPM","2020-03-04","","47.34822335"
"MEDELLÍN - TANQUES LA YE EPM","2020-03-03","","39.54132534"
"MEDELLÍN - TANQUES LA YE EPM","2020-03-02","","42.47606501"
"MEDELLÍN - TANQUES LA YE EPM","2020-03-01","","41.83025878"
"MEDELLÍN - TANQUES LA YE EPM","2020-02-29","","32.49468022"
"MEDELLÍN - TANQUES LA YE EPM","2020-02-28","","34.42392412"
"MEDELLÍN - TANQUES LA YE EPM","2020-02-27","","28.8832124"
"MEDELLÍN - TANQUES LA YE EPM","2020-02-26","","29.33922196"
"MEDELLÍN - TANQUES LA YE EPM","2020-02-25","","32.4538064"
"MEDELLÍN - TANQUES LA YE EPM","2020-02-24","","28.06395904"
"MEDELLÍN - TANQUES LA YE EPM","2020-02-23","","29.70708627"
"MEDELLÍN - TANQUES LA YE EPM","2020-02-22","","28.94683337"
"MEDELLÍN - TANQUES LA YE EPM","2020-02-21","","38.54400434"
"MEDELLÍN - TANQUES LA YE EPM","2020-02-20","","40.76753969"
"MEDELLÍN - TANQUES LA YE EPM","2020-02-19","","58.76019155"
"MEDELLÍN - TANQUES LA YE EPM","2020-02-18","","49.08127296"
"MEDELLÍN - TANQUES LA YE EPM","2020-02-17","","35.42124513"
"MEDELLÍN - TANQUES LA YE EPM","2020-02-16","","32.96064167"
"MEDELLÍN - TANQUES LA YE EPM","2020-02-15","","29.55994054"
"MEDELLÍN - TANQUES LA YE EPM","2020-02-14","","37.36221804"
"MEDELLÍN - TANQUES LA YE EPM","2020-02-13","","48.99952534"
"MEDELLÍN - TANQUES LA YE EPM","2020-02-12","","44.63420226"
"MEDELLÍN - TANQUES LA YE EPM","2020-02-11","","50.18486588"
"MEDELLÍN - TANQUES LA YE EPM","2020-02-10","","58.98091013"
"MEDELLÍN - TANQUES LA YE EPM","2020-02-09","","56.43855905"
"MEDELLÍN - TANQUES LA YE EPM","2020-02-08","","47.18472811"
"MEDELLÍN - TANQUES LA YE EPM","2020-02-07","","47.66703908"
"MEDELLÍN - TANQUES LA YE EPM","2020-02-06","","50.3320116"
"MEDELLÍN - TANQUES LA YE EPM","2020-02-05","","38.53582957"
"MEDELLÍN - TANQUES LA YE EPM","2020-02-04","","31.50553398"
"MEDELLÍN - TANQUES LA YE EPM","2020-02-03","","31.34203873"
"MEDELLÍN - TANQUES LA YE EPM","2020-02-02","","34.75091462"
"MEDELLÍN - TANQUES LA YE EPM","2020-02-01","","35.80545896"
"MEDELLÍN - TANQUES LA YE EPM","2020-01-31","","36.65563424"
"MEDELLÍN - TANQUES LA YE EPM","2020-01-30","","30.08312533"
"MEDELLÍN - TANQUES LA YE EPM","2020-01-29","","40.23618013"
"MEDELLÍN - TANQUES LA YE EPM","2020-01-28","","27.0094147"
"MEDELLÍN - TANQUES LA YE EPM","2020-01-27","","30.30384392"
"MEDELLÍN - TANQUES LA YE EPM","2020-01-26","","24.95754936"
"MEDELLÍN - TANQUES LA YE EPM","2020-01-25","","28.3991243"
"MEDELLÍN - TANQUES LA YE EPM","2020-01-24","","21.58954728"
"MEDELLÍN - TANQUES LA YE EPM","2020-01-23","","33.25493311"
"MEDELLÍN - TANQUES LA YE EPM","2020-01-22","","17.51034089"
"MEDELLÍN - TANQUES LA YE EPM","2020-01-21","","34.09693363"
"MEDELLÍN - TANQUES LA YE EPM","2020-01-20","","14.33853311"
"MEDELLÍN - TANQUES LA YE EPM","2020-01-19","","32.3475345"
"MEDELLÍN - TANQUES LA YE EPM","2020-01-18","","28.79151289"
"MEDELLÍN - TANQUES LA YE EPM","2020-01-17","","23.67411168"
"MEDELLÍN - TANQUES LA YE EPM","2020-01-16","","34.35035126"
"MEDELLÍN - TANQUES LA YE EPM","2020-01-15","","38.41320813"
"MEDELLÍN - TANQUES LA YE EPM","2020-01-14","","36.9254014"
"MEDELLÍN - TANQUES LA YE EPM","2020-01-13","","39.73751963"
"MEDELLÍN - TANQUES LA YE EPM","2020-01-12","","44.67507607"
"MEDELLÍN - TANQUES LA YE EPM","2020-01-11","","39.54132534"
"MEDELLÍN - TANQUES LA YE EPM","2020-01-10","","35.58474038"
"MEDELLÍN - TANQUES LA YE EPM","2020-01-09","","41.21715161"
"MEDELLÍN - TANQUES LA YE EPM","2020-01-08","","34.17868126"
"MEDELLÍN - TANQUES LA YE EPM","2020-01-07","","43.82490079"
"MEDELLÍN - TANQUES LA YE EPM","2020-01-06","","47.32369906"
"MEDELLÍN - TANQUES LA YE EPM","2020-01-05","","45.84406709"
"MEDELLÍN - TANQUES LA YE EPM","2020-01-04","","50.87972067"
"MEDELLÍN - TANQUES LA YE EPM","2020-01-03","","39.88466536"
"MEDELLÍN - TANQUES LA YE EPM","2020-01-02","","29.73978532"
"MEDELLÍN - TANQUES LA YE EPM","2020-01-01","","34.75908938"
"MEDELLÍN - TANQUES LA YE EPM","2019-12-31","","18.90005048"
"MEDELLÍN - TANQUES LA YE EPM","2019-12-30","","23.16727641"
"MEDELLÍN - TANQUES LA YE EPM","2019-12-29","","35.31497322"
"MEDELLÍN - TANQUES LA YE EPM","2019-12-28","","27.11568661"
"MEDELLÍN - TANQUES LA YE EPM","2019-12-27","","21.85931444"
"MEDELLÍN - TANQUES LA YE EPM","2019-12-26","","33.17389634"
"MEDELLÍN - TANQUES LA YE EPM","2019-12-25","","29.11850338"
"MEDELLÍN - TANQUES LA YE EPM","2019-12-24","","35.73188609"
"MEDELLÍN - TANQUES LA YE EPM","2019-12-23","","19.2433905"
"MEDELLÍN - TANQUES LA YE EPM","2019-12-22","","32.81349595"
"MEDELLÍN - TANQUES LA YE EPM","2019-12-21","","16.92720784"
"MEDELLÍN - TANQUES LA YE EPM","2019-12-20","","24.85945221"
"MEDELLÍN - TANQUES LA YE EPM","2019-12-19","","26.37178324"
"MEDELLÍN - TANQUES LA YE EPM","2019-12-18","","25.97121989"
"MEDELLÍN - TANQUES LA YE EPM","2019-12-17","","31.0886211"
"MEDELLÍN - TANQUES LA YE EPM","2019-12-16","","23.54331548"
"MEDELLÍN - TANQUES LA YE EPM","2019-12-15","","23.4942669"
"MEDELLÍN - TANQUES LA YE EPM","2019-12-14","","25.20279223"
"MEDELLÍN - TANQUES LA YE EPM","2019-12-13","","22.38249923"
"MEDELLÍN - TANQUES LA YE EPM","2019-12-12","","35.9035561"
"MEDELLÍN - TANQUES LA YE EPM","2019-12-11","","21.09088678"
"MEDELLÍN - TANQUES LA YE EPM","2019-12-10","","26.68242421"
"MEDELLÍN - TANQUES LA YE EPM","2019-12-09","","34.17868126"
"MEDELLÍN - TANQUES LA YE EPM","2019-12-08","","29.28199862"
"MEDELLÍN - TANQUES LA YE EPM","2019-12-07","","19.50498289"
"MEDELLÍN - TANQUES LA YE EPM","2019-12-06","","26.92766708"
"MEDELLÍN - TANQUES LA YE EPM","2019-12-05","","24.8185784"
"MEDELLÍN - TANQUES LA YE EPM","2019-12-04","","29.22477529"
"MEDELLÍN - TANQUES LA YE EPM","2019-12-03","","27.4426771"
"MEDELLÍN - TANQUES LA YE EPM","2019-12-02","","31.04774729"
"MEDELLÍN - TANQUES LA YE EPM","2019-12-01","","36.68833329"
"MEDELLÍN - TANQUES LA YE EPM","2019-11-30","","20.8701682"
"MEDELLÍN - TANQUES LA YE EPM","2019-11-29","","16.67651513"
"MEDELLÍN - TANQUES LA YE EPM","2019-11-28","","26.12654037"
"MEDELLÍN - TANQUES LA YE EPM","2019-11-27","","22.09638255"
"MEDELLÍN - TANQUES LA YE EPM","2019-11-26","","19.20251669"
"MEDELLÍN - TANQUES LA YE EPM","2019-11-25","","24.77933954"
"MEDELLÍN - TANQUES LA YE EPM","2019-11-24","","23.34712118"
"MEDELLÍN - TANQUES LA YE EPM","2019-11-23","","32.65355495"
"MEDELLÍN - TANQUES LA YE EPM","2019-11-22","","33.26070353"
"MEDELLÍN - TANQUES LA YE EPM","2019-11-21","","22.18085509"
"MEDELLÍN - TANQUES LA YE EPM","2019-11-20","","25.48345907"
"MEDELLÍN - TANQUES LA YE EPM","2019-11-19","","10.50620453"
"MEDELLÍN - TANQUES LA YE EPM","2019-11-18","","34.59559413"
"MEDELLÍN - TANQUES LA YE EPM","2019-11-15","","8.94645988"
"MEDELLÍN - TANQUES LA YE EPM","2019-11-14","","20.67397391"
"MEDELLÍN - TANQUES LA YE EPM","2019-11-13","","10.61084149"
"MEDELLÍN - TANQUES LA YE EPM","2019-11-12","","25.83224893"
"MEDELLÍN - TANQUES LA YE EPM","2019-11-11","","36.04252706"
"MEDELLÍN - TANQUES LA YE EPM","2019-11-10","","34.78361367"
"MEDELLÍN - TANQUES LA YE EPM","2019-11-09","","18.85100191"
"MEDELLÍN - TANQUES LA YE EPM","2019-11-08","","27.99856094"
"MEDELLÍN - TANQUES LA YE EPM","2019-11-07","","39.11943651"
"MEDELLÍN - TANQUES LA YE EPM","2019-11-06","","28.12935714"
"MEDELLÍN - TANQUES LA YE EPM","2019-11-05","","29.94415437"
"MEDELLÍN - TANQUES LA YE EPM","2019-11-04","","35.34767226"
"MEDELLÍN - TANQUES LA YE EPM","2019-11-03","","21.42605204"
"MEDELLÍN - TANQUES LA YE EPM","2019-11-02","","28.5953186"
"MEDELLÍN - TANQUES LA YE EPM","2019-11-01","","33.14048644"
"MEDELLÍN - TANQUES LA YE EPM","2019-10-31","","42.64773502"
"MEDELLÍN - TANQUES LA YE EPM","2019-10-30","","32.79714642"
"MEDELLÍN - TANQUES LA YE EPM","2019-10-29","","34.7100408"
"MEDELLÍN - TANQUES LA YE EPM","2019-10-28","","28.6870181"
"MEDELLÍN - TANQUES LA YE EPM","2019-10-27","","32.01236924"
"MEDELLÍN - TANQUES LA YE EPM","2019-10-26","","37.55485809"
"MEDELLÍN - TANQUES LA YE EPM","2019-10-25","","16.44762179"
"MEDELLÍN - TANQUES LA YE EPM","2019-10-24","","20.21618721"
"MEDELLÍN - TANQUES LA YE EPM","2019-10-23","","31.55458255"
"MEDELLÍN - TANQUES LA YE EPM","2019-10-22","","24.73683078"
"MEDELLÍN - TANQUES LA YE EPM","2019-10-21","","18.81830286"
"MEDELLÍN - TANQUES LA YE EPM","2019-10-20","","33.31215645"
"MEDELLÍN - TANQUES LA YE EPM","2019-10-19","","29.48636768"
"MEDELLÍN - TANQUES LA YE EPM","2019-10-18","","34.56289508"
"MEDELLÍN - TANQUES LA YE EPM","2019-10-17","","26.32273467"
"MEDELLÍN - TANQUES LA YE EPM","2019-10-16","","21.38517823"
"MEDELLÍN - TANQUES LA YE EPM","2019-10-15","","29.01223147"
"MEDELLÍN - TANQUES LA YE EPM","2019-10-14","","30.63900917"
"MEDELLÍN - TANQUES LA YE EPM","2019-10-13","","43.20361886"
"MEDELLÍN - TANQUES LA YE EPM","2019-10-12","","26.96036613"
"MEDELLÍN - TANQUES LA YE EPM","2019-10-11","","16.76643752"
"MEDELLÍN - TANQUES LA YE EPM","2019-10-10","","28.68524098"
"MEDELLÍN - TANQUES LA YE EPM","2019-10-09","","26.35543371"
"MEDELLÍN - TANQUES LA YE EPM","2019-10-08","","21.17263441"
"MEDELLÍN - TANQUES LA YE EPM","2019-10-07","","23.76753753"
"MEDELLÍN - TANQUES LA YE EPM","2019-09-19","","46.75964046"
"MEDELLÍN - TANQUES LA YE EPM","2019-09-18","","19.79927434"
"MEDELLÍN - TANQUES LA YE EPM","2019-09-17","","29.02040623"
"MEDELLÍN - TANQUES LA YE EPM","2019-09-16","","37.95542145"
"MEDELLÍN - TANQUES LA YE EPM","2019-09-15","","36.02617754"
"MEDELLÍN - TANQUES LA YE EPM","2019-09-14","","38.59305291"
"MEDELLÍN - TANQUES LA YE EPM","2019-09-13","","40.03181108"
"MEDELLÍN - TANQUES LA YE EPM","2019-09-12","","38.43773242"
"MEDELLÍN - TANQUES LA YE EPM","2019-09-11","","43.60418221"
"MEDELLÍN - TANQUES LA YE EPM","2019-09-10","","40.99643303"
"MEDELLÍN - TANQUES LA YE EPM","2019-09-09","","45.01024133"
"MEDELLÍN - TANQUES LA YE EPM","2019-09-08","","43.11369647"
"MEDELLÍN - TANQUES LA YE EPM","2019-09-07","","39.87649059"
"MEDELLÍN - TANQUES LA YE EPM","2019-09-06","","35.15147797"
"MEDELLÍN - TANQUES LA YE EPM","2019-09-05","","45.04294038"
"MEDELLÍN - TANQUES LA YE EPM","2019-09-04","","55.22051946"
"MEDELLÍN - TANQUES LA YE EPM","2019-09-03","","48.770632"
"MEDELLÍN - TANQUES LA YE EPM","2019-09-02","","39.18981056"
"MEDELLÍN - TANQUES LA YE EPM","2019-09-01","","53.29127556"
"MEDELLÍN - TANQUES LA YE EPM","2019-08-31","","44.29086224"
"MEDELLÍN - TANQUES LA YE EPM","2019-08-30","","54.1496256"
"MEDELLÍN - TANQUES LA YE EPM","2019-08-29","","49.89057443"
"MEDELLÍN - TANQUES LA YE EPM","2019-08-28","","38.60122767"
"MEDELLÍN - TANQUES LA YE EPM","2019-08-27","","47.5771167"
"MEDELLÍN - TANQUES LA YE EPM","2019-08-26","","48.42729198"
"MEDELLÍN - TANQUES LA YE EPM","2019-08-25","","42.50876406"
"MEDELLÍN - TANQUES LA YE EPM","2019-08-24","","41.07818065"
"MEDELLÍN - TANQUES LA YE EPM","2019-08-23","","43.67775507"
"MEDELLÍN - TANQUES LA YE EPM","2019-08-22","","45.05111514"
"MEDELLÍN - TANQUES LA YE EPM","2019-08-21","","49.26111773"
"MEDELLÍN - TANQUES LA YE EPM","2019-08-20","","39.01814055"
"MEDELLÍN - TANQUES LA YE EPM","2019-08-19","","44.90396942"
"MEDELLÍN - TANQUES LA YE EPM","2019-08-18","","32.24943735"
"MEDELLÍN - TANQUES LA YE EPM","2019-08-17","","30.24662058"
"MEDELLÍN - TANQUES LA YE EPM","2019-08-16","","43.4325122"
"MEDELLÍN - TANQUES LA YE EPM","2019-08-15","","67.47448818"
"MEDELLÍN - TANQUES LA YE EPM","2019-08-14","","36.43491566"
"MEDELLÍN - TANQUES LA YE EPM","2019-08-13","","38.03716907"
"MEDELLÍN - TANQUES LA YE EPM","2019-08-12","","40.07268489"
"MEDELLÍN - TANQUES LA YE EPM","2019-08-11","","41.9365307"
"MEDELLÍN - TANQUES LA YE EPM","2019-08-10","","37.90637287"
"MEDELLÍN - TANQUES LA YE EPM","2019-08-09","","37.57120762"
"MEDELLÍN - TANQUES LA YE EPM","2019-08-08","","40.71849111"
"MEDELLÍN - TANQUES LA YE EPM","2019-08-07","","46.54709664"
"MEDELLÍN - TANQUES LA YE EPM","2019-08-06","","46.66154332"
"MEDELLÍN - TANQUES LA YE EPM","2019-08-05","","35.83815801"
"MEDELLÍN - TANQUES LA YE EPM","2019-08-04","","30.54091202"
"MEDELLÍN - TANQUES LA YE EPM","2019-08-03","","20.51865342"
"MEDELLÍN - TANQUES LA YE EPM","2019-08-02","","27.54894901"
"MEDELLÍN - TANQUES LA YE EPM","2019-08-01","","26.72329802"
"MEDELLÍN - TANQUES LA YE EPM","2019-07-31","","32.24943735"
"MEDELLÍN - TANQUES LA YE EPM","2019-07-30","","28.91413432"
"MEDELLÍN - TANQUES LA YE EPM","2019-07-29","","31.72625256"
"MEDELLÍN - TANQUES LA YE EPM","2019-07-28","","28.18658048"
"MEDELLÍN - TANQUES LA YE EPM","2019-07-27","","24.85127745"
"MEDELLÍN - TANQUES LA YE EPM","2019-07-26","","33.70454504"
"MEDELLÍN - TANQUES LA YE EPM","2019-07-25","","27.62252188"
"MEDELLÍN - TANQUES LA YE EPM","2019-07-24","","19.97911911"
"MEDELLÍN - TANQUES LA YE EPM","2019-07-23","","25.48890891"
"MEDELLÍN - TANQUES LA YE EPM","2019-07-22","","26.76417183"
"MEDELLÍN - TANQUES LA YE EPM","2019-07-21","","33.94161315"
"MEDELLÍN - TANQUES LA YE EPM","2019-07-20","","31.21124253"
"MEDELLÍN - TANQUES LA YE EPM","2019-07-19","","30.77798013"
"MEDELLÍN - TANQUES LA YE EPM","2019-07-18","","29.86240675"
"MEDELLÍN - TANQUES LA YE EPM","2019-07-17","","31.11314539"
"MEDELLÍN - TANQUES LA YE EPM","2019-07-16","","26.11019085"
"MEDELLÍN - TANQUES LA YE EPM","2019-07-15","","28.48087192"
"MEDELLÍN - TANQUES LA YE EPM","2019-07-14","","24.27904409"
"MEDELLÍN - TANQUES LA YE EPM","2019-07-13","","20.55135247"
"MEDELLÍN - TANQUES LA YE EPM","2019-07-12","","25.55430701"
"MEDELLÍN - TANQUES LA YE EPM","2019-07-11","","25.39081176"
"MEDELLÍN - TANQUES LA YE EPM","2019-07-10","","28.6870181"
"MEDELLÍN - TANQUES LA YE EPM","2019-07-09","","21.66312015"
"MEDELLÍN - TANQUES LA YE EPM","2019-07-08","","34.3421765"
"MEDELLÍN - TANQUES LA YE EPM","2019-07-07","","32.020544"
"MEDELLÍN - TANQUES LA YE EPM","2019-07-06","","28.0721338"
"MEDELLÍN - TANQUES LA YE EPM","2019-07-05","","37.17881903"
"MEDELLÍN - TANQUES LA YE EPM","2019-07-04","","24.84310269"
"MEDELLÍN - TANQUES LA YE EPM","2019-07-03","","27.36092948"
"MEDELLÍN - TANQUES LA YE EPM","2019-07-02","","31.47283493"
"MEDELLÍN - TANQUES LA YE EPM","2019-07-01","","28.06395904"
"MEDELLÍN - TANQUES LA YE EPM","2019-06-30","","34.76726414"
"MEDELLÍN - TANQUES LA YE EPM","2019-06-29","","24.90850079"
"MEDELLÍN - TANQUES LA YE EPM","2019-06-28","","28.9631829"
"MEDELLÍN - TANQUES LA YE EPM","2019-06-27","","35.55204133"
"MEDELLÍN - TANQUES LA YE EPM","2019-06-26","","30.90060157"
"MEDELLÍN - TANQUES LA YE EPM","2019-06-25","","30.16487296"
"MEDELLÍN - TANQUES LA YE EPM","2019-06-24","","31.5872816"
"MEDELLÍN - TANQUES LA YE EPM","2019-06-23","","24.72048125"
"MEDELLÍN - TANQUES LA YE EPM","2019-06-22","","27.6388714"
"MEDELLÍN - TANQUES LA YE EPM","2019-06-21","","26.21646276"
"MEDELLÍN - TANQUES LA YE EPM","2019-06-20","","23.52696595"
"MEDELLÍN - TANQUES LA YE EPM","2019-06-19","","18.56488523"
"MEDELLÍN - TANQUES LA YE EPM","2019-06-18","","20.63310009"
"MEDELLÍN - TANQUES LA YE EPM","2019-06-17","","23.13457736"
"MEDELLÍN - TANQUES LA YE EPM","2019-06-16","","28.03125999"
"MEDELLÍN - TANQUES LA YE EPM","2019-06-15","","24.62238411"
"MEDELLÍN - TANQUES LA YE EPM","2019-06-14","","24.63873363"
"MEDELLÍN - TANQUES LA YE EPM","2019-06-13","","26.17558895"
"MEDELLÍN - TANQUES LA YE EPM","2019-06-12","","27.205609"
"MEDELLÍN - TANQUES LA YE EPM","2019-06-11","","31.79982542"
"MEDELLÍN - TANQUES LA YE EPM","2019-06-10","","23.01195593"
"MEDELLÍN - TANQUES LA YE EPM","2019-06-09","","19.94642006"
"MEDELLÍN - TANQUES LA YE EPM","2019-06-08","","22.55416924"
"MEDELLÍN - TANQUES LA YE EPM","2019-06-07","","12.72810493"
"MEDELLÍN - TANQUES LA YE EPM","2019-06-06","","18.2460695"
"MEDELLÍN - TANQUES LA YE EPM","2019-06-05","","22.32527589"
"MEDELLÍN - TANQUES LA YE EPM","2019-06-04","","23.24902404"
"MEDELLÍN - TANQUES LA YE EPM","2019-06-03","","15.70371841"
"MEDELLÍN - TANQUES LA YE EPM","2019-06-02","","26.21646276"
"MEDELLÍN - TANQUES LA YE EPM","2019-06-01","","24.11554884"
"MEDELLÍN - TANQUES LA YE EPM","2019-05-31","","19.48045861"
"MEDELLÍN - TANQUES LA YE EPM","2019-05-30","","13.88892118"
"MEDELLÍN - TANQUES LA YE EPM","2019-05-29","","30.59813536"
"MEDELLÍN - TANQUES LA YE EPM","2019-05-28","","10.39012291"
"MEDELLÍN - TANQUES LA YE EPM","2019-05-27","","39.05901436"
"MEDELLÍN - TANQUES LA YE EPM","2019-05-26","","28.32555143"
"MEDELLÍN - TANQUES LA YE EPM","2019-05-25","","13.18589162"
"MEDELLÍN - TANQUES LA YE EPM","2019-05-24","","26.24916181"
"MEDELLÍN - TANQUES LA YE EPM","2019-05-23","","13.76629975"
"MEDELLÍN - TANQUES LA YE EPM","2019-05-22","","13.91344547"
"MEDELLÍN - TANQUES LA YE EPM","2019-05-21","","16.25960225"
"MEDELLÍN - TANQUES LA YE EPM","2019-05-20","","28.93865861"
"MEDELLÍN - TANQUES LA YE EPM","2019-05-19","","21.38517823"
"MEDELLÍN - TANQUES LA YE EPM","2019-05-18","","16.24325273"
"MEDELLÍN - TANQUES LA YE EPM","2019-05-17","","29.42914435"
"MEDELLÍN - TANQUES LA YE EPM","2019-05-16","","30.67988298"
"MEDELLÍN - TANQUES LA YE EPM","2019-05-15","","22.12090684"
"MEDELLÍN - TANQUES LA YE EPM","2019-05-14","","27.56529854"
"MEDELLÍN - TANQUES LA YE EPM","2019-05-13","","21.31978013"
"MEDELLÍN - TANQUES LA YE EPM","2019-05-12","","26.06931703"
"MEDELLÍN - TANQUES LA YE EPM","2019-05-11","","20.3061096"
"MEDELLÍN - TANQUES LA YE EPM","2019-05-10","","15.02669946"
"MEDELLÍN - TANQUES LA YE EPM","2019-05-09","","21.4996249"
"MEDELLÍN - TANQUES LA YE EPM","2019-05-08","","9.40097667"
"MEDELLÍN - TANQUES LA YE EPM","2019-05-07","","37.03984806"
"MEDELLÍN - TANQUES LA YE EPM","2019-05-06","","31.31751445"
"MEDELLÍN - TANQUES LA YE EPM","2019-05-05","","39.73751963"
"MEDELLÍN - TANQUES LA YE EPM","2019-05-04","","27.36910424"
"MEDELLÍN - TANQUES LA YE EPM","2019-05-03","","29.54359102"
"MEDELLÍN - TANQUES LA YE EPM","2019-05-02","","33.49200122"
"MEDELLÍN - TANQUES LA YE EPM","2019-05-01","","36.05070183"
"MEDELLÍN - TANQUES LA YE EPM","2019-04-30","","25.34993795"
"MEDELLÍN - TANQUES LA YE EPM","2019-04-29","","24.55698601"
"MEDELLÍN - TANQUES LA YE EPM","2019-04-28","","21.9982854"
"MEDELLÍN - TANQUES LA YE EPM","2019-04-27","","18.34416664"
"MEDELLÍN - TANQUES LA YE EPM","2019-04-26","","26.54594122"
"MEDELLÍN - TANQUES LA YE EPM","2019-04-25","","20.44508056"
"MEDELLÍN - TANQUES LA YE EPM","2019-04-24","","19.81562386"
"MEDELLÍN - TANQUES LA YE EPM","2019-04-23","","28.23562905"
"MEDELLÍN - TANQUES LA YE EPM","2019-04-22","","30.06677581"
"MEDELLÍN - TANQUES LA YE EPM","2019-04-21","","27.12386137"
"MEDELLÍN - TANQUES LA YE EPM","2019-04-20","","35.23322559"
"MEDELLÍN - TANQUES LA YE EPM","2019-04-19","","24.54063648"
"MEDELLÍN - TANQUES LA YE EPM","2019-04-18","","28.80786241"
"MEDELLÍN - TANQUES LA YE EPM","2019-04-17","","21.42605204"
"MEDELLÍN - TANQUES LA YE EPM","2019-04-16","","32.16768973"
"MEDELLÍN - TANQUES LA YE EPM","2019-04-15","","35.64196371"
"MEDELLÍN - TANQUES LA YE EPM","2019-04-14","","39.97458774"
"MEDELLÍN - TANQUES LA YE EPM","2019-04-13","","40.93920969"
"MEDELLÍN - TANQUES LA YE EPM","2019-04-12","","35.81363372"
"MEDELLÍN - TANQUES LA YE EPM","2019-04-11","","37.71835334"
"MEDELLÍN - TANQUES LA YE EPM","2019-04-10","","16.03888367"
"MEDELLÍN - TANQUES LA YE EPM","2019-04-09","","10.72144121"
"MEDELLÍN - TANQUES LA YE EPM","2019-04-08","","21.70399396"
"MEDELLÍN - TANQUES LA YE EPM","2019-04-07","","18.32781712"
"MEDELLÍN - TANQUES LA YE EPM","2019-04-06","","34.28495317"
"MEDELLÍN - TANQUES LA YE EPM","2019-04-05","","36.64745948"
"MEDELLÍN - TANQUES LA YE EPM","2019-04-04","","12.88342542"
"MEDELLÍN - TANQUES LA YE EPM","2019-04-03","","17.33049612"
"MEDELLÍN - TANQUES LA YE EPM","2019-04-02","","25.19461747"
"MEDELLÍN - TANQUES LA YE EPM","2019-04-01","","28.14570666"
"MEDELLÍN - TANQUES LA YE EPM","2019-03-31","","29.57629007"
"MEDELLÍN - TANQUES LA YE EPM","2019-03-30","","31.64450494"
"MEDELLÍN - TANQUES LA YE EPM","2019-03-29","","16.99533086"
"MEDELLÍN - TANQUES LA YE EPM","2019-03-28","","27.71244426"
"MEDELLÍN - TANQUES LA YE EPM","2019-03-27","","20.96009059"
"MEDELLÍN - TANQUES LA YE EPM","2019-03-26","","16.61111703"
"MEDELLÍN - TANQUES LA YE EPM","2019-03-25","","32.73174832"
"MEDELLÍN - TANQUES LA YE EPM","2019-03-24","","23.97657788"
"MEDELLÍN - TANQUES LA YE EPM","2019-03-23","","29.60898912"
"MEDELLÍN - TANQUES LA YE EPM","2019-03-22","","19.1779924"
"MEDELLÍN - TANQUES LA YE EPM","2019-03-21","","15.06608695"
"MEDELLÍN - TANQUES LA YE EPM","2019-03-20","","22.66044115"
"MEDELLÍN - TANQUES LA YE EPM","2019-03-19","","20.15078912"
"MEDELLÍN - TANQUES LA YE EPM","2019-03-18","","24.31956247"
"MEDELLÍN - TANQUES LA YE EPM","2019-03-17","","45.28000849"
"MEDELLÍN - TANQUES LA YE EPM","2019-03-16","","32.70722404"
"MEDELLÍN - TANQUES LA YE EPM","2019-03-15","","36.1651485"
"MEDELLÍN - TANQUES LA YE EPM","2019-03-14","","26.10201608"
"MEDELLÍN - TANQUES LA YE EPM","2019-03-13","","37.40486898"
"MEDELLÍN - TANQUES LA YE EPM","2019-03-12","","27.11568661"
"MEDELLÍN - TANQUES LA YE EPM","2019-03-11","","23.79673311"
"MEDELLÍN - TANQUES LA YE EPM","2019-03-10","","29.20842577"
"MEDELLÍN - TANQUES LA YE EPM","2019-03-09","","35.95260468"
"MEDELLÍN - TANQUES LA YE EPM","2019-03-08","","31.75077685"
"MEDELLÍN - TANQUES LA YE EPM","2019-03-07","","24.97389889"
"MEDELLÍN - TANQUES LA YE EPM","2019-03-06","","31.61180589"
"MEDELLÍN - TANQUES LA YE EPM","2019-03-05","","26.86226898"
"MEDELLÍN - TANQUES LA YE EPM","2019-03-04","","27.39362853"
"MEDELLÍN - TANQUES LA YE EPM","2019-03-03","","31.17036872"
"MEDELLÍN - TANQUES LA YE EPM","2019-03-02","","24.28721885"
"MEDELLÍN - TANQUES LA YE EPM","2019-03-01","","33.07508834"
"MEDELLÍN - TANQUES LA YE EPM","2019-02-28","","22.78306258"
"MEDELLÍN - TANQUES LA YE EPM","2019-02-27","","26.88679327"
"MEDELLÍN - TANQUES LA YE EPM","2019-02-26","","23.52696595"
"MEDELLÍN - TANQUES LA YE EPM","2019-02-25","","29.92780485"
"MEDELLÍN - TANQUES LA YE EPM","2019-02-24","","24.8839765"
"MEDELLÍN - TANQUES LA YE EPM","2019-02-23","","30.14852343"
"MEDELLÍN - TANQUES LA YE EPM","2019-02-22","","35.54386657"
"MEDELLÍN - TANQUES LA YE EPM","2019-02-21","","27.84324046"
"MEDELLÍN - TANQUES LA YE EPM","2019-02-20","","23.47791738"
"MEDELLÍN - TANQUES LA YE EPM","2019-02-19","","23.61688834"
"MEDELLÍN - TANQUES LA YE EPM","2019-02-18","","39.33695628"
"MEDELLÍN - TANQUES LA YE EPM","2019-02-17","","30.94147538"
"MEDELLÍN - TANQUES LA YE EPM","2019-02-16","","26.95219137"
"MEDELLÍN - TANQUES LA YE EPM","2019-02-15","","37.50580952"
"MEDELLÍN - TANQUES LA YE EPM","2019-02-14","","30.31201868"
"MEDELLÍN - TANQUES LA YE EPM","2019-02-13","","37.75105239"
"MEDELLÍN - TANQUES LA YE EPM","2019-02-12","","40.53047158"
"MEDELLÍN - TANQUES LA YE EPM","2019-02-11","","32.91799074"
"MEDELLÍN - TANQUES LA YE EPM","2019-02-10","","29.30652291"
"MEDELLÍN - TANQUES LA YE EPM","2019-02-09","","25.03929698"
"MEDELLÍN - TANQUES LA YE EPM","2019-02-08","","27.4426771"
"MEDELLÍN - TANQUES LA YE EPM","2019-02-07","","27.61434711"
"MEDELLÍN - TANQUES LA YE EPM","2019-02-06","","23.83760692"
"MEDELLÍN - TANQUES LA YE EPM","2019-02-05","","31.36656302"
"MEDELLÍN - TANQUES LA YE EPM","2019-02-04","","27.36092948"
"MEDELLÍN - TANQUES LA YE EPM","2019-02-03","","31.49735921"
"MEDELLÍN - TANQUES LA YE EPM","2019-02-02","","27.46720139"
"MEDELLÍN - TANQUES LA YE EPM","2019-02-01","","21.08271202"
"MEDELLÍN - TANQUES LA YE EPM","2019-01-31","","24.22999551"
"MEDELLÍN - TANQUES LA YE EPM","2019-01-30","","29.81335818"
"MEDELLÍN - TANQUES LA YE EPM","2019-01-29","","34.05605982"
"MEDELLÍN - TANQUES LA YE EPM","2019-01-28","","9.81788955"
"MEDELLÍN - TANQUES LA YE EPM","2019-01-27","","19.88102196"
"MEDELLÍN - TANQUES LA YE EPM","2019-01-26","","23.45339309"
"MEDELLÍN - TANQUES LA YE EPM","2019-01-25","","19.29243907"
"MEDELLÍN - TANQUES LA YE EPM","2019-01-24","","33.7781179"
"MEDELLÍN - TANQUES LA YE EPM","2019-01-23","","35.56021609"
"MEDELLÍN - TANQUES LA YE EPM","2019-01-22","","25.84859845"
"MEDELLÍN - TANQUES LA YE EPM","2019-01-21","","16.69286465"
"MEDELLÍN - TANQUES LA YE EPM","2019-01-20","","22.64409163"
"MEDELLÍN - TANQUES LA YE EPM","2019-01-19","","24.19729646"
"MEDELLÍN - TANQUES LA YE EPM","2019-01-18","","22.4969459"
"MEDELLÍN - TANQUES LA YE EPM","2019-01-17","","11.18307485"
"MEDELLÍN - TANQUES LA YE EPM","2019-01-16","","20.90286725"
"MEDELLÍN - TANQUES LA YE EPM","2019-01-15","","25.17009318"
"MEDELLÍN - TANQUES LA YE EPM","2019-01-14","","16.78278704"
"MEDELLÍN - TANQUES LA YE EPM","2019-01-13","","18.60575904"
"MEDELLÍN - TANQUES LA YE EPM","2019-01-12","","14.28948453"
"MEDELLÍN - TANQUES LA YE EPM","2019-01-11","","15.50787954"
"MEDELLÍN - TANQUES LA YE EPM","2019-01-10","","9.89146241"
"MEDELLÍN - TANQUES LA YE EPM","2019-01-09","","16.34952464"
"MEDELLÍN - TANQUES LA YE EPM","2019-01-08","","21.73669301"
"MEDELLÍN - TANQUES LA YE EPM","2019-01-07","","19.46410908"
"MEDELLÍN - TANQUES LA YE EPM","2019-01-06","","34.17868125"
"MEDELLÍN - TANQUES LA YE EPM","2019-01-05","","44.13554176"
"MEDELLÍN - TANQUES LA YE EPM","2019-01-04","","30.36106725"
"MEDELLÍN - TANQUES LA YE EPM","2019-01-03","","28.01491047"
"MEDELLÍN - TANQUES LA YE EPM","2019-01-02","","34.5383708"
"MEDELLÍN - TANQUES LA YE EPM","2019-01-01","","35.17600226"
