"Estacion","Fecha inicial","Fecha final","VViento"
"MEDELLÍN - TANQUES LA YE EPM","2024-04-04","","0.31132088"
"MEDELLÍN - TANQUES LA YE EPM","2024-04-03","","0.39227936"
"MEDELLÍN - TANQUES LA YE EPM","2024-04-02","","0.50098499"
"MEDELLÍN - TANQUES LA YE EPM","2024-04-01","","0.42416526"
"MEDELLÍN - TANQUES LA YE EPM","2024-03-31","","0.31551382"
"MEDELLÍN - TANQUES LA YE EPM","2024-03-30","","0.56458952"
"MEDELLÍN - TANQUES LA YE EPM","2024-03-26","","0.8054201"
"MEDELLÍN - TANQUES LA YE EPM","2024-03-25","","0.59392596"
"MEDELLÍN - TANQUES LA YE EPM","2024-03-24","","0.42200428"
"MEDELLÍN - TANQUES LA YE EPM","2024-03-23","","0.69143176"
"MEDELLÍN - TANQUES LA YE EPM","2024-03-22","","0.82393412"
"MEDELLÍN - TANQUES LA YE EPM","2024-03-21","","0.72034567"
"MEDELLÍN - TANQUES LA YE EPM","2024-03-20","","0.59729532"
"MEDELLÍN - TANQUES LA YE EPM","2024-03-19","","0.66059147"
"MEDELLÍN - TANQUES LA YE EPM","2024-03-18","","0.98191723"
"MEDELLÍN - TANQUES LA YE EPM","2024-03-17","","0.48963688"
"MEDELLÍN - TANQUES LA YE EPM","2024-03-16","","0.79153122"
"MEDELLÍN - TANQUES LA YE EPM","2024-03-15","","0.72446659"
"MEDELLÍN - TANQUES LA YE EPM","2024-03-14","","0.33519326"
"MEDELLÍN - TANQUES LA YE EPM","2024-03-13","","0.50826889"
"MEDELLÍN - TANQUES LA YE EPM","2024-03-12","","0.64470755"
"MEDELLÍN - TANQUES LA YE EPM","2024-03-11","","0.46631679"
"MEDELLÍN - TANQUES LA YE EPM","2024-03-10","","0.68298513"
"MEDELLÍN - TANQUES LA YE EPM","2024-03-09","","0.53730156"
"MEDELLÍN - TANQUES LA YE EPM","2024-03-08","","0.60718012"
"MEDELLÍN - TANQUES LA YE EPM","2024-03-07","","1.021723"
"MEDELLÍN - TANQUES LA YE EPM","2024-03-06","","0.87613426"
"MEDELLÍN - TANQUES LA YE EPM","2024-03-05","","0.78952256"
"MEDELLÍN - TANQUES LA YE EPM","2024-03-04","","0.86924823"
"MEDELLÍN - TANQUES LA YE EPM","2024-03-03","","0.62049108"
"MEDELLÍN - TANQUES LA YE EPM","2024-03-02","","0.88891419"
"MEDELLÍN - TANQUES LA YE EPM","2024-03-01","","0.61232203"
"MEDELLÍN - TANQUES LA YE EPM","2024-02-29","","0.81259242"
"MEDELLÍN - TANQUES LA YE EPM","2024-02-28","","0.94479867"
"MEDELLÍN - TANQUES LA YE EPM","2024-02-27","","0.75267108"
"MEDELLÍN - TANQUES LA YE EPM","2024-02-26","","0.53952064"
"MEDELLÍN - TANQUES LA YE EPM","2024-02-25","","0.58373199"
"MEDELLÍN - TANQUES LA YE EPM","2024-02-24","","0.7181503"
"MEDELLÍN - TANQUES LA YE EPM","2024-02-23","","0.55819796"
"MEDELLÍN - TANQUES LA YE EPM","2024-02-22","","0.65263701"
"MEDELLÍN - TANQUES LA YE EPM","2024-02-21","","0.66691043"
"MEDELLÍN - TANQUES LA YE EPM","2024-02-20","","0.90560454"
"MEDELLÍN - TANQUES LA YE EPM","2024-02-19","","0.68151651"
"MEDELLÍN - TANQUES LA YE EPM","2024-02-18","","0.81771044"
"MEDELLÍN - TANQUES LA YE EPM","2024-02-17","","0.66668764"
"MEDELLÍN - TANQUES LA YE EPM","2024-02-16","","0.51112064"
"MEDELLÍN - TANQUES LA YE EPM","2024-02-15","","0.81936662"
"MEDELLÍN - TANQUES LA YE EPM","2024-02-14","","0.37857517"
"MEDELLÍN - TANQUES LA YE EPM","2024-02-13","","0.9178223"
"MEDELLÍN - TANQUES LA YE EPM","2024-02-12","","0.64609507"
"MEDELLÍN - TANQUES LA YE EPM","2024-02-11","","0.65050553"
"MEDELLÍN - TANQUES LA YE EPM","2024-02-10","","0.5548586"
"MEDELLÍN - TANQUES LA YE EPM","2024-02-09","","0.51355181"
"MEDELLÍN - TANQUES LA YE EPM","2024-02-08","","0.42617094"
"MEDELLÍN - TANQUES LA YE EPM","2024-02-07","","0.4515751"
"MEDELLÍN - TANQUES LA YE EPM","2024-02-06","","0.50855179"
"MEDELLÍN - TANQUES LA YE EPM","2024-02-05","","0.50849224"
"MEDELLÍN - TANQUES LA YE EPM","2024-02-04","","0.32583836"
"MEDELLÍN - TANQUES LA YE EPM","2024-02-03","","0.28583304"
"MEDELLÍN - TANQUES LA YE EPM","2024-02-02","","0.37350329"
"MEDELLÍN - TANQUES LA YE EPM","2024-02-01","","0.24201595"
"MEDELLÍN - TANQUES LA YE EPM","2024-01-31","","0.7359671"
"MEDELLÍN - TANQUES LA YE EPM","2024-01-30","","0.46778954"
"MEDELLÍN - TANQUES LA YE EPM","2024-01-29","","0.68141143"
"MEDELLÍN - TANQUES LA YE EPM","2024-01-28","","0.78404779"
"MEDELLÍN - TANQUES LA YE EPM","2024-01-27","","0.48282462"
"MEDELLÍN - TANQUES LA YE EPM","2024-01-26","","0.629941"
"MEDELLÍN - TANQUES LA YE EPM","2024-01-25","","0.87458103"
"MEDELLÍN - TANQUES LA YE EPM","2024-01-24","","0.84767588"
"MEDELLÍN - TANQUES LA YE EPM","2024-01-23","","0.5898467"
"MEDELLÍN - TANQUES LA YE EPM","2024-01-22","","0.76447075"
"MEDELLÍN - TANQUES LA YE EPM","2024-01-21","","0.68577111"
"MEDELLÍN - TANQUES LA YE EPM","2024-01-20","","0.75055409"
"MEDELLÍN - TANQUES LA YE EPM","2024-01-19","","0.72965489"
"MEDELLÍN - TANQUES LA YE EPM","2024-01-18","","0.87436873"
"MEDELLÍN - TANQUES LA YE EPM","2024-01-17","","0.9782447"
"MEDELLÍN - TANQUES LA YE EPM","2024-01-16","","0.82005709"
"MEDELLÍN - TANQUES LA YE EPM","2024-01-15","","0.82824159"
"MEDELLÍN - TANQUES LA YE EPM","2024-01-14","","0.87151375"
"MEDELLÍN - TANQUES LA YE EPM","2024-01-13","","0.5451768"
"MEDELLÍN - TANQUES LA YE EPM","2024-01-12","","0.42281004"
"MEDELLÍN - TANQUES LA YE EPM","2024-01-11","","0.65547726"
"MEDELLÍN - TANQUES LA YE EPM","2024-01-10","","0.58325999"
"MEDELLÍN - TANQUES LA YE EPM","2024-01-09","","0.58338281"
"MEDELLÍN - TANQUES LA YE EPM","2024-01-08","","0.96224036"
"MEDELLÍN - TANQUES LA YE EPM","2024-01-07","","0.64819048"
"MEDELLÍN - TANQUES LA YE EPM","2024-01-06","","1.05008347"
"MEDELLÍN - TANQUES LA YE EPM","2024-01-05","","1.0497276"
"MEDELLÍN - TANQUES LA YE EPM","2024-01-04","","0.79785569"
"MEDELLÍN - TANQUES LA YE EPM","2024-01-03","","0.85945794"
"MEDELLÍN - TANQUES LA YE EPM","2024-01-02","","0.58372932"
"MEDELLÍN - TANQUES LA YE EPM","2024-01-01","","0.69194092"
"MEDELLÍN - TANQUES LA YE EPM","2023-12-31","","0.68241385"
"MEDELLÍN - TANQUES LA YE EPM","2023-12-30","","0.5880838"
"MEDELLÍN - TANQUES LA YE EPM","2023-12-29","","0.57333767"
"MEDELLÍN - TANQUES LA YE EPM","2023-12-28","","0.46244924"
"MEDELLÍN - TANQUES LA YE EPM","2023-12-27","","0.75321135"
"MEDELLÍN - TANQUES LA YE EPM","2023-12-26","","0.5671632"
"MEDELLÍN - TANQUES LA YE EPM","2023-12-25","","0.54194844"
"MEDELLÍN - TANQUES LA YE EPM","2023-12-24","","0.9500836"
"MEDELLÍN - TANQUES LA YE EPM","2023-12-23","","0.72364766"
"MEDELLÍN - TANQUES LA YE EPM","2023-12-22","","0.87552893"
"MEDELLÍN - TANQUES LA YE EPM","2023-12-21","","0.44063273"
"MEDELLÍN - TANQUES LA YE EPM","2023-12-20","","0.54047814"
"MEDELLÍN - TANQUES LA YE EPM","2023-12-19","","0.73922055"
"MEDELLÍN - TANQUES LA YE EPM","2023-12-18","","0.50121936"
"MEDELLÍN - TANQUES LA YE EPM","2023-12-17","","0.5490059"
"MEDELLÍN - TANQUES LA YE EPM","2023-12-16","","0.43020758"
"MEDELLÍN - TANQUES LA YE EPM","2023-12-15","","0.43208128"
"MEDELLÍN - TANQUES LA YE EPM","2023-12-14","","0.55197866"
"MEDELLÍN - TANQUES LA YE EPM","2023-12-13","","0.83227963"
"MEDELLÍN - TANQUES LA YE EPM","2023-12-12","","0.96170179"
"MEDELLÍN - TANQUES LA YE EPM","2023-12-11","","0.72265381"
"MEDELLÍN - TANQUES LA YE EPM","2023-12-10","","0.83875441"
"MEDELLÍN - TANQUES LA YE EPM","2023-12-09","","0.74683685"
"MEDELLÍN - TANQUES LA YE EPM","2023-12-08","","0.71005603"
"MEDELLÍN - TANQUES LA YE EPM","2023-12-07","","0.49729681"
"MEDELLÍN - TANQUES LA YE EPM","2023-12-06","","0.79623538"
"MEDELLÍN - TANQUES LA YE EPM","2023-12-05","","1.10244138"
"MEDELLÍN - TANQUES LA YE EPM","2023-12-04","","1.13289557"
"MEDELLÍN - TANQUES LA YE EPM","2023-12-03","","1.10840938"
"MEDELLÍN - TANQUES LA YE EPM","2023-12-02","","0.86557518"
"MEDELLÍN - TANQUES LA YE EPM","2023-12-01","","0.95268461"
"MEDELLÍN - TANQUES LA YE EPM","2023-11-30","","0.71830295"
"MEDELLÍN - TANQUES LA YE EPM","2023-11-29","","0.83561167"
"MEDELLÍN - TANQUES LA YE EPM","2023-11-28","","0.81567338"
"MEDELLÍN - TANQUES LA YE EPM","2023-11-27","","0.84121648"
"MEDELLÍN - TANQUES LA YE EPM","2023-11-26","","0.69669469"
"MEDELLÍN - TANQUES LA YE EPM","2023-11-25","","0.66034021"
"MEDELLÍN - TANQUES LA YE EPM","2023-11-24","","0.55059301"
"MEDELLÍN - TANQUES LA YE EPM","2023-11-23","","0.73140961"
"MEDELLÍN - TANQUES LA YE EPM","2023-11-22","","0.56645068"
"MEDELLÍN - TANQUES LA YE EPM","2023-11-21","","0.54587684"
"MEDELLÍN - TANQUES LA YE EPM","2023-11-20","","0.39952329"
"MEDELLÍN - TANQUES LA YE EPM","2023-11-19","","0.29563201"
"MEDELLÍN - TANQUES LA YE EPM","2023-11-18","","0.51543049"
"MEDELLÍN - TANQUES LA YE EPM","2023-11-17","","0.60765458"
"MEDELLÍN - TANQUES LA YE EPM","2023-11-16","","0.78775463"
"MEDELLÍN - TANQUES LA YE EPM","2023-11-15","","0.69036048"
"MEDELLÍN - TANQUES LA YE EPM","2023-11-14","","0.61773499"
"MEDELLÍN - TANQUES LA YE EPM","2023-11-13","","0.81491709"
"MEDELLÍN - TANQUES LA YE EPM","2023-11-12","","0.78828994"
"MEDELLÍN - TANQUES LA YE EPM","2023-11-11","","0.77931429"
"MEDELLÍN - TANQUES LA YE EPM","2023-11-10","","0.85492345"
"MEDELLÍN - TANQUES LA YE EPM","2023-11-09","","0.89161297"
"MEDELLÍN - TANQUES LA YE EPM","2023-11-08","","0.80798779"
"MEDELLÍN - TANQUES LA YE EPM","2023-11-07","","0.77017971"
"MEDELLÍN - TANQUES LA YE EPM","2023-11-06","","0.44677518"
"MEDELLÍN - TANQUES LA YE EPM","2023-11-05","","0.87648034"
"MEDELLÍN - TANQUES LA YE EPM","2023-11-04","","0.67068466"
"MEDELLÍN - TANQUES LA YE EPM","2023-11-03","","0.73563907"
"MEDELLÍN - TANQUES LA YE EPM","2023-11-02","","0.59760303"
"MEDELLÍN - TANQUES LA YE EPM","2023-11-01","","0.5318031"
"MEDELLÍN - TANQUES LA YE EPM","2023-10-31","","0.74779068"
"MEDELLÍN - TANQUES LA YE EPM","2023-10-30","","0.5506197"
"MEDELLÍN - TANQUES LA YE EPM","2023-10-29","","0.75205444"
"MEDELLÍN - TANQUES LA YE EPM","2023-10-28","","0.70566155"
"MEDELLÍN - TANQUES LA YE EPM","2023-10-27","","0.71478721"
"MEDELLÍN - TANQUES LA YE EPM","2023-10-26","","0.7597271"
"MEDELLÍN - TANQUES LA YE EPM","2023-10-25","","0.71715278"
"MEDELLÍN - TANQUES LA YE EPM","2023-10-24","","0.62252296"
"MEDELLÍN - TANQUES LA YE EPM","2023-10-23","","0.64253705"
"MEDELLÍN - TANQUES LA YE EPM","2023-10-22","","0.73198934"
"MEDELLÍN - TANQUES LA YE EPM","2023-10-21","","0.58542132"
"MEDELLÍN - TANQUES LA YE EPM","2023-10-20","","0.69513331"
"MEDELLÍN - TANQUES LA YE EPM","2023-10-19","","0.70342733"
"MEDELLÍN - TANQUES LA YE EPM","2023-10-18","","0.84085925"
"MEDELLÍN - TANQUES LA YE EPM","2023-10-17","","0.80104023"
"MEDELLÍN - TANQUES LA YE EPM","2023-10-16","","0.81348372"
"MEDELLÍN - TANQUES LA YE EPM","2023-10-15","","0.92575189"
"MEDELLÍN - TANQUES LA YE EPM","2023-10-14","","0.57769245"
"MEDELLÍN - TANQUES LA YE EPM","2023-10-13","","0.83738588"
"MEDELLÍN - TANQUES LA YE EPM","2023-10-12","","0.71245099"
"MEDELLÍN - TANQUES LA YE EPM","2023-10-11","","0.7787178"
"MEDELLÍN - TANQUES LA YE EPM","2023-10-10","","0.7355396"
"MEDELLÍN - TANQUES LA YE EPM","2023-10-09","","0.71477771"
"MEDELLÍN - TANQUES LA YE EPM","2023-10-08","","0.85803683"
"MEDELLÍN - TANQUES LA YE EPM","2023-10-07","","0.6279404"
"MEDELLÍN - TANQUES LA YE EPM","2023-10-06","","0.81829266"
"MEDELLÍN - TANQUES LA YE EPM","2023-10-05","","0.63772598"
"MEDELLÍN - TANQUES LA YE EPM","2023-10-04","","0.57321095"
"MEDELLÍN - TANQUES LA YE EPM","2023-10-03","","0.71129117"
"MEDELLÍN - TANQUES LA YE EPM","2023-10-02","","0.82915617"
"MEDELLÍN - TANQUES LA YE EPM","2023-10-01","","0.86785445"
"MEDELLÍN - TANQUES LA YE EPM","2023-09-30","","0.92962726"
"MEDELLÍN - TANQUES LA YE EPM","2023-09-29","","0.8679911"
"MEDELLÍN - TANQUES LA YE EPM","2023-09-28","","0.80905982"
"MEDELLÍN - TANQUES LA YE EPM","2023-09-27","","0.95667361"
"MEDELLÍN - TANQUES LA YE EPM","2023-09-26","","0.85169793"
"MEDELLÍN - TANQUES LA YE EPM","2023-09-25","","0.70943941"
"MEDELLÍN - TANQUES LA YE EPM","2023-09-24","","0.79278898"
"MEDELLÍN - TANQUES LA YE EPM","2023-09-23","","0.84267244"
"MEDELLÍN - TANQUES LA YE EPM","2023-09-22","","0.82019233"
"MEDELLÍN - TANQUES LA YE EPM","2023-09-21","","1.044946"
"MEDELLÍN - TANQUES LA YE EPM","2023-09-20","","0.79257794"
"MEDELLÍN - TANQUES LA YE EPM","2023-09-19","","0.68434328"
"MEDELLÍN - TANQUES LA YE EPM","2023-09-18","","0.84003619"
"MEDELLÍN - TANQUES LA YE EPM","2023-09-17","","0.93400541"
"MEDELLÍN - TANQUES LA YE EPM","2023-09-16","","1.03929617"
"MEDELLÍN - TANQUES LA YE EPM","2023-09-15","","0.85570213"
"MEDELLÍN - TANQUES LA YE EPM","2023-09-14","","0.83152985"
"MEDELLÍN - TANQUES LA YE EPM","2023-09-13","","0.73564874"
"MEDELLÍN - TANQUES LA YE EPM","2023-09-12","","0.88613878"
"MEDELLÍN - TANQUES LA YE EPM","2023-09-11","","0.87551774"
"MEDELLÍN - TANQUES LA YE EPM","2023-09-10","","0.58364131"
"MEDELLÍN - TANQUES LA YE EPM","2023-09-09","","0.80442924"
"MEDELLÍN - TANQUES LA YE EPM","2023-09-08","","1.0603767"
"MEDELLÍN - TANQUES LA YE EPM","2023-09-07","","1.05073143"
"MEDELLÍN - TANQUES LA YE EPM","2023-09-06","","0.97251665"
"MEDELLÍN - TANQUES LA YE EPM","2023-09-05","","0.93533121"
"MEDELLÍN - TANQUES LA YE EPM","2023-09-04","","0.83376936"
"MEDELLÍN - TANQUES LA YE EPM","2023-09-03","","0.78814496"
"MEDELLÍN - TANQUES LA YE EPM","2023-09-02","","0.96644"
"MEDELLÍN - TANQUES LA YE EPM","2023-09-01","","0.91437821"
"MEDELLÍN - TANQUES LA YE EPM","2023-08-31","","0.99854863"
"MEDELLÍN - TANQUES LA YE EPM","2023-08-30","","0.91857894"
"MEDELLÍN - TANQUES LA YE EPM","2023-08-29","","0.81368003"
"MEDELLÍN - TANQUES LA YE EPM","2023-08-28","","0.92744075"
"MEDELLÍN - TANQUES LA YE EPM","2023-08-27","","0.87019894"
"MEDELLÍN - TANQUES LA YE EPM","2023-08-26","","0.99930747"
"MEDELLÍN - TANQUES LA YE EPM","2023-08-25","","0.84210837"
"MEDELLÍN - TANQUES LA YE EPM","2023-08-24","","0.78523721"
"MEDELLÍN - TANQUES LA YE EPM","2023-08-23","","0.84745651"
"MEDELLÍN - TANQUES LA YE EPM","2023-08-22","","0.4743535"
"MEDELLÍN - TANQUES LA YE EPM","2023-08-21","","0.51046295"
"MEDELLÍN - TANQUES LA YE EPM","2023-08-20","","0.71102494"
"MEDELLÍN - TANQUES LA YE EPM","2023-08-19","","0.90756874"
"MEDELLÍN - TANQUES LA YE EPM","2023-08-18","","0.59923678"
"MEDELLÍN - TANQUES LA YE EPM","2023-08-17","","0.81041798"
"MEDELLÍN - TANQUES LA YE EPM","2023-08-16","","0.68858138"
"MEDELLÍN - TANQUES LA YE EPM","2023-08-15","","0.52765606"
"MEDELLÍN - TANQUES LA YE EPM","2023-08-14","","0.81297035"
"MEDELLÍN - TANQUES LA YE EPM","2023-08-13","","0.81206947"
"MEDELLÍN - TANQUES LA YE EPM","2023-08-12","","0.83315889"
"MEDELLÍN - TANQUES LA YE EPM","2023-08-11","","0.81991364"
"MEDELLÍN - TANQUES LA YE EPM","2023-08-10","","0.9554312"
"MEDELLÍN - TANQUES LA YE EPM","2023-08-09","","1.19450172"
"MEDELLÍN - TANQUES LA YE EPM","2023-08-08","","0.92075693"
"MEDELLÍN - TANQUES LA YE EPM","2023-08-07","","0.77044135"
"MEDELLÍN - TANQUES LA YE EPM","2023-08-06","","0.88599156"
"MEDELLÍN - TANQUES LA YE EPM","2023-08-05","","1.04028353"
"MEDELLÍN - TANQUES LA YE EPM","2023-08-04","","0.87085078"
"MEDELLÍN - TANQUES LA YE EPM","2023-08-03","","0.68263799"
"MEDELLÍN - TANQUES LA YE EPM","2023-08-02","","0.77754562"
"MEDELLÍN - TANQUES LA YE EPM","2023-08-01","","0.87517081"
"MEDELLÍN - TANQUES LA YE EPM","2023-07-31","","0.67654237"
"MEDELLÍN - TANQUES LA YE EPM","2023-07-30","","0.87120315"
"MEDELLÍN - TANQUES LA YE EPM","2023-07-29","","0.84693148"
"MEDELLÍN - TANQUES LA YE EPM","2023-07-28","","0.77504325"
"MEDELLÍN - TANQUES LA YE EPM","2023-07-27","","0.88156078"
"MEDELLÍN - TANQUES LA YE EPM","2023-07-26","","0.63455686"
"MEDELLÍN - TANQUES LA YE EPM","2023-07-25","","0.86813345"
"MEDELLÍN - TANQUES LA YE EPM","2023-07-24","","0.84390942"
"MEDELLÍN - TANQUES LA YE EPM","2023-07-23","","0.90561586"
"MEDELLÍN - TANQUES LA YE EPM","2023-07-22","","0.99690934"
"MEDELLÍN - TANQUES LA YE EPM","2023-07-21","","0.7922789"
"MEDELLÍN - TANQUES LA YE EPM","2023-07-20","","0.91006396"
"MEDELLÍN - TANQUES LA YE EPM","2023-07-19","","0.79188991"
"MEDELLÍN - TANQUES LA YE EPM","2023-07-18","","0.63373076"
"MEDELLÍN - TANQUES LA YE EPM","2023-07-17","","0.66827159"
"MEDELLÍN - TANQUES LA YE EPM","2023-07-16","","0.69109653"
"MEDELLÍN - TANQUES LA YE EPM","2023-07-15","","0.78150916"
"MEDELLÍN - TANQUES LA YE EPM","2023-07-14","","0.64668604"
"MEDELLÍN - TANQUES LA YE EPM","2023-07-13","","0.91423192"
"MEDELLÍN - TANQUES LA YE EPM","2023-07-12","","0.93136063"
"MEDELLÍN - TANQUES LA YE EPM","2023-07-11","","0.99160404"
"MEDELLÍN - TANQUES LA YE EPM","2023-07-10","","1.00095463"
"MEDELLÍN - TANQUES LA YE EPM","2023-07-09","","0.89457018"
"MEDELLÍN - TANQUES LA YE EPM","2023-07-08","","0.78617524"
"MEDELLÍN - TANQUES LA YE EPM","2023-07-07","","0.58494135"
"MEDELLÍN - TANQUES LA YE EPM","2023-07-06","","0.58747377"
"MEDELLÍN - TANQUES LA YE EPM","2023-07-05","","0.63792838"
"MEDELLÍN - TANQUES LA YE EPM","2023-07-04","","0.55873227"
"MEDELLÍN - TANQUES LA YE EPM","2023-07-03","","0.65594113"
"MEDELLÍN - TANQUES LA YE EPM","2023-07-02","","0.6199988"
"MEDELLÍN - TANQUES LA YE EPM","2023-07-01","","0.85308277"
"MEDELLÍN - TANQUES LA YE EPM","2023-06-30","","0.84399097"
"MEDELLÍN - TANQUES LA YE EPM","2023-06-29","","0.84403763"
"MEDELLÍN - TANQUES LA YE EPM","2023-06-28","","0.74250174"
"MEDELLÍN - TANQUES LA YE EPM","2023-06-27","","0.73580007"
"MEDELLÍN - TANQUES LA YE EPM","2023-06-26","","0.62393405"
"MEDELLÍN - TANQUES LA YE EPM","2023-06-25","","0.58798177"
"MEDELLÍN - TANQUES LA YE EPM","2023-06-24","","0.66065249"
"MEDELLÍN - TANQUES LA YE EPM","2023-06-23","","0.72300584"
"MEDELLÍN - TANQUES LA YE EPM","2023-06-22","","0.77818987"
"MEDELLÍN - TANQUES LA YE EPM","2023-06-21","","0.83563351"
"MEDELLÍN - TANQUES LA YE EPM","2023-06-20","","1.0364801"
"MEDELLÍN - TANQUES LA YE EPM","2023-06-19","","0.98991736"
"MEDELLÍN - TANQUES LA YE EPM","2023-06-18","","0.77857462"
"MEDELLÍN - TANQUES LA YE EPM","2023-06-17","","0.80046234"
"MEDELLÍN - TANQUES LA YE EPM","2023-06-16","","1.31833622"
"MEDELLÍN - TANQUES LA YE EPM","2023-06-15","","1.26805741"
"MEDELLÍN - TANQUES LA YE EPM","2023-06-14","","0.79101234"
"MEDELLÍN - TANQUES LA YE EPM","2023-06-13","","0.87242299"
"MEDELLÍN - TANQUES LA YE EPM","2023-06-12","","1.2776493"
"MEDELLÍN - TANQUES LA YE EPM","2023-06-11","","0.84994748"
"MEDELLÍN - TANQUES LA YE EPM","2023-06-10","","0.76496224"
"MEDELLÍN - TANQUES LA YE EPM","2023-06-09","","0.64882732"
"MEDELLÍN - TANQUES LA YE EPM","2023-06-08","","0.53330113"
"MEDELLÍN - TANQUES LA YE EPM","2023-06-07","","0.92639354"
"MEDELLÍN - TANQUES LA YE EPM","2023-06-06","","0.74158512"
"MEDELLÍN - TANQUES LA YE EPM","2023-06-05","","0.75542582"
"MEDELLÍN - TANQUES LA YE EPM","2023-06-04","","0.83851866"
"MEDELLÍN - TANQUES LA YE EPM","2023-06-03","","0.8874704"
"MEDELLÍN - TANQUES LA YE EPM","2023-06-02","","0.75288861"
"MEDELLÍN - TANQUES LA YE EPM","2023-06-01","","0.6537893"
"MEDELLÍN - TANQUES LA YE EPM","2023-05-31","","0.8720053"
"MEDELLÍN - TANQUES LA YE EPM","2023-05-30","","0.46129635"
"MEDELLÍN - TANQUES LA YE EPM","2023-05-29","","0.64623149"
"MEDELLÍN - TANQUES LA YE EPM","2023-05-28","","0.5863997"
"MEDELLÍN - TANQUES LA YE EPM","2023-05-27","","0.53912407"
"MEDELLÍN - TANQUES LA YE EPM","2023-05-26","","0.71284361"
"MEDELLÍN - TANQUES LA YE EPM","2023-05-25","","0.68108475"
"MEDELLÍN - TANQUES LA YE EPM","2023-05-24","","0.87533583"
"MEDELLÍN - TANQUES LA YE EPM","2023-05-23","","0.4797459"
"MEDELLÍN - TANQUES LA YE EPM","2023-05-22","","0.8703751"
"MEDELLÍN - TANQUES LA YE EPM","2023-05-21","","0.63517037"
"MEDELLÍN - TANQUES LA YE EPM","2023-05-20","","0.79074913"
"MEDELLÍN - TANQUES LA YE EPM","2023-05-19","","0.88371067"
"MEDELLÍN - TANQUES LA YE EPM","2023-05-18","","1.13677732"
"MEDELLÍN - TANQUES LA YE EPM","2023-05-17","","0.89647149"
"MEDELLÍN - TANQUES LA YE EPM","2023-05-16","","0.6713294"
"MEDELLÍN - TANQUES LA YE EPM","2023-05-15","","0.71863235"
"MEDELLÍN - TANQUES LA YE EPM","2023-05-14","","0.72305063"
"MEDELLÍN - TANQUES LA YE EPM","2023-05-13","","0.80501489"
"MEDELLÍN - TANQUES LA YE EPM","2023-05-12","","0.86179722"
"MEDELLÍN - TANQUES LA YE EPM","2023-05-11","","0.92554713"
"MEDELLÍN - TANQUES LA YE EPM","2023-05-10","","0.72242391"
"MEDELLÍN - TANQUES LA YE EPM","2023-05-09","","0.94414216"
"MEDELLÍN - TANQUES LA YE EPM","2023-05-08","","0.80639011"
"MEDELLÍN - TANQUES LA YE EPM","2023-05-07","","1.24137318"
"MEDELLÍN - TANQUES LA YE EPM","2023-05-06","","0.80286674"
"MEDELLÍN - TANQUES LA YE EPM","2023-05-05","","0.80521995"
"MEDELLÍN - TANQUES LA YE EPM","2023-05-04","","0.90665975"
"MEDELLÍN - TANQUES LA YE EPM","2023-05-03","","0.78672569"
"MEDELLÍN - TANQUES LA YE EPM","2023-05-02","","0.63899362"
"MEDELLÍN - TANQUES LA YE EPM","2023-05-01","","0.7853261"
"MEDELLÍN - TANQUES LA YE EPM","2023-04-30","","0.56956442"
"MEDELLÍN - TANQUES LA YE EPM","2023-04-29","","0.64110784"
"MEDELLÍN - TANQUES LA YE EPM","2023-04-28","","0.72879719"
"MEDELLÍN - TANQUES LA YE EPM","2023-04-27","","0.92585235"
"MEDELLÍN - TANQUES LA YE EPM","2023-04-26","","0.63501626"
"MEDELLÍN - TANQUES LA YE EPM","2023-04-25","","0.64113206"
"MEDELLÍN - TANQUES LA YE EPM","2023-04-24","","0.59648185"
"MEDELLÍN - TANQUES LA YE EPM","2023-04-23","","1.01210424"
"MEDELLÍN - TANQUES LA YE EPM","2023-04-22","","0.54844264"
"MEDELLÍN - TANQUES LA YE EPM","2023-04-21","","0.82700791"
"MEDELLÍN - TANQUES LA YE EPM","2023-04-20","","0.6005141"
"MEDELLÍN - TANQUES LA YE EPM","2023-04-19","","0.97354738"
"MEDELLÍN - TANQUES LA YE EPM","2023-04-18","","0.62145953"
"MEDELLÍN - TANQUES LA YE EPM","2023-04-17","","0.75790251"
"MEDELLÍN - TANQUES LA YE EPM","2023-04-16","","0.84617722"
"MEDELLÍN - TANQUES LA YE EPM","2023-04-15","","0.77204611"
"MEDELLÍN - TANQUES LA YE EPM","2023-04-14","","0.52477313"
"MEDELLÍN - TANQUES LA YE EPM","2023-04-13","","0.68690358"
"MEDELLÍN - TANQUES LA YE EPM","2023-04-12","","0.60086013"
"MEDELLÍN - TANQUES LA YE EPM","2023-04-11","","0.62455087"
"MEDELLÍN - TANQUES LA YE EPM","2023-04-10","","0.85208714"
"MEDELLÍN - TANQUES LA YE EPM","2023-04-09","","0.97884949"
"MEDELLÍN - TANQUES LA YE EPM","2023-04-08","","0.47424424"
"MEDELLÍN - TANQUES LA YE EPM","2023-04-07","","0.71728868"
"MEDELLÍN - TANQUES LA YE EPM","2023-04-06","","0.76188808"
"MEDELLÍN - TANQUES LA YE EPM","2023-04-05","","0.85586027"
"MEDELLÍN - TANQUES LA YE EPM","2023-04-04","","0.64911671"
"MEDELLÍN - TANQUES LA YE EPM","2023-04-03","","1.0621514"
"MEDELLÍN - TANQUES LA YE EPM","2023-04-02","","0.59917581"
"MEDELLÍN - TANQUES LA YE EPM","2023-04-01","","0.68123207"
"MEDELLÍN - TANQUES LA YE EPM","2023-03-31","","0.75327138"
"MEDELLÍN - TANQUES LA YE EPM","2023-03-30","","0.91027065"
"MEDELLÍN - TANQUES LA YE EPM","2023-03-29","","0.55403225"
"MEDELLÍN - TANQUES LA YE EPM","2023-03-28","","0.79884561"
"MEDELLÍN - TANQUES LA YE EPM","2023-03-27","","0.66011677"
"MEDELLÍN - TANQUES LA YE EPM","2023-03-26","","0.56643805"
"MEDELLÍN - TANQUES LA YE EPM","2023-03-25","","0.6324612"
"MEDELLÍN - TANQUES LA YE EPM","2023-03-24","","0.72292314"
"MEDELLÍN - TANQUES LA YE EPM","2023-03-23","","0.41636663"
"MEDELLÍN - TANQUES LA YE EPM","2023-03-22","","0.90643866"
"MEDELLÍN - TANQUES LA YE EPM","2023-03-21","","1.02355279"
"MEDELLÍN - TANQUES LA YE EPM","2023-03-20","","0.94550363"
"MEDELLÍN - TANQUES LA YE EPM","2023-03-19","","0.80761725"
"MEDELLÍN - TANQUES LA YE EPM","2023-03-18","","0.39911877"
"MEDELLÍN - TANQUES LA YE EPM","2023-03-17","","0.62893634"
"MEDELLÍN - TANQUES LA YE EPM","2023-03-16","","0.75967221"
"MEDELLÍN - TANQUES LA YE EPM","2023-03-15","","0.56339721"
"MEDELLÍN - TANQUES LA YE EPM","2023-03-14","","0.5519338"
"MEDELLÍN - TANQUES LA YE EPM","2023-03-13","","0.5560766"
"MEDELLÍN - TANQUES LA YE EPM","2023-03-12","","0.48403146"
"MEDELLÍN - TANQUES LA YE EPM","2023-03-11","","0.52523492"
"MEDELLÍN - TANQUES LA YE EPM","2023-03-10","","0.38751163"
"MEDELLÍN - TANQUES LA YE EPM","2023-03-09","","0.50640459"
"MEDELLÍN - TANQUES LA YE EPM","2023-03-08","","0.67208266"
"MEDELLÍN - TANQUES LA YE EPM","2023-03-07","","0.35727656"
"MEDELLÍN - TANQUES LA YE EPM","2023-03-06","","0.68605911"
"MEDELLÍN - TANQUES LA YE EPM","2023-03-05","","0.47722414"
"MEDELLÍN - TANQUES LA YE EPM","2023-03-04","","0.72109518"
"MEDELLÍN - TANQUES LA YE EPM","2023-03-03","","0.72455364"
"MEDELLÍN - TANQUES LA YE EPM","2023-03-02","","0.939046"
"MEDELLÍN - TANQUES LA YE EPM","2023-03-01","","1.18598636"
"MEDELLÍN - TANQUES LA YE EPM","2023-02-28","","0.82088188"
"MEDELLÍN - TANQUES LA YE EPM","2023-02-27","","0.79706555"
"MEDELLÍN - TANQUES LA YE EPM","2023-02-26","","0.55619022"
"MEDELLÍN - TANQUES LA YE EPM","2023-02-25","","1.09753187"
"MEDELLÍN - TANQUES LA YE EPM","2023-02-24","","0.97751628"
"MEDELLÍN - TANQUES LA YE EPM","2023-02-23","","0.83353572"
"MEDELLÍN - TANQUES LA YE EPM","2023-02-22","","0.73545937"
"MEDELLÍN - TANQUES LA YE EPM","2023-02-21","","0.692307"
"MEDELLÍN - TANQUES LA YE EPM","2023-02-20","","0.51113137"
"MEDELLÍN - TANQUES LA YE EPM","2023-02-19","","0.75283333"
"MEDELLÍN - TANQUES LA YE EPM","2023-02-18","","1.23274975"
"MEDELLÍN - TANQUES LA YE EPM","2023-02-17","","0.79110774"
"MEDELLÍN - TANQUES LA YE EPM","2023-02-16","","0.36584825"
"MEDELLÍN - TANQUES LA YE EPM","2023-02-15","","0.48797544"
"MEDELLÍN - TANQUES LA YE EPM","2023-02-14","","0.82823972"
"MEDELLÍN - TANQUES LA YE EPM","2023-02-13","","0.53452323"
"MEDELLÍN - TANQUES LA YE EPM","2023-02-12","","0.6249645"
"MEDELLÍN - TANQUES LA YE EPM","2023-02-11","","0.75452366"
"MEDELLÍN - TANQUES LA YE EPM","2023-02-10","","0.82612276"
"MEDELLÍN - TANQUES LA YE EPM","2023-02-09","","0.74211997"
"MEDELLÍN - TANQUES LA YE EPM","2023-02-08","","0.79347871"
"MEDELLÍN - TANQUES LA YE EPM","2023-02-07","","1.0628481"
"MEDELLÍN - TANQUES LA YE EPM","2023-02-06","","0.92819475"
"MEDELLÍN - TANQUES LA YE EPM","2023-02-05","","0.59039184"
"MEDELLÍN - TANQUES LA YE EPM","2023-02-04","","0.85109857"
"MEDELLÍN - TANQUES LA YE EPM","2023-02-03","","0.70773791"
"MEDELLÍN - TANQUES LA YE EPM","2023-02-02","","1.26425162"
"MEDELLÍN - TANQUES LA YE EPM","2023-02-01","","1.46997839"
"MEDELLÍN - TANQUES LA YE EPM","2023-01-31","","1.16750526"
"MEDELLÍN - TANQUES LA YE EPM","2023-01-30","","0.86054457"
"MEDELLÍN - TANQUES LA YE EPM","2023-01-29","","1.16811046"
"MEDELLÍN - TANQUES LA YE EPM","2023-01-28","","0.8104686"
"MEDELLÍN - TANQUES LA YE EPM","2023-01-27","","1.03914434"
"MEDELLÍN - TANQUES LA YE EPM","2023-01-26","","1.13809031"
"MEDELLÍN - TANQUES LA YE EPM","2023-01-25","","1.02815571"
"MEDELLÍN - TANQUES LA YE EPM","2023-01-24","","0.93803154"
"MEDELLÍN - TANQUES LA YE EPM","2023-01-23","","0.73803104"
"MEDELLÍN - TANQUES LA YE EPM","2023-01-22","","0.87355467"
"MEDELLÍN - TANQUES LA YE EPM","2023-01-21","","0.81705642"
"MEDELLÍN - TANQUES LA YE EPM","2023-01-20","","1.20354482"
"MEDELLÍN - TANQUES LA YE EPM","2023-01-19","","0.81634168"
"MEDELLÍN - TANQUES LA YE EPM","2023-01-18","","0.65105447"
"MEDELLÍN - TANQUES LA YE EPM","2023-01-17","","0.64602241"
"MEDELLÍN - TANQUES LA YE EPM","2023-01-16","","0.88845076"
"MEDELLÍN - TANQUES LA YE EPM","2023-01-15","","0.74472372"
"MEDELLÍN - TANQUES LA YE EPM","2023-01-14","","0.68780344"
"MEDELLÍN - TANQUES LA YE EPM","2023-01-13","","0.64258934"
"MEDELLÍN - TANQUES LA YE EPM","2023-01-12","","0.61213188"
"MEDELLÍN - TANQUES LA YE EPM","2023-01-11","","0.59846697"
"MEDELLÍN - TANQUES LA YE EPM","2023-01-10","","0.60858172"
"MEDELLÍN - TANQUES LA YE EPM","2023-01-09","","0.64970452"
"MEDELLÍN - TANQUES LA YE EPM","2023-01-08","","0.80791073"
"MEDELLÍN - TANQUES LA YE EPM","2023-01-07","","0.7365182"
"MEDELLÍN - TANQUES LA YE EPM","2023-01-06","","0.53935369"
"MEDELLÍN - TANQUES LA YE EPM","2023-01-05","","0.5378857"
"MEDELLÍN - TANQUES LA YE EPM","2023-01-04","","0.7416417"
"MEDELLÍN - TANQUES LA YE EPM","2023-01-03","","0.46967099"
"MEDELLÍN - TANQUES LA YE EPM","2023-01-02","","0.57146812"
"MEDELLÍN - TANQUES LA YE EPM","2023-01-01","","0.75373906"
"MEDELLÍN - TANQUES LA YE EPM","2022-12-31","","0.73176077"
"MEDELLÍN - TANQUES LA YE EPM","2022-12-30","","0.91053704"
"MEDELLÍN - TANQUES LA YE EPM","2022-12-29","","0.76084102"
"MEDELLÍN - TANQUES LA YE EPM","2022-12-28","","0.72602813"
"MEDELLÍN - TANQUES LA YE EPM","2022-12-27","","0.41268406"
"MEDELLÍN - TANQUES LA YE EPM","2022-12-26","","0.54578185"
"MEDELLÍN - TANQUES LA YE EPM","2022-12-25","","0.60515187"
"MEDELLÍN - TANQUES LA YE EPM","2022-12-24","","0.80255424"
"MEDELLÍN - TANQUES LA YE EPM","2022-12-23","","0.73324482"
"MEDELLÍN - TANQUES LA YE EPM","2022-12-22","","1.04137217"
"MEDELLÍN - TANQUES LA YE EPM","2022-12-21","","0.87979026"
"MEDELLÍN - TANQUES LA YE EPM","2022-12-20","","0.79821296"
"MEDELLÍN - TANQUES LA YE EPM","2022-12-19","","0.80704639"
"MEDELLÍN - TANQUES LA YE EPM","2022-12-18","","0.77340854"
"MEDELLÍN - TANQUES LA YE EPM","2022-12-17","","0.960342"
"MEDELLÍN - TANQUES LA YE EPM","2022-12-16","","0.9547566"
"MEDELLÍN - TANQUES LA YE EPM","2022-12-15","","1.04606707"
"MEDELLÍN - TANQUES LA YE EPM","2022-12-14","","0.82647782"
"MEDELLÍN - TANQUES LA YE EPM","2022-12-13","","0.67413692"
"MEDELLÍN - TANQUES LA YE EPM","2022-12-12","","0.70174098"
"MEDELLÍN - TANQUES LA YE EPM","2022-12-11","","0.51903958"
"MEDELLÍN - TANQUES LA YE EPM","2022-12-10","","0.58931544"
"MEDELLÍN - TANQUES LA YE EPM","2022-12-09","","0.54809531"
"MEDELLÍN - TANQUES LA YE EPM","2022-12-08","","0.54286492"
"MEDELLÍN - TANQUES LA YE EPM","2022-12-07","","0.69961924"
"MEDELLÍN - TANQUES LA YE EPM","2022-12-06","","0.7028227"
"MEDELLÍN - TANQUES LA YE EPM","2022-12-05","","0.47782993"
"MEDELLÍN - TANQUES LA YE EPM","2022-12-04","","0.62265633"
"MEDELLÍN - TANQUES LA YE EPM","2022-12-03","","0.96994966"
"MEDELLÍN - TANQUES LA YE EPM","2022-12-02","","1.08986597"
"MEDELLÍN - TANQUES LA YE EPM","2022-12-01","","1.00315266"
"MEDELLÍN - TANQUES LA YE EPM","2022-11-30","","0.84093798"
"MEDELLÍN - TANQUES LA YE EPM","2022-11-29","","0.60714254"
"MEDELLÍN - TANQUES LA YE EPM","2022-11-28","","0.79977964"
"MEDELLÍN - TANQUES LA YE EPM","2022-11-27","","0.66802632"
"MEDELLÍN - TANQUES LA YE EPM","2022-11-26","","0.5907259"
"MEDELLÍN - TANQUES LA YE EPM","2022-11-25","","0.66645495"
"MEDELLÍN - TANQUES LA YE EPM","2022-11-24","","0.48195106"
"MEDELLÍN - TANQUES LA YE EPM","2022-11-23","","0.77717835"
"MEDELLÍN - TANQUES LA YE EPM","2022-11-22","","0.90491916"
"MEDELLÍN - TANQUES LA YE EPM","2022-11-21","","0.72663412"
"MEDELLÍN - TANQUES LA YE EPM","2022-11-20","","0.62448369"
"MEDELLÍN - TANQUES LA YE EPM","2022-11-19","","0.87547766"
"MEDELLÍN - TANQUES LA YE EPM","2022-11-18","","0.61095883"
"MEDELLÍN - TANQUES LA YE EPM","2022-11-17","","0.69766403"
"MEDELLÍN - TANQUES LA YE EPM","2022-11-16","","0.73969679"
"MEDELLÍN - TANQUES LA YE EPM","2022-11-15","","0.58557039"
"MEDELLÍN - TANQUES LA YE EPM","2022-11-14","","0.55305705"
"MEDELLÍN - TANQUES LA YE EPM","2022-11-13","","0.75041165"
"MEDELLÍN - TANQUES LA YE EPM","2022-11-12","","0.64812734"
"MEDELLÍN - TANQUES LA YE EPM","2022-11-11","","0.78025012"
"MEDELLÍN - TANQUES LA YE EPM","2022-11-10","","0.69209955"
"MEDELLÍN - TANQUES LA YE EPM","2022-11-09","","0.71638886"
"MEDELLÍN - TANQUES LA YE EPM","2022-11-08","","0.68936948"
"MEDELLÍN - TANQUES LA YE EPM","2022-11-07","","0.59126854"
"MEDELLÍN - TANQUES LA YE EPM","2022-11-06","","0.6534556"
"MEDELLÍN - TANQUES LA YE EPM","2022-11-05","","0.68658641"
"MEDELLÍN - TANQUES LA YE EPM","2022-11-04","","0.62733893"
"MEDELLÍN - TANQUES LA YE EPM","2022-11-03","","0.69038298"
"MEDELLÍN - TANQUES LA YE EPM","2022-11-02","","0.85227618"
"MEDELLÍN - TANQUES LA YE EPM","2022-11-01","","0.93572416"
"MEDELLÍN - TANQUES LA YE EPM","2022-10-31","","0.90551098"
"MEDELLÍN - TANQUES LA YE EPM","2022-10-30","","0.41643351"
"MEDELLÍN - TANQUES LA YE EPM","2022-10-29","","0.53279066"
"MEDELLÍN - TANQUES LA YE EPM","2022-10-28","","0.58566365"
"MEDELLÍN - TANQUES LA YE EPM","2022-10-27","","0.60955576"
"MEDELLÍN - TANQUES LA YE EPM","2022-10-26","","0.6202432"
"MEDELLÍN - TANQUES LA YE EPM","2022-10-25","","0.49837835"
"MEDELLÍN - TANQUES LA YE EPM","2022-10-22","","0.25646164"
"MEDELLÍN - TANQUES LA YE EPM","2022-10-21","","0.53686909"
"MEDELLÍN - TANQUES LA YE EPM","2022-10-20","","0.70190494"
"MEDELLÍN - TANQUES LA YE EPM","2022-10-19","","0.67848723"
"MEDELLÍN - TANQUES LA YE EPM","2022-10-18","","0.67230637"
"MEDELLÍN - TANQUES LA YE EPM","2022-10-17","","0.72626519"
"MEDELLÍN - TANQUES LA YE EPM","2022-10-16","","0.7099882"
"MEDELLÍN - TANQUES LA YE EPM","2022-10-15","","0.74621572"
"MEDELLÍN - TANQUES LA YE EPM","2022-10-14","","0.90902403"
"MEDELLÍN - TANQUES LA YE EPM","2022-10-13","","0.55271357"
"MEDELLÍN - TANQUES LA YE EPM","2022-10-12","","0.83632362"
"MEDELLÍN - TANQUES LA YE EPM","2022-10-11","","0.84475142"
"MEDELLÍN - TANQUES LA YE EPM","2022-10-10","","0.72177031"
"MEDELLÍN - TANQUES LA YE EPM","2022-10-09","","0.54348138"
"MEDELLÍN - TANQUES LA YE EPM","2022-10-08","","0.69173325"
"MEDELLÍN - TANQUES LA YE EPM","2022-10-07","","0.57570038"
"MEDELLÍN - TANQUES LA YE EPM","2022-10-06","","0.59892607"
"MEDELLÍN - TANQUES LA YE EPM","2022-10-05","","0.67598357"
"MEDELLÍN - TANQUES LA YE EPM","2022-10-04","","0.67603895"
"MEDELLÍN - TANQUES LA YE EPM","2022-10-03","","0.71627448"
"MEDELLÍN - TANQUES LA YE EPM","2022-10-02","","0.78350372"
"MEDELLÍN - TANQUES LA YE EPM","2022-10-01","","0.49627907"
"MEDELLÍN - TANQUES LA YE EPM","2022-09-30","","0.53385466"
"MEDELLÍN - TANQUES LA YE EPM","2022-09-29","","0.65816948"
"MEDELLÍN - TANQUES LA YE EPM","2022-09-28","","0.73859136"
"MEDELLÍN - TANQUES LA YE EPM","2022-09-27","","0.86304035"
"MEDELLÍN - TANQUES LA YE EPM","2022-09-26","","0.59698335"
"MEDELLÍN - TANQUES LA YE EPM","2022-09-25","","0.65766791"
"MEDELLÍN - TANQUES LA YE EPM","2022-09-24","","0.54302711"
"MEDELLÍN - TANQUES LA YE EPM","2022-09-23","","0.69083505"
"MEDELLÍN - TANQUES LA YE EPM","2022-09-22","","0.65597083"
"MEDELLÍN - TANQUES LA YE EPM","2022-09-21","","0.53611649"
"MEDELLÍN - TANQUES LA YE EPM","2022-09-20","","0.56359016"
"MEDELLÍN - TANQUES LA YE EPM","2022-09-19","","0.55981235"
"MEDELLÍN - TANQUES LA YE EPM","2022-09-18","","0.55459673"
"MEDELLÍN - TANQUES LA YE EPM","2022-09-17","","0.73105434"
"MEDELLÍN - TANQUES LA YE EPM","2022-09-16","","0.65995305"
"MEDELLÍN - TANQUES LA YE EPM","2022-09-15","","0.81737383"
"MEDELLÍN - TANQUES LA YE EPM","2022-09-14","","0.68739349"
"MEDELLÍN - TANQUES LA YE EPM","2022-09-13","","0.62130263"
"MEDELLÍN - TANQUES LA YE EPM","2022-09-12","","0.64299078"
"MEDELLÍN - TANQUES LA YE EPM","2022-09-11","","0.79713959"
"MEDELLÍN - TANQUES LA YE EPM","2022-09-10","","0.96009439"
"MEDELLÍN - TANQUES LA YE EPM","2022-09-09","","0.73401371"
"MEDELLÍN - TANQUES LA YE EPM","2022-09-08","","0.56998592"
"MEDELLÍN - TANQUES LA YE EPM","2022-09-07","","0.71008192"
"MEDELLÍN - TANQUES LA YE EPM","2022-09-06","","0.64293436"
"MEDELLÍN - TANQUES LA YE EPM","2022-09-05","","0.92012902"
"MEDELLÍN - TANQUES LA YE EPM","2022-09-04","","0.61732605"
"MEDELLÍN - TANQUES LA YE EPM","2022-09-03","","0.56916244"
"MEDELLÍN - TANQUES LA YE EPM","2022-09-02","","0.60253167"
"MEDELLÍN - TANQUES LA YE EPM","2022-09-01","","0.5475506"
"MEDELLÍN - TANQUES LA YE EPM","2022-08-31","","0.82129537"
"MEDELLÍN - TANQUES LA YE EPM","2022-08-30","","0.87150575"
"MEDELLÍN - TANQUES LA YE EPM","2022-08-29","","0.61201875"
"MEDELLÍN - TANQUES LA YE EPM","2022-08-28","","0.56400955"
"MEDELLÍN - TANQUES LA YE EPM","2022-08-27","","0.84662902"
"MEDELLÍN - TANQUES LA YE EPM","2022-08-26","","0.59771014"
"MEDELLÍN - TANQUES LA YE EPM","2022-08-25","","0.75192"
"MEDELLÍN - TANQUES LA YE EPM","2022-08-24","","0.87024663"
"MEDELLÍN - TANQUES LA YE EPM","2022-08-23","","0.89846409"
"MEDELLÍN - TANQUES LA YE EPM","2022-08-22","","0.58371203"
"MEDELLÍN - TANQUES LA YE EPM","2022-08-21","","0.50995672"
"MEDELLÍN - TANQUES LA YE EPM","2022-08-20","","0.82998198"
"MEDELLÍN - TANQUES LA YE EPM","2022-08-19","","0.84889175"
"MEDELLÍN - TANQUES LA YE EPM","2022-08-18","","0.6784034"
"MEDELLÍN - TANQUES LA YE EPM","2022-08-17","","0.93681018"
"MEDELLÍN - TANQUES LA YE EPM","2022-08-16","","0.63877253"
"MEDELLÍN - TANQUES LA YE EPM","2022-08-15","","0.5770146"
"MEDELLÍN - TANQUES LA YE EPM","2022-08-14","","0.70749378"
"MEDELLÍN - TANQUES LA YE EPM","2022-08-13","","0.53713649"
"MEDELLÍN - TANQUES LA YE EPM","2022-08-12","","0.88153819"
"MEDELLÍN - TANQUES LA YE EPM","2022-08-11","","0.74045971"
"MEDELLÍN - TANQUES LA YE EPM","2022-08-10","","0.84609703"
"MEDELLÍN - TANQUES LA YE EPM","2022-08-09","","0.95493801"
"MEDELLÍN - TANQUES LA YE EPM","2022-08-08","","0.7849118"
"MEDELLÍN - TANQUES LA YE EPM","2022-08-07","","0.7984835"
"MEDELLÍN - TANQUES LA YE EPM","2022-08-06","","0.72992226"
"MEDELLÍN - TANQUES LA YE EPM","2022-08-05","","0.489402"
"MEDELLÍN - TANQUES LA YE EPM","2022-08-04","","0.72172335"
"MEDELLÍN - TANQUES LA YE EPM","2022-08-03","","0.80214266"
"MEDELLÍN - TANQUES LA YE EPM","2022-08-02","","0.55269938"
"MEDELLÍN - TANQUES LA YE EPM","2022-08-01","","0.53610284"
"MEDELLÍN - TANQUES LA YE EPM","2022-07-31","","0.82331005"
"MEDELLÍN - TANQUES LA YE EPM","2022-07-30","","0.97649461"
"MEDELLÍN - TANQUES LA YE EPM","2022-07-29","","0.66112792"
"MEDELLÍN - TANQUES LA YE EPM","2022-07-28","","0.45372286"
"MEDELLÍN - TANQUES LA YE EPM","2022-07-27","","0.66097654"
"MEDELLÍN - TANQUES LA YE EPM","2022-07-26","","0.70531246"
"MEDELLÍN - TANQUES LA YE EPM","2022-07-25","","0.74103747"
"MEDELLÍN - TANQUES LA YE EPM","2022-07-24","","0.61898768"
"MEDELLÍN - TANQUES LA YE EPM","2022-07-23","","0.44806159"
"MEDELLÍN - TANQUES LA YE EPM","2022-07-22","","0.7116325"
"MEDELLÍN - TANQUES LA YE EPM","2022-07-21","","0.6488437"
"MEDELLÍN - TANQUES LA YE EPM","2022-07-20","","0.63195652"
"MEDELLÍN - TANQUES LA YE EPM","2022-07-19","","0.80584476"
"MEDELLÍN - TANQUES LA YE EPM","2022-07-18","","0.93665627"
"MEDELLÍN - TANQUES LA YE EPM","2022-07-17","","0.87336566"
"MEDELLÍN - TANQUES LA YE EPM","2022-07-16","","0.79847142"
"MEDELLÍN - TANQUES LA YE EPM","2022-07-15","","0.71781473"
"MEDELLÍN - TANQUES LA YE EPM","2022-07-14","","0.63768005"
"MEDELLÍN - TANQUES LA YE EPM","2022-07-13","","0.73350709"
"MEDELLÍN - TANQUES LA YE EPM","2022-07-12","","0.91586946"
"MEDELLÍN - TANQUES LA YE EPM","2022-07-11","","0.53964074"
"MEDELLÍN - TANQUES LA YE EPM","2022-07-10","","0.84078668"
"MEDELLÍN - TANQUES LA YE EPM","2022-07-09","","0.80119894"
"MEDELLÍN - TANQUES LA YE EPM","2022-07-08","","0.73534751"
"MEDELLÍN - TANQUES LA YE EPM","2022-07-07","","0.8091028"
"MEDELLÍN - TANQUES LA YE EPM","2022-07-06","","0.74738938"
"MEDELLÍN - TANQUES LA YE EPM","2022-07-05","","0.72623484"
"MEDELLÍN - TANQUES LA YE EPM","2022-07-04","","0.937375"
"MEDELLÍN - TANQUES LA YE EPM","2022-07-03","","0.91203549"
"MEDELLÍN - TANQUES LA YE EPM","2022-07-02","","0.58684572"
"MEDELLÍN - TANQUES LA YE EPM","2022-07-01","","0.6593677"
"MEDELLÍN - TANQUES LA YE EPM","2022-06-30","","0.70007204"
"MEDELLÍN - TANQUES LA YE EPM","2022-06-29","","0.64134378"
"MEDELLÍN - TANQUES LA YE EPM","2022-06-28","","0.57222017"
"MEDELLÍN - TANQUES LA YE EPM","2022-06-27","","0.59857238"
"MEDELLÍN - TANQUES LA YE EPM","2022-06-26","","0.59498675"
"MEDELLÍN - TANQUES LA YE EPM","2022-06-25","","0.72354889"
"MEDELLÍN - TANQUES LA YE EPM","2022-06-24","","0.84239845"
"MEDELLÍN - TANQUES LA YE EPM","2022-06-23","","0.82518818"
"MEDELLÍN - TANQUES LA YE EPM","2022-06-22","","0.8892165"
"MEDELLÍN - TANQUES LA YE EPM","2022-06-21","","0.64938398"
"MEDELLÍN - TANQUES LA YE EPM","2022-06-20","","0.59819612"
"MEDELLÍN - TANQUES LA YE EPM","2022-06-19","","0.62956567"
"MEDELLÍN - TANQUES LA YE EPM","2022-06-18","","0.67252063"
"MEDELLÍN - TANQUES LA YE EPM","2022-06-17","","0.47187651"
"MEDELLÍN - TANQUES LA YE EPM","2022-06-16","","0.61786667"
"MEDELLÍN - TANQUES LA YE EPM","2022-06-15","","0.52237035"
"MEDELLÍN - TANQUES LA YE EPM","2022-06-14","","0.58555241"
"MEDELLÍN - TANQUES LA YE EPM","2022-06-13","","0.62030415"
"MEDELLÍN - TANQUES LA YE EPM","2022-06-12","","0.51197906"
"MEDELLÍN - TANQUES LA YE EPM","2022-06-11","","0.68218174"
"MEDELLÍN - TANQUES LA YE EPM","2022-06-10","","0.73772557"
"MEDELLÍN - TANQUES LA YE EPM","2022-06-09","","0.66589068"
"MEDELLÍN - TANQUES LA YE EPM","2022-06-08","","0.66256779"
"MEDELLÍN - TANQUES LA YE EPM","2022-06-07","","0.78411736"
"MEDELLÍN - TANQUES LA YE EPM","2022-06-06","","0.63918736"
"MEDELLÍN - TANQUES LA YE EPM","2022-06-05","","0.69590568"
"MEDELLÍN - TANQUES LA YE EPM","2022-06-04","","0.71282054"
"MEDELLÍN - TANQUES LA YE EPM","2022-06-03","","0.7127436"
"MEDELLÍN - TANQUES LA YE EPM","2022-06-02","","0.54924658"
"MEDELLÍN - TANQUES LA YE EPM","2022-06-01","","0.59332242"
"MEDELLÍN - TANQUES LA YE EPM","2022-05-31","","0.6030948"
"MEDELLÍN - TANQUES LA YE EPM","2022-05-30","","0.53422368"
"MEDELLÍN - TANQUES LA YE EPM","2022-05-29","","0.81659158"
"MEDELLÍN - TANQUES LA YE EPM","2022-05-28","","0.77139297"
"MEDELLÍN - TANQUES LA YE EPM","2022-05-27","","0.74828759"
"MEDELLÍN - TANQUES LA YE EPM","2022-05-26","","0.7422315"
"MEDELLÍN - TANQUES LA YE EPM","2022-05-25","","0.65127318"
"MEDELLÍN - TANQUES LA YE EPM","2022-05-24","","0.92237826"
"MEDELLÍN - TANQUES LA YE EPM","2022-05-23","","0.86658412"
"MEDELLÍN - TANQUES LA YE EPM","2022-05-22","","0.85437754"
"MEDELLÍN - TANQUES LA YE EPM","2022-05-21","","0.56842753"
"MEDELLÍN - TANQUES LA YE EPM","2022-05-20","","0.61129604"
"MEDELLÍN - TANQUES LA YE EPM","2022-05-19","","0.53047423"
"MEDELLÍN - TANQUES LA YE EPM","2022-05-18","","0.48939515"
"MEDELLÍN - TANQUES LA YE EPM","2022-05-17","","0.454432"
"MEDELLÍN - TANQUES LA YE EPM","2022-05-16","","0.56083309"
"MEDELLÍN - TANQUES LA YE EPM","2022-05-15","","0.78702874"
"MEDELLÍN - TANQUES LA YE EPM","2022-05-14","","0.75441421"
"MEDELLÍN - TANQUES LA YE EPM","2022-05-13","","0.84379841"
"MEDELLÍN - TANQUES LA YE EPM","2022-05-12","","0.65695629"
"MEDELLÍN - TANQUES LA YE EPM","2022-05-11","","0.58939871"
"MEDELLÍN - TANQUES LA YE EPM","2022-05-10","","0.7962761"
"MEDELLÍN - TANQUES LA YE EPM","2022-05-09","","0.58752889"
"MEDELLÍN - TANQUES LA YE EPM","2022-05-08","","0.82723209"
"MEDELLÍN - TANQUES LA YE EPM","2022-05-07","","0.78119925"
"MEDELLÍN - TANQUES LA YE EPM","2022-05-06","","0.55463624"
"MEDELLÍN - TANQUES LA YE EPM","2022-05-05","","0.53485137"
"MEDELLÍN - TANQUES LA YE EPM","2022-05-04","","0.77597959"
"MEDELLÍN - TANQUES LA YE EPM","2022-05-03","","0.95085981"
"MEDELLÍN - TANQUES LA YE EPM","2022-05-02","","0.8396714"
"MEDELLÍN - TANQUES LA YE EPM","2022-05-01","","0.77120222"
"MEDELLÍN - TANQUES LA YE EPM","2022-04-30","","0.99595186"
"MEDELLÍN - TANQUES LA YE EPM","2022-04-29","","0.69749795"
"MEDELLÍN - TANQUES LA YE EPM","2022-04-28","","0.69719322"
"MEDELLÍN - TANQUES LA YE EPM","2022-04-27","","0.50165031"
"MEDELLÍN - TANQUES LA YE EPM","2022-04-26","","0.77076532"
"MEDELLÍN - TANQUES LA YE EPM","2022-04-25","","0.73579033"
"MEDELLÍN - TANQUES LA YE EPM","2022-04-24","","0.52995482"
"MEDELLÍN - TANQUES LA YE EPM","2022-04-23","","0.80827614"
"MEDELLÍN - TANQUES LA YE EPM","2022-04-22","","0.68080495"
"MEDELLÍN - TANQUES LA YE EPM","2022-04-21","","0.85148219"
"MEDELLÍN - TANQUES LA YE EPM","2022-04-20","","0.67336141"
"MEDELLÍN - TANQUES LA YE EPM","2022-04-19","","0.87011299"
"MEDELLÍN - TANQUES LA YE EPM","2022-04-18","","0.70088208"
"MEDELLÍN - TANQUES LA YE EPM","2022-04-17","","0.83124042"
"MEDELLÍN - TANQUES LA YE EPM","2022-04-16","","0.75603287"
"MEDELLÍN - TANQUES LA YE EPM","2022-04-15","","0.73260058"
"MEDELLÍN - TANQUES LA YE EPM","2022-04-14","","0.77377587"
"MEDELLÍN - TANQUES LA YE EPM","2022-04-13","","0.77763345"
"MEDELLÍN - TANQUES LA YE EPM","2022-04-12","","0.80587132"
"MEDELLÍN - TANQUES LA YE EPM","2022-04-11","","0.66350563"
"MEDELLÍN - TANQUES LA YE EPM","2022-04-10","","0.75053315"
"MEDELLÍN - TANQUES LA YE EPM","2022-04-09","","0.65462421"
"MEDELLÍN - TANQUES LA YE EPM","2022-04-08","","0.53228381"
"MEDELLÍN - TANQUES LA YE EPM","2022-04-07","","0.4832046"
"MEDELLÍN - TANQUES LA YE EPM","2022-04-06","","0.61291135"
"MEDELLÍN - TANQUES LA YE EPM","2022-04-05","","0.81476283"
"MEDELLÍN - TANQUES LA YE EPM","2022-04-04","","0.52984299"
"MEDELLÍN - TANQUES LA YE EPM","2022-04-03","","0.55883141"
"MEDELLÍN - TANQUES LA YE EPM","2022-04-02","","0.88982786"
"MEDELLÍN - TANQUES LA YE EPM","2022-04-01","","0.6885131"
"MEDELLÍN - TANQUES LA YE EPM","2022-03-31","","0.48790441"
"MEDELLÍN - TANQUES LA YE EPM","2022-03-30","","0.66599945"
"MEDELLÍN - TANQUES LA YE EPM","2022-03-29","","0.69632997"
"MEDELLÍN - TANQUES LA YE EPM","2022-03-28","","0.64713925"
"MEDELLÍN - TANQUES LA YE EPM","2022-03-27","","0.53919135"
"MEDELLÍN - TANQUES LA YE EPM","2022-03-26","","0.84832586"
"MEDELLÍN - TANQUES LA YE EPM","2022-03-25","","0.61676006"
"MEDELLÍN - TANQUES LA YE EPM","2022-03-24","","0.73368976"
"MEDELLÍN - TANQUES LA YE EPM","2022-03-23","","0.62592791"
"MEDELLÍN - TANQUES LA YE EPM","2022-03-22","","0.54528501"
"MEDELLÍN - TANQUES LA YE EPM","2022-03-21","","0.60090845"
"MEDELLÍN - TANQUES LA YE EPM","2022-03-20","","0.70563423"
"MEDELLÍN - TANQUES LA YE EPM","2022-03-19","","0.72850379"
"MEDELLÍN - TANQUES LA YE EPM","2022-03-18","","0.67915769"
"MEDELLÍN - TANQUES LA YE EPM","2022-03-17","","0.64106032"
"MEDELLÍN - TANQUES LA YE EPM","2022-03-16","","0.66233972"
"MEDELLÍN - TANQUES LA YE EPM","2022-03-15","","0.65942592"
"MEDELLÍN - TANQUES LA YE EPM","2022-03-14","","0.92109921"
"MEDELLÍN - TANQUES LA YE EPM","2022-03-13","","0.72293178"
"MEDELLÍN - TANQUES LA YE EPM","2022-03-12","","0.76193127"
"MEDELLÍN - TANQUES LA YE EPM","2022-03-11","","0.89027225"
"MEDELLÍN - TANQUES LA YE EPM","2022-03-10","","0.8397004"
"MEDELLÍN - TANQUES LA YE EPM","2022-03-09","","0.71540285"
"MEDELLÍN - TANQUES LA YE EPM","2022-03-08","","0.84154393"
"MEDELLÍN - TANQUES LA YE EPM","2022-03-07","","0.71057208"
"MEDELLÍN - TANQUES LA YE EPM","2022-03-06","","0.65800669"
"MEDELLÍN - TANQUES LA YE EPM","2022-03-05","","0.56603029"
"MEDELLÍN - TANQUES LA YE EPM","2022-03-04","","0.50851177"
"MEDELLÍN - TANQUES LA YE EPM","2022-03-03","","0.70795292"
"MEDELLÍN - TANQUES LA YE EPM","2022-03-02","","0.51419033"
"MEDELLÍN - TANQUES LA YE EPM","2022-03-01","","0.47741156"
"MEDELLÍN - TANQUES LA YE EPM","2022-02-28","","0.43244284"
"MEDELLÍN - TANQUES LA YE EPM","2022-02-27","","0.46140398"
"MEDELLÍN - TANQUES LA YE EPM","2022-02-26","","0.56923741"
"MEDELLÍN - TANQUES LA YE EPM","2022-02-25","","0.72219149"
"MEDELLÍN - TANQUES LA YE EPM","2022-02-24","","0.78243964"
"MEDELLÍN - TANQUES LA YE EPM","2022-02-23","","0.83735571"
"MEDELLÍN - TANQUES LA YE EPM","2022-02-22","","0.78640957"
"MEDELLÍN - TANQUES LA YE EPM","2022-02-21","","1.03338075"
"MEDELLÍN - TANQUES LA YE EPM","2022-02-20","","0.71171477"
"MEDELLÍN - TANQUES LA YE EPM","2022-02-19","","0.64189424"
"MEDELLÍN - TANQUES LA YE EPM","2022-02-18","","0.68281136"
"MEDELLÍN - TANQUES LA YE EPM","2022-02-17","","0.8283199"
"MEDELLÍN - TANQUES LA YE EPM","2022-02-16","","0.80133147"
"MEDELLÍN - TANQUES LA YE EPM","2022-02-15","","0.89530208"
"MEDELLÍN - TANQUES LA YE EPM","2022-02-14","","0.55800623"
"MEDELLÍN - TANQUES LA YE EPM","2022-02-13","","0.49331811"
"MEDELLÍN - TANQUES LA YE EPM","2022-02-12","","0.89201666"
"MEDELLÍN - TANQUES LA YE EPM","2022-02-11","","1.14651329"
"MEDELLÍN - TANQUES LA YE EPM","2022-02-10","","0.71575732"
"MEDELLÍN - TANQUES LA YE EPM","2022-02-09","","0.74410311"
"MEDELLÍN - TANQUES LA YE EPM","2022-02-08","","0.50672981"
"MEDELLÍN - TANQUES LA YE EPM","2022-02-07","","0.29391639"
"MEDELLÍN - TANQUES LA YE EPM","2022-02-06","","0.72394261"
"MEDELLÍN - TANQUES LA YE EPM","2022-02-05","","0.56239519"
"MEDELLÍN - TANQUES LA YE EPM","2022-02-04","","0.60954229"
"MEDELLÍN - TANQUES LA YE EPM","2022-02-03","","0.87099927"
"MEDELLÍN - TANQUES LA YE EPM","2022-02-02","","1.12622544"
"MEDELLÍN - TANQUES LA YE EPM","2022-02-01","","1.0086067"
"MEDELLÍN - TANQUES LA YE EPM","2022-01-31","","1.14805666"
"MEDELLÍN - TANQUES LA YE EPM","2022-01-30","","1.21255332"
"MEDELLÍN - TANQUES LA YE EPM","2022-01-29","","1.14795023"
"MEDELLÍN - TANQUES LA YE EPM","2022-01-28","","0.94929498"
"MEDELLÍN - TANQUES LA YE EPM","2022-01-27","","0.77965638"
"MEDELLÍN - TANQUES LA YE EPM","2022-01-26","","0.74648069"
"MEDELLÍN - TANQUES LA YE EPM","2022-01-25","","0.5731518"
"MEDELLÍN - TANQUES LA YE EPM","2022-01-24","","0.77469195"
"MEDELLÍN - TANQUES LA YE EPM","2022-01-23","","1.09924051"
"MEDELLÍN - TANQUES LA YE EPM","2022-01-22","","0.66688583"
"MEDELLÍN - TANQUES LA YE EPM","2022-01-21","","0.8555915"
"MEDELLÍN - TANQUES LA YE EPM","2022-01-20","","0.91215117"
"MEDELLÍN - TANQUES LA YE EPM","2022-01-19","","0.59091662"
"MEDELLÍN - TANQUES LA YE EPM","2022-01-18","","0.60676331"
"MEDELLÍN - TANQUES LA YE EPM","2022-01-17","","0.78902765"
"MEDELLÍN - TANQUES LA YE EPM","2022-01-16","","1.16598133"
"MEDELLÍN - TANQUES LA YE EPM","2022-01-15","","0.85738587"
"MEDELLÍN - TANQUES LA YE EPM","2022-01-14","","0.79092914"
"MEDELLÍN - TANQUES LA YE EPM","2022-01-13","","0.65036079"
"MEDELLÍN - TANQUES LA YE EPM","2022-01-12","","0.4892176"
"MEDELLÍN - TANQUES LA YE EPM","2022-01-11","","0.5697441"
"MEDELLÍN - TANQUES LA YE EPM","2022-01-10","","0.60133134"
"MEDELLÍN - TANQUES LA YE EPM","2022-01-09","","0.67219125"
"MEDELLÍN - TANQUES LA YE EPM","2022-01-08","","0.82715144"
"MEDELLÍN - TANQUES LA YE EPM","2022-01-07","","0.54792084"
"MEDELLÍN - TANQUES LA YE EPM","2022-01-06","","0.32818632"
"MEDELLÍN - TANQUES LA YE EPM","2022-01-05","","1.01407598"
"MEDELLÍN - TANQUES LA YE EPM","2022-01-04","","1.01598722"
"MEDELLÍN - TANQUES LA YE EPM","2022-01-03","","0.97850588"
"MEDELLÍN - TANQUES LA YE EPM","2022-01-02","","0.65452152"
"MEDELLÍN - TANQUES LA YE EPM","2022-01-01","","0.63722663"
"MEDELLÍN - TANQUES LA YE EPM","2021-12-31","","0.93248974"
"MEDELLÍN - TANQUES LA YE EPM","2021-12-30","","0.65131552"
"MEDELLÍN - TANQUES LA YE EPM","2021-12-29","","0.54175298"
"MEDELLÍN - TANQUES LA YE EPM","2021-12-28","","0.68510111"
"MEDELLÍN - TANQUES LA YE EPM","2021-12-27","","0.43302996"
"MEDELLÍN - TANQUES LA YE EPM","2021-12-26","","0.59190777"
"MEDELLÍN - TANQUES LA YE EPM","2021-12-25","","0.83527299"
"MEDELLÍN - TANQUES LA YE EPM","2021-12-24","","0.73258284"
"MEDELLÍN - TANQUES LA YE EPM","2021-12-23","","0.83031056"
"MEDELLÍN - TANQUES LA YE EPM","2021-12-22","","0.73862061"
"MEDELLÍN - TANQUES LA YE EPM","2021-12-21","","0.57359307"
"MEDELLÍN - TANQUES LA YE EPM","2021-12-20","","0.64966483"
"MEDELLÍN - TANQUES LA YE EPM","2021-12-19","","0.86585194"
"MEDELLÍN - TANQUES LA YE EPM","2021-12-18","","0.67845375"
"MEDELLÍN - TANQUES LA YE EPM","2021-12-17","","0.618058"
"MEDELLÍN - TANQUES LA YE EPM","2021-12-16","","0.73483337"
"MEDELLÍN - TANQUES LA YE EPM","2021-12-15","","0.59195679"
"MEDELLÍN - TANQUES LA YE EPM","2021-12-14","","0.57974601"
"MEDELLÍN - TANQUES LA YE EPM","2021-12-13","","1.14846906"
"MEDELLÍN - TANQUES LA YE EPM","2021-12-12","","0.60689998"
"MEDELLÍN - TANQUES LA YE EPM","2021-12-11","","0.81316674"
"MEDELLÍN - TANQUES LA YE EPM","2021-12-10","","0.91127869"
"MEDELLÍN - TANQUES LA YE EPM","2021-12-09","","0.71116756"
"MEDELLÍN - TANQUES LA YE EPM","2021-12-08","","0.80077819"
"MEDELLÍN - TANQUES LA YE EPM","2021-12-07","","1.06072346"
"MEDELLÍN - TANQUES LA YE EPM","2021-12-06","","0.66177965"
"MEDELLÍN - TANQUES LA YE EPM","2021-12-05","","0.93098652"
"MEDELLÍN - TANQUES LA YE EPM","2021-12-04","","0.74076388"
"MEDELLÍN - TANQUES LA YE EPM","2021-12-03","","0.55244954"
"MEDELLÍN - TANQUES LA YE EPM","2021-12-02","","0.83278054"
"MEDELLÍN - TANQUES LA YE EPM","2021-12-01","","0.53758323"
"MEDELLÍN - TANQUES LA YE EPM","2021-11-30","","0.52571069"
"MEDELLÍN - TANQUES LA YE EPM","2021-11-29","","0.61014584"
"MEDELLÍN - TANQUES LA YE EPM","2021-11-28","","0.88217579"
"MEDELLÍN - TANQUES LA YE EPM","2021-11-27","","0.66381506"
"MEDELLÍN - TANQUES LA YE EPM","2021-11-26","","0.50245138"
"MEDELLÍN - TANQUES LA YE EPM","2021-11-25","","0.50204231"
"MEDELLÍN - TANQUES LA YE EPM","2021-11-24","","0.54431133"
"MEDELLÍN - TANQUES LA YE EPM","2021-11-23","","0.47882217"
"MEDELLÍN - TANQUES LA YE EPM","2021-11-22","","0.69654256"
"MEDELLÍN - TANQUES LA YE EPM","2021-11-21","","0.79113834"
"MEDELLÍN - TANQUES LA YE EPM","2021-11-18","","0.89702725"
"MEDELLÍN - TANQUES LA YE EPM","2021-11-17","","0.98837037"
"MEDELLÍN - TANQUES LA YE EPM","2021-11-16","","0.77786783"
"MEDELLÍN - TANQUES LA YE EPM","2021-11-15","","0.63395224"
"MEDELLÍN - TANQUES LA YE EPM","2021-11-14","","0.70187738"
"MEDELLÍN - TANQUES LA YE EPM","2021-11-13","","0.64335171"
"MEDELLÍN - TANQUES LA YE EPM","2021-11-12","","0.97249299"
"MEDELLÍN - TANQUES LA YE EPM","2021-11-11","","0.90432161"
"MEDELLÍN - TANQUES LA YE EPM","2021-11-10","","0.65363855"
"MEDELLÍN - TANQUES LA YE EPM","2021-11-09","","0.51707765"
"MEDELLÍN - TANQUES LA YE EPM","2021-11-08","","0.55555481"
"MEDELLÍN - TANQUES LA YE EPM","2021-11-07","","0.87588032"
"MEDELLÍN - TANQUES LA YE EPM","2021-11-06","","0.85056218"
"MEDELLÍN - TANQUES LA YE EPM","2021-11-05","","0.89898686"
"MEDELLÍN - TANQUES LA YE EPM","2021-11-04","","0.76757047"
"MEDELLÍN - TANQUES LA YE EPM","2021-11-03","","0.57862798"
"MEDELLÍN - TANQUES LA YE EPM","2021-11-02","","0.71022201"
"MEDELLÍN - TANQUES LA YE EPM","2021-11-01","","0.58975356"
"MEDELLÍN - TANQUES LA YE EPM","2021-10-11","","1.0"
"MEDELLÍN - TANQUES LA YE EPM","2021-10-10","","0.68490529"
"MEDELLÍN - TANQUES LA YE EPM","2021-10-09","","0.72631571"
"MEDELLÍN - TANQUES LA YE EPM","2021-10-08","","0.84982983"
"MEDELLÍN - TANQUES LA YE EPM","2021-10-07","","0.91495758"
"MEDELLÍN - TANQUES LA YE EPM","2021-10-06","","0.56071388"
"MEDELLÍN - TANQUES LA YE EPM","2021-10-05","","0.45470083"
"MEDELLÍN - TANQUES LA YE EPM","2021-10-04","","0.73401117"
"MEDELLÍN - TANQUES LA YE EPM","2021-10-03","","0.59277667"
"MEDELLÍN - TANQUES LA YE EPM","2021-10-02","","0.77678742"
"MEDELLÍN - TANQUES LA YE EPM","2021-10-01","","0.65534608"
"MEDELLÍN - TANQUES LA YE EPM","2021-09-30","","0.65578705"
"MEDELLÍN - TANQUES LA YE EPM","2021-09-29","","0.70052038"
"MEDELLÍN - TANQUES LA YE EPM","2021-09-28","","0.93068202"
"MEDELLÍN - TANQUES LA YE EPM","2021-09-27","","1.02443163"
"MEDELLÍN - TANQUES LA YE EPM","2021-09-26","","1.44028663"
"MEDELLÍN - TANQUES LA YE EPM","2021-09-25","","1.04732099"
"MEDELLÍN - TANQUES LA YE EPM","2021-09-24","","0.62490879"
"MEDELLÍN - TANQUES LA YE EPM","2021-09-23","","0.37284888"
"MEDELLÍN - TANQUES LA YE EPM","2021-09-22","","0.65744421"
"MEDELLÍN - TANQUES LA YE EPM","2021-09-21","","0.66387399"
"MEDELLÍN - TANQUES LA YE EPM","2021-09-20","","1.40710436"
"MEDELLÍN - TANQUES LA YE EPM","2021-09-19","","0.90078364"
"MEDELLÍN - TANQUES LA YE EPM","2021-09-18","","0.80979817"
"MEDELLÍN - TANQUES LA YE EPM","2021-09-17","","0.89306078"
"MEDELLÍN - TANQUES LA YE EPM","2021-09-16","","0.86396001"
"MEDELLÍN - TANQUES LA YE EPM","2021-09-15","","0.95408049"
"MEDELLÍN - TANQUES LA YE EPM","2021-09-14","","0.77868252"
"MEDELLÍN - TANQUES LA YE EPM","2021-09-13","","0.86082311"
"MEDELLÍN - TANQUES LA YE EPM","2021-09-12","","0.69792737"
"MEDELLÍN - TANQUES LA YE EPM","2021-09-11","","0.67091378"
"MEDELLÍN - TANQUES LA YE EPM","2021-09-10","","0.70329656"
"MEDELLÍN - TANQUES LA YE EPM","2021-09-09","","0.66895359"
"MEDELLÍN - TANQUES LA YE EPM","2021-09-08","","0.62966407"
"MEDELLÍN - TANQUES LA YE EPM","2021-09-07","","0.52075358"
"MEDELLÍN - TANQUES LA YE EPM","2021-09-06","","0.63562734"
"MEDELLÍN - TANQUES LA YE EPM","2021-09-05","","0.60373336"
"MEDELLÍN - TANQUES LA YE EPM","2021-09-04","","0.77711038"
"MEDELLÍN - TANQUES LA YE EPM","2021-09-03","","0.99008769"
"MEDELLÍN - TANQUES LA YE EPM","2021-09-02","","0.76300323"
"MEDELLÍN - TANQUES LA YE EPM","2021-09-01","","0.64571938"
"MEDELLÍN - TANQUES LA YE EPM","2021-08-31","","0.66742767"
"MEDELLÍN - TANQUES LA YE EPM","2021-08-30","","0.62172163"
"MEDELLÍN - TANQUES LA YE EPM","2021-08-29","","0.74702582"
"MEDELLÍN - TANQUES LA YE EPM","2021-08-28","","0.72120478"
"MEDELLÍN - TANQUES LA YE EPM","2021-08-27","","0.82674106"
"MEDELLÍN - TANQUES LA YE EPM","2021-08-26","","0.8373516"
"MEDELLÍN - TANQUES LA YE EPM","2021-08-25","","0.60138169"
"MEDELLÍN - TANQUES LA YE EPM","2021-08-24","","0.77601059"
"MEDELLÍN - TANQUES LA YE EPM","2021-08-23","","0.65098551"
"MEDELLÍN - TANQUES LA YE EPM","2021-08-22","","0.81688132"
"MEDELLÍN - TANQUES LA YE EPM","2021-08-21","","0.64941535"
"MEDELLÍN - TANQUES LA YE EPM","2021-08-20","","0.80314134"
"MEDELLÍN - TANQUES LA YE EPM","2021-08-19","","0.7508436"
"MEDELLÍN - TANQUES LA YE EPM","2021-08-18","","0.6416716"
"MEDELLÍN - TANQUES LA YE EPM","2021-08-17","","0.59200683"
"MEDELLÍN - TANQUES LA YE EPM","2021-08-16","","0.81946626"
"MEDELLÍN - TANQUES LA YE EPM","2021-08-15","","0.66567818"
"MEDELLÍN - TANQUES LA YE EPM","2021-08-14","","0.60243219"
"MEDELLÍN - TANQUES LA YE EPM","2021-08-13","","0.57584573"
"MEDELLÍN - TANQUES LA YE EPM","2021-08-12","","0.72997605"
"MEDELLÍN - TANQUES LA YE EPM","2021-08-11","","0.73111267"
"MEDELLÍN - TANQUES LA YE EPM","2021-08-10","","0.77568043"
"MEDELLÍN - TANQUES LA YE EPM","2021-08-09","","0.8523748"
"MEDELLÍN - TANQUES LA YE EPM","2021-07-28","","0.8205569"
"MEDELLÍN - TANQUES LA YE EPM","2021-07-27","","0.69410191"
"MEDELLÍN - TANQUES LA YE EPM","2021-07-26","","0.8066603"
"MEDELLÍN - TANQUES LA YE EPM","2021-07-25","","0.56663195"
"MEDELLÍN - TANQUES LA YE EPM","2021-07-24","","0.69371672"
"MEDELLÍN - TANQUES LA YE EPM","2021-07-23","","0.69333729"
"MEDELLÍN - TANQUES LA YE EPM","2021-07-22","","0.86264084"
"MEDELLÍN - TANQUES LA YE EPM","2021-07-20","","0.78640352"
"MEDELLÍN - TANQUES LA YE EPM","2021-07-19","","0.70501915"
"MEDELLÍN - TANQUES LA YE EPM","2021-07-18","","0.66229177"
"MEDELLÍN - TANQUES LA YE EPM","2021-07-17","","0.69629309"
"MEDELLÍN - TANQUES LA YE EPM","2021-07-16","","0.71623492"
"MEDELLÍN - TANQUES LA YE EPM","2021-07-15","","1.02052269"
"MEDELLÍN - TANQUES LA YE EPM","2021-07-14","","0.87296481"
"MEDELLÍN - TANQUES LA YE EPM","2021-07-13","","0.78247474"
"MEDELLÍN - TANQUES LA YE EPM","2021-07-12","","0.94270043"
"MEDELLÍN - TANQUES LA YE EPM","2021-07-11","","0.78864218"
"MEDELLÍN - TANQUES LA YE EPM","2021-07-10","","0.53436142"
"MEDELLÍN - TANQUES LA YE EPM","2021-07-09","","0.89904702"
"MEDELLÍN - TANQUES LA YE EPM","2021-07-08","","0.71515158"
"MEDELLÍN - TANQUES LA YE EPM","2021-07-07","","0.84415461"
"MEDELLÍN - TANQUES LA YE EPM","2021-07-06","","0.83153149"
"MEDELLÍN - TANQUES LA YE EPM","2021-07-05","","0.81968349"
"MEDELLÍN - TANQUES LA YE EPM","2021-07-04","","0.86835742"
"MEDELLÍN - TANQUES LA YE EPM","2021-07-03","","0.63639252"
"MEDELLÍN - TANQUES LA YE EPM","2021-07-02","","0.68244672"
"MEDELLÍN - TANQUES LA YE EPM","2021-07-01","","0.73188012"
"MEDELLÍN - TANQUES LA YE EPM","2021-06-30","","0.85411101"
"MEDELLÍN - TANQUES LA YE EPM","2021-06-29","","0.98886402"
"MEDELLÍN - TANQUES LA YE EPM","2021-06-28","","0.79719369"
"MEDELLÍN - TANQUES LA YE EPM","2021-06-27","","0.85804199"
"MEDELLÍN - TANQUES LA YE EPM","2021-06-26","","0.5966406"
"MEDELLÍN - TANQUES LA YE EPM","2021-06-25","","0.58256679"
"MEDELLÍN - TANQUES LA YE EPM","2021-06-24","","0.69340625"
"MEDELLÍN - TANQUES LA YE EPM","2021-06-23","","0.88254062"
"MEDELLÍN - TANQUES LA YE EPM","2021-06-22","","0.6107393"
"MEDELLÍN - TANQUES LA YE EPM","2021-06-21","","0.69208841"
"MEDELLÍN - TANQUES LA YE EPM","2021-06-20","","0.66391346"
"MEDELLÍN - TANQUES LA YE EPM","2021-06-19","","0.57680734"
"MEDELLÍN - TANQUES LA YE EPM","2021-06-18","","0.74816571"
"MEDELLÍN - TANQUES LA YE EPM","2021-06-17","","0.75225415"
"MEDELLÍN - TANQUES LA YE EPM","2021-06-16","","0.95182288"
"MEDELLÍN - TANQUES LA YE EPM","2021-06-15","","0.59584267"
"MEDELLÍN - TANQUES LA YE EPM","2021-06-14","","0.74196669"
"MEDELLÍN - TANQUES LA YE EPM","2021-06-13","","0.75814896"
"MEDELLÍN - TANQUES LA YE EPM","2021-06-12","","0.75195087"
"MEDELLÍN - TANQUES LA YE EPM","2021-06-11","","0.98015505"
"MEDELLÍN - TANQUES LA YE EPM","2021-06-10","","0.79679374"
"MEDELLÍN - TANQUES LA YE EPM","2021-06-05","","0.71383313"
"MEDELLÍN - TANQUES LA YE EPM","2021-06-04","","0.95440375"
"MEDELLÍN - TANQUES LA YE EPM","2021-06-03","","0.58662512"
"MEDELLÍN - TANQUES LA YE EPM","2021-06-02","","0.68840373"
"MEDELLÍN - TANQUES LA YE EPM","2021-06-01","","0.61674269"
"MEDELLÍN - TANQUES LA YE EPM","2021-05-31","","0.65776387"
"MEDELLÍN - TANQUES LA YE EPM","2021-05-30","","0.5913094"
"MEDELLÍN - TANQUES LA YE EPM","2021-05-28","","0.86909687"
"MEDELLÍN - TANQUES LA YE EPM","2021-05-27","","0.50447133"
"MEDELLÍN - TANQUES LA YE EPM","2021-05-26","","0.66106658"
"MEDELLÍN - TANQUES LA YE EPM","2021-05-25","","0.77893245"
"MEDELLÍN - TANQUES LA YE EPM","2021-05-17","","0.40634095"
"MEDELLÍN - TANQUES LA YE EPM","2021-05-16","","0.82665513"
"MEDELLÍN - TANQUES LA YE EPM","2021-05-15","","0.79301092"
"MEDELLÍN - TANQUES LA YE EPM","2021-05-14","","0.79307564"
"MEDELLÍN - TANQUES LA YE EPM","2021-05-13","","0.71194439"
"MEDELLÍN - TANQUES LA YE EPM","2021-05-12","","0.84386712"
"MEDELLÍN - TANQUES LA YE EPM","2021-05-11","","0.87476174"
"MEDELLÍN - TANQUES LA YE EPM","2021-05-10","","0.63577204"
"MEDELLÍN - TANQUES LA YE EPM","2021-05-09","","0.72425413"
"MEDELLÍN - TANQUES LA YE EPM","2021-05-08","","0.59218768"
"MEDELLÍN - TANQUES LA YE EPM","2021-05-07","","1.00146935"
"MEDELLÍN - TANQUES LA YE EPM","2021-05-06","","0.89700094"
"MEDELLÍN - TANQUES LA YE EPM","2021-05-05","","0.76441025"
"MEDELLÍN - TANQUES LA YE EPM","2021-05-04","","0.68363367"
"MEDELLÍN - TANQUES LA YE EPM","2021-05-03","","0.93744281"
"MEDELLÍN - TANQUES LA YE EPM","2021-05-02","","0.68093551"
"MEDELLÍN - TANQUES LA YE EPM","2021-05-01","","0.62064758"
"MEDELLÍN - TANQUES LA YE EPM","2021-04-30","","0.82416667"
"MEDELLÍN - TANQUES LA YE EPM","2021-04-29","","0.68045455"
"MEDELLÍN - TANQUES LA YE EPM","2021-04-28","","0.79083333"
"MEDELLÍN - TANQUES LA YE EPM","2021-04-27","","0.69409091"
"MEDELLÍN - TANQUES LA YE EPM","2021-04-26","","0.82227273"
"MEDELLÍN - TANQUES LA YE EPM","2021-04-25","","0.826"
"MEDELLÍN - TANQUES LA YE EPM","2021-04-24","","1.18863636"
"MEDELLÍN - TANQUES LA YE EPM","2021-04-23","","0.72826087"
"MEDELLÍN - TANQUES LA YE EPM","2021-04-22","","0.85869565"
"MEDELLÍN - TANQUES LA YE EPM","2021-04-21","","1.10333333"
"MEDELLÍN - TANQUES LA YE EPM","2021-04-20","","1.06043478"
"MEDELLÍN - TANQUES LA YE EPM","2021-04-19","","1.12681818"
"MEDELLÍN - TANQUES LA YE EPM","2021-04-18","","1.00666667"
"MEDELLÍN - TANQUES LA YE EPM","2021-04-17","","0.82416667"
"MEDELLÍN - TANQUES LA YE EPM","2021-04-16","","0.82875"
"MEDELLÍN - TANQUES LA YE EPM","2021-04-15","","0.71208333"
"MEDELLÍN - TANQUES LA YE EPM","2021-04-14","","0.95208333"
"MEDELLÍN - TANQUES LA YE EPM","2021-04-13","","0.90208333"
"MEDELLÍN - TANQUES LA YE EPM","2021-04-12","","1.06958333"
"MEDELLÍN - TANQUES LA YE EPM","2021-04-11","","0.89166667"
"MEDELLÍN - TANQUES LA YE EPM","2021-04-10","","0.74208333"
"MEDELLÍN - TANQUES LA YE EPM","2021-04-09","","0.73458333"
"MEDELLÍN - TANQUES LA YE EPM","2021-04-08","","0.78625"
"MEDELLÍN - TANQUES LA YE EPM","2021-04-07","","1.10375"
"MEDELLÍN - TANQUES LA YE EPM","2021-04-06","","0.95583333"
"MEDELLÍN - TANQUES LA YE EPM","2021-04-05","","0.83958333"
"MEDELLÍN - TANQUES LA YE EPM","2021-04-04","","0.84166667"
"MEDELLÍN - TANQUES LA YE EPM","2021-04-03","","0.89541667"
"MEDELLÍN - TANQUES LA YE EPM","2021-04-02","","0.88083333"
"MEDELLÍN - TANQUES LA YE EPM","2021-04-01","","0.71913043"
"MEDELLÍN - TANQUES LA YE EPM","2021-03-31","","1.1026087"
"MEDELLÍN - TANQUES LA YE EPM","2021-03-30","","1.14583333"
"MEDELLÍN - TANQUES LA YE EPM","2021-03-29","","0.82375"
"MEDELLÍN - TANQUES LA YE EPM","2021-03-28","","0.71083333"
"MEDELLÍN - TANQUES LA YE EPM","2021-03-27","","0.97375"
"MEDELLÍN - TANQUES LA YE EPM","2021-03-26","","0.75041667"
"MEDELLÍN - TANQUES LA YE EPM","2021-03-25","","0.93083333"
"MEDELLÍN - TANQUES LA YE EPM","2021-03-24","","0.57541667"
"MEDELLÍN - TANQUES LA YE EPM","2021-03-23","","0.74"
"MEDELLÍN - TANQUES LA YE EPM","2021-03-22","","0.65416667"
"MEDELLÍN - TANQUES LA YE EPM","2021-03-21","","1.07625"
"MEDELLÍN - TANQUES LA YE EPM","2021-03-20","","0.75583333"
"MEDELLÍN - TANQUES LA YE EPM","2021-03-19","","1.18416667"
"MEDELLÍN - TANQUES LA YE EPM","2021-03-18","","0.89708333"
"MEDELLÍN - TANQUES LA YE EPM","2021-03-17","","0.89416667"
"MEDELLÍN - TANQUES LA YE EPM","2021-03-16","","0.80375"
"MEDELLÍN - TANQUES LA YE EPM","2021-03-15","","0.84666667"
"MEDELLÍN - TANQUES LA YE EPM","2021-03-14","","0.64416667"
"MEDELLÍN - TANQUES LA YE EPM","2021-03-13","","0.69291667"
"MEDELLÍN - TANQUES LA YE EPM","2021-03-12","","0.81208333"
"MEDELLÍN - TANQUES LA YE EPM","2021-03-11","","0.90791667"
"MEDELLÍN - TANQUES LA YE EPM","2021-03-10","","0.9425"
"MEDELLÍN - TANQUES LA YE EPM","2021-03-09","","0.86791667"
"MEDELLÍN - TANQUES LA YE EPM","2021-03-08","","0.7225"
"MEDELLÍN - TANQUES LA YE EPM","2021-03-07","","0.87708333"
"MEDELLÍN - TANQUES LA YE EPM","2021-03-06","","0.90666667"
"MEDELLÍN - TANQUES LA YE EPM","2021-03-05","","0.82208333"
"MEDELLÍN - TANQUES LA YE EPM","2021-03-04","","0.75458333"
"MEDELLÍN - TANQUES LA YE EPM","2021-03-03","","0.91958333"
"MEDELLÍN - TANQUES LA YE EPM","2021-03-02","","0.86458333"
"MEDELLÍN - TANQUES LA YE EPM","2021-03-01","","0.96791667"
"MEDELLÍN - TANQUES LA YE EPM","2021-02-28","","0.89822367"
"MEDELLÍN - TANQUES LA YE EPM","2021-02-27","","0.96188077"
"MEDELLÍN - TANQUES LA YE EPM","2021-02-26","","0.86754698"
"MEDELLÍN - TANQUES LA YE EPM","2021-02-25","","0.87091155"
"MEDELLÍN - TANQUES LA YE EPM","2021-02-24","","0.90770172"
"MEDELLÍN - TANQUES LA YE EPM","2021-02-23","","0.70171536"
"MEDELLÍN - TANQUES LA YE EPM","2021-02-22","","0.59115968"
"MEDELLÍN - TANQUES LA YE EPM","2021-02-21","","0.58411002"
"MEDELLÍN - TANQUES LA YE EPM","2021-02-20","","0.97933657"
"MEDELLÍN - TANQUES LA YE EPM","2021-02-19","","0.72847959"
"MEDELLÍN - TANQUES LA YE EPM","2021-02-18","","0.73221083"
"MEDELLÍN - TANQUES LA YE EPM","2021-02-17","","0.95346672"
"MEDELLÍN - TANQUES LA YE EPM","2021-02-16","","1.03524523"
"MEDELLÍN - TANQUES LA YE EPM","2021-02-15","","0.85530366"
"MEDELLÍN - TANQUES LA YE EPM","2021-02-14","","0.67361728"
"MEDELLÍN - TANQUES LA YE EPM","2021-02-13","","0.84377222"
"MEDELLÍN - TANQUES LA YE EPM","2021-02-12","","0.7095373"
"MEDELLÍN - TANQUES LA YE EPM","2021-02-11","","0.91061553"
"MEDELLÍN - TANQUES LA YE EPM","2021-02-10","","0.92493782"
"MEDELLÍN - TANQUES LA YE EPM","2021-02-09","","0.61822094"
"MEDELLÍN - TANQUES LA YE EPM","2021-02-08","","1.07093889"
"MEDELLÍN - TANQUES LA YE EPM","2021-02-07","","1.31695735"
"MEDELLÍN - TANQUES LA YE EPM","2021-02-06","","0.9237624"
"MEDELLÍN - TANQUES LA YE EPM","2021-02-05","","0.74984031"
"MEDELLÍN - TANQUES LA YE EPM","2021-02-04","","0.93643851"
"MEDELLÍN - TANQUES LA YE EPM","2021-02-03","","0.937838"
"MEDELLÍN - TANQUES LA YE EPM","2021-02-02","","0.79857691"
"MEDELLÍN - TANQUES LA YE EPM","2021-02-01","","1.04958464"
"MEDELLÍN - TANQUES LA YE EPM","2021-01-31","","1.45458333"
"MEDELLÍN - TANQUES LA YE EPM","2021-01-30","","1.03666667"
"MEDELLÍN - TANQUES LA YE EPM","2021-01-29","","1.04375"
"MEDELLÍN - TANQUES LA YE EPM","2021-01-28","","0.79041667"
"MEDELLÍN - TANQUES LA YE EPM","2021-01-27","","1.06"
"MEDELLÍN - TANQUES LA YE EPM","2021-01-26","","0.92333333"
"MEDELLÍN - TANQUES LA YE EPM","2021-01-25","","0.84583333"
"MEDELLÍN - TANQUES LA YE EPM","2021-01-24","","0.80125"
"MEDELLÍN - TANQUES LA YE EPM","2021-01-23","","0.93791667"
"MEDELLÍN - TANQUES LA YE EPM","2021-01-22","","0.87333333"
"MEDELLÍN - TANQUES LA YE EPM","2021-01-21","","1.14375"
"MEDELLÍN - TANQUES LA YE EPM","2021-01-20","","1.09208333"
"MEDELLÍN - TANQUES LA YE EPM","2021-01-19","","1.18666667"
"MEDELLÍN - TANQUES LA YE EPM","2021-01-18","","1.11416667"
"MEDELLÍN - TANQUES LA YE EPM","2021-01-17","","1.2575"
"MEDELLÍN - TANQUES LA YE EPM","2021-01-16","","1.08541667"
"MEDELLÍN - TANQUES LA YE EPM","2021-01-15","","1.06041667"
"MEDELLÍN - TANQUES LA YE EPM","2021-01-14","","0.95958333"
"MEDELLÍN - TANQUES LA YE EPM","2021-01-13","","1.23125"
"MEDELLÍN - TANQUES LA YE EPM","2021-01-12","","1.00583333"
"MEDELLÍN - TANQUES LA YE EPM","2021-01-11","","0.84708333"
"MEDELLÍN - TANQUES LA YE EPM","2021-01-10","","0.90583333"
"MEDELLÍN - TANQUES LA YE EPM","2021-01-09","","0.84416667"
"MEDELLÍN - TANQUES LA YE EPM","2021-01-08","","0.7525"
"MEDELLÍN - TANQUES LA YE EPM","2021-01-07","","0.62375"
"MEDELLÍN - TANQUES LA YE EPM","2021-01-06","","0.68791667"
"MEDELLÍN - TANQUES LA YE EPM","2021-01-05","","0.86041667"
"MEDELLÍN - TANQUES LA YE EPM","2021-01-04","","1.26875"
"MEDELLÍN - TANQUES LA YE EPM","2021-01-03","","0.93458333"
"MEDELLÍN - TANQUES LA YE EPM","2021-01-02","","0.97083333"
"MEDELLÍN - TANQUES LA YE EPM","2021-01-01","","1.00666667"
"MEDELLÍN - TANQUES LA YE EPM","2020-12-31","","0.91875"
"MEDELLÍN - TANQUES LA YE EPM","2020-12-30","","0.91125"
"MEDELLÍN - TANQUES LA YE EPM","2020-12-29","","1.04166667"
"MEDELLÍN - TANQUES LA YE EPM","2020-12-28","","0.73166667"
"MEDELLÍN - TANQUES LA YE EPM","2020-12-27","","0.82166667"
"MEDELLÍN - TANQUES LA YE EPM","2020-12-26","","1.12666667"
"MEDELLÍN - TANQUES LA YE EPM","2020-12-25","","0.84916667"
"MEDELLÍN - TANQUES LA YE EPM","2020-12-24","","0.92125"
"MEDELLÍN - TANQUES LA YE EPM","2020-12-23","","0.97791667"
"MEDELLÍN - TANQUES LA YE EPM","2020-12-22","","0.84875"
"MEDELLÍN - TANQUES LA YE EPM","2020-12-21","","1.12625"
"MEDELLÍN - TANQUES LA YE EPM","2020-12-20","","0.8525"
"MEDELLÍN - TANQUES LA YE EPM","2020-12-19","","1.02666667"
"MEDELLÍN - TANQUES LA YE EPM","2020-12-18","","0.88541667"
"MEDELLÍN - TANQUES LA YE EPM","2020-12-17","","1.02125"
"MEDELLÍN - TANQUES LA YE EPM","2020-12-16","","1.36333333"
"MEDELLÍN - TANQUES LA YE EPM","2020-12-15","","0.72916667"
"MEDELLÍN - TANQUES LA YE EPM","2020-12-14","","1.17291667"
"MEDELLÍN - TANQUES LA YE EPM","2020-12-13","","1.21583333"
"MEDELLÍN - TANQUES LA YE EPM","2020-12-12","","0.99541667"
"MEDELLÍN - TANQUES LA YE EPM","2020-12-11","","1.00333333"
"MEDELLÍN - TANQUES LA YE EPM","2020-12-10","","1.13958333"
"MEDELLÍN - TANQUES LA YE EPM","2020-12-09","","0.84541667"
"MEDELLÍN - TANQUES LA YE EPM","2020-12-08","","1.00125"
"MEDELLÍN - TANQUES LA YE EPM","2020-12-07","","0.93083333"
"MEDELLÍN - TANQUES LA YE EPM","2020-12-06","","1.07916667"
"MEDELLÍN - TANQUES LA YE EPM","2020-12-05","","1.11666667"
"MEDELLÍN - TANQUES LA YE EPM","2020-12-04","","0.98416667"
"MEDELLÍN - TANQUES LA YE EPM","2020-12-03","","1.0925"
"MEDELLÍN - TANQUES LA YE EPM","2020-12-02","","0.90916667"
"MEDELLÍN - TANQUES LA YE EPM","2020-12-01","","0.68083333"
"MEDELLÍN - TANQUES LA YE EPM","2020-11-30","","0.68041667"
"MEDELLÍN - TANQUES LA YE EPM","2020-11-29","","0.84208333"
"MEDELLÍN - TANQUES LA YE EPM","2020-11-28","","0.85043478"
"MEDELLÍN - TANQUES LA YE EPM","2020-11-27","","1.00291667"
"MEDELLÍN - TANQUES LA YE EPM","2020-11-26","","0.80291667"
"MEDELLÍN - TANQUES LA YE EPM","2020-11-25","","0.94375"
"MEDELLÍN - TANQUES LA YE EPM","2020-11-24","","1.06083333"
"MEDELLÍN - TANQUES LA YE EPM","2020-11-23","","0.9825"
"MEDELLÍN - TANQUES LA YE EPM","2020-11-22","","1.00541667"
"MEDELLÍN - TANQUES LA YE EPM","2020-11-21","","0.90166667"
"MEDELLÍN - TANQUES LA YE EPM","2020-11-20","","0.87291667"
"MEDELLÍN - TANQUES LA YE EPM","2020-11-19","","0.70958333"
"MEDELLÍN - TANQUES LA YE EPM","2020-11-18","","0.65291667"
"MEDELLÍN - TANQUES LA YE EPM","2020-11-17","","0.865"
"MEDELLÍN - TANQUES LA YE EPM","2020-11-16","","0.72916667"
"MEDELLÍN - TANQUES LA YE EPM","2020-11-15","","0.98833333"
"MEDELLÍN - TANQUES LA YE EPM","2020-11-14","","1.02916667"
"MEDELLÍN - TANQUES LA YE EPM","2020-11-13","","0.83291667"
"MEDELLÍN - TANQUES LA YE EPM","2020-11-12","","0.68041667"
"MEDELLÍN - TANQUES LA YE EPM","2020-11-11","","0.66833333"
"MEDELLÍN - TANQUES LA YE EPM","2020-11-10","","0.90458333"
"MEDELLÍN - TANQUES LA YE EPM","2020-11-09","","0.84791667"
"MEDELLÍN - TANQUES LA YE EPM","2020-11-08","","0.82708333"
"MEDELLÍN - TANQUES LA YE EPM","2020-11-07","","0.93458333"
"MEDELLÍN - TANQUES LA YE EPM","2020-11-06","","0.92541667"
"MEDELLÍN - TANQUES LA YE EPM","2020-11-05","","0.90083333"
"MEDELLÍN - TANQUES LA YE EPM","2020-11-04","","0.67833333"
"MEDELLÍN - TANQUES LA YE EPM","2020-11-03","","0.715"
"MEDELLÍN - TANQUES LA YE EPM","2020-11-02","","0.85208333"
"MEDELLÍN - TANQUES LA YE EPM","2020-11-01","","0.86041667"
"MEDELLÍN - TANQUES LA YE EPM","2020-10-31","","0.85583333"
"MEDELLÍN - TANQUES LA YE EPM","2020-10-30","","1.03625"
"MEDELLÍN - TANQUES LA YE EPM","2020-10-29","","1.09458333"
"MEDELLÍN - TANQUES LA YE EPM","2020-10-28","","0.9175"
"MEDELLÍN - TANQUES LA YE EPM","2020-10-27","","1.41416667"
"MEDELLÍN - TANQUES LA YE EPM","2020-10-26","","0.91"
"MEDELLÍN - TANQUES LA YE EPM","2020-10-25","","1.04"
"MEDELLÍN - TANQUES LA YE EPM","2020-10-24","","0.66708333"
"MEDELLÍN - TANQUES LA YE EPM","2020-10-23","","1.1175"
"MEDELLÍN - TANQUES LA YE EPM","2020-10-22","","0.97625"
"MEDELLÍN - TANQUES LA YE EPM","2020-10-21","","0.99666667"
"MEDELLÍN - TANQUES LA YE EPM","2020-10-20","","0.80041667"
"MEDELLÍN - TANQUES LA YE EPM","2020-10-19","","0.87875"
"MEDELLÍN - TANQUES LA YE EPM","2020-10-18","","1.19791667"
"MEDELLÍN - TANQUES LA YE EPM","2020-10-17","","0.98375"
"MEDELLÍN - TANQUES LA YE EPM","2020-10-16","","1.13416667"
"MEDELLÍN - TANQUES LA YE EPM","2020-10-15","","0.8925"
"MEDELLÍN - TANQUES LA YE EPM","2020-10-14","","0.99791667"
"MEDELLÍN - TANQUES LA YE EPM","2020-10-13","","0.88375"
"MEDELLÍN - TANQUES LA YE EPM","2020-10-12","","0.96"
"MEDELLÍN - TANQUES LA YE EPM","2020-10-11","","1.15291667"
"MEDELLÍN - TANQUES LA YE EPM","2020-10-10","","1.28208333"
"MEDELLÍN - TANQUES LA YE EPM","2020-10-09","","0.92666667"
"MEDELLÍN - TANQUES LA YE EPM","2020-10-08","","1.0075"
"MEDELLÍN - TANQUES LA YE EPM","2020-10-07","","1.03041667"
"MEDELLÍN - TANQUES LA YE EPM","2020-10-06","","1.03208333"
"MEDELLÍN - TANQUES LA YE EPM","2020-10-05","","0.91666667"
"MEDELLÍN - TANQUES LA YE EPM","2020-10-04","","0.72041667"
"MEDELLÍN - TANQUES LA YE EPM","2020-10-03","","0.64125"
"MEDELLÍN - TANQUES LA YE EPM","2020-10-02","","0.83458333"
"MEDELLÍN - TANQUES LA YE EPM","2020-10-01","","1.06208333"
"MEDELLÍN - TANQUES LA YE EPM","2020-09-30","","0.88125"
"MEDELLÍN - TANQUES LA YE EPM","2020-09-29","","0.83625"
"MEDELLÍN - TANQUES LA YE EPM","2020-09-28","","1.36791667"
"MEDELLÍN - TANQUES LA YE EPM","2020-09-27","","1.04125"
"MEDELLÍN - TANQUES LA YE EPM","2020-09-26","","0.87208333"
"MEDELLÍN - TANQUES LA YE EPM","2020-09-25","","1.30833333"
"MEDELLÍN - TANQUES LA YE EPM","2020-09-24","","1.00916667"
"MEDELLÍN - TANQUES LA YE EPM","2020-09-23","","0.93714286"
"MEDELLÍN - TANQUES LA YE EPM","2020-09-22","","0.635"
"MEDELLÍN - TANQUES LA YE EPM","2020-09-21","","0.84434783"
"MEDELLÍN - TANQUES LA YE EPM","2020-09-20","","0.94333333"
"MEDELLÍN - TANQUES LA YE EPM","2020-09-19","","0.96304348"
"MEDELLÍN - TANQUES LA YE EPM","2020-09-18","","0.80571429"
"MEDELLÍN - TANQUES LA YE EPM","2020-09-17","","0.89416667"
"MEDELLÍN - TANQUES LA YE EPM","2020-09-16","","0.98954545"
"MEDELLÍN - TANQUES LA YE EPM","2020-09-15","","1.16913043"
"MEDELLÍN - TANQUES LA YE EPM","2020-09-14","","1.32681818"
"MEDELLÍN - TANQUES LA YE EPM","2020-09-13","","1.07285714"
"MEDELLÍN - TANQUES LA YE EPM","2020-09-12","","1.03"
"MEDELLÍN - TANQUES LA YE EPM","2020-09-11","","0.90590909"
"MEDELLÍN - TANQUES LA YE EPM","2020-09-10","","0.92521739"
"MEDELLÍN - TANQUES LA YE EPM","2020-09-09","","0.87608696"
"MEDELLÍN - TANQUES LA YE EPM","2020-09-08","","0.85916667"
"MEDELLÍN - TANQUES LA YE EPM","2020-09-07","","1.0175"
"MEDELLÍN - TANQUES LA YE EPM","2020-09-06","","1.15625"
"MEDELLÍN - TANQUES LA YE EPM","2020-09-05","","1.18791667"
"MEDELLÍN - TANQUES LA YE EPM","2020-09-04","","0.88791667"
"MEDELLÍN - TANQUES LA YE EPM","2020-09-03","","1.13708333"
"MEDELLÍN - TANQUES LA YE EPM","2020-09-02","","1.15458333"
"MEDELLÍN - TANQUES LA YE EPM","2020-09-01","","0.88666667"
"MEDELLÍN - TANQUES LA YE EPM","2020-08-31","","0.73416667"
"MEDELLÍN - TANQUES LA YE EPM","2020-08-30","","1.01166667"
"MEDELLÍN - TANQUES LA YE EPM","2020-08-29","","1.16833333"
"MEDELLÍN - TANQUES LA YE EPM","2020-08-28","","1.06"
"MEDELLÍN - TANQUES LA YE EPM","2020-08-27","","1.24416667"
"MEDELLÍN - TANQUES LA YE EPM","2020-08-26","","0.88583333"
"MEDELLÍN - TANQUES LA YE EPM","2020-08-25","","0.72958333"
"MEDELLÍN - TANQUES LA YE EPM","2020-08-24","","0.79916667"
"MEDELLÍN - TANQUES LA YE EPM","2020-08-23","","0.93041667"
"MEDELLÍN - TANQUES LA YE EPM","2020-08-22","","0.96833333"
"MEDELLÍN - TANQUES LA YE EPM","2020-08-21","","0.81208333"
"MEDELLÍN - TANQUES LA YE EPM","2020-08-20","","1.01083333"
"MEDELLÍN - TANQUES LA YE EPM","2020-08-19","","0.76"
"MEDELLÍN - TANQUES LA YE EPM","2020-08-18","","0.8025"
"MEDELLÍN - TANQUES LA YE EPM","2020-08-17","","0.88791667"
"MEDELLÍN - TANQUES LA YE EPM","2020-08-16","","1.19166667"
"MEDELLÍN - TANQUES LA YE EPM","2020-08-15","","1.215"
"MEDELLÍN - TANQUES LA YE EPM","2020-08-14","","0.82166667"
"MEDELLÍN - TANQUES LA YE EPM","2020-08-13","","0.81708333"
"MEDELLÍN - TANQUES LA YE EPM","2020-08-12","","1.05"
"MEDELLÍN - TANQUES LA YE EPM","2020-08-11","","0.81208333"
"MEDELLÍN - TANQUES LA YE EPM","2020-08-10","","1.42166667"
"MEDELLÍN - TANQUES LA YE EPM","2020-08-09","","1.37541667"
"MEDELLÍN - TANQUES LA YE EPM","2020-08-08","","1.49041667"
"MEDELLÍN - TANQUES LA YE EPM","2020-08-07","","1.38875"
"MEDELLÍN - TANQUES LA YE EPM","2020-08-06","","1.03708333"
"MEDELLÍN - TANQUES LA YE EPM","2020-08-05","","1.20416667"
"MEDELLÍN - TANQUES LA YE EPM","2020-08-04","","1.08541667"
"MEDELLÍN - TANQUES LA YE EPM","2020-08-03","","1.21375"
"MEDELLÍN - TANQUES LA YE EPM","2020-08-02","","1.14083333"
"MEDELLÍN - TANQUES LA YE EPM","2020-08-01","","0.95375"
"MEDELLÍN - TANQUES LA YE EPM","2020-07-31","","0.86916667"
"MEDELLÍN - TANQUES LA YE EPM","2020-07-30","","0.77375"
"MEDELLÍN - TANQUES LA YE EPM","2020-07-29","","1.33541667"
"MEDELLÍN - TANQUES LA YE EPM","2020-07-28","","0.86291667"
"MEDELLÍN - TANQUES LA YE EPM","2020-07-27","","0.81458333"
"MEDELLÍN - TANQUES LA YE EPM","2020-07-26","","1.04333333"
"MEDELLÍN - TANQUES LA YE EPM","2020-07-25","","0.72708333"
"MEDELLÍN - TANQUES LA YE EPM","2020-07-24","","0.96916667"
"MEDELLÍN - TANQUES LA YE EPM","2020-07-23","","0.77333333"
"MEDELLÍN - TANQUES LA YE EPM","2020-07-22","","0.72333333"
"MEDELLÍN - TANQUES LA YE EPM","2020-07-21","","0.88791667"
"MEDELLÍN - TANQUES LA YE EPM","2020-07-20","","1.0275"
"MEDELLÍN - TANQUES LA YE EPM","2020-07-19","","1.14625"
"MEDELLÍN - TANQUES LA YE EPM","2020-07-18","","1.24958333"
"MEDELLÍN - TANQUES LA YE EPM","2020-07-17","","1.26583333"
"MEDELLÍN - TANQUES LA YE EPM","2020-07-16","","1.03083333"
"MEDELLÍN - TANQUES LA YE EPM","2020-07-15","","1.12666667"
"MEDELLÍN - TANQUES LA YE EPM","2020-07-14","","1.31416667"
"MEDELLÍN - TANQUES LA YE EPM","2020-07-13","","0.965"
"MEDELLÍN - TANQUES LA YE EPM","2020-07-12","","0.7825"
"MEDELLÍN - TANQUES LA YE EPM","2020-07-11","","0.5875"
"MEDELLÍN - TANQUES LA YE EPM","2020-07-10","","0.72125"
"MEDELLÍN - TANQUES LA YE EPM","2020-07-09","","0.96416667"
"MEDELLÍN - TANQUES LA YE EPM","2020-07-08","","0.77041667"
"MEDELLÍN - TANQUES LA YE EPM","2020-07-07","","1.05708333"
"MEDELLÍN - TANQUES LA YE EPM","2020-07-06","","0.76333333"
"MEDELLÍN - TANQUES LA YE EPM","2020-07-05","","0.73916667"
"MEDELLÍN - TANQUES LA YE EPM","2020-07-04","","0.68125"
"MEDELLÍN - TANQUES LA YE EPM","2020-07-03","","0.7275"
"MEDELLÍN - TANQUES LA YE EPM","2020-07-02","","0.83041667"
"MEDELLÍN - TANQUES LA YE EPM","2020-07-01","","0.75958333"
"MEDELLÍN - TANQUES LA YE EPM","2020-06-30","","0.8725"
"MEDELLÍN - TANQUES LA YE EPM","2020-06-29","","1.07291667"
"MEDELLÍN - TANQUES LA YE EPM","2020-06-28","","0.7125"
"MEDELLÍN - TANQUES LA YE EPM","2020-06-27","","0.72958333"
"MEDELLÍN - TANQUES LA YE EPM","2020-06-26","","1.01416667"
"MEDELLÍN - TANQUES LA YE EPM","2020-06-25","","1.35458333"
"MEDELLÍN - TANQUES LA YE EPM","2020-06-24","","1.28666667"
"MEDELLÍN - TANQUES LA YE EPM","2020-06-23","","1.25583333"
"MEDELLÍN - TANQUES LA YE EPM","2020-06-22","","0.97333333"
"MEDELLÍN - TANQUES LA YE EPM","2020-06-21","","1.09"
"MEDELLÍN - TANQUES LA YE EPM","2020-06-20","","1.16125"
"MEDELLÍN - TANQUES LA YE EPM","2020-06-19","","1.57375"
"MEDELLÍN - TANQUES LA YE EPM","2020-06-18","","1.23208333"
"MEDELLÍN - TANQUES LA YE EPM","2020-06-17","","0.79875"
"MEDELLÍN - TANQUES LA YE EPM","2020-06-16","","1.11666667"
"MEDELLÍN - TANQUES LA YE EPM","2020-06-15","","0.98291667"
"MEDELLÍN - TANQUES LA YE EPM","2020-06-14","","1.08916667"
"MEDELLÍN - TANQUES LA YE EPM","2020-06-13","","1.10333333"
"MEDELLÍN - TANQUES LA YE EPM","2020-06-12","","0.74791667"
"MEDELLÍN - TANQUES LA YE EPM","2020-06-11","","0.74083333"
"MEDELLÍN - TANQUES LA YE EPM","2020-06-10","","0.61791667"
"MEDELLÍN - TANQUES LA YE EPM","2020-06-09","","0.94041667"
"MEDELLÍN - TANQUES LA YE EPM","2020-06-08","","1.29125"
"MEDELLÍN - TANQUES LA YE EPM","2020-06-07","","1.41333333"
"MEDELLÍN - TANQUES LA YE EPM","2020-06-06","","1.12875"
"MEDELLÍN - TANQUES LA YE EPM","2020-06-05","","1.16041667"
"MEDELLÍN - TANQUES LA YE EPM","2020-06-04","","1.0425"
"MEDELLÍN - TANQUES LA YE EPM","2020-06-03","","0.85652174"
"MEDELLÍN - TANQUES LA YE EPM","2020-06-02","","0.86041667"
"MEDELLÍN - TANQUES LA YE EPM","2020-06-01","","1.02083333"
"MEDELLÍN - TANQUES LA YE EPM","2020-05-31","","0.75125"
"MEDELLÍN - TANQUES LA YE EPM","2020-05-30","","0.73666667"
"MEDELLÍN - TANQUES LA YE EPM","2020-05-29","","0.68958333"
"MEDELLÍN - TANQUES LA YE EPM","2020-05-28","","0.8475"
"MEDELLÍN - TANQUES LA YE EPM","2020-05-27","","0.79791667"
"MEDELLÍN - TANQUES LA YE EPM","2020-05-26","","1.72333333"
"MEDELLÍN - TANQUES LA YE EPM","2020-05-25","","1.13083333"
"MEDELLÍN - TANQUES LA YE EPM","2020-05-24","","1.49125"
"MEDELLÍN - TANQUES LA YE EPM","2020-05-23","","1.35833333"
"MEDELLÍN - TANQUES LA YE EPM","2020-05-22","","1.10666667"
"MEDELLÍN - TANQUES LA YE EPM","2020-05-21","","1.09625"
"MEDELLÍN - TANQUES LA YE EPM","2020-05-20","","1.15958333"
"MEDELLÍN - TANQUES LA YE EPM","2020-05-19","","0.83625"
"MEDELLÍN - TANQUES LA YE EPM","2020-05-18","","1.42791667"
"MEDELLÍN - TANQUES LA YE EPM","2020-05-17","","1.30791667"
"MEDELLÍN - TANQUES LA YE EPM","2020-05-16","","0.93916667"
"MEDELLÍN - TANQUES LA YE EPM","2020-05-15","","0.91958333"
"MEDELLÍN - TANQUES LA YE EPM","2020-05-14","","0.90625"
"MEDELLÍN - TANQUES LA YE EPM","2020-05-13","","1.11458333"
"MEDELLÍN - TANQUES LA YE EPM","2020-05-12","","0.98833333"
"MEDELLÍN - TANQUES LA YE EPM","2020-05-11","","0.90625"
"MEDELLÍN - TANQUES LA YE EPM","2020-05-10","","1.55625"
"MEDELLÍN - TANQUES LA YE EPM","2020-05-09","","1.2025"
"MEDELLÍN - TANQUES LA YE EPM","2020-05-08","","1.25916667"
"MEDELLÍN - TANQUES LA YE EPM","2020-05-07","","1.32708333"
"MEDELLÍN - TANQUES LA YE EPM","2020-05-06","","0.88833333"
"MEDELLÍN - TANQUES LA YE EPM","2020-05-05","","1.24333333"
"MEDELLÍN - TANQUES LA YE EPM","2020-05-04","","1.21208333"
"MEDELLÍN - TANQUES LA YE EPM","2020-05-03","","1.2825"
"MEDELLÍN - TANQUES LA YE EPM","2020-05-02","","1.09416667"
"MEDELLÍN - TANQUES LA YE EPM","2020-05-01","","0.88"
"MEDELLÍN - TANQUES LA YE EPM","2020-04-30","","0.79791667"
"MEDELLÍN - TANQUES LA YE EPM","2020-04-29","","0.8175"
"MEDELLÍN - TANQUES LA YE EPM","2020-04-28","","1.22291667"
"MEDELLÍN - TANQUES LA YE EPM","2020-04-27","","0.93458333"
"MEDELLÍN - TANQUES LA YE EPM","2020-04-26","","1.16458333"
"MEDELLÍN - TANQUES LA YE EPM","2020-04-25","","1.50041667"
"MEDELLÍN - TANQUES LA YE EPM","2020-04-24","","1.09166667"
"MEDELLÍN - TANQUES LA YE EPM","2020-04-23","","1.01684211"
"MEDELLÍN - TANQUES LA YE EPM","2020-04-22","","1.23272727"
"MEDELLÍN - TANQUES LA YE EPM","2020-04-20","","0.86866667"
"MEDELLÍN - TANQUES LA YE EPM","2020-04-19","","0.71916667"
"MEDELLÍN - TANQUES LA YE EPM","2020-04-18","","0.76857143"
"MEDELLÍN - TANQUES LA YE EPM","2020-04-17","","1.069375"
"MEDELLÍN - TANQUES LA YE EPM","2020-04-16","","1.125625"
"MEDELLÍN - TANQUES LA YE EPM","2020-04-15","","1.27727273"
"MEDELLÍN - TANQUES LA YE EPM","2020-04-14","","1.319375"
"MEDELLÍN - TANQUES LA YE EPM","2020-04-13","","0.9225"
"MEDELLÍN - TANQUES LA YE EPM","2020-04-12","","0.82666667"
"MEDELLÍN - TANQUES LA YE EPM","2020-04-11","","0.67684211"
"MEDELLÍN - TANQUES LA YE EPM","2020-04-10","","0.87588235"
"MEDELLÍN - TANQUES LA YE EPM","2020-04-09","","0.97866667"
"MEDELLÍN - TANQUES LA YE EPM","2020-04-08","","0.9535"
"MEDELLÍN - TANQUES LA YE EPM","2020-04-06","","0.99578947"
"MEDELLÍN - TANQUES LA YE EPM","2020-04-05","","1.17421053"
"MEDELLÍN - TANQUES LA YE EPM","2020-04-04","","0.89941176"
"MEDELLÍN - TANQUES LA YE EPM","2020-04-03","","0.95125"
"MEDELLÍN - TANQUES LA YE EPM","2020-04-02","","1.62555556"
"MEDELLÍN - TANQUES LA YE EPM","2020-04-01","","0.723"
"MEDELLÍN - TANQUES LA YE EPM","2020-03-31","","0.6895"
"MEDELLÍN - TANQUES LA YE EPM","2020-03-30","","0.70809524"
"MEDELLÍN - TANQUES LA YE EPM","2020-03-29","","0.88533333"
"MEDELLÍN - TANQUES LA YE EPM","2020-03-28","","1.29266667"
"MEDELLÍN - TANQUES LA YE EPM","2020-03-27","","1.17"
"MEDELLÍN - TANQUES LA YE EPM","2020-03-26","","1.03058824"
"MEDELLÍN - TANQUES LA YE EPM","2020-03-25","","1.37"
"MEDELLÍN - TANQUES LA YE EPM","2020-03-24","","1.134375"
"MEDELLÍN - TANQUES LA YE EPM","2020-03-23","","1.0125"
"MEDELLÍN - TANQUES LA YE EPM","2020-03-22","","1.46153846"
"MEDELLÍN - TANQUES LA YE EPM","2020-03-21","","0.94307692"
"MEDELLÍN - TANQUES LA YE EPM","2020-03-20","","0.745"
"MEDELLÍN - TANQUES LA YE EPM","2020-03-19","","1.19"
"MEDELLÍN - TANQUES LA YE EPM","2020-03-18","","1.38764706"
"MEDELLÍN - TANQUES LA YE EPM","2020-03-17","","1.42666667"
"MEDELLÍN - TANQUES LA YE EPM","2020-03-16","","1.14833333"
"MEDELLÍN - TANQUES LA YE EPM","2020-03-15","","1.0"
"MEDELLÍN - TANQUES LA YE EPM","2020-03-14","","0.788125"
"MEDELLÍN - TANQUES LA YE EPM","2020-03-13","","0.78294118"
"MEDELLÍN - TANQUES LA YE EPM","2020-03-12","","0.655"
"MEDELLÍN - TANQUES LA YE EPM","2020-03-11","","0.83444444"
"MEDELLÍN - TANQUES LA YE EPM","2020-03-10","","0.695"
"MEDELLÍN - TANQUES LA YE EPM","2020-03-09","","1.023"
"MEDELLÍN - TANQUES LA YE EPM","2020-03-08","","0.95086957"
"MEDELLÍN - TANQUES LA YE EPM","2020-03-07","","1.0075"
"MEDELLÍN - TANQUES LA YE EPM","2020-03-06","","1.30842105"
"MEDELLÍN - TANQUES LA YE EPM","2020-03-05","","1.19117647"
"MEDELLÍN - TANQUES LA YE EPM","2020-03-04","","1.06684211"
"MEDELLÍN - TANQUES LA YE EPM","2020-03-03","","1.16954545"
"MEDELLÍN - TANQUES LA YE EPM","2020-03-02","","1.32416667"
"MEDELLÍN - TANQUES LA YE EPM","2020-03-01","","1.01333333"
"MEDELLÍN - TANQUES LA YE EPM","2020-02-29","","1.06875"
"MEDELLÍN - TANQUES LA YE EPM","2020-02-28","","1.095"
"MEDELLÍN - TANQUES LA YE EPM","2020-02-27","","1.13708333"
"MEDELLÍN - TANQUES LA YE EPM","2020-02-26","","0.86291667"
"MEDELLÍN - TANQUES LA YE EPM","2020-02-25","","0.83291667"
"MEDELLÍN - TANQUES LA YE EPM","2020-02-24","","0.75833333"
"MEDELLÍN - TANQUES LA YE EPM","2020-02-23","","0.88086957"
"MEDELLÍN - TANQUES LA YE EPM","2020-02-22","","0.71416667"
"MEDELLÍN - TANQUES LA YE EPM","2020-02-21","","1.26916667"
"MEDELLÍN - TANQUES LA YE EPM","2020-02-20","","1.14791667"
"MEDELLÍN - TANQUES LA YE EPM","2020-02-19","","1.47333333"
"MEDELLÍN - TANQUES LA YE EPM","2020-02-18","","1.59217391"
"MEDELLÍN - TANQUES LA YE EPM","2020-02-17","","0.96380952"
"MEDELLÍN - TANQUES LA YE EPM","2020-02-16","","1.23047619"
"MEDELLÍN - TANQUES LA YE EPM","2020-02-15","","0.88"
"MEDELLÍN - TANQUES LA YE EPM","2020-02-14","","1.015625"
"MEDELLÍN - TANQUES LA YE EPM","2020-02-13","","1.56789474"
"MEDELLÍN - TANQUES LA YE EPM","2020-02-12","","0.83615385"
"MEDELLÍN - TANQUES LA YE EPM","2020-02-11","","1.04666667"
"MEDELLÍN - TANQUES LA YE EPM","2020-02-10","","1.7585"
"MEDELLÍN - TANQUES LA YE EPM","2020-02-09","","1.573125"
"MEDELLÍN - TANQUES LA YE EPM","2020-02-08","","1.15444444"
"MEDELLÍN - TANQUES LA YE EPM","2020-02-07","","0.88818182"
"MEDELLÍN - TANQUES LA YE EPM","2020-02-03","","1.503125"
"MEDELLÍN - TANQUES LA YE EPM","2020-02-02","","0.87833333"
"MEDELLÍN - TANQUES LA YE EPM","2020-02-01","","1.172"
"MEDELLÍN - TANQUES LA YE EPM","2020-01-31","","0.9775"
"MEDELLÍN - TANQUES LA YE EPM","2020-01-30","","1.24125"
"MEDELLÍN - TANQUES LA YE EPM","2020-01-29","","0.99125"
"MEDELLÍN - TANQUES LA YE EPM","2020-01-28","","1.12875"
"MEDELLÍN - TANQUES LA YE EPM","2020-01-27","","1.13695652"
"MEDELLÍN - TANQUES LA YE EPM","2020-01-26","","1.09166667"
"MEDELLÍN - TANQUES LA YE EPM","2020-01-25","","1.17565217"
"MEDELLÍN - TANQUES LA YE EPM","2020-01-24","","1.07333333"
"MEDELLÍN - TANQUES LA YE EPM","2020-01-23","","0.935"
"MEDELLÍN - TANQUES LA YE EPM","2020-01-22","","1.03958333"
"MEDELLÍN - TANQUES LA YE EPM","2020-01-21","","1.10083333"
"MEDELLÍN - TANQUES LA YE EPM","2020-01-20","","0.9425"
"MEDELLÍN - TANQUES LA YE EPM","2020-01-19","","1.09083333"
"MEDELLÍN - TANQUES LA YE EPM","2020-01-18","","1.09666667"
"MEDELLÍN - TANQUES LA YE EPM","2020-01-17","","1.37583333"
"MEDELLÍN - TANQUES LA YE EPM","2020-01-16","","1.38625"
"MEDELLÍN - TANQUES LA YE EPM","2020-01-15","","0.96625"
"MEDELLÍN - TANQUES LA YE EPM","2020-01-14","","1.08333333"
"MEDELLÍN - TANQUES LA YE EPM","2020-01-13","","1.04478261"
"MEDELLÍN - TANQUES LA YE EPM","2020-01-12","","1.29458333"
"MEDELLÍN - TANQUES LA YE EPM","2020-01-11","","1.53708333"
"MEDELLÍN - TANQUES LA YE EPM","2020-01-10","","1.27791667"
"MEDELLÍN - TANQUES LA YE EPM","2020-01-09","","1.485"
"MEDELLÍN - TANQUES LA YE EPM","2020-01-08","","1.40666667"
"MEDELLÍN - TANQUES LA YE EPM","2020-01-07","","1.48375"
"MEDELLÍN - TANQUES LA YE EPM","2020-01-06","","1.47041667"
"MEDELLÍN - TANQUES LA YE EPM","2020-01-05","","1.19166667"
"MEDELLÍN - TANQUES LA YE EPM","2020-01-04","","1.26333333"
"MEDELLÍN - TANQUES LA YE EPM","2020-01-03","","1.07875"
"MEDELLÍN - TANQUES LA YE EPM","2020-01-02","","0.96791667"
"MEDELLÍN - TANQUES LA YE EPM","2020-01-01","","0.97956522"
"MEDELLÍN - TANQUES LA YE EPM","2019-12-31","","0.7475"
"MEDELLÍN - TANQUES LA YE EPM","2019-12-30","","0.67166667"
"MEDELLÍN - TANQUES LA YE EPM","2019-12-29","","1.06"
"MEDELLÍN - TANQUES LA YE EPM","2019-12-28","","1.30958333"
"MEDELLÍN - TANQUES LA YE EPM","2019-12-27","","0.91541667"
"MEDELLÍN - TANQUES LA YE EPM","2019-12-26","","1.09130435"
"MEDELLÍN - TANQUES LA YE EPM","2019-12-25","","0.88208333"
"MEDELLÍN - TANQUES LA YE EPM","2019-12-24","","1.28521739"
"MEDELLÍN - TANQUES LA YE EPM","2019-12-23","","1.27708333"
"MEDELLÍN - TANQUES LA YE EPM","2019-12-22","","1.14565217"
"MEDELLÍN - TANQUES LA YE EPM","2019-12-21","","1.078"
"MEDELLÍN - TANQUES LA YE EPM","2019-12-20","","1.05083333"
"MEDELLÍN - TANQUES LA YE EPM","2019-12-19","","0.99954545"
"MEDELLÍN - TANQUES LA YE EPM","2019-12-18","","0.72541667"
"MEDELLÍN - TANQUES LA YE EPM","2019-12-17","","0.89458333"
"MEDELLÍN - TANQUES LA YE EPM","2019-12-16","","0.81208333"
"MEDELLÍN - TANQUES LA YE EPM","2019-12-15","","0.835"
"MEDELLÍN - TANQUES LA YE EPM","2019-12-14","","0.78541667"
"MEDELLÍN - TANQUES LA YE EPM","2019-12-13","","0.66416667"
"MEDELLÍN - TANQUES LA YE EPM","2019-12-12","","0.90666667"
"MEDELLÍN - TANQUES LA YE EPM","2019-12-11","","1.04375"
"MEDELLÍN - TANQUES LA YE EPM","2019-12-10","","1.01583333"
"MEDELLÍN - TANQUES LA YE EPM","2019-12-09","","1.08291667"
"MEDELLÍN - TANQUES LA YE EPM","2019-12-08","","0.99833333"
"MEDELLÍN - TANQUES LA YE EPM","2019-12-07","","0.65375"
"MEDELLÍN - TANQUES LA YE EPM","2019-12-06","","0.90458333"
"MEDELLÍN - TANQUES LA YE EPM","2019-12-05","","1.20666667"
"MEDELLÍN - TANQUES LA YE EPM","2019-12-04","","0.88833333"
"MEDELLÍN - TANQUES LA YE EPM","2019-12-03","","1.00541667"
"MEDELLÍN - TANQUES LA YE EPM","2019-12-02","","1.05875"
"MEDELLÍN - TANQUES LA YE EPM","2019-12-01","","1.46166667"
"MEDELLÍN - TANQUES LA YE EPM","2019-11-30","","1.01333333"
"MEDELLÍN - TANQUES LA YE EPM","2019-11-29","","0.87416667"
"MEDELLÍN - TANQUES LA YE EPM","2019-11-28","","1.30136364"
"MEDELLÍN - TANQUES LA YE EPM","2019-11-27","","1.23434783"
"MEDELLÍN - TANQUES LA YE EPM","2019-11-26","","1.12409091"
"MEDELLÍN - TANQUES LA YE EPM","2019-11-25","","1.14291667"
"MEDELLÍN - TANQUES LA YE EPM","2019-11-24","","0.88047619"
"MEDELLÍN - TANQUES LA YE EPM","2019-11-23","","0.75913043"
"MEDELLÍN - TANQUES LA YE EPM","2019-11-22","","1.16478261"
"MEDELLÍN - TANQUES LA YE EPM","2019-11-21","","0.902"
"MEDELLÍN - TANQUES LA YE EPM","2019-11-20","","1.10375"
"MEDELLÍN - TANQUES LA YE EPM","2019-11-19","","0.78958333"
"MEDELLÍN - TANQUES LA YE EPM","2019-11-18","","0.885"
"MEDELLÍN - TANQUES LA YE EPM","2019-11-17","","0.74416667"
"MEDELLÍN - TANQUES LA YE EPM","2019-11-16","","1.06411765"
"MEDELLÍN - TANQUES LA YE EPM","2019-11-15","","0.82666667"
"MEDELLÍN - TANQUES LA YE EPM","2019-11-14","","0.68583333"
"MEDELLÍN - TANQUES LA YE EPM","2019-11-13","","0.77636364"
"MEDELLÍN - TANQUES LA YE EPM","2019-11-12","","0.74541667"
"MEDELLÍN - TANQUES LA YE EPM","2019-11-11","","0.60166667"
"MEDELLÍN - TANQUES LA YE EPM","2019-11-10","","0.95666667"
"MEDELLÍN - TANQUES LA YE EPM","2019-11-09","","0.99875"
"MEDELLÍN - TANQUES LA YE EPM","2019-11-08","","1.18583333"
"MEDELLÍN - TANQUES LA YE EPM","2019-11-07","","1.158"
"MEDELLÍN - TANQUES LA YE EPM","2019-11-06","","1.30833333"
"MEDELLÍN - TANQUES LA YE EPM","2019-11-05","","0.835"
"MEDELLÍN - TANQUES LA YE EPM","2019-11-04","","1.045"
"MEDELLÍN - TANQUES LA YE EPM","2019-11-03","","0.84791667"
"MEDELLÍN - TANQUES LA YE EPM","2019-11-02","","0.73208333"
"MEDELLÍN - TANQUES LA YE EPM","2019-11-01","","0.89125"
"MEDELLÍN - TANQUES LA YE EPM","2019-10-31","","0.91791667"
"MEDELLÍN - TANQUES LA YE EPM","2019-10-30","","0.93727273"
"MEDELLÍN - TANQUES LA YE EPM","2019-10-29","","1.12041667"
"MEDELLÍN - TANQUES LA YE EPM","2019-10-28","","1.20083333"
"MEDELLÍN - TANQUES LA YE EPM","2019-10-27","","1.09083333"
"MEDELLÍN - TANQUES LA YE EPM","2019-10-26","","1.01166667"
"MEDELLÍN - TANQUES LA YE EPM","2019-10-25","","0.66291667"
"MEDELLÍN - TANQUES LA YE EPM","2019-10-24","","0.97458333"
"MEDELLÍN - TANQUES LA YE EPM","2019-10-23","","0.94875"
"MEDELLÍN - TANQUES LA YE EPM","2019-10-22","","0.77625"
"MEDELLÍN - TANQUES LA YE EPM","2019-10-21","","0.7175"
"MEDELLÍN - TANQUES LA YE EPM","2019-10-20","","0.80541667"
"MEDELLÍN - TANQUES LA YE EPM","2019-10-19","","1.0175"
"MEDELLÍN - TANQUES LA YE EPM","2019-10-18","","1.02916667"
"MEDELLÍN - TANQUES LA YE EPM","2019-10-17","","1.01458333"
"MEDELLÍN - TANQUES LA YE EPM","2019-10-16","","0.89363636"
"MEDELLÍN - TANQUES LA YE EPM","2019-10-15","","1.23708333"
"MEDELLÍN - TANQUES LA YE EPM","2019-10-14","","0.70666667"
"MEDELLÍN - TANQUES LA YE EPM","2019-10-13","","0.96791667"
"MEDELLÍN - TANQUES LA YE EPM","2019-10-12","","0.80125"
"MEDELLÍN - TANQUES LA YE EPM","2019-10-11","","0.69916667"
"MEDELLÍN - TANQUES LA YE EPM","2019-10-10","","0.76434783"
"MEDELLÍN - TANQUES LA YE EPM","2019-10-09","","1.055"
"MEDELLÍN - TANQUES LA YE EPM","2019-10-08","","1.03208333"
"MEDELLÍN - TANQUES LA YE EPM","2019-10-07","","1.25583333"
"MEDELLÍN - TANQUES LA YE EPM","2019-10-06","","1.09291667"
"MEDELLÍN - TANQUES LA YE EPM","2019-10-05","","1.085"
"MEDELLÍN - TANQUES LA YE EPM","2019-10-04","","1.32833333"
"MEDELLÍN - TANQUES LA YE EPM","2019-10-03","","1.08235294"
"MEDELLÍN - TANQUES LA YE EPM","2019-10-02","","1.06727273"
"MEDELLÍN - TANQUES LA YE EPM","2019-10-01","","1.03181818"
"MEDELLÍN - TANQUES LA YE EPM","2019-09-30","","0.8465"
"MEDELLÍN - TANQUES LA YE EPM","2019-09-29","","0.815"
"MEDELLÍN - TANQUES LA YE EPM","2019-09-28","","1.19045455"
"MEDELLÍN - TANQUES LA YE EPM","2019-09-27","","1.371"
"MEDELLÍN - TANQUES LA YE EPM","2019-09-26","","1.1295"
"MEDELLÍN - TANQUES LA YE EPM","2019-09-25","","0.75058824"
"MEDELLÍN - TANQUES LA YE EPM","2019-09-24","","1.04173913"
"MEDELLÍN - TANQUES LA YE EPM","2019-09-23","","0.65636364"
"MEDELLÍN - TANQUES LA YE EPM","2019-09-22","","0.98705882"
"MEDELLÍN - TANQUES LA YE EPM","2019-09-21","","0.795625"
"MEDELLÍN - TANQUES LA YE EPM","2019-09-20","","0.98454545"
"MEDELLÍN - TANQUES LA YE EPM","2019-09-19","","1.1565"
"MEDELLÍN - TANQUES LA YE EPM","2019-09-18","","0.8945"
"MEDELLÍN - TANQUES LA YE EPM","2019-09-17","","0.99227273"
"MEDELLÍN - TANQUES LA YE EPM","2019-09-16","","1.23708333"
"MEDELLÍN - TANQUES LA YE EPM","2019-09-15","","1.2973913"
"MEDELLÍN - TANQUES LA YE EPM","2019-09-14","","1.77375"
"MEDELLÍN - TANQUES LA YE EPM","2019-09-13","","1.41041667"
"MEDELLÍN - TANQUES LA YE EPM","2019-09-12","","1.34041667"
"MEDELLÍN - TANQUES LA YE EPM","2019-09-11","","1.28333333"
"MEDELLÍN - TANQUES LA YE EPM","2019-09-10","","1.33130435"
"MEDELLÍN - TANQUES LA YE EPM","2019-09-09","","0.90958333"
"MEDELLÍN - TANQUES LA YE EPM","2019-09-08","","1.53625"
"MEDELLÍN - TANQUES LA YE EPM","2019-09-07","","1.42416667"
"MEDELLÍN - TANQUES LA YE EPM","2019-09-06","","1.15041667"
"MEDELLÍN - TANQUES LA YE EPM","2019-09-05","","1.41875"
"MEDELLÍN - TANQUES LA YE EPM","2019-09-04","","1.20333333"
"MEDELLÍN - TANQUES LA YE EPM","2019-09-03","","1.11541667"
"MEDELLÍN - TANQUES LA YE EPM","2019-09-02","","1.26875"
"MEDELLÍN - TANQUES LA YE EPM","2019-09-01","","1.45"
"MEDELLÍN - TANQUES LA YE EPM","2019-08-31","","1.27875"
"MEDELLÍN - TANQUES LA YE EPM","2019-08-30","","1.44166667"
"MEDELLÍN - TANQUES LA YE EPM","2019-08-29","","1.35263158"
"MEDELLÍN - TANQUES LA YE EPM","2019-08-28","","1.2965"
"MEDELLÍN - TANQUES LA YE EPM","2019-08-27","","1.78045455"
"MEDELLÍN - TANQUES LA YE EPM","2019-08-26","","1.48454545"
"MEDELLÍN - TANQUES LA YE EPM","2019-08-25","","1.51478261"
"MEDELLÍN - TANQUES LA YE EPM","2019-08-24","","1.37333333"
"MEDELLÍN - TANQUES LA YE EPM","2019-08-23","","1.39125"
"MEDELLÍN - TANQUES LA YE EPM","2019-08-22","","1.48583333"
"MEDELLÍN - TANQUES LA YE EPM","2019-08-21","","1.21166667"
"MEDELLÍN - TANQUES LA YE EPM","2019-08-20","","1.415"
"MEDELLÍN - TANQUES LA YE EPM","2019-08-19","","1.52"
"MEDELLÍN - TANQUES LA YE EPM","2019-08-18","","1.11791667"
"MEDELLÍN - TANQUES LA YE EPM","2019-08-17","","0.71541667"
"MEDELLÍN - TANQUES LA YE EPM","2019-08-16","","0.89"
"MEDELLÍN - TANQUES LA YE EPM","2019-08-15","","1.39916667"
"MEDELLÍN - TANQUES LA YE EPM","2019-08-14","","1.21583333"
"MEDELLÍN - TANQUES LA YE EPM","2019-08-13","","1.57541667"
"MEDELLÍN - TANQUES LA YE EPM","2019-08-12","","1.44291667"
"MEDELLÍN - TANQUES LA YE EPM","2019-08-11","","1.51625"
"MEDELLÍN - TANQUES LA YE EPM","2019-08-10","","1.51666667"
"MEDELLÍN - TANQUES LA YE EPM","2019-08-09","","1.33541667"
"MEDELLÍN - TANQUES LA YE EPM","2019-08-08","","1.41083333"
"MEDELLÍN - TANQUES LA YE EPM","2019-08-07","","1.26708333"
"MEDELLÍN - TANQUES LA YE EPM","2019-08-06","","1.39916667"
"MEDELLÍN - TANQUES LA YE EPM","2019-08-05","","1.67583333"
"MEDELLÍN - TANQUES LA YE EPM","2019-08-04","","1.65125"
"MEDELLÍN - TANQUES LA YE EPM","2019-08-03","","0.91208333"
"MEDELLÍN - TANQUES LA YE EPM","2019-08-02","","1.08"
"MEDELLÍN - TANQUES LA YE EPM","2019-08-01","","1.25416667"
"MEDELLÍN - TANQUES LA YE EPM","2019-07-31","","1.13083333"
"MEDELLÍN - TANQUES LA YE EPM","2019-07-30","","1.01416667"
"MEDELLÍN - TANQUES LA YE EPM","2019-07-29","","1.21416667"
"MEDELLÍN - TANQUES LA YE EPM","2019-07-28","","1.25625"
"MEDELLÍN - TANQUES LA YE EPM","2019-07-27","","1.05333333"
"MEDELLÍN - TANQUES LA YE EPM","2019-07-26","","1.22416667"
"MEDELLÍN - TANQUES LA YE EPM","2019-07-25","","1.13708333"
"MEDELLÍN - TANQUES LA YE EPM","2019-07-24","","1.02833333"
"MEDELLÍN - TANQUES LA YE EPM","2019-07-23","","1.15958333"
"MEDELLÍN - TANQUES LA YE EPM","2019-07-22","","0.98958333"
"MEDELLÍN - TANQUES LA YE EPM","2019-07-21","","1.48208333"
"MEDELLÍN - TANQUES LA YE EPM","2019-07-20","","1.53625"
"MEDELLÍN - TANQUES LA YE EPM","2019-07-19","","0.96625"
"MEDELLÍN - TANQUES LA YE EPM","2019-07-18","","1.23708333"
"MEDELLÍN - TANQUES LA YE EPM","2019-07-17","","1.7625"
"MEDELLÍN - TANQUES LA YE EPM","2019-07-16","","0.99416667"
"MEDELLÍN - TANQUES LA YE EPM","2019-07-15","","0.94958333"
"MEDELLÍN - TANQUES LA YE EPM","2019-07-14","","0.95333333"
"MEDELLÍN - TANQUES LA YE EPM","2019-07-13","","1.33"
"MEDELLÍN - TANQUES LA YE EPM","2019-07-12","","1.12416667"
"MEDELLÍN - TANQUES LA YE EPM","2019-07-11","","0.89041667"
"MEDELLÍN - TANQUES LA YE EPM","2019-07-10","","1.22666667"
"MEDELLÍN - TANQUES LA YE EPM","2019-07-09","","0.96"
"MEDELLÍN - TANQUES LA YE EPM","2019-07-08","","1.23791667"
"MEDELLÍN - TANQUES LA YE EPM","2019-07-07","","1.53333333"
"MEDELLÍN - TANQUES LA YE EPM","2019-07-06","","1.26181818"
"MEDELLÍN - TANQUES LA YE EPM","2019-07-05","","1.24583333"
"MEDELLÍN - TANQUES LA YE EPM","2019-07-04","","1.04666667"
"MEDELLÍN - TANQUES LA YE EPM","2019-07-03","","0.84166667"
"MEDELLÍN - TANQUES LA YE EPM","2019-07-02","","0.82083333"
"MEDELLÍN - TANQUES LA YE EPM","2019-07-01","","1.31791667"
"MEDELLÍN - TANQUES LA YE EPM","2019-06-30","","1.48958333"
"MEDELLÍN - TANQUES LA YE EPM","2019-06-29","","1.36409091"
"MEDELLÍN - TANQUES LA YE EPM","2019-06-28","","1.28708333"
"MEDELLÍN - TANQUES LA YE EPM","2019-06-27","","1.40291667"
"MEDELLÍN - TANQUES LA YE EPM","2019-06-26","","1.71818182"
"MEDELLÍN - TANQUES LA YE EPM","2019-06-25","","0.97041667"
"MEDELLÍN - TANQUES LA YE EPM","2019-06-24","","1.18416667"
"MEDELLÍN - TANQUES LA YE EPM","2019-06-23","","1.20333333"
"MEDELLÍN - TANQUES LA YE EPM","2019-06-22","","1.34434783"
"MEDELLÍN - TANQUES LA YE EPM","2019-06-21","","1.27761905"
"MEDELLÍN - TANQUES LA YE EPM","2019-06-20","","1.32416667"
"MEDELLÍN - TANQUES LA YE EPM","2019-06-19","","1.09625"
"MEDELLÍN - TANQUES LA YE EPM","2019-06-18","","1.445"
"MEDELLÍN - TANQUES LA YE EPM","2019-06-17","","1.25333333"
"MEDELLÍN - TANQUES LA YE EPM","2019-06-16","","1.33541667"
"MEDELLÍN - TANQUES LA YE EPM","2019-06-15","","0.935"
"MEDELLÍN - TANQUES LA YE EPM","2019-06-14","","0.84791667"
"MEDELLÍN - TANQUES LA YE EPM","2019-06-13","","0.91041667"
"MEDELLÍN - TANQUES LA YE EPM","2019-06-12","","0.80791667"
"MEDELLÍN - TANQUES LA YE EPM","2019-06-11","","1.07541667"
"MEDELLÍN - TANQUES LA YE EPM","2019-06-10","","0.93333333"
"MEDELLÍN - TANQUES LA YE EPM","2019-06-09","","1.32083333"
"MEDELLÍN - TANQUES LA YE EPM","2019-06-08","","1.08375"
"MEDELLÍN - TANQUES LA YE EPM","2019-06-07","","0.81625"
"MEDELLÍN - TANQUES LA YE EPM","2019-06-06","","0.99708333"
"MEDELLÍN - TANQUES LA YE EPM","2019-06-05","","0.89875"
"MEDELLÍN - TANQUES LA YE EPM","2019-06-04","","1.49041667"
"MEDELLÍN - TANQUES LA YE EPM","2019-06-03","","0.9825"
"MEDELLÍN - TANQUES LA YE EPM","2019-06-02","","0.89208333"
"MEDELLÍN - TANQUES LA YE EPM","2019-06-01","","1.15090909"
"MEDELLÍN - TANQUES LA YE EPM","2019-05-31","","0.90083333"
"MEDELLÍN - TANQUES LA YE EPM","2019-05-30","","0.87708333"
"MEDELLÍN - TANQUES LA YE EPM","2019-05-29","","0.9475"
"MEDELLÍN - TANQUES LA YE EPM","2019-05-28","","0.81458333"
"MEDELLÍN - TANQUES LA YE EPM","2019-05-27","","1.05708333"
"MEDELLÍN - TANQUES LA YE EPM","2019-05-26","","0.93041667"
"MEDELLÍN - TANQUES LA YE EPM","2019-05-25","","0.77541667"
"MEDELLÍN - TANQUES LA YE EPM","2019-05-24","","0.805"
"MEDELLÍN - TANQUES LA YE EPM","2019-05-23","","0.77809524"
"MEDELLÍN - TANQUES LA YE EPM","2019-05-22","","0.80208333"
"MEDELLÍN - TANQUES LA YE EPM","2019-05-21","","0.72708333"
"MEDELLÍN - TANQUES LA YE EPM","2019-05-20","","1.00833333"
"MEDELLÍN - TANQUES LA YE EPM","2019-05-19","","0.74708333"
"MEDELLÍN - TANQUES LA YE EPM","2019-05-18","","0.84"
"MEDELLÍN - TANQUES LA YE EPM","2019-05-17","","0.90291667"
"MEDELLÍN - TANQUES LA YE EPM","2019-05-16","","0.79083333"
"MEDELLÍN - TANQUES LA YE EPM","2019-05-15","","1.01444444"
"MEDELLÍN - TANQUES LA YE EPM","2019-05-14","","1.05333333"
"MEDELLÍN - TANQUES LA YE EPM","2019-05-13","","0.84708333"
"MEDELLÍN - TANQUES LA YE EPM","2019-05-12","","0.96208333"
"MEDELLÍN - TANQUES LA YE EPM","2019-05-11","","0.73"
"MEDELLÍN - TANQUES LA YE EPM","2019-05-10","","0.81708333"
"MEDELLÍN - TANQUES LA YE EPM","2019-05-09","","0.78791667"
"MEDELLÍN - TANQUES LA YE EPM","2019-05-08","","0.93142857"
"MEDELLÍN - TANQUES LA YE EPM","2019-05-07","","1.27916667"
"MEDELLÍN - TANQUES LA YE EPM","2019-05-06","","1.36916667"
"MEDELLÍN - TANQUES LA YE EPM","2019-05-05","","0.99625"
"MEDELLÍN - TANQUES LA YE EPM","2019-05-04","","1.12166667"
"MEDELLÍN - TANQUES LA YE EPM","2019-05-03","","1.41666667"
"MEDELLÍN - TANQUES LA YE EPM","2019-05-02","","1.40083333"
"MEDELLÍN - TANQUES LA YE EPM","2019-05-01","","1.34125"
"MEDELLÍN - TANQUES LA YE EPM","2019-04-30","","1.07"
"MEDELLÍN - TANQUES LA YE EPM","2019-04-29","","1.00916667"
"MEDELLÍN - TANQUES LA YE EPM","2019-04-28","","1.09833333"
"MEDELLÍN - TANQUES LA YE EPM","2019-04-27","","1.09583333"
"MEDELLÍN - TANQUES LA YE EPM","2019-04-26","","0.8875"
"MEDELLÍN - TANQUES LA YE EPM","2019-04-25","","0.80458333"
"MEDELLÍN - TANQUES LA YE EPM","2019-04-24","","0.81541667"
"MEDELLÍN - TANQUES LA YE EPM","2019-04-23","","1.20458333"
"MEDELLÍN - TANQUES LA YE EPM","2019-04-22","","0.74041667"
"MEDELLÍN - TANQUES LA YE EPM","2019-04-21","","1.19863636"
"MEDELLÍN - TANQUES LA YE EPM","2019-04-20","","0.96333333"
"MEDELLÍN - TANQUES LA YE EPM","2019-04-19","","0.9673913"
"MEDELLÍN - TANQUES LA YE EPM","2019-04-18","","0.75333333"
"MEDELLÍN - TANQUES LA YE EPM","2019-04-17","","0.82625"
"MEDELLÍN - TANQUES LA YE EPM","2019-04-16","","0.88833333"
"MEDELLÍN - TANQUES LA YE EPM","2019-04-15","","1.22833333"
"MEDELLÍN - TANQUES LA YE EPM","2019-04-14","","0.87583333"
"MEDELLÍN - TANQUES LA YE EPM","2019-04-13","","1.16333333"
"MEDELLÍN - TANQUES LA YE EPM","2019-04-12","","1.476"
"MEDELLÍN - TANQUES LA YE EPM","2019-04-11","","1.5275"
"MEDELLÍN - TANQUES LA YE EPM","2019-04-10","","0.77941176"
"MEDELLÍN - TANQUES LA YE EPM","2019-04-09","","1.045"
"MEDELLÍN - TANQUES LA YE EPM","2019-04-08","","0.81166667"
"MEDELLÍN - TANQUES LA YE EPM","2019-04-07","","0.75826087"
"MEDELLÍN - TANQUES LA YE EPM","2019-04-06","","1.0965"
"MEDELLÍN - TANQUES LA YE EPM","2019-04-05","","0.89285714"
"MEDELLÍN - TANQUES LA YE EPM","2019-04-04","","1.02130435"
"MEDELLÍN - TANQUES LA YE EPM","2019-04-03","","0.98083333"
"MEDELLÍN - TANQUES LA YE EPM","2019-04-02","","0.91578947"
"MEDELLÍN - TANQUES LA YE EPM","2019-04-01","","0.65590909"
"MEDELLÍN - TANQUES LA YE EPM","2019-03-31","","0.87125"
"MEDELLÍN - TANQUES LA YE EPM","2019-03-30","","1.178"
"MEDELLÍN - TANQUES LA YE EPM","2019-03-29","","0.73"
"MEDELLÍN - TANQUES LA YE EPM","2019-03-28","","0.82631579"
"MEDELLÍN - TANQUES LA YE EPM","2019-03-27","","0.9675"
"MEDELLÍN - TANQUES LA YE EPM","2019-03-26","","0.8375"
"MEDELLÍN - TANQUES LA YE EPM","2019-03-25","","1.08541667"
"MEDELLÍN - TANQUES LA YE EPM","2019-03-24","","0.930625"
"MEDELLÍN - TANQUES LA YE EPM","2019-03-23","","0.56"
"MEDELLÍN - TANQUES LA YE EPM","2019-03-22","","0.95333333"
"MEDELLÍN - TANQUES LA YE EPM","2019-03-21","","1.235"
"MEDELLÍN - TANQUES LA YE EPM","2019-03-20","","0.8273913"
"MEDELLÍN - TANQUES LA YE EPM","2019-03-19","","0.80590909"
"MEDELLÍN - TANQUES LA YE EPM","2019-03-18","","0.79266667"
"MEDELLÍN - TANQUES LA YE EPM","2019-03-17","","1.17384615"
"MEDELLÍN - TANQUES LA YE EPM","2019-03-16","","0.73285714"
"MEDELLÍN - TANQUES LA YE EPM","2019-03-15","","1.28625"
"MEDELLÍN - TANQUES LA YE EPM","2019-03-14","","1.0375"
"MEDELLÍN - TANQUES LA YE EPM","2019-03-13","","1.41708333"
"MEDELLÍN - TANQUES LA YE EPM","2019-03-12","","1.33181818"
"MEDELLÍN - TANQUES LA YE EPM","2019-03-08","","0.87357143"
"MEDELLÍN - TANQUES LA YE EPM","2019-03-07","","1.025"
"MEDELLÍN - TANQUES LA YE EPM","2019-03-06","","0.88571429"
"MEDELLÍN - TANQUES LA YE EPM","2019-03-05","","1.35083333"
"MEDELLÍN - TANQUES LA YE EPM","2019-03-04","","1.05"
"MEDELLÍN - TANQUES LA YE EPM","2019-03-03","","0.94846154"
"MEDELLÍN - TANQUES LA YE EPM","2019-03-02","","0.96875"
"MEDELLÍN - TANQUES LA YE EPM","2019-03-01","","1.06041667"
"MEDELLÍN - TANQUES LA YE EPM","2019-02-28","","1.07958333"
"MEDELLÍN - TANQUES LA YE EPM","2019-02-27","","0.62791667"
"MEDELLÍN - TANQUES LA YE EPM","2019-02-26","","0.71210526"
"MEDELLÍN - TANQUES LA YE EPM","2019-02-25","","1.47083333"
"MEDELLÍN - TANQUES LA YE EPM","2019-02-24","","0.94173913"
"MEDELLÍN - TANQUES LA YE EPM","2019-02-23","","1.28058824"
"MEDELLÍN - TANQUES LA YE EPM","2019-02-22","","1.54285714"
"MEDELLÍN - TANQUES LA YE EPM","2019-02-21","","1.28454545"
"MEDELLÍN - TANQUES LA YE EPM","2019-02-20","","0.92869565"
"MEDELLÍN - TANQUES LA YE EPM","2019-02-19","","0.97833333"
"MEDELLÍN - TANQUES LA YE EPM","2019-02-18","","1.00666667"
"MEDELLÍN - TANQUES LA YE EPM","2019-02-17","","1.18"
"MEDELLÍN - TANQUES LA YE EPM","2019-02-16","","1.02956522"
"MEDELLÍN - TANQUES LA YE EPM","2019-02-15","","1.11823529"
"MEDELLÍN - TANQUES LA YE EPM","2019-02-14","","0.96782609"
"MEDELLÍN - TANQUES LA YE EPM","2019-02-13","","1.10708333"
"MEDELLÍN - TANQUES LA YE EPM","2019-02-12","","1.29272727"
"MEDELLÍN - TANQUES LA YE EPM","2019-02-11","","0.8645"
"MEDELLÍN - TANQUES LA YE EPM","2019-02-10","","0.8225"
"MEDELLÍN - TANQUES LA YE EPM","2019-02-09","","1.00291667"
"MEDELLÍN - TANQUES LA YE EPM","2019-02-08","","0.94083333"
"MEDELLÍN - TANQUES LA YE EPM","2019-02-07","","1.24166667"
"MEDELLÍN - TANQUES LA YE EPM","2019-02-06","","0.97916667"
"MEDELLÍN - TANQUES LA YE EPM","2019-02-05","","1.2425"
"MEDELLÍN - TANQUES LA YE EPM","2019-02-04","","1.27291667"
"MEDELLÍN - TANQUES LA YE EPM","2019-02-03","","1.29958333"
"MEDELLÍN - TANQUES LA YE EPM","2019-02-02","","0.96791667"
"MEDELLÍN - TANQUES LA YE EPM","2019-02-01","","0.695"
"MEDELLÍN - TANQUES LA YE EPM","2019-01-31","","1.18714286"
"MEDELLÍN - TANQUES LA YE EPM","2019-01-30","","1.20333333"
"MEDELLÍN - TANQUES LA YE EPM","2019-01-29","","1.34625"
"MEDELLÍN - TANQUES LA YE EPM","2019-01-28","","0.74333333"
"MEDELLÍN - TANQUES LA YE EPM","2019-01-27","","0.90791667"
"MEDELLÍN - TANQUES LA YE EPM","2019-01-26","","1.52708333"
"MEDELLÍN - TANQUES LA YE EPM","2019-01-25","","1.2625"
"MEDELLÍN - TANQUES LA YE EPM","2019-01-24","","1.37583333"
"MEDELLÍN - TANQUES LA YE EPM","2019-01-23","","2.10541667"
"MEDELLÍN - TANQUES LA YE EPM","2019-01-22","","1.25888889"
"MEDELLÍN - TANQUES LA YE EPM","2019-01-21","","0.89"
"MEDELLÍN - TANQUES LA YE EPM","2019-01-20","","0.8695"
"MEDELLÍN - TANQUES LA YE EPM","2019-01-19","","1.26"
"MEDELLÍN - TANQUES LA YE EPM","2019-01-18","","1.12666667"
"MEDELLÍN - TANQUES LA YE EPM","2019-01-17","","0.95541667"
"MEDELLÍN - TANQUES LA YE EPM","2019-01-16","","1.17625"
"MEDELLÍN - TANQUES LA YE EPM","2019-01-15","","1.42"
"MEDELLÍN - TANQUES LA YE EPM","2019-01-14","","0.77217391"
"MEDELLÍN - TANQUES LA YE EPM","2019-01-13","","0.78416667"
"MEDELLÍN - TANQUES LA YE EPM","2019-01-12","","0.89583333"
"MEDELLÍN - TANQUES LA YE EPM","2019-01-11","","1.01913043"
"MEDELLÍN - TANQUES LA YE EPM","2019-01-10","","0.60652174"
"MEDELLÍN - TANQUES LA YE EPM","2019-01-09","","0.78304348"
"MEDELLÍN - TANQUES LA YE EPM","2019-01-08","","1.17"
"MEDELLÍN - TANQUES LA YE EPM","2019-01-07","","0.89826087"
"MEDELLÍN - TANQUES LA YE EPM","2019-01-06","","1.11416667"
"MEDELLÍN - TANQUES LA YE EPM","2019-01-05","","1.12958333"
"MEDELLÍN - TANQUES LA YE EPM","2019-01-04","","1.219"
"MEDELLÍN - TANQUES LA YE EPM","2019-01-03","","1.41083333"
"MEDELLÍN - TANQUES LA YE EPM","2019-01-02","","1.50666667"
"MEDELLÍN - TANQUES LA YE EPM","2019-01-01","","1.41208333"
