"Estacion","Fecha inicial","Fecha final","O3"
"CORPORACIÓN UNIVERSITARIA LASALLISTA","2022-05-12","","0.25224981"
"CORPORACIÓN UNIVERSITARIA LASALLISTA","2022-05-11","","23.07735403"
"CORPORACIÓN UNIVERSITARIA LASALLISTA","2022-05-10","","14.01971738"
"CORPORACIÓN UNIVERSITARIA LASALLISTA","2022-05-09","","17.8536809"
"CORPORACIÓN UNIVERSITARIA LASALLISTA","2022-05-08","","16.70103942"
"CORPORACIÓN UNIVERSITARIA LASALLISTA","2022-05-07","","10.16122956"
"CORPORACIÓN UNIVERSITARIA LASALLISTA","2022-05-06","","7.68427658"
"CORPORACIÓN UNIVERSITARIA LASALLISTA","2022-05-05","","16.51301988"
"CORPORACIÓN UNIVERSITARIA LASALLISTA","2022-05-04","","30.30384392"
"CORPORACIÓN UNIVERSITARIA LASALLISTA","2022-05-03","","30.86790252"
"CORPORACIÓN UNIVERSITARIA LASALLISTA","2022-05-02","","25.22731652"
"CORPORACIÓN UNIVERSITARIA LASALLISTA","2022-05-01","","28.45634763"
"CORPORACIÓN UNIVERSITARIA LASALLISTA","2022-04-30","","18.91995425"
"CORPORACIÓN UNIVERSITARIA LASALLISTA","2022-04-29","","35.78910943"
"CORPORACIÓN UNIVERSITARIA LASALLISTA","2022-04-28","","17.74740899"
"CORPORACIÓN UNIVERSITARIA LASALLISTA","2022-04-27","","29.79700866"
"CORPORACIÓN UNIVERSITARIA LASALLISTA","2022-04-26","","26.58432706"
"CORPORACIÓN UNIVERSITARIA LASALLISTA","2022-04-25","","18.29511807"
"CORPORACIÓN UNIVERSITARIA LASALLISTA","2022-04-24","","21.77756682"
"CORPORACIÓN UNIVERSITARIA LASALLISTA","2022-04-23","","20.89469249"
"CORPORACIÓN UNIVERSITARIA LASALLISTA","2022-04-22","","17.89455472"
"CORPORACIÓN UNIVERSITARIA LASALLISTA","2022-04-21","","24.64690839"
"CORPORACIÓN UNIVERSITARIA LASALLISTA","2022-04-20","","9.72563151"
"CORPORACIÓN UNIVERSITARIA LASALLISTA","2022-04-19","","11.98420156"
"CORPORACIÓN UNIVERSITARIA LASALLISTA","2022-04-18","","8.16658756"
"CORPORACIÓN UNIVERSITARIA LASALLISTA","2022-04-17","","14.74727122"
"CORPORACIÓN UNIVERSITARIA LASALLISTA","2022-04-16","","9.72796716"
"CORPORACIÓN UNIVERSITARIA LASALLISTA","2022-04-15","","26.19193847"
"CORPORACIÓN UNIVERSITARIA LASALLISTA","2022-04-14","","27.25465757"
"CORPORACIÓN UNIVERSITARIA LASALLISTA","2022-04-13","","19.55403147"
"CORPORACIÓN UNIVERSITARIA LASALLISTA","2022-04-12","","30.90877633"
"CORPORACIÓN UNIVERSITARIA LASALLISTA","2022-04-11","","18.15614711"
"CORPORACIÓN UNIVERSITARIA LASALLISTA","2022-04-10","","31.94697114"
"CORPORACIÓN UNIVERSITARIA LASALLISTA","2022-04-09","","26.65789992"
"CORPORACIÓN UNIVERSITARIA LASALLISTA","2022-04-08","","11.79127717"
"CORPORACIÓN UNIVERSITARIA LASALLISTA","2022-04-07","","21.48327537"
"CORPORACIÓN UNIVERSITARIA LASALLISTA","2022-04-06","","11.00753259"
"CORPORACIÓN UNIVERSITARIA LASALLISTA","2022-04-05","","14.63983149"
"CORPORACIÓN UNIVERSITARIA LASALLISTA","2022-04-04","","19.39053622"
"CORPORACIÓN UNIVERSITARIA LASALLISTA","2022-04-03","","24.00110217"
"CORPORACIÓN UNIVERSITARIA LASALLISTA","2022-04-02","","25.80772464"
"CORPORACIÓN UNIVERSITARIA LASALLISTA","2022-04-01","","26.28186086"
"CORPORACIÓN UNIVERSITARIA LASALLISTA","2022-03-31","","22.98885334"
"CORPORACIÓN UNIVERSITARIA LASALLISTA","2022-03-30","","18.35818052"
"CORPORACIÓN UNIVERSITARIA LASALLISTA","2022-03-29","","22.97925688"
"CORPORACIÓN UNIVERSITARIA LASALLISTA","2022-03-28","","24.97389889"
"CORPORACIÓN UNIVERSITARIA LASALLISTA","2022-03-27","","15.23775696"
"CORPORACIÓN UNIVERSITARIA LASALLISTA","2022-03-26","","18.70385619"
"CORPORACIÓN UNIVERSITARIA LASALLISTA","2022-03-25","","26.29821038"
"CORPORACIÓN UNIVERSITARIA LASALLISTA","2022-03-24","","30.56543632"
"CORPORACIÓN UNIVERSITARIA LASALLISTA","2022-03-23","","26.06931704"
"CORPORACIÓN UNIVERSITARIA LASALLISTA","2022-03-22","","23.11822784"
"CORPORACIÓN UNIVERSITARIA LASALLISTA","2022-03-21","","27.60617235"
"CORPORACIÓN UNIVERSITARIA LASALLISTA","2022-03-20","","32.79714642"
"CORPORACIÓN UNIVERSITARIA LASALLISTA","2022-03-19","","32.97699119"
"CORPORACIÓN UNIVERSITARIA LASALLISTA","2022-03-18","","38.43773242"
"CORPORACIÓN UNIVERSITARIA LASALLISTA","2022-03-17","","23.82943216"
"CORPORACIÓN UNIVERSITARIA LASALLISTA","2022-03-16","","19.19434193"
"CORPORACIÓN UNIVERSITARIA LASALLISTA","2022-03-15","","25.79954988"
"CORPORACIÓN UNIVERSITARIA LASALLISTA","2022-03-14","","20.64944962"
"CORPORACIÓN UNIVERSITARIA LASALLISTA","2022-03-13","","11.49371582"
"CORPORACIÓN UNIVERSITARIA LASALLISTA","2022-03-12","","9.12303475"
"CORPORACIÓN UNIVERSITARIA LASALLISTA","2022-03-11","","12.56460968"
"CORPORACIÓN UNIVERSITARIA LASALLISTA","2022-03-10","","8.48306764"
"CORPORACIÓN UNIVERSITARIA LASALLISTA","2022-03-09","","23.94878369"
"CORPORACIÓN UNIVERSITARIA LASALLISTA","2022-03-08","","14.80449456"
"CORPORACIÓN UNIVERSITARIA LASALLISTA","2022-03-07","","20.53500295"
"CORPORACIÓN UNIVERSITARIA LASALLISTA","2022-03-06","","2.07638963"
"CORPORACIÓN UNIVERSITARIA LASALLISTA","2022-03-05","","8.82056854"
"CORPORACIÓN UNIVERSITARIA LASALLISTA","2022-03-04","","14.15051357"
"CORPORACIÓN UNIVERSITARIA LASALLISTA","2022-03-03","","12.57278445"
"CORPORACIÓN UNIVERSITARIA LASALLISTA","2022-03-02","","5.90217839"
"CORPORACIÓN UNIVERSITARIA LASALLISTA","2022-03-01","","10.83973484"
"CORPORACIÓN UNIVERSITARIA LASALLISTA","2022-02-28","","11.4731012"
"CORPORACIÓN UNIVERSITARIA LASALLISTA","2022-02-27","","16.80731133"
"CORPORACIÓN UNIVERSITARIA LASALLISTA","2022-02-26","","26.1428899"
"CORPORACIÓN UNIVERSITARIA LASALLISTA","2022-02-25","","41.15175351"
"CORPORACIÓN UNIVERSITARIA LASALLISTA","2022-02-24","","29.56928313"
"CORPORACIÓN UNIVERSITARIA LASALLISTA","2022-02-23","","38.20883908"
"CORPORACIÓN UNIVERSITARIA LASALLISTA","2022-02-22","","38.61757719"
"CORPORACIÓN UNIVERSITARIA LASALLISTA","2022-02-21","","35.11877892"
"CORPORACIÓN UNIVERSITARIA LASALLISTA","2022-02-20","","19.07172049"
"CORPORACIÓN UNIVERSITARIA LASALLISTA","2022-02-19","","19.35783717"
"CORPORACIÓN UNIVERSITARIA LASALLISTA","2022-02-18","","3.23720588"
"CORPORACIÓN UNIVERSITARIA LASALLISTA","2022-02-17","","32.79714642"
"CORPORACIÓN UNIVERSITARIA LASALLISTA","2022-02-16","","32.55190355"
"CORPORACIÓN UNIVERSITARIA LASALLISTA","2022-02-15","","27.62074476"
"CORPORACIÓN UNIVERSITARIA LASALLISTA","2022-02-14","","20.9355663"
"CORPORACIÓN UNIVERSITARIA LASALLISTA","2022-02-13","","23.22449975"
"CORPORACIÓN UNIVERSITARIA LASALLISTA","2022-02-12","","41.15175352"
"CORPORACIÓN UNIVERSITARIA LASALLISTA","2022-02-11","","43.11369647"
"CORPORACIÓN UNIVERSITARIA LASALLISTA","2022-02-10","","22.67679067"
"CORPORACIÓN UNIVERSITARIA LASALLISTA","2022-02-09","","5.40001442"
"CORPORACIÓN UNIVERSITARIA LASALLISTA","2022-02-08","","10.03043337"
"CORPORACIÓN UNIVERSITARIA LASALLISTA","2022-02-07","","25.82407417"
"CORPORACIÓN UNIVERSITARIA LASALLISTA","2022-02-06","","32.73174832"
"CORPORACIÓN UNIVERSITARIA LASALLISTA","2022-02-05","","28.29285239"
"CORPORACIÓN UNIVERSITARIA LASALLISTA","2022-02-04","","29.29017339"
"CORPORACIÓN UNIVERSITARIA LASALLISTA","2022-02-03","","38.02899431"
"CORPORACIÓN UNIVERSITARIA LASALLISTA","2022-02-02","","45.28000849"
"CORPORACIÓN UNIVERSITARIA LASALLISTA","2022-02-01","","43.16274504"
"CORPORACIÓN UNIVERSITARIA LASALLISTA","2022-01-31","","65.63789158"
"CORPORACIÓN UNIVERSITARIA LASALLISTA","2022-01-29","","0.58858289"
"CORPORACIÓN UNIVERSITARIA LASALLISTA","2022-01-28","","34.67734175"
"CORPORACIÓN UNIVERSITARIA LASALLISTA","2022-01-27","","21.42441709"
"CORPORACIÓN UNIVERSITARIA LASALLISTA","2022-01-26","","32.29848592"
"CORPORACIÓN UNIVERSITARIA LASALLISTA","2022-01-25","","26.37178324"
"CORPORACIÓN UNIVERSITARIA LASALLISTA","2022-01-24","","36.2305466"
"CORPORACIÓN UNIVERSITARIA LASALLISTA","2022-01-23","","35.50299275"
"CORPORACIÓN UNIVERSITARIA LASALLISTA","2022-01-22","","23.28989785"
"CORPORACIÓN UNIVERSITARIA LASALLISTA","2022-01-21","","35.38854608"
"CORPORACIÓN UNIVERSITARIA LASALLISTA","2022-01-20","","34.02336077"
"CORPORACIÓN UNIVERSITARIA LASALLISTA","2022-01-19","","37.27691617"
"CORPORACIÓN UNIVERSITARIA LASALLISTA","2022-01-18","","22.70948972"
"CORPORACIÓN UNIVERSITARIA LASALLISTA","2022-01-17","","21.21350822"
"CORPORACIÓN UNIVERSITARIA LASALLISTA","2022-01-16","","32.13499067"
"CORPORACIÓN UNIVERSITARIA LASALLISTA","2022-01-15","","33.86804029"
"CORPORACIÓN UNIVERSITARIA LASALLISTA","2022-01-14","","31.24394158"
"CORPORACIÓN UNIVERSITARIA LASALLISTA","2022-01-13","","16.57841798"
"CORPORACIÓN UNIVERSITARIA LASALLISTA","2022-01-12","","23.6250631"
"CORPORACIÓN UNIVERSITARIA LASALLISTA","2022-01-11","","16.57024322"
"CORPORACIÓN UNIVERSITARIA LASALLISTA","2022-01-10","","20.49412913"
"CORPORACIÓN UNIVERSITARIA LASALLISTA","2022-01-09","","26.69877373"
"CORPORACIÓN UNIVERSITARIA LASALLISTA","2022-01-08","","23.36347071"
"CORPORACIÓN UNIVERSITARIA LASALLISTA","2022-01-07","","15.07426172"
"CORPORACIÓN UNIVERSITARIA LASALLISTA","2022-01-06","","21.91653778"
"CORPORACIÓN UNIVERSITARIA LASALLISTA","2022-01-05","","35.55204132"
"CORPORACIÓN UNIVERSITARIA LASALLISTA","2022-01-04","","40.21165584"
"CORPORACIÓN UNIVERSITARIA LASALLISTA","2022-01-03","","28.03125999"
"CORPORACIÓN UNIVERSITARIA LASALLISTA","2022-01-02","","13.25946448"
"CORPORACIÓN UNIVERSITARIA LASALLISTA","2022-01-01","","21.71216872"
"CORPORACIÓN UNIVERSITARIA LASALLISTA","2021-12-31","","30.46982713"
"CORPORACIÓN UNIVERSITARIA LASALLISTA","2021-12-30","","24.24279079"
"CORPORACIÓN UNIVERSITARIA LASALLISTA","2021-12-29","","11.5427644"
"CORPORACIÓN UNIVERSITARIA LASALLISTA","2021-12-28","","21.18898393"
"CORPORACIÓN UNIVERSITARIA LASALLISTA","2021-12-27","","13.90527071"
"CORPORACIÓN UNIVERSITARIA LASALLISTA","2021-12-26","","23.41251928"
"CORPORACIÓN UNIVERSITARIA LASALLISTA","2021-12-25","","28.08848333"
"CORPORACIÓN UNIVERSITARIA LASALLISTA","2021-12-24","","31.45648541"
"CORPORACIÓN UNIVERSITARIA LASALLISTA","2021-12-23","","31.99601972"
"CORPORACIÓN UNIVERSITARIA LASALLISTA","2021-12-22","","18.09074901"
"CORPORACIÓN UNIVERSITARIA LASALLISTA","2021-12-21","","12.58095921"
"CORPORACIÓN UNIVERSITARIA LASALLISTA","2021-12-20","","23.34712118"
"CORPORACIÓN UNIVERSITARIA LASALLISTA","2021-12-19","","28.84873622"
"CORPORACIÓN UNIVERSITARIA LASALLISTA","2021-12-18","","4.74136215"
"CORPORACIÓN UNIVERSITARIA LASALLISTA","2021-12-17","","8.00309231"
"CORPORACIÓN UNIVERSITARIA LASALLISTA","2021-12-16","","27.16011467"
"CORPORACIÓN UNIVERSITARIA LASALLISTA","2021-12-15","","30.77798013"
"CORPORACIÓN UNIVERSITARIA LASALLISTA","2021-12-14","","21.71216872"
"CORPORACIÓN UNIVERSITARIA LASALLISTA","2021-12-13","","33.09961263"
"CORPORACIÓN UNIVERSITARIA LASALLISTA","2021-12-12","","9.74431668"
"CORPORACIÓN UNIVERSITARIA LASALLISTA","2021-12-11","","21.75304253"
"CORPORACIÓN UNIVERSITARIA LASALLISTA","2021-12-10","","32.65355495"
"CORPORACIÓN UNIVERSITARIA LASALLISTA","2021-12-09","","26.04479275"
"CORPORACIÓN UNIVERSITARIA LASALLISTA","2021-12-08","","38.28241194"
"CORPORACIÓN UNIVERSITARIA LASALLISTA","2021-12-07","","30.61448489"
"CORPORACIÓN UNIVERSITARIA LASALLISTA","2021-12-06","","27.23013328"
"CORPORACIÓN UNIVERSITARIA LASALLISTA","2021-12-05","","27.81054141"
"CORPORACIÓN UNIVERSITARIA LASALLISTA","2021-12-04","","22.24352827"
"CORPORACIÓN UNIVERSITARIA LASALLISTA","2021-12-03","","21.94923683"
"CORPORACIÓN UNIVERSITARIA LASALLISTA","2021-12-02","","31.25211635"
"CORPORACIÓN UNIVERSITARIA LASALLISTA","2021-12-01","","20.96009059"
"CORPORACIÓN UNIVERSITARIA LASALLISTA","2021-11-30","","16.51444158"
"CORPORACIÓN UNIVERSITARIA LASALLISTA","2021-11-29","","22.74627615"
"CORPORACIÓN UNIVERSITARIA LASALLISTA","2021-11-25","","19.45126303"
"CORPORACIÓN UNIVERSITARIA LASALLISTA","2021-11-24","","21.26255679"
"CORPORACIÓN UNIVERSITARIA LASALLISTA","2021-11-23","","11.52641487"
"CORPORACIÓN UNIVERSITARIA LASALLISTA","2021-11-22","","18.2460695"
"CORPORACIÓN UNIVERSITARIA LASALLISTA","2021-11-21","","20.08858984"
"CORPORACIÓN UNIVERSITARIA LASALLISTA","2021-11-20","","28.11300762"
"CORPORACIÓN UNIVERSITARIA LASALLISTA","2021-11-19","","30.54091202"
"CORPORACIÓN UNIVERSITARIA LASALLISTA","2021-11-18","","36.39404185"
"CORPORACIÓN UNIVERSITARIA LASALLISTA","2021-11-17","","26.80504564"
"CORPORACIÓN UNIVERSITARIA LASALLISTA","2021-11-16","","27.25465757"
"CORPORACIÓN UNIVERSITARIA LASALLISTA","2021-11-15","","17.42859326"
"CORPORACIÓN UNIVERSITARIA LASALLISTA","2021-11-14","","27.90046379"
"CORPORACIÓN UNIVERSITARIA LASALLISTA","2021-11-13","","31.47283493"
"CORPORACIÓN UNIVERSITARIA LASALLISTA","2021-11-12","","37.99629526"
"CORPORACIÓN UNIVERSITARIA LASALLISTA","2021-11-11","","31.41561159"
"CORPORACIÓN UNIVERSITARIA LASALLISTA","2021-11-10","","31.11641529"
"CORPORACIÓN UNIVERSITARIA LASALLISTA","2021-11-07","","2.35433155"
"CORPORACIÓN UNIVERSITARIA LASALLISTA","2021-11-06","","29.92780485"
"CORPORACIÓN UNIVERSITARIA LASALLISTA","2021-11-05","","24.47523838"
"CORPORACIÓN UNIVERSITARIA LASALLISTA","2021-11-04","","18.34416664"
"CORPORACIÓN UNIVERSITARIA LASALLISTA","2021-11-03","","18.22971997"
"CORPORACIÓN UNIVERSITARIA LASALLISTA","2021-11-02","","23.51061643"
"CORPORACIÓN UNIVERSITARIA LASALLISTA","2021-11-01","","24.87580174"
"CORPORACIÓN UNIVERSITARIA LASALLISTA","2021-10-31","","21.39370841"
"CORPORACIÓN UNIVERSITARIA LASALLISTA","2021-10-30","","26.11836561"
"CORPORACIÓN UNIVERSITARIA LASALLISTA","2021-10-29","","20.25706103"
"CORPORACIÓN UNIVERSITARIA LASALLISTA","2021-10-28","","27.01510149"
"CORPORACIÓN UNIVERSITARIA LASALLISTA","2021-10-27","","32.88706881"
"CORPORACIÓN UNIVERSITARIA LASALLISTA","2021-10-26","","30.71258203"
"CORPORACIÓN UNIVERSITARIA LASALLISTA","2021-10-25","","32.38023355"
"CORPORACIÓN UNIVERSITARIA LASALLISTA","2021-10-24","","23.19997546"
"CORPORACIÓN UNIVERSITARIA LASALLISTA","2021-10-23","","25.17009318"
"CORPORACIÓN UNIVERSITARIA LASALLISTA","2021-10-22","","27.26283233"
"CORPORACIÓN UNIVERSITARIA LASALLISTA","2021-10-21","","25.93034608"
"CORPORACIÓN UNIVERSITARIA LASALLISTA","2021-10-20","","40.07268489"
"CORPORACIÓN UNIVERSITARIA LASALLISTA","2021-10-19","","41.2416759"
"CORPORACIÓN UNIVERSITARIA LASALLISTA","2021-10-18","","32.99334072"
"CORPORACIÓN UNIVERSITARIA LASALLISTA","2021-10-17","","29.00405671"
"CORPORACIÓN UNIVERSITARIA LASALLISTA","2021-10-16","","23.53514072"
"CORPORACIÓN UNIVERSITARIA LASALLISTA","2021-10-15","","27.38545377"
"CORPORACIÓN UNIVERSITARIA LASALLISTA","2021-10-14","","13.38386304"
"CORPORACIÓN UNIVERSITARIA LASALLISTA","2021-10-13","","27.40997805"
"CORPORACIÓN UNIVERSITARIA LASALLISTA","2021-10-12","","26.88679327"
"CORPORACIÓN UNIVERSITARIA LASALLISTA","2021-10-11","","50.91241972"
"CORPORACIÓN UNIVERSITARIA LASALLISTA","2021-10-07","","41.63242954"
"CORPORACIÓN UNIVERSITARIA LASALLISTA","2021-10-06","","29.3964453"
"CORPORACIÓN UNIVERSITARIA LASALLISTA","2021-10-05","","13.7336007"
"CORPORACIÓN UNIVERSITARIA LASALLISTA","2021-10-04","","2.74672014"
"CORPORACIÓN UNIVERSITARIA LASALLISTA","2021-10-03","","34.01518601"
"CORPORACIÓN UNIVERSITARIA LASALLISTA","2021-10-02","","35.69918704"
"CORPORACIÓN UNIVERSITARIA LASALLISTA","2021-10-01","","24.87580174"
"CORPORACIÓN UNIVERSITARIA LASALLISTA","2021-09-30","","29.05544093"
"CORPORACIÓN UNIVERSITARIA LASALLISTA","2021-09-29","","19.15346811"
"CORPORACIÓN UNIVERSITARIA LASALLISTA","2021-09-28","","11.33839534"
"CORPORACIÓN UNIVERSITARIA LASALLISTA","2021-09-27","","35.3640218"
"CORPORACIÓN UNIVERSITARIA LASALLISTA","2021-09-26","","33.83534124"
"CORPORACIÓN UNIVERSITARIA LASALLISTA","2021-09-25","","39.73751963"
"CORPORACIÓN UNIVERSITARIA LASALLISTA","2021-09-24","","35.97712896"
"CORPORACIÓN UNIVERSITARIA LASALLISTA","2021-09-23","","27.00123994"
"CORPORACIÓN UNIVERSITARIA LASALLISTA","2021-09-22","","26.26551133"
"CORPORACIÓN UNIVERSITARIA LASALLISTA","2021-09-21","","26.0774918"
"CORPORACIÓN UNIVERSITARIA LASALLISTA","2021-09-20","","34.84901177"
"CORPORACIÓN UNIVERSITARIA LASALLISTA","2021-09-19","","46.04026138"
"CORPORACIÓN UNIVERSITARIA LASALLISTA","2021-09-18","","53.73761758"
"CORPORACIÓN UNIVERSITARIA LASALLISTA","2021-09-17","","39.45140295"
"CORPORACIÓN UNIVERSITARIA LASALLISTA","2021-09-16","","38.70749958"
"CORPORACIÓN UNIVERSITARIA LASALLISTA","2021-09-15","","43.19544409"
"CORPORACIÓN UNIVERSITARIA LASALLISTA","2021-09-14","","44.97754228"
"CORPORACIÓN UNIVERSITARIA LASALLISTA","2021-09-13","","37.56303285"
"CORPORACIÓN UNIVERSITARIA LASALLISTA","2021-09-12","","26.24916181"
"CORPORACIÓN UNIVERSITARIA LASALLISTA","2021-09-11","","21.31978013"
"CORPORACIÓN UNIVERSITARIA LASALLISTA","2021-09-10","","41.81390926"
"CORPORACIÓN UNIVERSITARIA LASALLISTA","2021-09-09","","32.79714642"
"CORPORACIÓN UNIVERSITARIA LASALLISTA","2021-09-08","","16.88088419"
"CORPORACIÓN UNIVERSITARIA LASALLISTA","2021-09-07","","21.33612965"
"CORPORACIÓN UNIVERSITARIA LASALLISTA","2021-09-06","","20.55952723"
"CORPORACIÓN UNIVERSITARIA LASALLISTA","2021-09-05","","33.05056405"
"CORPORACIÓN UNIVERSITARIA LASALLISTA","2021-09-04","","28.21927952"
"CORPORACIÓN UNIVERSITARIA LASALLISTA","2021-09-03","","35.29044893"
"CORPORACIÓN UNIVERSITARIA LASALLISTA","2021-09-02","","34.73492052"
"CORPORACIÓN UNIVERSITARIA LASALLISTA","2021-09-01","","24.87580174"
"CORPORACIÓN UNIVERSITARIA LASALLISTA","2021-08-31","","34.98798272"
"CORPORACIÓN UNIVERSITARIA LASALLISTA","2021-08-30","","25.75496027"
"CORPORACIÓN UNIVERSITARIA LASALLISTA","2021-08-29","","29.82153294"
"CORPORACIÓN UNIVERSITARIA LASALLISTA","2021-08-28","","34.84901177"
"CORPORACIÓN UNIVERSITARIA LASALLISTA","2021-08-27","","34.54654556"
"CORPORACIÓN UNIVERSITARIA LASALLISTA","2021-08-26","","26.58899835"
"CORPORACIÓN UNIVERSITARIA LASALLISTA","2021-08-25","","19.12076906"
"CORPORACIÓN UNIVERSITARIA LASALLISTA","2021-08-24","","29.24112481"
"CORPORACIÓN UNIVERSITARIA LASALLISTA","2021-08-23","","26.61702611"
"CORPORACIÓN UNIVERSITARIA LASALLISTA","2021-08-22","","27.39362853"
"CORPORACIÓN UNIVERSITARIA LASALLISTA","2021-08-21","","24.39051812"
"CORPORACIÓN UNIVERSITARIA LASALLISTA","2021-08-20","","34.81631272"
"CORPORACIÓN UNIVERSITARIA LASALLISTA","2021-08-19","","33.59827313"
"CORPORACIÓN UNIVERSITARIA LASALLISTA","2021-08-18","","29.24929958"
"CORPORACIÓN UNIVERSITARIA LASALLISTA","2021-08-17","","21.52414919"
"CORPORACIÓN UNIVERSITARIA LASALLISTA","2021-08-16","","20.32245912"
"CORPORACIÓN UNIVERSITARIA LASALLISTA","2021-08-15","","26.86226898"
"CORPORACIÓN UNIVERSITARIA LASALLISTA","2021-08-14","","24.64690839"
"CORPORACIÓN UNIVERSITARIA LASALLISTA","2021-08-13","","26.08566656"
"CORPORACIÓN UNIVERSITARIA LASALLISTA","2021-08-12","","26.43718134"
"CORPORACIÓN UNIVERSITARIA LASALLISTA","2021-08-11","","22.23535351"
"CORPORACIÓN UNIVERSITARIA LASALLISTA","2021-08-10","","23.68228644"
"CORPORACIÓN UNIVERSITARIA LASALLISTA","2021-08-09","","29.62533864"
"CORPORACIÓN UNIVERSITARIA LASALLISTA","2021-08-08","","22.05550874"
"CORPORACIÓN UNIVERSITARIA LASALLISTA","2021-08-07","","40.28522871"
"CORPORACIÓN UNIVERSITARIA LASALLISTA","2021-08-06","","47.5117186"
"CORPORACIÓN UNIVERSITARIA LASALLISTA","2021-08-05","","45.54977564"
"CORPORACIÓN UNIVERSITARIA LASALLISTA","2021-08-04","","36.94175092"
"CORPORACIÓN UNIVERSITARIA LASALLISTA","2021-08-03","","26.02026846"
"CORPORACIÓN UNIVERSITARIA LASALLISTA","2021-08-02","","25.8158994"
"CORPORACIÓN UNIVERSITARIA LASALLISTA","2021-08-01","","27.80236665"
"CORPORACIÓN UNIVERSITARIA LASALLISTA","2021-07-31","","36.05709947"
"CORPORACIÓN UNIVERSITARIA LASALLISTA","2021-07-30","","27.85067206"
"CORPORACIÓN UNIVERSITARIA LASALLISTA","2021-07-29","","19.26969191"
"CORPORACIÓN UNIVERSITARIA LASALLISTA","2021-07-28","","32.17586449"
"CORPORACIÓN UNIVERSITARIA LASALLISTA","2021-07-27","","12.41142175"
"CORPORACIÓN UNIVERSITARIA LASALLISTA","2021-07-26","","18.78560381"
"CORPORACIÓN UNIVERSITARIA LASALLISTA","2021-07-25","","20.89469249"
"CORPORACIÓN UNIVERSITARIA LASALLISTA","2021-07-24","","12.278493"
"CORPORACIÓN UNIVERSITARIA LASALLISTA","2021-07-23","","32.33935973"
"CORPORACIÓN UNIVERSITARIA LASALLISTA","2021-07-22","","23.02013069"
"CORPORACIÓN UNIVERSITARIA LASALLISTA","2021-07-21","","29.02642974"
"CORPORACIÓN UNIVERSITARIA LASALLISTA","2021-07-20","","28.89505988"
"CORPORACIÓN UNIVERSITARIA LASALLISTA","2021-07-19","","27.14838566"
"CORPORACIÓN UNIVERSITARIA LASALLISTA","2021-07-18","","26.11836561"
"CORPORACIÓN UNIVERSITARIA LASALLISTA","2021-07-17","","31.67720399"
"CORPORACIÓN UNIVERSITARIA LASALLISTA","2021-07-16","","39.38600485"
"CORPORACIÓN UNIVERSITARIA LASALLISTA","2021-07-15","","35.57656562"
"CORPORACIÓN UNIVERSITARIA LASALLISTA","2021-07-14","","34.07240934"
"CORPORACIÓN UNIVERSITARIA LASALLISTA","2021-07-13","","30.11582438"
"CORPORACIÓN UNIVERSITARIA LASALLISTA","2021-07-12","","33.16501073"
"CORPORACIÓN UNIVERSITARIA LASALLISTA","2021-07-11","","29.32287244"
"CORPORACIÓN UNIVERSITARIA LASALLISTA","2021-07-10","","24.27904409"
"CORPORACIÓN UNIVERSITARIA LASALLISTA","2021-07-09","","31.88974781"
"CORPORACIÓN UNIVERSITARIA LASALLISTA","2021-07-08","","33.66864717"
"CORPORACIÓN UNIVERSITARIA LASALLISTA","2021-07-07","","39.17346103"
"CORPORACIÓN UNIVERSITARIA LASALLISTA","2021-07-06","","31.68537875"
"CORPORACIÓN UNIVERSITARIA LASALLISTA","2021-07-05","","29.64986293"
"CORPORACIÓN UNIVERSITARIA LASALLISTA","2021-07-04","","28.35007572"
"CORPORACIÓN UNIVERSITARIA LASALLISTA","2021-07-03","","23.34712118"
"CORPORACIÓN UNIVERSITARIA LASALLISTA","2021-07-02","","25.93034608"
"CORPORACIÓN UNIVERSITARIA LASALLISTA","2021-07-01","","17.80463233"
"CORPORACIÓN UNIVERSITARIA LASALLISTA","2021-06-30","","29.42914435"
"CORPORACIÓN UNIVERSITARIA LASALLISTA","2021-06-29","","34.63646795"
"CORPORACIÓN UNIVERSITARIA LASALLISTA","2021-06-28","","23.71498549"
"CORPORACIÓN UNIVERSITARIA LASALLISTA","2021-06-27","","28.40729906"
"CORPORACIÓN UNIVERSITARIA LASALLISTA","2021-06-26","","19.45593432"
"CORPORACIÓN UNIVERSITARIA LASALLISTA","2021-06-25","","24.5161122"
"CORPORACIÓN UNIVERSITARIA LASALLISTA","2021-06-24","","27.32823043"
"CORPORACIÓN UNIVERSITARIA LASALLISTA","2021-06-23","","28.93048385"
"CORPORACIÓN UNIVERSITARIA LASALLISTA","2021-06-22","","16.61929179"
"CORPORACIÓN UNIVERSITARIA LASALLISTA","2021-06-21","","20.13666907"
"CORPORACIÓN UNIVERSITARIA LASALLISTA","2021-06-09","","4.1446045"
"CORPORACIÓN UNIVERSITARIA LASALLISTA","2021-06-08","","15.6628446"
"CORPORACIÓN UNIVERSITARIA LASALLISTA","2021-06-07","","18.35234141"
"CORPORACIÓN UNIVERSITARIA LASALLISTA","2021-06-06","","28.35007572"
"CORPORACIÓN UNIVERSITARIA LASALLISTA","2021-06-05","","16.60294227"
"CORPORACIÓN UNIVERSITARIA LASALLISTA","2021-06-04","","27.09116233"
"CORPORACIÓN UNIVERSITARIA LASALLISTA","2021-06-03","","26.46988039"
"CORPORACIÓN UNIVERSITARIA LASALLISTA","2021-06-02","","18.80195333"
"CORPORACIÓN UNIVERSITARIA LASALLISTA","2021-06-01","","19.98729387"
"CORPORACIÓN UNIVERSITARIA LASALLISTA","2021-05-31","","14.27100246"
"CORPORACIÓN UNIVERSITARIA LASALLISTA","2021-05-30","","19.32513812"
"CORPORACIÓN UNIVERSITARIA LASALLISTA","2021-05-29","","14.42028073"
"CORPORACIÓN UNIVERSITARIA LASALLISTA","2021-05-28","","15.63014556"
"CORPORACIÓN UNIVERSITARIA LASALLISTA","2021-05-27","","23.82943216"
"CORPORACIÓN UNIVERSITARIA LASALLISTA","2021-05-26","","26.89496803"
"CORPORACIÓN UNIVERSITARIA LASALLISTA","2021-05-25","","35.32350341"
"CORPORACIÓN UNIVERSITARIA LASALLISTA","2021-05-24","","28.02308523"
"CORPORACIÓN UNIVERSITARIA LASALLISTA","2021-05-23","","21.34430442"
"CORPORACIÓN UNIVERSITARIA LASALLISTA","2021-05-22","","31.48918446"
"CORPORACIÓN UNIVERSITARIA LASALLISTA","2021-05-21","","21.73669301"
"CORPORACIÓN UNIVERSITARIA LASALLISTA","2021-05-20","","21.44488953"
"CORPORACIÓN UNIVERSITARIA LASALLISTA","2021-05-19","","23.15092689"
"CORPORACIÓN UNIVERSITARIA LASALLISTA","2021-05-18","","19.0471962"
"CORPORACIÓN UNIVERSITARIA LASALLISTA","2021-05-17","","26.02844322"
"CORPORACIÓN UNIVERSITARIA LASALLISTA","2021-05-16","","31.85704876"
"CORPORACIÓN UNIVERSITARIA LASALLISTA","2021-05-15","","33.88190184"
"CORPORACIÓN UNIVERSITARIA LASALLISTA","2021-05-14","","29.23295005"
"CORPORACIÓN UNIVERSITARIA LASALLISTA","2021-05-13","","36.63928471"
"CORPORACIÓN UNIVERSITARIA LASALLISTA","2021-05-12","","26.0153636"
"CORPORACIÓN UNIVERSITARIA LASALLISTA","2021-05-11","","21.52414919"
"CORPORACIÓN UNIVERSITARIA LASALLISTA","2021-05-10","","18.74935052"
"CORPORACIÓN UNIVERSITARIA LASALLISTA","2021-05-09","","20.83746915"
"CORPORACIÓN UNIVERSITARIA LASALLISTA","2021-05-08","","23.56783977"
"CORPORACIÓN UNIVERSITARIA LASALLISTA","2021-05-07","","21.81026587"
"CORPORACIÓN UNIVERSITARIA LASALLISTA","2021-05-06","","26.73964755"
"CORPORACIÓN UNIVERSITARIA LASALLISTA","2021-05-05","","27.43308065"
"CORPORACIÓN UNIVERSITARIA LASALLISTA","2021-05-04","","24.22182075"
"CORPORACIÓN UNIVERSITARIA LASALLISTA","2021-05-03","","25.28453985"
"CORPORACIÓN UNIVERSITARIA LASALLISTA","2021-05-02","","18.20519569"
"CORPORACIÓN UNIVERSITARIA LASALLISTA","2021-05-01","","16.13698082"
"CORPORACIÓN UNIVERSITARIA LASALLISTA","2021-04-30","","12.15587157"
"CORPORACIÓN UNIVERSITARIA LASALLISTA","2021-04-29","","18.22154521"
"CORPORACIÓN UNIVERSITARIA LASALLISTA","2021-04-28","","24.54063648"
"CORPORACIÓN UNIVERSITARIA LASALLISTA","2021-04-27","","14.08511548"
"CORPORACIÓN UNIVERSITARIA LASALLISTA","2021-04-26","","26.36360848"
"CORPORACIÓN UNIVERSITARIA LASALLISTA","2021-04-25","","25.71780225"
"CORPORACIÓN UNIVERSITARIA LASALLISTA","2021-04-24","","35.48664322"
"CORPORACIÓN UNIVERSITARIA LASALLISTA","2021-04-23","","12.35206586"
"CORPORACIÓN UNIVERSITARIA LASALLISTA","2021-04-22","","31.39108731"
"CORPORACIÓN UNIVERSITARIA LASALLISTA","2021-04-21","","25.75050131"
"CORPORACIÓN UNIVERSITARIA LASALLISTA","2021-04-20","","25.42351081"
"CORPORACIÓN UNIVERSITARIA LASALLISTA","2021-04-19","","28.75063908"
"CORPORACIÓN UNIVERSITARIA LASALLISTA","2021-04-18","","19.44775956"
"CORPORACIÓN UNIVERSITARIA LASALLISTA","2021-04-17","","27.32005567"
"CORPORACIÓN UNIVERSITARIA LASALLISTA","2021-04-16","","19.57038099"
"CORPORACIÓN UNIVERSITARIA LASALLISTA","2021-04-15","","38.23336336"
"CORPORACIÓN UNIVERSITARIA LASALLISTA","2021-04-14","","38.15161574"
"CORPORACIÓN UNIVERSITARIA LASALLISTA","2021-04-13","","33.70454504"
"CORPORACIÓN UNIVERSITARIA LASALLISTA","2021-04-12","","26.19193847"
"CORPORACIÓN UNIVERSITARIA LASALLISTA","2021-04-11","","23.60871358"
"CORPORACIÓN UNIVERSITARIA LASALLISTA","2021-04-10","","22.83211116"
"CORPORACIÓN UNIVERSITARIA LASALLISTA","2021-04-09","","23.89483026"
"CORPORACIÓN UNIVERSITARIA LASALLISTA","2021-04-08","","27.67157045"
"CORPORACIÓN UNIVERSITARIA LASALLISTA","2021-04-07","","26.32273467"
"CORPORACIÓN UNIVERSITARIA LASALLISTA","2021-04-06","","31.93062162"
"CORPORACIÓN UNIVERSITARIA LASALLISTA","2021-04-05","","36.63110995"
"CORPORACIÓN UNIVERSITARIA LASALLISTA","2021-04-04","","29.14302767"
"CORPORACIÓN UNIVERSITARIA LASALLISTA","2021-04-03","","29.20025101"
"CORPORACIÓN UNIVERSITARIA LASALLISTA","2021-04-02","","31.51370874"
"CORPORACIÓN UNIVERSITARIA LASALLISTA","2021-04-01","","27.79419189"
"CORPORACIÓN UNIVERSITARIA LASALLISTA","2021-03-31","","33.73724409"
"CORPORACIÓN UNIVERSITARIA LASALLISTA","2021-03-30","","28.55444478"
"CORPORACIÓN UNIVERSITARIA LASALLISTA","2021-03-29","","22.23535351"
"CORPORACIÓN UNIVERSITARIA LASALLISTA","2021-03-28","","29.80518341"
"CORPORACIÓN UNIVERSITARIA LASALLISTA","2021-03-27","","31.91427209"
"CORPORACIÓN UNIVERSITARIA LASALLISTA","2021-03-26","","21.32912271"
"CORPORACIÓN UNIVERSITARIA LASALLISTA","2021-03-25","","23.77220882"
"CORPORACIÓN UNIVERSITARIA LASALLISTA","2021-03-24","","19.94642006"
"CORPORACIÓN UNIVERSITARIA LASALLISTA","2021-03-23","","19.49680813"
"CORPORACIÓN UNIVERSITARIA LASALLISTA","2021-03-22","","33.13231168"
"CORPORACIÓN UNIVERSITARIA LASALLISTA","2021-03-21","","32.06959258"
"CORPORACIÓN UNIVERSITARIA LASALLISTA","2021-03-19","","26.96854089"
"CORPORACIÓN UNIVERSITARIA LASALLISTA","2021-03-18","","27.51624997"
"CORPORACIÓN UNIVERSITARIA LASALLISTA","2021-03-17","","30.68805774"
"CORPORACIÓN UNIVERSITARIA LASALLISTA","2021-03-16","","29.79700865"
"CORPORACIÓN UNIVERSITARIA LASALLISTA","2021-03-15","","29.08793688"
"CORPORACIÓN UNIVERSITARIA LASALLISTA","2021-03-14","","32.09411687"
"CORPORACIÓN UNIVERSITARIA LASALLISTA","2021-03-13","","23.91117978"
"CORPORACIÓN UNIVERSITARIA LASALLISTA","2021-03-12","","16.4230975"
"CORPORACIÓN UNIVERSITARIA LASALLISTA","2021-03-11","","20.39603199"
"CORPORACIÓN UNIVERSITARIA LASALLISTA","2021-03-10","","18.13979759"
"CORPORACIÓN UNIVERSITARIA LASALLISTA","2021-03-09","","19.79109957"
"CORPORACIÓN UNIVERSITARIA LASALLISTA","2021-03-08","","25.1864427"
"CORPORACIÓN UNIVERSITARIA LASALLISTA","2021-03-07","","30.97417443"
"CORPORACIÓN UNIVERSITARIA LASALLISTA","2021-03-06","","25.03112222"
"CORPORACIÓN UNIVERSITARIA LASALLISTA","2021-03-05","","33.12413692"
"CORPORACIÓN UNIVERSITARIA LASALLISTA","2021-03-04","","32.0859421"
"CORPORACIÓN UNIVERSITARIA LASALLISTA","2021-03-03","","28.90595956"
"CORPORACIÓN UNIVERSITARIA LASALLISTA","2021-03-02","","33.80264219"
"CORPORACIÓN UNIVERSITARIA LASALLISTA","2021-03-01","","34.68551652"
"CORPORACIÓN UNIVERSITARIA LASALLISTA","2021-02-28","","28.21440945"
"CORPORACIÓN UNIVERSITARIA LASALLISTA","2021-02-27","","26.34725895"
"CORPORACIÓN UNIVERSITARIA LASALLISTA","2021-02-26","","26.85000684"
"CORPORACIÓN UNIVERSITARIA LASALLISTA","2021-02-25","","31.36186688"
"CORPORACIÓN UNIVERSITARIA LASALLISTA","2021-02-24","","33.33668074"
"CORPORACIÓN UNIVERSITARIA LASALLISTA","2021-02-23","","35.92399301"
"CORPORACIÓN UNIVERSITARIA LASALLISTA","2021-02-22","","28.96727028"
"CORPORACIÓN UNIVERSITARIA LASALLISTA","2021-02-21","","31.84478661"
"CORPORACIÓN UNIVERSITARIA LASALLISTA","2021-02-20","","29.87466889"
"CORPORACIÓN UNIVERSITARIA LASALLISTA","2021-02-19","","31.91427209"
"CORPORACIÓN UNIVERSITARIA LASALLISTA","2021-02-18","","27.56121116"
"CORPORACIÓN UNIVERSITARIA LASALLISTA","2021-02-17","","39.39417961"
"CORPORACIÓN UNIVERSITARIA LASALLISTA","2021-02-16","","36.20602231"
"CORPORACIÓN UNIVERSITARIA LASALLISTA","2021-02-15","","31.48100969"
"CORPORACIÓN UNIVERSITARIA LASALLISTA","2021-02-14","","23.22858713"
"CORPORACIÓN UNIVERSITARIA LASALLISTA","2021-02-13","","23.49017952"
"CORPORACIÓN UNIVERSITARIA LASALLISTA","2021-02-12","","23.8212574"
"CORPORACIÓN UNIVERSITARIA LASALLISTA","2021-02-11","","32.56825308"
"CORPORACIÓN UNIVERSITARIA LASALLISTA","2021-02-10","","32.59329916"
"CORPORACIÓN UNIVERSITARIA LASALLISTA","2021-02-09","","20.31837174"
"CORPORACIÓN UNIVERSITARIA LASALLISTA","2021-02-08","","24.18094694"
"CORPORACIÓN UNIVERSITARIA LASALLISTA","2021-02-07","","32.17995187"
"CORPORACIÓN UNIVERSITARIA LASALLISTA","2021-02-06","","43.07691004"
"CORPORACIÓN UNIVERSITARIA LASALLISTA","2021-02-05","","31.7180778"
"CORPORACIÓN UNIVERSITARIA LASALLISTA","2021-02-04","","32.16360234"
"CORPORACIÓN UNIVERSITARIA LASALLISTA","2021-02-03","","32.96472905"
"CORPORACIÓN UNIVERSITARIA LASALLISTA","2021-02-02","","40.18713156"
"CORPORACIÓN UNIVERSITARIA LASALLISTA","2021-02-01","","34.74682724"
"CORPORACIÓN UNIVERSITARIA LASALLISTA","2021-01-31","","36.37769232"
"CORPORACIÓN UNIVERSITARIA LASALLISTA","2021-01-30","","32.18403925"
"CORPORACIÓN UNIVERSITARIA LASALLISTA","2021-01-29","","28.8323867"
"CORPORACIÓN UNIVERSITARIA LASALLISTA","2021-01-28","","23.06917926"
"CORPORACIÓN UNIVERSITARIA LASALLISTA","2021-01-27","","24.90850079"
"CORPORACIÓN UNIVERSITARIA LASALLISTA","2021-01-26","","20.83746915"
"CORPORACIÓN UNIVERSITARIA LASALLISTA","2021-01-25","","21.87566397"
"CORPORACIÓN UNIVERSITARIA LASALLISTA","2021-01-24","","25.54613225"
"CORPORACIÓN UNIVERSITARIA LASALLISTA","2021-01-23","","29.24112482"
"CORPORACIÓN UNIVERSITARIA LASALLISTA","2021-01-22","","32.96881643"
"CORPORACIÓN UNIVERSITARIA LASALLISTA","2021-01-21","","25.99574417"
"CORPORACIÓN UNIVERSITARIA LASALLISTA","2021-01-20","","23.94387883"
"CORPORACIÓN UNIVERSITARIA LASALLISTA","2021-01-19","","25.53795748"
"CORPORACIÓN UNIVERSITARIA LASALLISTA","2021-01-18","","32.26578687"
"CORPORACIÓN UNIVERSITARIA LASALLISTA","2021-01-17","","37.26056665"
"CORPORACIÓN UNIVERSITARIA LASALLISTA","2021-01-16","","32.32301021"
"CORPORACIÓN UNIVERSITARIA LASALLISTA","2021-01-15","","25.79137512"
"CORPORACIÓN UNIVERSITARIA LASALLISTA","2021-01-14","","37.62843096"
"CORPORACIÓN UNIVERSITARIA LASALLISTA","2021-01-13","","27.82546924"
"CORPORACIÓN UNIVERSITARIA LASALLISTA","2021-01-12","","19.65212862"
"CORPORACIÓN UNIVERSITARIA LASALLISTA","2021-01-11","","26.208288"
"CORPORACIÓN UNIVERSITARIA LASALLISTA","2021-01-10","","29.68256198"
"CORPORACIÓN UNIVERSITARIA LASALLISTA","2021-01-09","","33.54922456"
"CORPORACIÓN UNIVERSITARIA LASALLISTA","2021-01-08","","16.99533086"
"CORPORACIÓN UNIVERSITARIA LASALLISTA","2021-01-07","","25.39081176"
"CORPORACIÓN UNIVERSITARIA LASALLISTA","2021-01-06","","30.5245625"
"CORPORACIÓN UNIVERSITARIA LASALLISTA","2021-01-05","","36.06705135"
"CORPORACIÓN UNIVERSITARIA LASALLISTA","2021-01-04","","30.63900917"
"CORPORACIÓN UNIVERSITARIA LASALLISTA","2021-01-03","","18.01717615"
"CORPORACIÓN UNIVERSITARIA LASALLISTA","2021-01-02","","24.6877822"
"CORPORACIÓN UNIVERSITARIA LASALLISTA","2021-01-01","","24.78587935"
"CORPORACIÓN UNIVERSITARIA LASALLISTA","2020-12-31","","26.04479275"
"CORPORACIÓN UNIVERSITARIA LASALLISTA","2020-12-30","","27.87593951"
"CORPORACIÓN UNIVERSITARIA LASALLISTA","2020-12-29","","25.44283298"
"CORPORACIÓN UNIVERSITARIA LASALLISTA","2020-12-28","","28.92230908"
"CORPORACIÓN UNIVERSITARIA LASALLISTA","2020-12-27","","20.18348817"
"CORPORACIÓN UNIVERSITARIA LASALLISTA","2020-12-26","","24.5161122"
"CORPORACIÓN UNIVERSITARIA LASALLISTA","2020-12-25","","32.47833069"
"CORPORACIÓN UNIVERSITARIA LASALLISTA","2020-12-24","","29.06945481"
"CORPORACIÓN UNIVERSITARIA LASALLISTA","2020-12-23","","22.1944797"
"CORPORACIÓN UNIVERSITARIA LASALLISTA","2020-12-21","","20.78842058"
"CORPORACIÓN UNIVERSITARIA LASALLISTA","2020-12-20","","19.70117719"
"CORPORACIÓN UNIVERSITARIA LASALLISTA","2020-12-19","","31.96332066"
"CORPORACIÓN UNIVERSITARIA LASALLISTA","2020-12-18","","14.68187313"
"CORPORACIÓN UNIVERSITARIA LASALLISTA","2020-12-17","","19.73387624"
"CORPORACIÓN UNIVERSITARIA LASALLISTA","2020-12-16","","24.74500554"
"CORPORACIÓN UNIVERSITARIA LASALLISTA","2020-12-15","","24.05015074"
"CORPORACIÓN UNIVERSITARIA LASALLISTA","2020-12-14","","26.92766708"
"CORPORACIÓN UNIVERSITARIA LASALLISTA","2020-12-13","","25.56248177"
"CORPORACIÓN UNIVERSITARIA LASALLISTA","2020-12-12","","18.02535091"
"CORPORACIÓN UNIVERSITARIA LASALLISTA","2020-12-11","","19.77297293"
"CORPORACIÓN UNIVERSITARIA LASALLISTA","2020-12-10","","22.1944797"
"CORPORACIÓN UNIVERSITARIA LASALLISTA","2020-12-09","","15.76094175"
"CORPORACIÓN UNIVERSITARIA LASALLISTA","2020-12-08","","21.57319776"
"CORPORACIÓN UNIVERSITARIA LASALLISTA","2020-12-07","","22.67679067"
"CORPORACIÓN UNIVERSITARIA LASALLISTA","2020-12-06","","22.33345066"
"CORPORACIÓN UNIVERSITARIA LASALLISTA","2020-12-05","","23.63323787"
"CORPORACIÓN UNIVERSITARIA LASALLISTA","2020-12-04","","17.62478756"
"CORPORACIÓN UNIVERSITARIA LASALLISTA","2020-12-03","","25.16191842"
"CORPORACIÓN UNIVERSITARIA LASALLISTA","2020-12-02","","8.99223855"
"CORPORACIÓN UNIVERSITARIA LASALLISTA","2020-12-01","","22.47242162"
"CORPORACIÓN UNIVERSITARIA LASALLISTA","2020-11-30","","12.4092892"
"CORPORACIÓN UNIVERSITARIA LASALLISTA","2020-11-29","","23.26537356"
"CORPORACIÓN UNIVERSITARIA LASALLISTA","2020-11-28","","25.97441871"
"CORPORACIÓN UNIVERSITARIA LASALLISTA","2020-11-27","","12.95699828"
"CORPORACIÓN UNIVERSITARIA LASALLISTA","2020-11-26","","12.83437684"
"CORPORACIÓN UNIVERSITARIA LASALLISTA","2020-11-25","","22.75036353"
"CORPORACIÓN UNIVERSITARIA LASALLISTA","2020-11-24","","24.35261695"
"CORPORACIÓN UNIVERSITARIA LASALLISTA","2020-11-23","","22.32527589"
"CORPORACIÓN UNIVERSITARIA LASALLISTA","2020-11-22","","21.19715869"
"CORPORACIÓN UNIVERSITARIA LASALLISTA","2020-11-21","","14.61647503"
"CORPORACIÓN UNIVERSITARIA LASALLISTA","2020-11-20","","14.72274694"
"CORPORACIÓN UNIVERSITARIA LASALLISTA","2020-11-19","","12.42563873"
"CORPORACIÓN UNIVERSITARIA LASALLISTA","2020-11-18","","3.26395965"
"CORPORACIÓN UNIVERSITARIA LASALLISTA","2020-11-09","","5.41496256"
"CORPORACIÓN UNIVERSITARIA LASALLISTA","2020-11-08","","19.44775956"
"CORPORACIÓN UNIVERSITARIA LASALLISTA","2020-11-07","","26.28186086"
"CORPORACIÓN UNIVERSITARIA LASALLISTA","2020-11-06","","15.58927174"
"CORPORACIÓN UNIVERSITARIA LASALLISTA","2020-11-05","","23.45339309"
"CORPORACIÓN UNIVERSITARIA LASALLISTA","2020-11-04","","17.54303994"
"CORPORACIÓN UNIVERSITARIA LASALLISTA","2020-11-03","","33.07508835"
"CORPORACIÓN UNIVERSITARIA LASALLISTA","2020-11-02","","18.54036094"
"CORPORACIÓN UNIVERSITARIA LASALLISTA","2020-11-01","","22.20265446"
"CORPORACIÓN UNIVERSITARIA LASALLISTA","2020-10-31","","22.26805256"
"CORPORACIÓN UNIVERSITARIA LASALLISTA","2020-10-30","","20.53500294"
"CORPORACIÓN UNIVERSITARIA LASALLISTA","2020-10-29","","25.16191842"
"CORPORACIÓN UNIVERSITARIA LASALLISTA","2020-10-28","","16.21055368"
"CORPORACIÓN UNIVERSITARIA LASALLISTA","2020-10-27","","33.15683597"
"CORPORACIÓN UNIVERSITARIA LASALLISTA","2020-10-26","","19.14529335"
"CORPORACIÓN UNIVERSITARIA LASALLISTA","2020-10-25","","19.83197339"
"CORPORACIÓN UNIVERSITARIA LASALLISTA","2020-10-24","","17.70653518"
"CORPORACIÓN UNIVERSITARIA LASALLISTA","2020-10-23","","24.66325792"
"CORPORACIÓN UNIVERSITARIA LASALLISTA","2020-10-22","","35.1678275"
"CORPORACIÓN UNIVERSITARIA LASALLISTA","2020-10-21","","21.81026587"
"CORPORACIÓN UNIVERSITARIA LASALLISTA","2020-10-20","","25.43168557"
"CORPORACIÓN UNIVERSITARIA LASALLISTA","2020-10-19","","16.4884956"
"CORPORACIÓN UNIVERSITARIA LASALLISTA","2020-10-18","","27.32005567"
"CORPORACIÓN UNIVERSITARIA LASALLISTA","2020-10-17","","35.51934228"
"CORPORACIÓN UNIVERSITARIA LASALLISTA","2020-10-16","","26.73147278"
"CORPORACIÓN UNIVERSITARIA LASALLISTA","2020-10-15","","29.40462006"
"CORPORACIÓN UNIVERSITARIA LASALLISTA","2020-10-14","","27.18108471"
"CORPORACIÓN UNIVERSITARIA LASALLISTA","2020-10-13","","25.12104461"
"CORPORACIÓN UNIVERSITARIA LASALLISTA","2020-10-12","","34.57924461"
"CORPORACIÓN UNIVERSITARIA LASALLISTA","2020-10-11","","39.19798532"
"CORPORACIÓN UNIVERSITARIA LASALLISTA","2020-10-10","","32.26578687"
"CORPORACIÓN UNIVERSITARIA LASALLISTA","2020-10-09","","29.05310528"
"CORPORACIÓN UNIVERSITARIA LASALLISTA","2020-10-08","","36.32864375"
"CORPORACIÓN UNIVERSITARIA LASALLISTA","2020-10-07","","32.60095213"
"CORPORACIÓN UNIVERSITARIA LASALLISTA","2020-10-06","","24.67376833"
"CORPORACIÓN UNIVERSITARIA LASALLISTA","2020-10-05","","23.40434452"
"CORPORACIÓN UNIVERSITARIA LASALLISTA","2020-10-04","","24.385316"
"CORPORACIÓN UNIVERSITARIA LASALLISTA","2020-10-03","","19.75022576"
"CORPORACIÓN UNIVERSITARIA LASALLISTA","2020-10-02","","29.38009577"
"CORPORACIÓN UNIVERSITARIA LASALLISTA","2020-10-01","","33.10778739"
"CORPORACIÓN UNIVERSITARIA LASALLISTA","2020-09-30","","34.1051084"
"CORPORACIÓN UNIVERSITARIA LASALLISTA","2020-09-29","","18.58940951"
"CORPORACIÓN UNIVERSITARIA LASALLISTA","2020-09-28","","19.71752671"
"CORPORACIÓN UNIVERSITARIA LASALLISTA","2020-09-27","","25.79137512"
"CORPORACIÓN UNIVERSITARIA LASALLISTA","2020-09-26","","35.86788442"
"CORPORACIÓN UNIVERSITARIA LASALLISTA","2020-09-23","","23.24902404"
"CORPORACIÓN UNIVERSITARIA LASALLISTA","2020-09-22","","10.46369577"
"CORPORACIÓN UNIVERSITARIA LASALLISTA","2020-09-21","","23.24084927"
"CORPORACIÓN UNIVERSITARIA LASALLISTA","2020-09-20","","23.87030597"
"CORPORACIÓN UNIVERSITARIA LASALLISTA","2020-09-19","","33.9089141"
"CORPORACIÓN UNIVERSITARIA LASALLISTA","2020-09-18","","22.26805256"
"CORPORACIÓN UNIVERSITARIA LASALLISTA","2020-09-17","","17.24057373"
"CORPORACIÓN UNIVERSITARIA LASALLISTA","2020-09-16","","29.16755196"
"CORPORACIÓN UNIVERSITARIA LASALLISTA","2020-09-15","","29.77248436"
"CORPORACIÓN UNIVERSITARIA LASALLISTA","2020-09-14","","30.33654297"
"CORPORACIÓN UNIVERSITARIA LASALLISTA","2020-09-13","","29.82153294"
"CORPORACIÓN UNIVERSITARIA LASALLISTA","2020-09-12","","40.10538393"
"CORPORACIÓN UNIVERSITARIA LASALLISTA","2020-09-11","","30.29566915"
"CORPORACIÓN UNIVERSITARIA LASALLISTA","2020-09-10","","28.81603717"
"CORPORACIÓN UNIVERSITARIA LASALLISTA","2020-09-09","","24.06650027"
"CORPORACIÓN UNIVERSITARIA LASALLISTA","2020-09-08","","25.08834556"
"CORPORACIÓN UNIVERSITARIA LASALLISTA","2020-09-07","","28.72113885"
"CORPORACIÓN UNIVERSITARIA LASALLISTA","2020-09-06","","39.24703389"
"CORPORACIÓN UNIVERSITARIA LASALLISTA","2020-09-05","","30.64718394"
"CORPORACIÓN UNIVERSITARIA LASALLISTA","2020-09-04","","26.23281228"
"CORPORACIÓN UNIVERSITARIA LASALLISTA","2020-09-03","","19.21851079"
"CORPORACIÓN UNIVERSITARIA LASALLISTA","2020-09-02","","30.05042628"
"CORPORACIÓN UNIVERSITARIA LASALLISTA","2020-09-01","","22.75036354"
"CORPORACIÓN UNIVERSITARIA LASALLISTA","2020-08-31","","39.46308118"
"CORPORACIÓN UNIVERSITARIA LASALLISTA","2020-08-27","","9.35192809"
"CORPORACIÓN UNIVERSITARIA LASALLISTA","2020-08-26","","12.03325013"
"CORPORACIÓN UNIVERSITARIA LASALLISTA","2020-08-25","","15.43395126"
"CORPORACIÓN UNIVERSITARIA LASALLISTA","2020-08-24","","16.4230975"
"CORPORACIÓN UNIVERSITARIA LASALLISTA","2020-08-23","","17.47764184"
"CORPORACIÓN UNIVERSITARIA LASALLISTA","2020-08-22","","19.55403147"
"CORPORACIÓN UNIVERSITARIA LASALLISTA","2020-08-21","","15.89991271"
"CORPORACIÓN UNIVERSITARIA LASALLISTA","2020-08-20","","24.99842317"
"CORPORACIÓN UNIVERSITARIA LASALLISTA","2020-08-19","","10.59449196"
"CORPORACIÓN UNIVERSITARIA LASALLISTA","2020-08-18","","17.2896223"
"CORPORACIÓN UNIVERSITARIA LASALLISTA","2020-08-17","","23.70681073"
"CORPORACIÓN UNIVERSITARIA LASALLISTA","2020-08-16","","24.14824789"
"CORPORACIÓN UNIVERSITARIA LASALLISTA","2020-08-15","","32.55190355"
"CORPORACIÓN UNIVERSITARIA LASALLISTA","2020-08-14","","12.2130949"
"CORPORACIÓN UNIVERSITARIA LASALLISTA","2020-08-13","","29.60827827"
"CORPORACIÓN UNIVERSITARIA LASALLISTA","2020-08-12","","25.12921937"
"CORPORACIÓN UNIVERSITARIA LASALLISTA","2020-08-11","","26.87044374"
"CORPORACIÓN UNIVERSITARIA LASALLISTA","2020-08-10","","31.79165066"
"CORPORACIÓN UNIVERSITARIA LASALLISTA","2020-08-09","","33.33668074"
"CORPORACIÓN UNIVERSITARIA LASALLISTA","2020-08-08","","32.49468022"
"CORPORACIÓN UNIVERSITARIA LASALLISTA","2020-08-07","","32.16768973"
"CORPORACIÓN UNIVERSITARIA LASALLISTA","2020-08-06","","30.75345585"
"CORPORACIÓN UNIVERSITARIA LASALLISTA","2020-08-05","","30.70440727"
"CORPORACIÓN UNIVERSITARIA LASALLISTA","2020-08-04","","42.77853122"
"CORPORACIÓN UNIVERSITARIA LASALLISTA","2020-08-03","","41.92835594"
"CORPORACIÓN UNIVERSITARIA LASALLISTA","2020-08-02","","40.13808299"
"CORPORACIÓN UNIVERSITARIA LASALLISTA","2020-08-01","","36.2959447"
"CORPORACIÓN UNIVERSITARIA LASALLISTA","2020-07-31","","26.24098704"
"CORPORACIÓN UNIVERSITARIA LASALLISTA","2020-07-30","","21.48327537"
"CORPORACIÓN UNIVERSITARIA LASALLISTA","2020-07-29","","27.59799759"
"CORPORACIÓN UNIVERSITARIA LASALLISTA","2020-07-28","","30.85972775"
"CORPORACIÓN UNIVERSITARIA LASALLISTA","2020-07-27","","25.93034608"
"CORPORACIÓN UNIVERSITARIA LASALLISTA","2020-07-26","","27.72061902"
"CORPORACIÓN UNIVERSITARIA LASALLISTA","2020-07-25","","17.89455472"
"CORPORACIÓN UNIVERSITARIA LASALLISTA","2020-07-24","","25.63605463"
"CORPORACIÓN UNIVERSITARIA LASALLISTA","2020-07-23","","16.69286466"
"CORPORACIÓN UNIVERSITARIA LASALLISTA","2020-07-22","","23.48609214"
"CORPORACIÓN UNIVERSITARIA LASALLISTA","2020-07-21","","30.64896105"
"CORPORACIÓN UNIVERSITARIA LASALLISTA","2020-07-20","","35.81363372"
"CORPORACIÓN UNIVERSITARIA LASALLISTA","2020-07-19","","36.82730425"
"CORPORACIÓN UNIVERSITARIA LASALLISTA","2020-07-18","","37.69382905"
"CORPORACIÓN UNIVERSITARIA LASALLISTA","2020-07-17","","38.08621764"
"CORPORACIÓN UNIVERSITARIA LASALLISTA","2020-07-16","","27.2710071"
"CORPORACIÓN UNIVERSITARIA LASALLISTA","2020-07-15","","32.6500007"
"CORPORACIÓN UNIVERSITARIA LASALLISTA","2020-07-14","","35.57656561"
"CORPORACIÓN UNIVERSITARIA LASALLISTA","2020-07-13","","24.09102455"
"CORPORACIÓN UNIVERSITARIA LASALLISTA","2020-07-12","","24.9493746"
"CORPORACIÓN UNIVERSITARIA LASALLISTA","2020-07-11","","27.205609"
"CORPORACIÓN UNIVERSITARIA LASALLISTA","2020-07-10","","31.64450494"
"CORPORACIÓN UNIVERSITARIA LASALLISTA","2020-07-09","","19.68482766"
"CORPORACIÓN UNIVERSITARIA LASALLISTA","2020-07-06","","19.25506873"
"CORPORACIÓN UNIVERSITARIA LASALLISTA","2020-07-05","","26.26551133"
"CORPORACIÓN UNIVERSITARIA LASALLISTA","2020-07-04","","29.83788247"
"CORPORACIÓN UNIVERSITARIA LASALLISTA","2020-07-03","","36.62293519"
"CORPORACIÓN UNIVERSITARIA LASALLISTA","2020-07-02","","31.03957252"
"CORPORACIÓN UNIVERSITARIA LASALLISTA","2020-07-01","","35.04520606"
"CORPORACIÓN UNIVERSITARIA LASALLISTA","2020-06-30","","20.46143008"
"CORPORACIÓN UNIVERSITARIA LASALLISTA","2020-06-29","","27.61434711"
"CORPORACIÓN UNIVERSITARIA LASALLISTA","2020-06-28","","31.67720399"
"CORPORACIÓN UNIVERSITARIA LASALLISTA","2020-06-27","","32.73174833"
"CORPORACIÓN UNIVERSITARIA LASALLISTA","2020-06-26","","25.35811271"
"CORPORACIÓN UNIVERSITARIA LASALLISTA","2020-06-25","","27.38694009"
"CORPORACIÓN UNIVERSITARIA LASALLISTA","2020-06-24","","26.06114227"
"CORPORACIÓN UNIVERSITARIA LASALLISTA","2020-06-23","","22.58686829"
"CORPORACIÓN UNIVERSITARIA LASALLISTA","2020-06-22","","26.98489041"
"CORPORACIÓN UNIVERSITARIA LASALLISTA","2020-06-21","","27.92498808"
"CORPORACIÓN UNIVERSITARIA LASALLISTA","2020-06-20","","30.18122248"
"CORPORACIÓN UNIVERSITARIA LASALLISTA","2020-06-19","","27.205609"
"CORPORACIÓN UNIVERSITARIA LASALLISTA","2020-06-18","","27.16473519"
"CORPORACIÓN UNIVERSITARIA LASALLISTA","2020-06-17","","17.10160277"
"CORPORACIÓN UNIVERSITARIA LASALLISTA","2020-06-16","","27.33640519"
"CORPORACIÓN UNIVERSITARIA LASALLISTA","2020-06-15","","22.09638255"
"CORPORACIÓN UNIVERSITARIA LASALLISTA","2020-06-14","","25.91399655"
"CORPORACIÓN UNIVERSITARIA LASALLISTA","2020-06-13","","36.64745948"
"CORPORACIÓN UNIVERSITARIA LASALLISTA","2020-06-12","","18.00082663"
"CORPORACIÓN UNIVERSITARIA LASALLISTA","2020-06-11","","20.56770199"
"CORPORACIÓN UNIVERSITARIA LASALLISTA","2020-06-10","","14.73240802"
"CORPORACIÓN UNIVERSITARIA LASALLISTA","2020-06-09","","32.65817546"
"CORPORACIÓN UNIVERSITARIA LASALLISTA","2020-06-08","","37.2278676"
"CORPORACIÓN UNIVERSITARIA LASALLISTA","2020-06-07","","46.75964047"
"CORPORACIÓN UNIVERSITARIA LASALLISTA","2020-06-06","","33.16501073"
"CORPORACIÓN UNIVERSITARIA LASALLISTA","2020-06-05","","40.23618013"
"CORPORACIÓN UNIVERSITARIA LASALLISTA","2020-06-04","","39.12441246"
"CORPORACIÓN UNIVERSITARIA LASALLISTA","2020-06-03","","14.74016274"
"CORPORACIÓN UNIVERSITARIA LASALLISTA","2020-06-02","","25.17009318"
"CORPORACIÓN UNIVERSITARIA LASALLISTA","2020-06-01","","31.80053627"
"CORPORACIÓN UNIVERSITARIA LASALLISTA","2020-05-31","","25.382637"
"CORPORACIÓN UNIVERSITARIA LASALLISTA","2020-05-30","","17.34684564"
"CORPORACIÓN UNIVERSITARIA LASALLISTA","2020-05-29","","11.3614333"
"CORPORACIÓN UNIVERSITARIA LASALLISTA","2020-05-28","","6.67060605"
"CORPORACIÓN UNIVERSITARIA LASALLISTA","2020-05-27","","20.70667295"
"CORPORACIÓN UNIVERSITARIA LASALLISTA","2020-05-26","","34.44844841"
"CORPORACIÓN UNIVERSITARIA LASALLISTA","2020-05-25","","40.92286017"
"CORPORACIÓN UNIVERSITARIA LASALLISTA","2020-05-24","","46.53892188"
"CORPORACIÓN UNIVERSITARIA LASALLISTA","2020-05-23","","40.93103493"
"CORPORACIÓN UNIVERSITARIA LASALLISTA","2020-05-22","","35.93625515"
"CORPORACIÓN UNIVERSITARIA LASALLISTA","2020-05-21","","38.02899431"
"CORPORACIÓN UNIVERSITARIA LASALLISTA","2020-05-20","","36.87635282"
"CORPORACIÓN UNIVERSITARIA LASALLISTA","2020-05-19","","16.7909618"
"CORPORACIÓN UNIVERSITARIA LASALLISTA","2020-05-18","","48.93412724"
"CORPORACIÓN UNIVERSITARIA LASALLISTA","2020-05-17","","35.87085706"
"CORPORACIÓN UNIVERSITARIA LASALLISTA","2020-05-16","","49.97232206"
"CORPORACIÓN UNIVERSITARIA LASALLISTA","2020-05-15","","35.57656561"
"CORPORACIÓN UNIVERSITARIA LASALLISTA","2020-05-14","","35.19351961"
"CORPORACIÓN UNIVERSITARIA LASALLISTA","2020-05-13","","46.97218428"
"CORPORACIÓN UNIVERSITARIA LASALLISTA","2020-05-12","","47.40544669"
"CORPORACIÓN UNIVERSITARIA LASALLISTA","2020-05-11","","33.65549647"
"CORPORACIÓN UNIVERSITARIA LASALLISTA","2020-05-10","","46.63701903"
"CORPORACIÓN UNIVERSITARIA LASALLISTA","2020-05-09","","43.04829837"
"CORPORACIÓN UNIVERSITARIA LASALLISTA","2020-05-08","","42.71313312"
"CORPORACIÓN UNIVERSITARIA LASALLISTA","2020-05-07","","38.36415956"
"CORPORACIÓN UNIVERSITARIA LASALLISTA","2020-05-06","","48.41094245"
"CORPORACIÓN UNIVERSITARIA LASALLISTA","2020-05-05","","40.86563683"
"CORPORACIÓN UNIVERSITARIA LASALLISTA","2020-05-04","","37.9881205"
"CORPORACIÓN UNIVERSITARIA LASALLISTA","2020-05-03","","44.83857132"
"CORPORACIÓN UNIVERSITARIA LASALLISTA","2020-05-02","","36.83547901"
"CORPORACIÓN UNIVERSITARIA LASALLISTA","2020-05-01","","40.88198636"
"CORPORACIÓN UNIVERSITARIA LASALLISTA","2020-04-30","","42.95020123"
"CORPORACIÓN UNIVERSITARIA LASALLISTA","2020-04-29","","47.79783528"
"CORPORACIÓN UNIVERSITARIA LASALLISTA","2020-04-28","","51.90974073"
"CORPORACIÓN UNIVERSITARIA LASALLISTA","2020-04-27","","44.70554564"
"CORPORACIÓN UNIVERSITARIA LASALLISTA","2020-04-26","","53.48746985"
"CORPORACIÓN UNIVERSITARIA LASALLISTA","2020-04-25","","53.82263511"
"CORPORACIÓN UNIVERSITARIA LASALLISTA","2020-04-24","","40.27705395"
"CORPORACIÓN UNIVERSITARIA LASALLISTA","2020-04-23","","43.76767745"
"CORPORACIÓN UNIVERSITARIA LASALLISTA","2020-04-22","","48.59078722"
"CORPORACIÓN UNIVERSITARIA LASALLISTA","2020-04-21","","45.79501851"
"CORPORACIÓN UNIVERSITARIA LASALLISTA","2020-04-20","","37.00714902"
"CORPORACIÓN UNIVERSITARIA LASALLISTA","2020-04-19","","40.42419967"
"CORPORACIÓN UNIVERSITARIA LASALLISTA","2020-04-18","","42.71313312"
"CORPORACIÓN UNIVERSITARIA LASALLISTA","2020-04-17","","55.66195663"
"CORPORACIÓN UNIVERSITARIA LASALLISTA","2020-04-16","","61.46603787"
"CORPORACIÓN UNIVERSITARIA LASALLISTA","2020-04-15","","52.63729457"
"CORPORACIÓN UNIVERSITARIA LASALLISTA","2020-04-14","","42.04280261"
"CORPORACIÓN UNIVERSITARIA LASALLISTA","2020-04-13","","31.62993254"
"CORPORACIÓN UNIVERSITARIA LASALLISTA","2020-04-12","","34.87353605"
"CORPORACIÓN UNIVERSITARIA LASALLISTA","2020-04-11","","34.09693363"
"CORPORACIÓN UNIVERSITARIA LASALLISTA","2020-04-10","","39.00179102"
"CORPORACIÓN UNIVERSITARIA LASALLISTA","2020-04-09","","48.65618532"
"CORPORACIÓN UNIVERSITARIA LASALLISTA","2020-04-08","","52.98063459"
"CORPORACIÓN UNIVERSITARIA LASALLISTA","2020-04-07","","53.38119794"
"CORPORACIÓN UNIVERSITARIA LASALLISTA","2020-04-06","","45.72962041"
"CORPORACIÓN UNIVERSITARIA LASALLISTA","2020-04-05","","43.34258982"
"CORPORACIÓN UNIVERSITARIA LASALLISTA","2020-04-04","","38.68297529"
"CORPORACIÓN UNIVERSITARIA LASALLISTA","2020-04-03","","51.25575974"
"CORPORACIÓN UNIVERSITARIA LASALLISTA","2020-04-02","","54.64011134"
"CORPORACIÓN UNIVERSITARIA LASALLISTA","2020-04-01","","40.65309301"
"CORPORACIÓN UNIVERSITARIA LASALLISTA","2020-03-31","","55.20416994"
"CORPORACIÓN UNIVERSITARIA LASALLISTA","2020-03-30","","68.66800348"
"CORPORACIÓN UNIVERSITARIA LASALLISTA","2020-03-29","","57.60755006"
"CORPORACIÓN UNIVERSITARIA LASALLISTA","2020-03-28","","75.30591048"
"CORPORACIÓN UNIVERSITARIA LASALLISTA","2020-03-27","","73.99794851"
"CORPORACIÓN UNIVERSITARIA LASALLISTA","2020-03-26","","70.98963598"
"CORPORACIÓN UNIVERSITARIA LASALLISTA","2020-03-25","","67.8832263"
"CORPORACIÓN UNIVERSITARIA LASALLISTA","2020-03-24","","57.93454056"
"CORPORACIÓN UNIVERSITARIA LASALLISTA","2020-03-23","","68.98681921"
"CORPORACIÓN UNIVERSITARIA LASALLISTA","2020-03-22","","63.79584514"
"CORPORACIÓN UNIVERSITARIA LASALLISTA","2020-03-21","","41.38882162"
"CORPORACIÓN UNIVERSITARIA LASALLISTA","2020-03-20","","36.55753709"
"CORPORACIÓN UNIVERSITARIA LASALLISTA","2020-03-19","","77.71746537"
"CORPORACIÓN UNIVERSITARIA LASALLISTA","2020-03-18","","84.65783858"
"CORPORACIÓN UNIVERSITARIA LASALLISTA","2020-03-17","","80.10449597"
"CORPORACIÓN UNIVERSITARIA LASALLISTA","2020-03-16","","56.77372431"
"CORPORACIÓN UNIVERSITARIA LASALLISTA","2020-03-15","","48.82785533"
"CORPORACIÓN UNIVERSITARIA LASALLISTA","2020-03-14","","36.0343523"
"CORPORACIÓN UNIVERSITARIA LASALLISTA","2020-03-13","","40.21165585"
"CORPORACIÓN UNIVERSITARIA LASALLISTA","2020-03-12","","47.55259241"
"CORPORACIÓN UNIVERSITARIA LASALLISTA","2020-03-11","","35.65618069"
"CORPORACIÓN UNIVERSITARIA LASALLISTA","2020-03-10","","52.73539172"
"CORPORACIÓN UNIVERSITARIA LASALLISTA","2020-03-09","","47.79783528"
"CORPORACIÓN UNIVERSITARIA LASALLISTA","2020-03-08","","48.18204911"
"CORPORACIÓN UNIVERSITARIA LASALLISTA","2020-03-07","","50.11946778"
"CORPORACIÓN UNIVERSITARIA LASALLISTA","2020-03-06","","54.49296562"
"CORPORACIÓN UNIVERSITARIA LASALLISTA","2020-03-05","","50.20939016"
"CORPORACIÓN UNIVERSITARIA LASALLISTA","2020-03-04","","47.34822335"
"CORPORACIÓN UNIVERSITARIA LASALLISTA","2020-03-03","","39.54132534"
"CORPORACIÓN UNIVERSITARIA LASALLISTA","2020-03-02","","42.47606501"
"CORPORACIÓN UNIVERSITARIA LASALLISTA","2020-03-01","","41.83025878"
"CORPORACIÓN UNIVERSITARIA LASALLISTA","2020-02-29","","32.49468022"
"CORPORACIÓN UNIVERSITARIA LASALLISTA","2020-02-28","","34.42392412"
"CORPORACIÓN UNIVERSITARIA LASALLISTA","2020-02-27","","28.8832124"
"CORPORACIÓN UNIVERSITARIA LASALLISTA","2020-02-26","","29.33922196"
"CORPORACIÓN UNIVERSITARIA LASALLISTA","2020-02-25","","32.4538064"
"CORPORACIÓN UNIVERSITARIA LASALLISTA","2020-02-24","","28.06395904"
"CORPORACIÓN UNIVERSITARIA LASALLISTA","2020-02-23","","29.70708627"
"CORPORACIÓN UNIVERSITARIA LASALLISTA","2020-02-22","","28.94683337"
"CORPORACIÓN UNIVERSITARIA LASALLISTA","2020-02-21","","38.54400434"
"CORPORACIÓN UNIVERSITARIA LASALLISTA","2020-02-20","","40.76753969"
"CORPORACIÓN UNIVERSITARIA LASALLISTA","2020-02-19","","58.76019155"
"CORPORACIÓN UNIVERSITARIA LASALLISTA","2020-02-18","","49.08127296"
"CORPORACIÓN UNIVERSITARIA LASALLISTA","2020-02-17","","35.42124513"
"CORPORACIÓN UNIVERSITARIA LASALLISTA","2020-02-16","","32.96064167"
"CORPORACIÓN UNIVERSITARIA LASALLISTA","2020-02-15","","29.55994054"
"CORPORACIÓN UNIVERSITARIA LASALLISTA","2020-02-14","","37.36221804"
"CORPORACIÓN UNIVERSITARIA LASALLISTA","2020-02-13","","48.99952534"
"CORPORACIÓN UNIVERSITARIA LASALLISTA","2020-02-12","","44.63420226"
"CORPORACIÓN UNIVERSITARIA LASALLISTA","2020-02-11","","50.18486588"
"CORPORACIÓN UNIVERSITARIA LASALLISTA","2020-02-10","","58.98091013"
"CORPORACIÓN UNIVERSITARIA LASALLISTA","2020-02-09","","56.43855905"
"CORPORACIÓN UNIVERSITARIA LASALLISTA","2020-02-08","","47.18472811"
"CORPORACIÓN UNIVERSITARIA LASALLISTA","2020-02-07","","47.66703908"
"CORPORACIÓN UNIVERSITARIA LASALLISTA","2020-02-06","","50.3320116"
"CORPORACIÓN UNIVERSITARIA LASALLISTA","2020-02-05","","38.53582957"
"CORPORACIÓN UNIVERSITARIA LASALLISTA","2020-02-04","","31.50553398"
"CORPORACIÓN UNIVERSITARIA LASALLISTA","2020-02-03","","31.34203873"
"CORPORACIÓN UNIVERSITARIA LASALLISTA","2020-02-02","","34.75091462"
"CORPORACIÓN UNIVERSITARIA LASALLISTA","2020-02-01","","35.80545896"
"CORPORACIÓN UNIVERSITARIA LASALLISTA","2020-01-31","","36.65563424"
"CORPORACIÓN UNIVERSITARIA LASALLISTA","2020-01-30","","30.08312533"
"CORPORACIÓN UNIVERSITARIA LASALLISTA","2020-01-29","","40.23618013"
"CORPORACIÓN UNIVERSITARIA LASALLISTA","2020-01-28","","27.0094147"
"CORPORACIÓN UNIVERSITARIA LASALLISTA","2020-01-27","","30.30384392"
"CORPORACIÓN UNIVERSITARIA LASALLISTA","2020-01-26","","24.95754936"
"CORPORACIÓN UNIVERSITARIA LASALLISTA","2020-01-25","","28.3991243"
"CORPORACIÓN UNIVERSITARIA LASALLISTA","2020-01-24","","21.58954728"
"CORPORACIÓN UNIVERSITARIA LASALLISTA","2020-01-23","","33.25493311"
"CORPORACIÓN UNIVERSITARIA LASALLISTA","2020-01-22","","17.51034089"
"CORPORACIÓN UNIVERSITARIA LASALLISTA","2020-01-21","","34.09693363"
"CORPORACIÓN UNIVERSITARIA LASALLISTA","2020-01-20","","14.33853311"
"CORPORACIÓN UNIVERSITARIA LASALLISTA","2020-01-19","","32.3475345"
"CORPORACIÓN UNIVERSITARIA LASALLISTA","2020-01-18","","28.79151289"
"CORPORACIÓN UNIVERSITARIA LASALLISTA","2020-01-17","","23.67411168"
"CORPORACIÓN UNIVERSITARIA LASALLISTA","2020-01-16","","34.35035126"
"CORPORACIÓN UNIVERSITARIA LASALLISTA","2020-01-15","","38.41320813"
"CORPORACIÓN UNIVERSITARIA LASALLISTA","2020-01-14","","36.9254014"
"CORPORACIÓN UNIVERSITARIA LASALLISTA","2020-01-13","","39.73751963"
"CORPORACIÓN UNIVERSITARIA LASALLISTA","2020-01-12","","44.67507607"
"CORPORACIÓN UNIVERSITARIA LASALLISTA","2020-01-11","","39.54132534"
"CORPORACIÓN UNIVERSITARIA LASALLISTA","2020-01-10","","35.58474038"
"CORPORACIÓN UNIVERSITARIA LASALLISTA","2020-01-09","","41.21715161"
"CORPORACIÓN UNIVERSITARIA LASALLISTA","2020-01-08","","34.17868126"
"CORPORACIÓN UNIVERSITARIA LASALLISTA","2020-01-07","","43.82490079"
"CORPORACIÓN UNIVERSITARIA LASALLISTA","2020-01-06","","47.32369906"
"CORPORACIÓN UNIVERSITARIA LASALLISTA","2020-01-05","","45.84406709"
"CORPORACIÓN UNIVERSITARIA LASALLISTA","2020-01-04","","50.87972067"
"CORPORACIÓN UNIVERSITARIA LASALLISTA","2020-01-03","","39.88466536"
"CORPORACIÓN UNIVERSITARIA LASALLISTA","2020-01-02","","29.73978532"
"CORPORACIÓN UNIVERSITARIA LASALLISTA","2020-01-01","","34.75908938"
"CORPORACIÓN UNIVERSITARIA LASALLISTA","2019-12-31","","18.90005048"
"CORPORACIÓN UNIVERSITARIA LASALLISTA","2019-12-30","","23.16727641"
"CORPORACIÓN UNIVERSITARIA LASALLISTA","2019-12-29","","35.31497322"
"CORPORACIÓN UNIVERSITARIA LASALLISTA","2019-12-28","","27.11568661"
"CORPORACIÓN UNIVERSITARIA LASALLISTA","2019-12-27","","21.85931444"
"CORPORACIÓN UNIVERSITARIA LASALLISTA","2019-12-26","","33.17389634"
"CORPORACIÓN UNIVERSITARIA LASALLISTA","2019-12-25","","29.11850338"
"CORPORACIÓN UNIVERSITARIA LASALLISTA","2019-12-24","","35.73188609"
"CORPORACIÓN UNIVERSITARIA LASALLISTA","2019-12-23","","19.2433905"
"CORPORACIÓN UNIVERSITARIA LASALLISTA","2019-12-22","","32.81349595"
"CORPORACIÓN UNIVERSITARIA LASALLISTA","2019-12-21","","16.92720784"
"CORPORACIÓN UNIVERSITARIA LASALLISTA","2019-12-20","","24.85945221"
"CORPORACIÓN UNIVERSITARIA LASALLISTA","2019-12-19","","26.37178324"
"CORPORACIÓN UNIVERSITARIA LASALLISTA","2019-12-18","","25.97121989"
"CORPORACIÓN UNIVERSITARIA LASALLISTA","2019-12-17","","31.0886211"
"CORPORACIÓN UNIVERSITARIA LASALLISTA","2019-12-16","","23.54331548"
"CORPORACIÓN UNIVERSITARIA LASALLISTA","2019-12-15","","23.4942669"
"CORPORACIÓN UNIVERSITARIA LASALLISTA","2019-12-14","","25.20279223"
"CORPORACIÓN UNIVERSITARIA LASALLISTA","2019-12-13","","22.38249923"
"CORPORACIÓN UNIVERSITARIA LASALLISTA","2019-12-12","","35.9035561"
"CORPORACIÓN UNIVERSITARIA LASALLISTA","2019-12-11","","21.09088678"
"CORPORACIÓN UNIVERSITARIA LASALLISTA","2019-12-10","","26.68242421"
"CORPORACIÓN UNIVERSITARIA LASALLISTA","2019-12-09","","34.17868126"
"CORPORACIÓN UNIVERSITARIA LASALLISTA","2019-12-08","","29.28199862"
"CORPORACIÓN UNIVERSITARIA LASALLISTA","2019-12-07","","19.50498289"
"CORPORACIÓN UNIVERSITARIA LASALLISTA","2019-12-06","","26.92766708"
"CORPORACIÓN UNIVERSITARIA LASALLISTA","2019-12-05","","24.8185784"
"CORPORACIÓN UNIVERSITARIA LASALLISTA","2019-12-04","","29.22477529"
"CORPORACIÓN UNIVERSITARIA LASALLISTA","2019-12-03","","27.4426771"
"CORPORACIÓN UNIVERSITARIA LASALLISTA","2019-12-02","","31.04774729"
"CORPORACIÓN UNIVERSITARIA LASALLISTA","2019-12-01","","36.68833329"
"CORPORACIÓN UNIVERSITARIA LASALLISTA","2019-11-30","","20.8701682"
"CORPORACIÓN UNIVERSITARIA LASALLISTA","2019-11-29","","16.67651513"
"CORPORACIÓN UNIVERSITARIA LASALLISTA","2019-11-28","","26.12654037"
"CORPORACIÓN UNIVERSITARIA LASALLISTA","2019-11-27","","22.09638255"
"CORPORACIÓN UNIVERSITARIA LASALLISTA","2019-11-26","","19.20251669"
"CORPORACIÓN UNIVERSITARIA LASALLISTA","2019-11-25","","24.77933954"
"CORPORACIÓN UNIVERSITARIA LASALLISTA","2019-11-24","","23.34712118"
"CORPORACIÓN UNIVERSITARIA LASALLISTA","2019-11-23","","32.65355495"
"CORPORACIÓN UNIVERSITARIA LASALLISTA","2019-11-22","","33.26070353"
"CORPORACIÓN UNIVERSITARIA LASALLISTA","2019-11-21","","22.18085509"
"CORPORACIÓN UNIVERSITARIA LASALLISTA","2019-11-20","","25.48345907"
"CORPORACIÓN UNIVERSITARIA LASALLISTA","2019-11-19","","10.50620453"
"CORPORACIÓN UNIVERSITARIA LASALLISTA","2019-11-18","","34.59559413"
"CORPORACIÓN UNIVERSITARIA LASALLISTA","2019-11-15","","8.94645988"
"CORPORACIÓN UNIVERSITARIA LASALLISTA","2019-11-14","","20.67397391"
"CORPORACIÓN UNIVERSITARIA LASALLISTA","2019-11-13","","10.61084149"
"CORPORACIÓN UNIVERSITARIA LASALLISTA","2019-11-12","","25.83224893"
"CORPORACIÓN UNIVERSITARIA LASALLISTA","2019-11-11","","36.04252706"
"CORPORACIÓN UNIVERSITARIA LASALLISTA","2019-11-10","","34.78361367"
"CORPORACIÓN UNIVERSITARIA LASALLISTA","2019-11-09","","18.85100191"
"CORPORACIÓN UNIVERSITARIA LASALLISTA","2019-11-08","","27.99856094"
"CORPORACIÓN UNIVERSITARIA LASALLISTA","2019-11-07","","39.11943651"
"CORPORACIÓN UNIVERSITARIA LASALLISTA","2019-11-06","","28.12935714"
"CORPORACIÓN UNIVERSITARIA LASALLISTA","2019-11-05","","29.94415437"
"CORPORACIÓN UNIVERSITARIA LASALLISTA","2019-11-04","","35.34767226"
"CORPORACIÓN UNIVERSITARIA LASALLISTA","2019-11-03","","21.42605204"
"CORPORACIÓN UNIVERSITARIA LASALLISTA","2019-11-02","","28.5953186"
"CORPORACIÓN UNIVERSITARIA LASALLISTA","2019-11-01","","33.14048644"
"CORPORACIÓN UNIVERSITARIA LASALLISTA","2019-10-31","","42.64773502"
"CORPORACIÓN UNIVERSITARIA LASALLISTA","2019-10-30","","32.79714642"
"CORPORACIÓN UNIVERSITARIA LASALLISTA","2019-10-29","","34.7100408"
"CORPORACIÓN UNIVERSITARIA LASALLISTA","2019-10-28","","28.6870181"
"CORPORACIÓN UNIVERSITARIA LASALLISTA","2019-10-27","","32.01236924"
"CORPORACIÓN UNIVERSITARIA LASALLISTA","2019-10-26","","37.55485809"
"CORPORACIÓN UNIVERSITARIA LASALLISTA","2019-10-25","","16.44762179"
"CORPORACIÓN UNIVERSITARIA LASALLISTA","2019-10-24","","20.21618721"
"CORPORACIÓN UNIVERSITARIA LASALLISTA","2019-10-23","","31.55458255"
"CORPORACIÓN UNIVERSITARIA LASALLISTA","2019-10-22","","24.73683078"
"CORPORACIÓN UNIVERSITARIA LASALLISTA","2019-10-21","","18.81830286"
"CORPORACIÓN UNIVERSITARIA LASALLISTA","2019-10-20","","33.31215645"
"CORPORACIÓN UNIVERSITARIA LASALLISTA","2019-10-19","","29.48636768"
"CORPORACIÓN UNIVERSITARIA LASALLISTA","2019-10-18","","34.56289508"
"CORPORACIÓN UNIVERSITARIA LASALLISTA","2019-10-17","","26.32273467"
"CORPORACIÓN UNIVERSITARIA LASALLISTA","2019-10-16","","21.38517823"
"CORPORACIÓN UNIVERSITARIA LASALLISTA","2019-10-15","","29.01223147"
"CORPORACIÓN UNIVERSITARIA LASALLISTA","2019-10-14","","30.63900917"
"CORPORACIÓN UNIVERSITARIA LASALLISTA","2019-10-13","","43.20361886"
"CORPORACIÓN UNIVERSITARIA LASALLISTA","2019-10-12","","26.96036613"
"CORPORACIÓN UNIVERSITARIA LASALLISTA","2019-10-11","","16.76643752"
"CORPORACIÓN UNIVERSITARIA LASALLISTA","2019-10-10","","28.68524098"
"CORPORACIÓN UNIVERSITARIA LASALLISTA","2019-10-09","","26.35543371"
"CORPORACIÓN UNIVERSITARIA LASALLISTA","2019-10-08","","21.17263441"
"CORPORACIÓN UNIVERSITARIA LASALLISTA","2019-10-07","","23.76753753"
"CORPORACIÓN UNIVERSITARIA LASALLISTA","2019-09-19","","46.75964046"
"CORPORACIÓN UNIVERSITARIA LASALLISTA","2019-09-18","","19.79927434"
"CORPORACIÓN UNIVERSITARIA LASALLISTA","2019-09-17","","29.02040623"
"CORPORACIÓN UNIVERSITARIA LASALLISTA","2019-09-16","","37.95542145"
"CORPORACIÓN UNIVERSITARIA LASALLISTA","2019-09-15","","36.02617754"
"CORPORACIÓN UNIVERSITARIA LASALLISTA","2019-09-14","","38.59305291"
"CORPORACIÓN UNIVERSITARIA LASALLISTA","2019-09-13","","40.03181108"
"CORPORACIÓN UNIVERSITARIA LASALLISTA","2019-09-12","","38.43773242"
"CORPORACIÓN UNIVERSITARIA LASALLISTA","2019-09-11","","43.60418221"
"CORPORACIÓN UNIVERSITARIA LASALLISTA","2019-09-10","","40.99643303"
"CORPORACIÓN UNIVERSITARIA LASALLISTA","2019-09-09","","45.01024133"
"CORPORACIÓN UNIVERSITARIA LASALLISTA","2019-09-08","","43.11369647"
"CORPORACIÓN UNIVERSITARIA LASALLISTA","2019-09-07","","39.87649059"
"CORPORACIÓN UNIVERSITARIA LASALLISTA","2019-09-06","","35.15147797"
"CORPORACIÓN UNIVERSITARIA LASALLISTA","2019-09-05","","45.04294038"
"CORPORACIÓN UNIVERSITARIA LASALLISTA","2019-09-04","","55.22051946"
"CORPORACIÓN UNIVERSITARIA LASALLISTA","2019-09-03","","48.770632"
"CORPORACIÓN UNIVERSITARIA LASALLISTA","2019-09-02","","39.18981056"
"CORPORACIÓN UNIVERSITARIA LASALLISTA","2019-09-01","","53.29127556"
"CORPORACIÓN UNIVERSITARIA LASALLISTA","2019-08-31","","44.29086224"
"CORPORACIÓN UNIVERSITARIA LASALLISTA","2019-08-30","","54.1496256"
"CORPORACIÓN UNIVERSITARIA LASALLISTA","2019-08-29","","49.89057443"
"CORPORACIÓN UNIVERSITARIA LASALLISTA","2019-08-28","","38.60122767"
"CORPORACIÓN UNIVERSITARIA LASALLISTA","2019-08-27","","47.5771167"
"CORPORACIÓN UNIVERSITARIA LASALLISTA","2019-08-26","","48.42729198"
"CORPORACIÓN UNIVERSITARIA LASALLISTA","2019-08-25","","42.50876406"
"CORPORACIÓN UNIVERSITARIA LASALLISTA","2019-08-24","","41.07818065"
"CORPORACIÓN UNIVERSITARIA LASALLISTA","2019-08-23","","43.67775507"
"CORPORACIÓN UNIVERSITARIA LASALLISTA","2019-08-22","","45.05111514"
"CORPORACIÓN UNIVERSITARIA LASALLISTA","2019-08-21","","49.26111773"
"CORPORACIÓN UNIVERSITARIA LASALLISTA","2019-08-20","","39.01814055"
"CORPORACIÓN UNIVERSITARIA LASALLISTA","2019-08-19","","44.90396942"
"CORPORACIÓN UNIVERSITARIA LASALLISTA","2019-08-18","","32.24943735"
"CORPORACIÓN UNIVERSITARIA LASALLISTA","2019-08-17","","30.24662058"
"CORPORACIÓN UNIVERSITARIA LASALLISTA","2019-08-16","","43.4325122"
"CORPORACIÓN UNIVERSITARIA LASALLISTA","2019-08-15","","67.47448818"
"CORPORACIÓN UNIVERSITARIA LASALLISTA","2019-08-14","","36.43491566"
"CORPORACIÓN UNIVERSITARIA LASALLISTA","2019-08-13","","38.03716907"
"CORPORACIÓN UNIVERSITARIA LASALLISTA","2019-08-12","","40.07268489"
"CORPORACIÓN UNIVERSITARIA LASALLISTA","2019-08-11","","41.9365307"
"CORPORACIÓN UNIVERSITARIA LASALLISTA","2019-08-10","","37.90637287"
"CORPORACIÓN UNIVERSITARIA LASALLISTA","2019-08-09","","37.57120762"
"CORPORACIÓN UNIVERSITARIA LASALLISTA","2019-08-08","","40.71849111"
"CORPORACIÓN UNIVERSITARIA LASALLISTA","2019-08-07","","46.54709664"
"CORPORACIÓN UNIVERSITARIA LASALLISTA","2019-08-06","","46.66154332"
"CORPORACIÓN UNIVERSITARIA LASALLISTA","2019-08-05","","35.83815801"
"CORPORACIÓN UNIVERSITARIA LASALLISTA","2019-08-04","","30.54091202"
"CORPORACIÓN UNIVERSITARIA LASALLISTA","2019-08-03","","20.51865342"
"CORPORACIÓN UNIVERSITARIA LASALLISTA","2019-08-02","","27.54894901"
"CORPORACIÓN UNIVERSITARIA LASALLISTA","2019-08-01","","26.72329802"
"CORPORACIÓN UNIVERSITARIA LASALLISTA","2019-07-30","","28.91413432"
"CORPORACIÓN UNIVERSITARIA LASALLISTA","2019-07-29","","31.72625256"
"CORPORACIÓN UNIVERSITARIA LASALLISTA","2019-07-28","","28.18658048"
"CORPORACIÓN UNIVERSITARIA LASALLISTA","2019-07-27","","24.85127745"
"CORPORACIÓN UNIVERSITARIA LASALLISTA","2019-07-26","","33.70454504"
"CORPORACIÓN UNIVERSITARIA LASALLISTA","2019-07-25","","27.62252188"
"CORPORACIÓN UNIVERSITARIA LASALLISTA","2019-07-24","","19.97911911"
"CORPORACIÓN UNIVERSITARIA LASALLISTA","2019-07-23","","25.48890891"
"CORPORACIÓN UNIVERSITARIA LASALLISTA","2019-07-22","","26.76417183"
"CORPORACIÓN UNIVERSITARIA LASALLISTA","2019-07-21","","33.94161315"
"CORPORACIÓN UNIVERSITARIA LASALLISTA","2019-07-20","","31.21124253"
"CORPORACIÓN UNIVERSITARIA LASALLISTA","2019-07-19","","30.77798013"
"CORPORACIÓN UNIVERSITARIA LASALLISTA","2019-07-18","","29.86240675"
"CORPORACIÓN UNIVERSITARIA LASALLISTA","2019-07-17","","31.11314539"
"CORPORACIÓN UNIVERSITARIA LASALLISTA","2019-07-16","","26.11019085"
"CORPORACIÓN UNIVERSITARIA LASALLISTA","2019-07-15","","28.48087192"
"CORPORACIÓN UNIVERSITARIA LASALLISTA","2019-07-14","","24.27904409"
"CORPORACIÓN UNIVERSITARIA LASALLISTA","2019-07-13","","20.55135247"
"CORPORACIÓN UNIVERSITARIA LASALLISTA","2019-07-12","","25.55430701"
"CORPORACIÓN UNIVERSITARIA LASALLISTA","2019-07-11","","25.39081176"
"CORPORACIÓN UNIVERSITARIA LASALLISTA","2019-07-10","","28.6870181"
"CORPORACIÓN UNIVERSITARIA LASALLISTA","2019-07-09","","21.66312015"
"CORPORACIÓN UNIVERSITARIA LASALLISTA","2019-07-08","","34.3421765"
"CORPORACIÓN UNIVERSITARIA LASALLISTA","2019-07-07","","32.020544"
"CORPORACIÓN UNIVERSITARIA LASALLISTA","2019-07-06","","28.0721338"
"CORPORACIÓN UNIVERSITARIA LASALLISTA","2019-07-05","","37.17881903"
"CORPORACIÓN UNIVERSITARIA LASALLISTA","2019-07-04","","24.84310269"
"CORPORACIÓN UNIVERSITARIA LASALLISTA","2019-07-03","","27.36092948"
"CORPORACIÓN UNIVERSITARIA LASALLISTA","2019-07-02","","31.47283493"
"CORPORACIÓN UNIVERSITARIA LASALLISTA","2019-07-01","","28.06395904"
"CORPORACIÓN UNIVERSITARIA LASALLISTA","2019-06-30","","34.76726414"
"CORPORACIÓN UNIVERSITARIA LASALLISTA","2019-06-29","","24.90850079"
"CORPORACIÓN UNIVERSITARIA LASALLISTA","2019-06-28","","28.9631829"
"CORPORACIÓN UNIVERSITARIA LASALLISTA","2019-06-27","","35.55204133"
"CORPORACIÓN UNIVERSITARIA LASALLISTA","2019-06-26","","30.90060157"
"CORPORACIÓN UNIVERSITARIA LASALLISTA","2019-06-25","","30.16487296"
"CORPORACIÓN UNIVERSITARIA LASALLISTA","2019-06-24","","31.5872816"
"CORPORACIÓN UNIVERSITARIA LASALLISTA","2019-06-23","","24.72048125"
"CORPORACIÓN UNIVERSITARIA LASALLISTA","2019-06-22","","27.6388714"
"CORPORACIÓN UNIVERSITARIA LASALLISTA","2019-06-21","","26.21646276"
"CORPORACIÓN UNIVERSITARIA LASALLISTA","2019-06-19","","18.56488523"
"CORPORACIÓN UNIVERSITARIA LASALLISTA","2019-06-18","","20.63310009"
"CORPORACIÓN UNIVERSITARIA LASALLISTA","2019-06-17","","23.13457736"
"CORPORACIÓN UNIVERSITARIA LASALLISTA","2019-06-16","","28.03125999"
"CORPORACIÓN UNIVERSITARIA LASALLISTA","2019-06-15","","24.62238411"
"CORPORACIÓN UNIVERSITARIA LASALLISTA","2019-06-14","","24.63873363"
"CORPORACIÓN UNIVERSITARIA LASALLISTA","2019-06-13","","26.17558895"
"CORPORACIÓN UNIVERSITARIA LASALLISTA","2019-06-12","","27.205609"
"CORPORACIÓN UNIVERSITARIA LASALLISTA","2019-06-11","","31.79982542"
"CORPORACIÓN UNIVERSITARIA LASALLISTA","2019-06-10","","23.01195593"
"CORPORACIÓN UNIVERSITARIA LASALLISTA","2019-06-09","","19.94642006"
"CORPORACIÓN UNIVERSITARIA LASALLISTA","2019-06-08","","22.55416924"
"CORPORACIÓN UNIVERSITARIA LASALLISTA","2019-06-07","","12.72810493"
"CORPORACIÓN UNIVERSITARIA LASALLISTA","2019-06-06","","18.2460695"
"CORPORACIÓN UNIVERSITARIA LASALLISTA","2019-06-05","","22.32527589"
"CORPORACIÓN UNIVERSITARIA LASALLISTA","2019-06-04","","23.24902404"
"CORPORACIÓN UNIVERSITARIA LASALLISTA","2019-06-03","","15.70371841"
"CORPORACIÓN UNIVERSITARIA LASALLISTA","2019-06-02","","26.21646276"
"CORPORACIÓN UNIVERSITARIA LASALLISTA","2019-06-01","","24.11554884"
"CORPORACIÓN UNIVERSITARIA LASALLISTA","2019-05-31","","19.48045861"
"CORPORACIÓN UNIVERSITARIA LASALLISTA","2019-05-30","","13.88892118"
"CORPORACIÓN UNIVERSITARIA LASALLISTA","2019-05-29","","30.59813536"
"CORPORACIÓN UNIVERSITARIA LASALLISTA","2019-05-28","","10.39012291"
"CORPORACIÓN UNIVERSITARIA LASALLISTA","2019-05-27","","39.05901436"
"CORPORACIÓN UNIVERSITARIA LASALLISTA","2019-05-26","","28.32555143"
"CORPORACIÓN UNIVERSITARIA LASALLISTA","2019-05-25","","13.18589162"
"CORPORACIÓN UNIVERSITARIA LASALLISTA","2019-05-24","","26.24916181"
"CORPORACIÓN UNIVERSITARIA LASALLISTA","2019-05-23","","13.76629975"
"CORPORACIÓN UNIVERSITARIA LASALLISTA","2019-05-22","","13.91344547"
"CORPORACIÓN UNIVERSITARIA LASALLISTA","2019-05-21","","16.25960225"
"CORPORACIÓN UNIVERSITARIA LASALLISTA","2019-05-20","","28.93865861"
"CORPORACIÓN UNIVERSITARIA LASALLISTA","2019-05-19","","21.38517823"
"CORPORACIÓN UNIVERSITARIA LASALLISTA","2019-05-18","","16.24325273"
"CORPORACIÓN UNIVERSITARIA LASALLISTA","2019-05-17","","29.42914435"
"CORPORACIÓN UNIVERSITARIA LASALLISTA","2019-05-16","","30.67988298"
"CORPORACIÓN UNIVERSITARIA LASALLISTA","2019-05-15","","22.12090684"
"CORPORACIÓN UNIVERSITARIA LASALLISTA","2019-05-14","","27.56529854"
"CORPORACIÓN UNIVERSITARIA LASALLISTA","2019-05-13","","21.31978013"
"CORPORACIÓN UNIVERSITARIA LASALLISTA","2019-05-12","","26.06931703"
"CORPORACIÓN UNIVERSITARIA LASALLISTA","2019-05-11","","20.3061096"
"CORPORACIÓN UNIVERSITARIA LASALLISTA","2019-05-10","","15.02669946"
"CORPORACIÓN UNIVERSITARIA LASALLISTA","2019-05-09","","21.4996249"
"CORPORACIÓN UNIVERSITARIA LASALLISTA","2019-05-08","","9.40097667"
"CORPORACIÓN UNIVERSITARIA LASALLISTA","2019-05-07","","37.03984806"
"CORPORACIÓN UNIVERSITARIA LASALLISTA","2019-05-06","","31.31751445"
"CORPORACIÓN UNIVERSITARIA LASALLISTA","2019-05-05","","39.73751963"
"CORPORACIÓN UNIVERSITARIA LASALLISTA","2019-05-04","","27.36910424"
"CORPORACIÓN UNIVERSITARIA LASALLISTA","2019-05-03","","29.54359102"
"CORPORACIÓN UNIVERSITARIA LASALLISTA","2019-05-02","","33.49200122"
"CORPORACIÓN UNIVERSITARIA LASALLISTA","2019-05-01","","36.05070183"
"CORPORACIÓN UNIVERSITARIA LASALLISTA","2019-04-30","","25.34993795"
"CORPORACIÓN UNIVERSITARIA LASALLISTA","2019-04-29","","24.55698601"
"CORPORACIÓN UNIVERSITARIA LASALLISTA","2019-04-28","","21.9982854"
"CORPORACIÓN UNIVERSITARIA LASALLISTA","2019-04-27","","18.34416664"
"CORPORACIÓN UNIVERSITARIA LASALLISTA","2019-04-26","","26.54594122"
"CORPORACIÓN UNIVERSITARIA LASALLISTA","2019-04-25","","20.44508056"
"CORPORACIÓN UNIVERSITARIA LASALLISTA","2019-04-24","","19.81562386"
"CORPORACIÓN UNIVERSITARIA LASALLISTA","2019-04-23","","28.23562905"
"CORPORACIÓN UNIVERSITARIA LASALLISTA","2019-04-22","","30.06677581"
"CORPORACIÓN UNIVERSITARIA LASALLISTA","2019-04-21","","27.12386137"
"CORPORACIÓN UNIVERSITARIA LASALLISTA","2019-04-20","","35.23322559"
"CORPORACIÓN UNIVERSITARIA LASALLISTA","2019-04-19","","24.54063648"
"CORPORACIÓN UNIVERSITARIA LASALLISTA","2019-04-18","","28.80786241"
"CORPORACIÓN UNIVERSITARIA LASALLISTA","2019-04-17","","21.42605204"
"CORPORACIÓN UNIVERSITARIA LASALLISTA","2019-04-16","","32.16768973"
"CORPORACIÓN UNIVERSITARIA LASALLISTA","2019-04-15","","35.64196371"
"CORPORACIÓN UNIVERSITARIA LASALLISTA","2019-04-14","","39.97458774"
"CORPORACIÓN UNIVERSITARIA LASALLISTA","2019-04-13","","40.93920969"
"CORPORACIÓN UNIVERSITARIA LASALLISTA","2019-04-12","","35.81363372"
"CORPORACIÓN UNIVERSITARIA LASALLISTA","2019-04-11","","37.71835334"
"CORPORACIÓN UNIVERSITARIA LASALLISTA","2019-04-10","","16.03888367"
"CORPORACIÓN UNIVERSITARIA LASALLISTA","2019-04-09","","10.72144121"
"CORPORACIÓN UNIVERSITARIA LASALLISTA","2019-04-08","","21.70399396"
"CORPORACIÓN UNIVERSITARIA LASALLISTA","2019-04-07","","18.32781712"
"CORPORACIÓN UNIVERSITARIA LASALLISTA","2019-04-06","","34.28495317"
"CORPORACIÓN UNIVERSITARIA LASALLISTA","2019-04-05","","36.64745948"
"CORPORACIÓN UNIVERSITARIA LASALLISTA","2019-04-04","","12.88342542"
"CORPORACIÓN UNIVERSITARIA LASALLISTA","2019-04-03","","17.33049612"
"CORPORACIÓN UNIVERSITARIA LASALLISTA","2019-04-02","","25.19461747"
"CORPORACIÓN UNIVERSITARIA LASALLISTA","2019-03-31","","29.57629007"
"CORPORACIÓN UNIVERSITARIA LASALLISTA","2019-03-30","","31.64450494"
"CORPORACIÓN UNIVERSITARIA LASALLISTA","2019-03-28","","27.71244426"
"CORPORACIÓN UNIVERSITARIA LASALLISTA","2019-03-27","","20.96009059"
"CORPORACIÓN UNIVERSITARIA LASALLISTA","2019-03-26","","16.61111703"
"CORPORACIÓN UNIVERSITARIA LASALLISTA","2019-03-25","","32.73174832"
"CORPORACIÓN UNIVERSITARIA LASALLISTA","2019-03-24","","23.97657788"
"CORPORACIÓN UNIVERSITARIA LASALLISTA","2019-03-23","","29.60898912"
"CORPORACIÓN UNIVERSITARIA LASALLISTA","2019-03-22","","19.1779924"
"CORPORACIÓN UNIVERSITARIA LASALLISTA","2019-03-21","","15.06608695"
"CORPORACIÓN UNIVERSITARIA LASALLISTA","2019-03-20","","22.66044115"
"CORPORACIÓN UNIVERSITARIA LASALLISTA","2019-03-19","","20.15078912"
"CORPORACIÓN UNIVERSITARIA LASALLISTA","2019-03-18","","24.31956247"
"CORPORACIÓN UNIVERSITARIA LASALLISTA","2019-03-17","","45.28000849"
"CORPORACIÓN UNIVERSITARIA LASALLISTA","2019-03-16","","32.70722404"
"CORPORACIÓN UNIVERSITARIA LASALLISTA","2019-03-14","","26.10201608"
"CORPORACIÓN UNIVERSITARIA LASALLISTA","2019-03-13","","37.40486898"
"CORPORACIÓN UNIVERSITARIA LASALLISTA","2019-03-12","","27.11568661"
"CORPORACIÓN UNIVERSITARIA LASALLISTA","2019-03-11","","23.79673311"
"CORPORACIÓN UNIVERSITARIA LASALLISTA","2019-03-10","","29.20842577"
"CORPORACIÓN UNIVERSITARIA LASALLISTA","2019-03-09","","35.95260468"
"CORPORACIÓN UNIVERSITARIA LASALLISTA","2019-03-08","","31.75077685"
"CORPORACIÓN UNIVERSITARIA LASALLISTA","2019-03-07","","24.97389889"
"CORPORACIÓN UNIVERSITARIA LASALLISTA","2019-03-06","","31.61180589"
"CORPORACIÓN UNIVERSITARIA LASALLISTA","2019-03-05","","26.86226898"
"CORPORACIÓN UNIVERSITARIA LASALLISTA","2019-03-04","","27.39362853"
"CORPORACIÓN UNIVERSITARIA LASALLISTA","2019-03-03","","31.17036872"
"CORPORACIÓN UNIVERSITARIA LASALLISTA","2019-03-02","","24.28721885"
"CORPORACIÓN UNIVERSITARIA LASALLISTA","2019-03-01","","33.07508834"
"CORPORACIÓN UNIVERSITARIA LASALLISTA","2019-02-28","","22.78306258"
"CORPORACIÓN UNIVERSITARIA LASALLISTA","2019-02-27","","26.88679327"
"CORPORACIÓN UNIVERSITARIA LASALLISTA","2019-02-26","","23.52696595"
"CORPORACIÓN UNIVERSITARIA LASALLISTA","2019-02-25","","29.92780485"
"CORPORACIÓN UNIVERSITARIA LASALLISTA","2019-02-24","","24.8839765"
"CORPORACIÓN UNIVERSITARIA LASALLISTA","2019-02-23","","30.14852343"
"CORPORACIÓN UNIVERSITARIA LASALLISTA","2019-02-22","","35.54386657"
"CORPORACIÓN UNIVERSITARIA LASALLISTA","2019-02-21","","27.84324046"
"CORPORACIÓN UNIVERSITARIA LASALLISTA","2019-02-20","","23.47791738"
"CORPORACIÓN UNIVERSITARIA LASALLISTA","2019-02-19","","23.61688834"
"CORPORACIÓN UNIVERSITARIA LASALLISTA","2019-02-18","","39.33695628"
"CORPORACIÓN UNIVERSITARIA LASALLISTA","2019-02-17","","30.94147538"
"CORPORACIÓN UNIVERSITARIA LASALLISTA","2019-02-16","","26.95219137"
"CORPORACIÓN UNIVERSITARIA LASALLISTA","2019-02-15","","37.50580952"
"CORPORACIÓN UNIVERSITARIA LASALLISTA","2019-02-14","","30.31201868"
"CORPORACIÓN UNIVERSITARIA LASALLISTA","2019-02-13","","37.75105239"
"CORPORACIÓN UNIVERSITARIA LASALLISTA","2019-02-12","","40.53047158"
"CORPORACIÓN UNIVERSITARIA LASALLISTA","2019-02-11","","32.91799074"
"CORPORACIÓN UNIVERSITARIA LASALLISTA","2019-02-10","","29.30652291"
"CORPORACIÓN UNIVERSITARIA LASALLISTA","2019-02-09","","25.03929698"
"CORPORACIÓN UNIVERSITARIA LASALLISTA","2019-02-08","","27.4426771"
"CORPORACIÓN UNIVERSITARIA LASALLISTA","2019-02-07","","27.61434711"
"CORPORACIÓN UNIVERSITARIA LASALLISTA","2019-02-06","","23.83760692"
"CORPORACIÓN UNIVERSITARIA LASALLISTA","2019-02-05","","31.36656302"
"CORPORACIÓN UNIVERSITARIA LASALLISTA","2019-02-04","","27.36092948"
"CORPORACIÓN UNIVERSITARIA LASALLISTA","2019-02-03","","31.49735921"
"CORPORACIÓN UNIVERSITARIA LASALLISTA","2019-02-02","","27.46720139"
"CORPORACIÓN UNIVERSITARIA LASALLISTA","2019-02-01","","21.08271202"
"CORPORACIÓN UNIVERSITARIA LASALLISTA","2019-01-31","","24.22999551"
"CORPORACIÓN UNIVERSITARIA LASALLISTA","2019-01-30","","29.81335818"
"CORPORACIÓN UNIVERSITARIA LASALLISTA","2019-01-29","","34.05605982"
"CORPORACIÓN UNIVERSITARIA LASALLISTA","2019-01-28","","9.81788955"
"CORPORACIÓN UNIVERSITARIA LASALLISTA","2019-01-27","","19.88102196"
"CORPORACIÓN UNIVERSITARIA LASALLISTA","2019-01-26","","23.45339309"
"CORPORACIÓN UNIVERSITARIA LASALLISTA","2019-01-25","","19.29243907"
"CORPORACIÓN UNIVERSITARIA LASALLISTA","2019-01-24","","33.7781179"
"CORPORACIÓN UNIVERSITARIA LASALLISTA","2019-01-23","","35.56021609"
"CORPORACIÓN UNIVERSITARIA LASALLISTA","2019-01-22","","25.84859845"
"CORPORACIÓN UNIVERSITARIA LASALLISTA","2019-01-21","","16.69286465"
"CORPORACIÓN UNIVERSITARIA LASALLISTA","2019-01-20","","22.64409163"
"CORPORACIÓN UNIVERSITARIA LASALLISTA","2019-01-19","","24.19729646"
"CORPORACIÓN UNIVERSITARIA LASALLISTA","2019-01-18","","22.4969459"
"CORPORACIÓN UNIVERSITARIA LASALLISTA","2019-01-17","","11.18307485"
"CORPORACIÓN UNIVERSITARIA LASALLISTA","2019-01-16","","20.90286725"
"CORPORACIÓN UNIVERSITARIA LASALLISTA","2019-01-15","","25.17009318"
"CORPORACIÓN UNIVERSITARIA LASALLISTA","2019-01-14","","16.78278704"
"CORPORACIÓN UNIVERSITARIA LASALLISTA","2019-01-13","","18.60575904"
"CORPORACIÓN UNIVERSITARIA LASALLISTA","2019-01-12","","14.28948453"
"CORPORACIÓN UNIVERSITARIA LASALLISTA","2019-01-11","","15.50787954"
"CORPORACIÓN UNIVERSITARIA LASALLISTA","2019-01-10","","9.89146241"
"CORPORACIÓN UNIVERSITARIA LASALLISTA","2019-01-09","","16.34952464"
"CORPORACIÓN UNIVERSITARIA LASALLISTA","2019-01-08","","21.73669301"
"CORPORACIÓN UNIVERSITARIA LASALLISTA","2019-01-07","","19.46410908"
"CORPORACIÓN UNIVERSITARIA LASALLISTA","2019-01-06","","34.17868125"
"CORPORACIÓN UNIVERSITARIA LASALLISTA","2019-01-05","","44.13554176"
"CORPORACIÓN UNIVERSITARIA LASALLISTA","2019-01-04","","30.36106725"
"CORPORACIÓN UNIVERSITARIA LASALLISTA","2019-01-03","","28.01491047"
"CORPORACIÓN UNIVERSITARIA LASALLISTA","2019-01-02","","34.5383708"
"CORPORACIÓN UNIVERSITARIA LASALLISTA","2019-01-01","","35.17600226"
"CORPORACIÓN UNIVERSITARIA LASALLISTA","2013-12-01","","3.810694"
"CORPORACIÓN UNIVERSITARIA LASALLISTA","2013-11-30","","10.03368784"
"CORPORACIÓN UNIVERSITARIA LASALLISTA","2013-11-29","","14.36165492"
"CORPORACIÓN UNIVERSITARIA LASALLISTA","2013-11-28","","18.10860617"
"CORPORACIÓN UNIVERSITARIA LASALLISTA","2013-11-27","","19.53329883"
"CORPORACIÓN UNIVERSITARIA LASALLISTA","2013-11-26","","22.55516313"
"CORPORACIÓN UNIVERSITARIA LASALLISTA","2013-11-25","","21.02829021"
"CORPORACIÓN UNIVERSITARIA LASALLISTA","2013-11-24","","12.20054358"
"CORPORACIÓN UNIVERSITARIA LASALLISTA","2013-11-23","","13.41341046"
"CORPORACIÓN UNIVERSITARIA LASALLISTA","2013-11-22","","13.23926945"
"CORPORACIÓN UNIVERSITARIA LASALLISTA","2013-11-21","","16.40964742"
"CORPORACIÓN UNIVERSITARIA LASALLISTA","2013-11-20","","15.47475221"
"CORPORACIÓN UNIVERSITARIA LASALLISTA","2013-11-19","","17.02645258"
"CORPORACIÓN UNIVERSITARIA LASALLISTA","2013-11-18","","14.42504771"
"CORPORACIÓN UNIVERSITARIA LASALLISTA","2013-11-17","","16.27445833"
"CORPORACIÓN UNIVERSITARIA LASALLISTA","2013-11-16","","17.88577017"
"CORPORACIÓN UNIVERSITARIA LASALLISTA","2013-11-15","","19.68035096"
"CORPORACIÓN UNIVERSITARIA LASALLISTA","2013-11-14","","20.76144504"
"CORPORACIÓN UNIVERSITARIA LASALLISTA","2013-11-13","","14.33641104"
"CORPORACIÓN UNIVERSITARIA LASALLISTA","2013-11-12","","14.245382"
"CORPORACIÓN UNIVERSITARIA LASALLISTA","2013-11-11","","16.37601646"
"CORPORACIÓN UNIVERSITARIA LASALLISTA","2013-11-10","","14.26416375"
"CORPORACIÓN UNIVERSITARIA LASALLISTA","2013-11-09","","15.63498763"
"CORPORACIÓN UNIVERSITARIA LASALLISTA","2013-11-08","","12.83973363"
"CORPORACIÓN UNIVERSITARIA LASALLISTA","2013-11-07","","13.58472445"
"CORPORACIÓN UNIVERSITARIA LASALLISTA","2013-11-06","","16.69746767"
"CORPORACIÓN UNIVERSITARIA LASALLISTA","2013-11-05","","14.49412071"
"CORPORACIÓN UNIVERSITARIA LASALLISTA","2013-11-04","","13.79997013"
"CORPORACIÓN UNIVERSITARIA LASALLISTA","2013-11-03","","14.09277842"
"CORPORACIÓN UNIVERSITARIA LASALLISTA","2013-11-02","","17.54810167"
"CORPORACIÓN UNIVERSITARIA LASALLISTA","2013-11-01","","16.83500036"
"CORPORACIÓN UNIVERSITARIA LASALLISTA","2013-10-31","","16.33048525"
"CORPORACIÓN UNIVERSITARIA LASALLISTA","2013-10-30","","16.19352718"
"CORPORACIÓN UNIVERSITARIA LASALLISTA","2013-10-29","","13.36023829"
"CORPORACIÓN UNIVERSITARIA LASALLISTA","2013-10-28","","18.36726792"
"CORPORACIÓN UNIVERSITARIA LASALLISTA","2013-10-27","","17.39963304"
"CORPORACIÓN UNIVERSITARIA LASALLISTA","2013-10-26","","16.99287979"
"CORPORACIÓN UNIVERSITARIA LASALLISTA","2013-10-25","","16.80279583"
"CORPORACIÓN UNIVERSITARIA LASALLISTA","2013-10-24","","15.736155"
"CORPORACIÓN UNIVERSITARIA LASALLISTA","2013-10-23","","13.6291517"
"CORPORACIÓN UNIVERSITARIA LASALLISTA","2013-10-22","","15.07794163"
"CORPORACIÓN UNIVERSITARIA LASALLISTA","2013-10-21","","18.74989771"
"CORPORACIÓN UNIVERSITARIA LASALLISTA","2013-10-20","","19.60844088"
"CORPORACIÓN UNIVERSITARIA LASALLISTA","2013-10-19","","21.59978179"
"CORPORACIÓN UNIVERSITARIA LASALLISTA","2013-10-18","","16.8269525"
"CORPORACIÓN UNIVERSITARIA LASALLISTA","2013-10-17","","17.05567796"
"CORPORACIÓN UNIVERSITARIA LASALLISTA","2013-10-16","","15.33286708"
"CORPORACIÓN UNIVERSITARIA LASALLISTA","2013-10-15","","15.12721046"
"CORPORACIÓN UNIVERSITARIA LASALLISTA","2013-10-14","","12.867472"
"CORPORACIÓN UNIVERSITARIA LASALLISTA","2013-10-13","","18.78386813"
"CORPORACIÓN UNIVERSITARIA LASALLISTA","2013-10-12","","15.40771008"
"CORPORACIÓN UNIVERSITARIA LASALLISTA","2013-10-11","","17.13754017"
"CORPORACIÓN UNIVERSITARIA LASALLISTA","2013-10-10","","22.05081588"
"CORPORACIÓN UNIVERSITARIA LASALLISTA","2013-10-09","","18.89122417"
"CORPORACIÓN UNIVERSITARIA LASALLISTA","2013-10-08","","20.62533783"
"CORPORACIÓN UNIVERSITARIA LASALLISTA","2013-10-07","","17.47771158"
"CORPORACIÓN UNIVERSITARIA LASALLISTA","2013-10-06","","20.03300796"
"CORPORACIÓN UNIVERSITARIA LASALLISTA","2013-10-05","","12.26880468"
"CORPORACIÓN UNIVERSITARIA LASALLISTA","2013-10-04","","18.45854008"
"CORPORACIÓN UNIVERSITARIA LASALLISTA","2013-10-03","","15.07168921"
"CORPORACIÓN UNIVERSITARIA LASALLISTA","2013-10-02","","14.99704679"
"CORPORACIÓN UNIVERSITARIA LASALLISTA","2013-10-01","","13.36336211"
"CORPORACIÓN UNIVERSITARIA LASALLISTA","2013-09-30","","15.76740213"
"CORPORACIÓN UNIVERSITARIA LASALLISTA","2013-09-29","","15.06319763"
"CORPORACIÓN UNIVERSITARIA LASALLISTA","2013-09-28","","18.43471067"
"CORPORACIÓN UNIVERSITARIA LASALLISTA","2013-09-27","","14.42311978"
"CORPORACIÓN UNIVERSITARIA LASALLISTA","2013-09-26","","10.67569416"
"CORPORACIÓN UNIVERSITARIA LASALLISTA","2013-09-25","","20.05481483"
"CORPORACIÓN UNIVERSITARIA LASALLISTA","2013-09-24","","21.34465113"
"CORPORACIÓN UNIVERSITARIA LASALLISTA","2013-09-23","","18.43492967"
"CORPORACIÓN UNIVERSITARIA LASALLISTA","2013-09-22","","22.562966"
"CORPORACIÓN UNIVERSITARIA LASALLISTA","2013-09-21","","25.74408621"
"CORPORACIÓN UNIVERSITARIA LASALLISTA","2013-09-20","","22.70550867"
"CORPORACIÓN UNIVERSITARIA LASALLISTA","2013-09-19","","17.406035"
"CORPORACIÓN UNIVERSITARIA LASALLISTA","2013-09-18","","12.66039466"
"CORPORACIÓN UNIVERSITARIA LASALLISTA","2013-09-17","","19.14509354"
"CORPORACIÓN UNIVERSITARIA LASALLISTA","2013-09-16","","12.67229987"
"CORPORACIÓN UNIVERSITARIA LASALLISTA","2013-09-15","","15.7828978"
"CORPORACIÓN UNIVERSITARIA LASALLISTA","2013-09-14","","11.01830454"
"CORPORACIÓN UNIVERSITARIA LASALLISTA","2013-09-13","","7.90577343"
"CORPORACIÓN UNIVERSITARIA LASALLISTA","2013-09-11","","1.12082215"
"CORPORACIÓN UNIVERSITARIA LASALLISTA","2013-09-10","","13.82551246"
"CORPORACIÓN UNIVERSITARIA LASALLISTA","2013-09-09","","13.6017264"
"CORPORACIÓN UNIVERSITARIA LASALLISTA","2013-09-08","","14.90053419"
"CORPORACIÓN UNIVERSITARIA LASALLISTA","2013-09-07","","14.70164607"
"CORPORACIÓN UNIVERSITARIA LASALLISTA","2013-09-06","","11.98835865"
"CORPORACIÓN UNIVERSITARIA LASALLISTA","2013-09-05","","11.7995357"
"CORPORACIÓN UNIVERSITARIA LASALLISTA","2013-09-04","","18.12751663"
"CORPORACIÓN UNIVERSITARIA LASALLISTA","2013-09-03","","17.51324333"
"CORPORACIÓN UNIVERSITARIA LASALLISTA","2013-09-02","","24.81807596"
"CORPORACIÓN UNIVERSITARIA LASALLISTA","2013-09-01","","23.14667367"
"CORPORACIÓN UNIVERSITARIA LASALLISTA","2013-08-31","","20.31913925"
"CORPORACIÓN UNIVERSITARIA LASALLISTA","2013-08-30","","19.32341108"
"CORPORACIÓN UNIVERSITARIA LASALLISTA","2013-08-29","","16.41119271"
"CORPORACIÓN UNIVERSITARIA LASALLISTA","2013-08-28","","18.10229258"
"CORPORACIÓN UNIVERSITARIA LASALLISTA","2013-08-27","","18.83304304"
"CORPORACIÓN UNIVERSITARIA LASALLISTA","2013-08-26","","24.92638017"
"CORPORACIÓN UNIVERSITARIA LASALLISTA","2013-08-25","","21.8721355"
"CORPORACIÓN UNIVERSITARIA LASALLISTA","2013-08-24","","19.64576025"
"CORPORACIÓN UNIVERSITARIA LASALLISTA","2013-08-23","","18.78917442"
"CORPORACIÓN UNIVERSITARIA LASALLISTA","2013-08-22","","21.10579571"
"CORPORACIÓN UNIVERSITARIA LASALLISTA","2013-08-21","","17.78627575"
"CORPORACIÓN UNIVERSITARIA LASALLISTA","2013-08-20","","20.36893788"
"CORPORACIÓN UNIVERSITARIA LASALLISTA","2013-08-19","","15.20702175"
"CORPORACIÓN UNIVERSITARIA LASALLISTA","2013-08-18","","16.94562808"
"CORPORACIÓN UNIVERSITARIA LASALLISTA","2013-08-17","","15.60006517"
"CORPORACIÓN UNIVERSITARIA LASALLISTA","2013-08-16","","11.88292392"
"CORPORACIÓN UNIVERSITARIA LASALLISTA","2013-08-15","","20.32099808"
"CORPORACIÓN UNIVERSITARIA LASALLISTA","2013-08-14","","21.69811817"
"CORPORACIÓN UNIVERSITARIA LASALLISTA","2013-08-13","","15.1944485"
"CORPORACIÓN UNIVERSITARIA LASALLISTA","2013-08-12","","16.05446813"
"CORPORACIÓN UNIVERSITARIA LASALLISTA","2013-08-11","","17.97140533"
"CORPORACIÓN UNIVERSITARIA LASALLISTA","2013-08-10","","17.4949015"
"CORPORACIÓN UNIVERSITARIA LASALLISTA","2013-08-09","","27.57353929"
"CORPORACIÓN UNIVERSITARIA LASALLISTA","2013-08-08","","13.7247295"
"CORPORACIÓN UNIVERSITARIA LASALLISTA","2013-08-07","","15.01435692"
"CORPORACIÓN UNIVERSITARIA LASALLISTA","2013-08-06","","23.40830992"
"CORPORACIÓN UNIVERSITARIA LASALLISTA","2013-08-05","","20.38489163"
"CORPORACIÓN UNIVERSITARIA LASALLISTA","2013-08-04","","20.16566054"
"CORPORACIÓN UNIVERSITARIA LASALLISTA","2013-08-03","","20.85984346"
"CORPORACIÓN UNIVERSITARIA LASALLISTA","2013-08-02","","22.41973317"
"CORPORACIÓN UNIVERSITARIA LASALLISTA","2013-08-01","","18.957951"
"CORPORACIÓN UNIVERSITARIA LASALLISTA","2013-07-31","","23.18312758"
"CORPORACIÓN UNIVERSITARIA LASALLISTA","2013-07-30","","24.29809533"
"CORPORACIÓN UNIVERSITARIA LASALLISTA","2013-07-29","","22.58356038"
"CORPORACIÓN UNIVERSITARIA LASALLISTA","2013-07-28","","20.56658833"
"CORPORACIÓN UNIVERSITARIA LASALLISTA","2013-07-27","","25.176574"
"CORPORACIÓN UNIVERSITARIA LASALLISTA","2013-07-26","","18.44296933"
"CORPORACIÓN UNIVERSITARIA LASALLISTA","2013-07-25","","26.64351838"
"CORPORACIÓN UNIVERSITARIA LASALLISTA","2013-07-24","","26.01370363"
"CORPORACIÓN UNIVERSITARIA LASALLISTA","2013-07-23","","25.84821658"
"CORPORACIÓN UNIVERSITARIA LASALLISTA","2013-07-22","","17.70470221"
"CORPORACIÓN UNIVERSITARIA LASALLISTA","2013-07-21","","19.98101292"
"CORPORACIÓN UNIVERSITARIA LASALLISTA","2013-07-20","","20.37788467"
"CORPORACIÓN UNIVERSITARIA LASALLISTA","2013-07-19","","21.40732957"
"CORPORACIÓN UNIVERSITARIA LASALLISTA","2013-07-18","","16.77352046"
"CORPORACIÓN UNIVERSITARIA LASALLISTA","2013-07-17","","18.52067917"
"CORPORACIÓN UNIVERSITARIA LASALLISTA","2013-07-16","","22.59866413"
"CORPORACIÓN UNIVERSITARIA LASALLISTA","2013-07-15","","20.04439663"
"CORPORACIÓN UNIVERSITARIA LASALLISTA","2013-07-14","","23.63629875"
"CORPORACIÓN UNIVERSITARIA LASALLISTA","2013-07-13","","21.13488583"
"CORPORACIÓN UNIVERSITARIA LASALLISTA","2013-07-12","","20.51209675"
"CORPORACIÓN UNIVERSITARIA LASALLISTA","2013-07-11","","17.87027638"
"CORPORACIÓN UNIVERSITARIA LASALLISTA","2013-07-10","","15.15950883"
"CORPORACIÓN UNIVERSITARIA LASALLISTA","2013-07-09","","21.27710263"
"CORPORACIÓN UNIVERSITARIA LASALLISTA","2013-07-08","","20.03215417"
"CORPORACIÓN UNIVERSITARIA LASALLISTA","2013-07-07","","15.58931075"
"CORPORACIÓN UNIVERSITARIA LASALLISTA","2013-07-06","","21.70041713"
"CORPORACIÓN UNIVERSITARIA LASALLISTA","2013-07-05","","15.92215458"
"CORPORACIÓN UNIVERSITARIA LASALLISTA","2013-07-04","","17.03267863"
"CORPORACIÓN UNIVERSITARIA LASALLISTA","2013-07-03","","12.49678629"
"CORPORACIÓN UNIVERSITARIA LASALLISTA","2013-07-02","","17.303352"
"CORPORACIÓN UNIVERSITARIA LASALLISTA","2013-07-01","","18.50616017"
"CORPORACIÓN UNIVERSITARIA LASALLISTA","2013-06-30","","22.21931667"
"CORPORACIÓN UNIVERSITARIA LASALLISTA","2013-06-29","","16.6008185"
"CORPORACIÓN UNIVERSITARIA LASALLISTA","2013-06-28","","17.44697465"
"CORPORACIÓN UNIVERSITARIA LASALLISTA","2013-06-27","","16.10975263"
"CORPORACIÓN UNIVERSITARIA LASALLISTA","2013-06-26","","17.43328179"
"CORPORACIÓN UNIVERSITARIA LASALLISTA","2013-06-25","","20.18031425"
"CORPORACIÓN UNIVERSITARIA LASALLISTA","2013-06-24","","18.57644179"
"CORPORACIÓN UNIVERSITARIA LASALLISTA","2013-06-23","","20.84406846"
"CORPORACIÓN UNIVERSITARIA LASALLISTA","2013-06-22","","25.12161092"
"CORPORACIÓN UNIVERSITARIA LASALLISTA","2013-06-19","","18.54177306"
"CORPORACIÓN UNIVERSITARIA LASALLISTA","2013-06-18","","24.96794117"
"CORPORACIÓN UNIVERSITARIA LASALLISTA","2013-06-17","","19.81712"
"CORPORACIÓN UNIVERSITARIA LASALLISTA","2013-06-16","","15.84914838"
"CORPORACIÓN UNIVERSITARIA LASALLISTA","2013-06-15","","18.26753683"
"CORPORACIÓN UNIVERSITARIA LASALLISTA","2013-06-14","","14.23726442"
"CORPORACIÓN UNIVERSITARIA LASALLISTA","2013-06-13","","19.37027983"
"CORPORACIÓN UNIVERSITARIA LASALLISTA","2013-06-12","","16.59898688"
"CORPORACIÓN UNIVERSITARIA LASALLISTA","2013-06-11","","17.30452729"
"CORPORACIÓN UNIVERSITARIA LASALLISTA","2013-06-10","","19.96127838"
"CORPORACIÓN UNIVERSITARIA LASALLISTA","2013-06-09","","17.94828975"
"CORPORACIÓN UNIVERSITARIA LASALLISTA","2013-06-08","","16.44812042"
"CORPORACIÓN UNIVERSITARIA LASALLISTA","2013-06-07","","20.63133696"
"CORPORACIÓN UNIVERSITARIA LASALLISTA","2013-06-06","","19.40144192"
"CORPORACIÓN UNIVERSITARIA LASALLISTA","2013-06-05","","21.68090525"
"CORPORACIÓN UNIVERSITARIA LASALLISTA","2013-06-04","","18.22678288"
"CORPORACIÓN UNIVERSITARIA LASALLISTA","2013-06-03","","18.79549671"
"CORPORACIÓN UNIVERSITARIA LASALLISTA","2013-06-02","","20.16738471"
"CORPORACIÓN UNIVERSITARIA LASALLISTA","2013-06-01","","22.18224958"
"CORPORACIÓN UNIVERSITARIA LASALLISTA","2013-05-31","","15.11547038"
"CORPORACIÓN UNIVERSITARIA LASALLISTA","2013-05-30","","17.25950796"
"CORPORACIÓN UNIVERSITARIA LASALLISTA","2013-05-29","","14.65208113"
"CORPORACIÓN UNIVERSITARIA LASALLISTA","2013-05-28","","13.3134137"
"CORPORACIÓN UNIVERSITARIA LASALLISTA","2013-05-27","","12.37712321"
"CORPORACIÓN UNIVERSITARIA LASALLISTA","2013-05-26","","19.57260575"
"CORPORACIÓN UNIVERSITARIA LASALLISTA","2013-05-25","","18.48972263"
"CORPORACIÓN UNIVERSITARIA LASALLISTA","2013-05-24","","14.261987"
"CORPORACIÓN UNIVERSITARIA LASALLISTA","2013-05-23","","13.69227292"
"CORPORACIÓN UNIVERSITARIA LASALLISTA","2013-05-22","","12.06878063"
"CORPORACIÓN UNIVERSITARIA LASALLISTA","2013-05-21","","12.74203113"
"CORPORACIÓN UNIVERSITARIA LASALLISTA","2013-05-20","","13.88688383"
"CORPORACIÓN UNIVERSITARIA LASALLISTA","2013-05-19","","18.266297"
"CORPORACIÓN UNIVERSITARIA LASALLISTA","2013-05-18","","16.90958358"
"CORPORACIÓN UNIVERSITARIA LASALLISTA","2013-05-17","","11.9618935"
"CORPORACIÓN UNIVERSITARIA LASALLISTA","2013-05-16","","10.73738283"
"CORPORACIÓN UNIVERSITARIA LASALLISTA","2013-05-15","","10.17212825"
"CORPORACIÓN UNIVERSITARIA LASALLISTA","2013-05-14","","14.41272583"
"CORPORACIÓN UNIVERSITARIA LASALLISTA","2013-05-13","","19.244376"
"CORPORACIÓN UNIVERSITARIA LASALLISTA","2013-05-12","","18.12459346"
"CORPORACIÓN UNIVERSITARIA LASALLISTA","2013-05-11","","17.25730063"
"CORPORACIÓN UNIVERSITARIA LASALLISTA","2013-05-10","","17.60538458"
"CORPORACIÓN UNIVERSITARIA LASALLISTA","2013-05-09","","13.22118267"
"CORPORACIÓN UNIVERSITARIA LASALLISTA","2013-05-08","","14.9414205"
"CORPORACIÓN UNIVERSITARIA LASALLISTA","2013-05-07","","14.75715583"
"CORPORACIÓN UNIVERSITARIA LASALLISTA","2013-05-06","","21.19101921"
"CORPORACIÓN UNIVERSITARIA LASALLISTA","2013-05-05","","17.23822888"
"CORPORACIÓN UNIVERSITARIA LASALLISTA","2013-05-04","","18.40644329"
"CORPORACIÓN UNIVERSITARIA LASALLISTA","2013-05-03","","17.0168885"
"CORPORACIÓN UNIVERSITARIA LASALLISTA","2013-05-02","","18.20161504"
"CORPORACIÓN UNIVERSITARIA LASALLISTA","2013-05-01","","17.66631292"
"CORPORACIÓN UNIVERSITARIA LASALLISTA","2013-04-30","","22.04247342"
"CORPORACIÓN UNIVERSITARIA LASALLISTA","2013-04-29","","19.43662246"
"CORPORACIÓN UNIVERSITARIA LASALLISTA","2013-04-28","","22.51441113"
"CORPORACIÓN UNIVERSITARIA LASALLISTA","2013-04-27","","19.16444417"
"CORPORACIÓN UNIVERSITARIA LASALLISTA","2013-04-26","","18.99273217"
"CORPORACIÓN UNIVERSITARIA LASALLISTA","2013-04-25","","24.48045725"
"CORPORACIÓN UNIVERSITARIA LASALLISTA","2013-04-24","","24.89069342"
"CORPORACIÓN UNIVERSITARIA LASALLISTA","2013-04-23","","22.68772163"
"CORPORACIÓN UNIVERSITARIA LASALLISTA","2013-04-22","","20.214111"
"CORPORACIÓN UNIVERSITARIA LASALLISTA","2013-04-21","","18.51268167"
"CORPORACIÓN UNIVERSITARIA LASALLISTA","2013-04-20","","18.551567"
"CORPORACIÓN UNIVERSITARIA LASALLISTA","2013-04-19","","15.32965367"
"CORPORACIÓN UNIVERSITARIA LASALLISTA","2013-04-18","","15.94852833"
"CORPORACIÓN UNIVERSITARIA LASALLISTA","2013-04-17","","16.64075833"
"CORPORACIÓN UNIVERSITARIA LASALLISTA","2013-04-16","","21.81236704"
"CORPORACIÓN UNIVERSITARIA LASALLISTA","2013-04-15","","15.41966"
"CORPORACIÓN UNIVERSITARIA LASALLISTA","2013-04-14","","18.75536504"
"CORPORACIÓN UNIVERSITARIA LASALLISTA","2013-04-13","","26.10892754"
"CORPORACIÓN UNIVERSITARIA LASALLISTA","2013-04-12","","23.59173833"
"CORPORACIÓN UNIVERSITARIA LASALLISTA","2013-04-11","","23.48708671"
"CORPORACIÓN UNIVERSITARIA LASALLISTA","2013-04-10","","18.56876589"
"CORPORACIÓN UNIVERSITARIA LASALLISTA","2013-04-09","","25.14989171"
"CORPORACIÓN UNIVERSITARIA LASALLISTA","2013-04-08","","26.34091942"
"CORPORACIÓN UNIVERSITARIA LASALLISTA","2013-04-07","","27.40742994"
"CORPORACIÓN UNIVERSITARIA LASALLISTA","2013-04-06","","20.40695909"
"CORPORACIÓN UNIVERSITARIA LASALLISTA","2013-04-05","","23.09769884"
"CORPORACIÓN UNIVERSITARIA LASALLISTA","2013-04-04","","26.9540514"
"CORPORACIÓN UNIVERSITARIA LASALLISTA","2013-04-03","","32.42055103"
"CORPORACIÓN UNIVERSITARIA LASALLISTA","2013-04-02","","30.9975598"
"CORPORACIÓN UNIVERSITARIA LASALLISTA","2013-04-01","","35.14011789"
"CORPORACIÓN UNIVERSITARIA LASALLISTA","2013-03-31","","25.22131147"
"CORPORACIÓN UNIVERSITARIA LASALLISTA","2013-03-30","","41.04644808"
"CORPORACIÓN UNIVERSITARIA LASALLISTA","2013-03-29","","36.16290983"
"CORPORACIÓN UNIVERSITARIA LASALLISTA","2013-03-28","","31.52663934"
"CORPORACIÓN UNIVERSITARIA LASALLISTA","2013-03-27","","31.21755464"
"CORPORACIÓN UNIVERSITARIA LASALLISTA","2013-03-26","","32.02117486"
"CORPORACIÓN UNIVERSITARIA LASALLISTA","2013-03-25","","37.86421952"
"CORPORACIÓN UNIVERSITARIA LASALLISTA","2013-03-24","","34.3348946"
"CORPORACIÓN UNIVERSITARIA LASALLISTA","2013-03-23","","31.65027322"
"CORPORACIÓN UNIVERSITARIA LASALLISTA","2013-03-22","","24.66495901"
"CORPORACIÓN UNIVERSITARIA LASALLISTA","2013-03-21","","16.75239071"
"CORPORACIÓN UNIVERSITARIA LASALLISTA","2013-03-20","","24.10860655"
"CORPORACIÓN UNIVERSITARIA LASALLISTA","2013-03-19","","21.3886612"
"CORPORACIÓN UNIVERSITARIA LASALLISTA","2013-03-18","","24.60314207"
"CORPORACIÓN UNIVERSITARIA LASALLISTA","2013-03-17","","37.27561474"
"CORPORACIÓN UNIVERSITARIA LASALLISTA","2013-03-16","","41.5409836"
"CORPORACIÓN UNIVERSITARIA LASALLISTA","2013-03-15","","24.60314207"
"CORPORACIÓN UNIVERSITARIA LASALLISTA","2013-03-14","","20.39959016"
"CORPORACIÓN UNIVERSITARIA LASALLISTA","2013-03-13","","23.49043715"
"CORPORACIÓN UNIVERSITARIA LASALLISTA","2013-03-12","","36.65744535"
"CORPORACIÓN UNIVERSITARIA LASALLISTA","2013-03-11","","28.00307376"
"CORPORACIÓN UNIVERSITARIA LASALLISTA","2013-03-10","","30.5375683"
"CORPORACIÓN UNIVERSITARIA LASALLISTA","2013-03-09","","32.45389343"
"CORPORACIÓN UNIVERSITARIA LASALLISTA","2013-03-08","","37.64651638"
"CORPORACIÓN UNIVERSITARIA LASALLISTA","2013-03-07","","32.82479507"
"CORPORACIÓN UNIVERSITARIA LASALLISTA","2013-03-06","","31.71209016"
"CORPORACIÓN UNIVERSITARIA LASALLISTA","2013-03-05","","41.29371584"
"CORPORACIÓN UNIVERSITARIA LASALLISTA","2013-03-04","","32.57752731"
"CORPORACIÓN UNIVERSITARIA LASALLISTA","2013-03-03","","31.58845628"
"CORPORACIÓN UNIVERSITARIA LASALLISTA","2013-03-02","","32.33025955"
"CORPORACIÓN UNIVERSITARIA LASALLISTA","2013-03-01","","25.15949453"
"CORPORACIÓN UNIVERSITARIA LASALLISTA","2013-02-28","","45.40983605"
"CORPORACIÓN UNIVERSITARIA LASALLISTA","2013-02-27","","49.59016392"
"CORPORACIÓN UNIVERSITARIA LASALLISTA","2013-02-26","","36.88524589"
"CORPORACIÓN UNIVERSITARIA LASALLISTA","2013-02-25","","41.56806841"
"CORPORACIÓN UNIVERSITARIA LASALLISTA","2013-02-24","","38.852459"
"CORPORACIÓN UNIVERSITARIA LASALLISTA","2013-02-23","","47.13114752"
"CORPORACIÓN UNIVERSITARIA LASALLISTA","2013-02-22","","47.21311474"
"CORPORACIÓN UNIVERSITARIA LASALLISTA","2013-02-21","","42.95081966"
"CORPORACIÓN UNIVERSITARIA LASALLISTA","2013-02-20","","40.49180326"
"CORPORACIÓN UNIVERSITARIA LASALLISTA","2013-02-19","","51.06557375"
"CORPORACIÓN UNIVERSITARIA LASALLISTA","2013-02-18","","46.55737703"
"CORPORACIÓN UNIVERSITARIA LASALLISTA","2013-02-17","","25.57377048"
"CORPORACIÓN UNIVERSITARIA LASALLISTA","2013-02-16","","47.13114752"
"CORPORACIÓN UNIVERSITARIA LASALLISTA","2013-02-15","","42.21311474"
"CORPORACIÓN UNIVERSITARIA LASALLISTA","2013-02-14","","33.93442622"
"CORPORACIÓN UNIVERSITARIA LASALLISTA","2013-02-13","","47.70491801"
"CORPORACIÓN UNIVERSITARIA LASALLISTA","2013-02-12","","35.40983605"
"CORPORACIÓN UNIVERSITARIA LASALLISTA","2013-02-11","","37.54098359"
"CORPORACIÓN UNIVERSITARIA LASALLISTA","2013-02-10","","39.34426228"
"CORPORACIÓN UNIVERSITARIA LASALLISTA","2013-02-09","","43.68852457"
"CORPORACIÓN UNIVERSITARIA LASALLISTA","2013-02-08","","23.85245901"
"CORPORACIÓN UNIVERSITARIA LASALLISTA","2013-02-07","","47.95081965"
"CORPORACIÓN UNIVERSITARIA LASALLISTA","2013-02-06","","31.55737704"
"CORPORACIÓN UNIVERSITARIA LASALLISTA","2013-02-05","","24.59016393"
"CORPORACIÓN UNIVERSITARIA LASALLISTA","2013-02-04","","33.18602992"
"CORPORACIÓN UNIVERSITARIA LASALLISTA","2013-02-03","","30.65573769"
"CORPORACIÓN UNIVERSITARIA LASALLISTA","2013-02-02","","27.95081966"
"CORPORACIÓN UNIVERSITARIA LASALLISTA","2013-02-01","","34.91803277"
"CORPORACIÓN UNIVERSITARIA LASALLISTA","2013-01-31","","40.65573769"
"CORPORACIÓN UNIVERSITARIA LASALLISTA","2013-01-30","","43.68852457"
"CORPORACIÓN UNIVERSITARIA LASALLISTA","2013-01-29","","45.65573769"
"CORPORACIÓN UNIVERSITARIA LASALLISTA","2013-01-28","","42.70491802"
"CORPORACIÓN UNIVERSITARIA LASALLISTA","2013-01-27","","48.60655736"
"CORPORACIÓN UNIVERSITARIA LASALLISTA","2013-01-26","","48.14988289"
"CORPORACIÓN UNIVERSITARIA LASALLISTA","2013-01-25","","30.79116178"
"CORPORACIÓN UNIVERSITARIA LASALLISTA","2013-01-24","","38.60655736"
"CORPORACIÓN UNIVERSITARIA LASALLISTA","2013-01-23","","39.34426228"
"CORPORACIÓN UNIVERSITARIA LASALLISTA","2013-01-22","","44.83606556"
"CORPORACIÓN UNIVERSITARIA LASALLISTA","2013-01-21","","41.91019243"
"CORPORACIÓN UNIVERSITARIA LASALLISTA","2013-01-20","","31.72131146"
"CORPORACIÓN UNIVERSITARIA LASALLISTA","2013-01-19","","56.1639344"
"CORPORACIÓN UNIVERSITARIA LASALLISTA","2012-12-29","","2.45901639"
"CORPORACIÓN UNIVERSITARIA LASALLISTA","2012-12-28","","28.36065573"
"CORPORACIÓN UNIVERSITARIA LASALLISTA","2012-12-27","","27.5409836"
"CORPORACIÓN UNIVERSITARIA LASALLISTA","2012-12-26","","28.1967213"
"CORPORACIÓN UNIVERSITARIA LASALLISTA","2012-12-25","","25.73770491"
"CORPORACIÓN UNIVERSITARIA LASALLISTA","2012-12-24","","21.72131147"
"CORPORACIÓN UNIVERSITARIA LASALLISTA","2012-12-23","","23.77049179"
"CORPORACIÓN UNIVERSITARIA LASALLISTA","2012-12-22","","25.32786884"
"CORPORACIÓN UNIVERSITARIA LASALLISTA","2012-12-21","","17.62295081"
"CORPORACIÓN UNIVERSITARIA LASALLISTA","2012-12-20","","22.95081966"
"CORPORACIÓN UNIVERSITARIA LASALLISTA","2012-12-19","","24.34426229"
"CORPORACIÓN UNIVERSITARIA LASALLISTA","2012-12-18","","36.72131146"
"CORPORACIÓN UNIVERSITARIA LASALLISTA","2012-12-16","","0.0"
"CORPORACIÓN UNIVERSITARIA LASALLISTA","2012-12-15","","22.5409836"
"CORPORACIÓN UNIVERSITARIA LASALLISTA","2012-12-14","","16.96721311"
"CORPORACIÓN UNIVERSITARIA LASALLISTA","2012-12-13","","26.63934425"
"CORPORACIÓN UNIVERSITARIA LASALLISTA","2012-12-12","","26.47540983"
"CORPORACIÓN UNIVERSITARIA LASALLISTA","2012-12-11","","26.3114754"
"CORPORACIÓN UNIVERSITARIA LASALLISTA","2012-12-10","","24.83606556"
"CORPORACIÓN UNIVERSITARIA LASALLISTA","2012-12-09","","29.34426228"
"CORPORACIÓN UNIVERSITARIA LASALLISTA","2012-12-08","","27.04918032"
"CORPORACIÓN UNIVERSITARIA LASALLISTA","2012-12-07","","35.7377049"
"CORPORACIÓN UNIVERSITARIA LASALLISTA","2012-12-05","","1.31147541"
"CORPORACIÓN UNIVERSITARIA LASALLISTA","2012-12-04","","24.26229507"
"CORPORACIÓN UNIVERSITARIA LASALLISTA","2012-12-03","","23.44262294"
"CORPORACIÓN UNIVERSITARIA LASALLISTA","2012-12-02","","15.6557377"
"CORPORACIÓN UNIVERSITARIA LASALLISTA","2012-12-01","","12.62295081"
"CORPORACIÓN UNIVERSITARIA LASALLISTA","2012-11-30","","14.34426229"
"CORPORACIÓN UNIVERSITARIA LASALLISTA","2012-11-29","","21.39344261"
"CORPORACIÓN UNIVERSITARIA LASALLISTA","2012-11-28","","23.11475409"
"CORPORACIÓN UNIVERSITARIA LASALLISTA","2012-11-27","","32.78688523"
"CORPORACIÓN UNIVERSITARIA LASALLISTA","2012-11-26","","29.18032786"
"CORPORACIÓN UNIVERSITARIA LASALLISTA","2012-11-25","","28.03278687"
"CORPORACIÓN UNIVERSITARIA LASALLISTA","2012-11-24","","29.50819671"
"CORPORACIÓN UNIVERSITARIA LASALLISTA","2012-11-23","","15.90163934"
"CORPORACIÓN UNIVERSITARIA LASALLISTA","2012-11-22","","16.8852459"
"CORPORACIÓN UNIVERSITARIA LASALLISTA","2012-11-21","","16.55737704"
"CORPORACIÓN UNIVERSITARIA LASALLISTA","2012-11-20","","26.47540983"
"CORPORACIÓN UNIVERSITARIA LASALLISTA","2012-11-19","","28.44262294"
"CORPORACIÓN UNIVERSITARIA LASALLISTA","2012-11-18","","13.03278688"
"CORPORACIÓN UNIVERSITARIA LASALLISTA","2012-11-17","","16.8852459"
"CORPORACIÓN UNIVERSITARIA LASALLISTA","2012-11-16","","26.63934425"
"CORPORACIÓN UNIVERSITARIA LASALLISTA","2012-11-15","","28.44892811"
"CORPORACIÓN UNIVERSITARIA LASALLISTA","2012-11-02","","0.0"
"CORPORACIÓN UNIVERSITARIA LASALLISTA","2012-11-01","","34.4262295"
"CORPORACIÓN UNIVERSITARIA LASALLISTA","2012-10-31","","30.90163933"
"CORPORACIÓN UNIVERSITARIA LASALLISTA","2012-10-30","","29.26229507"
"CORPORACIÓN UNIVERSITARIA LASALLISTA","2012-10-29","","34.50819671"
"CORPORACIÓN UNIVERSITARIA LASALLISTA","2012-10-28","","32.45901638"
"CORPORACIÓN UNIVERSITARIA LASALLISTA","2012-10-27","","32.13114753"
"CORPORACIÓN UNIVERSITARIA LASALLISTA","2012-10-26","","28.77049179"
"CORPORACIÓN UNIVERSITARIA LASALLISTA","2012-10-25","","6.74473068"
