Fecha,DViento,HAire10,P,PLiquida,PM2.5,VViento
2019-01-01,126.82608696,54.14956044,22.33532662,0.00041667,,1.66521739
2019-01-02,112.41666667,53.00256944,22.17270833,4.167e-05,13.26923077,1.74583333
2019-01-03,103.16666667,48.00069445,22.23493056,8.333e-05,9.59565217,1.47083333
2019-01-04,125.66666667,57.50361111,22.70888889,0.00020833,15.4125,2.0125
2019-01-05,49.29166667,67.64854167,22.555,0.00016667,20.6875,2.1375
2019-01-06,67.75,72.89354167,21.91888889,0.011625,20.74166667,2.0
2019-01-07,98.58333333,73.62583333,21.18256944,0.0005,17.0125,2.15833333
2019-01-08,90.33333333,68.47291667,20.65375,0.17241667,15.22916667,1.9375
2019-01-09,184.79166667,72.89236111,19.72972222,0.024,18.67916667,1.63333333
2019-01-10,98.16666667,75.30520833,19.31513889,0.00091667,16.72916667,1.83333333
2019-01-11,71.20833333,68.48840278,20.260625,0.0,12.60833333,2.325
2019-01-12,50.20833333,69.6425,20.12763889,4.167e-05,12.63333333,2.38333333
2019-01-13,56.95833333,68.91680556,20.49513889,0.00016667,14.92857143,2.29166667
2019-01-14,64.08333333,70.358125,19.69118056,0.00041667,17.73333333,2.10833333
2019-01-15,105.70833333,67.93555556,21.10930556,0.0,21.46190476,2.0125
2019-01-16,79.54166667,71.34548611,21.57277778,0.00629167,19.99166667,2.24583333
2019-01-17,138.95833333,76.19097222,20.30722222,0.00395833,21.67272727,1.40833333
2019-01-18,76.58333333,70.18881944,21.39625,0.00041667,22.525,2.27916667
2019-01-19,105.79166667,68.60055555,21.97298611,8.333e-05,22.60952381,2.10416667
2019-01-20,91.91666667,67.74972222,22.005625,0.002375,19.65833333,1.96666667
2019-01-21,67.29166667,70.06395833,21.44430556,0.00016667,14.79166667,2.3375
2019-01-22,46.70833333,63.42748705,22.83842279,8.333e-05,18.17083333,2.1875
2019-01-23,92.75,57.37743056,23.55458333,0.0,15.70952381,1.99583333
2019-01-24,91.79166667,57.320625,23.34881944,0.0,17.38333333,2.49583333
2019-01-25,53.875,67.37993056,22.376875,0.000375,18.825,1.7375
2019-01-26,106.375,63.88659722,23.24708333,4.167e-05,17.70416667,2.19166667
2019-01-27,86.58333333,71.74854167,22.615625,8.333e-05,19.225,1.89166667
2019-01-28,99.2,75.26788889,21.1891345,0.00058333,19.46666667,1.71333333
2019-01-29,,,,0.0,16.75416667,
2019-01-30,,,,0.0,20.12272727,
2019-01-31,,,,0.0,22.96315789,
2019-02-01,26.83333333,60.66550833,24.18248462,0.00054167,20.175,2.54166667
2019-02-02,91.7,80.05866667,19.73333333,0.000625,23.7125,1.11
2019-02-03,,,,0.0,20.63333333,
2019-02-04,,,,0.0,25.7,
2019-02-05,88.76923077,62.23654762,23.86988095,0.0,28.10416667,3.05384615
2019-02-06,78.29166667,70.10770833,21.82506944,0.00016667,30.60833333,2.475
2019-02-07,68.58333333,69.23138889,22.05770833,0.0,34.1125,2.42916667
2019-02-08,67.5,68.94458333,21.72097222,8.333e-05,35.51666667,2.05833333
2019-02-09,80.0,66.55291667,21.33756944,0.00145833,30.60833333,1.80833333
2019-02-10,58.33333333,72.79902778,21.16222222,0.00141667,26.67916667,1.825
2019-02-11,52.75,67.92611111,22.66868056,0.001125,29.84166667,2.93333333
2019-02-12,126.08333333,69.61180555,22.649375,0.000625,36.97272727,2.15416667
2019-02-13,102.91666667,67.90722222,23.26381944,0.0,36.84166667,2.58333333
2019-02-14,78.41666667,68.55048611,22.22777778,0.00258333,23.98333333,2.18333333
2019-02-15,65.375,66.67854167,22.64965278,0.000125,31.23181818,2.5125
2019-02-16,110.95833333,68.07236111,22.66833333,0.00033333,35.36666667,2.45833333
2019-02-17,68.16666667,71.93708333,21.82013889,0.00129167,33.15416667,1.92916667
2019-02-18,138.58333333,68.224375,21.95284722,0.00220833,29.28333333,1.69166667
2019-02-19,155.91666667,77.976875,20.09375,0.06295833,31.68888889,1.35416667
2019-02-20,107.79166667,74.42048611,20.77368056,0.06325,17.44285714,1.6
2019-02-21,120.25,67.10673611,22.55895833,4.167e-05,18.51666667,1.9
2019-02-22,112.25,63.35409722,23.09152778,0.000125,17.15,2.6
2019-02-23,102.33333333,69.44138889,21.24645833,0.07683333,16.87083333,2.09166667
2019-02-24,100.95833333,69.26159722,22.03201389,0.00016667,26.075,2.02083333
2019-02-25,73.33333333,66.48833333,21.62208333,4.167e-05,31.21666667,1.95
2019-02-26,119.20833333,71.90819444,20.82347222,0.17129167,41.89166667,1.35416667
2019-02-27,143.70833333,78.94243056,19.48534722,0.01525,36.43333333,1.075
2019-02-28,119.79166667,74.74645833,20.11215278,0.00716667,21.67916667,1.51666667
2019-03-01,127.375,73.15673611,20.97131945,0.05925,30.525,1.47083333
2019-03-02,115.375,72.16868056,21.28534722,0.00758333,28.3,1.66666667
2019-03-03,137.95833333,70.78451389,20.74590278,0.14258333,22.04166667,1.70833333
2019-03-04,86.25,70.17895833,21.39701389,4.167e-05,26.975,2.15
2019-03-05,47.70833333,71.23541667,21.86847222,0.0,42.05416667,2.49166667
2019-03-06,69.33333333,72.75763889,21.96166667,0.01141667,38.21666667,2.25833333
2019-03-07,67.04166667,73.34631944,21.47215278,0.00025,36.04166667,2.16666667
2019-03-08,69.79166667,74.08395833,21.33048611,0.000125,32.15833333,2.65
2019-03-09,115.16666667,62.97944444,23.38354167,0.00145833,27.45833333,2.425
2019-03-10,132.0,73.30888889,21.60006944,0.01120833,22.16956522,1.7
2019-03-11,131.16666667,73.820625,21.221875,0.056125,21.06666667,1.52083333
2019-03-12,127.04166667,68.98013889,22.31305556,0.00908333,20.80833333,1.77916667
2019-03-13,56.5,65.81395833,23.448125,8.333e-05,26.60416667,2.22083333
2019-03-14,70.79166667,70.89013889,21.83736111,0.00016667,43.325,2.125
2019-03-15,73.58333333,71.07638889,21.97347222,0.0,48.175,2.59583333
2019-03-16,69.5,71.12194445,22.26736111,0.000625,54.05,2.08333333
2019-03-17,90.66666667,69.315625,22.61173611,0.02295833,58.04583333,2.54166667
2019-03-18,77.04166667,75.06131944,21.30659722,0.101,32.27916667,1.23333333
2019-03-19,173.41666667,74.02201389,20.36986111,0.06379167,17.16666667,1.23333333
2019-03-20,139.83333333,73.81645833,20.98277778,0.00166667,24.90416667,1.47916667
2019-03-21,140.25,78.45055556,19.98701389,0.22120833,22.48571429,1.65833333
2019-03-22,96.45833333,77.77131945,20.14305556,0.018,21.12083333,1.425
2019-03-23,113.58333333,73.961875,21.26409722,0.000625,24.94583333,1.80833333
2019-03-24,145.58333333,76.80784722,20.32527778,0.02591667,26.44583333,1.23333333
2019-03-25,137.75,74.20916667,20.46131944,0.03704167,18.4125,1.45833333
2019-03-26,77.0,75.44548611,20.85409722,0.0005,32.31666667,1.875
2019-03-27,107.125,74.47847222,21.38041667,0.000125,40.12083333,2.2
2019-03-28,61.58333333,72.33256944,22.21625,0.001375,37.57916667,2.3625
2019-03-29,112.29166667,74.53416667,20.66083333,0.04733333,14.82916667,1.97083333
2019-03-30,53.95833333,72.63576389,21.79736111,0.00979167,23.37916667,1.93333333
2019-03-31,80.25,68.59618056,23.215,0.0145,20.56666667,2.68333333
2019-04-01,158.33333333,74.8775,20.73173611,0.07679167,11.62916667,1.1
2019-04-02,144.625,72.31215278,20.10284722,0.0325,10.5952381,1.6875
2019-04-03,99.5,68.19361111,21.810625,4.167e-05,15.05,2.25
2019-04-04,166.83333333,73.30048611,20.92534722,0.11491667,23.52083333,1.5
2019-04-05,108.25,77.78569444,19.84743056,0.1765,18.25833333,1.82083333
2019-04-06,123.04166667,74.66951389,20.26284722,0.11270833,17.52916667,1.65833333
2019-04-07,113.58333333,72.87923611,21.59888889,0.00195833,28.46666667,1.59166667
2019-04-08,92.75,69.879375,22.10861111,0.008125,29.12272727,2.2
2019-04-09,81.125,72.77515731,21.31714711,0.00033333,29.04583333,1.8
2019-04-10,162.33333333,70.13643481,21.73982815,0.02754167,30.1625,1.5
2019-04-11,185.42857143,75.33630953,20.12761905,0.00879167,17.84166667,1.14285714
2019-04-12,,,,0.0,19.81666667,
2019-04-13,75.1,63.08038462,24.15292541,0.01045833,24.4125,2.9
2019-04-14,139.375,69.10965278,22.34930556,0.00575,21.15416667,1.96666667
2019-04-15,95.0,67.9497807,22.39220029,0.04166667,14.10416667,1.9375
2019-04-16,76.25,67.75951389,23.00520833,4.167e-05,17.42083333,2.55
2019-04-17,85.4,79.44964539,20.78725177,0.0,20.33333333,2.18
2019-04-18,,,,0.0,9.9,
2019-04-19,,,,0.0,10.81666667,
2019-04-20,39.0,79.15289988,20.61678266,0.12533333,10.46818182,0.55
2019-04-21,136.875,83.55685185,19.95775223,0.05370833,10.00869565,0.975
2019-04-22,129.45833333,76.68496408,20.29379071,0.26895833,9.22727273,1.275
2019-04-23,130.54166667,74.07561323,20.68926554,0.00216667,12.50416667,1.625
2019-04-24,105.70833333,72.72618056,21.22944445,0.00375,14.16818182,2.0
2019-04-25,125.75,76.97076389,21.22895833,0.0165,16.10833333,1.25
2019-04-26,109.04166667,75.19310516,21.69373984,0.05108333,11.9173913,1.925
2019-04-27,53.70833333,74.51986111,22.19715278,0.00016667,17.5,2.125
2019-04-28,141.54166667,70.179375,22.783125,0.000125,13.23636364,1.55416667
2019-04-29,149.04166667,62.79041667,23.27618055,0.0,13.15416667,1.72083333
2019-04-30,64.70833333,60.27513889,23.46527778,0.00020833,21.42916667,1.82916667
2019-05-01,156.625,58.27291667,23.68465278,0.0,19.13333333,1.58333333
2019-05-02,109.83333333,57.46555556,23.17013889,0.0,21.44166667,1.52083333
2019-05-03,95.375,65.13229167,22.781875,8.333e-05,23.4375,1.67083333
2019-05-04,64.125,72.57375,22.42368056,0.0,22.0,1.99583333
2019-05-05,85.04166667,63.85243056,24.34229167,8.333e-05,16.30416667,2.17916667
2019-05-06,85.29166667,60.89965278,24.4225,0.0,13.96956522,1.86666667
2019-05-07,77.83333333,62.74729167,24.19763889,4.167e-05,14.3,2.09166667
2019-05-08,124.625,81.4725,20.09291667,0.05466667,16.72916667,1.175
2019-05-09,105.83333333,78.06895833,20.269375,0.14941667,15.32608696,1.29166667
2019-05-10,156.79166667,76.00736111,21.21604167,0.007875,11.725,1.6125
2019-05-11,106.125,80.705,20.04527778,0.10891667,9.37916667,1.45833333
2019-05-12,126.58333333,67.77888889,21.88048611,0.009625,7.9,1.30833333
2019-05-13,120.16666667,74.79840278,21.41256945,0.058625,11.37916667,1.62916667
2019-05-14,107.91666667,71.31854167,21.74097222,0.02383333,8.19090909,1.97083333
2019-05-15,60.125,73.22708333,21.49347222,4.167e-05,9.02083333,1.98333333
2019-05-16,113.125,71.26423611,21.46756944,8.333e-05,12.69090909,1.94583333
2019-05-17,101.79166667,69.63006944,21.58152778,0.00816667,8.275,1.52083333
2019-05-18,102.66666667,75.07006944,21.16472222,0.00216667,12.26666667,1.25833333
2019-05-19,119.70833333,78.94930556,20.11215278,0.15754167,9.63043478,1.09583333
2019-05-20,136.95833333,71.16013889,21.89513889,0.01891667,10.82083333,1.50833333
2019-05-21,153.0,70.72527778,21.82319445,0.036125,13.775,1.79166667
2019-05-22,201.41666667,73.45180556,21.10625,0.098125,12.20416667,1.825
2019-05-23,156.54166667,82.30041667,19.69701389,0.06008333,14.62083333,1.04583333
2019-05-24,118.29166667,70.68097222,21.95041667,0.230625,13.68695652,1.62083333
2019-05-25,126.83333333,81.28444444,19.52152778,0.1505,10.15833333,1.475
2019-05-26,108.08333333,70.96381944,21.85805556,0.001375,7.20416667,1.88333333
2019-05-27,133.58333333,71.99194445,21.57895833,0.03870833,7.91363636,1.2875
2019-05-28,100.66666667,83.93798611,19.64159722,0.067125,8.5875,1.39166667
2019-05-29,94.83333333,74.99986111,21.20597222,0.00195833,12.17083333,1.80416667
2019-05-30,105.5,79.17861111,19.89118056,0.01091667,10.26086957,1.2
2019-05-31,126.83333333,76.39291667,20.84493056,0.13754167,12.85833333,1.22916667
2019-06-01,129.125,76.96861111,20.1775,0.21275,6.325,1.35833333
2019-06-02,121.54166667,76.45243056,20.85930556,0.00270833,11.25416667,1.38333333
2019-06-03,75.08333333,64.82791667,23.04861111,4.167e-05,7.15217391,1.59166667
2019-06-04,96.45833333,62.55416667,23.68972222,0.008125,10.13181818,1.70833333
2019-06-05,133.20833333,65.99111111,22.76090278,0.0,8.8875,2.09583333
2019-06-06,130.41666667,67.55409722,22.17208333,0.000375,12.075,1.17916667
2019-06-07,131.79166667,80.69722222,19.54048611,0.10254167,16.27083333,1.425
2019-06-08,107.70833333,69.37861111,22.43847222,0.00491667,14.35,1.82083333
2019-06-09,81.875,68.41638889,23.03222222,0.00075,10.68333333,2.0375
2019-06-10,94.375,73.56159722,21.92979167,0.00020833,10.97916667,1.98333333
2019-06-11,96.79166667,67.90159722,22.85423611,0.00095833,8.59047619,2.37916667
2019-06-12,116.125,72.18145833,22.36194445,0.04170833,11.39166667,1.475
2019-06-13,70.625,75.60472222,21.41625,0.01566667,10.44583333,1.7875
2019-06-14,67.91666667,72.34125,22.12097222,0.00408333,10.35833333,1.77083333
2019-06-15,117.875,74.618125,21.61263889,0.00316667,11.79166667,2.0
2019-06-16,153.66666667,66.94027778,22.866875,0.00620833,9.74782609,1.87916667
2019-06-17,98.45833333,57.78777778,23.70638889,4.167e-05,7.1125,1.4375
2019-06-18,91.75,56.50854167,23.84548611,8.333e-05,8.36363636,1.70833333
2019-06-19,81.04166667,65.77722222,22.76784722,0.00033333,10.9,1.93333333
2019-06-20,118.08333333,58.84833333,22.62208333,0.0,9.70434783,1.525
2019-06-21,92.83333333,54.33854284,23.35349929,8.333e-05,10.79090909,1.34583333
2019-06-22,90.45833333,56.92388889,23.71993056,0.00020833,10.85416667,1.80833333
2019-06-23,88.08333333,61.59069444,22.76423611,0.000125,8.34166667,1.42083333
2019-06-24,124.125,68.90166667,21.85444444,0.00270833,10.1375,1.825
2019-06-25,109.08333333,67.89194444,22.24486111,0.00029167,12.19583333,1.35
2019-06-26,70.16666667,62.68465278,23.70159722,0.0,11.15833333,2.50416667
2019-06-27,51.375,66.07986111,23.035,0.0,12.22083333,2.61666667
2019-06-28,76.0,61.17138889,23.12930556,0.0,14.23913043,1.95833333
2019-06-29,105.04166667,63.66201389,21.38055556,0.02116667,11.16086957,1.925
2019-06-30,82.75,63.265625,22.15756945,0.0,8.04782609,2.32916667
2019-07-01,87.20833333,70.28083333,21.45479167,0.01091667,8.9125,2.30416667
2019-07-02,90.58333333,69.97222222,21.30048611,0.05366667,12.95833333,1.85416667
2019-07-03,111.0,72.13944445,21.17861111,0.09925,9.14347826,1.68333333
2019-07-04,97.16666667,67.48631944,22.61819444,0.00075,12.07083333,1.77083333
2019-07-05,85.66666667,69.61735247,21.06286284,0.163875,9.1375,3.17222222
2019-07-06,100.625,55.98451389,22.60541667,0.0,8.85909091,1.58333333
2019-07-07,103.83333333,50.585,23.02611111,0.0,6.63478261,1.92083333
2019-07-08,60.875,59.39145833,22.52930556,0.00129167,10.07916667,2.12083333
2019-07-09,109.33333333,71.90312618,21.3015984,0.01533333,11.45833333,2.35
2019-07-10,84.70833333,66.71263889,22.10458333,0.000875,9.37272727,2.3875
2019-07-11,35.26666667,70.62784967,21.55927451,0.02583333,9.88333333,1.82666667
2019-07-12,34.77777778,62.37610526,23.82638597,0.00016667,11.69166667,3.07777778
2019-07-13,109.375,70.72381944,21.29923611,0.03504167,9.54583333,1.55833333
2019-07-14,111.58333333,64.79270833,22.37569444,0.13391667,7.55833333,1.3625
2019-07-15,83.75,70.24715278,21.04138889,0.07408333,7.80833333,1.70833333
2019-07-16,111.91666667,67.53833333,21.31875,0.01041667,8.545,1.5875
2019-07-17,99.625,58.63583333,23.11576389,0.0,10.75833333,1.93333333
2019-07-18,51.04166667,51.88097222,24.01118056,0.00025,9.67826087,2.04583333
2019-07-19,82.375,58.47375,23.34770833,0.00125,9.53333333,1.89166667
2019-07-20,135.41666667,52.88520833,23.48951389,4.167e-05,7.86666667,1.98333333
2019-07-21,96.0,56.56541667,23.34701389,0.01095833,11.35833333,1.85652174
2019-07-22,70.125,69.72236111,22.11243055,0.00145833,10.55,2.2
2019-07-23,78.45833333,70.18083333,21.03604167,0.07775,7.87083333,2.2125
2019-07-24,121.79166667,72.33006944,20.81541667,0.004875,12.7125,1.89166667
2019-07-25,95.45833333,71.58888889,21.21743056,0.01070833,12.79166667,2.025
2019-07-26,129.29166667,65.16229167,21.60326389,0.00070833,10.39565217,1.96666667
2019-07-27,82.83333333,60.02104167,22.27888889,0.00320833,12.6875,2.07916667
2019-07-28,90.66666667,65.08215278,22.176875,0.000625,13.06666667,2.325
2019-07-29,62.125,60.64652778,22.98798611,4.167e-05,12.59583333,2.43333333
2019-07-30,124.45833333,61.52381944,23.02881944,0.01016667,11.52916667,1.575
2019-07-31,100.45833333,54.35111111,23.16986111,4.167e-05,11.59166667,1.71666667
2019-08-01,94.79166667,68.71576389,21.74659722,0.0,19.825,1.7125
2019-08-02,71.20833333,71.38451389,21.42270833,0.035,11.62083333,2.14166667
2019-08-03,141.58333333,69.966875,21.53138889,0.00041667,11.925,1.675
2019-08-04,86.04166667,61.53020833,23.35902778,0.00041667,12.74782609,2.17916667
2019-08-05,77.70833333,53.18097222,23.67111111,8.333e-05,15.60833333,2.39583333
2019-08-06,126.0,50.68652778,23.29631944,0.00016667,29.39583333,2.32916667
2019-08-07,89.125,50.64090278,23.1,0.00070833,23.9375,1.84166667
2019-08-08,78.20833333,57.56423611,22.945625,0.0,20.99583333,2.52083333
2019-08-09,77.0,52.16194445,23.425,0.00016667,17.64166667,2.38333333
2019-08-10,91.58333333,54.528125,23.12819444,0.0,14.57083333,1.47916667
2019-08-11,91.0,48.83652778,24.58333333,0.00016667,11.43478261,2.10833333
2019-08-12,99.60869565,52.06614448,24.08130952,0.0,13.18095238,1.32608696
2019-08-13,109.0,64.36083333,23.21444444,8.333e-05,18.91666667,2.10833333
2019-08-14,70.875,55.08041667,23.61416667,0.00016667,15.7173913,2.44166667
2019-08-15,124.70833333,43.59256944,23.55354167,4.167e-05,23.45833333,1.95
2019-08-16,93.79166667,66.16784722,20.41590278,0.01529167,34.34166667,1.94166667
2019-08-17,153.70833333,70.92729167,20.66020833,0.015625,24.8875,1.525
2019-08-18,62.75,64.48548611,23.11166667,0.015625,23.48095238,2.03333333
2019-08-19,128.45833333,53.16847222,23.54444444,0.00191667,13.675,1.95833333
2019-08-20,106.20833333,51.70673611,22.91743056,8.333e-05,14.77083333,1.92916667
2019-08-21,110.41666667,49.59173611,23.45451389,4.167e-05,24.77333333,1.84583333
2019-08-22,104.45833333,55.50263889,22.49430556,0.0,19.20833333,2.1125
2019-08-23,97.95833333,58.54715278,22.62041667,0.00041667,19.47916667,2.24583333
2019-08-24,89.91666667,47.87520833,23.53576389,0.00016667,12.94166667,1.8375
2019-08-25,83.79166667,46.53618056,23.58729167,0.00058333,12.06086957,1.95
2019-08-26,69.20833333,49.08347222,23.40951389,0.0,14.91666667,1.87083333
2019-08-27,124.75,45.4325,23.87597222,4.167e-05,15.13913043,2.1
2019-08-28,75.66666667,57.42430556,21.97951389,8.333e-05,18.20833333,1.45833333
2019-08-29,112.16666667,49.30729167,23.234375,0.00054167,16.19583333,1.85416667
2019-08-30,96.58333333,51.605,23.55875,0.0,22.95416667,2.7375
2019-08-31,80.95833333,58.78013889,22.68513889,0.00016667,20.60416667,2.1875
2019-09-01,93.66666667,62.78381944,22.739375,0.01108333,12.04090909,2.1625
2019-09-02,50.65217391,64.1673094,22.57658393,4.167e-05,12.72727273,2.45217391
2019-09-03,133.375,54.79011574,24.23201389,0.0,12.37391304,1.92916667
2019-09-04,90.16666667,56.46895833,23.82673611,0.0,8.97083333,2.27916667
2019-09-05,88.20833333,58.26430556,23.77479167,0.0015,11.13333333,2.17916667
2019-09-06,147.75,66.48698071,21.64767235,0.03241667,14.98,1.90416667
2019-09-07,64.41666667,59.79180555,23.18777778,0.00029167,14.79166667,2.175
2019-09-08,136.08333333,50.90034722,23.19284722,0.00025,12.22173913,1.70833333
2019-09-09,79.04166667,55.346875,23.11173611,0.00020833,14.99090909,2.02916667
2019-09-10,88.08333333,59.04694444,23.70847222,0.00095833,14.33333333,2.31666667
2019-09-11,106.95833333,59.74944444,22.91013889,0.00179167,12.775,2.0125
2019-09-12,78.875,64.23201389,23.22951389,0.01004167,14.1625,2.16666667
2019-09-13,118.375,62.75515789,22.63416667,0.054625,9.70833333,1.67916667
2019-09-14,65.375,58.95735758,23.23833333,8.333e-05,10.4,1.69166667
2019-09-15,108.79166667,54.63819444,23.39145833,0.00020833,10.675,1.80833333
2019-09-16,135.16666667,67.84796247,21.32652778,0.07658333,8.625,1.89166667
2019-09-17,109.95833333,70.50659722,21.48090278,0.009125,12.4952381,1.9375
2019-09-18,112.33333333,81.22576389,19.468125,0.20754167,14.79583333,1.14583333
2019-09-19,137.125,73.87868056,20.01201389,0.03670833,12.225,1.7375
2019-09-20,91.25,76.22625,20.6625,0.00420833,13.67916667,1.93333333
2019-09-21,124.58333333,72.23541667,21.01604167,0.00041667,14.31666667,1.975
2019-09-22,108.5,69.11083333,21.245,0.07179167,10.92916667,1.77916667
2019-09-23,150.08333333,73.48263889,20.12701389,0.06608333,15.5826087,1.225
2019-09-24,109.08333333,69.78201389,20.90222222,0.00083333,17.89166667,1.6125
2019-09-25,141.16666667,72.82206319,20.77118056,0.21425,16.82916667,1.54583333
2019-09-26,142.79166667,73.76611111,20.52173611,0.05908333,16.56666667,1.175
2019-09-27,93.16666667,67.66986111,22.20777778,0.000125,14.15238095,1.9625
2019-09-28,59.5,64.79847222,22.478125,0.008125,10.2625,2.125
2019-09-29,89.125,66.53972222,21.64131944,0.00025,9.19166667,1.9625
2019-09-30,156.95833333,76.92055555,19.76930556,0.13095833,14.025,1.42083333
2019-10-01,152.5,69.12901337,20.71430556,0.024,11.26666667,2.17083333
2019-10-02,74.45833333,72.15847222,21.01375,0.00091667,13.1875,1.84166667
2019-10-03,79.54166667,74.65619183,19.5981815,0.029125,9.72857143,1.3375
2019-10-04,101.08333333,66.36236111,20.90208333,0.0,9.2625,1.82916667
2019-10-05,73.29166667,69.93466926,20.99608404,0.05429167,9.38333333,1.60416667
2019-10-06,110.16666667,70.59416667,20.62333333,0.00016667,6.65833333,1.5
2019-10-07,109.95833333,65.02138889,21.69881944,0.00775,8.14166667,2.0375
2019-10-08,74.375,71.99895833,20.97243056,0.01075,11.37916667,1.45
2019-10-09,112.95833333,62.06877943,21.98097222,0.000125,14.4826087,1.825
2019-10-10,141.125,74.30284722,20.61180556,0.03608333,12.02916667,1.60833333
2019-10-11,69.5,77.81111111,19.74305556,0.00945833,16.47916667,1.57916667
2019-10-12,126.41666667,71.79819444,20.46874765,0.01941667,15.8625,1.52916667
2019-10-13,157.625,69.93048611,20.95520833,0.02670833,10.14166667,1.24166667
2019-10-14,116.79166667,73.75381945,20.11472222,0.030875,6.53333333,1.9875
2019-10-15,105.20833333,70.99965278,21.14097222,0.07841667,10.68333333,2.0375
2019-10-16,116.91666667,74.68527778,20.36423611,0.00033333,13.90454545,1.41666667
2019-10-17,152.625,67.793125,21.20291667,0.0,10.975,1.42083333
2019-10-18,92.79166667,73.87089015,20.05131944,0.02579167,11.53181818,1.85833333
2019-10-19,117.54166667,71.69861111,20.08657957,0.009875,13.30416667,1.5625
2019-10-20,73.33333333,73.38333333,20.650625,0.01504167,9.63333333,1.9125
2019-10-21,132.25,78.97145833,19.26659722,0.03275,11.55,1.525
2019-10-22,107.58333333,73.97527778,19.87354167,0.07195833,10.44583333,1.59583333
2019-10-23,169.16666667,72.72298611,20.6253289,0.10516667,12.95416667,1.41666667
2019-10-24,92.58333333,79.36381803,18.91044031,0.05329167,13.96666667,1.725
2019-10-25,79.70833333,76.01722222,20.54112927,0.00766667,20.8,1.46666667
2019-10-26,106.83333333,69.44215278,20.85652778,0.01254167,9.1,1.94583333
2019-10-27,109.04166667,74.22486111,20.48368056,0.09895833,7.05217391,1.70833333
2019-10-28,112.91666667,64.87673611,22.18736111,0.0,10.40434783,1.8
2019-10-29,80.04166667,68.15,21.70298611,0.0275,9.59375,2.0875
2019-10-30,89.45833333,70.66590278,21.06180556,0.01295833,9.49166667,1.6375
2019-10-31,122.79166667,69.21395833,21.80423611,0.08529167,8.675,1.4
2019-11-01,118.33333333,71.29909722,21.12333333,0.15408333,13.175,1.5125
2019-11-02,104.04166667,73.55444444,20.50951389,0.0,12.73333333,1.73333333
2019-11-03,142.625,73.318125,20.78688296,0.00104167,10.75833333,1.2375
2019-11-04,92.95833333,68.32638889,21.74430555,0.0,8.64166667,1.9625
2019-11-05,101.20833333,72.50941358,21.50766975,0.0,10.34090909,1.575
2019-11-06,79.45833333,70.17388889,22.3890754,0.0,9.5875,2.27916667
2019-11-07,98.875,69.34611111,22.37868056,0.0,11.60833333,1.99166667
2019-11-08,119.75,68.17701389,22.21881944,0.04145833,15.03333333,1.85416667
2019-11-09,203.16666667,74.70388889,19.76027778,0.00141667,21.96666667,1.275
2019-11-10,142.0,73.58333333,20.50708333,0.011125,15.00416667,1.08333333
2019-11-11,96.66666667,71.31326389,21.45260212,0.02504167,7.8,1.59583333
2019-11-12,126.125,79.91215278,19.66,0.15383333,11.22916667,1.27083333
2019-11-13,102.375,82.27951389,19.04665096,0.00691667,23.15833333,1.1375
2019-11-14,143.125,77.31541667,20.02801498,0.01654167,17.99130435,1.12916667
2019-11-15,117.08333333,77.74548611,19.68253873,0.0065,14.77916667,1.75
2019-11-16,,,,,,
2019-11-17,,,,,,
2019-11-18,53.875,70.41458333,21.73340022,0.002625,7.95416667,1.93333333
2019-11-19,96.20833333,72.99958333,21.16646594,0.0025,9.49565217,1.34583333
2019-11-20,85.45833333,73.80979167,20.91493975,0.00220833,11.28333333,1.80416667
2019-11-21,81.95833333,69.19597222,20.84076389,4.167e-05,9.875,2.10833333
2019-11-22,117.95833333,71.43451389,19.88666667,0.04145833,11.85,1.71666667
2019-11-23,109.875,72.34576389,20.07805555,0.00804167,15.725,1.57916667
2019-11-24,114.875,69.83638889,20.90277045,0.0,9.83333333,1.7375
2019-11-25,100.91666667,68.99305556,22.40583333,0.0,15.39166667,2.1125
2019-11-26,79.5,70.47416667,22.78921827,0.0,14.67916667,1.91666667
2019-11-27,71.83333333,68.180625,22.88354167,0.00070833,12.9,2.02916667
2019-11-28,83.625,70.57465278,22.00631944,0.008125,12.59166667,1.42916667
2019-11-29,136.04166667,75.22027778,20.63340278,0.02654167,13.03333333,1.2625
2019-11-30,58.45833333,70.97013889,20.83060612,4.167e-05,12.20833333,2.125
2019-12-01,72.75,68.47958333,22.27722222,0.00020833,10.7125,2.175
2019-12-02,68.16666667,66.71923611,22.43826021,0.0,10.89166667,2.33333333
2019-12-03,74.08333333,72.93534722,21.25895833,0.000125,16.95882353,1.61666667
2019-12-04,125.54166667,72.64256945,20.42375,0.03870833,12.66666667,1.40416667
2019-12-05,91.25,69.36652778,21.74583333,0.000125,12.6875,1.99583333
2019-12-06,75.375,70.62840278,21.94402778,0.001125,14.36666667,1.94166667
2019-12-07,109.29166667,72.40881945,19.96819444,0.00183333,18.575,1.3
2019-12-08,99.125,68.83402778,19.97039622,0.0,18.47916667,1.77083333
2019-12-09,74.91666667,65.92118056,21.36409722,0.0,8.8125,2.05416667
2019-12-10,82.54166667,70.95458333,21.71868056,0.00033333,14.8375,1.67916667
2019-12-11,68.29166667,71.91243056,21.38848699,0.04520833,16.05,1.42083333
2019-12-12,97.875,65.40895833,20.74013889,8.333e-05,10.95,1.72916667
2019-12-13,140.79166667,68.21145833,20.80319444,0.00945833,13.4625,1.23333333
2019-12-14,117.5,75.09944444,20.10193927,0.104375,9.14583333,2.21666667
2019-12-15,70.33333333,75.97270833,19.9725,0.001,9.5625,1.65416667
2019-12-16,72.375,72.09986111,21.66423611,0.02054167,14.0375,1.65
2019-12-17,115.45833333,70.66555556,21.19791667,0.0,13.9375,1.24166667
2019-12-18,108.86363636,72.85390771,21.04238912,0.00079167,13.39583333,1.45454545
2019-12-19,64.25,70.80479167,22.07986111,0.00058333,11.88333333,2.1625
2019-12-20,69.33333333,68.99979167,22.22569444,4.167e-05,13.3125,1.84166667
2019-12-21,89.83333333,68.03673611,22.27972222,0.0005,13.47916667,1.9875
2019-12-22,89.625,69.91611111,22.10460325,4.167e-05,10.42380952,1.95833333
2019-12-23,62.625,70.42576389,22.23631944,4.167e-05,12.20416667,1.79583333
2019-12-24,99.58333333,66.39888889,22.79833333,4.167e-05,12.35217391,2.16666667
2019-12-25,83.625,71.51590278,22.46006944,0.00754167,11.76315789,2.02083333
2019-12-26,82.95833333,67.92090278,22.40833333,0.00091667,6.875,2.49583333
2019-12-27,61.875,74.78548611,22.04493056,0.0,12.025,1.52916667
2019-12-28,77.45833333,70.28326389,22.32180556,0.000125,14.28333333,1.82916667
2019-12-29,123.83333333,71.80909722,21.58,0.00229167,14.19583333,1.7
2019-12-30,93.41666667,74.85472222,21.18868056,0.03745833,15.09583333,1.35416667
2019-12-31,121.41666667,79.17729167,19.95708333,0.02804167,14.36956522,1.20416667
2020-01-01,151.16666667,72.78097222,21.07361111,0.00183333,39.80416667,1.75416667
2020-01-02,80.75,66.3725,22.08659722,0.0,8.65833333,2.10416667
2020-01-03,76.29166667,66.27368056,21.956875,0.0,11.65416667,1.77083333
2020-01-04,72.70833333,65.71451389,21.22673611,0.0,13.10416667,1.9125
2020-01-05,72.625,62.78319445,20.98256945,0.0,13.025,2.10416667
2020-01-06,80.08333333,63.26020833,20.55701389,0.0,11.9375,1.8625
2020-01-07,131.125,61.58638889,20.56569444,0.0,11.10416667,2.07916667
2020-01-08,75.875,61.87381945,20.81534722,0.0,13.35833333,2.1875
2020-01-09,102.375,60.88270833,21.42527778,0.0,13.22083333,1.6875
2020-01-10,112.83333333,56.52729167,22.05347222,0.0,14.92083333,2.24166667
2020-01-11,128.25,50.71618056,21.97256945,0.0,11.92272727,2.2375
2020-01-12,92.66666667,55.30798611,21.76923611,0.0,11.84166667,1.69166667
2020-01-13,80.20833333,59.17159722,22.685,0.0,13.87083333,1.99583333
2020-01-14,47.91666667,61.30777778,22.93694444,0.0,17.14,2.04583333
2020-01-15,96.41666667,66.85958333,21.98548611,0.0,20.4625,1.925
2020-01-16,92.875,57.28881944,23.10965278,0.0,16.35,2.54166667
2020-01-17,112.58333333,52.68763889,23.2925,0.0,10.9625,1.85
2020-01-18,98.95833333,49.92652778,23.38388889,0.0,7.815,1.59166667
2020-01-19,75.16666667,53.93923611,23.70111111,0.0,8.44583333,1.8875
2020-01-20,107.20833333,69.24638889,21.7725,0.0,14.2625,1.625
2020-01-21,111.66666667,72.81506944,20.82798611,0.19479167,18.20833333,1.7375
2020-01-22,177.58333333,75.51527778,19.48770833,0.00895833,,1.13333333
2020-01-23,151.04166667,66.70541667,20.77090278,0.0,,1.7375
2020-01-24,57.95833333,71.45673611,21.36659722,0.0,7.85714286,1.96666667
2020-01-25,61.125,65.98902778,22.32902778,0.0,8.26363636,2.47916667
2020-01-26,91.70833333,67.25319445,21.49,0.0,8.78695652,1.8375
2020-01-27,120.25,65.24291667,21.41236111,0.0,11.6,1.35416667
2020-01-28,75.91666667,70.45743056,20.786875,0.01754167,12.375,1.90833333
2020-01-29,129.08333333,64.72340278,21.57611111,0.0,14.84583333,2.17083333
2020-01-30,85.66666667,64.22993055,21.36986111,0.0,22.72608696,1.87916667
2020-01-31,65.16666667,61.52020833,23.103125,0.0,28.42916667,2.175
2020-02-01,102.20833333,63.13416667,23.46423611,8.333e-05,19.64166667,2.0375
2020-02-02,98.625,72.49555556,21.03368056,0.03229167,10.31666667,1.84583333
2020-02-03,87.625,59.50784722,22.87763889,4.167e-05,14.37083333,2.00833333
2020-02-04,68.25,58.099375,23.09402778,0.0,18.71666667,2.1
2020-02-05,94.25,55.08333333,22.27902778,0.0,18.99583333,1.70416667
2020-02-06,77.625,51.28583333,22.42375,0.0,20.3375,1.87916667
2020-02-07,68.375,61.50972222,21.99847222,4.167e-05,29.875,1.99583333
2020-02-08,103.95833333,60.40972222,22.55104167,0.00016667,32.09583333,2.2875
2020-02-09,79.95833333,57.900625,21.86430556,8.333e-05,26.45833333,2.02916667
2020-02-10,74.83333333,57.458125,22.75791667,0.00016667,26.75,1.93333333
2020-02-11,90.45833333,53.10881944,23.83291667,0.0,28.21666667,2.2
2020-02-12,93.91666667,55.69263889,23.17694444,0.000125,28.20416667,1.9625
2020-02-13,67.79166667,62.51006944,23.0725,0.0,30.84583333,2.1125
2020-02-14,89.91666667,65.79326389,22.75541667,0.00245833,38.11666667,1.83333333
2020-02-15,106.75,62.24236111,22.54868056,0.008875,24.13333333,1.53333333
2020-02-16,105.625,59.88833333,23.4625,4.167e-05,16.675,1.65416667
2020-02-17,63.875,59.85777778,23.69819444,0.00133333,17.10833333,2.05
2020-02-18,78.41666667,47.39222222,24.68027778,0.0,16.795,1.7875
2020-02-19,142.75,52.615625,24.38548611,0.00083333,20.06666667,2.05833333
2020-02-20,78.23809524,62.86461999,23.59636911,0.02475,24.92727273,2.59047619
2020-02-21,119.38095238,70.49310592,20.90264162,0.0235,23.35,1.95714286
2020-02-22,86.18181818,74.39266852,21.00903503,0.01141667,23.33333333,1.84545455
2020-02-23,41.76470588,70.52831459,21.62735856,0.0,23.47083333,2.17647059
2020-02-24,61.22727273,71.22808276,22.00325078,0.0,26.05416667,2.35
2020-02-25,120.5,68.51236111,23.16930556,0.0,23.62083333,2.5
2020-02-26,88.16666667,64.48305556,22.41645833,0.0,23.12083333,2.10416667
2020-02-27,157.20833333,66.33152778,21.34847222,0.0,26.88333333,2.12916667
2020-02-28,72.625,63.12847222,22.0075,0.0,25.77083333,2.2375
2020-02-29,67.5,70.07152778,22.08152778,0.0,36.2125,2.46666667
2020-03-01,53.16666667,69.24555556,22.784375,4.167e-05,30.5625,2.225
2020-03-02,53.375,69.96520833,22.74659722,0.00029167,32.72083333,2.12916667
2020-03-03,87.83333333,66.96576389,23.65736111,0.00854167,33.07083333,2.37916667
2020-03-04,53.375,71.72847222,22.78493056,0.00325,40.47083333,2.03333333
2020-03-05,119.41666667,60.73715278,23.85333333,0.000125,34.675,1.8
2020-03-06,62.29166667,65.1925,23.80368056,0.0,54.00416667,2.60833333
2020-03-07,81.875,66.946875,22.29076389,0.00058333,52.15,1.85416667
2020-03-08,111.91666667,70.13861111,21.95201389,4.167e-05,44.98333333,2.29166667
2020-03-09,104.29166667,64.62784722,23.11409722,0.00033333,40.70833333,2.5625
2020-03-10,136.0,73.19866619,21.50986351,0.30695833,39.13333333,1.77083333
2020-03-11,123.83333333,76.74924329,20.76302921,0.00366667,36.35,1.9375
2020-03-12,70.0,74.06083333,21.99236111,0.000375,39.925,2.69583333
2020-03-13,99.04166667,71.03013889,22.19909722,0.0,34.92727273,2.35416667
2020-03-14,96.95833333,68.61215278,21.864375,0.0,40.9,2.6125
2020-03-15,95.79166667,65.24472222,21.96541667,0.000125,42.44166667,2.41666667
2020-03-16,80.75,61.208125,22.335625,0.0,41.24166667,2.25416667
2020-03-17,125.45833333,59.33645833,22.14375,4.167e-05,53.13333333,2.40416667
2020-03-18,63.29166667,60.39243056,21.90097222,0.0,56.57083333,2.29583333
2020-03-19,99.45833333,66.12715278,21.94180556,0.01695833,61.2625,2.2875
2020-03-20,60.29166667,75.743125,20.28555556,4.167e-05,55.71818182,2.0125
2020-03-21,107.79166667,72.17666667,20.406875,0.036125,35.2625,1.65416667
2020-03-22,81.33333333,67.39583333,20.96048611,0.09233333,34.49583333,1.75416667
2020-03-23,79.20833333,66.63243056,21.57201389,0.000125,48.85,2.12083333
2020-03-24,104.625,68.055,20.58041667,0.0,47.425,1.41666667
2020-03-25,101.75,64.753125,21.72333333,0.000125,46.675,2.05833333
2020-03-26,63.54166667,66.14770833,22.39756944,0.00025,55.93333333,2.00416667
2020-03-27,74.0,62.60770834,22.42333333,4.167e-05,45.5,2.0
2020-03-28,95.625,63.33694444,22.38493056,0.0,42.76666667,2.2125
2020-03-29,115.20833333,67.46888889,21.90826389,0.02745833,48.52916667,1.90833333
2020-03-30,73.08333333,72.606875,21.72347222,0.001625,47.08333333,1.9125
2020-03-31,88.29166667,73.30479167,21.384375,0.02345833,21.5375,2.12916667
2020-04-01,101.5,77.41111111,20.38395833,0.03166667,7.73333333,1.81666667
2020-04-02,86.5,68.22576389,22.45965278,0.0,9.59166667,2.48333333
2020-04-03,97.08333333,68.70618056,23.50840278,4.167e-05,18.59583333,2.69166667
2020-04-04,99.5,70.68375,23.26826389,0.000625,15.76666667,2.625
2020-04-05,72.875,74.236875,22.89965278,0.01,12.62,2.14583333
2020-04-06,120.20833333,70.10041667,22.48354167,0.00366667,6.52916667,1.87916667
2020-04-07,70.375,64.55395833,23.65840278,0.0,6.89583333,2.825
2020-04-08,95.16666667,67.61868056,23.82479167,0.00570833,9.91363636,2.5625
2020-04-09,107.0,71.44652778,22.315,0.04179167,7.38333333,1.80833333
2020-04-10,91.54166667,74.21722222,22.51722222,0.00154167,10.45,1.99166667
2020-04-11,79.29166667,74.34611111,22.11597222,0.02654167,5.9625,2.1125
2020-04-12,122.08333333,70.59847222,22.79090278,0.0,6.64583333,1.725
2020-04-13,148.95833333,72.29222222,22.29111111,0.02816667,9.24583333,1.77083333
2020-04-14,124.5,71.31513889,21.27201389,0.00091667,14.05833333,1.6375
2020-04-15,108.95833333,67.60256945,21.34958333,0.0,20.17083333,1.93333333
2020-04-16,120.95833333,65.38520833,21.70347222,0.0,27.7375,1.99166667
2020-04-17,97.29166667,67.51534722,21.24791667,0.004625,33.2047619,1.9875
2020-04-18,144.58333333,74.71979167,20.45736111,0.00433333,31.90833333,1.47083333
2020-04-19,93.04166667,81.24701389,19.43909722,0.01016667,18.94166667,1.40833333
2020-04-20,135.41666667,70.105625,21.66361111,0.04220833,13.56666667,1.85416667
2020-04-21,76.95833333,76.20520833,20.10777778,0.01808333,10.75,1.64583333
2020-04-22,112.75,72.80486111,20.77354167,0.03083333,10.85416667,1.80416667
2020-04-23,102.16666667,75.47847222,21.13430556,0.00741667,6.95833333,2.11666667
2020-04-24,101.75,75.62861111,20.86006944,0.081125,9.63333333,1.59583333
2020-04-25,76.33333333,69.84083333,21.1825,0.0,15.05,1.82083333
2020-04-26,113.33333333,64.37222222,23.13027778,0.00179167,14.02173913,2.0375
2020-04-27,96.5,68.88701389,22.69340278,0.01029167,18.35416667,1.81666667
2020-04-28,91.875,69.09034722,22.49923611,0.04220833,11.31904762,2.13333333
2020-04-29,82.66666667,74.78791667,22.22965278,0.022,17.8375,2.49583333
2020-04-30,74.70833333,78.28027778,21.016875,0.00520833,12.075,1.8125
2020-05-01,75.16666667,75.96,21.63444444,0.00333333,13.15833333,1.68333333
2020-05-02,61.625,70.47541667,22.653125,0.00116667,7.3375,2.10416667
2020-05-03,67.54166667,73.55236111,22.33027778,0.000875,8.18461538,2.03333333
2020-05-04,58.33333333,69.83930556,23.36083333,0.00816667,10.29583333,2.52083333
2020-05-05,124.58333333,67.62722222,23.38465278,0.01295833,8.5625,2.075
2020-05-06,103.25,69.17486111,23.11145833,0.00541667,10.0625,2.01666667
2020-05-07,125.875,69.05694444,23.44409722,0.00108333,7.92916667,2.3625
2020-05-08,63.45833333,66.19855235,23.56482906,8.333e-05,9.15833333,1.99166667
2020-05-09,92.66666667,59.683125,24.60847222,0.0,8.04166667,1.92916667
2020-05-10,71.25,63.63013889,23.83652778,8.333e-05,7.9125,2.10416667
2020-05-11,109.0,73.18819445,22.07902778,4.167e-05,9.22916667,2.16666667
2020-05-12,101.16666667,68.54520833,22.34868056,0.0,11.95,1.54166667
2020-05-13,59.16666667,69.83208333,21.75215278,0.003875,12.00833333,2.30416667
2020-05-14,49.41666667,68.80708333,22.69243056,0.0,14.38333333,2.4625
2020-05-15,65.91666667,70.745,22.83743056,0.00016667,12.20416667,2.44166667
2020-05-16,80.58333333,66.31569444,23.79256945,0.025125,6.66666667,2.25416667
2020-05-17,46.91666667,73.98618056,22.74833333,0.010125,8.2375,2.45
2020-05-18,91.45833333,59.31722222,23.59041667,0.00208333,5.4,2.16666667
2020-05-19,174.70833333,83.61319444,19.55534722,0.06541667,12.69166667,1.05416667
2020-05-20,112.79166667,67.37395833,22.63243056,0.00025,9.35,1.975
2020-05-21,96.79166667,61.72645833,24.02354167,0.0,10.62916667,1.94583333
2020-05-22,157.875,66.49944444,23.31791667,0.00029167,14.32380952,1.725
2020-05-23,108.0,65.159375,23.77125,0.0,13.2375,2.025
2020-05-24,98.54166667,62.26333333,24.63284722,0.002625,9.18333333,2.3875
2020-05-25,139.75,60.89368056,24.38305556,0.00016667,5.26666667,2.0125
2020-05-26,118.08333333,61.64673611,24.24402778,0.0,8.30833333,2.49583333
2020-05-27,142.83333333,74.01541667,21.77625,0.01320833,13.08333333,1.87083333
2020-05-28,76.08333333,82.74854167,19.71618056,0.00420833,10.44166667,1.8875
2020-05-29,96.75,78.90861111,20.67701389,0.00941667,11.17916667,1.525
2020-05-30,131.66666667,85.50944444,19.26360262,0.11033333,13.09583333,1.42083333
2020-05-31,50.875,82.25041667,19.48888889,0.01170833,8.70869565,1.82916667
2020-06-01,80.95833333,75.58520833,21.49944444,0.00741667,7.825,1.8125
2020-06-02,113.5,76.73027778,21.38520833,0.00016667,10.31666667,1.70833333
2020-06-03,143.33333333,84.8975,18.55840278,0.01554167,17.43333333,1.20833333
2020-06-04,69.625,67.90006944,22.32923611,0.0,9.96666667,2.10416667
2020-06-05,81.58333333,71.58465278,22.57284722,0.0005,11.09166667,2.34583333
2020-06-06,105.66666667,77.60618056,20.85020833,0.01029167,11.9,1.7625
2020-06-07,65.04166667,65.06770833,22.59388889,0.0,6.67083333,2.09583333
2020-06-08,84.66666667,67.63099576,23.22607815,0.00020833,9.52916667,2.4875
2020-06-09,128.75,73.09298611,21.064375,0.006375,14.0125,1.325
2020-06-10,100.33333333,83.51,19.01805556,0.00858333,14.03809524,1.87916667
2020-06-11,109.20833333,76.47868056,19.90597222,0.06179167,13.44166667,1.3875
2020-06-12,108.125,80.75673611,19.29319444,0.06283333,9.67916667,1.20416667
2020-06-13,85.41666667,71.02576389,21.28152778,8.333e-05,8.86666667,2.20833333
2020-06-14,71.04166667,72.21381944,22.17486111,0.01870833,8.41666667,2.55833333
2020-06-15,200.83333333,74.26298611,21.23868056,0.005625,9.77083333,1.2875
2020-06-16,103.29166667,69.525625,21.62111111,0.00420833,11.76666667,2.2125
2020-06-17,109.91666667,82.75256944,19.68416667,0.02133333,12.71666667,1.25
2020-06-18,107.08333333,75.65513889,20.96340278,0.04041667,11.15652174,1.6125
2020-06-19,103.79166667,70.91215278,21.96069445,0.02795833,10.24545455,2.18333333
2020-06-20,61.45833333,75.31979167,21.20006945,0.08491667,7.1125,2.23333333
2020-06-21,110.66666667,68.95756944,21.40138889,0.00333333,3.80416667,2.03333333
2020-06-22,72.125,72.09305555,21.48881944,0.013,5.52916667,2.025
2020-06-23,107.29166667,68.61763889,21.93548611,0.003,10.02916667,1.7625
2020-06-24,95.22727273,70.72597472,21.074308,0.000125,17.04166667,1.31818182
2020-06-25,86.41666667,67.01972222,21.96076389,0.005625,22.12083333,2.26666667
2020-06-26,106.875,74.77381944,21.13256944,0.028875,13.68333333,1.56666667
2020-06-27,130.375,76.16645833,21.31590278,0.034375,10.67083333,1.69583333
2020-06-28,125.625,79.52847222,19.85555556,0.06070833,7.27391304,1.62916667
2020-06-29,90.20833333,70.94020833,21.73465278,0.00029167,6.71666667,2.06666667
2020-06-30,104.58333333,71.46229167,22.38375,0.00208333,8.33333333,1.72916667
2020-07-01,91.95833333,73.81340278,20.986875,0.14141667,7.63333333,1.68333333
2020-07-02,78.29166667,74.88805556,21.22527778,0.07629167,8.175,1.4125
2020-07-03,119.58333333,72.48979167,21.73277778,0.03508333,9.04583333,1.89583333
2020-07-04,134.33333333,79.57347222,20.13076389,0.13079167,8.6875,1.44166667
2020-07-05,109.04166667,77.78222222,19.39868056,0.02083333,7.7375,1.46666667
2020-07-06,107.66666667,73.34930556,20.62048611,0.00275,9.89583333,1.775
2020-07-07,114.5,77.268125,19.81381944,0.03466667,11.15833333,1.50833333
2020-07-08,141.58333333,77.3475,20.24118055,0.08383333,12.74583333,1.4
2020-07-09,125.58333333,72.53902778,20.89340278,0.01995833,9.03333333,2.2375
2020-07-10,63.70833333,72.65854167,21.56465278,0.00575,10.09583333,1.875
2020-07-11,156.08333333,76.77215278,20.00340278,0.06541667,8.44583333,1.45833333
2020-07-12,117.375,79.02430556,20.16729167,0.05675,7.94166667,1.50416667
2020-07-13,130.95833333,68.78753178,21.48072622,0.06529167,5.22083333,1.9875
2020-07-14,122.91666667,63.86604167,21.45048611,0.06704167,5.1125,1.65833333
2020-07-15,112.25,69.44875,21.135625,4.167e-05,8.53636364,1.80416667
2020-07-16,78.0,64.51527778,22.05784722,0.000375,8.95416667,2.0375
2020-07-17,89.83333333,61.79652778,22.86604167,4.167e-05,8.34583333,2.04166667
2020-07-18,89.54166667,60.25076389,22.90722222,0.000125,9.6625,2.07916667
2020-07-19,110.5,63.41527778,23.04805556,0.0,9.55416667,2.28333333
2020-07-20,41.25,70.51722222,22.44277778,0.00104167,10.48333333,2.43333333
2020-07-21,74.5,72.59527778,21.70145833,0.02975,10.9375,2.49166667
2020-07-22,64.75,76.06701389,20.47569444,0.02316667,7.10416667,1.62916667
2020-07-23,140.25,82.60388889,19.43076389,0.09441667,10.86666667,1.22083333
2020-07-24,166.5,82.57034722,18.41958333,0.20425,5.65263158,1.31666667
2020-07-25,100.875,80.20944445,19.65840278,0.02391667,7.325,0.99583333
2020-07-26,84.75,71.15701389,21.55229167,0.0045,5.2,1.68333333
2020-07-27,58.66666667,71.76520833,21.37645833,0.06554167,4.575,1.92083333
2020-07-28,77.29166667,69.39888889,22.02194444,0.04216667,7.31666667,2.4375
2020-07-29,84.04166667,64.42229167,22.62576389,0.00970833,8.57916667,2.24583333
2020-07-30,110.625,69.568125,21.71006945,0.00041667,12.875,2.15
2020-07-31,114.20833333,61.95069444,23.42868056,0.000125,9.39166667,1.86666667
2020-08-01,115.04166667,58.31305556,22.80243056,0.00629167,10.76666667,1.86666667
2020-08-02,106.79166667,48.30069444,23.09715278,0.0,8.10416667,2.12916667
2020-08-03,96.45833333,53.13173611,23.02715278,0.00016667,13.00416667,2.1875
2020-08-04,93.83333333,55.39375,22.981875,0.00125,15.09583333,2.0875
2020-08-05,94.33333333,60.54833333,22.49326389,4.167e-05,18.1,2.29166667
2020-08-06,117.04166667,65.19201389,22.06180556,0.00191667,21.84583333,1.85833333
2020-08-07,86.66666667,62.04493056,23.06368056,0.0,14.99090909,1.45416667
2020-08-08,90.25,55.78333333,23.54402778,8.333e-05,12.20833333,1.85
2020-08-09,122.66666667,53.41291667,23.81729167,0.00020833,11.39545455,2.375
2020-08-10,68.83333333,60.06527778,23.09791667,0.000125,15.75384615,2.8875
2020-08-11,103.91666667,68.82229167,22.77076389,0.03829167,19.175,1.76666667
2020-08-12,51.66666667,68.94125,22.48138889,0.03916667,7.92916667,2.71666667
2020-08-13,97.625,74.09284722,21.58625,0.073125,10.04583333,2.20833333
2020-08-14,172.58333333,74.119375,21.26465278,0.02004167,12.39166667,1.31666667
2020-08-15,76.125,73.53291667,21.73527778,0.047875,8.175,1.92083333
2020-08-16,80.04166667,77.02451389,20.91881945,0.01,8.79130435,1.73333333
2020-08-17,93.375,77.54673611,20.47819444,0.06795833,6.96086957,1.84583333
2020-08-18,85.95833333,71.28743056,21.87923611,0.00283333,9.84583333,2.0125
2020-08-19,144.58333333,75.49027778,21.12666667,0.08504167,10.01363636,1.55416667
2020-08-20,115.625,74.74631944,20.96458333,0.1085,8.4,2.01666667
2020-08-21,91.04166667,72.86965278,21.49381944,0.00258333,6.7125,2.03333333
2020-08-22,98.58333333,78.23847222,19.67722222,0.03083333,8.84347826,1.59166667
2020-08-23,108.95833333,76.20902778,20.04409722,0.01866667,8.19583333,1.59583333
2020-08-24,139.5,77.64604167,19.92333333,0.04154167,15.725,1.925
2020-08-25,110.54166667,76.139375,20.05888889,0.02920833,11.2875,1.775
2020-08-26,92.91666667,79.07715278,19.725625,0.02429167,8.3,1.775
2020-08-27,89.33333333,76.24708333,20.29638889,0.00058333,8.92083333,1.74583333
2020-08-28,66.95833333,69.82548611,21.70847222,0.04695833,7.575,2.55416667
2020-08-29,75.95833333,67.37194444,21.06326389,0.00045833,13.7625,1.81666667
2020-08-30,101.04166667,72.16395833,19.71076389,0.00158333,9.72916667,1.46666667
2020-08-31,92.66666667,72.17381944,19.41631945,0.11804167,8.2,1.55416667
2020-09-01,157.08333333,75.18868056,20.22243056,0.20883333,14.925,1.42916667
2020-09-02,124.875,75.51097222,19.78416667,0.003125,12.325,1.22916667
2020-09-03,148.45833333,79.99451389,19.08402778,0.22733333,14.9125,1.15416667
2020-09-04,140.91666667,73.09423611,20.89486111,0.10416667,11.87916667,1.65833333
2020-09-05,143.5,66.050625,22.35951389,0.09020833,7.1625,1.82916667
2020-09-06,94.625,70.92375,21.08826389,0.05716667,4.97916667,2.09583333
2020-09-07,127.33333333,74.75118056,20.15756944,0.060125,6.79166667,2.0875
2020-09-08,166.29166667,78.64340278,18.73520833,0.049,10.87916667,1.13333333
2020-09-09,130.59090909,72.50058719,20.23684389,4.167e-05,16.28095238,1.23636364
2020-09-10,100.54166667,70.93534722,21.74076389,0.05454167,10.67916667,1.74166667
2020-09-11,98.625,70.25763889,22.34180556,0.00183333,12.65833333,2.06666667
2020-09-12,120.95833333,75.58895833,20.72680556,0.19475,10.38695652,2.07083333
2020-09-13,124.95833333,67.94743056,22.25583333,0.01683333,9.07916667,1.75833333
2020-09-14,85.54166667,63.75118056,22.54527778,0.00029167,13.96190476,1.875
2020-09-15,102.75,71.22513889,21.36673611,0.011,15.57083333,1.67916667
2020-09-16,128.75,74.31680556,20.18388889,0.017625,9.58333333,1.30833333
2020-09-17,116.54166667,74.378125,19.70909722,0.000875,13.14090909,1.12916667
2020-09-18,173.83333333,77.44118056,20.22986111,0.09254167,15.54583333,1.2125
2020-09-19,99.25,74.131875,20.88791667,0.00833333,14.525,1.63333333
2020-09-20,130.625,79.91354167,19.88194444,0.06083333,12.62083333,1.62083333
2020-09-21,161.91666667,71.04423611,21.25770833,0.00708333,14.125,1.44166667
2020-09-22,67.29166667,67.72194445,22.30909722,0.01083333,9.7,2.20833333
2020-09-23,75.79166667,66.03513889,22.53423611,0.0005,9.04583333,1.75
2020-09-24,86.33333333,66.93888889,22.46347222,0.01366667,8.54583333,1.85
2020-09-25,110.75,62.74131944,22.72909722,0.000125,9.62083333,1.6375
2020-09-26,62.5,75.16534722,20.21743056,0.02745833,7.89166667,1.875
2020-09-27,125.5,69.85506944,21.11569444,0.000625,6.48333333,1.45
2020-09-28,134.83333333,65.97854167,21.72430556,0.00029167,8.65,1.51666667
2020-09-29,145.54166667,68.91055556,21.16055556,0.01120833,11.425,1.7
2020-09-30,144.70833333,72.06173611,20.59326389,0.10195833,7.025,1.54166667
2020-10-01,86.75,67.10298611,22.39145833,0.0,6.71666667,2.125
2020-10-02,115.41666667,72.150625,20.24402778,0.027125,10.93913043,1.475
2020-10-03,117.79166667,79.58319444,18.91583333,0.059625,14.1625,1.05
2020-10-04,148.5,75.26243056,20.41041667,0.06545833,9.19166667,1.4125
2020-10-05,172.25,72.04583333,20.64951389,0.011375,10.84583333,1.62083333
2020-10-06,107.79166667,74.18611111,20.26458333,0.01783333,7.50833333,1.64166667
2020-10-07,91.54166667,71.18409722,21.57902778,0.000125,10.475,2.0875
2020-10-08,63.25,70.19097222,21.86680556,8.333e-05,10.175,2.09583333
2020-10-09,60.20833333,66.39256945,22.07743056,0.001875,10.06666667,1.60416667
2020-10-10,87.66666667,64.41041667,23.045625,0.0,9.8125,2.17916667
2020-10-11,92.20833333,57.66673611,23.22923611,0.00020833,9.05217391,1.79583333
2020-10-12,38.95833333,69.23291667,21.85986111,0.000125,7.80833333,2.40833333
2020-10-13,154.75,74.16201389,19.82381945,0.05579167,10.87083333,1.82083333
2020-10-14,88.61111111,71.16773429,21.10434538,0.00016667,12.18888889,2.11666667
2020-10-15,114.25,65.33193723,23.18159091,4.167e-05,9.05416667,2.59166667
2020-10-16,74.375,65.3672619,22.92797619,0.0,10.17916667,2.0125
2020-10-17,111.83333333,65.57083333,22.34138889,0.0,12.1875,1.77083333
2020-10-18,151.29166667,68.02098046,21.38926436,0.000625,13.84583333,1.40833333
2020-10-19,161.54166667,73.79229167,20.13222222,0.00295833,19.18095238,1.09166667
2020-10-20,100.29166667,70.68291667,20.92111111,0.0055,14.87916667,1.575
2020-10-21,81.25,70.49513889,21.72201389,0.0,9.7625,2.075
2020-10-22,115.58333333,67.98527778,22.50770833,0.00033333,10.2625,1.5875
2020-10-23,133.58333333,66.01006944,21.92888889,0.22958333,10.33333333,1.85
2020-10-24,102.0,81.72256945,19.07895833,0.07758333,17.1125,1.45416667
2020-10-25,132.16666667,79.93583333,19.36256944,0.00379167,14.89130435,1.15416667
2020-10-26,107.25,72.27076389,21.28729167,8.333e-05,8.1,1.69166667
2020-10-27,115.58333333,74.67819444,20.30222222,0.18829167,10.575,2.07916667
2020-10-28,130.58333333,73.15479167,20.85805556,0.00379167,15.07916667,1.34166667
2020-10-29,138.70833333,77.19361111,19.939375,0.060875,11.75833333,1.82083333
2020-10-30,118.16666667,75.96159722,20.78763889,0.00179167,13.41666667,1.10833333
2020-10-31,124.33333333,78.25736111,19.99597222,0.10075,7.68333333,1.15
2020-11-01,206.75,75.78756945,20.11548611,0.05483333,6.9875,1.6125
2020-11-02,180.91666667,69.69137712,21.88266243,0.00404167,7.1625,1.5625
2020-11-03,106.66666667,75.224375,20.79534722,0.09808333,4.87391304,2.06666667
2020-11-04,80.5,74.48513889,20.99041667,0.00179167,6.89166667,2.15416667
2020-11-05,108.58333333,77.486875,20.31069445,0.00633333,11.32272727,1.40833333
2020-11-06,132.08333333,80.81784722,19.86041667,0.0175,11.29166667,1.09166667
2020-11-07,98.5,75.01916667,20.743125,0.1405,12.4625,1.65
2020-11-08,135.66666667,75.38319444,20.41375,0.00020833,10.84166667,1.34583333
2020-11-09,110.375,77.93368056,19.59305556,0.02691667,12.82916667,1.34166667
2020-11-10,105.04166667,75.89159722,20.25333333,0.04120833,11.95454545,1.54583333
2020-11-11,134.66666667,82.84763889,18.95715278,0.01366667,14.61304348,1.37916667
2020-11-12,119.25,79.12673611,19.88145833,0.004625,17.35416667,1.37083333
2020-11-13,153.16666667,77.40826389,20.31701389,0.24354167,12.5,1.57916667
2020-11-14,199.375,73.6925,20.23208333,0.03104167,8.85909091,2.1375
2020-11-15,157.375,73.90152778,20.17041667,0.08025,9.69565217,1.88333333
2020-11-16,73.41666667,76.53895833,20.34097222,0.00516667,6.87272727,1.675
2020-11-17,109.95833333,80.593125,19.37548611,0.012875,12.60416667,1.35
2020-11-18,79.33333333,78.7908649,19.75127525,0.004,7.8047619,1.5625
2020-11-19,42.5,73.52666667,20.733125,0.0,6.2,2.20416667
2020-11-20,88.54166667,75.851875,20.26333333,0.021375,11.23333333,1.30833333
2020-11-21,136.16666667,73.9125,20.73951389,0.00033333,10.325,1.24166667
2020-11-22,84.125,72.78388889,21.38361111,0.00066667,7.47391304,2.07916667
2020-11-23,82.33333333,71.55097222,21.74638889,4.167e-05,9.49583333,1.69166667
2020-11-24,85.54166667,73.64159722,21.35402778,0.0,11.90454545,1.79583333
2020-11-25,98.66666667,71.778125,21.425625,0.00020833,11.0375,1.67916667
2020-11-26,75.83333333,71.586875,21.62805556,0.00016667,10.35416667,1.8375
2020-11-27,94.95833333,73.72423611,20.55104167,0.033875,11.92083333,1.63333333
2020-11-28,118.29166667,78.00583333,19.53784722,0.01633333,14.03333333,1.54583333
2020-11-29,98.875,72.58951389,21.2025,0.0,9.475,1.7375
2020-11-30,126.25,80.516875,19.689375,0.14608333,11.9625,1.45
2020-12-01,105.58333333,73.50875,20.32513889,0.02229167,13.89583333,1.42083333
2020-12-02,122.5,79.84090278,19.52590278,0.04054167,14.20833333,1.22916667
2020-12-03,101.625,73.40576389,20.48555556,0.07754167,10.11904762,2.0125
2020-12-04,108.04166667,72.45798611,21.07826389,0.0,10.90416667,1.575
2020-12-05,82.375,72.50604167,21.44847222,0.000125,12.6826087,2.1
2020-12-06,94.75,72.67979167,21.66298611,0.00766667,8.7875,2.10833333
2020-12-07,75.125,74.76361111,21.05798611,0.00058333,13.2625,1.84166667
2020-12-08,76.875,73.51833333,21.30375,0.00891667,12.30416667,2.21666667
2020-12-09,100.33333333,75.09076389,20.86583333,0.00020833,11.47,1.9125
2020-12-10,123.66666667,69.56930556,21.28506944,0.00029167,11.34583333,1.62916667
2020-12-11,67.33333333,70.33576389,21.27479167,0.000125,13.9375,2.15
2020-12-12,104.5,73.32986111,21.13638889,0.000625,12.8625,1.53333333
2020-12-13,102.625,69.81861111,20.85013889,0.00054167,12.075,1.73333333
2020-12-14,99.29166667,69.27541667,21.395625,0.00020833,13.9,2.1625
2020-12-15,105.75,72.23645833,21.28409722,0.00045833,12.9125,1.82083333
2020-12-16,99.79166667,72.57520833,21.1125,0.00125,14.63333333,1.52916667
2020-12-17,92.25,73.74138889,21.08680556,0.00304167,13.95217391,1.64166667
2020-12-18,90.91666667,78.32083333,20.13520833,0.02658333,15.70833333,1.19166667
2020-12-19,120.33333333,71.3025,20.544375,0.00154167,10.40416667,1.575
2020-12-20,97.5,77.36194444,19.83729167,0.12216667,13.57083333,1.575
2020-12-21,101.20833333,75.27708333,20.96743056,0.00070833,12.87083333,1.90833333
2020-12-22,95.41666667,75.15770833,20.751875,0.00083333,15.75416667,1.70833333
2020-12-23,120.625,70.69298611,21.53736111,8.333e-05,15.02916667,2.06666667
2020-12-24,125.625,70.01708333,21.60479167,0.0645,16.35416667,1.74583333
2020-12-25,192.5,72.73208333,20.40402778,0.00533333,10.05217391,1.425
2020-12-26,138.54166667,70.94701389,20.29333333,0.003125,13.09130435,1.23333333
2020-12-27,146.45833333,78.339375,19.46305556,0.01766667,10.05833333,1.5
2020-12-28,67.16666667,71.01027778,20.3,0.00020833,6.75833333,1.89583333
2020-12-29,84.29166667,68.27423611,20.48215278,0.00016667,9.09545455,2.28333333
2020-12-30,69.875,69.54618056,20.956875,0.000125,11.175,2.0
2020-12-31,86.66666667,68.72,20.98680556,0.000125,11.74583333,2.18333333
2021-01-01,106.95833333,73.19472222,19.86770833,0.00166667,14.1875,1.5875
2021-01-02,111.125,71.91409722,21.32055555,0.000875,9.39583333,1.7
2021-01-03,63.125,71.30861111,21.51486111,0.0,10.15,2.27083333
2021-01-04,75.875,65.22388889,20.49298611,0.00041667,8.30833333,1.77083333
2021-01-05,107.83333333,66.21,20.625625,0.0,10.31666667,2.04166667
2021-01-06,77.20833333,67.75048611,19.98638889,0.00145833,10.22083333,2.15416667
2021-01-07,99.54166667,69.95020833,20.65923611,0.0,13.90416667,2.20416667
2021-01-08,57.875,81.11090278,19.05347222,0.0825,12.51666667,1.69166667
2021-01-09,77.125,76.18354167,19.68597222,0.00083333,10.5,1.5125
2021-01-10,57.08333333,72.86965278,20.63173611,0.030875,5.80833333,2.10416667
2021-01-11,100.16666667,75.60652778,20.35430556,0.07529167,5.3375,1.3375
2021-01-12,110.54166667,70.23166667,21.49541667,0.00020833,9.19583333,2.04583333
2021-01-13,83.66666667,67.50763889,22.06520833,0.00091667,10.15833333,1.87916667
2021-01-14,57.45833333,70.29125,22.10659722,0.00170833,13.35833333,2.32916667
2021-01-15,73.25,68.46951389,21.83784722,0.0,15.09166667,2.27083333
2021-01-16,69.04166667,66.67375,21.13840278,0.00058333,11.94583333,2.04166667
2021-01-17,101.5,65.31444444,20.92090278,0.00025,11.5625,2.12083333
2021-01-18,54.70833333,66.53958333,21.35833333,0.0,13.49166667,2.475
2021-01-19,120.45833333,63.81,21.30729167,0.0,13.5375,2.07916667
2021-01-20,63.16666667,66.22200163,20.80826185,0.0,15.88333333,1.7
2021-01-21,53.57894737,68.66408557,21.65553829,0.00104167,16.54583333,2.32105263
2021-01-22,53.38095238,68.02927537,21.75031639,0.0015,15.8875,2.34761905
2021-01-23,79.3,70.24797954,21.15622943,0.00554167,16.5173913,2.09
2021-01-24,71.41176471,72.87794823,21.14474176,0.01941667,10.85714286,1.78823529
2021-01-25,96.55,68.46259655,22.00790767,0.0,13.96666667,1.335
2021-01-26,66.54545455,71.77483126,21.07481991,8.333e-05,16.22916667,1.43181818
2021-01-27,108.95833333,67.08175663,21.73156639,0.00016667,14.29166667,1.825
2021-01-28,68.95,69.39970417,21.57029132,0.0,19.775,2.025
2021-01-29,54.5,63.24524026,21.21335024,0.0,18.95652174,2.13
2021-01-30,101.36842105,60.55350416,22.40667206,0.0,18.29583333,1.97368421
2021-01-31,100.14285714,56.44134496,22.97646586,0.0,15.97916667,1.8952381
2021-02-01,48.69823272,61.18631206,22.20791108,0.0,17.70416667,2.08209199
2021-02-02,99.98641823,68.26011844,22.1265187,0.00308333,12.29115208,1.94871964
2021-02-03,55.39387828,69.10516968,22.10536008,0.00025,11.47240979,2.30510345
2021-02-04,57.01317282,64.14604364,23.02026403,0.00204167,16.0095675,1.87299462
2021-02-05,38.40386737,71.42487439,21.97715178,0.00108333,14.54748813,1.76993377
2021-02-06,89.17468292,67.64977486,22.05746533,0.00529167,13.26036563,1.8304029
2021-02-07,86.99864539,66.8237236,22.40888714,4.167e-05,13.14574188,1.56441779
2021-02-08,60.74219645,73.33278591,21.53042899,0.06195833,16.59558375,1.46660329
2021-02-09,73.52411038,71.49923611,21.381875,0.03791667,15.31596063,1.6230676
2021-02-10,98.51019385,67.53583333,20.72277778,0.0065,12.82149125,2.00282593
2021-02-11,70.34702472,65.95104167,21.10375,0.0,14.55171958,2.05437178
2021-02-12,72.60141923,66.50479167,20.95277778,0.000375,15.49824417,1.46409029
2021-02-13,83.33686255,70.12388889,20.65923611,0.002,15.42489958,1.60594906
2021-02-14,78.08644825,72.12159722,20.86020833,0.0,15.14681417,1.67719794
2021-02-15,110.50045628,64.60923611,21.97013889,0.0,16.83993688,1.6445072
2021-02-16,90.26351085,61.45229167,21.33451389,0.0,17.77634048,1.98888215
2021-02-17,72.9045316,63.58291667,20.75604167,0.00275,17.67950146,1.92129238
2021-02-18,142.58815074,73.51361111,20.24458333,0.225875,20.45283792,1.16027202
2021-02-19,121.9072848,74.30479167,19.49819444,0.00233333,11.87295125,1.60331777
2021-02-20,102.67200482,68.239375,20.13923611,0.01608333,13.28099458,1.7110095
2021-02-21,49.24021226,71.96708333,20.11097222,0.007875,12.98039542,1.97622275
2021-02-22,38.04072149,67.34715278,21.12298611,0.00020833,14.89480604,2.09075492
2021-02-23,47.14034575,74.37013889,20.378125,0.0025,18.08451042,2.04890428
2021-02-24,57.55646386,69.743125,21.983125,4.167e-05,19.60527708,2.21329315
2021-02-25,72.24868839,70.915,22.23465278,0.00383333,19.13470625,2.14684744
2021-02-26,54.1936417,72.01944444,21.80104167,0.00358333,12.60802021,2.41483396
2021-02-27,91.77891946,74.80965278,20.59784722,0.03008333,10.87572104,1.69003859
2021-02-28,105.60956646,69.38429078,21.31070922,0.15285106,10.07562489,1.89042642
2021-03-01,135.125,69.99208333,20.66875,0.32395833,12.82083333,1.59583333
2021-03-02,144.5,66.08729167,21.09208333,0.00016667,26.24090909,1.6375
2021-03-03,133.79166667,65.57736111,20.78673611,4.167e-05,33.45,1.5125
2021-03-04,80.54166667,71.42333333,20.56895833,0.015875,32.10416667,2.3875
2021-03-05,75.54166667,71.47361111,19.68798611,0.00175,24.10416667,2.20416667
2021-03-06,82.08333333,73.325625,21.11361111,0.00491667,45.19166667,2.2375
2021-03-07,73.58333333,76.40104167,20.82736111,0.055375,28.40416667,1.97083333
2021-03-08,119.04166667,78.40458333,19.94180556,0.11770833,12.80833333,1.58333333
2021-03-09,86.70833333,71.94201389,20.74145833,0.0005,14.62083333,1.96666667
2021-03-10,114.58333333,74.21027778,19.85979167,0.04820833,14.70833333,1.60416667
2021-03-11,80.875,80.45875,19.05652778,0.14004167,17.64166667,1.41666667
2021-03-12,139.375,82.31333333,17.82951389,0.01945833,11.38333333,1.2875
2021-03-13,110.625,71.71166667,19.89965278,0.00045833,15.03333333,1.7
2021-03-14,108.04166667,70.74125,20.24555556,0.00033333,14.82083333,1.7375
2021-03-15,160.08333333,71.27118056,20.06118056,0.02708333,16.67916667,1.49166667
2021-03-16,145.29166667,73.70215278,20.10701389,0.001875,19.12916667,1.62083333
2021-03-17,110.25,75.34328654,19.68477872,0.20183333,11.4,1.48333333
2021-03-18,192.0,77.41900655,19.44230453,0.077,15.10416667,1.26666667
2021-03-19,119.17391304,72.30295705,20.30978765,0.00033333,11.79166667,1.70869565
2021-03-20,169.45833333,75.87494224,19.03219913,0.054375,12.84166667,1.33333333
2021-03-21,149.83333333,74.32963297,20.18035027,0.04404167,17.7625,1.375
2021-03-22,174.20833333,80.25655485,18.71053672,0.07804167,10.15416667,1.24166667
2021-03-23,96.73913043,78.06261314,19.40749636,0.06791667,15.5875,1.51304348
2021-03-24,125.91666667,76.42108526,19.75630398,0.02141667,11.99090909,1.54166667
2021-03-25,63.0,72.94363469,20.89873811,0.01558333,14.44166667,2.06666667
2021-03-26,125.75,74.75333333,20.50833333,0.00158333,15.7375,1.6625
2021-03-27,97.08333333,74.48395833,20.37652778,0.001125,12.1,2.4125
2021-03-28,49.04166667,71.62423611,21.37125,0.00191667,8.59583333,2.09583333
2021-03-29,60.29166667,70.738125,22.07888889,0.00020833,10.5125,2.21666667
2021-03-30,81.625,65.49777778,22.216875,0.00041667,11.50833333,2.04583333
2021-03-31,59.7826087,66.45456522,22.97471014,0.0,13.27916667,1.86956522
2021-04-01,99.2173913,74.0534058,21.48166667,0.0006087,13.47083333,1.74782609
2021-04-02,112.45833333,78.09701389,20.74534722,0.024375,13.24166667,1.59166667
2021-04-03,77.08333333,76.53944444,20.31125,0.06841667,9.1125,1.6125
2021-04-04,117.91666667,73.15388889,21.32583333,0.001125,9.47083333,1.69583333
2021-04-05,129.95833333,68.44555556,21.70076389,0.06170833,10.38333333,1.95833333
2021-04-06,124.20833333,73.09527778,21.03833333,0.065375,11.89166667,1.54583333
2021-04-07,98.125,69.83527778,21.89361111,0.00083333,8.225,2.29166667
2021-04-08,81.125,69.46548611,22.23673611,0.00054167,8.19545455,2.35833333
2021-04-09,98.125,75.85770833,20.42270833,0.02116667,6.72727273,1.60416667
2021-04-10,85.79166667,73.63527778,21.30659722,0.00233333,9.7875,1.72916667
2021-04-11,60.125,70.80319444,22.28354167,0.00483333,6.66666667,1.84583333
2021-04-12,80.0,65.95625,22.31951389,0.00154167,8.29583333,2.15
2021-04-13,88.29166667,60.01756944,22.79847222,0.0,8.34166667,2.46666667
2021-04-14,104.0,71.38194445,21.92222222,0.00020833,14.40416667,1.71666667
2021-04-15,100.75,70.74270833,21.8575,0.05941667,16.42916667,1.69166667
2021-04-16,138.95833333,75.51381945,20.49840278,0.00804167,10.95,1.10416667
2021-04-17,68.0,67.33159722,22.33236111,0.00125,12.52916667,2.03333333
2021-04-18,82.70833333,69.71527778,21.58506944,0.0,7.94166667,2.25
2021-04-19,46.95833333,68.38784722,22.13118056,0.0,11.11666667,2.17916667
2021-04-20,82.625,67.52479167,22.23715278,0.000125,11.33333333,1.76666667
2021-04-21,88.08333333,66.27784722,22.05944444,0.0,15.14166667,2.15833333
2021-04-22,84.25,66.92152778,22.76430556,0.0,20.31666667,2.125
2021-04-23,145.25,68.98833333,21.21513889,0.00075,16.30416667,1.76666667
2021-04-24,88.66666667,70.28506944,21.55152778,0.00091667,18.64166667,2.20416667
2021-04-25,63.95833333,69.51673611,22.54979167,0.00041667,15.19166667,2.66666667
2021-04-26,146.70833333,73.66263889,21.72159722,0.12758333,18.775,1.8125
2021-04-27,110.08333333,81.94493056,19.48979167,0.047625,15.3,1.52083333
2021-04-28,123.5,80.85340278,19.309375,0.19145833,17.10833333,0.95
2021-04-29,56.20833333,81.70361111,19.20993056,0.0225,12.19583333,1.70833333
2021-04-30,106.79166667,82.36458333,18.81173611,0.00908333,12.445,1.4375
2021-05-01,140.32766403,74.97236111,19.50410838,0.000625,14.94583333,0.9521418
2021-05-02,100.91960456,76.06354167,19.51659722,0.2065,8.95833333,1.04275081
2021-05-03,86.39821685,76.37705851,18.71846982,0.18133333,6.17083333,1.07054877
2021-05-04,87.84672397,74.25526623,19.77844081,0.11054167,8.95,1.6559092
2021-05-05,67.64546583,76.93156383,19.83554217,0.0343913,7.86956522,1.2513972
2021-05-06,77.41617039,76.19111111,19.80381944,0.04233333,9.65,1.20321971
2021-05-07,94.16707858,73.01465278,20.32430556,0.01379167,11.59166667,1.62802991
2021-05-08,64.98156703,77.39194444,19.87048611,0.02379167,8.14166667,1.44454952
2021-05-09,92.88934531,73.58270833,21.18395833,0.004375,7.82916667,1.40866333
2021-05-10,122.57440187,71.0292029,21.38521739,0.01143478,8.4173913,0.93664526
2021-05-11,37.07097774,67.52270833,22.49923611,8.333e-05,7.71666667,1.96594996
2021-05-12,42.40643436,66.25576389,23.18965278,0.00595833,8.45238095,2.13009503
2021-05-13,68.37191615,67.66597222,22.833125,0.01241667,8.0375,2.05572214
2021-05-14,54.10891564,69.76722222,22.87090278,0.03075,10.96666667,1.89913574
2021-05-15,64.01230134,72.79884058,22.22695652,0.01682609,,1.49575084
2021-05-16,91.14907949,68.561875,21.51680556,0.07691667,,1.46990231
2021-05-17,91.84001928,76.63534722,20.57930556,0.08979167,,1.32003312
2021-05-18,150.96387065,79.03930556,19.39923611,0.01254167,16.48461538,1.52130477
2021-05-19,38.75234652,69.9925,22.00861111,4.167e-05,8.0875,2.20363867
2021-05-20,48.09297237,67.32086957,22.87492754,4.348e-05,9.1173913,2.26061822
2021-05-21,62.24417175,73.28791667,21.92625,0.0,13.68333333,1.64426614
2021-05-22,54.54660647,73.23479167,22.045,0.09154167,9.45833333,1.59114057
2021-05-23,75.74790643,73.12194444,22.09180556,0.01058333,7.675,1.68725198
2021-05-24,40.47732915,72.40305555,21.73305556,0.00758333,8.14166667,1.98246758
2021-05-25,64.89399429,70.36688406,21.85724638,0.033,7.60869565,2.0434661
2021-05-26,75.03298091,68.95569444,21.84013889,0.04979167,8.21666667,1.87631786
2021-05-27,116.54172695,78.97805556,20.67909722,0.02875,16.45833333,0.80668925
2021-05-28,121.0997101,77.39375,20.43229167,0.00554167,10.21904762,0.79212483
2021-05-29,53.86087915,82.96270833,19.52319444,0.01058333,18.15,1.07625448
2021-05-30,68.96937072,78.70611111,20.68277778,0.03033333,9.23181818,1.24500154
2021-05-31,93.09506307,74.50318841,21.62391304,0.10991304,8.05217391,1.15387323
2021-06-01,134.46099805,78.65861111,19.53826389,0.10433333,7.45833333,1.1440355
2021-06-02,129.70108587,75.07180556,20.86958333,0.10895833,11.74993304,1.16056472
2021-06-03,82.2647839,69.47083333,21.90222222,0.00266667,7.504865,1.50886532
2021-06-04,90.93734885,70.134375,21.92020833,0.00041667,10.46596708,1.63125568
2021-06-05,100.93955918,70.62854167,22.12631944,0.00029167,12.2703975,1.46638577
2021-06-06,35.17973932,72.94736111,20.83840278,0.03370833,5.01129304,1.94260589
2021-06-07,94.23946197,74.56444444,20.58666667,0.01516667,9.19367,0.92514378
2021-06-08,121.9975465,80.25083333,19.34444444,0.19441667,9.54672,0.77200701
2021-06-09,66.15124484,80.98611111,18.90416667,0.01720833,12.37581625,0.99132571
2021-06-10,45.23768464,76.02923611,20.68875,0.00025,9.34581417,1.6000489
2021-06-11,63.30509157,74.86576389,20.93819445,0.08054167,8.79561458,1.76681566
2021-06-12,83.19623588,75.52534722,19.75090278,0.00720833,10.5624525,1.3685133
2021-06-13,111.63092997,77.86083333,19.91118056,0.01454167,17.98378542,1.05293011
2021-06-14,68.90318889,78.31590278,19.95986111,0.05908333,14.07304913,1.4144206
2021-06-15,65.0107666,73.79277778,20.581875,0.00558333,10.07944875,1.79890887
2021-06-16,52.90985377,71.785,21.04395833,0.00604167,11.4071975,1.44778932
2021-06-17,54.22869543,65.69770833,22.56701389,0.03175,11.0619025,1.63642735
2021-06-18,68.5455554,66.54763889,21.63673611,0.02433333,6.08193583,1.98339411
2021-06-19,87.05430529,71.05645833,20.90798611,0.04133333,7.46997043,1.55672739
2021-06-20,78.62872447,74.70340278,20.18993056,0.10170833,5.09062278,1.66083754
2021-06-21,113.7266038,67.30965278,21.04298611,0.00166667,6.49479762,1.54218129
2021-06-22,101.01650102,78.48694444,19.30166667,0.02416667,13.26093667,1.06051436
2021-06-23,62.42794981,73.35361111,20.446875,0.08358333,12.67487773,1.44315132
2021-06-24,80.12565386,76.15222222,19.37284722,0.10325,11.099242,0.91556253
2021-06-25,121.45849316,74.30465278,20.03479167,0.05308333,12.23946792,1.0763448
2021-06-26,95.54914215,73.53180555,19.96111111,0.00958333,9.4210225,1.28983903
2021-06-27,48.66421193,74.32763889,19.68694444,0.02175,8.44896917,1.55716554
2021-06-28,104.13106581,71.001875,21.12861111,0.03166667,8.51357667,2.01263153
2021-06-29,71.85893761,63.26145833,21.834375,0.00479167,7.89740667,1.47307141
2021-06-30,57.22061372,65.2954561,21.8530861,0.00021739,9.79763174,1.75185864
2021-07-01,75.52356093,69.25604167,20.98173611,0.0,8.53913043,1.41900586
2021-07-02,53.34499942,68.14354167,21.815625,0.00079167,6.61707208,2.18916912
2021-07-03,97.21595609,61.20089101,22.64368291,4.167e-05,10.42781167,1.25170621
2021-07-04,67.4471839,56.89935264,22.20414901,0.0015,7.19349565,1.84961569
2021-07-05,40.30258974,67.68739289,21.51541431,0.00195833,8.95101083,1.94560222
2021-07-06,36.48226228,66.91576389,22.23847222,0.000125,12.30280583,1.94743938
2021-07-07,46.96148989,62.97767538,23.06458098,0.00383333,12.27291125,2.14791771
2021-07-08,42.85136034,68.56067914,22.0619009,0.01558333,12.51066895,2.2329345
2021-07-09,77.64295379,73.95761417,20.99382886,0.03945833,12.89237524,1.37350293
2021-07-10,66.84548132,73.65460452,21.09265654,0.00879167,9.78304,1.40550919
2021-07-11,70.96033537,73.01659605,20.768996,0.02395833,4.87008917,1.80784576
2021-07-12,83.35463841,65.13395171,22.0424562,0.00166667,9.93954217,1.73415474
2021-07-13,81.76093436,65.54004355,20.88748352,0.00491667,8.31774476,1.19235967
2021-07-14,48.82359669,63.70925141,21.81396893,0.0,12.95099042,2.19856108
2021-07-15,67.49194104,65.99185499,22.63202818,0.02516667,13.03571583,2.17734543
2021-07-16,97.38720468,69.08316973,20.9995645,0.08466667,8.0235725,1.34513083
2021-07-17,94.7718672,68.0472387,21.45693267,0.07141667,6.91316167,2.0324494
2021-07-18,79.88405196,63.75052861,22.03147193,0.06254167,6.36264458,1.39538026
2021-07-19,71.03470126,57.76643601,22.84148476,4.167e-05,7.89724167,1.32999896
2021-07-20,89.71904848,51.90808102,22.80065052,0.00016667,7.72511095,1.02754812
2021-07-21,50.08427688,58.90582745,22.76038371,4.167e-05,10.70055708,1.86446449
2021-07-22,56.63705438,59.82612994,22.60987994,0.0,12.09539208,1.72172957
2021-07-23,43.75748702,60.52857227,23.17630061,4.167e-05,15.21177875,2.08066961
2021-07-24,104.76085509,75.36902072,20.45425259,0.017,22.41800625,1.04168582
2021-07-25,97.87452591,83.47325094,18.86952919,0.04620833,11.33739292,1.15348779
2021-07-26,55.58763097,75.97224106,20.66126883,0.01895833,10.51539826,1.78244085
2021-07-27,131.42262931,79.67827566,19.07382533,0.05558333,14.604295,0.92732932
2021-07-28,59.59507893,69.00146069,21.29045786,0.00016667,12.17601542,1.49826136
2021-07-29,152.25373126,68.29594751,21.81978931,0.0045,15.98147696,0.96437598
2021-07-30,61.42218493,64.68092279,22.72432321,0.11241667,6.236329,1.49543762
2021-07-31,36.45751613,62.15318841,23.20467576,0.0,9.4374387,2.41878912
2021-08-01,63.14431271,57.28027778,23.22986111,4.167e-05,7.26956522,1.6275861
2021-08-02,78.2663411,53.02986111,23.21423611,4.167e-05,8.67915211,1.27047911
2021-08-03,83.76907517,59.59284722,22.06930555,0.0,14.76089167,1.43672206
2021-08-04,40.69937094,55.10460052,22.26036257,0.0,18.81693708,2.42162294
2021-08-05,79.55004622,51.60693914,22.64258633,0.0,16.78013417,1.29006584
2021-08-06,57.1303451,53.40618775,22.40950383,4.167e-05,16.91148167,1.5409162
2021-08-07,107.82859249,57.9772338,22.21443056,5.882e-05,19.46023083,1.32093395
2021-08-08,89.93256545,64.93060411,22.349871,0.00894737,9.34606333,2.07996401
2021-08-09,84.68980835,71.75559936,20.86058656,0.0,9.23230842,1.28459657
2021-08-10,91.64799945,69.25609746,21.48634181,0.05415,11.42238952,1.21804366
2021-08-11,50.59980555,73.2237507,20.88318995,0.003,9.98546375,1.90167288
2021-08-12,100.1786149,74.08526578,20.42433666,0.06275,6.4896875,1.1730406
2021-08-13,92.72778281,73.41747528,20.63766804,0.054,6.13318958,1.63940299
2021-08-14,109.85119926,79.79180556,19.35375,0.18408333,11.16369375,0.90014476
2021-08-15,130.0666692,72.42076389,19.87604167,0.10675,6.8530725,1.28936696
2021-08-16,122.97600481,80.32222222,18.814375,0.09625,9.79691125,0.72245715
2021-08-17,106.95837428,73.83013889,20.58083333,0.07983333,9.18009042,1.82936292
2021-08-18,38.37424538,73.01652778,21.295,0.01554167,7.6447025,1.54872661
2021-08-19,120.55767102,73.98465278,20.42631944,0.05654167,12.52086583,0.74907041
2021-08-20,95.57808455,75.05722222,19.60611111,0.005,10.466665,1.23630039
2021-08-21,55.38268509,69.8118502,21.61546627,0.0,11.51882667,1.85570097
2021-08-22,58.09989853,68.58486478,22.64567248,0.00020833,9.67882182,2.03456204
2021-08-23,158.76612231,73.88055556,21.03673611,0.26029167,7.89625083,0.95706381
2021-08-24,129.38732201,76.13878698,19.93097755,0.03875,12.51291,1.0313895
2021-08-25,94.37267283,79.95625,19.53694444,0.06654167,18.33918958,1.08193679
2021-08-26,72.3607815,76.83902778,20.43208333,0.00245833,17.79112174,1.17801139
2021-08-27,35.94509376,70.49930556,21.466875,0.006875,7.49767875,1.70329355
2021-08-28,71.95560583,72.14576389,21.40159722,0.01804167,8.32520583,1.4879382
2021-08-29,66.38146765,65.91354167,21.85875,0.013375,8.55851833,1.7320129
2021-08-30,146.80799809,73.24826389,20.22083333,0.066125,10.3008365,1.55897913
2021-08-31,102.11029435,78.52550725,19.25072464,0.03295652,11.6586287,1.09636138
2021-09-01,78.92380834,75.38986111,20.13965278,0.03945833,9.0375,1.07698934
2021-09-02,40.69806299,66.5112653,22.26239642,0.00170833,9.79004087,1.95457486
2021-09-03,51.18662618,66.99145833,22.14048611,0.00216667,9.0774025,1.98156529
2021-09-04,60.10220355,69.76291667,21.20118056,0.02745833,12.57736826,1.34709019
2021-09-05,110.0876066,74.01826389,19.70819444,0.20620833,9.22763875,1.0864189
2021-09-06,134.99383029,79.20006945,19.26395833,0.018875,15.08673,0.95909121
2021-09-07,104.85351245,78.42118056,19.06,0.15970833,14.22954292,0.94841057
2021-09-08,140.00385007,81.70361489,18.5670237,0.08495833,16.20380083,0.64822366
2021-09-09,100.22525651,70.51083333,21.554375,0.01583333,17.789695,1.55305069
2021-09-10,49.32210418,68.30152778,22.13298611,0.014125,9.90339917,1.73365091
2021-09-11,85.26245319,72.94083333,20.97888889,0.01504167,13.378485,1.59638498
2021-09-12,45.90724824,76.065481,20.35816739,0.01233333,7.8925975,1.15794104
2021-09-13,57.62923482,63.72770833,21.82638889,0.00241667,8.83540792,1.79413023
2021-09-14,69.28878087,68.55041667,21.25875,0.00454167,10.3682175,1.97117302
2021-09-15,62.68358306,68.93263889,21.37743056,0.07,10.8121675,1.83704171
2021-09-16,62.80658071,62.05270833,22.36458333,4.167e-05,11.65827208,1.61545553
2021-09-17,87.16634642,52.92333333,22.69715278,0.0,11.66703208,1.08772624
2021-09-18,54.23425222,60.65226418,22.80358373,0.00058333,16.32219792,1.8890536
2021-09-19,75.27239919,65.57138889,21.34020833,0.06920833,7.91918083,1.7329238
2021-09-20,47.56632783,70.30430556,21.64236111,0.00083333,11.48839083,1.82004219
2021-09-21,81.75149998,73.71236111,20.43923611,0.04091667,8.816885,1.32716753
2021-09-22,76.46578001,74.14222222,20.48930556,0.1205,12.80757583,1.24046281
2021-09-23,169.6569073,76.77127924,19.40150585,0.101625,15.57340696,1.29602832
2021-09-24,53.45652645,73.84819445,21.05423611,0.03266667,10.88007417,2.03642888
2021-09-25,56.34317743,61.41722222,22.45763889,0.00025,12.55992125,1.82764867
2021-09-26,71.34850109,56.17243056,22.55548611,0.00020833,9.25827625,1.50895182
2021-09-27,67.17113905,63.66659722,22.35416667,0.0,12.73464792,1.72084535
2021-09-28,121.64970304,77.70881945,19.57145833,0.01008333,20.57358375,1.37612417
2021-09-29,127.85396286,75.11840278,19.52645833,0.00604167,19.08219542,0.9126552
2021-09-30,55.48151599,67.64746377,20.89057971,0.01708696,7.22509696,1.76054999
2021-10-01,117.17534542,72.99694444,20.55548611,0.00104167,17.49166667,1.21109039
2021-10-02,69.24379673,72.27638889,20.79493056,0.0245,11.25563958,1.29097957
2021-10-03,64.25282691,67.25270833,21.96451389,0.00045833,8.92935875,1.606838
2021-10-04,71.36912294,65.06666667,21.90465278,0.0,9.31654708,2.05148285
2021-10-05,94.86363404,75.08826389,21.27486111,0.04145833,12.28074652,1.16075865
2021-10-06,41.53075696,73.83534722,21.57381944,0.06033333,8.44822583,1.88158251
2021-10-07,61.58061103,67.84152778,21.87048611,0.0,9.382355,1.83762707
2021-10-08,46.37184656,71.11166667,21.34125,0.00045833,12.04289125,1.72139948
2021-10-09,67.35788676,73.45819444,20.31125,0.110375,10.23961957,1.56885462
2021-10-10,89.9771087,77.10826389,20.00236111,0.01645833,9.6426275,1.20176615
2021-10-11,53.96708215,75.61847222,20.51958333,0.066375,11.73179542,1.62814576
2021-10-12,51.37248111,70.70979167,21.78763889,0.000375,11.72932875,1.63503909
2021-10-13,105.96693459,76.52333333,20.70833333,0.06208333,15.36623542,0.77748686
2021-10-14,78.36426362,77.36361111,20.46548611,0.02154167,16.07093167,0.98632012
2021-10-15,122.14875985,70.50451389,21.21881944,0.00225,19.88201818,1.07742338
2021-10-16,79.92348269,74.27847222,21.19659722,0.15720833,12.26698292,1.36450132
2021-10-17,152.38096422,75.97298611,20.01055556,0.03520833,11.43511042,1.02979351
2021-10-18,64.58575388,69.95006945,21.39458333,0.000375,7.58310458,1.47064339
2021-10-19,51.95358204,70.055625,21.58680556,0.00833333,7.85417773,1.89429225
2021-10-20,68.02249617,68.57486111,20.63583333,0.000875,8.30351826,1.41936635
2021-10-21,96.93820578,73.08958333,19.62229167,0.01579167,11.74470667,0.8159323
2021-10-22,94.09397488,75.38942609,19.74367577,0.08433333,13.5442275,1.10259711
2021-10-23,102.58186936,69.20263889,20.37715278,4.167e-05,14.90901167,1.34442634
2021-10-24,67.93593155,67.80840278,20.96708333,8.333e-05,12.41439208,1.72518589
2021-10-25,58.37362423,67.09249829,21.58354699,0.0,10.54192667,1.27899449
2021-10-26,96.36985747,74.68811568,20.73525541,0.28233333,12.12061625,1.2044459
2021-10-27,153.88721355,75.83118161,19.0082081,0.03079167,10.49214792,1.09553693
2021-10-28,129.23143287,76.1293065,19.51959567,0.05791667,13.74810333,0.73292402
2021-10-29,127.63573591,79.37953942,19.22604591,0.02925,23.2542375,1.03135163
2021-10-30,74.8517275,78.45256944,19.55673611,0.07120833,15.60038917,1.0846894
2021-10-31,69.34233129,79.4365942,18.96702899,0.12665217,7.33686182,1.06442741
2021-11-01,64.34164919,77.211808,19.58144257,0.0076087,7.725,1.35502045
2021-11-02,66.86746131,77.22956136,19.58000108,0.04081818,9.78046083,1.46264289
2021-11-03,50.79064874,79.07688675,19.87384639,0.01458333,12.01976958,1.26792681
2021-11-04,54.83565802,78.71309994,19.78516133,0.06975,9.39389208,1.49835708
2021-11-05,66.38180292,72.729375,20.99361111,0.0,12.24838875,1.71061804
2021-11-06,86.83885153,69.25534722,21.18194444,0.00120833,8.07671458,1.29839873
2021-11-07,78.63549474,70.14305556,21.2525,0.00341667,8.80348667,1.54815519
2021-11-08,97.96809181,74.56527778,20.57819445,0.033375,11.72323542,1.25093152
2021-11-09,130.59150501,78.46645833,19.79520833,0.08816667,16.36799292,0.84657417
2021-11-10,117.44996669,75.24171334,19.92381124,0.00082609,18.49931167,0.93419192
2021-11-11,65.87835753,69.08298611,21.17715278,0.0,17.32632,1.59042193
2021-11-12,77.08626619,65.80177609,20.79217172,0.00027778,10.69400125,1.33182094
2021-11-13,65.63783934,75.15357759,20.11680556,0.0295,11.7822625,1.72160624
2021-11-14,95.12654991,77.21687677,19.86121162,0.006875,13.33165125,0.83432763
2021-11-15,118.94694024,80.78951389,19.71951389,0.0045,16.66896167,0.84319281
2021-11-16,60.97852851,71.56965278,21.12833333,0.0,13.31816048,1.50262011
2021-11-17,78.02218535,68.95475165,21.43165372,0.0,11.60704652,1.57828504
2021-11-18,56.5310149,57.90666667,22.65175438,5.263e-05,11.35987042,1.74049321
2021-11-19,102.14335981,70.5625,19.93888889,0.18366667,11.1643735,1.40630581
2021-11-20,84.78394917,74.00022868,20.23913022,0.02204545,13.47631905,1.51320215
2021-11-21,92.99930592,78.83763889,19.66868056,0.00083333,11.97319789,0.95395236
2021-11-22,82.24030945,80.82965278,19.08069444,0.03579167,17.20463667,0.89114053
2021-11-23,115.71857046,82.27513889,18.799375,0.055125,18.22363682,0.82255169
2021-11-24,73.54987485,80.89650103,19.18312629,0.09143478,10.64449708,1.00312827
2021-11-25,149.98252542,83.22090278,19.06604167,0.05029167,14.79679056,0.61309773
2021-11-26,122.82500328,83.05034722,18.76388889,0.03108333,17.11607708,1.0644567
2021-11-27,45.60483232,74.50180556,21.05527778,0.03025,10.40141583,1.55807021
2021-11-28,67.80926184,70.33497685,21.35944444,0.00058333,8.95805417,1.5379235
2021-11-29,64.00018147,76.64465278,20.93375,0.00375,12.75104875,1.16394769
2021-11-30,118.38714121,72.65891304,21.05101449,0.00713043,15.47347043,1.02016984
2021-12-01,93.35824983,72.67611111,20.38458333,0.00591667,12.71666667,1.18042626
2021-12-02,69.49699817,68.98520833,21.718125,8.333e-05,10.59641667,1.75227387
2021-12-03,51.36213316,75.54784722,21.13229167,0.01666667,11.15111167,1.31011585
2021-12-04,59.21463251,76.229375,21.16298611,0.02241667,11.77839667,1.5777749
2021-12-05,58.99666137,73.08729167,22.00291667,0.00079167,11.3112775,1.73418394
2021-12-06,38.03940504,72.50548611,22.14277778,0.00245833,12.1334025,1.65744901
2021-12-07,54.19867091,69.89402778,22.29298611,0.00045833,15.60636773,1.91067458
2021-12-08,64.2624405,71.8025,21.49381944,0.000875,14.60513095,1.51147823
2021-12-09,50.04870434,70.87333333,21.61875,0.0,15.65667333,1.88781837
2021-12-10,55.02709153,68.37548611,21.12416667,0.00033333,13.28896792,1.49231484
2021-12-11,81.07415203,71.84694444,21.00729167,4.167e-05,16.240045,1.44735375
2021-12-12,40.81571421,73.00930556,19.85319444,4.167e-05,11.17787708,1.54724313
2021-12-13,61.8204392,62.57173611,20.06604167,0.00016667,9.15251042,1.78102618
2021-12-14,67.85966498,68.09013889,21.21222222,0.00016667,14.5926625,1.50880478
2021-12-15,44.56537476,69.630625,21.51097222,0.00183333,14.8194325,1.69694262
2021-12-16,58.18989052,71.21173611,21.43354167,0.00020833,13.58792208,1.48389047
2021-12-17,105.58438286,81.37277778,19.70645833,0.02920833,16.60857478,0.94154478
2021-12-18,154.23128311,80.98611111,18.93368056,0.005625,35.18644783,0.63118774
2021-12-19,91.22052238,69.48368056,21.51673611,0.00079167,14.67598958,1.45981823
2021-12-20,93.84224025,71.57319444,21.41118056,0.00933333,10.0784,1.43713723
2021-12-21,133.76447175,73.209375,20.91493056,0.00033333,23.36478762,0.73188694
2021-12-22,57.30890912,68.72590278,21.63388889,0.00070833,10.52653333,2.12056467
2021-12-23,53.21654754,68.78069444,21.21930556,0.00070833,9.99003708,1.97965432
2021-12-24,36.49738539,70.31090278,21.70833333,0.00033333,11.72293667,2.12160723
2021-12-25,38.37686649,68.55875,22.11006944,0.00083333,12.46984792,1.82646696
2021-12-26,38.92608796,71.05583333,21.94201389,0.00079167,11.24669875,1.94656982
2021-12-27,104.94210218,76.10534722,20.38555556,0.006875,11.39114917,0.92620038
2021-12-28,77.83056748,71.86895833,20.506875,0.00083333,9.44065167,1.15565908
2021-12-29,107.85453454,77.85736111,20.05041667,0.03091667,17.08315958,0.8379782
2021-12-30,81.04863597,74.15423611,21.01611111,0.00325,13.5999625,1.6049679
2021-12-31,41.68369792,70.09434783,21.59681159,0.00234783,13.57373652,1.79878427
2022-01-01,29.95700353,73.96236111,21.11645833,0.00120833,15.49583333,1.8147396
2022-01-02,114.39250718,78.09451389,20.096875,0.01658333,10.21569458,0.97579077
2022-01-03,82.33002576,68.26777778,21.01868056,0.000875,12.74721292,1.38000593
2022-01-04,69.82983102,63.59388889,20.39520833,0.000125,12.55924292,1.72033711
2022-01-05,55.64557397,63.09270833,20.71618056,0.000375,13.80920458,1.79150772
2022-01-06,48.55700441,79.36576389,18.75194444,0.08579167,17.88320833,1.47990446
2022-01-07,87.36053851,81.73569444,18.77590278,0.008,15.36004083,1.02340469
2022-01-08,69.2165633,73.16055556,20.29895833,0.00104167,16.93499167,1.35912495
2022-01-09,42.66570059,71.41354167,20.77236111,0.00016667,15.00163375,1.89182847
2022-01-10,74.70215173,73.30125,19.78881944,0.01508333,12.79061458,1.41257938
2022-01-11,75.14303387,75.56673611,19.07694444,0.00020833,13.7666675,1.28394662
2022-01-12,31.42249714,69.30479167,20.25944445,0.00029167,12.03655708,1.97456905
2022-01-13,55.83612149,72.16548611,19.9025,0.0215,11.9012819,1.50493806
2022-01-14,63.40817446,74.40333333,19.50527778,0.00633333,8.62096292,2.31430818
2022-01-15,91.10850018,67.978125,20.155,0.00054167,11.74134958,1.29737763
2022-01-16,58.66452011,66.86416667,21.31701389,0.00058333,14.42177125,1.82969099
2022-01-17,28.25703472,70.97361111,20.97638889,4.167e-05,18.61187917,2.00728778
2022-01-18,35.14603705,72.37611111,20.09625,0.00429167,15.88179,1.66900409
2022-01-19,35.96217215,66.55666667,21.98756944,0.00025,16.52868958,2.00131917
2022-01-20,53.06684205,62.26479167,22.51875,0.0,16.32142042,1.86032746
2022-01-21,57.87846545,66.60986111,22.05118056,8.333e-05,19.11782083,1.94097838
2022-01-22,58.58579593,68.27180556,21.56659722,8.333e-05,15.59552167,1.46542386
2022-01-23,59.88973604,66.06833333,21.72194444,0.00033333,13.26471917,1.8722506
2022-01-24,38.26836332,69.72638889,21.54354167,0.0,16.67377833,1.92086548
2022-01-25,41.92551026,71.20631944,21.17402778,0.00045833,16.42465409,1.49009476
2022-01-26,35.49660682,68.81506944,20.85097222,0.00016667,15.85518417,1.88824005
2022-01-27,45.81452396,68.36847222,20.41597222,8.333e-05,16.7729175,1.77195593
2022-01-28,62.84710681,61.89229167,21.19263889,0.000625,14.98016583,1.86877557
2022-01-29,59.80872568,61.68333333,20.320625,0.00041667,14.7487125,1.7427467
2022-01-30,67.41950871,60.80138889,20.10583333,0.0005,13.35465333,1.91810509
2022-01-31,74.59040102,59.00094203,20.21217391,0.0,12.07490739,2.00368322
2022-02-01,53.36579867,61.64534722,20.36875,0.0,16.04166667,2.00508711
2022-02-02,52.25413183,63.33027778,20.92666667,0.0,18.28730417,2.06577158
2022-02-03,47.51729639,63.91923611,21.72402778,0.0,23.7070875,1.95413829
2022-02-04,84.61028012,74.11166667,20.46270833,0.06808333,24.617625,1.67290904
2022-02-05,112.67782752,70.71930556,20.01131944,0.00575,20.45234625,1.51286072
2022-02-06,97.35248303,73.72923611,19.14805556,0.07854167,12.11675458,1.05537797
2022-02-07,40.92222729,77.970625,19.23041667,0.02145833,13.29180583,1.55200967
2022-02-08,65.69615624,83.69430556,18.65465278,0.03979167,16.9585825,0.8375363
2022-02-09,97.0034517,78.35368056,18.76965278,4.167e-05,16.22205917,1.11128128
2022-02-10,55.8781524,69.39368055,20.91270833,0.0,15.66785417,1.69961835
2022-02-11,63.87693443,64.07361111,21.14881944,4.167e-05,11.3761925,1.74966407
2022-02-12,88.78923765,63.545625,21.73847222,0.00041667,14.15645583,1.5516152
2022-02-13,79.67050323,70.71930556,21.01277778,0.006625,16.15098292,1.7899725
2022-02-14,50.27250036,74.56861111,20.31625,0.00133333,16.53073429,1.46869522
2022-02-15,44.0059874,70.135625,20.884375,0.0,18.57459542,1.80556508
2022-02-16,56.1082066,66.54680556,21.23319444,0.0,18.50492667,2.00301463
2022-02-17,27.32360391,67.15388889,22.08576389,0.0,25.41503333,2.53243804
2022-02-18,60.68574627,82.26236111,18.71652778,0.01379167,22.35906818,1.37178288
2022-02-19,89.19392879,73.925,19.42972222,0.12783333,17.37068208,1.38173798
2022-02-20,59.10544927,75.51979167,19.27326389,0.01283333,16.42212792,1.58933604
2022-02-21,87.31855419,71.59555556,19.67041667,0.010375,14.94188375,1.67563414
2022-02-22,55.21358669,67.95861111,20.83354167,0.006125,25.59657583,1.75767713
2022-02-23,59.69957117,67.12194444,21.278125,4.167e-05,33.49594167,1.81114048
2022-02-24,46.97995643,66.43583704,21.06697342,0.0,36.27026667,1.74241533
2022-02-25,33.10610438,66.17162001,21.66120886,0.0,41.41587917,2.29479399
2022-02-26,51.22705128,69.32826389,20.22277778,0.001,31.16094583,1.61922837
2022-02-27,99.66199239,75.92291667,19.88395833,0.14475,22.22469083,1.26576433
2022-02-28,59.62264324,80.04144928,19.46565217,0.11365217,16.41497348,1.15909053
2022-03-01,52.96172029,77.78520833,20.19819445,0.04220833,11.79166667,1.5534203
2022-03-02,135.55975447,78.45597222,19.64902778,0.044125,21.30573909,0.95445331
2022-03-03,90.27561498,69.073125,21.21479167,0.000125,9.8217825,1.74294147
2022-03-04,68.08651312,73.20006945,20.31826389,0.00045833,15.23008292,1.30951411
2022-03-05,133.55230066,82.33243055,18.980625,0.04366667,17.51235833,1.07667803
2022-03-06,134.1802833,85.10798611,18.29805556,0.05258333,15.36259625,0.77694163
2022-03-07,51.83020597,71.36347222,20.01118056,0.0,15.31909792,1.51349684
2022-03-08,129.55086738,68.57881944,20.36458333,0.0,12.99097667,1.08257503
2022-03-09,74.72031129,69.37645833,20.15166667,0.00020833,16.82863636,1.15784529
2022-03-10,40.30258447,67.20291667,20.80423611,0.0,12.42573208,2.02170504
2022-03-11,54.27892597,65.016875,21.13284722,0.03429167,14.02244,1.89402175
2022-03-12,123.7107019,66.80430556,20.24604167,0.02441667,13.18246391,1.2853562
2022-03-13,39.78862045,66.21180556,21.260625,0.0,13.2704475,2.57993093
2022-03-14,118.45150509,67.83659722,20.56895833,0.13508333,13.98780238,1.20757928
2022-03-15,62.67227081,71.24111111,20.90368056,0.00116667,18.21955875,1.51675075
2022-03-16,99.29906225,71.91243056,20.78479167,0.165125,20.17862417,1.24672114
2022-03-17,81.35070231,72.73111111,20.90895833,0.015125,20.90300417,1.3051751
2022-03-18,53.92591644,70.808125,21.54986111,0.00208333,27.87255417,1.69648932
2022-03-19,45.30398984,69.55229167,21.88875,0.0,29.7086875,1.7966988
2022-03-20,65.15300572,73.33270833,21.24277778,0.04470833,24.6593725,1.46971076
2022-03-21,42.07926813,71.94034722,21.57930556,0.00095833,23.1725125,1.59831934
2022-03-22,97.37243342,73.90748876,21.38662919,0.01252174,26.1575875,0.88041067
2022-03-23,57.99364831,78.115,20.54861111,0.00766667,27.30069583,1.36203294
2022-03-24,64.70259789,67.66277778,21.93326389,0.00195833,26.82207917,1.69195743
2022-03-25,112.00024401,76.91763889,20.17048611,0.12620833,27.66703708,0.86533123
2022-03-26,76.1452797,74.51304348,21.0307971,0.01713043,22.49583333,1.23348635
2022-03-27,112.26828245,82.46784722,19.65104167,0.015,21.54008333,0.90564645
2022-03-28,40.82540568,73.34805556,21.25319444,0.004,16.880425,1.5141986
2022-03-29,136.12294385,77.041875,19.96597222,0.07354167,14.81800417,0.80483745
2022-03-30,128.2553082,77.22652778,19.47576389,0.064875,15.26250042,0.95580704
2022-03-31,104.41087978,79.1692029,19.47463768,0.10456522,13.52794348,0.93929646
2022-04-01,140.75648459,79.39972222,18.91847222,0.12179167,10.08333333,1.20246151
2022-04-02,54.83911677,70.930625,21.91784722,0.00158333,11.88956708,2.06485699
2022-04-03,113.78088669,72.46611111,21.02986111,0.00920833,14.25308,1.179501
2022-04-04,120.0645004,73.34652778,20.52152778,0.01158333,10.30930042,0.92077525
2022-04-05,94.20171604,71.02305556,21.27652778,0.02383333,10.16715261,1.4701536
2022-04-06,101.08010146,68.45145833,22.065,0.111625,10.65953208,1.26714818
2022-04-07,108.10824267,77.95055556,19.78104167,0.101875,9.82685167,1.11247737
2022-04-08,38.39893707,80.78861111,19.85277778,0.0195,10.38022818,1.58797567
2022-04-09,38.42204506,75.029375,21.36659722,0.008625,10.84669958,2.0006796
2022-04-10,55.8713673,74.76173611,21.18951389,0.00020833,11.61673125,1.4554373
2022-04-11,45.78139136,69.76375,22.34069444,0.0,13.88941409,2.16247314
2022-04-12,39.03026207,69.22736111,22.48131944,0.00745833,11.50395958,2.2661779
2022-04-13,66.30419288,66.14833333,22.37520833,0.00033333,17.69294417,1.81997827
2022-04-14,62.05288155,68.59826389,22.38131944,0.00016667,16.71216958,1.42185178
2022-04-15,46.52247996,68.05881944,22.70618056,0.000125,15.98875348,1.64812896
2022-04-16,120.7429,72.49166667,21.30798611,0.00025,14.98033292,1.09794713
2022-04-17,91.58593139,71.53951389,20.96493056,0.00566667,10.83975217,1.12162746
2022-04-18,78.12254691,78.07423611,19.61944444,0.016375,18.49994957,1.1305555
2022-04-19,171.32195582,75.224375,19.29340278,0.03141667,10.13761792,1.49990945
2022-04-20,96.94364769,74.02972222,19.80229167,0.01520833,11.01001083,1.33947354
2022-04-21,42.75847925,75.59722222,19.66833333,0.06275,5.56597542,1.75241743
2022-04-22,115.19321163,72.62444444,19.82958333,0.03033333,6.80325833,1.5273935
2022-04-23,58.00311737,71.02833333,20.76486111,0.01379167,7.45366875,1.81289489
2022-04-24,66.5676258,71.83993056,20.32506944,0.00020833,6.47492417,1.30092529
2022-04-25,84.99893867,75.30618056,19.43756945,0.002,10.78239417,1.0942969
2022-04-26,107.86588898,75.52653335,19.36694444,0.16825,13.46979273,0.95575779
2022-04-27,100.1850674,77.23645833,20.11041667,0.14483333,12.69126458,0.87341373
2022-04-28,158.91358864,73.84027778,20.47340278,0.03370833,11.46044625,1.22753774
2022-04-29,52.91609349,68.26854167,22.03993056,0.01658333,7.02134,1.40940106
2022-04-30,139.61832368,65.39855072,22.51681159,0.0,13.35057348,0.96123927
2022-05-01,69.40010118,59.75305556,23.35277778,0.0,7.43478261,1.57072477
2022-05-02,40.71757067,67.98965278,22.34375,0.0,8.27552591,1.91732989
2022-05-03,48.68653279,62.11840278,23.39486111,0.0,9.73278125,1.87845124
2022-05-04,48.07809193,65.44868055,23.34652778,0.00816667,15.66264292,1.77663505
2022-05-05,43.32386064,73.95194444,20.59270833,0.03025,12.66911292,1.62090038
2022-05-06,91.41700219,82.59958333,19.294375,0.11416667,13.78739375,0.97450655
2022-05-07,159.17682045,79.66722222,19.29347222,0.03916667,12.50378913,0.97170187
2022-05-08,157.03960092,72.85798611,20.335,0.03954167,12.02984625,1.0488657
2022-05-09,113.76593903,76.03597222,20.43569444,0.0695,10.15034542,1.28931527
2022-05-10,146.12094203,76.27279088,20.2092238,0.00447826,22.11971176,1.06201589
2022-05-11,71.2571263,80.088125,19.99840278,0.0915,16.37618167,0.85119925
2022-05-12,66.64494412,72.61118056,21.90020833,0.01516667,11.52034958,1.22110883
2022-05-13,42.44254836,75.08541667,21.72513889,0.00466667,8.51057292,1.57709666
2022-05-14,72.81133711,72.57465278,21.53986111,0.05079167,6.8856925,1.4957386
2022-05-15,42.39691064,71.33493056,22.53597222,0.05054167,7.96808958,1.84574987
2022-05-16,97.80033206,72.03506945,22.10673611,0.04758333,9.73019542,1.28465951
2022-05-17,115.20193049,75.71847222,21.19243056,0.018,12.09553227,1.19840798
2022-05-18,68.35090955,77.41166667,20.51930556,0.03545833,8.000465,1.23014413
2022-05-19,68.90827389,77.65194445,20.19125,0.01195833,14.02722833,1.07335953
2022-05-20,98.79992095,76.70659722,20.201875,0.12554167,12.60904333,1.15665294
2022-05-21,92.07649164,76.885,19.94625,0.01733333,10.50883095,1.33240211
2022-05-22,121.27282713,70.40819444,20.82659722,0.072625,14.15164708,1.05392232
2022-05-23,125.04380157,66.84229167,21.23006944,0.000375,11.0739025,1.38284806
2022-05-24,58.17269594,69.36145833,21.27326389,0.0,11.57966667,1.75360277
2022-05-25,55.0620344,69.05423611,21.83791667,0.000125,12.07107875,1.57217029
2022-05-26,41.46540023,74.14909722,21.21236111,0.00108333,11.19427708,1.86635653
2022-05-27,39.45659109,67.96840278,22.03159722,0.00058333,8.42477917,1.73156365
2022-05-28,45.20264199,70.6275,21.68819445,0.00504167,12.45767833,1.85901926
2022-05-29,50.44223869,77.07625,20.32090278,0.03433333,10.38138783,1.43307257
2022-05-30,66.88089078,74.801875,20.8075,0.05866667,7.13311391,1.28960651
2022-05-31,130.32418064,77.41775362,19.77913043,0.02621739,12.81122913,0.92264659
2022-06-01,133.8386655,71.34729167,20.25347222,0.04475,11.03333333,0.85412121
2022-06-02,161.57263567,75.21416667,19.62555556,0.07708333,12.98185833,1.06241395
2022-06-03,82.3384035,80.05090278,18.79791667,0.01079167,8.504425,1.27771124
2022-06-04,77.08528415,77.22833333,18.97736111,0.01104167,15.51722043,1.14726776
2022-06-05,125.14273304,77.98909722,19.16618056,0.03116667,17.40082792,0.94762307
2022-06-06,107.01174471,74.53902778,19.08486111,0.11429167,8.44679583,0.98200106
2022-06-07,151.9724816,79.36,17.90888889,0.01341667,15.18731792,0.96199675
2022-06-08,138.39471349,70.28215278,19.76375,0.03720833,14.61302417,1.18315143
2022-06-09,81.339403,76.90625,19.70631944,0.01341667,11.7780275,0.893979
2022-06-10,93.65497551,70.42166667,21.20006944,0.00041667,11.03314833,1.21605008
2022-06-11,171.50156083,73.69444445,20.10479167,0.18883333,9.05524333,1.11007412
2022-06-12,59.6618857,75.12673611,20.06319444,0.0645,6.56621083,1.89946063
2022-06-13,26.34349624,71.42361111,21.16770833,0.00216667,7.142802,1.99218749
2022-06-14,143.29420382,78.56583333,19.37694444,0.057625,14.53715333,1.16167307
2022-06-15,131.95300612,76.03609463,19.94482462,0.11116667,11.19696583,1.01641664
2022-06-16,82.94395633,72.52645833,20.32458333,0.037125,7.5401281,1.47034254
2022-06-17,136.42480022,82.486875,18.90520833,0.03720833,16.7905625,0.92561099
2022-06-18,148.8192974,76.80180556,19.63805556,0.06058333,16.91904333,0.7504776
2022-06-19,67.9630958,74.37826389,20.14423611,0.00570833,11.99679,1.27927482
2022-06-20,76.61960874,78.36548611,19.68625,0.041375,9.2910325,1.27409218
2022-06-21,66.66977405,74.46,20.20152778,0.00429167,8.24302545,1.25098712
2022-06-22,51.56523519,68.691875,21.92611111,0.02316667,8.02610958,1.63980535
2022-06-23,69.3748653,69.25097222,21.43284722,0.00575,11.00865292,1.61451809
2022-06-24,39.71744733,70.314375,21.21201389,0.003125,10.0966025,1.88412034
2022-06-25,45.15399608,75.63965278,20.23076389,0.11816667,9.84274417,1.62273457
2022-06-26,101.00727779,81.74256944,18.36701389,0.02358333,9.00492652,0.88588032
2022-06-27,125.98229437,76.63416667,19.33506945,0.00345833,12.33338333,1.04638627
2022-06-28,121.51993049,74.58180556,19.97833333,0.12895833,9.74988542,1.18009801
2022-06-29,73.1890286,75.95284722,20.02222222,0.11,7.50245261,1.33668057
2022-06-30,94.34060692,74.88804348,20.06195652,0.00891304,12.86146783,1.2423867
2022-07-01,131.89495015,72.61944444,20.82645833,0.03533333,16.16666667,0.89455434
2022-07-02,42.51631953,75.404375,20.75527778,0.013,9.30298125,1.46701637
2022-07-03,51.17397762,68.55902778,22.58902778,0.00041667,7.88052042,1.54165039
2022-07-04,59.88469915,69.27034722,21.97395833,0.00591667,6.79233174,1.26277665
2022-07-05,50.05068312,67.88993056,22.08555556,0.000625,8.05176,2.17400927
2022-07-06,52.80486833,70.11138889,21.62875,0.00216667,9.90677714,1.79650478
2022-07-07,64.03786246,68.39145833,22.11333333,0.00020833,13.12308417,1.72259909
2022-07-08,84.44741199,60.74479167,22.31909722,0.013125,9.61103348,1.11771726
2022-07-09,73.82911989,58.81847222,22.88625,8.333e-05,8.09453875,1.35753864
2022-07-10,49.93958585,67.06006944,22.44965278,0.02625,5.42483875,1.6101047
2022-07-11,75.64931331,76.21854167,19.92354167,0.045,8.45917833,1.29580255
2022-07-12,58.8461174,71.92125,21.04083333,0.00216667,9.5664275,1.7332929
2022-07-13,42.19783262,68.12465278,21.60569444,0.023125,6.49498375,1.7624822
2022-07-14,32.14435775,72.60659722,21.41520833,0.00991667,9.45790208,1.92217831
2022-07-15,77.28108682,67.37111111,22.08430556,8.333e-05,12.390075,1.74890364
2022-07-16,33.53777575,69.20131944,21.97333333,0.0,13.90798167,2.21538413
2022-07-17,41.59267715,67.06763889,22.05333333,0.012125,8.272185,2.02453047
2022-07-18,40.1492705,63.42486111,22.56277778,0.003875,9.3318625,1.78986048
2022-07-19,46.73197132,60.26205426,23.25944444,4.167e-05,13.997826,1.72046538
2022-07-20,64.5694157,59.63895833,23.17805556,0.00116667,,1.62402323
2022-07-21,36.7241364,69.080625,21.77256944,0.00145833,,2.34842683
2022-07-22,44.76150008,75.99819445,20.14493056,0.01975,6.694473,1.67481006
2022-07-23,66.65116227,76.89243056,19.31590278,0.03641667,10.37101875,1.074158
2022-07-24,87.8744674,72.2125,20.75243055,0.00095833,9.21608833,1.32197646
2022-07-25,144.35136419,74.05868055,19.68576389,0.08775,13.62148667,1.06334815
2022-07-26,60.1725544,76.69472222,19.44111111,0.00870833,9.6779875,1.72881704
2022-07-27,87.25085814,75.64354167,19.54819445,0.17525,9.09390348,0.98933585
2022-07-28,119.15206054,75.02805556,19.25472222,0.11741667,12.78341375,1.34959672
2022-07-29,40.99808106,68.06791667,21.54444445,0.00041667,7.40765292,2.12935013
2022-07-30,45.07791497,64.22340278,22.62013889,0.000375,10.143185,1.96885998
2022-07-31,74.5863938,69.80557971,21.59862319,0.00165217,9.44017696,1.35343382
2022-08-01,159.70475776,73.84305556,20.08159722,0.11083333,7.24166667,1.11257274
2022-08-02,123.97441654,76.24868056,19.79166667,0.10566667,13.43681476,0.95181132
2022-08-03,50.2663013,69.95159722,21.51013889,0.000375,13.41708958,1.9827164
2022-08-04,32.28353114,69.64819445,22.04694445,0.001375,10.0886825,1.80765659
2022-08-05,122.04275078,73.17395833,20.58868056,0.07833333,11.41667792,1.35176397
2022-08-06,150.07123697,75.18111111,20.25388889,0.111,10.575635,0.93088235
2022-08-07,41.00697989,67.67583333,22.38118056,0.00091667,6.95078,2.23558492
2022-08-08,67.60898818,62.00222222,23.096875,0.026125,8.36038917,1.33547163
2022-08-09,72.55544903,65.109375,22.10493056,0.00454167,10.88203591,1.26329169
2022-08-10,84.98686707,58.50763889,22.80840278,0.00025,12.04628043,1.36898294
2022-08-11,44.72048764,58.583125,22.65201389,0.00041667,10.77725292,1.51550672
2022-08-12,52.85285576,67.27506944,21.27673611,0.00408333,15.13131375,2.07250924
2022-08-13,78.01365703,73.38145833,20.345625,0.01829167,10.06726125,1.54670633
2022-08-14,74.86208176,70.74770833,20.90201389,0.01970833,7.09469542,1.73180527
2022-08-15,171.78972286,71.69784722,20.69145833,0.06154167,9.99805792,1.41620719
2022-08-16,34.37528715,73.60166667,20.30506944,0.03916667,7.13126125,2.07404763
2022-08-17,81.42150831,64.24097222,22.13784722,0.0,6.50936083,1.61987035
2022-08-18,36.62163873,67.45319444,22.57923611,4.167e-05,10.80808542,2.164331
2022-08-19,38.87871236,63.52243056,23.071875,0.00383333,14.22969042,1.77066389
2022-08-20,73.40044188,66.44104167,21.43201389,0.01458333,13.74827958,1.74367037
2022-08-21,163.52999303,73.75479167,19.98111111,0.09170833,12.55689792,1.05085798
2022-08-22,154.06586031,79.23090278,18.94479167,0.238125,11.93884083,0.8433042
2022-08-23,53.264034,69.63909722,20.98763889,0.0185,16.60909208,1.53071576
2022-08-24,43.82953035,60.52611111,22.21965278,0.0,17.40978208,2.22094793
2022-08-25,42.95029316,65.19569444,21.53152778,0.00083333,21.0283275,2.35312167
2022-08-26,43.65738316,70.80069444,21.43006944,0.00366667,17.922675,2.03473467
2022-08-27,112.50324818,74.81458333,19.9625,0.00741667,21.6943,0.86494678
2022-08-28,93.21235151,73.92715278,20.20034722,0.052625,11.42812458,0.96969406
2022-08-29,33.37584718,73.03159722,20.35965278,0.094875,9.21230958,1.8289276
2022-08-30,83.53299594,63.23409722,22.31055556,0.00033333,10.75332875,1.42743342
2022-08-31,40.41281149,73.81949275,20.69565217,0.04347826,10.85384333,1.50099112
2022-09-01,44.98135345,75.18256944,19.596875,0.00154167,11.85,1.17817624
2022-09-02,53.5143862,73.87138889,21.1736208,0.00433333,11.12505833,1.24737164
2022-09-03,75.38533017,67.95986111,22.5170222,0.024125,10.79106792,1.45330774
2022-09-04,178.84130896,73.679375,20.54868056,0.02020833,15.16539333,1.18793848
2022-09-05,60.96159129,64.58708333,21.67361111,0.0,22.76157917,2.04204906
2022-09-06,41.38481019,66.69131944,22.10215278,0.0505,21.67173167,1.72505669
2022-09-07,32.81756122,67.86555556,22.499375,0.0085,18.61675417,2.20511806
2022-09-08,61.74701308,69.48486111,21.38409722,0.02016667,12.3713881,1.05408215
2022-09-09,96.11066703,72.67173611,20.24041667,0.04629167,10.80938,1.41764304
2022-09-10,60.32822055,64.03631944,22.07618056,0.00604167,13.40204208,1.96982718
2022-09-11,73.97119026,60.99395833,22.16465278,0.00441667,10.74310708,1.27552186
2022-09-12,82.58188606,71.42076389,20.44555556,0.01104167,9.254095,1.40397369
2022-09-13,115.73896557,72.131875,20.4415052,0.01670833,11.78769417,1.22968352
2022-09-14,153.59575192,73.15256945,19.47201389,0.0125,15.12683375,1.06563221
2022-09-15,64.29544365,69.49041667,21.73923611,0.11016667,13.39359708,1.58613711
2022-09-16,135.57699189,69.62159722,20.62298611,0.21058333,11.49759958,1.36910153
2022-09-17,73.72583525,71.22597222,21.02659722,0.00054167,18.69830125,1.43171598
2022-09-18,99.21531547,73.87201389,20.43080095,0.08608333,8.21989917,1.24793972
2022-09-19,69.70051755,75.93361111,19.66555555,0.01516667,9.97186708,1.30649872
2022-09-20,143.95500454,76.91246027,19.34991019,0.08233333,16.39178125,0.99444765
2022-09-21,80.46334623,74.01822571,19.50731215,0.05758333,10.49965167,1.08405208
2022-09-22,127.65728003,78.12075269,18.6355388,0.04970833,14.31215958,1.07147924
2022-09-23,135.32583229,75.87381944,19.30423611,0.03941667,16.66351375,1.25728505
2022-09-24,150.9599926,77.75347222,18.92076389,0.05695833,20.1297075,1.06408405
2022-09-25,163.1728123,73.41840278,20.39763889,0.04170833,15.67025625,0.81673161
2022-09-26,49.32890023,67.09805556,21.94104167,0.00070833,9.36003833,1.77677412
2022-09-27,36.82153763,69.89131944,21.32694445,0.00508333,12.73995875,1.52214959
2022-09-28,97.92625899,77.91625,19.91138889,0.213,13.3635405,1.06257881
2022-09-29,140.21390545,75.18125,19.705,0.00675,14.47728583,0.79989416
2022-09-30,65.62766022,79.95875,19.11206818,0.02225,20.27876143,1.21131302
2022-10-01,93.38420049,77.00215278,19.20486111,0.00233333,13.68902583,0.93320486
2022-10-02,66.50042733,63.56451389,22.19027778,0.000125,8.65225083,1.37846841
2022-10-03,44.4249015,60.91590278,22.79166667,0.000125,9.61313375,1.86975741
2022-10-04,78.26531229,71.50159722,21.05194444,0.0945,12.74678667,1.67117086
2022-10-05,106.22951277,72.68986111,19.90173611,0.00029167,11.87174208,0.98469854
2022-10-06,91.33275991,72.71743056,20.025,0.07420833,10.10953958,1.23039529
2022-10-07,85.25020522,78.34048611,19.61215278,0.07195833,13.41745273,1.36959336
2022-10-08,156.64586501,72.07375,20.34368056,0.01608333,12.02378042,1.49312083
2022-10-09,70.16648237,79.57284722,19.36152966,0.0015,15.56036833,1.4200102
2022-10-10,81.98844582,68.52784722,22.22068311,0.00029167,11.44036042,1.71516526
2022-10-11,66.75953219,68.88298611,21.43576389,0.00025,12.80579208,1.61624657
2022-10-12,136.60398355,66.56131945,20.828125,0.000125,18.3382625,1.28896873
2022-10-13,141.6192841,73.10465278,19.79395833,0.06791667,22.431275,1.03231047
2022-10-14,70.72942201,74.01979167,20.15611111,0.00158333,18.15462042,1.39640749
2022-10-15,78.16255629,73.18527778,20.63194444,0.02516667,15.30620609,1.29309833
2022-10-16,67.43189109,70.89375,21.38430556,0.00858333,11.00876417,1.62176715
2022-10-17,124.98425934,74.52715278,20.43805555,0.007375,12.93580708,1.04269568
2022-10-18,44.74535685,73.69986111,20.36993056,0.00820833,9.731835,1.54561877
2022-10-19,121.86261135,78.025625,20.47602339,0.01775,10.99365875,0.86830687
2022-10-20,176.67995565,78.92569445,19.06729167,0.07195833,14.86307958,1.06456016
2022-10-21,76.33063953,75.33729167,19.83319444,0.00329167,17.90475542,1.210828
2022-10-22,84.83985708,72.72590278,20.77333333,0.04116667,12.1183575,1.0634544
2022-10-23,91.3104806,75.70013889,19.90465278,0.06304167,8.53888333,1.16158532
2022-10-24,144.05021506,79.60659722,19.38902778,0.12391667,14.68426,0.77751567
2022-10-25,120.65416333,72.39986111,21.40243698,0.0,20.82503792,1.27359939
2022-10-26,60.30727652,77.76680556,21.08391077,0.038875,12.22860625,1.1941305
2022-10-27,72.71721707,78.50270833,20.64738401,0.05275,10.81963875,1.46043614
2022-10-28,112.22440076,81.85131944,19.77809274,0.04870833,10.14753458,1.27799812
2022-10-29,75.86872331,72.38333333,20.36069444,0.00083333,8.30599667,1.54870329
2022-10-30,76.78985649,70.72291667,20.87200275,0.00045833,9.23390625,1.34024969
2022-10-31,53.37150219,68.56611111,21.17,0.0,9.53534583,1.86337005
2022-11-01,62.55054028,67.37583333,21.31368056,0.0,14.19037524,1.80483775
2022-11-02,57.70792528,70.74375,21.51284722,0.01408333,18.16351958,1.74630193
2022-11-03,122.81332356,76.03569444,19.97152778,0.01616667,16.75913167,0.89948623
2022-11-04,124.72549339,77.11625,19.65840278,0.00204167,15.69041,1.01849022
2022-11-05,104.01992661,74.74291667,19.95569444,0.03641667,13.37084583,0.93300915
2022-11-06,124.81721029,75.70645833,19.85104167,0.00333333,10.73725083,1.21101298
2022-11-07,92.25829914,75.07125,20.0325,0.00495833,10.39948,1.2907924
2022-11-08,107.85553371,73.931875,20.11270833,0.04829167,10.18909875,1.224523
2022-11-09,92.18149273,70.80659722,19.93069444,0.020625,9.85373292,1.19339211
2022-11-10,108.27133659,74.65791667,19.58458333,0.04395833,10.47645083,1.20454534
2022-11-11,66.56552741,74.98784722,19.69673611,0.000625,11.47854292,1.40021397
2022-11-12,123.30181055,73.22756944,19.88944445,0.041,10.63468,0.96905314
2022-11-13,127.16143594,71.54319445,20.17673611,0.009125,9.65067167,1.69862937
2022-11-14,83.53158924,76.63083334,20.13111111,0.01029167,7.81471783,0.97253265
2022-11-15,49.72104028,74.546875,20.98006944,0.00091667,10.6882481,1.47960511
2022-11-16,65.53376812,69.23604167,21.60770833,0.00058333,12.13866917,1.2484188
2022-11-17,98.21320455,71.33541667,21.11798611,0.039625,11.22774458,0.71713013
2022-11-18,92.89348113,82.28340278,18.91722222,0.066125,11.43575042,1.18068542
2022-11-19,107.23176444,75.59645833,20.62479167,0.001875,12.84176292,1.17882238
2022-11-20,97.37203941,77.70902778,20.23236111,0.01216667,13.4490825,1.20285398
2022-11-21,108.28415445,74.32729167,20.33479167,0.06958333,13.94182,1.55064915
2022-11-22,132.18116863,72.015625,20.52083333,0.102,9.6800375,1.15096376
2022-11-23,80.99579318,75.83555556,19.66534722,0.20695833,9.33254542,1.23558678
2022-11-24,111.60476278,73.20458333,19.49152778,0.04258333,8.66092857,1.01024134
2022-11-25,51.85451262,71.40083333,20.82270833,0.0005,12.32511917,1.4859755
2022-11-26,77.43526369,78.78923611,19.38569444,4.167e-05,13.86082708,1.23139388
2022-11-27,107.06709645,72.15951389,19.85034722,0.15754167,12.37800667,1.3829197
2022-11-28,151.57603586,79.96326389,18.66805556,0.00570833,17.70487042,1.04185263
2022-11-29,125.27522709,76.55194444,19.37152778,0.028875,19.4979175,0.77560394
2022-11-30,102.87418975,74.32615942,19.84181159,0.03865217,14.45223174,1.51993816
2022-12-01,61.75673017,66.97979167,20.43944444,0.0,8.57083333,1.81593278
2022-12-02,54.04298483,66.474375,20.105,0.00083333,11.88683333,1.89758862
2022-12-03,72.10031645,64.02604167,19.74458333,0.00066667,9.80503667,1.52694961
2022-12-04,99.31580897,72.73673611,18.99180556,0.00029167,15.21622458,0.95747495
2022-12-05,70.24339063,71.13097222,18.82840278,0.00029167,8.9392775,1.54624224
2022-12-06,47.20612836,71.93354167,19.78909722,0.00020833,13.059325,2.0343108
2022-12-07,49.95220404,68.54166667,19.84673611,0.00025,11.63858,1.77057024
2022-12-08,45.71952594,67.90895833,19.76125,0.00083333,11.22359476,1.59654041
2022-12-09,34.53274106,72.55618056,20.10979167,8.333e-05,13.76650917,1.69595277
2022-12-10,37.60339949,74.49444445,19.92340278,0.00191667,16.47616125,1.81153095
2022-12-11,39.73604745,72.23409722,20.85472222,0.000625,15.89268792,2.02381155
2022-12-12,61.96270226,75.67666667,20.12548611,0.02445833,14.82647292,1.09543512
2022-12-13,87.99668117,72.09368056,20.42708333,0.00475,10.60493833,1.10182298
2022-12-14,44.62600151,72.37951389,21.01388889,0.00554167,12.99106875,1.70193661
2022-12-15,69.63969583,66.70395833,21.35784722,0.00020833,12.79792375,1.72858454
2022-12-16,53.45039256,68.96159722,21.51590278,0.00075,14.97508333,1.79581699
2022-12-17,124.99355213,69.205625,20.57013889,0.00158333,15.84011476,0.93751461
2022-12-18,82.97669156,71.38465278,20.48548611,0.00179167,16.23087958,1.27801378
2022-12-19,57.41460525,67.22243056,20.71458333,0.0,13.75807542,1.70222155
2022-12-20,47.95531075,66.06611111,21.706875,0.000125,16.45648708,1.86365471
2022-12-21,57.95630786,69.59590278,21.17006945,0.0005,17.17773417,1.76022809
2022-12-22,66.47114764,67.28465278,21.60458333,0.00029167,17.98462875,1.93853914
2022-12-23,59.61398005,68.52979167,21.63138889,8.333e-05,19.57061667,1.82963827
2022-12-24,50.5801586,68.32979167,21.30673611,0.00083333,18.22673083,1.72109874
2022-12-25,40.48603888,67.40347222,21.44305556,0.00075,17.48075833,1.92378993
2022-12-26,43.01153686,68.53548611,20.38986111,0.00179167,16.708845,1.54853399
2022-12-27,40.82078443,78.23611111,19.600625,0.0005,15.48268905,1.51815044
2022-12-28,44.41792563,70.65097222,20.26486111,0.000875,17.48375083,1.68328221
2022-12-29,86.39399935,68.49993055,20.58201389,0.00058333,14.62739333,1.48252202
2022-12-30,87.88558921,67.27763889,20.32666667,0.0,13.76023056,1.26442496
2022-12-31,38.76214055,67.08666667,21.375,0.00256522,15.5879713,2.05911268
2023-01-01,54.95146102,65.22451389,20.37326389,0.001375,16.44166667,1.7425324
2023-01-02,86.26977222,65.5525,20.68819445,0.00079167,10.75416667,1.81150839
2023-01-03,168.09904618,75.631875,18.27305556,0.01345833,10.5125,0.97939095
2023-01-04,73.18553733,65.47819445,19.95090278,0.0005,8.36842105,1.8167187
2023-01-05,44.49337636,68.97465278,20.35430556,0.01495833,11.19166667,1.65338647
2023-01-06,51.82847849,73.53493056,20.13034722,0.00095833,13.9,1.26817665
2023-01-07,66.39760923,74.72444444,19.85034722,0.09341667,11.25833333,1.36176571
2023-01-08,113.59425221,75.57722222,18.88333333,0.032375,11.125,1.12530903
2023-01-09,81.90721137,79.88722222,18.65027778,0.035125,15.075,0.9959366
2023-01-10,96.88269182,79.83569444,18.65861111,0.02566667,14.22272727,0.8958952
2023-01-11,70.53071806,77.95701389,19.32902778,0.019125,12.8625,1.00651824
2023-01-12,76.79338804,74.96909722,20.05423611,0.00320833,12.64583333,1.09426956
2023-01-13,82.91126281,73.15236111,20.31020833,0.01858333,10.81304348,1.07297537
2023-01-14,116.79769437,70.98034309,19.99037119,0.00017391,13.59473684,1.41514496
2023-01-15,73.1835932,66.79333333,20.795,0.00033333,12.44583333,2.11036851
2023-01-16,45.72252773,68.06145833,20.620625,8.333e-05,13.04166667,1.7871624
2023-01-17,69.33121958,69.27104167,20.718125,8.333e-05,13.4375,1.58128662
2023-01-18,84.40762582,71.349375,19.90444444,0.00254167,13.9875,1.21431329
2023-01-19,55.82360558,67.04576389,20.67631945,0.0,15.92083333,1.89017943
2023-01-20,80.90961473,64.48451389,20.20451389,0.0,13.16666667,1.62109634
2023-01-21,50.95190444,66.03465278,21.15868056,4.167e-05,15.0875,1.8600836
2023-01-22,87.60861644,71.62409722,19.75444444,0.00241667,16.10416667,1.41919663
2023-01-23,46.47332811,67.34423611,20.88777778,0.0,15.28181818,1.91512521
2023-01-24,57.69283623,68.26083333,20.98833333,0.0,15.46666667,1.92756261
2023-01-25,62.58582856,64.90437217,21.64438634,0.0,16.06956522,1.90720776
2023-01-26,64.08783487,66.03944444,21.54048611,0.0,14.94117647,1.84721495
2023-01-27,63.12715962,62.373125,21.12993055,0.000625,17.05,1.80747163
2023-01-28,67.06317541,61.25506944,21.09951389,0.0,16.9125,1.93521397
2023-01-29,54.86058772,62.39875,21.68743056,0.00079167,17.62916667,2.15536508
2023-01-30,66.22843709,63.83333333,21.60256944,4.167e-05,18.8625,1.8968071
2023-01-31,52.37401692,58.46862319,21.08927536,4.348e-05,19.46956522,1.92775231
2023-02-01,78.67890152,60.37409722,20.66854167,0.00079167,20.14583333,1.98131521
2023-02-02,74.62051491,61.394375,21.17229167,8.333e-05,20.67015,1.84615915
2023-02-03,69.98854681,66.06125,21.49381944,0.00145833,24.412275,1.72203961
2023-02-04,51.56402054,67.52354167,20.86611111,0.00020833,25.14118333,1.81072704
2023-02-05,31.29115386,62.41708333,22.23555556,0.0005,20.68199167,2.39289604
2023-02-06,43.2631508,68.13666667,21.57729167,0.00029167,27.077125,1.93593109
2023-02-07,67.77912059,58.76340278,22.17368056,0.0,16.82359958,1.91531445
2023-02-08,67.31350648,64.41541667,20.92173611,0.02145833,20.09191958,1.70154876
2023-02-09,63.97317786,66.41965278,20.793125,0.05904167,15.35164083,1.35726063
2023-02-10,55.10433436,67.55944444,21.71270833,0.0,20.17240833,1.77643374
2023-02-11,49.39420127,71.625625,21.08180556,0.0,18.97459167,1.69413896
2023-02-12,91.89736594,77.77173611,20.34833333,0.00670833,19.19011304,0.85982803
2023-02-13,32.33509523,74.90027778,20.76659722,0.00058333,14.05664042,1.94064953
2023-02-14,37.421542,71.54569444,21.60361111,0.00058333,18.95885917,2.25574433
2023-02-15,43.71574237,72.59430556,21.15451389,0.042125,13.73491917,1.51133958
2023-02-16,72.44002687,74.68131944,20.74368056,0.000125,16.0750525,1.3888794
2023-02-17,52.2314637,70.03881944,21.31,4.167e-05,13.80808333,1.95089351
2023-02-18,58.3563695,63.20534722,21.12881944,0.0,11.91014625,2.26696274
2023-02-19,83.24815724,68.97361111,20.770625,0.09545833,14.55517625,1.84249767
2023-02-20,63.68363076,71.39695516,20.25876109,0.04375,19.842226,1.69578673
2023-02-21,77.23441874,70.18823099,20.42748172,0.001,27.3639375,1.0095555
2023-02-22,68.75570465,71.10986111,19.69604167,0.0015,23.16559167,1.24426977
2023-02-23,67.85913115,65.25319444,21.23583333,0.0,19.74962083,1.88177092
2023-02-24,44.44212144,66.17229167,21.81736111,0.0,40.03914286,2.39610357
2023-02-25,52.63022396,64.95520833,21.22590278,0.0,31.02775417,2.15302051
2023-02-26,35.44685693,64.118125,22.00659722,0.00016667,34.55126667,2.23514955
2023-02-27,28.68350047,63.52326389,22.66305556,0.0,32.95916667,2.29628809
2023-02-28,48.31408241,59.70072464,23.39362319,4.348e-05,24.3322913,2.26932152
2023-03-01,31.8829264,62.13930556,22.79729167,0.00025,17.93181818,2.42284669
2023-03-02,38.19268063,67.245625,22.67188406,8.333e-05,28.38745417,2.25284413
2023-03-03,50.48752796,68.17986111,23.17245572,0.000125,27.80191667,2.2064147
2023-03-04,38.46671661,66.43604167,22.18069444,0.00054167,14.03861708,2.27830759
2023-03-05,91.47414282,75.85506944,20.559375,0.064625,13.382395,0.87567362
2023-03-06,63.38374209,72.42131945,21.02564455,0.04366667,11.32629625,1.64346265
2023-03-07,75.24222792,75.60833333,20.2926062,0.00779167,20.93704917,1.22762014
2023-03-08,142.28005085,79.68495057,19.39137215,0.152125,17.95194542,1.15039042
2023-03-09,116.54303103,74.40243056,19.50044836,0.00025,18.58466,0.78991015
2023-03-10,75.71263229,70.50493056,20.68958949,0.0,16.617775,1.56913784
2023-03-11,135.52581094,72.50833333,19.92828594,0.12308333,26.06662375,1.64937849
2023-03-12,143.48058314,77.52166667,19.67715045,0.12729167,14.00595333,1.02336685
2023-03-13,142.31966872,77.60534722,19.28094203,0.10233333,14.71056917,1.11952802
2023-03-14,94.19812026,75.34944445,19.98285447,0.00470833,18.7827425,0.88207037
2023-03-15,125.03088825,77.19298611,19.45097222,0.00304167,21.28725292,0.79548395
2023-03-16,76.05916523,70.80326389,20.54756944,0.245375,19.21108625,1.37926009
2023-03-17,84.66812729,74.69763889,20.49718421,0.00125,13.11784875,1.26327762
2023-03-18,110.99678389,72.86875,20.77407648,0.03608333,17.19174542,1.19461945
2023-03-19,102.06035787,67.06416667,21.1584058,0.0,15.55943042,1.69249191
2023-03-20,74.16334615,64.86236111,21.20041667,0.00054167,22.92146667,1.80801484
2023-03-21,68.4455133,62.41104167,21.03027778,0.00020833,26.07930833,1.80027008
2023-03-22,70.69382873,61.65243056,21.05958333,0.0,30.58124167,1.81293627
2023-03-23,22.35027539,64.70104167,22.10603898,4.167e-05,34.54360417,2.39437736
2023-03-24,97.13647568,66.42506945,21.33913044,0.14258333,33.78243333,1.29745954
2023-03-25,70.6590311,70.33548611,20.44804348,0.033,26.2758,1.57137631
2023-03-26,49.22664573,68.95354167,20.97224999,0.0,27.3877625,1.49776151
2023-03-27,88.95950651,73.14229167,20.22077153,0.17404167,23.5309925,1.64400946
2023-03-28,73.92903022,71.63993056,20.57576389,0.08941667,16.2156525,1.52717888
2023-03-29,83.17260335,72.04402778,20.82631,0.00970833,17.51363636,1.23159847
2023-03-30,50.2838172,72.65763889,21.31558431,0.01791667,20.63955417,2.01803437
2023-03-31,51.12892346,73.14528985,21.12626984,0.0046087,19.75602348,1.78932849
2023-04-01,52.44903334,70.11472222,21.91173611,0.000125,21.73333333,2.17933888
2023-04-02,56.34490097,75.54597222,20.32638889,0.0095,16.3491875,1.50802045
2023-04-03,57.8034214,64.73138889,22.60118056,0.00025,11.74690292,1.88122595
2023-04-04,78.49483415,68.28944445,21.51409722,0.00529167,18.2762325,1.07227969
2023-04-05,74.35819445,66.62,21.89708333,0.0,21.08794167,1.90819966
2023-04-06,80.13747938,70.46326389,21.13625,0.01145833,18.10242917,1.31493268
2023-04-07,48.24098152,73.80368056,20.06590278,0.01595833,12.8161875,1.78708322
2023-04-08,35.66072598,70.20333333,20.90263889,0.0,11.82912208,2.14924583
2023-04-09,51.0496443,65.90104167,22.19659722,0.0,11.21879667,1.98859551
2023-04-10,36.09519824,67.54493056,22.23784722,4.167e-05,13.16377833,1.94658754
2023-04-11,46.45595911,72.34979167,21.39826389,0.0205,13.35831667,1.74233175
2023-04-12,49.83260804,69.52444444,21.83423611,0.0,13.62546792,1.91778544
2023-04-13,54.02830112,70.88743056,21.60729167,0.001625,14.91892261,1.61501163
2023-04-14,78.22965021,71.53381944,21.11715278,0.00020833,18.47883292,1.19229102
2023-04-15,80.60356034,69.30006945,22.03868055,0.00133333,20.35032083,1.55149513
2023-04-16,122.86263802,74.99118056,20.09479167,0.029625,12.82980625,1.30445915
2023-04-17,100.85892353,71.53826389,20.254375,0.023375,12.12033125,1.25240907
2023-04-18,53.37118617,73.64972222,20.38930555,0.0005,15.98317714,1.6439357
2023-04-19,49.83881705,66.97013889,22.14576389,0.0,16.04506958,1.70871011
2023-04-20,111.40179329,76.07444445,20.73722222,0.08775,17.13291136,1.28238256
2023-04-21,140.65868339,72.95368056,20.66715278,0.02554167,16.83377917,1.25226268
2023-04-22,87.77782626,78.05486111,19.70013889,0.133125,13.82690375,1.20934872
2023-04-23,133.47614467,72.26527778,20.45125,0.01316667,12.46438391,1.27314204
2023-04-24,40.18398558,74.07090278,20.60680556,0.01320833,12.53073435,1.5969886
2023-04-25,56.51716593,69.516875,21.05326389,0.00445833,10.67620522,1.56866155
2023-04-26,87.82667799,73.69854167,19.76583333,0.33595833,10.50893261,1.20635232
2023-04-27,74.91990814,73.31979167,20.86208333,0.0225,14.76682957,1.36528032
2023-04-28,74.64624187,68.61979167,21.69979167,0.07008333,9.45143958,2.08786933
2023-04-29,76.39411923,74.60527778,21.11645833,0.00195833,13.48383333,1.09600917
2023-04-30,65.92895917,75.58710145,20.95282609,0.03173913,10.03079478,1.38005203
2023-05-01,100.86736152,66.10958333,22.511875,0.0,9.16956522,1.86771475
2023-05-02,62.02947641,60.38305556,23.48111111,0.0,11.88116667,1.42323453
2023-05-03,68.94814091,58.93381945,23.30583333,0.00016667,13.0004725,1.7055036
2023-05-04,72.44197163,55.22611111,23.94638889,0.0,12.93214542,1.31639959
2023-05-05,56.57754699,57.36645833,24.02861111,0.0,15.69836,1.36325491
2023-05-06,52.12533521,64.69090278,23.21645833,0.0,18.90311167,2.22450978
2023-05-07,44.81050259,62.87208333,23.56069444,0.0,15.03051375,1.96089745
2023-05-08,49.49113103,61.47333333,23.85027778,0.000875,16.23966625,2.01454025
2023-05-09,61.74788003,61.02160441,23.92089799,4.167e-05,14.73812087,1.92297356
2023-05-10,70.08381849,70.10666667,22.40847222,0.0,17.70095417,1.36954083
2023-05-11,79.00246838,64.34083333,22.94909722,0.000125,12.22457292,1.4529584
2023-05-12,63.7061394,72.31730769,21.47820513,0.00738462,15.004645,1.31103419
2023-05-13,,,,,13.56006625,
2023-05-14,,,,,9.88182217,
2023-05-15,,,,,12.55775583,
2023-05-16,,,,,11.96238522,
2023-05-17,,,,,12.36237125,
2023-05-18,,,,,12.01922833,
2023-05-19,,,,,13.20138625,
2023-05-20,,,,,10.3856475,
2023-05-21,,,,,13.0758225,
2023-05-22,,,,,15.6835375,
2023-05-23,,,,,9.61268625,
2023-05-24,38.55271863,66.27785985,22.67003788,9.091e-05,15.73087708,1.76111094
2023-05-25,72.0241384,73.63131541,20.75787814,0.01953333,14.85671182,1.13250476
2023-05-26,,,,,14.42071917,
2023-05-27,,,,,12.62526458,
2023-05-28,,,,,7.55120591,
2023-05-29,,,,,12.45581826,
2023-05-30,,,,,11.84187167,
2023-05-31,,,,,10.77006045,
2023-06-01,,,,,12.03333333,
2023-06-02,,,,,13.58285,
2023-06-03,,,,,17.06606083,
2023-06-04,,,,,11.53170917,
2023-06-05,,,,,10.64944833,
2023-06-06,,,,,9.21390708,
2023-06-07,,,,,13.83226091,
2023-06-08,84.01778362,72.65207152,21.47366397,0.06838462,13.38814545,1.34918931
2023-06-09,75.68762859,71.84842279,21.9659734,0.00195833,15.70729048,1.53146131
2023-06-10,38.70124238,71.48263889,22.05541667,0.00720833,9.52322625,2.24940165
2023-06-11,78.38893232,67.95263889,22.058125,0.08329167,5.9135613,1.82818832
2023-06-12,83.11371748,64.22733639,22.59872057,0.00033333,9.45799652,1.54364083
2023-06-13,78.14833952,55.70527778,24.32576389,0.0,12.8273,1.15038334
2023-06-14,59.95701973,65.43680556,22.61527778,0.00016667,10.55766308,1.41035515
2023-06-15,67.06348542,58.54208333,23.42,0.00025,14.275315,1.36007059
2023-06-16,56.78184605,62.62090278,22.78993056,0.000375,12.85282917,2.06734535
2023-06-17,91.87788666,60.12541667,22.829375,0.00125,11.75454522,1.32517526
2023-06-18,61.83089482,51.83076389,22.95493055,0.000625,6.68880333,1.66379163
2023-06-19,88.51037961,49.630625,23.03875,0.00054167,5.50025318,0.96485593
2023-06-20,65.91022683,48.99506945,23.80409722,0.0,9.313975,1.46358473
2023-06-21,75.89932371,58.10763889,23.12152778,0.00016667,11.3326481,1.55966467
2023-06-22,55.32578625,65.20090278,22.68618056,0.00016667,15.29482,2.0354797
2023-06-23,65.41395807,70.33701389,22.24291667,0.04345833,10.83648652,1.62739524
2023-06-24,72.68335816,71.26819444,21.61729167,0.05295833,10.07386042,1.50624075
2023-06-25,158.53808812,75.72243056,20.14708333,0.07308333,11.74345833,1.10158295
2023-06-26,61.75155883,77.67,20.20284722,0.0125,10.7834675,1.47454232
2023-06-27,48.55861748,68.90621648,22.25192289,0.0,11.36099125,1.91103145
2023-06-28,53.78934301,69.73597222,22.30666667,0.00904167,11.69155667,1.88688268
2023-06-29,59.46459362,57.90479167,23.90875,4.167e-05,11.1762213,1.62811125
2023-06-30,63.37403645,56.44391304,23.57572464,0.0,10.49823364,1.60676486
2023-07-01,70.31803233,57.99590278,23.4925,0.00016667,10.19565217,1.60352307
2023-07-02,90.53279433,73.84791667,21.25659722,0.01691667,11.06510708,0.87593212
2023-07-03,85.45089498,75.04923611,21.21527778,0.03879167,12.55592522,1.07190528
2023-07-04,97.18436296,74.09597222,21.21055556,0.00245833,11.66668167,1.18241425
2023-07-05,54.7867083,68.67513889,22.518125,0.0335,10.27069043,1.69926576
2023-07-06,122.76896816,71.61229167,21.19305556,0.12179167,10.54519667,1.50653435
2023-07-07,85.64669106,73.291875,20.96,0.00308333,11.90491783,1.22230061
2023-07-08,84.05876837,72.21326389,21.73145833,0.0065,10.80517696,1.5891973
2023-07-09,72.76694866,62.77680556,22.71430556,0.00025,10.08030348,1.32130367
2023-07-10,76.03400449,59.68430556,23.06284722,0.0,10.28686261,1.30617754
2023-07-11,54.0764898,62.98,22.68770833,0.000125,13.04106455,2.21570889
2023-07-12,61.56919451,62.53333333,23.41222222,0.00575,10.82292708,1.66870195
2023-07-13,72.97572209,59.41743056,23.868125,4.167e-05,12.51652333,1.15713706
2023-07-14,64.7099699,62.32270833,22.57944445,0.00079167,11.39575708,1.9396057
2023-07-15,43.25709964,62.53131945,23.41083333,0.0,15.02383957,2.13282602
2023-07-16,51.69445123,65.22638889,23.01944445,0.07979167,8.79708739,1.83059541
2023-07-17,76.20539112,66.75770833,22.24715278,0.07341667,7.55914292,1.65481516
2023-07-18,78.27869263,58.02645833,23.06118056,0.0,9.63365783,1.29474337
2023-07-19,109.23704358,52.621875,22.74534722,0.0,8.69071208,1.0606769
2023-07-20,95.02794347,48.57861111,23.30125,0.00016667,8.40100304,1.12490736
2023-07-21,88.17155707,51.29618056,23.02986111,0.0,9.79266417,1.26523405
2023-07-22,72.64117386,53.35180556,22.19868056,8.333e-05,10.87751,1.33651748
2023-07-23,70.634305,52.09166667,23.50986111,0.000875,9.33080773,1.57142128
2023-07-24,64.11193741,56.97326389,23.76055556,0.0,14.49417083,1.76632946
2023-07-25,65.36989545,60.56409722,23.09979167,8.333e-05,16.12146542,1.73223823
2023-07-26,93.12918669,75.50868056,20.75090278,0.003625,23.58841167,1.10046165
2023-07-27,139.16532347,69.63215278,21.81826389,0.01275,18.07948409,0.92959592
2023-07-28,71.49669765,64.54333333,22.646875,0.02416667,12.5869913,1.95047311
2023-07-29,95.09537111,54.59965278,23.37861111,0.00016667,10.18406056,1.02125126
2023-07-30,62.54201868,57.75097222,23.55645833,4.167e-05,9.90012136,1.57442136
2023-07-31,46.48076935,54.77826087,24.06753623,0.0,12.98446318,1.75759916
2023-08-01,80.88235378,52.68715278,22.94951389,0.0,21.77777778,1.46859384
2023-08-02,53.77038718,53.00104167,23.12701389,8.333e-05,,1.99487899
2023-08-03,50.24296968,57.15486111,23.51972222,0.0,,1.95085493
2023-08-04,66.15787765,51.19416667,23.956875,0.0,15.92373111,1.68368608
2023-08-05,59.74503822,52.37576389,24.44854167,4.167e-05,14.42362333,1.80566262
2023-08-06,57.29207632,54.95541667,23.97527778,0.00045833,11.51058167,1.88926014
2023-08-07,56.20182485,63.593125,23.10173611,0.0,12.28945833,2.02367973
2023-08-08,101.15036632,51.79977754,23.98486347,4.167e-05,17.17854917,1.12227392
2023-08-09,94.03983152,56.08356383,23.18965869,0.00091667,17.60802095,1.10648059
2023-08-10,57.5620593,58.99395178,22.92991221,0.0,16.39837636,1.96826163
2023-08-11,48.65311347,56.44798611,23.82506945,0.00070833,10.91351292,1.38606118
2023-08-12,37.95807804,60.41909722,23.81909722,0.00058333,11.99328833,1.96735399
2023-08-13,47.71740918,58.14958333,22.678125,8.333e-05,8.3979625,1.79398588
2023-08-14,49.51610913,60.56680556,23.28270833,0.00191667,12.61818542,2.21330934
2023-08-15,73.49361243,63.84583333,22.23270833,0.027125,8.97294609,2.14059176
2023-08-16,98.13151119,69.23,21.66972222,0.00683333,13.46466417,1.49704951
2023-08-17,61.96792103,64.70402778,23.05055556,0.00625,10.69820458,2.02662084
2023-08-18,90.96505309,68.50763889,22.30340278,0.02758333,12.01084667,1.46565217
2023-08-19,73.92382422,68.75208333,22.19430556,0.000125,12.39187708,1.53934563
2023-08-20,122.32442935,73.426875,21.59805556,0.06125,14.61401304,0.97821637
2023-08-21,102.47387021,77.79659722,20.91277778,0.10466667,12.18083739,0.74648048
2023-08-22,172.97929533,75.34576389,20.021875,0.05725,17.52886913,1.03038911
2023-08-23,89.00658107,70.88715278,21.33138889,0.00091667,16.56092292,1.00225743
2023-08-24,36.3902246,67.28423611,22.12131944,0.00233333,12.42006417,1.61169006
2023-08-25,51.38483754,66.634375,22.21298611,0.06245833,12.20791917,1.94655093
2023-08-26,76.82888641,58.41868056,23.35138889,0.001375,12.68425958,1.50664385
2023-08-27,52.37833017,56.30486111,24.01131944,0.0,11.83458458,1.57600261
2023-08-28,57.05333427,54.40881944,24.24673611,0.00295833,14.38744083,1.60828493
2023-08-29,78.81245034,65.12951389,22.19548611,0.05591667,13.02425542,1.38108763
2023-08-30,75.45514751,52.5707686,24.48680556,0.000125,13.89195458,1.49223389
2023-08-31,99.12449785,46.81797101,23.63405797,0.0,16.03760435,1.15334792
2023-09-01,90.82250328,53.05395833,23.39555556,0.0,17.91666667,1.10781303
2023-09-02,89.10230864,66.46118056,20.71229167,0.00104167,19.4956625,1.21149071
2023-09-03,121.13413288,64.90486111,20.85458333,0.01983333,12.22484,1.29803213
2023-09-04,74.85688068,66.94541667,21.64340278,0.02691667,9.62242208,1.79761731
2023-09-05,56.35332269,60.65611111,23.57638889,0.00016667,13.11917375,1.87075136
2023-09-06,83.41015683,50.39166667,23.63590278,0.000125,10.91528583,1.00836733
2023-09-07,63.54748858,52.25513889,23.74381944,0.0,16.789315,1.40994758
2023-09-08,55.18088201,64.31951389,22.63159722,0.0,20.2008325,1.96158073
2023-09-09,84.87242907,60.72048611,23.40479167,0.0,17.19228,1.75749383
2023-09-10,60.55841306,69.28361111,22.28770833,0.04979167,9.61686208,2.08154513
2023-09-11,93.37966335,65.01263889,22.90819444,0.14766667,8.05673,1.66771014
2023-09-12,48.77635378,64.95406849,23.05001676,0.02204167,9.90399583,1.90977203
2023-09-13,76.1876323,68.85038915,21.83186845,0.03108333,12.33208292,1.74443679
2023-09-14,72.08866717,64.69770833,22.64722222,0.03670833,13.05349667,1.79823104
2023-09-15,67.47103369,57.75194445,23.13604167,0.00083333,15.6834,1.48483315
2023-09-16,70.20209572,59.29604167,23.25263889,0.00020833,14.57573375,1.75777935
2023-09-17,70.17623318,67.71354167,22.43576389,0.004,12.63721958,1.75158919
2023-09-18,83.21976831,55.89631945,23.14347222,0.0,11.32365667,1.12193016
2023-09-19,55.96297439,55.84013889,23.48986111,0.00033333,14.01078125,1.73033455
2023-09-20,85.17421895,53.75020833,22.57826389,0.0,13.49590083,1.1171796
2023-09-21,82.57585474,54.74111111,22.95652778,0.0,15.90759458,1.30589117
2023-09-22,75.83988437,61.13708333,23.31673611,0.08875,16.61219417,1.80892955
2023-09-23,90.40423889,60.48291667,22.81375,0.00058333,13.9779075,1.6790444
2023-09-24,86.56370158,64.470625,22.92229167,0.00058333,12.12072792,1.31997333
2023-09-25,82.20344823,59.44965278,24.19659722,0.00020833,13.50273542,1.52798297
2023-09-26,61.13459244,70.23458333,22.69166667,0.00920833,13.9001175,1.73449905
2023-09-27,53.66727894,68.24486111,22.78361111,0.0,13.58331917,1.55252007
2023-09-28,96.14684154,67.80902778,22.43125,0.01666667,13.78905917,1.39771711
2023-09-29,52.55475808,63.76916667,22.971875,0.00041667,12.9550875,1.72549447
2023-09-30,42.32257466,61.41746377,24.46014493,4.348e-05,12.35410478,2.52837425
2023-10-01,94.70240445,65.02152778,22.58465278,0.070375,7.0875,1.96640533
2023-10-02,81.16953438,65.91451389,22.89527778,0.00066667,10.0642175,1.92010063
2023-10-03,128.03183004,72.52784722,21.02083333,0.019125,14.30898083,0.98077405
2023-10-04,143.7682725,81.20284722,19.80743056,0.04720833,20.69681667,0.9036089
2023-10-05,103.50838872,76.62868056,20.26763889,0.14658333,16.6265387,1.17153343
2023-10-06,142.19304316,70.78590278,21.57659722,0.00129167,17.52002048,0.88574005
2023-10-07,105.6998919,72.71409722,21.43256944,0.21966667,11.1031825,1.63010264
2023-10-08,160.8705218,74.93423611,20.39611111,0.00229167,14.69642375,1.13031193
2023-10-09,112.15144876,68.91340278,22.54965278,4.167e-05,17.79573667,1.45934431
2023-10-10,51.95467474,67.59270833,22.62548611,0.00079167,10.39057042,1.66706635
2023-10-11,175.68502678,72.29628224,21.83746131,0.00047826,20.068225,1.2297809
2023-10-12,145.87956326,66.96493056,21.97895833,0.06066667,13.87474042,1.25253536
2023-10-13,97.63985447,68.13493056,21.26944445,0.01091667,12.30553522,1.33003732
2023-10-14,127.271946,72.64736111,21.19826389,0.00725,18.12719375,1.59031949
2023-10-15,141.67360246,67.29555556,22.59513889,0.0,13.30048125,2.0317876
2023-10-16,108.7215999,71.78118056,21.35986111,0.01566667,10.91161625,1.71669148
2023-10-17,123.22385464,71.34208333,21.060625,4.167e-05,16.04509208,1.03436552
2023-10-18,133.84444575,63.63645833,22.92770833,0.00029167,14.8681,1.41506668
2023-10-19,144.71697983,65.35625,22.84347222,4.167e-05,19.185695,0.95166664
2023-10-20,178.29642803,73.86458333,20.564375,0.014875,17.30038696,1.11717532
2023-10-21,119.47673225,77.77847222,19.56208333,0.00404167,20.9513375,0.65358338
2023-10-22,148.91147018,74.06048611,20.38305556,0.00229167,17.03894417,1.33563587
2023-10-23,95.58419439,71.05326389,21.56034722,0.08266667,11.76661304,1.47117859
2023-10-24,121.93791953,79.41305555,19.88763889,0.01525,19.71479167,0.82843304
2023-10-25,151.18150815,77.40201389,19.81590278,0.00916667,21.70851375,0.72895298
2023-10-26,127.69132359,77.18277778,20.11583333,0.05120833,25.35504348,0.95087279
2023-10-27,156.7468343,74.46631944,20.195,0.00804167,13.04734875,0.915475
2023-10-28,141.95643383,69.40965278,20.48159722,0.00445833,11.17072826,1.32486223
2023-10-29,146.69472712,70.31104167,20.46416667,0.21433333,9.52631053,1.08938204
2023-10-30,90.75932994,74.85701389,20.210625,0.02220833,8.3424,1.0693176
2023-10-31,166.68440344,72.48347826,20.71311594,0.2226087,10.75923348,1.13867401
2023-11-01,143.4067323,77.41395833,20.04076389,0.02479167,13.63478261,1.25677587
2023-11-02,150.67123147,76.53069444,19.74222222,0.074125,10.95238095,0.95920262
2023-11-03,163.75890134,74.97993056,20.44965278,0.002375,13.33327542,1.40962586
2023-11-04,59.56350166,74.49506944,21.21479167,0.02345833,11.726875,1.28502265
2023-11-05,119.56625144,73.46506944,21.10479167,0.00279167,10.60792167,1.24618482
2023-11-06,150.5326835,75.85527778,20.75763889,0.00679167,11.06868727,1.41125955
2023-11-07,74.94962383,72.71673611,21.67722222,0.0,11.12695182,1.47303373
2023-11-08,65.72674818,69.47444444,22.22631944,0.0,15.58152792,1.19429555
2023-11-09,53.42908495,64.14166667,23.56451389,8.333e-05,14.49293227,1.4879182
2023-11-10,82.60175589,69.29694444,22.60840278,0.00045833,13.88903609,1.34892025
2023-11-11,76.11831134,67.58363821,22.93334627,0.0,16.05922632,1.52423026
2023-11-12,94.9432244,74.20875,22.02347222,0.00170833,12.33097684,1.42633033
2023-11-13,58.87483899,69.58534722,22.82854167,0.000375,11.35197958,1.58604123
2023-11-14,117.0877644,69.21284722,23.21451389,0.00016667,16.35026286,1.28872254
2023-11-15,110.66385986,74.37284722,21.28145833,0.01483333,15.92580667,1.03141286
2023-11-16,153.1207752,72.79548611,21.43340278,0.01125,18.968202,0.70573752
2023-11-17,101.40035848,75.37194445,21.47534722,0.1625,13.31272957,1.17453809
2023-11-18,151.57482278,76.04923611,20.42465278,0.06383333,11.6656625,1.05361261
2023-11-19,137.08348224,77.68354167,20.10569444,0.07895833,8.91566391,1.11371293
2023-11-20,93.5120788,78.09152778,20.14777778,0.01283333,8.56342565,1.34996951
2023-11-21,125.35471424,71.69361111,21.38090278,0.00058333,9.68808042,1.41113195
2023-11-22,124.52091582,70.54152778,21.88597222,0.0,11.37273609,1.77618909
2023-11-23,86.39495728,67.72833333,21.59708333,0.0,9.77987696,1.76155196
2023-11-24,102.70072509,67.45506944,21.83625,0.01420833,11.24549696,1.41304741
2023-11-25,141.24047482,70.57111111,21.089375,0.000125,13.228015,1.38901476
2023-11-26,44.07043494,66.23166667,22.03375,4.167e-05,9.39072167,1.62213802
2023-11-27,79.45957345,59.64777778,23.26958333,0.0,9.37691917,0.94781251
2023-11-28,86.15034878,59.00868056,23.00479167,0.0,11.16584667,1.07757246
2023-11-29,66.78411545,61.43486111,22.63979167,0.00020833,13.63314333,1.64657664
2023-11-30,134.1908941,68.47130435,21.7823913,0.00595652,13.63035917,2.14562931
2023-12-01,78.87472188,64.45840278,21.715,0.0,12.93084625,1.53423891
2023-12-02,33.60992688,64.23111111,22.06423611,0.000125,13.93165,1.72486406
2023-12-03,41.42536237,65.45215278,22.43840278,4.167e-05,14.6401725,1.89365471
2023-12-04,39.11624504,64.76534722,22.38270833,0.0,16.90391667,1.79046092
2023-12-05,59.96149084,61.95631944,22.94625,0.0,18.01601125,1.69466322
2023-12-06,81.67136529,69.10694445,21.94951389,0.0,20.3292375,1.26286501
2023-12-07,107.31941652,69.88576389,21.58208333,8.333e-05,18.89292905,1.52649931
2023-12-08,95.79742551,67.23034722,22.265625,8.333e-05,14.53641417,1.96613832
2023-12-09,79.36361763,64.03777778,23.06083333,0.0,14.82421917,1.58373543
2023-12-10,88.15120174,70.01423611,22.63423611,4.167e-05,16.63132458,1.57135552
2023-12-11,88.43946498,62.72,23.42472222,0.0,12.48749917,1.62732834
2023-12-12,80.97968956,64.34076389,23.80145833,0.00320833,13.45239542,1.88221045
2023-12-13,78.75725236,68.93534722,23.04340278,0.0,17.56092167,1.55538063
2023-12-14,66.01040277,67.31743056,22.67215278,0.0,18.5916875,1.36059298
2023-12-15,160.40905173,72.6626087,21.81478261,8.696e-05,18.47932857,1.54656767
2023-12-16,127.28931896,77.55909722,20.77034722,0.08745833,13.00869565,1.58088734
2023-12-17,88.8056143,73.49666667,21.48166667,0.00666667,11.95367333,1.68793029
2023-12-18,116.50200026,70.92979167,21.99430556,0.0,9.61520417,2.1727378
2023-12-19,97.14332463,68.22527778,21.92534722,0.0,11.12257,2.18773552
2023-12-20,117.94310498,66.61416667,21.93986111,0.0,13.27539208,1.9187543
2023-12-21,75.97711216,68.70402778,22.55770833,0.001,13.77845773,1.86820672
2023-12-22,48.44147831,68.42694444,22.89958333,0.0,14.716515,1.79242698
2023-12-23,49.13507668,70.97430556,22.43708333,0.0,17.38308333,1.63332637
2023-12-24,58.39046461,69.64,22.64111111,4.167e-05,17.58958083,1.74864987
2023-12-25,115.9731752,71.66236111,22.27090278,8.333e-05,16.7607575,1.7340242
2023-12-26,150.27387041,66.82659722,22.02090278,8.333e-05,10.13100174,1.41698689
2023-12-27,71.4289763,66.38888889,21.74375,4.167e-05,8.89793,1.35342693
2023-12-28,83.63128858,71.82458333,21.72708333,0.00966667,14.40456542,0.84014403
2023-12-29,106.52719501,71.76277778,21.164375,0.00166667,15.04421958,1.17223998
2023-12-30,61.62914869,70.28680556,21.63277778,0.000625,9.38824739,1.46751605
2023-12-31,52.92340514,62.9273913,22.07826087,8.696e-05,9.53222261,1.9132569
2024-01-01,69.28662587,66.73409722,21.12881944,0.000125,14.02916667,1.45913104
2024-01-02,47.66401974,69.75673611,21.94506944,0.0,8.65662792,1.809172
2024-01-03,70.50384317,61.06826389,22.50958333,0.0005,11.10243125,1.82352788
2024-01-04,72.43750383,63.12833333,22.10930556,0.0,12.35420042,1.61975773
2024-01-05,85.39271949,63.89854167,21.25708333,0.0,12.94296375,1.67056812
2024-01-06,80.02087107,63.35430556,21.70215278,0.000125,13.55444875,1.88019995
2024-01-07,41.47055582,63.43263889,22.69423611,4.167e-05,14.09452542,2.05384465
2024-01-08,66.68504433,63.91770833,22.50006944,8.333e-05,16.574075,1.74240765
2024-01-09,53.60313092,64.985625,22.87444444,0.0,19.53174583,1.71197291
2024-01-10,33.59000368,66.94048611,22.98222222,0.00083333,21.83221905,1.94426283
2024-01-11,45.67406659,66.09881944,22.94993056,0.00016667,20.14619167,1.84836504
2024-01-12,49.59242491,66.11597222,22.88506944,0.001375,20.36182042,1.54218308
2024-01-13,48.40915762,64.96930556,22.39180556,0.00020833,19.34585,1.73700587
2024-01-14,63.20751176,63.17027778,22.50493056,0.0,15.19007292,1.69983652
2024-01-15,51.20044713,59.83923611,23.08041667,0.0,17.389175,1.72385457
2024-01-16,71.05219323,56.51069445,23.01222222,0.0,17.03277208,1.66649894
2024-01-17,66.52429724,58.77381944,23.18493056,0.0,19.68547083,1.86310186
2024-01-18,58.4510687,55.95715278,24.23847222,0.0,20.61637208,1.88761312
2024-01-19,64.73679081,57.15131944,23.55756944,4.167e-05,19.78572125,1.49793998
2024-01-20,62.31300614,58.35300153,22.68655988,0.0,19.42650952,1.47457697
2024-01-21,63.27721284,62.61648268,22.95134818,4.545e-05,19.45049105,1.61427996
2024-01-22,50.00727591,55.08569444,24.41020833,0.0,15.3543875,1.83592017
2024-01-23,79.28750689,46.74635705,24.04313571,4.348e-05,16.3878595,1.20675474
2024-01-24,72.33954986,50.02368056,23.77895833,0.0,17.52889417,1.80087535
2024-01-25,69.17992452,55.30027778,23.17930556,0.0,23.50749583,1.87540174
2024-01-26,67.7190523,61.20381944,22.98125,0.0,28.50802917,1.67843233
2024-01-27,34.34565317,64.38923611,23.69784722,8.333e-05,32.58072083,2.14976979
2024-01-28,46.7113802,61.84625,23.15243055,0.0,26.48537917,1.9834162
2024-01-29,50.0195581,63.18430556,23.21013889,4.167e-05,25.31180833,2.16912643
2024-01-30,27.85079518,65.53166667,22.78833333,0.00029167,19.505525,2.41593687
2024-01-31,25.66160356,64.91152174,23.40594203,0.0,22.88844348,2.51854418
2024-02-01,65.07232957,79.31506944,20.47125,0.006875,24.50952381,1.34593322
2024-02-02,71.05867661,73.31159722,21.51159722,0.04904167,22.69369167,1.50882046
2024-02-03,113.61338566,72.27243056,20.78902778,0.05870833,13.27974208,1.46186212
2024-02-04,145.63280043,69.09993056,21.25347222,0.000125,16.48684,0.87130529
2024-02-05,150.34657138,71.13416667,21.14597222,0.00583333,17.63420208,0.84163929
2024-02-06,65.71935058,69.51694444,21.35236111,0.002625,12.86239455,1.27326601
2024-02-07,36.95263507,72.72569444,21.57270833,0.00241667,11.87339227,1.99448758
2024-02-08,19.94305971,74.71465278,20.68527778,0.00025,6.56051217,2.29162443
2024-02-09,31.59729687,70.64215278,21.74576389,0.00208333,10.36482579,2.36263429
2024-02-10,40.81502559,64.50652778,23.30590278,8.333e-05,10.82480636,2.1309818
2024-02-11,52.24410961,60.89333333,23.70444445,0.00358333,11.73955542,1.86435429
2024-02-12,53.30523202,58.14710145,24.32263285,0.0,14.22773381,1.73231828
2024-02-13,45.04159401,61.58743056,23.77909722,0.0,20.62419583,2.21815686
2024-02-14,35.22707675,60.29826389,23.57104167,8.333e-05,19.1659525,1.52268753
2024-02-15,61.60124016,53.26604167,24.85215278,4.167e-05,16.28067917,1.48124712
2024-02-16,45.26890661,53.86201389,24.78125,0.0,16.66305625,1.99350058
2024-02-17,59.92781835,55.73951389,24.79152778,0.0,14.20108348,1.72235693
2024-02-18,51.08240228,56.57013889,24.79076389,0.0,12.83540042,1.81830768
2024-02-19,51.32508897,56.15354167,24.31284722,0.00045833,16.970885,2.03292428
2024-02-20,62.68340717,54.69763889,22.93451389,4.167e-05,21.71965,1.91724793
2024-02-21,59.53176742,61.33326389,21.600625,0.0015,18.652405,1.83365071
2024-02-22,32.73070867,63.46590278,21.77583333,0.000125,15.08290958,2.39595252
2024-02-23,24.22507615,57.78409722,22.52069444,0.0,16.20104667,2.48106781
2024-02-24,47.03912267,59.66125,22.34180556,0.0,19.4256375,2.15212982
2024-02-25,41.29847308,55.77368056,22.18902778,0.0,20.61398261,2.07755497
2024-02-26,83.15546328,58.26194444,21.98625,8.333e-05,21.05377917,1.67756592
2024-02-27,46.52948283,58.59194444,22.87777778,0.0,27.57109583,2.02878331
2024-02-28,45.43791879,58.845625,23.28194444,0.0,35.24184737,2.09671596
2024-02-29,52.80154582,56.90195652,23.8265942,4.348e-05,35.57140435,2.17587808
2024-03-01,38.31149333,56.14229167,23.27291667,4.167e-05,34.975,2.17758398
2024-03-02,62.87151357,53.55055556,22.45409722,0.00116667,26.7434125,2.09755421
2024-03-03,156.9464837,58.125625,22.49,0.001375,25.83964583,0.89786763
2024-03-04,44.68483762,59.97708333,23.42194444,0.0,35.8173375,2.04939468
2024-03-05,34.14729101,61.33958333,23.80444444,4.167e-05,38.04256667,2.42753395
2024-03-06,50.82526136,62.37784722,23.688125,0.0,42.42530833,2.09105342
2024-03-07,49.3435313,58.83881944,24.28930556,0.0,39.1507381,2.07910908
2024-03-08,47.44620353,57.72395833,24.39236111,0.00020833,31.15695,2.25185691
2024-03-09,60.82699271,67.76680556,22.50319445,0.00404167,26.06690208,1.54612877
2024-03-10,57.09040537,56.27541667,24.92284722,0.0,21.82840125,1.81998831
2024-03-11,49.31862453,68.28798611,23.47576389,0.01858333,30.48958333,1.82385008
2024-03-12,42.55299176,59.92965278,24.80340278,0.0,26.19062208,1.87266591
2024-03-13,61.50287738,60.42548611,24.86305555,0.000125,27.2162,1.89823235
2024-03-14,60.36738922,58.76173611,24.63791667,0.000875,20.58698333,1.40397403
2024-03-15,72.18205071,55.63131944,25.51222222,0.0,30.20360542,1.52923089
2024-03-16,51.54064212,59.63395833,24.844375,8.333e-05,31.27802083,1.88733985
2024-03-17,38.12385753,64.69777778,23.68645833,0.000125,27.21797917,1.97086875
2024-03-18,71.93612842,54.03541667,25.62645833,0.00025,25.58214783,1.55895669
2024-03-19,81.10477093,62.79791667,23.45076389,0.006,19.25687042,1.7608954
2024-03-20,81.72568561,66.66784722,22.7375,0.000375,24.79615833,1.3821794
2024-03-21,70.82528813,64.61930556,22.39631944,0.0,23.26164583,1.75535294
2024-03-22,92.72389593,58.151875,24.40069445,0.00016667,24.36466957,1.81390636
2024-03-23,50.52741668,63.42916667,23.81819444,0.0,33.77694348,1.90667248
2024-03-24,75.6932475,61.69319444,23.916875,8.333e-05,27.9565375,1.87720903
2024-03-25,56.37319813,59.34340278,23.56125,0.0,23.20782174,1.92563551
2024-03-26,81.19679616,56.13611111,23.42805556,0.0,24.94210476,1.98971984
2024-03-27,36.40193441,60.12805556,22.72923611,0.00020833,31.83806522,1.75566987
2024-03-28,28.33408538,60.23645833,23.54680556,0.0,29.50804167,2.51338381
2024-03-29,48.8684279,61.19256945,23.00041667,0.00016667,25.42949091,2.2451392
2024-03-30,42.51644287,63.29076389,23.04506944,0.0,32.55579583,2.20278094
2024-03-31,74.99713299,72.80985507,21.43797101,0.04756522,41.15750455,1.54318445
2024-04-01,71.14747816,67.97395833,22.26743056,0.006,25.39583333,1.64864113
2024-04-02,77.90559678,71.53090278,21.43368056,0.02254167,25.0802125,1.26923496
2024-04-03,107.17838125,72.93020833,21.38486111,0.00254167,21.34335,1.21324913
2024-04-04,70.50861612,79.81493056,20.20854167,0.10345833,20.67899292,1.12236106
2024-04-05,89.85273519,65.47256944,22.71798611,0.00183333,11.61023125,1.88182369
2024-04-06,70.78960246,68.9825,22.37048611,0.004,17.40004917,0.87272369
2024-04-07,44.17702555,57.96895833,24.14652778,0.0,13.0793675,1.99568522
2024-04-08,58.66680526,57.80930556,24.48541667,0.0,19.2289625,1.8229376
2024-04-09,56.07623691,57.34722222,23.70534722,0.0,29.50457273,1.62114197
2024-04-10,63.51229728,53.58631945,24.51354167,0.0,24.05157917,1.66882468
2024-04-11,46.52530218,60.50333333,23.97729167,0.0,34.32732917,1.8954979
2024-04-12,50.75436904,58.90458333,24.48388889,4.167e-05,31.98660455,2.06757765
2024-04-13,37.35641007,59.12923611,24.77965278,0.0,38.2621,2.17148208
2024-04-14,67.15092374,61.74513889,24.329375,4.167e-05,39.68165417,2.22740825
2024-04-15,33.88295574,63.05291667,24.11902778,0.0,36.1427375,2.04274498
2024-04-16,37.44655029,64.47756944,24.26326389,0.0,33.59893333,2.08049953
2024-04-17,49.36260798,69.60277778,22.76479167,0.06795833,26.72854333,1.27864296
2024-04-18,95.04223635,70.29520833,21.43229167,0.07545833,19.68835,1.44089691
2024-04-19,147.67386401,68.66069444,21.05854167,0.0,20.27259708,1.25110806
2024-04-20,118.81655131,67.66277778,21.64229167,0.07725,15.05015545,1.30435097
2024-04-21,127.86896159,76.02138889,20.30729167,0.05225,12.14562833,1.1289226
2024-04-22,131.43435707,80.43722222,19.74145833,0.03675,14.90812375,0.8806207
2024-04-23,78.09604652,71.10426907,22.01410311,0.00904167,14.8964575,1.52198667
2024-04-24,66.55842586,66.77041667,23.77180556,0.01370833,10.10157458,1.91319676
2024-04-25,109.94267498,62.33583333,23.03416667,0.008125,11.17552417,1.24442279
2024-04-26,105.52060431,76.32013889,20.74458333,0.02858333,15.44163609,1.08072871
2024-04-27,92.86662782,76.16826389,20.40402778,0.08204167,18.27209375,0.88131304
2024-04-28,140.37978721,75.72784722,20.57861111,0.01875,13.46815125,0.97189797
2024-04-29,77.38682007,71.62909722,21.65729167,0.03833333,7.56458,1.49772583
2024-04-30,74.39576695,74.83115942,21.68065217,0.03730435,12.09355087,1.53735503
2024-05-01,63.71857952,69.23291667,23.11347222,0.002875,13.40416667,1.48009096
2024-05-02,126.8364974,80.854375,20.18354167,0.108125,16.80244042,0.96021104
2024-05-03,97.03587552,75.96756944,21.51965278,0.00420833,17.88517826,1.0855113
2024-05-04,93.82001483,78.07048611,20.71340278,0.22133333,11.62138458,1.14145453
2024-05-05,93.50945822,68.13784722,22.48798611,0.0,7.17035043,1.9375899
2024-05-06,60.79226731,66.93166667,23.59048611,0.006375,10.45174783,1.56925506
2024-05-07,80.50440014,66.67340278,23.69861111,0.073875,9.50677375,1.49289049
2024-05-08,138.33727786,70.45576389,22.26784722,0.12029167,9.51571478,1.10389493
2024-05-09,134.12594886,80.96861111,20.29645833,0.066125,11.33542286,0.68463912
2024-05-10,147.46966251,76.10361111,20.56701389,0.05633333,17.12127261,1.07627556
2024-05-11,78.96642921,75.76736111,21.14069444,0.03116667,14.09520667,0.89811349
2024-05-12,78.46798643,78.81548611,20.70902778,0.01845833,11.14994375,1.08570006
2024-05-13,97.57062482,65.33451389,23.62590278,4.167e-05,9.29486167,1.86166541
2024-05-14,142.95449264,71.01736111,22.51847222,0.102,11.54252,1.21015582
2024-05-15,111.58417501,74.11277778,21.45111111,0.106,9.3094975,1.09972548
2024-05-16,61.88491322,73.31493056,22.13263889,0.01079167,14.27471913,0.98458311
2024-05-17,45.04152826,71.845,22.77381945,0.00066667,13.55362083,1.71825404
2024-05-18,49.1337036,67.38347222,23.43847222,0.00054167,11.68385708,1.90386669
2024-05-19,78.40800007,59.74215278,23.78083333,8.333e-05,7.81097217,1.72466786
2024-05-20,88.60218127,63.610625,23.73875,0.000375,11.13516167,1.52009316
2024-05-21,80.9828223,71.52618055,22.13173611,0.017625,9.90027,1.50427799
2024-05-22,163.06482179,67.55222222,23.24555556,0.014,18.28838042,1.03504154
2024-05-23,106.3082438,71.51048611,22.04423611,0.048625,9.10895333,1.44849048
2024-05-24,92.44513129,71.51277778,22.32708333,0.02641667,12.19658167,1.48384003
2024-05-25,86.79947891,71.80777778,22.05659722,0.00016667,14.18078783,1.6236925
2024-05-26,51.6205741,63.08458333,23.47180556,0.00020833,7.77783522,1.80211915
2024-05-27,113.39343748,69.42833333,22.43583333,0.00891667,12.93235917,1.31056877
2024-05-28,92.7606963,69.09041667,22.80326389,0.04854167,7.63805455,1.89929662
2024-05-29,56.61759724,78.94138889,20.89784722,0.07554167,,1.22586048
2024-05-30,118.1189242,76.90138889,21.14583333,0.15675,,0.88862801
2024-05-31,107.79979355,70.32855073,22.93550725,0.05047826,,1.58283336
2024-06-01,51.49345812,61.15833333,24.61930556,8.333e-05,9.52173913,1.93313456
2024-06-02,136.60968493,66.64534722,23.41756944,0.01720833,8.42914708,1.43911184
2024-06-03,125.74666865,67.02534722,23.02125,0.044625,6.18045167,1.52457276
2024-06-04,67.58614998,83.33350379,20.33876894,0.00345455,13.47722667,0.79768502
2024-06-05,,,,,11.12812708,
2024-06-06,,,,,11.78835208,
2024-06-07,,,,,13.39923174,
2024-06-08,,,,,9.54329417,
2024-06-09,,,,,8.44047522,
2024-06-10,,,,,11.32007958,
2024-06-11,,,,,10.14060957,
2024-06-12,,,,,10.21820955,
2024-06-13,,,,,10.53604833,
2024-06-14,,,,,18.21468,
2024-06-15,,,,,10.80191667,
2024-06-16,,,,,7.22285087,
2024-06-17,,,,,8.86514125,
2024-06-18,,,,,11.71799708,
2024-06-19,,,,,14.02431136,
2024-06-20,,,,,8.37190833,
2024-06-21,,,,,9.72839542,
2024-06-22,,,,,11.61304208,
2024-06-23,,,,,6.73587,
2024-06-24,,,,,7.61800292,
2024-06-25,,,,,11.60778957,
2024-06-26,,,,,13.58122909,
2024-06-27,,,,,10.478152,
2024-06-28,,,,,10.668705,
2024-06-29,,,,,8.58904826,
2024-06-30,,,,,8.43443727,
2024-07-01,,,,,9.83478261,
2024-07-02,,,,,15.20761292,
2024-07-03,105.11786221,61.66347222,24.04597222,0.00041667,10.71770048,1.57823253
2024-07-04,77.19284868,74.23083333,21.04770833,0.01825,9.93767333,1.56489903
2024-07-05,163.65155855,79.68654605,19.48156433,0.04079167,14.28230667,0.86791109
2024-07-06,103.68136481,68.05159722,22.02777778,0.000875,11.35396043,1.63534421
2024-07-07,87.15449786,59.96611111,23.17493056,0.00033333,7.77528417,1.23214023
2024-07-08,80.95136621,59.15458333,23.32645833,0.00016667,9.43005833,1.41687849
2024-07-09,62.06541357,56.62736111,23.27125,0.000625,9.00743217,1.28981056
2024-07-10,59.23103941,65.05743056,22.91236111,0.0,10.88600375,1.45961468
2024-07-11,54.39556813,62.7775,23.32409722,0.0035,15.26435208,1.84565234
2024-07-12,88.96225264,71.01978927,20.80350814,0.01308333,14.77155857,1.30467226
2024-07-13,81.63387098,59.95013889,22.39111111,0.00016667,10.13611957,1.11646318
2024-07-14,57.72991389,59.93875,23.47666667,4.167e-05,7.53203333,1.92727785
2024-07-15,61.451648,59.86444444,23.46458333,4.167e-05,8.2928345,1.97779081
2024-07-16,66.53135582,55.52666667,23.454375,0.0,10.7364787,1.87125944
2024-07-17,68.51183828,51.4125,24.04006944,0.0,11.14185708,1.71617944
2024-07-18,49.60449057,57.58680556,23.02743056,4.167e-05,11.28603292,2.33640293
2024-07-19,53.5812921,67.11993056,21.48652778,8.333e-05,11.82806087,1.96610442
2024-07-20,73.52723191,58.40243056,22.93993056,4.167e-05,12.19228833,1.3252287
2024-07-21,53.19605243,60.8116978,23.18465038,0.005625,8.86299864,1.79835754
2024-07-22,53.56539878,58.24013889,23.655,4.167e-05,7.82633458,2.08209197
2024-07-23,80.19796611,55.69798611,23.37416667,0.0,11.94630625,1.51659407
2024-07-24,56.77393832,57.84972222,23.51118056,4.167e-05,15.68135083,2.32243415
2024-07-25,48.84137527,61.89423611,23.43729167,0.0,15.55133208,2.04903575
2024-07-26,52.80297515,63.90159722,22.95958333,0.01629167,15.4636625,2.07930089
2024-07-27,58.010964,70.43826389,21.99743056,0.09216667,11.00993,2.20826231
2024-07-28,50.6401143,66.74840278,22.34638889,0.0005,11.48031292,1.86812793
2024-07-29,85.94168966,53.53819444,24.27340278,0.0,8.8202825,1.40915164
2024-07-30,73.47982589,51.14986111,23.34243056,0.0,12.99702,1.62345158
2024-07-31,73.00509137,49.85847826,23.405,0.0,13.01003571,1.43524532
2024-08-01,71.31235013,50.70256944,22.75416667,0.0,14.19,1.671494
2024-08-02,49.45527295,54.61631944,23.54777778,0.0,,2.43872988
2024-08-03,65.81011838,65.70180556,21.74201389,0.01116667,,1.58194297
2024-08-04,43.65852213,64.10395833,22.965625,0.0325,,2.38690375
2024-08-05,132.91593442,70.53034722,21.08930556,0.09283333,10.7017525,1.08445331
2024-08-06,123.57688564,74.1525,20.18909722,0.068,13.38107583,1.12101645
2024-08-07,103.58727477,70.91215278,20.88854167,0.00016667,10.4691825,1.25838849
2024-08-08,58.65262125,69.56472222,21.750625,0.0,15.61957292,1.71509905
2024-08-09,86.12481208,72.89020833,20.54847222,0.05775,11.71126583,1.07056591
2024-08-10,66.19524778,73.650625,20.79451389,0.02020833,11.02265391,1.62640377
2024-08-11,149.02883372,74.00006944,19.78256945,0.10645833,6.98488273,0.90150192
2024-08-12,63.34174115,65.63673611,22.13743056,0.02920833,10.64941083,1.76990047
2024-08-13,82.72154412,63.63541667,22.03,0.034875,8.78388,1.90356241
2024-08-14,57.05259884,57.97270833,23.68,4.167e-05,13.45638476,1.74142782
2024-08-15,87.69359692,53.22673611,23.93659722,0.0,18.56459739,1.18968884
2024-08-16,78.85402777,58.38375,22.99597222,0.01641667,13.72931458,1.55624552
2024-08-17,82.56017538,53.33291667,22.92527778,0.010625,10.42956478,1.5902886
2024-08-18,67.88159054,55.19006944,22.84916667,0.0,11.23450667,1.88662984
2024-08-19,71.89329982,55.39055556,22.91645833,4.167e-05,10.56999,1.59636759
2024-08-20,81.61722857,55.551875,23.56423611,8.333e-05,15.84324625,1.31128478
2024-08-21,66.22656291,58.18145833,23.38847222,0.0,15.24947455,2.04525216
2024-08-22,78.11266512,65.32715278,22.730625,0.00208333,13.6897475,1.70149756
2024-08-23,69.60086858,70.49451023,21.42975512,0.01783333,8.702065,2.12996082
2024-08-24,131.19981682,69.27208333,21.53583333,0.05641667,10.128095,1.13923117
2024-08-25,64.96978785,71.55256944,20.719375,0.01979167,8.09990917,1.47543495
2024-08-26,67.43351945,63.61201389,22.09375,0.0,14.47344261,1.16540358
2024-08-27,60.26869018,62.386875,22.25375,0.0,15.540655,1.97295399
2024-08-28,46.04962393,59.355,23.63458333,0.01875,15.83389261,1.83746951
2024-08-29,115.79164206,63.64326389,22.09166667,0.00366667,14.5063613,1.28362054
2024-08-30,69.41968599,50.61076389,23.16118056,0.0,16.66027889,1.60270884
2024-08-31,83.68240847,57.11963768,22.83166667,0.0,18.76336364,1.81335025
2024-09-01,141.02242785,65.66638889,21.09805556,0.201875,11.7,1.2065844
2024-09-02,72.68785306,64.66048611,22.18888889,0.05041667,18.436275,1.71501403
2024-09-03,69.54579607,65.99277778,22.69701389,0.01904167,19.0782625,1.44163442
2024-09-04,52.52377313,64.19861111,23.34777778,0.02066667,16.57000833,2.10582083
2024-09-05,69.5458311,61.42826389,23.16625,0.08383333,10.96959042,1.72526384
2024-09-06,57.01677283,56.5575,23.95652778,0.0,20.33143609,1.75015039
2024-09-07,54.32346801,62.25993056,22.86270833,8.333e-05,12.66027958,1.9997176
2024-09-08,84.97781062,53.99798611,23.41847222,0.0,16.49490391,1.47166569
2024-09-09,85.51598395,48.63652778,24.07861111,0.0,16.4285175,1.16009624
2024-09-10,62.65480339,57.01520833,23.11770833,0.00025,18.01068833,1.63154494
2024-09-11,53.01321694,60.57951389,23.78875,0.0,18.00227333,2.04199436
2024-09-12,48.69403218,66.13319445,23.1875,0.00754167,19.20763333,2.02828943
2024-09-13,67.73248214,62.94605697,22.36625235,0.026625,12.35634,1.65632913
2024-09-14,59.98104533,62.40645833,23.94979167,0.0,15.50757733,1.84845925
2024-09-15,45.65435396,57.13534722,25.09618056,8.333e-05,12.92401826,2.18700278
2024-09-16,55.36425119,55.29090278,24.65923611,0.00429167,12.61466042,2.11773525
2024-09-17,74.06819988,57.95326389,23.05145833,0.04820833,11.70910083,1.34063868
2024-09-18,103.39851656,56.08777778,24.29833333,0.0,17.2011725,1.76194657
2024-09-19,50.86692223,60.70138889,23.93465278,0.0005,18.9908875,1.81489954
2024-09-20,75.36168477,59.52041667,22.94298611,0.0275,15.35385208,1.66139779
2024-09-21,93.4057993,63.89506945,22.576875,0.00908333,12.6373775,1.67932751
2024-09-22,105.89846202,68.34458333,21.44763889,0.019625,10.20603913,1.48086168
2024-09-23,112.58245975,67.42826389,21.33868056,0.08554167,9.33157042,1.03415376
2024-09-24,50.27795038,63.9575,23.15645833,0.004375,9.71433958,1.90509481
2024-09-25,72.41072816,64.92354167,22.72881944,0.000875,10.63374909,1.50227181
2024-09-26,89.88468213,65.67430556,21.039375,0.01283333,9.97779792,1.56585475
2024-09-27,138.4718019,72.91784722,20.04520833,0.04379167,16.16160478,0.84120577
2024-09-28,171.88628977,68.49229167,20.28715278,0.02145833,14.23807917,1.22756007
2024-09-29,97.86151673,75.91729167,19.01319445,0.07779167,6.92496583,0.75648594
2024-09-30,104.4399266,74.83826087,19.55942029,0.0043913,11.89636955,0.94576014
2024-10-01,66.82222297,69.66125,21.04680556,0.003375,11.0125,1.37564438
2024-10-02,80.98067107,68.64638889,21.366875,0.001375,11.57687565,1.5370407
2024-10-03,70.28209351,63.05,22.46006944,0.0,7.99195,1.74388638
2024-10-04,82.55646121,69.00986111,20.93618056,0.14604167,11.99207696,1.38580442
2024-10-05,110.94524749,72.0325,20.58902778,0.10554167,14.51673292,0.8698214
2024-10-06,67.9522694,70.81597222,20.96027778,4.167e-05,11.21773043,1.39977056
2024-10-07,132.08989744,72.19930556,20.61583333,0.031875,11.73284826,0.90128887
2024-10-08,127.43966902,74.09798611,20.10479167,0.00791667,13.32341609,1.22743382
2024-10-09,74.75121521,68.9225,21.19076389,0.00283333,7.22760571,1.58676386
2024-10-10,93.49591627,75.38125,20.40215278,0.05125,6.73751727,0.90329919
2024-10-11,80.30060312,65.89819444,22.12923611,0.000125,10.02652292,1.80287255
2024-10-12,57.68903729,62.72354167,22.98076389,0.0,9.48624611,1.67030519
2024-10-13,74.10260422,56.24041667,23.258125,0.00545833,5.479298,1.45704912
2024-10-14,69.79365816,58.98423611,22.89916667,0.0,8.37435609,1.37191522
2024-10-15,111.08459905,65.33125,22.38923611,4.167e-05,13.43199381,1.09850415
2024-10-16,83.27977712,71.11625,21.65513889,0.02016667,12.41159292,1.24479131
2024-10-17,68.12302636,65.77722222,22.72222222,0.0,12.65881,1.7621598
2024-10-18,56.19841702,65.27513889,23.48826389,0.0,16.56052238,1.89147817
2024-10-19,143.1448236,63.72451389,21.70541667,0.005,11.72505333,1.09721439
2024-10-20,177.34770089,66.43645833,21.86069444,0.05758333,9.6241525,1.08543609
2024-10-21,170.1441847,68.288125,21.115,0.0005,13.17167417,0.99539879
2024-10-22,65.63835598,70.53770833,21.32194444,0.00058333,6.61198545,1.55555847
2024-10-23,45.01970934,67.49680556,22.41083333,0.004625,8.85630042,1.66503615
2024-10-24,62.14246151,69.90805556,21.97520833,0.01058333,9.43376708,1.14755317
2024-10-25,59.48148281,61.57236111,23.71826389,4.167e-05,9.1300125,1.98753185
2024-10-26,63.90376694,66.57354167,23.00069444,0.00020833,10.93640833,1.40392493
2024-10-27,49.82175161,74.14611111,22.15381944,0.02566667,10.96182208,1.49011887
2024-10-28,75.78800927,66.62958333,22.191875,0.0,10.46982208,1.51972875
2024-10-29,70.58569788,63.80986111,22.36270833,4.167e-05,14.38086875,1.55350303
2024-10-30,152.93416526,68.69388889,21.24402778,0.01395833,15.062655,1.28091713
2024-10-31,135.16219314,68.10666667,21.3842029,0.0,14.73702435,1.05417541
2024-11-01,142.17554908,74.97729167,20.19701389,0.00970833,15.15416667,1.04443194
2024-11-02,146.02101536,67.93868056,21.42770833,0.00016667,12.6722075,0.96105493
2024-11-03,161.66498363,68.80923611,21.28868056,0.00933333,10.68978,1.00208427
2024-11-04,143.55403549,77.28861111,19.53833333,0.01754167,7.68900435,0.7876399
2024-11-05,103.62664133,69.98736111,20.66180556,0.00025,10.01742375,1.37732005
2024-11-06,63.93782307,67.17430556,21.65381944,4.167e-05,11.71214348,1.85896424
2024-11-07,99.27675735,68.97229167,20.91298611,0.00095833,13.32394417,1.06988781
2024-11-08,165.75451141,80.47145833,18.55416667,0.02441667,17.25234167,0.88609727
2024-11-09,190.93263612,73.74104167,19.72236111,0.03704167,10.58708913,1.02109439
2024-11-10,99.00593998,74.34916667,19.99555556,0.011,5.78322043,1.20694124
2024-11-11,162.36916711,72.50534722,19.95298611,0.034375,6.6711695,0.70826207
2024-11-12,103.26784817,70.83645833,20.70263889,0.01516667,11.21742273,1.27883575
2024-11-13,138.01659394,72.76701389,20.41201389,0.025,11.72959042,1.05581869
2024-11-14,135.3633534,73.89597222,19.71347222,0.01595833,11.71651042,0.90836469
2024-11-15,47.04370672,71.27423611,20.70291667,4.167e-05,12.82794048,1.5984529
2024-11-16,76.99290265,72.28020833,20.26041667,0.00075,10.815025,1.1225443
2024-11-17,60.8713684,69.16951389,20.65451389,0.00491667,9.05616522,1.68157809
2024-11-18,104.13448543,70.71152778,20.26645833,0.03725,7.49012522,1.5136609
2024-11-19,162.81474343,72.67243056,19.95590278,0.0005,15.29821,0.95128536
2024-11-20,99.63739626,71.208125,19.80743056,0.17195833,11.74128958,1.13879822
2024-11-21,62.54977618,71.90784722,20.706875,0.01654167,10.10805708,1.36946371
2024-11-22,74.73399742,72.66506944,20.51770833,0.00033333,10.53650478,1.40265131
2024-11-23,89.62805671,75.57875,20.15729167,0.01429167,9.99527833,0.99341547
2024-11-24,75.78059906,72.03118056,21.16180556,0.00054167,8.02736095,1.41594003
2024-11-25,67.27862467,67.63715278,22.15513889,0.0,8.08428538,1.36672993
2024-11-26,61.61647257,66.54465278,22.74875,0.00066667,7.78199208,1.78848431
2024-11-27,72.90844941,71.88520833,20.79180556,0.01958333,7.2007087,1.02233228
2024-11-28,53.69115014,69.95118056,21.48326389,0.00029167,8.27172125,1.80314581
2024-11-29,56.80374359,70.490625,21.80215278,0.0,11.11064708,1.57197047
2024-11-30,71.55589751,61.30405797,22.80543478,4.348e-05,9.07110913,1.34079021
2024-12-01,70.26712227,65.24034722,22.42361111,0.00070833,10.37083333,1.32823898
2024-12-02,73.97944936,68.21618056,21.62923611,0.00091667,8.69135833,1.14393028
2024-12-03,81.40978656,67.08604167,21.46645833,4.167e-05,9.81130583,1.19677442
2024-12-04,89.76632587,65.43923611,21.69986111,0.0,8.95105292,1.41609356
2024-12-05,60.76062852,66.07513889,21.92625,4.167e-05,11.07892292,1.72539409
2024-12-06,63.59784991,62.21236111,21.71833333,0.00020833,12.11577,1.81733073
2024-12-07,73.3505847,59.34013889,20.84118055,0.0,9.66171458,1.89922622
2024-12-08,82.94500693,58.55048611,20.54659722,4.167e-05,9.30998042,1.68031976
2024-12-09,74.1846669,63.57326389,21.66993056,8.333e-05,11.80579083,1.70564423
2024-12-10,91.66235503,68.41,21.39083333,0.00045833,14.08945,1.23948926
2024-12-11,83.41094771,66.018125,21.43159722,8.333e-05,16.35173583,1.58390058
2024-12-12,80.53986493,64.66097222,21.18979167,0.0,13.83631042,1.62793658
2024-12-13,44.37589611,63.24986111,21.54534722,4.167e-05,12.54146875,1.76984337
2024-12-14,38.80901678,65.12145833,21.34236111,0.00275,15.78021417,1.72994614
2024-12-15,93.21246509,77.00930556,19.49006944,0.165,8.65824958,1.09167439
2024-12-16,41.39436832,73.38722222,20.38881945,0.0,11.99554381,1.54163587
2024-12-17,43.97362946,67.63166667,22.03888889,0.00033333,17.26545667,1.88954314
2024-12-18,62.78646175,66.61194444,22.64923611,0.0,16.32828083,1.64917574
2024-12-19,93.07002854,73.28694444,20.57305556,0.00829167,16.50919708,0.95901079
2024-12-20,69.09160087,69.003125,21.27354167,0.04029167,13.2161175,1.40553912
2024-12-21,79.03548921,77.24076389,20.11854167,0.137875,12.23398087,1.07386991
2024-12-22,70.33268642,68.658125,21.59680556,0.00029167,9.22490217,1.63506521
2024-12-23,44.0624502,69.65,21.26243056,0.00058333,5.70473458,1.41754338
2024-12-24,115.31499849,69.81493056,21.17631944,0.00108333,14.22332292,1.14141527
2024-12-25,52.96306127,68.82263889,21.45097222,0.00029167,12.55817565,1.40524605
2024-12-26,135.98522252,73.79430556,20.68527778,0.005625,11.54475042,0.95039134
2024-12-27,127.41302396,77.24229167,19.70763889,0.00508333,16.04261348,1.05842493
2024-12-28,68.51827598,69.13159722,20.77145833,0.001,10.40234348,1.60200321
2024-12-29,54.69421636,70.47208333,20.75638889,0.000625,7.30373917,1.58646096
2024-12-30,75.78324121,75.81256945,19.995625,0.01045833,10.21522333,1.11074711
2024-12-31,61.85477256,71.92282609,20.05268116,0.00052174,11.34763727,1.23191624
2025-01-01,69.43273265,72.165,20.39104167,0.002,16.35416667,1.24945922
2025-01-02,106.87703098,73.04902778,20.49805556,0.008,11.77422043,1.03431995
2025-01-03,108.22499502,72.34965278,20.46506944,0.00058333,10.89885304,1.14054781
2025-01-04,112.31529085,73.32604167,20.55104167,0.04325,10.247395,0.78656578
2025-01-05,87.24577051,72.83833333,20.57611111,0.01208333,7.43470238,1.1442012
2025-01-06,69.60498261,68.61631945,21.61951389,0.0,6.2826525,1.61819012
2025-01-07,66.37281165,70.20513889,21.91104167,0.0,11.0915213,1.18724752
2025-01-08,50.18759608,67.09368056,22.13784722,4.167e-05,10.45329375,1.5953925
2025-01-09,58.36716736,66.13972222,21.71333333,8.333e-05,10.14659083,1.64639022
2025-01-10,79.24513578,64.59951389,21.71486111,0.0,9.60182542,1.47222496
2025-01-11,46.27797112,66.50423611,22.04652778,4.167e-05,13.69898875,1.85062431
2025-01-12,62.4311413,64.31868056,22.07375,0.0,12.7327625,1.82863076
2025-01-13,72.99821186,61.83159722,21.32083333,0.0,12.76375333,1.46652958
2025-01-14,78.45467839,60.43534722,21.31201389,0.00045833,10.92057818,1.56481134
2025-01-15,76.28177979,59.40048611,21.02555556,0.0,12.41578381,1.64667963
2025-01-16,70.90415456,58.50680556,21.72923611,0.0,11.77739167,1.39744471
2025-01-17,62.77247962,61.47583333,21.22361111,0.000125,9.54017208,1.74906579
2025-01-18,79.98989587,60.099375,21.38194445,0.0,9.67574375,1.69489732
2025-01-19,69.11557169,61.63347222,21.42076389,8.333e-05,13.26157208,1.49015777
2025-01-20,91.41453877,60.05041667,21.094375,0.0,13.09248333,1.52237294
2025-01-21,83.17778323,58.2375,21.63895833,0.0,15.63101583,1.42373975
2025-01-22,80.31087983,58.12791667,21.51173611,4.167e-05,14.69417125,1.58147178
2025-01-23,68.38329881,53.96451389,21.73888889,4.167e-05,14.0127825,1.3675031
2025-01-24,75.62455299,67.01263889,20.43090278,0.00020833,18.63582917,1.23293489
2025-01-25,61.11390701,67.86034722,21.24631944,0.01516667,17.2070425,1.74822009
2025-01-26,69.30768905,69.90284722,20.93319444,0.00441667,12.16657,1.47641399
2025-01-27,54.3312883,64.67902778,22.23472222,0.00375,14.02735083,1.79560677
2025-01-28,54.53318588,66.46263889,22.39965278,4.167e-05,12.27267625,1.71460626
2025-01-29,61.16578698,61.96152778,22.73076389,0.004875,9.85688833,1.91471189
2025-01-30,49.96973287,59.77972222,23.126875,0.01683333,10.99664667,1.94331102
2025-01-31,57.37831597,65.28847826,22.80384058,0.00291304,13.75868043,1.7776107
2025-02-01,84.92214095,64.18701389,22.92319444,0.00095833,14.89166667,1.56966183
2025-02-02,61.91225758,64.30222222,22.46902778,0.0,15.01399583,1.79699977
2025-02-03,32.71060372,64.43201389,22.36590278,0.000875,17.26992727,1.99869971
2025-02-04,130.3541329,71.00048611,21.12291667,0.15625,18.09900958,1.14428953
2025-02-05,82.46046768,75.5425,19.97694444,0.02066667,20.46278292,0.73776854
2025-02-06,48.11188233,67.32833333,21.56673611,0.000125,20.25485417,1.54040554
2025-02-07,89.98530971,67.33847222,21.65020833,0.00175,19.05238042,1.54832855
2025-02-08,91.43164923,71.95993056,21.10645833,0.01441667,18.1549125,1.01106829
2025-02-09,75.03583984,76.38805556,20.08784722,0.06645833,15.76786958,1.16172291
2025-02-10,45.10493819,67.26354167,21.79659722,0.0,14.59969,1.8075797
2025-02-11,69.31577151,69.10875,20.43215278,0.04770833,11.28529895,1.29512419
2025-02-12,97.1080981,71.05229167,20.4125,0.05195833,10.03618875,1.2329342
2025-02-13,111.52145945,71.53458333,20.48,0.0705,11.943091,1.13144073
2025-02-14,65.6082121,70.91854167,20.65791667,0.00029167,17.03044542,1.41201689
2025-02-15,75.49812237,65.83458333,21.22201389,0.00075,13.53398917,1.47484246
2025-02-16,112.022937,69.13784722,20.57055556,0.09754167,11.18554083,1.0087775
2025-02-17,73.82594457,67.06513889,20.45395833,0.0545,9.78263583,1.51388764
2025-02-18,107.54391777,73.95409722,20.37881944,0.02225,13.38848583,0.75668963
2025-02-19,70.36296422,70.919375,21.47090278,0.01525,15.6629635,1.34297226
2025-02-20,47.5544801,68.46201389,22.08680556,0.00316667,14.8868125,1.77876313
2025-02-21,67.61060412,69.87215278,21.17729167,0.06808333,15.51682435,1.21347062
2025-02-22,83.06438124,74.75395833,20.68659722,0.014375,17.02423417,1.16547431
2025-02-23,39.05258482,74.14215278,21.26125,0.00491667,11.37554435,1.75624816
2025-02-24,100.39596149,75.53756944,20.25333333,0.161125,13.5121613,0.82728275
2025-02-25,72.78464662,77.053125,19.79868056,0.002875,14.6434325,1.22848591
2025-02-26,61.26205689,69.10159722,21.85833333,0.0,12.21748957,2.01195023
2025-02-27,44.32695927,67.00888889,22.31034722,0.000125,11.2353375,1.71815253
2025-02-28,108.84796323,73.03789855,20.74702898,0.00652174,15.71769043,1.06041464
2025-03-01,96.91523825,68.09111111,21.50847222,0.005625,16.75416667,0.87159213
2025-03-02,67.35345285,63.32541667,21.81118056,0.00020833,12.86013333,1.77506692
2025-03-03,70.13829852,64.223125,21.96666667,0.00029167,15.96537917,1.75356616
2025-03-04,103.54683779,73.45673611,20.29965278,0.09858333,17.28998409,1.1592248
2025-03-05,68.78653289,72.791875,21.04486111,0.016,17.14822625,1.45949927
2025-03-06,60.05741806,67.38430556,20.75645833,4.167e-05,11.9592225,1.43546001
2025-03-07,55.15132814,69.29305556,20.26388889,0.0,14.62707167,1.41820035
2025-03-08,59.40441535,62.62395833,22.42416667,4.167e-05,13.2288,1.55854389
2025-03-09,53.60196824,62.13118056,23.03541667,0.0,19.41971458,1.86975879
2025-03-10,78.97709848,59.88333333,22.38236111,0.00175,19.37503333,1.77249019
2025-03-11,107.50705684,69.31243056,20.51118056,0.03783333,21.46304167,1.46489562
2025-03-12,66.63731253,71.68416667,20.62256944,0.0,22.33777917,1.545871
2025-03-13,111.72910942,69.23645833,20.70770833,0.05520833,13.9428345,1.09246813
2025-03-14,141.44690845,69.02381945,21.32333333,0.00183333,21.592125,1.10577439
2025-03-15,75.56668889,64.71173611,21.97333333,4.167e-05,24.02676167,1.74305231
2025-03-16,84.96081098,68.10666667,21.27208333,0.039125,15.4902925,1.37001455
2025-03-17,96.33932756,71.95166667,20.98868056,0.00533333,19.3140825,1.67012698
2025-03-18,77.6643201,71.16923611,20.85118056,0.00041667,13.27923208,1.63347818
2025-03-19,51.41164572,66.34368056,22.10868056,0.0,13.3927575,2.08082056
2025-03-20,46.19398632,66.86006944,22.48458333,0.00620833,11.94735591,2.12329049
2025-03-21,87.98108035,65.97048611,22.15756944,0.00258333,9.23542792,2.0002539
2025-03-22,75.86193839,61.34652778,23.11368056,0.00566667,11.58205542,1.18071465
2025-03-23,68.02070511,59.61597222,23.31611111,0.0,14.25296042,1.62115776
2025-03-24,83.374844,57.31152778,23.11576389,0.0,15.88464125,1.4742613
2025-03-25,103.34175874,66.33513889,21.57930556,0.00020833,19.7269625,1.02865476
2025-03-26,53.30778857,64.05444445,22.41784722,0.0,21.31937917,1.59844234
2025-03-27,98.79013393,67.81916667,21.55354167,0.02916667,18.13539042,1.41889495
2025-03-28,120.1294506,71.56354167,20.65229167,0.06870833,20.881775,1.16061374
2025-03-29,97.47716796,71.25340278,20.76138889,0.00175,14.64812292,0.93174042
2025-03-30,123.29511654,71.10680556,20.80138889,0.00295833,16.25696792,0.81439391
2025-03-31,63.23209153,70.08130435,21.25615942,0.03730435,15.17150783,1.14193293
2025-04-01,49.60555593,69.26291667,21.53111111,0.00408333,13.85,1.72849629
2025-04-02,95.89866024,73.73083333,20.71909722,0.01875,15.03644348,1.02099835
2025-04-03,108.89122799,73.95458333,20.89402778,0.08441667,16.3505313,1.34667065
2025-04-04,131.06476717,74.95298611,20.18819444,0.061125,13.50743792,0.86113742
2025-04-05,121.24076416,71.15493056,20.96395833,0.006,12.7878375,1.1970131
2025-04-06,117.32487208,75.68840278,19.66090278,0.08529167,12.89172458,0.82155773
2025-04-07,107.05640001,68.88875,21.61215278,0.05779167,13.62788696,1.5336241
2025-04-08,93.81869539,70.13944445,21.31777778,8.333e-05,8.75716783,1.04662435
2025-04-09,92.61650789,71.868125,21.23229167,0.01141667,12.82034292,1.45975104
2025-04-10,77.19805685,79.01506945,19.90048611,0.21858333,7.82224167,1.17704612
2025-04-11,148.64509719,68.74118056,21.22395833,0.024,9.565825,1.126502
2025-04-12,69.57322208,67.06805556,22.23451389,0.00308333,6.68580917,1.83925971
2025-04-13,55.75423198,62.33840278,23.66638889,0.00104167,10.50137136,1.79853497
2025-04-14,62.48230591,62.659375,23.47833333,0.04004167,10.16289042,1.49588669
2025-04-15,94.08742247,61.41541667,23.47222222,0.0,13.46857333,1.26107143
2025-04-16,68.58236622,64.01208333,23.25826389,0.00158333,17.6290975,1.86589464
2025-04-17,79.00794312,71.01673611,22.02763889,0.014125,15.50088958,1.48805018
2025-04-18,55.90175644,63.23243056,23.76298611,0.00083333,12.09096708,1.76624961
2025-04-19,76.40187477,65.31715278,22.92951389,0.00345833,8.45418174,1.74439895
2025-04-20,127.1812489,69.40381945,20.60111111,0.05154167,5.95648524,0.83563677
2025-04-21,98.44130254,70.86917373,20.76946328,0.00925,11.35525118,1.27045752
2025-04-22,97.24281621,75.23777778,20.43097222,0.01233333,14.77794182,0.90824093
2025-04-23,49.2552801,68.42131944,21.60784722,0.0,10.20491348,1.49201712
2025-04-24,54.7925284,71.66770833,21.37756945,0.142625,6.99787136,1.54628563
2025-04-25,97.38509372,72.44819444,20.81409722,0.07545833,11.38069125,1.43651254
2025-04-26,76.88351064,70.42916667,20.93,0.016,9.72411435,1.5545801
2025-04-27,82.05731769,76.92465278,20.00729167,0.03004167,10.41366739,1.05840786
2025-04-28,87.22792144,74.40951389,20.74361111,0.02570833,9.9798075,0.8908095
2025-04-29,87.14535744,78.38125,20.19118056,0.22066667,8.82178909,1.09620223
2025-04-30,155.46607776,70.01905797,21.08731884,0.16934783,8.80815391,0.73261448
2025-05-01,79.23829117,79.03930555,19.87125,0.0515,12.67083333,0.98044842
2025-05-02,68.68502321,76.36888889,20.33763889,0.00320833,10.11558667,1.11283217
2025-05-03,56.41889803,75.50069445,20.87590278,0.00695833,11.31953875,1.28230132
2025-05-04,66.88131399,73.15256944,21.06,0.02233333,8.844,1.21683653
2025-05-05,147.58698702,74.38006944,20.27805555,0.161125,8.5700087,0.82975204
2025-05-06,121.46573793,77.30111111,19.56861111,0.12195833,8.20732208,0.91161579
2025-05-07,82.76278425,76.63958333,20.03131944,0.000125,12.16553667,1.12992574
2025-05-08,79.71889101,78.65069444,19.97979167,0.023,9.6761875,1.22763145
2025-05-09,73.13920204,68.258125,21.97673611,0.00016667,14.34844708,1.49247516
2025-05-10,93.67811413,56.01222222,23.24826389,0.0,7.6836719,1.21532491
2025-05-11,87.6569778,60.48270833,22.51048611,0.0,8.07263476,1.19258932
2025-05-12,67.11903471,59.32513889,23.47715278,0.001875,8.10547348,1.43902982
2025-05-13,91.79015754,69.13479167,22.10166667,0.00041667,14.674855,0.90404536
2025-05-14,69.39957333,76.75715278,21.153125,0.06404167,13.37771957,1.17290067
2025-05-15,98.37942596,76.68465278,20.03402778,0.03495833,10.33474375,1.15588874
2025-05-16,80.29867124,77.10152778,20.10722222,0.02991667,18.10129167,1.00932829
2025-05-17,130.86577881,73.796875,20.70791667,0.10904167,9.03822043,1.12924017
2025-05-18,104.68912662,77.11472222,20.13375,0.00904167,7.25134375,0.78942934
2025-05-19,88.75380793,73.40256944,20.92895833,0.131375,6.09603696,1.33273621
2025-05-20,155.2467663,71.45868056,21.22284722,0.03045833,9.42956625,0.82854366
2025-05-21,78.19809791,71.68027778,21.25541667,0.19625,9.14786708,1.54588662
2025-05-22,84.63577396,72.04618056,21.12597222,0.01145833,9.45352417,0.97444653
2025-05-23,64.90647469,61.82666667,23.63638889,0.01958333,8.88385625,1.4929697
2025-05-24,57.99461374,66.31958334,22.58847222,0.002,7.47244913,1.66913464
2025-05-25,57.63151801,61.70888889,23.460625,0.0,8.80431375,1.72587195
2025-05-26,54.03320334,69.27777778,22.09104167,0.00054167,9.54974333,1.75079453
2025-05-27,56.50047477,74.02979167,21.01171875,0.07608333,9.44851,1.27803233
2025-05-28,77.21041922,65.56511905,22.3527381,0.00664286,11.41380957,1.52499892
2025-05-29,,,,,10.18605917,
2025-05-30,,,,,10.68944417,
2025-05-31,,,,,8.29516826,
2025-06-01,,,,,6.8625,
2025-06-02,,,,,7.93832261,
2025-06-03,,,,,8.14712682,
2025-06-04,,,,,9.60189958,
2025-06-05,,,,,9.75665273,
2025-06-06,,,,,9.74255625,
2025-06-07,,,,,7.94902476,
2025-06-08,,,,,7.53769217,
2025-06-09,,,,,10.90740083,
2025-06-10,,,,,6.95888792,
2025-06-11,,,,,12.64455136,
2025-06-12,,,,,14.74402455,
2025-06-13,,,,,9.67530455,
2025-06-14,,,,,6.82772174,
2025-06-15,,,,,6.57671818,
2025-06-16,,,,,13.07025318,
2025-06-17,,,,,7.37515375,
2025-06-18,99.0031589,44.54473193,24.68737762,0.0,5.13288833,1.30290669
2025-06-19,106.2058403,55.87277778,22.98604167,0.0,6.2491513,1.33557771
2025-06-20,95.44142297,59.58048611,23.07194444,0.00095833,8.07952304,1.55266263
2025-06-21,68.45132466,62.143125,23.28631944,0.0,8.99004783,1.85951432
2025-06-22,106.47308726,76.79076389,20.30083333,0.16454167,8.45162083,1.15225944
2025-06-23,145.69278564,75.77631944,20.14708333,0.123,4.96515652,1.16112235
2025-06-24,117.93358899,79.62777778,19.135625,0.040125,7.11051364,0.95542596
2025-06-25,117.98480175,61.814375,21.76993056,0.00145833,10.98976294,1.22289244
2025-06-26,93.77902969,62.99395833,22.38909722,0.0015,10.13057545,1.92440884
2025-06-27,99.69362201,69.49479167,21.72041667,0.0275,10.83331792,1.61104
2025-06-28,86.47371789,67.05180556,21.59416667,0.00416667,8.77683048,1.87776105
2025-06-29,93.06463398,66.71347222,21.44826389,0.00416667,7.77226522,1.46674799
2025-06-30,98.0879881,61.7065942,22.96253623,0.00104348,7.41699435,1.64627406
2025-07-01,73.06780723,62.55819444,22.79340278,0.000125,9.99565217,1.79036938
2025-07-02,87.65925945,57.85236662,22.90989792,0.0045,9.20924696,1.26551868
2025-07-03,67.55958083,63.21403578,22.28494308,0.00983333,7.89987167,1.5641204
2025-07-04,64.72457797,67.12125343,21.50352956,0.011,7.26868208,2.34339157
2025-07-05,80.32400593,65.293125,21.47097222,0.004625,6.97873826,1.9272524
2025-07-06,64.85402834,67.7125,20.92347222,0.00091667,6.78916348,1.87114919
2025-07-07,78.56826392,61.16659722,22.49652778,0.00079167,9.08812095,1.86546911
2025-07-08,93.6423086,59.55173611,22.80597222,0.00016667,11.15363125,1.64229047
2025-07-09,88.88096686,65.30270214,21.67495174,0.017875,9.333195,1.37576461
2025-07-10,78.09952182,64.34203103,22.4071282,0.0,8.41499542,1.83818321
2025-07-11,65.44525642,67.22264367,21.89606791,0.01029167,8.19038333,1.80916551
2025-07-12,78.52483259,66.79213889,21.99063889,0.00791667,9.26990478,1.82092252
2025-07-13,72.52995564,65.01104167,22.4075,4.167e-05,7.69019696,2.23181993
2025-07-14,76.88835143,63.42111111,22.46868056,0.00195833,7.55093917,1.65286031
2025-07-15,87.5181445,54.87729167,22.98847222,0.0,10.20442833,1.49932273
2025-07-16,88.753527,53.61652778,22.85534722,0.0,11.04159833,2.0213078
2025-07-17,101.99283632,52.57798611,23.474375,0.00054167,9.2638425,1.04318159
2025-07-18,114.19938041,49.78159495,23.18618572,0.0,10.76852125,1.00496344
2025-07-19,88.91230248,51.70671498,22.63501812,0.0,11.0961825,1.47008386
2025-07-20,76.71974427,52.12648081,23.63394163,0.00016667,7.21679,1.45226001
2025-07-21,77.94720745,63.44534722,22.74673611,0.00375,9.11899917,1.82687483
2025-07-22,75.06046161,70.71416895,21.76017238,0.000125,16.94282261,1.61865766
2025-07-23,62.39374279,65.72569291,22.79330834,0.0,15.39113583,2.04584277
2025-07-24,84.5336439,57.76419408,23.54631141,0.0,11.449685,1.3687018
2025-07-25,117.40081189,61.65351021,22.72628586,0.00054167,11.81578667,1.46711347
2025-07-26,151.91174192,65.72784722,21.55069445,0.08779167,9.03979417,1.34064971
2025-07-27,115.96459959,59.09729167,22.33840278,0.006,6.57873682,1.46246008
2025-07-28,107.11998414,60.06076389,22.3825,0.05391667,6.65364,1.3923182
2025-07-29,79.53081358,63.14409722,21.89131944,0.02008333,6.59891273,1.68713744
2025-07-30,113.33351108,63.26951389,22.00194444,0.03304167,8.94591174,1.48989609
2025-07-31,71.84609929,60.60550725,23.38137681,0.0,8.96258739,1.75365711
2025-08-01,72.19973963,61.54152778,23.35777778,0.0275,9.61363636,1.89500104
2025-08-02,132.65819856,63.33784722,22.18784722,0.00041667,10.88190417,1.33006455
2025-08-03,93.67902785,62.01680556,22.16666667,1.52,6.38104609,1.4378741
2025-08-04,69.54377556,58.07046695,22.65849856,0.00125,7.66142409,1.38293145
2025-08-05,100.43792875,56.24965278,21.48694444,0.00041667,9.14290478,1.02036518
2025-08-06,73.44332353,62.45277778,21.88895833,0.27083333,9.9206513,2.00052886
2025-08-07,117.00173764,74.73845519,19.44695231,0.58458333,10.6692475,0.94525074
2025-08-08,124.24841825,73.90145833,19.80243056,0.8075,11.86425682,1.01131319
2025-08-09,176.5662069,67.62215278,20.69590278,0.04916667,7.37661,1.20867338
2025-08-10,164.38818764,69.59020833,20.62152778,0.10833333,11.58927727,1.02820917
2025-08-11,104.84326975,64.06,21.97145833,0.94291667,7.3368575,1.50397614
2025-08-12,81.81237239,64.22666906,22.16755987,0.00041667,8.99192583,1.61844765
2025-08-13,81.4776088,67.88180203,21.77711276,0.00458333,11.36719042,1.52508127
2025-08-14,81.5052087,65.82340278,21.56784722,0.06458333,15.34008,1.44230153
2025-08-15,120.33628002,75.01576389,19.98965278,0.65333333,15.11404375,1.0792696
2025-08-16,114.55645016,73.12666667,19.75472222,0.17666667,10.53046208,1.29191475
2025-08-17,134.50456014,76.53548611,20.02097222,0.77041667,10.99362292,0.81434856
2025-08-18,114.7920295,69.52159722,21.01493056,0.5025,5.50734087,1.55679229
2025-08-19,117.87603763,75.47369972,19.71022314,0.00090909,8.37648696,1.21507435
2025-08-20,,,,,10.11525708,
2025-08-21,55.76452057,56.56520202,24.16222222,0.19090909,7.44498174,2.3963274
2025-08-22,91.15853377,76.42722222,19.85034722,2.08333333,11.4235713,1.4106866
2025-08-23,92.35908299,68.88284722,21.67569445,0.02041667,10.10474125,1.32336959
2025-08-24,74.80762513,68.29507937,21.6502381,0.0147619,8.90145045,1.35153404
2025-08-25,86.65742643,72.1043254,20.49384921,0.04285714,8.49114333,1.49346577
2025-08-26,,,,,11.23472,
2025-08-27,74.19447244,49.66608637,23.8082802,0.0,10.89677955,1.23902054
2025-08-28,125.44151529,59.08194236,21.29392768,0.08052632,9.58028909,0.85599023
2025-08-29,101.10897389,59.63339441,20.25760244,0.0,10.98965417,0.97145511
2025-08-30,92.96962637,62.96065657,21.50595536,0.30136364,13.98460304,1.718076
2025-08-31,95.82071107,70.87810849,21.28481852,0.24652174,14.09127043,0.94571724
2025-09-01,100.62104167,69.26870833,19.50845833,0.43333333,8.0625,1.51433333
2025-09-02,72.99316667,51.99758333,14.215125,0.04791667,5.47511917,1.02416667
2025-09-03,80.41620833,56.36995833,14.85270833,1.65666667,7.47057167,0.745625
2025-09-04,94.482625,64.39354167,17.87495833,0.34208333,9.7442825,0.972375
2025-09-05,69.01716667,68.080625,20.07241667,0.09583333,8.68809458,1.460875
2025-09-06,78.15004167,52.52495833,13.82195833,0.86041667,10.56534083,0.71683333
2025-09-07,116.72804167,68.383125,16.7375,2.41708333,6.42239542,0.84641667
2025-09-08,53.36645833,50.471125,11.878625,0.10291667,5.64453042,0.62645833
2025-09-09,97.20929167,59.99658333,22.12275,0.12083333,6.49325417,1.21545833
2025-09-10,79.77179167,59.020375,23.41708333,0.0225,12.28972125,1.52175
2025-09-11,80.481625,59.71625,23.05170833,0.18291667,13.4511425,1.68633333
2025-09-12,95.48533333,61.50704167,22.295125,0.00333333,14.69319083,1.53616667
2025-09-13,82.773375,55.36383333,20.709375,0.0,10.62430333,1.2495
2025-09-14,70.7765,61.91791667,23.075,0.00041667,11.86231667,1.686875
2025-09-15,54.61425,48.25741667,14.9245,0.01625,9.935925,0.93720833
2025-09-16,62.21266667,44.92954167,12.82033333,0.00041667,15.94938917,0.75420833
2025-09-17,70.98208333,64.009125,19.11408333,0.02791667,10.35715875,1.27641667
2025-09-18,93.17116667,73.02325,16.255625,0.35125,12.44410333,0.76054167
2025-09-19,85.64654167,68.266125,15.683,0.77083333,12.02817625,0.90191667
2025-09-20,56.71633333,47.95545833,11.95054167,0.0075,6.63261083,0.58525
2025-09-21,59.89904167,46.17975,12.665125,0.00125,7.52839083,0.594625
2025-09-22,61.83291667,62.40808333,22.73620833,0.0,7.79294708,2.292125
2025-09-23,88.82295833,58.28070833,22.06841667,0.00583333,10.37569417,1.61833333
2025-09-24,38.39641667,31.656,8.52866667,0.0,14.41415583,0.566875
2025-09-25,0.0,0.0,0.0,0.0,11.27979417,0.0
2025-09-26,0.0,0.0,0.0,0.0,13.81673,0.0
2025-09-27,0.0,0.0,0.0,0.0,14.91149958,0.0
2025-09-28,0.0,0.0,0.0,0.0,8.79677833,0.0
2025-09-29,0.0,0.0,0.0,0.0,6.22514375,0.0
2025-09-30,0.0,0.0,0.0,0.0,11.19301957,0.0
2025-10-01,118.52366667,67.29820833,19.85525,0.38583333,11.42083333,1.485375
2025-10-02,87.532375,64.77495833,21.74966667,0.00333333,10.42371,1.50129167
2025-10-03,87.90445833,59.38366667,17.01708333,0.19041667,8.41201167,1.15958333
2025-10-04,122.88416667,65.13504167,22.00029167,0.03375,10.57566917,1.38891667
2025-10-05,78.03054167,65.17283333,22.15866667,0.3125,5.90982667,1.57745833
2025-10-06,76.50070833,64.996625,17.12970833,1.15958333,6.86781583,1.24195833
2025-10-07,115.54470833,65.78016667,22.02033333,0.0,9.80176083,1.45216667
2025-10-08,149.83854167,76.27945833,18.71679167,0.25333333,14.49016083,1.06791667
2025-10-09,133.80216667,70.629,19.78791667,1.13833333,12.89663542,1.12245833
2025-10-10,200.55104167,71.758625,19.75779167,0.36333333,10.01295167,0.98766667
2025-10-11,74.06029167,38.938625,10.42508333,0.0,12.351335,0.408375
2025-10-12,0.0,0.0,0.0,0.0,9.13024292,0.0
2025-10-13,0.0,0.0,0.0,0.0,7.65889792,0.0
2025-10-14,46.62804167,23.01341667,7.20483333,0.00375,7.43802,0.28195833
2025-10-15,128.61058333,75.323,19.53320833,0.73458333,11.10644333,0.77229167
2025-10-16,110.81908333,67.68179167,17.660125,2.57416667,9.63783958,1.25525
2025-10-17,131.36929167,73.510375,19.71770833,0.10958333,10.70131458,1.14075
2025-10-18,62.75341667,52.55141667,12.76258333,0.00208333,11.53149167,0.68483333
2025-10-19,73.54091667,50.64991667,13.16045833,0.02208333,10.34791042,0.448375
2025-10-20,94.95116667,57.52991667,14.66395833,0.8525,7.868205,0.93804167
2025-10-21,120.39654167,69.27625,20.79545833,0.16583333,8.007745,0.92204167
2025-10-22,146.42541667,78.80470833,19.43741667,1.04583333,16.93740833,0.785
2025-10-23,126.95975,70.689875,16.04458333,1.86958333,17.11089458,0.53683333
2025-10-24,168.28179167,68.321875,15.35708333,0.26125,20.75321667,0.55904167
2025-10-25,101.78645833,39.35216667,9.458875,0.09,11.2159025,0.327875
2025-10-26,49.32195833,43.43475,10.48191667,0.05083333,8.32631667,0.64816667
2025-10-27,114.75579167,50.50091667,11.85195833,0.47958333,8.04507792,0.37008333
2025-10-28,78.85954167,41.05516667,10.67754167,0.0,10.23890167,0.506125
2025-10-29,20.89241667,23.18383333,7.53658333,0.0,11.5338625,0.77258333
2025-10-30,81.37333333,71.348125,21.26979167,0.18208333,7.99969167,1.27120833
2025-10-31,67.31256522,65.77069565,21.75408696,0.12043478,6.84329609,1.88852174
