Fecha,PM10,PST
2002-05-12,,65.14224647
2002-05-13,,
2002-05-14,,
2002-05-15,,90.05718209
2002-05-16,,
2002-05-17,,
2002-05-18,,89.1771887
2002-05-19,,
2002-05-20,,
2002-05-21,,
2002-05-22,,
2002-05-23,,
2002-05-24,,
2002-05-25,,
2002-05-26,,
2002-05-27,,75.73437707
2002-05-28,,
2002-05-29,,
2002-05-30,,87.27036066
2002-05-31,,
2002-06-01,,
2002-06-02,,55.96680531
2002-06-03,,
2002-06-04,,
2002-06-05,,
2002-06-06,,
2002-06-07,,
2002-06-08,,
2002-06-09,,
2002-06-10,,
2002-06-11,,84.19966137
2002-06-12,,
2002-06-13,,
2002-06-14,,
2002-06-15,,
2002-06-16,,
2002-06-17,,
2002-06-18,,
2002-06-19,,
2002-06-20,,90.3510065
2002-06-21,,
2002-06-22,,
2002-06-23,,91.17829179
2002-06-24,,
2002-06-25,,
2002-06-26,,93.18077743
2002-06-27,,
2002-06-28,,
2002-06-29,,94.43474247
2002-06-30,,
2002-07-01,,
2002-07-02,,90.73918826
2002-07-03,,
2002-07-04,,
2002-07-05,,
2002-07-06,,
2002-07-07,,
2002-07-08,,
2002-07-09,,
2002-07-10,,
2002-07-11,,
2002-07-12,,
2002-07-13,,
2002-07-14,,
2002-07-15,,
2002-07-16,,
2002-07-17,,
2002-07-18,,
2002-07-19,,
2002-07-20,,
2002-07-21,,
2002-07-22,,
2002-07-23,,
2002-07-24,,
2002-07-25,,
2002-07-26,,
2002-07-27,,
2002-07-28,,
2002-07-29,,
2002-07-30,,
2002-07-31,,
2002-08-01,,
2002-08-02,,
2002-08-03,,
2002-08-04,,
2002-08-05,,
2002-08-06,,
2002-08-07,,
2002-08-08,,
2002-08-09,,
2002-08-10,,
2002-08-11,,
2002-08-12,,
2002-08-13,,
2002-08-14,,
2002-08-15,,
2002-08-16,,
2002-08-17,,
2002-08-18,,
2002-08-19,,
2002-08-20,,
2002-08-21,,
2002-08-22,,
2002-08-23,,
2002-08-24,,
2002-08-25,,
2002-08-26,,
2002-08-27,,
2002-08-28,,
2002-08-29,,
2002-08-30,,
2002-08-31,,
2002-09-01,,
2002-09-02,,
2002-09-03,,
2002-09-04,,
2002-09-05,,
2002-09-06,,
2002-09-07,,
2002-09-08,,
2002-09-09,,
2002-09-10,,
2002-09-11,,
2002-09-12,,
2002-09-13,,
2002-09-14,,
2002-09-15,,
2002-09-16,,
2002-09-17,,
2002-09-18,,
2002-09-19,,
2002-09-20,,
2002-09-21,,
2002-09-22,,
2002-09-23,,
2002-09-24,,
2002-09-25,,
2002-09-26,,
2002-09-27,,
2002-09-28,,
2002-09-29,,
2002-09-30,,
2002-10-01,,
2002-10-02,,
2002-10-03,,
2002-10-04,,
2002-10-05,,
2002-10-06,,
2002-10-07,,
2002-10-08,,
2002-10-09,,
2002-10-10,,
2002-10-11,,
2002-10-12,,
2002-10-13,,
2002-10-14,,
2002-10-15,,
2002-10-16,,
2002-10-17,,
2002-10-18,,
2002-10-19,,
2002-10-20,,
2002-10-21,,
2002-10-22,,
2002-10-23,,
2002-10-24,,
2002-10-25,,
2002-10-26,,
2002-10-27,,
2002-10-28,,
2002-10-29,,
2002-10-30,,
2002-10-31,,
2002-11-01,,
2002-11-02,,
2002-11-03,,
2002-11-04,,
2002-11-05,,
2002-11-06,,
2002-11-07,,
2002-11-08,,
2002-11-09,,
2002-11-10,,
2002-11-11,,
2002-11-12,,
2002-11-13,,
2002-11-14,,
2002-11-15,,
2002-11-16,,
2002-11-17,,
2002-11-18,,
2002-11-19,,
2002-11-20,,
2002-11-21,,
2002-11-22,,
2002-11-23,,64.75520442
2002-11-24,,
2002-11-25,,
2002-11-26,,
2002-11-27,,
2002-11-28,,
2002-11-29,,
2002-11-30,,
2002-12-01,,
2002-12-02,,90.88997152
2002-12-03,,
2002-12-04,,
2002-12-05,,
2002-12-06,,
2002-12-07,,
2002-12-08,,
2002-12-09,,
2002-12-10,,
2002-12-11,,88.82290862
2002-12-12,,
2002-12-13,,
2002-12-14,,82.99719727
2002-12-15,,
2002-12-16,,
2002-12-17,,87.58955466
2002-12-18,,
2002-12-19,,
2002-12-20,,
2002-12-21,,
2002-12-22,,
2002-12-23,,50.02132984
2002-12-24,,
2002-12-25,,
2002-12-26,,81.56844953
2002-12-27,,
2002-12-28,,
2002-12-29,,75.59861589
2002-12-30,,
2002-12-31,,
2003-01-01,,37.64395724
2003-01-02,,
2003-01-03,,
2003-01-04,,82.67379135
2003-01-05,,
2003-01-06,,
2003-01-07,,
2003-01-08,,
2003-01-09,,
2003-01-10,,
2003-01-11,,
2003-01-12,,
2003-01-13,58.97765298,
2003-01-14,,
2003-01-15,,
2003-01-16,53.07619002,86.77611104
2003-01-17,,
2003-01-18,,
2003-01-19,46.51654385,70.88809819
2003-01-20,,
2003-01-21,,
2003-01-22,67.51184878,
2003-01-23,,
2003-01-24,,
2003-01-25,57.77399981,99.50161686
2003-01-26,,
2003-01-27,,
2003-01-28,75.5283724,
2003-01-29,,
2003-01-30,,
2003-01-31,63.92512004,
2003-02-01,,
2003-02-02,,
2003-02-03,58.08249837,
2003-02-04,,
2003-02-05,,
2003-02-06,55.37809563,83.8194863
2003-02-07,,
2003-02-08,,
2003-02-09,47.28066974,76.36666076
2003-02-10,,
2003-02-11,,
2003-02-12,55.14102552,90.89890144
2003-02-13,,
2003-02-14,,
2003-02-15,71.75676074,
2003-02-16,,
2003-02-17,,
2003-02-18,83.01898858,
2003-02-19,,
2003-02-20,,
2003-02-21,83.40430632,
2003-02-22,,
2003-02-23,,
2003-02-24,75.74177732,
2003-02-25,,
2003-02-26,,
2003-02-27,71.67722841,
2003-02-28,,
2003-03-01,,
2003-03-02,63.12877114,85.79592315
2003-03-03,,
2003-03-04,,
2003-03-05,76.84911324,
2003-03-06,,
2003-03-07,,
2003-03-08,,
2003-03-09,,
2003-03-10,,
2003-03-11,,
2003-03-12,,
2003-03-13,,
2003-03-14,,
2003-03-15,,
2003-03-16,,
2003-03-17,,
2003-03-18,,
2003-03-19,,
2003-03-20,,
2003-03-21,,
2003-03-22,,
2003-03-23,,
2003-03-24,91.37777143,
2003-03-25,,
2003-03-26,,
2003-03-27,95.24291604,
2003-03-28,,
2003-03-29,,
2003-03-30,52.36623959,70.17495654
2003-03-31,,
2003-04-01,,
2003-04-02,62.82709904,
2003-04-03,,
2003-04-04,,
2003-04-05,74.82581729,
2003-04-06,,
2003-04-07,,
2003-04-08,58.50440514,93.87207139
2003-04-09,,
2003-04-10,,
2003-04-11,60.48629765,96.34917306
2003-04-12,,
2003-04-13,,
2003-04-14,65.86186702,
2003-04-15,,
2003-04-16,,
2003-04-17,,
2003-04-18,,
2003-04-19,,
2003-04-20,,
2003-04-21,,
2003-04-22,,
2003-04-23,24.08654743,76.1730905
2003-04-24,,
2003-04-25,,
2003-04-26,,
2003-04-27,,
2003-04-28,,
2003-04-29,69.86159756,
2003-04-30,,
2003-05-01,,
2003-05-02,94.69216283,
2003-05-03,,
2003-05-04,,
2003-05-05,53.21305234,97.83629799
2003-05-06,,
2003-05-07,,
2003-05-08,45.7445158,73.92493812
2003-05-09,,
2003-05-10,,
2003-05-11,44.19834675,72.14402224
2003-05-12,,
2003-05-13,,
2003-05-14,40.50962916,74.75689654
2003-05-15,,
2003-05-16,,
2003-05-17,47.2366245,84.32670468
2003-05-18,,
2003-05-19,,
2003-05-20,45.04796967,
2003-05-21,,
2003-05-22,,
2003-05-23,60.5141116,
2003-05-24,,
2003-05-25,,
2003-05-26,38.96835994,
2003-05-27,,
2003-05-28,,
2003-05-29,65.35750744,
2003-05-30,,
2003-05-31,,
2003-06-01,44.16250454,67.14069406
2003-06-02,,
2003-06-03,,
2003-06-04,99.77724966,
2003-06-05,,
2003-06-06,,
2003-06-07,49.43440002,84.51812574
2003-06-08,,
2003-06-09,,
2003-06-10,53.0556866,93.33895274
2003-06-11,,
2003-06-12,,
2003-06-13,71.80999134,
2003-06-14,,
2003-06-15,,
2003-06-16,59.38761701,74.60929751
2003-06-17,,
2003-06-18,,
2003-06-19,53.24252917,88.91950556
2003-06-20,,
2003-06-21,,
2003-06-22,44.66441406,80.17230265
2003-06-23,,
2003-06-24,,
2003-06-25,,
2003-06-26,,
2003-06-27,,
2003-06-28,,
2003-06-29,,
2003-06-30,,
2003-07-01,,
2003-07-02,,
2003-07-03,,
2003-07-04,,
2003-07-05,,
2003-07-06,,
2003-07-07,35.79013219,
2003-07-08,,
2003-07-09,,
2003-07-10,48.43045583,
2003-07-11,,
2003-07-12,,
2003-07-13,39.15080813,
2003-07-14,,
2003-07-15,,
2003-07-16,62.61614894,
2003-07-17,,
2003-07-18,,
2003-07-19,42.16884553,
2003-07-20,,
2003-07-21,,
2003-07-22,54.87856538,
2003-07-23,,
2003-07-24,,
2003-07-25,50.27367986,
2003-07-26,,
2003-07-27,,
2003-07-28,46.77983812,
2003-07-29,,
2003-07-30,,
2003-07-31,60.21423783,
2003-08-01,,
2003-08-02,,
2003-08-03,36.60174132,
2003-08-04,,
2003-08-05,,
2003-08-06,76.29442794,
2003-08-07,,
2003-08-08,,
2003-08-09,53.10251422,
2003-08-10,,
2003-08-11,,
2003-08-12,67.3108033,
2003-08-13,,
2003-08-14,,
2003-08-15,65.78784829,
2003-08-16,,
2003-08-17,,
2003-08-18,31.94935131,
2003-08-19,,
2003-08-20,,
2003-08-21,71.88987644,
2003-08-22,,
2003-08-23,,
2003-08-24,27.16839905,
2003-08-25,,
2003-08-26,,
2003-08-27,80.68526379,
2003-08-28,,
2003-08-29,,
2003-08-30,74.95119645,
2003-08-31,,
2003-09-01,,
2003-09-02,79.92758593,
2003-09-03,,
2003-09-04,,
2003-09-05,64.9597341,
2003-09-06,,
2003-09-07,,
2003-09-08,56.03744687,
2003-09-09,,
2003-09-10,,
2003-09-11,94.00790518,
2003-09-12,,
2003-09-13,,
2003-09-14,33.10091388,
2003-09-15,,
2003-09-16,,
2003-09-17,54.57798401,
2003-09-18,,
2003-09-19,,
2003-09-20,79.16659932,
2003-09-21,,
2003-09-22,,
2003-09-23,62.13151827,
2003-09-24,,
2003-09-25,,
2003-09-26,91.84984355,
2003-09-27,,
2003-09-28,,
2003-09-29,75.81902122,
2003-09-30,,
2003-10-01,,
2003-10-02,127.0076082,
2003-10-03,,
2003-10-04,,
2003-10-05,39.42526382,
2003-10-06,,
2003-10-07,,
2003-10-08,103.57880973,
2003-10-09,,
2003-10-10,,
2003-10-11,83.42657094,
2003-10-12,,
2003-10-13,,
2003-10-14,,
2003-10-15,,
2003-10-16,,
2003-10-17,95.09926585,
2003-10-18,,
2003-10-19,,
2003-10-20,102.50648877,
2003-10-21,,
2003-10-22,,
2003-10-23,60.72866801,
2003-10-24,,
2003-10-25,,
2003-10-26,,
2003-10-27,,
2003-10-28,,
2003-10-29,78.3415808,
2003-10-30,,
2003-10-31,,
2003-11-01,80.54544552,
2003-11-02,,
2003-11-03,,
2003-11-04,,
2003-11-05,,
2003-11-06,,
2003-11-07,78.12624068,
2003-11-08,,
2003-11-09,,
2003-11-10,78.03509741,
2003-11-11,,
2003-11-12,,
2003-11-13,63.20673464,
2003-11-14,,
2003-11-15,,
2003-11-16,34.33396772,
2003-11-17,,
2003-11-18,,
2003-11-19,76.841731,
2003-11-20,,
2003-11-21,,
2003-11-22,58.43779484,
2003-11-23,,
2003-11-24,,
2003-11-25,81.14881331,
2003-11-26,,
2003-11-27,,
2003-11-28,58.43779484,
2003-11-29,,
2003-11-30,,
2003-12-01,77.20710936,
2003-12-02,,
2003-12-03,,
2003-12-04,61.37633191,
2003-12-05,,
2003-12-06,,
2003-12-07,43.95385401,
2003-12-08,,
2003-12-09,,
2003-12-10,60.34006968,
2003-12-11,,
2003-12-12,,
2003-12-13,82.00667008,
2003-12-14,,
2003-12-15,,
2003-12-16,61.94128053,
2003-12-17,,
2003-12-18,,
2003-12-19,56.69595031,
2003-12-20,,
2003-12-21,,
2003-12-22,80.22856957,
2003-12-23,,
2003-12-24,,
2003-12-25,33.06709415,
2003-12-26,,
2003-12-27,,
2003-12-28,27.29836801,
2003-12-29,,
2003-12-30,,
2003-12-31,35.62764793,
2004-01-01,,
2004-01-02,,
2004-01-03,42.40687912,
2004-01-04,,
2004-01-05,,
2004-01-06,50.90363842,
2004-01-07,,
2004-01-08,,
2004-01-09,56.30264161,
2004-01-10,,
2004-01-11,,
2004-01-12,29.19689359,
2004-01-13,,
2004-01-14,,
2004-01-15,46.04616654,
2004-01-16,,
2004-01-17,,
2004-01-18,36.04817672,
2004-01-19,,
2004-01-20,,
2004-01-21,45.57241489,
2004-01-22,,
2004-01-23,,
2004-01-24,43.71629666,
2004-01-25,,
2004-01-26,,
2004-01-27,78.34942148,
2004-01-28,,
2004-01-29,,
2004-01-30,63.39891981,
2004-01-31,,
2004-02-01,,
2004-02-02,72.30638306,
2004-02-03,,
2004-02-04,,
2004-02-05,71.50209434,
2004-02-06,,
2004-02-07,,
2004-02-08,,
2004-02-09,,
2004-02-10,,
2004-02-11,89.00752427,
2004-02-12,,
2004-02-13,,
2004-02-14,61.06545324,
2004-02-15,,
2004-02-16,,
2004-02-17,82.01144062,
2004-02-18,,
2004-02-19,,
2004-02-20,104.99557021,
2004-02-21,,
2004-02-22,,
2004-02-23,70.84377227,
2004-02-24,,
2004-02-25,,
2004-02-26,73.27391772,
2004-02-27,,
2004-02-28,,
2004-02-29,32.46149013,
2004-03-01,,
2004-03-02,,
2004-03-03,49.54217066,
2004-03-04,,
2004-03-05,,
2004-03-06,79.42029324,
2004-03-07,,
2004-03-08,,
2004-03-09,69.6018504,
2004-03-10,,
2004-03-11,,
2004-03-12,61.03660723,
2004-03-13,,
2004-03-14,,
2004-03-15,70.53354315,
2004-03-16,,
2004-03-17,,
2004-03-18,118.45133881,
2004-03-19,,
2004-03-20,,
2004-03-21,83.52939862,
2004-03-22,,
2004-03-23,,
2004-03-24,51.25752081,
2004-03-25,,
2004-03-26,,
2004-03-27,70.24313227,
2004-03-28,,
2004-03-29,,
2004-03-30,72.53011797,
2004-03-31,,
2004-04-01,,
2004-04-02,87.77668932,
2004-04-03,,
2004-04-04,,
2004-04-05,47.55478205,
2004-04-06,,
2004-04-07,,
2004-04-08,27.02101692,
2004-04-09,,
2004-04-10,,
2004-04-11,,
2004-04-12,,
2004-04-13,,
2004-04-14,74.41525458,
2004-04-15,,
2004-04-16,,
2004-04-17,39.62115287,
2004-04-18,,
2004-04-19,,
2004-04-20,65.14938995,
2004-04-21,,
2004-04-22,,
2004-04-23,75.71937937,
2004-04-24,,
2004-04-25,,
2004-04-26,79.43878996,
2004-04-27,,
2004-04-28,,
2004-04-29,52.05615074,
2004-04-30,,
2004-05-01,,
2004-05-02,30.23452309,
2004-05-03,,
2004-05-04,,
2004-05-05,52.19413392,
2004-05-06,,
2004-05-07,,
2004-05-08,39.52105069,
2004-05-09,,
2004-05-10,,
2004-05-11,41.66656227,
2004-05-12,,
2004-05-13,,
2004-05-14,40.88033229,
2004-05-15,,
2004-05-16,,
2004-05-17,61.8548572,
2004-05-18,,
2004-05-19,,
2004-05-20,72.05120703,
2004-05-21,,
2004-05-22,,
2004-05-23,83.71131641,
2004-05-24,,
2004-05-25,,
2004-05-26,71.74008906,
2004-05-27,,
2004-05-28,,
2004-05-29,61.80820895,
2004-05-30,,
2004-05-31,,
2004-06-01,74.7712744,
2004-06-02,,
2004-06-03,,
2004-06-04,49.84795008,
2004-06-05,,
2004-06-06,,
2004-06-07,52.60212826,
2004-06-08,,
2004-06-09,,
2004-06-10,54.16853513,
2004-06-11,,
2004-06-12,,
2004-06-13,36.90163153,
2004-06-14,,
2004-06-15,,
2004-06-16,56.96834147,
2004-06-17,,
2004-06-18,,
2004-06-19,49.94952648,
2004-06-20,,
2004-06-21,,
2004-06-22,63.06987529,
2004-06-23,,
2004-06-24,,
2004-06-25,52.24535012,
2004-06-26,,
2004-06-27,,
2004-06-28,46.84973462,
2004-06-29,,
2004-06-30,,
2004-07-01,52.3941202,
2004-07-02,,
2004-07-03,,
2004-07-04,36.35218225,
2004-07-05,,
2004-07-06,,
2004-07-07,37.45554123,
2004-07-08,,
2004-07-09,,
2004-07-10,54.15770516,
2004-07-11,,
2004-07-12,,
2004-07-13,34.87546616,
2004-07-14,,
2004-07-15,,
2004-07-16,54.68316672,
2004-07-17,,
2004-07-18,,
2004-07-19,42.22939833,
2004-07-20,,
2004-07-21,,
2004-07-22,48.35767513,
2004-07-23,,
2004-07-24,,
2004-07-25,55.7238777,
2004-07-26,,
2004-07-27,,
2004-07-28,46.76060905,
2004-07-29,,
2004-07-30,,
2004-07-31,61.11429374,
2004-08-01,,
2004-08-02,,
2004-08-03,72.20224305,
2004-08-04,,
2004-08-05,,
2004-08-06,59.79712516,
2004-08-07,,
2004-08-08,,
2004-08-09,66.84663969,
2004-08-10,,
2004-08-11,,
2004-08-12,64.79453406,
2004-08-13,,
2004-08-14,,
2004-08-15,45.22853161,
2004-08-16,,
2004-08-17,,
2004-08-18,34.11587028,
2004-08-19,,
2004-08-20,,
2004-08-21,47.78444372,
2004-08-22,,
2004-08-23,,
2004-08-24,68.2281484,
2004-08-25,,
2004-08-26,,
2004-08-27,29.08145901,
2004-08-28,,
2004-08-29,,
2004-08-30,33.71694916,
2004-08-31,,
2004-09-01,,
2004-09-02,58.46753444,
2004-09-03,,
2004-09-04,,
2004-09-05,33.96079306,
2004-09-06,,
2004-09-07,,
2004-09-08,87.98719845,
2004-09-09,,
2004-09-10,,
2004-09-11,76.61591204,
2004-09-12,,
2004-09-13,,
2004-09-14,78.99905914,
2004-09-15,,
2004-09-16,,
2004-09-17,68.33957161,
2004-09-18,,
2004-09-19,,
2004-09-20,41.7836395,
2004-09-21,,
2004-09-22,,
2004-09-23,68.54134509,
2004-09-24,,
2004-09-25,,
2004-09-26,76.49215216,
2004-09-27,,
2004-09-28,,
2004-09-29,,
2004-09-30,,
2004-10-01,,
2004-10-02,98.12479955,
2004-10-03,,
2004-10-04,,
2004-10-05,136.47915284,
2004-10-06,,
2004-10-07,,
2004-10-08,75.1959061,
2004-10-09,,
2004-10-10,,
2004-10-11,103.88443467,
2004-10-12,,
2004-10-13,,
2004-10-14,44.03911266,
2004-10-15,,
2004-10-16,,
2004-10-17,37.07924664,
2004-10-18,,
2004-10-19,,
2004-10-20,83.90204439,
2004-10-21,,
2004-10-22,,
2004-10-23,45.83208227,
2004-10-24,,
2004-10-25,,
2004-10-26,79.62012014,
2004-10-27,,
2004-10-28,,
2004-10-29,90.85360943,
2004-10-30,,
2004-10-31,,
2004-11-01,44.82106737,
2004-11-02,,
2004-11-03,,
2004-11-04,100.38523239,
2004-11-05,,
2004-11-06,,
2004-11-07,46.96951522,
2004-11-08,,
2004-11-09,,
2004-11-10,75.31481698,
2004-11-11,,
2004-11-12,,
2004-11-13,45.41374264,
2004-11-14,,
2004-11-15,,
2004-11-16,72.94506448,
2004-11-17,,
2004-11-18,,
2004-11-19,69.55289059,
2004-11-20,,
2004-11-21,,
2004-11-22,59.83921398,
2004-11-23,,
2004-11-24,,
2004-11-25,83.19573564,
2004-11-26,,
2004-11-27,,
2004-11-28,50.04401819,
2004-11-29,,
2004-11-30,,
2004-12-01,62.76841088,
2004-12-02,,
2004-12-03,,
2004-12-04,51.64561652,
2004-12-05,,
2004-12-06,,
2004-12-07,52.35004345,
2004-12-08,,
2004-12-09,,
2004-12-10,57.83715849,
2004-12-11,,
2004-12-12,,
2004-12-13,45.12039864,
2004-12-14,,
2004-12-15,,
2004-12-16,59.52682253,
2004-12-17,,
2004-12-18,,
2004-12-19,,
2004-12-20,,
2004-12-21,,
2004-12-22,,
2004-12-23,,
2004-12-24,,
2004-12-25,,
2004-12-26,,
2004-12-27,,
2004-12-28,,
2004-12-29,,
2004-12-30,,
2004-12-31,,
2005-01-01,,
2005-01-02,,
2005-01-03,,
2005-01-04,,
2005-01-05,,
2005-01-06,,
2005-01-07,,
2005-01-08,,
2005-01-09,,
2005-01-10,,
2005-01-11,,
2005-01-12,,
2005-01-13,55.73610459,
2005-01-14,,
2005-01-15,,
2005-01-16,38.48685041,
2005-01-17,,
2005-01-18,,
2005-01-19,46.59479129,
2005-01-20,,
2005-01-21,,
2005-01-22,39.45807015,
2005-01-23,,
2005-01-24,,
2005-01-25,55.1188002,
2005-01-26,,
2005-01-27,,
2005-01-28,,
2005-01-29,,
2005-01-30,,
2005-01-31,43.84678873,
2005-02-01,,
2005-02-02,,
2005-02-03,52.36759845,
2005-02-04,,
2005-02-05,,
2005-02-06,38.46436985,
2005-02-07,,
2005-02-08,,
2005-02-09,91.62797748,
2005-02-10,,
2005-02-11,,
2005-02-12,45.13939472,
2005-02-13,,
2005-02-14,,
2005-02-15,63.22888136,
2005-02-16,,
2005-02-17,,
2005-02-18,64.9431978,
2005-02-19,,
2005-02-20,,
2005-02-21,57.78875125,
2005-02-22,,
2005-02-23,,
2005-02-24,67.70909208,
2005-02-25,,
2005-02-26,,
2005-02-27,52.02605501,
2005-02-28,,
2005-03-01,,
2005-03-02,89.01731893,
2005-03-03,,
2005-03-04,,
2005-03-05,,
2005-03-06,,
2005-03-07,,
2005-03-08,,
2005-03-09,,
2005-03-10,,
2005-03-11,,
2005-03-12,,
2005-03-13,,
2005-03-14,,
2005-03-15,,
2005-03-16,,
2005-03-17,,
2005-03-18,,
2005-03-19,,
2005-03-20,,
2005-03-21,,
2005-03-22,,
2005-03-23,,
2005-03-24,,
2005-03-25,,
2005-03-26,,
2005-03-27,,
2005-03-28,,
2005-03-29,,
2005-03-30,,
2005-03-31,,
2005-04-01,,
2005-04-02,,
2005-04-03,,
2005-04-04,,
2005-04-05,,
2005-04-06,,
2005-04-07,,
2005-04-08,,
2005-04-09,,
2005-04-10,,
2005-04-11,,
2005-04-12,,
2005-04-13,,
2005-04-14,,
2005-04-15,,
2005-04-16,,
2005-04-17,,
2005-04-18,,
2005-04-19,,
2005-04-20,,
2005-04-21,,
2005-04-22,,
2005-04-23,,
2005-04-24,,
2005-04-25,,
2005-04-26,,
2005-04-27,,
2005-04-28,,
2005-04-29,,
2005-04-30,,
2005-05-01,51.64666951,
2005-05-02,,
2005-05-03,,
2005-05-04,60.60104645,
2005-05-05,,
2005-05-06,,
2005-05-07,79.11048235,
2005-05-08,,
2005-05-09,,
2005-05-10,45.25656176,
2005-05-11,,
2005-05-12,,
2005-05-13,53.70075456,
2005-05-14,,
2005-05-15,,
2005-05-16,63.884894,
2005-05-17,,
2005-05-18,,
2005-05-19,67.4396098,
2005-05-20,,
2005-05-21,,
2005-05-22,44.96923618,
2005-05-23,,
2005-05-24,,
2005-05-25,42.56221663,
2005-05-26,,
2005-05-27,,
2005-05-28,45.46729206,
2005-05-29,,
2005-05-30,,
2005-05-31,,
2005-06-01,,
2005-06-02,,
2005-06-03,47.75273086,
2005-06-04,,
2005-06-05,,
2005-06-06,38.55810566,
2005-06-07,,
2005-06-08,,
2005-06-09,90.02531857,
2005-06-10,,
2005-06-11,,
2005-06-12,45.1884354,
2005-06-13,,
2005-06-14,,
2005-06-15,44.71257253,
2005-06-16,,
2005-06-17,,
2005-06-18,44.1151638,
2005-06-19,,
2005-06-20,,
2005-06-21,77.06772342,
2005-06-22,,
2005-06-23,,
2005-06-24,50.45921327,
2005-06-25,,
2005-06-26,,
2005-06-27,49.04208051,
2005-06-28,,
2005-06-29,,
2005-06-30,74.98097471,
2005-07-01,,
2005-07-02,,
2005-07-03,32.05605563,
2005-07-04,,
2005-07-05,,
2005-07-06,50.2286402,
2005-07-07,,
2005-07-08,,
2005-07-09,65.81266518,
2005-07-10,,
2005-07-11,,
2005-07-12,66.87973902,
2005-07-13,,
2005-07-14,,
2005-07-15,58.0325145,
2005-07-16,,
2005-07-17,,
2005-07-18,51.29190623,
2005-07-19,,
2005-07-20,,
2005-07-21,46.48796657,
2005-07-22,,
2005-07-23,,
2005-07-24,34.41871001,
2005-07-25,,
2005-07-26,,
2005-07-27,,
2005-07-28,,
2005-07-29,,
2005-07-30,,
2005-07-31,,
2005-08-01,,
2005-08-02,,
2005-08-03,,
2005-08-04,,
2005-08-05,,
2005-08-06,,
2005-08-07,,
2005-08-08,,
2005-08-09,,
2005-08-10,,
2005-08-11,,
2005-08-12,,
2005-08-13,,
2005-08-14,,
2005-08-15,,
2005-08-16,,
2005-08-17,,
2005-08-18,,
2005-08-19,,
2005-08-20,,
2005-08-21,,
2005-08-22,,
2005-08-23,,
2005-08-24,,
2005-08-25,,
2005-08-26,,
2005-08-27,,
2005-08-28,,
2005-08-29,,
2005-08-30,,
2005-08-31,,
2005-09-01,,
2005-09-02,,
2005-09-03,,
2005-09-04,,
2005-09-05,,
2005-09-06,,
2005-09-07,,
2005-09-08,,
2005-09-09,,
2005-09-10,,
2005-09-11,,
2005-09-12,,
2005-09-13,,
2005-09-14,,
2005-09-15,,
2005-09-16,,
2005-09-17,,
2005-09-18,,
2005-09-19,,
2005-09-20,,
2005-09-21,,
2005-09-22,,
2005-09-23,,
2005-09-24,,
2005-09-25,,
2005-09-26,,
2005-09-27,,
2005-09-28,,
2005-09-29,,
2005-09-30,,
2005-10-01,,
2005-10-02,,
2005-10-03,,
2005-10-04,,
2005-10-05,,
2005-10-06,,
2005-10-07,,
2005-10-08,,
2005-10-09,,
2005-10-10,,
2005-10-11,,
2005-10-12,,
2005-10-13,,
2005-10-14,,
2005-10-15,,
2005-10-16,,
2005-10-17,,
2005-10-18,,
2005-10-19,,
2005-10-20,,
2005-10-21,,
2005-10-22,,
2005-10-23,,
2005-10-24,,
2005-10-25,,
2005-10-26,,
2005-10-27,,
2005-10-28,,
2005-10-29,,
2005-10-30,,
2005-10-31,,
2005-11-01,,
2005-11-02,,
2005-11-03,,
2005-11-04,,
2005-11-05,,
2005-11-06,,
2005-11-07,,
2005-11-08,,
2005-11-09,61.73004416,
2005-11-10,,
2005-11-11,,
2005-11-12,76.35569303,
2005-11-13,,
2005-11-14,,
2005-11-15,53.00030907,
2005-11-16,,
2005-11-17,,
2005-11-18,41.8207146,
2005-11-19,,
2005-11-20,,
2005-11-21,,
2005-11-22,,
2005-11-23,,
2005-11-24,,
2005-11-25,,
2005-11-26,,
2005-11-27,,
2005-11-28,,
2005-11-29,,
2005-11-30,,
2005-12-01,,
2005-12-02,,
2005-12-03,,
2005-12-04,,
2005-12-05,,
2005-12-06,,
2005-12-07,,
2005-12-08,,
2005-12-09,,
2005-12-10,,
2005-12-11,,
2005-12-12,,
2005-12-13,,
2005-12-14,,
2005-12-15,,
2005-12-16,,
2005-12-17,,
2005-12-18,,
2005-12-19,,
2005-12-20,,
2005-12-21,,
2005-12-22,,
2005-12-23,,
2005-12-24,,
2005-12-25,,
2005-12-26,,
2005-12-27,,
2005-12-28,,
2005-12-29,,
2005-12-30,,
2005-12-31,,
2006-01-01,,
2006-01-02,,
2006-01-03,,
2006-01-04,,
2006-01-05,,
2006-01-06,,
2006-01-07,,
2006-01-08,,
2006-01-09,,
2006-01-10,,
2006-01-11,,
2006-01-12,,
2006-01-13,,
2006-01-14,,
2006-01-15,,
2006-01-16,,
2006-01-17,,
2006-01-18,,
2006-01-19,,
2006-01-20,,
2006-01-21,,
2006-01-22,,
2006-01-23,,
2006-01-24,,
2006-01-25,,
2006-01-26,,
2006-01-27,,
2006-01-28,,
2006-01-29,,
2006-01-30,,
2006-01-31,,
2006-02-01,,
2006-02-02,,
2006-02-03,,
2006-02-04,,
2006-02-05,,
2006-02-06,,
2006-02-07,,
2006-02-08,,
2006-02-09,,
2006-02-10,,
2006-02-11,,
2006-02-12,,
2006-02-13,,
2006-02-14,,
2006-02-15,,
2006-02-16,,
2006-02-17,,
2006-02-18,,
2006-02-19,,
2006-02-20,,
2006-02-21,,
2006-02-22,,
2006-02-23,,
2006-02-24,,
2006-02-25,,
2006-02-26,,
2006-02-27,,
2006-02-28,,
2006-03-01,,
2006-03-02,,
2006-03-03,,
2006-03-04,,
2006-03-05,,
2006-03-06,,
2006-03-07,,
2006-03-08,,
2006-03-09,,
2006-03-10,,
2006-03-11,,
2006-03-12,,
2006-03-13,,
2006-03-14,,
2006-03-15,,
2006-03-16,,
2006-03-17,,
2006-03-18,,
2006-03-19,,
2006-03-20,,
2006-03-21,,
2006-03-22,,
2006-03-23,,
2006-03-24,,
2006-03-25,,
2006-03-26,,
2006-03-27,,
2006-03-28,,
2006-03-29,,
2006-03-30,,
2006-03-31,,
2006-04-01,,
2006-04-02,,
2006-04-03,,
2006-04-04,,
2006-04-05,,
2006-04-06,,
2006-04-07,,
2006-04-08,,
2006-04-09,,
2006-04-10,,
2006-04-11,,
2006-04-12,,
2006-04-13,,
2006-04-14,,
2006-04-15,,
2006-04-16,,
2006-04-17,,
2006-04-18,,
2006-04-19,,
2006-04-20,,
2006-04-21,,
2006-04-22,,
2006-04-23,,
2006-04-24,,
2006-04-25,,
2006-04-26,,
2006-04-27,,
2006-04-28,,
2006-04-29,,
2006-04-30,,
2006-05-01,,
2006-05-02,,
2006-05-03,,
2006-05-04,,
2006-05-05,,
2006-05-06,,
2006-05-07,,
2006-05-08,,
2006-05-09,,
2006-05-10,,
2006-05-11,,
2006-05-12,,
2006-05-13,,
2006-05-14,,
2006-05-15,,
2006-05-16,,
2006-05-17,,
2006-05-18,,
2006-05-19,,
2006-05-20,,
2006-05-21,,
2006-05-22,,
2006-05-23,,
2006-05-24,,
2006-05-25,,
2006-05-26,,
2006-05-27,,
2006-05-28,,
2006-05-29,,
2006-05-30,,
2006-05-31,,
2006-06-01,,
2006-06-02,,
2006-06-03,,
2006-06-04,,
2006-06-05,,
2006-06-06,,
2006-06-07,,
2006-06-08,,
2006-06-09,,
2006-06-10,,
2006-06-11,,
2006-06-12,,
2006-06-13,,
2006-06-14,,
2006-06-15,,
2006-06-16,,
2006-06-17,,
2006-06-18,,
2006-06-19,,
2006-06-20,,
2006-06-21,,
2006-06-22,70.25551139,
2006-06-23,,
2006-06-24,,
2006-06-25,43.20495966,
2006-06-26,,
2006-06-27,,
2006-06-28,57.39238713,
2006-06-29,,
2006-06-30,,
2006-07-01,58.75306649,
2006-07-02,,
2006-07-03,,
2006-07-04,51.24272078,
2006-07-05,,
2006-07-06,,
2006-07-07,61.28906092,
2006-07-08,,
2006-07-09,,
2006-07-10,74.88859674,
2006-07-11,,
2006-07-12,,
2006-07-13,49.81707773,
2006-07-14,,
2006-07-15,,
2006-07-16,26.52914948,
2006-07-17,,
2006-07-18,,
2006-07-19,46.60595285,
2006-07-20,,
2006-07-21,,
2006-07-22,40.34641484,
2006-07-23,,
2006-07-24,,
2006-07-25,54.61719247,
2006-07-26,,
2006-07-27,,
2006-07-28,93.31150734,
2006-07-29,,
2006-07-30,,
2006-07-31,37.4686479,
2006-08-01,,
2006-08-02,,
2006-08-03,69.2815324,
2006-08-04,,
2006-08-05,,
2006-08-06,39.6831861,
2006-08-07,,
2006-08-08,,
2006-08-09,,
2006-08-10,,
2006-08-11,,
2006-08-12,55.61317366,
2006-08-13,,
2006-08-14,,
2006-08-15,69.44345243,
2006-08-16,,
2006-08-17,,
2006-08-18,104.27461996,
2006-08-19,,
2006-08-20,,
2006-08-21,35.07004883,
2006-08-22,,
2006-08-23,,
2006-08-24,88.33543679,
2006-08-25,,
2006-08-26,,
2006-08-27,51.93580487,
2006-08-28,,
2006-08-29,,
2006-08-30,91.49730737,
2006-08-31,,
2006-09-01,,
2006-09-02,61.26780613,
2006-09-03,,
2006-09-04,,
2006-09-05,54.14872677,
2006-09-06,,
2006-09-07,,
2006-09-08,49.95536625,
2006-09-09,,
2006-09-10,,
2006-09-11,,
2006-09-12,,
2006-09-13,,
2006-09-14,,
2006-09-15,,
2006-09-16,,
2006-09-17,,
2006-09-18,,
2006-09-19,,
2006-09-20,,
2006-09-21,,
2006-09-22,,
2006-09-23,,
2006-09-24,,
2006-09-25,,
2006-09-26,,
2006-09-27,,
2006-09-28,,
2006-09-29,,
2006-09-30,,
2006-10-01,,
2006-10-02,,
2006-10-03,,
2006-10-04,,
2006-10-05,,
2006-10-06,,
2006-10-07,,
2006-10-08,,
2006-10-09,,
2006-10-10,,
2006-10-11,,
2006-10-12,,
2006-10-13,,
2006-10-14,,
2006-10-15,,
2006-10-16,,
2006-10-17,,
2006-10-18,,
2006-10-19,,
2006-10-20,,
2006-10-21,,
2006-10-22,,
2006-10-23,,
2006-10-24,,
2006-10-25,,
2006-10-26,,
2006-10-27,,
2006-10-28,,
2006-10-29,,
2006-10-30,,
2006-10-31,,
2006-11-01,,
2006-11-02,,
2006-11-03,,
2006-11-04,,
2006-11-05,,
2006-11-06,,
2006-11-07,,
2006-11-08,,
2006-11-09,,
2006-11-10,,
2006-11-11,,
2006-11-12,,
2006-11-13,,
2006-11-14,,
2006-11-15,,
2006-11-16,,
2006-11-17,,
2006-11-18,,
2006-11-19,,
2006-11-20,,
2006-11-21,,
2006-11-22,,
2006-11-23,,
2006-11-24,,
2006-11-25,,
2006-11-26,,
2006-11-27,,
2006-11-28,,
2006-11-29,,
2006-11-30,,
2006-12-01,,
2006-12-02,,
2006-12-03,,
2006-12-04,,
2006-12-05,,
2006-12-06,,
2006-12-07,,
2006-12-08,,
2006-12-09,,
2006-12-10,,
2006-12-11,,
2006-12-12,,
2006-12-13,,
2006-12-14,,
2006-12-15,,
2006-12-16,,
2006-12-17,,
2006-12-18,,
2006-12-19,67.56157772,
2006-12-20,,
2006-12-21,,
2006-12-22,71.03201967,
2006-12-23,,
2006-12-24,,
2006-12-25,46.17199525,
2006-12-26,,
2006-12-27,,
2006-12-28,51.65628916,
2006-12-29,,
2006-12-30,,
2006-12-31,31.97373793,
2007-01-01,,
2007-01-02,,
2007-01-03,53.25268462,
2007-01-04,,
2007-01-05,,
2007-01-06,48.93788954,
2007-01-07,,
2007-01-08,,
2007-01-09,54.11052946,
2007-01-10,,
2007-01-11,,
2007-01-12,81.85672165,
2007-01-13,,
2007-01-14,,
2007-01-15,82.22036769,
2007-01-16,,
2007-01-17,,
2007-01-18,50.87407978,
2007-01-19,,
2007-01-20,,
2007-01-21,40.7638641,
2007-01-22,,
2007-01-23,,
2007-01-24,58.98338628,
2007-01-25,,
2007-01-26,,
2007-01-27,47.09216106,
2007-01-28,,
2007-01-29,,
2007-01-30,63.01985723,
2007-01-31,,
2007-02-01,,
2007-02-02,71.25957036,
2007-02-03,,
2007-02-04,,
2007-02-05,,
2007-02-06,,
2007-02-07,,
2007-02-08,,
2007-02-09,,
2007-02-10,,
2007-02-11,,
2007-02-12,,
2007-02-13,,
2007-02-14,69.14161188,
2007-02-15,,
2007-02-16,,
2007-02-17,122.77752786,
2007-02-18,,
2007-02-19,,
2007-02-20,,
2007-02-21,,
2007-02-22,,
2007-02-23,,
2007-02-24,,
2007-02-25,,
2007-02-26,,
2007-02-27,,
2007-02-28,,
2007-03-01,,
2007-03-02,,
2007-03-03,,
2007-03-04,,
2007-03-05,,
2007-03-06,,
2007-03-07,,
2007-03-08,,
2007-03-09,,
2007-03-10,,
2007-03-11,,
2007-03-12,,
2007-03-13,,
2007-03-14,,
2007-03-15,,
2007-03-16,,
2007-03-17,,
2007-03-18,,
2007-03-19,,
2007-03-20,,
2007-03-21,,
2007-03-22,,
2007-03-23,,
2007-03-24,,
2007-03-25,46.18304598,
2007-03-26,,
2007-03-27,,
2007-03-28,75.30395967,
2007-03-29,,
2007-03-30,,
2007-03-31,47.37327525,
2007-04-01,,
2007-04-02,,
2007-04-03,65.74720247,
2007-04-04,,
2007-04-05,,
2007-04-06,21.2362958,
2007-04-07,,
2007-04-08,,
2007-04-09,55.52839963,
2007-04-10,,
2007-04-11,,
2007-04-12,68.03817246,
2007-04-13,,
2007-04-14,,
2007-04-15,72.22010182,
2007-04-16,,
2007-04-17,,
2007-04-18,57.24724527,
2007-04-19,,
2007-04-20,,
2007-04-21,92.38696208,
2007-04-22,,
2007-04-23,,
2007-04-24,65.58614564,
2007-04-25,,
2007-04-26,,
2007-04-27,81.67331343,
2007-04-28,,
2007-04-29,,
2007-04-30,57.8113418,
2007-05-01,,
2007-05-02,,
2007-05-03,71.73924173,
2007-05-04,,
2007-05-05,,
2007-05-06,42.40920828,
2007-05-07,,
2007-05-08,,
2007-05-09,83.93528129,
2007-05-10,,
2007-05-11,,
2007-05-12,62.74880774,
2007-05-13,,
2007-05-14,,
2007-05-15,55.19536934,
2007-05-16,,
2007-05-17,,
2007-05-18,54.37361165,
2007-05-19,,
2007-05-20,,
2007-05-21,37.80403802,
2007-05-22,,
2007-05-23,,
2007-05-24,99.8447893,
2007-05-25,,
2007-05-26,,
2007-05-27,53.76898489,
2007-05-28,,
2007-05-29,,
2007-05-30,100.36861555,
2007-05-31,,
2007-06-01,,
2007-06-02,68.69408216,
2007-06-03,,
2007-06-04,,
2007-06-05,62.47233223,
2007-06-06,,
2007-06-07,,
2007-06-08,52.61614648,
2007-06-09,,
2007-06-10,,
2007-06-11,29.78216102,
2007-06-12,,
2007-06-13,,
2007-06-14,50.70015235,
2007-06-15,,
2007-06-16,,
2007-06-17,41.1201817,
2007-06-18,,
2007-06-19,,
2007-06-20,57.62720805,
2007-06-21,,
2007-06-22,,
2007-06-23,46.96488495,
2007-06-24,,
2007-06-25,,
2007-06-26,76.71943581,
2007-06-27,,
2007-06-28,,
2007-06-29,67.94841335,
2007-06-30,,
2007-07-01,,
2007-07-02,45.09955412,
2007-07-03,,
2007-07-04,,
2007-07-05,84.86979803,
2007-07-06,,
2007-07-07,,
2007-07-08,34.95490405,
2007-07-09,,
2007-07-10,,
2007-07-11,61.35929314,
2007-07-12,,
2007-07-13,,
2007-07-14,50.00697599,
2007-07-15,,
2007-07-16,,
2007-07-17,55.00767359,
2007-07-18,,
2007-07-19,,
2007-07-20,71.97300322,
2007-07-21,,
2007-07-22,,
2007-07-23,67.67103232,
2007-07-24,,
2007-07-25,,
2007-07-26,68.491036,
2007-07-27,,
2007-07-28,,
2007-07-29,40.01327065,
2007-07-30,,
2007-07-31,,
2007-08-01,67.59675018,
2007-08-02,,
2007-08-03,,
2007-08-04,59.36302242,
2007-08-05,,
2007-08-06,,
2007-08-07,78.03027156,
2007-08-08,,
2007-08-09,,
2007-08-10,59.91816291,
2007-08-11,,
2007-08-12,,
2007-08-13,61.09976743,
2007-08-14,,
2007-08-15,,
2007-08-16,55.87217811,
2007-08-17,,
2007-08-18,,
2007-08-19,57.31810707,
2007-08-20,,
2007-08-21,,
2007-08-22,90.05542178,
2007-08-23,,
2007-08-24,,
2007-08-25,64.36237637,
2007-08-26,,
2007-08-27,,
2007-08-28,62.82357872,
2007-08-29,,
2007-08-30,,
2007-08-31,114.58020566,
2007-09-01,,
2007-09-02,,
2007-09-03,96.70547231,
2007-09-04,,
2007-09-05,,
2007-09-06,69.55315123,
2007-09-07,,
2007-09-08,,
2007-09-09,68.04652955,
2007-09-10,,
2007-09-11,,
2007-09-12,63.3998091,
2007-09-13,,
2007-09-14,,
2007-09-15,62.6198466,
2007-09-16,,
2007-09-17,,
2007-09-18,58.98648664,
2007-09-19,,
2007-09-20,,
2007-09-21,60.3913823,
2007-09-22,,
2007-09-23,,
2007-09-24,60.52696205,
2007-09-25,,
2007-09-26,,
2007-09-27,101.33671821,
2007-09-28,,
2007-09-29,,
2007-09-30,80.82372148,
2007-10-01,,
2007-10-02,,
2007-10-03,61.21099274,
2007-10-04,,
2007-10-05,,
2007-10-06,71.24302878,
2007-10-07,,
2007-10-08,,
2007-10-09,87.34893936,
2007-10-10,,
2007-10-11,,
2007-10-12,91.90917686,
2007-10-13,,
2007-10-14,,
2007-10-15,73.67694462,
2007-10-16,,
2007-10-17,,
2007-10-18,62.95293089,
2007-10-19,,
2007-10-20,,
2007-10-21,76.60327877,
2007-10-22,,
2007-10-23,,
2007-10-24,95.7496824,
2007-10-25,,
2007-10-26,,
2007-10-27,72.25937301,
2007-10-28,,
2007-10-29,,
2007-10-30,95.83913763,
2007-10-31,,
2007-11-01,,
2007-11-02,77.55055735,
2007-11-03,,
2007-11-04,,
2007-11-05,55.87273935,
2007-11-06,,
2007-11-07,,
2007-11-08,77.90471459,
2007-11-09,,
2007-11-10,,
2007-11-11,55.95816079,
2007-11-12,,
2007-11-13,,
2007-11-14,70.15948412,
2007-11-15,,
2007-11-16,,
2007-11-17,64.17700086,
2007-11-18,,
2007-11-19,,
2007-11-20,92.24285277,
2007-11-21,,
2007-11-22,,
2007-11-23,97.64325089,
2007-11-24,,
2007-11-25,,
2007-11-26,,
2007-11-27,,
2007-11-28,,
2007-11-29,62.3598591,
2007-11-30,,
2007-12-01,,
2007-12-02,29.48559473,
2007-12-03,,
2007-12-04,,
2007-12-05,76.13478839,
2007-12-06,,
2007-12-07,,
2007-12-08,63.86710775,
2007-12-09,,
2007-12-10,,
2007-12-11,80.45836082,
2007-12-12,,
2007-12-13,,
2007-12-14,75.49910583,
2007-12-15,,
2007-12-16,,
2007-12-17,81.05051067,
2007-12-18,,
2007-12-19,,
2007-12-20,87.23107472,
2007-12-21,,
2007-12-22,,
2007-12-23,35.78805654,
2007-12-24,,
2007-12-25,,
2007-12-26,59.21498496,
2007-12-27,,
2007-12-28,,
2007-12-29,44.04114506,
2007-12-30,,
2007-12-31,,
2008-01-01,,
2008-01-02,,
2008-01-03,,
2008-01-04,,
2008-01-05,,
2008-01-06,,
2008-01-07,,
2008-01-08,,
2008-01-09,,
2008-01-10,,
2008-01-11,,
2008-01-12,,
2008-01-13,,
2008-01-14,,
2008-01-15,,
2008-01-16,,
2008-01-17,,
2008-01-18,,
2008-01-19,,
2008-01-20,,
2008-01-21,,
2008-01-22,,
2008-01-23,,
2008-01-24,,
2008-01-25,,
2008-01-26,,
2008-01-27,,
2008-01-28,,
2008-01-29,,
2008-01-30,,
2008-01-31,,
2008-02-01,,
2008-02-02,,
2008-02-03,,
2008-02-04,,
2008-02-05,,
2008-02-06,,
2008-02-07,,
2008-02-08,,
2008-02-09,,
2008-02-10,,
2008-02-11,,
2008-02-12,,
2008-02-13,,
2008-02-14,,
2008-02-15,,
2008-02-16,,
2008-02-17,,
2008-02-18,,
2008-02-19,,
2008-02-20,,
2008-02-21,,
2008-02-22,,
2008-02-23,,
2008-02-24,,
2008-02-25,,
2008-02-26,,
2008-02-27,,
2008-02-28,,
2008-02-29,,
2008-03-01,,
2008-03-02,,
2008-03-03,,
2008-03-04,,
2008-03-05,,
2008-03-06,,
2008-03-07,,
2008-03-08,,
2008-03-09,,
2008-03-10,,
2008-03-11,,
2008-03-12,,
2008-03-13,,
2008-03-14,,
2008-03-15,,
2008-03-16,,
2008-03-17,,
2008-03-18,,
2008-03-19,,
2008-03-20,,
2008-03-21,,
2008-03-22,,
2008-03-23,,
2008-03-24,,
2008-03-25,,
2008-03-26,,
2008-03-27,,
2008-03-28,109.01520765,
2008-03-29,,
2008-03-30,,
2008-03-31,80.97202189,
2008-04-01,,
2008-04-02,,
2008-04-03,72.87078234,
2008-04-04,,
2008-04-05,,
2008-04-06,62.94971124,
2008-04-07,,
2008-04-08,,
2008-04-09,79.72904202,
2008-04-10,,
2008-04-11,,
2008-04-12,87.19734924,
2008-04-13,,
2008-04-14,,
2008-04-15,54.69094965,
2008-04-16,,
2008-04-17,,
2008-04-18,74.53686232,
2008-04-19,,
2008-04-20,,
2008-04-21,83.04901641,
2008-04-22,,
2008-04-23,,
2008-04-24,71.83254585,
2008-04-25,,
2008-04-26,,
2008-04-27,37.12449128,
2008-04-28,,
2008-04-29,,
2008-04-30,76.09781181,
2008-05-01,,
2008-05-02,,
2008-05-03,,
2008-05-04,,
2008-05-05,,
2008-05-06,48.43932627,
2008-05-07,,
2008-05-08,,
2008-05-09,62.768147,
2008-05-10,,
2008-05-11,,
2008-05-12,48.37711899,
2008-05-13,,
2008-05-14,,
2008-05-15,52.80501455,
2008-05-16,,
2008-05-17,,
2008-05-18,52.05088186,
2008-05-19,,
2008-05-20,,
2008-05-21,77.32222079,
2008-05-22,,
2008-05-23,,
2008-05-24,80.42135145,
2008-05-25,,
2008-05-26,,
2008-05-27,82.56357764,
2008-05-28,,
2008-05-29,,
2008-05-30,76.63521011,
2008-05-31,,
2008-06-01,,
2008-06-02,26.35332451,
2008-06-03,,
2008-06-04,,
2008-06-05,56.45442872,
2008-06-06,,
2008-06-07,,
2008-06-08,28.98065418,
2008-06-09,,
2008-06-10,,
2008-06-11,106.88304785,
2008-06-12,,
2008-06-13,,
2008-06-14,83.82621309,
2008-06-15,,
2008-06-16,,
2008-06-17,61.4449164,
2008-06-18,,
2008-06-19,,
2008-06-20,66.83333178,
2008-06-21,,
2008-06-22,,
2008-06-23,49.20195543,
2008-06-24,,
2008-06-25,,
2008-06-26,59.18105926,
2008-06-27,,
2008-06-28,,
2008-06-29,47.90716713,
2008-06-30,,
2008-07-01,,
2008-07-02,61.07701385,
2008-07-03,,
2008-07-04,,
2008-07-05,44.66771461,
2008-07-06,,
2008-07-07,,
2008-07-08,68.37819123,
2008-07-09,,
2008-07-10,,
2008-07-11,86.01320207,
2008-07-12,,
2008-07-13,,
2008-07-14,50.15632729,
2008-07-15,,
2008-07-16,,
2008-07-17,58.08863587,
2008-07-18,,
2008-07-19,,
2008-07-20,30.28790327,
2008-07-21,,
2008-07-22,,
2008-07-23,59.421372,
2008-07-24,,
2008-07-25,,
2008-07-26,48.71661799,
2008-07-27,,
2008-07-28,,
2008-07-29,47.99560725,
2008-07-30,,
2008-07-31,,
2008-08-01,61.86182661,
2008-08-02,,
2008-08-03,,
2008-08-04,47.37198797,
2008-08-05,,
2008-08-06,,
2008-08-07,56.10619825,
2008-08-08,,
2008-08-09,,
2008-08-10,40.97005611,
2008-08-11,,
2008-08-12,,
2008-08-13,79.01896202,
2008-08-14,,
2008-08-15,,
2008-08-16,53.78920541,
2008-08-17,,
2008-08-18,,
2008-08-19,65.87667077,
2008-08-20,,
2008-08-21,,
2008-08-22,66.46200828,
2008-08-23,,
2008-08-24,,
2008-08-25,88.15267111,
2008-08-26,,
2008-08-27,,
2008-08-28,94.52841714,
2008-08-29,,
2008-08-30,,
2008-08-31,28.96398804,
2008-09-01,,
2008-09-02,,
2008-09-03,60.61318967,
2008-09-04,,
2008-09-05,,
2008-09-06,50.74494047,
2008-09-07,,
2008-09-08,,
2008-09-09,56.35231545,
2008-09-10,,
2008-09-11,,
2008-09-12,67.3919362,
2008-09-13,,
2008-09-14,,
2008-09-15,66.80925447,
2008-09-16,,
2008-09-17,,
2008-09-18,69.73789082,
2008-09-19,,
2008-09-20,,
2008-09-21,41.0592734,
2008-09-22,,
2008-09-23,,
2008-09-24,88.98128744,
2008-09-25,,
2008-09-26,,
2008-09-27,65.37758405,
2008-09-28,,
2008-09-29,,
2008-09-30,82.59881818,
2008-10-01,,
2008-10-02,,
2008-10-03,67.25234532,
2008-10-04,,
2008-10-05,,
2008-10-06,,
2008-10-07,,
2008-10-08,,
2008-10-09,,
2008-10-10,,
2008-10-11,,
2008-10-12,33.97941897,
2008-10-13,,
2008-10-14,,
2008-10-15,82.21373896,
2008-10-16,,
2008-10-17,,
2008-10-18,64.73860491,
2008-10-19,,
2008-10-20,,
2008-10-21,31.10673206,
2008-10-22,,
2008-10-23,,
2008-10-24,49.60214033,
2008-10-25,,
2008-10-26,,
2008-10-27,58.35644635,
2008-10-28,,
2008-10-29,,
2008-10-30,47.32139322,
2008-10-31,,
2008-11-01,,
2008-11-02,,
2008-11-03,,
2008-11-04,,
2008-11-05,43.47860271,
2008-11-06,,
2008-11-07,,
2008-11-08,,
2008-11-09,,
2008-11-10,,
2008-11-11,87.23338536,
2008-11-12,,
2008-11-13,,
2008-11-14,86.91443614,
2008-11-15,,
2008-11-16,,
2008-11-17,56.86768724,
2008-11-18,,
2008-11-19,,
2008-11-20,54.83913807,
2008-11-21,,
2008-11-22,,
2008-11-23,50.19492449,
2008-11-24,,
2008-11-25,,
2008-11-26,80.85533703,
2008-11-27,,
2008-11-28,,
2008-11-29,44.57338237,
2008-11-30,,
2008-12-01,,
2008-12-02,65.0480007,
2008-12-03,,
2008-12-04,,
2008-12-05,62.53502584,
2008-12-06,,
2008-12-07,,
2008-12-08,31.51571622,
2008-12-09,,
2008-12-10,,
2008-12-11,82.7826273,
2008-12-12,,
2008-12-13,,
2008-12-14,36.40799759,
2008-12-15,,
2008-12-16,,
2008-12-17,54.66065445,
2008-12-18,,
2008-12-19,,
2008-12-20,54.76570942,
2008-12-21,,
2008-12-22,,
2008-12-23,43.19469349,
2008-12-24,,
2008-12-25,,
2008-12-26,37.09759747,
2008-12-27,,
2008-12-28,,
2008-12-29,38.25746087,
2008-12-30,,
2008-12-31,,
2009-01-01,27.95157107,
2009-01-02,,
2009-01-03,,
2009-01-04,22.7527812,
2009-01-05,,
2009-01-06,,
2009-01-07,54.06720771,
2009-01-08,,
2009-01-09,,
2009-01-10,36.09186861,
2009-01-11,,
2009-01-12,,
2009-01-13,43.45288686,
2009-01-14,,
2009-01-15,,
2009-01-16,56.82977962,
2009-01-17,,
2009-01-18,,
2009-01-19,56.19870545,
2009-01-20,,
2009-01-21,,
2009-01-22,48.40708862,
2009-01-23,,
2009-01-24,,
2009-01-25,34.1516638,
2009-01-26,,
2009-01-27,,
2009-01-28,56.10062078,
2009-01-29,,
2009-01-30,,
2009-01-31,50.16563847,
2009-02-01,,
2009-02-02,,
2009-02-03,42.68320949,
2009-02-04,,
2009-02-05,,
2009-02-06,48.57881736,
2009-02-07,,
2009-02-08,,
2009-02-09,43.01615755,
2009-02-10,,
2009-02-11,,
2009-02-12,41.44056864,
2009-02-13,,
2009-02-14,,
2009-02-15,42.79933552,
2009-02-16,,
2009-02-17,,
2009-02-18,46.23125577,
2009-02-19,,
2009-02-20,,
2009-02-21,51.3258772,
2009-02-22,,
2009-02-23,,
2009-02-24,105.20944126,
2009-02-25,,
2009-02-26,,
2009-02-27,102.0430598,
2009-02-28,,
2009-03-01,,
2009-03-02,56.54561104,
2009-03-03,,
2009-03-04,,
2009-03-05,48.73617404,
2009-03-06,,
2009-03-07,,
2009-03-08,58.28717059,
2009-03-09,,
2009-03-10,,
2009-03-11,82.781372,
2009-03-12,,
2009-03-13,,
2009-03-14,81.98612572,
2009-03-15,,
2009-03-16,,
2009-03-17,72.7482792,
2009-03-18,,
2009-03-19,,
2009-03-20,72.85496531,
2009-03-21,,
2009-03-22,,
2009-03-23,36.87434679,
2009-03-24,,
2009-03-25,,
2009-03-26,52.93156219,
2009-03-27,,
2009-03-28,,
2009-03-29,62.29899964,
2009-03-30,,
2009-03-31,,
2009-04-01,62.89035848,
2009-04-02,,
2009-04-03,,
2009-04-04,47.22350822,
2009-04-05,,
2009-04-06,,
2009-04-07,62.59062765,
2009-04-08,,
2009-04-09,,
2009-04-10,34.67437895,
2009-04-11,,
2009-04-12,,
2009-04-13,65.1253402,
2009-04-14,,
2009-04-15,,
2009-04-16,71.8290799,
2009-04-17,,
2009-04-18,,
2009-04-19,50.20244861,
2009-04-20,,
2009-04-21,,
2009-04-22,45.99798772,
2009-04-23,,
2009-04-24,,
2009-04-25,56.80749656,
2009-04-26,,
2009-04-27,,
2009-04-28,83.10790127,
2009-04-29,,
2009-04-30,,
2009-05-01,29.15656361,
2009-05-02,,
2009-05-03,,
2009-05-04,59.52576898,
2009-05-05,,
2009-05-06,,
2009-05-07,86.33467097,
2009-05-08,,
2009-05-09,,
2009-05-10,45.84411636,
2009-05-11,,
2009-05-12,,
2009-05-13,43.35694447,
2009-05-14,,
2009-05-15,,
2009-05-16,61.35569007,
2009-05-17,,
2009-05-18,,
2009-05-19,58.35887058,
2009-05-20,,
2009-05-21,,
2009-05-22,,
2009-05-23,,
2009-05-24,,
2009-05-25,,
2009-05-26,,
2009-05-27,,
2009-05-28,,
2009-05-29,,
2009-05-30,,
2009-05-31,23.22398144,
2009-06-01,,
2009-06-02,,
2009-06-03,52.13019113,
2009-06-04,,
2009-06-05,,
2009-06-06,53.3469416,
2009-06-07,,
2009-06-08,,
2009-06-09,69.72907301,
2009-06-10,,
2009-06-11,,
2009-06-12,86.03126884,
2009-06-13,,
2009-06-14,,
2009-06-15,31.24810298,
2009-06-16,,
2009-06-17,,
2009-06-18,62.63302816,
2009-06-19,,
2009-06-20,,
2009-06-21,24.88583518,
2009-06-22,,
2009-06-23,,
2009-06-24,81.20938793,
2009-06-25,,
2009-06-26,,
2009-06-27,47.9588069,
2009-06-28,,
2009-06-29,,
2009-06-30,37.74450847,
2009-07-01,,
2009-07-02,,
2009-07-03,43.70328635,
2009-07-04,,
2009-07-05,,
2009-07-06,55.90991657,
2009-07-07,,
2009-07-08,,
2009-07-09,49.56448051,
2009-07-10,,
2009-07-11,,
2009-07-12,30.86745875,
2009-07-13,,
2009-07-14,,
2009-07-15,50.22265008,
2009-07-16,,
2009-07-17,,
2009-07-18,46.20117274,
2009-07-19,,
2009-07-20,,
2009-07-21,46.69899567,
2009-07-22,,
2009-07-23,,
2009-07-24,56.50752593,
2009-07-25,,
2009-07-26,,
2009-07-27,62.6591143,
2009-07-28,,
2009-07-29,,
2009-07-30,64.05463315,
2009-07-31,,
2009-08-01,,
2009-08-02,34.66080954,
2009-08-03,,
2009-08-04,,
2009-08-05,53.62600093,
2009-08-06,,
2009-08-07,,
2009-08-08,,
2009-08-09,,
2009-08-10,,
2009-08-11,43.95650842,
2009-08-12,,
2009-08-13,,
2009-08-14,75.22324686,
2009-08-15,,
2009-08-16,,
2009-08-17,33.37385238,
2009-08-18,,
2009-08-19,,
2009-08-20,,
2009-08-21,,
2009-08-22,,
2009-08-23,36.47770741,
2009-08-24,,
2009-08-25,,
2009-08-26,38.9680605,
2009-08-27,,
2009-08-28,,
2009-08-29,81.12884843,
2009-08-30,,
2009-08-31,,
2009-09-01,47.27279355,
2009-09-02,,
2009-09-03,,
2009-09-04,41.16953629,
2009-09-05,,
2009-09-06,,
2009-09-07,62.85743404,
2009-09-08,,
2009-09-09,,
2009-09-10,35.65874681,
2009-09-11,,
2009-09-12,,
2009-09-13,37.33142447,
2009-09-14,,
2009-09-15,,
2009-09-16,56.92114721,
2009-09-17,,
2009-09-18,,
2009-09-19,36.28278544,
2009-09-20,,
2009-09-21,,
2009-09-22,61.95410279,
2009-09-23,,
2009-09-24,,
2009-09-25,65.19257364,
2009-09-26,,
2009-09-27,,
2009-09-28,54.98470047,
2009-09-29,,
2009-09-30,,
2009-10-01,56.69495275,
2009-10-02,,
2009-10-03,,
2009-10-04,62.39338611,
2009-10-05,,
2009-10-06,,
2009-10-07,45.81899387,
2009-10-08,,
2009-10-09,,
2009-10-10,62.22345778,
2009-10-11,,
2009-10-12,,
2009-10-13,80.37087426,
2009-10-14,,
2009-10-15,,
2009-10-16,57.23307591,
2009-10-17,,
2009-10-18,,
2009-10-19,60.4364477,
2009-10-20,,
2009-10-21,,
2009-10-22,40.73415918,
2009-10-23,,
2009-10-24,,
2009-10-25,31.38300951,
2009-10-26,,
2009-10-27,,
2009-10-28,76.9038642,
2009-10-29,,
2009-10-30,,
2009-10-31,77.12465022,
2009-11-01,,
2009-11-02,,
2009-11-03,57.44279269,
2009-11-04,,
2009-11-05,,
2009-11-06,85.20137791,
2009-11-07,,
2009-11-08,,
2009-11-09,55.44627146,
2009-11-10,,
2009-11-11,,
2009-11-12,54.02877426,
2009-11-13,,
2009-11-14,,
2009-11-15,37.78137415,
2009-11-16,,
2009-11-17,,
2009-11-18,42.64087566,
2009-11-19,,
2009-11-20,,
2009-11-21,42.10996253,
2009-11-22,,
2009-11-23,,
2009-11-24,,
2009-11-25,,
2009-11-26,,
2009-11-27,43.74172256,
2009-11-28,,
2009-11-29,,
2009-11-30,63.78855587,
2009-12-01,,
2009-12-02,,
2009-12-03,62.10134352,
2009-12-04,,
2009-12-05,,
2009-12-06,39.01196057,
2009-12-07,,
2009-12-08,,
2009-12-09,61.32024134,
2009-12-10,,
2009-12-11,,
2009-12-12,44.12881885,
2009-12-13,,
2009-12-14,,
2009-12-15,44.19187806,
2009-12-16,,
2009-12-17,,
2009-12-18,89.7352056,
2009-12-19,,
2009-12-20,,
2009-12-21,65.14710414,
2009-12-22,,
2009-12-23,,
2009-12-24,40.22022146,
2009-12-25,,
2009-12-26,,
2009-12-27,34.92222056,
2009-12-28,,
2009-12-29,,
2009-12-30,49.73922979,
2009-12-31,,
2010-01-01,,
2010-01-02,,
2010-01-03,,
2010-01-04,,
2010-01-05,95.53883152,
2010-01-06,,
2010-01-07,,
2010-01-08,57.11099223,
2010-01-09,,
2010-01-10,,
2010-01-11,46.75346344,
2010-01-12,,
2010-01-13,,
2010-01-14,61.12471046,
2010-01-15,,
2010-01-16,,
2010-01-17,78.60979404,
2010-01-18,,
2010-01-19,,
2010-01-20,52.16576577,
2010-01-21,,
2010-01-22,,
2010-01-23,98.63828478,
2010-01-24,,
2010-01-25,,
2010-01-26,33.85826812,
2010-01-27,,
2010-01-28,,
2010-01-29,66.18824182,
2010-01-30,,
2010-01-31,,
2010-02-01,66.50875567,
2010-02-02,,
2010-02-03,,
2010-02-04,68.42895545,
2010-02-05,,
2010-02-06,,
2010-02-07,54.01537841,
2010-02-08,,
2010-02-09,,
2010-02-10,87.26535957,
2010-02-11,,
2010-02-12,,
2010-02-13,31.97066089,
2010-02-14,,
2010-02-15,,
2010-02-16,77.35874064,
2010-02-17,,
2010-02-18,,
2010-02-19,90.33302344,
2010-02-20,,
2010-02-21,,
2010-02-22,72.4917885,
2010-02-23,,
2010-02-24,,
2010-02-25,47.84155571,
2010-02-26,,
2010-02-27,,
2010-02-28,39.62047863,
2010-03-01,,
2010-03-02,,
2010-03-03,42.61608373,
2010-03-04,,
2010-03-05,,
2010-03-06,49.70693999,
2010-03-07,,
2010-03-08,,
2010-03-09,41.40478345,
2010-03-10,,
2010-03-11,,
2010-03-12,53.41637678,
2010-03-13,,
2010-03-14,,
2010-03-15,64.28854805,
2010-03-16,,
2010-03-17,,
2010-03-18,53.26083868,
2010-03-19,,
2010-03-20,,
2010-03-21,42.90945179,
2010-03-22,,
2010-03-23,,
2010-03-24,76.13015952,
2010-03-25,,
2010-03-26,,
2010-03-27,,
2010-03-28,,
2010-03-29,,
2010-03-30,,
2010-03-31,,
2010-04-01,,
2010-04-02,,
2010-04-03,,
2010-04-04,,
2010-04-05,,
2010-04-06,,
2010-04-07,,
2010-04-08,24.38632154,
2010-04-09,,
2010-04-10,,
2010-04-11,37.1461804,
2010-04-12,,
2010-04-13,,
2010-04-14,49.4177318,
2010-04-15,,
2010-04-16,,
2010-04-17,55.39786161,
2010-04-18,,
2010-04-19,,
2010-04-20,56.36246434,
2010-04-21,,
2010-04-22,,
2010-04-23,38.38391702,
2010-04-24,,
2010-04-25,,
2010-04-26,44.86149091,
2010-04-27,,
2010-04-28,,
2010-04-29,54.90650429,
2010-04-30,,
2010-05-01,,
2010-05-02,45.49745122,
2010-05-03,,
2010-05-04,,
2010-05-05,43.82978497,
2010-05-06,,
2010-05-07,,
2010-05-08,46.07994167,
2010-05-09,,
2010-05-10,,
2010-05-11,35.37127513,
2010-05-12,,
2010-05-13,,
2010-05-14,34.70394537,
2010-05-15,,
2010-05-16,,
2010-05-17,30.66586723,
2010-05-18,,
2010-05-19,,
2010-05-20,55.36308662,
2010-05-21,,
2010-05-22,,
2010-05-23,50.34638122,
2010-05-24,,
2010-05-25,,
2010-05-26,57.61359004,
2010-05-27,,
2010-05-28,,
2010-05-29,53.32807384,
2010-05-30,,
2010-05-31,,
2010-06-01,69.01891575,
2010-06-02,,
2010-06-03,,
2010-06-04,44.89922058,
2010-06-05,,
2010-06-06,,
2010-06-07,32.67440025,
2010-06-08,,
2010-06-09,,
2010-06-10,82.60457588,
2010-06-11,,
2010-06-12,,
2010-06-13,50.35259136,
2010-06-14,,
2010-06-15,,
2010-06-16,39.71207747,
2010-06-17,,
2010-06-18,,
2010-06-19,60.58173283,
2010-06-20,,
2010-06-21,,
2010-06-22,41.12551406,
2010-06-23,,
2010-06-24,,
2010-06-25,44.39364003,
2010-06-26,,
2010-06-27,,
2010-06-28,38.18324009,
2010-06-29,,
2010-06-30,,
2010-07-01,59.63422805,
2010-07-02,,
2010-07-03,,
2010-07-04,33.01101418,
2010-07-05,,
2010-07-06,,
2010-07-07,84.41504721,
2010-07-08,,
2010-07-09,,
2010-07-10,51.78514229,
2010-07-11,,
2010-07-12,,
2010-07-13,46.72750702,
2010-07-14,,
2010-07-15,,
2010-07-16,55.45051429,
2010-07-17,,
2010-07-18,,
2010-07-19,46.09643395,
2010-07-20,,
2010-07-21,,
2010-07-22,65.81184319,
2010-07-23,,
2010-07-24,,
2010-07-25,39.41824618,
2010-07-26,,
2010-07-27,,
2010-07-28,,
2010-07-29,,
2010-07-30,,
2010-07-31,,
2010-08-01,,
2010-08-02,,
2010-08-03,,
2010-08-04,,
2010-08-05,,
2010-08-06,,
2010-08-07,,
2010-08-08,,
2010-08-09,,
2010-08-10,,
2010-08-11,,
2010-08-12,,
2010-08-13,,
2010-08-14,,
2010-08-15,,
2010-08-16,,
2010-08-17,,
2010-08-18,,
2010-08-19,,
2010-08-20,,
2010-08-21,,
2010-08-22,,
2010-08-23,,
2010-08-24,,
2010-08-25,,
2010-08-26,,
2010-08-27,,
2010-08-28,,
2010-08-29,,
2010-08-30,,
2010-08-31,,
2010-09-01,,
2010-09-02,,
2010-09-03,,
2010-09-04,,
2010-09-05,,
2010-09-06,,
2010-09-07,,
2010-09-08,,
2010-09-09,,
2010-09-10,,
2010-09-11,,
2010-09-12,,
2010-09-13,,
2010-09-14,,
2010-09-15,,
2010-09-16,,
2010-09-17,73.92172937,
2010-09-18,,
2010-09-19,,
2010-09-20,51.15479185,
2010-09-21,,
2010-09-22,,
2010-09-23,54.86599109,
2010-09-24,,
2010-09-25,,
2010-09-26,46.80481421,
2010-09-27,,
2010-09-28,,
2010-09-29,63.11661836,
2010-09-30,,
2010-10-01,,
2010-10-02,64.10160084,
2010-10-03,,
2010-10-04,,
2010-10-05,34.25160806,
2010-10-06,,
2010-10-07,,
2010-10-08,55.80977189,
2010-10-09,,
2010-10-10,,
2010-10-11,22.27505022,
2010-10-12,,
2010-10-13,,
2010-10-14,39.24968969,
2010-10-15,,
2010-10-16,,
2010-10-17,45.16630604,
2010-10-18,,
2010-10-19,,
2010-10-20,,
2010-10-21,,
2010-10-22,,
2010-10-23,57.05193438,
2010-10-24,,
2010-10-25,,
2010-10-26,35.67598886,
2010-10-27,,
2010-10-28,,
2010-10-29,47.06547826,
2010-10-30,,
2010-10-31,,
2010-11-01,26.16882161,
2010-11-02,,
2010-11-03,,
2010-11-04,32.7538066,
2010-11-05,,
2010-11-06,,
2010-11-07,30.32318039,
2010-11-08,,
2010-11-09,,
2010-11-10,31.29689843,
2010-11-11,,
2010-11-12,,
2010-11-13,66.51002817,
2010-11-14,,
2010-11-15,,
2010-11-16,39.26980603,
2010-11-17,,
2010-11-18,,
2010-11-19,55.72440922,
2010-11-20,,
2010-11-21,,
2010-11-22,71.34190811,
2010-11-23,,
2010-11-24,,
2010-11-25,52.9308566,
2010-11-26,,
2010-11-27,,
2010-11-28,43.14559694,
2010-11-29,,
2010-11-30,,
2010-12-01,91.19265215,
2010-12-02,,
2010-12-03,,
2010-12-04,57.2047822,
2010-12-05,,
2010-12-06,,
2010-12-07,56.99358695,
2010-12-08,,
2010-12-09,,
2010-12-10,54.16065757,
2010-12-11,,
2010-12-12,,
2010-12-13,51.53164084,
2010-12-14,,
2010-12-15,,
2010-12-16,34.56700964,
2010-12-17,,
2010-12-18,,
2010-12-19,83.02886338,
2010-12-20,,
2010-12-21,,
2010-12-22,31.92899281,
2010-12-23,,
2010-12-24,,
2010-12-25,24.57194802,
2010-12-26,,
2010-12-27,,
2010-12-28,,
2010-12-29,,
2010-12-30,,
2010-12-31,,
2011-01-01,,
2011-01-02,,
2011-01-03,,
2011-01-04,,
2011-01-05,,
2011-01-06,,
2011-01-07,,
2011-01-08,,
2011-01-09,,
2011-01-10,,
2011-01-11,,
2011-01-12,,
2011-01-13,,
2011-01-14,,
2011-01-15,,
2011-01-16,,
2011-01-17,,
2011-01-18,,
2011-01-19,,
2011-01-20,,
2011-01-21,,
2011-01-22,,
2011-01-23,,
2011-01-24,,
2011-01-25,,
2011-01-26,,
2011-01-27,,
2011-01-28,,
2011-01-29,,
2011-01-30,,
2011-01-31,,
2011-02-01,,
2011-02-02,,
2011-02-03,,
2011-02-04,,
2011-02-05,,
2011-02-06,,
2011-02-07,,
2011-02-08,,
2011-02-09,,
2011-02-10,,
2011-02-11,,
2011-02-12,,
2011-02-13,,
2011-02-14,,
2011-02-15,,
2011-02-16,,
2011-02-17,,
2011-02-18,,
2011-02-19,,
2011-02-20,,
2011-02-21,,
2011-02-22,,
2011-02-23,,
2011-02-24,,
2011-02-25,,
2011-02-26,,
2011-02-27,,
2011-02-28,,
2011-03-01,,
2011-03-02,,
2011-03-03,,
2011-03-04,,
2011-03-05,,
2011-03-06,,
2011-03-07,,
2011-03-08,,
2011-03-09,,
2011-03-10,,
2011-03-11,,
2011-03-12,,
2011-03-13,,
2011-03-14,,
2011-03-15,,
2011-03-16,,
2011-03-17,,
2011-03-18,,
2011-03-19,,
2011-03-20,,
2011-03-21,,
2011-03-22,,
2011-03-23,,
2011-03-24,,
2011-03-25,,
2011-03-26,,
2011-03-27,,
2011-03-28,,
2011-03-29,,
2011-03-30,,
2011-03-31,,
2011-04-01,,
2011-04-02,,
2011-04-03,,
2011-04-04,,
2011-04-05,,
2011-04-06,,
2011-04-07,,
2011-04-08,,
2011-04-09,,
2011-04-10,,
2011-04-11,,
2011-04-12,,
2011-04-13,37.81405603,
2011-04-14,,
2011-04-15,,
2011-04-16,,
2011-04-17,,
2011-04-18,,
2011-04-19,,
2011-04-20,,
2011-04-21,,
2011-04-22,,
2011-04-23,,
2011-04-24,,
2011-04-25,,
2011-04-26,,
2011-04-27,31.33119356,
2011-04-28,,
2011-04-29,,
2011-04-30,40.99367174,
2011-05-01,,
2011-05-02,,
2011-05-03,,
2011-05-04,72.6433649,
2011-05-05,,
2011-05-06,35.35227007,
2011-05-07,,
2011-05-08,,
2011-05-09,38.36685534,
2011-05-10,,
2011-05-11,,
2011-05-12,,
2011-05-13,,
2011-05-14,,
2011-05-15,,
2011-05-16,,
2011-05-17,,
2011-05-18,56.67096348,
2011-05-19,,
2011-05-20,,
2011-05-21,,
2011-05-22,,
2011-05-23,,
2011-05-24,29.2323454,
2011-05-25,,
2011-05-26,,
2011-05-27,57.7034078,
2011-05-28,,
2011-05-29,,
2011-05-30,59.69813185,
2011-05-31,,
2011-06-01,,
2011-06-02,44.45168328,
2011-06-03,,
2011-06-04,,
2011-06-05,29.10572466,
2011-06-06,,
2011-06-07,,
2011-06-08,30.52043409,
2011-06-09,,
2011-06-10,,
2011-06-11,38.67961921,
2011-06-12,,
2011-06-13,,
2011-06-14,37.15733081,
2011-06-15,,
2011-06-16,,
2011-06-17,38.58137915,
2011-06-18,,
2011-06-19,,
2011-06-20,49.87925295,
2011-06-21,,
2011-06-22,,
2011-06-23,46.08077113,
2011-06-24,,
2011-06-25,,
2011-06-26,24.63116674,
2011-06-27,,
2011-06-28,,
2011-06-29,51.63342011,
2011-06-30,,
2011-07-01,,
2011-07-02,40.47321283,
2011-07-03,,
2011-07-04,,
2011-07-05,34.12966897,
2011-07-06,,
2011-07-07,,
2011-07-08,42.91601472,
2011-07-09,,
2011-07-10,,
2011-07-11,29.607064,
2011-07-12,,
2011-07-13,,
2011-07-14,34.11371931,
2011-07-15,,
2011-07-16,,
2011-07-17,30.69574231,
2011-07-18,,
2011-07-19,,
2011-07-20,25.70039272,
2011-07-21,,
2011-07-22,,
2011-07-23,37.20374046,
2011-07-24,,
2011-07-25,,
2011-07-26,42.4392762,
2011-07-27,,
2011-07-28,,
2011-07-29,46.17820635,
2011-07-30,,
2011-07-31,,
2011-08-01,48.39754513,
2011-08-02,,
2011-08-03,,
2011-08-04,48.11089908,
2011-08-05,,
2011-08-06,,
2011-08-07,31.38193598,
2011-08-08,,
2011-08-09,,
2011-08-10,54.15025083,
2011-08-11,,
2011-08-12,,
2011-08-13,37.20762729,
2011-08-14,,
2011-08-15,,
2011-08-16,31.77626895,
2011-08-17,,
2011-08-18,,
2011-08-19,46.37451269,
2011-08-20,,
2011-08-21,,
2011-08-22,57.8067095,
2011-08-23,,
2011-08-24,,
2011-08-25,64.63686004,
2011-08-26,,
2011-08-27,,
2011-08-28,40.19715926,
2011-08-29,,
2011-08-30,,
2011-08-31,42.69255309,
2011-09-01,,
2011-09-02,,
2011-09-03,39.36614548,
2011-09-04,,
2011-09-05,,
2011-09-06,44.89686169,
2011-09-07,,
2011-09-08,,
2011-09-09,51.2115653,
2011-09-10,,
2011-09-11,,
2011-09-12,52.28136734,
2011-09-13,,
2011-09-14,,
2011-09-15,49.67865192,
2011-09-16,,
2011-09-17,,
2011-09-18,29.89234848,
2011-09-19,,
2011-09-20,,
2011-09-21,39.46841017,
2011-09-22,,
2011-09-23,,
2011-09-24,45.42411632,
2011-09-25,,
2011-09-26,,
2011-09-27,48.7074661,
2011-09-28,,
2011-09-29,,
2011-09-30,37.55078293,
2011-10-01,,
2011-10-02,,
2011-10-03,45.42796679,
2011-10-04,,
2011-10-05,,
2011-10-06,53.74825212,
2011-10-07,,
2011-10-08,,
2011-10-09,41.23286203,
2011-10-10,,
2011-10-11,,
2011-10-12,51.64026269,
2011-10-13,,
2011-10-14,,
2011-10-15,40.84397817,
2011-10-16,,
2011-10-17,,
2011-10-18,30.84060373,
2011-10-19,,
2011-10-20,,
2011-10-21,41.126991,
2011-10-22,,
2011-10-23,,
2011-10-24,35.2796732,
2011-10-25,,
2011-10-26,,
2011-10-27,42.04255578,
2011-10-28,,
2011-10-29,,
2011-10-30,38.24326475,
2011-10-31,,
2011-11-01,,
2011-11-02,38.10461082,
2011-11-03,,
2011-11-04,,
2011-11-05,48.14296858,
2011-11-06,,
2011-11-07,,
2011-11-08,53.32534747,
2011-11-09,,
2011-11-10,,
2011-11-11,76.0115372,
2011-11-12,,
2011-11-13,,
2011-11-14,35.89435671,
2011-11-15,,
2011-11-16,,
2011-11-17,47.08785505,
2011-11-18,,
2011-11-19,,
2011-11-20,29.37820344,
2011-11-21,,
2011-11-22,,
2011-11-23,65.86034376,
2011-11-24,,
2011-11-25,,
2011-11-26,42.75674945,
2011-11-27,,
2011-11-28,,
2011-11-29,47.69151479,
2011-11-30,,
2011-12-01,,
2011-12-02,37.16652775,
2011-12-03,,
2011-12-04,,
2011-12-05,42.95790568,
2011-12-06,,
2011-12-07,,
2011-12-08,39.41878736,
2011-12-09,,
2011-12-10,,
2011-12-11,42.00082575,
2011-12-12,,
2011-12-13,,
2011-12-14,55.25741368,
2011-12-15,,
2011-12-16,,
2011-12-17,47.54564743,
2011-12-18,,
2011-12-19,,
2011-12-20,48.78764691,
2011-12-21,,
2011-12-22,,
2011-12-23,49.99243951,
2011-12-24,,
2011-12-25,,
2011-12-26,50.19022683,
2011-12-27,,
2011-12-28,,
2011-12-29,40.61512455,
2011-12-30,,
2011-12-31,,
2012-01-01,42.94856021,
2012-01-02,,
2012-01-03,,
2012-01-04,35.49938768,
2012-01-05,,
2012-01-06,,
2012-01-07,39.09896123,
2012-01-08,,
2012-01-09,,
2012-01-10,32.63820714,
2012-01-11,,
2012-01-12,,
2012-01-13,47.15581073,
2012-01-14,,
2012-01-15,,
2012-01-16,60.65732723,
2012-01-17,,
2012-01-18,,
2012-01-19,50.60897354,
2012-01-20,,
2012-01-21,,
2012-01-22,30.73245493,
2012-01-23,,
2012-01-24,,
2012-01-25,60.97179592,
2012-01-26,,
2012-01-27,,
2012-01-28,71.50686866,
2012-01-29,,
2012-01-30,,
2012-01-31,51.60472574,
2012-02-01,,
2012-02-02,,
2012-02-03,40.45281906,
2012-02-04,,
2012-02-05,,
2012-02-06,44.46300317,
2012-02-07,,
2012-02-08,,
2012-02-09,79.44234606,
2012-02-10,,
2012-02-11,,
2012-02-12,23.92583877,
2012-02-13,,
2012-02-14,,
2012-02-15,86.95785586,
2012-02-16,,
2012-02-17,,
2012-02-18,56.7703864,
2012-02-19,,
2012-02-20,,
2012-02-21,68.76225356,
2012-02-22,,
2012-02-23,,
2012-02-24,,
2012-02-25,,
2012-02-26,,
2012-02-27,61.51479921,
2012-02-28,,
2012-02-29,,
2012-03-01,62.24341838,
2012-03-02,,
2012-03-03,,
2012-03-04,29.70337325,
2012-03-05,,
2012-03-06,,
2012-03-07,54.12437358,
2012-03-08,,
2012-03-09,,
2012-03-10,92.6045069,
2012-03-11,,
2012-03-12,,
2012-03-13,41.32078266,
2012-03-14,,
2012-03-15,,
2012-03-16,48.95279303,
2012-03-17,,
2012-03-18,,
2012-03-19,32.74872383,
2012-03-20,,
2012-03-21,,
2012-03-22,42.83132385,
2012-03-23,,
2012-03-24,,
2012-03-25,38.60912863,
2012-03-26,,
2012-03-27,,
2012-03-28,44.66975063,
2012-03-29,,
2012-03-30,,
2012-03-31,34.51735296,
2012-04-01,,
2012-04-02,,
2012-04-03,38.22209972,
2012-04-04,,
2012-04-05,,
2012-04-06,29.34258585,
2012-04-07,,
2012-04-08,,
2012-04-09,36.06926661,
2012-04-10,,
2012-04-11,,
2012-04-12,22.81184372,
2012-04-13,,
2012-04-14,,
2012-04-15,25.17472192,
2012-04-16,,
2012-04-17,,
2012-04-18,41.93911702,
2012-04-19,,
2012-04-20,,
2012-04-21,39.44435108,
2012-04-22,,
2012-04-23,,
2012-04-24,53.3640339,
2012-04-25,,
2012-04-26,,
2012-04-27,43.32962663,
2012-04-28,,
2012-04-29,,
2012-04-30,42.82271329,
2012-05-01,,
2012-05-02,,
2012-05-03,49.09596357,
2012-05-04,,
2012-05-05,,
2012-05-06,27.64084087,
2012-05-07,,
2012-05-08,,
2012-05-09,,
2012-05-10,,
2012-05-11,,
2012-05-12,,
2012-05-13,,
2012-05-14,,
2012-05-15,,
2012-05-16,,
2012-05-17,,
2012-05-18,,
2012-05-19,,
2012-05-20,,
2012-05-21,,
2012-05-22,,
2012-05-23,,
2012-05-24,,
2012-05-25,,
2012-05-26,,
2012-05-27,,
2012-05-28,,
2012-05-29,,
2012-05-30,,
2012-05-31,,
2012-06-01,,
2012-06-02,37.58877268,
2012-06-03,,
2012-06-04,,
2012-06-05,40.39423259,
2012-06-06,,
2012-06-07,,
2012-06-08,40.94802848,
2012-06-09,,
2012-06-10,,
2012-06-11,24.98443381,
2012-06-12,,
2012-06-13,,
2012-06-14,37.82451134,
2012-06-15,,
2012-06-16,,
2012-06-17,44.2017139,
2012-06-18,,
2012-06-19,,
2012-06-20,34.09214642,
2012-06-21,,
2012-06-22,,
2012-06-23,44.54469058,
2012-06-24,,
2012-06-25,,
2012-06-26,13.46111456,
2012-06-27,,
2012-06-28,,
2012-06-29,12.26424605,
2012-06-30,,
2012-07-01,,
2012-07-02,40.11037394,
2012-07-03,,
2012-07-04,,
2012-07-05,39.02696137,
2012-07-06,,
2012-07-07,,
2012-07-08,23.67354193,
2012-07-09,,
2012-07-10,,
2012-07-11,43.24589219,
2012-07-12,,
2012-07-13,,
2012-07-14,55.72475281,
2012-07-15,,
2012-07-16,,
2012-07-17,45.03997261,
2012-07-18,,
2012-07-19,,
2012-07-20,32.9565818,
2012-07-21,,
2012-07-22,,
2012-07-23,36.09373412,
2012-07-24,,
2012-07-25,,
2012-07-26,46.45034189,
2012-07-27,,
2012-07-28,,
2012-07-29,27.14778212,
2012-07-30,,
2012-07-31,,
2012-08-01,51.26955595,
2012-08-02,,
2012-08-03,,
2012-08-04,37.79265484,
2012-08-05,,
2012-08-06,,
2012-08-07,10.96146614,
2012-08-08,,
2012-08-09,,
2012-08-10,29.33490789,
2012-08-11,,
2012-08-12,,
2012-08-13,,
2012-08-14,,
2012-08-15,,
2012-08-16,47.19265745,
2012-08-17,,
2012-08-18,,
2012-08-19,27.35522805,
2012-08-20,,
2012-08-21,,
2012-08-22,34.08850892,
2012-08-23,,
2012-08-24,,
2012-08-25,52.60159497,
2012-08-26,,
2012-08-27,,
2012-08-28,48.80665528,
2012-08-29,,
2012-08-30,,
2012-08-31,45.38688459,
2012-09-01,,
2012-09-02,,
2012-09-03,39.38278794,
2012-09-04,,
2012-09-05,,
2012-09-06,41.73618835,
2012-09-07,,
2012-09-08,,
2012-09-09,27.8447257,
2012-09-10,,
2012-09-11,,
2012-09-12,39.13646044,
2012-09-13,,
2012-09-14,,
2012-09-15,87.72823504,
2012-09-16,,
2012-09-17,,
2012-09-18,48.55810994,
2012-09-19,,
2012-09-20,,
2012-09-21,35.77538398,
2012-09-22,,
2012-09-23,,
2012-09-24,40.6140303,
2012-09-25,,
2012-09-26,,
2012-09-27,39.26820752,
2012-09-28,,
2012-09-29,,
2012-09-30,36.37305869,
2012-10-01,,
2012-10-02,,
2012-10-03,31.16093601,
2012-10-04,,
2012-10-05,,
2012-10-06,55.42938668,
2012-10-07,,
2012-10-08,,
2012-10-09,45.86697404,
2012-10-10,,
2012-10-11,,
2012-10-12,53.71488768,
2012-10-13,,
2012-10-14,,
2012-10-15,35.95953153,
2012-10-16,,
2012-10-17,,
2012-10-18,49.58502293,
2012-10-19,,
2012-10-20,,
2012-10-21,20.41473118,
2012-10-22,,
2012-10-23,,
2012-10-24,42.08121246,
2012-10-25,,
2012-10-26,,
2012-10-27,25.56406913,
2012-10-28,,
2012-10-29,,
2012-10-30,35.67575646,
2012-10-31,,
2012-11-01,,
2012-11-02,27.98365934,
2012-11-03,,
2012-11-04,,
2012-11-05,26.37138338,
2012-11-06,,
2012-11-07,,
2012-11-08,30.88371174,
2012-11-09,,
2012-11-10,,
2012-11-11,25.381129,
2012-11-12,,
2012-11-13,,
2012-11-14,46.72583251,
2012-11-15,,
2012-11-16,,
2012-11-17,33.70231869,
2012-11-18,,
2012-11-19,,
2012-11-20,23.39873825,
2012-11-21,,
2012-11-22,,
2012-11-23,34.76129701,
2012-11-24,,
2012-11-25,,
2012-11-26,37.78996232,
2012-11-27,,
2012-11-28,,
2012-11-29,27.95917738,
2012-11-30,,
2012-12-01,,
2012-12-02,29.40990355,
2012-12-03,,
2012-12-04,,
2012-12-05,28.63014011,
2012-12-06,,
2012-12-07,,
2012-12-08,21.82742977,
2012-12-09,,
2012-12-10,,
2012-12-11,40.29589406,
2012-12-12,,
2012-12-13,,
2012-12-14,41.47642105,
2012-12-15,,
2012-12-16,,
2012-12-17,31.50264911,
2012-12-18,,
2012-12-19,,
2012-12-20,32.32084413,
2012-12-21,,
2012-12-22,,
2012-12-23,20.21408593,
2012-12-24,,
2012-12-25,,
2012-12-26,24.19391728,
2012-12-27,,
2012-12-28,,
2012-12-29,,
2012-12-30,,
2012-12-31,,
2013-01-01,23.19422209,
2013-01-02,,
2013-01-03,,
2013-01-04,27.57444427,
2013-01-05,,
2013-01-06,,
2013-01-07,24.20401164,
2013-01-08,,
2013-01-09,,
2013-01-10,34.86487424,
2013-01-11,,
2013-01-12,,
2013-01-13,29.99752202,
2013-01-14,,
2013-01-15,,
2013-01-16,36.4302667,
2013-01-17,,
2013-01-18,,
2013-01-19,53.52632968,
2013-01-20,,
2013-01-21,,
2013-01-22,43.22945184,
2013-01-23,,
2013-01-24,,
2013-01-25,36.18613846,
2013-01-26,,
2013-01-27,,
2013-01-28,31.58015193,
2013-01-29,,
2013-01-30,,
2013-01-31,38.08128243,
2013-02-01,,
2013-02-02,,
2013-02-03,,
2013-02-04,,
2013-02-05,,
2013-02-06,,
2013-02-07,,
2013-02-08,,
2013-02-09,,
2013-02-10,,
2013-02-11,,
2013-02-12,,
2013-02-13,,
2013-02-14,,
2013-02-15,,
2013-02-16,,
2013-02-17,,
2013-02-18,,
2013-02-19,,
2013-02-20,,
2013-02-21,,
2013-02-22,,
2013-02-23,,
2013-02-24,,
2013-02-25,,
2013-02-26,,
2013-02-27,,
2013-02-28,,
2013-03-01,,
2013-03-02,,
2013-03-03,,
2013-03-04,,
2013-03-05,,
2013-03-06,,
2013-03-07,,
2013-03-08,,
2013-03-09,,
2013-03-10,,
2013-03-11,,
2013-03-12,,
2013-03-13,,
2013-03-14,,
2013-03-15,,
2013-03-16,,
2013-03-17,,
2013-03-18,,
2013-03-19,,
2013-03-20,,
2013-03-21,,
2013-03-22,,
2013-03-23,,
2013-03-24,,
2013-03-25,,
2013-03-26,,
2013-03-27,,
2013-03-28,,
2013-03-29,,
2013-03-30,,
2013-03-31,,
2013-04-01,,
2013-04-02,33.8,
2013-04-03,,
2013-04-04,51.4,
2013-04-05,,
2013-04-06,,
2013-04-07,73.4,
2013-04-08,,
2013-04-09,,
2013-04-10,44.4,
2013-04-11,,
2013-04-12,,
2013-04-13,51.2,
2013-04-14,,
2013-04-15,,
2013-04-16,39.8,
2013-04-17,,
2013-04-18,,
2013-04-19,55.6,
2013-04-20,,
2013-04-21,,
2013-04-22,48.6,
2013-04-23,,
2013-04-24,,
2013-04-25,32.9,
2013-04-26,,
2013-04-27,,
2013-04-28,31.5,
2013-04-29,,
2013-04-30,,
2013-05-01,41.9,
2013-05-02,,
2013-05-03,,
2013-05-04,47.9,
2013-05-05,,
2013-05-06,,
2013-05-07,45.4,
2013-05-08,,
2013-05-09,,
2013-05-10,32.1,
2013-05-11,,
2013-05-12,,
2013-05-13,23.8,
2013-05-14,,
2013-05-15,,
2013-05-16,60.7,
2013-05-17,,
2013-05-18,,
2013-05-19,24.1,
2013-05-20,,
2013-05-21,,
2013-05-22,80.9,
2013-05-23,,
2013-05-24,,
2013-05-25,,
2013-05-26,,
2013-05-27,,
2013-05-28,38.5,
2013-05-29,,
2013-05-30,,
2013-05-31,38.8,
2013-06-01,,
2013-06-02,,
2013-06-03,56.2,
2013-06-04,,
2013-06-05,,
2013-06-06,35.0,
2013-06-07,,
2013-06-08,,
2013-06-09,19.3,
2013-06-10,,
2013-06-11,,
2013-06-12,22.5,
2013-06-13,,
2013-06-14,,
2013-06-15,31.2,
2013-06-16,,
2013-06-17,,
2013-06-18,28.5,
2013-06-19,,
2013-06-20,,
2013-06-21,29.0,
2013-06-22,,
2013-06-23,,
2013-06-24,28.2,
2013-06-25,,
2013-06-26,,
2013-06-27,40.8,
2013-06-28,,
2013-06-29,,
2013-06-30,16.2,
2013-07-01,,
2013-07-02,,
2013-07-03,32.8,
2013-07-04,,
2013-07-05,,
2013-07-06,34.5,
2013-07-07,,
2013-07-08,,
2013-07-09,32.8,
2013-07-10,,
2013-07-11,,
2013-07-12,37.4,
2013-07-13,,
2013-07-14,,
2013-07-15,41.4,
2013-07-16,,
2013-07-17,,
2013-07-18,33.3,
2013-07-19,,
2013-07-20,,
2013-07-21,44.0,
2013-07-22,,
2013-07-23,,
2013-07-24,39.5,
2013-07-25,,
2013-07-26,,
2013-07-27,32.9,
2013-07-28,,
2013-07-29,,
2013-07-30,38.8,
2013-07-31,,
2013-08-01,,
2013-08-02,32.64546608,
2013-08-03,,
2013-08-04,,
2013-08-05,34.81423053,
2013-08-06,,
2013-08-07,,
2013-08-08,37.87873324,
2013-08-09,,
2013-08-10,,
2013-08-11,25.76382781,
2013-08-12,,
2013-08-13,,
2013-08-14,29.98801567,
2013-08-15,,
2013-08-16,,
2013-08-17,27.08648196,
2013-08-18,,
2013-08-19,,
2013-08-20,29.25150164,
2013-08-21,,
2013-08-22,,
2013-08-23,33.35720129,
2013-08-24,,
2013-08-25,,
2013-08-26,27.29496131,
2013-08-27,,
2013-08-28,,
2013-08-29,35.18061789,
2013-08-30,,
2013-08-31,,
2013-09-01,44.75841233,
2013-09-02,,
2013-09-03,,
2013-09-04,46.40821998,
2013-09-05,,
2013-09-06,,
2013-09-07,34.09765315,
2013-09-08,,
2013-09-09,,
2013-09-10,36.60639085,
2013-09-11,,
2013-09-12,,
2013-09-13,49.26055536,
2013-09-14,,
2013-09-15,,
2013-09-16,39.04876738,
2013-09-17,,
2013-09-18,,
2013-09-19,29.66641667,
2013-09-20,,
2013-09-21,,
2013-09-22,28.81030985,
2013-09-23,,
2013-09-24,,
2013-09-25,40.38088925,
2013-09-26,,
2013-09-27,,
2013-09-28,35.91735626,
2013-09-29,,
2013-09-30,,
2013-10-01,46.53141398,
2013-10-02,,
2013-10-03,,
2013-10-04,36.95619251,
2013-10-05,,
2013-10-06,,
2013-10-07,47.1000081,
2013-10-08,,
2013-10-09,,
2013-10-10,27.28000239,
2013-10-11,,
2013-10-12,,
2013-10-13,23.01874916,
2013-10-14,,
2013-10-15,,
2013-10-16,30.18173362,
2013-10-17,,
2013-10-18,,
2013-10-19,51.09801458,
2013-10-20,,
2013-10-21,,
2013-10-22,32.93570026,
2013-10-23,,
2013-10-24,,
2013-10-25,45.47870324,
2013-10-26,,
2013-10-27,,
2013-10-28,23.22888329,
2013-10-29,,
2013-10-30,,
2013-10-31,36.76679725,
2013-11-01,,
2013-11-02,,
2013-11-03,18.91221829,
2013-11-04,,
2013-11-05,,
2013-11-06,34.35083974,
2013-11-07,,
2013-11-08,,
2013-11-09,27.00707378,
2013-11-10,,
2013-11-11,,
2013-11-12,35.79479917,
2013-11-13,,
2013-11-14,,
2013-11-15,35.36260415,
2013-11-16,,
2013-11-17,,
2013-11-18,46.78356487,
2013-11-19,,
2013-11-20,,
2013-11-21,40.49323538,
2013-11-22,,
2013-11-23,,
2013-11-24,43.25617879,
2013-11-25,,
2013-11-26,,
2013-11-27,60.11903725,
2013-11-28,,
2013-11-29,,
2013-11-30,,
2013-12-01,,
2013-12-02,,
2013-12-03,40.4,
2013-12-04,,
2013-12-05,,
2013-12-06,39.6,
2013-12-07,,
2013-12-08,,
2013-12-09,35.8,
2013-12-10,,
2013-12-11,,
2013-12-12,35.0,
2013-12-13,,
2013-12-14,,
2013-12-15,17.1,
2013-12-16,,
2013-12-17,,
2013-12-18,64.2,
2013-12-19,,
2013-12-20,,
2013-12-21,58.2,
2013-12-22,,
2013-12-23,,
2013-12-24,,
2013-12-25,,
2013-12-26,,
2013-12-27,27.5,
2013-12-28,,
2013-12-29,,
2013-12-30,16.2,
2013-12-31,,
2014-01-01,29.6,
2014-01-02,,
2014-01-03,,
2014-01-04,31.9,
2014-01-05,,
2014-01-06,,
2014-01-07,40.7,
2014-01-08,,
2014-01-09,,
2014-01-10,38.6,
2014-01-11,,
2014-01-12,,
2014-01-13,39.7,
2014-01-14,,
2014-01-15,,
2014-01-16,45.3,
2014-01-17,,
2014-01-18,,
2014-01-19,26.8,
2014-01-20,,
2014-01-21,,
2014-01-22,37.7,
2014-01-23,,
2014-01-24,,
2014-01-25,39.0,
2014-01-26,,
2014-01-27,,
2014-01-28,40.6,
2014-01-29,,
2014-01-30,,
2014-01-31,49.6,
2014-02-01,,
2014-02-02,,
2014-02-03,39.1,
2014-02-04,,
2014-02-05,,
2014-02-06,42.4,
2014-02-07,,
2014-02-08,,
2014-02-09,33.5,
2014-02-10,,
2014-02-11,,
2014-02-12,32.9,
2014-02-13,,
2014-02-14,,
2014-02-15,44.3,
2014-02-16,,
2014-02-17,,
2014-02-18,65.9,
2014-02-19,,
2014-02-20,,
2014-02-21,55.0,
2014-02-22,,
2014-02-23,,
2014-02-24,59.3,
2014-02-25,,
2014-02-26,,
2014-02-27,14.5,
2014-02-28,,
2014-03-01,,
2014-03-02,35.14118842,
2014-03-03,,
2014-03-04,,
2014-03-05,52.81029083,
2014-03-06,,
2014-03-07,,
2014-03-08,60.081354,
2014-03-09,,
2014-03-10,,
2014-03-11,46.114937,
2014-03-12,,
2014-03-13,,
2014-03-14,75.60390739,
2014-03-15,,
2014-03-16,,
2014-03-17,73.40542785,
2014-03-18,,
2014-03-19,,
2014-03-20,50.68861842,
2014-03-21,,
2014-03-22,,
2014-03-23,33.07457307,
2014-03-24,,
2014-03-25,,
2014-03-26,29.73548354,
2014-03-27,,
2014-03-28,,
2014-03-29,64.37574977,
2014-03-30,,
2014-03-31,,
2014-04-01,63.59128185,
2014-04-02,,
2014-04-03,,
2014-04-04,44.62237983,
2014-04-05,,
2014-04-06,,
2014-04-07,32.01383342,
2014-04-08,,
2014-04-09,,
2014-04-10,39.97577751,
2014-04-11,,
2014-04-12,,
2014-04-13,44.90286187,
2014-04-14,,
2014-04-15,,
2014-04-16,48.38318287,
2014-04-17,,
2014-04-18,,
2014-04-19,21.55008821,
2014-04-20,,
2014-04-21,,
2014-04-22,34.80329822,
2014-04-23,,
2014-04-24,,
2014-04-25,46.82596043,
2014-04-26,,
2014-04-27,,
2014-04-28,24.24676455,
2014-04-29,,
2014-04-30,,
2014-05-01,39.6,
2014-05-02,,
2014-05-03,,
2014-05-04,23.3,
2014-05-05,,
2014-05-06,,
2014-05-07,64.9,
2014-05-08,,
2014-05-09,,
2014-05-10,27.5,
2014-05-11,,
2014-05-12,,
2014-05-13,29.7,
2014-05-14,,
2014-05-15,,
2014-05-16,37.1,
2014-05-17,,
2014-05-18,,
2014-05-19,36.2,
2014-05-20,,
2014-05-21,,
2014-05-22,54.6,
2014-05-23,,
2014-05-24,,
2014-05-25,25.1,
2014-05-26,,
2014-05-27,,
2014-05-28,36.1,
2014-05-29,,
2014-05-30,,
2014-05-31,27.3,
2014-06-01,,
2014-06-02,,
2014-06-03,37.3,
2014-06-04,,
2014-06-05,,
2014-06-06,33.4,
2014-06-07,,
2014-06-08,,
2014-06-09,33.5,
2014-06-10,,
2014-06-11,,
2014-06-12,39.7,
2014-06-13,,
2014-06-14,,
2014-06-15,16.6,
2014-06-16,,
2014-06-17,,
2014-06-18,36.2,
2014-06-19,,
2014-06-20,,
2014-06-21,36.7,
2014-06-22,,
2014-06-23,,
2014-06-24,28.6,
2014-06-25,,
2014-06-26,,
2014-06-27,83.9,
2014-06-28,,
2014-06-29,,
2014-06-30,23.5,
2014-07-01,,
2014-07-02,,
2014-07-03,30.0,
2014-07-04,,
2014-07-05,,
2014-07-06,18.7,
2014-07-07,,
2014-07-08,,
2014-07-09,27.7,
2014-07-10,,
2014-07-11,,
2014-07-12,27.0,
2014-07-13,,
2014-07-14,,
2014-07-15,36.0,
2014-07-16,,
2014-07-17,,
2014-07-18,44.2,
2014-07-19,,
2014-07-20,,
2014-07-21,38.5,
2014-07-22,,
2014-07-23,,
2014-07-24,45.8,
2014-07-25,,
2014-07-26,,
2014-07-27,25.1,
2014-07-28,,
2014-07-29,,
2014-07-30,25.0,
2014-07-31,,
2014-08-01,,
2014-08-02,,
2014-08-03,,
2014-08-04,,
2014-08-05,,
2014-08-06,,
2014-08-07,,
2014-08-08,,
2014-08-09,,
2014-08-10,,
2014-08-11,,
2014-08-12,,
2014-08-13,,
2014-08-14,35.6,
2014-08-15,,
2014-08-16,,
2014-08-17,26.4,
2014-08-18,,
2014-08-19,,
2014-08-20,40.9,
2014-08-21,,
2014-08-22,,
2014-08-23,35.5,
2014-08-24,,
2014-08-25,,
2014-08-26,43.5,
2014-08-27,,
2014-08-28,,
2014-08-29,31.8,
2014-08-30,,
2014-08-31,,
2014-09-01,29.6,
2014-09-02,,
2014-09-03,,
2014-09-04,20.6,
2014-09-05,,
2014-09-06,,
2014-09-07,20.9,
2014-09-08,,
2014-09-09,,
2014-09-10,14.8,
2014-09-11,,
2014-09-12,,
2014-09-13,31.4,
2014-09-14,,
2014-09-15,,
2014-09-16,28.1,
2014-09-17,,
2014-09-18,,
2014-09-19,53.6,
2014-09-20,,
2014-09-21,,
2014-09-22,42.8,
2014-09-23,,
2014-09-24,,
2014-09-25,33.5,
2014-09-26,,
2014-09-27,,
2014-09-28,43.7,
2014-09-29,,
2014-09-30,,
2014-10-01,45.3,
2014-10-02,,
2014-10-03,,
2014-10-04,31.5,
2014-10-05,,
2014-10-06,,
2014-10-07,,
2014-10-08,,
2014-10-09,,
2014-10-10,,
2014-10-11,,
2014-10-12,,
2014-10-13,37.8,
2014-10-14,,
2014-10-15,,
2014-10-16,33.8,
2014-10-17,,
2014-10-18,,
2014-10-19,30.9,
2014-10-20,,
2014-10-21,,
2014-10-22,28.6,
2014-10-23,,
2014-10-24,,
2014-10-25,34.9,
2014-10-26,,
2014-10-27,,
2014-10-28,30.9,
2014-10-29,,
2014-10-30,,
2014-10-31,,
2014-11-01,,
2014-11-02,,
2014-11-03,,
2014-11-04,,
2014-11-05,,
2014-11-06,,
2014-11-07,,
2014-11-08,,
2014-11-09,35.4,
2014-11-10,,
2014-11-11,,
2014-11-12,,
2014-11-13,,
2014-11-14,,
2014-11-15,35.4,
2014-11-16,,
2014-11-17,,
2014-11-18,50.0,
2014-11-19,,
2014-11-20,,
2014-11-21,50.8,
2014-11-22,,
2014-11-23,,
2014-11-24,29.2,
2014-11-25,,
2014-11-26,,
2014-11-27,49.3,
2014-11-28,,
2014-11-29,,
2014-11-30,,
2014-12-01,46.9,
2014-12-02,,
2014-12-03,50.6,
2014-12-04,,
2014-12-05,,
2014-12-06,34.0,
2014-12-07,,
2014-12-08,,
2014-12-09,50.2,
2014-12-10,,
2014-12-11,,
2014-12-12,,
2014-12-13,,
2014-12-14,,
2014-12-15,32.7,
2014-12-16,,
2014-12-17,,
2014-12-18,,
2014-12-19,,
2014-12-20,,
2014-12-21,29.3,
2014-12-22,,
2014-12-23,,
2014-12-24,35.7,
2014-12-25,,
2014-12-26,,
2014-12-27,38.1,
2014-12-28,,
2014-12-29,,
2014-12-30,36.4,
2014-12-31,,
2015-01-01,,
2015-01-02,24.1,
2015-01-03,,
2015-01-04,,
2015-01-05,34.8,
2015-01-06,,
2015-01-07,,
2015-01-08,43.0,
2015-01-09,,
2015-01-10,,
2015-01-11,29.2,
2015-01-12,,
2015-01-13,,
2015-01-14,,
2015-01-15,,
2015-01-16,,
2015-01-17,41.8,
2015-01-18,,
2015-01-19,,
2015-01-20,49.2,
2015-01-21,,
2015-01-22,,
2015-01-23,37.0,
2015-01-24,,
2015-01-25,,
2015-01-26,36.9,
2015-01-27,,
2015-01-28,,
2015-01-29,37.7,
2015-01-30,,
2015-01-31,,
2015-02-01,18.5,
2015-02-02,,
2015-02-03,,
2015-02-04,35.6,
2015-02-05,,
2015-02-06,,
2015-02-07,57.6,
2015-02-08,,
2015-02-09,,
2015-02-10,36.6,
2015-02-11,,
2015-02-12,,
2015-02-13,17.9,
2015-02-14,,
2015-02-15,,
2015-02-16,37.5,
2015-02-17,,
2015-02-18,,
2015-02-19,51.1,
2015-02-20,,
2015-02-21,,
2015-02-22,18.5,
2015-02-23,,
2015-02-24,,
2015-02-25,56.4,
2015-02-26,,
2015-02-27,,
2015-02-28,45.3,
2015-03-01,,
2015-03-02,,
2015-03-03,58.2,
2015-03-04,,
2015-03-05,,
2015-03-06,82.6,
2015-03-07,,
2015-03-08,,
2015-03-09,43.0,
2015-03-10,,
2015-03-11,,
2015-03-12,48.4,
2015-03-13,,
2015-03-14,,
2015-03-15,62.6,
2015-03-16,,
2015-03-17,,
2015-03-18,70.5,
2015-03-19,,
2015-03-20,,
2015-03-21,35.2,
2015-03-22,,
2015-03-23,,
2015-03-24,48.1,
2015-03-25,,
2015-03-26,,
2015-03-27,64.5,
2015-03-28,,
2015-03-29,,
2015-03-30,59.6,
2015-03-31,,
2015-04-01,,
2015-04-02,33.7,
2015-04-03,,
2015-04-04,,
2015-04-05,28.9,
2015-04-06,,
2015-04-07,,
2015-04-08,30.3,
2015-04-09,,
2015-04-10,,
2015-04-11,32.0,
2015-04-12,,
2015-04-13,,
2015-04-14,,
2015-04-15,,
2015-04-16,,
2015-04-17,,
2015-04-18,,
2015-04-19,,
2015-04-20,45.7,
2015-04-21,,
2015-04-22,,
2015-04-23,38.3,
2015-04-24,,
2015-04-25,,
2015-04-26,22.9,
2015-04-27,,
2015-04-28,,
2015-04-29,47.2,
2015-04-30,,
2015-05-01,,
2015-05-02,35.5,
2015-05-03,,
2015-05-04,,
2015-05-05,49.9,
2015-05-06,,
2015-05-07,,
2015-05-08,36.2,
2015-05-09,,
2015-05-10,,
2015-05-11,42.8,
2015-05-12,,
2015-05-13,,
2015-05-14,41.5,
2015-05-15,,
2015-05-16,,
2015-05-17,16.7,
2015-05-18,,
2015-05-19,,
2015-05-20,,
2015-05-21,,
2015-05-22,,
2015-05-23,36.1,
2015-05-24,,
2015-05-25,,
2015-05-26,48.2,
2015-05-27,,
2015-05-28,,
2015-05-29,42.6,
2015-05-30,,
2015-05-31,,
2015-06-01,,
2015-06-02,,
2015-06-03,,
2015-06-04,29.4,
2015-06-05,,
2015-06-06,,
2015-06-07,17.4,
2015-06-08,,
2015-06-09,,
2015-06-10,,
2015-06-11,,
2015-06-12,,
2015-06-13,29.0,
2015-06-14,,
2015-06-15,,
2015-06-16,33.2,
2015-06-17,,
2015-06-18,,
2015-06-19,36.5,
2015-06-20,,
2015-06-21,,
2015-06-22,25.1,
2015-06-23,,
2015-06-24,,
2015-06-25,41.8,
2015-06-26,,
2015-06-27,,
2015-06-28,23.1,
2015-06-29,,
2015-06-30,,
2015-07-01,41.2,
2015-07-02,,
2015-07-03,,
2015-07-04,44.0,
2015-07-05,,
2015-07-06,,
2015-07-07,43.1,
2015-07-08,,
2015-07-09,,
2015-07-10,28.3,
2015-07-11,,
2015-07-12,,
2015-07-13,,
2015-07-14,,
2015-07-15,,
2015-07-16,35.0,
2015-07-17,,
2015-07-18,,
2015-07-19,17.4,
2015-07-20,,
2015-07-21,,
2015-07-22,39.6,
2015-07-23,,
2015-07-24,,
2015-07-25,37.2,
2015-07-26,,
2015-07-27,,
2015-07-28,39.2,
2015-07-29,,
2015-07-30,,
2015-07-31,35.4,
2015-08-01,,
2015-08-02,,
2015-08-03,32.6,
2015-08-04,,
2015-08-05,,
2015-08-06,47.6,
2015-08-07,,
2015-08-08,,
2015-08-09,23.5,
2015-08-10,,
2015-08-11,,
2015-08-12,44.2,
2015-08-13,,
2015-08-14,,
2015-08-15,35.0,
2015-08-16,,
2015-08-17,,
2015-08-18,31.0,
2015-08-19,,
2015-08-20,,
2015-08-21,46.8,
2015-08-22,,
2015-08-23,,
2015-08-24,46.4,
2015-08-25,,
2015-08-26,,
2015-08-27,35.8,
2015-08-28,,
2015-08-29,,
2015-08-30,,
2015-08-31,,
2015-09-01,,
2015-09-02,44.8,
2015-09-03,,
2015-09-04,,
2015-09-05,35.6,
2015-09-06,,
2015-09-07,,
2015-09-08,34.3,
2015-09-09,,
2015-09-10,,
2015-09-11,42.2,
2015-09-12,,
2015-09-13,,
2015-09-14,51.3,
2015-09-15,,
2015-09-16,,
2015-09-17,34.5,
2015-09-18,,
2015-09-19,,
2015-09-20,,
2015-09-21,,
2015-09-22,,
2015-09-23,39.9,
2015-09-24,,
2015-09-25,,
2015-09-26,39.2,
2015-09-27,,
2015-09-28,,
2015-09-29,45.0,
2015-09-30,,
2015-10-01,,
2015-10-02,47.5,
2015-10-03,,
2015-10-04,,
2015-10-05,33.1,
2015-10-06,,
2015-10-07,,
2015-10-08,31.5,
2015-10-09,,
2015-10-10,,
2015-10-11,21.8,
2015-10-12,,
2015-10-13,,
2015-10-14,39.6,
2015-10-15,,
2015-10-16,,
2015-10-17,32.0,
2015-10-18,,
2015-10-19,,
2015-10-20,,
2015-10-21,,
2015-10-22,,
2015-10-23,47.2,
2015-10-24,,
2015-10-25,,
2015-10-26,58.2,
2015-10-27,,
2015-10-28,,
2015-10-29,47.6,
2015-10-30,,
2015-10-31,,
2015-11-01,34.6,
2015-11-02,,
2015-11-03,,
2015-11-04,36.1,
2015-11-05,,
2015-11-06,,
2015-11-07,41.6,
2015-11-08,,
2015-11-09,,
2015-11-10,29.8,
2015-11-11,,
2015-11-12,,
2015-11-13,45.5,
2015-11-14,,
2015-11-15,,
2015-11-16,35.0,
2015-11-17,,
2015-11-18,,
2015-11-19,63.2,
2015-11-20,,
2015-11-21,,
2015-11-22,25.5,
2015-11-23,,
2015-11-24,,
2015-11-25,39.0,
2015-11-26,,
2015-11-27,,
2015-11-28,39.6,
2015-11-29,,
2015-11-30,,
2015-12-01,36.7,
2015-12-02,,
2015-12-03,,
2015-12-04,38.5,
2015-12-05,,
2015-12-06,,
2015-12-07,48.5,
2015-12-08,,
2015-12-09,,
2015-12-10,48.0,
2015-12-11,,
2015-12-12,,
2015-12-13,30.8,
2015-12-14,,
2015-12-15,,
2015-12-16,40.8,
2015-12-17,,
2015-12-18,,
2015-12-19,25.7,
2015-12-20,,
2015-12-21,,
2015-12-22,45.5,
2015-12-23,,
2015-12-24,,
2015-12-25,34.1,
2015-12-26,,
2015-12-27,,
2015-12-28,,
2015-12-29,,
2015-12-30,,
2015-12-31,,
2016-01-01,,
2016-01-02,,
2016-01-03,21.9,
2016-01-04,,
2016-01-05,,
2016-01-06,34.4,
2016-01-07,,
2016-01-08,,
2016-01-09,29.2,
2016-01-10,,
2016-01-11,,
2016-01-12,58.3,
2016-01-13,,
2016-01-14,,
2016-01-15,47.0,
2016-01-16,,
2016-01-17,,
2016-01-18,51.7,
2016-01-19,,
2016-01-20,,
2016-01-21,66.3,
2016-01-22,,
2016-01-23,,
2016-01-24,22.8,
2016-01-25,,
2016-01-26,,
2016-01-27,60.3,
2016-01-28,,
2016-01-29,,
2016-01-30,61.1,
2016-01-31,,
2016-02-01,,
2016-02-02,65.4,
2016-02-03,,
2016-02-04,,
2016-02-05,73.5,
2016-02-06,,
2016-02-07,,
2016-02-08,50.0,
2016-02-09,,
2016-02-10,,
2016-02-11,42.9,
2016-02-12,,
2016-02-13,,
2016-02-14,37.5,
2016-02-15,,
2016-02-16,,
2016-02-17,37.4,
2016-02-18,,
2016-02-19,,
2016-02-20,56.6,
2016-02-21,,
2016-02-22,,
2016-02-23,50.7,
2016-02-24,,
2016-02-25,,
2016-02-26,84.3,
2016-02-27,,
2016-02-28,,
2016-02-29,71.6,
2016-03-01,,
2016-03-02,,
2016-03-03,71.6,
2016-03-04,,
2016-03-05,,
2016-03-06,87.0,
2016-03-07,,
2016-03-08,,
2016-03-09,54.5,
2016-03-10,,
2016-03-11,,
2016-03-12,119.6,
2016-03-13,,
2016-03-14,,
2016-03-15,102.6,
2016-03-16,,
2016-03-17,,
2016-03-18,96.6,
2016-03-19,,
2016-03-20,,
2016-03-21,59.2,
2016-03-22,,
2016-03-23,,
2016-03-24,41.5,
2016-03-25,,
2016-03-26,,
2016-03-27,48.8,
2016-03-28,,
2016-03-29,,
2016-03-30,71.6,
2016-03-31,,
2016-04-01,,
2016-04-02,64.7,
2016-04-03,,
2016-04-04,,
2016-04-05,49.0,
2016-04-06,,
2016-04-07,,
2016-04-08,43.8,
2016-04-09,,
2016-04-10,,
2016-04-11,43.3,
2016-04-12,,
2016-04-13,,
2016-04-14,24.0,
2016-04-15,,
2016-04-16,,
2016-04-17,55.3,
2016-04-18,,
2016-04-19,,
2016-04-20,34.7,
2016-04-21,,
2016-04-22,,
2016-04-23,32.7,
2016-04-24,,
2016-04-25,,
2016-04-26,51.9,
2016-04-27,,
2016-04-28,,
2016-04-29,48.5,
2016-04-30,,
2016-05-01,,
2016-05-02,50.5,
2016-05-03,,
2016-05-04,,
2016-05-05,56.8,
2016-05-06,,
2016-05-07,,
2016-05-08,22.2,
2016-05-09,,
2016-05-10,,
2016-05-11,47.9,
2016-05-12,,
2016-05-13,,
2016-05-14,39.2,
2016-05-15,,
2016-05-16,,
2016-05-17,28.6,
2016-05-18,,
2016-05-19,,
2016-05-20,35.9,
2016-05-21,,
2016-05-22,,
2016-05-23,30.4,
2016-05-24,,
2016-05-25,40.9,
2016-05-26,,
2016-05-27,,
2016-05-28,,
2016-05-29,,
2016-05-30,,
2016-05-31,,
2016-06-01,,
2016-06-02,,
2016-06-03,,
2016-06-04,,
2016-06-05,,
2016-06-06,,
2016-06-07,,
2016-06-08,,
2016-06-09,,
2016-06-10,,
2016-06-11,,
2016-06-12,,
2016-06-13,,
2016-06-14,,
2016-06-15,,
2016-06-16,,
2016-06-17,,
2016-06-18,,
2016-06-19,,
2016-06-20,,
2016-06-21,,
2016-06-22,,
2016-06-23,,
2016-06-24,,
2016-06-25,,
2016-06-26,,
2016-06-27,,
2016-06-28,,
2016-06-29,,
2016-06-30,,
2016-07-01,,
2016-07-02,,
2016-07-03,,
2016-07-04,,
2016-07-05,,
2016-07-06,,
2016-07-07,,
2016-07-08,,
2016-07-09,,
2016-07-10,,
2016-07-11,,
2016-07-12,,
2016-07-13,,
2016-07-14,,
2016-07-15,,
2016-07-16,,
2016-07-17,,
2016-07-18,,
2016-07-19,,
2016-07-20,,
2016-07-21,,
2016-07-22,,
2016-07-23,,
2016-07-24,,
2016-07-25,,
2016-07-26,,
2016-07-27,,
2016-07-28,,
2016-07-29,,
2016-07-30,,
2016-07-31,,
2016-08-01,,
2016-08-02,,
2016-08-03,,
2016-08-04,,
2016-08-05,,
2016-08-06,,
2016-08-07,,
2016-08-08,,
2016-08-09,,
2016-08-10,,
2016-08-11,,
2016-08-12,,
2016-08-13,,
2016-08-14,,
2016-08-15,,
2016-08-16,,
2016-08-17,,
2016-08-18,,
2016-08-19,,
2016-08-20,,
2016-08-21,,
2016-08-22,,
2016-08-23,,
2016-08-24,,
2016-08-25,,
2016-08-26,,
2016-08-27,,
2016-08-28,,
2016-08-29,,
2016-08-30,,
2016-08-31,,
2016-09-01,,
2016-09-02,,
2016-09-03,,
2016-09-04,,
2016-09-05,,
2016-09-06,,
2016-09-07,,
2016-09-08,,
2016-09-09,,
2016-09-10,,
2016-09-11,,
2016-09-12,,
2016-09-13,,
2016-09-14,,
2016-09-15,,
2016-09-16,,
2016-09-17,,
2016-09-18,,
2016-09-19,,
2016-09-20,,
2016-09-21,,
2016-09-22,,
2016-09-23,,
2016-09-24,,
2016-09-25,,
2016-09-26,,
2016-09-27,,
2016-09-28,,
2016-09-29,,
2016-09-30,,
2016-10-01,,
2016-10-02,,
2016-10-03,,
2016-10-04,,
2016-10-05,,
2016-10-06,47.4,
2016-10-07,,
2016-10-08,,
2016-10-09,32.7,
2016-10-10,,
2016-10-11,,
2016-10-12,51.8,
2016-10-13,,
2016-10-14,,
2016-10-15,47.4,
2016-10-16,,
2016-10-17,,
2016-10-18,,
2016-10-19,,
2016-10-20,,
2016-10-21,39.4,
2016-10-22,,
2016-10-23,,
2016-10-24,,
2016-10-25,,
2016-10-26,,
2016-10-27,38.8,
2016-10-28,,
2016-10-29,,
2016-10-30,26.3,
2016-10-31,,
2016-11-01,,
2016-11-02,57.9,
2016-11-03,,
2016-11-04,,
2016-11-05,32.2,
2016-11-06,,
2016-11-07,,
2016-11-08,27.5,
2016-11-09,,
2016-11-10,,
2016-11-11,34.1,
2016-11-12,,
2016-11-13,,
2016-11-14,,
2016-11-15,,
2016-11-16,,
2016-11-17,38.7,
2016-11-18,,
2016-11-19,,
2016-11-20,31.1,
2016-11-21,,
2016-11-22,,
2016-11-23,51.5,
2016-11-24,,
2016-11-25,,
2016-11-26,58.3,
2016-11-27,,
2016-11-28,,
2016-11-29,31.8,
2016-11-30,,
2016-12-01,,
2016-12-02,42.1,
2016-12-03,,
2016-12-04,,
2016-12-05,43.8,
2016-12-06,,
2016-12-07,,
2016-12-08,38.5,
2016-12-09,,
2016-12-10,,
2016-12-11,20.5,
2016-12-12,,
2016-12-13,,
2016-12-14,41.8,
2016-12-15,,
2016-12-16,,
2016-12-17,34.3,
2016-12-18,,
2016-12-19,,
2016-12-20,39.0,
2016-12-21,,
2016-12-22,35.5,
2016-12-23,,
2016-12-24,,
2016-12-25,,
2016-12-26,34.6,
2016-12-27,,
2016-12-28,,
2016-12-29,,
2016-12-30,,
2016-12-31,,
2017-01-01,44.4,
2017-01-02,,
2017-01-03,,
2017-01-04,38.3,
2017-01-05,,
2017-01-06,,
2017-01-07,27.7,
2017-01-08,,
2017-01-09,,
2017-01-10,25.4,
2017-01-11,,
2017-01-12,,
2017-01-13,,
2017-01-14,,
2017-01-15,,
2017-01-16,,
2017-01-17,,
2017-01-18,,
2017-01-19,49.3,
2017-01-20,,
2017-01-21,,
2017-01-22,26.5,
2017-01-23,,
2017-01-24,,
2017-01-25,36.0,
2017-01-26,,
2017-01-27,,
2017-01-28,31.7,
2017-01-29,,
2017-01-30,,
2017-01-31,35.9,
2017-02-01,,
2017-02-02,,
2017-02-03,39.1,
2017-02-04,,
2017-02-05,,
2017-02-06,34.9,
2017-02-07,,
2017-02-08,,
2017-02-09,44.9,
2017-02-10,,
2017-02-11,,
2017-02-12,29.5,
2017-02-13,,
2017-02-14,,
2017-02-15,41.4,
2017-02-16,,
2017-02-17,,
2017-02-18,28.9,
2017-02-19,,
2017-02-20,,
2017-02-21,49.8,
2017-02-22,,
2017-02-23,,
2017-02-24,,
2017-02-25,,
2017-02-26,,
2017-02-27,43.8,
2017-02-28,,
2017-03-01,,
2017-03-02,52.5,
2017-03-03,,
2017-03-04,,
2017-03-05,40.2,
2017-03-06,,
2017-03-07,,
2017-03-08,69.9,
2017-03-09,,
2017-03-10,,
2017-03-11,85.9,
2017-03-12,,
2017-03-13,,
2017-03-14,88.7,
2017-03-15,,
2017-03-16,,
2017-03-17,42.4,
2017-03-18,,
2017-03-19,,
2017-03-20,42.6,
2017-03-21,,
2017-03-22,,
2017-03-23,38.5,
2017-03-24,,
2017-03-25,,
2017-03-26,28.7,
2017-03-27,,
2017-03-28,,
2017-03-29,38.0,
2017-03-30,,
2017-03-31,,
2017-04-01,30.9,
2017-04-02,,
2017-04-03,,
2017-04-04,40.7,
2017-04-05,,
2017-04-06,,
2017-04-07,59.7,
2017-04-08,,
2017-04-09,46.7,
2017-04-10,,
2017-04-11,25.1,
2017-04-12,,
2017-04-13,,
2017-04-14,,
2017-04-15,23.7,
2017-04-16,,
2017-04-17,,
2017-04-18,,
2017-04-19,39.2,
2017-04-20,,
2017-04-21,,
2017-04-22,35.2,
2017-04-23,,
2017-04-24,,
2017-04-25,33.9,
2017-04-26,,
2017-04-27,,
2017-04-28,42.6,
2017-04-29,,
2017-04-30,,
2017-05-01,34.2,
2017-05-02,,
2017-05-03,,
2017-05-04,62.6,
2017-05-05,,
2017-05-06,,
2017-05-07,25.3,
2017-05-08,,
2017-05-09,,
2017-05-10,15.5,
2017-05-11,,
2017-05-12,,
2017-05-13,57.9,
2017-05-14,,
2017-05-15,,
2017-05-16,43.3,
2017-05-17,,
2017-05-18,,
2017-05-19,34.7,
2017-05-20,,
2017-05-21,,
2017-05-22,44.7,
2017-05-23,,
2017-05-24,,
2017-05-25,37.0,
2017-05-26,,
2017-05-27,,
2017-05-28,20.4,
2017-05-29,,
2017-05-30,,
2017-05-31,,
2017-06-01,,
2017-06-02,,
2017-06-03,29.3,
2017-06-04,,
2017-06-05,,
2017-06-06,34.9,
2017-06-07,,
2017-06-08,,
2017-06-09,34.7,
2017-06-10,,
2017-06-11,,
2017-06-12,28.5,
2017-06-13,,
2017-06-14,,
2017-06-15,38.1,
2017-06-16,,
2017-06-17,,
2017-06-18,29.1,
2017-06-19,,
2017-06-20,,
2017-06-21,48.1,
2017-06-22,,
2017-06-23,35.7,
2017-06-24,,
2017-06-25,,
2017-06-26,,
2017-06-27,26.0,
2017-06-28,,
2017-06-29,,
2017-06-30,31.1,
2017-07-01,,
2017-07-02,,
2017-07-03,19.0,
2017-07-04,,
2017-07-05,,
2017-07-06,39.4,
2017-07-07,,
2017-07-08,,
2017-07-09,16.5,
2017-07-10,,
2017-07-11,,
2017-07-12,33.0,
2017-07-13,,
2017-07-14,,
2017-07-15,29.7,
2017-07-16,,
2017-07-17,,
2017-07-18,28.8,
2017-07-19,,
2017-07-20,21.7,
2017-07-21,,
2017-07-22,,
2017-07-23,,
2017-07-24,25.4,
2017-07-25,,
2017-07-26,,
2017-07-27,32.0,
2017-07-28,,
2017-07-29,,
2017-07-30,29.1,
2017-07-31,,
2017-08-01,,
2017-08-02,32.2,
2017-08-03,,
2017-08-04,,
2017-08-05,,
2017-08-06,,
2017-08-07,,
2017-08-08,21.8,
2017-08-09,,
2017-08-10,,
2017-08-11,32.0,
2017-08-12,,
2017-08-13,,
2017-08-14,26.5,
2017-08-15,,
2017-08-16,,
2017-08-17,32.2,
2017-08-18,,
2017-08-19,,
2017-08-20,27.9,
2017-08-21,,
2017-08-22,,
2017-08-23,41.8,
2017-08-24,,
2017-08-25,,
2017-08-26,26.2,
2017-08-27,,
2017-08-28,,
2017-08-29,24.3,
2017-08-30,,
2017-08-31,,
2017-09-01,32.2,
2017-09-02,,
2017-09-03,,
2017-09-04,34.9,
2017-09-05,,
2017-09-06,,
2017-09-07,35.8,
2017-09-08,,
2017-09-09,,
2017-09-10,23.8,
2017-09-11,,
2017-09-12,,
2017-09-13,40.1,
2017-09-14,,
2017-09-15,,
2017-09-16,28.0,
2017-09-17,,
2017-09-18,,
2017-09-19,48.4,
2017-09-20,,
2017-09-21,,
2017-09-22,58.0,
2017-09-23,,
2017-09-24,,
2017-09-25,,
2017-09-26,,
2017-09-27,,
2017-09-28,43.3,
2017-09-29,,
2017-09-30,,
2017-10-01,33.2,
2017-10-02,,
2017-10-03,,
2017-10-04,,
2017-10-05,,
2017-10-06,,
2017-10-07,30.3,
2017-10-08,,
2017-10-09,,
2017-10-10,59.8,
2017-10-11,,
2017-10-12,,
2017-10-13,30.9,
2017-10-14,,
2017-10-15,,
2017-10-16,20.0,
2017-10-17,,
2017-10-18,,
2017-10-19,30.0,
2017-10-20,,
2017-10-21,,
2017-10-22,19.5,
2017-10-23,,
2017-10-24,,
2017-10-25,44.9,
2017-10-26,,
2017-10-27,,
2017-10-28,32.2,
2017-10-29,,
2017-10-30,,
2017-10-31,30.1,
2017-11-01,,
2017-11-02,,
2017-11-03,39.6,
2017-11-04,,
2017-11-05,,
2017-11-06,15.5,
2017-11-07,,
2017-11-08,,
2017-11-09,58.7,
2017-11-10,,
2017-11-11,,
2017-11-12,20.0,
2017-11-13,,
2017-11-14,,
2017-11-15,23.6,
2017-11-16,,
2017-11-17,,
2017-11-18,18.7,
2017-11-19,,
2017-11-20,,
2017-11-21,49.0,
2017-11-22,,
2017-11-23,,
2017-11-24,51.1,
2017-11-25,,
2017-11-26,,
2017-11-27,45.3,
2017-11-28,,
2017-11-29,,
2017-11-30,50.0,
2017-12-01,,
2017-12-02,,
2017-12-03,19.0,
2017-12-04,,
2017-12-05,,
2017-12-06,33.3,
2017-12-07,,
2017-12-08,,
2017-12-09,,
2017-12-10,,
2017-12-11,,
2017-12-12,23.6,
2017-12-13,,
2017-12-14,,
2017-12-15,31.3,
2017-12-16,,
2017-12-17,,
2017-12-18,34.7,
2017-12-19,,
2017-12-20,43.4,
2017-12-21,,
2017-12-22,,
2017-12-23,,
2017-12-24,28.6,
2017-12-25,,
2017-12-26,,
2017-12-27,22.3,
2017-12-28,,
2017-12-29,33.9,
2017-12-30,,
2017-12-31,,
2018-01-01,,
2018-01-02,,
2018-01-03,,
2018-01-04,,
2018-01-05,,
2018-01-06,,
2018-01-07,,
2018-01-08,,
2018-01-09,,
2018-01-10,,
2018-01-11,,
2018-01-12,,
2018-01-13,,
2018-01-14,,
2018-01-15,,
2018-01-16,,
2018-01-17,,
2018-01-18,,
2018-01-19,,
2018-01-20,,
2018-01-21,,
2018-01-22,,
2018-01-23,,
2018-01-24,,
2018-01-25,,
2018-01-26,,
2018-01-27,,
2018-01-28,,
2018-01-29,,
2018-01-30,,
2018-01-31,,
2018-02-01,35.8,
2018-02-02,,
2018-02-03,,
2018-02-04,17.3,
2018-02-05,,
2018-02-06,,
2018-02-07,39.7,
2018-02-08,,
2018-02-09,,
2018-02-10,34.6,
2018-02-11,,
2018-02-12,,
2018-02-13,38.5,
2018-02-14,,
2018-02-15,,
2018-02-16,45.1,
2018-02-17,,
2018-02-18,,
2018-02-19,40.5,
2018-02-20,,
2018-02-21,,
2018-02-22,58.0,
2018-02-23,,
2018-02-24,,
2018-02-25,29.8,
2018-02-26,,
2018-02-27,,
2018-02-28,41.9,
2018-03-01,,
2018-03-02,,
2018-03-03,45.2,
2018-03-04,,
2018-03-05,,
2018-03-06,62.7,
2018-03-07,,
2018-03-08,,
2018-03-09,26.3,
2018-03-10,,
2018-03-11,,
2018-03-12,51.0,
2018-03-13,,
2018-03-14,,
2018-03-15,43.8,
2018-03-16,,
2018-03-17,,
2018-03-18,45.7,
2018-03-19,,
2018-03-20,,
2018-03-21,56.7,
2018-03-22,,
2018-03-23,,
2018-03-24,,
2018-03-25,,
2018-03-26,,
2018-03-27,43.4,
2018-03-28,,
2018-03-29,,
2018-03-30,,
2018-03-31,26.3,
2018-04-01,,
2018-04-02,,
2018-04-03,42.9,
2018-04-04,,
2018-04-05,18.6,
2018-04-06,,
2018-04-07,,
2018-04-08,30.3,
2018-04-09,,
2018-04-10,,
2018-04-11,40.0,
2018-04-12,,
2018-04-13,,
2018-04-14,32.9,
2018-04-15,,
2018-04-16,,
2018-04-17,30.8,
2018-04-18,,
2018-04-19,,
2018-04-20,20.5,
2018-04-21,,
2018-04-22,,
2018-04-23,23.3,
2018-04-24,,
2018-04-25,,
2018-04-26,30.6,
2018-04-27,,
2018-04-28,,
2018-04-29,28.1,
2018-04-30,,
2018-05-01,,
2018-05-02,28.9,
2018-05-03,,
2018-05-04,,
2018-05-05,42.2,
2018-05-06,,
2018-05-07,,
2018-05-08,21.3,
2018-05-09,,
2018-05-10,,
2018-05-11,50.5,
2018-05-12,,
2018-05-13,,
2018-05-14,16.7,
2018-05-15,,
2018-05-16,,
2018-05-17,29.8,
2018-05-18,,
2018-05-19,,
2018-05-20,21.1,
2018-05-21,,
2018-05-22,,
2018-05-23,23.7,
2018-05-24,,
2018-05-25,,
2018-05-26,28.7,
2018-05-27,,
2018-05-28,,
2018-05-29,28.6,
2018-05-30,,
2018-05-31,,
2018-06-01,28.0,
2018-06-02,,
2018-06-03,,
2018-06-04,14.6,
2018-06-05,,
2018-06-06,,
2018-06-07,25.3,
2018-06-08,,
2018-06-09,,
2018-06-10,16.7,
2018-06-11,,
2018-06-12,,
2018-06-13,2.0,
2018-06-14,,
2018-06-15,,
2018-06-16,14.3,
2018-06-17,,
2018-06-18,,
2018-06-19,26.7,
2018-06-20,,
2018-06-21,,
2018-06-22,20.1,
2018-06-23,,
2018-06-24,,
2018-06-25,18.3,
2018-06-26,,
2018-06-27,,
2018-06-28,33.1,
2018-06-29,,
2018-06-30,,
2018-07-01,20.2,
2018-07-02,,
2018-07-03,,
2018-07-04,16.3,
2018-07-05,,
2018-07-06,,
2018-07-07,22.6,
2018-07-08,,
2018-07-09,,
2018-07-10,29.1,
2018-07-11,,
2018-07-12,,
2018-07-13,27.7,
2018-07-14,,
2018-07-15,,
2018-07-16,26.1,
2018-07-17,,
2018-07-18,28.0,
2018-07-19,,
2018-07-20,,
2018-07-21,,
2018-07-22,28.5,
2018-07-23,,
2018-07-24,,
2018-07-25,25.1,
2018-07-26,,
2018-07-27,,
2018-07-28,16.4,
2018-07-29,,
2018-07-30,,
2018-07-31,37.3,
2018-08-01,,
2018-08-02,,
2018-08-03,28.2,
2018-08-04,,
2018-08-05,,
2018-08-06,40.8,
2018-08-07,,
2018-08-08,,
2018-08-09,31.4,
2018-08-10,,
2018-08-11,,
2018-08-12,23.7,
2018-08-13,,
2018-08-14,,
2018-08-15,37.1,
2018-08-16,,
2018-08-17,,
2018-08-18,25.1,
2018-08-19,,
2018-08-20,,
2018-08-21,,
2018-08-22,26.0,
2018-08-23,,
2018-08-24,19.2,
2018-08-25,,
2018-08-26,,
2018-08-27,17.4,
2018-08-28,,
2018-08-29,,
2018-08-30,23.2,
2018-08-31,,
2018-09-01,,
2018-09-02,15.7,
2018-09-03,,
2018-09-04,,
2018-09-05,51.3,
2018-09-06,,
2018-09-07,,
2018-09-08,27.3,
2018-09-09,,
2018-09-10,,
2018-09-11,38.2,
2018-09-12,,
2018-09-13,,
2018-09-14,48.4,
2018-09-15,,
2018-09-16,,
2018-09-17,40.9,
2018-09-18,,
2018-09-19,,
2018-09-20,25.0,
2018-09-21,,
2018-09-22,,
2018-09-23,18.1,
2018-09-24,,
2018-09-25,,
2018-09-26,32.1,
2018-09-27,,
2018-09-28,,
2018-09-29,39.7,
2018-09-30,,
2018-10-01,,
2018-10-02,36.9,
2018-10-03,,
2018-10-04,,
2018-10-05,34.3,
2018-10-06,,
2018-10-07,,
2018-10-08,44.3,
2018-10-09,,
2018-10-10,,
2018-10-11,39.3,
2018-10-12,,
2018-10-13,,
2018-10-14,25.7,
2018-10-15,,
2018-10-16,,
2018-10-17,48.5,
2018-10-18,,
2018-10-19,,
2018-10-20,38.2,
2018-10-21,,
2018-10-22,,
2018-10-23,45.3,
2018-10-24,,
2018-10-25,,
2018-10-26,31.1,
2018-10-27,,
2018-10-28,,
2018-10-29,32.3,
2018-10-30,,
2018-10-31,,
2018-11-01,49.3,
2018-11-02,,
2018-11-03,,
2018-11-04,29.5,
2018-11-05,,
2018-11-06,,
2018-11-07,36.9,
2018-11-08,,
2018-11-09,,
2018-11-10,,
2018-11-11,,
2018-11-12,,
2018-11-13,,
2018-11-14,,
2018-11-15,,
2018-11-16,41.6,
2018-11-17,,
2018-11-18,,
2018-11-19,33.4,
2018-11-20,,
2018-11-21,,
2018-11-22,63.0,
2018-11-23,,
2018-11-24,,
2018-11-25,,
2018-11-26,,
2018-11-27,,
2018-11-28,62.7,
2018-11-29,,
2018-11-30,,
2018-12-01,54.3,
2018-12-02,,
2018-12-03,,
2018-12-04,35.5,
2018-12-05,,
2018-12-06,32.6,
2018-12-07,,
2018-12-08,,
2018-12-09,,
2018-12-10,37.8,
2018-12-11,,
2018-12-12,31.4,
2018-12-13,,
2018-12-14,,
2018-12-15,,
2018-12-16,24.8,
2018-12-17,,
2018-12-18,,
2018-12-19,36.2,
2018-12-20,,
2018-12-21,,
2018-12-22,28.6,
2018-12-23,,
2018-12-24,,
2018-12-25,23.5,
2018-12-26,,
2018-12-27,38.3,
2018-12-28,,
2018-12-29,,
2018-12-30,,
2018-12-31,25.4,
2019-01-01,,
2019-01-02,,
2019-01-03,29.0,
2019-01-04,,
2019-01-05,,
2019-01-06,29.2,
2019-01-07,,
2019-01-08,,
2019-01-09,31.3,
2019-01-10,,
2019-01-11,,
2019-01-12,30.3,
2019-01-13,,
2019-01-14,,
2019-01-15,38.0,
2019-01-16,,
2019-01-17,,
2019-01-18,37.6,
2019-01-19,,
2019-01-20,,
2019-01-21,20.2,
2019-01-22,,
2019-01-23,,
2019-01-24,41.4,
2019-01-25,,
2019-01-26,,
2019-01-27,32.1,
2019-01-28,,
2019-01-29,,
2019-01-30,37.9,
2019-01-31,,
2019-02-01,,
2019-02-02,39.8,
2019-02-03,,
2019-02-04,,
2019-02-05,44.5,
2019-02-06,,
2019-02-07,,
2019-02-08,54.6,
2019-02-09,,
2019-02-10,,
2019-02-11,45.4,
2019-02-12,,
2019-02-13,51.4,
2019-02-14,,
2019-02-15,,
2019-02-16,,
2019-02-17,38.6,
2019-02-18,,
2019-02-19,,
2019-02-20,35.8,
2019-02-21,,
2019-02-22,,
2019-02-23,34.2,
2019-02-24,,
2019-02-25,,
2019-02-26,53.0,
2019-02-27,,
2019-02-28,,
2019-03-01,,
2019-03-02,31.8,
2019-03-03,,
2019-03-04,,
2019-03-05,52.3,
2019-03-06,,
2019-03-07,46.8,
2019-03-08,,
2019-03-09,,
2019-03-10,29.5,
2019-03-11,,
2019-03-12,,
2019-03-13,43.4,
2019-03-14,,
2019-03-15,,
2019-03-16,69.0,
2019-03-17,,
2019-03-18,,
2019-03-19,40.7,
2019-03-20,,
2019-03-21,,
2019-03-22,39.2,
2019-03-23,,
2019-03-24,,
2019-03-25,20.8,
2019-03-26,,
2019-03-27,,
2019-03-28,51.1,
2019-03-29,,
2019-03-30,,
2019-03-31,31.2,
2019-04-01,,
2019-04-02,,
2019-04-03,37.3,
2019-04-04,,
2019-04-05,,
2019-04-06,29.7,
2019-04-07,,
2019-04-08,,
2019-04-09,59.7,
2019-04-10,,
2019-04-11,39.8,
2019-04-12,,
2019-04-13,,
2019-04-14,39.8,
2019-04-15,,
2019-04-16,33.3,
2019-04-17,,
2019-04-18,,
2019-04-19,,
2019-04-20,12.9,
2019-04-21,,
2019-04-22,,
2019-04-23,31.6,
2019-04-24,,
2019-04-25,,
2019-04-26,28.2,
2019-04-27,,
2019-04-28,,
2019-04-29,31.3,
2019-04-30,,
2019-05-01,,
2019-05-02,31.9,
2019-05-03,,
2019-05-04,,
2019-05-05,24.1,
2019-05-06,,
2019-05-07,,
2019-05-08,37.5,
2019-05-09,,
2019-05-10,,
2019-05-11,18.5,
2019-05-12,,
2019-05-13,,
2019-05-14,23.6,
2019-05-15,,
2019-05-16,40.8,
2019-05-17,,
2019-05-18,,
2019-05-19,,
2019-05-20,27.7,
2019-05-21,,
2019-05-22,,
2019-05-23,38.4,
2019-05-24,,
2019-05-25,,
2019-05-26,23.6,
2019-05-27,,
2019-05-28,,
2019-05-29,37.5,
2019-05-30,,
2019-05-31,,
2019-06-01,24.3,
2019-06-02,,
2019-06-03,,
2019-06-04,,
2019-06-05,32.6,
2019-06-06,,
2019-06-07,,
2019-06-08,31.7,
2019-06-09,,
2019-06-10,,
2019-06-11,25.0,
2019-06-12,,
2019-06-13,21.0,
2019-06-14,,
2019-06-15,,
2019-06-16,12.5,
2019-06-17,,
2019-06-18,,
2019-06-19,28.6,
2019-06-20,,
2019-06-21,,
2019-06-22,23.7,
2019-06-23,,
2019-06-24,,
2019-06-25,,
2019-06-26,23.0,
2019-06-27,,
2019-06-28,32.4,
2019-06-29,,
2019-06-30,,
2019-07-01,12.8,
2019-07-02,,
2019-07-03,,
2019-07-04,31.3,
2019-07-05,,
2019-07-06,,
2019-07-07,16.1,
2019-07-08,,
2019-07-09,,
2019-07-10,20.1,
2019-07-11,,
2019-07-12,,
2019-07-13,21.8,
2019-07-14,,
2019-07-15,,
2019-07-16,18.3,
2019-07-17,,
2019-07-18,22.4,
2019-07-19,,
2019-07-20,,
2019-07-21,13.0,
2019-07-22,,
2019-07-23,,
2019-07-24,36.9,
2019-07-25,,
2019-07-26,,
2019-07-27,29.1,
2019-07-28,,
2019-07-29,,
2019-07-30,23.1,
2019-07-31,,
2019-08-01,36.3,
2019-08-02,,
2019-08-03,,
2019-08-04,,
2019-08-05,29.2,
2019-08-06,,
2019-08-07,,
2019-08-08,31.3,
2019-08-09,,
2019-08-10,,
2019-08-11,21.8,
2019-08-12,,
2019-08-13,,
2019-08-14,32.4,
2019-08-15,,
2019-08-16,,
2019-08-17,40.1,
2019-08-18,,
2019-08-19,,
2019-08-20,,
2019-08-21,31.5,
2019-08-22,,
2019-08-23,34.8,
2019-08-24,,
2019-08-25,,
2019-08-26,29.1,
2019-08-27,,
2019-08-28,,
2019-08-29,38.5,
2019-08-30,,
2019-08-31,,
2019-09-01,12.9,
2019-09-02,,
2019-09-03,,
2019-09-04,27.2,
2019-09-05,,
2019-09-06,,
2019-09-07,23.4,
2019-09-08,,
2019-09-09,,
2019-09-10,39.7,
2019-09-11,,
2019-09-12,33.5,
2019-09-13,,
2019-09-14,,
2019-09-15,,
2019-09-16,29.7,
2019-09-17,,
2019-09-18,,
2019-09-19,30.5,
2019-09-20,,
2019-09-21,,
2019-09-22,29.3,
2019-09-23,,
2019-09-24,,
2019-09-25,43.4,
2019-09-26,,
2019-09-27,,
2019-09-28,21.0,
2019-09-29,,
2019-09-30,,
2019-10-01,,
2019-10-02,,
2019-10-03,37.4,
2019-10-04,,
2019-10-05,,
2019-10-06,,
2019-10-07,25.9,
2019-10-08,,
2019-10-09,,
2019-10-10,36.3,
2019-10-11,,
2019-10-12,,
2019-10-13,22.8,
2019-10-14,,
2019-10-15,,
2019-10-16,32.7,
2019-10-17,,
2019-10-18,,
2019-10-19,33.4,
2019-10-20,,
2019-10-21,,
2019-10-22,31.0,
2019-10-23,,
2019-10-24,31.2,
2019-10-25,,
2019-10-26,,
2019-10-27,,
2019-10-28,30.5,
2019-10-29,,
2019-10-30,,
2019-10-31,20.3,
2019-11-01,,
2019-11-02,,
2019-11-03,28.9,
2019-11-04,,
2019-11-05,,
2019-11-06,26.0,
2019-11-07,,
2019-11-08,,
2019-11-09,47.0,
2019-11-10,,
2019-11-11,,
2019-11-12,,
2019-11-13,41.5,
2019-11-14,,
2019-11-15,,
2019-11-16,37.1,
2019-11-17,,
2019-11-18,,
2019-11-19,26.3,
2019-11-20,,
2019-11-21,,
2019-11-22,,
2019-11-23,40.2,
2019-11-24,,
2019-11-25,,
2019-11-26,26.8,
2019-11-27,,
2019-11-28,30.0,
2019-11-29,,
2019-11-30,,
2019-12-01,21.3,
2019-12-02,,
2019-12-03,,
2019-12-04,44.2,
2019-12-05,,
2019-12-06,,
2019-12-07,35.4,
2019-12-08,,
2019-12-09,,
2019-12-10,32.4,
2019-12-11,,
2019-12-12,25.5,
2019-12-13,,
2019-12-14,,
2019-12-15,16.2,
2019-12-16,,
2019-12-17,,
2019-12-18,35.9,
2019-12-19,,
2019-12-20,,
2019-12-21,25.0,
2019-12-22,,
2019-12-23,,
2019-12-24,24.4,
2019-12-25,,
2019-12-26,,
2019-12-27,31.84411035,
2019-12-28,,
2019-12-29,,
2019-12-30,,
2019-12-31,19.07924868,
2020-01-01,,
2020-01-02,,
2020-01-03,,
2020-01-04,27.0,
2020-01-05,,
2020-01-06,,
2020-01-07,,
2020-01-08,29.0,
2020-01-09,,
2020-01-10,,
2020-01-11,19.1,
2020-01-12,,
2020-01-13,,
2020-01-14,33.2,
2020-01-15,,
2020-01-16,28.3,
2020-01-17,,
2020-01-18,,
2020-01-19,19.7,
2020-01-20,,
2020-01-21,,
2020-01-22,33.7,
2020-01-23,,
2020-01-24,,
2020-01-25,18.1,
2020-01-26,,
2020-01-27,,
2020-01-28,26.7,
2020-01-29,,
2020-01-30,41.1,
2020-01-31,,
2020-02-01,,
2020-02-02,18.5,
2020-02-03,,
2020-02-04,,
2020-02-05,45.3,
2020-02-06,,
2020-02-07,,
2020-02-08,,
2020-02-09,,
2020-02-10,,
2020-02-11,,
2020-02-12,,
2020-02-13,,
2020-02-14,,
2020-02-15,,
2020-02-16,,
2020-02-17,,
2020-02-18,,
2020-02-19,,
2020-02-20,,
2020-02-21,,
2020-02-22,,
2020-02-23,,
2020-02-24,,
2020-02-25,,
2020-02-26,,
2020-02-27,,
2020-02-28,,
2020-02-29,,
2020-03-01,,
2020-03-02,,
2020-03-03,,
2020-03-04,,
2020-03-05,,
2020-03-06,,
2020-03-07,,
2020-03-08,,
2020-03-09,,
2020-03-10,,
2020-03-11,,
2020-03-12,,
2020-03-13,,
2020-03-14,,
2020-03-15,,
2020-03-16,,
2020-03-17,,
2020-03-18,,
2020-03-19,,
2020-03-20,,
2020-03-21,,
2020-03-22,,
2020-03-23,,
2020-03-24,,
2020-03-25,,
2020-03-26,,
2020-03-27,,
2020-03-28,,
2020-03-29,,
2020-03-30,,
2020-03-31,,
2020-04-01,,
2020-04-02,,
2020-04-03,,
2020-04-04,,
2020-04-05,,
2020-04-06,,
2020-04-07,,
2020-04-08,,
2020-04-09,,
2020-04-10,,
2020-04-11,,
2020-04-12,,
2020-04-13,,
2020-04-14,,
2020-04-15,,
2020-04-16,,
2020-04-17,,
2020-04-18,,
2020-04-19,,
2020-04-20,,
2020-04-21,,
2020-04-22,,
2020-04-23,,
2020-04-24,,
2020-04-25,,
2020-04-26,,
2020-04-27,,
2020-04-28,,
2020-04-29,,
2020-04-30,,
2020-05-01,,
2020-05-02,,
2020-05-03,,
2020-05-04,,
2020-05-05,,
2020-05-06,,
2020-05-07,,
2020-05-08,,
2020-05-09,,
2020-05-10,,
2020-05-11,,
2020-05-12,,
2020-05-13,,
2020-05-14,,
2020-05-15,,
2020-05-16,,
2020-05-17,,
2020-05-18,,
2020-05-19,,
2020-05-20,,
2020-05-21,,
2020-05-22,,
2020-05-23,,
2020-05-24,,
2020-05-25,,
2020-05-26,,
2020-05-27,,
2020-05-28,,
2020-05-29,,
2020-05-30,,
2020-05-31,,
2020-06-01,,
2020-06-02,,
2020-06-03,,
2020-06-04,,
2020-06-05,,
2020-06-06,,
2020-06-07,,
2020-06-08,,
2020-06-09,,
2020-06-10,,
2020-06-11,,
2020-06-12,,
2020-06-13,,
2020-06-14,,
2020-06-15,,
2020-06-16,,
2020-06-17,,
2020-06-18,,
2020-06-19,,
2020-06-20,14.22741336,
2020-06-21,,
2020-06-22,,
2020-06-23,,
2020-06-24,67.01365791,
2020-06-25,,
2020-06-26,,
2020-06-27,26.00314873,
2020-06-28,,
2020-06-29,,
2020-06-30,,
2020-07-01,24.53090599,
2020-07-02,,
2020-07-03,,
2020-07-04,22.77977647,
2020-07-05,,
2020-07-06,,
2020-07-07,34.82625381,
2020-07-08,,
2020-07-09,,
2020-07-10,,
2020-07-11,28.95594371,
2020-07-12,,
2020-07-13,,
2020-07-14,22.5565524,
2020-07-15,,
2020-07-16,34.11209359,
2020-07-17,,
2020-07-18,,
2020-07-19,,
2020-07-20,,
2020-07-21,,
2020-07-22,23.42621423,
2020-07-23,,
2020-07-24,,
2020-07-25,18.95848735,
2020-07-26,,
2020-07-27,,
2020-07-28,18.38833087,
2020-07-29,,
2020-07-30,27.19145015,
2020-07-31,,
2020-08-01,,
2020-08-02,,
2020-08-03,,
2020-08-04,,
2020-08-05,,
2020-08-06,,
2020-08-07,,
2020-08-08,,
2020-08-09,,
2020-08-10,,
2020-08-11,,
2020-08-12,,
2020-08-13,,
2020-08-14,,
2020-08-15,,
2020-08-16,,
2020-08-17,,
2020-08-18,,
2020-08-19,,
2020-08-20,,
2020-08-21,,
2020-08-22,,
2020-08-23,,
2020-08-24,,
2020-08-25,,
2020-08-26,,
2020-08-27,,
2020-08-28,,
2020-08-29,,
2020-08-30,,
2020-08-31,,
2020-09-01,,
2020-09-02,,
2020-09-03,,
2020-09-04,,
2020-09-05,,
2020-09-06,,
2020-09-07,,
2020-09-08,,
2020-09-09,,
2020-09-10,,
2020-09-11,,
2020-09-12,,
2020-09-13,,
2020-09-14,,
2020-09-15,,
2020-09-16,,
2020-09-17,,
2020-09-18,,
2020-09-19,,
2020-09-20,,
2020-09-21,,
2020-09-22,,
2020-09-23,,
2020-09-24,,
2020-09-25,,
2020-09-26,,
2020-09-27,,
2020-09-28,,
2020-09-29,,
2020-09-30,,
2020-10-01,,
2020-10-02,,
2020-10-03,,
2020-10-04,,
2020-10-05,35.86601212,
2020-10-06,,
2020-10-07,,
2020-10-08,24.19953957,
2020-10-09,,
2020-10-10,,
2020-10-11,17.88506722,
2020-10-12,,
2020-10-13,,
2020-10-14,28.32627034,
2020-10-15,,
2020-10-16,,
2020-10-17,30.20974614,
2020-10-18,,
2020-10-19,,
2020-10-20,34.59136888,
2020-10-21,,
2020-10-22,,
2020-10-23,24.8608176,
2020-10-24,,
2020-10-25,,
2020-10-26,,
2020-10-27,55.95343678,
2020-10-28,,
2020-10-29,27.47162841,
2020-10-30,,
2020-10-31,,
2020-11-01,11.81188591,
2020-11-02,,
2020-11-03,,
2020-11-04,24.31919596,
2020-11-05,,
2020-11-06,,
2020-11-07,24.73109232,
2020-11-08,,
2020-11-09,,
2020-11-10,23.91900266,
2020-11-11,,
2020-11-12,43.31164224,
2020-11-13,,
2020-11-14,,
2020-11-15,16.73213046,
2020-11-16,,
2020-11-17,,
2020-11-18,14.43802369,
2020-11-19,,
2020-11-20,,
2020-11-21,26.65054,
2020-11-22,,
2020-11-23,,
2020-11-24,23.49653568,
2020-11-25,,
2020-11-26,,
2020-11-27,21.623545,
2020-11-28,,
2020-11-29,,
2020-11-30,,
2020-12-01,35.47049417,
2020-12-02,,
2020-12-03,18.99506396,
2020-12-04,,
2020-12-05,,
2020-12-06,,
2020-12-07,32.63097975,
2020-12-08,,
2020-12-09,,
2020-12-10,26.95875828,
2020-12-11,,
2020-12-12,,
2020-12-13,23.20999769,
2020-12-14,,
2020-12-15,,
2020-12-16,27.42476773,
2020-12-17,,
2020-12-18,,
2020-12-19,19.76213033,
2020-12-20,,
2020-12-21,,
2020-12-22,,
2020-12-23,,
2020-12-24,,
2020-12-25,26.69473554,
2020-12-26,,
2020-12-27,,
2020-12-28,,
2020-12-29,24.8915301,
2020-12-30,,
2020-12-31,,
2021-01-01,23.66481607,
2021-01-02,,
2021-01-03,,
2021-01-04,,
2021-01-05,13.64050987,
2021-01-06,,
2021-01-07,28.13159754,
2021-01-08,,
2021-01-09,,
2021-01-10,,
2021-01-11,,
2021-01-12,,
2021-01-13,28.25673028,
2021-01-14,,
2021-01-15,,
2021-01-16,20.07224907,
2021-01-17,,
2021-01-18,,
2021-01-19,36.7381666,
2021-01-20,,
2021-01-21,23.63191412,
2021-01-22,,
2021-01-23,,
2021-01-24,17.30095134,
2021-01-25,,
2021-01-26,,
2021-01-27,23.15699707,
2021-01-28,,
2021-01-29,,
2021-01-30,35.14960283,
2021-01-31,,
2021-02-01,,
2021-02-02,15.22022709,
2021-02-03,,
2021-02-04,19.40364643,
2021-02-05,,
2021-02-06,,
2021-02-07,30.03530549,
2021-02-08,,
2021-02-09,,
2021-02-10,36.12939016,
2021-02-11,,
2021-02-12,,
2021-02-13,,
2021-02-14,,
2021-02-15,,
2021-02-16,32.80905072,
2021-02-17,,
2021-02-18,32.19174986,
2021-02-19,,
2021-02-20,,
2021-02-21,10.66755841,
2021-02-22,,
2021-02-23,,
2021-02-24,35.63762347,
2021-02-25,,
2021-02-26,,
2021-02-27,16.41864961,
2021-02-28,,
2021-03-01,,
2021-03-02,40.54496427,
2021-03-03,,
2021-03-04,38.56077563,
2021-03-05,,
2021-03-06,,
2021-03-07,33.71372803,
2021-03-08,,
2021-03-09,,
2021-03-10,40.82861305,
2021-03-11,,
2021-03-12,,
2021-03-13,,
2021-03-14,,
2021-03-15,,
2021-03-16,45.82728568,
2021-03-17,,
2021-03-18,26.88112635,
2021-03-19,,
2021-03-20,,
2021-03-21,15.54125832,
2021-03-22,,
2021-03-23,,
2021-03-24,37.09452137,
2021-03-25,,
2021-03-26,,
2021-03-27,16.01249385,
2021-03-28,,
2021-03-29,,
2021-03-30,27.76175008,
2021-03-31,,
2021-04-01,,
2021-04-02,15.90202445,
2021-04-03,27.06938675,
2021-04-04,,
2021-04-05,,
2021-04-06,22.23284472,
2021-04-07,,
2021-04-08,25.25022574,
2021-04-09,17.90138645,
2021-04-10,,
2021-04-11,,
2021-04-12,25.70341692,
2021-04-13,,
2021-04-14,28.11294457,
2021-04-15,22.08545823,
2021-04-16,,
2021-04-17,8.5112653,
2021-04-18,,
2021-04-19,18.4718735,
2021-04-20,28.00449863,
2021-04-21,19.1536661,
2021-04-22,39.97049758,
2021-04-23,,
2021-04-24,13.4415437,
2021-04-25,17.82618591,
2021-04-26,,
2021-04-27,37.06738223,
2021-04-28,22.75734898,
2021-04-29,,
2021-04-30,36.87797684,
2021-05-01,26.83858898,
2021-05-02,,
2021-05-03,,
2021-05-04,17.39217311,
2021-05-05,,
2021-05-06,33.20581847,
2021-05-07,,
2021-05-08,,
2021-05-09,23.53044996,
2021-05-10,,
2021-05-11,,
2021-05-12,21.15314463,
2021-05-13,,
2021-05-14,,
2021-05-15,,
2021-05-16,23.23410852,
2021-05-17,,
2021-05-18,,
2021-05-19,20.79352615,
2021-05-20,,
2021-05-21,,
2021-05-22,10.86149455,
2021-05-23,,
2021-05-24,,
2021-05-25,23.61581579,
2021-05-26,,
2021-05-27,32.15366795,
2021-05-28,,
2021-05-29,,
2021-05-30,,
2021-05-31,21.21551753,
2021-06-01,,
2021-06-02,,
2021-06-03,14.20379209,
2021-06-04,,
2021-06-05,,
2021-06-06,11.23067648,
2021-06-07,,
2021-06-08,,
2021-06-09,24.97941065,
2021-06-10,,
2021-06-11,,
2021-06-12,28.93344817,
2021-06-13,,
2021-06-14,,
2021-06-15,,
2021-06-16,16.72908158,
2021-06-17,,
2021-06-18,,
2021-06-19,16.81314605,
2021-06-20,,
2021-06-21,,
2021-06-22,23.88710296,
2021-06-23,,
2021-06-24,33.7010744,
2021-06-25,,
2021-06-26,,
2021-06-27,15.61796062,
2021-06-28,,
2021-06-29,27.76955333,
2021-06-30,,
2021-07-01,28.71158515,
2021-07-02,,
2021-07-03,,
2021-07-04,12.08405315,
2021-07-05,,
2021-07-06,,
2021-07-07,26.66878857,
2021-07-08,,
2021-07-09,,
2021-07-10,19.21467423,
2021-07-11,,
2021-07-12,,
2021-07-13,28.3341906,
2021-07-14,,
2021-07-15,,
2021-07-16,,
2021-07-17,22.38139343,
2021-07-18,,
2021-07-19,,
2021-07-20,21.7746172,
2021-07-21,,
2021-07-22,33.00644641,
2021-07-23,,
2021-07-24,,
2021-07-25,19.02077995,
2021-07-26,,
2021-07-27,,
2021-07-28,24.24406928,
2021-07-29,,
2021-07-30,,
2021-07-31,18.13366336,
2021-08-01,,
2021-08-02,,
2021-08-03,39.70434724,
2021-08-04,,
2021-08-05,,
2021-08-06,,
2021-08-07,28.06831114,
2021-08-08,,
2021-08-09,,
2021-08-10,28.64495413,
2021-08-11,,
2021-08-12,22.36332108,
2021-08-13,,
2021-08-14,,
2021-08-15,17.31832799,
2021-08-16,,
2021-08-17,,
2021-08-18,24.97784169,
2021-08-19,,
2021-08-20,,
2021-08-21,28.28099509,
2021-08-22,,
2021-08-23,,
2021-08-24,28.27196662,
2021-08-25,,
2021-08-26,33.80658375,
2021-08-27,,
2021-08-28,,
2021-08-29,19.71798457,
2021-08-30,,
2021-08-31,,
2021-09-01,25.79180204,
2021-09-02,,
2021-09-03,,
2021-09-04,26.4338423,
2021-09-05,,
2021-09-06,,
2021-09-07,33.60676608,
2021-09-08,,
2021-09-09,38.78316221,
2021-09-10,,
2021-09-11,,
2021-09-12,,
2021-09-13,16.60985584,
2021-09-14,,
2021-09-15,,
2021-09-16,30.57948699,
2021-09-17,,
2021-09-18,,
2021-09-19,13.13541551,
2021-09-20,,
2021-09-21,,
2021-09-22,34.3857407,
2021-09-23,,
2021-09-24,,
2021-09-25,34.2621244,
2021-09-26,,
2021-09-27,,
2021-09-28,48.85325673,
2021-09-29,,
2021-09-30,22.41132674,
2021-10-01,,
2021-10-02,,
2021-10-03,,
2021-10-04,29.03497155,
2021-10-05,,
2021-10-06,,
2021-10-07,25.74944248,
2021-10-08,,
2021-10-09,,
2021-10-10,23.66535056,
2021-10-11,,
2021-10-12,29.63860653,
2021-10-13,,
2021-10-14,39.04937501,
2021-10-15,,
2021-10-16,,
2021-10-17,15.29956188,
2021-10-18,,
2021-10-19,,
2021-10-20,23.59696877,
2021-10-21,,
2021-10-22,,
2021-10-23,50.82237333,
2021-10-24,,
2021-10-25,,
2021-10-26,20.08639532,
2021-10-27,,
2021-10-28,52.22127577,
2021-10-29,,
2021-10-30,,
2021-10-31,,
2021-11-01,13.96269978,
2021-11-02,,
2021-11-03,,
2021-11-04,25.76850712,
2021-11-05,,
2021-11-06,,
2021-11-07,20.29551918,
2021-11-08,,
2021-11-09,38.95412762,
2021-11-10,,
2021-11-11,40.12021492,
2021-11-12,,
2021-11-13,,
2021-11-14,31.04505166,
2021-11-15,,
2021-11-16,,
2021-11-17,30.47631981,
2021-11-18,,
2021-11-19,,
2021-11-20,32.30581535,
2021-11-21,,
2021-11-22,,
2021-11-23,22.09091769,
2021-11-24,,
2021-11-25,41.98753575,
2021-11-26,,
2021-11-27,,
2021-11-28,,
2021-11-29,29.51778072,
2021-11-30,,
2021-12-01,28.00064805,
2021-12-02,,
2021-12-03,,
2021-12-04,,
2021-12-05,18.12810658,
2021-12-06,,
2021-12-07,,
2021-12-08,21.15864091,
2021-12-09,,
2021-12-10,,
2021-12-11,33.09378891,
2021-12-12,,
2021-12-13,,
2021-12-14,35.80353869,
2021-12-15,,
2021-12-16,20.34471861,
2021-12-17,,
2021-12-18,,
2021-12-19,,
2021-12-20,35.09081332,
2021-12-21,,
2021-12-22,22.2644093,
2021-12-23,,
2021-12-24,19.54104245,
2021-12-25,,
2021-12-26,,
2021-12-27,,
2021-12-28,32.07173516,
2021-12-29,,
2021-12-30,,
2021-12-31,21.83860091,
2022-01-01,,
2022-01-02,,
2022-01-03,,
2022-01-04,30.29203654,
2022-01-05,,
2022-01-06,29.17355047,
2022-01-07,,
2022-01-08,,
2022-01-09,,
2022-01-10,16.00478849,
2022-01-11,,
2022-01-12,,
2022-01-13,22.08758826,
2022-01-14,,
2022-01-15,,
2022-01-16,21.79501403,
2022-01-17,,
2022-01-18,,
2022-01-19,26.45453518,
2022-01-20,,
2022-01-21,,
2022-01-22,34.10563765,
2022-01-23,,
2022-01-24,,
2022-01-25,36.45090602,
2022-01-26,,
2022-01-27,35.92156155,
2022-01-28,,
2022-01-29,,
2022-01-30,,
2022-01-31,31.67679725,
2022-02-01,,
2022-02-02,,
2022-02-03,41.50147603,
2022-02-04,,
2022-02-05,,
2022-02-06,28.48564575,
2022-02-07,,
2022-02-08,,
2022-02-09,49.11334483,
2022-02-10,,
2022-02-11,,
2022-02-12,30.44526424,
2022-02-13,,
2022-02-14,,
2022-02-15,30.67468293,
2022-02-16,,
2022-02-17,40.22759759,
2022-02-18,,
2022-02-19,,
2022-02-20,,
2022-02-21,36.54896894,
2022-02-22,,
2022-02-23,,
2022-02-24,49.07595517,
2022-02-25,,
2022-02-26,,
2022-02-27,28.19128754,
2022-02-28,,
2022-03-01,,
2022-03-02,38.5157545,
2022-03-03,,
2022-03-04,,
2022-03-05,31.49249394,
2022-03-06,,
2022-03-07,,
2022-03-08,30.58410333,
2022-03-09,,
2022-03-10,27.20795009,
2022-03-11,,
2022-03-12,,
2022-03-13,,
2022-03-14,36.59395927,
2022-03-15,,
2022-03-16,,
2022-03-17,42.63107484,
2022-03-18,,
2022-03-19,,
2022-03-20,29.03270084,
2022-03-21,,
2022-03-22,,
2022-03-23,48.57297478,
2022-03-24,,
2022-03-25,,
2022-03-26,36.99281887,
2022-03-27,,
2022-03-28,,
2022-03-29,33.32771119,
2022-03-30,,
2022-03-31,36.4858361,
2022-04-01,,
2022-04-02,,
2022-04-03,27.06938675,
2022-04-04,,
2022-04-05,,
2022-04-06,29.26461407,
2022-04-07,,
2022-04-08,,
2022-04-09,17.90138645,
2022-04-10,,
2022-04-11,,
2022-04-12,25.70341692,
2022-04-13,,
2022-04-14,,
2022-04-15,22.08545823,
2022-04-16,,
2022-04-17,,
2022-04-18,,
2022-04-19,18.4718735,
2022-04-20,,
2022-04-21,19.1536661,
2022-04-22,,
2022-04-23,,
2022-04-24,13.4415437,
2022-04-25,,
2022-04-26,,
2022-04-27,37.06738223,
2022-04-28,,
2022-04-29,,
2022-04-30,36.87797684,
2022-05-01,,
2022-05-02,,
2022-05-03,27.17844,
2022-05-04,,
2022-05-05,22.974223,
2022-05-06,,
2022-05-07,,
2022-05-08,,
2022-05-09,30.963362,
2022-05-10,,
2022-05-11,,
2022-05-12,31.128783,
2022-05-13,,
2022-05-14,,
2022-05-15,9.237857,
2022-05-16,,
2022-05-17,,
2022-05-18,16.756491,
2022-05-19,,
2022-05-20,,
2022-05-21,33.633452,
2022-05-22,,
2022-05-23,,
2022-05-24,37.245516,
2022-05-25,,
2022-05-26,23.369182,
2022-05-27,,
2022-05-28,,
2022-05-29,,
2022-05-30,,
2022-05-31,40.583163,
2022-06-01,,
2022-06-02,22.016822,
2022-06-03,,
2022-06-04,,
2022-06-05,27.195674,
2022-06-06,,
2022-06-07,,
2022-06-08,33.643624,
2022-06-09,,
2022-06-10,,
2022-06-11,26.156439,
2022-06-12,,
2022-06-13,,
2022-06-14,24.767503,
2022-06-15,,
2022-06-16,24.976744,
2022-06-17,,
2022-06-18,,
2022-06-19,,
2022-06-20,16.740163,
2022-06-21,,
2022-06-22,,
2022-06-23,28.132179,
2022-06-24,,
2022-06-25,,
2022-06-26,24.678259,
2022-06-27,,
2022-06-28,,
2022-06-29,,
2022-06-30,30.506767,
2022-07-01,,
2022-07-02,22.728719,
2022-07-03,,
2022-07-04,,
2022-07-05,,
2022-07-06,24.991288,
2022-07-07,,
2022-07-08,,
2022-07-09,20.055259,
2022-07-10,,
2022-07-11,,
2022-07-12,19.918191,
2022-07-13,,
2022-07-14,19.202041,
2022-07-15,,
2022-07-16,,
2022-07-17,,
2022-07-18,17.96425,
2022-07-19,,
2022-07-20,,
2022-07-21,26.672427,
2022-07-22,,
2022-07-23,,
2022-07-24,18.851219,
2022-07-25,,
2022-07-26,,
2022-07-27,25.604738,
2022-07-28,,
2022-07-29,,
2022-07-30,18.819269,
2022-07-31,,
2022-08-01,,
2022-08-02,32.18996,
2022-08-03,,
2022-08-04,,
2022-08-05,24.66154,
2022-08-06,,
2022-08-07,,
2022-08-08,,
2022-08-09,24.49939,
2022-08-10,,
2022-08-11,25.90867,
2022-08-12,,
2022-08-13,,
2022-08-14,18.20288,
2022-08-15,,
2022-08-16,,
2022-08-17,23.38197,
2022-08-18,,
2022-08-19,,
2022-08-20,24.13671,
2022-08-21,,
2022-08-22,,
2022-08-23,28.88896,
2022-08-24,,
2022-08-25,,
2022-08-26,32.19842,
2022-08-27,,
2022-08-28,,
2022-08-29,,
2022-08-30,24.14247,
2022-08-31,,
2022-09-01,34.57649944,
2022-09-02,,
2022-09-03,,
2022-09-04,24.89667615,
2022-09-05,,
2022-09-06,,
2022-09-07,32.34613358,
2022-09-08,,
2022-09-09,,
2022-09-10,21.42150692,
2022-09-11,,
2022-09-12,,
2022-09-13,24.74098118,
2022-09-14,,
2022-09-15,,
2022-09-16,25.07983483,
2022-09-17,,
2022-09-18,,
2022-09-19,,
2022-09-20,32.26402469,
2022-09-21,,
2022-09-22,29.10381987,
2022-09-23,,
2022-09-24,,
2022-09-25,30.06134341,
2022-09-26,,
2022-09-27,,
2022-09-28,22.24854782,
2022-09-29,,
2022-09-30,,
2022-10-01,29.4564624,
2022-10-02,,
2022-10-03,,
2022-10-04,,
2022-10-05,28.98155093,
2022-10-06,,
2022-10-07,29.5483962,
2022-10-08,,
2022-10-09,,
2022-10-10,,
2022-10-11,30.60937815,
2022-10-12,,
2022-10-13,45.27650323,
2022-10-14,,
2022-10-15,,
2022-10-16,17.74556998,
2022-10-17,,
2022-10-18,,
2022-10-19,37.42845854,
2022-10-20,,
2022-10-21,,
2022-10-22,22.79128127,
2022-10-23,,
2022-10-24,,
2022-10-25,38.31743716,
2022-10-26,,
2022-10-27,,
2022-10-28,19.00504335,
2022-10-29,,
2022-10-30,,
2022-10-31,,
2022-11-01,28.97433421,
2022-11-02,,
2022-11-03,39.44031268,
2022-11-04,,
2022-11-05,,
2022-11-06,18.47619907,
2022-11-07,,
2022-11-08,,
2022-11-09,27.58110937,
2022-11-10,,
2022-11-11,,
2022-11-12,25.65696609,
2022-11-13,,
2022-11-14,,
2022-11-15,,
2022-11-16,34.4286937,
2022-11-17,,
2022-11-18,33.18188705,
2022-11-19,,
2022-11-20,,
2022-11-21,,
2022-11-22,24.27220265,
2022-11-23,,
2022-11-24,25.81238741,
2022-11-25,,
2022-11-26,,
2022-11-27,22.75892282,
2022-11-28,,
2022-11-29,,
2022-11-30,,
2022-12-01,19.76226183,
2022-12-02,,
2022-12-03,17.58202348,
2022-12-04,,
2022-12-05,,
2022-12-06,19.92053091,
2022-12-07,,
2022-12-08,,
2022-12-09,25.78506606,
2022-12-10,,
2022-12-11,,
2022-12-12,,
2022-12-13,31.623974,
2022-12-14,,
2022-12-15,35.86621123,
2022-12-16,,
2022-12-17,,
2022-12-18,31.93816184,
2022-12-19,,
2022-12-20,,
2022-12-21,29.00398981,
2022-12-22,,
2022-12-23,,
2022-12-24,26.56138148,
2022-12-25,,
2022-12-26,,
2022-12-27,27.10312586,
2022-12-28,,
2022-12-29,48.58563915,
2022-12-30,,
2022-12-31,,
2023-01-01,39.71319755,
2023-01-02,,
2023-01-03,,
2023-01-04,,
2023-01-05,21.33100275,
2023-01-06,,
2023-01-07,,
2023-01-08,27.40229328,
2023-01-09,,
2023-01-10,,
2023-01-11,37.16760214,
2023-01-12,,
2023-01-13,,
2023-01-14,40.71843193,
2023-01-15,,
2023-01-16,,
2023-01-17,39.014694,
2023-01-18,,
2023-01-19,,
2023-01-20,40.72216661,
2023-01-21,,
2023-01-22,,
2023-01-23,,
2023-01-24,39.10182718,
2023-01-25,,
2023-01-26,37.15364851,
2023-01-27,,
2023-01-28,,
2023-01-29,36.14425241,
2023-01-30,,
2023-01-31,,
2023-02-01,46.60677588,
2023-02-02,,
2023-02-03,,
2023-02-04,43.60774167,
2023-02-05,,
2023-02-06,,
2023-02-07,39.14735316,
2023-02-08,,
2023-02-09,,
2023-02-10,43.83923825,
2023-02-11,,
2023-02-12,,
2023-02-13,,
2023-02-14,30.12215753,
2023-02-15,,
2023-02-16,40.19071315,
2023-02-17,,
2023-02-18,,
2023-02-19,28.80456369,
2023-02-20,,
2023-02-21,,
2023-02-22,43.1966231,
2023-02-23,,
2023-02-24,,
2023-02-25,58.14805814,
2023-02-26,,
2023-02-27,,
2023-02-28,45.50131123,
2023-03-01,,
2023-03-02,,
2023-03-03,51.4037934,
2023-03-04,,
2023-03-05,,
2023-03-06,,
2023-03-07,49.54113453,
2023-03-08,,
2023-03-09,40.15436197,
2023-03-10,,
2023-03-11,,
2023-03-12,27.96236686,
2023-03-13,,
2023-03-14,,
2023-03-15,52.18215822,
2023-03-16,,
2023-03-17,,
2023-03-18,38.16156668,
2023-03-19,,
2023-03-20,,
2023-03-21,,
2023-03-22,63.91462259,
2023-03-23,,
2023-03-24,52.85430894,
2023-03-25,,
2023-03-26,,
2023-03-27,,
2023-03-28,31.68786377,
2023-03-29,,
2023-03-30,40.76741005,
2023-03-31,,
2023-04-01,,
2023-04-02,38.0362269,
2023-04-03,,
2023-04-04,44.54774492,
2023-04-05,,
2023-04-06,,
2023-04-07,,
2023-04-08,32.40133583,
2023-04-09,,
2023-04-10,,
2023-04-11,24.05702783,
2023-04-12,,
2023-04-13,,
2023-04-14,43.77885244,
2023-04-15,,
2023-04-16,,
2023-04-17,,
2023-04-18,29.0773619,
2023-04-19,,
2023-04-20,41.35156918,
2023-04-21,,
2023-04-22,,
2023-04-23,24.34207652,
2023-04-24,,
2023-04-25,,
2023-04-26,43.58612595,
2023-04-27,,
2023-04-28,,
2023-04-29,19.79806552,
2023-04-30,,
2023-05-01,,
2023-05-02,,
2023-05-03,35.57430895,
2023-05-04,,
2023-05-05,35.93436625,
2023-05-06,,
2023-05-07,,
2023-05-08,,
2023-05-09,39.48810759,
2023-05-10,,
2023-05-11,35.16154061,
2023-05-12,,
2023-05-13,,
2023-05-14,15.90022578,
2023-05-15,,
2023-05-16,,
2023-05-17,23.17981922,
2023-05-18,,
2023-05-19,,
2023-05-20,34.33868118,
2023-05-21,,
2023-05-22,,
2023-05-23,,
2023-05-24,29.55434598,
2023-05-25,,
2023-05-26,56.0783638,
2023-05-27,,
2023-05-28,,
2023-05-29,,
2023-05-30,40.98027087,
2023-05-31,,
2023-06-01,46.53078884,
2023-06-02,,
2023-06-03,,
2023-06-04,50.11204039,
2023-06-05,,
2023-06-06,,
2023-06-07,41.22992705,
2023-06-08,,
2023-06-09,,
2023-06-10,55.8163881,
2023-06-11,,
2023-06-12,,
2023-06-13,,
2023-06-14,25.16866794,
2023-06-15,,
2023-06-16,59.53849273,
2023-06-17,,
2023-06-18,,
2023-06-19,,
2023-06-20,,
2023-06-21,32.17926651,
2023-06-22,,
2023-06-23,,
2023-06-24,34.54392682,
2023-06-25,,
2023-06-26,,
2023-06-27,18.4000566,
2023-06-28,,
2023-06-29,45.234871,
2023-06-30,,
2023-07-01,25.28915604,
2023-07-02,,
2023-07-03,,
2023-07-04,,
2023-07-05,25.66120876,
2023-07-06,,
2023-07-07,30.28435133,
2023-07-08,,
2023-07-09,,
2023-07-10,,
2023-07-11,19.52525807,
2023-07-12,,
2023-07-13,24.92573588,
2023-07-14,,
2023-07-15,,
2023-07-16,9.41729183,
2023-07-17,,
2023-07-18,,
2023-07-19,30.87002788,
2023-07-20,,
2023-07-21,,
2023-07-22,29.05243033,
2023-07-23,,
2023-07-24,,
2023-07-25,33.85564305,
2023-07-26,,
2023-07-27,,
2023-07-28,31.16817006,
2023-07-29,,
2023-07-30,,
2023-07-31,,
2023-08-01,32.05637552,
2023-08-02,,
2023-08-03,26.82262528,
2023-08-04,,
2023-08-05,,
2023-08-06,,
2023-08-07,16.61066058,
2023-08-08,,
2023-08-09,,
2023-08-10,26.12089224,
2023-08-11,,
2023-08-12,,
2023-08-13,14.8100684,
2023-08-14,,
2023-08-15,,
2023-08-16,27.31180818,
2023-08-17,,
2023-08-18,,
2023-08-19,28.23691109,
2023-08-20,,
2023-08-21,,
2023-08-22,,
2023-08-23,21.27603677,
2023-08-24,,
2023-08-25,13.37156668,
2023-08-26,,
2023-08-27,,
2023-08-28,,
2023-08-29,13.14371066,
2023-08-30,,
2023-08-31,30.10799354,
2023-09-01,,
2023-09-02,,
2023-09-03,18.98108121,
2023-09-04,,
2023-09-05,,
2023-09-06,29.54305631,
2023-09-07,,
2023-09-08,,
2023-09-09,26.75551865,
2023-09-10,,
2023-09-11,,
2023-09-12,20.41065224,
2023-09-13,,
2023-09-14,,
2023-09-15,20.70529767,
2023-09-16,,
2023-09-17,,
2023-09-18,,
2023-09-19,19.00155193,
2023-09-20,,
2023-09-21,25.75735558,
2023-09-22,,
2023-09-23,,
2023-09-24,19.86157433,
2023-09-25,,
2023-09-26,,
2023-09-27,31.88095384,
2023-09-28,,
2023-09-29,,
2023-09-30,20.68750699,
2023-10-01,,
2023-10-02,,
2023-10-03,34.14741658,
2023-10-04,,
2023-10-05,,
2023-10-06,35.45305825,
2023-10-07,,
2023-10-08,,
2023-10-09,,
2023-10-10,25.37460202,
2023-10-11,,
2023-10-12,30.93537336,
2023-10-13,,
2023-10-14,,
2023-10-15,16.29673123,
2023-10-16,,
2023-10-17,,
2023-10-18,35.32551742,
2023-10-19,,
2023-10-20,,
2023-10-21,39.48641385,
2023-10-22,,
2023-10-23,,
2023-10-24,38.16273883,
2023-10-25,,
2023-10-26,,
2023-10-27,28.95446746,
2023-10-28,,
2023-10-29,,
2023-10-30,,
2023-10-31,41.57156591,
2023-11-01,,
2023-11-02,32.6315834,
2023-11-03,,
2023-11-04,,
2023-11-05,42.67256872,
2023-11-06,,
2023-11-07,,
2023-11-08,35.28760613,
2023-11-09,,
2023-11-10,,
2023-11-11,32.96972112,
2023-11-12,,
2023-11-13,,
2023-11-14,,
2023-11-15,23.43975003,
2023-11-16,,
2023-11-17,40.55750882,
2023-11-18,,
2023-11-19,,
2023-11-20,,
2023-11-21,37.39966563,
2023-11-22,,
2023-11-23,27.13604316,
2023-11-24,,
2023-11-25,,
2023-11-26,8.16713785,
2023-11-27,,
2023-11-28,,
2023-11-29,28.37225873,
2023-11-30,,
2023-12-01,,
2023-12-02,24.08363919,
2023-12-03,,
2023-12-04,,
2023-12-05,40.01881584,
2023-12-06,,
2023-12-07,,
2023-12-08,21.3967208,
2023-12-09,,
2023-12-10,,
2023-12-11,,
2023-12-12,22.06750963,
2023-12-13,,
2023-12-14,,
2023-12-15,31.2286164,
2023-12-16,,
2023-12-17,,
2023-12-18,,
2023-12-19,21.24303111,
2023-12-20,,
2023-12-21,32.11978304,
2023-12-22,,
2023-12-23,,
2023-12-24,,
2023-12-25,33.75911797,
2023-12-26,,
2023-12-27,23.69821323,
2023-12-28,,
2023-12-29,,
2023-12-30,,
2023-12-31,27.13971515,
2024-01-01,,
2024-01-02,,
2024-01-03,63.46540526,
2024-01-04,,
2024-01-05,,
2024-01-06,42.90561781,
2024-01-07,,
2024-01-08,,
2024-01-09,,
2024-01-10,34.12931535,
2024-01-11,,
2024-01-12,32.85466789,
2024-01-13,,
2024-01-14,,
2024-01-15,,
2024-01-16,32.00801866,
2024-01-17,,
2024-01-18,31.66260329,
2024-01-19,,
2024-01-20,,
2024-01-21,32.08190336,
2024-01-22,,
2024-01-23,,
2024-01-24,56.28514774,
2024-01-25,,
2024-01-26,,
2024-01-27,45.8990954,
2024-01-28,,
2024-01-29,,
2024-01-30,33.43247231,
2024-01-31,,
2024-02-01,,
2024-02-02,28.53943008,
2024-02-03,,
2024-02-04,,
2024-02-05,,
2024-02-06,32.23871913,
2024-02-07,,
2024-02-08,14.93518688,
2024-02-09,,
2024-02-10,,
2024-02-11,18.76795533,
2024-02-12,,
2024-02-13,,
2024-02-14,27.33337006,
2024-02-15,,
2024-02-16,,
2024-02-17,32.82737717,
2024-02-18,,
2024-02-19,,
2024-02-20,46.59829115,
2024-02-21,,
2024-02-22,,
2024-02-23,45.46638919,
2024-02-24,,
2024-02-25,,
2024-02-26,,
2024-02-27,42.36114363,
2024-02-28,,
2024-02-29,48.5078192,
2024-03-01,,
2024-03-02,,
2024-03-03,30.44211619,
2024-03-04,,
2024-03-05,53.88068454,
2024-03-06,,
2024-03-07,56.46016026,
2024-03-08,,
2024-03-09,,
2024-03-10,27.52310043,
2024-03-11,,
2024-03-12,,
2024-03-13,42.71862819,
2024-03-14,,
2024-03-15,37.15498749,
2024-03-16,,
2024-03-17,,
2024-03-18,,
2024-03-19,46.33658953,
2024-03-20,,
2024-03-21,36.08491909,
2024-03-22,,
2024-03-23,,
2024-03-24,38.85966262,
2024-03-25,,
2024-03-26,,
2024-03-27,,
2024-03-28,37.28941754,
2024-03-29,,
2024-03-30,,
2024-03-31,,
2024-04-01,,
2024-04-02,,
2024-04-03,36.5879067,
2024-04-04,,
2024-04-05,,
2024-04-06,34.4373022,
2024-04-07,,
2024-04-08,,
2024-04-09,51.56875608,
2024-04-10,,
2024-04-11,31.533114,
2024-04-12,,
2024-04-13,,
2024-04-14,,
2024-04-15,56.73649357,
2024-04-16,,
2024-04-17,,
2024-04-18,42.29980264,
2024-04-19,,
2024-04-20,,
2024-04-21,19.79190867,
2024-04-22,,
2024-04-23,,
2024-04-24,32.21383268,
2024-04-25,,
2024-04-26,,
2024-04-27,16.73681744,
2024-04-28,,
2024-04-29,,
2024-04-30,25.89091936,
2024-05-01,,
2024-05-02,,
2024-05-03,32.25712989,
2024-05-04,,
2024-05-05,,
2024-05-06,,
2024-05-07,36.71559147,
2024-05-08,,
2024-05-09,36.19796688,
2024-05-10,,
2024-05-11,,
2024-05-12,19.12272363,
2024-05-13,,
2024-05-14,,
2024-05-15,23.49531171,
2024-05-16,,
2024-05-17,,
2024-05-18,21.73422067,
2024-05-19,,
2024-05-20,,
2024-05-21,28.36039835,
2024-05-22,,
2024-05-23,,
2024-05-24,29.74581898,
2024-05-25,,
2024-05-26,,
2024-05-27,,
2024-05-28,22.73449056,
2024-05-29,,
2024-05-30,40.97642351,
2024-05-31,,
2024-06-01,,
2024-06-02,20.26016917,
2024-06-03,,
2024-06-04,,
2024-06-05,29.51993394,
2024-06-06,,
2024-06-07,,
2024-06-08,33.37537084,
2024-06-09,,
2024-06-10,,
2024-06-11,,
2024-06-12,22.10377264,
2024-06-13,,
2024-06-14,5.4681896,
2024-06-15,,
2024-06-16,,
2024-06-17,,
2024-06-18,26.11297244,
2024-06-19,,
2024-06-20,9.56101181,
2024-06-21,,
2024-06-22,,
2024-06-23,19.2475958,
2024-06-24,,
2024-06-25,,
2024-06-26,8.41551733,
2024-06-27,,
2024-06-28,,
2024-06-29,30.02393335,
2024-06-30,,
2024-07-01,,
2024-07-02,,
2024-07-03,30.70689646,
2024-07-04,,
2024-07-05,28.45012382,
2024-07-06,,
2024-07-07,,
2024-07-08,,
2024-07-09,23.2824793,
2024-07-10,,
2024-07-11,37.45853073,
2024-07-12,,
2024-07-13,,
2024-07-14,14.88707036,
2024-07-15,,
2024-07-16,,
2024-07-17,31.68069363,
2024-07-18,,
2024-07-19,,
2024-07-20,19.17571532,
2024-07-21,,
2024-07-22,,
2024-07-23,29.14861217,
2024-07-24,,
2024-07-25,,
2024-07-26,29.80921834,
2024-07-27,,
2024-07-28,,
2024-07-29,,
2024-07-30,26.07571531,
2024-07-31,,
2024-08-01,26.15594555,
2024-08-02,,
2024-08-03,,
2024-08-04,13.86487318,
2024-08-05,,
2024-08-06,,
2024-08-07,25.45585686,
2024-08-08,,
2024-08-09,,
2024-08-10,18.3707408,
2024-08-11,,
2024-08-12,,
2024-08-13,13.30629199,
2024-08-14,,
2024-08-15,29.3495665,
2024-08-16,,
2024-08-17,,
2024-08-18,,
2024-08-19,9.74499683,
2024-08-20,,
2024-08-21,,
2024-08-22,26.02100417,
2024-08-23,,
2024-08-24,,
2024-08-25,11.43691575,
2024-08-26,,
2024-08-27,,
2024-08-28,19.12646634,
2024-08-29,,
2024-08-30,,
2024-08-31,26.16473742,
2024-09-01,,
2024-09-02,,
2024-09-03,21.91838651,
2024-09-04,,
2024-09-05,26.86256282,
2024-09-06,,
2024-09-07,,
2024-09-08,,
2024-09-09,29.20021227,
2024-09-10,,
2024-09-11,,
2024-09-12,19.62417368,
2024-09-13,,
2024-09-14,,
2024-09-15,16.77147031,
2024-09-16,,
2024-09-17,,
2024-09-18,25.96425815,
2024-09-19,,
2024-09-20,,
2024-09-21,33.20983867,
2024-09-22,,
2024-09-23,,
2024-09-24,18.87312753,
2024-09-25,,
2024-09-26,28.0699545,
2024-09-27,,
2024-09-28,,
2024-09-29,,
2024-09-30,37.78139355,
2024-10-01,,
2024-10-02,,
2024-10-03,12.62645212,
2024-10-04,,
2024-10-05,,
2024-10-06,5.92948249,
2024-10-07,,
2024-10-08,26.25128097,
2024-10-09,,
2024-10-10,33.23299177,
2024-10-11,,
2024-10-12,,
2024-10-13,,
2024-10-14,11.21258667,
2024-10-15,,
2024-10-16,,
2024-10-17,25.06699264,
2024-10-18,,
2024-10-19,,
2024-10-20,,
2024-10-21,33.538926,
2024-10-22,,
2024-10-23,,
2024-10-24,,
2024-10-25,,
2024-10-26,,
2024-10-27,19.80931498,
2024-10-28,,
2024-10-29,36.50631305,
2024-10-30,,
2024-10-31,33.73352135,
2024-11-01,,
2024-11-02,,
2024-11-03,18.26122643,
2024-11-04,,
2024-11-05,,
2024-11-06,24.99490276,
2024-11-07,,
2024-11-08,,
2024-11-09,18.86740314,
2024-11-10,,
2024-11-11,,
2024-11-12,,
2024-11-13,22.62732767,
2024-11-14,,
2024-11-15,,
2024-11-16,11.13715307,
2024-11-17,,
2024-11-18,,
2024-11-19,47.069412,
2024-11-20,,
2024-11-21,26.06726009,
2024-11-22,,
2024-11-23,,
2024-11-24,18.36433679,
2024-11-25,,
2024-11-26,,
2024-11-27,22.99404485,
2024-11-28,,
2024-11-29,,
2024-11-30,,
2024-12-01,,
2024-12-02,,
2024-12-03,,
2024-12-04,25.39904295,
2024-12-05,,
2024-12-06,,
2024-12-07,22.4383536,
2024-12-08,,
2024-12-09,,
2024-12-10,31.88791429,
2024-12-11,,
2024-12-12,,
2024-12-13,16.37497955,
2024-12-14,,
2024-12-15,,
2024-12-16,25.45573926,
2024-12-17,,
2024-12-18,,
2024-12-19,35.81225974,
2024-12-20,,
2024-12-21,,
2024-12-22,14.34078023,
2024-12-23,,
2024-12-24,,
2024-12-25,14.18750414,
2024-12-26,,
2024-12-27,,
2024-12-28,20.26628888,
2024-12-29,,
2024-12-30,,
2024-12-31,,
2025-01-01,,
2025-01-02,,
2025-01-03,27.38089371,
2025-01-04,,
2025-01-05,,
2025-01-06,12.3895883,
2025-01-07,,
2025-01-08,,
2025-01-09,25.02744736,
2025-01-10,,
2025-01-11,,
2025-01-12,19.42195655,
2025-01-13,,
2025-01-14,,
2025-01-15,20.62295838,
2025-01-16,,
2025-01-17,,
2025-01-18,21.73669865,
2025-01-19,,
2025-01-20,,
2025-01-21,32.36569637,
2025-01-22,,
2025-01-23,,
2025-01-24,35.33223523,
2025-01-25,,
2025-01-26,,
2025-01-27,23.29058411,
2025-01-28,,
2025-01-29,,
2025-01-30,19.26207704,
2025-01-31,,
2025-02-01,,
2025-02-02,22.45559844,
2025-02-03,,
2025-02-04,,
2025-02-05,43.8152936,
2025-02-06,,
2025-02-07,,
2025-02-08,35.97996418,
2025-02-09,,
2025-02-10,,
2025-02-11,29.19744261,
2025-02-12,,
2025-02-13,,
2025-02-14,31.6006062,
2025-02-15,,
2025-02-16,,
2025-02-17,21.30746954,
2025-02-18,,
2025-02-19,,
2025-02-20,23.95117134,
2025-02-21,,
2025-02-22,,
2025-02-23,12.88426267,
2025-02-24,,
2025-02-25,,
2025-02-26,26.79572207,
2025-02-27,,
2025-02-28,,
2025-03-01,32.01267269,
2025-03-02,,
2025-03-03,,
2025-03-04,50.89188485,
2025-03-05,,
2025-03-06,,
2025-03-07,27.09945893,
2025-03-08,,
2025-03-09,,
2025-03-10,40.38943853,
2025-03-11,,
2025-03-12,,
2025-03-13,32.40135641,
2025-03-14,,
2025-03-15,,
2025-03-16,21.7379959,
2025-03-17,,
2025-03-18,,
2025-03-19,19.54858624,
2025-03-20,,
2025-03-21,,
2025-03-22,22.13676369,
2025-03-23,,
2025-03-24,,
2025-03-25,,
2025-03-26,33.29247422,
2025-03-27,,
2025-03-28,,
2025-03-29,22.6489629,
2025-03-30,,
2025-03-31,,
2025-04-01,19.94368652,
2025-04-02,,
2025-04-03,,
2025-04-04,24.60704442,
2025-04-05,,
2025-04-06,,
2025-04-07,28.31509643,
2025-04-08,,
2025-04-09,34.55440157,
2025-04-10,,
2025-04-11,20.78107448,
2025-04-12,,
2025-04-13,,
2025-04-14,20.90012423,
2025-04-15,,
2025-04-16,,
2025-04-17,,
2025-04-18,,
2025-04-19,10.66304553,
2025-04-20,,
2025-04-21,,
2025-04-22,30.77970198,
2025-04-23,,
2025-04-24,,
2025-04-25,29.30493975,
2025-04-26,,
2025-04-27,,
2025-04-28,25.42602127,
2025-04-29,,
2025-04-30,,
2025-05-01,28.27673438,
2025-05-02,,
2025-05-03,,
2025-05-04,16.17213879,
2025-05-05,,
2025-05-06,,
2025-05-07,24.80206914,
2025-05-08,,
2025-05-09,,
2025-05-10,29.00074316,
2025-05-11,,
2025-05-12,,
2025-05-13,36.35999494,
2025-05-14,,
2025-05-15,,
2025-05-16,43.90982416,
2025-05-17,,
2025-05-18,,
2025-05-19,17.50516176,
2025-05-20,,
2025-05-21,,
2025-05-22,26.15982438,
2025-05-23,,
2025-05-24,,
2025-05-25,14.06453197,
2025-05-26,,
2025-05-27,,
2025-05-28,27.58629824,
2025-05-29,,
2025-05-30,,
2025-05-31,19.68313096,
2025-06-01,,
2025-06-02,,
2025-06-03,,
2025-06-04,21.45321421,
2025-06-05,,
2025-06-06,,
2025-06-07,17.91502037,
2025-06-08,,
2025-06-09,,
2025-06-10,21.81563131,
2025-06-11,,
2025-06-12,,
2025-06-13,14.41960057,
2025-06-14,,
2025-06-15,,
2025-06-16,23.95095133,
2025-06-17,,
2025-06-18,,
2025-06-19,22.68863861,
2025-06-20,,
2025-06-21,,
2025-06-22,11.58749406,
2025-06-23,,
2025-06-24,,
2025-06-25,38.67788753,
2025-06-26,,
2025-06-27,20.18403879,
2025-06-28,,
2025-06-29,,
2025-06-30,,
2025-07-01,16.51824615,
2025-07-02,,
2025-07-03,,
2025-07-04,16.43016093,
2025-07-05,,
2025-07-06,,
2025-07-07,21.62180545,
2025-07-08,,
2025-07-09,,
2025-07-10,25.82437183,
2025-07-11,,
2025-07-12,,
2025-07-13,12.1149695,
2025-07-14,,
2025-07-15,,
2025-07-16,26.00265605,
2025-07-17,,
2025-07-18,,
2025-07-19,29.28762276,
2025-07-20,,
2025-07-21,,
2025-07-22,23.96631001,
2025-07-23,,
2025-07-24,,
2025-07-25,35.32087825,
2025-07-26,,
2025-07-27,,
2025-07-28,18.66249212,
2025-07-29,,
2025-07-30,,
2025-07-31,20.65664948,
2025-08-01,,
2025-08-02,,
2025-08-03,12.59074214,
2025-08-04,,
2025-08-05,,
2025-08-06,19.1271387,
2025-08-07,,
2025-08-08,,
2025-08-09,23.55757794,
2025-08-10,,
2025-08-11,,
2025-08-12,19.85154055,
2025-08-13,,
2025-08-14,,
2025-08-15,32.08344394,
2025-08-16,,
2025-08-17,,
2025-08-18,10.7356618,
2025-08-19,,
2025-08-20,,
2025-08-21,23.29883145,
2025-08-22,,
2025-08-23,,
2025-08-24,15.87360359,
2025-08-25,,
2025-08-26,,
2025-08-27,20.82196807,
2025-08-28,,
2025-08-29,,
2025-08-30,29.50346,
2025-08-31,,
2025-09-01,,
2025-09-02,22.23842027,
2025-09-03,,
2025-09-04,,
2025-09-05,23.0329888,
2025-09-06,,
2025-09-07,,
2025-09-08,17.00983761,
2025-09-09,,
2025-09-10,,
2025-09-11,26.6523671,
2025-09-12,,
2025-09-13,,
2025-09-14,17.50964577,
2025-09-15,,
2025-09-16,,
2025-09-17,27.31988706,
2025-09-18,,
2025-09-19,,
2025-09-20,23.2174264,
2025-09-21,,
2025-09-22,,
2025-09-23,21.92632829,
2025-09-24,,
2025-09-25,,
2025-09-26,41.48916886,
2025-09-27,,
2025-09-28,,
2025-09-29,24.45684967,
2025-09-30,,
2025-10-01,,
2025-10-02,25.3477,
2025-10-03,,
2025-10-04,,
2025-10-05,16.9601,
2025-10-06,,
2025-10-07,,
2025-10-08,43.2846,
2025-10-09,,
2025-10-10,,
2025-10-11,23.5795,
2025-10-12,,
2025-10-13,,
2025-10-14,,
2025-10-15,30.873,
2025-10-16,,
2025-10-17,26.1938,
2025-10-18,,
2025-10-19,,
2025-10-20,17.9594,
2025-10-21,,
2025-10-22,,
2025-10-23,41.1075,
2025-10-24,,
2025-10-25,,
2025-10-26,14.726,
2025-10-27,,
2025-10-28,,
2025-10-29,20.7648,
