Fecha,DViento,HAire10,HAire2,O3,P,PLiquida,PM2.5,RGlobal,TAire10,TAire2,VViento
2012-01-10,,,,,,,20.08333333,,,,
2012-01-11,,,,34.4262295,,,23.70833333,,,,
2012-01-12,,,,12.62295081,,,36.16666667,,,,
2012-01-13,,,,,,,,,,,
2012-01-14,,,,,,,,,,,
2012-01-15,,,,,,,,,,,
2012-01-16,,,,,,,,,,,
2012-01-17,,,,,,,,,,,
2012-01-18,,,,,,,,,,,
2012-01-19,,,,,,,,,,,
2012-01-20,,,,,,,,,,,
2012-01-21,,,,,,,,,,,
2012-01-22,,,,,,,,,,,
2012-01-23,,,,,,,,,,,
2012-01-24,,,,,,,,,,,
2012-01-25,,,,,,,,,,,
2012-01-26,,,,,,,,,,,
2012-01-27,,,,,,,,,,,
2012-01-28,,,,,,,,,,,
2012-01-29,,,,,,,,,,,
2012-01-30,,,,,,,,,,,
2012-01-31,,,,,,,,,,,
2012-02-01,,,,,,,,,,,
2012-02-02,,,,,,,,,,,
2012-02-03,,,,,,,,,,,
2012-02-04,,,,,,,,,,,
2012-02-05,,,,,,,,,,,
2012-02-06,,,,,,,,,,,
2012-02-07,,,,,,,,,,,
2012-02-08,,,,,,,,,,,
2012-02-09,,,,,,,,,,,
2012-02-10,,,,,,,,,,,
2012-02-11,,,,0.0,,,33.39130435,,,,
2012-02-12,,,,15.6557377,,,25.29166667,,,,
2012-02-13,,,,,,,,,,,
2012-02-14,,,,,,,,,,,
2012-02-15,,,,,,,,,,,
2012-02-16,,,,,,,,,,,
2012-02-17,,,,,,,,,,,
2012-02-18,,,,,,,,,,,
2012-02-19,,,,,,,,,,,
2012-02-20,,,,,,,,,,,
2012-02-21,,,,,,,,,,,
2012-02-22,,,,,,,,,,,
2012-02-23,,,,,,,,,,,
2012-02-24,,,,,,,,,,,
2012-02-25,,,,,,,,,,,
2012-02-26,,,,,,,,,,,
2012-02-27,,,,,,,,,,,
2012-02-28,,,,,,,,,,,
2012-02-29,,,,,,,,,,,
2012-03-01,,,,,,,,,,,
2012-03-02,,,,,,,,,,,
2012-03-03,,,,,,,,,,,
2012-03-04,,,,,,,,,,,
2012-03-05,,,,,,,,,,,
2012-03-06,,,,,,,,,,,
2012-03-07,,,,,,,,,,,
2012-03-08,,,,,,,,,,,
2012-03-09,,,,,,,,,,,
2012-03-10,,,,,,,,,,,
2012-03-11,,,,,,,24.75,,,,
2012-03-12,,,,23.44262294,,,22.70833333,,,,
2012-03-13,,,,,,,,,,,
2012-03-14,,,,,,,,,,,
2012-03-15,,,,,,,,,,,
2012-03-16,,,,,,,,,,,
2012-03-17,,,,,,,,,,,
2012-03-18,,,,,,,,,,,
2012-03-19,,,,,,,,,,,
2012-03-20,,,,,,,,,,,
2012-03-21,,,,,,,,,,,
2012-03-22,,,,,,,,,,,
2012-03-23,,,,,,,,,,,
2012-03-24,,,,,,,,,,,
2012-03-25,,,,,,,,,,,
2012-03-26,,,,,,,,,,,
2012-03-27,,,,,,,,,,,
2012-03-28,,,,,,,,,,,
2012-03-29,,,,,,,,,,,
2012-03-30,,,,,,,,,,,
2012-03-31,,,,,,,,,,,
2012-04-01,,,,,,,,,,,
2012-04-02,,,,,,,,,,,
2012-04-03,,,,,,,,,,,
2012-04-04,,,,,,,,,,,
2012-04-05,,,,,,,,,,,
2012-04-06,,,,,,,,,,,
2012-04-07,,,,,,,,,,,
2012-04-08,,,,,,,,,,,
2012-04-09,,,,,,,,,,,
2012-04-10,,,,,,,26.06666667,,,,
2012-04-11,,,,,,,27.95833333,,,,
2012-04-12,,,,24.26229507,,,28.08333333,,,,
2012-04-13,,,,,,,,,,,
2012-04-14,,,,,,,,,,,
2012-04-15,,,,,,,,,,,
2012-04-16,,,,,,,,,,,
2012-04-17,,,,,,,,,,,
2012-04-18,,,,,,,,,,,
2012-04-19,,,,,,,,,,,
2012-04-20,,,,,,,,,,,
2012-04-21,,,,,,,,,,,
2012-04-22,,,,,,,,,,,
2012-04-23,,,,,,,,,,,
2012-04-24,,,,,,,,,,,
2012-04-25,,,,,,,,,,,
2012-04-26,,,,,,,,,,,
2012-04-27,,,,,,,,,,,
2012-04-28,,,,,,,,,,,
2012-04-29,,,,,,,,,,,
2012-04-30,,,,,,,,,,,
2012-05-01,,,,,,,,,,,
2012-05-02,,,,,,,,,,,
2012-05-03,,,,,,,,,,,
2012-05-04,,,,,,,,,,,
2012-05-05,,,,,,,,,,,
2012-05-06,,,,,,,,,,,
2012-05-07,,,,,,,,,,,
2012-05-08,,,,,,,,,,,
2012-05-09,,,,,,,,,,,
2012-05-10,,,,,,,37.625,,,,
2012-05-11,,,,,,,19.45833333,,,,
2012-05-12,,,,1.31147541,,,31.29166667,,,,
2012-05-13,,,,,,,,,,,
2012-05-14,,,,,,,,,,,
2012-05-15,,,,,,,,,,,
2012-05-16,,,,,,,,,,,
2012-05-17,,,,,,,,,,,
2012-05-18,,,,,,,,,,,
2012-05-19,,,,,,,,,,,
2012-05-20,,,,,,,,,,,
2012-05-21,,,,,,,,,,,
2012-05-22,,,,,,,,,,,
2012-05-23,,,,,,,,,,,
2012-05-24,,,,,,,,,,,
2012-05-25,,,,,,,,,,,
2012-05-26,,,,,,,,,,,
2012-05-27,,,,,,,,,,,
2012-05-28,,,,,,,,,,,
2012-05-29,,,,,,,,,,,
2012-05-30,,,,,,,,,,,
2012-05-31,,,,,,,,,,,
2012-06-01,,,,,,,,,,,
2012-06-02,,,,,,,,,,,
2012-06-03,,,,,,,,,,,
2012-06-04,,,,,,,,,,,
2012-06-05,,,,,,,,,,,
2012-06-06,,,,,,,,,,,
2012-06-07,,,,,,,,,,,
2012-06-08,,,,,,,,,,,
2012-06-09,,,,,,,,,,,
2012-06-10,,,,,,,35.625,,,,
2012-06-11,,,,,,,25.625,,,,
2012-06-12,,,,,,,28.70833333,,,,
2012-06-13,,,,,,,,,,,
2012-06-14,,,,,,,,,,,
2012-06-15,,,,,,,,,,,
2012-06-16,,,,,,,,,,,
2012-06-17,,,,,,,,,,,
2012-06-18,,,,,,,,,,,
2012-06-19,,,,,,,,,,,
2012-06-20,,,,,,,,,,,
2012-06-21,,,,,,,,,,,
2012-06-22,,,,,,,,,,,
2012-06-23,,,,,,,,,,,
2012-06-24,,,,,,,,,,,
2012-06-25,,,,,,,,,,,
2012-06-26,,,,,,,,,,,
2012-06-27,,,,,,,,,,,
2012-06-28,,,,,,,,,,,
2012-06-29,,,,,,,,,,,
2012-06-30,,,,,,,,,,,
2012-07-01,,,,,,,,,,,
2012-07-02,,,,,,,,,,,
2012-07-03,,,,,,,,,,,
2012-07-04,,,,,,,,,,,
2012-07-05,,,,,,,,,,,
2012-07-06,,,,,,,,,,,
2012-07-07,,,,,,,,,,,
2012-07-08,,,,,,,,,,,
2012-07-09,,,,,,,,,,,
2012-07-10,,,,,,,15.95833333,,,,
2012-07-11,,,,,,,28.95833333,,,,
2012-07-12,,,,35.7377049,,,32.95833333,,,,
2012-07-13,,,,,,,,,,,
2012-07-14,,,,,,,,,,,
2012-07-15,,,,,,,,,,,
2012-07-16,,,,,,,,,,,
2012-07-17,,,,,,,,,,,
2012-07-18,,,,,,,,,,,
2012-07-19,,,,,,,,,,,
2012-07-20,,,,,,,,,,,
2012-07-21,,,,,,,,,,,
2012-07-22,,,,,,,,,,,
2012-07-23,,,,,,,,,,,
2012-07-24,,,,,,,,,,,
2012-07-25,,,,,,,,,,,
2012-07-26,,,,,,,,,,,
2012-07-27,,,,,,,,,,,
2012-07-28,,,,,,,,,,,
2012-07-29,,,,,,,,,,,
2012-07-30,,,,,,,,,,,
2012-07-31,,,,,,,,,,,
2012-08-01,,,,,,,,,,,
2012-08-02,,,,,,,,,,,
2012-08-03,,,,,,,,,,,
2012-08-04,,,,,,,,,,,
2012-08-05,,,,,,,,,,,
2012-08-06,,,,,,,,,,,
2012-08-07,,,,,,,,,,,
2012-08-08,,,,,,,,,,,
2012-08-09,,,,,,,,,,,
2012-08-10,,,,,,,27.69565217,,,,
2012-08-11,,,,,,,23.125,,,,
2012-08-12,,,,27.04918032,,,26.625,,,,
2012-08-13,,,,,,,,,,,
2012-08-14,,,,,,,,,,,
2012-08-15,,,,,,,,,,,
2012-08-16,,,,,,,,,,,
2012-08-17,,,,,,,,,,,
2012-08-18,,,,,,,,,,,
2012-08-19,,,,,,,,,,,
2012-08-20,,,,,,,,,,,
2012-08-21,,,,,,,,,,,
2012-08-22,,,,,,,,,,,
2012-08-23,,,,,,,,,,,
2012-08-24,,,,,,,,,,,
2012-08-25,,,,,,,,,,,
2012-08-26,,,,,,,,,,,
2012-08-27,,,,,,,,,,,
2012-08-28,,,,,,,,,,,
2012-08-29,,,,,,,,,,,
2012-08-30,,,,,,,,,,,
2012-08-31,,,,,,,,,,,
2012-09-01,,,,,,,,,,,
2012-09-02,,,,,,,,,,,
2012-09-03,,,,,,,,,,,
2012-09-04,,,,,,,,,,,
2012-09-05,,,,,,,,,,,
2012-09-06,,,,,,,,,,,
2012-09-07,,,,,,,,,,,
2012-09-08,,,,,,,,,,,
2012-09-09,,,,,,,,,,,
2012-09-10,,,,,,,29.25,,,,
2012-09-11,,,,,,,29.09090909,,,,
2012-09-12,,,,29.34426228,,,26.08333333,,,,
2012-09-13,,,,,,,,,,,
2012-09-14,,,,,,,,,,,
2012-09-15,,,,,,,,,,,
2012-09-16,,,,,,,,,,,
2012-09-17,,,,,,,,,,,
2012-09-18,,,,,,,,,,,
2012-09-19,,,,,,,,,,,
2012-09-20,,,,,,,,,,,
2012-09-21,,,,,,,,,,,
2012-09-22,,,,,,,,,,,
2012-09-23,,,,,,,,,,,
2012-09-24,,,,,,,,,,,
2012-09-25,,,,,,,,,,,
2012-09-26,,,,,,,,,,,
2012-09-27,,,,,,,,,,,
2012-09-28,,,,,,,,,,,
2012-09-29,,,,,,,,,,,
2012-09-30,,,,,,,,,,,
2012-10-01,,,,,,,,,,,
2012-10-02,,,,,,,,,,,
2012-10-03,,,,,,,,,,,
2012-10-04,,,,,,,,,,,
2012-10-05,,,,,,,,,,,
2012-10-06,,,,,,,,,,,
2012-10-07,,,,,,,,,,,
2012-10-08,,,,,,,,,,,
2012-10-09,,,,,,,,,,,
2012-10-10,,,,,,,24.79166667,,,,
2012-10-11,,,,,,,31.5,,,,
2012-10-12,,,,24.83606556,,,23.04166667,,,,
2012-10-13,,,,,,,,,,,
2012-10-14,,,,,,,,,,,
2012-10-15,,,,,,,,,,,
2012-10-16,,,,,,,,,,,
2012-10-17,,,,,,,,,,,
2012-10-18,,,,,,,,,,,
2012-10-19,,,,,,,,,,,
2012-10-20,,,,,,,,,,,
2012-10-21,,,,,,,,,,,
2012-10-22,,,,,,,,,,,
2012-10-23,,,,,,,,,,,
2012-10-24,,,,,,,,,,,
2012-10-25,,,,,,,,201.58333333,,20.15,
2012-10-26,,,,,,,,98.55,,18.575,
2012-10-27,,,,,,,,210.17083333,,19.625,
2012-10-28,,,,,,,,207.55833333,,19.275,
2012-10-29,,,,,,,,161.01666667,,18.4,
2012-10-30,,,,,,,,130.16666667,,17.20833333,
2012-10-31,,,,,,,,152.09583333,,17.43333333,
2012-11-01,,,82.65416667,,,,,151.3,,17.25416667,
2012-11-02,,,93.46666667,,,,,0.0,,15.23333333,
2012-11-03,,,,,,,,,,,
2012-11-04,,,,,,,,,,,
2012-11-05,,,,,,,,,,,
2012-11-06,,,,,,,,,,,
2012-11-07,,,,,,,,,,,
2012-11-08,,,,,,,,,,,
2012-11-09,,,,,,,,,,,
2012-11-10,,,,,,,22.58333333,,,,
2012-11-11,,,,,,,26.25,,,,
2012-11-12,,,,26.3114754,,,38.1,,,,
2012-11-13,,,,,,,,,,,
2012-11-14,,,,,,,,,,,
2012-11-15,,,80.21538462,,,,,128.06153846,,18.04615385,
2012-11-16,,,78.59583333,,,,,192.27916667,,18.6625,
2012-11-17,,,84.2875,,,,,134.62916667,,17.75,
2012-11-18,,,88.29166667,,,,,109.94583333,,16.52916667,
2012-11-19,,,77.89166667,,,,,180.8125,,18.48333333,
2012-11-20,,,78.62083333,,,,,141.275,,19.425,
2012-11-21,,,83.475,,,,,96.72083333,,18.00833333,
2012-11-22,,,83.26666667,,,,,128.84583333,,17.99166667,
2012-11-23,,,82.90416667,,,,,131.6125,,18.38333333,
2012-11-24,,,78.63333333,,,,,211.1,,19.14583333,
2012-11-25,,,75.77083333,,,,,204.66666667,,19.24166667,
2012-11-26,,,76.60833333,,,,,173.23333333,,19.0,
2012-11-27,,,74.73333333,,,,,196.82083333,,19.69583333,
2012-11-28,,,79.18333333,,,,,110.90416667,,19.1375,
2012-11-29,,,80.24166667,,,,,152.80833333,,18.5125,
2012-11-30,,,84.83333333,,,,,118.59583333,,17.14583333,
2012-12-01,,,83.91666667,,,,,149.05,,17.14166667,
2012-12-02,,,83.52916667,,,,,133.15833333,,17.275,
2012-12-03,,,82.20416667,,,,,151.97916667,,17.44583333,
2012-12-04,,,75.9625,,,,,202.3625,,18.90833333,
2012-12-05,,,90.53333333,,,,,0.0,,16.66666667,
2012-12-06,,,,,,,,,,,
2012-12-07,,,71.425,,,,,193.10833333,,20.64166667,
2012-12-08,,,73.27083333,,,,,189.775,,19.62083333,
2012-12-09,,,72.13333333,,,,18.6,159.95416667,,19.43333333,
2012-12-10,,,68.47083333,,,,26.45833333,181.37083333,,20.25,
2012-12-11,,,76.7625,,,,28.45833333,146.79166667,,18.59166667,
2012-12-12,,,80.2375,26.47540983,,,,148.67083333,,17.97916667,
2012-12-13,,,80.2125,,,,,163.43333333,,17.9625,
2012-12-14,,,82.7,,,,,163.4875,,16.98333333,
2012-12-15,,,80.02916667,,,,,171.3,,17.97916667,
2012-12-16,,,91.55714286,,,,,2.62857143,,15.28571429,
2012-12-17,,,,,,,,,,,
2012-12-18,,,81.64166667,,,,,103.56666667,,17.66666667,
2012-12-19,,,81.675,,,,,142.54583333,,17.77083333,
2012-12-20,,,80.72083333,,,,,146.40833333,,18.29583333,
2012-12-21,,,82.07083333,,,,,125.8125,,17.67916667,
2012-12-22,,,77.76666667,,,,,185.275,,19.15833333,
2012-12-23,,,78.4375,,,,,132.65833333,,18.86666667,
2012-12-24,,,78.95416667,,,,,104.49166667,,17.59583333,
2012-12-25,,,78.375,,,,,131.24166667,,18.3125,
2012-12-26,,,77.59583333,,,,,116.3625,,19.0875,
2012-12-27,,,72.71666667,,,,,161.1875,,19.99583333,
2012-12-28,,,67.04583333,,,,,193.61666667,,19.21666667,
2012-12-29,,,87.0125,,,,,25.5125,,15.5625,
2012-12-30,,,,,,,,,,,
2012-12-31,,,,,,,,,,,
2013-01-01,,,,,,,20.08333333,,,,
2013-01-02,,,,34.91803277,,,36.79166667,,,,
2013-01-03,,,,25.15949453,,,27.5,,,,
2013-01-04,228.87895825,73.70147875,,35.14011789,,,,,20.31255028,,3.33682112
2013-01-05,183.52771625,82.85630208,,17.66631292,,,,,17.94289958,,2.30739395
2013-01-06,210.00779879,78.8388075,,22.18224958,,,,,18.11760333,,2.600904
2013-01-07,223.90211208,83.19867583,,18.50616017,,,,,17.20420833,,2.79829296
2013-01-08,236.80082542,77.89165333,,18.957951,,,,,18.52400542,,2.5261141
2013-01-09,266.48675196,75.3351275,,23.14667367,,,,,19.03068875,,3.21606376
2013-01-10,259.84482184,80.57423235,,13.36336211,,,,,17.04725688,,3.30477945
2013-01-11,173.050908,75.813462,,16.83500036,,,,,17.2459168,,3.51801171
2013-01-12,159.4256,90.13361,,3.810694,,,,,15.76486,,2.004798
2013-01-13,,,,,,,,,,,
2013-01-14,,,,,,,,,,,
2013-01-15,,,,,,,,,,,
2013-01-16,,,,,,,,,,,
2013-01-17,,,,,,,,,,,
2013-01-18,,,,,,,,,,,
2013-01-19,,,,,,,,,,,
2013-01-20,,,,,,,,,,,
2013-01-21,,,69.46153846,,,,,154.30769231,,20.97692308,
2013-01-22,,,80.62916667,,,,,120.1875,,18.93333333,
2013-01-23,,,79.2375,,,,,101.72916667,,19.12916667,
2013-01-24,,,75.25833333,,,,,147.15,,19.5,
2013-01-25,,,75.61304348,,,,,85.99565217,,18.94782609,
2013-01-26,,,71.77619048,,,,,155.2047619,,19.13333333,
2013-01-27,,,68.53333333,,,,,179.85833333,,20.54166667,
2013-01-28,,,65.6875,,,,,187.1125,,21.09583333,
2013-01-29,,,69.52916667,,,,,171.1375,,20.47916667,
2013-01-30,,,69.89166667,,,,,160.75,,20.5,
2013-01-31,,,72.075,,,,,140.52916667,,20.05416667,
2013-02-01,,,77.2,,,,18.58333333,98.775,,18.19166667,
2013-02-02,,,87.925,27.95081966,,,32.20833333,62.01,,16.725,
2013-02-03,,,80.85833333,32.33025955,,,22.29166667,208.725,,17.86666667,
2013-02-04,173.90812631,77.21446749,78.71304348,30.9975598,,,,141.20434783,18.85302721,18.16521739,2.90666546
2013-02-05,192.1722,80.79159167,83.2,18.20161504,,,,109.33333333,17.91318375,17.6875,3.20682254
2013-02-06,188.34529304,75.41839625,80.80416667,20.16738471,,,,109.65,19.22767417,18.2875,2.36132623
2013-02-07,169.08266792,77.01745125,77.20833333,17.303352,,,,181.0875,17.71722333,18.97083333,2.54416577
2013-02-08,296.46117261,72.60941042,85.59583333,22.41973317,,,,115.76666667,19.08440417,17.43333333,4.20413438
2013-02-09,192.69291188,76.971175,78.21666667,24.81807596,,,,189.25,18.92141792,18.5625,2.87022175
2013-02-10,184.42455,76.91780083,83.58333333,14.99704679,,,,115.92916667,17.70752667,17.06666667,3.18046362
2013-02-11,172.92770833,70.66373292,80.62666667,17.54810167,,,,209.54,17.51399292,17.8,3.55119013
2013-02-12,,,81.675,,,,,30.0,,16.875,
2013-02-13,,,75.77916667,,,,,198.37083333,,17.7625,
2013-02-14,,,80.3875,,,,,95.625,,17.35416667,
2013-02-15,,,73.23333333,,,,,140.05,,18.48333333,
2013-02-16,,,74.49166667,,,,,149.70833333,,18.98333333,
2013-02-17,,,86.075,,,,,62.075,,16.74166667,
2013-02-18,,,72.87916667,,,,,182.74166667,,18.85,
2013-02-19,,,69.2125,,,,,198.45416667,,20.04583333,
2013-02-20,,,66.15416667,,,,,165.69166667,,19.95833333,
2013-02-21,,,76.31666667,,,,,121.06666667,,18.675,
2013-02-22,,,71.0875,,,,,190.5875,,20.1375,
2013-02-23,,,74.17916667,,,,,183.5375,,20.59166667,
2013-02-24,,,81.53333333,,,,,119.77083333,,18.6625,
2013-02-25,,,75.04782609,,,,,160.09565217,,19.3173913,
2013-02-26,,,79.60416667,,,,,138.92916667,,18.625,
2013-02-27,,,70.32916667,,,,,193.41666667,,20.55,
2013-02-28,,,75.01666667,,,,,120.61666667,,19.94166667,
2013-03-01,,,,,,,21.0,,,,
2013-03-02,,,,30.65573769,,,27.25,,,,
2013-03-03,,,,31.58845628,,,22.625,,,,
2013-03-04,211.17418385,74.36067116,,32.42055103,,,,,19.82126511,,2.54205375
2013-03-05,190.18651375,79.8005025,,17.0168885,,,,,18.29330833,,3.03105312
2013-03-06,217.57152763,75.43192167,,18.79549671,,,,,18.98514333,,3.13800875
2013-03-07,160.43649004,81.88793375,,12.49678629,,,,,17.12829917,,1.91462768
2013-03-08,255.0948515,70.66390667,,20.85984346,,,,,19.52497667,,3.8347728
2013-03-09,209.09525113,82.04490125,,17.51324333,,,,,17.28454792,,2.82316841
2013-03-10,189.81955996,81.73265208,,15.07168921,,,,,17.81362833,,3.16013383
2013-03-11,192.07412917,76.84882042,,14.09277842,,,,,17.36416708,,3.1926945
2013-03-12,,,,,,,,,,,
2013-03-13,,,,,,,,,,,
2013-03-14,,,,,,,,,,,
2013-03-15,,,,,,,,,,,
2013-03-16,,,,,,,,,,,
2013-03-17,,,,,,,,,,,
2013-03-18,,,,,,,,,,,
2013-03-19,,,,,,,,,,,
2013-03-20,,,,,,,,,,,
2013-03-21,,,,,,,,,,,
2013-03-22,,,,,,,,,,,
2013-03-23,,,,,,,,,,,
2013-03-24,,,,,,,,,,,
2013-03-25,,,,,,,,,,,
2013-03-26,,,,,,,,,,,
2013-03-27,,,,,,,,,,,
2013-03-28,,,,,,,,,,,
2013-03-29,,,,,,,,,,,
2013-03-30,,,,,,,,,,,
2013-03-31,,,,,,,,,,,
2013-04-01,,,,,,,23.375,181.23935258,,,
2013-04-02,,,,33.18602992,,,33.45833333,134.53453744,,,
2013-04-03,,,,32.57752731,,,29.125,183.58430059,,,
2013-04-04,202.71840446,72.34076573,,26.9540514,,,,186.54559773,19.95031772,,2.65354629
2013-04-05,210.37150042,77.71064875,,18.40644329,,,,190.00914541,18.67576417,,3.13061896
2013-04-06,199.19053738,65.54615208,,18.22678288,,,,121.44303995,19.48068917,,2.31378463
2013-04-07,175.43393867,81.50974458,,17.03267863,,,,177.43587911,16.65230958,,2.4156205
2013-04-08,220.10259767,62.50255292,,20.16566054,,,,164.27245343,19.87615875,,2.72755076
2013-04-09,222.65166967,80.08604042,,18.12751663,,,,229.8173423,17.02510792,,2.34507522
2013-04-10,227.43082508,81.8817425,,18.45854008,,,,127.03344829,17.38795708,,2.97349427
2013-04-11,254.28507296,84.88240667,,13.79997013,,,,213.07788417,17.042755,,2.92083311
2013-04-12,,,,,,,,162.08205417,,,
2013-04-13,,,,,,,,178.53264,,,
2013-04-14,,,,,,,,140.975805,,,
2013-04-15,,,,,,,,129.71955667,,,
2013-04-16,,,,,,,,202.72124958,,,
2013-04-17,,,,,,,,138.49559792,,,
2013-04-18,,,,,,,,172.78622958,,,
2013-04-19,,,,,,,,92.0559,,,
2013-04-20,,,,,,,,192.26862875,,,
2013-04-21,,,,,,,,138.18275542,,,
2013-04-22,,,,,,,,230.38489087,,,
2013-04-23,,,,,,,,198.46366625,,,
2013-04-24,,,,,,,,185.47292125,,,
2013-04-25,,,,,,,,211.08912375,,,
2013-04-26,,,,,,,,209.32291125,,,
2013-04-27,,,,,,,,243.18437542,,,
2013-04-28,,,,,,,,257.59745667,,,
2013-04-29,,,,,,,,118.31921633,,,
2013-04-30,,,,,,,,189.0899275,,,
2013-05-01,,,,,,,21.08333333,117.30127417,,,
2013-05-02,,,,24.59016393,,,30.30434783,161.88147958,,,
2013-05-03,,,,41.29371584,,,29.41666667,162.08178542,,,
2013-05-04,211.20884674,73.32145633,,23.09769884,,,,318.95835958,20.21225314,,2.75213745
2013-05-05,264.31468021,81.55467583,,17.23822888,,,,163.49258917,17.52857042,,3.21650886
2013-05-06,196.81754348,73.7129675,,21.68090525,,,,204.57928375,18.03223958,,2.42441688
2013-05-07,224.4880297,82.82008042,,15.92215458,,,,126.21713333,16.82111083,,2.35688631
2013-05-08,233.63100008,63.51252292,,20.38489163,,,,194.32615667,20.82068333,,4.00819278
2013-05-09,202.37480833,81.02766708,,11.7995357,,,,164.45787167,17.4287725,,3.02775285
2013-05-10,227.5926775,74.22880833,,12.26880468,,,,162.04004708,18.94398083,,2.78329056
2013-05-11,191.84026383,84.71699708,,14.49412071,,,,190.77858333,17.35812667,,2.96934025
2013-05-12,,,,,,,,244.07522958,,,
2013-05-13,,,,,,,,198.75127792,,,
2013-05-14,,,,,,,,155.20038417,,,
2013-05-15,,,,,,,,104.58899792,,,
2013-05-16,,,,,,,,147.48356917,,,
2013-05-17,,,,,,,,133.78746667,,,
2013-05-18,,,,,,,,193.30578667,,,
2013-05-19,,,,,,,,239.9955925,,,
2013-05-20,,,,,,,,151.22083875,,,
2013-05-21,,,,,,,,163.89479417,,,
2013-05-22,,,,,,,,180.0433975,,,
2013-05-23,,,,,,,,158.2317075,,,
2013-05-24,,,,,,,,150.79213208,,,
2013-05-25,,,,,,,,263.3343825,,,
2013-05-26,,,,,,,,178.29247083,,,
2013-05-27,,,,,,,,175.56337542,,,
2013-05-28,,,,,,,,131.16813957,,,
2013-05-29,,,,,,,,153.45833833,,,
2013-05-30,,,,,,,,216.38020792,,,
2013-05-31,,,,,,,,187.60277708,,,
2013-06-01,,,,,,,21.79166667,220.0898125,,,
2013-06-02,,,,31.55737704,,,36.75,220.82870458,,,
2013-06-03,,,,31.71209016,,,27.54166667,188.63101708,,,
2013-06-04,221.07047914,74.06432458,,20.40695909,,,,196.92268333,19.57312507,,2.86708601
2013-06-05,195.05402158,76.03270167,,21.19101921,,,,206.03818917,18.14093875,,2.75339443
2013-06-06,246.50246933,71.30841542,,19.40144192,,,,203.76423583,18.59896458,,3.57414615
2013-06-07,191.68712292,75.080405,,21.70041713,,,,211.22291833,18.841505,,2.81572455
2013-06-08,218.86713158,70.44439375,,23.40830992,,,,190.17800708,19.62181625,,3.24489673
2013-06-09,177.97189917,85.1513725,,11.98835865,,,,255.43576417,17.03476375,,2.66295994
2013-06-10,182.41031788,71.37432375,,20.03300796,,,,182.91713125,18.86562,,2.3236589
2013-06-11,194.05515617,81.95526125,,16.69746767,,,,161.14238167,17.38903292,,2.46455026
2013-06-12,,,,,,,,210.35555875,,,
2013-06-13,,,,,,,,265.0906225,,,
2013-06-14,,,,,,,,124.73819458,,,
2013-06-15,,,,,,,,209.24537833,,,
2013-06-16,,,,,,,,252.92393417,,,
2013-06-17,,,,,,,,245.94201333,,,
2013-06-18,,,,,,,,222.19973458,,,
2013-06-19,,,,,,,,204.26263125,,,
2013-06-20,,,,,,,,,,,
2013-06-21,,,,,,,,,,,
2013-06-22,,,,,,,,279.74074714,,,
2013-06-23,,,,,,,,219.11376417,,,
2013-06-24,,,,,,,,166.37454958,,,
2013-06-25,,,,,,,,235.20250167,,,
2013-06-26,,,,,,,,257.7899275,,,
2013-06-27,,,,,,,,170.38773175,,,
2013-06-28,,,,,,,,129.7075387,,,
2013-06-29,,,,,,,,201.86828292,,,
2013-06-30,,,,,,,,187.91805667,,,
2013-07-01,,,,,,,16.75,146.74560208,,,
2013-07-02,,,,47.95081965,,,31.66666667,235.64843375,,,
2013-07-03,,,,32.82479507,,,36.625,147.9046275,,,
2013-07-04,286.48329821,69.8622561,,27.40742994,,,,175.28194542,20.77869237,,3.14437795
2013-07-05,230.76993292,83.02533417,,14.75715583,,,,144.40103792,17.70766625,,2.91644548
2013-07-06,236.28405992,68.917535,,20.63133696,,,,203.70902417,19.52885917,,2.977697
2013-07-07,159.59974217,78.24371375,,15.58931075,,,,194.62315167,17.52521042,,2.75830233
2013-07-08,174.74362979,82.23380417,,15.01435692,,,,273.06065042,18.13114667,,2.18166631
2013-07-09,209.64818996,83.53721583,,14.70164607,,,,188.93612375,17.35902875,,2.81223921
2013-07-10,200.24061013,70.81610667,,17.47771158,,,,135.8221025,18.77221042,,2.37332972
2013-07-11,242.73937333,81.39376708,,13.58472445,,,,165.28680333,16.8250925,,2.75061505
2013-07-12,,,,,,,,223.59270208,,,
2013-07-13,,,,,,,,233.32153083,,,
2013-07-14,,,,,,,,183.75984208,,,
2013-07-15,,,,,,,,158.78286708,,,
2013-07-16,,,,,,,,192.21799375,,,
2013-07-17,,,,,,,,154.71980167,,,
2013-07-18,,,,,,,,180.22708167,,,
2013-07-19,,,,,,,,163.64514333,,,
2013-07-20,,,,,,,,194.175,,,
2013-07-21,,,,,,,,192.3855375,,,
2013-07-22,,,,,,,,182.75630042,,,
2013-07-23,,,,,,,,229.99550708,,,
2013-07-24,,,,,,,,263.19513875,,,
2013-07-25,,,,,,,,235.68750167,,,
2013-07-26,,,,,,,,102.5526575,,,
2013-07-27,,,,,,,,196.32997333,,,
2013-07-28,,,,,,,,236.21064333,,,
2013-07-29,,,,,,,,226.65856417,,,
2013-07-30,,,,,,,,196.90045208,,,
2013-07-31,,,,,,,,223.083795,,,
2013-08-01,,,,,,,16.23809524,187.44768458,,,
2013-08-02,,,,23.85245901,,,33.625,194.3162075,,,
2013-08-03,,,,37.64651638,,,35.70833333,171.95231542,,,
2013-08-04,211.49135473,75.34174328,,26.34091942,,,,192.27675292,20.46373811,,3.56052165
2013-08-05,207.03612208,82.32579333,,14.9414205,,,,229.93368792,18.22806833,,3.02429145
2013-08-06,154.75074596,68.3836975,,16.44812042,,,,199.46738542,18.89533542,,2.78961083
2013-08-07,172.56645238,65.61366375,,20.03215417,,,,131.22510667,19.16401542,,2.9422715
2013-08-08,200.31177246,84.58104792,,13.7247295,,,,117.49178542,17.31250583,,3.03456709
2013-08-09,196.56274654,76.96923625,,14.90053419,,,,183.64224167,18.80098375,,2.70582655
2013-08-10,273.22052917,74.93663292,,20.62533783,,,,194.531365,19.01513958,,3.82540104
2013-08-11,174.36266458,79.01197292,,12.83973363,,,,195.35567333,17.61485583,,2.54240338
2013-08-12,,,,,,,,201.05344958,,,
2013-08-13,,,,,,,,123.27776875,,,
2013-08-14,,,,,,,,261.78692208,,,
2013-08-15,,,,,,,,184.20636875,,,
2013-08-16,,,,,,,,142.55867458,,,
2013-08-17,,,,,,,,166.55011458,,,
2013-08-18,,,,,,,,219.50683208,,,
2013-08-19,,,,,,,,139.82256625,,,
2013-08-20,,,,,,,,217.23526917,,,
2013-08-21,,,,,,,,169.72650708,,,
2013-08-22,,,,,,,,211.3163225,,,
2013-08-23,,,,,,,,230.43611708,,,
2013-08-24,,,,,,,,166.38181167,,,
2013-08-25,,,,,,,,196.60774875,,,
2013-08-26,,,,,,,,234.43819458,,,
2013-08-27,,,,,,,,137.55058542,,,
2013-08-28,,,,,,,,209.72958375,,,
2013-08-29,,,,,,,,136.39016154,,,
2013-08-30,,,,,,,,178.55833542,,,
2013-08-31,,,,,,,,197.86876,,,
2013-09-01,,,,,,,15.375,199.6289375,,,
2013-09-02,,,,43.68852457,,,,210.06620333,,,
2013-09-03,,,,32.45389343,,,31.79166667,217.66827958,,,
2013-09-04,171.58590255,75.1892623,,25.14989171,,,,129.23167417,19.77618375,,2.44724919
2013-09-05,168.41504292,81.83740125,,13.22118267,,,,149.62106083,17.99752917,,2.73494005
2013-09-06,260.69600792,60.4931775,,17.94828975,,,,116.40509208,20.45260917,,3.59740665
2013-09-07,300.00477442,72.87352042,,21.27710263,,,,153.63298583,18.94471375,,3.99444136
2013-09-08,192.3600005,77.37556625,,27.57353929,,,,207.89918542,17.64594333,,2.58231786
2013-09-09,233.94612417,82.59722792,,13.6017264,,,,162.27997917,17.6746525,,3.53020271
2013-09-10,229.71667157,70.6333075,,18.89122417,,,,167.04178042,19.25794708,,3.13357256
2013-09-11,166.54926692,80.33527,,15.63498763,,,,152.02596958,17.71952917,,2.66617995
2013-09-12,,,,,,,,174.6667825,,,
2013-09-13,,,,,,,,155.36195652,,,
2013-09-14,,,,,,,,137.39050458,,,
2013-09-15,,,,,,,,190.38379792,,,
2013-09-16,,,,,,,,202.10688958,,,
2013-09-17,,,,,,,,149.7240775,,,
2013-09-18,,,,,,,,164.35497,,,
2013-09-19,,,,,,,,139.29913625,,,
2013-09-20,,,,,,,,243.79491125,,,
2013-09-21,,,,,,,,242.75138917,,,
2013-09-22,,,,,,,,182.35509042,,,
2013-09-23,,,,,,,,193.91070333,,,
2013-09-24,,,,,,,,174.94606208,,,
2013-09-25,,,,,,,,202.45107542,,,
2013-09-26,,,,,,,,148.21862792,,,
2013-09-27,,,,,,,,140.11411958,,,
2013-09-28,,,,,,,,119.62561042,,,
2013-09-29,,,,,,,,113.97951375,,,
2013-09-30,,,,,,,,146.45613875,,,
2013-10-01,,,,,,,18.83333333,135.76799982,,,
2013-10-02,,,,39.34426228,,,,173.48735083,,,
2013-10-03,,,,30.5375683,,,27.875,126.98622375,,,
2013-10-04,172.24750636,82.56830091,,18.56876589,,,,154.24386417,18.36786674,,2.12338482
2013-10-05,201.08876458,84.516685,,17.60538458,,,,210.48460167,17.86068167,,2.31830481
2013-10-06,253.02070075,70.13073583,,19.96127838,,,,215.06967042,19.98169667,,3.01637871
2013-10-07,188.73691883,76.38043958,,15.15950883,,,,177.44340208,18.21322375,,3.24916961
2013-10-08,249.34554283,78.60165542,,17.4949015,,,,137.15474292,18.08671333,,3.66844613
2013-10-09,164.57809875,80.64919625,,13.82551246,,,,188.49057667,17.62203708,,2.7020641
2013-10-10,215.70773504,71.87263417,,22.05081588,,,,180.80972167,19.28711292,,4.32211681
2013-10-11,184.91469713,81.09197917,,14.26416375,,,,138.32626875,17.35526083,,2.5413187
2013-10-12,,,,,,,,134.63993167,,,
2013-10-13,,,,,,,,155.25486042,,,
2013-10-14,,,,,,,,93.75115667,,,
2013-10-15,,,,,,,,148.48565417,,,
2013-10-16,,,,,,,,117.20079417,,,
2013-10-17,,,,,,,,130.64976542,,,
2013-10-18,,,,,,,,131.6841475,,,
2013-10-19,,,,,,,,235.40370083,,,
2013-10-20,,,,,,,,169.35613208,,,
2013-10-21,,,,,,,,130.84999958,,,
2013-10-22,,,,,,,,152.06400167,,,
2013-10-23,,,,,,,,129.07363304,,,
2013-10-24,,,,,,,,170.18634583,,,
2013-10-25,,,,,,,,129.35265917,,,
2013-10-26,,,,,,,,145.26389208,,,
2013-10-27,,,,,,,,130.61571042,,,
2013-10-28,,,,,,,,180.01743792,,,
2013-10-29,,,,,,,,129.85046708,,,
2013-10-30,,,,,,,,140.03614316,,,
2013-10-31,,,,,,,,152.25382083,,,
2013-11-01,,,,,,,20.20833333,196.7428928,,,
2013-11-02,,,,37.54098359,,,28.5625,208.67696583,,,
2013-11-03,,,,28.00307376,,,28.75,142.58368333,,,
2013-11-04,211.10654,79.75094792,,23.48708671,,,,155.68599542,18.69778292,,2.40468391
2013-11-05,166.48238692,79.90712958,,17.25730063,,,,143.95648292,18.77707708,,2.335856
2013-11-06,215.36817688,80.29459375,,17.30452729,,,,175.13970167,18.20664375,,3.38705705
2013-11-07,213.47674167,71.768485,,17.87027638,,,,112.96111125,19.15167583,,2.84907413
2013-11-08,204.07947917,79.6685,,17.97140533,,,,185.37211,17.61330958,,3.48298315
2013-11-09,224.46719083,81.26963333,,1.12082215,,,,144.682405,17.69691542,,2.93310014
2013-11-10,202.88890417,82.23408583,,17.13754017,,,,118.83645583,17.76882583,,2.46818961
2013-11-11,180.70876246,79.70945625,,16.37601646,,,,175.18877875,17.70989042,,3.36138938
2013-11-12,,,,,,,,124.04954,,,
2013-11-13,,,,,,,,191.89028042,,,
2013-11-14,,,,,,,,165.81308042,,,
2013-11-15,,,,,,,,175.99606167,,,
2013-11-16,,,,,,,,148.2362275,,,
2013-11-17,,,,,,,,152.42916625,,,
2013-11-18,,,,,,,,181.25428208,,,
2013-11-19,,,,,,,,200.70382167,,,
2013-11-20,,,,,,,,131.26088458,,,
2013-11-21,,,,,,,,163.26307125,,,
2013-11-22,,,,,,,,138.882175,,,
2013-11-23,,,,,,,,137.56134083,,,
2013-11-24,,,,,,,,95.71654625,,,
2013-11-25,,,,,,,,163.32194667,,,
2013-11-26,,,,,,,,171.48236957,,,
2013-11-27,,,,,,,,206.55617625,,,
2013-11-28,,,,,,,,158.15375,,,
2013-11-29,,,,,,,,119.65960833,,,
2013-11-30,,,,,,,,86.7208864,,,
2013-12-01,,,,,,,24.4,10.0,,,
2013-12-02,,,,35.40983605,,,30.72727273,,,,
2013-12-03,,,,36.65744535,,,26.41666667,,,,
2013-12-04,215.77503125,77.39805042,,23.59173833,,,,,19.53951917,,2.37238406
2013-12-05,220.50218638,75.25351792,,18.12459346,,,,,19.71764417,,2.63935993
2013-12-06,203.97106917,79.45604208,,16.59898688,,,,,18.93773833,,3.34523948
2013-12-07,253.00873958,67.67202,,20.51209675,,,,,19.62134792,,3.38178888
2013-12-08,185.71426171,78.27831,,16.05446813,,,,,18.15151708,,2.52509514
2013-12-09,229.23615992,83.66899333,,,,,,,17.2876675,,2.87822109
2013-12-10,231.64212583,78.70383083,,15.40771008,,,,,18.64380708,,3.20073005
2013-12-11,169.01524075,81.9823325,,14.245382,,,,,17.86800375,,2.9029658
2013-12-12,,,,,,,,,,,
2013-12-13,,,,,,,,,,,
2013-12-14,,,,,,,,,,,
2013-12-15,,,,,,,,,,,
2013-12-16,,,,,,,,,,,
2013-12-17,,,,,,,,,,,
2013-12-18,,,,,,,,,,,
2013-12-19,,,,,,,,,,,
2013-12-20,,,,,,,,,,,
2013-12-21,,,,,,,,,,,
2013-12-22,,,,,,,,,,,
2013-12-23,,,,,,,,,,,
2013-12-24,,,,,,,,,,,
2013-12-25,,,,,,,,,,,
2013-12-26,,,,,,,,,,,
2013-12-27,,,,,,,,,,,
2013-12-28,,,,,,,,,,,
2013-12-29,,,,,,,,,,,
2013-12-30,,,,,,,,,,,
2013-12-31,,,,,,,,,,,
2014-01-01,,,,,,,,,,,
2014-01-02,,,,,,,,,,,
2014-01-03,,,,,,,,,,,
2014-01-04,,,,,,,,,,,
2014-01-05,,,,,,,,,,,
2014-01-06,,,,,,,,,,,
2014-01-07,,,,,,,,,,,
2014-01-08,,,,,,,,,,,
2014-01-09,,,,,,,,,,,
2014-01-10,,,,,,,,,,,
2014-01-11,,,,,,,,,,,
2014-01-12,,,,,,,,,,,
2014-01-13,,,,,,,,,,,
2014-01-14,,,,,,,,,,,
2014-01-15,,,,,,,,,,,
2014-01-16,,,,,,,,,,,
2014-01-17,,,,,,,,,,,
2014-01-18,,,,,,,,,,,
2014-01-19,,,,,,,,,,,
2014-01-20,,,,,,,,,,,
2014-01-21,,,,,,,,,,,
2014-01-22,,,,,,,,,,,
2014-01-23,,,,,,,,,,,
2014-01-24,,,,,,,,,,,
2014-01-25,,,,,,,,,,,
2014-01-26,,,,,,,,,,,
2014-01-27,,,,,,,,,,,
2014-01-28,,,,,,,,,,,
2014-01-29,,,,,,,,,,,
2014-01-30,,,,,,,,,,,
2014-01-31,,,,,,,,,,,
2014-02-01,,,,,,,,,,,
2014-02-02,,,,,,,,,,,
2014-02-03,,,,,,,,,,,
2014-02-04,,,,,,,,,,,
2014-02-05,,,,,,,,,,,
2014-02-06,,,,,,,,,,,
2014-02-07,,,,,,,,,,,
2014-02-08,,,,,,,,,,,
2014-02-09,,,,,,,,,,,
2014-02-10,,,,,,,,,,,
2014-02-11,,,,,,,,,,,
2014-02-12,,,,,,,,,,,
2014-02-13,,,,,,,,,,,
2014-02-14,,,,,,,,,,,
2014-02-15,,,,,,,,,,,
2014-02-16,,,,,,,,,,,
2014-02-17,,,,,,,,,,,
2014-02-18,,,,,,,,,,,
2014-02-19,,,,,,,,,,,
2014-02-20,,,,,,,,,,,
2014-02-21,,,,,,,,,,,
2014-02-22,,,,,,,,,,,
2014-02-23,,,,,,,,,,,
2014-02-24,,,,,,,,,,,
2014-02-25,,,,,,,,,,,
2014-02-26,,,,,,,,,,,
2014-02-27,,,,,,,,,,,
2014-02-28,,,,,,,,,,,
2014-03-01,,,,,,,,,,,
2014-03-02,,,,,,,,,,,
2014-03-03,,,,,,,,,,,
2014-03-04,,,,,,,,,,,
2014-03-05,,,,,,,,,,,
2014-03-06,,,,,,,,,,,
2014-03-07,,,,,,,,,,,
2014-03-08,,,,,,,,,,,
2014-03-09,,,,,,,,,,,
2014-03-10,,,,,,,,,,,
2014-03-11,,,,,,,,,,,
2014-03-12,,,,,,,,,,,
2014-03-13,,,,,,,,,,,
2014-03-14,,,,,,,,,,,
2014-03-15,,,,,,,,,,,
2014-03-16,,,,,,,,,,,
2014-03-17,,,,,,,,,,,
2014-03-18,,,,,,,,,,,
2014-03-19,,,,,,,,,,,
2014-03-20,,,,,,,,,,,
2014-03-21,,,,,,,,,,,
2014-03-22,,,,,,,,,,,
2014-03-23,,,,,,,,,,,
2014-03-24,,,,,,,,,,,
2014-03-25,,,,,,,,,,,
2014-03-26,,,,,,,,,,,
2014-03-27,,,,,,,,,,,
2014-03-28,,,,,,,,,,,
2014-03-29,,,,,,,,,,,
2014-03-30,,,,,,,,,,,
2014-03-31,,,,,,,,,,,
2014-04-01,,,,,,,,,,,
2014-04-02,,,,,,,,,,,
2014-04-03,,,,,,,,,,,
2014-04-04,,,,,,,,,,,
2014-04-05,,,,,,,,,,,
2014-04-06,,,,,,,,,,,
2014-04-07,,,,,,,,,,,
2014-04-08,,,,,,,,,,,
2014-04-09,,,,,,,,,,,
2014-04-10,,,,,,,,,,,
2014-04-11,,,,,,,,,,,
2014-04-12,,,,,,,,,,,
2014-04-13,,,,,,,,,,,
2014-04-14,,,,,,,,,,,
2014-04-15,,,,,,,,,,,
2014-04-16,,,,,,,,,,,
2014-04-17,,,,,,,,,,,
2014-04-18,,,,,,,,,,,
2014-04-19,,,,,,,,,,,
2014-04-20,,,,,,,,,,,
2014-04-21,,,,,,,,,,,
2014-04-22,,,,,,,,,,,
2014-04-23,,,,,,,,,,,
2014-04-24,,,,,,,,,,,
2014-04-25,,,,,,,,,,,
2014-04-26,,,,,,,,,,,
2014-04-27,,,,,,,,,,,
2014-04-28,,,,,,,,,,,
2014-04-29,,,,,,,,,,,
2014-04-30,,,,,,,,,,,
2014-05-01,,,,,,,,,,,
2014-05-02,,,,,,,,,,,
2014-05-03,,,,,,,,,,,
2014-05-04,,,,,,,,,,,
2014-05-05,,,,,,,,,,,
2014-05-06,,,,,,,,,,,
2014-05-07,,,,,,,,,,,
2014-05-08,,,,,,,,,,,
2014-05-09,,,,,,,,,,,
2014-05-10,,,,,,,,,,,
2014-05-11,,,,,,,,,,,
2014-05-12,,,,,,,,,,,
2014-05-13,,,,,,,,,,,
2014-05-14,,,,,,,,,,,
2014-05-15,,,,,,,,,,,
2014-05-16,,,,,,,,,,,
2014-05-17,,,,,,,,,,,
2014-05-18,,,,,,,,,,,
2014-05-19,,,,,,,,,,,
2014-05-20,,,,,,,,,,,
2014-05-21,,,,,,,,,,,
2014-05-22,,,,,,,,,,,
2014-05-23,,,,,,,,,,,
2014-05-24,,,,,,,,,,,
2014-05-25,,,,,,,,,,,
2014-05-26,,,,,,,,,,,
2014-05-27,,,,,,,,,,,
2014-05-28,,,,,,,,,,,
2014-05-29,,,,,,,,,,,
2014-05-30,,,,,,,,,,,
2014-05-31,,,,,,,,,,,
2014-06-01,,,,,,,,,,,
2014-06-02,,,,,,,,,,,
2014-06-03,,,,,,,,,,,
2014-06-04,,,,,,,,,,,
2014-06-05,,,,,,,,,,,
2014-06-06,,,,,,,,,,,
2014-06-07,,,,,,,,,,,
2014-06-08,,,,,,,,,,,
2014-06-09,,,,,,,,,,,
2014-06-10,,,,,,,,,,,
2014-06-11,,,,,,,,,,,
2014-06-12,,,,,,,,,,,
2014-06-13,,,,,,,,,,,
2014-06-14,,,,,,,,,,,
2014-06-15,,,,,,,,,,,
2014-06-16,,,,,,,,,,,
2014-06-17,,,,,,,,,,,
2014-06-18,,,,,,,,,,,
2014-06-19,,,,,,,,,,,
2014-06-20,,,,,,,,,,,
2014-06-21,,,,,,,,,,,
2014-06-22,,,,,,,,,,,
2014-06-23,,,,,,,,,,,
2014-06-24,,,,,,,,,,,
2014-06-25,,,,,,,,,,,
2014-06-26,,,,,,,,,,,
2014-06-27,,,,,,,,,,,
2014-06-28,,,,,,,,,,,
2014-06-29,,,,,,,,,,,
2014-06-30,,,,,,,,,,,
2014-07-01,,,,,,,,,,,
2014-07-02,,,,,,,,,,,
2014-07-03,,,,,,,,,,,
2014-07-04,,,,,,,,,,,
2014-07-05,,,,,,,,,,,
2014-07-06,,,,,,,,,,,
2014-07-07,,,,,,,,,,,
2014-07-08,,,,,,,,,,,
2014-07-09,,,,,,,,,,,
2014-07-10,,,,,,,,,,,
2014-07-11,,,,,,,,,,,
2014-07-12,,,,,,,,,,,
2014-07-13,,,,,,,,,,,
2014-07-14,,,,,,,,,,,
2014-07-15,,,,,,,,,,,
2014-07-16,,,,,,,,,,,
2014-07-17,,,,,,,,,,,
2014-07-18,,,,,,,,,,,
2014-07-19,,,,,,,,,,,
2014-07-20,,,,,,,,,,,
2014-07-21,,,,,,,,,,,
2014-07-22,,,,,,,,,,,
2014-07-23,,,,,,,,,,,
2014-07-24,,,,,,,,,,,
2014-07-25,,,,,,,,,,,
2014-07-26,,,,,,,,,,,
2014-07-27,,,,,,,,,,,
2014-07-28,,,,,,,,,,,
2014-07-29,,,,,,,,,,,
2014-07-30,,,,,,,,,,,
2014-07-31,,,,,,,,,,,
2014-08-01,,,,,,,,,,,
2014-08-02,,,,,,,,,,,
2014-08-03,,,,,,,,,,,
2014-08-04,,,,,,,,,,,
2014-08-05,,,,,,,,,,,
2014-08-06,,,,,,,,,,,
2014-08-07,,,,,,,,,,,
2014-08-08,,,,,,,,,,,
2014-08-09,,,,,,,,,,,
2014-08-10,,,,,,,,,,,
2014-08-11,,,,,,,,,,,
2014-08-12,,,,,,,,,,,
2014-08-13,,,,,,,,,,,
2014-08-14,,,,,,,,,,,
2014-08-15,,,,,,,,,,,
2014-08-16,,,,,,,,,,,
2014-08-17,,,,,,,,,,,
2014-08-18,,,,,,,,,,,
2014-08-19,,,,,,,,,,,
2014-08-20,,,,,,,,,,,
2014-08-21,,,,,,,,,,,
2014-08-22,,,,,,,,,,,
2014-08-23,,,,,,,,,,,
2014-08-24,,,,,,,,,,,
2014-08-25,,,,,,,,,,,
2014-08-26,,,,,,,,,,,
2014-08-27,,,,,,,,,,,
2014-08-28,,,,,,,,,,,
2014-08-29,,,,,,,,,,,
2014-08-30,,,,,,,,,,,
2014-08-31,,,,,,,,,,,
2014-09-01,,,,,,,,,,,
2014-09-02,,,,,,,,,,,
2014-09-03,,,,,,,,,,,
2014-09-04,,,,,,,,,,,
2014-09-05,,,,,,,,,,,
2014-09-06,,,,,,,,,,,
2014-09-07,,,,,,,,,,,
2014-09-08,,,,,,,,,,,
2014-09-09,,,,,,,,,,,
2014-09-10,,,,,,,,,,,
2014-09-11,,,,,,,,,,,
2014-09-12,,,,,,,,,,,
2014-09-13,,,,,,,,,,,
2014-09-14,,,,,,,,,,,
2014-09-15,,,,,,,,,,,
2014-09-16,,,,,,,,,,,
2014-09-17,,,,,,,,,,,
2014-09-18,,,,,,,,,,,
2014-09-19,,,,,,,,,,,
2014-09-20,,,,,,,,,,,
2014-09-21,,,,,,,,,,,
2014-09-22,,,,,,,,,,,
2014-09-23,,,,,,,,,,,
2014-09-24,,,,,,,,,,,
2014-09-25,,,,,,,,,,,
2014-09-26,,,,,,,,,,,
2014-09-27,,,,,,,,,,,
2014-09-28,,,,,,,,,,,
2014-09-29,,,,,,,,,,,
2014-09-30,,,,,,,,,,,
2014-10-01,,,,,,,,,,,
2014-10-02,,,,,,,,,,,
2014-10-03,,,,,,,,,,,
2014-10-04,,,,,,,,,,,
2014-10-05,,,,,,,,,,,
2014-10-06,,,,,,,,,,,
2014-10-07,,,,,,,,,,,
2014-10-08,,,,,,,,,,,
2014-10-09,,,,,,,,,,,
2014-10-10,,,,,,,,,,,
2014-10-11,,,,,,,,,,,
2014-10-12,,,,,,,,,,,
2014-10-13,,,,,,,,,,,
2014-10-14,,,,,,,,,,,
2014-10-15,,,,,,,,,,,
2014-10-16,,,,,,,,,,,
2014-10-17,,,,,,,,,,,
2014-10-18,,,,,,,,,,,
2014-10-19,,,,,,,,,,,
2014-10-20,,,,,,,,,,,
2014-10-21,,,,,,,,,,,
2014-10-22,,,,,,,,,,,
2014-10-23,,,,,,,,,,,
2014-10-24,,,,,,,,,,,
2014-10-25,,,,,,,,,,,
2014-10-26,,,,,,,,,,,
2014-10-27,,,,,,,,,,,
2014-10-28,,,,,,,,,,,
2014-10-29,,,,,,,,,,,
2014-10-30,,,,,,,,,,,
2014-10-31,,,,,,,,,,,
2014-11-01,,,,,,,,,,,
2014-11-02,,,,,,,,,,,
2014-11-03,,,,,,,,,,,
2014-11-04,,,,,,,,,,,
2014-11-05,,,,,,,,,,,
2014-11-06,,,,,,,,,,,
2014-11-07,,,,,,,,,,,
2014-11-08,,,,,,,,,,,
2014-11-09,,,,,,,,,,,
2014-11-10,,,,,,,,,,,
2014-11-11,,,,,,,,,,,
2014-11-12,,,,,,,,,,,
2014-11-13,,,,,,,,,,,
2014-11-14,,,,,,,,,,,
2014-11-15,,,,,,,,,,,
2014-11-16,,,,,,,,,,,
2014-11-17,,,,,,,,,,,
2014-11-18,,,,,,,,,,,
2014-11-19,,,,,,,,,,,
2014-11-20,,,,,,,,,,,
2014-11-21,,,,,,,,,,,
2014-11-22,,,,,,,,,,,
2014-11-23,,,,,,,,,,,
2014-11-24,,,,,,,,,,,
2014-11-25,,,,,,,,,,,
2014-11-26,,,,,,,,,,,
2014-11-27,,,,,,,,,,,
2014-11-28,,,,,,,,,,,
2014-11-29,,,,,,,,,,,
2014-11-30,,,,,,,,,,,
2014-12-01,,,,,,,,,,,
2014-12-02,,,,,,,,,,,
2014-12-03,,,,,,,,,,,
2014-12-04,,,,,,,,,,,
2014-12-05,,,,,,,,,,,
2014-12-06,,,,,,,,,,,
2014-12-07,,,,,,,,,,,
2014-12-08,,,,,,,,,,,
2014-12-09,,,,,,,,,,,
2014-12-10,,,,,,,,,,,
2014-12-11,,,,,,,,,,,
2014-12-12,,,,,,,,,,,
2014-12-13,,,,,,,,,,,
2014-12-14,,,,,,,,,,,
2014-12-15,,,,,,,,,,,
2014-12-16,,,,,,,,,,,
2014-12-17,,,,,,,,,,,
2014-12-18,,,,,,,,,,,
2014-12-19,,,,,,,,,,,
2014-12-20,,,,,,,,,,,
2014-12-21,,,,,,,,,,,
2014-12-22,,,,,,,,,,,
2014-12-23,,,,,,,,,,,
2014-12-24,,,,,,,,,,,
2014-12-25,,,,,,,,,,,
2014-12-26,,,,,,,,,,,
2014-12-27,,,,,,,,,,,
2014-12-28,,,,,,,,,,,
2014-12-29,,,,,,,,,,,
2014-12-30,,,,,,,,,,,
2014-12-31,,,,,,,,,,,
2015-01-01,,,,,,,,,,,
2015-01-02,,,,,,,,,,,
2015-01-03,,,,,,,,,,,
2015-01-04,,,,,,,,,,,
2015-01-05,,,,,,,,,,,
2015-01-06,,,,,,,,,,,
2015-01-07,,,,,,,,,,,
2015-01-08,,,,,,,,,,,
2015-01-09,,,,,,,,,,,
2015-01-10,,,,,,,,,,,
2015-01-11,,,,,,,,,,,
2015-01-12,,,,,,,,,,,
2015-01-13,,,,,,,,,,,
2015-01-14,,,,,,,,,,,
2015-01-15,,,,,,,,,,,
2015-01-16,,,,,,,,,,,
2015-01-17,,,,,,,,,,,
2015-01-18,,,,,,,,,,,
2015-01-19,,,,,,,,,,,
2015-01-20,,,,,,,,,,,
2015-01-21,,,,,,,,,,,
2015-01-22,,,,,,,,,,,
2015-01-23,,,,,,,,,,,
2015-01-24,,,,,,,,,,,
2015-01-25,,,,,,,,,,,
2015-01-26,,,,,,,,,,,
2015-01-27,,,,,,,,,,,
2015-01-28,,,,,,,,,,,
2015-01-29,,,,,,,,,,,
2015-01-30,,,,,,,,,,,
2015-01-31,,,,,,,,,,,
2015-02-01,,,,,,,,,,,
2015-02-02,,,,,,,,,,,
2015-02-03,,,,,,,,,,,
2015-02-04,,,,,,,,,,,
2015-02-05,,,,,,,,,,,
2015-02-06,,,,,,,,,,,
2015-02-07,,,,,,,,,,,
2015-02-08,,,,,,,,,,,
2015-02-09,,,,,,,,,,,
2015-02-10,,,,,,,,,,,
2015-02-11,,,,,,,,,,,
2015-02-12,,,,,,,,,,,
2015-02-13,,,,,,,,,,,
2015-02-14,,,,,,,,,,,
2015-02-15,,,,,,,,,,,
2015-02-16,,,,,,,,,,,
2015-02-17,,,,,,,,,,,
2015-02-18,,,,,,,,,,,
2015-02-19,,,,,,,,,,,
2015-02-20,,,,,,,,,,,
2015-02-21,,,,,,,,,,,
2015-02-22,,,,,,,,,,,
2015-02-23,,,,,,,,,,,
2015-02-24,,,,,,,,,,,
2015-02-25,,,,,,,,,,,
2015-02-26,,,,,,,,,,,
2015-02-27,,,,,,,,,,,
2015-02-28,,,,,,,,,,,
2015-03-01,,,,,,,,,,,
2015-03-02,,,,,,,,,,,
2015-03-03,,,,,,,,,,,
2015-03-04,,,,,,,,,,,
2015-03-05,,,,,,,,,,,
2015-03-06,,,,,,,,,,,
2015-03-07,,,,,,,,,,,
2015-03-08,,,,,,,,,,,
2015-03-09,,,,,,,,,,,
2015-03-10,,,,,,,,,,,
2015-03-11,,,,,,,,,,,
2015-03-12,,,,,,,,,,,
2015-03-13,,,,,,,,,,,
2015-03-14,,,,,,,,,,,
2015-03-15,,,,,,,,,,,
2015-03-16,,,,,,,,,,,
2015-03-17,,,,,,,,,,,
2015-03-18,,,,,,,,,,,
2015-03-19,,,,,,,,,,,
2015-03-20,,,,,,,,,,,
2015-03-21,,,,,,,,,,,
2015-03-22,,,,,,,,,,,
2015-03-23,,,,,,,,,,,
2015-03-24,,,,,,,,,,,
2015-03-25,,,,,,,,,,,
2015-03-26,,,,,,,,,,,
2015-03-27,,,,,,,,,,,
2015-03-28,,,,,,,,,,,
2015-03-29,,,,,,,,,,,
2015-03-30,,,,,,,,,,,
2015-03-31,,,,,,,,,,,
2015-04-01,,,,,,,,,,,
2015-04-02,,,,,,,,,,,
2015-04-03,,,,,,,,,,,
2015-04-04,,,,,,,,,,,
2015-04-05,,,,,,,,,,,
2015-04-06,,,,,,,,,,,
2015-04-07,,,,,,,,,,,
2015-04-08,,,,,,,,,,,
2015-04-09,,,,,,,,,,,
2015-04-10,,,,,,,,,,,
2015-04-11,,,,,,,,,,,
2015-04-12,,,,,,,,,,,
2015-04-13,,,,,,,,,,,
2015-04-14,,,,,,,,,,,
2015-04-15,,,,,,,,,,,
2015-04-16,,,,,,,,,,,
2015-04-17,,,,,,,,,,,
2015-04-18,,,,,,,,,,,
2015-04-19,,,,,,,,,,,
2015-04-20,,,,,,,,,,,
2015-04-21,,,,,,,,,,,
2015-04-22,,,,,,,,,,,
2015-04-23,,,,,,,,,,,
2015-04-24,,,,,,,,,,,
2015-04-25,,,,,,,,,,,
2015-04-26,,,,,,,,,,,
2015-04-27,,,,,,,,,,,
2015-04-28,,,,,,,,,,,
2015-04-29,,,,,,,,,,,
2015-04-30,,,,,,,,,,,
2015-05-01,,,,,,,,,,,
2015-05-02,,,,,,,,,,,
2015-05-03,,,,,,,,,,,
2015-05-04,,,,,,,,,,,
2015-05-05,,,,,,,,,,,
2015-05-06,,,,,,,,,,,
2015-05-07,,,,,,,,,,,
2015-05-08,,,,,,,,,,,
2015-05-09,,,,,,,,,,,
2015-05-10,,,,,,,,,,,
2015-05-11,,,,,,,,,,,
2015-05-12,,,,,,,,,,,
2015-05-13,,,,,,,,,,,
2015-05-14,,,,,,,,,,,
2015-05-15,,,,,,,,,,,
2015-05-16,,,,,,,,,,,
2015-05-17,,,,,,,,,,,
2015-05-18,,,,,,,,,,,
2015-05-19,,,,,,,,,,,
2015-05-20,,,,,,,,,,,
2015-05-21,,,,,,,,,,,
2015-05-22,,,,,,,,,,,
2015-05-23,,,,,,,,,,,
2015-05-24,,,,,,,,,,,
2015-05-25,,,,,,,,,,,
2015-05-26,,,,,,,,,,,
2015-05-27,,,,,,,,,,,
2015-05-28,,,,,,,,,,,
2015-05-29,,,,,,,,,,,
2015-05-30,,,,,,,,,,,
2015-05-31,,,,,,,,,,,
2015-06-01,,,,,,,,,,,
2015-06-02,,,,,,,,,,,
2015-06-03,,,,,,,,,,,
2015-06-04,,,,,,,,,,,
2015-06-05,,,,,,,,,,,
2015-06-06,,,,,,,,,,,
2015-06-07,,,,,,,,,,,
2015-06-08,,,,,,,,,,,
2015-06-09,,,,,,,,,,,
2015-06-10,,,,,,,,,,,
2015-06-11,,,,,,,,,,,
2015-06-12,,,,,,,,,,,
2015-06-13,,,,,,,,,,,
2015-06-14,,,,,,,,,,,
2015-06-15,,,,,,,,,,,
2015-06-16,,,,,,,,,,,
2015-06-17,,,,,,,,,,,
2015-06-18,,,,,,,,,,,
2015-06-19,,,,,,,,,,,
2015-06-20,,,,,,,,,,,
2015-06-21,,,,,,,,,,,
2015-06-22,,,,,,,,,,,
2015-06-23,,,,,,,,,,,
2015-06-24,,,,,,,,,,,
2015-06-25,,,,,,,,,,,
2015-06-26,,,,,,,,,,,
2015-06-27,,,,,,,,,,,
2015-06-28,,,,,,,,,,,
2015-06-29,,,,,,,,,,,
2015-06-30,,,,,,,,,,,
2015-07-01,,,,,,,,,,,
2015-07-02,,,,,,,,,,,
2015-07-03,,,,,,,,,,,
2015-07-04,,,,,,,,,,,
2015-07-05,,,,,,,,,,,
2015-07-06,,,,,,,,,,,
2015-07-07,,,,,,,,,,,
2015-07-08,,,,,,,,,,,
2015-07-09,,,,,,,,,,,
2015-07-10,,,,,,,,,,,
2015-07-11,,,,,,,,,,,
2015-07-12,,,,,,,,,,,
2015-07-13,,,,,,,,,,,
2015-07-14,,,,,,,,,,,
2015-07-15,,,,,,,,,,,
2015-07-16,,,,,,,,,,,
2015-07-17,,,,,,,,,,,
2015-07-18,,,,,,,,,,,
2015-07-19,,,,,,,,,,,
2015-07-20,,,,,,,,,,,
2015-07-21,,,,,,,,,,,
2015-07-22,,,,,,,,,,,
2015-07-23,,,,,,,,,,,
2015-07-24,,,,,,,,,,,
2015-07-25,,,,,,,,,,,
2015-07-26,,,,,,,,,,,
2015-07-27,,,,,,,,,,,
2015-07-28,,,,,,,,,,,
2015-07-29,,,,,,,,,,,
2015-07-30,,,,,,,,,,,
2015-07-31,,,,,,,,,,,
2015-08-01,,,,,,,,,,,
2015-08-02,,,,,,,,,,,
2015-08-03,,,,,,,,,,,
2015-08-04,,,,,,,,,,,
2015-08-05,,,,,,,,,,,
2015-08-06,,,,,,,,,,,
2015-08-07,,,,,,,,,,,
2015-08-08,,,,,,,,,,,
2015-08-09,,,,,,,,,,,
2015-08-10,,,,,,,,,,,
2015-08-11,,,,,,,,,,,
2015-08-12,,,,,,,,,,,
2015-08-13,,,,,,,,,,,
2015-08-14,,,,,,,,,,,
2015-08-15,,,,,,,,,,,
2015-08-16,,,,,,,,,,,
2015-08-17,,,,,,,,,,,
2015-08-18,,,,,,,,,,,
2015-08-19,,,,,,,,,,,
2015-08-20,,,,,,,,,,,
2015-08-21,,,,,,,,,,,
2015-08-22,,,,,,,,,,,
2015-08-23,,,,,,,,,,,
2015-08-24,,,,,,,,,,,
2015-08-25,,,,,,,,,,,
2015-08-26,,,,,,,,,,,
2015-08-27,,,,,,,,,,,
2015-08-28,,,,,,,,,,,
2015-08-29,,,,,,,,,,,
2015-08-30,,,,,,,,,,,
2015-08-31,,,,,,,,,,,
2015-09-01,,,,,,,,,,,
2015-09-02,,,,,,,,,,,
2015-09-03,,,,,,,,,,,
2015-09-04,,,,,,,,,,,
2015-09-05,,,,,,,,,,,
2015-09-06,,,,,,,,,,,
2015-09-07,,,,,,,,,,,
2015-09-08,,,,,,,,,,,
2015-09-09,,,,,,,,,,,
2015-09-10,,,,,,,,,,,
2015-09-11,,,,,,,,,,,
2015-09-12,,,,,,,,,,,
2015-09-13,,,,,,,,,,,
2015-09-14,,,,,,,,,,,
2015-09-15,,,,,,,,,,,
2015-09-16,,,,,,,,,,,
2015-09-17,,,,,,,,,,,
2015-09-18,,,,,,,,,,,
2015-09-19,,,,,,,,,,,
2015-09-20,,,,,,,,,,,
2015-09-21,,,,,,,,,,,
2015-09-22,,,,,,,,,,,
2015-09-23,,,,,,,,,,,
2015-09-24,,,,,,,,,,,
2015-09-25,,,,,,,,,,,
2015-09-26,,,,,,,,,,,
2015-09-27,,,,,,,,,,,
2015-09-28,,,,,,,,,,,
2015-09-29,,,,,,,,,,,
2015-09-30,,,,,,,,,,,
2015-10-01,,,,,,,,,,,
2015-10-02,,,,,,,,,,,
2015-10-03,,,,,,,,,,,
2015-10-04,,,,,,,,,,,
2015-10-05,,,,,,,,,,,
2015-10-06,,,,,,,,,,,
2015-10-07,,,,,,,,,,,
2015-10-08,,,,,,,,,,,
2015-10-09,,,,,,,,,,,
2015-10-10,,,,,,,,,,,
2015-10-11,,,,,,,,,,,
2015-10-12,,,,,,,,,,,
2015-10-13,,,,,,,,,,,
2015-10-14,,,,,,,,,,,
2015-10-15,,,,,,,,,,,
2015-10-16,,,,,,,,,,,
2015-10-17,,,,,,,,,,,
2015-10-18,,,,,,,,,,,
2015-10-19,,,,,,,,,,,
2015-10-20,,,,,,,,,,,
2015-10-21,,,,,,,,,,,
2015-10-22,,,,,,,,,,,
2015-10-23,,,,,,,,,,,
2015-10-24,,,,,,,,,,,
2015-10-25,,,,,,,,,,,
2015-10-26,,,,,,,,,,,
2015-10-27,,,,,,,,,,,
2015-10-28,,,,,,,,,,,
2015-10-29,,,,,,,,,,,
2015-10-30,,,,,,,,,,,
2015-10-31,,,,,,,,,,,
2015-11-01,,,,,,,,,,,
2015-11-02,,,,,,,,,,,
2015-11-03,,,,,,,,,,,
2015-11-04,,,,,,,,,,,
2015-11-05,,,,,,,,,,,
2015-11-06,,,,,,,,,,,
2015-11-07,,,,,,,,,,,
2015-11-08,,,,,,,,,,,
2015-11-09,,,,,,,,,,,
2015-11-10,,,,,,,,,,,
2015-11-11,,,,,,,,,,,
2015-11-12,,,,,,,,,,,
2015-11-13,,,,,,,,,,,
2015-11-14,,,,,,,,,,,
2015-11-15,,,,,,,,,,,
2015-11-16,,,,,,,,,,,
2015-11-17,,,,,,,,,,,
2015-11-18,,,,,,,,,,,
2015-11-19,,,,,,,,,,,
2015-11-20,,,,,,,,,,,
2015-11-21,,,,,,,,,,,
2015-11-22,,,,,,,,,,,
2015-11-23,,,,,,,,,,,
2015-11-24,,,,,,,,,,,
2015-11-25,,,,,,,,,,,
2015-11-26,,,,,,,,,,,
2015-11-27,,,,,,,,,,,
2015-11-28,,,,,,,,,,,
2015-11-29,,,,,,,,,,,
2015-11-30,,,,,,,,,,,
2015-12-01,,,,,,,,,,,
2015-12-02,,,,,,,,,,,
2015-12-03,,,,,,,,,,,
2015-12-04,,,,,,,,,,,
2015-12-05,,,,,,,,,,,
2015-12-06,,,,,,,,,,,
2015-12-07,,,,,,,,,,,
2015-12-08,,,,,,,,,,,
2015-12-09,,,,,,,,,,,
2015-12-10,,,,,,,,,,,
2015-12-11,,,,,,,,,,,
2015-12-12,,,,,,,,,,,
2015-12-13,,,,,,,,,,,
2015-12-14,,,,,,,,,,,
2015-12-15,,,,,,,,,,,
2015-12-16,,,,,,,,,,,
2015-12-17,,,,,,,,,,,
2015-12-18,,,,,,,,,,,
2015-12-19,,,,,,,,,,,
2015-12-20,,,,,,,,,,,
2015-12-21,,,,,,,,,,,
2015-12-22,,,,,,,,,,,
2015-12-23,,,,,,,,,,,
2015-12-24,,,,,,,,,,,
2015-12-25,,,,,,,,,,,
2015-12-26,,,,,,,,,,,
2015-12-27,,,,,,,,,,,
2015-12-28,,,,,,,,,,,
2015-12-29,,,,,,,,,,,
2015-12-30,,,,,,,,,,,
2015-12-31,,,,,,,,,,,
2016-01-01,,,,,,,,,,,
2016-01-02,,,,,,,,,,,
2016-01-03,,,,,,,,,,,
2016-01-04,,,,,,,,,,,
2016-01-05,,,,,,,,,,,
2016-01-06,,,,,,,,,,,
2016-01-07,,,,,,,,,,,
2016-01-08,,,,,,,,,,,
2016-01-09,,,,,,,,,,,
2016-01-10,,,,,,,,,,,
2016-01-11,,,,,,,,,,,
2016-01-12,,,,,,,,,,,
2016-01-13,,,,,,,,,,,
2016-01-14,,,,,,,,,,,
2016-01-15,,,,,,,,,,,
2016-01-16,,,,,,,,,,,
2016-01-17,,,,,,,,,,,
2016-01-18,,,,,,,,,,,
2016-01-19,,,,,,,,,,,
2016-01-20,,,,,,,,,,,
2016-01-21,,,,,,,,,,,
2016-01-22,,,,,,,,,,,
2016-01-23,,,,,,,,,,,
2016-01-24,,,,,,,,,,,
2016-01-25,,,,,,,,,,,
2016-01-26,,,,,,,,,,,
2016-01-27,,,,,,,,,,,
2016-01-28,,,,,,,,,,,
2016-01-29,,,,,,,,,,,
2016-01-30,,,,,,,,,,,
2016-01-31,,,,,,,,,,,
2016-02-01,,,,,,,,,,,
2016-02-02,,,,,,,,,,,
2016-02-03,,,,,,,,,,,
2016-02-04,,,,,,,,,,,
2016-02-05,,,,,,,,,,,
2016-02-06,,,,,,,,,,,
2016-02-07,,,,,,,,,,,
2016-02-08,,,,,,,,,,,
2016-02-09,,,,,,,,,,,
2016-02-10,,,,,,,,,,,
2016-02-11,,,,,,,,,,,
2016-02-12,,,,,,,,,,,
2016-02-13,,,,,,,,,,,
2016-02-14,,,,,,,,,,,
2016-02-15,,,,,,,,,,,
2016-02-16,,,,,,,,,,,
2016-02-17,,,,,,,,,,,
2016-02-18,,,,,,,,,,,
2016-02-19,,,,,,,,,,,
2016-02-20,,,,,,,,,,,
2016-02-21,,,,,,,,,,,
2016-02-22,,,,,,,,,,,
2016-02-23,,,,,,,,,,,
2016-02-24,,,,,,,,,,,
2016-02-25,,,,,,,,,,,
2016-02-26,,,,,,,,,,,
2016-02-27,,,,,,,,,,,
2016-02-28,,,,,,,,,,,
2016-02-29,,,,,,,,,,,
2016-03-01,,,,,,,,,,,
2016-03-02,,,,,,,,,,,
2016-03-03,,,,,,,,,,,
2016-03-04,,,,,,,,,,,
2016-03-05,,,,,,,,,,,
2016-03-06,,,,,,,,,,,
2016-03-07,,,,,,,,,,,
2016-03-08,,,,,,,,,,,
2016-03-09,,,,,,,,,,,
2016-03-10,,,,,,,,,,,
2016-03-11,,,,,,,,,,,
2016-03-12,,,,,,,,,,,
2016-03-13,,,,,,,,,,,
2016-03-14,,,,,,,,,,,
2016-03-15,,,,,,,,,,,
2016-03-16,,,,,,,,,,,
2016-03-17,,,,,,,,,,,
2016-03-18,,,,,,,,,,,
2016-03-19,,,,,,,,,,,
2016-03-20,,,,,,,,,,,
2016-03-21,,,,,,,,,,,
2016-03-22,,,,,,,,,,,
2016-03-23,,,,,,,,,,,
2016-03-24,,,,,,,,,,,
2016-03-25,,,,,,,,,,,
2016-03-26,,,,,,,,,,,
2016-03-27,,,,,,,,,,,
2016-03-28,,,,,,,,,,,
2016-03-29,,,,,,,,,,,
2016-03-30,,,,,,,,,,,
2016-03-31,,,,,,,,,,,
2016-04-01,,,,,,,,,,,
2016-04-02,,,,,,,,,,,
2016-04-03,,,,,,,,,,,
2016-04-04,,,,,,,,,,,
2016-04-05,,,,,,,,,,,
2016-04-06,,,,,,,,,,,
2016-04-07,,,,,,,,,,,
2016-04-08,,,,,,,,,,,
2016-04-09,,,,,,,,,,,
2016-04-10,,,,,,,,,,,
2016-04-11,,,,,,,,,,,
2016-04-12,,,,,,,,,,,
2016-04-13,,,,,,,,,,,
2016-04-14,,,,,,,,,,,
2016-04-15,,,,,,,,,,,
2016-04-16,,,,,,,,,,,
2016-04-17,,,,,,,,,,,
2016-04-18,,,,,,,,,,,
2016-04-19,,,,,,,,,,,
2016-04-20,,,,,,,,,,,
2016-04-21,,,,,,,,,,,
2016-04-22,,,,,,,,,,,
2016-04-23,,,,,,,,,,,
2016-04-24,,,,,,,,,,,
2016-04-25,,,,,,,,,,,
2016-04-26,,,,,,,,,,,
2016-04-27,,,,,,,,,,,
2016-04-28,,,,,,,,,,,
2016-04-29,,,,,,,,,,,
2016-04-30,,,,,,,,,,,
2016-05-01,,,,,,,,,,,
2016-05-02,,,,,,,,,,,
2016-05-03,,,,,,,,,,,
2016-05-04,,,,,,,,,,,
2016-05-05,,,,,,,,,,,
2016-05-06,,,,,,,,,,,
2016-05-07,,,,,,,,,,,
2016-05-08,,,,,,,,,,,
2016-05-09,,,,,,,,,,,
2016-05-10,,,,,,,,,,,
2016-05-11,,,,,,,,,,,
2016-05-12,,,,,,,,,,,
2016-05-13,,,,,,,,,,,
2016-05-14,,,,,,,,,,,
2016-05-15,,,,,,,,,,,
2016-05-16,,,,,,,,,,,
2016-05-17,,,,,,,,,,,
2016-05-18,,,,,,,,,,,
2016-05-19,,,,,,,,,,,
2016-05-20,,,,,,,,,,,
2016-05-21,,,,,,,,,,,
2016-05-22,,,,,,,,,,,
2016-05-23,,,,,,,,,,,
2016-05-24,,,,,,,,,,,
2016-05-25,,,,,,,,,,,
2016-05-26,,,,,,,,,,,
2016-05-27,,,,,,,,,,,
2016-05-28,,,,,,,,,,,
2016-05-29,,,,,,,,,,,
2016-05-30,,,,,,,,,,,
2016-05-31,,,,,,,,,,,
2016-06-01,,,,,,,,,,,
2016-06-02,,,,,,,,,,,
2016-06-03,,,,,,,,,,,
2016-06-04,,,,,,,,,,,
2016-06-05,,,,,,,,,,,
2016-06-06,,,,,,,,,,,
2016-06-07,,,,,,,,,,,
2016-06-08,,,,,,,,,,,
2016-06-09,,,,,,,,,,,
2016-06-10,,,,,,,,,,,
2016-06-11,,,,,,,,,,,
2016-06-12,,,,,,,,,,,
2016-06-13,,,,,,,,,,,
2016-06-14,,,,,,,,,,,
2016-06-15,,,,,,,,,,,
2016-06-16,,,,,,,,,,,
2016-06-17,,,,,,,,,,,
2016-06-18,,,,,,,,,,,
2016-06-19,,,,,,,,,,,
2016-06-20,,,,,,,,,,,
2016-06-21,,,,,,,,,,,
2016-06-22,,,,,,,,,,,
2016-06-23,,,,,,,,,,,
2016-06-24,,,,,,,,,,,
2016-06-25,,,,,,,,,,,
2016-06-26,,,,,,,,,,,
2016-06-27,,,,,,,,,,,
2016-06-28,,,,,,,,,,,
2016-06-29,,,,,,,,,,,
2016-06-30,,,,,,,,,,,
2016-07-01,,,,,,,,,,,
2016-07-02,,,,,,,,,,,
2016-07-03,,,,,,,,,,,
2016-07-04,,,,,,,,,,,
2016-07-05,,,,,,,,,,,
2016-07-06,,,,,,,,,,,
2016-07-07,,,,,,,,,,,
2016-07-08,,,,,,,,,,,
2016-07-09,,,,,,,,,,,
2016-07-10,,,,,,,,,,,
2016-07-11,,,,,,,,,,,
2016-07-12,,,,,,,,,,,
2016-07-13,,,,,,,,,,,
2016-07-14,,,,,,,,,,,
2016-07-15,,,,,,,,,,,
2016-07-16,,,,,,,,,,,
2016-07-17,,,,,,,,,,,
2016-07-18,,,,,,,,,,,
2016-07-19,,,,,,,,,,,
2016-07-20,,,,,,,,,,,
2016-07-21,,,,,,,,,,,
2016-07-22,,,,,,,,,,,
2016-07-23,,,,,,,,,,,
2016-07-24,,,,,,,,,,,
2016-07-25,,,,,,,,,,,
2016-07-26,,,,,,,,,,,
2016-07-27,,,,,,,,,,,
2016-07-28,,,,,,,,,,,
2016-07-29,,,,,,,,,,,
2016-07-30,,,,,,,,,,,
2016-07-31,,,,,,,,,,,
2016-08-01,,,,,,,,,,,
2016-08-02,,,,,,,,,,,
2016-08-03,,,,,,,,,,,
2016-08-04,,,,,,,,,,,
2016-08-05,,,,,,,,,,,
2016-08-06,,,,,,,,,,,
2016-08-07,,,,,,,,,,,
2016-08-08,,,,,,,,,,,
2016-08-09,,,,,,,,,,,
2016-08-10,,,,,,,,,,,
2016-08-11,,,,,,,,,,,
2016-08-12,,,,,,,,,,,
2016-08-13,,,,,,,,,,,
2016-08-14,,,,,,,,,,,
2016-08-15,,,,,,,,,,,
2016-08-16,,,,,,,,,,,
2016-08-17,,,,,,,,,,,
2016-08-18,,,,,,,,,,,
2016-08-19,,,,,,,,,,,
2016-08-20,,,,,,,,,,,
2016-08-21,,,,,,,,,,,
2016-08-22,,,,,,,,,,,
2016-08-23,,,,,,,,,,,
2016-08-24,,,,,,,,,,,
2016-08-25,,,,,,,,,,,
2016-08-26,,,,,,,,,,,
2016-08-27,,,,,,,,,,,
2016-08-28,,,,,,,,,,,
2016-08-29,,,,,,,,,,,
2016-08-30,,,,,,,,,,,
2016-08-31,,,,,,,,,,,
2016-09-01,,,,,,,,,,,
2016-09-02,,,,,,,,,,,
2016-09-03,,,,,,,,,,,
2016-09-04,,,,,,,,,,,
2016-09-05,,,,,,,,,,,
2016-09-06,,,,,,,,,,,
2016-09-07,,,,,,,,,,,
2016-09-08,,,,,,,,,,,
2016-09-09,,,,,,,,,,,
2016-09-10,,,,,,,,,,,
2016-09-11,,,,,,,,,,,
2016-09-12,,,,,,,,,,,
2016-09-13,,,,,,,,,,,
2016-09-14,,,,,,,,,,,
2016-09-15,,,,,,,,,,,
2016-09-16,,,,,,,,,,,
2016-09-17,,,,,,,,,,,
2016-09-18,,,,,,,,,,,
2016-09-19,,,,,,,,,,,
2016-09-20,,,,,,,,,,,
2016-09-21,,,,,,,,,,,
2016-09-22,,,,,,,,,,,
2016-09-23,,,,,,,,,,,
2016-09-24,,,,,,,,,,,
2016-09-25,,,,,,,,,,,
2016-09-26,,,,,,,,,,,
2016-09-27,,,,,,,,,,,
2016-09-28,,,,,,,,,,,
2016-09-29,,,,,,,,,,,
2016-09-30,,,,,,,,,,,
2016-10-01,,,,,,,,,,,
2016-10-02,,,,,,,,,,,
2016-10-03,,,,,,,,,,,
2016-10-04,,,,,,,,,,,
2016-10-05,,,,,,,,,,,
2016-10-06,,,,,,,,,,,
2016-10-07,,,,,,,,,,,
2016-10-08,,,,,,,,,,,
2016-10-09,,,,,,,,,,,
2016-10-10,,,,,,,,,,,
2016-10-11,,,,,,,,,,,
2016-10-12,,,,,,,,,,,
2016-10-13,,,,,,,,,,,
2016-10-14,,,,,,,,,,,
2016-10-15,,,,,,,,,,,
2016-10-16,,,,,,,,,,,
2016-10-17,,,,,,,,,,,
2016-10-18,,,,,,,,,,,
2016-10-19,,,,,,,,,,,
2016-10-20,,,,,,,,,,,
2016-10-21,,,,,,,,,,,
2016-10-22,,,,,,,,,,,
2016-10-23,,,,,,,,,,,
2016-10-24,,,,,,,,,,,
2016-10-25,,,,,,,,,,,
2016-10-26,,,,,,,,,,,
2016-10-27,,,,,,,,,,,
2016-10-28,,,,,,,,,,,
2016-10-29,,,,,,,,,,,
2016-10-30,,,,,,,,,,,
2016-10-31,,,,,,,,,,,
2016-11-01,,,,,,,,,,,
2016-11-02,,,,,,,,,,,
2016-11-03,,,,,,,,,,,
2016-11-04,,,,,,,,,,,
2016-11-05,,,,,,,,,,,
2016-11-06,,,,,,,,,,,
2016-11-07,,,,,,,,,,,
2016-11-08,,,,,,,,,,,
2016-11-09,,,,,,,,,,,
2016-11-10,,,,,,,,,,,
2016-11-11,,,,,,,,,,,
2016-11-12,,,,,,,,,,,
2016-11-13,,,,,,,,,,,
2016-11-14,,,,,,,,,,,
2016-11-15,,,,,,,,,,,
2016-11-16,,,,,,,,,,,
2016-11-17,,,,,,,,,,,
2016-11-18,,,,,,,,,,,
2016-11-19,,,,,,,,,,,
2016-11-20,,,,,,,,,,,
2016-11-21,,,,,,,,,,,
2016-11-22,,,,,,,,,,,
2016-11-23,,,,,,,,,,,
2016-11-24,,,,,,,,,,,
2016-11-25,,,,,,,,,,,
2016-11-26,,,,,,,,,,,
2016-11-27,,,,,,,,,,,
2016-11-28,,,,,,,,,,,
2016-11-29,,,,,,,,,,,
2016-11-30,,,,,,,,,,,
2016-12-01,,,,,,,,,,,
2016-12-02,,,,,,,,,,,
2016-12-03,,,,,,,,,,,
2016-12-04,,,,,,,,,,,
2016-12-05,,,,,,,,,,,
2016-12-06,,,,,,,,,,,
2016-12-07,,,,,,,,,,,
2016-12-08,,,,,,,,,,,
2016-12-09,,,,,,,,,,,
2016-12-10,,,,,,,,,,,
2016-12-11,,,,,,,,,,,
2016-12-12,,,,,,,,,,,
2016-12-13,,,,,,,,,,,
2016-12-14,,,,,,,,,,,
2016-12-15,,,,,,,,,,,
2016-12-16,,,,,,,,,,,
2016-12-17,,,,,,,,,,,
2016-12-18,,,,,,,,,,,
2016-12-19,,,,,,,,,,,
2016-12-20,,,,,,,,,,,
2016-12-21,,,,,,,,,,,
2016-12-22,,,,,,,,,,,
2016-12-23,,,,,,,,,,,
2016-12-24,,,,,,,,,,,
2016-12-25,,,,,,,,,,,
2016-12-26,,,,,,,,,,,
2016-12-27,,,,,,,,,,,
2016-12-28,,,,,,,,,,,
2016-12-29,,,,,,,,,,,
2016-12-30,,,,,,,,,,,
2016-12-31,,,,,,,,,,,
2017-01-01,,,,,,,,,,,
2017-01-02,,,,,,,,,,,
2017-01-03,,,,,,,,,,,
2017-01-04,,,,,,,,,,,
2017-01-05,,,,,,,,,,,
2017-01-06,,,,,,,,,,,
2017-01-07,,,,,,,,,,,
2017-01-08,,,,,,,,,,,
2017-01-09,,,,,,,,,,,
2017-01-10,,,,,,,,,,,
2017-01-11,,,,,,,,,,,
2017-01-12,,,,,,,,,,,
2017-01-13,,,,,,,,,,,
2017-01-14,,,,,,,,,,,
2017-01-15,,,,,,,,,,,
2017-01-16,,,,,,,,,,,
2017-01-17,,,,,,,,,,,
2017-01-18,,,,,,,,,,,
2017-01-19,,,,,,,,,,,
2017-01-20,,,,,,,,,,,
2017-01-21,,,,,,,,,,,
2017-01-22,,,,,,,,,,,
2017-01-23,,,,,,,,,,,
2017-01-24,,,,,,,,,,,
2017-01-25,,,,,,,,,,,
2017-01-26,,,,,,,,,,,
2017-01-27,,,,,,,,,,,
2017-01-28,,,,,,,,,,,
2017-01-29,,,,,,,,,,,
2017-01-30,,,,,,,,,,,
2017-01-31,,,,,,,,,,,
2017-02-01,,,,,,,,,,,
2017-02-02,,,,,,,,,,,
2017-02-03,,,,,,,,,,,
2017-02-04,,,,,,,,,,,
2017-02-05,,,,,,,,,,,
2017-02-06,,,,,,,,,,,
2017-02-07,,,,,,,,,,,
2017-02-08,,,,,,,,,,,
2017-02-09,,,,,,,,,,,
2017-02-10,,,,,,,,,,,
2017-02-11,,,,,,,,,,,
2017-02-12,,,,,,,,,,,
2017-02-13,,,,,,,,,,,
2017-02-14,,,,,,,,,,,
2017-02-15,,,,,,,,,,,
2017-02-16,,,,,,,,,,,
2017-02-17,,,,,,,,,,,
2017-02-18,,,,,,,,,,,
2017-02-19,,,,,,,,,,,
2017-02-20,,,,,,,,,,,
2017-02-21,,,,,,,,,,,
2017-02-22,,,,,,,,,,,
2017-02-23,,,,,,,,,,,
2017-02-24,,,,,,,,,,,
2017-02-25,,,,,,,,,,,
2017-02-26,,,,,,,,,,,
2017-02-27,,,,,,,,,,,
2017-02-28,,,,,,,,,,,
2017-03-01,,,,,,,,,,,
2017-03-02,,,,,,,,,,,
2017-03-03,,,,,,,,,,,
2017-03-04,,,,,,,,,,,
2017-03-05,,,,,,,,,,,
2017-03-06,,,,,,,,,,,
2017-03-07,,,,,,,,,,,
2017-03-08,,,,,,,,,,,
2017-03-09,,,,,,,,,,,
2017-03-10,,,,,,,,,,,
2017-03-11,,,,,,,,,,,
2017-03-12,,,,,,,,,,,
2017-03-13,,,,,,,,,,,
2017-03-14,,,,,,,,,,,
2017-03-15,,,,,,,,,,,
2017-03-16,,,,,,,,,,,
2017-03-17,,,,,,,,,,,
2017-03-18,,,,,,,,,,,
2017-03-19,,,,,,,,,,,
2017-03-20,,,,,,,,,,,
2017-03-21,,,,,,,,,,,
2017-03-22,,,,,,,,,,,
2017-03-23,,,,,,,,,,,
2017-03-24,,,,,,,,,,,
2017-03-25,,,,,,,,,,,
2017-03-26,,,,,,,,,,,
2017-03-27,,,,,,,,,,,
2017-03-28,,,,,,,,,,,
2017-03-29,,,,,,,,,,,
2017-03-30,,,,,,,,,,,
2017-03-31,,,,,,,,,,,
2017-04-01,,,,,,,,,,,
2017-04-02,,,,,,,,,,,
2017-04-03,,,,,,,,,,,
2017-04-04,,,,,,,,,,,
2017-04-05,,,,,,,,,,,
2017-04-06,,,,,,,,,,,
2017-04-07,,,,,,,,,,,
2017-04-08,,,,,,,,,,,
2017-04-09,,,,,,,,,,,
2017-04-10,,,,,,,,,,,
2017-04-11,,,,,,,,,,,
2017-04-12,,,,,,,,,,,
2017-04-13,,,,,,,,,,,
2017-04-14,,,,,,,,,,,
2017-04-15,,,,,,,,,,,
2017-04-16,,,,,,,,,,,
2017-04-17,,,,,,,,,,,
2017-04-18,,,,,,,,,,,
2017-04-19,,,,,,,,,,,
2017-04-20,,,,,,,,,,,
2017-04-21,,,,,,,,,,,
2017-04-22,,,,,,,,,,,
2017-04-23,,,,,,,,,,,
2017-04-24,,,,,,,,,,,
2017-04-25,,,,,,,,,,,
2017-04-26,,,,,,,,,,,
2017-04-27,,,,,,,,,,,
2017-04-28,,,,,,,,,,,
2017-04-29,,,,,,,,,,,
2017-04-30,,,,,,,,,,,
2017-05-01,,,,,,,,,,,
2017-05-02,,,,,,,,,,,
2017-05-03,,,,,,,,,,,
2017-05-04,,,,,,,,,,,
2017-05-05,,,,,,,,,,,
2017-05-06,,,,,,,,,,,
2017-05-07,,,,,,,,,,,
2017-05-08,,,,,,,,,,,
2017-05-09,,,,,,,,,,,
2017-05-10,,,,,,,,,,,
2017-05-11,,,,,,,,,,,
2017-05-12,,,,,,,,,,,
2017-05-13,,,,,,,,,,,
2017-05-14,,,,,,,,,,,
2017-05-15,,,,,,,,,,,
2017-05-16,,,,,,,,,,,
2017-05-17,,,,,,,,,,,
2017-05-18,,,,,,,,,,,
2017-05-19,,,,,,,,,,,
2017-05-20,,,,,,,,,,,
2017-05-21,,,,,,,,,,,
2017-05-22,,,,,,,,,,,
2017-05-23,,,,,,,,,,,
2017-05-24,,,,,,,,,,,
2017-05-25,,,,,,,,,,,
2017-05-26,,,,,,,,,,,
2017-05-27,,,,,,,,,,,
2017-05-28,,,,,,,,,,,
2017-05-29,,,,,,,,,,,
2017-05-30,,,,,,,,,,,
2017-05-31,,,,,,,,,,,
2017-06-01,,,,,,,,,,,
2017-06-02,,,,,,,,,,,
2017-06-03,,,,,,,,,,,
2017-06-04,,,,,,,,,,,
2017-06-05,,,,,,,,,,,
2017-06-06,,,,,,,,,,,
2017-06-07,,,,,,,,,,,
2017-06-08,,,,,,,,,,,
2017-06-09,,,,,,,,,,,
2017-06-10,,,,,,,,,,,
2017-06-11,,,,,,,,,,,
2017-06-12,,,,,,,,,,,
2017-06-13,,,,,,,,,,,
2017-06-14,,,,,,,,,,,
2017-06-15,,,,,,,,,,,
2017-06-16,,,,,,,,,,,
2017-06-17,,,,,,,,,,,
2017-06-18,,,,,,,,,,,
2017-06-19,,,,,,,,,,,
2017-06-20,,,,,,,,,,,
2017-06-21,,,,,,,,,,,
2017-06-22,,,,,,,,,,,
2017-06-23,,,,,,,,,,,
2017-06-24,,,,,,,,,,,
2017-06-25,,,,,,,,,,,
2017-06-26,,,,,,,,,,,
2017-06-27,,,,,,,,,,,
2017-06-28,,,,,,,,,,,
2017-06-29,,,,,,,,,,,
2017-06-30,,,,,,,,,,,
2017-07-01,,,,,,,,,,,
2017-07-02,,,,,,,,,,,
2017-07-03,,,,,,,,,,,
2017-07-04,,,,,,,,,,,
2017-07-05,,,,,,,,,,,
2017-07-06,,,,,,,,,,,
2017-07-07,,,,,,,,,,,
2017-07-08,,,,,,,,,,,
2017-07-09,,,,,,,,,,,
2017-07-10,,,,,,,,,,,
2017-07-11,,,,,,,,,,,
2017-07-12,,,,,,,,,,,
2017-07-13,,,,,,,,,,,
2017-07-14,,,,,,,,,,,
2017-07-15,,,,,,,,,,,
2017-07-16,,,,,,,,,,,
2017-07-17,,,,,,,,,,,
2017-07-18,,,,,,,,,,,
2017-07-19,,,,,,,,,,,
2017-07-20,,,,,,,,,,,
2017-07-21,,,,,,,,,,,
2017-07-22,,,,,,,,,,,
2017-07-23,,,,,,,,,,,
2017-07-24,,,,,,,,,,,
2017-07-25,,,,,,,,,,,
2017-07-26,,,,,,,,,,,
2017-07-27,,,,,,,,,,,
2017-07-28,,,,,,,,,,,
2017-07-29,,,,,,,,,,,
2017-07-30,,,,,,,,,,,
2017-07-31,,,,,,,,,,,
2017-08-01,,,,,,,,,,,
2017-08-02,,,,,,,,,,,
2017-08-03,,,,,,,,,,,
2017-08-04,,,,,,,,,,,
2017-08-05,,,,,,,,,,,
2017-08-06,,,,,,,,,,,
2017-08-07,,,,,,,,,,,
2017-08-08,,,,,,,,,,,
2017-08-09,,,,,,,,,,,
2017-08-10,,,,,,,,,,,
2017-08-11,,,,,,,,,,,
2017-08-12,,,,,,,,,,,
2017-08-13,,,,,,,,,,,
2017-08-14,,,,,,,,,,,
2017-08-15,,,,,,,,,,,
2017-08-16,,,,,,,,,,,
2017-08-17,,,,,,,,,,,
2017-08-18,,,,,,,,,,,
2017-08-19,,,,,,,,,,,
2017-08-20,,,,,,,,,,,
2017-08-21,,,,,,,,,,,
2017-08-22,,,,,,,,,,,
2017-08-23,,,,,,,,,,,
2017-08-24,,,,,,,,,,,
2017-08-25,,,,,,,,,,,
2017-08-26,,,,,,,,,,,
2017-08-27,,,,,,,,,,,
2017-08-28,,,,,,,,,,,
2017-08-29,,,,,,,,,,,
2017-08-30,,,,,,,,,,,
2017-08-31,,,,,,,,,,,
2017-09-01,,,,,,,,,,,
2017-09-02,,,,,,,,,,,
2017-09-03,,,,,,,,,,,
2017-09-04,,,,,,,,,,,
2017-09-05,,,,,,,,,,,
2017-09-06,,,,,,,,,,,
2017-09-07,,,,,,,,,,,
2017-09-08,,,,,,,,,,,
2017-09-09,,,,,,,,,,,
2017-09-10,,,,,,,,,,,
2017-09-11,,,,,,,,,,,
2017-09-12,,,,,,,,,,,
2017-09-13,,,,,,,,,,,
2017-09-14,,,,,,,,,,,
2017-09-15,,,,,,,,,,,
2017-09-16,,,,,,,,,,,
2017-09-17,,,,,,,,,,,
2017-09-18,,,,,,,,,,,
2017-09-19,,,,,,,,,,,
2017-09-20,,,,,,,,,,,
2017-09-21,,,,,,,,,,,
2017-09-22,,,,,,,,,,,
2017-09-23,,,,,,,,,,,
2017-09-24,,,,,,,,,,,
2017-09-25,,,,,,,,,,,
2017-09-26,,,,,,,,,,,
2017-09-27,,,,,,,,,,,
2017-09-28,,,,,,,,,,,
2017-09-29,,,,,,,,,,,
2017-09-30,,,,,,,,,,,
2017-10-01,,,,,,,,,,,
2017-10-02,,,,,,,,,,,
2017-10-03,,,,,,,,,,,
2017-10-04,,,,,,,,,,,
2017-10-05,,,,,,,,,,,
2017-10-06,,,,,,,,,,,
2017-10-07,,,,,,,,,,,
2017-10-08,,,,,,,,,,,
2017-10-09,,,,,,,,,,,
2017-10-10,,,,,,,,,,,
2017-10-11,,,,,,,,,,,
2017-10-12,,,,,,,,,,,
2017-10-13,,,,,,,,,,,
2017-10-14,,,,,,,,,,,
2017-10-15,,,,,,,,,,,
2017-10-16,,,,,,,,,,,
2017-10-17,,,,,,,,,,,
2017-10-18,,,,,,,,,,,
2017-10-19,,,,,,,,,,,
2017-10-20,,,,,,,,,,,
2017-10-21,,,,,,,,,,,
2017-10-22,,,,,,,,,,,
2017-10-23,,,,,,,,,,,
2017-10-24,,,,,,,,,,,
2017-10-25,,,,,,,,,,,
2017-10-26,,,,,,,,,,,
2017-10-27,,,,,,,,,,,
2017-10-28,,,,,,,,,,,
2017-10-29,,,,,,,,,,,
2017-10-30,,,,,,,,,,,
2017-10-31,,,,,,,,,,,
2017-11-01,,,,,,,,,,,
2017-11-02,,,,,,,,,,,
2017-11-03,,,,,,,,,,,
2017-11-04,,,,,,,,,,,
2017-11-05,,,,,,,,,,,
2017-11-06,,,,,,,,,,,
2017-11-07,,,,,,,,,,,
2017-11-08,,,,,,,,,,,
2017-11-09,,,,,,,,,,,
2017-11-10,,,,,,,,,,,
2017-11-11,,,,,,,,,,,
2017-11-12,,,,,,,,,,,
2017-11-13,,,,,,,,,,,
2017-11-14,,,,,,,,,,,
2017-11-15,,,,,,,,,,,
2017-11-16,,,,,,,,,,,
2017-11-17,,,,,,,,,,,
2017-11-18,,,,,,,,,,,
2017-11-19,,,,,,,,,,,
2017-11-20,,,,,,,,,,,
2017-11-21,,,,,,,,,,,
2017-11-22,,,,,,,,,,,
2017-11-23,,,,,,,,,,,
2017-11-24,,,,,,,,,,,
2017-11-25,,,,,,,,,,,
2017-11-26,,,,,,,,,,,
2017-11-27,,,,,,,,,,,
2017-11-28,,,,,,,,,,,
2017-11-29,,,,,,,,,,,
2017-11-30,,,,,,,,,,,
2017-12-01,,,,,,,,,,,
2017-12-02,,,,,,,,,,,
2017-12-03,,,,,,,,,,,
2017-12-04,,,,,,,,,,,
2017-12-05,,,,,,,,,,,
2017-12-06,,,,,,,,,,,
2017-12-07,,,,,,,,,,,
2017-12-08,,,,,,,,,,,
2017-12-09,,,,,,,,,,,
2017-12-10,,,,,,,,,,,
2017-12-11,,,,,,,,,,,
2017-12-12,,,,,,,,,,,
2017-12-13,,,,,,,,,,,
2017-12-14,,,,,,,,,,,
2017-12-15,,,,,,,,,,,
2017-12-16,,,,,,,,,,,
2017-12-17,,,,,,,,,,,
2017-12-18,,,,,,,,,,,
2017-12-19,,,,,,,,,,,
2017-12-20,,,,,,,,,,,
2017-12-21,,,,,,,,,,,
2017-12-22,,,,,,,,,,,
2017-12-23,,,,,,,,,,,
2017-12-24,,,,,,,,,,,
2017-12-25,,,,,,,,,,,
2017-12-26,,,,,,,,,,,
2017-12-27,,,,,,,,,,,
2017-12-28,,,,,,,,,,,
2017-12-29,,,,,,,,,,,
2017-12-30,,,,,,,,,,,
2017-12-31,,,,,,,,,,,
2018-01-01,,,,,,,,,,,
2018-01-02,,,,,,,,,,,
2018-01-03,,,,,,,,,,,
2018-01-04,,,,,,,,,,,
2018-01-05,,,,,,,,,,,
2018-01-06,,,,,,,,,,,
2018-01-07,,,,,,,,,,,
2018-01-08,,,,,,,,,,,
2018-01-09,,,,,,,,,,,
2018-01-10,,,,,,,,,,,
2018-01-11,,,,,,,,,,,
2018-01-12,,,,,,,,,,,
2018-01-13,,,,,,,,,,,
2018-01-14,,,,,,,,,,,
2018-01-15,,,,,,,,,,,
2018-01-16,,,,,,,,,,,
2018-01-17,,,,,,,,,,,
2018-01-18,,,,,,,,,,,
2018-01-19,,,,,,,,,,,
2018-01-20,,,,,,,,,,,
2018-01-21,,,,,,,,,,,
2018-01-22,,,,,,,,,,,
2018-01-23,,,,,,,,,,,
2018-01-24,,,,,,,,,,,
2018-01-25,,,,,,,,,,,
2018-01-26,,,,,,,,,,,
2018-01-27,,,,,,,,,,,
2018-01-28,,,,,,,,,,,
2018-01-29,,,,,,,,,,,
2018-01-30,,,,,,,,,,,
2018-01-31,,,,,,,,,,,
2018-02-01,,,,,,,,,,,
2018-02-02,,,,,,,,,,,
2018-02-03,,,,,,,,,,,
2018-02-04,,,,,,,,,,,
2018-02-05,,,,,,,,,,,
2018-02-06,,,,,,,,,,,
2018-02-07,,,,,,,,,,,
2018-02-08,,,,,,,,,,,
2018-02-09,,,,,,,,,,,
2018-02-10,,,,,,,,,,,
2018-02-11,,,,,,,,,,,
2018-02-12,,,,,,,,,,,
2018-02-13,,,,,,,,,,,
2018-02-14,,,,,,,,,,,
2018-02-15,,,,,,,,,,,
2018-02-16,,,,,,,,,,,
2018-02-17,,,,,,,,,,,
2018-02-18,,,,,,,,,,,
2018-02-19,,,,,,,,,,,
2018-02-20,,,,,,,,,,,
2018-02-21,,,,,,,,,,,
2018-02-22,,,,,,,,,,,
2018-02-23,,,,,,,,,,,
2018-02-24,,,,,,,,,,,
2018-02-25,,,,,,,,,,,
2018-02-26,,,,,,,,,,,
2018-02-27,,,,,,,,,,,
2018-02-28,,,,,,,,,,,
2018-03-01,,,,,,,,,,,
2018-03-02,,,,,,,,,,,
2018-03-03,,,,,,,,,,,
2018-03-04,,,,,,,,,,,
2018-03-05,,,,,,,,,,,
2018-03-06,,,,,,,,,,,
2018-03-07,,,,,,,,,,,
2018-03-08,,,,,,,,,,,
2018-03-09,,,,,,,,,,,
2018-03-10,,,,,,,,,,,
2018-03-11,,,,,,,,,,,
2018-03-12,,,,,,,,,,,
2018-03-13,,,,,,,,,,,
2018-03-14,,,,,,,,,,,
2018-03-15,,,,,,,,,,,
2018-03-16,,,,,,,,,,,
2018-03-17,,,,,,,,,,,
2018-03-18,,,,,,,,,,,
2018-03-19,,,,,,,,,,,
2018-03-20,,,,,,,,,,,
2018-03-21,,,,,,,,,,,
2018-03-22,,,,,,,,,,,
2018-03-23,,,,,,,,,,,
2018-03-24,,,,,,,,,,,
2018-03-25,,,,,,,,,,,
2018-03-26,,,,,,,,,,,
2018-03-27,,,,,,,,,,,
2018-03-28,,,,,,,,,,,
2018-03-29,,,,,,,,,,,
2018-03-30,,,,,,,,,,,
2018-03-31,,,,,,,,,,,
2018-04-01,,,,,,,,,,,
2018-04-02,,,,,,,,,,,
2018-04-03,,,,,,,,,,,
2018-04-04,,,,,,,,,,,
2018-04-05,,,,,,,,,,,
2018-04-06,,,,,,,,,,,
2018-04-07,,,,,,,,,,,
2018-04-08,,,,,,,,,,,
2018-04-09,,,,,,,,,,,
2018-04-10,,,,,,,,,,,
2018-04-11,,,,,,,,,,,
2018-04-12,,,,,,,,,,,
2018-04-13,,,,,,,,,,,
2018-04-14,,,,,,,,,,,
2018-04-15,,,,,,,,,,,
2018-04-16,,,,,,,,,,,
2018-04-17,,,,,,,,,,,
2018-04-18,,,,,,,,,,,
2018-04-19,,,,,,,,,,,
2018-04-20,,,,,,,,,,,
2018-04-21,,,,,,,,,,,
2018-04-22,,,,,,,,,,,
2018-04-23,,,,,,,,,,,
2018-04-24,,,,,,,,,,,
2018-04-25,,,,,,,,,,,
2018-04-26,,,,,,,,,,,
2018-04-27,,,,,,,,,,,
2018-04-28,,,,,,,,,,,
2018-04-29,,,,,,,,,,,
2018-04-30,,,,,,,,,,,
2018-05-01,,,,,,,,,,,
2018-05-02,,,,,,,,,,,
2018-05-03,,,,,,,,,,,
2018-05-04,,,,,,,,,,,
2018-05-05,,,,,,,,,,,
2018-05-06,,,,,,,,,,,
2018-05-07,,,,,,,,,,,
2018-05-08,,,,,,,,,,,
2018-05-09,,,,,,,,,,,
2018-05-10,,,,,,,,,,,
2018-05-11,,,,,,,,,,,
2018-05-12,,,,,,,,,,,
2018-05-13,,,,,,,,,,,
2018-05-14,,,,,,,,,,,
2018-05-15,,,,,,,,,,,
2018-05-16,,,,,,,,,,,
2018-05-17,,,,,,,,,,,
2018-05-18,,,,,,,,,,,
2018-05-19,,,,,,,,,,,
2018-05-20,,,,,,,,,,,
2018-05-21,,,,,,,,,,,
2018-05-22,,,,,,,,,,,
2018-05-23,,,,,,,,,,,
2018-05-24,,,,,,,,,,,
2018-05-25,,,,,,,,,,,
2018-05-26,,,,,,,,,,,
2018-05-27,,,,,,,,,,,
2018-05-28,,,,,,,,,,,
2018-05-29,,,,,,,,,,,
2018-05-30,,,,,,,,,,,
2018-05-31,,,,,,,,,,,
2018-06-01,,,,,,,,,,,
2018-06-02,,,,,,,,,,,
2018-06-03,,,,,,,,,,,
2018-06-04,,,,,,,,,,,
2018-06-05,,,,,,,,,,,
2018-06-06,,,,,,,,,,,
2018-06-07,,,,,,,,,,,
2018-06-08,,,,,,,,,,,
2018-06-09,,,,,,,,,,,
2018-06-10,,,,,,,,,,,
2018-06-11,,,,,,,,,,,
2018-06-12,,,,,,,,,,,
2018-06-13,,,,,,,,,,,
2018-06-14,,,,,,,,,,,
2018-06-15,,,,,,,,,,,
2018-06-16,,,,,,,,,,,
2018-06-17,,,,,,,,,,,
2018-06-18,,,,,,,,,,,
2018-06-19,,,,,,,,,,,
2018-06-20,,,,,,,,,,,
2018-06-21,,,,,,,,,,,
2018-06-22,,,,,,,,,,,
2018-06-23,,,,,,,,,,,
2018-06-24,,,,,,,,,,,
2018-06-25,,,,,,,,,,,
2018-06-26,,,,,,,,,,,
2018-06-27,,,,,,,,,,,
2018-06-28,,,,,,,,,,,
2018-06-29,,,,,,,,,,,
2018-06-30,,,,,,,,,,,
2018-07-01,,,,,,,,,,,
2018-07-02,,,,,,,,,,,
2018-07-03,,,,,,,,,,,
2018-07-04,,,,,,,,,,,
2018-07-05,,,,,,,,,,,
2018-07-06,,,,,,,,,,,
2018-07-07,,,,,,,,,,,
2018-07-08,,,,,,,,,,,
2018-07-09,,,,,,,,,,,
2018-07-10,,,,,,,,,,,
2018-07-11,,,,,,,,,,,
2018-07-12,,,,,,,,,,,
2018-07-13,,,,,,,,,,,
2018-07-14,,,,,,,,,,,
2018-07-15,,,,,,,,,,,
2018-07-16,,,,,,,,,,,
2018-07-17,,,,,,,,,,,
2018-07-18,,,,,,,,,,,
2018-07-19,,,,,,,,,,,
2018-07-20,,,,,,,,,,,
2018-07-21,,,,,,,,,,,
2018-07-22,,,,,,,,,,,
2018-07-23,,,,,,,,,,,
2018-07-24,,,,,,,,,,,
2018-07-25,,,,,,,,,,,
2018-07-26,,,,,,,,,,,
2018-07-27,,,,,,,,,,,
2018-07-28,,,,,,,,,,,
2018-07-29,,,,,,,,,,,
2018-07-30,,,,,,,,,,,
2018-07-31,,,,,,,,,,,
2018-08-01,,,,,,,,,,,
2018-08-02,,,,,,,,,,,
2018-08-03,,,,,,,,,,,
2018-08-04,,,,,,,,,,,
2018-08-05,,,,,,,,,,,
2018-08-06,,,,,,,,,,,
2018-08-07,,,,,,,,,,,
2018-08-08,,,,,,,,,,,
2018-08-09,,,,,,,,,,,
2018-08-10,,,,,,,,,,,
2018-08-11,,,,,,,,,,,
2018-08-12,,,,,,,,,,,
2018-08-13,,,,,,,,,,,
2018-08-14,,,,,,,,,,,
2018-08-15,,,,,,,,,,,
2018-08-16,,,,,,,,,,,
2018-08-17,,,,,,,,,,,
2018-08-18,,,,,,,,,,,
2018-08-19,,,,,,,,,,,
2018-08-20,,,,,,,,,,,
2018-08-21,,,,,,,,,,,
2018-08-22,,,,,,,,,,,
2018-08-23,,,,,,,,,,,
2018-08-24,,,,,,,,,,,
2018-08-25,,,,,,,,,,,
2018-08-26,,,,,,,,,,,
2018-08-27,,,,,,,,,,,
2018-08-28,,,,,,,,,,,
2018-08-29,,,,,,,,,,,
2018-08-30,,,,,,,,,,,
2018-08-31,,,,,,,,,,,
2018-09-01,,,,,,,,,,,
2018-09-02,,,,,,,,,,,
2018-09-03,,,,,,,,,,,
2018-09-04,,,,,,,,,,,
2018-09-05,,,,,,,,,,,
2018-09-06,,,,,,,,,,,
2018-09-07,,,,,,,,,,,
2018-09-08,,,,,,,,,,,
2018-09-09,,,,,,,,,,,
2018-09-10,,,,,,,,,,,
2018-09-11,,,,,,,,,,,
2018-09-12,,,,,,,,,,,
2018-09-13,,,,,,,,,,,
2018-09-14,,,,,,,,,,,
2018-09-15,,,,,,,,,,,
2018-09-16,,,,,,,,,,,
2018-09-17,,,,,,,,,,,
2018-09-18,,,,,,,,,,,
2018-09-19,,,,,,,,,,,
2018-09-20,,,,,,,,,,,
2018-09-21,,,,,,,,,,,
2018-09-22,,,,,,,,,,,
2018-09-23,,,,,,,,,,,
2018-09-24,,,,,,,,,,,
2018-09-25,,,,,,,,,,,
2018-09-26,,,,,,,,,,,
2018-09-27,,,,,,,,,,,
2018-09-28,,,,,,,,,,,
2018-09-29,,,,,,,,,,,
2018-09-30,,,,,,,,,,,
2018-10-01,,,,,,,,,,,
2018-10-02,,,,,,,,,,,
2018-10-03,,,,,,,,,,,
2018-10-04,,,,,,,,,,,
2018-10-05,,,,,,,,,,,
2018-10-06,,,,,,,,,,,
2018-10-07,,,,,,,,,,,
2018-10-08,,,,,,,,,,,
2018-10-09,,,,,,,,,,,
2018-10-10,,,,,,,,,,,
2018-10-11,,,,,,,,,,,
2018-10-12,,,,,,,,,,,
2018-10-13,,,,,,,,,,,
2018-10-14,,,,,,,,,,,
2018-10-15,,,,,,,,,,,
2018-10-16,,,,,,,,,,,
2018-10-17,,,,,,,,,,,
2018-10-18,,,,,,,,,,,
2018-10-19,,,,,,,,,,,
2018-10-20,,,,,,,,,,,
2018-10-21,,,,,,,,,,,
2018-10-22,,,,,,,,,,,
2018-10-23,,,,,,,,,,,
2018-10-24,,,,,,,,,,,
2018-10-25,,,,,,,,,,,
2018-10-26,,,,,,,,,,,
2018-10-27,,,,,,,,,,,
2018-10-28,,,,,,,,,,,
2018-10-29,,,,,,,,,,,
2018-10-30,,,,,,,,,,,
2018-10-31,,,,,,,,,,,
2018-11-01,,,,,,,,,,,
2018-11-02,,,,,,,,,,,
2018-11-03,,,,,,,,,,,
2018-11-04,,,,,,,,,,,
2018-11-05,,,,,,,,,,,
2018-11-06,,,,,,,,,,,
2018-11-07,,,,,,,,,,,
2018-11-08,,,,,,,,,,,
2018-11-09,,,,,,,,,,,
2018-11-10,,,,,,,,,,,
2018-11-11,,,,,,,,,,,
2018-11-12,,,,,,,,,,,
2018-11-13,,,,,,,,,,,
2018-11-14,,,,,,,,,,,
2018-11-15,,,,,,,,,,,
2018-11-16,,,,,,,,,,,
2018-11-17,,,,,,,,,,,
2018-11-18,,,,,,,,,,,
2018-11-19,,,,,,,,,,,
2018-11-20,,,,,,,,,,,
2018-11-21,,,,,,,,,,,
2018-11-22,,,,,,,,,,,
2018-11-23,,,,,,,,,,,
2018-11-24,,,,,,,,,,,
2018-11-25,,,,,,,,,,,
2018-11-26,,,,,,,,,,,
2018-11-27,,,,,,,,,,,
2018-11-28,,,,,,,,,,,
2018-11-29,,,,,,,,,,,
2018-11-30,,,,,,,,,,,
2018-12-01,,,,,,,,,,,
2018-12-02,,,,,,,,,,,
2018-12-03,,,,,,,,,,,
2018-12-04,,,,,,,,,,,
2018-12-05,,,,,,,,,,,
2018-12-06,,,,,,,,,,,
2018-12-07,,,,,,,,,,,
2018-12-08,,,,,,,,,,,
2018-12-09,,,,,,,,,,,
2018-12-10,,,,,,,,,,,
2018-12-11,,,,,,,,,,,
2018-12-12,,,,,,,,,,,
2018-12-13,,,,,,,,,,,
2018-12-14,,,,,,,,,,,
2018-12-15,,,,,,,,,,,
2018-12-16,,,,,,,,,,,
2018-12-17,,,,,,,,,,,
2018-12-18,,,,,,,,,,,
2018-12-19,,,,,,,,,,,
2018-12-20,,,,,,,,,,,
2018-12-21,,,,,,,,,,,
2018-12-22,,,,,,,,,,,
2018-12-23,,,,,,,,,,,
2018-12-24,,,,,,,,,,,
2018-12-25,,,,,,,,,,,
2018-12-26,,,,,,,,,,,
2018-12-27,,,,,,,,,,,
2018-12-28,,,,,,,,,,,
2018-12-29,,,,,,,,,,,
2018-12-30,,,,,,,,,,,
2018-12-31,,,,,,,,,,,
2019-01-01,232.90270208,57.21745417,,35.17600226,21.24487917,,14.36363636,167.07411478,,,1.30139573
2019-01-02,212.50186375,81.54707083,,21.08271202,19.68550417,,30.70833333,186.03484478,,,0.46878954
2019-01-03,200.90971,75.384205,,33.07508834,20.083155,,32.375,153.45713429,,,0.42687162
2019-01-04,188.35833333,84.1625,,,19.075,,,152.80026792,,,0.43809524
2019-01-05,218.32847292,63.41745417,,36.05070183,22.29483333,,16.625,151.24321929,,,0.86640865
2019-01-06,219.331645,84.95037083,,24.11554884,18.47161667,,9.5,140.19388117,,,0.4420435
2019-01-07,212.70367083,79.23455833,,28.06395904,19.7984,,15.43478261,98.8154213,,,0.54550423
2019-01-08,222.675,70.7625,,26.72329802,20.65,,22.91666667,135.90636625,,,0.62272727
2019-01-09,207.67916667,72.23333333,,53.29127556,21.0875,,16.63636364,103.20070802,,,0.81363636
2019-01-10,180.8173913,75.96521739,,,19.14347826,,10.0,123.57624333,,,0.63478261
2019-01-11,153.87916667,79.82083333,,33.14048644,19.05833333,,17.95833333,190.01868045,,,0.72857143
2019-01-12,199.99583333,76.10833333,,36.68833329,20.55,,12.41666667,163.41523783,,,0.40909091
2019-01-13,,,,,,,,117.31003136,,,
2019-01-14,,,,,,,,76.02094696,,,
2019-01-15,,,,,,,,168.21357478,,,
2019-01-16,,,,,,,,105.93588536,,,
2019-01-17,,,,,,,,85.62823048,,,
2019-01-18,,,,,,,,116.71668375,,,
2019-01-19,,,,,,,,114.38006174,,,
2019-01-20,,,,,,,,107.63291435,,,
2019-01-21,,,,,,,,128.22299035,,,
2019-01-22,,,,,,,,140.41415043,,,
2019-01-23,,,,,,,,144.60218357,,,
2019-01-24,,,,,,,,149.1481203,,,
2019-01-25,,,,,,,,129.35915318,,,
2019-01-26,,,,,,,,133.3452287,,,
2019-01-27,,,,,,,,82.94740195,,,
2019-01-28,,,,,,,,48.67915455,,,
2019-01-29,,,,,,,,180.24030369,,,
2019-01-30,,,,,,,,151.59090625,,,
2019-01-31,,,,,,,,136.88405478,,,
2019-02-01,208.26950917,58.63105417,,34.5383708,20.9651625,,9.39130435,110.98090542,,,1.03586529
2019-02-02,219.28596583,73.45816667,,27.46720139,21.0004,,27.125,146.15840905,,,0.57212629
2019-02-03,,,,24.28721885,,,24.41666667,171.88197677,,,
2019-02-04,224.325,78.22916667,,25.19461747,19.15,,10.91666667,120.40070682,,,0.79411765
2019-02-05,259.83866417,66.73902917,,33.49200122,21.60047917,,23.16666667,121.33968379,,,0.66303533
2019-02-06,147.83314583,82.76630417,,26.21646276,18.82410417,,15.22727273,143.37808104,,,0.28739421
2019-02-07,189.64704167,80.47619583,,31.47283493,19.70265,,18.39130435,110.29862891,,,0.41899517
2019-02-08,201.90434783,77.8826087,,27.54894901,20.27391304,,24.60869565,123.74007955,,,0.6826087
2019-02-09,223.10416667,70.75,,39.18981056,20.65416667,,18.625,111.57302417,,,0.73333333
2019-02-10,229.9,74.02083333,,,20.4625,,18.75,104.76619861,,,0.56818182
2019-02-11,229.31666667,82.57916667,,28.5953186,19.23333333,,18.75,120.95044679,,,0.59444444
2019-02-12,150.95833333,79.33333333,,31.04774729,19.22916667,,16.54166667,98.56279083,,,0.51
2019-02-13,,,,,,,,128.83343977,,,
2019-02-14,,,,,,,,147.37092038,,,
2019-02-15,,,,,,,,200.07938435,,,
2019-02-16,,,,,,,,136.88921714,,,
2019-02-17,,,,,,,,82.06210792,,,
2019-02-18,,,,,,,,118.27920739,,,
2019-02-19,,,,,,,,103.45100455,,,
2019-02-20,,,,,,,,132.10782078,,,
2019-02-21,,,,,,,,156.00990667,,,
2019-02-22,,,,,,,,180.75539833,,,
2019-02-23,,,,,,,,101.89300667,,,
2019-02-24,,,,,,,,141.93493162,,,
2019-02-25,,,,,,,,186.24794029,,,
2019-02-26,,,,,,,,104.97610591,,,
2019-02-27,,,,,,,,103.39143335,,,
2019-02-28,,,,,,,,163.01367208,,,
2019-03-01,262.056815,55.65886667,,28.01491047,21.029925,,8.83333333,199.829807,,,1.02364948
2019-03-02,273.61608125,68.12338333,,31.49735921,21.1487875,,21.04166667,,,,1.00514392
2019-03-03,339.77875,87.93695,,31.17036872,17.5298,,28.79166667,0.0,,,1.222246
2019-03-04,176.65,79.22916667,,17.33049612,19.35416667,,19.45833333,192.72954815,,,0.47857143
2019-03-05,215.01523958,72.00720833,,29.54359102,21.16042083,,23.39130435,142.26411061,,,0.5507401
2019-03-06,187.36555417,81.95710417,,15.70371841,20.04936667,,13.79166667,158.06348238,,,0.46948027
2019-03-07,207.48033792,84.87017083,,27.36092948,18.92707917,,18.20833333,117.7349173,,,0.57228855
2019-03-08,200.725,86.79166667,,20.51865342,17.81666667,,27.41666667,146.73488474,,,0.28
2019-03-09,236.75652174,60.2,,48.770632,22.56956522,,18.08333333,149.24801599,,,0.88421053
2019-03-10,191.35833333,81.36666667,,,18.54166667,,16.875,79.00847083,,,0.30625
2019-03-11,211.89583333,83.96666667,,21.42605204,18.92916667,,13.16666667,126.39494191,,,0.47222222
2019-03-12,184.00833333,84.89583333,,27.4426771,17.94166667,,21.83333333,163.31477982,,,0.58666667
2019-03-13,,,,,,,,195.95149042,,,
2019-03-14,,,,,,,,90.62500417,,,
2019-03-15,,,,,,,,133.1826144,,,
2019-03-16,,,,,,,,127.39874517,,,
2019-03-17,,,,,,,,124.60188096,,,
2019-03-18,,,,,,,,70.4537937,,,
2019-03-19,,,,,,,,77.02753773,,,
2019-03-20,,,,,,,,152.163088,,,
2019-03-21,,,,,,,,119.58758117,,,
2019-03-22,,,,,,,,104.5284813,,,
2019-03-23,,,,,,,,139.89946671,,,
2019-03-24,,,,,,,,81.57573609,,,
2019-03-25,,,,,,,,163.366348,,,
2019-03-26,,,,,,,,113.21802685,,,
2019-03-27,,,,,,,,154.73915833,,,
2019-03-28,,,,,,,,124.90362375,,,
2019-03-29,,,,,,,,81.70869565,,,
2019-03-30,,,,,,,,162.19130435,,,
2019-03-31,,,,,,,,127.33333333,,,
2019-04-01,234.51834083,60.185525,,30.36106725,21.7744125,,14.60869565,110.18695652,,,1.22814744
2019-04-02,243.58753171,71.98635417,,27.36092948,21.0073625,,28.22727273,139.6375,,,0.62453453
2019-04-03,226.14007167,75.46295417,,27.39362853,19.72125833,,23.79166667,135.76666667,,,0.62574973
2019-04-04,215.0125,83.07083333,,12.88342542,19.37272727,,18.66666667,140.44090909,,,0.51818182
2019-04-05,213.73453292,74.3239375,,27.36910424,21.21603333,,25.875,112.50869565,,,0.6520143
2019-04-06,220.86336125,76.23631667,,23.24902404,21.41203333,,13.69565217,189.25,,,0.50372138
2019-04-07,206.5969075,79.59496667,,24.84310269,20.28563333,,21.04166667,141.44090909,,,0.57790278
2019-04-08,229.29166667,76.55,,30.54091202,20.24166667,,18.26086957,127.7625,,,0.5875
2019-04-09,206.55,67.15,,55.22051946,21.8375,,15.25,28.88,,,0.5
2019-04-10,155.66666667,76.41666667,,,18.675,,13.2173913,113.31510435,,,0.78666667
2019-04-11,209.95416667,80.42083333,,35.34767226,19.65416667,,14.54166667,221.24448536,,,0.34
2019-04-12,163.17083333,82.675,,29.22477529,18.44166667,,18.875,154.29366364,,,0.33846154
2019-04-13,,,,,,,,131.89408333,,,
2019-04-14,,,,,,,,131.28584734,,,
2019-04-15,,,,,,,,196.32100955,,,
2019-04-16,,,,,,,,155.04961818,,,
2019-04-17,,,,,,,,116.79590417,,,
2019-04-18,,,,,,,,159.4892,,,
2019-04-19,,,,,,,,124.4317087,,,
2019-04-20,,,,,,,,127.08403652,,,
2019-04-21,,,,,,,,80.09229435,,,
2019-04-22,,,,,,,,171.78400364,,,
2019-04-23,,,,,,,,216.10733333,,,
2019-04-24,,,,,,,,114.51488652,,,
2019-04-25,,,,,,,,98.84357826,,,
2019-04-26,,,,,,,,138.14879596,,,
2019-04-27,,,,,,,,116.99557273,,,
2019-04-28,,,,,,,,141.01414783,,,
2019-04-29,,,,,,,,122.9179525,,,
2019-04-30,,,,,,,,159.77454353,,,
2019-05-01,183.98605542,72.106525,,44.13554176,21.64830417,,23.0,221.31071818,,,0.44153397
2019-05-02,212.73068713,74.42119167,,31.36656302,21.17303333,,34.04166667,171.32787871,,,0.72088459
2019-05-03,180.8596675,73.78334167,,26.86226898,21.22795,,52.16666667,149.3403599,,,0.93540261
2019-05-04,289.80833333,81.47,,36.64745948,19.02083333,,20.0,126.38285,,,0.46
2019-05-05,229.51638129,66.87767083,,39.73751963,23.185825,,16.375,193.64052727,,,0.92003154
2019-05-06,204.82356667,81.38215833,,22.32527589,19.56306667,,12.66666667,139.2895125,,,0.40461238
2019-05-07,194.02023917,79.52789583,,37.17881903,19.14399583,,17.58333333,150.2101,,,0.45860964
2019-05-08,240.06666667,64.9125,,35.83815801,21.82083333,,19.875,52.2098,,,0.9
2019-05-09,279.4,62.925,,45.04294038,22.19166667,,15.5,97.47210958,,,0.82916667
2019-05-10,185.94166667,72.96666667,,,19.94166667,,14.75,183.25105455,,,0.865
2019-05-11,231.98333333,85.29166667,,29.94415437,19.2375,,20.91666667,103.77363273,,,0.33571429
2019-05-12,179.64583333,76.32083333,,24.8185784,20.70454545,,15.36363636,137.38305708,,,0.46842105
2019-05-13,,,,,,,,85.956275,,,
2019-05-14,,,,,,,,181.79656482,,,
2019-05-15,,,,,,,,85.90618478,,,
2019-05-16,,,,,,,,128.14582857,,,
2019-05-17,,,,,,,,110.20317667,,,
2019-05-18,,,,,,,,128.15463182,,,
2019-05-19,,,,,,,,157.11822777,,,
2019-05-20,,,,,,,,71.95147571,,,
2019-05-21,,,,,,,,121.92338887,,,
2019-05-22,,,,,,,,114.98921919,,,
2019-05-23,,,,,,,,88.890325,,,
2019-05-24,,,,,,,,137.49540364,,,
2019-05-25,,,,,,,,94.42554348,,,
2019-05-26,,,,,,,,197.74130809,,,
2019-05-27,,,,,,,,172.28346218,,,
2019-05-28,,,,,,,,77.08160364,,,
2019-05-29,,,,,,,,149.99454762,,,
2019-05-30,,,,,,,,72.11032458,,,
2019-05-31,,,,,,,,109.16186812,,,
2019-06-01,269.82430417,75.45675,,34.17868125,20.90829167,,27.375,147.29786636,,,0.74428347
2019-06-02,247.94113667,70.51414167,,23.83760692,21.69380833,,31.54166667,120.19729352,,,1.06900663
2019-06-03,255.55507808,72.77505833,,31.61180589,21.44459167,,43.41666667,131.3394875,,,1.1483687
2019-06-04,243.475,79.73333333,,34.28495317,19.69583333,,13.66666667,171.53030909,,,0.66190476
2019-06-05,236.93034167,68.05104583,,31.31751445,22.96983333,,11.54166667,122.5920343,,,0.73094929
2019-06-06,164.02379524,83.05352381,,18.2460695,19.2025,,17.95833333,119.95542,,,0.36181257
2019-06-07,231.78936722,56.87466667,,28.0721338,22.59126667,,12.20833333,102.75797143,,,1.08033583
2019-06-08,200.60833333,68.69166667,,46.66154332,20.5625,,32.54166667,157.48000648,,,0.52727273
2019-06-09,208.63333333,74.5625,,35.15147797,19.74166667,,21.20833333,135.33138333,,,0.57083333
2019-06-10,180.90833333,78.4125,,,18.61666667,,10.33333333,103.69218696,,,0.41428571
2019-06-11,192.09565217,77.47826087,,28.12935714,20.06086957,,14.72727273,156.61008636,,,0.78888889
2019-06-12,182.67916667,74.59583333,,26.92766708,21.08636364,,17.45833333,113.83227545,,,0.99130435
2019-06-13,,,,,,,,82.69458292,,,
2019-06-14,,,,,,,,129.36927005,,,
2019-06-15,,,,,,,,107.96157963,,,
2019-06-16,,,,,,,,162.170875,,,
2019-06-17,,,,,,,,159.53818333,,,
2019-06-18,,,,,,,,146.90148357,,,
2019-06-19,,,,,,,,110.6417375,,,
2019-06-20,,,,,,,,100.91889258,,,
2019-06-21,,,,,,,,140.16805217,,,
2019-06-22,,,,,,,,140.86911708,,,
2019-06-23,,,,,,,,96.37374783,,,
2019-06-24,,,,,,,,109.12331161,,,
2019-06-25,,,,,,,,124.47874129,,,
2019-06-26,,,,,,,,176.34935217,,,
2019-06-27,,,,,,,,144.36710925,,,
2019-06-28,,,,,,,,122.27214154,,,
2019-06-29,,,,,,,,191.73889375,,,
2019-06-30,,,,,,,,143.99539167,,,
2019-07-01,197.16149708,80.2282875,,19.46410908,19.62431667,,21.79166667,147.7366787,,,0.34453631
2019-07-02,243.92891458,77.81778333,,27.61434711,20.527725,,37.0,94.70777083,,,0.61846084
2019-07-03,274.76809083,74.72965,,24.97389889,21.1146375,,43.45833333,122.22375042,,,1.11014775
2019-07-04,178.02916667,82.7,,18.32781712,19.43333333,,31.75,148.09175091,,,0.49583333
2019-07-05,254.10129542,72.8374875,,37.03984806,22.39195833,,17.25,137.47697269,,,0.54545998
2019-07-06,203.03249208,86.28905417,,12.72810493,17.91092917,,11.08333333,272.01232882,,,0.76398162
2019-07-07,197.42141364,68.46595,,32.020544,20.18308636,,10.45833333,173.8155345,,,0.44846752
2019-07-08,223.4875,61.5375,,46.54709664,21.2125,,34.47826087,12.2070125,,,0.77727273
2019-07-09,,,,39.87649059,,,18.58333333,,,,
2019-07-10,207.74166667,75.1625,,23.76753753,19.69166667,,8.90909091,,,,0.52083333
2019-07-11,209.20833333,77.22916667,,39.11943651,20.47916667,,17.34782609,,,,0.48181818
2019-07-12,183.8625,87.5,,19.50498289,17.1125,,17.625,,,,0.4
2019-07-13,,,,,,,,,,,
2019-07-14,,,,,,,,,,,
2019-07-15,,,,,,,,132.68333333,,,
2019-07-16,,,,,,,,159.05,,,
2019-07-17,,,,,,,,168.79130435,,,
2019-07-18,,,,,,,,171.65833333,,,
2019-07-19,,,,,,,,193.20909091,,,
2019-07-20,,,,,,,,217.64761905,,,
2019-07-21,,,,,,,,181.48,,,
2019-07-22,,,,,,,,92.53478261,,,
2019-07-23,,,,,,,,148.61904762,,,
2019-07-24,,,,,,,,124.95,,,
2019-07-25,,,,,,,,183.84761905,,,
2019-07-26,,,,,,,,181.13,,,
2019-07-27,,,,,,,,175.68571429,,,
2019-07-28,,,,,,,,136.77142857,,,
2019-07-29,,,,,,,,144.15217391,,,
2019-07-30,,,,,,,,142.125,,,
2019-07-31,,,,,,,,157.68181818,,,
2019-08-01,206.61952917,78.47995833,,21.73669301,19.0498625,,22.75,132.8826087,,,0.40840153
2019-08-02,211.65922083,76.24620833,,27.4426771,20.05950833,,40.45833333,120.39130435,,,0.50420786
2019-08-03,262.86226296,72.93457917,,31.75077685,21.25929167,,41.95833333,80.81363636,,,1.47347013
2019-08-04,211.99583333,80.9875,,21.70399396,19.96666667,,37.625,181.69090909,,,0.69473684
2019-08-05,182.09257,85.983425,,9.40097667,18.76721667,,16.5,165.54166667,,,0.3397583
2019-08-06,185.45270417,80.45818333,,22.55416924,19.46540833,,12.69565217,150.78333333,,,0.50254983
2019-08-07,189.17575,84.22265,,34.3421765,16.6702875,,17.17391304,159.43043478,,,0.19373363
2019-08-08,214.325,61.63333333,,40.71849111,22.09583333,,21.66666667,169.1625,,,1.03333333
2019-08-09,214.7625,57.64583333,,43.11369647,21.50833333,,16.375,172.93478261,,,0.675
2019-08-10,203.5,80.40833333,,21.17263441,19.08333333,,16.08333333,164.88571429,,,0.715
2019-08-11,234.40416667,81.5625,,27.99856094,19.9875,,18.08333333,111.15714286,,,0.50454545
2019-08-12,172.675,80.72916667,,29.28199862,18.11666667,,11.75,162.23181818,,,0.47692308
2019-08-13,,,,,,,,141.4,,,
2019-08-14,,,,,,,,106.02916667,,,
2019-08-15,,,,,,,,129.25652174,,,
2019-08-16,,,,,,,,82.96666667,,,
2019-08-17,,,,,,,,104.36666667,,,
2019-08-18,,,,,,,,169.75,,,
2019-08-19,,,,,,,,138.99166667,,,
2019-08-20,,,,,,,,148.43478261,,,
2019-08-21,,,,,,,,173.27142857,,,
2019-08-22,,,,,,,,162.0,,,
2019-08-23,,,,,,,,105.2173913,,,
2019-08-24,,,,,,,,131.22173913,,,
2019-08-25,,,,,,,,155.87826087,,,
2019-08-26,,,,,,,,151.65,,,
2019-08-27,,,,,,,,156.23043478,,,
2019-08-28,,,,,,,,98.9173913,,,
2019-08-29,,,,,,,,138.10416667,,,
2019-08-30,,,,,,,,205.07391304,,,
2019-08-31,,,,,,,,130.50454545,,,
2019-09-01,193.38557083,83.4724875,,16.34952464,17.4717125,,14.66666667,152.3875,,,0.63842787
2019-09-02,207.18975958,71.73472083,,25.03929698,20.51050417,,33.16666667,100.15652174,,,0.77799163
2019-09-03,289.02611458,67.84026667,,35.95260468,22.0928625,,31.70833333,190.87619048,,,1.31759825
2019-09-04,148.3417,89.12692,,10.72144121,17.80172,,28.95,133.15217391,,,0.15474283
2019-09-05,218.36304167,84.68244167,,21.4996249,18.88752917,,19.54166667,154.6,,,0.48592158
2019-09-06,154.7938125,78.14629583,,19.94642006,20.814425,,10.73913043,85.93043478,,,0.35550545
2019-09-07,,,,21.66312015,,,17.70833333,,,,
2019-09-08,243.80416667,57.70833333,,37.57120762,21.86666667,,16.375,159.71304348,,,1.0047619
2019-09-09,278.75416667,64.21666667,,45.01024133,21.22916667,,17.125,120.74583333,,,0.955
2019-09-10,155.3,82.12916667,,26.35543371,18.2375,,15.29166667,167.06363636,,,0.50909091
2019-09-11,178.64583333,85.15,,18.85100191,17.22916667,,9.30434783,143.65833333,,,0.64
2019-09-12,180.46666667,73.39583333,,34.17868126,20.12916667,,12.33333333,,,,0.5
2019-09-13,,,,,,,,134.03333333,,,
2019-09-14,,,,,,,,90.3875,,,
2019-09-15,,,,,,,,141.74090909,,,
2019-09-16,,,,,,,,159.35,,,
2019-09-17,,,,,,,,115.34583333,,,
2019-09-18,,,,,,,,77.57391304,,,
2019-09-19,,,,,,,,170.61304348,,,
2019-09-20,,,,,,,,125.03478261,,,
2019-09-21,,,,,,,,101.2,,,
2019-09-22,,,,,,,,142.88333333,,,
2019-09-23,,,,,,,,121.2,,,
2019-09-24,,,,,,,,174.85714286,,,
2019-09-25,,,,,,,,163.66956522,,,
2019-09-26,,,,,,,,154.48636364,,,
2019-09-27,,,,,,,,135.22916667,,,
2019-09-28,,,,,,,,165.66666667,,,
2019-09-29,,,,,,,,141.53043478,,,
2019-09-30,,,,,,,,168.3375,,,
2019-10-01,236.8209125,83.19999583,,9.89146241,18.14110833,,18.33333333,192.17826087,,,0.59721675
2019-10-02,213.27461458,78.64429583,,29.30652291,19.85798333,,33.20833333,130.925,,,0.88191034
2019-10-03,234.02674125,81.43360417,,29.20842577,19.6881375,,23.58333333,84.69565217,,,0.82284004
2019-10-04,221.83833333,83.30670417,,16.03888367,18.64270833,,28.125,139.77391304,,,0.37848896
2019-10-05,185.78679167,80.00190417,,15.02669946,19.7559625,,7.16666667,157.51304348,,,0.94926513
2019-10-06,150.525475,80.53790417,,23.01195593,20.25954583,,15.89473684,106.79565217,,,0.47660696
2019-10-07,,,,28.6870181,,,16.33333333,189.92727273,,,
2019-10-08,230.64166667,60.725,,37.90637287,21.70416667,,17.25,108.66818182,,,1.07916667
2019-10-09,223.25833333,58.85416667,,40.99643303,22.975,,22.04347826,148.00454545,,,0.90434783
2019-10-10,145.47916667,80.575,,28.68524098,18.95652174,,22.375,97.26521739,,,0.34615385
2019-10-11,211.4875,82.92916667,,34.78361367,18.93333333,,13.83333333,128.05416667,,,0.66363636
2019-10-12,168.15833333,77.32916667,,26.68242421,19.60416667,,17.83333333,124.67826087,,,0.4
2019-10-13,,,,,,,,101.65416667,,,
2019-10-14,,,,,,,,104.23478261,,,
2019-10-15,,,,,,,,114.59583333,,,
2019-10-16,,,,,,,,125.7826087,,,
2019-10-17,,,,,,,,148.67826087,,,
2019-10-18,,,,,,,,126.3,,,
2019-10-19,,,,,,,,107.50952381,,,
2019-10-20,,,,,,,,100.45,,,
2019-10-21,,,,,,,,88.8125,,,
2019-10-22,,,,,,,,121.88333333,,,
2019-10-23,,,,,,,,167.325,,,
2019-10-24,,,,,,,,150.8,,,
2019-10-25,,,,,,,,108.02916667,,,
2019-10-26,,,,,,,,112.7375,,,
2019-10-27,,,,,,,,132.6173913,,,
2019-10-28,,,,,,,,130.80454545,,,
2019-10-29,,,,,,,,168.20869565,,,
2019-10-30,,,,,,,,170.75416667,,,
2019-10-31,,,,,,,,133.62727273,,,
2019-11-01,277.24894583,74.9006,,15.50787954,19.43197917,,17.54166667,108.6826087,,,0.60586846
2019-11-02,187.6456625,74.88485,,32.91799074,21.01860833,,34.43478261,145.59583333,,,0.69248875
2019-11-03,171.64102208,82.9029625,,23.79673311,19.19611667,,26.66666667,93.71666667,,,0.44655228
2019-11-04,240.63643046,77.82558333,,37.71835334,20.42380833,,19.66666667,147.64545455,,,0.72622533
2019-11-05,189.91842708,83.97235,,20.3061096,19.23651667,,18.95833333,93.4375,,,0.37234477
2019-11-06,173.4667225,77.29966667,,31.79982542,20.7129875,,15.0,136.08636364,,,0.7684475
2019-11-07,,,,25.39081176,,,17.29166667,137.57916667,,,
2019-11-08,183.575,63.57083333,,41.9365307,21.6125,,14.75,104.60869565,,,0.61904762
2019-11-09,168.86666667,65.04166667,,43.60418221,21.8,,21.11111111,54.8375,,,0.68571429
2019-11-10,213.90416667,79.27916667,,16.76643752,18.94090909,,19.875,109.86666667,,,0.62352941
2019-11-11,170.8125,80.5375,,36.04252706,20.02916667,,10.66666667,155.30434783,,,0.515
2019-11-12,171.3,82.60833333,,21.09088678,18.45416667,,19.16666667,84.425,,,0.65454545
2019-11-13,,,,,,,,80.29130435,,,
2019-11-14,,,,,,,,91.47391304,,,
2019-11-15,,,,,,,,118.90434783,,,
2019-11-16,,,,,,,,159.63333333,,,
2019-11-17,,,,,,,,96.94166667,,,
2019-11-18,,,,,,,,169.38571429,,,
2019-11-19,,,,,,,,150.82608696,,,
2019-11-20,,,,,,,,91.9,,,
2019-11-21,,,,,,,,139.37142857,,,
2019-11-22,,,,,,,,154.19166667,,,
2019-11-23,,,,,,,,154.24090909,,,
2019-11-24,,,,,,,,136.47916667,,,
2019-11-25,,,,,,,,148.13913043,,,
2019-11-26,,,,,,,,116.77391304,,,
2019-11-27,,,,,,,,128.24166667,,,
2019-11-28,,,,,,,,127.41363636,,,
2019-11-29,,,,,,,,79.05833333,,,
2019-11-30,,,,,,,,177.30454545,,,
2019-12-01,291.39533375,72.55790417,,14.28948453,19.6990125,,20.08333333,165.47391304,,,1.03050992
2019-12-02,236.78874125,80.2115375,,40.53047158,20.60186667,,51.08333333,103.90833333,,,0.48153134
2019-12-03,218.83207083,80.72978333,,27.11568661,19.37527083,,25.875,72.2375,,,0.5005679
2019-12-04,258.67620833,75.62939167,,35.81363372,21.52019167,,23.45833333,112.70416667,,,0.57883988
2019-12-05,234.13517917,79.9441625,,26.06931703,20.17625,,6.04545455,155.525,,,0.42772745
2019-12-06,185.85175263,83.28951667,,27.205609,19.29076667,,18.08333333,159.14166667,,,0.59117189
2019-12-07,,,,25.55430701,,,17.375,55.01363636,,,
2019-12-08,163.97083333,60.95,,40.07268489,22.3875,,16.375,123.86521739,,,0.66666667
2019-12-09,,,,38.43773242,,,12.93333333,171.13636364,,,
2019-12-10,228.3125,82.60416667,,26.96036613,18.3625,,19.70833333,136.37826087,,,0.64615385
2019-12-11,181.42083333,85.00833333,,25.83224893,18.22083333,,8.39130435,106.11666667,,,0.68888889
2019-12-12,223.0,79.05416667,,35.9035561,19.2875,,15.25,127.41666667,,,0.57058824
2019-12-13,,,,,,,,100.3125,,,
2019-12-14,,,,,,,,97.075,,,
2019-12-15,,,,,,,,136.465,,,
2019-12-16,,,,,,,,123.46956522,,,
2019-12-17,,,,,,,,83.60909091,,,
2019-12-18,,,,,,,,95.32608696,,,
2019-12-19,,,,,,,,116.26666667,,,
2019-12-20,,,,,,,,138.2,,,
2019-12-21,,,,,,,,122.875,,,
2019-12-22,,,,,,,,91.7875,,,
2019-12-23,,,,,,,,111.64782609,,,
2019-12-24,,,,,,,,140.5,,,
2019-12-25,,,,,,,,122.22916667,,,
2019-12-26,,,,,,,,114.06086957,,,
2019-12-27,,,,,,,,61.99130435,,,
2019-12-28,,,,,,,,139.03333333,,,
2019-12-29,,,,,,,,121.36666667,,,
2019-12-30,,,,,,,,67.97391304,,,
2019-12-31,,,,,,,,98.20869565,,,
2020-01-01,215.47916667,83.76666667,,34.75908938,19.53333333,,15.65217391,129.00869565,,,0.28333333
2020-01-02,230.03333333,70.1875,,35.80545896,22.16666667,,18.25,195.795,,,0.50416667
2020-01-03,242.87083333,75.62083333,,41.83025878,21.03181818,,37.875,169.26666667,,,0.57
2020-01-04,271.94583333,82.55,,40.65309301,19.19166667,,10.9375,168.04166667,,,0.57916667
2020-01-05,210.08333333,83.40416667,,40.88198636,19.35,,15.70833333,162.95217391,,,0.22307692
2020-01-06,218.91666667,81.09322646,,31.80053627,18.87396469,0.07666667,10.31818182,180.32272727,,,1.30666667
2020-01-07,209.25,87.45050694,,35.04520606,18.05684722,0.6175,11.3125,170.76521739,,,1.42
2020-01-08,256.875,70.0531024,,36.2959447,20.21398411,0.02791667,12.22916667,188.28095238,,,1.44041667
2020-01-09,218.30434783,81.78746057,,22.75036354,18.73307545,0.30291667,17.04166667,172.60869565,,,0.94304348
2020-01-10,215.5,81.36364131,,33.10778739,19.15296754,0.00958333,18.25,180.04545455,,,1.22333333
2020-01-11,205.69565217,81.56002579,,22.20265446,18.19481845,0.17,8.33333333,177.4047619,,,1.46608696
2020-01-12,201.0,86.71753472,,22.47242162,18.24784722,0.06333333,21.95833333,121.73913043,,,1.57625
2020-01-13,,,,,,,,139.98695652,,,
2020-01-14,,,,,,,,138.2,,,
2020-01-15,,,,,,,,73.87916667,,,
2020-01-16,,,,,,,,127.2,,,
2020-01-17,,,,,,,,116.8125,,,
2020-01-18,,,,,,,,129.63478261,,,
2020-01-19,,,,,,,,115.575,,,
2020-01-20,,,,,,,,35.10909091,,,
2020-01-21,,,,,,,,147.06521739,,,
2020-01-22,,,,,,,,73.62631579,,,
2020-01-23,,,,,,,,148.02083333,,,
2020-01-24,,,,,,,,116.64166667,,,
2020-01-25,,,,,,,,156.01818182,,,
2020-01-26,,,,,,,,154.67826087,,,
2020-01-27,,,,,,,,170.97083333,,,
2020-01-28,,,,,,,,146.33478261,,,
2020-01-29,,,,,,,,165.56521739,,,
2020-01-30,,,,,,,,151.61363636,,,
2020-01-31,,,,,,,,162.98695652,,,
2020-02-01,247.8625,76.55416667,,29.73978532,21.13636364,,10.04347826,131.82083333,,,0.71304348
2020-02-02,210.67916667,78.25416667,,34.75091462,20.2,,15.33333333,117.13913043,,,0.55909091
2020-02-03,242.30833333,69.45,,42.47606501,21.8125,,32.875,172.14782609,,,0.46363636
2020-02-04,262.29565217,73.75217391,,54.64011134,21.06521739,,11.125,174.625,,,0.72857143
2020-02-05,219.32083333,75.625,,36.83547901,21.35833333,,11.79166667,169.4173913,,,0.63181818
2020-02-06,171.13043478,83.08953993,,25.17009318,19.02062496,0.01458333,19.41666667,176.25833333,,,1.27
2020-02-07,152.375,84.5251669,,31.03957252,18.42465643,0.27791667,10.83333333,161.6,,,0.91541667
2020-02-08,272.5,60.024625,,40.13808299,20.61183333,0.0,9.22916667,143.03333333,,,1.7375
2020-02-09,182.47619048,85.34410809,,30.05042628,17.29171129,0.20208333,13.125,171.30454545,,,1.04428571
2020-02-10,229.17391304,87.98023945,,29.38009577,17.71252532,0.20958333,19.20833333,169.04166667,,,0.90217391
2020-02-11,194.91666667,75.74947222,,18.54036094,19.39940278,0.00041667,10.13043478,165.12083333,,,1.80958333
2020-02-12,187.25,90.1893254,,8.99223855,17.26077183,0.38625,11.79166667,150.02173913,,,1.2475
2020-02-13,,,,,,,,137.7826087,,,
2020-02-14,,,,,,,,116.85,,,
2020-02-15,,,,,,,,100.47826087,,,
2020-02-16,,,,,,,,112.22380952,,,
2020-02-17,,,,,,,,122.10869565,,,
2020-02-18,,,,,,,,183.6125,,,
2020-02-19,,,,,,,,174.95714286,,,
2020-02-20,,,,,,,,110.58571429,,,
2020-02-21,,,,,,,,123.26666667,,,
2020-02-22,,,,,,,,94.75416667,,,
2020-02-23,,,,,,,,127.36956522,,,
2020-02-24,,,,,,,,155.73043478,,,
2020-02-25,,,,,,,,154.79565217,,,
2020-02-26,,,,,,,,102.405,,,
2020-02-27,,,,,,,,129.10833333,,,
2020-02-28,,,,,,,,165.01304348,,,
2020-02-29,,,,,,,,147.8875,,,
2020-03-01,210.49166667,71.44166667,,39.88466536,21.125,,12.75,111.17391304,,,0.79583333
2020-03-02,238.28333333,69.30833333,,31.34203873,21.33333333,,11.95652174,137.54782609,,,0.62272727
2020-03-03,263.55416667,73.27916667,,39.54132534,21.99166667,,23.875,123.20833333,,,0.59545455
2020-03-04,241.91666667,76.39166667,,51.25575974,20.98333333,,20.04166667,115.67142857,,,0.54583333
2020-03-05,155.56666667,78.85833333,,44.83857132,20.50833333,,11.83333333,198.52608696,,,0.44583333
2020-03-06,235.5,91.54802778,,14.74016274,16.87220139,0.26833333,12.23809524,161.39545455,,,1.10208333
2020-03-07,176.41666667,82.78453077,,36.62293519,19.18159069,0.2225,11.9,110.0875,,,1.79041667
2020-03-08,190.91304348,70.69919303,,41.92835594,19.75715878,0.005,21.95833333,117.97391304,,,1.28
2020-03-09,196.52380952,83.23065199,,19.21851079,17.52664584,0.00041667,17.54166667,138.97826087,,,0.85285714
2020-03-10,243.47826087,87.28975322,,19.75022576,17.59067584,0.04166667,23.75,107.70454545,,,0.77782609
2020-03-11,181.125,81.31391667,,33.07508835,18.86204861,0.25375,16.25,113.33043478,,,1.1775
2020-03-12,233.81818182,83.69547356,,25.16191842,18.22415318,0.11458333,11.47619048,163.93043478,,,1.03545455
2020-03-13,,,,,,,,132.42272727,,,
2020-03-14,,,,,,,,97.87391304,,,
2020-03-15,,,,,,,,152.36363636,,,
2020-03-16,,,,,,,,172.20833333,,,
2020-03-17,,,,,,,,194.75,,,
2020-03-18,,,,,,,,188.8375,,,
2020-03-19,,,,,,,,202.91818182,,,
2020-03-20,,,,,,,,99.5173913,,,
2020-03-21,,,,,,,,136.58333333,,,
2020-03-22,,,,,,,,216.70434783,,,
2020-03-23,,,,,,,,182.56666667,,,
2020-03-24,,,,,,,,86.3,,,
2020-03-25,,,,,,,,168.225,,,
2020-03-26,,,,,,,,171.1375,,,
2020-03-27,,,,,,,,157.23478261,,,
2020-03-28,,,,,,,,159.80833333,,,
2020-03-29,,,,,,,,138.00833333,,,
2020-03-30,,,,,,,,116.19130435,,,
2020-03-31,,,,,,,,124.38695652,,,
2020-04-01,244.60833333,71.39583333,,50.87972067,20.9,,13.29166667,92.1826087,,,0.75833333
2020-04-02,159.375,60.51666667,,31.50553398,22.06818182,,17.33333333,141.28181818,,,0.85263158
2020-04-03,295.84583333,71.6875,,47.34822335,21.67272727,,43.75,130.52083333,,,0.94
2020-04-04,271.76666667,70.5875,,38.68297529,22.59583333,,19.0,161.17272727,,,1.0625
2020-04-05,181.9625,74.84166667,,37.9881205,21.59166667,,11.875,143.78333333,,,0.74444444
2020-04-06,215.16666667,76.61673929,,39.12441246,19.76191902,0.0,11.60416667,121.94166667,,,1.43166667
2020-04-07,164.83333333,89.736625,,29.83788247,17.98606944,0.6325,,120.06666667,,,1.41208333
2020-04-08,250.29166667,65.90298067,,42.77853122,20.61151577,0.0,22.54166667,103.6125,,,1.41583333
2020-04-09,233.83333333,83.20985496,,26.23281228,18.80473874,0.24875,16.33333333,116.0625,,,1.03166667
2020-04-10,161.95652174,91.14910319,,24.385316,16.92320426,0.34625,13.08333333,71.975,,,0.73695652
2020-04-11,204.29166667,86.04214583,,17.54303994,18.71334722,0.33166667,18.79166667,93.19166667,,,0.90041667
2020-04-12,188.94117647,81.96562213,,17.62478756,18.71975402,0.01708333,14.91666667,116.63181818,,,0.75588235
2020-04-13,,,,,,,,98.6,,,
2020-04-14,,,,,,,,116.175,,,
2020-04-15,,,,,,,,216.445,,,
2020-04-16,,,,,,,,175.20416667,,,
2020-04-17,,,,,,,,145.47619048,,,
2020-04-18,,,,,,,,83.73478261,,,
2020-04-19,,,,,,,,150.90434783,,,
2020-04-20,,,,,,,,131.275,,,
2020-04-21,,,,,,,,123.26666667,,,
2020-04-22,,,,,,,,146.92272727,,,
2020-04-23,,,,,,,,102.83333333,,,
2020-04-24,,,,,,,,92.00416667,,,
2020-04-25,,,,,,,,154.35833333,,,
2020-04-26,,,,,,,,154.59565217,,,
2020-04-27,,,,,,,,87.95217391,,,
2020-04-28,,,,,,,,181.12083333,,,
2020-04-29,,,,,,,,97.17826087,,,
2020-04-30,,,,,,,,118.53181818,,,
2020-05-01,191.81666667,70.25833333,,45.84406709,19.97916667,,14.0,76.33913043,,,0.66363636
2020-05-02,217.45416667,61.54166667,,38.53582957,20.35833333,,17.66666667,160.52727273,,,0.94736842
2020-05-03,240.48333333,61.6875,,50.20939016,22.2625,,30.29166667,112.51666667,,,1.19047619
2020-05-04,228.8125,70.97916667,,43.34258982,22.72083333,,15.33333333,163.53181818,,,0.795
2020-05-05,192.62916667,76.07083333,,40.86563683,21.3375,,9.45833333,190.83913043,,,0.67727273
2020-05-06,192.47826087,78.3920871,,40.23618013,20.04806992,0.02041667,13.20833333,147.125,,,1.15782609
2020-05-07,223.08333333,89.26102389,,26.26551133,17.08507027,0.10791667,,138.95416667,,,1.11833333
2020-05-08,206.54166667,76.02111382,,30.70440727,19.4489362,0.00125,22.04166667,142.525,,,1.14333333
2020-05-09,262.13043478,74.92695894,,30.64718394,20.30465938,0.1875,9.70833333,146.79583333,,,1.58521739
2020-05-10,185.54166667,89.83786513,,23.40434452,17.32543989,0.18208333,14.16666667,147.51304348,,,0.86708333
2020-05-11,203.66666667,84.87943056,,23.45339309,17.98575694,0.07083333,15.875,80.92916667,,,0.99708333
2020-05-12,203.81818182,80.70672774,,23.63323787,19.67561621,0.0175,13.33333333,116.63043478,,,1.08954545
2020-05-13,,,,,,,,138.06363636,,,
2020-05-14,,,,,,,,135.17083333,,,
2020-05-15,,,,,,,,115.8173913,,,
2020-05-16,,,,,,,,144.84166667,,,
2020-05-17,,,,,,,,126.90454545,,,
2020-05-18,,,,,,,,101.34444444,,,
2020-05-19,,,,,,,,,,,
2020-05-20,,,,,,,,,,,
2020-05-21,,,,,,,,,,,
2020-05-22,,,,,,,,,,,
2020-05-23,,,,,,,,,,,
2020-05-24,,,,,,,,,,,
2020-05-25,,,,,,,,,,,
2020-05-26,,,,,,,,,,,
2020-05-27,,,,,,,,,,,
2020-05-28,,,,,,,,,,,
2020-05-29,,,,,,,,,,,
2020-05-30,,,,,,,,,,,
2020-05-31,,,,,,,,,,,
2020-06-01,197.43333333,69.7,,47.32369906,19.62916667,,13.16666667,,,,0.75882353
2020-06-02,191.5625,64.90833333,,50.3320116,20.2125,,20.375,,,,0.3875
2020-06-03,260.25416667,65.6875,,54.49296562,23.02916667,,60.0,,,,0.57
2020-06-04,257.9625,72.66666667,,45.72962041,21.97916667,,13.29166667,,,,1.05714286
2020-06-05,226.725,74.63333333,,48.41094245,21.70416667,,14.83333333,,,,0.48947368
2020-06-06,221.45833333,79.18313865,,33.16501073,19.61572364,0.0075,19.0,,,,1.0025
2020-06-07,189.83333333,88.37712949,,19.25506873,17.73879981,0.34625,10.6,,,,1.08833333
2020-06-08,173.86956522,77.57553268,,30.75345585,18.92719795,0.0,33.29166667,,,,1.24347826
2020-06-09,193.875,77.05180405,,39.24703389,19.31890107,0.0925,9.5,,,,1.3725
2020-06-10,253.52173913,85.0037658,,24.67376833,18.44217532,0.09791667,19.45833333,,,,0.79391304
2020-06-11,194.79166667,82.9403125,,15.58927174,17.77913889,0.02833333,17.58333333,,,,1.35958333
2020-06-12,235.91666667,80.23878472,,22.33345066,19.512375,0.02541667,7.60416667,,,,1.20833333
2020-06-13,,,,,,,,,,,
2020-06-14,,,,,,,,,,,
2020-06-15,,,,,,,,,,,
2020-06-16,,,,,,,,,,,
2020-06-17,,,,,,,,,,,
2020-06-18,,,,,,,,,,,
2020-06-19,,,,,,,,,,,
2020-06-20,,,,,,,,,,,
2020-06-21,,,,,,,,,,,
2020-06-22,,,,,,,,,,,
2020-06-23,,,,,,,,,,,
2020-06-24,,,,,,,,,,,
2020-06-25,,,,,,,,,,,
2020-06-26,,,,,,,,,,,
2020-06-27,,,,,,,,,,,
2020-06-28,,,,,,,,,,,
2020-06-29,,,,,,,,,,,
2020-06-30,,,,,,,,,,,
2020-07-01,266.10833333,68.625,,43.82490079,19.875,,11.56521739,,,,0.58421053
2020-07-02,257.125,69.39166667,,47.66703908,20.5125,,33.73913043,,,,0.57272727
2020-07-03,226.90833333,71.3375,,50.11946778,21.25833333,,60.95833333,,,,0.73636364
2020-07-04,233.4875,68.65416667,,53.38119794,22.3375,,9.91666667,,,,0.55833333
2020-07-05,142.9375,73.12916667,,38.36415956,22.4375,,7.64583333,,,,0.46666667
2020-07-06,159.20833333,72.85120235,,46.75964047,19.72571839,0.00041667,7.14583333,,,,1.34708333
2020-07-07,188.25,85.65888889,,,18.31972222,0.09791667,18.04166667,,,,1.46166667
2020-07-08,253.45833333,67.67783357,,32.16768973,21.19825624,0.0,16.91666667,,,,1.73041667
2020-07-09,180.54166667,84.86612137,,28.72113885,18.16704925,0.19583333,12.39130435,,,,0.86666667
2020-07-10,158.36363636,85.04861662,,32.60095213,18.32245092,0.06166667,18.58333333,,,,1.30272727
2020-07-11,230.95652174,82.55867094,,26.28186086,18.02823878,0.39833333,20.79166667,,,,1.43826087
2020-07-12,220.625,80.08320139,,22.67679067,19.17958333,0.00083333,16.54166667,,,,1.165
2020-07-13,,,,,,,,,,,
2020-07-14,,,,,,,,,,,
2020-07-15,,,,,,,,,,,
2020-07-16,,,,,,,,,,,
2020-07-17,,,,,,,,,,,
2020-07-18,,,,,,,,,,,
2020-07-19,,,,,,,,,,,
2020-07-20,,,,,,,,,,,
2020-07-21,,,,,,,,,,,
2020-07-22,,,,,,,,,,,
2020-07-23,,,,,,,,,,,
2020-07-24,,,,,,,,,,,
2020-07-25,,,,,,,,,,,
2020-07-26,,,,,,,,,,,
2020-07-27,,,,,,,,,,,
2020-07-28,,,,,,,,,,,
2020-07-29,,,,,,,,,,,
2020-07-30,,,,,,,,,,,
2020-07-31,,,,,,,,,,,
2020-08-01,191.4875,63.69583333,,34.17868126,19.6,,10.91666667,,,,0.87083333
2020-08-02,265.42916667,72.34166667,,47.18472811,20.8125,,38.83333333,,,,0.71428571
2020-08-03,244.8875,71.1,,48.18204911,21.39166667,,53.125,,,,1.23809524
2020-08-04,197.34166667,72.54166667,,52.98063459,22.3,,14.33333333,,,,0.78333333
2020-08-05,184.225,70.59583333,,42.71313312,21.82916667,,9.56521739,,,,0.51875
2020-08-06,273.125,71.28628472,,37.2278676,20.95132639,0.0,9.58333333,,,,1.58583333
2020-08-07,201.33333333,84.87256792,,,18.65007393,0.50541667,9.20833333,,,,1.33333333
2020-08-08,270.0,63.4314699,,32.49468022,21.70152005,0.0,8.70833333,,,,1.97130435
2020-08-09,209.5,89.58576692,,25.08834556,16.29871405,0.175,13.58333333,,,,1.09958333
2020-08-10,152.08333333,81.63897784,,36.32864375,18.60721991,0.00041667,23.29166667,,,,0.94375
2020-08-11,211.70833333,86.66367361,,19.44775956,18.12979861,0.04583333,17.79166667,,,,1.09083333
2020-08-12,141.79166667,80.24574306,,21.57319776,19.43166667,0.0,14.33333333,,,,1.35125
2020-08-13,,,,,,,,,,,
2020-08-14,,,,,,,,,,,
2020-08-15,,,,,,,,,,,
2020-08-16,,,,,,,,,,,
2020-08-17,,,,,,,,,,,
2020-08-18,,,,,,,,,,,
2020-08-19,,,,,,,,,,,
2020-08-20,,,,,,,,,,,
2020-08-21,,,,,,,,,,,
2020-08-22,,,,,,,,,,,
2020-08-23,,,,,,,,,,,
2020-08-24,,,,,,,,,,,
2020-08-25,,,,,,,,,,,
2020-08-26,,,,,,,,,,,
2020-08-27,,,,,,,,,,,
2020-08-28,,,,,,,,,,,
2020-08-29,,,,,,,,,,,
2020-08-30,,,,,,,,,,,
2020-08-31,,,,,,,,,,,
2020-09-01,180.11666667,63.52916667,,41.21715161,20.49166667,,11.08695652,,,,1.02
2020-09-02,207.375,70.41666667,,56.43855905,20.2,,33.56521739,,,,0.56315789
2020-09-03,231.3875,70.11666667,,47.79783528,21.96666667,,56.45833333,,,,0.825
2020-09-04,226.475,79.2,,48.65618532,20.19583333,,11.41666667,,,,0.65833333
2020-09-05,153.18333333,63.725,,43.04829837,23.37916667,,8.95454545,,,,0.64285714
2020-09-06,184.08333333,80.00972031,,32.65817546,18.90119173,0.13666667,17.41666667,,,,1.24333333
2020-09-07,216.0,77.8876682,,19.68482766,19.29859781,0.15541667,8.56521739,,,,1.41875
2020-09-08,223.08333333,66.63392849,,33.33668074,21.27540657,0.00125,10.4375,,,,1.54916667
2020-09-09,172.08333333,86.8777799,,24.06650027,16.19226895,0.20291667,17.68181818,,,,0.92083333
2020-09-10,203.16666667,81.81330555,,29.05310528,18.94939583,0.0075,14.54166667,,,,0.76666667
2020-09-11,184.66666667,88.84011806,,5.41496256,17.42918056,0.17208333,17.04166667,,,,1.08833333
2020-09-12,196.39130435,86.77984741,,15.76094175,18.14248127,0.03875,14.79166667,,,,1.03217391
2020-09-13,,,,,,,,,,,
2020-09-14,,,,,,,,,,,
2020-09-15,,,,,,,,,,,
2020-09-16,,,,,,,,,,,
2020-09-17,,,,,,,,,,,
2020-09-18,,,,,,,,,,,
2020-09-19,,,,,,,,,,,
2020-09-20,,,,,,,,,,,
2020-09-21,,,,,,,,,,,
2020-09-22,,,,,,,,,,,
2020-09-23,,,,,,,,,,,
2020-09-24,,,,,,,,,,,
2020-09-25,,,,,,,,,,,
2020-09-26,,,,,,,,,,,
2020-09-27,,,,,,,,,,,
2020-09-28,,,,,,,,,,,
2020-09-29,,,,,,,,,,,
2020-09-30,,,,,,,,,,,
2020-10-01,230.675,61.575,,35.58474038,21.02083333,,12.91666667,,,,1.14545455
2020-10-02,223.01666667,66.67083333,,58.98091013,21.33333333,,31.36363636,,,,0.58333333
2020-10-03,204.97083333,78.07272727,,52.73539172,19.90416667,,46.66666667,,,,0.60952381
2020-10-04,230.37083333,81.94166667,,39.00179102,20.71666667,,13.54166667,,,,0.32916667
2020-10-05,166.08333333,71.875,,46.63701903,21.66666667,,7.75,,,,0.70526316
2020-10-06,210.54166667,85.11478237,,14.73240802,18.03921645,0.03458333,19.54166667,,,,1.52333333
2020-10-07,217.04166667,83.50856418,,31.64450494,19.12888027,0.07333333,16.58333333,,,,1.53833333
2020-10-08,198.82608696,69.49978835,,31.79165066,21.05275936,0.0,22.08333333,,,,1.24
2020-10-09,246.17391304,83.90752342,,28.81603717,18.82722787,0.17416667,16.0,,,,0.99608696
2020-10-10,256.83333333,68.25344445,,32.26578687,20.95247917,0.00041667,13.91666667,,,,1.49958333
2020-10-11,185.25,87.07322917,,,18.12128472,0.37208333,19.125,,,,1.125
2020-10-12,163.33333333,77.65759028,,22.1944797,19.21429167,0.0,13.54166667,,,,1.09458333
2020-10-13,,,,,,,,,,,
2020-10-14,,,,,,,,,,,
2020-10-15,,,,,,,,,,,
2020-10-16,,,,,,,,,,,
2020-10-17,,,,,,,,,,,
2020-10-18,,,,,,,,,,,
2020-10-19,,,,,,,,,,,
2020-10-20,,,,,,,,,,,
2020-10-21,,,,,,,,,,,
2020-10-22,,,,,,,,,,,
2020-10-23,,,,,,,,,,,
2020-10-24,,,,,,,,,,,
2020-10-25,,,,,,,,,,,
2020-10-26,,,,,,,,,,,
2020-10-27,,,,,,,,,,,
2020-10-28,,,,,,,,,,,
2020-10-29,,,,,,,,,,,
2020-10-30,,,,,,,,,,,
2020-10-31,,,,,,,,,,,
2020-11-01,198.475,59.4875,,39.54132534,20.33333333,,9.47826087,,,,1.215
2020-11-02,206.97916667,58.65833333,,50.18486588,21.8625,,30.95833333,,,,0.80454545
2020-11-03,249.59166667,78.48333333,,35.65618069,19.57083333,,49.33333333,,,,0.56818182
2020-11-04,184.71666667,81.40416667,,34.09693363,20.11666667,,7.89583333,,,,0.41363636
2020-11-05,186.38333333,76.85,,33.65549647,20.725,,14.75,,,,0.40555556
2020-11-06,175.45833333,78.78917043,,20.56770199,18.53041184,0.08166667,19.2173913,,,,0.94958333
2020-11-07,151.91666667,87.49830556,,27.205609,17.59761805,0.43375,9.45833333,,,,0.97666667
2020-11-08,179.91666667,81.44938501,,26.87044374,19.29667491,0.3425,28.16666667,,,,1.33333333
2020-11-09,178.83333333,84.14513889,,30.29566915,19.14898611,0.12291667,18.91666667,,,,0.79708333
2020-11-10,198.04166667,79.57899305,,39.19798532,19.15698611,0.07833333,14.47619048,,,,1.21291667
2020-11-11,206.33333333,89.15670833,,,17.3781875,0.07041667,15.29166667,,,,0.85375
2020-11-12,205.29166667,80.11220139,,19.77297293,19.19929861,0.00291667,18.625,,,,1.085
2020-11-13,,,,,,,,,,,
2020-11-14,,,,,,,,,,,
2020-11-15,,,,,,,,,,,
2020-11-16,,,,,,,,,,,
2020-11-17,,,,,,,,,,,
2020-11-18,,,,,,,,,,,
2020-11-19,,,,,,,,,,,
2020-11-20,,,,,,,,,,,
2020-11-21,,,,,,,,,,,
2020-11-22,,,,,,,,,,,
2020-11-23,,,,,,,,,,,
2020-11-24,,,,,,,,,,,
2020-11-25,,,,,,,,,,,
2020-11-26,,,,,,,,,,,
2020-11-27,,,,,,,,,,,
2020-11-28,,,,,,,,,,,
2020-11-29,,,,,,,,,,,
2020-11-30,,,,,,,,,,,
2020-12-01,163.14583333,61.09583333,,44.67507607,20.5875,,9.66666667,,,,0.67727273
2020-12-02,225.99583333,61.07916667,,44.63420226,21.40833333,,28.29166667,,,,0.91363636
2020-12-03,213.78333333,78.14583333,,47.55259241,21.05,,59.33333333,,,,0.61666667
2020-12-04,172.89166667,81.26666667,,34.87353605,19.99090909,,12.0,,,,0.64210526
2020-12-05,181.77083333,77.00833333,,47.40544669,20.70416667,,16.58333333,,,,0.39
2020-12-06,224.45833333,84.23822254,,18.00082663,17.9335224,0.05333333,12.91666667,,,,1.25041667
2020-12-07,224.375,86.37943056,,24.9493746,18.08209028,0.03458333,14.58333333,,,,1.05375
2020-12-08,209.41666667,77.57197617,,25.12921937,19.83434614,0.12625,9.65909091,,,,1.16416667
2020-12-09,193.36363636,82.80081351,,40.10538393,18.37970741,0.37666667,15.54166667,,,,1.36636364
2020-12-10,189.33333333,85.49008868,,34.57924461,18.35122382,0.0625,18.91666667,,,,1.14541667
2020-12-11,171.69565217,86.70100493,,,17.86536066,0.03458333,27.04166667,,,,1.34
2020-12-12,207.375,83.471375,,18.02535091,17.88166667,0.11541667,15.79166667,,,,1.13625
2020-12-13,,,,,,,,,,,
2020-12-14,,,,,,,,,,,
2020-12-15,,,,,,,,,,,
2020-12-16,,,,,,,,,,,
2020-12-17,,,,,,,,,,,
2020-12-18,,,,,,,,,,,
2020-12-19,,,,,,,,,,,
2020-12-20,,,,,,,,,,,
2020-12-21,,,,,,,,,,,
2020-12-22,,,,,,,,,,,
2020-12-23,,,,,,,,,,,
2020-12-24,,,,,,,,,,,
2020-12-25,,,,,,,,,,,
2020-12-26,,,,,,,,,,,
2020-12-27,,,,,,,,,,,
2020-12-28,,,,,,,,,,,
2020-12-29,,,,,,,,,,,
2020-12-30,,,,,,,,,,,
2020-12-31,,,,,,,,,,,
2021-01-01,173.375,80.74558333,,24.78587935,18.12310417,0.00375,16.33333333,,,,1.27958333
2021-01-02,169.34128292,65.43046156,,34.74682724,20.68668573,0.00083333,18.70833333,,,,1.51081932
2021-01-03,171.58333333,86.29443809,,34.68551652,17.98302284,0.15916667,16.54166667,,,,1.29416667
2021-01-04,236.09090909,81.83684845,,27.79419189,19.8362721,0.0373913,17.70833333,,,,1.235
2021-01-05,200.80122136,87.43876389,,16.13698082,16.73964583,0.04041667,10.66666667,,,,0.90506882
2021-01-06,191.00376442,88.28611361,,19.98729387,17.95176273,0.47625,16.04166667,,,,1.05045778
2021-01-07,201.39556754,86.8405,,17.80463233,17.22913889,0.11958333,14.375,,,,1.05936666
2021-01-08,200.0006431,74.26270833,,27.80236665,19.86293056,0.0,15.04166667,,,,1.03183264
2021-01-09,142.75895824,86.92203472,,24.87580174,18.36383333,0.09,21.66666667,,,,1.29817947
2021-01-10,130.67473742,90.68134722,,24.87580174,16.87027778,0.3425,19.66666667,,,,1.0913653
2021-01-11,198.18469331,81.80427083,,24.87580174,18.30777778,0.00708333,9.33333333,,,,0.82058838
2021-01-12,195.55157502,86.37122222,,20.96009059,18.04557639,0.09541667,15.70833333,,,,0.89670487
2021-01-13,,,,,,,,,,,
2021-01-14,,,,,,,,,,,
2021-01-15,,,,,,,,,,,
2021-01-16,,,,,,,,,,,
2021-01-17,,,,,,,,,,,
2021-01-18,,,,,,,,,,,
2021-01-19,,,,,,,,,,,
2021-01-20,,,,,,,,,,,
2021-01-21,,,,,,,,,,,
2021-01-22,,,,,,,,,,,
2021-01-23,,,,,,,,,,,
2021-01-24,,,,,,,,,,,
2021-01-25,,,,,,,,,,,
2021-01-26,,,,,,,,,,,
2021-01-27,,,,,,,,,,,
2021-01-28,,,,,,,,,,,
2021-01-29,,,,,,,,,,,
2021-01-30,,,,,,,,,,,
2021-01-31,,,,,,,,,,,
2021-02-01,180.0,84.4286875,,24.6877822,17.74852083,0.06083333,13.875,,,,1.08666667
2021-02-02,179.65703655,69.099924,,40.18713156,21.50733813,0.00041667,16.45833333,,,,1.6815299
2021-02-03,200.70833333,84.56374525,,33.80264219,17.51768431,0.26625,16.5,,,,1.20541667
2021-02-04,181.55,80.87399748,,31.51370874,19.42788874,0.24625,11.45833333,,,,1.676
2021-02-05,221.39366448,85.49198611,,18.20519569,17.83850694,0.265,7.29166667,,,,1.34815019
2021-02-06,217.04906599,82.63270916,,18.80195333,19.18915713,0.015,19.45833333,,,,1.2780453
2021-02-07,214.67268445,82.78479167,,25.93034608,19.00818056,0.00958333,15.58333333,,,,0.99647321
2021-02-08,185.8106576,65.52672917,,25.8158994,20.27720139,0.0,14.26086957,,,,0.82976407
2021-02-09,202.93230411,75.72063194,,34.73492052,20.16590972,0.00458333,21.20833333,,,,1.35280729
2021-02-10,153.06921711,84.17384028,,35.69918704,17.93509722,0.01208333,20.29166667,,,,1.07300232
2021-02-11,213.76771726,81.62055556,,23.51061643,18.70618056,0.00375,15.20833333,,,,0.81165784
2021-02-12,234.22474793,79.24524306,,31.25211635,20.05022222,0.0,16.95833333,,,,1.1023459
2021-02-13,,,,,,,,,,,
2021-02-14,,,,,,,,,,,
2021-02-15,,,,,,,,,,,
2021-02-16,,,,,,,,,,,
2021-02-17,,,,,,,,,,,
2021-02-18,,,,,,,,,,,
2021-02-19,,,,,,,,,,,
2021-02-20,,,,,,,,,,,
2021-02-21,,,,,,,,,,,
2021-02-22,,,,,,,,,,,
2021-02-23,,,,,,,,,,,
2021-02-24,,,,,,,,,,,
2021-02-25,,,,,,,,,,,
2021-02-26,,,,,,,,,,,
2021-02-27,,,,,,,,,,,
2021-02-28,,,,,,,,,,,
2021-03-01,213.0,88.21788194,,18.01717615,18.29796528,0.62958333,8.20833333,,,,1.99416667
2021-03-02,183.63312829,73.01912653,,32.96472905,21.07680285,0.0075,19.60416667,,,,1.92566125
2021-03-03,220.61904762,82.84029747,,28.90595956,17.64194647,0.01541667,28.875,,,,1.26
2021-03-04,225.83333333,87.36664127,,29.20025101,18.43717539,0.125,13.70833333,,,,1.11916667
2021-03-05,192.3603449,84.39316667,,25.28453985,17.14672222,0.19208333,11.04166667,,,,1.10235037
2021-03-06,181.55479343,84.29968204,,26.46988039,19.47999689,0.36791667,18.33333333,,,,1.22565035
2021-03-07,224.28486899,79.87895833,,23.34712118,19.26411111,0.00291667,14.95833333,,,,0.8531295
2021-03-08,199.93478255,78.97049306,,26.02026846,18.54720139,0.04208333,21.43478261,,,,0.83724466
2021-03-09,195.29809179,74.51538195,,35.29044893,20.31411806,0.00833333,18.65217391,,,,0.93586892
2021-03-10,199.45893439,81.10665278,,34.01518601,19.23122222,0.04083333,14.33333333,,,,0.94349032
2021-03-11,215.12657853,81.98267361,,18.22971997,18.69480556,0.02833333,6.41666667,,,,1.15212341
2021-03-12,126.85092892,87.29632639,,21.94923683,18.87040278,0.17916667,24.0,,,,1.21719411
2021-03-13,,,,,,,,,,,
2021-03-14,,,,,,,,,,,
2021-03-15,,,,,,,,,,,
2021-03-16,,,,,,,,,,,
2021-03-17,,,,,,,,,,,
2021-03-18,,,,,,,,,,,
2021-03-19,,,,,,,,,,,
2021-03-20,,,,,,,,,,,
2021-03-21,,,,,,,,,,,
2021-03-22,,,,,,,,,,,
2021-03-23,,,,,,,,,,,
2021-03-24,,,,,,,,,,,
2021-03-25,,,,,,,,,,,
2021-03-26,,,,,,,,,,,
2021-03-27,,,,,,,,,,,
2021-03-28,,,,,,,,,,,
2021-03-29,,,,,,,,,,,
2021-03-30,,,,,,,,,,,
2021-03-31,,,,,,,,,,,
2021-04-01,195.54166667,77.87384028,,30.63900917,18.43813889,0.0025,10.5,,,,1.22708333
2021-04-02,232.52519974,67.94542361,,32.16360234,21.32219444,0.00208333,20.31914894,,,,1.69950268
2021-04-03,227.13636364,84.4795324,,32.0859421,18.49969224,0.22833333,34.20833333,,,,1.22545455
2021-04-04,194.14285714,79.6610655,,29.14302767,19.7721078,0.01916667,13.0,,,,1.22
2021-04-05,211.97852199,83.82715972,,24.22182075,17.99788194,0.02541667,16.125,,,,1.12305406
2021-04-06,239.98557237,80.30357615,,27.09116233,19.8340678,0.00458333,14.66666667,,,,0.99186345
2021-04-07,214.53693283,71.73990972,,28.35007572,19.75705556,0.00291667,14.625,,,,1.0627638
2021-04-08,205.6309466,77.15596528,,36.94175092,18.39621528,0.00625,33.33333333,,,,0.99913371
2021-04-09,209.04876835,81.43809028,,28.21927952,19.26090972,0.19,13.95833333,,,,1.39745729
2021-04-10,203.33825174,81.60620833,,2.74672014,19.5210625,0.0075,13.625,,,,1.04937193
2021-04-11,174.04826295,86.41183333,,18.34416664,17.66371528,0.03458333,16.20833333,,,,0.72364497
2021-04-12,197.19793028,86.97217361,,22.24352827,19.01722222,0.12291667,14.5,,,,0.85923761
2021-04-13,,,,,,,,,,,
2021-04-14,,,,,,,,,,,
2021-04-15,,,,,,,,,,,
2021-04-16,,,,,,,,,,,
2021-04-17,,,,,,,,,,,
2021-04-18,,,,,,,,,,,
2021-04-19,,,,,,,,,,,
2021-04-20,,,,,,,,,,,
2021-04-21,,,,,,,,,,,
2021-04-22,,,,,,,,,,,
2021-04-23,,,,,,,,,,,
2021-04-24,,,,,,,,,,,
2021-04-25,,,,,,,,,,,
2021-04-26,,,,,,,,,,,
2021-04-27,,,,,,,,,,,
2021-04-28,,,,,,,,,,,
2021-04-29,,,,,,,,,,,
2021-04-30,,,,,,,,,,,
2021-05-01,193.375,79.96254167,,36.06705135,18.10163889,0.01458333,17.61904762,,,,1.605
2021-05-02,198.89832694,75.06977321,,31.7180778,20.68701306,0.00413043,23.25,,,,1.37623599
2021-05-03,173.31818182,77.99827467,,33.12413692,18.77788827,0.01666667,29.08333333,,,,1.46545455
2021-05-04,208.91304348,79.66095166,,36.63110995,19.06096983,0.4325,8.3125,,,,1.70565217
2021-05-05,191.84679548,83.57662319,,27.43308065,18.54727536,0.01782609,16.73913043,,,,0.97942971
2021-05-06,213.07049168,84.50368005,,16.60294227,19.32651721,0.07958333,16.66666667,,,,0.81946293
2021-05-07,107.09517067,78.38974306,,29.64986293,19.13834722,0.00666667,13.875,,,,0.98328444
2021-05-08,154.72789832,65.54153472,,45.54977564,20.21522222,0.0,30.95833333,,,,1.13907383
2021-05-09,199.5546855,86.22069445,,33.05056405,17.53182639,0.31083333,13.75,,,,1.0073743
2021-05-10,143.69834205,88.88272222,,13.7336007,18.55321528,0.18083333,15.08333333,,,,0.97478983
2021-05-11,163.99384995,81.01558333,,24.47523838,19.37913889,0.00625,15.0,,,,0.98312127
2021-05-12,172.14091836,81.97590972,,27.81054141,19.43558333,0.00041667,14.95833333,,,,0.91413843
2021-05-13,,,,,,,,,,,
2021-05-14,,,,,,,,,,,
2021-05-15,,,,,,,,,,,
2021-05-16,,,,,,,,,,,
2021-05-17,,,,,,,,,,,
2021-05-18,,,,,,,,,,,
2021-05-19,,,,,,,,,,,
2021-05-20,,,,,,,,,,,
2021-05-21,,,,,,,,,,,
2021-05-22,,,,,,,,,,,
2021-05-23,,,,,,,,,,,
2021-05-24,,,,,,,,,,,
2021-05-25,,,,,,,,,,,
2021-05-26,,,,,,,,,,,
2021-05-27,,,,,,,,,,,
2021-05-28,,,,,,,,,,,
2021-05-29,,,,,,,,,,,
2021-05-30,,,,,,,,,,,
2021-05-31,,,,,,,,,,,
2021-06-01,184.875,82.860875,,30.5245625,17.46229861,0.2075,15.04166667,,,,1.59958333
2021-06-02,178.76118225,76.51302467,,43.07691004,20.0626839,0.023125,19.97916667,,,,1.01926761
2021-06-03,259.79166667,81.32148633,,25.03112222,19.66176252,0.00458333,42.17391304,,,,1.65625
2021-06-04,185.77272727,82.4795331,,31.93062162,18.69542387,0.1825,15.20833333,,,,1.10227273
2021-06-05,240.31451057,83.61608333,,26.73964755,18.48302083,0.175,20.20833333,,,,1.0548419
2021-06-06,196.72294229,81.9148005,,28.35007572,19.45150395,0.10708333,11.29166667,,,,1.49044252
2021-06-07,171.94956648,74.70601389,,31.68537875,20.12520833,0.00041667,21.0,,,,0.95627344
2021-06-08,200.92985439,70.78833346,,47.5117186,19.06836382,0.0,25.2173913,,,,1.15294551
2021-06-09,176.20991957,86.21863889,,20.55952723,17.63015972,0.08208333,14.66666667,,,,1.11138917
2021-06-10,177.37897184,86.43254167,,29.3964453,19.29079167,0.24208333,17.54166667,,,,1.2633423
2021-06-11,170.62775103,80.22974306,,29.92780485,18.60325694,0.00208333,16.0,,,,0.90171384
2021-06-12,179.15998669,84.62613194,,27.23013328,19.65973611,0.06291667,18.5,,,,0.9989308
2021-06-13,,,,,,,,,,,
2021-06-14,,,,,,,,,,,
2021-06-15,,,,,,,,,,,
2021-06-16,,,,,,,,,,,
2021-06-17,,,,,,,,,,,
2021-06-18,,,,,,,,,,,
2021-06-19,,,,,,,,,,,
2021-06-20,,,,,,,,,,,
2021-06-21,,,,,,,,,,,
2021-06-22,,,,,,,,,,,
2021-06-23,,,,,,,,,,,
2021-06-24,,,,,,,,,,,
2021-06-25,,,,,,,,,,,
2021-06-26,,,,,,,,,,,
2021-06-27,,,,,,,,,,,
2021-06-28,,,,,,,,,,,
2021-06-29,,,,,,,,,,,
2021-06-30,,,,,,,,,,,
2021-07-01,197.29166667,85.361125,,25.39081176,17.89565972,0.02083333,18.02083333,,,,0.89583333
2021-07-02,179.84080785,75.73717385,,32.17995187,19.46501318,0.00375,15.78723404,,,,0.897582
2021-07-03,198.45833333,82.13981319,,30.97417443,19.90348,0.17541667,31.26086957,,,,1.74833333
2021-07-04,165.9047619,84.53344909,,26.32273467,18.46576336,0.06041667,15.41666667,,,,1.36095238
2021-07-05,215.94567843,82.55700694,,21.81026587,18.49172917,0.06125,16.875,,,,0.82314667
2021-07-06,228.86043997,85.38041431,,18.35234141,18.79771834,0.07166667,9.79166667,,,,0.89633192
2021-07-07,176.62844516,75.55677083,,39.17346103,20.77065972,0.00291667,24.91666667,,,,1.16791559
2021-07-08,187.76564035,75.24007958,,40.28522871,19.54076096,0.0085,23.58333333,,,,0.84034421
2021-07-09,201.0547419,86.91723611,,21.33612965,17.68706944,0.39041667,13.20833333,,,,0.77734642
2021-07-10,193.02267066,84.39418056,,41.63242954,19.04333333,0.00541667,17.95833333,,,,0.97855462
2021-07-11,177.91578785,79.15680556,,2.35433155,19.28620833,0.00208333,16.41666667,,,,1.01528328
2021-07-12,115.21626647,77.85924306,,30.61448489,20.33334722,0.0,24.13043478,,,,1.02526145
2021-07-13,,,,,,,,,,,
2021-07-14,,,,,,,,,,,
2021-07-15,,,,,,,,,,,
2021-07-16,,,,,,,,,,,
2021-07-17,,,,,,,,,,,
2021-07-18,,,,,,,,,,,
2021-07-19,,,,,,,,,,,
2021-07-20,,,,,,,,,,,
2021-07-21,,,,,,,,,,,
2021-07-22,,,,,,,,,,,
2021-07-23,,,,,,,,,,,
2021-07-24,,,,,,,,,,,
2021-07-25,,,,,,,,,,,
2021-07-26,,,,,,,,,,,
2021-07-27,,,,,,,,,,,
2021-07-28,,,,,,,,,,,
2021-07-29,,,,,,,,,,,
2021-07-30,,,,,,,,,,,
2021-07-31,,,,,,,,,,,
2021-08-01,219.29166667,88.74783333,,16.99533086,17.60688889,0.20916667,18.83333333,,,,1.30041667
2021-08-02,187.48225755,74.8446709,,24.18094694,19.9090565,0.01229167,21.3125,,,,1.12058535
2021-08-03,203.91666667,85.25177421,,25.1864427,18.66516789,0.11166667,17.66666667,,,,1.11125
2021-08-04,177.42857143,84.89981714,,27.67157045,18.9719753,0.05583333,17.91666667,,,,1.31095238
2021-08-05,219.91263808,89.45797222,,23.56783977,17.55404167,0.55375,14.58333333,,,,1.14919723
2021-08-06,226.08109738,89.67251389,,15.6628446,17.51675694,0.51416667,14.375,,,,1.08855862
2021-08-07,169.6844977,72.70602778,,33.66864717,21.09324306,0.00583333,21.15,,,,0.92446198
2021-08-08,248.93106327,88.72958333,,22.05550874,18.04845139,0.34041667,13.70833333,,,,0.89581989
2021-08-09,197.81209656,90.63886111,,16.88088419,16.59250694,0.21916667,17.875,,,,1.01135052
2021-08-10,168.617119,81.93160417,,,18.86352778,0.63375,21.375,,,,1.068015
2021-08-11,207.13643882,87.10654861,,,18.241625,0.545,12.52173913,,,,1.21978294
2021-08-12,131.88588901,78.98436806,,38.28241194,19.57691667,0.00125,22.75,,,,0.82352593
2021-08-13,,,,,,,,,,,
2021-08-14,,,,,,,,,,,
2021-08-15,,,,,,,,,,,
2021-08-16,,,,,,,,,,,
2021-08-17,,,,,,,,,,,
2021-08-18,,,,,,,,,,,
2021-08-19,,,,,,,,,,,
2021-08-20,,,,,,,,,,,
2021-08-21,,,,,,,,,,,
2021-08-22,,,,,,,,,,,
2021-08-23,,,,,,,,,,,
2021-08-24,,,,,,,,,,,
2021-08-25,,,,,,,,,,,
2021-08-26,,,,,,,,,,,
2021-08-27,,,,,,,,,,,
2021-08-28,,,,,,,,,,,
2021-08-29,,,,,,,,,,,
2021-08-30,,,,,,,,,,,
2021-08-31,,,,,,,,,,,
2021-09-01,244.125,86.063,,33.54922456,17.75781944,0.06541667,11.33333333,,,,1.04166667
2021-09-02,233.39420924,85.33117975,,20.31837174,18.92687092,0.22844444,19.0,,,,0.98182102
2021-09-03,194.30434783,85.70697342,,19.79109957,18.09823156,0.10166667,24.125,,,,1.27347826
2021-09-04,194.82352941,85.97426735,,23.89483026,18.27394136,0.05208333,16.04347826,,,,1.36705882
2021-09-05,174.20124527,90.03832639,,20.83746915,17.43670139,0.27916667,11.69565217,,,,0.78624256
2021-09-06,199.4789213,87.28369621,,4.1446045,17.54799729,0.07666667,8.54166667,,,,1.07253613
2021-09-07,188.03955881,79.91013889,,31.88974781,19.56972222,0.13125,18.71428571,,,,1.23395294
2021-09-08,205.89194208,83.3784375,,29.62533864,19.44410417,0.04416667,15.25,,,,1.09256552
2021-09-09,162.71032151,79.04888889,,32.79714642,19.28927083,0.00041667,21.08333333,,,,0.96903337
2021-09-10,203.84913597,85.72203472,,,18.43147222,0.0125,14.91666667,,,,0.96178106
2021-09-11,200.24724544,89.16552083,,,17.76588194,0.19208333,13.20833333,,,,0.89753635
2021-09-12,180.6578706,82.57959722,,26.04479275,19.4406875,0.00083333,21.875,,,,1.06690058
2021-09-13,,,,,,,,,,,
2021-09-14,,,,,,,,,,,
2021-09-15,,,,,,,,,,,
2021-09-16,,,,,,,,,,,
2021-09-17,,,,,,,,,,,
2021-09-18,,,,,,,,,,,
2021-09-19,,,,,,,,,,,
2021-09-20,,,,,,,,,,,
2021-09-21,,,,,,,,,,,
2021-09-22,,,,,,,,,,,
2021-09-23,,,,,,,,,,,
2021-09-24,,,,,,,,,,,
2021-09-25,,,,,,,,,,,
2021-09-26,,,,,,,,,,,
2021-09-27,,,,,,,,,,,
2021-09-28,,,,,,,,,,,
2021-09-29,,,,,,,,,,,
2021-09-30,,,,,,,,,,,
2021-10-01,196.70833333,83.88534028,,29.68256198,18.776875,0.07708333,8.08333333,,,,1.355
2021-10-02,246.65001274,82.09779861,,32.59329916,18.76350694,0.11125,19.97916667,,,,1.36576267
2021-10-03,206.30434783,86.9004374,,18.13979759,17.57845576,0.07791667,17.41666667,,,,1.1226087
2021-10-04,212.63636364,84.59443217,,22.83211116,19.03420404,0.17583333,15.16666667,,,,1.08909091
2021-10-05,239.19745876,89.32095652,,18.74935052,18.1438913,0.13565217,16.73913043,,,,0.93639091
2021-10-06,178.54944391,84.46357678,,,18.68061584,0.01041667,17.91666667,,,,0.97964817
2021-10-07,253.24816341,85.84806944,,24.27904409,18.84797222,0.14583333,17.95833333,,,,0.72094942
2021-10-08,201.94661805,87.64475,,23.68228644,18.06481944,0.41375,14.80952381,,,,1.23798299
2021-10-09,153.39409576,78.56845833,,41.81390926,20.40192361,0.01208333,19.375,,,,1.31941673
2021-10-10,179.65756092,87.89326389,,,17.58319444,0.07958333,15.79166667,,,,1.00222444
2021-10-11,186.00297592,88.05770833,,31.11641529,17.46584722,0.07458333,11.83333333,,,,1.1059455
2021-10-12,169.29956686,79.12561111,,32.65355495,19.58207639,0.00083333,24.91304348,,,,1.06452072
2021-10-13,,,,,,,,,,,
2021-10-14,,,,,,,,,,,
2021-10-15,,,,,,,,,,,
2021-10-16,,,,,,,,,,,
2021-10-17,,,,,,,,,,,
2021-10-18,,,,,,,,,,,
2021-10-19,,,,,,,,,,,
2021-10-20,,,,,,,,,,,
2021-10-21,,,,,,,,,,,
2021-10-22,,,,,,,,,,,
2021-10-23,,,,,,,,,,,
2021-10-24,,,,,,,,,,,
2021-10-25,,,,,,,,,,,
2021-10-26,,,,,,,,,,,
2021-10-27,,,,,,,,,,,
2021-10-28,,,,,,,,,,,
2021-10-29,,,,,,,,,,,
2021-10-30,,,,,,,,,,,
2021-10-31,,,,,,,,,,,
2021-11-01,187.5,85.66045833,,26.208288,18.3665625,0.37625,7.625,,,,1.07916667
2021-11-02,218.10520717,76.49875071,,32.56825308,19.74407545,0.03104167,23.64583333,,,,1.42571562
2021-11-03,201.45833333,85.77248835,,20.39603199,17.60209699,0.40666667,13.04166667,,,,1.57083333
2021-11-04,217.45454545,84.43162731,,23.60871358,19.32614518,0.08833333,16.08333333,,,,0.99681818
2021-11-05,232.86921029,74.63604861,,21.52414919,20.59322917,0.00041667,17.58333333,,,,1.26203532
2021-11-06,201.88795022,81.47573329,,,19.27378114,0.04333333,19.75,,,,1.23400789
2021-11-07,226.17164491,82.24245833,,29.32287244,18.96086806,0.20666667,12.08333333,,,,0.9783232
2021-11-08,234.72508404,86.33221528,,22.23535351,18.33826389,0.09666667,14.33333333,,,,0.89859789
2021-11-09,187.6098084,88.43659028,,21.31978013,17.733125,0.28541667,15.41666667,,,,0.78120326
2021-11-10,153.58560959,91.30053059,,50.91241972,17.33131486,0.03416667,19.70833333,,,,0.82330393
2021-11-11,197.48451862,82.27258333,,31.41561159,18.17834028,0.00125,19.20833333,,,,0.93240549
2021-11-12,191.9599661,84.22116667,,21.75304253,18.82015278,0.03833333,17.875,,,,1.03253656
2021-11-13,,,,,,,,,,,
2021-11-14,,,,,,,,,,,
2021-11-15,,,,,,,,,,,
2021-11-16,,,,,,,,,,,
2021-11-17,,,,,,,,,,,
2021-11-18,,,,,,,,,,,
2021-11-19,,,,,,,,,,,
2021-11-20,,,,,,,,,,,
2021-11-21,,,,,,,,,,,
2021-11-22,,,,,,,,,,,
2021-11-23,,,,,,,,,,,
2021-11-24,,,,,,,,,,,
2021-11-25,,,,,,,,,,,
2021-11-26,,,,,,,,,,,
2021-11-27,,,,,,,,,,,
2021-11-28,,,,,,,,,,,
2021-11-29,,,,,,,,,,,
2021-11-30,,,,,,,,,,,
2021-12-01,189.5,79.78462946,,19.65212862,20.07912359,0.00375,11.95833333,,,,1.45590909
2021-12-02,212.33320067,78.69120696,,23.8212574,19.01681428,0.01208333,23.16666667,,,,1.19939088
2021-12-03,211.75,92.08554973,,16.4230975,16.34840903,0.18083333,10.89130435,,,,1.34
2021-12-04,166.31578947,79.08807925,,26.19193847,19.85259807,0.00583333,17.83333333,,,,1.12
2021-12-05,200.34419626,76.30190972,,26.0153636,20.72740972,0.04416667,15.58333333,,,,0.97179564
2021-12-06,168.70219483,83.18365113,,,18.28970115,0.03041667,23.41666667,,,,1.11927644
2021-12-07,167.93496422,73.67835417,,33.16501073,20.14026389,0.01791667,16.79166667,,,,0.77198569
2021-12-08,151.69926232,85.89352083,,26.43718134,18.29765972,0.29,19.82608696,,,,1.0282819
2021-12-09,212.1287881,85.44009722,,26.24916181,18.20334028,0.08833333,10.75,,,,1.11908988
2021-12-10,175.62793925,71.53750875,,26.88679327,22.76388986,0.025,19.25,,,,1.66063925
2021-12-11,187.90815828,79.01288889,,37.99629526,18.55088194,0.21458333,18.08333333,,,,0.91814864
2021-12-12,177.45467915,89.57953472,,9.74431668,17.14057639,0.08125,9.79166667,,,,0.83105839
2021-12-13,,,,,,,,,,,
2021-12-14,,,,,,,,,,,
2021-12-15,,,,,,,,,,,
2021-12-16,,,,,,,,,,,
2021-12-17,,,,,,,,,,,
2021-12-18,,,,,,,,,,,
2021-12-19,,,,,,,,,,,
2021-12-20,,,,,,,,,,,
2021-12-21,,,,,,,,,,,
2021-12-22,,,,,,,,,,,
2021-12-23,,,,,,,,,,,
2021-12-24,,,,,,,,,,,
2021-12-25,,,,,,,,,,,
2021-12-26,,,,,,,,,,,
2021-12-27,,,,,,,,,,,
2021-12-28,,,,,,,,,,,
2021-12-29,,,,,,,,,,,
2021-12-30,,,,,,,,,,,
2021-12-31,,,,,,,,,,,
2022-01-01,183.24505005,84.99129167,,21.71216872,19.48721528,0.06125,24.29166667,,,,0.77268183
2022-01-02,129.01665949,72.29335417,,43.16274504,19.20967361,0.01541667,22.5,,,,1.4782782
2022-01-03,192.04213061,90.55293056,,10.83973484,18.20822917,0.16625,17.79166667,,,,1.05035131
2022-01-04,187.1927707,84.88334028,,26.28186086,17.71364583,0.255,13.20833333,,,,0.86918577
2022-01-05,190.74956096,76.98325992,,28.45634763,20.40395139,0.0,11.13043478,,,,1.30305165
2022-01-06,,,,,,,,,,,
2022-01-07,,,,,,,,,,,
2022-01-08,,,,,,,,,,,
2022-01-09,,,,,,,,,,,
2022-01-10,,,,,,,,,,,
2022-01-11,,,,,,,,,,,
2022-01-12,,,,,,,,,,,
2022-01-13,,,,,,,,,,,
2022-01-14,,,,,,,,,,,
2022-01-15,,,,,,,,,,,
2022-01-16,,,,,,,,,,,
2022-01-17,,,,,,,,,,,
2022-01-18,,,,,,,,,,,
2022-01-19,,,,,,,,,,,
2022-01-20,,,,,,,,,,,
2022-01-21,,,,,,,,,,,
2022-01-22,,,,,,,,,,,
2022-01-23,,,,,,,,,,,
2022-01-24,,,,,,,,,,,
2022-01-25,,,,,,,,,,,
2022-01-26,,,,,,,,,,,
2022-01-27,,,,,,,,,,,
2022-01-28,,,,,,,,,,,
2022-01-29,,,,,,,,,,,
2022-01-30,,,,,,,,,,,
2022-01-31,,,,,,,,,,,
2022-02-01,212.51468556,88.97007639,,13.25946448,18.22381944,0.23583333,9.5,,,,0.92983941
2022-02-02,148.84136143,76.62889583,,45.28000849,18.96755556,0.03333333,24.375,,,,1.25248503
2022-02-03,192.50710011,90.15016667,,5.90217839,17.172125,0.16625,16.375,,,,0.88616824
2022-02-04,136.03750108,85.18230556,,25.80772464,18.49955556,0.00791667,21.66666667,,,,1.12730551
2022-02-05,186.63816207,82.15565972,,25.22731652,19.46988194,0.01375,18.31818182,,,,1.19375952
2022-02-06,,,,,,,,,,,
2022-02-07,,,,,,,,,,,
2022-02-08,,,,,,,,,,,
2022-02-09,,,,,,,,,,,
2022-02-10,,,,,,,,,,,
2022-02-11,,,,,,,,,,,
2022-02-12,,,,,,,,,,,
2022-02-13,,,,,,,,,,,
2022-02-14,,,,,,,,,,,
2022-02-15,,,,,,,,,,,
2022-02-16,,,,,,,,,,,
2022-02-17,,,,,,,,,,,
2022-02-18,,,,,,,,,,,
2022-02-19,,,,,,,,,,,
2022-02-20,,,,,,,,,,,
2022-02-21,,,,,,,,,,,
2022-02-22,,,,,,,,,,,
2022-02-23,,,,,,,,,,,
2022-02-24,,,,,,,,,,,
2022-02-25,,,,,,,,,,,
2022-02-26,,,,,,,,,,,
2022-02-27,,,,,,,,,,,
2022-02-28,,,,,,,,,,,
2022-03-01,181.31416986,81.34133333,,28.03125999,18.57005556,0.0,18.375,,,,0.92549697
2022-03-02,202.91085618,80.82750694,,38.02899431,18.78615972,0.11791667,30.45833333,,,,1.14397078
2022-03-03,204.44211788,85.60478472,,12.57278445,18.10398611,0.14666667,16.7826087,,,,0.93129083
2022-03-04,209.68155575,85.45563194,,24.00110217,18.38919444,0.38791667,17.41666667,,,,0.86370539
2022-03-05,177.50274806,70.69484028,,30.86790252,20.87861805,0.0,20.0,,,,1.12171647
2022-03-06,,,,,,,,,,,
2022-03-07,,,,,,,,,,,
2022-03-08,,,,,,,,,,,
2022-03-09,,,,,,,,,,,
2022-03-10,,,,,,,,,,,
2022-03-11,,,,,,,,,,,
2022-03-12,,,,,,,,,,,
2022-03-13,,,,,,,,,,,
2022-03-14,,,,,,,,,,,
2022-03-15,,,,,,,,,,,
2022-03-16,,,,,,,,,,,
2022-03-17,,,,,,,,,,,
2022-03-18,,,,,,,,,,,
2022-03-19,,,,,,,,,,,
2022-03-20,,,,,,,,,,,
2022-03-21,,,,,,,,,,,
2022-03-22,,,,,,,,,,,
2022-03-23,,,,,,,,,,,
2022-03-24,,,,,,,,,,,
2022-03-25,,,,,,,,,,,
2022-03-26,,,,,,,,,,,
2022-03-27,,,,,,,,,,,
2022-03-28,,,,,,,,,,,
2022-03-29,,,,,,,,,,,
2022-03-30,,,,,,,,,,,
2022-03-31,,,,,,,,,,,
2022-04-01,195.84653008,73.06704861,,40.21165584,18.68249306,0.0,17.0,,,,1.0194997
2022-04-02,185.29678742,83.90784722,,29.29017339,18.29875,0.08416667,29.5,,,,1.04793349
2022-04-03,174.1497173,85.86072222,,14.15051357,18.16758333,0.20666667,16.90909091,,,,0.8356569
2022-04-04,173.31897235,87.81872917,,19.39053622,17.45665278,0.19375,15.79166667,,,,0.7819489
2022-04-05,163.58713296,78.72860417,,30.30384392,20.46926389,0.06916667,20.91666667,,,,1.14058922
2022-04-06,,,,,,,,,,,
2022-04-07,,,,,,,,,,,
2022-04-08,,,,,,,,,,,
2022-04-09,,,,,,,,,,,
2022-04-10,,,,,,,,,,,
2022-04-11,,,,,,,,,,,
2022-04-12,,,,,,,,,,,
2022-04-13,,,,,,,,,,,
2022-04-14,,,,,,,,,,,
2022-04-15,,,,,,,,,,,
2022-04-16,,,,,,,,,,,
2022-04-17,,,,,,,,,,,
2022-04-18,,,,,,,,,,,
2022-04-19,,,,,,,,,,,
2022-04-20,,,,,,,,,,,
2022-04-21,,,,,,,,,,,
2022-04-22,,,,,,,,,,,
2022-04-23,,,,,,,,,,,
2022-04-24,,,,,,,,,,,
2022-04-25,,,,,,,,,,,
2022-04-26,,,,,,,,,,,
2022-04-27,,,,,,,,,,,
2022-04-28,,,,,,,,,,,
2022-04-29,,,,,,,,,,,
2022-04-30,,,,,,,,,,,
2022-05-01,147.21939237,79.30588889,,35.55204132,18.96554167,0.15166667,19.25,,,,1.36302078
2022-05-02,187.53045893,84.0640625,,28.29285239,17.9526875,0.20875,22.54166667,,,,1.17987992
2022-05-03,204.03789816,88.96521528,,8.82056854,17.52136111,0.45041667,11.83333333,,,,0.87745542
2022-05-04,145.08406489,83.58059028,,14.63983149,18.03525694,0.33541667,14.5,,,,1.0907518
2022-05-05,178.22700823,87.86873611,,16.51301988,18.51899306,0.20541667,20.79166667,,,,0.99029661
2022-05-06,,,,,,,,,,,
2022-05-07,,,,,,,,,,,
2022-05-08,,,,,,,,,,,
2022-05-09,,,,,,,,,,,
2022-05-10,,,,,,,,,,,
2022-05-11,,,,,,,,,,,
2022-05-12,,,,,,,,,,,
2022-05-13,,,,,,,,,,,
2022-05-14,,,,,,,,,,,
2022-05-15,,,,,,,,,,,
2022-05-16,,,,,,,,,,,
2022-05-17,,,,,,,,,,,
2022-05-18,,,,,,,,,,,
2022-05-19,,,,,,,,,,,
2022-05-20,,,,,,,,,,,
2022-05-21,,,,,,,,,,,
2022-05-22,,,,,,,,,,,
2022-05-23,,,,,,,,,,,
2022-05-24,,,,,,,,,,,
2022-05-25,,,,,,,,,,,
2022-05-26,,,,,,,,,,,
2022-05-27,,,,,,,,,,,
2022-05-28,,,,,,,,,,,
2022-05-29,,,,,,,,,,,
2022-05-30,,,,,,,,,,,
2022-05-31,,,,,,,,,,,
2022-06-01,235.93435376,88.04727083,,21.91653778,17.82285417,0.2625,16.70833333,,,,1.10627515
2022-06-02,192.72519859,85.01613194,,32.73174832,17.59065972,0.22625,21.08333333,,,,1.18736506
2022-06-03,210.37321342,92.00049306,,2.07638963,16.54351389,0.17875,5.29166667,,,,0.95297742
2022-06-04,188.34042887,86.73525694,,11.00753259,18.80707639,0.3475,17.08333333,,,,0.99893833
2022-06-05,189.03799003,91.01095833,,7.68427658,17.45908333,0.27,11.65217391,,,,0.98724831
2022-06-06,,,,,,,,,,,
2022-06-07,,,,,,,,,,,
2022-06-08,,,,,,,,,,,
2022-06-09,,,,,,,,,,,
2022-06-10,,,,,,,,,,,
2022-06-11,,,,,,,,,,,
2022-06-12,,,,,,,,,,,
2022-06-13,,,,,,,,,,,
2022-06-14,,,,,,,,,,,
2022-06-15,,,,,,,,,,,
2022-06-16,,,,,,,,,,,
2022-06-17,,,,,,,,,,,
2022-06-18,,,,,,,,,,,
2022-06-19,,,,,,,,,,,
2022-06-20,,,,,,,,,,,
2022-06-21,,,,,,,,,,,
2022-06-22,,,,,,,,,,,
2022-06-23,,,,,,,,,,,
2022-06-24,,,,,,,,,,,
2022-06-25,,,,,,,,,,,
2022-06-26,,,,,,,,,,,
2022-06-27,,,,,,,,,,,
2022-06-28,,,,,,,,,,,
2022-06-29,,,,,,,,,,,
2022-06-30,,,,,,,,,,,
2022-07-01,184.74763013,88.39645833,,15.07426172,17.1253125,0.24125,12.45833333,,,,1.16910752
2022-07-02,155.62887043,86.48898611,,25.82407417,17.88266667,0.11083333,18.26086957,,,,1.26281
2022-07-03,200.56860963,81.22309722,,20.53500295,18.01685417,0.00416667,13.54166667,,,,1.11689085
2022-07-04,187.02075908,85.58279167,,21.48327537,18.60120139,0.33125,12.875,,,,0.98898088
2022-07-05,210.94755136,89.28465278,,10.16122956,17.56661806,0.10791667,13.16666667,,,,1.05043635
2022-07-06,,,,,,,,,,,
2022-07-07,,,,,,,,,,,
2022-07-08,,,,,,,,,,,
2022-07-09,,,,,,,,,,,
2022-07-10,,,,,,,,,,,
2022-07-11,,,,,,,,,,,
2022-07-12,,,,,,,,,,,
2022-07-13,,,,,,,,,,,
2022-07-14,,,,,,,,,,,
2022-07-15,,,,,,,,,,,
2022-07-16,,,,,,,,,,,
2022-07-17,,,,,,,,,,,
2022-07-18,,,,,,,,,,,
2022-07-19,,,,,,,,,,,
2022-07-20,,,,,,,,,,,
2022-07-21,,,,,,,,,,,
2022-07-22,,,,,,,,,,,
2022-07-23,,,,,,,,,,,
2022-07-24,,,,,,,,,,,
2022-07-25,,,,,,,,,,,
2022-07-26,,,,,,,,,,,
2022-07-27,,,,,,,,,,,
2022-07-28,,,,,,,,,,,
2022-07-29,,,,,,,,,,,
2022-07-30,,,,,,,,,,,
2022-07-31,,,,,,,,,,,
2022-08-01,199.85419693,85.827125,,23.36347071,17.46126389,0.29125,18.58333333,,,,0.75922998
2022-08-02,244.45626153,91.13154167,,10.03043337,17.00083333,0.25208333,20.79166667,,,,0.7598675
2022-08-03,201.15425624,79.919375,,14.80449456,17.48766667,0.00041667,15.25,,,,0.96187035
2022-08-04,165.11252072,89.82710417,,11.79127717,18.00620833,0.185,18.11764706,,,,0.82585331
2022-08-05,203.99977087,81.31581944,,16.70103942,19.11115972,0.0,9.25,,,,1.18693596
2022-08-06,,,,,,,,,,,
2022-08-07,,,,,,,,,,,
2022-08-08,,,,,,,,,,,
2022-08-09,,,,,,,,,,,
2022-08-10,,,,,,,,,,,
2022-08-11,,,,,,,,,,,
2022-08-12,,,,,,,,,,,
2022-08-13,,,,,,,,,,,
2022-08-14,,,,,,,,,,,
2022-08-15,,,,,,,,,,,
2022-08-16,,,,,,,,,,,
2022-08-17,,,,,,,,,,,
2022-08-18,,,,,,,,,,,
2022-08-19,,,,,,,,,,,
2022-08-20,,,,,,,,,,,
2022-08-21,,,,,,,,,,,
2022-08-22,,,,,,,,,,,
2022-08-23,,,,,,,,,,,
2022-08-24,,,,,,,,,,,
2022-08-25,,,,,,,,,,,
2022-08-26,,,,,,,,,,,
2022-08-27,,,,,,,,,,,
2022-08-28,,,,,,,,,,,
2022-08-29,,,,,,,,,,,
2022-08-30,,,,,,,,,,,
2022-08-31,,,,,,,,,,,
2022-09-01,184.84594804,81.93447681,,26.69877373,18.61859393,0.02666667,16.58333333,,,,0.85779278
2022-09-02,164.0654468,88.58061806,,5.40001442,16.34345833,0.03958333,17.54166667,,,,0.91872555
2022-09-03,188.18658461,77.7464375,,23.94878369,17.73158333,0.0,17.66666667,,,,0.93296314
2022-09-04,169.4614214,84.84459028,,26.65789992,19.183375,0.00958333,17.125,,,,0.80269141
2022-09-05,213.46925162,85.92415972,,17.8536809,18.145875,0.08708333,15.79166667,,,,1.11894684
2022-09-06,,,,,,,,,,,
2022-09-07,,,,,,,,,,,
2022-09-08,,,,,,,,,,,
2022-09-09,,,,,,,,,,,
2022-09-10,,,,,,,,,,,
2022-09-11,,,,,,,,,,,
2022-09-12,,,,,,,,,,,
2022-09-13,,,,,,,,,,,
2022-09-14,,,,,,,,,,,
2022-09-15,,,,,,,,,,,
2022-09-16,,,,,,,,,,,
2022-09-17,,,,,,,,,,,
2022-09-18,,,,,,,,,,,
2022-09-19,,,,,,,,,,,
2022-09-20,,,,,,,,,,,
2022-09-21,,,,,,,,,,,
2022-09-22,,,,,,,,,,,
2022-09-23,,,,,,,,,,,
2022-09-24,,,,,,,,,,,
2022-09-25,,,,,,,,,,,
2022-09-26,,,,,,,,,,,
2022-09-27,,,,,,,,,,,
2022-09-28,,,,,,,,,,,
2022-09-29,,,,,,,,,,,
2022-09-30,,,,,,,,,,,
2022-10-01,237.3701365,86.50084235,,20.49412913,17.7730007,0.03916667,11.91666667,,,,0.8783667
2022-10-02,218.08059018,84.38119445,,22.67679067,17.92174306,0.00291667,23.0,,,,0.95140506
2022-10-03,204.95193162,71.37784722,,8.48306764,18.88890972,0.0,16.625,,,,1.0810077
2022-10-04,176.2409239,82.89638194,,31.94697114,19.25207639,0.02666667,16.0,,,,0.83117978
2022-10-05,189.50129954,84.37788889,,14.01971738,18.33522222,0.21833333,10.625,,,,1.08219299
2022-10-06,,,,,,,,,,,
2022-10-07,,,,,,,,,,,
2022-10-08,,,,,,,,,,,
2022-10-09,,,,,,,,,,,
2022-10-10,,,,,,,,,,,
2022-10-11,,,,,,,,,,,
2022-10-12,,,,,,,,,,,
2022-10-13,,,,,,,,,,,
2022-10-14,,,,,,,,,,,
2022-10-15,,,,,,,,,,,
2022-10-16,,,,,,,,,,,
2022-10-17,,,,,,,,,,,
2022-10-18,,,,,,,,,,,
2022-10-19,,,,,,,,,,,
2022-10-20,,,,,,,,,,,
2022-10-21,,,,,,,,,,,
2022-10-22,,,,,,,,,,,
2022-10-23,,,,,,,,,,,
2022-10-24,,,,,,,,,,,
2022-10-25,,,,,,,,,,,
2022-10-26,,,,,,,,,,,
2022-10-27,,,,,,,,,,,
2022-10-28,,,,,,,,,,,
2022-10-29,,,,,,,,,,,
2022-10-30,,,,,,,,,,,
2022-10-31,,,,,,,,,,,
2022-11-01,244.90034416,83.30329503,,16.57024322,17.86586011,0.0025,10.75,,,,1.05870548
2022-11-02,208.61540215,75.53072917,,43.11369647,19.49155556,0.0,20.0,,,,0.88346389
2022-11-03,174.6546776,73.10153472,,12.56460968,18.90122222,0.01166667,23.66666667,,,,0.89013467
2022-11-04,166.77796846,85.12542361,,18.15614711,19.11482639,0.00708333,23.125,,,,0.98754248
2022-11-05,178.28161865,86.20873611,,23.07735403,18.44799306,0.03791667,20.875,,,,0.91471904
2022-11-06,,,,,,,,,,,
2022-11-07,,,,,,,,,,,
2022-11-08,,,,,,,,,,,
2022-11-09,,,,,,,,,,,
2022-11-10,,,,,,,,,,,
2022-11-11,,,,,,,,,,,
2022-11-12,,,,,,,,,,,
2022-11-13,,,,,,,,,,,
2022-11-14,,,,,,,,,,,
2022-11-15,,,,,,,,,,,
2022-11-16,,,,,,,,,,,
2022-11-17,,,,,,,,,,,
2022-11-18,,,,,,,,,,,
2022-11-19,,,,,,,,,,,
2022-11-20,,,,,,,,,,,
2022-11-21,,,,,,,,,,,
2022-11-22,,,,,,,,,,,
2022-11-23,,,,,,,,,,,
2022-11-24,,,,,,,,,,,
2022-11-25,,,,,,,,,,,
2022-11-26,,,,,,,,,,,
2022-11-27,,,,,,,,,,,
2022-11-28,,,,,,,,,,,
2022-11-29,,,,,,,,,,,
2022-11-30,,,,,,,,,,,
2022-12-01,253.86153695,78.4566875,,23.6250631,19.06566667,0.0025,12.75,,,,1.40862812
2022-12-02,181.44125762,77.79696528,,41.15175352,19.51961111,0.08416667,19.45833333,,,,1.04454221
2022-12-03,168.97220894,73.72877778,,9.12303475,19.17277778,0.03625,15.125,,,,1.53747184
2022-12-04,143.63996791,79.60907639,,30.90877633,20.24786111,0.00041667,20.66666667,,,,1.56713015
2022-12-05,56.63297454,94.64104762,,0.25224981,17.03776191,0.12142857,23.28571429,,,,1.11262547
