Fecha,DViento,HAire10,NO,NO2,O3,P,PLiquida,PM2.5,RGlobal,SO2,VViento
2020-02-27,181.77,61.135,,,,23.46,0.09,,102.12,,5.03
2020-02-28,177.63333333,59.00916667,,,,23.09166667,0.0,,190.23125,,3.02291667
2020-02-29,191.875,64.10541667,,,,23.19583333,0.0,,126.61409091,,3.85791667
2020-03-01,,63.04333333,,,,23.775,0.0,32.66666667,72.9,,3.26083333
2020-03-02,,62.55958333,28.04621307,55.36391514,,24.06666667,0.0,41.45833333,181.35458333,,3.08375
2020-03-03,,62.05708333,26.84064658,50.99724223,25.21096699,25.0,0.09583333,43.33333333,171.97434783,,3.0925
2020-03-04,,63.51375,31.43643696,55.04912022,33.25493311,24.12916667,0.02916667,48.66666667,158.49291667,,3.05333333
2020-03-05,,54.53541667,47.44008713,56.15773072,40.39150062,25.20833333,0.0,46.875,167.22904762,,2.7225
2020-03-06,,58.7475,19.05395628,51.60052071,45.44350373,25.07083333,0.0,62.73913043,141.1147619,,3.48916667
2020-03-07,,60.21416667,29.14708614,53.55583028,44.35626034,23.675,0.0,61.29166667,163.1,,2.65375
2020-03-08,,63.71958333,16.46907843,48.03984023,40.57134539,23.07916667,0.0,50.04166667,155.18208333,,4.10333333
2020-03-09,,60.08541667,115.43086071,51.87175287,40.8806956,24.17916667,0.00416667,49.875,146.49272727,,3.82625
2020-03-10,233.49333333,66.17208333,184.38958537,65.63479007,30.35289249,22.55416667,0.47083333,41.41666667,134.10791667,,1.86916667
2020-03-11,232.99166667,70.3675,48.46273435,69.14983899,29.21660053,21.62083333,0.39583333,45.33333333,143.41666667,,2.35833333
2020-03-12,170.64583333,68.22708333,34.97834103,54.31343655,33.98248696,22.9875,0.07916667,49.58333333,112.85619048,,3.19125
2020-03-13,144.1375,64.80291667,29.51147921,52.54942855,37.81645049,23.73809524,0.0375,40.29166667,121.44666667,,2.7825
2020-03-14,158.68333333,63.17958333,26.05521308,52.79700958,37.53850857,23.12272727,0.0,47.375,124.37708333,,3.1575
2020-03-15,225.32083333,59.34916667,22.17196327,47.08497772,44.11919224,23.225,0.0,46.83333333,181.91708333,,3.01125
2020-03-16,143.58333333,55.20625,28.07137386,56.52337873,46.24735536,23.69166667,0.0,48.79166667,159.2152381,,3.16916667
2020-03-17,180.94166667,53.035,40.81634658,65.93395734,63.27266035,23.7,0.0,65.04166667,164.42714286,,3.12
2020-03-18,166.7,55.095,59.66398073,68.2401472,45.20643563,23.33333333,0.0,64.125,148.16714286,,3.72916667
2020-03-19,183.86666667,58.44791667,,,,23.56666667,0.05,68.04166667,198.6173913,,3.11166667
2020-03-20,195.98333333,67.93916667,,,,21.5375,0.1625,65.5,114.06416667,,2.54625
2020-03-21,213.7125,66.70291667,,,,21.32727273,0.09166667,34.79166667,171.30304348,,1.90833333
2020-03-22,244.52083333,60.18083333,,,,22.52916667,0.43333333,41.04347826,152.9775,,2.56541667
2020-03-23,171.05833333,60.71125,,,,22.80416667,0.0,54.0,166.45380952,,3.14708333
2020-03-24,208.13333333,61.50458333,,,,22.02083333,0.0,57.29166667,98.98565217,,1.94666667
2020-03-25,206.77916667,58.8475,5.96569453,30.21701033,62.27533935,23.05,0.0,53.52173913,226.051,,2.74125
2020-03-26,183.02083333,59.8225,12.48547021,29.95538866,45.52641918,23.82916667,0.0,61.20833333,205.15565217,,2.83833333
2020-03-27,153.9125,55.79208333,17.05283504,29.60291587,56.61022906,23.85,0.0,55.5,179.86904762,,3.0175
2020-03-28,110.875,58.04791667,20.68476119,32.42612983,64.25363183,23.925,0.0,50.95652174,176.16047619,,3.17916667
2020-03-29,145.5375,64.38875,11.63354195,30.16111052,59.25067729,22.44166667,0.57083333,47.73913043,89.97095238,,2.7075
2020-03-30,158.02916667,68.70083333,14.87637369,41.92642348,60.08450304,22.55416667,0.0625,52.41666667,151.34458333,,1.94375
2020-03-31,192.47083333,68.04333333,37.73522042,39.61317665,54.582888,22.54166667,0.32916667,26.58333333,124.97190476,,2.50416667
2020-04-01,176.88333333,71.43375,34.61223602,37.9040848,41.09453018,21.27083333,0.22916667,11.86363636,128.78125,,2.15375
2020-04-02,98.85833333,61.97666667,41.55542302,32.43622911,44.81404703,23.6,0.0,13.68181818,134.98190476,,2.69166667
2020-04-03,159.14166667,61.5625,57.37448683,33.09018939,45.58247469,24.70833333,0.0,21.73913043,208.88625,,3.81541667
2020-04-04,178.49166667,64.42291667,54.11367328,29.00375864,42.47606501,24.37916667,0.04166667,22.25,193.34375,,3.4025
2020-04-05,122.52916667,66.76708333,62.07325985,24.16028849,38.47043147,24.20833333,0.0625,18.27272727,178.6275,,3.45208333
2020-04-06,152.68333333,63.3125,52.63745875,33.1784987,36.32046898,23.825,0.00416667,11.60869565,171.30666667,,3.73791667
2020-04-07,105.025,56.88166667,61.93417824,33.49954154,36.05887659,25.07916667,0.0,12.47619048,184.79958333,,3.01583333
2020-04-08,180.36521739,59.31086957,50.40400765,27.36554098,42.59122253,25.19565217,0.0,13.05263158,149.80727273,,3.63565217
2020-04-09,174.125,66.31125,9.83820904,19.56843682,31.54640779,23.56666667,0.40833333,13.04166667,177.05521739,,2.37
2020-04-10,91.97083333,65.58541667,2.60809893,10.13392202,34.44844841,23.93333333,0.00416667,12.17391304,139.08521739,,2.89833333
2020-04-11,166.69166667,69.02208333,15.93579598,24.43112918,30.29566915,22.7625,0.30833333,9.08333333,150.24666667,,1.69041667
2020-04-12,144.82916667,66.86083333,11.29444241,20.09180521,24.78587935,23.03333333,0.10416667,9.47826087,151.55583333,,1.32416667
2020-04-13,207.44166667,71.04458333,30.52658366,31.98677356,19.84014815,21.84166667,0.58333333,14.08333333,95.19772727,,1.12166667
2020-04-14,214.99166667,69.01541667,28.9026976,33.88883585,30.12474231,22.025,0.03333333,19.41666667,162.07652174,,1.48416667
2020-04-15,135.825,66.06583333,21.5216607,32.79514338,42.50876406,21.95833333,1.1,25.75,167.50409091,,1.35875
2020-04-16,170.0,62.60125,25.3351553,29.19210639,46.65336856,22.71666667,0.0,34.0,122.2845,,2.2525
2020-04-17,120.8625,62.08708333,18.83296256,32.35840758,46.53074712,22.675,0.00416667,41.09090909,138.70809524,,2.46958333
2020-04-18,155.46666667,68.24833333,12.9230146,34.04341436,37.62843095,21.55,0.075,33.54166667,122.08791667,,2.13333333
2020-04-19,126.70416667,70.57958333,8.71328995,24.88430299,34.05605982,21.1125,0.03333333,19.04166667,105.64363636,,1.25708333
2020-04-20,196.81666667,64.95,28.04260303,31.00393194,30.96599966,22.5375,0.275,21.54166667,140.65913043,,1.67541667
2020-04-21,184.5875,69.47791667,24.21278111,32.28880064,30.67170822,21.6952381,0.04583333,18.70833333,138.86833333,,2.03583333
2020-04-22,156.7375,68.43,37.55743405,33.74521864,24.79405411,21.51666667,0.54166667,18.75,180.19166667,,1.77208333
2020-04-23,180.06666667,68.22208333,23.2619741,30.92855837,25.48073415,22.37916667,0.01666667,12.875,177.65708333,,2.08291667
2020-04-24,108.775,68.62791667,24.1931219,36.11963505,21.4996249,22.20416667,0.2875,15.91666667,146.57458333,,2.1125
2020-04-25,171.95833333,63.69708333,27.15365074,28.59648279,33.9089141,22.675,0.0,22.70833333,125.60809524,,2.635
2020-04-26,104.44166667,57.1875,5.8665873,18.11859246,48.50086484,24.17083333,0.0,16.45833333,146.86142857,,2.16625
2020-04-27,77.37916667,60.53208333,28.02115112,39.06391955,15.61706594,24.18333333,0.0,23.5,180.16083333,,2.89291667
2020-04-28,146.00833333,62.3525,,,,23.6875,0.24583333,17.83333333,154.87952381,,3.39041667
2020-04-29,127.47083333,66.08791667,,,,23.63333333,0.02083333,23.0,189.64916667,,3.16083333
2020-04-30,120.79583333,67.84958333,,,,22.83636364,0.0,,122.19434783,,2.52
2020-05-01,180.49166667,67.51416667,,,32.37205878,22.89166667,0.00833333,16.16666667,126.33958333,,2.29833333
2020-05-02,163.42916667,63.11583333,,,22.77488782,24.14166667,0.0,11.91666667,202.71478261,,3.42291667
2020-05-03,128.27083333,64.94708333,,,31.30933968,23.8,0.0,10.25,142.64652174,,3.13833333
2020-05-04,122.35,60.9725,14.67614149,25.77648321,18.45118171,24.89583333,0.03333333,14.20833333,194.74136364,,3.50416667
2020-05-05,169.67083333,60.6,30.99326905,33.56541898,24.53246172,24.78333333,0.07916667,14.25,147.791,,2.74458333
2020-05-06,218.3125,60.29416667,17.4476751,32.19053293,29.36374625,24.83636364,0.0125,12.5,137.78227273,,3.48041667
2020-05-07,194.3625,60.98625,20.22843991,30.81427574,24.6223841,24.8375,0.0,11.625,154.32409091,,3.82791667
2020-05-08,130.49583333,58.13208333,23.29446521,33.30216777,26.35543372,25.02916667,0.0,12.16666667,161.495,,2.86666667
2020-05-09,96.30833333,53.11791667,20.85990601,28.21937988,28.62801764,26.2,0.0,11.0,210.31,,2.54125
2020-05-10,86.125,57.6575,6.81486984,22.01774886,18.30212501,25.35,0.0,7.58333333,190.5573913,,3.08875
2020-05-11,220.35416667,64.35833333,29.44688026,40.36333957,16.18602939,23.69583333,0.0,14.25,127.92666667,,3.54333333
2020-05-12,127.9375,61.655,25.25442322,41.3335902,5.28089646,23.8,0.0,17.0,150.7225,,2.46791667
2020-05-13,236.225,65.53333333,31.04436666,41.52761838,1.65130199,22.59583333,0.08333333,15.04166667,171.80166667,,2.76541667
2020-05-14,127.97916667,62.44875,20.49149628,42.13990722,0.0,23.77916667,0.025,17.45833333,107.09095238,,2.84791667
2020-05-15,,,26.19658365,44.08519571,23.90108155,,,16.625,,,
2020-05-16,,,23.85171995,41.36114621,28.39094953,,,12.45833333,,,
2020-05-17,147.01666667,64.15708333,13.33865858,22.74028526,20.14261435,24.32916667,0.00416667,9.79166667,175.56416667,,3.04166667
2020-05-18,157.8875,55.75708333,24.33733889,45.11536127,29.59263959,24.67916667,0.00416667,8.77083333,136.16619048,,2.435
2020-05-19,126.7875,74.30208333,50.64869925,50.6509704,8.15023803,21.00833333,0.36666667,19.16666667,80.64083333,,1.88791667
2020-05-20,153.475,61.19083333,58.26676692,35.262064,24.91667555,24.0,0.0,19.65217391,163.55190476,,2.82166667
2020-05-21,161.75,57.24625,29.9696611,34.21945318,27.205609,25.34583333,0.0,17.75,214.22130435,,3.05
2020-05-22,104.55,65.10791667,49.09465527,53.24154912,18.38504046,23.425,0.0,23.33333333,148.70958333,,1.92333333
2020-05-23,174.05416667,59.35958333,36.05577547,41.19277011,28.38277477,25.00416667,0.0,20.79166667,156.92909091,,2.40166667
2020-05-24,170.375,57.365,8.76918611,24.60280385,32.12681591,25.7625,0.02083333,12.58333333,189.455,,2.1725
2020-05-25,226.26666667,56.94625,11.19280421,26.74965789,35.15965273,25.45416667,0.0,11.875,174.72958333,,2.44125
2020-05-26,175.0625,55.92958333,29.05733954,30.47048763,22.9956064,25.05454545,0.0,12.95833333,217.7675,,3.2275
2020-05-27,169.09583333,71.82125,68.37446514,49.47746968,12.9844952,22.24583333,0.66666667,21.66666667,115.10708333,,1.66166667
2020-05-28,165.5625,76.14416667,49.11542341,42.46258759,8.14206327,20.71666667,0.57083333,17.375,95.50333333,,2.58
2020-05-29,138.59583333,73.445,47.93844087,52.48382534,18.32781712,21.52916667,0.475,16.44444444,129.72583333,,1.34083333
2020-05-30,142.1125,78.94666667,49.53826777,54.7898179,11.03592913,20.21818182,1.05833333,,91.54291667,,1.51958333
2020-05-31,210.03333333,74.27375,29.56890333,28.70595468,14.91076647,20.65,0.0625,4.0,156.65125,,2.8975
2020-06-01,165.70833333,70.19125,57.52537783,44.34029843,15.89173795,22.51428571,0.66666667,,150.57130435,,1.59666667
2020-06-02,202.45833333,68.35666667,54.19919369,39.84156954,15.45030078,22.82272727,0.00416667,19.25,154.9875,,2.36416667
2020-06-03,127.55,79.28166667,97.74079217,58.90200258,4.52064356,19.44545455,0.23333333,34.08333333,62.62,,1.09625
2020-06-04,167.65833333,61.09875,56.8603168,47.34601944,23.06917926,23.62916667,0.0,25.33333333,155.15857143,,2.59958333
2020-06-05,128.96666667,63.08416667,34.202198,43.15442611,20.13443959,24.07083333,0.0,17.875,171.66375,,2.63875
2020-06-06,189.70416667,68.4575,48.60278647,49.31665445,19.06354573,22.36666667,0.05,21.70833333,115.89833333,,2.00375
2020-06-07,156.87083333,57.26791667,25.45859903,29.42496529,27.30370615,24.19166667,0.0,13.83333333,205.78869565,,2.375
2020-06-08,78.43333333,60.69541667,31.37353973,36.22285454,17.88780165,24.44583333,0.0,18.5,194.19,,3.06458333
2020-06-09,140.9125,67.39791667,58.24155181,61.93096248,19.07989525,22.49583333,0.19166667,27.20833333,139.68291667,,1.55125
2020-06-10,248.1125,73.24166667,50.08391197,55.04187277,12.62183302,20.6625,0.18333333,27.29166667,106.02666667,,1.97916667
2020-06-11,108.45,67.82375,51.77163556,46.34649691,20.78842058,21.5375,0.175,27.79166667,159.72173913,,1.53208333
2020-06-12,161.4,72.91208333,34.29047795,55.16471132,24.27086933,20.60416667,0.6375,18.70833333,122.71875,,1.89666667
2020-06-13,169.425,65.03041667,44.60119298,36.2880895,18.81830286,22.6625,0.0,19.66666667,250.04291667,,2.74916667
2020-06-14,167.9625,63.88,13.25631677,26.05611916,26.45353086,23.6,0.05833333,13.95833333,193.26583333,,2.76166667
2020-06-15,159.72916667,73.02041667,34.57532963,32.03703567,20.96009059,21.35833333,0.34166667,17.20833333,166.42333333,,1.63125
2020-06-16,183.77083333,63.16375,56.21920761,46.65091369,21.84296492,22.87083333,0.00416667,24.375,192.60291667,,1.68958333
2020-06-17,132.36666667,73.99333333,56.59970314,53.41059121,11.55911392,21.22272727,0.1125,25.70833333,96.76666667,,1.72083333
2020-06-18,153.47083333,72.55666667,70.10670942,53.13270404,18.66298238,21.4625,0.70416667,24.16666667,111.39227273,,1.39125
2020-06-19,146.87083333,64.70375,70.03674469,48.78189383,16.43944702,22.90416667,0.24166667,25.83333333,150.48954545,,1.49625
2020-06-20,144.2125,68.79041667,41.16131039,39.28551315,17.08525325,23.0,0.38333333,18.625,164.92956522,,2.235
2020-06-21,211.65,61.15958333,25.17723255,27.81103845,23.91935455,23.31818182,0.0125,10.79166667,213.98708333,,2.10208333
2020-06-22,117.54166667,64.28708333,20.70464573,27.55871719,21.85931444,23.10833333,0.2,11.83333333,239.5075,,2.63791667
2020-06-23,174.50833333,59.27791667,57.88110898,41.41079718,16.16967987,23.90833333,0.0,23.45833333,216.37125,,2.77375
2020-06-24,67.75416667,60.36041667,42.81290191,47.76106974,14.69822265,23.22916667,0.0,35.13636364,188.75333333,,2.50375
2020-06-25,158.52916667,57.91958333,38.72110945,41.86388481,22.59504305,24.26818182,0.00833333,35.08333333,201.7775,,2.50208333
2020-06-26,184.1375,67.97291667,43.11517184,45.50064403,16.25142749,22.47083333,0.22916667,26.16666667,157.36391304,,2.44791667
2020-06-27,152.55833333,68.22666667,38.04661996,43.77292033,23.40434452,22.98181818,0.1125,24.0,172.1,,2.36958333
2020-06-28,196.82916667,72.31708333,15.16018954,29.45189449,26.86226898,21.0375,0.47083333,10.45833333,149.62083333,,2.3775
2020-06-29,125.04583333,64.21833333,22.41944865,30.91833358,23.96840312,22.85416667,0.00416667,14.75,201.94826087,,2.25083333
2020-06-30,,,35.53439485,43.2889076,23.77220882,,,18.79166667,,,
2020-07-01,138.48333333,69.3925,38.06626384,47.05189797,26.60885135,21.975,1.1625,19.20833333,164.15695652,,2.04875
2020-07-02,200.40833333,68.67541667,,,,22.4125,0.50833333,,197.62608696,,1.98833333
2020-07-03,174.24166667,66.43583333,32.25003827,38.37129126,21.13993536,22.975,0.59166667,18.16666667,187.74304348,,3.09708333
2020-07-04,221.35833333,72.79458333,47.54056019,48.94820147,17.89455472,21.2625,1.5375,22.66666667,124.5375,,1.2475
2020-07-05,217.78333333,72.94791667,24.49904834,36.61573733,18.73655524,20.22916667,0.23333333,15.66666667,136.90875,,1.7775
2020-07-06,121.35416667,67.72083333,60.15591597,44.8676157,21.48327537,21.7125,0.10833333,22.375,162.1473913,,1.5225
2020-07-07,163.39166667,70.62791667,,,,21.50909091,0.22083333,,156.08916667,,2.15208333
2020-07-08,135.17619048,72.15761905,49.40495033,47.14765163,13.69094976,20.96666667,0.58571429,20.88636364,128.88380952,,1.71285714
2020-07-09,223.70833333,66.18083333,52.53883049,50.91416676,21.55684824,22.19166667,0.17083333,18.625,224.08833333,,2.65125
2020-07-10,113.4875,64.96333333,36.26542439,49.9609888,19.91372101,22.7375,0.09583333,20.5,162.34541667,,1.82833333
2020-07-11,214.475,72.635,49.65371393,65.44957635,26.97671565,20.70416667,0.44166667,21.66666667,157.08666667,,1.27708333
2020-07-12,99.07916667,72.63916667,17.32492637,30.78075722,19.70935195,21.15833333,0.075,15.25,135.95041667,,2.1675
2020-07-13,175.54166667,63.33291667,47.73592589,44.50625348,23.99292741,23.15909091,0.44583333,15.70833333,185.18782609,,2.09875
2020-07-14,130.14166667,62.085,45.19149073,45.5070688,24.91667555,22.35416667,0.4125,17.79166667,224.1325,,2.17041667
2020-07-15,199.975,63.4825,51.06578433,52.45416168,20.11809007,22.62916667,0.0,19.375,130.12478261,,2.4725
2020-07-16,199.33333333,60.33125,53.76544512,52.86150124,18.85333755,22.90833333,0.0,22.27272727,204.61173913,,1.75166667
2020-07-17,151.41666667,56.00416667,26.41302923,32.61141833,32.31483545,24.25,0.0,17.83333333,215.69565217,,2.40541667
2020-07-18,171.49166667,54.51958333,22.08055073,30.32680773,32.66635023,24.35416667,0.0,15.83333333,195.97391304,,2.3775
2020-07-19,133.84166667,56.58125,7.18701008,20.54508088,34.71821557,24.40833333,0.0,14.125,195.23391304,,2.79583333
2020-07-20,182.2625,61.40041667,8.44489335,20.97364467,28.70976526,23.95,0.0375,17.45833333,166.82083333,,3.39458333
2020-07-21,178.45833333,65.63916667,34.77429808,35.6558917,15.44212602,23.02083333,0.32916667,21.69565217,195.60434783,,3.10583333
2020-07-22,165.5875,69.57333333,45.79921452,40.95013302,15.82633985,21.77916667,0.12916667,20.45833333,179.59125,,2.67791667
2020-07-23,105.55833333,76.72208333,,,,20.35416667,0.89166667,,126.81875,,1.48875
2020-07-24,120.14583333,75.665,,,,19.935,1.15416667,,139.76625,,1.365
2020-07-25,129.6125,74.44333333,52.94153238,34.0759896,12.18857062,20.59,0.05,21.04545455,148.22583333,,1.18958333
2020-07-26,214.48333333,66.06875,19.65832262,18.84269587,25.1455689,22.61818182,0.1,15.75,178.20695652,,1.67291667
2020-07-27,206.4,65.61375,40.42198176,38.40488813,22.57051876,22.5125,0.35,16.875,202.945,,2.2875
2020-07-28,165.50416667,64.645,40.81951494,39.941702,19.50498289,23.12916667,0.4125,19.20833333,206.68695652,,2.35583333
2020-07-29,,,43.29049816,35.31707615,19.15879948,,,19.66666667,,,
2020-07-30,136.55833333,67.33958333,73.46627898,38.5850482,17.82915662,22.29545455,0.3375,23.70833333,120.28,,2.08041667
2020-07-31,217.06666667,62.20583333,60.29279972,41.45465802,31.5218835,23.67916667,0.0,26.65217391,183.69375,,1.825
2020-08-01,161.81666667,54.49541667,24.92511217,28.85456285,33.18136025,23.87916667,0.07083333,19.95833333,172.91,,2.67583333
2020-08-02,119.93333333,44.15166667,12.25895883,20.19704615,39.30425723,24.45416667,0.0,12.91666667,199.21045455,,3.04166667
2020-08-03,135.30833333,48.89208333,46.29655643,41.69374581,33.38572931,24.5,0.0,24.375,139.57333333,,2.57666667
2020-08-04,176.50416667,48.9775,21.23231199,29.85571507,36.1651485,24.65833333,0.00416667,21.875,171.99952381,,3.23833333
2020-08-05,212.50416667,55.10375,27.73856227,36.21936792,35.71553657,23.99583333,0.0,22.68421053,211.92958333,,3.03625
2020-08-06,111.95416667,57.85541667,35.11899616,40.70424437,27.64704616,23.63333333,0.0,26.93333333,212.84083333,,3.07375
2020-08-07,146.6125,56.72083333,11.62969604,20.5571551,34.51384651,24.45833333,0.00416667,22.41666667,205.08166667,,3.07708333
2020-08-08,147.21666667,51.36791667,11.38095821,21.85028845,35.90355611,24.99166667,0.0,17.5,152.437,,3.10916667
2020-08-09,163.25416667,50.69041667,6.02130225,17.69499275,36.34499327,24.99166667,0.0,16.04166667,185.1573913,,3.10958333
2020-08-10,123.7125,54.75583333,27.08460586,37.610739,25.34993795,24.525,0.0,24.875,194.41826087,,3.66791667
2020-08-11,146.71666667,62.56541667,29.41484396,45.17934262,34.08058411,24.10416667,0.1,36.86363636,177.39041667,,2.40333333
2020-08-12,205.74166667,63.96791667,43.99365536,34.78065722,21.19715869,23.6875,0.2375,19.29166667,211.57409091,,3.5875
2020-08-13,170.20416667,67.965,44.95268772,37.97300226,31.45648541,22.89166667,0.66666667,17.86363636,174.65,,1.8775
2020-08-14,188.85833333,70.11875,58.98629221,43.99432433,21.50779966,22.25,0.07083333,23.33333333,217.56333333,,1.53833333
2020-08-15,234.48333333,67.64625,28.80990528,25.22873358,22.77488782,22.8625,0.27916667,17.0,208.52875,,2.50833333
2020-08-16,177.89166667,70.43125,11.0786765,17.62379081,26.20011323,22.11666667,0.04583333,12.875,158.02416667,,3.02458333
2020-08-17,188.41666667,70.83375,14.2040474,21.62425494,30.33654297,21.55416667,0.22916667,11.45833333,143.65130435,,2.10166667
2020-08-18,145.75833333,65.51083333,48.25426591,32.18746157,16.57841798,22.97916667,0.01666667,18.60869565,169.27375,,2.18916667
2020-08-19,186.40416667,70.535,53.59625312,40.11816391,14.96798981,22.25909091,1.27083333,19.70833333,129.32173913,,1.49875
2020-08-20,192.94583333,68.07416667,45.69510805,38.45484467,23.18362594,22.30416667,0.64166667,16.16666667,191.6426087,,2.69416667
2020-08-21,229.35416667,66.44,32.88636425,32.75389946,21.81026587,22.67083333,0.04166667,15.79166667,150.54833333,,3.16
2020-08-22,162.95833333,70.64083333,40.67460807,46.80137094,19.95459482,20.9125,0.24583333,13.95833333,109.75666667,,2.42666667
2020-08-23,128.69583333,68.5025,24.57907009,28.42003655,27.26283233,21.35416667,0.05,17.08333333,110.07545455,,1.50833333
2020-08-24,211.52916667,69.79083333,60.58819389,62.18716994,22.1944797,21.10833333,0.94166667,30.16666667,128.89666667,,1.33875
2020-08-25,168.1625,70.11208333,48.1938165,41.34090034,18.31964236,21.1375,0.22916667,21.20833333,144.43304348,,1.70333333
2020-08-26,171.175,72.22791667,53.97607409,39.53810864,14.70639741,20.925,0.11666667,20.58333333,161.04416667,,2.98291667
2020-08-27,236.49166667,70.27375,50.71181622,36.22628631,13.39026068,21.49583333,0.0,21.33333333,152.25416667,,3.15458333
2020-08-28,162.42083333,64.98166667,,,,22.80833333,0.20416667,,163.19,,2.78416667
2020-08-29,149.04583333,61.80083333,44.32211591,35.60815249,19.79109957,22.45,0.0,19.45833333,102.3295,,2.48083333
2020-08-30,188.39166667,65.79875,25.67260701,26.30415463,28.56261954,21.04583333,0.19166667,14.45833333,135.89434783,,1.86291667
2020-08-31,185.03333333,69.08208333,96.29041007,46.07318544,21.02548868,20.7125,0.67916667,27.625,119.61142857,,1.52916667
2020-09-01,169.02916667,70.2925,58.20938776,52.20792829,26.46988039,21.57142857,1.70416667,26.375,116.96681818,,1.33583333
2020-09-02,140.32916667,71.22666667,60.51998198,55.63281881,23.33077166,20.94090909,0.12916667,24.45833333,130.52166667,,1.23125
2020-09-03,135.29583333,72.63916667,100.15086295,57.30683296,23.55149024,20.67916667,0.42916667,38.66666667,102.19772727,,1.07833333
2020-09-04,184.425,69.03833333,63.83901685,54.39058869,36.33681851,21.75,0.35833333,27.625,171.8875,,2.14333333
2020-09-05,139.07083333,61.4025,35.99697668,36.07700432,29.78065913,23.67916667,0.31666667,15.08333333,151.509,,2.38208333
2020-09-06,226.02083333,64.36291667,18.80968016,23.97754011,36.28776993,22.5125,0.225,11.58333333,186.19227273,,3.01291667
2020-09-07,197.35833333,69.10958333,51.38722556,42.6926572,24.81040364,21.90952381,1.39583333,17.91666667,175.31708333,,1.71
2020-09-08,149.83333333,73.04041667,61.79738137,61.99265597,23.09370355,20.06818182,0.29583333,27.66666667,139.3,,1.23833333
2020-09-09,183.55833333,64.48333333,82.27815118,49.53968814,18.12344806,21.14166667,0.0,27.95833333,151.27043478,,1.77
2020-09-10,189.425,65.43791667,53.05499109,41.89002505,24.56693789,22.6375,0.21666667,27.0,177.38636364,,2.73041667
2020-09-11,127.20416667,64.10375,35.96427605,42.4048273,30.47551393,23.25416667,0.01666667,25.83333333,148.28363636,,2.0825
2020-09-12,184.88333333,70.25125,37.92109123,37.28251922,26.37178324,21.95833333,0.9875,24.0,178.15227273,,2.64333333
2020-09-13,151.24166667,62.7975,20.05534477,20.37684581,30.29566915,23.43333333,0.12916667,16.25,194.33130435,,2.50791667
2020-09-14,114.55833333,58.17333333,40.04139425,32.99380994,24.60603458,23.98333333,0.0,25.875,191.41727273,,2.51
2020-09-15,170.55416667,65.77666667,50.10910561,44.47491312,26.06931703,22.64583333,0.10416667,32.45833333,146.07130435,,2.36583333
2020-09-16,190.7,71.61375,106.72740503,53.97882333,17.21604944,20.6875,0.51666667,27.58333333,153.54291667,,0.90291667
2020-09-17,126.32173913,68.70565217,75.19020372,43.40850243,23.24084927,21.1826087,0.00434783,26.73913043,138.45086957,,1.71391304
2020-09-18,154.85,73.07916667,85.36345754,63.95189876,20.18348817,20.8625,0.50833333,28.04166667,133.80125,,0.96875
2020-09-19,129.2,71.62375,59.60141567,51.6556014,19.55403147,21.78636364,0.1,23.66666667,144.64347826,,1.31083333
2020-09-20,114.6875,75.22583333,51.75350942,34.54356738,18.56488523,20.79166667,0.29166667,19.20833333,81.77272727,,1.60833333
2020-09-21,185.70833333,70.47166667,63.4595536,55.08904001,22.22717874,21.44583333,0.06666667,21.70833333,143.52826087,,1.25416667
2020-09-22,138.625,62.27083333,51.097606,41.00638114,29.12667814,23.55833333,0.05833333,18.16666667,175.71952381,,2.17291667
2020-09-23,152.0375,64.62083333,39.70709047,42.11641761,29.73161056,23.175,0.0,17.20833333,132.13434783,,2.49958333
2020-09-24,207.72083333,60.20125,32.91822169,32.54780523,27.46720139,23.75416667,0.0625,13.58333333,154.82772727,,2.8075
2020-09-25,187.6875,59.43166667,31.32489412,33.51725311,32.88706881,23.725,0.0125,16.61904762,131.98772727,,2.485
2020-09-26,186.4625,67.3375,39.43366024,31.99115338,22.87298497,21.35454545,0.04166667,14.70833333,181.61541667,,2.70625
2020-09-27,172.48333333,64.25041667,20.53994677,21.8419451,23.92752931,22.46666667,0.0,10.83333333,133.28181818,,2.8075
2020-09-28,137.8375,61.13291667,49.13645219,32.42280419,20.26523579,23.0,0.0,15.625,153.79782609,,2.55791667
2020-09-29,164.225,69.81916667,78.29235866,49.04307658,22.1290816,21.29166667,0.6625,20.58333333,138.04166667,,1.70625
2020-09-30,211.05833333,67.64333333,53.97107114,42.81105325,27.40997806,21.80416667,0.4,17.20833333,165.3426087,,1.85
2020-10-01,217.27916667,62.06458333,28.67412024,38.8806035,29.18390148,22.83181818,0.00416667,13.33333333,188.19,,2.44375
2020-10-02,171.08333333,68.80708333,66.05766194,54.48954588,38.74837339,21.17916667,0.35,20.41666667,169.73541667,,1.1675
2020-10-03,178.04166667,70.84166667,78.61434668,65.26732431,21.8674892,20.88095238,0.07916667,30.34782609,87.38409091,,0.96125
2020-10-04,135.45416667,73.04791667,32.96230801,31.72258997,29.43731911,20.79166667,0.68181818,13.66666667,200.47041667,,1.59375
2020-10-05,172.5125,71.99416667,90.79712304,51.72581165,24.72048126,20.89166667,0.35,22.04166667,131.2173913,,1.17166667
2020-10-06,178.9375,66.90708333,48.33220778,49.289404,29.96867866,21.7375,0.10416667,17.91666667,139.48086957,,1.9075
2020-10-07,139.9625,63.95916667,42.48012854,38.32829228,20.52682818,22.94583333,0.0,19.83333333,158.51875,,2.1325
2020-10-08,181.825,63.24541667,25.86988906,36.58384851,37.73470287,23.325,0.0,18.66666667,195.43083333,,2.68416667
2020-10-09,206.78333333,60.72416667,31.85457475,36.12197774,27.53259949,23.51666667,0.0,15.91666667,174.60458333,,2.91208333
2020-10-10,84.03333333,58.04666667,23.55772088,31.7349224,26.96854089,24.42083333,0.0,15.45833333,158.65142857,,3.17333333
2020-10-11,165.1625,55.48625,17.9610837,25.75517333,38.93639292,24.54583333,0.0,14.16666667,172.30869565,,1.965
2020-10-12,146.67916667,63.26833333,13.68291629,22.52218768,36.05070183,23.10833333,0.0,12.70833333,138.18272727,,2.61791667
2020-10-13,208.95,72.30583333,80.92446054,53.42046342,27.77428811,20.19583333,0.3375,19.45833333,135.41791667,,1.88583333
2020-10-14,226.57916667,65.65375,54.48723928,38.97583902,61.86660123,22.90952381,0.0,25.0,144.1247619,,2.85958333
2020-10-15,119.00909091,71.31545455,48.21203258,31.48140081,,21.22727273,0.0,,141.874,,2.14909091
2020-10-16,,,,,,,,,,,
2020-10-17,,,,,,,,,,,
2020-10-18,,,,,,,,,,,
2020-10-19,,,,,,,,,,,
2020-10-20,,,,,,,,,,,
2020-10-21,,,,,,,,,,,
2020-10-22,,,,,,,,,,,
2020-10-23,193.77,64.02,,,,22.19,0.47,22.8,55.474,,1.953
2020-10-24,167.81666667,73.93916667,,,,20.72083333,0.125,22.875,125.09375,,1.32416667
2020-10-25,147.32083333,72.02416667,,,,20.79583333,0.125,20.875,156.86083333,,0.84541667
2020-10-26,153.72083333,67.07541667,46.96390175,33.46480858,14.17949682,22.4,0.0375,17.125,152.12521739,,1.89458333
2020-10-27,113.8625,68.22291667,74.09828166,34.59966663,20.54317771,22.20833333,0.1375,18.20833333,188.05458333,,1.605
2020-10-28,213.14583333,67.25708333,73.60690855,44.4351422,22.77488782,21.87916667,0.48333333,20.45833333,137.73666667,,1.1425
2020-10-29,163.35833333,73.28458333,90.38465764,39.17732622,21.97376111,20.10416667,1.05416667,19.08333333,187.68875,,1.18541667
2020-10-30,190.275,71.47666667,115.00104805,51.05255014,18.44226379,20.7875,0.11666667,25.54166667,152.2575,,1.23833333
2020-10-31,216.10416667,73.3725,66.83823046,39.90148448,23.28989785,20.78333333,0.725,16.33333333,133.31375,,1.3825
2020-11-01,216.39166667,69.86208333,27.25301813,17.18540537,20.55135247,21.0875,0.15833333,8.375,172.47416667,,1.84333333
2020-11-02,249.11666667,64.31291667,38.4547222,15.65704984,21.59772205,22.875,0.01666667,10.54166667,154.11863636,,2.13333333
2020-11-03,156.9125,67.04083333,44.44142032,34.08880304,21.38517823,22.09583333,0.0,10.70833333,157.25875,,2.65458333
2020-11-04,129.4375,68.92416667,58.83668388,28.80390898,13.39026068,22.03333333,0.20833333,13.91666667,171.51083333,,2.49666667
2020-11-05,236.02916667,68.80416667,64.39211548,34.60579591,29.03675576,21.8,0.05416667,18.875,159.47583333,,1.87416667
2020-11-06,125.075,73.34583333,71.89883075,35.09139692,19.742051,21.28333333,0.20416667,21.95454545,109.78541667,,1.87416667
2020-11-07,105.2375,66.09208333,,,34.48114746,22.17083333,0.0,20.20833333,158.21086957,,1.64375
2020-11-08,120.52916667,72.34916667,,,24.76135506,21.1125,0.15,17.29166667,109.51666667,,1.00208333
2020-11-09,213.0,72.37,49.5301203,54.2631431,11.63268678,21.06190476,0.02916667,25.95833333,96.8,,1.53833333
2020-11-10,172.12083333,69.85625,61.92924683,34.75168306,18.68750666,21.23333333,0.8125,16.75,172.27833333,,1.70125
2020-11-11,133.97916667,76.78875,79.22991474,55.97571372,16.27595178,19.47916667,0.1375,22.20833333,101.54333333,,1.25083333
2020-11-12,92.70833333,72.99375,71.93650368,52.77638762,14.7963198,20.59545455,0.00833333,26.33333333,112.56625,,1.525
2020-11-13,212.11666667,72.12875,83.58432652,46.47408353,17.65748661,21.0625,0.45,19.625,149.04458333,,1.04708333
2020-11-14,193.1875,68.01833333,68.50350462,33.50182938,9.57264668,20.91666667,0.46666667,13.08333333,135.43666667,,2.06666667
2020-11-15,143.325,68.6025,51.1047195,26.4226212,16.44762179,21.1625,1.00416667,12.875,168.25,,1.61416667
2020-11-16,165.9875,70.61791667,37.59306286,27.59032395,26.32273467,21.85,0.84583333,13.08333333,160.40166667,,1.22583333
2020-11-17,151.59583333,77.62458333,93.8693931,56.79586752,18.58940951,19.85416667,0.95,21.91666667,124.89416667,,0.94291667
2020-11-18,150.51666667,71.565,44.44385792,34.3391577,17.15882611,21.02916667,0.025,15.08333333,166.10208333,,2.88708333
2020-11-19,208.60833333,67.45333333,48.93784146,28.4560623,11.87792965,22.13636364,0.0,13.66666667,178.45833333,,3.24875
2020-11-20,133.725,71.21541667,91.14302713,47.43418771,18.42591427,21.38,0.46666667,21.79166667,131.44333333,,1.27708333
2020-11-21,158.4125,68.27375,60.34130642,40.93451768,18.67115714,21.6375,0.02083333,15.45833333,183.9175,,1.50458333
2020-11-22,142.47916667,67.7875,23.35026427,22.66426138,20.28158531,22.62916667,0.05416667,10.04166667,209.25916667,,2.79375
2020-11-23,157.59166667,66.45333333,45.33038282,34.41189084,17.16700087,23.02083333,0.0,15.75,190.97583333,,2.9
2020-11-24,128.125,66.87166667,42.00209835,41.46380157,18.94909906,22.97916667,0.0,17.41666667,191.19125,,2.83541667
2020-11-25,158.27916667,66.3775,50.38309286,46.05518824,32.07776734,22.98333333,0.0,19.33333333,167.57833333,,2.48625
2020-11-26,151.2,67.59625,57.24215433,48.51702382,20.74754677,22.4375,0.04583333,20.5,126.69166667,,1.84708333
2020-11-27,102.77916667,69.0475,71.81310083,56.28074947,16.36587416,21.71818182,0.54166667,21.25,134.215,,1.59125
2020-11-28,169.2375,73.80958333,79.41265296,61.36634233,18.00900139,20.325,0.35416667,20.33333333,163.75652174,,1.4
2020-11-29,182.64583333,66.81666667,44.56420994,46.03944754,27.10893355,22.83181818,0.0,15.66666667,184.43958333,,1.77125
2020-11-30,158.275,73.32291667,91.98607895,47.50102887,19.77475005,21.49166667,0.17083333,23.375,140.26,,1.55791667
2020-12-01,211.86666667,68.17916667,89.86635851,57.96183871,20.98461487,21.7625,0.0625,29.75,169.81,,1.75541667
2020-12-02,130.26666667,73.74041667,93.90638635,68.02608326,14.61647503,20.79583333,0.24166667,24.08333333,119.88583333,,1.23916667
2020-12-03,196.4625,69.48791667,61.00316332,52.03495299,23.87030597,21.53333333,0.14166667,17.59090909,159.60083333,,2.30541667
2020-12-04,209.38333333,67.10958333,56.47120534,41.92917462,25.59518082,22.50833333,0.0,18.25,163.73666667,,2.76041667
2020-12-05,169.97083333,65.69291667,50.41839972,34.15187552,18.40956474,22.95416667,0.0,17.375,168.15916667,,2.65291667
2020-12-06,122.2,65.77,26.68386854,25.32873284,20.4369058,23.19166667,0.02916667,12.66666667,195.01083333,,2.61375
2020-12-07,125.1625,68.35833333,52.76486805,38.16912003,18.32284118,22.62083333,0.0,20.91666667,152.87375,,2.62916667
2020-12-08,160.2375,67.21416667,32.80786536,27.02193512,20.96009059,22.65,0.05,16.45833333,135.46083333,,2.38958333
2020-12-09,111.36666667,70.91458333,72.86519854,43.87727591,12.32754158,21.7625,0.04166667,19.29166667,129.41166667,,2.08083333
2020-12-10,180.16666667,64.335,64.67589035,40.97399087,18.90005048,22.67083333,0.0,18.66666667,169.66083333,,2.43791667
2020-12-11,158.25416667,64.59583333,61.91755964,36.9388643,17.919079,22.74166667,0.0,18.33333333,170.97,,2.99291667
2020-12-12,120.39166667,69.02416667,48.66595699,35.6126948,15.9898351,22.3125,0.0,18.41176471,132.95291667,,2.65708333
2020-12-13,89.75,63.97708333,35.97317814,31.56602135,22.22717874,22.44166667,0.0,16.60869565,167.16333333,,2.46708333
2020-12-14,178.19166667,64.265,72.07214052,45.99008647,21.76121729,22.8875,0.0,22.91666667,188.29875,,2.71875
2020-12-15,73.52727273,72.56909091,41.11026899,38.81726462,20.5023039,20.93636364,0.0,19.0952381,116.91818182,,2.49454545
2020-12-16,,,47.13823358,34.63406267,20.19166293,,,18.7826087,,,
2020-12-17,,,48.40074675,35.30744955,16.76643752,,,20.25,,,
2020-12-18,,,61.59712003,41.76978537,11.85340536,,,24.86363636,,,
2020-12-19,,,79.24957395,37.34942306,22.22717874,,,22.16666667,,,
2020-12-20,,,37.35272166,35.08964186,23.93570407,,,19.0,,,
2020-12-21,,,51.22689077,35.50974375,18.60575904,,,20.5,,,
2020-12-22,,,50.75837693,35.71184208,16.48032084,,,19.33333333,,,
2020-12-23,,,60.91728008,36.08690004,19.3087886,,,18.70833333,,,
2020-12-24,,,49.39254836,41.92908843,31.08044634,,,20.83333333,,,
2020-12-25,,,16.92287351,26.67541257,35.21687607,,,8.375,,,
2020-12-26,,,70.21124514,57.15277157,23.14275213,,,14.375,,,
2020-12-27,,,65.89364776,58.35160313,20.23253674,,,15.08333333,,,
2020-12-28,,,46.78524175,49.85329241,31.74935515,,,12.79166667,,,
2020-12-29,,,41.7153712,38.12331064,26.60885135,,,12.70833333,,,
2020-12-30,,,62.03320509,45.77410436,31.80800018,,,20.20833333,,,
2020-12-31,,,25.15030142,27.87665734,32.5437288,,,12.79166667,,,
2021-01-01,136.29166667,70.08275,11.83815539,23.89118601,27.27100709,21.05240972,0.0,15.58333333,,,2.37958333
2021-01-02,162.04166667,70.54636111,31.26403356,32.24278871,24.03380122,21.90297222,0.0,13.16666667,,,1.78625
2021-01-03,93.66666667,69.20245139,20.68938734,24.71831591,25.64422939,22.60452778,0.00083333,11.66666667,,,2.54875
2021-01-04,172.33333333,61.55217361,54.74471523,36.72495849,25.90582179,22.13690972,0.0,16.60869565,,,3.105
2021-01-05,111.91666667,63.35006945,35.89344768,30.87372841,28.03943475,22.00701389,0.0,14.41666667,,,3.80625
2021-01-06,151.54166667,70.65117361,41.46687911,42.60998132,36.17332326,20.39067361,0.33541667,14.16666667,,,2.69791667
2021-01-07,123.83333333,69.28118056,42.22055737,37.45584709,20.29793484,21.75498611,0.0,17.875,,,2.79375
2021-01-08,199.54166667,76.48724306,41.43776078,32.6011857,18.17249664,20.51345139,0.05541667,15.04166667,,,3.84875
2021-01-09,198.20833333,71.72478472,38.87696763,22.39961551,25.70145273,21.43254167,0.0425,14.82608696,,,2.95875
2021-01-10,145.08333333,70.15748611,22.26240212,13.20479904,33.04238929,22.25097917,0.1125,5.66666667,,,3.16041667
2021-01-11,113.41666667,74.711125,19.2049193,13.11428369,25.41533605,21.69377778,0.39083333,8.125,,,2.685
2021-01-12,96.33333333,66.60286806,41.83559035,23.69214693,22.33345066,23.13340278,0.00083333,12.625,,,2.92333333
2021-01-13,115.0,66.18773611,50.85279841,30.98450092,26.9440166,23.48199306,0.0,17.16666667,,,3.54125
2021-01-14,141.70833333,68.40002778,39.3394993,28.89020183,20.03050333,23.47143056,0.03208333,18.60869565,,,3.14666667
2021-01-15,131.0,66.46519444,39.34906991,30.44040088,23.21632499,23.29402778,0.0,19.125,,,3.34208333
2021-01-16,219.29166667,64.64365278,38.21631677,28.99294622,34.86536129,22.43476389,0.0,15.70833333,,,2.86458333
2021-01-17,161.875,63.28629861,21.36983452,19.6684831,34.30130269,22.3419375,0.0,14.20833333,,,3.05458333
2021-01-18,107.45833333,65.51227083,41.00831395,31.44059722,24.72865601,22.73810417,0.0,18.45833333,,,3.23333333
2021-01-19,89.45833333,61.74659722,56.95552628,37.34346839,22.05550874,22.82266667,0.0,19.875,,,3.42208333
2021-01-20,133.79166667,63.05744444,41.40219328,39.73732366,22.42337304,22.46652083,0.0,18.25,,,3.54125
2021-01-21,213.91666667,67.10013889,34.76960174,36.94524207,23.67411168,23.00765972,0.0,20.125,,,4.10166667
2021-01-22,183.75,66.29346528,38.70642763,37.94934812,28.58714383,23.32077083,0.0,20.33333333,,,3.75375
2021-01-23,99.29166667,67.44879167,25.47066949,36.07987197,32.7807969,22.54849306,0.02708333,19.30434783,,,3.33708333
2021-01-24,95.625,71.10772222,16.14536824,21.18287294,28.49722144,22.58065972,0.09,10.5,,,3.42875
2021-01-25,127.04166667,66.10128472,34.16727951,30.41232775,22.03098445,23.5181875,0.0,18.79166667,,,3.83708333
2021-01-26,131.45833333,68.49559722,42.16753319,40.85857215,19.20251669,22.62894444,0.00166667,18.60869565,,,3.085
2021-01-27,107.875,65.53263194,63.43833428,42.48706442,19.83197339,23.0805,0.0,20.5,,,3.32791667
2021-01-28,140.66666667,68.89705556,38.66383863,33.95736156,22.63591686,22.81979861,0.0,22.33333333,,,4.29958333
2021-01-29,139.25,61.74394444,42.08511983,40.28675156,27.55712378,22.6125625,0.0,21.5,,,3.87
2021-01-30,109.08333333,59.42143056,20.41863402,33.37120275,35.80545896,23.68082639,0.0,19.66666667,,,3.43791667
2021-01-31,117.79166667,58.25236111,24.42959463,32.93458778,37.40771237,23.88347917,0.0,17.66666667,,,2.8575
2021-02-01,95.06620849,59.02045833,31.24619685,38.42703793,28.88143527,24.24110078,0.0,19.83333333,,,3.22867491
2021-02-02,162.76731118,66.86184722,34.16092234,35.82420512,29.38009577,23.49682639,0.05208333,16.375,,,3.42836651
2021-02-03,246.06079522,68.47194445,32.69534739,29.65678211,23.76403406,23.27856945,0.00708333,16.41666667,,,4.55284016
2021-02-04,185.62905096,62.25422489,27.79338016,29.24829183,29.37192101,24.31644765,0.0025,20.13043478,,,3.75484335
2021-02-05,167.76334642,68.18779167,31.6349046,42.39493159,23.35529595,23.39903472,0.00458333,19.70833333,,,4.06367931
2021-02-06,191.26656283,65.25716667,42.58996361,33.06696618,36.04252706,23.38005556,0.01875,17.625,,,2.36090772
2021-02-07,143.66207417,65.51436806,23.74052043,19.93505639,32.09411686,23.88056945,0.00083333,17.16666667,,,2.62420849
2021-02-08,159.81886799,69.95524306,37.09574651,29.77810849,20.76389629,23.15855556,0.00958333,19.70833333,,,3.4995586
2021-02-09,170.54068399,71.99704861,38.22027212,33.79166506,26.17558895,22.43190278,0.10916667,20.08333333,,,2.76379774
2021-02-10,176.16462614,63.76177778,43.61189297,37.35301483,28.8977848,22.55614583,0.00208333,19.17391304,,,2.7738052
2021-02-11,137.72259265,64.76214583,42.0053587,26.83046118,27.42455046,22.57395139,0.0,21.91666667,,,3.25416211
2021-02-12,164.34633905,64.70879861,40.5258736,38.81762504,28.08848333,22.25466667,0.005,19.95833333,,,2.32936459
2021-02-13,115.37068398,69.12927778,44.42034556,31.93648795,19.47228384,21.99489583,0.02,19.91666667,,,2.31924644
2021-02-14,113.46807617,71.83571528,25.22777826,24.61096802,20.32245912,22.04322222,0.005,16.625,,,2.69855737
2021-02-15,168.53927585,64.75701389,42.6048805,39.22774503,38.8546453,23.09600694,0.0,23.0,,,2.59136291
2021-02-16,159.52016372,60.73655556,50.39358424,35.59746543,29.48636769,22.82020833,0.00125,24.70833333,,,2.85808047
2021-02-17,145.26124644,61.753125,40.96836695,36.35160075,33.85169076,22.21044444,0.015,22.41666667,,,2.42379901
2021-02-18,195.12229407,77.21239583,51.0923833,43.16003603,33.42660312,20.66772917,0.16541667,21.16666667,,,1.89858473
2021-02-19,176.83708796,75.120375,37.08665023,40.2775845,27.40180329,20.50236111,0.11541667,14.83333333,,,2.63129519
2021-02-20,230.50677636,69.75535417,46.91547681,35.33128389,34.87353606,21.18638194,0.33041667,18.54166667,,,2.590196
2021-02-21,159.18121414,75.21904861,23.48511413,25.41449575,26.7069485,20.77520833,0.08166667,12.375,,,2.21686349
2021-02-22,178.81464543,67.61296528,30.59913931,28.33693758,32.02871877,22.17269444,0.00166667,18.95833333,,,3.38655822
2021-02-23,165.00051534,71.311625,32.40677543,33.95468979,25.64422939,21.98590278,0.01375,19.875,,,3.87120597
2021-02-24,126.81268999,68.83652083,30.63870859,32.85247273,25.09580947,22.82858108,0.0,23.70833333,,,4.00485789
2021-02-25,146.7946782,69.63298611,34.68106627,33.05743871,24.3199179,23.76702778,0.01208333,22.58333333,,,3.82646585
2021-02-26,155.79466505,69.63008333,41.74655408,35.96382644,22.68496544,23.3231875,0.09791667,18.20833333,,,3.2373947
2021-02-27,172.43969936,72.69967361,67.23613669,36.49673013,18.86877313,22.09454861,0.01875,19.0,,,2.88466909
2021-02-28,88.39698221,72.0831773,36.36349187,26.28400486,28.95744317,21.8201875,0.06765957,14.87234043,,,1.93422707
2021-03-01,139.5,71.93108333,48.92302678,40.46970876,31.82434971,21.66965972,0.09666667,18.41666667,,,2.0525
2021-03-02,204.0,70.47198611,44.80303851,55.81132569,46.08930996,21.34438194,0.02125,31.16666667,,,1.74791667
2021-03-03,205.33333333,63.69794444,37.2364272,44.35709686,42.99107503,21.97461111,0.00041667,32.91666667,,,2.70708333
2021-03-04,179.625,69.9150625,24.9482617,40.12346827,46.23645568,21.77186806,0.06791667,35.375,,,2.81958333
2021-03-05,193.29166667,70.01275,32.49780471,39.57089066,33.6473217,21.12261806,0.00708333,28.625,,,3.4425
2021-03-06,195.58333333,73.92570139,27.3788911,35.02845764,33.81899171,22.22595139,0.09,44.70833333,,,3.98666667
2021-03-07,169.625,76.90195833,16.64032365,23.93550485,35.05338082,22.00331944,0.22916667,29.54166667,,,3.9225
2021-03-08,125.0,78.21509028,43.94192188,35.77116939,19.43141003,21.39775,0.13333333,17.79166667,,,2.83958333
2021-03-09,203.04166667,72.43721528,54.61130136,30.63044101,20.46960485,22.03929861,0.00208333,18.625,,,2.6175
2021-03-10,153.04166667,74.60491667,51.09913908,42.23556584,23.18362594,20.983,0.00875,20.41666667,,,2.2175
2021-03-11,190.04166667,79.99595833,63.96909372,40.05529514,22.97925688,20.18098611,0.16208333,19.79166667,,,2.21916667
2021-03-12,130.70833333,85.21122917,58.95505823,47.03077456,17.52669041,18.53120139,0.20833333,17.41666667,,,1.73916667
2021-03-13,168.54166667,74.39557639,38.84375598,33.58019596,26.81322041,20.64336806,0.06958333,18.33333333,,,2.60458333
2021-03-14,215.79166667,74.604875,37.02593509,30.29872677,34.67734175,20.853125,0.01541667,19.66666667,,,1.93875
2021-03-15,100.0,76.11063889,56.54372476,46.86354666,27.56529854,20.63508333,0.32666667,27.66666667,,,2.20125
2021-03-16,195.54166667,81.27425,,,26.68242421,19.92023611,0.35625,28.83333333,,,1.35166667
2021-03-17,141.95833333,78.06442322,,,33.62279742,20.51060841,0.41875,20.0,,,1.9
2021-03-18,200.375,82.33334732,,,27.5080752,19.60452821,0.3575,22.45833333,,,1.29208333
2021-03-19,127.75,74.61923899,,,20.06904149,21.32823962,0.15125,19.54166667,,,2.3475
2021-03-20,196.41666667,82.77360648,,,23.64958739,19.29273907,0.38916667,20.91666667,,,1.49625
2021-03-21,186.41666667,77.08432819,,,31.61180589,20.95641974,0.13416667,22.0,,,1.91916667
2021-03-22,191.66666667,85.08814471,,,26.84591946,19.25478913,0.45333333,12.41666667,,,1.66333333
2021-03-23,168.52173913,79.85018075,79.45265787,42.2978731,9.9345657,20.32914073,0.30833333,23.41666667,,,2.06217391
2021-03-24,158.82608696,79.57794664,53.83588911,36.79815391,35.99511344,20.35379202,0.06208333,17.0,,,1.87913043
2021-03-25,102.34782609,73.58230364,46.54914695,30.73833804,26.58432706,22.18492646,0.01208333,22.95833333,,,2.87695652
2021-03-26,159.45833333,77.81849306,56.73694972,41.61831739,23.40434452,21.34406945,0.16375,23.58333333,,,2.785
2021-03-27,194.91666667,75.90322222,48.551464,27.48534157,28.66889145,21.59044444,0.01458333,17.375,,,3.19666667
2021-03-28,147.0,74.23906944,25.27785892,23.96582329,30.00137771,22.03049306,0.02458333,10.58333333,,,2.80208333
2021-03-29,143.45833333,69.92573611,35.3230862,21.8645633,24.66325792,23.436875,0.00041667,16.25,,,3.47
2021-03-30,114.08333333,63.56784028,38.30751468,21.49601801,25.70145273,23.79620833,0.00708333,14.58333333,,,3.2575
2021-03-31,158.82608696,65.9445942,34.16777521,25.42389786,26.49440468,24.42034058,0.0,23.375,,,3.39304348
2021-04-01,145.73913043,72.6482971,20.4653419,17.38385683,27.32005567,22.80257971,0.00130435,15.41666667,,,1.98521739
2021-04-02,150.5,80.04371528,14.50856341,8.20403575,34.08875887,21.57461806,0.32125,13.66666667,,,2.62541667
2021-04-03,140.5,76.056375,39.19666918,20.28013393,25.47255939,21.64884028,0.03208333,13.41666667,,,2.36875
2021-04-04,194.91666667,73.97605556,21.34590823,12.35195785,27.99038618,22.44752778,0.08,10.5,,,3.26458333
2021-04-05,182.20833333,70.88129861,35.25434682,32.61836022,34.95528368,22.27376389,0.385,15.16666667,,,2.43125
2021-04-06,197.33333333,75.55258333,42.49179529,41.49748462,37.35048904,21.80404861,0.22333333,18.39130435,,,2.36333333
2021-04-07,147.20833333,69.97929861,47.13292912,24.09526235,20.13443959,22.88242361,0.00416667,14.125,,,2.85708333
2021-04-08,159.0,70.04723611,33.8180213,20.38068978,24.43436457,23.47606944,0.01875,15.125,,,2.89125
2021-04-09,188.0,76.77178472,26.05963347,15.86390407,32.73992309,21.48195139,0.21458333,12.82608696,,,2.33291667
2021-04-10,197.33333333,76.39646528,21.67884623,12.4372486,34.57924461,22.05615972,0.1325,11.95652174,,,2.81291667
2021-04-11,164.04166667,74.85163889,20.65131152,6.63953946,38.93639293,22.81347222,0.04333333,10.04166667,,,2.50208333
2021-04-12,140.79166667,66.42147917,38.80633253,19.23221029,22.09638255,23.74183333,0.0,13.25,,,3.55666667
2021-04-13,162.45833333,62.22976389,42.08296841,17.64927052,27.39362853,23.99786111,0.0,12.33333333,,,3.08541667
2021-04-14,176.16666667,70.93276389,32.57195987,22.13204717,22.77488782,23.26876389,0.0,16.875,,,2.91291667
2021-04-15,184.41666667,72.50375,49.57805738,25.77592848,24.59252845,22.88952778,0.20583333,19.16666667,,,2.91458333
2021-04-16,245.70833333,76.49247917,70.40723941,30.72920232,26.33090943,21.64464583,0.04458333,19.20833333,,,1.45333333
2021-04-17,100.125,67.85534028,32.0385701,19.74420141,27.97403666,23.39832639,0.00291667,15.75,,,2.41458333
2021-04-18,176.83333333,69.38634028,18.28525382,14.62943852,30.27931963,23.03711111,0.0,10.375,,,2.98083333
2021-04-19,150.375,68.012125,42.24618028,21.49984153,27.78601712,23.51792361,0.0,15.25,,,3.5575
2021-04-20,127.70833333,68.33543056,36.7849602,26.19403243,25.30906414,23.59061111,0.0,16.58333333,,,2.91625
2021-04-21,142.29166667,66.64113889,59.88408016,38.4398483,20.82929439,23.01290278,0.0,21.95833333,,,2.33791667
2021-04-22,166.625,68.70233333,38.82551231,35.32286117,26.5761523,23.81017361,0.00208333,26.83333333,,,3.12791667
2021-04-23,166.54166667,72.78635417,40.82780891,32.73121687,23.70681072,21.83452083,0.01208333,22.08333333,,,2.94125
2021-04-24,178.70833333,73.24595139,44.29200108,23.51301325,30.50821298,22.41605556,0.02958333,23.875,,,2.56375
2021-04-25,181.33333333,71.19880556,14.60781,14.67572823,33.37755455,23.60085417,0.00416667,16.79166667,,,3.635
2021-04-26,152.83333333,76.83770833,61.49543351,48.09023126,30.48368869,22.53830556,0.33458333,28.26086957,,,2.05708333
2021-04-27,205.0,82.74784028,80.98348417,62.77563226,14.77179551,20.64160417,0.08791667,29.625,,,1.805
2021-04-28,187.16666667,78.62674306,53.01601749,43.01140436,23.33894642,20.73878472,0.07916667,22.625,,,2.03958333
2021-04-29,167.70833333,82.65693056,60.7670943,51.00075235,28.56261954,20.46420139,0.11125,23.54166667,,,1.91583333
2021-04-30,165.125,87.91051389,66.71112266,36.62128457,17.6660168,19.321125,0.26916667,21.33333333,,,1.69666667
2021-05-01,179.43812678,78.49128472,34.07902511,26.46874638,27.54894901,20.2158125,0.01708333,19.79166667,,,1.24238022
2021-05-02,189.0799273,80.75393056,20.01045347,15.27374221,29.58446483,20.15875695,0.885,14.04166667,,,1.37618875
2021-05-03,163.56379956,79.08090972,48.58974506,35.44580941,23.55149024,19.66627778,0.19458333,14.13043478,,,1.52159152
2021-05-04,128.92374944,76.26263195,49.0440738,35.00151276,23.59236405,20.61609722,0.09333333,16.20833333,,,1.78536002
2021-05-05,37.32959743,78.76702174,44.95341449,29.77010171,21.47435745,21.09072464,0.08956522,15.0,,,2.17537972
2021-05-06,45.0295642,78.00047917,52.48618958,28.57478743,22.0636835,20.77666667,0.19083333,16.91666667,,,1.77248039
2021-05-07,188.51338003,72.38603472,56.22294833,37.82824112,39.8519663,21.73400694,0.00041667,20.45833333,,,1.86391649
2021-05-08,121.2136175,80.25222917,32.0173778,29.64090039,23.24902404,20.51054167,0.36041667,10.52173913,,,1.88628795
2021-05-09,171.38523009,79.53656945,36.3682124,22.85694193,21.92471254,21.40238194,0.055,16.29166667,,,1.58679669
2021-05-10,174.95435315,77.85994928,75.5846363,49.20929701,21.786097,21.76153623,0.05913043,22.39130435,,,1.35535814
2021-05-11,125.18614142,69.54603472,39.07850144,17.96992945,15.08243648,23.65017361,0.00166667,13.5,,,3.4763988
2021-05-12,128.35352621,66.87338195,22.84397761,17.15297033,24.76952983,24.38899306,0.0375,11.58333333,,,3.11203342
2021-05-13,171.15808388,70.30342361,52.08460395,34.86412444,22.63368738,23.86123611,0.06416667,14.29166667,,,2.55535289
2021-05-14,169.31341162,72.29216667,36.97372854,39.23287701,20.57237329,24.01466667,0.035,16.20833333,,,3.72769022
2021-05-15,200.53921883,74.90121014,51.42874607,42.87991178,21.5301914,23.32494928,0.04695652,17.60869565,,,2.61526324
2021-05-16,211.31195091,72.11945833,26.73405141,36.38086481,32.5846026,22.12886806,0.87375,12.16666667,,,1.69792867
2021-05-17,196.05265985,81.35297222,31.50651412,41.2288507,25.87312274,21.10544444,0.47375,11.29166667,,,1.6379333
2021-05-18,169.63173381,82.93463889,69.66358239,57.69203736,14.95981504,20.04747222,0.12791667,18.54166667,,,1.48455097
2021-05-19,141.80389814,72.16206501,35.9965372,38.75674638,21.81844063,22.98705238,0.00166667,14.08333333,,,3.0158858
2021-05-20,91.8580945,68.44906522,34.83734728,36.9178465,20.84777646,24.21576812,0.0,14.17391304,,,3.3636739
2021-05-21,140.53494115,73.77181945,46.6285197,50.0064715,15.58927174,23.31734722,0.0,22.41666667,,,2.57492079
2021-05-22,158.37973943,75.64674306,41.81359063,43.14616792,23.78855835,23.15651389,0.18625,15.5,,,2.94648698
2021-05-23,164.85835354,75.10995139,20.41982471,33.46553724,28.09665809,23.10583333,0.02833333,12.52173913,,,2.55706057
2021-05-24,211.79563076,73.16844444,35.53951534,41.67569376,21.37700347,23.04550694,0.21041667,13.375,,,3.50114012
2021-05-25,206.11545303,70.63465217,57.16730262,49.6114947,22.57940437,23.3119058,0.05043478,16.39130435,,,2.86540495
2021-05-26,155.63524988,71.65857639,53.41310096,59.9585489,29.93597961,22.26248611,0.05583333,15.45833333,,,1.5010823
2021-05-27,135.55079493,82.24515972,62.8402326,77.59566175,17.16700087,21.37788889,0.10541667,26.36363636,,,1.34834235
2021-05-28,175.09152797,78.9945,80.06276645,54.26181113,19.70117719,21.39318056,0.04125,23.17391304,,,1.19274927
2021-05-29,130.46947064,80.95509722,74.27205135,65.98753368,15.63832032,20.84004167,0.13583333,24.26086957,,,1.40956664
2021-05-30,101.57755111,79.75692361,50.10095473,40.60058612,18.55671046,21.58984722,0.06333333,15.79166667,,,1.55448012
2021-05-31,118.85498014,78.63611594,63.11950409,70.51719007,24.71195107,22.13342754,0.46652174,22.60869565,,,1.47526781
2021-06-01,159.70226387,82.25494444,56.09283569,76.44612619,26.7069485,20.270125,0.43541667,13.81818182,,,1.44311643
2021-06-02,169.20193824,77.16560417,61.17497578,71.34063221,30.79432966,21.88797222,0.02166667,,,,1.81212099
2021-06-03,179.33603903,70.96316667,43.09475119,55.28372635,20.13443959,23.01184028,0.12791667,,,,2.72297328
2021-06-04,231.03129159,72.59567361,59.18534243,63.44206158,27.36910424,22.93166667,0.00291667,20.22222222,,,2.72532361
2021-06-05,171.59737167,72.23611111,44.54568009,64.84556138,30.0913001,23.18304861,0.00125,21.33333333,,,2.30013381
2021-06-06,156.74052647,73.9008125,21.12024883,41.27862703,22.34980018,22.05527083,0.07541667,13.33333333,,,3.94202148
2021-06-07,200.10076173,79.37045139,46.15549758,60.17818216,26.43718134,21.13616667,0.145,16.04166667,,,1.15984311
2021-06-08,81.38352434,86.65761806,88.07660834,85.96942824,17.93542853,19.66520139,0.60916667,23.08333333,,,1.03824676
2021-06-09,57.24609701,83.52103472,65.47034481,102.83581922,24.7531803,20.12157639,0.11,26.625,,,1.43017796
2021-06-10,174.42202819,78.19436806,59.05775937,67.89663189,21.9328873,21.91799306,0.00541667,21.75,,,2.25521456
2021-06-11,159.18826247,78.80907639,48.33275969,63.1052702,28.29285239,21.76201389,0.7775,20.86956522,,,2.33500991
2021-06-12,133.063428,80.83897222,100.63313978,87.2527926,18.49948713,20.59611806,0.25541667,28.0,,,1.60744831
2021-06-13,137.63771335,79.56383333,43.43008214,75.55295719,24.11554884,20.97579861,0.02958333,23.66666667,,,1.14442516
2021-06-14,147.77713576,83.43114583,43.5335447,69.16814959,19.82379862,20.52152778,0.28958333,25.375,,,1.30435486
2021-06-15,183.36080003,78.38891667,65.36295622,65.15028373,14.90259171,21.40848611,0.09333333,22.25,,,2.51259549
2021-06-16,92.6620616,73.21584722,55.67897518,57.16356832,20.24888626,22.32185417,0.05458333,19.125,,,2.81030897
2021-06-17,118.16299723,69.63996528,46.9142759,65.80755381,20.4369058,23.23902778,0.12333333,22.08333333,,,2.06918226
2021-06-18,166.80575916,68.24271528,60.36694466,57.1801082,19.05537097,23.05963889,0.04083333,16.58333333,,,2.83801247
2021-06-19,116.39607022,70.39624306,61.20790637,62.80291405,18.90005048,22.62343056,0.03166667,18.58333333,,,2.30415048
2021-06-20,147.40907399,74.99513889,34.64106306,54.95361047,24.20547123,21.83905556,0.33625,14.75,,,2.65599708
2021-06-21,210.53269122,71.91915972,62.27982172,73.79589892,26.60885135,21.84347917,0.0275,18.26086957,,,2.03860892
2021-06-22,130.73518737,81.49902778,60.03453167,76.44894682,17.79645757,20.26521528,0.18166667,23.125,,,1.93081381
2021-06-23,149.4151728,76.82477778,58.46266817,59.03371046,19.35783717,21.552375,0.21625,21.625,,,2.66343741
2021-06-24,114.52804551,80.09754167,72.79395113,95.61455029,35.41307036,20.35775694,0.29041667,25.80952381,,,1.1527867
2021-06-25,123.1041192,77.93285417,71.08150916,82.70655956,27.11568661,20.9624375,0.33541667,25.375,,,1.64551453
2021-06-26,143.0404433,77.27495833,59.57942106,83.54472623,21.6958192,20.69203472,0.08041667,20.16666667,,,1.80001422
2021-06-27,250.98010003,76.75184028,60.49431308,57.26384182,20.32245912,20.75298611,0.05458333,16.66666667,,,2.85221513
2021-06-28,174.27770446,75.20745833,43.76025682,68.77267339,30.76163061,21.93363194,0.24916667,16.58333333,,,2.42922302
2021-06-29,121.36802285,66.68390972,63.29661768,69.43514598,22.70948972,23.06534028,0.04333333,18.79166667,,,2.22641272
2021-06-30,126.30960654,67.41497101,52.42505539,72.46330669,26.03413001,23.24951449,0.0,21.5,,,2.16963965
2021-07-01,140.04445512,72.74926389,61.21560244,71.16504782,24.87580174,21.87815278,0.0,22.54166667,,,1.89831319
2021-07-02,231.65337971,71.99271528,34.7010781,58.3364344,32.88706881,22.67460417,0.005,17.79166667,,,3.17784845
2021-07-03,148.27524164,66.04165549,27.33284755,64.77705918,34.11328316,23.49975753,0.00083333,19.08333333,,,2.14264892
2021-07-04,200.48397808,57.83937472,21.35452414,49.0846104,32.60095213,23.38161893,0.0025,12.29166667,,,2.65451057
2021-07-05,142.29653585,69.97069759,17.79753966,46.27203221,26.27368609,22.74404415,0.00791667,14.08333333,,,3.41231614
2021-07-06,113.36331378,68.04880202,36.40352438,57.96374263,22.70948972,23.54837618,0.0,20.83333333,,,3.20028476
2021-07-07,163.68383348,64.9226416,31.31383642,57.96823214,13.41968982,24.36152378,0.00041667,20.41666667,,,3.12999295
2021-07-08,162.9656063,67.44130085,37.23775294,52.42657097,24.62754711,23.77506356,0.00708333,18.83333333,,,3.63960148
2021-07-09,119.95871044,74.46625506,45.76187887,66.15084832,20.94374106,22.49021481,0.185,24.0,,,2.89860846
2021-07-10,164.2717788,78.86643621,50.18434415,69.79338983,24.17277217,21.76467314,0.05541667,21.66666667,,,1.9237864
2021-07-11,213.84564706,74.66547623,23.88183478,47.193243,22.88933449,22.10465078,0.1425,11.5,,,3.04185113
2021-07-12,114.02346412,66.04506338,46.79590667,62.46473348,22.6931402,23.52264735,0.00375,17.875,,,2.28475891
2021-07-13,112.22744638,64.22347293,70.29678088,73.96660205,22.24352827,22.81991608,0.02541667,18.91666667,,,2.33823135
2021-07-14,115.57202051,62.97938583,43.36473708,67.52944037,21.88383873,23.46864854,0.0,19.83333333,,,2.72661132
2021-07-15,159.56765231,68.41950824,30.95444631,63.16799794,31.37473778,23.98606956,0.115,22.16666667,,,2.93957275
2021-07-16,156.2194336,72.73913136,54.45702225,72.92516178,24.42618981,22.29392338,0.44416667,17.58333333,,,1.86883474
2021-07-17,189.55354944,72.12192114,43.51733492,69.50038878,31.29299015,22.47469233,0.25541667,15.95833333,,,2.420211
2021-07-18,142.10405598,69.4705658,25.58167482,57.53411113,35.06973035,22.74666172,0.23666667,13.78947368,,,1.94192325
2021-07-19,77.37472239,59.29026518,33.30157386,61.33182876,25.48073415,24.34935181,0.0,14.875,,,3.17553403
2021-07-20,152.50062907,55.12964501,39.8375012,58.32243048,28.11028269,24.23508016,0.0,15.70833333,,,2.37997756
2021-07-21,88.85118538,59.23631921,36.94092867,65.93480229,28.10741436,24.28928413,0.0,18.0,,,2.55335624
2021-07-22,128.68495779,60.91129167,51.03297639,71.10003537,17.35427724,24.23940972,0.0,21.13636364,,,2.84615151
2021-07-23,106.27806499,61.41034028,33.25140632,58.41977626,23.31442213,24.64302083,0.0,19.91666667,,,3.05689197
2021-07-24,128.31113938,77.14679167,62.20818593,79.48155003,15.89991271,21.58391667,0.08208333,29.25,,,1.5559799
2021-07-25,176.41433659,86.77136111,59.56022176,58.05538186,12.3438911,19.77370833,0.1825,18.70833333,,,1.73784202
2021-07-26,150.30962563,78.71228472,58.84699131,62.53543189,14.46115454,21.90470833,0.045,21.66666667,,,2.73381404
2021-07-27,158.45676826,84.00596528,92.04149985,88.89531751,12.07412395,19.94275694,0.24625,27.25,,,1.56014072
2021-07-28,126.66447871,71.500625,86.84519935,79.21398324,18.12344806,22.65938194,0.0075,30.1875,,,2.71089747
2021-07-29,147.19886534,77.99578472,133.14459061,91.64167614,29.29834815,21.64239583,0.19875,36.26666667,,,1.21152484
2021-07-30,139.2638142,68.9518045,54.60939012,67.62112659,23.27354832,23.48428931,0.28375,17.80952381,,,2.10308552
2021-07-31,70.96660665,64.22302149,30.86738571,54.38366178,20.57481048,24.55486355,0.00304348,13.30434783,,,3.94322034
2021-08-01,141.47775979,60.74679861,25.57697337,45.64042988,24.62238411,24.44000694,0.0,12.875,,,2.3001315
2021-08-02,136.02895908,57.00249306,43.69049649,50.64836131,23.01195593,24.27136111,0.00083333,16.95652174,,,2.63075528
2021-08-03,206.39816831,66.54449306,41.77342901,70.02541037,26.91949232,22.4784375,0.0,25.45833333,,,1.88277237
2021-08-04,124.07538445,57.77139583,33.87860024,59.79000826,28.22745429,23.4390625,0.0,26.70833333,,,3.5264742
2021-08-05,165.87266715,55.03773611,44.63332637,70.75209937,32.61730165,23.86969444,0.0,28.41666667,,,2.95531562
2021-08-06,178.86300248,55.25321528,33.82513658,67.68879044,33.53287503,23.90227083,0.0,22.75,,,2.92964035
2021-08-07,104.35708573,61.70096036,30.11552359,74.00914658,44.47070701,23.15276343,0.0,27.04166667,,,1.36106074
2021-08-08,233.63887142,71.29090602,18.79062396,51.0853635,32.73992309,22.83035464,0.07210526,15.20833333,,,2.56858947
2021-08-09,140.23000041,67.37397222,31.07147665,54.87344742,28.83121887,23.92954167,0.0,17.0,,,3.03695664
2021-08-10,186.53447545,76.1726875,46.36494719,63.84944712,20.11809007,22.19595833,0.42458333,19.28571429,,,1.84995523
2021-08-11,193.09553563,73.31045139,53.79465632,62.16230443,19.55403147,22.58720833,0.00958333,21.0,,,2.11727597
2021-08-12,232.61571793,80.42897222,63.3069762,61.53589369,18.58940951,21.15429167,0.4125,19.5,,,2.62491629
2021-08-13,181.35823179,78.62444445,68.99314024,67.65658822,28.48904668,21.56672917,0.1675,20.54166667,,,1.96829865
2021-08-14,171.29421962,84.73098611,61.16200591,83.13419881,20.55135247,20.15060417,0.44708333,21.04166667,,,1.56661441
2021-08-15,193.33606878,79.86597222,43.16474658,59.68182916,26.41265705,20.32725,0.54833333,13.125,,,1.6380766
2021-08-16,177.21298859,85.62058333,79.06326877,60.80752799,20.54317771,19.72377083,0.33208333,22.25,,,0.94195083
2021-08-17,230.93619674,79.32847222,51.92907282,61.88316842,31.01504824,21.32319444,0.29291667,17.79166667,,,2.63837905
2021-08-18,134.62663369,78.5821875,48.26317311,72.26952922,33.46747693,21.90505556,0.40166667,20.375,,,2.0227991
2021-08-19,180.7498486,78.8043125,50.63647037,74.48972754,24.72865601,21.01455556,0.265,18.08333333,,,1.65087574
2021-08-20,161.54233401,82.02763194,70.13898079,96.51146446,16.84001038,20.14826389,0.06875,23.41666667,,,1.4541484
2021-08-21,140.90915986,75.89513194,34.49829507,69.69187554,23.06174766,22.04738194,0.00375,18.94736842,,,2.16958791
2021-08-22,187.88550534,72.27769269,14.4193585,45.90566337,37.77557668,23.54383971,0.0,14.83333333,,,2.66096696
2021-08-23,169.22864168,80.11188195,70.10103191,86.22148311,29.49454245,21.81880556,0.31458333,23.54166667,,,1.42939804
2021-08-24,155.39365489,78.05175694,69.00463835,82.9087049,24.81040364,21.37508333,0.07625,22.875,,,1.61354697
2021-08-25,165.60260365,87.20660417,105.95485453,93.88544762,17.86185567,20.10524306,0.21125,31.83333333,,,1.44270462
2021-08-26,192.81263687,80.19182639,75.024099,70.46922295,17.01985515,21.37359722,0.01125,24.72727273,,,2.36168705
2021-08-27,182.88924006,74.26013194,31.3301944,53.06062121,19.83197339,22.5228125,0.02375,14.83333333,,,3.65424185
2021-08-28,204.00519484,78.53083333,35.03244348,54.34187009,20.74754676,21.98425,0.07083333,16.25,,,2.77999349
2021-08-29,148.70250019,73.01814583,41.80979881,57.09578695,27.14838566,22.54304167,0.05208333,18.0,,,1.33181874
2021-08-30,176.84332887,73.84815278,64.41920417,75.45784702,19.34297397,20.57113889,0.42333333,19.54166667,,,1.2481747
2021-08-31,174.91816504,74.18597101,68.85292868,98.24584486,33.99393163,19.85399275,0.24478261,21.95652174,,,1.17965783
2021-09-01,173.02333032,69.72868844,43.58919046,70.72440232,24.85945221,21.04359546,0.04958333,19.95454545,,,2.33427893
2021-09-02,132.87567672,58.5878125,40.88652483,61.46177374,20.08858984,23.23031944,0.00791667,15.5,,,2.60290267
2021-09-03,158.21532934,59.62649306,47.92444383,60.59283083,20.01181816,23.45786806,0.00166667,18.70833333,,,3.08896017
2021-09-04,200.96869197,62.5870625,58.54445808,73.74468093,37.74287762,22.41425694,0.46708333,24.04166667,,,1.64382229
2021-09-05,114.62472806,67.29726389,33.23480816,63.76942734,31.54640779,20.72117361,0.27875,16.41666667,,,1.68379352
2021-09-06,113.25224152,73.60025695,76.8514729,80.99510263,20.95541929,20.12675694,0.07125,28.88888889,,,1.21183159
2021-09-07,115.21106419,71.22590278,68.34607003,75.96122367,20.25919357,20.22033333,0.27166667,29.15,,,1.56951477
2021-09-08,151.80349826,74.81308333,155.99974446,78.26744787,14.51837788,19.56104861,0.25833333,32.40909091,,,1.04327436
2021-09-09,188.28526498,63.27007639,95.62156232,62.34413031,23.37164547,22.60369444,0.01,29.75,,,2.3997791
2021-09-10,94.98836372,62.02440972,40.68813394,46.11582087,25.30906414,23.07257639,0.245,17.84210526,,,2.53151406
2021-09-11,164.66682513,68.86511111,56.91372572,61.90770233,24.13189836,21.55175,0.06541667,23.22222222,,,1.74691281
2021-09-12,142.30784154,65.8773125,24.72416094,39.16717978,25.93034608,22.05523611,0.12958333,12.22727273,,,2.45134021
2021-09-13,114.44553869,55.63084722,32.45899219,43.44473189,27.45902663,23.07739583,0.0125,15.58333333,,,2.5728873
2021-09-14,153.24427518,60.67188195,39.17740565,54.99378881,30.5245625,22.63846528,0.02875,18.79166667,,,3.09862447
2021-09-15,151.3705004,61.31492361,30.9013608,52.27054633,31.0886211,22.61759722,0.30708333,15.13043478,,,2.54584495
2021-09-16,114.27122567,54.86163889,23.18377161,46.63388021,34.76726414,23.87070139,0.0,18.25,,,3.12024318
2021-09-17,159.15104725,48.82963194,57.90842362,55.00632666,35.89502592,23.88788889,0.0,20.73913043,,,2.65543346
2021-09-18,139.25829269,52.19616667,21.40403962,57.95228616,35.7662201,24.27952778,0.0,22.625,,,2.87959428
2021-09-19,175.87550932,63.9914375,21.23269526,50.80400539,38.31511099,21.84573611,0.32041667,13.95833333,,,2.40755286
2021-09-20,148.66202893,62.97493056,40.55086283,56.51031764,25.70145273,22.99890972,0.00916667,20.79166667,,,2.35626982
2021-09-21,115.413735,68.45009722,38.23229659,59.12262307,27.2710071,21.37468056,0.18416667,17.33333333,,,2.14123169
2021-09-22,159.47712048,70.18666667,44.97983348,62.0449317,26.20828799,21.27840972,0.44791667,21.91666667,,,2.08184867
2021-09-23,156.3639929,74.61732639,76.782447,75.39749332,15.17235886,19.78455555,0.38375,23.375,,,1.46682198
2021-09-24,215.1721307,66.92941667,51.75132734,52.49285136,19.02267191,22.21172222,0.11541667,20.875,,,3.28074843
2021-09-25,109.52187201,54.67542361,42.74025161,50.00884554,25.88947226,23.91870833,0.0025,19.0,,,2.96471421
2021-09-26,122.40052863,50.29111111,29.59668277,41.61675821,31.7834759,23.87778472,0.0,14.375,,,2.85708323
2021-09-27,115.96629478,56.99725,35.01970668,53.18086226,24.24634504,23.83509722,0.0,18.41666667,,,3.31642679
2021-09-28,152.01468481,74.51990278,92.88547151,67.55809329,10.85608436,20.29810417,0.20083333,29.58333333,,,1.66898205
2021-09-29,163.84251125,69.3949375,107.43360887,71.65882308,21.74486777,20.39690278,0.07583333,30.66666667,,,0.98926463
2021-09-30,149.04820699,65.76119565,41.41334501,60.47879552,36.56038049,21.36381884,0.15391304,18.47826087,,,1.73997986
2021-10-01,141.79226826,70.20663194,78.97415584,74.56810196,16.4230975,20.91039583,0.00833333,26.375,,,1.85278696
2021-10-02,159.50775059,63.53470833,55.41988439,57.94220397,29.51089197,22.16770139,0.03375,20.33333333,,,2.75616827
2021-10-03,167.362875,60.90531944,22.00871052,47.29576517,38.96909197,23.02892361,0.05583333,15.29166667,,,1.69369852
2021-10-04,235.74797148,58.53702083,45.76175111,60.19346059,25.08017079,23.36484722,0.00125,17.97916667,,,2.90926416
2021-10-05,207.02390848,68.09880555,33.01494892,55.6834335,30.38559154,22.37622222,0.11,17.86956522,,,2.33196978
2021-10-06,137.70638465,66.04284028,31.17037575,48.41887841,24.05015074,22.99341667,0.20791667,15.25,,,2.73329908
2021-10-07,213.07797134,61.26154167,47.97031364,48.24098267,25.26819033,23.19338889,0.00041667,17.04166667,,,2.63684664
2021-10-08,181.22887381,63.15265278,47.09676883,54.28238608,22.14543112,22.86372222,0.0,19.08333333,,,3.0968088
2021-10-09,131.78619945,65.16064583,28.89984607,53.6218801,30.23844582,21.92900694,0.03333333,14.45833333,,,2.52277121
2021-10-10,157.44539264,69.30974306,45.66019468,45.83579786,21.50779966,21.26232639,0.08333333,16.0,,,1.84107594
2021-10-11,204.16880522,67.35167361,58.02968504,49.69121096,16.19420415,22.09927778,0.05958333,20.29166667,,,2.55102273
2021-10-12,134.42857031,62.34425695,42.0972925,52.93180448,20.15078912,22.81774306,0.00041667,21.25,,,2.26951039
2021-10-13,139.7796916,68.150375,65.74950231,61.59710142,33.94161315,21.882875,0.14375,26.5,,,1.38929267
2021-10-14,106.862753,69.45202083,74.23930619,59.70794016,19.61089938,22.00018056,0.04333333,27.19047619,,,1.61145793
2021-10-15,176.24785572,66.04805555,91.8617818,79.23568488,29.92780485,22.00961806,0.02333333,34.25,,,1.27420532
2021-10-16,182.37940359,74.00497222,91.38391515,63.07512861,18.65480761,20.99961806,0.71,27.33333333,,,1.21414348
2021-10-17,190.00235805,72.96150695,59.16972032,49.21555827,24.47523838,20.24428472,0.18708333,17.25,,,0.96928054
2021-10-18,196.33266167,65.38546528,32.72190547,38.02659428,23.20815023,22.52679167,0.0,12.70833333,,,2.91789309
2021-10-19,169.55364235,63.99266667,33.68657154,45.79301043,21.42605204,23.01725694,0.03083333,16.625,,,3.52858548
2021-10-20,213.19699842,61.00465972,41.16913421,54.35450026,20.62492533,22.17588889,0.01291667,16.45833333,,,2.98914565
2021-10-21,191.03981253,63.34675694,63.56582171,56.24198145,26.79687088,21.60558333,0.00083333,22.70833333,,,1.84375413
2021-10-22,118.86835612,71.46881944,101.10344323,73.02163525,22.44789733,20.76319444,0.33583333,30.82608696,,,1.60489845
2021-10-23,154.71841185,70.33385417,119.9878969,66.22005567,17.40406898,20.54688889,0.04041667,30.16666667,,,1.126953
2021-10-24,257.30440859,64.70357639,65.54395695,50.33461294,31.32568921,21.82841667,0.00083333,25.5,,,2.11489372
2021-10-25,150.50776678,62.83190278,46.99992917,54.35887224,29.47819292,22.681125,0.10291667,21.45833333,,,1.5339644
2021-10-26,139.83775966,71.96602083,46.76073777,58.82367518,30.04225152,21.426125,0.32833333,20.91666667,,,1.52775229
2021-10-27,159.37337037,72.4296875,103.53970926,70.37620305,17.72288471,19.97546528,0.34,25.5,,,1.35757683
2021-10-28,156.06474437,68.05174306,113.46395762,72.79953749,32.29848592,20.96974306,0.0125,32.34782609,,,1.18130659
2021-10-29,214.52065106,73.32470833,68.5761778,67.42168437,19.38236146,20.45453472,0.35708333,28.33333333,,,1.62759981
2021-10-30,242.80860321,72.15725694,67.32285802,54.54068552,27.76149283,20.82727083,0.15291667,25.58333333,,,1.85759835
2021-10-31,173.20755561,75.80502899,35.81512276,36.151313,22.98885334,19.73572464,0.11956522,13.08695652,,,1.52122792
2021-11-01,168.75281334,70.69828472,28.72659762,31.2884711,27.36910425,20.87429167,0.01166667,16.58333333,,,1.99583901
2021-11-02,65.67836399,71.8588549,71.49972872,42.8964244,15.67101937,20.80777478,0.06041667,21.91304348,,,1.89817031
2021-11-03,112.92971669,71.84741172,61.35645269,51.44252753,23.92678615,21.27549239,0.11375,26.13636364,,,1.81837838
2021-11-04,158.23622584,71.37840972,39.09908562,36.23214304,,21.10039583,0.0075,16.38461538,,,2.24012484
2021-11-05,161.87120823,68.00923611,61.4342301,37.19909901,20.42485878,22.17623611,0.04083333,21.04166667,,,2.68951292
2021-11-06,117.22857554,64.05328472,52.20012677,35.69920408,15.54839793,22.57647917,0.00041667,17.41666667,,,2.61011198
2021-11-07,208.62852178,64.74620833,45.63982003,27.26432933,23.96840312,22.66946528,0.00208333,17.45833333,,,2.82896138
2021-11-08,177.25283716,70.44430556,53.88130921,53.46199724,18.60575904,21.52477778,0.34541667,21.54166667,,,1.75139719
2021-11-09,155.91228163,76.67598611,96.00546641,71.02738528,20.36333294,20.2353125,0.28416667,27.56521739,,,0.98659853
2021-11-10,150.18178795,74.95834722,80.29674537,67.17567035,27.32823043,20.29795139,0.32375,28.16666667,,,1.29767548
2021-11-11,227.73742619,82.00809934,94.52719754,51.44469382,21.74344607,17.91283908,0.0,30.61363636,,,0.73129939
2021-11-12,,,60.21694794,43.68693021,36.26324565,,,24.95833333,,,
2021-11-13,,,43.23719491,42.002942,21.83479015,,,18.83333333,,,
2021-11-14,,,54.36768446,39.16746184,20.3715077,,,22.29166667,,,
2021-11-15,,,55.65081248,36.34346792,15.54022317,,,27.16666667,,,
2021-11-16,,,81.89164086,39.37636886,23.15092689,,,29.125,,,
2021-11-17,,,52.17276126,34.29540655,23.31442213,,,23.04166667,,,
2021-11-18,268.47364082,59.8571374,51.28168311,40.21689389,38.10256717,23.67851852,0.0,22.69565217,,,4.38424408
2021-11-19,139.91301963,65.36263802,58.40076233,46.28937127,26.02026846,21.35352405,0.06173913,23.0,,,2.03996042
2021-11-20,,,68.66137626,46.84911798,22.66044115,,,24.91666667,,,
2021-11-21,,,66.21935784,43.50817705,18.87730332,,,21.0,,,
2021-11-22,,,79.75553689,45.46900593,12.82620208,,,27.45833333,,,
2021-11-23,126.31549314,80.51719697,101.82363899,46.58903998,7.43085895,19.50368182,0.23636364,30.45833333,,,1.10425519
2021-11-24,130.44748086,76.19243494,66.41985759,42.16162609,14.02789214,20.44583224,0.17833333,22.625,,,1.93276589
2021-11-25,170.56801446,79.57927778,117.2774633,68.4320943,12.94882351,19.99970139,0.3425,28.95652174,,,1.17880505
2021-11-26,177.74240521,77.67184722,95.76314752,64.74404211,13.91344547,19.71357639,0.1325,26.66666667,,,1.53663753
2021-11-27,119.49565223,70.72863889,41.3840927,46.53306609,19.16981764,21.97318056,0.08458333,17.41666667,,,2.75242004
2021-11-28,121.08503569,80.10933333,35.56843437,34.95147003,25.17826794,18.80751852,0.0,14.66666667,,,1.299166
2021-11-29,,,51.76673481,49.33248916,11.90245394,,,20.91304348,,,
2021-11-30,,,60.14254217,66.35603742,24.08071724,,,24.56521739,,,
2021-12-01,229.63485341,71.49682639,74.15374856,64.5543624,29.40462006,21.0106875,0.10416667,24.75,,,1.88712662
2021-12-02,197.51042153,65.76461806,46.12349195,42.81209532,20.07721626,22.729875,0.0,19.45833333,,,2.95045476
2021-12-03,201.0273875,70.41091667,43.4991628,47.76156131,21.28708108,22.28438889,0.10708333,20.375,,,2.64036762
2021-12-04,202.50729284,72.51216667,57.69497244,44.18460734,15.45030078,22.22632639,0.12333333,20.95833333,,,2.64417442
2021-12-05,140.30422303,68.95686111,24.70037262,37.14133872,19.14529335,23.14803472,0.0,16.41666667,,,2.81220192
2021-12-06,200.47386331,68.919375,42.61943967,41.15592951,19.69300243,23.17983333,0.0025,21.83333333,,,3.28189479
2021-12-07,182.31550101,65.59449306,37.18303507,42.12730056,19.84014815,23.62566667,0.0,21.95833333,,,3.39364529
2021-12-08,69.95100831,71.51300992,29.70781586,41.38375045,25.23549128,21.75623413,0.0,22.75,,,1.37152513
2021-12-09,301.03799287,61.74008974,54.01380688,45.14945511,15.26903431,24.31064103,0.0,24.7826087,,,3.89481504
2021-12-10,239.65649849,63.85394445,57.27116734,43.39713371,17.41224374,22.45492361,0.0,22.91666667,,,3.20207577
2021-12-11,205.24973545,70.05052778,62.97921868,57.23739838,25.12921937,21.78325694,0.06416667,29.33333333,,,1.9682208
2021-12-12,136.24068494,71.24793056,45.08383263,43.97215102,11.82888108,20.69028472,0.00291667,18.875,,,1.84880942
2021-12-13,257.95507797,57.55131944,57.37042416,50.42718454,18.58940951,21.49810417,0.0,19.54166667,,,3.25108523
2021-12-14,202.81495896,64.54761806,38.09915867,52.31120262,29.24929958,22.0840625,0.00208333,24.45833333,,,2.53759547
2021-12-15,180.37634561,67.11675694,41.26348006,43.33308184,20.94374106,22.47852778,0.0825,23.41666667,,,3.31537865
2021-12-16,243.80879755,67.79065972,44.33971058,45.0664233,13.91344547,22.52200694,0.00041667,21.95833333,,,3.32677596
2021-12-17,195.22733553,78.25930556,122.49367796,61.20356832,8.30555852,20.58052083,0.26875,30.08695652,,,1.68196161
2021-12-18,210.94688428,76.9804375,144.29918362,102.9265547,8.63254901,19.95470139,0.02916667,51.58333333,,,0.93437348
2021-12-19,227.58865087,65.65197222,92.66963917,58.27365182,37.19516855,22.59961806,0.0025,33.875,,,2.10418822
2021-12-20,245.54036498,70.96102083,76.10207047,54.91458388,28.10483286,21.8333125,0.30833333,23.29166667,,,1.60252721
2021-12-21,264.66967608,71.71674155,99.89040771,67.49435483,15.27863077,21.53009069,0.00217391,33.83333333,,,1.62343295
2021-12-22,177.01503916,66.13856944,51.77711377,40.3835071,19.07172049,22.61111806,0.00583333,20.20833333,,,2.51613856
2021-12-23,252.68207823,66.28440972,55.13166736,39.13444904,14.569559,22.44109722,0.0,18.625,,,3.29980236
2021-12-24,194.30593734,66.49606945,30.67156719,30.96602577,16.57024322,22.92344445,0.0,18.83333333,,,3.49865834
2021-12-25,137.5090207,64.82679861,14.12194577,22.26967054,23.6904612,23.20966667,0.00041667,18.08333333,,,2.5286921
2021-12-26,172.51358099,70.10457639,26.76959846,26.45059247,18.37686569,22.56090972,0.12875,17.0,,,2.62651552
2021-12-27,134.49593925,76.25369444,66.76472942,51.37731465,11.95150251,20.78406944,0.21875,25.125,,,1.33382967
2021-12-28,177.7379863,67.33132639,65.37203206,43.55421161,26.46988039,21.92720139,0.00208333,23.20833333,,,1.91296771
2021-12-29,146.95266854,76.50461806,132.17242606,51.96290149,7.66792705,20.48108333,0.08125,34.38095238,,,1.07200187
2021-12-30,83.30703486,71.39979167,80.41770417,41.98026895,16.01116056,21.78179861,0.06125,25.85714286,,,1.76022467
2021-12-31,78.79083412,66.57261594,25.71611942,29.00653601,18.81759201,22.63405072,0.00217391,19.22727273,,,2.57200874
2022-01-01,180.94508655,70.39254861,9.55598916,18.61791495,24.80222888,22.32818056,0.02083333,19.54166667,,,3.27794644
2022-01-02,129.33073947,74.46822222,35.95508267,29.60340948,24.02562646,21.19769444,0.06666667,17.16666667,,,1.46497623
2022-01-03,107.31584257,64.14725695,62.79487583,35.016705,14.61647503,22.37458333,0.00458333,24.0,,,2.41502482
2022-01-04,160.02025253,60.15997917,51.99393751,33.81317238,19.60308004,21.88426389,0.0,22.95833333,,,3.13076768
2022-01-05,121.99127106,58.78160417,34.68558747,35.22547099,21.96441853,22.20790278,0.0,25.17391304,,,2.96783285
2022-01-06,110.15592989,75.86175,48.84056451,39.66840172,22.24843313,19.95985417,0.65541667,27.75,,,2.43131329
2022-01-07,181.76996429,78.95427778,79.02284651,55.11848428,14.43663025,19.57220139,0.19125,27.20833333,,,1.67108263
2022-01-08,92.0721206,70.61313889,49.32109654,34.24207309,21.89201349,21.17520139,0.04833333,25.875,,,1.69283391
2022-01-09,161.4497205,67.45790972,18.52439922,22.25173601,26.59250182,21.97778472,0.005,22.0,,,3.11686582
2022-01-10,172.61993514,70.72058333,18.88924199,28.65229998,28.0721338,20.67784028,0.06666667,21.375,,,2.33228437
2022-01-11,143.82370826,71.79055556,54.39855051,48.62566212,16.49667036,20.24952083,0.00166667,26.20833333,,,1.89406271
2022-01-12,235.55994992,66.1559375,31.77628027,38.58536161,29.49454245,21.303375,0.00166667,20.375,,,2.8244235
2022-01-13,170.56974803,66.67413889,38.43211334,31.2086707,19.52133242,21.23753472,0.19541667,20.66666667,,,2.43990732
2022-01-14,172.01972225,71.35427083,49.35766565,30.26036616,11.90071762,20.6385625,0.02541667,18.95652174,,,3.37772374
2022-01-15,88.42874921,63.21522917,41.37490954,29.1561825,18.66298237,21.68184722,0.00083333,19.04166667,,,2.92866469
2022-01-16,123.2431437,62.97159028,21.45164998,21.92869522,27.58982283,22.60313194,0.0,20.83333333,,,2.75415459
2022-01-17,222.81757895,68.84154861,33.26662471,33.35678618,17.69018566,21.98672917,0.02791667,25.45833333,,,3.63759193
2022-01-18,169.08069536,69.1624375,38.56128569,37.85368166,13.69272688,21.14329861,0.0075,24.91666667,,,3.2725505
2022-01-19,98.14634044,62.39097917,28.456949,29.62128132,25.12921937,23.26734028,0.0,22.0,,,2.97740751
2022-01-20,78.0575392,59.31559028,38.5477312,34.62886017,18.86140615,23.85663889,0.0,22.70833333,,,2.73340003
2022-01-21,134.60827242,64.47205556,39.75687474,41.68136637,20.18348817,23.30871528,0.0,28.0,,,3.04771279
2022-01-22,150.35479347,65.81235417,29.57170377,44.7377099,25.56248177,22.45108333,0.00083333,26.70833333,,,2.15362262
2022-01-23,149.49286922,62.87095833,22.54291282,23.95401916,25.60335558,22.93223611,0.0,20.08333333,,,2.9652226
2022-01-24,225.20273792,66.85848611,30.11931542,34.63935136,19.75840053,22.77205556,0.0,25.79166667,,,3.8693481
2022-01-25,123.67529022,70.49316667,40.23342294,43.74295111,21.565023,21.7233125,0.02791667,28.75,,,1.8353999
2022-01-26,200.70775381,66.83846528,42.21426152,36.28786228,18.31964236,21.92721528,0.0,26.58333333,,,3.30157051
2022-01-27,253.68543948,65.11927083,52.58182832,33.41941206,21.19715869,21.82216667,0.05875,25.91666667,,,3.42592613
2022-01-28,182.16199939,58.26525694,52.75806627,42.26935859,26.65789992,22.52788889,0.00041667,26.70833333,,,2.66519039
2022-01-29,215.74262783,58.37977083,43.63075231,40.20199155,37.75922715,21.75838889,0.0,27.45833333,,,2.87777548
2022-01-30,95.19191464,57.44801848,25.19296197,26.53799291,30.99052395,21.42254767,0.0,22.0,,,3.21908974
2022-01-31,154.2218533,55.83094203,50.34289234,40.86904596,27.02363168,21.49453623,0.0,22.47826087,,,2.99339264
2022-02-01,118.66699125,58.55756944,31.7326641,33.8952763,33.25493311,21.75311111,0.0,25.33333333,,,3.24114347
2022-02-02,112.64601246,60.18893056,32.1091634,38.41295044,25.79954988,22.41411111,0.0,28.20833333,,,3.8813376
2022-02-03,90.72630874,61.11742361,35.1342097,46.30316927,20.45091968,22.93163195,0.0,31.63636364,,,2.94225033
2022-02-04,159.42929695,71.25098611,61.3399558,48.78206621,18.22971997,21.21928472,0.12833333,35.83333333,,,2.4112785
2022-02-05,145.52251599,70.76511111,40.26492266,51.51047985,29.92780485,20.68240278,0.18291667,33.08333333,,,1.96820837
2022-02-06,162.69086915,72.05529861,62.38619204,34.94818713,23.60053881,20.13540278,0.165,24.29166667,,,1.28956704
2022-02-07,157.3186029,73.31588889,29.13117787,38.74392818,16.39857321,20.41947917,0.03208333,22.41666667,,,3.20390466
2022-02-08,93.46755386,79.38811111,65.54381897,49.01407108,9.68709335,19.69903472,0.12625,29.16666667,,,1.69373335
2022-02-09,143.70243821,75.51349306,102.73840327,45.33154709,8.05214088,19.73175694,0.015,33.17391304,,,1.98445369
2022-02-10,153.80984536,67.29709722,90.4551283,48.27572347,22.67679067,21.66748611,0.00958333,35.5,,,2.0174162
2022-02-11,47.24731877,60.7335,57.61289125,39.20975566,21.70399396,22.63655556,0.0,25.58333333,,,2.729846
2022-02-12,89.69929091,60.3320625,28.55780533,35.07021083,41.89565688,22.93201389,0.0,23.08333333,,,2.33945785
2022-02-13,93.67830739,70.64707639,32.67482453,31.47911453,29.73978532,21.36004167,0.47791667,21.45833333,,,2.02200731
2022-02-14,91.53549354,72.61901389,61.69122569,53.97784394,13.4720083,21.092,0.06791667,27.83333333,,,1.93451175
2022-02-15,42.40154628,67.10769444,36.01867334,34.69352829,18.58727697,21.91386111,0.00666667,26.0,,,2.40120136
2022-02-16,36.02735624,63.46054167,42.64141384,39.77062279,21.57319776,22.43704861,0.0,26.5,,,3.14316381
2022-02-17,107.54740775,64.34166667,35.73148612,43.52836887,21.42254857,22.98606944,0.02083333,32.70833333,,,2.77590802
2022-02-18,158.28076729,79.08143055,76.0415904,52.65683197,13.81534832,19.536625,0.18791667,30.79166667,,,2.26695144
2022-02-19,120.4016526,72.70225694,96.62487738,45.7555352,22.59504305,20.22528472,0.75458333,32.58333333,,,1.33187335
2022-02-20,70.5118835,71.57390278,26.10834458,26.79794555,26.64972516,20.21917361,0.11791667,25.25,,,2.06153475
2022-02-21,84.54054148,68.68584722,60.59104542,38.54052138,28.49722144,20.76816667,0.12333333,27.875,,,1.74134816
2022-02-22,96.75769444,65.80169444,38.69035072,39.35136709,28.81603717,21.62125,0.15375,34.79166667,,,2.39701988
2022-02-23,161.68806326,65.83879861,51.1234793,39.87627899,31.59545637,22.03871528,0.00125,41.875,,,1.8505138
2022-02-24,42.55021082,62.51886111,31.72177411,35.60051328,28.55444478,22.38524306,0.0,46.41666667,,,3.45971893
2022-02-25,86.48595569,62.82979167,25.32236428,38.78922283,32.24126259,22.87946528,0.00083333,50.75,,,3.92434291
2022-02-26,140.55852206,65.60128472,26.41297301,39.99255957,27.71244426,21.3888125,0.0,40.25,,,3.77911883
2022-02-27,84.05720489,71.28097222,18.71906993,34.52260067,35.86268229,20.85963195,0.0675,27.45833333,,,2.05937443
2022-02-28,116.45258633,77.97345652,44.47944963,45.36215846,17.57218474,20.00181159,0.50565217,26.08695652,,,1.35846268
2022-03-01,77.91186563,71.79125695,40.07029283,28.85156984,15.5974465,21.64461806,0.095,19.79166667,,,3.08462773
2022-03-02,192.54736946,76.85828472,69.21988812,56.65251669,12.76080398,20.08519445,0.3375,29.08333333,,,1.52724034
2022-03-03,154.35025329,66.22599306,72.42825291,43.90234819,12.83289052,22.06751389,0.0,23.13043478,,,1.67470676
2022-03-04,101.95784148,70.19108333,70.56506506,51.04665031,15.86721366,21.31158333,0.02625,26.58333333,,,2.06106066
2022-03-05,200.70938969,77.73756944,67.35155219,58.40694238,16.3576994,19.92270833,0.455,24.08333333,,,1.31413757
2022-03-06,225.19578312,81.71334722,91.70985342,40.12588148,7.69245134,18.96217361,0.3075,22.5,,,0.80806603
2022-03-07,157.96136647,68.08084722,85.44899839,43.65388964,17.10160277,21.03642361,0.0075,23.83333333,,,2.28695396
2022-03-08,136.06597599,64.88634028,39.76319103,44.92354258,24.40166552,21.38944444,0.0,20.08695652,,,2.30749865
2022-03-09,177.96965206,64.13636111,55.78151791,48.86080103,26.24098704,21.48367361,0.0,25.45833333,,,1.77192393
2022-03-10,162.87895427,59.99264583,30.59936927,40.61716517,33.81081695,22.332125,0.00125,18.70833333,,,2.82666992
2022-03-11,124.19768653,60.94311111,35.49088088,37.0849339,24.66325792,22.49986806,0.045,22.0,,,3.07775191
2022-03-12,206.88653898,62.57114583,38.86546442,47.54529713,38.51948004,21.56975,0.1,22.33333333,,,2.12565259
2022-03-13,68.6025584,62.40986997,31.80751426,34.34503401,25.49708367,22.64398863,0.0,19.95833333,,,3.7447188
2022-03-14,112.32612249,64.26005163,59.57955904,59.65565996,30.68805775,21.7330515,0.15791667,24.25,,,1.46437192
2022-03-15,154.76936473,69.59408118,63.75709919,59.43614422,26.31455991,21.48034224,0.06208333,31.625,,,1.45249535
2022-03-16,121.47642273,72.60378274,48.96269782,71.11817831,31.75895161,20.89380438,0.57583333,35.16666667,,,1.63148108
2022-03-17,142.60335504,72.95751121,102.30629324,76.57926341,24.30356838,21.02851268,0.29375,33.26086957,,,1.06135345
2022-03-18,109.72961217,70.90526389,78.32320658,65.90715919,22.57051876,22.07092361,0.095,41.79166667,,,2.12198888
2022-03-19,118.40635021,66.90728472,30.33134572,53.12649354,20.77953497,22.8741875,0.005,38.25,,,2.9200602
2022-03-20,170.00630882,72.40770139,29.07300253,50.44045718,22.92061184,21.57575,0.35958333,27.66666667,,,1.54808729
2022-03-21,91.44420721,71.15223611,29.87208118,49.83825424,29.56338255,22.04148611,0.01916667,29.875,,,1.59183498
2022-03-22,129.87030045,72.63547101,94.60287906,69.62921746,34.99392801,21.84118841,0.19166667,38.33333333,,,1.19737058
2022-03-23,63.9960444,73.51231944,49.26079533,54.98316443,18.23753931,21.77184722,0.04708333,37.08333333,,,2.48962037
2022-03-24,152.57966917,65.64334722,75.10655879,66.24385084,29.44698019,22.89990278,0.02375,43.16666667,,,1.93808679
2022-03-25,106.59500844,73.29293056,79.63914532,74.27929267,15.4257765,21.16938889,0.12291667,41.0,,,1.31548389
2022-03-26,113.03932,72.70995652,68.12589284,67.70399733,28.7467294,21.60547101,0.20826087,37.04347826,,,1.72970223
2022-03-27,148.31967606,78.94990278,54.98529662,59.20199254,16.63564132,20.15719445,0.3025,24.5,,,1.12916968
2022-03-28,111.16692748,71.00836111,61.4501486,58.76608726,17.71470995,21.91580556,0.07708333,25.875,,,2.37733844
2022-03-29,203.96110984,74.43593055,80.59247683,84.12833079,30.46733917,20.49127083,0.31541667,26.125,,,1.05383567
2022-03-30,141.58009335,74.28716667,79.43845984,74.85940279,30.54908678,20.34570139,0.21458333,28.04166667,,,1.37615011
2022-03-31,95.20812282,75.03536232,107.58712521,73.78528608,10.07457708,20.514,0.22652174,28.69565217,,,1.28383371
2022-04-01,129.99336243,74.10726389,80.85145008,55.95285876,14.15051357,20.29354167,0.26083333,21.0,,,1.93394928
2022-04-02,95.71003545,67.85125,57.63985814,48.93807069,20.78024582,22.8975,0.00375,22.20833333,,,2.44845375
2022-04-03,154.59024661,69.57303472,26.06779968,46.23740111,24.01745169,21.87611111,0.0725,21.95833333,,,1.99816396
2022-04-04,185.32279856,70.2229375,54.55949853,62.88892768,27.32823043,21.24814583,0.14416667,23.39130435,,,1.23031725
2022-04-05,148.92143054,69.30070833,47.11884521,67.64417743,36.4022166,21.73684722,0.24583333,23.04166667,,,1.4649957
2022-04-06,101.98718866,68.19450694,53.27837374,59.53499956,36.0343523,22.39163195,0.40375,23.5,,,1.35497376
2022-04-07,97.89784996,73.13234722,56.51313513,68.01254423,21.05818773,20.98889583,0.31416667,22.25,,,1.47356269
2022-04-08,101.64270832,73.50042361,65.72000364,41.74609765,10.06196459,21.49305556,0.02291667,23.11111111,,,3.05590287
2022-04-09,64.92907674,69.51293056,45.49308878,41.75730407,15.3603784,22.73753472,0.00666667,18.20833333,,,2.90628497
2022-04-10,84.05249778,70.43238889,32.01241062,36.96746238,19.46410908,22.35261806,0.10875,19.0,,,2.6178009
2022-04-11,138.04692951,66.57384722,29.68655202,42.08076795,24.49976267,23.48439583,0.0,22.33333333,,,3.31364082
2022-04-12,120.14165444,63.458875,32.66422072,43.44756819,24.04197598,24.05348611,0.00958333,19.70833333,,,3.41292761
2022-04-13,54.69390233,62.56116667,32.78191029,58.44073512,22.59504305,23.62817361,0.0,27.25,,,2.38964589
2022-04-14,125.87370792,65.23965278,21.40224387,38.21764513,32.81349595,23.54808333,0.00333333,26.82608696,,,2.34494594
2022-04-15,52.87266872,64.88888194,10.41939007,28.97134487,30.00955247,23.94606944,0.0,22.5,,,3.12974292
2022-04-16,122.44713841,68.64208333,34.73002268,38.1529978,17.18335039,22.30892361,0.00708333,21.95833333,,,1.93041203
2022-04-17,220.05690317,69.05774306,53.74840125,37.71845583,25.39081176,21.76443056,0.1175,18.29166667,,,0.99667945
2022-04-18,159.37638053,74.83236111,81.78531654,52.91912731,12.80167779,20.5295,0.0575,29.125,,,1.3792963
2022-04-19,204.29773796,72.71149306,76.72754088,44.39288838,6.5673459,20.18406944,0.05375,17.29166667,,,2.05557563
2022-04-20,171.08547735,75.4221121,64.07710954,56.81225069,17.80463233,19.97352083,0.28208333,21.45833333,,,1.28825995
2022-04-21,171.85521674,72.603875,81.44531787,45.14495911,3.66883333,20.68707639,0.20416667,17.33333333,,,2.50927558
2022-04-22,182.04558068,71.41154167,35.42030802,35.16332305,20.84564391,20.45625,0.10333333,12.2173913,,,2.2220945
2022-04-23,146.37838516,69.06148611,32.18023196,35.11541147,29.76430961,21.57803472,0.07708333,16.45833333,,,2.5715607
2022-04-24,110.95415321,68.69359722,27.76313246,31.89477392,23.51879119,21.46202083,0.035,13.2173913,,,2.0983559
2022-04-25,146.06987459,71.60911111,74.73121441,46.40376359,10.74163769,20.42844445,0.05625,22.125,,,1.69917995
2022-04-26,116.96381315,71.051125,66.46275833,57.25111763,24.45888886,20.60788889,0.07958333,29.79166667,,,1.37139806
2022-04-27,101.03213284,74.13311806,79.55976747,58.89842195,18.80195333,20.91844445,0.3775,26.91666667,,,1.18009499
2022-04-28,168.87249543,72.57690278,45.8663175,46.80966047,22.47242161,21.22122222,0.13,20.04166667,,,1.64916243
2022-04-29,162.40444982,66.36588889,35.90337275,40.87035185,14.00453568,22.91677083,0.03208333,16.95833333,,,3.11648634
2022-04-30,150.29265145,67.47152899,61.99225449,60.9692504,26.87008832,22.59467391,0.01913043,26.17391304,,,1.27874344
2022-05-01,112.48522693,56.39015972,19.945663,28.40536142,24.24634504,24.36775695,0.00041667,13.08333333,,,2.29001378
2022-05-02,83.17810378,64.75934028,31.28611023,36.87241861,23.71885774,23.59384028,0.00375,15.36842105,,,3.30724439
2022-05-03,82.42102579,58.59252778,36.71535932,50.2761851,32.12681591,24.72241667,0.0,17.57142857,,,2.43454926
2022-05-04,123.22012462,62.93293056,23.94111394,44.22762199,34.4729727,24.51001389,0.00833333,22.0,,,2.55380193
2022-05-05,117.52528419,70.89647917,41.89738888,45.66058957,19.99546863,21.91327778,0.27416667,20.5,,,2.3889974
2022-05-06,122.6420967,79.26370139,52.68434549,55.54719694,19.08807001,20.10400695,0.31125,25.33333333,,,1.38107142
2022-05-07,160.571105,78.96202083,72.88254792,54.20248383,28.09665809,19.75193056,0.43041667,24.91666667,,,0.93686617
2022-05-08,137.18844171,67.97561806,55.92113055,32.14334218,33.38572931,21.58542361,0.00625,21.70833333,,,1.33104929
2022-05-09,166.8998232,70.40275,72.43324257,47.96969266,16.14515558,21.75515278,0.02541667,25.04166667,,,1.26879084
2022-05-10,149.69060807,69.59363889,78.91240331,57.22969649,23.07735403,21.40075694,0.035,28.79166667,,,1.04940087
2022-05-11,171.69851935,75.41283333,67.6292546,53.13913665,22.44789733,20.96621528,0.17833333,30.54166667,,,1.08791356
2022-05-12,144.32897702,71.72203472,61.18560004,53.5132544,25.29271462,22.34593056,0.25416667,23.7826087,,,1.6142611
2022-05-13,168.80567326,70.45019445,45.2266443,30.66207388,4.3816726,23.05234722,0.00916667,19.79166667,,,3.26632645
2022-05-14,128.2252885,68.35226389,,,,22.76951389,0.12583333,15.08333333,,,2.37137293
2022-05-15,123.57735095,67.06200695,,,,23.82534722,0.15791667,15.95833333,,,3.11219204
2022-05-16,137.39377265,69.72666667,,,,22.58044444,0.125,21.95652174,,,1.15728358
2022-05-17,200.14406393,75.79661806,,,,21.46776389,0.28666667,23.45833333,,,1.38184171
2022-05-18,209.56454313,75.27036111,42.29056518,50.27981879,23.05282974,21.17115972,0.31166667,20.43478261,,,2.00350599
2022-05-19,109.99812562,72.1735625,55.95830266,47.08573772,16.83183562,21.55598611,0.06458333,24.625,,,2.08356979
2022-05-20,100.71767835,70.94075,64.22351884,44.79791474,19.8728472,21.53042361,0.085,24.66666667,,,1.5254015
2022-05-21,94.31173362,74.05269444,62.48379312,42.17766452,18.56488523,20.79666667,0.13708333,22.0,,,1.70063997
2022-05-22,170.65201387,68.95448611,70.25690543,42.7124173,36.97444997,21.55079861,0.08208333,27.54166667,,,0.91265941
2022-05-23,230.49425361,61.17754861,53.9743877,42.87939092,29.64168817,22.47468056,0.0,20.16666667,,,1.87556788
2022-05-24,143.98267067,65.581375,66.28516616,50.62663461,20.8701682,22.0984375,0.04875,25.91666667,,,1.69597318
2022-05-25,144.95301802,66.45443056,49.0018885,47.16755174,18.99814763,22.43460417,0.00291667,22.54166667,,,2.19072179
2022-05-26,124.09328644,68.80109028,35.87566393,38.18356249,12.36024063,22.5291875,0.0075,18.20833333,,,3.29226296
2022-05-27,166.57769878,64.58970833,35.85820928,35.36348455,17.89827052,23.17909722,0.07416667,15.28571429,,,3.03203909
2022-05-28,121.57183917,65.74659722,37.11193074,33.43103934,19.34148765,23.04398611,0.00083333,18.95833333,,,2.99712306
2022-05-29,113.52041885,71.52488889,19.67799716,31.53970328,21.70399396,21.64520139,0.19166667,14.875,,,2.16537956
2022-05-30,150.65325558,71.17855556,25.17391088,31.79474332,25.99574417,21.85788194,0.27083333,14.54166667,,,1.5906858
2022-05-31,164.12277346,74.15281884,98.41801833,47.15649779,17.24803764,20.70863768,0.06217391,27.60869565,,,1.15208521
2022-06-01,211.87612387,71.09584722,119.69942714,55.47760567,32.91159309,20.87191667,0.51791667,30.54166667,,,1.08761222
2022-06-02,206.73098674,74.06071528,66.66793064,56.38802754,29.01223147,20.06883333,0.72416667,21.25,,,1.24554156
2022-06-03,119.16270698,75.87188889,84.06228517,50.47865325,11.52641487,20.09226389,0.08791667,25.29166667,,,1.78903972
2022-06-04,169.16355194,73.5770625,111.67800672,50.2888325,17.6820109,19.96888889,0.09958333,31.0,,,1.23435717
2022-06-05,132.36548413,74.91053472,62.32445995,48.36450288,28.3337262,20.0350625,0.02041667,25.33333333,,,1.35839832
2022-06-06,113.26271067,74.20847222,113.54373641,51.17728478,25.03112222,20.20415972,0.43,30.20833333,,,0.99835612
2022-06-07,190.11521171,76.54520833,143.94848097,48.97889936,8.37913138,18.98225694,0.06041667,30.16666667,,,1.17279953
2022-06-08,156.4437895,69.86065972,72.42648168,52.46664298,39.14893674,20.31292361,0.0825,29.375,,,1.07189986
2022-06-09,194.1294185,73.31297222,71.55975398,46.45704221,22.81576163,20.62615278,0.05041667,24.08333333,,,1.90333726
2022-06-10,61.4972094,71.07305556,72.03283009,43.74986847,24.36079171,21.62920833,0.27291667,24.58333333,,,1.74377519
2022-06-11,175.77367753,73.98916667,60.27450494,54.84279878,33.78629267,20.35593056,0.40375,19.79166667,,,1.12502103
2022-06-12,162.44568206,72.18599306,36.9986309,34.9895094,20.18348817,21.00885417,0.14625,12.58333333,,,2.37863332
2022-06-13,104.28571403,68.30347222,36.63672143,34.75889918,20.11809007,22.17432639,0.02875,15.91666667,,,2.10348265
2022-06-14,133.89994785,76.09521528,67.80305495,56.45289425,17.37136993,20.20124306,0.43291667,20.58333333,,,1.50586556
2022-06-15,116.32712865,74.62796528,77.59270619,63.04794085,24.99842317,20.33361806,0.46541667,23.79166667,,,0.98229783
2022-06-16,151.11318968,71.13428472,63.30591327,44.1899352,20.06904149,21.15954167,0.1775,18.54166667,,,2.27947059
2022-06-17,146.78759342,80.95445139,149.14877566,59.13994645,7.63522801,19.59702778,0.25791667,33.0,,,1.17389112
2022-06-18,207.90086358,76.11996528,138.25218837,56.57386022,15.00068886,20.33366667,0.16875,34.0,,,0.85240427
2022-06-19,206.79908438,73.28702778,47.24130777,39.76552998,27.49990044,20.4660625,0.1575,15.79166667,,,1.06044952
2022-06-20,152.29436189,75.01822917,49.12930292,38.46320471,16.28412654,20.709875,0.07,15.58333333,,,1.89088378
2022-06-21,170.02193385,70.87014583,77.54627936,46.46229955,15.40942697,21.29908333,0.0375,21.82608696,,,1.74089643
2022-06-22,150.39568594,65.877125,65.06022881,52.30672878,24.40166552,22.3004375,0.08166667,22.73913043,,,1.38517933
2022-06-23,176.99335372,67.5751875,55.64328616,53.41495842,28.34190096,22.32328472,0.02458333,19.66666667,,,1.80787174
2022-06-24,22.50699933,64.94030208,56.42559505,46.09617701,27.85958998,22.52823958,0.0,20.95238095,,,2.07212002
2022-06-25,,,48.79842301,47.6858665,23.15092689,,,21.26086957,,,
2022-06-26,,,56.68063452,45.57372975,23.11005307,,,19.79166667,,,
2022-06-27,,,57.13945519,38.27683924,19.14529335,,,18.33333333,,,
2022-06-28,222.30221877,65.02831941,55.49069232,55.4609561,17.64931185,22.61973608,0.02071429,19.04166667,,,2.42585365
2022-06-29,120.37532678,72.61211582,42.81866362,44.23206448,19.2433905,21.01597564,0.29958333,15.375,,,2.58534544
2022-06-30,134.64071295,68.4764264,78.14072837,55.06095382,29.94948574,21.93197034,0.05166667,23.95,,,1.58488166
2022-07-01,157.56803044,73.13860452,91.2062412,61.66033844,29.38009577,20.91022022,0.21916667,27.29411765,,,0.76990689
2022-07-02,124.00883381,71.95747575,46.15052017,44.41800686,17.32232135,21.93614383,0.06916667,22.7,,,2.5254833
2022-07-03,105.82066088,59.57311131,23.19248462,29.38385457,20.42055627,24.5217683,0.00263158,14.79166667,,,2.16721941
2022-07-04,106.65527545,66.92144515,22.84123518,28.62027796,18.47496284,23.07343609,0.03333333,13.54166667,,,2.5387647
2022-07-05,73.91568617,64.55062182,36.2276697,36.44828577,18.31146759,23.50640961,0.00125,19.91666667,,,3.11305854
2022-07-06,122.20962113,66.71231132,33.99228335,42.83364966,22.51329543,22.92603602,0.0275,18.0,,,2.89793125
2022-07-07,93.73508341,63.44202778,30.05863604,44.46322317,25.0801708,24.70238889,0.00888889,18.75,,,4.01945649
2022-07-08,113.32652574,58.62428472,37.8339662,43.46278394,26.50257944,23.65081944,0.00375,18.625,,,2.32267447
2022-07-09,85.99900612,58.21765972,29.1482104,40.19951566,26.83774469,24.23275694,0.00041667,17.95652174,,,3.04491188
2022-07-10,80.17058961,64.75863889,18.18432594,31.95342741,26.08566656,23.69538889,0.05833333,12.45833333,,,2.89385283
2022-07-11,100.79160234,77.08982639,55.30956895,56.52724927,19.71752671,20.62261111,0.44083333,20.08333333,,,1.47411717
2022-07-12,199.98251161,68.54415278,79.98579961,36.48119785,10.47057978,22.63590972,0.00125,21.33333333,,,2.9589981
2022-07-13,98.95136736,66.63077778,,,27.49990044,22.785,0.23791667,16.25,,,2.50882599
2022-07-14,82.21997004,70.77304861,,,20.76389629,22.51254167,0.12791667,19.04166667,,,2.81506477
2022-07-15,125.9026873,67.07745139,,,24.63873363,22.86785417,0.04083333,24.66666667,,,2.49582128
2022-07-16,107.99253442,67.94586111,,,20.75572153,22.99301389,0.01125,22.91666667,,,2.78387743
2022-07-17,115.5141148,64.99689583,,,40.20348109,23.17495139,0.05083333,17.125,,,2.08485223
2022-07-18,80.06385504,60.8099375,,,30.5245625,23.67647917,0.05083333,15.73913043,,,2.8111284
2022-07-19,96.93095306,58.34822917,16.31639451,37.70193584,23.96840312,24.45083333,0.00125,18.08333333,,,2.44611203
2022-07-20,135.76135434,61.38157639,15.22273927,36.36327503,40.68579206,23.96445833,0.00375,18.25,,,2.32833365
2022-07-21,141.91979587,65.7359375,36.99595312,43.8250942,24.26269456,23.14310417,0.0,21.5,,,2.81589731
2022-07-22,115.67480217,70.76172222,47.02597623,47.01647552,18.93274953,21.87113194,0.06583333,20.58333333,,,3.30076653
2022-07-23,149.89911991,74.71181945,42.22084866,56.06321602,22.86481021,20.15753472,0.24041667,18.16666667,,,1.62136829
2022-07-24,129.46941956,69.96330556,33.77263364,40.30095658,35.56021609,21.74263194,0.01291667,18.625,,,1.9672174
2022-07-25,175.37564061,75.96158333,60.11734686,63.9721269,16.2546974,19.96211806,0.56791667,22.41666667,,,1.1467326
2022-07-26,137.21986505,73.65314583,65.23487747,44.12455137,12.7771535,20.71477083,0.05208333,19.70833333,,,2.58833676
2022-07-27,79.88071586,72.88409028,52.23893417,50.70904409,19.19434193,20.80385417,0.37458333,19.86956522,,,1.44782813
2022-07-28,100.39459661,74.31936806,41.06162942,66.56437657,26.91949232,20.03957639,0.49083333,20.16666667,,,1.75446464
2022-07-29,59.05286209,64.9555,41.75496559,44.35650923,22.11273207,22.82736667,0.0425,18.4,,,2.83735406
2022-07-30,,,50.80218116,41.47889195,22.57051876,,,,,,
2022-07-31,,,33.28834825,38.84829567,25.60762068,,,,,,
2022-08-01,,,54.70184516,56.04609634,26.53527849,,,18.77777778,,,
2022-08-02,,,76.54960255,67.04039751,26.00391894,,,24.5,,,
2022-08-03,102.28444221,57.95183464,62.26293227,50.20455827,22.31710113,24.65110387,0.02461538,20.625,,,2.4799243
2022-08-04,103.61358684,67.44168519,33.08927782,41.97023833,20.26523579,23.14648092,0.00375,15.66666667,,,2.59366213
2022-08-05,175.04655942,74.43249306,52.83880858,60.68990761,29.29017339,20.8266875,0.53958333,19.27272727,,,1.85316994
2022-08-06,125.29888492,76.17234722,62.20477227,56.49720953,27.58982282,20.48279861,0.42375,16.66666667,,,1.11020271
2022-08-07,76.36618162,64.98757639,20.46040027,29.66531453,27.28735662,23.46941667,0.0,9.125,,,2.53028887
2022-08-08,112.5986883,58.69404861,24.57346514,37.74466264,23.01359088,24.40358333,0.00208333,12.4375,,,2.89474243
2022-08-09,59.71299602,62.66809028,35.43005404,47.5962241,24.72048125,23.75634028,0.00958333,15.08333333,,,2.77647669
2022-08-10,136.6453994,56.45259028,31.48818653,40.16523508,34.5715001,24.20077778,0.0,12.72916667,,,2.38206365
2022-08-11,116.52277955,58.20720139,24.81177144,45.67512366,31.21124254,23.80970833,0.00333333,14.08333333,,,2.66768029
2022-08-12,155.86096329,64.59721528,53.73492546,55.38153178,23.33077166,22.77058333,0.03666667,20.20833333,,,2.90421965
2022-08-13,64.15748466,73.31973611,36.91149054,48.89619214,27.78601712,21.07227083,0.13458333,13.41666667,,,1.91177774
2022-08-14,99.78402939,71.39600695,37.02980356,36.82998005,28.08030857,21.51173611,0.19333333,8.91666667,,,1.86167266
2022-08-15,161.20242282,75.52158333,64.24272324,41.82832916,19.09624478,20.62582639,0.26041667,12.79166667,,,1.13782374
2022-08-16,114.09120221,71.768875,53.0275156,42.49095062,13.104144,21.25608333,0.22166667,13.18181818,,,2.89885122
2022-08-17,118.6775727,62.479625,62.45215542,45.63136468,21.2380325,23.42622917,0.0,12.64285714,,,2.08857538
2022-08-18,101.00021244,65.34518056,28.99190251,41.47043006,26.34725895,23.76761806,0.0,13.47826087,,,3.17908162
2022-08-19,60.55578511,60.54863889,30.14299131,42.63273442,24.80222888,24.37268056,0.01666667,18.125,,,2.66395071
2022-08-20,123.89020375,62.95769445,30.44205977,57.01892471,30.03407676,22.91738194,0.03625,16.25,,,2.51834162
2022-08-21,149.75458895,74.49508333,22.4429099,51.00598619,35.1024294,20.32115972,0.66125,12.375,,,1.25343452
2022-08-22,117.28171626,78.08532639,93.54103767,75.37944828,6.69022548,19.68775694,0.1,24.91666667,,,1.1114838
2022-08-23,68.09331522,65.06657639,40.48809335,45.88082613,25.14556889,22.50115972,0.0,18.375,,,2.74795667
2022-08-24,79.71731898,59.16844445,23.61531365,45.879502,33.41842836,23.46176389,0.0,18.5,,,3.21583316
2022-08-25,90.87454213,62.0678125,29.19841883,49.80673154,30.16487296,23.10390278,0.00208333,23.33333333,,,3.49702272
2022-08-26,191.22239128,68.7071875,42.84796592,56.09414112,25.09652032,22.410875,0.26541667,22.625,,,2.75564795
2022-08-27,152.91416136,71.19211806,68.45296403,67.48381663,25.30088938,21.377125,0.07458333,30.54166667,,,1.15368617
2022-08-28,167.37262678,70.78902083,23.35123523,47.18608173,37.71017858,20.89414583,0.23541667,11.66666667,,,1.141778
2022-08-29,90.7991027,70.74961111,35.74451902,51.60967993,24.40984028,21.44997222,0.26,14.33333333,,,2.6320525
2022-08-30,72.99995555,61.93827778,29.71546083,46.74146384,33.55739932,23.39348611,0.00875,14.66666667,,,2.58271941
2022-08-31,110.07378784,70.96102899,32.71810587,48.77733143,26.53741103,22.07293478,0.17391304,15.86956522,,,2.64411633
2022-09-01,151.62583679,71.44935417,57.36421007,60.1395865,26.72329802,21.04664583,0.04791667,20.54166667,,,1.48354331
2022-09-02,55.81491394,74.58655556,51.25648436,46.59312206,15.1641841,21.45915278,0.1875,17.875,,,1.91644163
2022-09-03,122.60338463,68.31136806,41.62653934,53.39552433,41.307074,22.40414583,0.0675,14.91666667,,,1.97322398
2022-09-04,195.03985999,76.65996528,63.36465584,49.13396364,24.23817028,20.6766875,0.27416667,17.91666667,,,0.91627387
2022-09-05,124.61570652,62.88092361,47.11601411,46.50813327,30.36106725,22.98571528,0.0,26.45833333,,,2.72647171
2022-09-06,109.78422604,63.98509579,25.81273531,47.8482979,37.35368786,23.35438954,0.19869565,25.68181818,,,3.36739283
2022-09-07,126.79730657,65.35421528,25.81495875,53.7541756,40.81658826,23.43091667,0.02708333,22.25,,,2.01937569
2022-09-08,121.26569472,69.8434375,37.52184611,62.07407824,39.06718912,21.98109722,0.43041667,19.79166667,,,1.65739294
2022-09-09,153.86448659,69.81475694,48.6170288,55.98339995,26.22463752,21.56343056,0.10041667,17.83333333,,,2.6227843
2022-09-10,76.75783187,59.72339583,48.9087735,44.04920242,30.44473835,23.73188194,0.01083333,19.17647059,,,2.56856981
2022-09-11,104.97904507,58.71158333,,,,23.67911806,0.00416667,,,,2.55568873
2022-09-12,119.77112517,69.52496528,65.99455178,58.17728281,27.21650868,21.25452083,0.09541667,18.46153846,,,1.84220008
2022-09-13,159.61213526,71.15380556,57.65984953,60.63779642,29.36374625,20.98902083,0.10208333,20.58823529,,,1.71323326
2022-09-14,124.17826271,74.39854861,84.71250596,73.90029366,21.00913916,20.02238889,0.20625,23.33333333,,,0.98557422
2022-09-15,115.7091935,68.71721528,61.29276244,59.85793066,20.6739739,22.66720139,0.08083333,22.33333333,,,2.06194246
2022-09-16,182.3844433,71.63608333,79.10228058,60.25466048,32.09411686,20.75222222,0.54458333,19.41666667,,,1.08068815
2022-09-17,185.51017706,69.96865278,76.72242174,52.32406,26.91949231,21.90890972,0.00916667,23.16666667,,,2.2207336
2022-09-18,137.36297814,72.35863194,19.54848754,42.65471186,32.50285498,20.82910417,0.2325,9.90909091,,,1.44530766
2022-09-19,248.94076454,73.03926389,45.19677987,51.31377676,14.1166467,20.71040972,0.10666667,15.625,,,1.86538012
2022-09-20,146.55380846,73.63725,63.19006851,67.34335696,11.33022057,20.50544444,0.16708333,22.45833333,,,1.72595847
2022-09-21,84.89910259,73.81684722,67.73141915,59.01249303,20.04451721,20.21285417,0.13875,19.125,,,1.51293932
2022-09-22,173.24283302,75.85569444,63.23231001,78.00428285,16.07158272,19.36113889,0.16166667,18.66666667,,,1.32437918
2022-09-23,167.40475331,75.45096528,90.40994839,75.50038373,20.21618721,20.09205556,0.12166667,28.83333333,,,1.10122951
2022-09-24,142.60406491,75.081875,89.63495517,75.20282265,23.36347071,20.14804861,0.15875,30.95833333,,,1.32637455
2022-09-25,144.68097008,73.92365278,83.13129579,62.20322404,30.11582439,20.59033333,0.0425,24.33333333,,,0.85269381
2022-09-26,111.63192083,64.56159028,38.32955017,54.35264334,28.48087192,23.04635417,0.00208333,17.125,,,2.11714944
2022-09-27,88.5994015,67.65368056,43.60132735,54.42264988,26.64972516,22.62924305,0.01541667,16.16666667,,,2.83844614
2022-09-28,138.47099511,73.23399306,39.15340781,55.69216179,16.57024322,21.17433333,0.14708333,14.66666667,,,2.40445
2022-09-29,179.3962693,75.10457639,95.60857201,75.21977778,26.70694849,20.29765278,0.2625,29.31818182,,,0.96023185
2022-09-30,108.66406117,76.16488194,85.20632153,74.55097404,15.7936408,20.00870833,0.30708333,27.54166667,,,1.85440697
2022-10-01,103.73284454,71.28923611,55.87806628,63.48203621,24.00110217,20.75829861,0.01875,21.75,,,1.91965784
2022-10-02,96.078095,62.55538194,12.64721321,31.15088691,33.72089457,23.2826875,0.0,9.85416667,,,3.36155927
2022-10-03,135.46589444,60.16630556,27.0978619,38.79640761,27.05846328,24.11676389,0.0,12.04166667,,,3.59089031
2022-10-04,152.36333357,66.93750694,32.05408489,49.82303636,22.07185826,22.57656944,0.14666667,15.5,,,2.21553253
2022-10-05,155.46051175,70.4145625,60.94623488,59.09592891,22.33345065,21.2084375,0.01125,20.875,,,1.74975529
2022-10-06,122.59897348,70.57359722,41.74262939,58.2453593,26.64972516,21.11279167,0.04583333,17.375,,,1.46344378
2022-10-07,127.23095629,73.135375,64.43737351,59.2690139,28.5053962,21.218125,0.23333333,22.625,,,1.99050809
2022-10-08,187.72444577,71.80934722,57.24540646,53.64851941,12.99787209,20.83117361,0.10583333,14.25,,,1.5153966
2022-10-09,156.4065633,75.65690278,28.94479091,45.52455672,19.10441954,20.41280556,0.02833333,14.08333333,,,2.19385065
2022-10-10,196.54203804,67.04282639,42.39902852,53.75070466,23.92752931,22.57836111,0.00333333,16.58333333,,,2.36840688
2022-10-11,44.27017938,65.83370833,39.4656301,47.19111969,21.75304253,23.06989583,0.0,18.09090909,,,2.73073442
2022-10-12,121.11179823,68.42128672,73.08793998,60.83262378,18.13979759,21.4200811,0.01458333,22.79166667,,,1.63030689
2022-10-13,176.70455248,72.17507639,82.23843926,66.73754775,21.59772205,20.81879861,0.14708333,30.79166667,,,1.40597626
2022-10-14,79.34574792,71.48034722,62.90534166,50.98706333,11.24847295,21.40185417,0.015,32.52380952,,,2.21611014
2022-10-15,86.05289345,71.47304861,57.02525594,46.18393445,22.0636835,21.71459722,0.07416667,27.63636364,,,1.50238641
2022-10-16,157.60180429,68.82825695,24.80057995,30.11416337,28.55444478,22.62378472,0.01291667,15.75,,,2.67520048
2022-10-17,164.10141174,69.56193056,37.65988478,40.20749178,23.40434452,21.64276389,0.01625,16.20833333,,,1.49868827
2022-10-18,123.92695539,71.10810417,48.63771518,46.91035705,12.67905636,21.40168056,0.35708333,16.08695652,,,1.76726706
2022-10-19,180.78290574,75.77436806,72.93125392,62.9299052,20.42055627,20.60931944,0.07041667,24.16666667,,,0.8114931
2022-10-20,146.80710634,75.45447917,62.46092465,60.31680059,18.6793319,20.22686806,0.27333333,23.875,,,1.51958206
2022-10-21,216.62804821,69.5706875,70.47527757,48.67076874,19.83197339,21.38008333,0.00541667,25.83333333,,,2.04883345
2022-10-22,121.98530194,72.06274306,46.9146234,45.38466901,22.52147019,21.42622917,0.20375,17.76190476,,,1.52714965
2022-10-23,115.66230882,75.69399306,52.14604987,44.31420757,21.70932532,20.58394444,0.23416667,20.26315789,,,1.03554414
2022-10-24,144.87957814,78.34095833,93.39078545,55.58475837,18.99814763,20.27001389,0.16208333,27.20833333,,,0.86048425
2022-10-25,178.86283117,69.73070139,70.93262648,52.7034586,28.03943476,22.09486806,0.00333333,26.83333333,,,1.71850115
2022-10-26,156.55087113,76.72334722,65.29494871,45.51732493,12.78532827,20.77340972,0.09541667,20.75,,,1.29841047
2022-10-27,222.23323461,73.89304153,72.32985155,49.02718702,21.98193587,21.40822336,0.0425,18.95833333,,,2.19015986
2022-10-28,173.77270071,82.18195139,55.94867491,41.83371971,8.73064616,19.49898611,0.59458333,15.04166667,,,1.52998061
2022-10-29,207.85835971,70.74442361,35.31288499,35.91469258,20.76389629,21.32093056,0.04083333,12.66666667,,,2.45639271
2022-10-30,189.30349704,68.140625,21.26850293,26.215148,23.51061643,21.61054861,0.0,10.375,,,2.73939574
2022-10-31,121.4400533,70.48733333,73.2594927,43.06573015,10.78134368,21.57507639,0.32166667,18.08333333,,,2.04157018
2022-11-01,175.90548531,66.82985417,47.89907134,38.89130623,20.21618721,22.60933333,0.0,20.875,,,2.97650117
2022-11-02,124.3142981,68.507,41.8470067,45.1198116,21.79391634,22.94661806,0.05083333,23.16666667,,,2.10564297
2022-11-03,156.77241373,72.85451389,67.87493092,54.57809024,17.8536809,21.48382639,0.06166667,24.70833333,,,1.48781032
2022-11-04,172.91739939,71.04095139,94.22587546,42.31577366,10.09583146,21.38844444,0.00458333,21.70833333,,,1.47821357
2022-11-05,224.97098886,68.93822222,77.83821389,36.70323178,12.09864823,21.44672222,0.08791667,17.625,,,1.61159258
2022-11-06,196.1553551,71.71406944,40.8741693,27.52288732,18.13162282,21.03490972,0.00125,10.83333333,,,1.69735238
2022-11-07,142.07851951,69.83383333,47.27684971,34.07239636,16.80731133,21.59547222,0.00041667,15.20833333,,,1.51582458
2022-11-08,181.24925484,74.67872222,57.61803729,52.18781561,25.12104461,20.49988194,1.15541667,16.45833333,,,1.06610317
2022-11-09,172.33060347,71.39171528,71.9811368,59.99959694,24.93302507,20.63915278,0.30291667,22.0,,,1.29128826
2022-11-10,128.01950869,74.17292361,71.87059651,49.29940158,16.75826276,20.11698611,0.10916667,18.33333333,,,1.2092208
2022-11-11,148.25504144,72.29849306,76.22805912,43.54350888,12.50738635,20.90242361,0.00375,17.47826087,,,2.26995586
2022-11-12,161.98658062,74.66683333,72.63957492,44.57153546,26.21646275,20.26702083,0.36666667,19.7826087,,,1.19045394
2022-11-13,248.52955723,70.56309722,38.55985481,27.03184651,24.19729646,21.05152083,0.00833333,12.35416667,,,2.1988379
2022-11-14,131.25326294,75.04554167,31.42973739,28.22419846,19.63577909,21.08595833,0.1725,10.83333333,,,2.29751465
2022-11-15,135.64150564,74.15252778,73.55198335,42.99365004,5.93745895,21.84990972,0.11791667,18.18181818,,,1.66264277
2022-11-16,110.38319821,69.75070833,53.72182783,49.07521612,21.9982854,22.42463194,0.005,20.375,,,1.47620908
2022-11-17,135.52073367,69.58906945,57.17299902,53.90666214,24.41801505,22.18474306,0.03083333,22.125,,,1.3891632
2022-11-18,201.00120762,81.35349306,81.4931214,56.18245043,7.34911132,19.57300694,0.25333333,22.17391304,,,1.87493385
2022-11-19,141.63646599,74.67041667,94.07334406,59.89922942,16.9871561,21.47934722,0.12625,26.91666667,,,1.52243259
2022-11-20,97.39453838,78.43065972,59.75722276,41.96382922,20.567702,20.79661806,0.4125,21.39130435,,,1.28893893
2022-11-21,199.6476522,74.46260417,75.80634924,50.82858407,17.32232135,21.27426389,0.19291667,26.08333333,,,2.0347349
2022-11-22,257.90054675,71.18272222,68.97480458,49.40935924,26.33090943,21.42189583,0.29083333,18.16666667,,,1.73274182
2022-11-23,164.09221239,73.28453472,44.93554275,44.08822789,24.40984028,20.64485417,0.46541667,14.86956522,,,1.9984217
2022-11-24,128.28996148,72.30551389,55.00312125,51.41786124,20.07721625,20.40316667,0.10833333,17.33333333,,,2.03562253
2022-11-25,97.99349519,70.49331945,56.951157,41.73819428,15.8590389,21.818,0.01791667,21.91666667,,,2.11737663
2022-11-26,100.38284684,75.87174306,66.05259766,48.95378789,7.98674279,20.51475,0.04,21.66666667,,,1.95482561
2022-11-27,96.67425254,72.53624306,43.12360889,40.28143937,25.382637,20.50334722,0.20416667,18.375,,,1.3180092
2022-11-28,161.405035,77.42245833,109.25143283,72.55424075,5.21004852,19.62013889,0.095,27.23809524,,,1.00116416
2022-11-29,159.38116237,73.0585625,152.8523045,79.48856243,12.67905636,20.49524306,0.07583333,28.79166667,,,1.35138383
2022-11-30,127.0768203,72.08248551,103.77934013,45.83404672,22.13583466,21.03710869,0.08695652,25.56521739,,,2.41307008
2022-12-01,209.57592044,64.72391667,55.13787913,37.92169808,17.69836042,21.8975625,0.0,17.91666667,,,2.9968868
2022-12-02,150.75954303,64.17608333,53.50271469,38.40499782,22.74218877,21.84802778,0.0,17.66666667,,,2.83709489
2022-12-03,184.80110495,62.79004861,52.49345128,37.15360847,23.31442213,21.32942361,0.0,13.83333333,,,2.83813887
2022-12-04,226.15795638,73.33829167,46.2404763,42.17550204,16.87270943,19.94184028,0.01541667,19.125,,,1.57300487
2022-12-05,115.09136949,68.58438889,49.08698986,46.63229752,19.98729387,20.21353472,0.00125,15.83333333,,,2.11571056
2022-12-06,120.36341586,70.31150694,47.86317167,39.53667482,13.49653259,21.02038195,0.00458333,18.25,,,2.52352078
2022-12-07,133.1799729,67.20322222,56.78773237,42.0497245,13.19173074,21.14969444,0.0,18.5,,,2.50361604
2022-12-08,149.9431034,68.50522222,20.6795594,35.25430413,30.90060157,20.719875,0.00708333,17.08333333,,,2.09046099
2022-12-09,217.06415599,70.02285417,32.65783288,36.78413693,24.385316,21.28526389,0.01,19.04166667,,,3.13283652
2022-12-10,152.98296767,72.65022917,33.7831148,37.72978537,16.2923013,21.06732639,0.0075,19.73913043,,,3.48327748
2022-12-11,140.80872432,69.89361806,22.58595664,29.12089325,25.24366604,22.11468056,0.00791667,16.875,,,2.88553225
2022-12-12,120.5089005,70.4769375,46.59351434,44.74592107,21.81844063,21.40965278,0.00791667,20.54166667,,,1.55038373
2022-12-13,116.22392122,71.03613194,43.41243126,45.36686768,14.52655264,21.26682639,0.00208333,17.875,,,2.1538613
2022-12-14,144.06165713,69.052,36.5229821,35.85495785,15.52387364,22.50909722,0.00083333,19.0,,,3.02267946
2022-12-15,125.72795894,64.71659722,58.08577028,45.60715425,18.22971997,22.97184028,0.0,22.08333333,,,2.72652696
2022-12-16,98.42900418,67.28481945,43.70534694,36.88651023,16.86453466,23.09828472,0.00083333,21.875,,,3.41059968
2022-12-17,136.08216082,67.34628472,84.19339942,46.66748491,19.96276958,21.70138889,0.03,26.5,,,1.50364668
2022-12-18,178.18944715,69.62982639,56.76489269,43.08413751,30.40194106,21.59836111,0.0225,,,,1.72356823
2022-12-19,86.36419161,67.25888194,45.82062145,35.84815699,17.44494279,21.93273611,0.0,20.4,,,3.02459033
2022-12-20,115.95620883,65.22452778,33.27936632,38.96061544,18.46188322,23.1318125,0.0,19.91666667,,,3.20676622
2022-12-21,141.91695145,68.6137327,39.93889752,45.21658281,24.83492793,22.76645045,0.0,25.41666667,,,2.82224643
2022-12-22,102.39522424,66.74979861,39.36433429,43.17602745,20.91921678,23.32250694,0.0,26.04166667,,,3.17765658
2022-12-23,58.40586664,67.35916667,37.04597757,42.96284247,20.60040104,23.27111806,0.0,25.75,,,2.75999411
2022-12-24,101.35468101,68.32213195,40.87707705,37.32256437,2.6240987,22.51900694,0.00666667,26.375,,,2.80825476
2022-12-25,111.2035036,68.6313125,,,,22.2836875,0.0,,,,2.66233629
2022-12-26,170.59452819,68.01944444,29.8057085,44.38444628,31.57695559,21.58424306,0.02208333,21.8,,,2.4143406
2022-12-27,186.68045621,75.34842361,36.55475266,40.16950726,16.26777701,20.89945139,0.01458333,19.54166667,,,2.74360594
2022-12-28,171.75376636,69.33204167,32.84811386,34.636993,20.82111963,21.67145833,0.0,21.91666667,,,3.22091572
2022-12-29,120.42996252,68.30579167,37.0878307,33.11650746,18.06622472,21.97082639,0.00583333,20.25,,,2.70803739
2022-12-30,229.85119024,66.23938889,43.47694552,39.86177176,23.11822784,21.91267361,0.01375,23.66666667,,,1.91904555
2022-12-31,105.71818855,67.02446377,16.93703805,27.34691663,26.77625626,22.45094928,0.00086957,17.17391304,,,2.41261972
2023-01-01,95.84743823,65.65029861,12.87750252,21.83769064,33.19770978,21.47388194,0.0,24.66666667,,,1.78278764
2023-01-02,103.00569374,67.78410417,28.74882219,32.73200821,24.74500554,21.41618056,0.10333333,13.58333333,,,1.73653182
2023-01-03,95.26762991,77.56229861,40.98767356,47.45132462,12.93013834,18.85409028,0.12833333,16.375,,,1.3970191
2023-01-04,133.34113224,65.58752083,44.8329336,39.36124714,23.11005308,21.28398611,0.00208333,13.95833333,,,2.58986346
2023-01-05,192.30535341,68.21848611,27.02026242,39.81882427,26.42900658,21.51563889,0.00708333,14.75,,,2.65046378
2023-01-06,115.05192186,70.18520833,29.55064944,43.84581018,19.50498289,21.62885417,0.00333333,19.88888889,,,2.21624448
2023-01-07,159.63669379,71.96588195,21.6338925,35.77739829,23.48609214,21.10723611,0.31833333,14.65217391,,,2.57407667
2023-01-08,163.90392449,73.4648125,32.05925137,37.82900113,16.39857321,20.15694445,0.10791667,14.25,,,1.89537989
2023-01-09,77.94094451,72.98897222,40.27978333,37.04182523,16.19420415,20.52013889,0.11791667,19.0,,,1.61208955
2023-01-10,177.87402744,76.31918056,68.25092942,50.02631779,9.48272429,19.66949306,0.09458333,17.16666667,,,1.72760761
2023-01-11,117.72257239,75.07528472,76.38360047,47.83494477,14.46115454,20.32167361,0.14416667,19.875,,,1.64666356
2023-01-12,123.65696279,71.64946528,52.78858482,42.11583782,18.31964236,21.34405555,0.00666667,19.83333333,,,1.83190248
2023-01-13,123.52174001,73.57599963,75.06361719,55.09219755,16.52119465,21.16154861,0.19208333,22.91666667,,,1.32000814
2023-01-14,136.27589422,72.97085417,52.23846914,48.19375275,24.91667555,20.46961806,0.705,18.91304348,,,1.5104152
2023-01-15,192.7382294,69.736375,39.38243999,42.35609304,20.13443959,21.38172917,0.00166667,15.95833333,,,2.76713685
2023-01-16,159.46206938,67.14695139,35.03542276,37.68036945,21.03366345,22.02735417,0.00083333,15.375,,,2.89223104
2023-01-17,104.77590875,71.13059357,35.48892058,45.11584078,21.7869094,21.13981015,0.11833333,16.95652174,,,2.09031628
2023-01-18,186.11349668,74.18593056,123.6471185,60.18135694,5.12067112,20.12686806,0.09666667,27.875,,,1.07717547
2023-01-19,178.07616723,67.0978125,50.09090793,43.88675637,26.47533023,21.85414583,0.0,24.39130435,,,2.80737708
2023-01-20,71.90739418,64.41186111,45.37760173,40.1411364,25.0801708,21.78179167,0.0,20.91666667,,,2.72324629
2023-01-21,145.53070976,66.01259722,21.46820215,38.02476087,29.33922196,22.37740278,0.0,17.70833333,,,2.41060562
2023-01-22,112.93431563,69.54904861,15.24592457,37.03303426,23.30624737,21.13784028,0.005,15.5,,,2.80230464
2023-01-23,156.90561719,65.68036111,47.99808797,42.04442738,17.25656783,22.384625,0.0,18.33333333,,,3.09320389
2023-01-24,145.59679614,65.50870833,79.32869073,38.06125814,18.63028333,22.67604861,0.0,20.20833333,,,2.5497474
2023-01-25,128.22331052,64.73127083,22.69558967,33.0651629,17.67710604,23.12346528,0.00125,24.91304348,,,3.17301445
2023-01-26,122.78703971,65.25406945,32.33189461,33.36098579,25.49708367,23.07971528,0.00041667,19.58333333,,,3.13816043
2023-01-27,87.9657697,61.30545833,40.3910544,35.69923542,27.0094147,22.87070833,0.0,20.83333333,,,3.27650953
2023-01-28,61.03996972,60.96852778,27.95172706,34.56270067,34.30947745,22.69934028,0.0,21.95833333,,,3.0397201
2023-01-29,182.00849098,63.1885,22.29621954,26.70561684,38.2251886,22.92617361,0.0,19.125,,,3.04243245
2023-01-30,117.559043,64.56165278,26.98686168,35.02848114,14.15541843,22.88372222,0.0,24.30434783,,,2.93995775
2023-01-31,84.56179746,59.38803472,40.00229556,39.3083211,25.0801708,22.59049306,0.0,23.41666667,,,3.33879912
2023-02-01,141.40340105,61.8344375,32.39118399,40.04123899,29.55176578,22.24480556,0.0,25.75,,,3.26535604
2023-02-02,168.49114223,63.24406944,41.85096716,40.09795721,31.77530113,22.4645625,0.0,25.79166667,,,2.72480635
2023-02-03,179.71934953,68.55792361,41.65631179,50.53513642,41.33159828,22.30383333,0.03375,30.70833333,,,1.81960451
2023-02-04,130.64384303,69.50081945,28.29605208,41.90675059,25.13739413,21.92500694,0.03416667,30.125,,,2.66815068
2023-02-05,141.84484705,61.38597222,8.79837598,22.14733343,38.53582957,23.64245139,0.0,19.45833333,,,3.58625839
2023-02-06,71.20441206,67.00425695,26.10555437,36.80683519,24.03380122,23.04889583,0.015,28.79166667,,,3.21255384
2023-02-07,83.05841943,61.24241667,48.07865651,37.4878221,26.20828799,23.46859028,0.0,22.75,,,2.6899221
2023-02-08,86.01696939,61.58526389,37.59184151,39.33280576,21.50779966,23.03176389,0.00791667,22.7826087,,,2.79505462
2023-02-09,138.27813786,63.86741667,39.81060414,39.83423589,28.92230909,22.6250625,0.0,22.53333333,,,2.95273755
2023-02-10,156.26236625,66.49652083,30.14530626,39.61996967,21.9328873,23.30532639,0.00041667,22.25,,,3.48879002
2023-02-11,209.36587125,70.49238194,25.55683379,36.36962146,20.53500295,22.53210417,0.0,21.58333333,,,3.82944818
2023-02-12,113.68488135,75.59116667,15.80451309,31.14848153,20.54317771,21.49630556,0.03208333,20.66666667,,,2.30915471
2023-02-13,196.24925752,72.57955556,29.92298441,32.55319866,15.3405254,22.1673125,0.00208333,19.58333333,,,3.93075879
2023-02-14,141.0931017,69.45691667,38.00510504,31.63219012,16.36089822,23.04819444,0.00041667,21.33333333,,,3.59428425
2023-02-15,159.54683907,70.94940831,39.04676154,37.80964062,22.77488782,22.33860217,0.09166667,18.66666667,,,3.27916512
2023-02-16,141.01735591,74.23876389,47.40839834,46.53500919,18.72838047,21.64397222,0.13416667,21.79166667,,,2.22834083
2023-02-17,116.49554862,68.99684722,49.71812891,32.8677825,21.62224633,22.71747222,0.005,19.82608696,,,2.78277952
2023-02-18,113.09718863,63.61668056,43.59626103,30.25554445,23.96513321,22.50286806,0.0,18.52941176,,,3.092805
2023-02-19,121.97929261,70.25271528,27.40204574,26.91319974,32.73992309,21.74033333,0.08791667,15.66666667,,,2.15149077
2023-02-20,100.18222755,71.77520833,50.6406624,37.73188023,26.55851202,21.03372222,0.22541667,23.33333333,,,2.3475293
2023-02-21,180.33064905,70.61832639,68.13567745,49.2149393,16.06340796,21.15617361,0.01375,31.66666667,,,1.51411694
2023-02-22,109.88236647,67.65035417,41.85244914,42.59008803,20.25706103,21.11925,0.00625,25.04347826,,,2.04604799
2023-02-23,172.92205995,65.11828472,67.69351116,38.07177925,26.17558895,22.39363194,0.01708333,27.70833333,,,2.62892142
2023-02-24,161.95877766,65.99002778,36.64245516,41.16154727,30.49186345,23.06900694,0.0,40.70833333,,5.40624252,3.34139437
2023-02-25,115.58123916,64.91902083,40.72732053,39.70558371,36.73738186,22.68252083,0.0,33.66666667,,19.01962531,3.19998549
2023-02-26,134.05962033,67.08410417,19.03481831,32.38385596,51.43560451,22.45933333,0.02458333,32.875,,5.5444465,2.32437549
2023-02-27,90.31290332,64.70502778,24.06398532,44.61039281,28.48741173,23.69574306,0.00125,34.75,,7.13785265,2.64270248
2023-02-28,86.15310658,60.40885417,35.66788537,37.48576147,36.02617754,24.76438194,0.00166667,25.75,,12.12156737,3.31462258
2023-03-01,187.68588393,62.05568056,25.69149968,37.33939414,33.78629267,24.15182639,0.00041667,20.70833333,,10.19113556,3.76939165
2023-03-02,155.47495441,66.6572971,24.20766573,41.67193292,32.33935973,24.04911111,0.0,28.29166667,,11.03202155,3.56926201
2023-03-03,150.60326177,65.95955797,26.90053987,37.54412506,29.36090285,24.486,0.0,28.47619048,,16.95809257,3.19763968
2023-03-04,129.12549083,65.50397222,18.58063266,16.90590846,30.18122248,23.674125,0.0075,15.33333333,,,3.58131861
2023-03-05,108.04002924,74.60920139,28.09041984,19.41000345,28.17840571,21.71475,0.15,16.45833333,,,1.63198894
2023-03-06,248.38298212,71.56359028,42.65719947,25.91266649,22.25170303,21.88440278,0.16416667,15.79166667,,,2.74995523
2023-03-07,130.34535954,73.63741822,75.98262297,32.05357554,25.02294745,21.18869444,0.24125,25.04166667,,23.72002158,1.2441367
2023-03-08,157.5493164,77.74511594,39.27675956,35.05316168,30.58178584,19.89861594,0.33375,20.45833333,,16.35247802,1.59514663
2023-03-09,188.49216593,77.24332899,55.84161982,31.73052692,16.30865083,19.47159848,0.04416667,24.625,,21.54140659,1.2028034
2023-03-10,147.53961033,70.7576856,27.22440246,20.43665106,35.87085705,21.23923611,0.00708333,19.625,,16.99998241,2.27653758
2023-03-11,177.69761813,75.5901282,34.22006196,20.9140101,18.92457477,20.06735417,0.28083333,20.29166667,,11.56080854,1.86916289
2023-03-12,115.4735222,77.00415942,28.2354057,18.80996158,27.71244426,19.82901268,0.36833333,13.83333333,,13.20228277,1.05730523
2023-03-13,195.91080833,75.40397859,42.53177499,24.2245147,23.53350576,19.85182492,0.26708333,14.23809524,,11.24494516,1.32736592
2023-03-14,100.99412485,73.55210885,52.41434426,33.09046055,21.9822913,20.87246528,0.03458333,26.85,,21.63252371,1.55305636
2023-03-15,193.66247083,76.20831944,107.07112705,42.92810168,14.06059119,20.26984722,0.055,29.66666667,,23.82614958,1.11305099
2023-03-16,210.6454036,70.30688889,68.92590439,35.8401417,35.08607987,21.20088194,0.05583333,22.79166667,,14.82012503,1.43069012
2023-03-17,159.61549037,70.38500167,29.66468246,21.0904456,24.48966443,21.36304861,0.00208333,15.71428571,,21.49667217,2.46356106
2023-03-18,108.67152294,73.20046437,42.54433911,27.12728575,28.17023095,20.89679861,0.16,17.45833333,,18.85311982,1.44968259
2023-03-19,157.30593812,69.16914583,60.47116773,21.98112195,40.01546155,21.47543056,0.00125,20.79166667,,16.11134614,1.19265868
2023-03-20,224.5931755,66.15093545,38.97831011,16.31050049,47.76513623,22.38984028,0.0,27.91666667,,16.10377116,2.44765943
2023-03-21,196.36660148,62.11566667,39.89408554,29.20587264,41.35612257,22.48271528,0.0,33.79166667,,19.85735794,2.75146559
2023-03-22,89.24931963,66.10329167,48.05876734,41.46040114,33.22223406,21.79625695,0.06541667,35.58333333,,21.70175897,1.97638595
2023-03-23,184.36965843,67.05103459,21.55704423,33.56523094,44.9938918,22.52342361,0.00458333,41.25,,12.93330014,3.06839364
2023-03-24,130.75352157,67.06615278,22.65267636,45.56780642,42.91750218,21.97834722,0.01416667,36.16666667,,19.61658419,1.85579826
2023-03-25,83.53688807,71.34358333,25.42099765,36.31630366,45.63969803,21.26175695,0.21708333,32.625,,13.97567411,2.53326956
2023-03-26,36.77428516,67.65405556,9.72622115,19.77072889,50.05406968,21.94097917,0.0025,30.29166667,,16.77362112,3.25191862
2023-03-27,114.58505037,71.16525,60.94236426,45.0220973,28.30803408,21.36533333,0.20291667,31.83333333,,20.09323573,1.57027618
2023-03-28,103.79679678,70.44185417,62.49926749,56.09635774,32.24943735,21.56127778,0.03666667,25.25,,16.74777314,1.83770651
2023-03-29,116.60754964,71.95703472,39.38586898,54.32934178,31.17854349,21.38874306,0.01666667,25.5,,19.96239085,1.62687855
2023-03-30,66.75445788,69.57853625,47.79272657,46.80226414,29.38009577,22.75006532,0.00333333,28.54166667,,22.12541843,3.18039129
2023-03-31,32.62070337,70.29713194,28.04053336,51.63027839,33.52470027,22.32409028,0.00791667,25.45833333,,20.15667293,3.52518465
2023-04-01,33.11323554,68.12211806,25.72174738,42.87392986,35.666488,23.32353472,0.0,26.25,,21.51970913,3.43057217
2023-04-02,95.96683165,73.65565972,41.24426544,40.83404048,33.72906933,21.43278472,0.11291667,19.375,,17.9489927,2.20531987
2023-04-03,42.48066033,64.91315278,33.50883117,39.59742028,29.028581,23.83702083,0.0025,16.79166667,,21.65048293,2.86378138
2023-04-04,125.47884474,69.00873611,35.21283097,32.9423804,34.28495316,22.27922917,0.10583333,24.91304348,,18.29486302,1.8430822
2023-04-05,112.74133246,67.36599306,48.12901995,14.63902083,32.26578687,23.10796528,0.00041667,28.43478261,,9.76781868,2.7698805
2023-04-06,101.36667875,68.49427778,,,39.21433484,22.41134028,0.00166667,18.375,,8.72587732,2.14280228
2023-04-07,93.72061532,68.22473611,,,43.31806553,21.69719445,0.00833333,12.16666667,,4.88081195,2.611988
2023-04-08,34.31611805,68.57816667,,,34.95528368,22.18997222,0.00541667,14.0,,14.33843286,3.41801898
2023-04-09,57.95006219,67.183125,5.43348663,10.78102216,31.41561159,23.23223611,0.01666667,12.875,,7.45559107,3.51844108
2023-04-10,49.28898967,67.96910417,24.71854986,31.31269877,25.54093012,23.24595833,0.00583333,17.60869565,,9.98250918,3.34601915
2023-04-11,66.9795901,70.17267361,32.75103913,43.62486708,21.6330026,22.71055556,0.00083333,20.52173913,,8.69377887,2.79663594
2023-04-12,40.17862221,68.24847917,28.32882937,35.3215057,30.81067918,23.06039583,0.00041667,17.83333333,,11.47006784,3.06890635
2023-04-13,76.13534541,68.86836806,31.11226173,39.92184788,34.17050649,23.02152778,0.00458333,19.33333333,,17.09196258,2.70722589
2023-04-14,67.18888738,69.53033333,48.91843265,48.71980074,31.59545636,22.47134028,0.00625,26.54166667,,26.15326188,1.95395459
2023-04-15,163.76415147,70.42475694,73.4465891,53.58035412,31.89792257,22.62157639,0.20416667,28.08333333,,18.04247908,1.31265668
2023-04-16,159.2394866,74.22177083,39.63576129,42.21183335,29.20842576,20.79854167,0.22791667,15.56521739,,5.17438256,1.40745689
2023-04-17,155.49824224,71.70784028,59.44771913,50.77865104,40.95555922,21.25553472,0.01708333,19.91666667,,8.21811732,1.83712225
2023-04-18,41.50606642,71.80390278,43.91862437,42.16253087,26.93584184,21.65690278,0.0075,21.5,,21.56858118,2.64153725
2023-04-19,49.21593983,66.62555556,36.47018021,42.03500711,25.73415178,23.36450694,0.0,20.375,,13.23923632,3.07337805
2023-04-20,101.3914334,75.20088889,57.90199978,51.46166723,21.24620727,21.66794445,0.03541667,23.95833333,,11.29693986,1.95092003
2023-04-21,157.25711888,70.96324306,54.44998029,54.05957177,32.31483545,21.63511111,0.08583333,20.41666667,,6.51619003,1.77667871
2023-04-22,88.1485917,75.08427083,44.7468204,50.72179178,11.04293607,20.82881944,0.26666667,18.34782609,,9.82456126,1.66242224
2023-04-23,152.16280149,67.49635417,34.84028702,26.92105833,,21.94376389,0.00166667,14.16666667,,10.03663524,2.09354099
2023-04-24,86.99222269,69.10073611,30.88919324,36.36933156,,22.32618056,0.00208333,16.95833333,,11.97374136,2.58279617
2023-04-25,58.63379497,67.98122222,35.58886524,37.99356154,34.3490936,22.41830556,0.02083333,16.91666667,,13.11334378,2.56392808
2023-04-26,81.16298144,71.33604167,62.4183612,48.26649373,27.25394672,21.28535417,0.09666667,19.30434783,,14.70057751,1.46520545
2023-04-27,78.04882283,71.16866667,62.16899525,46.7836793,25.67692844,22.18125694,0.00333333,23.58333333,,12.56101725,2.68533627
2023-04-28,83.46570229,68.40695833,40.43061812,47.4724543,35.26592464,22.74513889,0.48583333,15.26086957,,6.06672872,2.99784686
2023-04-29,143.11739937,72.7311875,45.67340984,52.97161458,40.57134539,22.17795833,0.07041667,19.73913043,,7.01312258,1.84250295
2023-04-30,96.11206267,73.60763889,21.86008848,31.82214263,29.78065913,21.86036111,0.12416667,12.66666667,,7.20143202,2.02096632
2023-05-01,103.78252885,64.40550694,31.86608308,23.95093997,32.96064167,23.90855556,0.0,13.20833333,,7.70635551,2.46025691
2023-05-02,61.59485392,60.67515972,25.76714193,31.19452836,32.6500007,24.81029861,0.0,18.69565217,,9.88756388,3.01214387
2023-05-03,92.90328888,59.10640972,36.53719527,36.21446776,34.48932222,25.01239583,0.0,21.0,,11.25646622,2.75468378
2023-05-04,70.11573855,56.23182639,27.34330828,36.6835187,36.49213899,25.36983333,0.0,18.13043478,,12.18268054,3.54169907
2023-05-05,58.76390361,58.47683333,33.03977462,39.14265594,36.44309042,25.61172917,0.0,20.0,,16.28312827,3.00238722
2023-05-06,51.37982275,64.82927778,27.9231913,41.57961204,36.0343523,24.85502083,0.0,22.54166667,,20.00494196,3.40687289
2023-05-07,35.66153284,62.30661111,15.27806818,27.72037078,38.83012102,24.94038194,0.0,16.52173913,,10.1526248,3.44456124
2023-05-08,57.27472327,61.83776389,33.72897658,38.75734185,33.21654727,25.15157639,0.0,19.16666667,,21.31144856,2.85010074
2023-05-09,84.31975728,63.56095139,32.36671601,42.19758916,25.80422117,25.01628472,0.00041667,21.66666667,,7.17980483,2.64058774
2023-05-10,75.61164378,69.89909028,28.15545827,43.41611814,26.24916181,23.50136111,0.01125,21.08333333,,9.09784325,2.66995027
2023-05-11,114.70713037,67.688875,55.45928459,38.09242471,25.5134332,23.43679167,0.03166667,16.91666667,,12.74301254,1.97324346
2023-05-12,78.55333178,67.2934375,49.3410266,38.14258496,25.7505013,23.78055556,0.0,22.375,,13.73957155,2.94122771
2023-05-13,34.94107805,68.34746528,41.10927759,35.61266551,19.07989525,23.91676389,0.00083333,19.375,,23.4022738,3.16762288
2023-05-14,38.66078018,68.46811806,16.73912565,19.9985598,31.85704876,24.53727083,0.0,13.33333333,,7.17037735,3.02042381
2023-05-15,25.66776548,72.07088194,41.71880531,29.05715479,17.51034089,23.10618056,0.00875,18.33333333,,11.82377379,3.10170269
2023-05-16,100.41891554,72.22843314,54.58331138,28.0872113,22.28206644,22.16329426,0.24583333,22.30434783,,14.5194298,1.4318936
2023-05-17,113.18377824,68.41407832,38.07343383,43.27383949,33.11012304,23.1048951,0.32454545,11.0,,13.01599112,1.99156368
2023-05-18,65.7876288,66.54354014,32.58357552,28.1548344,29.85423199,24.55573729,0.0,15.75,,14.22633512,3.31191334
2023-05-19,33.25947081,68.60781733,28.50219535,31.6346019,24.47523838,24.89142408,0.005,20.16666667,,10.84109239,3.65845755
2023-05-20,149.04990505,73.58790972,53.65630903,46.35292952,47.68338861,22.51029861,0.2775,22.75,,8.76703824,1.47545311
2023-05-21,159.4122558,80.86029861,57.79652888,31.00095461,17.19152516,20.8721875,0.19,19.45833333,,11.29025801,1.36518995
2023-05-22,100.71632615,71.84710676,33.84085066,22.64377261,41.60136544,22.47636888,0.2125,18.625,,11.80778384,2.04238686
2023-05-23,110.73508841,73.19686296,57.75096569,44.39197085,38.27423718,21.72972222,0.10466667,20.75,,13.05740379,1.75281746
2023-05-24,,,52.49285338,32.2709523,27.36092948,,,20.66666667,,12.62985427,
2023-05-25,,,53.90906309,44.69072286,29.4618434,,,26.54166667,,21.51299455,
2023-05-26,,,91.93172099,61.68260576,27.63069664,,,28.13043478,,10.67488629,
2023-05-27,,,65.23606305,43.47501451,28.82421194,,,19.41666667,,16.75578067,
2023-05-28,,,42.82708024,32.62549016,28.21927952,,,9.66666667,,5.47062788,
2023-05-29,,,68.63829827,44.31957461,25.70145273,,,17.375,,9.25073057,
2023-05-30,,,61.28916378,46.0138644,31.89792257,,,17.04347826,,11.71477171,
2023-05-31,,,52.12694767,53.59811626,29.13485291,,,19.5,,13.01390895,
2023-06-01,,,56.95792811,48.08037115,19.64395385,,,17.29166667,,8.25134435,
2023-06-02,,,77.53623768,40.31268571,24.59785982,,,17.29166667,,8.92704693,
2023-06-03,,,85.16676828,48.57008783,39.85196631,,,23.41666667,,9.34678251,
2023-06-04,,,53.59600782,29.04916299,22.15360588,,,13.75,,9.97894832,
2023-06-05,,,41.87182218,30.81929803,23.02013069,,,12.70833333,,14.32804547,
2023-06-06,,,30.7172888,40.56492862,27.91681332,,,13.17391304,,9.37894751,
2023-06-07,,,40.13773821,33.06496823,24.97389888,,,14.33333333,,17.15898352,
2023-06-08,212.97522923,76.08626515,63.78712715,46.55026412,18.74473,21.56033333,0.84,18.69565217,,11.32239941,1.63336936
2023-06-09,42.28166279,70.73793055,53.32475969,34.69941517,31.41561159,22.97510417,0.04,17.5,,19.43587442,2.32107321
2023-06-10,33.59561826,69.48997222,30.17604455,27.24713914,23.03648021,23.28345833,0.0025,11.20833333,,8.8459504,3.67443725
2023-06-11,51.86456829,68.49005556,19.32705945,22.34804495,28.86508575,23.03692361,0.2325,7.08695652,,5.65533116,3.05904927
2023-06-12,126.66527249,64.24731944,34.92634912,27.8160059,31.35838826,23.80738194,0.0,12.875,,9.34166619,2.33181771
2023-06-13,54.8868205,57.98923694,39.03817015,32.73086586,23.40597947,25.34064854,0.00125,14.66666667,,,2.62737261
2023-06-14,48.3423863,65.33654861,37.20295491,36.1339576,23.55149024,24.07715972,0.0,13.375,,,3.43478173
2023-06-15,54.84945914,58.35413194,35.9851975,32.41847139,26.96854089,24.89590278,0.00041667,15.34782609,,,2.83849313
2023-06-16,36.6632315,59.95221528,37.78144793,35.39235059,25.71780226,24.47871528,0.00333333,14.52173913,,,2.6460604
2023-06-17,104.11769379,63.77465278,32.21127175,35.96906811,29.72343579,23.5205,0.00583333,13.0,,,2.35448301
2023-06-18,50.84481512,53.2898125,22.53201816,19.58825551,23.90300502,24.33354861,0.0,6.08695652,,,3.25060607
2023-06-19,92.35913595,50.66905556,47.05822529,24.71517829,26.15923942,24.57819444,0.00541667,8.76190476,,,2.56689796
2023-06-20,60.65061924,51.11493056,33.5211878,27.57879069,25.70145273,25.24520833,0.0,8.38888889,,,3.0049387
2023-06-21,80.65566061,57.06032639,59.74960436,31.00502102,23.40434452,24.84252083,0.0,,,,2.5737374
2023-06-22,54.15285837,65.24222917,,,19.46410908,24.1205625,0.01083333,,,8.23072052,3.21415793
2023-06-23,53.44096695,69.80228472,43.44283908,32.09586414,26.45353087,23.31528472,0.12625,,,8.87782557,3.21820875
2023-06-24,130.81519786,69.89083333,39.03711846,35.59031199,29.01223147,22.52245139,0.07083333,20.16666667,,10.49014265,1.82856081
2023-06-25,168.53492462,77.13760417,35.69946685,38.41757314,25.48073415,20.60101389,0.15541667,22.58333333,,5.90133222,1.4827665
2023-06-26,65.01358166,75.04665972,42.51196553,38.48243986,21.00913916,21.37564583,0.0275,26.94736842,,10.06670269,2.65141314
2023-06-27,45.88406313,68.33179861,35.73170487,28.22121164,17.95177805,23.33044445,0.0,20.875,,10.62622903,3.36060168
2023-06-28,45.15238389,68.07776389,39.48833504,32.12659859,23.94387883,23.65629861,0.04083333,20.625,,9.60923714,3.51891317
2023-06-29,70.83107452,59.16417361,40.8329243,27.88112334,22.84028592,25.30970833,0.0,19.58333333,,14.74315643,3.57612262
2023-06-30,59.909608,57.71702083,42.99932197,33.26431644,17.87074128,25.03046528,0.0,15.75,,16.01651458,3.47652872
2023-07-01,63.38565746,61.10960417,,,26.25733657,24.572375,0.0,15.66666667,,13.57851672,2.77763685
2023-07-02,106.14295952,72.49779861,,,29.07762957,22.16207639,0.09375,14.95833333,,9.33994529,1.91549088
2023-07-03,164.30820909,76.55172222,,,23.46156785,21.33861111,0.15208333,16.16666667,,3.51805213,1.54899034
2023-07-04,145.6373298,73.6079375,,,28.34190096,22.10897917,0.02541667,22.0,,7.3706902,2.0844489
2023-07-05,91.45994948,69.80721528,,,26.90314279,23.07847917,0.165,22.13043478,,6.84204694,2.13003775
2023-07-06,185.89247645,73.377875,,,21.40152775,21.64929167,0.17041667,24.79166667,,7.73405966,1.63423142
2023-07-07,142.74319377,74.45596528,,,22.58686829,21.52532639,0.01666667,30.5,,7.78283039,1.5740598
2023-07-08,114.05089214,71.96252083,,,20.78842058,22.526125,0.05833333,23.83333333,,7.0098853,2.89957766
2023-07-09,75.92276408,62.66941667,,,26.20011323,23.96177083,0.00541667,16.79166667,,9.20397707,2.63725747
2023-07-10,95.30964888,59.84168056,,,26.85409422,24.39000694,0.00416667,19.33333333,,12.88630112,2.16932676
2023-07-11,57.71505768,62.38345139,23.05022414,,19.3741867,24.12518056,0.02083333,18.08333333,,16.08116144,2.91774859
2023-07-12,64.34464866,63.48818055,24.23769369,,25.67692844,24.425625,0.15541667,17.125,,7.02248982,2.92890789
2023-07-13,69.04828335,60.20490972,24.49384608,,20.91921677,24.99910417,0.0175,19.66666667,,9.84063676,3.00674891
2023-07-14,60.74567032,63.51547222,36.68644949,,21.4342268,23.89365972,0.04125,19.79166667,,17.03105224,2.54974782
2023-07-15,58.52111416,62.44865278,27.69557466,,21.3688287,24.58245833,0.00208333,22.26086957,,16.00180094,2.91505405
2023-07-16,72.0494193,64.20128472,14.51897303,,23.52696595,24.36595833,0.06291667,13.16666667,,4.74486435,3.29055737
2023-07-17,102.82178258,66.64040278,32.93639893,,21.75304253,23.57745139,0.22083333,16.41666667,,5.98792709,2.30241745
2023-07-18,83.04335908,58.68327836,29.10060911,,20.0036434,24.56191862,0.0,19.31818182,,12.54476774,2.61981618
2023-07-19,98.77498852,54.47788194,47.61560794,,17.06890372,24.48693056,0.0,20.60869565,,8.06384352,2.74473283
2023-07-20,114.77525268,48.56033333,47.0515838,,19.57855575,25.39286111,0.0,14.54166667,,14.31524965,2.88980321
2023-07-21,73.7135336,51.88363889,49.33156238,,14.99251409,24.79102778,0.0,17.95833333,,21.99366076,2.7437327
2023-07-22,103.65224661,54.08084722,58.6873975,,17.23239897,24.0303125,0.0,20.16666667,,22.87360513,2.5947636
2023-07-23,86.877986,54.50071528,19.98203281,,28.37460001,24.7894375,0.0,15.625,,12.33341091,3.04842779
2023-07-24,72.93068537,56.55609722,25.58243114,,24.84310269,25.3160625,0.0,18.20833333,,17.11054814,3.07562868
2023-07-25,49.36717464,63.03073611,26.98369112,,18.14797235,24.3319375,0.0,21.18181818,,17.71733416,3.56479169
2023-07-26,86.73700887,74.09615972,48.63903363,,14.6001255,22.15033333,0.05416667,38.29166667,,27.76375781,1.99767978
2023-07-27,159.70763029,70.19510417,81.53862415,,29.86240675,22.66677083,0.13708333,31.47826087,,25.47947744,1.2547269
2023-07-28,62.76618185,65.63464583,47.32087981,,17.9844771,23.71976389,0.09,23.41666667,,12.40061271,2.79237156
2023-07-29,131.34187461,58.53461782,61.30200692,,25.76685083,24.4347367,0.0,17.45,,12.41019632,2.03770964
2023-07-30,75.63539258,60.62026389,23.46939494,,24.47523838,24.8479375,0.0,13.04166667,,11.93337227,2.89472476
2023-07-31,73.67522616,58.86610417,22.00269573,,25.62787987,24.89128472,0.00375,16.54166667,,9.10192523,3.36369404
2023-08-01,86.3823216,55.28775694,26.62948502,41.63686305,24.57333553,24.31722222,0.00125,23.5,,,2.79308016
2023-08-02,85.37103723,53.25079167,30.24732773,45.5506319,26.34725895,24.50809028,0.00041667,19.125,,,3.03960502
2023-08-03,71.18015752,57.06776389,23.47146971,43.2987093,33.05056406,24.959,0.0,25.8,,10.9369874,3.5901114
2023-08-04,83.16733653,55.15920139,32.46230876,48.51672302,32.88706881,25.24257639,0.0,25.75,,15.06245249,3.46804565
2023-08-05,62.10750538,55.46079167,22.34847719,46.29670491,35.95260468,25.79821528,0.0,21.29166667,,15.25134763,3.8503818
2023-08-06,57.66271363,56.65245833,16.91225145,35.77922386,28.21110476,25.33230556,0.00041667,16.5,,9.07098165,3.2233486
2023-08-07,52.31958391,63.36509722,20.00347551,35.79925036,22.81576163,24.65722222,0.0,15.0,,11.05459843,3.48065612
2023-08-08,87.21300906,53.3538065,25.75854952,44.40092322,25.32774931,25.18079567,0.0,20.86363636,,10.64864443,2.95835827
2023-08-09,77.9687646,59.38909722,28.77172643,57.11644809,28.98770718,24.32680556,0.00083333,29.0,,21.21066268,2.53470791
2023-08-10,47.64515059,60.52194942,35.3711983,50.87021191,25.03112222,24.03130162,0.00375,22.91666667,,22.56933123,3.02736394
2023-08-11,85.48829427,59.61852778,32.89410631,41.99127555,29.200251,24.70342361,0.01958333,21.53846154,,12.45703833,2.52577551
2023-08-12,59.79708796,61.9853125,20.68601367,37.17196609,26.55980277,24.87101389,0.0,,,9.89349833,3.55823636
2023-08-13,65.28063409,60.7551875,13.33101362,32.31579252,30.73710632,23.76175694,0.00666667,,,9.54456373,3.22911177
2023-08-14,63.46606608,59.42777083,22.93756381,36.83258913,27.22195852,24.69543056,0.00125,,,11.74302423,3.39625261
2023-08-15,84.7113432,65.2112375,38.48030014,53.90077642,19.58845152,23.27087778,0.04333333,16.77777778,,12.08421863,2.36835462
2023-08-16,73.8740504,70.18788889,35.91362814,51.83507199,17.62478756,22.633625,0.00166667,23.34782609,,9.33763938,2.729958
2023-08-17,48.53583792,65.62020139,45.3691238,41.126164,18.22971997,24.33607639,0.00125,21.58333333,,13.07828121,3.38748883
2023-08-18,143.65946336,74.32486111,78.42796484,64.82523715,16.97507167,22.21522917,0.24791667,28.7826087,,7.48062073,1.62817929
2023-08-19,61.31722312,70.91364583,48.46825855,45.81254332,18.36869093,23.0825625,0.02125,27.16666667,,15.70026885,2.41119232
2023-08-20,132.82728186,75.18798611,31.87005888,44.18008649,19.03084668,22.33363194,0.27125,21.25,,9.46822436,1.37641843
2023-08-21,138.58930306,76.635875,28.89781218,41.34589129,24.67960744,21.82379861,0.11166667,17.16666667,,6.46174637,1.09537794
2023-08-22,203.82880045,77.48550694,84.05422116,61.51252162,12.78532827,20.50973611,0.22208333,25.79166667,,9.28370428,1.08094389
2023-08-23,122.38666587,69.51268056,101.43928709,61.57907246,19.50498289,22.32350695,0.01625,29.85714286,,11.79373929,2.1491143
2023-08-24,56.60111742,68.69875694,43.6133128,54.11112809,21.40152775,22.80909028,0.03916667,21.82608696,,9.8564743,2.7364552
2023-08-25,51.14765438,67.14351389,33.20534744,46.77920547,27.35275472,23.34151389,0.18208333,20.08333333,,7.99169318,3.15896967
2023-08-26,67.16327081,58.18626389,32.12992133,48.93594739,32.09411686,24.69927778,0.00083333,19.68181818,,12.38128063,3.00969057
2023-08-27,81.32035479,60.63613194,11.31401453,43.16550697,43.98839604,24.70235417,0.0,16.70833333,,11.90849286,2.71010419
2023-08-28,62.56063519,57.49960417,19.80003046,50.20584322,36.00982801,25.24077083,0.03708333,18.75,,10.952779,3.18299775
2023-08-29,97.28674382,65.90079861,40.31978143,52.01624279,24.1132132,23.43038889,0.18375,20.95833333,,10.9878705,2.6235956
2023-08-30,76.66182451,55.54631944,33.37658316,48.30523266,22.6277421,25.81365972,0.00041667,28.0,,14.8853421,3.29792007
2023-08-31,112.31863693,50.44476389,41.79177488,58.72221859,29.37192101,25.04172917,0.0,22.3125,,17.00850397,2.78286657
2023-09-01,109.06384737,55.62740972,45.56347255,57.64740868,32.49468022,24.86323611,0.0,26.58333333,,13.73239808,2.82719452
2023-09-02,75.27000099,63.61759028,42.22851407,67.03534387,22.562344,22.75318056,0.00083333,24.83333333,,19.86167321,1.76937821
2023-09-03,146.07200929,67.32174306,42.18135137,53.00155246,32.95246691,21.75467361,0.11125,23.41666667,,10.08514576,1.79673713
2023-09-04,60.45836372,68.22993056,36.00007862,55.39462422,26.29003562,22.78389583,0.08833333,19.08333333,,9.20014139,3.29162971
2023-09-05,68.94947422,61.40530556,25.44257832,40.87397594,33.04238929,24.77963889,0.0,17.75,,10.02452205,2.88995986
2023-09-06,112.07411652,54.13963194,34.33719606,44.83824195,34.07240935,25.00121528,0.0,17.70833333,,12.2581945,2.49854772
2023-09-07,94.2953715,56.14346528,35.69786223,50.10515447,32.92794262,24.92863889,0.0,23.79166667,,13.97874707,2.47820014
2023-09-08,75.7969489,64.69536806,30.62272833,45.30707811,29.1348529,24.25027083,0.0,27.33333333,,16.03038876,3.12582623
2023-09-09,138.34426342,67.41663889,32.73206469,47.58155793,25.89764703,23.751,0.08416667,26.29166667,,12.91492527,2.32110404
2023-09-10,105.19194222,71.4373125,20.92672793,35.20740327,32.02871877,23.05466667,0.15416667,17.33333333,,6.95877418,2.62902968
2023-09-11,84.07511338,66.76237465,22.07744879,39.70187771,33.61462266,23.69405732,0.46,14.625,,5.13553651,2.89380176
2023-09-12,44.61964556,66.11503472,29.45678396,42.4297805,20.84118495,24.40856945,0.03458333,18.95238095,,8.92984798,4.28023543
2023-09-13,66.72622712,69.34636806,51.09591961,53.4958605,22.35797494,23.35288889,0.05708333,27.58333333,,9.34994559,3.65924358
2023-09-14,92.99502626,64.48289583,35.70057067,54.63223855,32.56007832,23.86497222,0.09291667,21.66666667,,10.05775556,2.42833118
2023-09-15,67.71609905,59.22167361,24.66402325,46.12285208,29.51089197,24.61489583,0.00083333,21.08695652,,14.80268988,3.03035138
2023-09-16,73.11173846,61.15314583,24.870652,45.58659497,31.17854348,24.53372222,0.0,20.875,,17.62602622,2.75246912
2023-09-17,67.12336822,69.41054167,17.04314596,38.48147614,36.02617754,23.50009028,0.0975,20.91666667,,8.14753565,2.84688273
2023-09-18,135.44079397,61.52251389,40.82927556,50.64905864,33.843516,24.20970833,0.0,24.20833333,,10.80243553,2.22641028
2023-09-19,73.98072329,58.55477778,21.27800804,42.03463494,36.32046898,24.61250695,0.00375,21.29166667,,11.75974189,3.38126476
2023-09-20,113.04497066,55.9923125,34.68548155,46.50334759,29.51089197,24.06429167,0.00083333,22.79166667,,16.00080914,3.14781199
2023-09-21,88.52455874,56.92569445,36.62424726,49.16116707,32.73174833,24.37413889,0.0,25.39130435,,29.57709807,2.80360466
2023-09-22,81.1961525,61.39375,23.80980039,54.28014524,36.99897426,24.76590278,0.02916667,26.41666667,,,2.71895534
2023-09-23,178.77275865,62.64313194,43.55963264,62.67872003,35.45394418,23.78252778,0.0,25.0,,,1.91642685
2023-09-24,120.94471697,70.49723611,29.06472389,43.57379934,46.19558187,23.31254861,0.24958333,22.66666667,,,2.22507865
2023-09-25,142.71890368,65.03638889,42.95245055,50.70030796,25.79137512,24.60431945,0.00333333,24.83333333,,,2.16150435
2023-09-26,68.39697234,70.78978472,46.86090166,46.0557602,7.59387333,23.97270139,0.025,31.54545455,,,3.46689018
2023-09-27,46.57044633,68.51418056,29.73390526,42.18482691,19.8728472,24.0483125,0.0,25.0,,,3.35313107
2023-09-28,85.92144079,69.51779167,35.44352399,50.74897954,20.58405152,23.11621528,0.10291667,26.33333333,,,2.85161062
2023-09-29,42.58642819,64.61270833,31.51712815,49.26972225,28.17840571,24.23364583,0.0,,,,3.30138082
2023-09-30,75.83029186,64.11558333,18.02851885,39.21910292,33.69637028,25.52850694,0.0,,,,3.73810682
2023-10-01,112.66388332,68.50052778,11.41674145,41.89585198,52.61277028,23.43938194,0.21541667,,,,2.95878728
2023-10-02,103.57236445,69.58516133,31.89388297,53.16524318,28.79151289,23.7065406,0.17541667,17.22222222,,,2.56733676
2023-10-03,148.21524658,74.26735417,56.76278725,72.5636742,30.17824984,22.01890278,0.04875,25.375,,,1.41223609
2023-10-04,146.28962058,79.94415278,68.68409142,79.27200837,16.12923631,20.65327083,0.34041667,26.54166667,,,1.25243985
2023-10-05,149.67093136,77.26184722,106.20781812,77.02852415,19.60961985,21.16565972,0.15791667,32.25,,,1.00782962
2023-10-06,160.73815534,72.46411111,82.44554837,68.63454858,51.49010293,22.33838889,0.01166667,29.95833333,,,1.43590234
2023-10-07,95.8115693,72.89878472,38.16168284,54.80150002,26.4416403,22.28619444,0.29666667,17.45833333,,,2.0161948
2023-10-08,191.34173139,74.09575,43.05174314,52.27051499,26.88894452,21.46849306,0.04416667,19.75,,,1.18250025
2023-10-09,164.0754998,69.65954861,57.68379627,53.97255526,19.63648994,23.3151875,0.00291667,25.75,,,2.09420132
2023-10-10,61.38493997,69.43326389,33.95555793,51.23467959,21.37536851,23.6270625,0.00625,18.90909091,,,3.18828441
2023-10-11,106.24806735,71.70402083,40.16378016,57.47966722,21.40152775,23.28980556,0.00041667,22.75,,,2.51827136
2023-10-12,126.4199898,67.52670139,57.17216604,71.08976827,35.37219656,23.33998611,0.00291667,25.54166667,,,1.58041541
2023-10-13,108.5660014,67.19054167,52.040349,74.6320598,23.91935454,22.78879861,0.215,21.58333333,,,1.91920578
2023-10-14,105.37474725,71.32085417,29.61164054,57.36477345,26.75599707,22.57291667,0.01583333,21.75,,,2.36525057
2023-10-15,49.0853831,67.04159028,10.41381477,34.26142576,38.83012102,23.93381944,0.00041667,14.82608696,,,3.14402237
2023-10-16,27.50470296,70.92772222,16.41578851,40.95273427,27.10751185,22.80223611,0.01916667,13.125,,,3.34856412
2023-10-17,108.53899144,74.06228472,92.47773313,70.49302425,14.56742645,21.60476389,0.07375,23.59090909,,,1.46046056
2023-10-18,78.05627351,67.92579861,39.83094813,61.32709636,25.39081176,23.78585417,0.00125,17.875,,,2.44140643
2023-10-19,108.17996494,68.33565972,39.79544707,69.41224401,25.04747175,23.73784722,0.00083333,18.625,,,1.98361185
2023-10-20,108.0410878,73.11899306,71.95595849,64.81098512,10.04856001,21.97573611,0.12375,20.66666667,,,2.06041868
2023-10-21,134.76011266,73.46907639,75.86720236,71.59273409,15.10696077,21.16713889,0.01416667,22.70833333,,,1.19530329
2023-10-22,138.8320952,72.35648611,55.47180476,57.43146575,31.40743683,21.73369444,0.02166667,20.75,,,1.63551927
2023-10-23,124.53313112,74.11754167,66.82793777,60.66948567,21.18080917,22.04150695,0.26958333,17.22727273,,,1.74687616
2023-10-24,161.10862887,76.42350695,94.37394962,67.4121606,13.76772144,21.153625,0.05375,25.2173913,,,1.23884845
2023-10-25,149.57291019,73.55973611,152.99388921,66.39270973,10.29202576,21.37509722,0.04916667,34.75,,,1.11891092
2023-10-26,162.56377067,77.17,80.33529215,63.99058061,17.50216612,20.95845833,0.22166667,30.04166667,,,1.19542054
2023-10-27,232.7124313,74.04577778,80.65314086,47.74984785,10.59449197,20.87361111,0.03916667,14.08695652,,,1.27553423
2023-10-28,213.50313464,66.02600694,46.4143533,34.58523439,11.24847295,21.71948611,0.0075,6.3,,,2.03522296
2023-10-29,197.37948289,69.79824306,40.54785799,27.12383831,21.67946967,21.56220139,0.1425,8.08695652,,,1.63852445
2023-10-30,68.48841265,74.74513889,55.99202023,38.86990076,22.67679067,21.35589583,0.51583333,12.45833333,,,1.5567115
2023-10-31,168.9796117,75.78520139,60.06171321,48.15222677,23.45339309,21.18878472,0.77833333,13.375,,,1.35681146
2023-11-01,119.46090694,77.08861806,58.59719098,53.43978476,13.83169785,20.94983333,0.08,18.54166667,,,1.67741152
2023-11-02,176.00132254,77.71720833,48.94246115,49.17364053,23.79673311,20.58675,0.41833333,14.5,,,1.47723365
2023-11-03,158.03129009,74.53283333,62.48211696,42.89138644,17.04437944,21.65470833,0.00541667,16.83333333,,,2.15367542
2023-11-04,33.68566603,75.75505556,41.18250269,34.53085886,15.00886362,22.32692361,0.19083333,14.08333333,,,2.59317015
2023-11-05,82.91280145,72.86089583,26.8302114,32.85553625,17.85368091,22.37692361,0.00291667,11.58333333,,,2.25459734
2023-11-06,99.62269805,76.29665278,21.69795998,32.44889505,22.64409162,21.68403472,0.04958333,11.75,,,1.80432744
2023-11-07,59.92870554,73.66415278,33.27120889,37.56000968,15.17235886,22.77194444,0.00416667,12.95833333,,,3.21574176
2023-11-08,114.30662194,75.03783333,54.63953319,43.17209877,16.72556371,22.63633333,0.16416667,24.52173913,,,1.34928922
2023-11-09,43.97504445,67.84076742,29.23351432,39.23867569,,24.70559322,0.0,16.43478261,,,2.57693924
2023-11-10,54.44601134,71.19240972,34.84035346,40.85944968,,23.94048611,0.0,16.75,,,3.03704982
2023-11-11,67.16618344,68.33200694,23.59637498,31.77155145,,24.5080625,0.005,15.29166667,,,2.72410164
2023-11-12,27.54132674,72.82109722,13.52246485,27.95142761,,23.63110417,0.00041667,11.70833333,,,2.9987071
2023-11-13,116.97498909,71.02692361,17.60188267,22.08322365,,24.23568056,0.0,9.54166667,,,3.19519027
2023-11-14,78.20599833,68.64838194,30.32081345,37.93876836,,24.36755556,0.00208333,14.375,,,2.04526784
2023-11-15,193.88436053,73.85631944,34.72274565,43.40293168,,22.36502083,0.13666667,14.20833333,,,1.68888185
2023-11-16,195.01951714,71.95976389,73.43456974,42.67824847,,22.49665972,0.11708333,20.25,,,1.14753418
2023-11-17,101.7295793,74.00669444,61.3034378,42.67714372,,22.79994445,0.1875,23.04166667,,,1.63636786
2023-11-18,176.20482107,78.462625,65.14653108,40.42238482,,21.11047917,0.26708333,16.125,,,1.22318476
2023-11-19,121.97926891,78.93594444,44.29443357,28.1064057,,21.02347917,0.0475,12.70833333,,,1.47976068
2023-11-20,94.53218758,76.05055556,47.12050605,29.68236369,,21.57703472,0.0025,13.95833333,,,2.11163478
2023-11-21,80.9982374,72.58713195,44.41744702,36.15051628,,22.43902083,0.01666667,13.33333333,,,1.46684058
2023-11-22,43.47802881,71.73129167,41.36875677,26.38947093,,23.05621528,0.02708333,12.70833333,,,2.5087053
2023-11-23,50.79592028,68.45855556,46.95310375,27.878146,,23.1805625,0.0,14.69565217,,,2.76417238
2023-11-24,127.20004232,71.38650695,72.70943235,45.03649325,,22.35645833,0.32125,18.58333333,,,1.4109449
2023-11-25,175.50474614,72.48479861,47.50310701,39.27530403,,22.07144444,0.0,14.41666667,,,2.47678477
2023-11-26,105.50269167,66.01372222,21.1424223,21.20561037,,23.59801389,0.0,10.33333333,,,2.77207898
2023-11-27,50.61276673,62.95545833,26.9271737,30.41146589,,24.78136806,0.0,13.42857143,,,2.78753006
2023-11-28,107.67027377,61.46228472,44.22398335,34.19448274,,24.70152083,0.0,16.20833333,,,2.36648762
2023-11-29,99.48995031,62.94813194,44.35632918,38.60795018,,24.33403472,0.00041667,16.79166667,,,2.54852801
2023-11-30,88.9337018,69.27215972,31.90355671,36.84031453,,23.26090972,0.00083333,13.41666667,,,3.66532678
2023-12-01,26.1108069,63.6874375,46.87254031,37.65276643,,23.73358333,0.0,21.0,,,2.46213907
2023-12-02,61.20709594,65.7371875,35.01007581,38.73365637,,23.77358333,0.00041667,17.5,,,3.23695049
2023-12-03,32.77950828,67.86401389,18.13275818,29.02765567,,23.95679861,0.00041667,15.83333333,,,3.60020901
2023-12-04,32.22121871,67.42,31.78816166,39.46399652,9.53994763,24.03322222,0.0,20.30434783,,,3.59347413
2023-12-05,61.8808611,64.62882639,40.70581569,48.07506102,17.50800524,24.51824306,0.0,22.17391304,,,3.37508579
2023-12-06,55.07808116,70.18261806,36.22330552,41.66450525,19.06354573,23.39054861,0.00083333,23.5,,,3.02294884
2023-12-07,94.35883073,72.79896528,49.07399955,50.30689239,17.46946708,22.42549306,0.01625,24.25,,,2.20464574
2023-12-08,43.37472773,68.79969445,15.94570991,32.51698982,25.23549128,23.63613195,0.0,13.58333333,,,3.60857656
2023-12-09,119.04319037,64.94226389,40.23463919,34.9264761,23.02830545,24.60038889,0.0,18.04347826,,,2.62782335
2023-12-10,36.9313724,70.1914375,15.20736246,28.14722652,23.2571988,24.16982639,0.00041667,14.45833333,,,3.07365165
2023-12-11,84.34908797,64.07311806,27.44645912,29.61458232,24.45888886,25.010625,0.0,14.34782609,,,2.96410846
2023-12-12,19.54517461,66.1274375,25.19659538,36.57674991,25.09652032,25.09028472,0.02333333,13.875,,,3.74652152
2023-12-13,50.18450716,70.67865972,27.25818136,37.72877464,24.87580174,24.46873611,0.00041667,19.29166667,,,3.11549085
2023-12-14,89.31656741,69.30532639,36.85408686,43.38187095,28.17023095,24.11272222,0.0,22.20833333,,,2.61469717
2023-12-15,117.4427154,75.1803923,44.21348174,40.80696241,15.60562127,22.77938689,0.05625,20.125,,,2.32787879
2023-12-16,99.99065756,79.5634375,62.50017154,44.03056946,19.09624478,21.80934722,0.38791667,20.29166667,,,1.86838377
2023-12-17,159.80525777,76.12404861,45.80823926,27.76709926,23.37164547,22.26963889,0.04625,11.83333333,,,2.3380651
2023-12-18,103.63499659,72.22011111,28.24588454,27.16986947,19.42323527,23.27861806,0.00208333,9.875,,,3.59498075
2023-12-19,27.75416685,69.66177083,44.58477045,31.95481876,11.68904961,23.48123611,0.0,15.04166667,,,3.19700629
2023-12-20,102.62575585,68.53341667,32.71601333,29.39375812,20.62492533,23.37736111,0.00041667,13.08333333,,,3.55372657
2023-12-21,86.0672217,69.99925,30.30070453,30.83691131,25.34176319,23.92107639,0.0,15.625,,,3.3133998
2023-12-22,73.59785716,69.91144444,30.19747703,34.89702399,22.59504305,24.30418056,0.0,17.66666667,,,3.57139247
2023-12-23,43.16890834,72.54004167,30.38416038,37.77403013,18.4831376,23.88874306,0.00041667,20.29166667,,,3.38402555
2023-12-24,62.95086731,71.81133333,12.39295673,24.53705961,27.34457996,23.8906875,0.00041667,17.70833333,,,3.16878175
2023-12-25,78.84075334,72.83913889,15.53573322,23.64782382,23.84578168,23.38247222,0.01416667,16.83333333,,,2.30815874
2023-12-26,117.23641271,73.94416667,38.68479074,44.44700453,28.04760951,22.22329167,0.61458333,15.08333333,,,1.79407615
2023-12-27,108.83807715,69.85180555,64.35763793,35.5457695,22.44789733,22.97221528,0.01875,17.08333333,,,2.02452853
2023-12-28,132.19808033,75.11565972,60.35685187,46.3235401,19.75022576,21.97740278,0.21708333,25.91666667,,,1.49976986
2023-12-29,175.77932299,73.84515278,54.27289402,37.7673703,25.45620986,22.03983333,0.03875,19.17391304,,,2.07899721
2023-12-30,57.35685017,72.74470833,28.64971358,26.72551797,18.35234141,22.71217361,0.01166667,12.70833333,,,2.690913
2023-12-31,81.24157028,65.77243478,25.54701118,17.2711671,21.43635935,23.31821014,0.00086957,9.68181818,,,2.89834561
2024-01-01,148.98266772,69.10948611,21.68768745,15.34574602,26.66607468,22.65900694,0.00041667,23.41666667,,,2.65956254
2024-01-02,128.07892024,71.05966667,27.79482535,21.12763868,11.46187727,23.34961111,0.00041667,11.375,,,3.34247043
2024-01-03,82.32514744,64.40195139,32.95166842,27.0826179,16.51301988,23.70450694,0.0,13.91666667,,,2.75127127
2024-01-04,114.43572563,66.3725,63.86374254,38.73676914,12.86474024,23.38420833,0.0,17.29166667,,,2.49166754
2024-01-05,22.56840575,66.71409028,55.16522011,36.41293854,13.09151028,22.80078472,0.0,16.60869565,,,3.06136417
2024-01-06,144.83958648,65.52294444,45.85204962,35.91526454,33.46747694,23.21906944,0.0,16.68181818,,,2.9076241
2024-01-07,27.69327912,65.49484028,13.41437238,24.54387614,31.57910684,24.20295833,0.0,14.54166667,,,3.98220178
2024-01-08,70.81434109,65.6963125,21.73865819,26.49935808,32.06959258,24.13038194,0.00041667,14.70833333,,,3.22859364
2024-01-09,94.42776431,67.4905625,25.77591116,32.55627496,33.01786501,24.35796528,0.0,20.0,,,3.20879841
2024-01-10,23.55304342,69.55470833,26.51091138,32.72430632,26.88679327,24.24204167,0.00041667,21.5,,9.33261005,3.99723418
2024-01-11,40.41773621,69.31676389,28.6628112,33.41790773,32.7807969,24.07282639,0.0,21.66666667,,19.29993261,3.07413407
2024-01-12,104.71559909,67.70501389,29.89529437,37.16872706,25.11286984,24.14977778,0.015,21.0,,7.64781535,2.24790256
2024-01-13,79.82581345,67.66190278,33.94919354,42.6014019,32.00419448,23.54803472,0.00125,20.04166667,,16.73796858,2.42920426
2024-01-14,21.14893277,66.90958333,18.50324269,27.03136857,32.29848592,23.69333333,0.0,13.5,,8.22227067,3.02527017
2024-01-15,52.80993242,61.50315972,29.8840655,35.70257429,29.45366864,24.61339583,0.0,19.86956522,,20.83155654,3.41700272
2024-01-16,97.16858162,58.27206945,39.47785387,42.25447192,30.81067918,24.63622222,0.0,21.45833333,,,2.45036096
2024-01-17,75.32317648,60.0800625,40.51693062,41.93344474,30.63083441,24.93547917,0.0,23.70833333,,,2.76873817
2024-01-18,69.63853312,58.36332639,26.18724207,38.58361438,31.57093208,25.67755556,0.00166667,23.33333333,,,3.05093212
2024-01-19,49.30162657,57.27471528,29.06180592,39.52323764,29.49454245,25.15201389,0.00041667,24.08333333,,,2.75042184
2024-01-20,49.04005355,58.63204861,28.28598996,39.25056864,29.81335818,24.51359722,0.00041667,19.58333333,,,2.88601652
2024-01-21,47.87676126,63.34721528,19.51280251,29.95817455,32.38023355,24.88295139,0.00041667,17.79166667,,,2.67808389
2024-01-22,36.68749201,57.18805556,25.61341472,38.50989401,30.37741678,25.79804861,0.00041667,15.5,,,3.55529662
2024-01-23,116.76075826,45.79705556,32.71282963,47.3332404,39.20616008,25.87018056,0.0,18.54166667,,,2.37901814
2024-01-24,28.16536128,50.01670833,29.71922199,53.09885645,41.09453018,25.45386806,0.00041667,23.625,,,3.01709209
2024-01-25,48.58951038,56.58934028,32.48972025,52.73645217,42.87662836,24.73522222,0.0,29.29166667,,,2.9896791
2024-01-26,94.33975094,63.81235417,35.48228029,47.89639538,34.56289508,24.46229861,0.0,34.29166667,,,2.98104506
2024-01-27,90.63870436,66.73179167,21.67247506,41.96205066,53.19317841,24.56484722,0.0,32.875,,,2.52872595
2024-01-28,43.89190305,65.48502778,16.53187856,31.95360762,43.25266743,24.43515278,0.0,32.16666667,,,3.42218228
2024-01-29,59.17786649,65.83670833,28.75946485,38.4092131,32.24126259,24.59061111,0.00041667,30.56521739,,7.77010498,3.71889019
2024-01-30,35.61505829,69.26538194,26.03465957,36.23172386,27.90046379,23.94271528,0.01,21.79166667,,5.95714923,4.63772072
2024-01-31,39.36403291,67.75124638,23.81020298,34.08020011,31.33990618,24.66478985,0.0,23.86956522,,7.88732758,4.41449844
2024-02-01,58.06298046,79.43889583,43.99075053,43.54120536,14.5347274,21.8339375,0.07875,25.5,,14.99858191,2.93425032
2024-02-02,147.09576667,76.12875,50.37282632,35.85034298,19.34966241,22.48114583,0.05833333,23.33333333,,16.11069742,2.59138002
2024-02-03,175.2897732,74.47200694,38.22269439,46.11211017,29.33922196,21.73538889,0.29291667,15.25,,5.58471064,2.4030755
2024-02-04,168.86275096,73.44506944,33.28699425,44.75189925,25.92217131,21.99388194,0.03666667,16.30434783,,7.80912463,1.31841317
2024-02-05,117.56530901,72.42113889,54.97931761,46.21697503,16.30865083,22.23928472,0.00416667,21.625,,26.91772045,1.56067577
2024-02-06,95.11542313,70.31446528,53.9427449,37.30477088,26.00391894,22.57173611,0.00041667,18.65217391,,13.36211252,2.17141827
2024-02-07,55.95928596,73.27372222,37.4122921,32.07531792,16.94628229,23.00786806,0.00041667,16.08695652,,11.45506532,3.75629816
2024-02-08,66.45638824,75.24322917,24.1909858,25.88966266,22.30892637,22.01754861,0.00375,8.08333333,,5.00038127,4.74797386
2024-02-09,59.65550867,71.20868056,28.23523473,28.13920339,22.02280969,23.21285417,0.00083333,13.75,,9.79048721,4.15456929
2024-02-10,95.56084989,65.79154861,17.74848105,25.28484067,33.96613744,24.76454167,0.00041667,12.29166667,,6.54598099,3.15533723
2024-02-11,56.43426518,62.43092361,12.99785454,23.82618182,32.73174832,25.2986875,0.00333333,10.5,,7.85598093,3.47180004
2024-02-12,99.40855182,62.79310417,38.81103345,35.72914196,25.63605463,25.39442361,0.0,20.66666667,,15.37525252,2.52098819
2024-02-13,49.49980906,65.94055556,23.77300643,30.69871599,37.2278676,25.06236111,0.00041667,25.0,,9.96430804,3.4698287
2024-02-14,74.59638952,63.98310417,21.84300093,38.11137088,38.14344098,24.63838194,0.00125,19.75,,6.87864697,3.49403568
2024-02-15,52.65368805,59.37197917,28.3099401,42.59292172,35.78910943,25.94793056,0.00083333,17.66666667,,15.79048898,3.60131944
2024-02-16,62.87901732,57.19455556,21.43144396,42.9122983,38.43773242,26.37938194,0.00083333,17.58333333,,12.70785646,3.45166517
2024-02-17,79.96530672,60.42067361,20.0173039,38.49918344,29.74796008,26.04929861,0.0,13.33333333,,10.4859929,3.18463726
2024-02-18,58.16279631,61.8091875,22.09306067,31.6420139,33.82716648,26.02188889,0.0,13.70833333,,13.93980445,2.91045239
2024-02-19,48.36925681,59.97904861,27.99155141,38.86468259,26.60885135,25.60238195,0.0,20.25,,10.50237183,3.65117513
2024-02-20,127.2962216,57.51404437,40.30928493,44.78664788,36.96627521,24.48004685,0.0,24.79166667,,15.68405849,2.850446
2024-02-21,142.36337216,63.80568056,38.41343751,45.61110994,45.36175611,23.23729861,0.0,25.25,,23.52636869,3.00668839
2024-02-22,66.57224029,66.04851389,25.64309007,37.57091324,35.20870131,23.09847222,0.00166667,14.54166667,,8.62456776,3.48682544
2024-02-23,60.65908326,61.95822222,24.00663274,37.56247484,23.34712118,23.65656944,0.0,16.45833333,,6.87004857,3.84442372
2024-02-24,86.72979337,64.36270139,21.87090692,35.39408998,35.77275991,23.37488194,0.00041667,17.91666667,,16.73658399,3.17714914
2024-02-25,97.38899866,60.57774305,12.28723542,31.76996876,40.63674349,23.23773611,0.0,16.70833333,,9.54603267,3.11257947
2024-02-26,90.37319004,65.58179167,37.64901013,49.81478601,36.51666328,22.47613889,0.31291667,23.0,,12.49108805,1.92140189
2024-02-27,47.62958055,64.68510417,29.38584828,43.99155854,39.42687867,23.78693056,0.00125,27.82608696,,12.93086809,2.72443138
2024-02-28,17.17689466,63.67080556,25.38808749,44.64643109,37.15429474,24.57526389,0.0,33.91666667,,16.62584357,3.55391719
2024-02-29,35.92399334,62.12356522,33.44949822,51.33728599,40.38190416,25.06819565,0.0,39.13636364,,15.61802776,3.19310598
2024-03-01,75.92061519,61.07292361,22.54946419,51.02759537,43.93934747,24.42597917,0.0,36.75,,14.22649442,3.52738194
2024-03-02,75.23128969,57.15966667,28.93867902,49.25844756,50.97781782,23.73172222,0.05625,33.5,,17.23172907,2.83130481
2024-03-03,67.86582213,65.18035417,12.90745893,38.86804385,51.23123546,23.23119444,0.01958333,28.41666667,,8.99094129,2.242831
2024-03-04,49.30155865,64.41390972,21.11239434,45.88946824,55.96442284,24.32621528,0.00125,38.41666667,,13.34979954,2.9561172
2024-03-05,48.23600455,66.01232639,17.58503922,44.77466802,42.84392931,24.82153472,0.0,40.875,,7.63632397,3.69175779
2024-03-06,72.36705533,66.49355556,22.95421818,51.95578723,37.95378649,24.69717361,0.0,44.57142857,,8.49707674,2.88699291
2024-03-07,83.39342505,62.5186875,23.6721041,42.78459415,49.06492344,25.46516667,0.0,41.125,,16.25790541,3.01406114
2024-03-08,67.73308762,62.28458333,22.04243832,48.44186657,42.90932741,25.65791667,0.00083333,31.83333333,,11.3149898,3.24433502
2024-03-09,94.16880348,72.97538889,38.01802288,57.96159582,26.0120937,23.58359722,0.03541667,31.16666667,,10.26369396,2.74771251
2024-03-10,42.81111012,59.95467361,10.73830172,35.5121883,42.14089976,25.97277083,0.0,22.54166667,,8.83419824,2.52596112
2024-03-11,52.91709435,70.6744375,24.26611192,49.13028114,35.20052655,24.75610417,0.04333333,33.91666667,,9.9472379,3.20504515
2024-03-12,32.34790695,61.38203472,25.43125907,45.60193608,39.23885913,26.12333333,0.00083333,26.26666667,,14.88113346,3.29247342
2024-03-13,82.21903371,64.67859722,18.80159782,54.93124589,37.44041142,25.82611805,0.0,28.0625,,15.01310435,3.15297
2024-03-14,55.96687515,62.72783333,17.55969227,42.51146289,49.93962301,25.66139583,0.00291667,22.70833333,,14.4379994,3.25213477
2024-03-15,103.67558776,59.73447222,19.11701193,46.12633086,41.20897685,26.51240972,0.0,28.125,,14.46762255,3.10833188
2024-03-16,61.62844952,63.38344444,27.76119567,49.66597413,39.65577201,26.01725694,0.0,32.875,,18.87199463,3.30098141
2024-03-17,15.40259411,67.51410417,14.45502308,42.29822306,34.65281747,25.19818056,0.0,26.66666667,,15.42784928,3.77392793
2024-03-18,96.17657019,58.36359028,31.41091115,49.37805805,41.59319068,26.71288194,0.00041667,26.45833333,,21.32882252,2.70814533
2024-03-19,89.8061035,67.22070986,30.60812828,61.18836041,34.57106985,24.31834922,0.04125,21.91666667,,21.04849005,2.12386589
2024-03-20,96.81380867,70.10486806,37.48994926,56.54793614,24.11321319,24.02097917,0.00166667,28.7826087,,7.77874552,2.42350823
2024-03-21,135.76632798,68.19019445,41.1036563,55.59266397,27.25465757,23.83768055,0.00041667,27.70833333,,15.31329004,3.13682325
2024-03-22,70.29300725,63.05859028,45.1441134,59.56573662,42.83859795,25.4866875,0.0,31.04166667,,14.1852544,2.45653031
2024-03-23,71.35635414,68.20479861,25.34470639,52.62587553,33.87621505,25.08897222,0.0,33.66666667,,12.06094672,3.71372357
2024-03-24,47.8696168,66.08949306,16.88877997,39.41655504,41.34794781,25.05727083,0.0,28.79166667,,10.98960861,2.9809471
2024-03-25,81.03882183,62.67272222,15.96974863,35.9644219,42.97472551,24.86206944,0.0,22.34782609,,14.23114596,2.59228828
2024-03-26,77.80627743,61.25752083,26.06580156,48.90354145,46.08930996,24.60695833,0.0,26.16666667,,12.8781667,2.89294469
2024-03-27,173.04185674,65.97232639,26.60197643,52.58113716,39.94188869,23.63835417,0.00083333,35.41666667,,8.14439875,3.19783855
2024-03-28,105.97035837,65.55662627,10.95740975,33.77515652,46.80051428,24.50029074,0.0,26.83333333,,5.24281478,3.63559581
2024-03-29,59.58029517,66.37082168,8.00111731,26.91034776,41.42152067,23.94834098,0.0,23.70833333,,4.73501124,3.39788276
2024-03-30,76.84492389,67.05799306,12.39972273,37.38221291,46.42447521,24.18265972,0.0,30.45833333,,6.80566533,3.45564801
2024-03-31,75.02227749,75.83692754,13.54765849,44.52581226,38.39437064,22.27084058,0.07782609,34.26086957,,4.81185633,2.61211763
2024-04-01,68.96863177,73.23297917,43.55593281,58.58425048,44.87944513,22.86109028,0.14208333,30.41666667,,10.539461,2.05143855
2024-04-02,132.440054,75.01360417,44.08812881,67.64870925,22.31943678,22.19025695,0.15458333,29.125,,7.8727446,1.32235498
2024-04-03,157.48173126,76.98885417,51.76466004,63.23143866,27.74514331,21.95290278,0.06833333,24.54166667,,4.51332332,1.45844117
2024-04-04,82.00073817,82.109375,55.19804237,60.90694745,15.91626224,21.01085417,0.41291667,24.45833333,,9.89464834,1.71354832
2024-04-05,104.76683969,69.95381085,55.83473117,57.29263577,28.8323867,23.70194774,0.01375,17.54166667,,6.32947685,2.45394694
2024-04-06,62.93898188,71.24551389,41.80269042,51.22856545,21.47510061,23.71941667,0.03916667,18.5,,6.81621205,2.43509873
2024-04-07,50.20044294,60.36754861,9.70506091,33.11631941,43.73497841,25.32414583,0.0,10.25,,5.08548374,2.97443112
2024-04-08,48.27390021,61.03825,21.51580944,49.09308797,39.58219915,25.71093056,0.0,18.125,,7.99796674,2.97602389
2024-04-09,46.7815818,60.44975694,26.36088401,56.92077453,28.41719482,25.12139583,0.0,31.36363636,,9.80034938,3.79068402
2024-04-10,81.2041523,57.87238194,38.56384593,59.15088424,40.56317063,25.64720833,0.0,25.66666667,,11.57255186,2.01885967
2024-04-11,95.55824607,65.79270833,36.19519392,57.12148605,35.24140036,24.97245139,0.0,30.66666667,,13.47103518,2.60185841
2024-04-12,62.18381795,63.49005556,26.22362721,52.92357764,41.07818065,25.69404167,0.0,32.95652174,,13.81557813,3.25041672
2024-04-13,75.43761978,64.93513889,18.18398866,50.16143393,50.54455542,25.746875,0.0,35.875,,10.73720698,3.38253348
2024-04-14,59.47850932,66.39274306,7.53002177,37.86417285,62.6759027,25.33975694,0.0,37.95833333,,5.95318987,3.10198358
2024-04-15,90.9522181,68.026,20.01164683,52.26334588,44.51158083,24.97243056,0.00791667,36.29166667,,4.28198643,2.97229786
2024-04-16,35.33381533,68.73627778,24.46715513,53.0388663,40.27705395,25.38213194,0.00291667,33.7826087,,6.12079475,3.29175387
2024-04-17,59.65106784,71.20729167,24.33387412,57.72353442,34.32582698,24.17596528,0.00375,29.125,,4.46395652,3.16912894
2024-04-18,81.99524495,74.00028472,46.78525175,69.9467539,22.91385878,22.28275694,0.40125,25.95833333,,18.23818236,1.7047877
2024-04-19,181.88847211,76.77925694,68.03802016,78.11320628,20.56770199,21.16465972,0.02541667,26.20454545,,8.84731645,1.3006846
2024-04-20,150.1494262,72.02236111,45.90716391,62.01122514,32.30666069,22.11236111,0.03708333,15.75,,7.80864891,1.70791305
2024-04-21,156.39428865,75.84619445,28.63474048,50.26679239,36.78643044,21.67070139,0.23125,10.75,,7.40900579,1.91113989
2024-04-22,208.20194281,82.45445139,56.83132622,80.11019853,14.43990016,20.29091667,0.36666667,19.66666667,,4.73639296,1.06008704
2024-04-23,155.93336291,76.64939583,65.82877286,74.89109573,24.74500554,22.24470833,0.07541667,24.66666667,,7.29873236,1.47951904
2024-04-24,242.59680405,71.84641667,36.77261889,55.92808421,31.5872816,24.37081945,0.10666667,18.125,,6.13607528,2.18945469
2024-04-25,170.82267723,68.46893056,42.21224807,65.71509975,24.05163706,23.62909028,0.03041667,15.20833333,,8.04757631,1.90471152
2024-04-26,151.96697618,78.64314583,58.09141202,71.04310247,23.85395645,21.58409028,0.15958333,20.09090909,,8.6004688,1.48152773
2024-04-27,154.87022886,78.50292361,76.24094211,70.79655567,28.89174258,21.42205556,0.33208333,25.15789474,,24.88918339,1.46456363
2024-04-28,169.36109169,78.39139583,54.61487855,47.44915274,15.13965982,21.34125694,0.065,16.75,,9.722103,1.34925486
2024-04-29,202.48752126,73.36770833,39.42183507,42.49944386,16.66016561,22.85736111,0.01625,9.80952381,,11.24097119,2.59277797
2024-04-30,145.16950658,73.66957971,40.8345153,47.8321842,16.01969075,23.37565217,0.00434783,16.85,,11.84590988,2.6239507
2024-05-01,165.1688736,72.71282639,26.09997906,36.58075365,26.21646276,23.96408333,0.1775,13.04166667,,7.856825,2.10237401
2024-05-02,206.62263183,81.93022917,63.95683929,75.23703066,10.52091911,21.02665278,0.28375,22.16666667,,6.81377455,1.40074041
2024-05-03,180.70614436,75.95482639,57.44014872,50.63763507,16.88088419,22.63224306,0.00541667,17.95833333,,10.98039215,1.7135361
2024-05-04,223.1295998,79.45361111,48.51243685,60.40402082,19.0471962,21.36969444,0.96,13.58333333,,5.19449205,1.67909073
2024-05-05,182.86714169,70.13795833,16.90280767,32.40654638,29.00405671,23.644625,0.0,6.95833333,,6.17908177,2.5207573
2024-05-06,189.31401803,71.2758125,36.60035673,41.34867275,22.6931402,24.47259722,0.03,13.26086957,,10.50649848,2.68204253
2024-05-07,206.24607574,72.52146528,42.52319791,47.7310358,28.12402577,24.19034722,0.26,12.41666667,,6.35393418,1.85616629
2024-05-08,167.53777517,75.08154861,45.0272006,53.82393142,24.60603458,22.80275694,0.25291667,13.20833333,,5.76948352,1.74152877
2024-05-09,124.6297369,82.46981944,72.21457403,66.51737386,14.57560122,21.10465972,0.31833333,17.20833333,,7.51568844,1.13418605
2024-05-10,155.76674083,77.471,93.64491417,62.45708881,31.63633017,21.83234722,0.09583333,23.52173913,,12.86385647,1.30332343
2024-05-11,148.96194815,77.28235417,85.42891503,68.37941451,25.4480351,22.19119445,0.14166667,22.08333333,,7.67971998,1.21997941
2024-05-12,174.86798464,79.21941667,36.04288225,44.66473386,19.27608955,21.71111111,0.08333333,12.54166667,,4.89905588,1.62675377
2024-05-13,213.97982303,67.71455556,44.67687611,33.59582697,28.49722144,24.39420833,0.00083333,11.15217391,,5.70297381,1.69180415
2024-05-14,164.83135503,76.18684028,59.67398153,50.45243703,22.65226639,23.08461806,0.29833333,15.83333333,,9.86901858,1.56361023
2024-05-15,170.09035239,78.64825694,61.96549306,58.3543853,24.08284979,21.93520139,0.43875,14.25,,6.23986434,1.28235324
2024-05-16,119.54602396,79.64936111,80.40681552,50.18065341,19.52950718,21.98502778,0.13333333,17.16666667,,6.91218017,0.91852
2024-05-17,149.71883978,74.21545139,46.13476521,39.88426295,24.53246172,23.78176389,0.00625,15.42105263,,11.07641373,2.49975295
2024-05-18,200.8629178,70.70049306,26.50489148,34.59074246,21.18898393,24.70068056,0.00333333,12.70833333,,7.94217897,3.32517584
2024-05-19,161.27778934,64.28313889,31.81362104,34.88013153,30.74528108,25.13199306,0.00125,9.58333333,,11.02444042,2.36358094
2024-05-20,155.05739263,72.84006944,70.36152292,52.07455154,22.84384016,23.87559722,0.11625,18.95652174,,14.70036066,1.40602058
2024-05-21,189.89907695,78.45993055,61.81202741,47.06160564,13.39026068,22.30545833,0.9075,15.26086957,,9.26382349,1.78561181
2024-05-22,194.21529656,75.77790972,78.09885309,48.17160295,22.31710113,23.14886806,0.00666667,22.63636364,,10.01968098,1.44172236
2024-05-23,163.65057115,75.252875,45.9423328,47.18359017,21.98602326,22.83291667,0.69875,15.39130435,,9.69846885,1.62353362
2024-05-24,225.74722709,75.76035417,54.91243436,51.5478689,25.88255516,23.06411111,0.08708333,17.58333333,,7.84392284,2.58832445
2024-05-25,210.13080338,76.38526389,34.81974884,41.52233753,30.71195321,22.63359722,0.03208333,15.83333333,,9.38743334,2.6272189
2024-05-26,208.55742384,68.5128125,36.52642131,33.5486989,32.86254452,24.10871528,0.00083333,10.125,,10.55138446,1.46810143
2024-05-27,164.18047435,76.46258333,57.55736813,42.86982427,36.26791694,22.61309722,0.12416667,17.95652174,,5.00006918,1.47733166
2024-05-28,226.29469079,74.48840972,44.56670998,50.02493404,52.87436268,23.53175694,0.1875,16.69565217,,3.76087985,2.184816
2024-05-29,184.31827703,79.15718056,,,,22.13415278,0.24833333,,,8.72136096,2.25663756
2024-05-30,120.66392935,77.80166667,,,,22.36832639,0.15125,,,6.36594879,1.53626045
2024-05-31,158.10180855,75.33806522,,,,23.45171015,0.16130435,,,8.45670102,1.87056194
2024-06-01,205.87960556,64.13463194,43.11080766,31.37451606,16.2546974,26.01623611,0.00791667,14.43478261,,8.54617976,3.22756012
2024-06-02,158.07283812,71.67074306,24.20087418,28.9087425,32.31010269,24.222625,0.085,9.875,,4.86384142,1.97556059
2024-06-03,164.48152653,72.35807639,27.88132795,30.65856114,29.11305354,23.41144445,0.03666667,9.375,,2.61076935,1.66763551
2024-06-04,113.10451633,81.23301389,90.14527716,51.24293501,6.04278431,21.92852083,0.16791667,19.79166667,,10.45460108,1.45390106
2024-06-05,224.92107514,74.5256266,53.42461441,35.44166465,9.11322503,23.39809275,0.0,15.875,,6.23202586,2.6414384
2024-06-06,176.99479905,75.39458333,41.77286177,34.52998916,11.22394866,23.37704167,0.0,13.56521739,,9.57884149,2.97246947
2024-06-07,260.21843706,70.77456945,49.11291427,39.65410716,14.67720183,23.76660417,0.0025,15.82608696,,9.90458087,3.38464093
2024-06-08,78.85899356,68.31790278,26.73530343,35.60145349,21.58990271,24.95922222,0.0725,10.41666667,,8.08608215,2.09590738
2024-06-09,151.68585404,78.27206945,41.44850768,40.22623332,19.85827479,21.14534028,0.69125,9.91666667,,2.5029404,1.13175489
2024-06-10,154.11634096,76.67734722,29.63825484,37.60592042,24.71067154,22.15121528,0.10708333,15.66666667,,4.58557142,1.25183049
2024-06-11,131.42104702,75.85059722,59.3934838,41.28481989,15.22054694,22.77030556,0.10833333,13.81818182,,8.34570777,2.29694707
2024-06-12,164.3609552,68.56088889,39.99693488,33.42177826,14.41136281,24.22617361,0.0,13.54166667,,9.1280556,3.29065615
2024-06-13,216.23244483,74.78144445,63.7576511,47.63430376,13.47854811,22.86659028,0.17083333,17.45833333,,8.99043612,2.41251734
2024-06-14,193.65830825,79.43425,65.28893393,61.96803029,15.74717373,21.69211111,0.26541667,25.33333333,,7.30449769,1.33178385
2024-06-15,249.062153,78.54458333,48.84044989,51.48509415,16.25000579,21.16640972,0.24916667,14.125,,5.22630441,2.08729123
2024-06-16,193.88848428,77.29176389,23.0068131,27.75584807,18.14797235,21.3345625,0.23541667,6.75,,3.59116786,2.71141522
2024-06-17,183.29856535,69.39851718,46.48451224,36.38397534,6.40212965,23.96432039,0.0,14.0,,7.02920819,2.68805276
2024-06-18,219.95486831,73.54111111,58.65415518,59.07869955,27.18570523,22.17482639,0.1375,18.71428571,,7.5887333,1.47658321
2024-06-19,128.13713457,74.94350695,87.72213943,60.4828575,21.70832177,21.52877778,0.03208333,21.95652174,,13.15395611,1.26556937
2024-06-20,199.58287522,73.70507639,43.89694638,46.78952428,17.10302447,22.77915972,0.11291667,16.125,,7.72470046,2.77335107
2024-06-21,199.60249747,73.90607639,36.64506139,39.52105948,13.813862,23.34013195,0.055,14.375,,8.91253649,3.31843038
2024-06-22,142.31702453,74.09225,31.44206848,40.7500248,30.76326556,23.02754167,0.24875,15.91666667,,10.09573676,1.82874678
2024-06-23,142.67470499,77.39166667,45.74290443,34.65400298,23.02013069,21.35734028,0.25208333,12.0,,3.69788171,1.464773
2024-06-24,198.62289608,74.20904167,37.5987506,33.80615998,13.16370298,23.31046528,0.00208333,12.45833333,,7.77972056,2.79657079
2024-06-25,143.14164599,84.02624243,60.60350835,47.02287052,22.72286661,20.20931818,0.21272727,16.45833333,,9.14275588,1.99757484
2024-06-26,,,48.89679575,61.10162596,18.33137136,,,18.04166667,,4.7255925,
2024-06-27,,,71.51436965,53.87827561,21.15486318,,,19.29166667,,10.00393324,
2024-06-28,,,52.87823433,53.07611118,21.24620727,,,15.5,,6.631654,
2024-06-29,,,64.18288196,42.91009664,16.10428177,,,16.45833333,,8.35191657,
2024-06-30,,,26.40191083,30.41871641,31.30190808,,,10.60869565,,3.58966412,
2024-07-01,,,43.3033014,43.5204267,36.75657478,,,16.0,,4.65305962,
2024-07-02,,,50.51144245,59.42495571,14.88133733,,,18.875,,8.20120741,
2024-07-03,,,58.55195485,54.63388392,21.20681978,,,20.86956522,,5.59722514,
2024-07-04,,,38.63851723,41.11858747,12.45833777,,,14.35416667,,5.82696991,
2024-07-05,,,101.99339712,48.96176401,6.37204951,,,21.08333333,,8.86003094,
2024-07-06,,,55.49359495,38.85437945,21.58137252,,,16.29166667,,6.40725089,
2024-07-07,,,27.15363542,25.9301074,25.42848675,,,10.41666667,,4.18999993,
2024-07-08,,,41.99761933,37.46545415,15.64883072,,,17.77272727,,8.58702415,
2024-07-09,,,30.38000573,42.18418331,23.85395645,,,11.79166667,,13.03675424,
2024-07-10,,,23.64585774,37.8753927,23.46974262,,,10.375,,8.62955929,
2024-07-11,,,28.24804107,38.48790091,25.62787987,,,16.91666667,,10.36729296,
2024-07-12,,,72.49386573,47.34341819,17.3550204,,,22.25,,10.09052015,
2024-07-13,,,59.81291961,38.3355084,26.34725895,,,17.45833333,,6.05160073,
2024-07-14,,,10.94696435,24.13601265,28.40729906,,,9.125,,6.33926809,
2024-07-15,,,28.98201924,35.01336725,22.32527589,,,10.91666667,,9.18755068,
2024-07-16,,,53.66907961,53.70478006,18.61977292,,,16.47916667,,15.42066727,
2024-07-17,,,36.43888746,55.62391032,40.74301539,,,14.375,,10.64037199,
2024-07-18,,,30.49636663,52.92095288,33.04238929,,,13.875,,9.12125264,
2024-07-19,225.17766,70.1794375,60.73779711,58.30976375,21.71216872,23.60064583,0.0,16.41666667,,10.43563593,5.2426926
2024-07-20,72.72489838,62.27385417,26.44153943,37.60754229,28.85691099,24.32314583,0.0,11.7826087,,7.50562005,3.06491106
2024-07-21,87.051755,64.07244444,17.39213156,34.35754665,27.94951237,24.61490972,0.0175,9.75,,6.57833472,2.88731747
2024-07-22,66.72016186,60.47447222,39.71081892,44.69312196,23.62739875,25.19264583,0.0,13.56521739,,10.55521158,2.88360387
2024-07-23,178.68372081,60.31583333,43.64065601,49.79307497,31.72625256,24.66748611,0.0,15.5,,10.83317848,2.30599335
2024-07-24,64.7050899,61.83354861,31.06118968,47.15342507,27.13203614,24.83543056,0.0,17.29166667,,10.5590699,2.9761821
2024-07-25,181.81803009,64.18957639,27.76317845,47.30539449,31.83252447,25.03429861,0.0,16.0,,9.57169014,3.24576767
2024-07-26,69.6163846,67.27404167,26.23944861,47.90134716,29.65803769,24.32759722,0.0825,17.16666667,,11.10812196,2.88402703
2024-07-27,118.19097622,72.33325694,33.43296918,43.36926429,23.91117978,23.37439583,0.28666667,12.20833333,,6.78041637,3.17305773
2024-07-28,75.63585289,69.87663194,28.08645427,30.94763682,22.55416924,23.68876389,0.01083333,11.56521739,,10.10779716,3.07646131
2024-07-29,73.28077308,57.352375,33.47743876,39.81846386,26.51892896,25.76814583,0.0,14.54545455,,9.55337801,2.89603674
2024-07-30,89.56408369,54.69559028,36.74791584,40.75721742,22.02280969,24.92775,0.0,18.26315789,,11.38939431,2.82254328
2024-07-31,53.10717478,54.52781884,30.26872133,38.87319082,27.87665036,24.92517391,0.0,15.73684211,,10.37017694,3.05149374
2024-08-01,99.48444222,54.73248611,39.37715086,47.44408343,30.33654297,24.45159722,0.0,16.52173913,,12.32569384,2.84762917
2024-08-02,57.61043751,55.5429375,22.09030113,42.96875013,35.63378895,24.88434028,0.0,15.27272727,,9.06536776,3.23584982
2024-08-03,73.73869389,68.47552778,28.87982913,47.52868674,28.52992049,23.24851389,0.05833333,14.5,,7.64370739,3.12723273
2024-08-04,105.81530001,68.89395833,15.02074043,30.44051057,26.87044374,23.70933333,0.10541667,11.83333333,,5.61494121,3.38593211
2024-08-05,132.77704643,76.26192361,55.33301049,62.44213611,26.6378346,21.40236111,0.38791667,17.28571429,,3.94809919,1.44223594
2024-08-06,126.72333642,77.51420833,58.81513898,65.95830096,24.81040364,21.06665972,0.13791667,16.54166667,,4.04421559,1.6189611
2024-08-07,174.49926073,73.27822917,40.1195763,47.98878677,25.36628748,21.88095139,0.02291667,10.66666667,,5.25863737,2.06749214
2024-08-08,82.05012072,72.84002778,42.23881637,48.42582813,19.84832291,22.92105555,0.0,19.54545455,,10.22766718,2.81125968
2024-08-09,120.08153346,74.02453472,53.65452044,49.94096231,14.91076647,21.94559722,0.16166667,20.0,,8.49694815,2.76466042
2024-08-10,108.28803767,74.68604167,54.67746917,46.92631713,18.90005048,22.20822917,0.08333333,,,9.96162723,2.29437772
2024-08-11,135.98168803,74.90877083,51.81315141,46.27356789,25.8812975,21.25639583,0.1025,,,4.8669901,1.47582053
2024-08-12,73.178892,67.47211111,52.94031392,46.5177067,27.13203614,23.53901389,0.11083333,13.77777778,,8.42548924,2.57522366
2024-08-13,196.96918642,69.0191423,46.73112886,50.0608392,21.75304253,22.86436476,0.1,15.69230769,,6.23505158,2.31703806
2024-08-14,127.13394392,61.35884028,21.10156567,38.76250517,31.50553398,24.89374306,0.0,13.84615385,,5.744828,3.26563609
2024-08-15,92.26932224,59.12525695,37.98811756,52.72067229,34.6037689,25.23079861,0.0,23.25,,12.01064616,2.77697082
2024-08-16,132.55316143,61.7695,27.69059215,54.13637917,35.83815801,24.27902083,0.04541667,18.0,,10.79610469,2.80050638
2024-08-17,73.3469265,55.36767361,24.23239945,50.25298696,40.30157823,24.53015972,0.02041667,13.79166667,,6.9581277,3.02836913
2024-08-18,103.79752511,57.64948611,16.6400017,36.01279576,41.20080209,24.37608333,0.0,14.45833333,,6.13673648,2.87831961
2024-08-19,49.19964281,59.65195833,13.61250274,37.8182122,37.20334331,24.58425694,0.00416667,13.5,,6.01247983,3.04843069
2024-08-20,117.44895193,60.386875,32.27872734,55.14708236,24.57333553,24.92141667,0.0,21.125,,8.5899725,2.77500246
2024-08-21,74.27643891,63.76165278,28.58000435,48.17070191,33.68819552,24.82059028,0.0,21.45833333,,10.17496088,3.18629577
2024-08-22,194.08335387,68.08833333,20.37779783,47.34538479,38.1597905,23.96638194,0.0025,16.29166667,,5.96822272,2.64548091
2024-08-23,101.89081826,72.52422917,36.30865218,48.95360768,29.73978532,22.95100694,0.06541667,19.375,,5.88163145,3.21753118
2024-08-24,129.53829249,76.05573611,50.18648536,48.50584008,22.26378747,21.60924306,0.18458333,17.04166667,,5.8720713,1.31807142
2024-08-25,127.87430974,73.79913889,33.11547308,34.58030612,20.98461487,21.99783333,0.10291667,12.41666667,,10.03219581,2.26013478
2024-08-26,199.39977165,68.08550694,35.65360728,41.40949656,38.33146051,23.15613195,0.0,20.58333333,,10.20821737,2.23986561
2024-08-27,83.60816959,63.35188195,33.73698438,41.54274011,32.14316544,23.84325694,0.00125,21.75,,8.15729732,2.8319467
2024-08-28,103.83268383,61.75176389,22.1009356,37.08117306,34.01518601,24.89088194,0.04875,22.45454545,,8.12673231,3.70781977
2024-08-29,126.67758305,70.17265972,41.5796577,49.80811051,28.09665809,22.56475695,0.0175,18.95833333,,8.12554686,1.81211559
2024-08-30,138.50280271,55.70147222,48.05158741,47.30991534,36.82730425,24.54413889,0.0,24.58333333,,8.6534277,2.7010402
2024-08-31,126.1465065,61.42307246,32.22541343,49.86993006,44.23754858,24.24057971,0.0,27.65217391,,9.32202235,2.36872484
2024-09-01,145.59998184,74.78547222,20.52296022,39.97460154,37.60390667,21.08459722,0.66708333,14.52173913,,3.04437436,1.72683946
2024-09-02,113.42233535,70.06075,30.76526915,54.49480323,40.12990822,23.03969444,0.0875,27.20833333,,4.95426177,2.01036183
2024-09-03,137.49148536,71.02819444,35.1916175,47.48097216,36.94058309,23.21310417,0.16291667,26.65217391,,3.81979527,2.28985888
2024-09-04,109.69004053,66.87967361,57.96408447,47.16339914,45.26365896,24.60061111,0.01291667,22.0,,3.31223213,3.5995795
2024-09-05,125.43963774,66.52874306,70.98430157,44.96412835,41.20897685,24.12211111,0.27083333,16.0,,3.07408436,2.59271487
2024-09-06,160.65902262,59.95615278,70.02866023,49.00510773,37.05619759,25.27598611,0.0,24.26086957,,5.24844656,3.26755061
2024-09-07,98.62510002,65.56127778,63.29042914,54.14311734,33.68819552,24.28170139,0.00041667,19.08695652,,4.48030665,3.43679132
2024-09-08,137.02472704,59.62288889,71.48109667,41.7523758,40.53864634,24.61878472,0.0,20.58333333,,3.86619896,2.50258253
2024-09-09,136.47406556,53.39501389,76.96915078,52.91091613,44.81404703,25.38750694,0.0,22.81818182,,5.02224425,2.45806549
2024-09-10,78.76835054,60.99840278,86.45858376,49.78795866,31.43196112,24.53688194,0.0,23.82352941,,7.01827341,2.30612384
2024-09-11,93.27988234,63.96499306,74.16573725,45.69779058,27.44267711,25.37470833,0.00041667,24.57142857,,11.9566001,3.30561355
2024-09-12,123.4777583,67.45703472,68.24358596,47.40202467,29.67438722,24.82863194,0.07583333,24.0952381,,7.27821721,3.51518731
2024-09-13,74.97281471,67.79109722,83.33884949,52.81490493,33.83534124,23.74556944,0.15625,18.83333333,,4.99444529,3.17462358
2024-09-14,76.7989081,67.97836805,67.54651929,54.59968375,49.28564202,24.83179167,0.00041667,23.75,,5.21332539,2.68385257
2024-09-15,31.15005042,61.16914583,55.46696022,39.88832936,35.35584703,26.37309028,0.0,14.29166667,,5.74471813,3.53223034
2024-09-16,143.11257237,62.82568056,71.99221076,54.18903881,41.39699638,25.729,0.06125,19.91666667,,7.06294185,2.74027532
2024-09-17,128.04037091,62.32736806,66.14826196,39.07185134,30.12983826,24.29467361,0.15083333,17.42857143,,6.9578123,2.66507467
2024-09-18,77.55404392,60.00589583,23.52313967,46.5408385,45.09198895,25.63205556,0.0,21.86363636,,12.52251042,3.23104695
2024-09-19,64.89803344,63.46002778,21.83592711,47.11895067,35.7972842,25.47433333,0.0,25.18181818,,10.18412496,3.55660561
2024-09-20,157.9025363,66.75676389,35.2692294,59.78912066,32.577171,23.63538194,0.02916667,22.0,,11.00478279,2.4228606
2024-09-21,152.04772612,67.54975,30.85699342,51.67517346,38.96909197,23.43150695,0.00333333,19.16666667,,11.2986245,1.94042656
2024-09-22,194.61668897,73.39710417,20.26921988,42.0870752,41.97740451,22.00604861,0.23916667,13.29166667,,8.03317062,1.65127575
2024-09-23,190.60500197,70.25860417,35.69468364,52.40634412,28.92230908,22.65485417,0.095,16.08333333,,15.11282692,2.53101013
2024-09-24,137.77843563,66.58170139,19.13321149,38.031311,38.06169336,24.50146528,0.01166667,15.79166667,,11.93582898,2.88858016
2024-09-25,171.43143686,69.85007639,28.04443761,50.79541813,34.61194366,23.53436111,0.02041667,18.85714286,,12.77371916,2.15408445
2024-09-26,160.51395211,71.19395833,40.39458048,49.89106062,29.85423199,21.84736806,0.06791667,16.70833333,,13.20456751,1.64439973
2024-09-27,191.9748939,70.23907143,79.14543171,60.25831163,32.91976786,22.52152381,0.0,30.75,,13.99020528,0.90917455
2024-09-28,,,51.97729335,51.26643244,27.55712378,,,24.41666667,,17.72051797,
2024-09-29,,,43.04550349,43.12269399,30.72893156,,,15.0,,10.95187427,
2024-09-30,,,97.39992972,51.34069008,13.54721612,,,22.2173913,,13.78113999,
2024-10-01,,,,,,,,21.95833333,,13.9286216,
2024-10-02,,,,,,,,19.0,,7.32946,
2024-10-03,,,,,,,,14.83333333,,8.13648506,
2024-10-04,,,,,,,,17.04166667,,12.82478773,
2024-10-05,,,,,,,,24.41666667,,12.77972307,
2024-10-06,,,,,,,,18.91666667,,17.93892148,
2024-10-07,,,,,,,,18.625,,12.15257774,
2024-10-08,,,,,,,,20.75,,11.9267765,
2024-10-09,235.47045852,72.70673131,,,,22.91536967,0.16222222,20.375,,,1.96769972
2024-10-10,186.78956114,78.92071528,,,,20.71611111,0.50625,20.5,,,1.10303807
2024-10-11,197.90602184,67.77871528,,,,23.62586111,0.0,20.91666667,,,2.88791296
2024-10-12,152.28328955,65.44348611,,,,24.46588195,0.0,17.77777778,,,3.037769
2024-10-13,155.23830687,63.5659375,,,,24.19677083,0.07916667,10.91666667,,,2.01105533
2024-10-14,170.1948307,65.36714583,,,,23.92198611,0.0,12.54166667,,,2.19717448
2024-10-15,226.26993059,71.63661111,,,,23.06082639,0.04458333,21.04166667,,,1.76233844
2024-10-16,158.85655295,74.17336111,,,,22.54127778,0.06458333,22.125,,,1.71489047
2024-10-17,161.90364112,71.32065278,,,,23.77463889,0.02125,20.16666667,,,2.67819226
2024-10-18,191.77904857,69.42063194,,,,24.8695,0.005,22.38095238,,,2.630261
2024-10-19,238.87709261,68.85971528,,,,22.70027778,0.01083333,17.73913043,,,1.8710273
2024-10-20,209.42255404,77.83347222,,,,21.37345139,0.92041667,14.375,,,1.23760903
2024-10-21,196.0121596,76.15972222,,,,21.44007639,0.25458333,25.29166667,,,0.86138422
2024-10-22,220.14823464,77.40610417,,,,21.91149306,0.03541667,30.6,,,1.91084104
2024-10-23,175.42770332,72.934625,,,,23.17094444,0.11875,,,,2.56650424
2024-10-24,191.30241022,72.92699306,,,,23.3533125,0.01541667,,,,2.69278398
2024-10-25,159.20792924,66.53944444,,,,25.17013194,0.00125,,,,3.17850052
2024-10-26,181.61316003,69.54899306,,,,24.66236805,0.00041667,,,,2.96041845
2024-10-27,251.84228429,74.47913889,,,,23.87898611,0.00541667,,,,3.4321338
2024-10-28,146.33631643,67.87245139,,,,24.00721528,0.0,,,,2.40440355
2024-10-29,113.41367492,67.74370139,,,,23.91703472,0.0,,,,3.1502163
2024-10-30,147.16442693,75.77259028,,,,21.83826389,0.20625,,,,1.3980946
2024-10-31,212.67289999,71.78632609,,,,22.46302899,0.00521739,,,,1.66130734
2024-11-01,138.47832141,77.76304861,,,10.73346292,21.11455556,0.13583333,,,9.70425258,1.60469105
2024-11-02,176.22043243,67.78281944,,,19.75022576,22.84065972,0.00291667,,,7.41984762,1.62874561
2024-11-03,205.15661941,70.71020139,,,18.64663285,22.38204167,0.08208333,,,7.24212147,1.18003072
2024-11-04,230.83542023,79.51281944,,,14.22408643,20.51680556,0.13541667,,,5.01963888,1.43248165
2024-11-05,231.45028351,70.30554167,,,23.21632499,22.37313889,0.0025,,,5.14777977,2.26268601
2024-11-06,211.87954884,69.89201389,,,15.3603784,23.30077778,0.0,,,11.7300571,3.28654832
2024-11-07,205.53794398,73.80034028,,,27.09116233,21.77354167,0.02708333,,,10.02414543,1.38395647
2024-11-08,165.72135454,82.22853472,,,6.49076128,19.45445139,0.20875,,,12.11450298,1.03863853
2024-11-09,228.63366678,77.05301389,,,16.47214607,20.57441667,0.13583333,,,4.00950999,1.50294119
2024-11-10,145.40803194,79.95001389,,,18.3114676,20.52672917,0.18708333,,,2.88649307,1.34557547
2024-11-11,196.91341994,77.1259375,,,21.14811012,20.56021528,0.50583333,,,3.0660112,1.23509658
2024-11-12,214.52535341,72.59604167,,,16.05523319,21.73957639,0.02791667,,,9.95961868,1.56863223
2024-11-13,203.99174034,73.43826389,,,13.1695421,21.54763194,0.01,,,6.1212304,1.87873933
2024-11-14,177.59051205,76.57704861,96.33541624,42.81964835,12.91470277,20.60773611,0.08875,27.92307692,,5.92420951,1.35852078
2024-11-15,127.68287037,77.36961806,61.92607846,50.20846798,15.03018909,21.33859722,0.02916667,25.45833333,,9.79803103,1.52186638
2024-11-16,210.73292642,76.46490972,52.05020161,46.07219039,10.60266673,21.26640278,0.02333333,22.83333333,,10.99786381,1.957485
2024-11-17,147.28227763,74.00140972,28.35423764,26.74286486,17.6166128,21.64670833,0.00041667,13.54166667,,9.66388408,2.72818072
2024-11-18,105.70725492,76.35474694,68.09265408,45.73295446,16.69286466,21.05012853,0.1275,19.95454545,,6.81208227,1.47410568
2024-11-19,210.78765934,79.09315589,138.20744794,57.07365282,20.55952723,20.31951724,0.20125,30.875,,9.4948396,0.83658352
2024-11-20,171.90495456,77.07467361,103.93191753,64.3250763,24.39349076,20.65919444,0.09708333,29.0,,9.61398055,1.12506904
2024-11-21,106.85652625,76.97327778,45.3425095,51.44199332,21.52414918,21.61117361,0.05083333,19.41666667,,6.53909064,1.70652921
2024-11-22,153.61202945,76.75105556,65.53131413,45.25520197,12.13134728,21.50827778,0.13125,21.29166667,,10.52502323,1.89185239
2024-11-23,166.7417749,79.2344375,66.39211904,45.89467857,15.32767935,20.95089583,0.21416667,20.41666667,,3.9904054,1.7600823
2024-11-24,144.90024549,73.39233333,18.21166079,30.40739164,25.06382127,22.75813194,0.00041667,12.5,,3.7332659,2.82717672
2024-11-25,137.6369905,70.57814583,44.04094874,38.00218014,18.28694331,23.70369444,0.00333333,17.04347826,,9.61355774,2.51518711
2024-11-26,156.34699355,70.21342361,30.0519467,38.82480198,25.72597702,24.19595139,0.00291667,15.39130435,,7.3703433,2.82105954
2024-11-27,205.2042215,74.10886806,36.52804127,46.93204458,27.17290995,22.16298611,0.09458333,16.33333333,,6.44097216,2.4064448
2024-11-28,253.97233252,71.90088194,33.86350961,37.89216763,21.27073155,23.22983333,0.0,15.08333333,,7.35928724,3.6957351
2024-11-29,169.5672743,72.76271528,31.05908935,40.70616397,21.87566397,23.33370833,0.01291667,18.08333333,,8.89066845,2.81785372
2024-11-30,161.12945535,65.80205797,31.75962856,36.77374896,28.97704445,24.3295942,0.0,16.73913043,,9.62692957,3.14050091
2024-12-01,157.34692136,68.19860417,24.55453567,33.26813997,27.78601712,24.08563889,0.0,21.0,,6.97677262,2.69969305
2024-12-02,172.76124836,73.65806945,66.26054997,52.29624543,27.87593951,22.59364583,0.22208333,21.75,,9.563474,1.63051538
2024-12-03,221.26833215,71.65151389,46.85619255,43.30698316,21.31160537,22.83304861,0.0,18.17391304,,9.22765869,2.31370463
2024-12-04,200.86216201,70.64544445,52.98422648,41.4314113,20.42055627,23.26269444,0.0,21.7826087,,8.93896416,2.89881153
2024-12-05,242.20686455,70.02513195,41.36822019,38.5778791,23.0610045,23.39236111,0.0,18.79166667,,8.5809795,2.96425462
2024-12-06,175.60720345,66.63629167,38.01678619,40.62771904,25.52978272,23.38538889,0.0,20.25,,8.47968848,2.79226531
2024-12-07,221.92501133,64.02105556,31.95846659,39.24442594,22.83211116,22.56034722,0.0,16.29166667,,7.3122558,3.52661253
2024-12-08,221.29305856,63.362625,38.05874664,38.48222831,29.5926396,22.38575,0.00041667,18.91666667,,12.36875663,3.14924927
2024-12-09,168.23979555,68.08072917,40.65772373,43.11851788,24.74500554,23.22451389,0.0,19.90909091,,8.2872749,2.82889699
2024-12-10,200.49597246,71.19556944,45.54913824,47.92733616,16.34134988,23.2515625,0.00416667,25.0,,8.39653208,2.96590237
2024-12-11,222.09438285,70.67267361,55.91072603,48.25698193,22.37432447,23.1255,0.00458333,26.625,,12.02177978,3.06349641
2024-12-12,288.39096469,68.37297645,61.53581855,46.71474412,11.30698704,22.77975906,0.0,27.0625,,14.8425888,3.31500124
2024-12-13,240.68494239,68.45528472,31.41171857,42.5947499,26.83596757,22.89170139,0.0,20.16666667,,18.291791,3.11260577
2024-12-14,224.61971819,71.18026389,27.98699304,41.96874183,22.13725636,22.36234028,0.14,23.13333333,,14.97124786,3.28555993
2024-12-15,179.5890212,80.68509722,46.74035801,44.17770462,35.78365959,20.40800695,0.53333333,17.95,,11.01044301,1.314764
2024-12-16,319.86959705,75.50005556,37.87273784,43.10083408,8.59984996,21.68116667,0.0,19.5,,13.60344032,3.60570145
2024-12-17,211.9958171,70.75004861,30.67362152,45.54375269,17.37136993,23.47479861,0.0,24.77272727,,15.85798952,3.38770467
2024-12-18,143.7910712,68.88566667,27.44989833,41.54755869,18.90289388,24.31640972,0.0,21.5,,16.12018103,2.87775059
2024-12-19,124.81194571,75.61475694,62.79116066,48.56146923,7.47846492,22.239625,0.03916667,24.36363636,,21.52551483,2.06331797
2024-12-20,188.4173625,72.94546528,88.78355316,52.17584359,23.53514072,22.51598611,0.00708333,29.09090909,,16.94413485,1.52531049
2024-12-21,225.42752343,78.10904167,52.88806649,37.96917873,15.57292222,21.82335417,0.09125,20.0,,14.04776586,2.67411821
2024-12-22,225.82958467,72.62884028,30.16525165,27.95210926,19.45593432,22.98197917,0.00208333,16.0,,12.46637263,3.17256055
2024-12-23,196.69263221,74.00502778,35.47587201,36.0394429,18.84282715,22.48220833,0.05375,13.19047619,,9.71105896,2.62975271
2024-12-24,138.02151495,76.55609722,50.83195872,41.3205526,27.81871617,21.73240278,0.06291667,20.77272727,,10.37419979,1.31994085
2024-12-25,156.81257946,73.76066667,28.62789271,23.66961321,30.94147538,22.51402778,0.04333333,20.04761905,,8.70428079,1.61484958
2024-12-26,213.9335606,79.59520139,73.49495783,39.63730089,19.00632239,21.31133333,0.36375,19.09090909,,11.37259838,1.19503447
2024-12-27,182.39686744,79.8855625,86.22106853,42.6910275,11.64086154,20.56690278,0.06458333,22.71428571,,13.85042108,1.62750849
2024-12-28,177.94910477,75.53807639,46.57281773,38.45271352,17.75558376,21.82720139,0.03541667,19.125,,13.85762665,2.11360237
2024-12-29,208.25845929,74.60272222,25.68939936,24.82842313,19.84832291,22.00971528,0.0,13.33333333,,12.09226107,2.88774536
2024-12-30,108.84375676,80.00552778,47.38029184,40.21788895,13.21041591,20.67945139,0.08916667,20.80952381,,12.56664619,1.62163282
2024-12-31,177.87549474,75.48232609,30.43732832,22.56605873,17.93898277,21.41484058,0.01652174,17.36363636,,12.31052467,2.80820742
2025-01-01,229.50448371,75.32811111,11.23222485,18.67125625,27.77784236,21.53097222,0.00083333,22.91304348,,,2.35559652
2025-01-02,136.92286127,77.12274306,55.80196411,32.58736013,15.7936408,21.59556944,0.12958333,18.0,,,1.9866909
2025-01-03,174.81973955,77.84621528,56.95283116,33.90445426,10.11218099,21.20110417,0.01708333,21.25,,,1.67086421
2025-01-04,148.7215634,80.21485417,47.07936324,42.69393432,16.15333034,20.89880556,0.35708333,20.95454545,,,1.37556747
2025-01-05,180.48732912,79.01366667,35.5263104,30.70730324,24.96572412,21.24311111,0.12375,13.30434783,,,1.2441632
2025-01-06,200.4365644,74.35869444,31.29540878,23.36797788,28.59531859,22.7929375,0.0,13.91666667,,,2.56889507
2025-01-07,94.85410957,74.04272222,35.60533053,35.99401504,23.98475264,22.94782639,0.00958333,17.08333333,,,1.64086739
2025-01-08,210.87332671,71.55372222,30.72432565,29.54045452,22.53781971,23.33872222,0.0,15.2173913,,,2.75898876
2025-01-09,186.58346179,73.01703472,41.77107828,39.90009767,24.47523839,22.56463889,0.06458333,19.0,,,2.37235273
2025-01-10,205.08813968,70.96004861,27.89225371,38.32393597,27.87593951,22.86938889,0.0,18.29166667,,,2.80386144
2025-01-11,207.79892422,70.8279375,23.60472517,32.77538328,24.2545198,23.62575,0.0,19.52173913,,,3.95993018
2025-01-12,141.9779005,68.92929167,17.85300145,24.24239751,29.49454245,23.56122222,0.0,15.125,,,3.1281336
2025-01-13,190.51145073,65.89529861,40.79389204,40.49497693,27.82689093,23.29509722,0.0,20.41666667,,,2.88581961
2025-01-14,156.16568579,63.20409028,42.31623189,35.86949194,24.29539361,23.08184028,0.0,19.5,,,3.03784759
2025-01-15,166.41359482,63.95777778,41.74200594,37.00793063,22.43972257,22.8110625,0.0,19.91304348,,,2.77112075
2025-01-16,234.66044187,64.88654167,45.61374011,37.54624725,19.68482766,23.05649306,0.0,20.13636364,,,2.21970566
2025-01-17,161.75925642,66.38984722,35.86828981,32.23568656,23.78855835,22.80289583,0.0,17.66666667,,,2.79981878
2025-01-18,215.02089986,66.11211111,39.12341562,35.23611104,29.38009578,22.91220833,0.0,17.16666667,,,2.79973563
2025-01-19,122.61802128,67.67576389,16.73976443,27.96633779,36.26324564,22.79856944,0.00041667,18.04166667,,,2.09646228
2025-01-20,231.28673451,65.89742361,38.4470711,36.24775445,25.26001557,22.58536111,0.0,21.125,,,2.89150797
2025-01-21,125.15869872,65.37617361,37.5518894,38.42282265,26.24098704,23.25278472,0.0,22.875,,,2.69102337
2025-01-22,126.64897184,64.2111875,43.02059603,37.5474393,30.11582438,23.40001389,0.0,24.16666667,,,2.79124267
2025-01-23,188.85772869,61.23466667,31.51387802,36.44948454,38.88734435,23.32658333,0.0,22.29166667,,,2.6380612
2025-01-24,200.97159383,71.55468677,36.19713071,43.02507659,19.48863337,22.06998794,0.0,24.54166667,,,2.91777236
2025-01-25,170.77792716,72.28495842,30.22549665,36.20646353,18.10709854,22.66604455,0.01416667,22.17391304,,,3.37646995
2025-01-26,200.48869726,72.49179167,25.3465512,29.91221391,25.33358843,22.74094444,0.01833333,18.29166667,,,3.29410104
2025-01-27,156.65084635,69.38404861,27.6642487,35.31779187,21.27890632,23.72907639,0.00083333,18.70833333,,,3.22516572
2025-01-28,162.49971218,69.96604861,26.1728679,30.6012788,20.71251207,23.91407639,0.0,19.42857143,,,3.47066933
2025-01-29,148.31852456,65.92536111,24.12482822,28.9466565,28.7669886,24.3879375,0.01083333,16.13043478,,,3.69299781
2025-01-30,171.57421692,66.62955555,27.33050705,31.95519031,28.36642525,24.24254861,0.13875,17.375,,,2.71438031
2025-01-31,106.72242331,69.1722029,25.40309881,34.35174937,27.71457681,24.28298551,0.00956522,19.82608696,,,3.09020262
2025-02-01,161.17697475,68.94129167,24.35958901,32.61544557,23.60871358,24.39625,0.00041667,20.45833333,,,3.06102378
2025-02-02,181.07232459,69.84848108,13.00922489,22.77081861,28.31168988,23.77341092,0.00291667,18.73913043,,,3.22879243
2025-02-03,281.14503931,71.25683333,26.01827603,34.98872589,21.46692585,23.41027083,0.01,22.56521739,,,3.45920974
2025-02-04,135.20452597,77.37673317,32.58458735,46.28024339,37.07219169,21.6175113,0.32041667,24.04545455,,,1.53656091
2025-02-05,145.55446913,78.74575,43.08804651,46.9973814,12.30301729,21.04579167,0.02791667,29.58333333,,,1.93984906
2025-02-06,209.95575324,73.37179861,33.15430604,38.00184323,19.69300243,22.53967361,0.02416667,26.91666667,,,3.03707101
2025-02-07,201.04061801,74.72719444,40.42503771,38.08948655,27.56529854,22.50452083,0.18708333,29.04166667,,,2.0818346
2025-02-08,197.71376119,77.0066875,37.61729067,48.24686683,34.35852603,21.70390278,0.11625,29.54166667,,,1.52621935
2025-02-09,161.38071753,80.10671528,27.04577801,36.32880847,19.39053622,20.91796528,0.06791667,23.375,,,1.58861824
2025-02-10,124.06934697,75.86829167,50.57655754,38.837534,23.65776215,21.99968056,0.23708333,25.29166667,,,1.88049478
2025-02-11,136.81897885,77.2023306,36.28042237,36.5346656,19.01216151,20.69051477,0.12,22.91304348,,,1.76090364
2025-02-12,196.0551773,76.48810706,60.54943145,84.67281006,17.12008484,21.49797512,0.13083333,23.04166667,,,1.81627284
2025-02-13,128.18521738,75.65219737,149.37632077,80.18670036,20.0459389,21.81156719,0.07190476,25.0,,,1.41353135
2025-02-14,166.49788782,74.78337622,,,23.22449975,21.78714783,0.00166667,25.25,,,1.94283424
2025-02-15,153.33882657,72.96993054,,,34.81631271,21.88535531,0.225,19.95833333,,,1.67904498
2025-02-16,134.34007,77.23323747,,,29.11032862,20.88804611,0.24791667,15.16666667,,,1.50846849
2025-02-17,144.63175888,75.14353133,,,29.48636769,21.01808422,0.16833333,16.04166667,,,1.8062217
2025-02-18,172.8474218,75.39470102,,,22.12090683,21.81525781,0.02375,21.70833333,,,1.80717796
2025-02-19,181.41090658,74.76969883,9.20597129,28.32178451,29.200251,22.5361588,0.00458333,22.20833333,,,2.73232373
2025-02-20,210.40146151,71.58784905,31.20494674,36.48521255,22.03098445,23.61011859,0.00375,17.20833333,,,3.74532686
2025-02-21,163.04330624,73.4568484,35.47171225,35.67200848,20.70667295,22.62800484,0.0475,19.95833333,,,2.9147816
2025-02-22,202.98082608,79.04146729,43.57899036,36.91354913,14.78814504,21.73671254,0.11916667,23.04166667,,,2.47101112
2025-02-23,221.92288101,76.18771555,15.39491456,26.94643619,20.96826535,22.60756649,0.02125,12.91666667,,,3.49344913
2025-02-24,92.20534265,79.20170217,62.01020377,45.09518591,26.74782231,21.45327576,0.45,23.75,,7.82072836,1.4238222
2025-02-25,239.83758977,79.412204,74.41988642,47.27209536,12.63669623,21.36558091,0.0275,25.56521739,,4.70897201,2.26734235
2025-02-26,185.4344316,73.71992612,48.68874636,32.77060387,18.19702092,23.25060024,0.00208333,20.56521739,,11.66059002,2.85177268
2025-02-27,199.84517343,72.16469323,27.97365523,32.54093386,22.74218877,23.46851036,0.00333333,17.45833333,,8.56326038,2.66761329
2025-02-28,150.84834519,76.04817722,80.10581938,53.51440003,25.81234516,21.69696539,0.10434783,26.65217391,,10.45097351,1.22449568
2025-03-01,130.78358724,71.62730218,48.59633731,45.29393866,32.97699119,22.91012568,0.00041667,25.29166667,,8.12076646,1.57021519
2025-03-02,124.7076696,67.96706945,19.71021476,29.32848057,35.29044893,23.2136875,0.00083333,19.83333333,,8.17599177,2.1588573
2025-03-03,150.61461795,74.2289375,37.86100466,40.85709132,26.24738468,22.27706945,0.14583333,23.08333333,,4.67781836,2.44490178
2025-03-04,149.21036402,76.35558333,92.8334285,59.5890993,21.97376112,21.51083333,0.0575,34.0,,7.26162868,1.267565
2025-03-05,187.05624462,76.24441667,44.11040755,40.46880773,22.7585383,22.21086111,0.00833333,24.79166667,,7.85963675,1.9812761
2025-03-06,172.40879354,71.77115972,35.85902488,38.76010764,22.96290735,22.37728472,0.00125,19.375,,10.96873274,2.63498841
2025-03-07,136.84494225,73.53029861,39.05495841,38.85221696,19.47228384,21.67049306,0.00083333,20.13043478,,13.00614474,2.88522704
2025-03-08,130.49137972,68.55439218,20.68340233,38.68128662,42.49241453,23.36780061,0.0,20.04347826,,5.52307832,1.87292681
2025-03-09,153.13211364,69.01002778,10.8303275,27.18652688,41.02913208,24.08192361,0.0,23.125,,6.20749109,2.80532116
2025-03-10,181.75031092,67.30644444,28.37513354,42.99155024,42.57416216,23.59883333,0.00166667,28.08333333,,10.16821291,2.48364471
2025-03-11,95.40216948,74.23197222,36.25676758,45.21076917,30.17824984,21.87554167,0.06166667,26.16666667,,10.49655333,1.81002544
2025-03-12,227.91051818,74.30179861,39.67588714,43.94850472,21.4996249,22.07552778,0.0,26.66666667,,10.05573285,2.46167274
2025-03-13,167.6816673,75.06564583,51.55223624,49.61414501,30.5245625,21.52836806,0.28083333,25.5,,15.87068115,1.10310862
2025-03-14,198.18095829,74.994875,39.54977585,44.16621055,26.50257944,22.01850695,0.04541667,25.375,,4.74170804,1.55227226
2025-03-15,210.81907541,72.06475,20.37410821,35.93530671,34.24407935,22.86400694,0.00083333,28.29166667,,12.18942393,2.92576759
2025-03-16,214.81420625,74.93620139,22.69167284,27.10593513,34.39122508,22.10930556,0.22666667,19.54166667,,4.39299624,2.38309323
2025-03-17,155.86495068,76.97885417,38.2003165,31.6322122,18.72020571,22.0025,0.02625,29.20833333,,8.27924031,2.18147326
2025-03-18,249.75755955,74.76725694,37.1700579,34.16002849,20.90286725,22.04961111,0.01125,19.91304348,,7.39991808,2.68199363
2025-03-19,157.96461273,70.58215972,27.94544142,30.13421337,27.08298756,23.48370139,0.00041667,18.08333333,,9.30335835,3.38875096
2025-03-20,214.49506478,70.56331944,21.79615386,28.42540359,25.84042369,23.88828472,0.00375,16.66666667,,6.26097742,3.30978156
2025-03-21,115.03172194,71.0543913,49.6483461,28.75174295,20.42873104,23.39373188,0.05347826,13.17391304,,7.14584436,2.67183049
2025-03-22,110.05777274,66.19422222,,,32.25761211,24.61083333,0.005,14.875,,12.09170723,2.62614815
2025-03-23,193.06830625,65.98261111,,,39.62307296,24.76822917,0.0,18.5,,16.29695397,2.61629977
2025-03-24,115.16137838,64.05721528,30.92188877,,34.4729727,24.744375,0.0,19.75,,9.1198304,2.63144854
2025-03-25,259.31785661,73.30936806,31.59882608,45.04158606,16.5882277,22.81013889,0.01416667,33.43478261,,12.79607408,2.06181485
2025-03-26,144.44350676,70.1475,59.74586773,49.02076747,10.36886853,23.2683125,0.0,28.29166667,,15.67061296,1.99565875
2025-03-27,134.30907942,74.3599375,46.15951426,53.35575341,28.3337262,22.49582639,0.175,27.75,,13.83589646,1.83757048
2025-03-28,127.1571219,79.30620139,64.11689812,61.48237219,14.36305739,20.93524306,0.28666667,30.91304348,,18.76747671,1.40838252
2025-03-29,132.66535413,76.77197222,66.06905274,58.38217566,29.32287244,21.23495833,0.07666667,28.66666667,,17.39993212,1.11819724
2025-03-30,173.94563739,74.84516667,50.53635503,40.66514727,28.71794003,21.73563889,0.05125,23.75,,10.257945,1.2896338
2025-03-31,243.79770693,76.99547826,59.95509027,52.71700309,24.37927378,21.54085507,0.16086957,24.82608696,,4.40880516,1.31530619
2025-04-01,127.52379472,73.7270625,24.91789646,39.16354429,23.27354832,22.50986806,0.03541667,18.73913043,,4.08747391,2.09570185
2025-04-02,151.6701401,75.52122222,36.54195143,51.1483968,33.5410498,22.01802778,0.15041667,23.0,,5.76563415,1.91495927
2025-04-03,127.45771616,80.47539583,64.43749104,66.48448999,17.46129231,21.21540972,0.20875,25.95833333,,6.47723366,1.70207174
2025-04-04,176.18786529,79.23401389,71.13365437,66.9214765,30.50003821,21.04533333,0.38833333,25.33333333,,5.70008307,1.34742632
2025-04-05,239.24401961,75.00366667,64.99651393,61.6980644,32.9769912,22.07099306,0.00916667,16.29166667,,5.74845087,2.05546042
2025-04-06,193.89120875,77.59815972,75.88779676,75.83626623,29.23295006,21.10224306,0.08666667,19.41666667,,8.5904217,1.27845266
2025-04-07,158.29239735,75.01182639,83.00281844,63.16005102,18.44226379,22.34260417,0.11166667,20.375,,6.29168359,2.29275821
2025-04-08,187.63921367,74.58941667,94.48107814,76.30339847,23.74768454,22.34609722,0.00208333,19.0,,6.08085946,2.02463414
2025-04-09,72.68050508,75.63314583,106.93484631,73.80186926,17.69836042,22.40702778,0.23333333,20.875,,11.135408,2.11090756
2025-04-10,113.33067669,81.32834722,113.61880274,84.23812903,13.18589162,20.58722222,0.69333333,18.83333333,,6.67875951,1.33453998
2025-04-11,176.432332,74.86184028,,,24.77770459,21.75374306,0.19083333,16.09090909,,4.23977829,1.556483
2025-04-12,183.95440294,72.612375,,,23.60871358,23.06889583,0.47875,10.20833333,,3.92397961,3.09445131
2025-04-13,139.93240279,66.83297222,,,29.78065913,24.83363194,0.00208333,12.08333333,,5.82104593,3.34677267
2025-04-14,136.46755245,67.76425,,,26.5107542,24.67554167,0.07833333,15.0,,5.25815139,2.51332839
2025-04-15,119.48932595,66.00895139,,,29.5272415,25.09676389,0.0,18.08333333,,9.60017736,2.67578563
2025-04-16,214.17446667,69.38349305,,,24.96572412,24.72878472,0.00041667,22.70833333,,8.53170871,3.26891327
2025-04-17,172.48313264,75.33091667,,,27.77784236,23.18925,0.04291667,17.45833333,,3.3351928,2.85137351
2025-04-18,173.09333691,68.67639583,,,35.39672084,24.85665278,0.01375,14.08333333,,2.67226023,2.95251917
2025-04-19,208.92869121,70.66316667,,,33.1486612,24.12395833,0.04916667,11.25,,3.69525818,2.62252501
2025-04-20,183.15726404,75.95014583,,,30.23844582,21.44883333,0.25208333,10.82608696,,3.00684274,1.42025476
2025-04-21,194.85642776,74.72238748,,,25.74069159,21.99158592,0.00125,18.52173913,,7.93777223,2.04044833
2025-04-22,146.6077124,77.4486875,,,22.9956064,21.67022917,0.04083333,18.08333333,,4.45046036,1.75059163
2025-04-23,211.42185258,73.02447222,,,33.44295265,22.74543056,0.00541667,15.0,,3.3145909,2.55613062
2025-04-24,160.39573434,79.27022917,,,19.18616716,21.32242361,0.88083333,9.83333333,,3.39995284,2.05517901
2025-04-25,159.87769767,77.03241667,,,19.55403147,21.47721528,0.07583333,18.08333333,,4.90147112,1.39307324
2025-04-26,182.72974791,76.26748611,,,26.73147278,21.49345139,0.12708333,14.45833333,,3.96101107,1.56802604
2025-04-27,83.82699807,78.15602083,,,22.80758687,21.23657639,0.15666667,12.41666667,,3.10162768,1.83973371
2025-04-28,143.26916993,78.2060625,,,19.84014815,21.44239583,0.24875,16.20833333,,4.28839441,1.41653942
2025-04-29,202.30923666,80.68194444,,,19.34148765,20.94923611,0.60041667,17.04166667,,3.97392644,1.41071108
2025-04-30,141.45822548,76.26731159,,,27.59515419,21.61691304,0.24782609,17.73913043,,4.01930342,1.40531429
2025-05-01,151.90108969,81.30140972,,,14.6001255,20.70034028,0.08375,17.54166667,,4.47407935,1.38115925
2025-05-02,110.47698189,79.02440278,,,17.73923423,21.22599306,0.07333333,18.58333333,,3.67204814,1.61768337
2025-05-03,182.38284042,76.07322917,,,16.00618462,22.46286806,0.02333333,16.125,,4.34427689,2.17419952
2025-05-04,144.92686375,78.78138889,,,18.55671046,21.21963889,0.32375,12.875,,3.02527489,1.96250274
2025-05-05,121.74173102,79.66536111,36.72917749,53.62092265,14.84536837,20.94454861,0.83125,19.04545455,,4.49323372,1.28548532
2025-05-06,215.0204797,80.28383333,43.47109937,49.79698916,,20.23443056,0.31375,17.22916667,,3.73990971,1.29599097
2025-05-07,128.49867171,79.56816667,49.31544458,45.10310719,25.11286984,20.86983333,0.105,17.29166667,,8.79799034,1.43772337
2025-05-08,180.06496273,80.24783333,57.64965965,38.83118758,5.88582887,20.70416667,0.19416667,16.625,,7.78096244,1.93401315
2025-05-09,122.51554817,74.63910417,71.3988775,40.04308807,20.53500295,22.28145139,0.01,22.41666667,,6.84615926,1.97422011
2025-05-10,108.05170373,63.00969445,32.89316602,32.80503126,19.44775956,24.48175694,0.0,13.29166667,,5.18601601,2.50209318
2025-05-11,101.63708925,67.09546528,32.78322874,28.95989781,17.74278848,23.84627778,0.0,13.625,,9.73860719,2.09984855
2025-05-12,111.29198206,64.59001389,35.10997141,28.44162222,14.34283561,24.97980556,0.00041667,14.45833333,,13.62810403,2.69011129
2025-05-13,90.77382049,71.20874306,32.85686265,43.62315257,15.08243648,23.45864583,0.00166667,17.875,,14.03953575,1.67228719
2025-05-14,48.78684278,77.28636111,34.51031164,38.80694581,6.39967107,22.51995833,0.03041667,18.125,,10.13970441,2.28766235
2025-05-15,105.48625085,80.95843056,74.70666466,40.75057326,9.07165053,20.75508333,0.18208333,16.7,,7.58294337,1.74230452
2025-05-16,127.65778605,79.37640278,75.80857732,52.44765856,14.86946241,21.17261111,0.10083333,23.66666667,,8.51148477,1.48626383
2025-05-17,110.64693487,78.54027083,32.38122918,37.94918358,16.47214607,21.35170833,0.4,15.16666667,,5.93501969,1.82319865
2025-05-18,189.85702266,78.93481945,43.63225472,28.66440519,20.00247557,21.11611806,0.06291667,13.08333333,,4.4265686,1.1436664
2025-05-19,121.21351472,77.04981945,34.21526088,35.4127516,23.0144439,21.85188889,0.31541667,11.86956522,,4.48859829,1.9993745
2025-05-20,148.45691394,76.33293056,45.2008272,56.00681903,26.05816963,22.08346528,0.15708333,18.08333333,,5.56421829,1.29385023
2025-05-21,111.7162284,75.451625,53.88317956,40.90390599,12.69291791,22.22334722,0.12125,15.875,,8.77150626,2.04477098
2025-05-22,73.28158004,76.04802778,50.67747519,41.92495934,11.41663949,22.37986111,0.03625,16.04166667,,9.69126,2.34444432
2025-05-23,107.5352974,70.83952083,39.59557411,44.55852921,21.36649306,24.37217361,0.01041667,17.43181818,,11.46191411,2.3990174
2025-05-24,85.52620692,69.37960417,44.563842,31.93956714,15.77231533,24.30379167,0.02166667,12.8125,,12.65937781,2.89217367
2025-05-25,49.29592234,65.87964583,16.13991047,24.43304094,26.58432706,24.88505556,0.0,9.69565217,,15.86900082,2.88521892
2025-05-26,30.47813255,73.45510417,36.04445622,37.87070731,11.23212343,23.41884028,0.00958333,14.5,,12.04284004,3.53989331
2025-05-27,124.15547489,78.47850694,40.88189604,43.37204575,17.6820109,21.97071528,0.20291667,14.58333333,,9.10712626,2.22687481
2025-05-28,111.6213438,71.04220139,66.60247317,41.59946616,10.01623509,24.06123611,0.02333333,16.83333333,,20.71734066,2.23505487
2025-05-29,160.31111034,65.51448611,43.59522058,37.02642144,20.04451721,25.44427778,0.00875,18.0,,7.11853213,2.57586883
2025-05-30,67.03688887,72.23404167,36.14905838,38.43097115,13.2815008,23.75842361,0.04166667,17.61904762,,8.08396424,3.46809905
2025-05-31,110.87464476,69.02298551,48.59116926,37.30612907,22.32877936,23.87922464,0.0,16.0,,10.19250759,2.45915206
2025-06-01,71.44223993,75.90741667,16.41070379,21.85998931,14.82901885,22.83650694,0.01291667,10.625,,5.44573242,3.32958403
2025-06-02,56.84025933,72.49795139,22.99605598,24.52832348,14.36483452,23.7945625,0.0,12.20833333,,6.16102637,3.18117821
2025-06-03,99.2046617,68.12665972,43.26445311,29.69660788,16.32500035,24.15464583,0.01,13.73913043,,10.64550416,2.61694266
2025-06-04,62.7603592,73.51851389,29.89254709,32.56439995,18.09252613,23.23165972,0.0675,12.54166667,,7.61239097,2.45477675
2025-06-05,83.70206226,75.43409722,37.29516671,27.28822949,11.50189058,23.18092361,0.25416667,16.20833333,,6.42625892,2.40085252
2025-06-06,80.50410292,76.230375,,,9.11411683,22.06724306,0.12375,14.875,,11.79068686,2.44981119
2025-06-07,140.0827064,66.2046875,,,17.37136993,23.85986806,0.0,13.20833333,,6.88614016,2.26916216
2025-06-08,93.89591214,66.07421528,,,20.78024582,24.9296875,0.0025,9.36956522,,6.98317755,2.4929076
2025-06-09,61.74178976,78.06950694,41.21243866,40.51161866,10.47187053,22.3793125,0.16708333,16.71428571,,12.80108048,3.00925113
2025-06-10,101.45678132,75.9174375,47.15537854,39.33590062,11.83705584,22.42610417,0.26291667,13.25,,10.20971217,1.87625174
2025-06-11,65.29536086,79.27282639,66.98971426,49.42574241,13.30709136,21.2215625,0.06125,14.54166667,,17.30742889,1.5781344
2025-06-12,175.25406033,77.19854167,104.42875863,41.92990328,15.23775696,21.53849306,0.05375,17.0,,,1.49228304
2025-06-13,206.4951705,76.89913195,54.03242506,34.73676504,9.23004982,20.76291667,0.56,7.95652174,,,1.65959926
2025-06-14,170.2940694,79.05309028,72.65492618,34.23801451,11.37035123,20.36744445,0.09083333,10.35416667,,,1.52028537
2025-06-15,99.35726628,75.53569444,56.86268796,25.83659559,17.02431411,22.11936111,0.14083333,9.47222222,,,1.92010877
2025-06-16,135.67963441,79.38068713,73.21979521,39.07599499,16.69435098,21.31137208,0.0,13.82608696,,,1.13748594
2025-06-17,,,53.13070222,42.39334106,13.68455212,,,7.08333333,,,
2025-06-18,,,60.96517867,41.02212183,16.45579655,,,7.5,,,
2025-06-19,,,56.87948032,37.76215213,19.52600371,,,10.78571429,,,
2025-06-20,,,59.25430452,42.326771,17.18832634,,,9.02272727,,,
2025-06-21,,,30.84149908,34.54065272,15.11513553,,,7.7173913,,,
2025-06-22,,,37.31732791,32.5946434,18.22154521,,,6.76190476,,,
2025-06-23,,,31.41949641,28.23502655,15.81496627,,,5.73913043,,,
2025-06-24,,,98.86506227,38.47538044,4.39257229,,,10.88235294,,,
2025-06-25,,,105.61512639,29.83579887,14.92057619,,,19.5,,9.18932196,
2025-06-26,,,,,18.49344491,,,13.63636364,,10.13561729,
2025-06-27,,,,,17.39589422,,,12.25,,11.06133047,
2025-06-28,,,,,22.45607209,,,9.52173913,,12.54460515,
2025-06-29,,,,,22.10455731,,,8.90909091,,7.74002466,
2025-06-30,,,,,25.30906414,,,8.95238095,,7.16169956,
2025-07-01,,,,,18.28694331,,,7.95454545,,10.94162793,
2025-07-02,,,16.45248027,36.13130777,21.79821885,,,12.59090909,,12.60483831,
2025-07-03,,,33.94986298,31.66082595,15.10696077,,,8.0,,8.58306217,
2025-07-04,,,34.76218162,32.60255685,13.63550355,,,7.33333333,,9.14710061,
2025-07-05,,,44.1667943,35.26454459,24.23891344,,,8.47826087,,6.71599195,
2025-07-06,,,20.62113366,26.1603102,15.46665031,,,5.41304348,,6.54936032,
2025-07-07,,,43.96569487,30.68660293,21.02548869,,,9.68181818,,8.18895066,
2025-07-08,,,27.13908136,31.06721597,20.15896388,,,10.25,,12.03716516,
2025-07-09,,,41.65068027,35.38676417,13.79082403,,,9.89130435,,11.86007869,
2025-07-10,,,44.32770655,36.85350099,22.68496543,,,10.875,,10.14204448,
2025-07-11,,,31.13049007,32.12862004,16.43944702,,,7.78947368,,5.21681907,
2025-07-12,,,36.3812947,29.55115726,19.82379862,,,11.31818182,,5.50137082,
2025-07-13,,,15.13995797,22.73134542,20.75572153,,,5.2,,4.75757896,
2025-07-14,105.7048847,58.83183333,33.17653728,29.79746594,14.21941514,25.87858334,0.0,8.17391304,,6.57381692,2.81520235
2025-07-15,90.59235813,61.55493056,41.86256237,36.39848593,20.91921677,24.35040278,0.0,12.15217391,,,2.66912863
2025-07-16,43.10034762,60.59948611,27.23488874,41.19958664,20.16713864,24.38616667,0.0,10.75,,,3.30731077
2025-07-17,64.7361842,60.27599306,32.83054475,31.97919703,22.65226639,24.71724306,0.01291667,9.65,,,2.76699429
2025-07-18,75.57285801,57.2479658,45.06282431,31.60691269,20.13124077,24.81509382,0.0,13.57142857,,18.74060102,2.58500014
2025-07-19,108.26727841,57.70684722,51.79405943,38.17964494,20.94160852,24.43713195,0.0,13.04761905,,9.90669771,2.24540985
2025-07-20,57.93273928,60.43725694,22.79072525,25.28679944,21.40970251,24.73070833,0.00083333,7.02272727,,10.28570291,2.80379708
2025-07-21,35.3755608,69.20692361,41.59819573,40.04373212,16.59476751,24.1335,0.01333333,9.54166667,,6.75529883,3.63310865
2025-07-22,34.12173003,70.58709028,24.21498364,48.31999173,16.04705843,24.20854861,0.0,14.375,,8.57561962,3.73119581
2025-07-23,34.7143843,70.12116667,39.37404722,43.29190583,11.81253155,24.23128472,0.0,13.97916667,,7.31767713,3.52652217
2025-07-24,73.15251534,64.01198611,,,23.67126828,25.0720625,0.0,12.36363636,,9.89220757,3.12096798
2025-07-25,154.22683607,72.16383333,106.61492625,68.48450136,27.05697696,22.77597222,0.0175,15.34782609,,6.76915433,1.88396624
2025-07-26,102.30599908,77.44589583,46.33510832,51.62479382,17.81956016,21.28445833,0.3275,11.69565217,,4.45486335,2.18661343
2025-07-27,145.42505817,68.22900694,42.33861488,31.6782747,29.65631669,22.95458333,0.02708333,7.60869565,,2.88843653,1.9457773
2025-07-28,95.8663615,66.45705556,36.22892682,41.20982822,24.45888886,23.405625,0.17083333,12.15789474,,6.89863266,2.44766246
2025-07-29,89.32554507,68.43500694,54.64871877,42.99817873,15.93438888,23.28456945,0.04041667,9.625,,10.79846276,2.66658086
2025-07-30,83.61841543,68.91744444,39.1805178,44.0769767,22.75000811,22.83409722,0.09041667,10.04347826,,5.96646633,2.2701026
2025-07-31,36.63679804,65.71157971,32.1878156,38.00493182,19.25647012,24.56602174,0.0,10.42857143,,8.22217021,3.17445951
2025-08-01,42.28283359,67.61563194,33.25821831,38.35222065,20.38785722,24.66125694,0.015,10.15909091,,8.87387557,3.34138083
2025-08-02,145.00019852,71.4884375,44.32560111,49.08454772,19.25156526,22.87591667,0.00125,12.20833333,,6.15620843,2.13678216
2025-08-03,92.77566355,68.66639583,18.93774358,30.08234507,32.47833069,23.20680556,0.02416667,5.60869565,,2.16984446,2.86542836
2025-08-04,55.99267901,64.44004861,26.08287498,34.60753306,18.94092429,23.86745139,0.00041667,8.43478261,,6.67806034,2.84322281
2025-08-05,118.92657733,57.89138194,53.59502665,41.37244441,21.89201349,22.9329375,0.0,12.75,,10.66883421,2.53852424
2025-08-06,34.95434327,67.63213889,27.53618017,41.75013496,25.70998292,23.39201389,0.01833333,8.45833333,,7.70677194,3.34035536
2025-08-07,133.94849277,78.63069444,43.38024676,46.8133743,23.2882629,20.26613889,0.30583333,11.95652174,,2.67492591,1.17775702
2025-08-08,138.70267305,76.09207639,57.67014163,51.97472464,25.21673741,20.95621528,0.04416667,14.58333333,,3.98711698,1.50029412
2025-08-09,159.34935218,72.85706944,47.00051685,46.83864247,32.3489771,21.54622222,0.0775,10.20833333,,3.10030015,1.82506044
2025-08-10,194.23546542,79.97006945,58.79646094,43.57766987,32.62430859,20.44127083,0.27625,13.59090909,,2.02334973,1.13653322
2025-08-11,73.60875232,69.19597222,44.71144199,38.37596097,24.69868189,23.02636805,0.29083333,8.95454545,,5.73577748,1.93975829
2025-08-12,34.15883111,69.94109722,35.5385035,34.88335176,16.94745011,23.32322222,0.00041667,11.83333333,,9.0956073,3.22009763
2025-08-13,69.83017733,72.71663889,36.06834163,44.85642719,21.78609701,22.9960625,0.00333333,13.41666667,,7.67869403,2.83213668
2025-08-14,55.79785049,70.9496875,65.94885038,47.45102868,10.07130718,22.72609722,0.07208333,16.91666667,,18.00465009,2.29848442
2025-08-15,164.28162643,77.85886111,67.82258641,59.88735926,20.42728843,20.95669445,0.11208333,15.91666667,,6.02785332,1.26661849
2025-08-16,106.07309882,76.52842361,59.59345897,45.64658042,20.83338177,20.82711111,0.1375,12.33333333,,4.42630663,1.93054329
2025-08-17,140.90270724,79.10420139,46.81240774,41.73224745,46.84516105,20.93588889,0.21166667,12.375,,5.21652862,1.33230118
2025-08-18,65.75797561,75.3185625,16.77380907,30.99098837,33.79446743,21.90176389,0.24166667,4.77083333,,2.41701115,2.28072154
2025-08-19,69.00987297,70.69018056,34.49421428,45.30539424,16.37330576,23.45991667,0.00291667,9.2826087,,5.2291147,3.19076659
2025-08-20,109.47836671,69.93379861,41.35753973,48.76466447,28.894069,23.81390278,0.00875,11.33333333,,8.25336375,1.99039367
2025-08-21,82.57768277,71.18494444,35.33131774,48.49027959,26.90314279,23.16675,0.41125,11.0,,3.51539292,3.03524175
2025-08-22,78.35394316,80.10325,46.64288468,65.38600243,17.97630234,20.79776389,0.43833333,15.79166667,,7.10843866,1.95830751
2025-08-23,153.04339456,75.07009028,46.46025377,46.56024602,31.27750113,22.4984375,0.02666667,13.83333333,,4.85229996,1.96267505
2025-08-24,73.93820581,68.30823611,20.36411763,29.71954903,26.43504879,23.69804861,0.00916667,7.13043478,,4.95894437,2.47659762
2025-08-25,33.85595624,70.16309028,34.09412086,43.26468934,19.43141003,23.5966875,0.01333333,9.45833333,,7.67167951,3.08628941
2025-08-26,56.97770192,63.66461111,27.50101638,39.08665855,22.84846068,24.64944444,0.0,9.8125,,8.03543576,2.73427213
2025-08-27,58.58595846,63.97801389,26.07250624,39.68618402,20.95191582,24.26120139,0.00583333,10.39130435,,7.43975554,2.93699984
2025-08-28,68.83413123,59.60828472,54.2020109,48.62168078,16.96613528,24.37207639,0.01708333,11.20454545,,10.93632964,2.87919919
2025-08-29,107.51358826,57.88170139,57.01609545,47.57857072,22.88933449,23.82998611,0.0,16.65,,12.66082936,2.60869346
2025-08-30,64.60045048,66.91032639,36.53195574,48.46427492,21.76939206,23.56648611,0.01458333,14.25,,9.74662105,2.91867913
2025-08-31,127.04250577,73.35908696,32.28868304,40.2651199,30.31201868,22.8844058,0.01782609,15.47826087,,7.14763119,1.45148124
2025-09-01,82.974875,74.59545833,46.8056275,42.40316625,16.44762208,22.35475,0.135,10.02083333,,0.0,3.29066667
2025-09-02,82.63016667,69.785625,43.18570458,45.88921833,24.63873375,23.32795833,0.0325,11.14583333,,0.0,2.25658333
2025-09-03,38.15920833,72.79641667,31.86893458,47.03555375,18.67115708,22.64504167,0.26708333,7.85416667,,0.0,2.7605
2025-09-04,44.54416667,75.11791667,41.09044542,47.63866042,16.53754375,22.26545833,0.08,9.95833333,,0.0,3.05420833
2025-09-05,30.9315,74.22466667,33.88632208,43.03983792,13.87257167,22.408,0.01541667,9.625,,0.0,3.436625
2025-09-06,162.77758333,75.782375,34.34407,48.92345125,20.94374083,21.43154167,0.17625,11.16666667,,0.0,1.80425
2025-09-07,162.00991667,78.71291667,30.42286542,38.68598708,23.57601417,20.60604167,0.43375,6.375,,0.0,1.263125
2025-09-08,40.47095833,74.14208333,32.746695,41.38776875,16.20237833,22.43233333,0.02333333,8.5,,0.0,3.0745
2025-09-09,73.0965,67.74458333,48.08690917,44.38195083,26.37995833,23.51329167,0.07166667,10.85416667,,0.0,2.62441667
2025-09-10,67.661625,66.36208333,31.3717,43.65320042,25.603355,24.75375,0.0,13.70833333,,0.0,3.27391667
2025-09-11,58.1245,66.30666667,24.92781083,44.06043625,28.93865833,24.4765,0.04208333,13.79166667,,0.0,3.16608333
2025-09-12,93.55858333,66.99404167,43.13977833,50.47705417,13.37391125,24.06029167,0.0,20.375,,0.0,2.78675
2025-09-13,59.48279167,66.07725,17.12299917,38.43875958,34.28495375,24.36083333,0.0,10.04166667,,0.0,3.15933333
2025-09-14,48.13020833,67.15995833,11.52145625,30.54988792,31.91427125,24.47758333,0.00041667,8.5,,0.0,3.43566667
2025-09-15,65.88879167,64.96495833,20.24407792,37.45907458,32.56825333,24.437375,0.00458333,9.375,,0.0,3.50579167
2025-09-16,47.05866667,67.16166667,25.61778333,45.31424833,23.92752917,24.24633333,0.0,14.875,,0.0,3.08408333
2025-09-17,58.63029167,75.39875,42.79902958,48.48722292,17.06072875,22.50979167,0.07625,14.70833333,,0.0,2.966875
2025-09-18,110.18275,81.69875,62.22696667,53.75000833,13.22676542,20.340125,0.1525,15.20833333,,0.0,1.42966667
2025-09-19,112.627625,77.95304167,50.43394083,56.26219583,29.21660083,21.32366667,0.0375,16.29166667,,0.0,2.31583333
2025-09-20,111.20375,72.77770833,38.71242167,58.51421875,42.86027833,22.39825,0.02958333,10.08333333,,0.0,1.983875
2025-09-21,62.407375,68.2465,18.17929292,34.53547333,32.33936,23.8265,0.00041667,7.04166667,,0.0,2.42825
2025-09-22,32.1375,69.76825,27.95078667,42.57557042,23.94387917,23.810875,0.0,7.33333333,,0.0,3.69391667
2025-09-23,61.191125,65.44941667,28.21102208,40.3655025,32.55190333,24.75858333,0.01,10.75,,0.0,2.66354167
2025-09-24,15.87508333,32.990125,30.56385708,47.55295958,29.54359083,9.189125,0.0,15.5,,0.0,1.17216667
2025-09-25,0.0,0.0,45.10527917,59.38623458,41.09452958,0.0,0.0,15.04166667,,0.0,0.0
2025-09-26,0.0,0.0,80.7727275,54.75153583,4.814935,0.0,0.0,22.91666667,,0.0,0.0
2025-09-27,0.0,0.0,67.60054,61.20753292,20.58405125,0.0,0.0,22.16666667,,0.0,0.0
2025-09-28,0.0,0.0,37.83357292,42.128265,27.15656042,0.0,0.0,12.54166667,,0.0,0.0
2025-09-29,0.0,0.0,40.23334667,50.33023292,1.61042792,0.0,0.0,13.58333333,,0.0,0.0
2025-09-30,0.0,0.0,58.65784217,62.19978304,6.17585522,0.0,0.0,16.52173913,,0.0,0.0
2025-10-01,120.645625,76.06966667,67.85721875,47.59679708,14.19956292,19.89466667,0.18,15.875,,0.0,1.96225
2025-10-02,74.91658333,71.87129167,55.1945575,47.86582167,19.30878792,22.98183333,0.00416667,15.08333333,,0.22935208,2.79991667
2025-10-03,85.666,71.90316667,32.71548708,57.53507792,24.54063667,22.71995833,0.02083333,10.58333333,,5.98589208,2.61795833
2025-10-04,114.16954167,76.30920833,30.670965,50.55484125,26.61702542,22.11675,0.07583333,12.625,,3.68206875,2.02845833
2025-10-05,120.11033333,72.60329167,20.72535792,36.72176958,34.36670042,22.84070833,0.07583333,7.97916667,,1.85383083,1.46745833
2025-10-06,58.83033333,75.93633333,42.13361625,52.59713708,19.88919625,21.58408333,0.0625,9.58333333,,4.98105542,2.90916667
2025-10-07,110.37116667,73.77708333,35.4981025,54.38228375,26.21646292,22.92858333,0.01125,13.5,,6.33055583,2.146375
2025-10-08,146.59416667,79.17670833,91.83169333,63.35786542,10.82338583,20.0495,0.03791667,19.75,,8.35066833,2.03691667
2025-10-09,132.77358333,76.10404167,86.44098375,59.8683125,18.50766208,20.97366667,0.57916667,19.45833333,,8.99322958,1.921875
2025-10-10,205.30733333,78.65220833,75.89005667,52.82281792,3.58054542,20.50154167,0.145,17.45833333,,2.31359208,1.386875
2025-10-11,132.76316667,74.417625,64.66020125,51.47270625,18.21336958,19.69975,0.43125,15.04166667,,0.0,1.24583333
2025-10-12,0.0,0.0,23.21398792,36.53255208,21.91653833,0.0,0.0,8.125,,0.0,0.0
2025-10-13,0.0,0.0,29.41307083,30.80639208,12.79350208,0.0,0.0,8.16666667,,0.0,0.0
2025-10-14,66.32279167,24.376625,62.77209,47.16329,15.54022333,7.50325,0.0,14.47916667,,0.29489917,0.52216667
2025-10-15,134.86641667,77.370375,49.12755542,53.75200542,19.44776,21.085375,0.22041667,16.5,,2.95961542,1.454875
2025-10-16,108.90229167,76.96929167,61.95162917,50.49072,14.72274792,21.03645833,0.04458333,14.83333333,,1.01717167,1.986125
2025-10-17,92.74695833,76.55566667,53.40768417,50.8341625,14.50202792,21.17533333,0.03416667,14.875,,3.38581792,1.837625
2025-10-18,79.87529167,73.373875,30.456225,46.94519958,22.12908167,22.56525,0.00416667,10.29166667,,8.83672125,2.39458333
2025-10-19,56.90166667,70.79325,17.55618167,33.66033417,24.96572417,23.30579167,0.00875,8.58333333,,6.1730125,2.530625
2025-10-20,179.69895833,76.90566667,32.86192042,50.53079583,18.64663333,21.68545833,0.26541667,12.77083333,,3.00430417,1.49245833
2025-10-21,130.81108333,75.914625,46.419495,59.08723917,24.87580167,21.909375,0.00833333,11.41666667,,7.65856875,1.40054167
2025-10-22,185.56883333,82.65529167,100.79459292,75.71893583,16.75008833,20.61179167,0.32791667,24.16666667,,9.42835292,1.44054167
2025-10-23,122.64133333,81.29479167,76.14455208,65.94534917,20.42873083,20.38020833,0.13583333,21.95833333,,11.81462958,1.53725
2025-10-24,216.78825,80.998875,122.02219417,67.967595,15.28680542,20.83558333,0.06208333,26.25,,9.76937792,1.12008333
2025-10-25,176.07625,77.79241667,54.69153208,48.53092958,21.37700375,22.076625,0.05916667,12.20833333,,6.08700375,1.87045833
2025-10-26,94.04416667,77.20133333,17.1973125,40.32886458,23.65776292,22.58479167,0.04208333,6.10416667,,3.84747333,1.84858333
2025-10-27,224.57258333,76.76425,75.7759025,41.18725375,8.52627708,21.56425,0.20541667,12.875,,6.04056167,1.652375
2025-10-28,171.52154167,75.38354167,57.56087458,48.4265175,18.14797125,22.38079167,0.0275,13.75,,6.8193925,1.79833333
2025-10-29,36.45704167,75.49745833,32.28069917,35.04219292,16.33317375,23.46129167,0.00041667,11.95833333,,6.7453725,3.14845833
2025-10-30,72.1975,76.720625,33.8977325,51.77781292,23.8130825,22.60654167,0.0275,10.79166667,,4.58998458,2.997625
2025-10-31,35.80382609,72.3336087,39.56149522,47.81562739,12.66732696,23.11704348,0.01391304,7.65217391,,5.24950043,3.26595652
