Fecha,PM10,PST
2001-04-05,,
2001-04-06,,
2001-04-07,,
2001-04-08,,90.14853174
2001-04-09,,
2001-04-10,,
2001-04-11,,93.69847029
2001-04-12,,
2001-04-13,,
2001-04-14,,61.48415638
2001-04-15,,
2001-04-16,,
2001-04-17,,65.02511457
2001-04-18,,
2001-04-19,,
2001-04-20,,85.8256647
2001-04-21,,
2001-04-22,,
2001-04-23,,
2001-04-24,,
2001-04-25,,
2001-04-26,,88.6047342
2001-04-27,,
2001-04-28,,
2001-04-29,,62.24274768
2001-04-30,,
2001-05-01,,
2001-05-02,,68.76690711
2001-05-03,,
2001-05-04,,
2001-05-05,,81.35282788
2001-05-06,,
2001-05-07,,
2001-05-08,,51.49680092
2001-05-09,,
2001-05-10,,
2001-05-11,,67.10768356
2001-05-12,,
2001-05-13,,
2001-05-14,,63.40518258
2001-05-15,,
2001-05-16,,
2001-05-17,,66.68207274
2001-05-18,,
2001-05-19,,
2001-05-20,,67.80356756
2001-05-21,,
2001-05-22,,
2001-05-23,,71.44794256
2001-05-24,,
2001-05-25,,
2001-05-26,,83.91815953
2001-05-27,,
2001-05-28,,
2001-05-29,,60.47786578
2001-05-30,,
2001-05-31,,
2001-06-01,,74.0497382
2001-06-02,,
2001-06-03,,
2001-06-04,,48.74343125
2001-06-05,,
2001-06-06,,
2001-06-07,,79.83428358
2001-06-08,,
2001-06-09,,
2001-06-10,,78.9195941
2001-06-11,,
2001-06-12,,
2001-06-13,,69.72180115
2001-06-14,,
2001-06-15,,
2001-06-16,,88.11285201
2001-06-17,,
2001-06-18,,
2001-06-19,,55.06145074
2001-06-20,,
2001-06-21,,
2001-06-22,,82.07295708
2001-06-23,,
2001-06-24,,
2001-06-25,,
2001-06-26,,
2001-06-27,,
2001-06-28,,
2001-06-29,,
2001-06-30,,
2001-07-01,,66.31556634
2001-07-02,,
2001-07-03,,
2001-07-04,,
2001-07-05,,
2001-07-06,,
2001-07-07,,73.69477319
2001-07-08,,
2001-07-09,,
2001-07-10,,82.51854408
2001-07-11,,
2001-07-12,,
2001-07-13,,69.24183429
2001-07-14,,
2001-07-15,,
2001-07-16,,85.67377115
2001-07-17,,
2001-07-18,,
2001-07-19,,51.47280704
2001-07-20,,
2001-07-21,,
2001-07-22,,57.93291504
2001-07-23,,
2001-07-24,,
2001-07-25,,93.0974742
2001-07-26,,
2001-07-27,,
2001-07-28,,
2001-07-29,,
2001-07-30,,
2001-07-31,,81.40121183
2001-08-01,,
2001-08-02,,
2001-08-03,,
2001-08-04,,
2001-08-05,,
2001-08-06,,75.99608956
2001-08-07,,
2001-08-08,,
2001-08-09,,
2001-08-10,,
2001-08-11,,
2001-08-12,,
2001-08-13,,
2001-08-14,,
2001-08-15,,
2001-08-16,,
2001-08-17,,
2001-08-18,,
2001-08-19,,
2001-08-20,,
2001-08-21,,
2001-08-22,,
2001-08-23,,
2001-08-24,,88.28944889
2001-08-25,,
2001-08-26,,
2001-08-27,,68.96133745
2001-08-28,,
2001-08-29,,
2001-08-30,,
2001-08-31,,
2001-09-01,,
2001-09-02,,65.12029037
2001-09-03,,
2001-09-04,,
2001-09-05,,83.75062898
2001-09-06,,
2001-09-07,,
2001-09-08,,77.68262872
2001-09-09,,
2001-09-10,,
2001-09-11,,54.09435359
2001-09-12,,
2001-09-13,,
2001-09-14,,72.31826545
2001-09-15,,
2001-09-16,,
2001-09-17,,75.33558225
2001-09-18,,
2001-09-19,,
2001-09-20,,63.54094466
2001-09-21,,
2001-09-22,,
2001-09-23,,46.26334933
2001-09-24,,
2001-09-25,,
2001-09-26,,75.08618422
2001-09-27,,
2001-09-28,,
2001-09-29,,76.84613245
2001-09-30,,
2001-10-01,,
2001-10-02,,49.65581222
2001-10-03,,
2001-10-04,,
2001-10-05,,58.01315898
2001-10-06,,
2001-10-07,,
2001-10-08,,45.30863619
2001-10-09,,
2001-10-10,,
2001-10-11,,74.6275591
2001-10-12,,
2001-10-13,,
2001-10-14,,70.99820068
2001-10-15,,
2001-10-16,,
2001-10-17,,75.69006714
2001-10-18,,
2001-10-19,,
2001-10-20,,95.20854444
2001-10-21,,
2001-10-22,,
2001-10-23,,64.20451436
2001-10-24,,
2001-10-25,,
2001-10-26,,
2001-10-27,,
2001-10-28,,
2001-10-29,,60.83973886
2001-10-30,,
2001-10-31,,
2001-11-01,,
2001-11-02,,
2001-11-03,,
2001-11-04,,
2001-11-05,,
2001-11-06,,
2001-11-07,,
2001-11-08,,
2001-11-09,,
2001-11-10,,
2001-11-11,,
2001-11-12,,
2001-11-13,,
2001-11-14,,
2001-11-15,,
2001-11-16,,
2001-11-17,,
2001-11-18,,
2001-11-19,,
2001-11-20,,
2001-11-21,,
2001-11-22,,
2001-11-23,,
2001-11-24,,
2001-11-25,,
2001-11-26,,
2001-11-27,,
2001-11-28,,
2001-11-29,,
2001-11-30,,
2001-12-01,,
2001-12-02,,
2001-12-03,,
2001-12-04,,
2001-12-05,,
2001-12-06,,
2001-12-07,,
2001-12-08,,
2001-12-09,,
2001-12-10,,
2001-12-11,,
2001-12-12,,
2001-12-13,,
2001-12-14,,
2001-12-15,,
2001-12-16,,
2001-12-17,,
2001-12-18,,
2001-12-19,,
2001-12-20,,
2001-12-21,,
2001-12-22,,
2001-12-23,,
2001-12-24,,
2001-12-25,,
2001-12-26,,
2001-12-27,,
2001-12-28,,
2001-12-29,,
2001-12-30,,
2001-12-31,,
2002-01-01,,
2002-01-02,,
2002-01-03,,60.39691533
2002-01-04,,
2002-01-05,,
2002-01-06,,72.05975834
2002-01-07,,
2002-01-08,,
2002-01-09,,70.94169741
2002-01-10,,
2002-01-11,,
2002-01-12,,73.65643783
2002-01-13,,
2002-01-14,,
2002-01-15,,67.81122511
2002-01-16,,
2002-01-17,,
2002-01-18,,85.09428832
2002-01-19,,
2002-01-20,,
2002-01-21,,94.77717361
2002-01-22,,
2002-01-23,,
2002-01-24,,71.07300945
2002-01-25,,
2002-01-26,,
2002-01-27,,88.79310248
2002-01-28,,
2002-01-29,,
2002-01-30,,71.52970405
2002-01-31,,
2002-02-01,,
2002-02-02,,67.70890247
2002-02-03,,
2002-02-04,,
2002-02-05,,68.67773414
2002-02-06,,
2002-02-07,,
2002-02-08,,59.58346129
2002-02-09,,
2002-02-10,,
2002-02-11,,86.61070416
2002-02-12,,
2002-02-13,,
2002-02-14,,96.01321005
2002-02-15,,
2002-02-16,,
2002-02-17,,81.6762986
2002-02-18,,
2002-02-19,,
2002-02-20,,99.13431104
2002-02-21,,
2002-02-22,,
2002-02-23,,70.34659333
2002-02-24,,
2002-02-25,,
2002-02-26,,70.54800664
2002-02-27,,
2002-02-28,,
2002-03-01,,
2002-03-02,,
2002-03-03,,
2002-03-04,,
2002-03-05,,
2002-03-06,,
2002-03-07,,
2002-03-08,,
2002-03-09,,
2002-03-10,,
2002-03-11,,
2002-03-12,,
2002-03-13,,90.33550505
2002-03-14,,
2002-03-15,,
2002-03-16,,92.781261
2002-03-17,,
2002-03-18,,
2002-03-19,,86.61732107
2002-03-20,,
2002-03-21,,
2002-03-22,,58.686712
2002-03-23,,
2002-03-24,,
2002-03-25,,65.8421922
2002-03-26,,
2002-03-27,,
2002-03-28,,61.1272702
2002-03-29,,
2002-03-30,,
2002-03-31,,
2002-04-01,,
2002-04-02,,
2002-04-03,,75.82879483
2002-04-04,,
2002-04-05,,
2002-04-06,,
2002-04-07,,
2002-04-08,,
2002-04-09,,77.58300138
2002-04-10,,
2002-04-11,,
2002-04-12,,74.04692367
2002-04-13,,
2002-04-14,,
2002-04-15,,67.19371954
2002-04-16,,
2002-04-17,,
2002-04-18,,56.39429374
2002-04-19,,
2002-04-20,,
2002-04-21,,57.44862358
2002-04-22,,
2002-04-23,,
2002-04-24,,67.46700952
2002-04-25,,
2002-04-26,,
2002-04-27,,53.99141218
2002-04-28,,
2002-04-29,,
2002-04-30,,55.24388974
2002-05-01,,
2002-05-02,,
2002-05-03,,56.97912156
2002-05-04,,
2002-05-05,,
2002-05-06,,75.2018359
2002-05-07,,
2002-05-08,,
2002-05-09,,74.68156154
2002-05-10,,
2002-05-11,,
2002-05-12,,65.78207126
2002-05-13,,
2002-05-14,,
2002-05-15,,73.23506105
2002-05-16,,
2002-05-17,,
2002-05-18,,56.31580643
2002-05-19,,
2002-05-20,,
2002-05-21,,80.07850314
2002-05-22,,
2002-05-23,,
2002-05-24,,79.48373756
2002-05-25,,
2002-05-26,,
2002-05-27,,
2002-05-28,,
2002-05-29,,
2002-05-30,,55.76401565
2002-05-31,,
2002-06-01,,
2002-06-02,,42.13665854
2002-06-03,,
2002-06-04,,
2002-06-05,,56.91331321
2002-06-06,,
2002-06-07,,
2002-06-08,,68.93524248
2002-06-09,,
2002-06-10,,
2002-06-11,,55.53536719
2002-06-12,,
2002-06-13,,
2002-06-14,,64.40535097
2002-06-15,,
2002-06-16,,
2002-06-17,,
2002-06-18,,
2002-06-19,,
2002-06-20,,74.7503976
2002-06-21,,
2002-06-22,,
2002-06-23,,81.45337393
2002-06-24,,
2002-06-25,,
2002-06-26,,71.49577208
2002-06-27,,
2002-06-28,,
2002-06-29,,64.0289311
2002-06-30,,
2002-07-01,,
2002-07-02,,83.5434396
2002-07-03,,
2002-07-04,,
2002-07-05,,
2002-07-06,,
2002-07-07,,
2002-07-08,,
2002-07-09,,
2002-07-10,,
2002-07-11,,
2002-07-12,,
2002-07-13,,
2002-07-14,,
2002-07-15,,
2002-07-16,,
2002-07-17,,
2002-07-18,,
2002-07-19,,
2002-07-20,,
2002-07-21,,
2002-07-22,,
2002-07-23,,
2002-07-24,,
2002-07-25,,
2002-07-26,,
2002-07-27,,
2002-07-28,,
2002-07-29,,
2002-07-30,,
2002-07-31,,
2002-08-01,,
2002-08-02,,
2002-08-03,,
2002-08-04,,
2002-08-05,,
2002-08-06,,
2002-08-07,,
2002-08-08,,
2002-08-09,,
2002-08-10,,
2002-08-11,,
2002-08-12,,
2002-08-13,,
2002-08-14,,
2002-08-15,,
2002-08-16,,
2002-08-17,,
2002-08-18,,
2002-08-19,,
2002-08-20,,
2002-08-21,,
2002-08-22,,
2002-08-23,,
2002-08-24,,
2002-08-25,,
2002-08-26,,
2002-08-27,,
2002-08-28,,
2002-08-29,,
2002-08-30,,
2002-08-31,,
2002-09-01,,
2002-09-02,,
2002-09-03,,
2002-09-04,,
2002-09-05,,
2002-09-06,,
2002-09-07,,
2002-09-08,,
2002-09-09,,
2002-09-10,,
2002-09-11,,
2002-09-12,,
2002-09-13,,
2002-09-14,,
2002-09-15,,
2002-09-16,,
2002-09-17,,
2002-09-18,,
2002-09-19,,
2002-09-20,,
2002-09-21,,
2002-09-22,,
2002-09-23,,
2002-09-24,,
2002-09-25,,
2002-09-26,,
2002-09-27,,
2002-09-28,,
2002-09-29,,
2002-09-30,,
2002-10-01,,
2002-10-02,,
2002-10-03,,
2002-10-04,,
2002-10-05,,
2002-10-06,,
2002-10-07,,
2002-10-08,,
2002-10-09,,
2002-10-10,,
2002-10-11,,
2002-10-12,,
2002-10-13,,
2002-10-14,,
2002-10-15,,
2002-10-16,,
2002-10-17,,
2002-10-18,,
2002-10-19,,
2002-10-20,,
2002-10-21,,
2002-10-22,,
2002-10-23,,
2002-10-24,,
2002-10-25,,
2002-10-26,,
2002-10-27,,
2002-10-28,,
2002-10-29,,
2002-10-30,,
2002-10-31,,
2002-11-01,,
2002-11-02,,
2002-11-03,,
2002-11-04,,
2002-11-05,,
2002-11-06,,
2002-11-07,,
2002-11-08,,
2002-11-09,,
2002-11-10,,
2002-11-11,,
2002-11-12,,
2002-11-13,,
2002-11-14,,59.77995465
2002-11-15,,
2002-11-16,,
2002-11-17,,75.88233133
2002-11-18,,
2002-11-19,,
2002-11-20,,74.15083647
2002-11-21,,
2002-11-22,,
2002-11-23,,89.56946353
2002-11-24,,
2002-11-25,,
2002-11-26,,68.10525886
2002-11-27,,
2002-11-28,,
2002-11-29,,88.06674639
2002-11-30,,
2002-12-01,,
2002-12-02,,75.10974413
2002-12-03,,
2002-12-04,,
2002-12-05,,83.16827055
2002-12-06,,
2002-12-07,,
2002-12-08,,76.73948355
2002-12-09,,
2002-12-10,,
2002-12-11,,73.53146987
2002-12-12,,
2002-12-13,,
2002-12-14,,70.85438244
2002-12-15,,
2002-12-16,,
2002-12-17,,43.35119097
2002-12-18,,
2002-12-19,,
2002-12-20,,90.60131872
2002-12-21,,
2002-12-22,,
2002-12-23,,60.00175195
2002-12-24,,
2002-12-25,,
2002-12-26,,67.93078261
2002-12-27,,
2002-12-28,,
2002-12-29,,74.50763193
2002-12-30,,
2002-12-31,,
2003-01-01,,68.45826678
2003-01-02,,
2003-01-03,,
2003-01-04,,
2003-01-05,,
2003-01-06,,
2003-01-07,,
2003-01-08,,
2003-01-09,,
2003-01-10,,
2003-01-11,,
2003-01-12,,
2003-01-13,,
2003-01-14,,
2003-01-15,,
2003-01-16,,81.9083388
2003-01-17,,
2003-01-18,,
2003-01-19,,87.4722009
2003-01-20,,
2003-01-21,,
2003-01-22,,
2003-01-23,,
2003-01-24,,
2003-01-25,,77.85247003
2003-01-26,,
2003-01-27,,
2003-01-28,,95.27280869
2003-01-29,,
2003-01-30,,
2003-01-31,,
2003-02-01,,
2003-02-02,,
2003-02-03,,92.84860242
2003-02-04,,
2003-02-05,,
2003-02-06,,85.99212432
2003-02-07,,
2003-02-08,,
2003-02-09,,60.38420583
2003-02-10,,
2003-02-11,,
2003-02-12,,94.46285614
2003-02-13,,
2003-02-14,,
2003-02-15,,
2003-02-16,,
2003-02-17,,
2003-02-18,,90.96584862
2003-02-19,,
2003-02-20,,
2003-02-21,,
2003-02-22,,
2003-02-23,,
2003-02-24,,
2003-02-25,,
2003-02-26,,
2003-02-27,,80.57290519
2003-02-28,,
2003-03-01,,
2003-03-02,,
2003-03-03,,
2003-03-04,,
2003-03-05,,
2003-03-06,,
2003-03-07,,
2003-03-08,,
2003-03-09,,
2003-03-10,,
2003-03-11,,
2003-03-12,,
2003-03-13,,
2003-03-14,,
2003-03-15,,
2003-03-16,,
2003-03-17,,
2003-03-18,,
2003-03-19,,
2003-03-20,,
2003-03-21,,
2003-03-22,,
2003-03-23,,
2003-03-24,,
2003-03-25,,
2003-03-26,,
2003-03-27,,
2003-03-28,,
2003-03-29,,
2003-03-30,,61.15334729
2003-03-31,,
2003-04-01,,
2003-04-02,,
2003-04-03,,
2003-04-04,,
2003-04-05,,98.33771216
2003-04-06,,
2003-04-07,,
2003-04-08,,
2003-04-09,,
2003-04-10,,
2003-04-11,,87.30477064
2003-04-12,,
2003-04-13,,
2003-04-14,,60.75858228
2003-04-15,,
2003-04-16,,
2003-04-17,,
2003-04-18,,
2003-04-19,,
2003-04-20,,
2003-04-21,,
2003-04-22,,
2003-04-23,,43.29449241
2003-04-24,,
2003-04-25,,
2003-04-26,,59.17567379
2003-04-27,,
2003-04-28,,
2003-04-29,,62.22517605
2003-04-30,,
2003-05-01,,
2003-05-02,,74.54497689
2003-05-03,,
2003-05-04,,
2003-05-05,,68.06194955
2003-05-06,,
2003-05-07,,
2003-05-08,,
2003-05-09,,
2003-05-10,,
2003-05-11,,47.00664098
2003-05-12,,
2003-05-13,,
2003-05-14,,77.83794146
2003-05-15,,
2003-05-16,,
2003-05-17,,58.66857448
2003-05-18,,
2003-05-19,,
2003-05-20,,
2003-05-21,,
2003-05-22,,
2003-05-23,,59.89963091
2003-05-24,,
2003-05-25,,
2003-05-26,,55.99580855
2003-05-27,,
2003-05-28,,
2003-05-29,,
2003-05-30,,
2003-05-31,,
2003-06-01,,57.59380469
2003-06-02,,
2003-06-03,,
2003-06-04,,64.60289149
2003-06-05,,
2003-06-06,,
2003-06-07,,66.78248888
2003-06-08,,
2003-06-09,,
2003-06-10,,58.48459658
2003-06-11,,
2003-06-12,,
2003-06-13,,60.88153704
2003-06-14,,
2003-06-15,,
2003-06-16,,51.53691863
2003-06-17,,
2003-06-18,,
2003-06-19,,64.44586611
2003-06-20,,
2003-06-21,,
2003-06-22,,58.83474221
2003-06-23,,
2003-06-24,,
2003-06-25,,59.87498675
2003-06-26,,
2003-06-27,,
2003-06-28,,79.46391818
2003-06-29,,
2003-06-30,,
2003-07-01,,81.03783039
2003-07-02,,
2003-07-03,,
2003-07-04,,67.45290186
2003-07-05,,
2003-07-06,,
2003-07-07,,56.22821871
2003-07-08,,
2003-07-09,,
2003-07-10,,60.91911029
2003-07-11,,
2003-07-12,,
2003-07-13,,60.75034255
2003-07-14,,
2003-07-15,,
2003-07-16,,86.86072593
2003-07-17,,
2003-07-18,,
2003-07-19,,
2003-07-20,,
2003-07-21,,
2003-07-22,,
2003-07-23,,
2003-07-24,,
2003-07-25,,97.57992545
2003-07-26,,
2003-07-27,,
2003-07-28,,
2003-07-29,,
2003-07-30,,
2003-07-31,,78.59261799
2003-08-01,,
2003-08-02,,
2003-08-03,,70.97219058
2003-08-04,,
2003-08-05,,
2003-08-06,,
2003-08-07,,
2003-08-08,,
2003-08-09,,
2003-08-10,,
2003-08-11,,
2003-08-12,,
2003-08-13,,
2003-08-14,,
2003-08-15,,
2003-08-16,,
2003-08-17,,
2003-08-18,,51.25762456
2003-08-19,,
2003-08-20,,
2003-08-21,,75.99462765
2003-08-22,,
2003-08-23,,
2003-08-24,,98.38791788
2003-08-25,,
2003-08-26,,
2003-08-27,,97.59272355
2003-08-28,,
2003-08-29,,
2003-08-30,,
2003-08-31,,
2003-09-01,,
2003-09-02,,
2003-09-03,,
2003-09-04,,
2003-09-05,,92.87695886
2003-09-06,,
2003-09-07,,
2003-09-08,,84.69258939
2003-09-09,,
2003-09-10,,
2003-09-11,,92.93223572
2003-09-12,,
2003-09-13,,
2003-09-14,,91.65957754
2003-09-15,,
2003-09-16,,
2003-09-17,,81.39287561
2003-09-18,,
2003-09-19,,
2003-09-20,,88.79868253
2003-09-21,,
2003-09-22,,
2003-09-23,,69.99868287
2003-09-24,,
2003-09-25,,
2003-09-26,,58.78870257
2003-09-27,,
2003-09-28,,
2003-09-29,,88.21700089
2003-09-30,,
2003-10-01,,
2003-10-02,,
2003-10-03,,
2003-10-04,,
2003-10-05,,76.74655611
2003-10-06,,
2003-10-07,,
2003-10-08,,96.87313024
2003-10-09,,
2003-10-10,,
2003-10-11,,88.29074896
2003-10-12,,
2003-10-13,,
2003-10-14,,79.89293982
2003-10-15,,
2003-10-16,,
2003-10-17,,
2003-10-18,,
2003-10-19,,
2003-10-20,,79.38877855
2003-10-21,,
2003-10-22,,
2003-10-23,,81.52253546
2003-10-24,,
2003-10-25,,
2003-10-26,,99.00941412
2003-10-27,,
2003-10-28,,
2003-10-29,,76.13145858
2003-10-30,,
2003-10-31,,
2003-11-01,,
2003-11-02,,
2003-11-03,,
2003-11-04,,92.42941982
2003-11-05,,
2003-11-06,,
2003-11-07,,92.55045552
2003-11-08,,
2003-11-09,,
2003-11-10,,
2003-11-11,,
2003-11-12,,
2003-11-13,,97.59568848
2003-11-14,,
2003-11-15,,
2003-11-16,,
2003-11-17,,
2003-11-18,,
2003-11-19,,98.41230598
2003-11-20,,
2003-11-21,,
2003-11-22,,
2003-11-23,,
2003-11-24,,
2003-11-25,,
2003-11-26,,
2003-11-27,,
2003-11-28,,82.83606738
2003-11-29,,
2003-11-30,,
2003-12-01,,67.57518427
2003-12-02,,
2003-12-03,,
2003-12-04,,
2003-12-05,,
2003-12-06,,
2003-12-07,,
2003-12-08,,
2003-12-09,,
2003-12-10,,
2003-12-11,,
2003-12-12,,
2003-12-13,,
2003-12-14,,
2003-12-15,,
2003-12-16,,
2003-12-17,,
2003-12-18,,
2003-12-19,,
2003-12-20,,
2003-12-21,,
2003-12-22,,
2003-12-23,,
2003-12-24,,
2003-12-25,,92.79507851
2003-12-26,,
2003-12-27,,
2003-12-28,,95.16086217
2003-12-29,,
2003-12-30,,
2003-12-31,,
2004-01-01,,
2004-01-02,,
2004-01-03,,99.3773857
2004-01-04,,
2004-01-05,,
2004-01-06,,
2004-01-07,,
2004-01-08,,
2004-01-09,,85.81396115
2004-01-10,,
2004-01-11,,
2004-01-12,,
2004-01-13,,
2004-01-14,,
2004-01-15,,
2004-01-16,,
2004-01-17,,
2004-01-18,,97.16862144
2004-01-19,,
2004-01-20,,
2004-01-21,,
2004-01-22,,
2004-01-23,,
2004-01-24,,96.85286552
2004-01-25,,
2004-01-26,,
2004-01-27,,
2004-01-28,,
2004-01-29,,
2004-01-30,,
2004-01-31,,
2004-02-01,,
2004-02-02,,
2004-02-03,,
2004-02-04,,
2004-02-05,,
2004-02-06,,
2004-02-07,,
2004-02-08,,
2004-02-09,,
2004-02-10,,
2004-02-11,,
2004-02-12,,
2004-02-13,,
2004-02-14,,
2004-02-15,,
2004-02-16,,
2004-02-17,,
2004-02-18,,
2004-02-19,,
2004-02-20,,
2004-02-21,,
2004-02-22,,
2004-02-23,,88.83164583
2004-02-24,,
2004-02-25,,
2004-02-26,,
2004-02-27,,
2004-02-28,,
2004-02-29,,75.08509148
2004-03-01,,
2004-03-02,,
2004-03-03,,78.75951284
2004-03-04,,
2004-03-05,,
2004-03-06,,
2004-03-07,,
2004-03-08,,
2004-03-09,,
2004-03-10,,
2004-03-11,,
2004-03-12,,96.26033907
2004-03-13,,
2004-03-14,,
2004-03-15,,
2004-03-16,,
2004-03-17,,
2004-03-18,,
2004-03-19,,
2004-03-20,,
2004-03-21,,
2004-03-22,,
2004-03-23,,
2004-03-24,,92.19764601
2004-03-25,,
2004-03-26,,
2004-03-27,,
2004-03-28,,
2004-03-29,,
2004-03-30,,
2004-03-31,,
2004-04-01,,
2004-04-02,,
2004-04-03,,
2004-04-04,,
2004-04-05,,
2004-04-06,,
2004-04-07,,
2004-04-08,,71.66132765
2004-04-09,,
2004-04-10,,
2004-04-11,,
2004-04-12,,
2004-04-13,,
2004-04-14,,84.81826191
2004-04-15,,
2004-04-16,,
2004-04-17,,94.22655663
2004-04-18,,
2004-04-19,,
2004-04-20,,87.64536138
2004-04-21,,
2004-04-22,,
2004-04-23,,68.60926745
2004-04-24,,
2004-04-25,,
2004-04-26,,
2004-04-27,,
2004-04-28,,
2004-04-29,,
2004-04-30,,
2004-05-01,,
2004-05-02,,59.6927649
2004-05-03,,
2004-05-04,,
2004-05-05,,60.03627206
2004-05-06,,
2004-05-07,,
2004-05-08,,80.62249353
2004-05-09,,
2004-05-10,,
2004-05-11,,88.11161135
2004-05-12,,
2004-05-13,,
2004-05-14,,96.78276773
2004-05-15,,
2004-05-16,,
2004-05-17,,84.10443018
2004-05-18,,
2004-05-19,,
2004-05-20,,64.38068833
2004-05-21,,
2004-05-22,,
2004-05-23,,88.84355031
2004-05-24,,
2004-05-25,,
2004-05-26,,
2004-05-27,,
2004-05-28,,
2004-05-29,,
2004-05-30,,
2004-05-31,,
2004-06-01,,99.16326862
2004-06-02,,
2004-06-03,,
2004-06-04,,93.8792102
2004-06-05,,
2004-06-06,,
2004-06-07,,76.38706865
2004-06-08,,
2004-06-09,,
2004-06-10,,93.73497408
2004-06-11,,
2004-06-12,,
2004-06-13,,65.19787091
2004-06-14,,
2004-06-15,,
2004-06-16,,
2004-06-17,,
2004-06-18,,
2004-06-19,,
2004-06-20,,
2004-06-21,,
2004-06-22,,99.86191184
2004-06-23,,
2004-06-24,,
2004-06-25,,
2004-06-26,,
2004-06-27,,
2004-06-28,,78.02624219
2004-06-29,,
2004-06-30,,
2004-07-01,,70.9284757
2004-07-02,,
2004-07-03,,
2004-07-04,,56.10320938
2004-07-05,,
2004-07-06,,
2004-07-07,,56.62281061
2004-07-08,,
2004-07-09,,
2004-07-10,,80.96725426
2004-07-11,,
2004-07-12,,
2004-07-13,,57.84470964
2004-07-14,,
2004-07-15,,
2004-07-16,,62.05224607
2004-07-17,,
2004-07-18,,
2004-07-19,,56.84271972
2004-07-20,,
2004-07-21,,
2004-07-22,,60.64000732
2004-07-23,,
2004-07-24,,
2004-07-25,,67.15391009
2004-07-26,,
2004-07-27,,
2004-07-28,,66.70660625
2004-07-29,,
2004-07-30,,
2004-07-31,,
2004-08-01,,
2004-08-02,,
2004-08-03,,
2004-08-04,,
2004-08-05,,
2004-08-06,,84.21149322
2004-08-07,,
2004-08-08,,
2004-08-09,,
2004-08-10,,
2004-08-11,,
2004-08-12,,
2004-08-13,,
2004-08-14,,
2004-08-15,,
2004-08-16,,
2004-08-17,,
2004-08-18,,55.30716464
2004-08-19,,
2004-08-20,,
2004-08-21,,68.94195244
2004-08-22,,
2004-08-23,,
2004-08-24,,82.85351242
2004-08-25,,
2004-08-26,,
2004-08-27,,64.76686491
2004-08-28,,
2004-08-29,,
2004-08-30,,68.25872327
2004-08-31,,
2004-09-01,,
2004-09-02,,76.34085245
2004-09-03,,
2004-09-04,,
2004-09-05,,64.02953331
2004-09-06,,
2004-09-07,,
2004-09-08,,73.59737014
2004-09-09,,
2004-09-10,,
2004-09-11,,89.79175754
2004-09-12,,
2004-09-13,,
2004-09-14,,77.15978069
2004-09-15,,
2004-09-16,,
2004-09-17,,
2004-09-18,,
2004-09-19,,
2004-09-20,,71.66117371
2004-09-21,,
2004-09-22,,
2004-09-23,,74.05966559
2004-09-24,,
2004-09-25,,
2004-09-26,,53.51302291
2004-09-27,,
2004-09-28,,
2004-09-29,,90.1116511
2004-09-30,,
2004-10-01,,
2004-10-02,,74.28156601
2004-10-03,,
2004-10-04,,
2004-10-05,,93.81397702
2004-10-06,,
2004-10-07,,
2004-10-08,,80.5074762
2004-10-09,,
2004-10-10,,
2004-10-11,,87.39965232
2004-10-12,,
2004-10-13,,
2004-10-14,,58.42462507
2004-10-15,,
2004-10-16,,
2004-10-17,,44.72344763
2004-10-18,,
2004-10-19,,
2004-10-20,,62.17544349
2004-10-21,,
2004-10-22,,
2004-10-23,,72.3707455
2004-10-24,,
2004-10-25,,
2004-10-26,,57.87884139
2004-10-27,,
2004-10-28,,
2004-10-29,,46.37597698
2004-10-30,,
2004-10-31,,
2004-11-01,,50.12325643
2004-11-02,,
2004-11-03,,
2004-11-04,,99.0397196
2004-11-05,,
2004-11-06,,
2004-11-07,,
2004-11-08,,
2004-11-09,,
2004-11-10,,77.03211705
2004-11-11,,
2004-11-12,,
2004-11-13,,87.20852248
2004-11-14,,
2004-11-15,,
2004-11-16,,79.16301508
2004-11-17,,
2004-11-18,,
2004-11-19,,52.6226788
2004-11-20,,
2004-11-21,,
2004-11-22,,
2004-11-23,,
2004-11-24,,
2004-11-25,,96.98526867
2004-11-26,,
2004-11-27,,
2004-11-28,,
2004-11-29,,
2004-11-30,,
2004-12-01,,
2004-12-02,,
2004-12-03,,
2004-12-04,,
2004-12-05,,
2004-12-06,,
2004-12-07,,
2004-12-08,,
2004-12-09,,
2004-12-10,,
2004-12-11,,
2004-12-12,,
2004-12-13,,99.07388822
2004-12-14,,
2004-12-15,,
2004-12-16,,
2004-12-17,,
2004-12-18,,
2004-12-19,,
2004-12-20,,
2004-12-21,,
2004-12-22,,
2004-12-23,,
2004-12-24,,
2004-12-25,,
2004-12-26,,
2004-12-27,,
2004-12-28,,
2004-12-29,,
2004-12-30,,
2004-12-31,,
2005-01-01,,
2005-01-02,,
2005-01-03,,
2005-01-04,,
2005-01-05,,
2005-01-06,,
2005-01-07,,
2005-01-08,,
2005-01-09,,
2005-01-10,,
2005-01-11,,
2005-01-12,,
2005-01-13,,
2005-01-14,,
2005-01-15,,
2005-01-16,,
2005-01-17,,
2005-01-18,,
2005-01-19,,
2005-01-20,,
2005-01-21,,
2005-01-22,,94.74066748
2005-01-23,,
2005-01-24,,
2005-01-25,,
2005-01-26,,
2005-01-27,,
2005-01-28,,
2005-01-29,,
2005-01-30,,
2005-01-31,,
2005-02-01,,
2005-02-02,,
2005-02-03,,88.79317957
2005-02-04,,
2005-02-05,,
2005-02-06,,82.04347763
2005-02-07,,
2005-02-08,,
2005-02-09,,75.45318608
2005-02-10,,
2005-02-11,,
2005-02-12,,86.44060529
2005-02-13,,
2005-02-14,,
2005-02-15,,
2005-02-16,,
2005-02-17,,
2005-02-18,,
2005-02-19,,
2005-02-20,,
2005-02-21,,
2005-02-22,,
2005-02-23,,
2005-02-24,,
2005-02-25,,
2005-02-26,,
2005-02-27,,
2005-02-28,,
2005-03-01,,
2005-03-02,,
2005-03-03,,
2005-03-04,,
2005-03-05,,
2005-03-06,,
2005-03-07,,
2005-03-08,,
2005-03-09,,
2005-03-10,,
2005-03-11,,
2005-03-12,,
2005-03-13,,
2005-03-14,,
2005-03-15,,
2005-03-16,,
2005-03-17,,
2005-03-18,,
2005-03-19,,
2005-03-20,,
2005-03-21,,
2005-03-22,,
2005-03-23,,
2005-03-24,,
2005-03-25,,
2005-03-26,,
2005-03-27,,
2005-03-28,,
2005-03-29,,
2005-03-30,,
2005-03-31,,
2005-04-01,,
2005-04-02,,
2005-04-03,,
2005-04-04,,96.92637061
2005-04-05,,
2005-04-06,,
2005-04-07,,91.83981867
2005-04-08,,
2005-04-09,,
2005-04-10,,
2005-04-11,,
2005-04-12,,
2005-04-13,,
2005-04-14,,
2005-04-15,,
2005-04-16,,
2005-04-17,,
2005-04-18,,
2005-04-19,,
2005-04-20,,
2005-04-21,,
2005-04-22,,
2005-04-23,,
2005-04-24,,
2005-04-25,,78.69694759
2005-04-26,,
2005-04-27,,
2005-04-28,,91.36304127
2005-04-29,,
2005-04-30,,
2005-05-01,,70.75836429
2005-05-02,,
2005-05-03,,
2005-05-04,,65.23218745
2005-05-05,,
2005-05-06,,
2005-05-07,,77.89095673
2005-05-08,,
2005-05-09,,
2005-05-10,,75.63339961
2005-05-11,,
2005-05-12,,
2005-05-13,,
2005-05-14,,
2005-05-15,,
2005-05-16,,76.07813594
2005-05-17,,
2005-05-18,,
2005-05-19,,95.45946177
2005-05-20,,
2005-05-21,,
2005-05-22,,59.3858258
2005-05-23,,
2005-05-24,,
2005-05-25,,54.07118279
2005-05-26,,
2005-05-27,,
2005-05-28,,74.82326278
2005-05-29,,
2005-05-30,,
2005-05-31,,38.32089212
2005-06-01,,
2005-06-02,,
2005-06-03,,41.12369614
2005-06-04,,
2005-06-05,,
2005-06-06,,46.69778403
2005-06-07,,
2005-06-08,,
2005-06-09,,
2005-06-10,,
2005-06-11,,
2005-06-12,,85.21014765
2005-06-13,,
2005-06-14,,
2005-06-15,,63.50500319
2005-06-16,,
2005-06-17,,
2005-06-18,,77.12691845
2005-06-19,,
2005-06-20,,
2005-06-21,,66.15385119
2005-06-22,,
2005-06-23,,
2005-06-24,,62.02624064
2005-06-25,,
2005-06-26,,
2005-06-27,,68.12613466
2005-06-28,,
2005-06-29,,
2005-06-30,,
2005-07-01,,
2005-07-02,,
2005-07-03,,
2005-07-04,,
2005-07-05,,
2005-07-06,,67.5162348
2005-07-07,,
2005-07-08,,
2005-07-09,,93.96610591
2005-07-10,,
2005-07-11,,
2005-07-12,,68.07805077
2005-07-13,,
2005-07-14,,
2005-07-15,,51.40513543
2005-07-16,,
2005-07-17,,
2005-07-18,,65.74313651
2005-07-19,,
2005-07-20,,
2005-07-21,,59.46008778
2005-07-22,,
2005-07-23,,
2005-07-24,,73.61646417
2005-07-25,,
2005-07-26,,
2005-07-27,,
2005-07-28,,
2005-07-29,,
2005-07-30,,
2005-07-31,,
2005-08-01,,
2005-08-02,,
2005-08-03,,
2005-08-04,,
2005-08-05,,
2005-08-06,,
2005-08-07,,
2005-08-08,,
2005-08-09,,
2005-08-10,,
2005-08-11,,
2005-08-12,,
2005-08-13,,
2005-08-14,,
2005-08-15,,
2005-08-16,,
2005-08-17,,
2005-08-18,,
2005-08-19,,
2005-08-20,,
2005-08-21,,
2005-08-22,,
2005-08-23,,
2005-08-24,,
2005-08-25,,
2005-08-26,,
2005-08-27,,
2005-08-28,,
2005-08-29,,
2005-08-30,,
2005-08-31,,
2005-09-01,,
2005-09-02,,
2005-09-03,,
2005-09-04,,
2005-09-05,,
2005-09-06,,
2005-09-07,,
2005-09-08,,
2005-09-09,,
2005-09-10,,
2005-09-11,,
2005-09-12,,
2005-09-13,,
2005-09-14,,
2005-09-15,,
2005-09-16,,
2005-09-17,,
2005-09-18,,
2005-09-19,,
2005-09-20,,
2005-09-21,,
2005-09-22,,
2005-09-23,,
2005-09-24,,
2005-09-25,,
2005-09-26,,
2005-09-27,,
2005-09-28,,
2005-09-29,,
2005-09-30,,
2005-10-01,,
2005-10-02,,
2005-10-03,,
2005-10-04,,
2005-10-05,,
2005-10-06,,
2005-10-07,,
2005-10-08,,
2005-10-09,,
2005-10-10,,
2005-10-11,,
2005-10-12,,
2005-10-13,,
2005-10-14,,
2005-10-15,,
2005-10-16,,
2005-10-17,,
2005-10-18,,
2005-10-19,,
2005-10-20,,
2005-10-21,,
2005-10-22,,
2005-10-23,,
2005-10-24,,
2005-10-25,,
2005-10-26,,
2005-10-27,,
2005-10-28,,
2005-10-29,,
2005-10-30,,
2005-10-31,,
2005-11-01,,
2005-11-02,,
2005-11-03,,
2005-11-04,,
2005-11-05,,
2005-11-06,,
2005-11-07,,
2005-11-08,,
2005-11-09,,48.85891959
2005-11-10,,
2005-11-11,,
2005-11-12,,
2005-11-13,,
2005-11-14,,
2005-11-15,,51.60986503
2005-11-16,,
2005-11-17,,
2005-11-18,,52.44706494
2005-11-19,,
2005-11-20,,
2005-11-21,,72.70808873
2005-11-22,,
2005-11-23,,
2005-11-24,,55.73967273
2005-11-25,,
2005-11-26,,
2005-11-27,,65.90837843
2005-11-28,,
2005-11-29,,
2005-11-30,,58.32546825
2005-12-01,,
2005-12-02,,
2005-12-03,,61.08197972
2005-12-04,,
2005-12-05,,
2005-12-06,,82.18753452
2005-12-07,,
2005-12-08,,
2005-12-09,,76.46659314
2005-12-10,,
2005-12-11,,
2005-12-12,,56.89660571
2005-12-13,,
2005-12-14,,
2005-12-15,,80.85118462
2005-12-16,,
2005-12-17,,
2005-12-18,,77.64098386
2005-12-19,,
2005-12-20,,
2005-12-21,,68.19916838
2005-12-22,,
2005-12-23,,
2005-12-24,,37.15126346
2005-12-25,,
2005-12-26,,
2005-12-27,,79.61453458
2005-12-28,,
2005-12-29,,
2005-12-30,,75.60451708
2005-12-31,,
2006-01-01,,
2006-01-02,,
2006-01-03,,74.75767672
2006-01-04,,
2006-01-05,,66.07650446
2006-01-06,,
2006-01-07,,
2006-01-08,,52.79650639
2006-01-09,,
2006-01-10,,
2006-01-11,,57.5061642
2006-01-12,,
2006-01-13,,
2006-01-14,,77.71026124
2006-01-15,,
2006-01-16,,
2006-01-17,,75.00473537
2006-01-18,,
2006-01-19,,
2006-01-20,,89.01938156
2006-01-21,,
2006-01-22,,
2006-01-23,,73.68299763
2006-01-24,,
2006-01-25,,
2006-01-26,,67.41525681
2006-01-27,,
2006-01-28,,
2006-01-29,,44.96470469
2006-01-30,,
2006-01-31,,
2006-02-01,,55.13006365
2006-02-02,,
2006-02-03,,
2006-02-04,,61.68551554
2006-02-05,,
2006-02-06,,
2006-02-07,,50.87370103
2006-02-08,,
2006-02-09,,
2006-02-10,,73.87885834
2006-02-11,,
2006-02-12,,
2006-02-13,,71.53512164
2006-02-14,,
2006-02-15,,
2006-02-16,,84.35185825
2006-02-17,,
2006-02-18,,
2006-02-19,,58.70675075
2006-02-20,,
2006-02-21,,
2006-02-22,,
2006-02-23,,
2006-02-24,,
2006-02-25,,
2006-02-26,,
2006-02-27,,
2006-02-28,,81.68028641
2006-03-01,,
2006-03-02,,
2006-03-03,,
2006-03-04,,
2006-03-05,,
2006-03-06,,52.56354235
2006-03-07,,
2006-03-08,,
2006-03-09,,46.30185353
2006-03-10,,
2006-03-11,,
2006-03-12,,66.38318106
2006-03-13,,
2006-03-14,,
2006-03-15,,
2006-03-16,,
2006-03-17,,
2006-03-18,,80.93023088
2006-03-19,,
2006-03-20,,
2006-03-21,,88.61514415
2006-03-22,,
2006-03-23,,
2006-03-24,,63.08759011
2006-03-25,,
2006-03-26,,
2006-03-27,,51.86180419
2006-03-28,,
2006-03-29,,
2006-03-30,,94.23346186
2006-03-31,,
2006-04-01,,
2006-04-02,,88.57611271
2006-04-03,,
2006-04-04,,
2006-04-05,,50.72961145
2006-04-06,,
2006-04-07,,
2006-04-08,,68.16186138
2006-04-09,,
2006-04-10,,
2006-04-11,,71.8087486
2006-04-12,,
2006-04-13,,
2006-04-14,,
2006-04-15,,
2006-04-16,,
2006-04-17,,70.97824708
2006-04-18,,
2006-04-19,,
2006-04-20,,56.77251603
2006-04-21,,
2006-04-22,,
2006-04-23,,83.82765286
2006-04-24,,
2006-04-25,,
2006-04-26,,59.06899994
2006-04-27,,
2006-04-28,,
2006-04-29,,41.29067251
2006-04-30,,
2006-05-01,,
2006-05-02,,53.07240703
2006-05-03,,
2006-05-04,,
2006-05-05,,64.83556681
2006-05-06,,
2006-05-07,,
2006-05-08,,70.60582884
2006-05-09,,
2006-05-10,,
2006-05-11,,
2006-05-12,,
2006-05-13,,
2006-05-14,,66.96799604
2006-05-15,,
2006-05-16,,
2006-05-17,,47.49516465
2006-05-18,,
2006-05-19,,
2006-05-20,,65.94000459
2006-05-21,,
2006-05-22,,
2006-05-23,,58.77076858
2006-05-24,,
2006-05-25,,
2006-05-26,,69.87195895
2006-05-27,,
2006-05-28,,
2006-05-29,,63.18861683
2006-05-30,,
2006-05-31,,
2006-06-01,,58.88299789
2006-06-02,,
2006-06-03,,
2006-06-04,,46.50180225
2006-06-05,,
2006-06-06,,
2006-06-07,,54.08602129
2006-06-08,,
2006-06-09,,
2006-06-10,,77.75971005
2006-06-11,,
2006-06-12,,
2006-06-13,,
2006-06-14,,
2006-06-15,,
2006-06-16,,75.57244826
2006-06-17,,
2006-06-18,,
2006-06-19,,42.56556694
2006-06-20,,
2006-06-21,,
2006-06-22,,73.48306632
2006-06-23,,
2006-06-24,,
2006-06-25,,63.87268464
2006-06-26,,
2006-06-27,,
2006-06-28,,91.12328602
2006-06-29,,
2006-06-30,,
2006-07-01,,
2006-07-02,,
2006-07-03,,
2006-07-04,,85.03695203
2006-07-05,,
2006-07-06,,
2006-07-07,,
2006-07-08,,
2006-07-09,,
2006-07-10,,
2006-07-11,,
2006-07-12,,
2006-07-13,,76.28147507
2006-07-14,,
2006-07-15,,
2006-07-16,,60.15641187
2006-07-17,,
2006-07-18,,
2006-07-19,,70.4765816
2006-07-20,,
2006-07-21,,
2006-07-22,,52.33478438
2006-07-23,,
2006-07-24,,
2006-07-25,,61.41673728
2006-07-26,,
2006-07-27,,
2006-07-28,,98.00876143
2006-07-29,,
2006-07-30,,
2006-07-31,,63.71244943
2006-08-01,,
2006-08-02,,
2006-08-03,,
2006-08-04,,
2006-08-05,,
2006-08-06,,57.10229376
2006-08-07,,
2006-08-08,,
2006-08-09,,
2006-08-10,,
2006-08-11,,
2006-08-12,,78.69760662
2006-08-13,,
2006-08-14,,
2006-08-15,,76.10414195
2006-08-16,,
2006-08-17,,
2006-08-18,,56.49151733
2006-08-19,,
2006-08-20,,
2006-08-21,,69.5881853
2006-08-22,,
2006-08-23,,
2006-08-24,,52.96674066
2006-08-25,,
2006-08-26,,
2006-08-27,,78.81904785
2006-08-28,,
2006-08-29,,
2006-08-30,,91.13964788
2006-08-31,,
2006-09-01,,
2006-09-02,,57.45616917
2006-09-03,,
2006-09-04,,
2006-09-05,,55.90183044
2006-09-06,,
2006-09-07,,
2006-09-08,,41.21650744
2006-09-09,,
2006-09-10,,
2006-09-11,,
2006-09-12,,
2006-09-13,,
2006-09-14,,
2006-09-15,,
2006-09-16,,
2006-09-17,,
2006-09-18,,
2006-09-19,,
2006-09-20,,
2006-09-21,,
2006-09-22,,
2006-09-23,,
2006-09-24,,
2006-09-25,,
2006-09-26,,
2006-09-27,,
2006-09-28,,
2006-09-29,,
2006-09-30,,
2006-10-01,,
2006-10-02,,
2006-10-03,,
2006-10-04,,
2006-10-05,,
2006-10-06,,
2006-10-07,,
2006-10-08,,
2006-10-09,,
2006-10-10,,
2006-10-11,,
2006-10-12,,
2006-10-13,,
2006-10-14,,
2006-10-15,,
2006-10-16,,
2006-10-17,,
2006-10-18,,
2006-10-19,,
2006-10-20,,
2006-10-21,,
2006-10-22,,
2006-10-23,,
2006-10-24,,
2006-10-25,,
2006-10-26,,
2006-10-27,,
2006-10-28,,
2006-10-29,,
2006-10-30,,
2006-10-31,,
2006-11-01,,
2006-11-02,,
2006-11-03,,
2006-11-04,,
2006-11-05,,
2006-11-06,,
2006-11-07,,
2006-11-08,,
2006-11-09,,
2006-11-10,,
2006-11-11,,
2006-11-12,,
2006-11-13,,
2006-11-14,,
2006-11-15,,
2006-11-16,,
2006-11-17,,
2006-11-18,,
2006-11-19,,
2006-11-20,,
2006-11-21,,
2006-11-22,,
2006-11-23,,
2006-11-24,,
2006-11-25,,
2006-11-26,,
2006-11-27,,
2006-11-28,,
2006-11-29,,
2006-11-30,,
2006-12-01,,
2006-12-02,,
2006-12-03,,
2006-12-04,,
2006-12-05,,
2006-12-06,,
2006-12-07,,
2006-12-08,,
2006-12-09,,
2006-12-10,,
2006-12-11,,
2006-12-12,,
2006-12-13,,
2006-12-14,,
2006-12-15,,
2006-12-16,,
2006-12-17,,
2006-12-18,,
2006-12-19,,
2006-12-20,,
2006-12-21,,
2006-12-22,,
2006-12-23,,
2006-12-24,,
2006-12-25,,
2006-12-26,,
2006-12-27,,
2006-12-28,,52.87932317
2006-12-29,,
2006-12-30,,
2006-12-31,,67.66817015
2007-01-01,,
2007-01-02,,
2007-01-03,,79.98692595
2007-01-04,,
2007-01-05,,
2007-01-06,,83.52977469
2007-01-07,,
2007-01-08,,
2007-01-09,,41.01237437
2007-01-10,,
2007-01-11,,
2007-01-12,,65.0929626
2007-01-13,,
2007-01-14,,
2007-01-15,,50.08358395
2007-01-16,,
2007-01-17,,
2007-01-18,,53.01688242
2007-01-19,,
2007-01-20,,
2007-01-21,,38.12531515
2007-01-22,,
2007-01-23,,
2007-01-24,,51.09749321
2007-01-25,,
2007-01-26,,
2007-01-27,,43.32280921
2007-01-28,,
2007-01-29,,
2007-01-30,,65.67118925
2007-01-31,,
2007-02-01,,
2007-02-02,,82.86023941
2007-02-03,,
2007-02-04,,
2007-02-05,,88.32248659
2007-02-06,,
2007-02-07,,
2007-02-08,,96.88789704
2007-02-09,,
2007-02-10,,
2007-02-11,,82.8606963
2007-02-12,,
2007-02-13,,
2007-02-14,,
2007-02-15,,
2007-02-16,,
2007-02-17,,84.75312025
2007-02-18,,
2007-02-19,,
2007-02-20,,
2007-02-21,,
2007-02-22,,
2007-02-23,,
2007-02-24,,
2007-02-25,,
2007-02-26,,90.87819905
2007-02-27,,
2007-02-28,,
2007-03-01,,61.97191653
2007-03-02,,
2007-03-03,,
2007-03-04,,54.33706186
2007-03-05,,
2007-03-06,,
2007-03-07,,37.02748134
2007-03-08,,
2007-03-09,,
2007-03-10,,30.43193216
2007-03-11,,
2007-03-12,,
2007-03-13,,26.67722556
2007-03-14,,
2007-03-15,,
2007-03-16,,24.63872064
2007-03-17,,
2007-03-18,,
2007-03-19,,35.39423481
2007-03-20,,
2007-03-21,,
2007-03-22,,52.76513266
2007-03-23,,
2007-03-24,,
2007-03-25,,29.90578752
2007-03-26,,
2007-03-27,,
2007-03-28,,44.6607248
2007-03-29,,
2007-03-30,,
2007-03-31,,33.94391333
2007-04-01,,
2007-04-02,,
2007-04-03,,
2007-04-04,,
2007-04-05,,
2007-04-06,,44.0246612
2007-04-07,,
2007-04-08,,
2007-04-09,,
2007-04-10,,
2007-04-11,,
2007-04-12,,49.59565385
2007-04-13,,
2007-04-14,,
2007-04-15,,39.61076136
2007-04-16,,
2007-04-17,,
2007-04-18,,60.56809758
2007-04-19,,
2007-04-20,,
2007-04-21,,
2007-04-22,,
2007-04-23,,
2007-04-24,,
2007-04-25,,
2007-04-26,,
2007-04-27,,
2007-04-28,,
2007-04-29,,
2007-04-30,,
2007-05-01,,
2007-05-02,,
2007-05-03,,
2007-05-04,,
2007-05-05,,
2007-05-06,,
2007-05-07,,
2007-05-08,,
2007-05-09,,
2007-05-10,,
2007-05-11,,
2007-05-12,,
2007-05-13,,
2007-05-14,,
2007-05-15,,
2007-05-16,,
2007-05-17,,
2007-05-18,,
2007-05-19,,
2007-05-20,,
2007-05-21,,
2007-05-22,,
2007-05-23,,
2007-05-24,,
2007-05-25,,
2007-05-26,,
2007-05-27,,
2007-05-28,,
2007-05-29,,
2007-05-30,,
2007-05-31,,
2007-06-01,,
2007-06-02,,
2007-06-03,,
2007-06-04,,
2007-06-05,,
2007-06-06,,
2007-06-07,,
2007-06-08,,
2007-06-09,,
2007-06-10,,
2007-06-11,,
2007-06-12,,
2007-06-13,,
2007-06-14,,
2007-06-15,,
2007-06-16,,
2007-06-17,,78.16594239
2007-06-18,,
2007-06-19,,
2007-06-20,,70.60837285
2007-06-21,,
2007-06-22,,
2007-06-23,,70.30752397
2007-06-24,,
2007-06-25,,
2007-06-26,,
2007-06-27,,
2007-06-28,,
2007-06-29,,88.41993483
2007-06-30,,
2007-07-01,,
2007-07-02,,
2007-07-03,,
2007-07-04,,
2007-07-05,,
2007-07-06,,
2007-07-07,,
2007-07-08,,60.87261036
2007-07-09,,
2007-07-10,,
2007-07-11,,
2007-07-12,,
2007-07-13,,
2007-07-14,,91.23499062
2007-07-15,,
2007-07-16,,
2007-07-17,,96.89399127
2007-07-18,,
2007-07-19,,
2007-07-20,,92.22537026
2007-07-21,,
2007-07-22,,
2007-07-23,,81.28094246
2007-07-24,,
2007-07-25,,
2007-07-26,,77.42487582
2007-07-27,,
2007-07-28,,
2007-07-29,,
2007-07-30,,
2007-07-31,,
2007-08-01,,96.31940418
2007-08-02,,
2007-08-03,,
2007-08-04,,87.25169385
2007-08-05,,
2007-08-06,,
2007-08-07,,48.23345812
2007-08-08,,
2007-08-09,,
2007-08-10,,65.01672467
2007-08-11,,
2007-08-12,,
2007-08-13,,48.89782727
2007-08-14,,
2007-08-15,,
2007-08-16,,93.29101638
2007-08-17,,
2007-08-18,,
2007-08-19,,60.60282381
2007-08-20,,
2007-08-21,,
2007-08-22,,
2007-08-23,,
2007-08-24,,
2007-08-25,,76.05853809
2007-08-26,,
2007-08-27,,
2007-08-28,,96.07789878
2007-08-29,,
2007-08-30,,
2007-08-31,,76.14067786
2007-09-01,,
2007-09-02,,
2007-09-03,,
2007-09-04,,
2007-09-05,,
2007-09-06,,69.40100888
2007-09-07,,
2007-09-08,,
2007-09-09,,80.18092255
2007-09-10,,
2007-09-11,,
2007-09-12,,99.26396255
2007-09-13,,
2007-09-14,,
2007-09-15,,
2007-09-16,,
2007-09-17,,
2007-09-18,,80.49834931
2007-09-19,,
2007-09-20,,
2007-09-21,,59.21531526
2007-09-22,,
2007-09-23,,
2007-09-24,,47.73407411
2007-09-25,,
2007-09-26,,
2007-09-27,,72.9126532
2007-09-28,,
2007-09-29,,
2007-09-30,,76.68308631
2007-10-01,,
2007-10-02,,
2007-10-03,,53.14599787
2007-10-04,,
2007-10-05,,
2007-10-06,,97.21474173
2007-10-07,,
2007-10-08,,
2007-10-09,,66.00329558
2007-10-10,,
2007-10-11,,
2007-10-12,,
2007-10-13,,
2007-10-14,,
2007-10-15,,77.02048775
2007-10-16,,
2007-10-17,,
2007-10-18,,54.10882202
2007-10-19,,
2007-10-20,,
2007-10-21,,55.02537478
2007-10-22,,
2007-10-23,,
2007-10-24,,80.9012186
2007-10-25,,
2007-10-26,,
2007-10-27,,72.44987685
2007-10-28,,
2007-10-29,,
2007-10-30,,79.27744061
2007-10-31,,
2007-11-01,,
2007-11-02,,59.49740314
2007-11-03,,
2007-11-04,,
2007-11-05,,53.29194327
2007-11-06,,
2007-11-07,,
2007-11-08,,64.41743478
2007-11-09,,
2007-11-10,,
2007-11-11,,55.19507181
2007-11-12,,
2007-11-13,,
2007-11-14,,55.89560088
2007-11-15,,
2007-11-16,,
2007-11-17,,49.77678943
2007-11-18,,
2007-11-19,,
2007-11-20,,99.08908292
2007-11-21,,
2007-11-22,,
2007-11-23,,97.45510513
2007-11-24,,
2007-11-25,,
2007-11-26,,43.86425701
2007-11-27,,
2007-11-28,,
2007-11-29,,52.88628968
2007-11-30,,
2007-12-01,,
2007-12-02,,48.74184843
2007-12-03,,
2007-12-04,,
2007-12-05,,36.32893736
2007-12-06,,
2007-12-07,,
2007-12-08,,41.71632033
2007-12-09,,
2007-12-10,,
2007-12-11,,44.8372649
2007-12-12,,
2007-12-13,,
2007-12-14,,75.91160455
2007-12-15,,
2007-12-16,,
2007-12-17,,47.50092112
2007-12-18,,
2007-12-19,,
2007-12-20,,66.40147115
2007-12-21,,
2007-12-22,,
2007-12-23,,36.13220311
2007-12-24,,
2007-12-25,,
2007-12-26,,37.84320714
2007-12-27,,
2007-12-28,,
2007-12-29,,57.1368564
2007-12-30,,
2007-12-31,,
2008-01-01,,
2008-01-02,,
2008-01-03,,
2008-01-04,,
2008-01-05,,
2008-01-06,,
2008-01-07,,
2008-01-08,,
2008-01-09,,
2008-01-10,,
2008-01-11,,
2008-01-12,,
2008-01-13,,
2008-01-14,,
2008-01-15,,
2008-01-16,,
2008-01-17,,
2008-01-18,,
2008-01-19,,
2008-01-20,,
2008-01-21,,
2008-01-22,,
2008-01-23,,
2008-01-24,,
2008-01-25,,
2008-01-26,,
2008-01-27,,
2008-01-28,,
2008-01-29,,
2008-01-30,,
2008-01-31,,
2008-02-01,,
2008-02-02,,
2008-02-03,,
2008-02-04,,
2008-02-05,,
2008-02-06,,
2008-02-07,,
2008-02-08,,
2008-02-09,,
2008-02-10,,
2008-02-11,,
2008-02-12,,
2008-02-13,,
2008-02-14,,
2008-02-15,,
2008-02-16,,
2008-02-17,,
2008-02-18,,
2008-02-19,,
2008-02-20,,
2008-02-21,,
2008-02-22,,
2008-02-23,,
2008-02-24,,
2008-02-25,,
2008-02-26,,
2008-02-27,,
2008-02-28,,
2008-02-29,,
2008-03-01,,
2008-03-02,,
2008-03-03,,
2008-03-04,,
2008-03-05,,
2008-03-06,,
2008-03-07,,
2008-03-08,,
2008-03-09,,
2008-03-10,,
2008-03-11,,
2008-03-12,,
2008-03-13,,
2008-03-14,,
2008-03-15,,
2008-03-16,,
2008-03-17,,
2008-03-18,,
2008-03-19,,
2008-03-20,,
2008-03-21,,
2008-03-22,,
2008-03-23,,
2008-03-24,,
2008-03-25,,
2008-03-26,,
2008-03-27,,
2008-03-28,,
2008-03-29,,
2008-03-30,,
2008-03-31,,63.41868851
2008-04-01,,
2008-04-02,,
2008-04-03,,65.15559854
2008-04-04,,
2008-04-05,,
2008-04-06,,66.61432337
2008-04-07,,
2008-04-08,,
2008-04-09,,
2008-04-10,,
2008-04-11,,
2008-04-12,58.8990342,
2008-04-13,,
2008-04-14,,
2008-04-15,28.7267864,
2008-04-16,,
2008-04-17,,
2008-04-18,,
2008-04-19,,
2008-04-20,,
2008-04-21,15.37303905,
2008-04-22,,
2008-04-23,,
2008-04-24,20.73919583,
2008-04-25,,
2008-04-26,,
2008-04-27,30.35014482,
2008-04-28,,
2008-04-29,,
2008-04-30,24.73933593,
2008-05-01,,
2008-05-02,,
2008-05-03,,
2008-05-04,,
2008-05-05,,
2008-05-06,8.53345303,
2008-05-07,,
2008-05-08,,
2008-05-09,23.01552454,
2008-05-10,,
2008-05-11,,
2008-05-12,1.66968805,
2008-05-13,,
2008-05-14,,
2008-05-15,28.03548834,
2008-05-16,,
2008-05-17,,
2008-05-18,32.46182277,
2008-05-19,,
2008-05-20,,
2008-05-21,35.57066,
2008-05-22,,
2008-05-23,,
2008-05-24,31.75351335,
2008-05-25,,
2008-05-26,,
2008-05-27,46.08089829,
2008-05-28,,
2008-05-29,,
2008-05-30,47.42335488,
2008-05-31,,
2008-06-01,,
2008-06-02,23.37540296,
2008-06-03,,
2008-06-04,,
2008-06-05,28.33911225,
2008-06-06,,
2008-06-07,,
2008-06-08,25.42998598,
2008-06-09,,
2008-06-10,,
2008-06-11,44.17661618,
2008-06-12,,
2008-06-13,,
2008-06-14,59.13912304,
2008-06-15,,
2008-06-16,,
2008-06-17,38.35108801,
2008-06-18,,
2008-06-19,,
2008-06-20,43.04704559,
2008-06-21,,
2008-06-22,,
2008-06-23,22.42015441,
2008-06-24,,
2008-06-25,,
2008-06-26,15.80093815,
2008-06-27,,
2008-06-28,,
2008-06-29,37.90441608,
2008-06-30,,
2008-07-01,,
2008-07-02,27.26142022,
2008-07-03,,
2008-07-04,,
2008-07-05,21.06458671,
2008-07-06,,
2008-07-07,,
2008-07-08,17.74705835,
2008-07-09,,
2008-07-10,,
2008-07-11,35.46460634,
2008-07-12,,
2008-07-13,,
2008-07-14,21.9204862,
2008-07-15,,
2008-07-16,,
2008-07-17,39.21501619,
2008-07-18,,
2008-07-19,,
2008-07-20,24.00257826,
2008-07-21,,
2008-07-22,,
2008-07-23,46.10069204,
2008-07-24,,
2008-07-25,,
2008-07-26,38.62490414,
2008-07-27,,
2008-07-28,,
2008-07-29,31.13498729,
2008-07-30,,
2008-07-31,,
2008-08-01,28.95301367,
2008-08-02,,
2008-08-03,,
2008-08-04,33.42199191,
2008-08-05,,
2008-08-06,,
2008-08-07,51.27846916,
2008-08-08,,
2008-08-09,,
2008-08-10,30.50593618,
2008-08-11,,
2008-08-12,,
2008-08-13,36.3723854,
2008-08-14,,
2008-08-15,,
2008-08-16,35.03213087,
2008-08-17,,
2008-08-18,,
2008-08-19,40.81251477,
2008-08-20,,
2008-08-21,,
2008-08-22,33.31978816,
2008-08-23,,
2008-08-24,,
2008-08-25,54.83028742,
2008-08-26,,
2008-08-27,,
2008-08-28,53.1723971,
2008-08-29,,
2008-08-30,,
2008-08-31,21.7117619,
2008-09-01,,
2008-09-02,,
2008-09-03,36.15112248,
2008-09-04,,
2008-09-05,,
2008-09-06,,
2008-09-07,,
2008-09-08,,
2008-09-09,51.42499187,
2008-09-10,,
2008-09-11,,
2008-09-12,58.08220264,
2008-09-13,,
2008-09-14,,
2008-09-15,38.18173751,
2008-09-16,,
2008-09-17,,
2008-09-18,31.98067676,
2008-09-19,,
2008-09-20,,
2008-09-21,30.31325042,
2008-09-22,,
2008-09-23,,
2008-09-24,41.85160341,
2008-09-25,,
2008-09-26,,
2008-09-27,31.74091908,
2008-09-28,,
2008-09-29,,
2008-09-30,25.63244478,
2008-10-01,,
2008-10-02,,
2008-10-03,25.36621447,
2008-10-04,,
2008-10-05,,
2008-10-06,,
2008-10-07,,
2008-10-08,,
2008-10-09,,
2008-10-10,,
2008-10-11,,
2008-10-12,27.85868483,
2008-10-13,,
2008-10-14,,
2008-10-15,47.441875,
2008-10-16,,
2008-10-17,,
2008-10-18,29.80524466,
2008-10-19,,
2008-10-20,,
2008-10-21,24.00199596,
2008-10-22,,
2008-10-23,,
2008-10-24,27.38950922,
2008-10-25,,
2008-10-26,,
2008-10-27,26.2773975,
2008-10-28,,
2008-10-29,,
2008-10-30,31.83681756,
2008-10-31,,
2008-11-01,,
2008-11-02,26.84662296,
2008-11-03,,
2008-11-04,,
2008-11-05,17.88048641,
2008-11-06,,
2008-11-07,,
2008-11-08,36.08123954,
2008-11-09,,
2008-11-10,,
2008-11-11,37.82757357,
2008-11-12,,
2008-11-13,,
2008-11-14,43.20032598,
2008-11-15,,
2008-11-16,,
2008-11-17,20.860407,
2008-11-18,,
2008-11-19,,
2008-11-20,22.52717537,
2008-11-21,,
2008-11-22,,
2008-11-23,24.02387773,
2008-11-24,,
2008-11-25,,
2008-11-26,29.27880336,
2008-11-27,,
2008-11-28,,
2008-11-29,54.62035811,
2008-11-30,,
2008-12-01,,
2008-12-02,40.23532923,
2008-12-03,,
2008-12-04,,
2008-12-05,34.45986195,
2008-12-06,,
2008-12-07,,
2008-12-08,26.75675731,
2008-12-09,,
2008-12-10,,
2008-12-11,42.68365201,
2008-12-12,,
2008-12-13,,
2008-12-14,24.29289156,
2008-12-15,,
2008-12-16,,
2008-12-17,46.39757072,
2008-12-18,,
2008-12-19,,
2008-12-20,43.85024118,
2008-12-21,,
2008-12-22,,
2008-12-23,30.61821067,
2008-12-24,,
2008-12-25,,
2008-12-26,24.16064903,
2008-12-27,,
2008-12-28,,
2008-12-29,29.22835722,
2008-12-30,,
2008-12-31,,
2009-01-01,20.59887832,
2009-01-02,,
2009-01-03,,
2009-01-04,34.74965327,
2009-01-05,,
2009-01-06,,
2009-01-07,49.00554887,
2009-01-08,,
2009-01-09,,
2009-01-10,45.90052611,
2009-01-11,,
2009-01-12,,
2009-01-13,47.16835828,
2009-01-14,,
2009-01-15,,
2009-01-16,63.63749664,
2009-01-17,,
2009-01-18,,
2009-01-19,34.05491656,
2009-01-20,,
2009-01-21,,
2009-01-22,35.48882831,
2009-01-23,,
2009-01-24,,
2009-01-25,18.96196377,
2009-01-26,,
2009-01-27,,
2009-01-28,27.7358648,
2009-01-29,,
2009-01-30,,
2009-01-31,38.24306587,
2009-02-01,,
2009-02-02,,
2009-02-03,23.52411496,
2009-02-04,,
2009-02-05,,
2009-02-06,30.97182319,
2009-02-07,,
2009-02-08,,
2009-02-09,28.98255712,
2009-02-10,,
2009-02-11,,
2009-02-12,29.0236364,
2009-02-13,,
2009-02-14,,
2009-02-15,33.25913867,
2009-02-16,,
2009-02-17,,
2009-02-18,42.69581755,
2009-02-19,,
2009-02-20,,
2009-02-21,84.48447411,
2009-02-22,,
2009-02-23,,
2009-02-24,52.8585371,
2009-02-25,,
2009-02-26,,
2009-02-27,54.89932994,
2009-02-28,,
2009-03-01,,
2009-03-02,22.32041606,
2009-03-03,,
2009-03-04,,
2009-03-05,29.26230047,
2009-03-06,,
2009-03-07,,
2009-03-08,72.68517796,
2009-03-09,,
2009-03-10,,
2009-03-11,63.15005491,
2009-03-12,,
2009-03-13,,
2009-03-14,96.00854854,
2009-03-15,,
2009-03-16,,
2009-03-17,40.48627002,
2009-03-18,,
2009-03-19,,
2009-03-20,48.19770204,
2009-03-21,,
2009-03-22,,
2009-03-23,25.8664335,
2009-03-24,,
2009-03-25,,
2009-03-26,32.97843719,
2009-03-27,,
2009-03-28,,
2009-03-29,41.58775996,
2009-03-30,,
2009-03-31,,
2009-04-01,27.25438207,
2009-04-02,,
2009-04-03,,
2009-04-04,51.87006398,
2009-04-05,,
2009-04-06,,
2009-04-07,48.53211284,
2009-04-08,,
2009-04-09,,
2009-04-10,23.50216524,
2009-04-11,,
2009-04-12,,
2009-04-13,57.92365738,
2009-04-14,,
2009-04-15,,
2009-04-16,45.65753066,
2009-04-17,,
2009-04-18,,
2009-04-19,48.07159182,
2009-04-20,,
2009-04-21,,
2009-04-22,38.05641625,
2009-04-23,,
2009-04-24,,
2009-04-25,39.17972729,
2009-04-26,,
2009-04-27,,
2009-04-28,40.57706128,
2009-04-29,,
2009-04-30,,
2009-05-01,33.47598833,
2009-05-02,,
2009-05-03,,
2009-05-04,37.57305499,
2009-05-05,,
2009-05-06,,
2009-05-07,36.70174878,
2009-05-08,,
2009-05-09,,
2009-05-10,28.63168587,
2009-05-11,,
2009-05-12,,
2009-05-13,33.6986622,
2009-05-14,,
2009-05-15,,
2009-05-16,55.30265068,
2009-05-17,,
2009-05-18,,
2009-05-19,25.77500809,
2009-05-20,,
2009-05-21,,
2009-05-22,28.9957497,
2009-05-23,,
2009-05-24,,
2009-05-25,22.12375838,
2009-05-26,,
2009-05-27,,
2009-05-28,31.04505323,
2009-05-29,,
2009-05-30,,
2009-05-31,22.38121292,
2009-06-01,,
2009-06-02,,
2009-06-03,43.27610437,
2009-06-04,,
2009-06-05,,
2009-06-06,24.60175491,
2009-06-07,,
2009-06-08,,
2009-06-09,24.51874199,
2009-06-10,,
2009-06-11,,
2009-06-12,25.29572536,
2009-06-13,,
2009-06-14,,
2009-06-15,30.601381,
2009-06-16,,
2009-06-17,,
2009-06-18,33.68540089,
2009-06-19,,
2009-06-20,,
2009-06-21,22.12641446,
2009-06-22,,
2009-06-23,,
2009-06-24,40.59794736,
2009-06-25,,
2009-06-26,,
2009-06-27,38.24803525,
2009-06-28,,
2009-06-29,,
2009-06-30,27.30120647,
2009-07-01,,
2009-07-02,,
2009-07-03,30.7814713,
2009-07-04,,
2009-07-05,,
2009-07-06,40.23687407,
2009-07-07,,
2009-07-08,,
2009-07-09,28.00720039,
2009-07-10,,
2009-07-11,,
2009-07-12,37.39612915,
2009-07-13,,
2009-07-14,,
2009-07-15,29.98817531,
2009-07-16,,
2009-07-17,,
2009-07-18,39.12864407,
2009-07-19,,
2009-07-20,,
2009-07-21,35.91610664,
2009-07-22,,
2009-07-23,,
2009-07-24,50.5455109,
2009-07-25,,
2009-07-26,,
2009-07-27,38.2764129,
2009-07-28,,
2009-07-29,,
2009-07-30,45.13861968,
2009-07-31,,
2009-08-01,,
2009-08-02,31.92784148,
2009-08-03,,
2009-08-04,,
2009-08-05,109.41096488,
2009-08-06,,
2009-08-07,,
2009-08-08,21.93012157,
2009-08-09,,
2009-08-10,,
2009-08-11,35.76613772,
2009-08-12,,
2009-08-13,,
2009-08-14,36.1216242,
2009-08-15,,
2009-08-16,,
2009-08-17,18.48736205,
2009-08-18,,
2009-08-19,,
2009-08-20,27.649555,
2009-08-21,,
2009-08-22,,
2009-08-23,27.55636327,
2009-08-24,,
2009-08-25,,
2009-08-26,27.61914002,
2009-08-27,,
2009-08-28,,
2009-08-29,53.61541185,
2009-08-30,,
2009-08-31,,
2009-09-01,30.25078252,
2009-09-02,,
2009-09-03,,
2009-09-04,29.58684817,
2009-09-05,,
2009-09-06,,
2009-09-07,42.36006399,
2009-09-08,,
2009-09-09,,
2009-09-10,23.78592759,
2009-09-11,,
2009-09-12,,
2009-09-13,24.38293613,
2009-09-14,,
2009-09-15,,
2009-09-16,36.25155319,
2009-09-17,,
2009-09-18,,
2009-09-19,27.94342376,
2009-09-20,,
2009-09-21,,
2009-09-22,36.07439614,
2009-09-23,,
2009-09-24,,
2009-09-25,58.21811142,
2009-09-26,,
2009-09-27,,
2009-09-28,57.46513238,
2009-09-29,,
2009-09-30,,
2009-10-01,66.44464167,
2009-10-02,,
2009-10-03,,
2009-10-04,,
2009-10-05,,
2009-10-06,,
2009-10-07,,
2009-10-08,,
2009-10-09,,
2009-10-10,59.7407258,
2009-10-11,,
2009-10-12,,
2009-10-13,54.92013608,
2009-10-14,,
2009-10-15,,
2009-10-16,42.43003032,
2009-10-17,,
2009-10-18,,
2009-10-19,47.19271968,
2009-10-20,,
2009-10-21,,
2009-10-22,27.59529642,
2009-10-23,,
2009-10-24,,
2009-10-25,22.98141186,
2009-10-26,,
2009-10-27,,
2009-10-28,51.22486528,
2009-10-29,,
2009-10-30,,
2009-10-31,63.61634758,
2009-11-01,,
2009-11-02,,
2009-11-03,,
2009-11-04,,
2009-11-05,,
2009-11-06,44.71035628,
2009-11-07,,
2009-11-08,,
2009-11-09,25.4217192,
2009-11-10,,
2009-11-11,,
2009-11-12,32.79440748,
2009-11-13,,
2009-11-14,,
2009-11-15,26.78936332,
2009-11-16,,
2009-11-17,,
2009-11-18,30.0336466,
2009-11-19,,
2009-11-20,,
2009-11-21,34.00617061,
2009-11-22,,
2009-11-23,,
2009-11-24,32.90207525,
2009-11-25,,
2009-11-26,,
2009-11-27,58.68045724,
2009-11-28,,
2009-11-29,,
2009-11-30,40.31884239,
2009-12-01,,
2009-12-02,,
2009-12-03,37.88178686,
2009-12-04,,
2009-12-05,,
2009-12-06,37.18109365,
2009-12-07,,
2009-12-08,,
2009-12-09,35.95672843,
2009-12-10,,
2009-12-11,,
2009-12-12,33.10909253,
2009-12-13,,
2009-12-14,,
2009-12-15,72.22048967,
2009-12-16,,
2009-12-17,,
2009-12-18,70.87212963,
2009-12-19,,
2009-12-20,,
2009-12-21,44.01689851,
2009-12-22,,
2009-12-23,,
2009-12-24,23.51248645,
2009-12-25,,
2009-12-26,,
2009-12-27,25.51096125,
2009-12-28,,
2009-12-29,,
2009-12-30,33.0,
2009-12-31,,
2010-01-01,,
2010-01-02,,
2010-01-03,,
2010-01-04,,
2010-01-05,65.51960872,
2010-01-06,,
2010-01-07,,
2010-01-08,63.58560647,
2010-01-09,,
2010-01-10,,
2010-01-11,53.15416351,
2010-01-12,,
2010-01-13,,
2010-01-14,63.39313291,
2010-01-15,,
2010-01-16,,
2010-01-17,46.81264994,
2010-01-18,,
2010-01-19,,
2010-01-20,48.40706493,
2010-01-21,,
2010-01-22,,
2010-01-23,54.92074076,
2010-01-24,,
2010-01-25,,
2010-01-26,24.32924909,
2010-01-27,,
2010-01-28,,
2010-01-29,50.75519679,
2010-01-30,,
2010-01-31,,
2010-02-01,69.27215429,
2010-02-02,,
2010-02-03,,
2010-02-04,65.24194082,
2010-02-05,,
2010-02-06,,
2010-02-07,49.66109291,
2010-02-08,,
2010-02-09,,
2010-02-10,58.67980179,
2010-02-11,,
2010-02-12,,
2010-02-13,66.47423054,
2010-02-14,,
2010-02-15,,
2010-02-16,68.15625299,
2010-02-17,,
2010-02-18,,
2010-02-19,80.21130365,
2010-02-20,,
2010-02-21,,
2010-02-22,54.95857919,
2010-02-23,,
2010-02-24,,
2010-02-25,34.18640919,
2010-02-26,,
2010-02-27,,
2010-02-28,41.60762418,
2010-03-01,,
2010-03-02,,
2010-03-03,31.66215347,
2010-03-04,,
2010-03-05,,
2010-03-06,41.35291953,
2010-03-07,,
2010-03-08,,
2010-03-09,38.5047516,
2010-03-10,,
2010-03-11,,
2010-03-12,37.28590636,
2010-03-13,,
2010-03-14,,
2010-03-15,55.99031718,
2010-03-16,,
2010-03-17,,
2010-03-18,22.24485243,
2010-03-19,,
2010-03-20,,
2010-03-21,25.82099252,
2010-03-22,,
2010-03-23,,
2010-03-24,74.38361531,
2010-03-25,,
2010-03-26,,
2010-03-27,,
2010-03-28,,
2010-03-29,,
2010-03-30,34.03479824,
2010-03-31,,
2010-04-01,,
2010-04-02,39.62920127,
2010-04-03,,
2010-04-04,,
2010-04-05,38.98756708,
2010-04-06,,
2010-04-07,,
2010-04-08,44.89102023,
2010-04-09,,
2010-04-10,,
2010-04-11,32.88047303,
2010-04-12,,
2010-04-13,,
2010-04-14,33.85993256,
2010-04-15,,
2010-04-16,,
2010-04-17,23.62050475,
2010-04-18,,
2010-04-19,,
2010-04-20,30.59259596,
2010-04-21,,
2010-04-22,,
2010-04-23,31.79022052,
2010-04-24,,
2010-04-25,,
2010-04-26,29.86239893,
2010-04-27,,
2010-04-28,,
2010-04-29,30.07147879,
2010-04-30,,
2010-05-01,,
2010-05-02,22.2969253,
2010-05-03,,
2010-05-04,,
2010-05-05,18.25632606,
2010-05-06,,
2010-05-07,,
2010-05-08,21.35490006,
2010-05-09,,
2010-05-10,,
2010-05-11,18.76670948,
2010-05-12,,
2010-05-13,,
2010-05-14,22.14966393,
2010-05-15,,
2010-05-16,,
2010-05-17,21.47765484,
2010-05-18,,
2010-05-19,,
2010-05-20,25.71736205,
2010-05-21,,
2010-05-22,,
2010-05-23,28.9077784,
2010-05-24,,
2010-05-25,,
2010-05-26,25.94633401,
2010-05-27,,
2010-05-28,,
2010-05-29,29.02542428,
2010-05-30,,
2010-05-31,,
2010-06-01,25.853073,
2010-06-02,,
2010-06-03,,
2010-06-04,21.59957977,
2010-06-05,,
2010-06-06,,
2010-06-07,21.71860261,
2010-06-08,,
2010-06-09,,
2010-06-10,40.62333695,
2010-06-11,,
2010-06-12,,
2010-06-13,29.34757328,
2010-06-14,,
2010-06-15,,
2010-06-16,17.72096194,
2010-06-17,,
2010-06-18,,
2010-06-19,15.11660752,
2010-06-20,,
2010-06-21,,
2010-06-22,27.36094974,
2010-06-23,,
2010-06-24,,
2010-06-25,16.78257855,
2010-06-26,,
2010-06-27,,
2010-06-28,25.68797969,
2010-06-29,,
2010-06-30,,
2010-07-01,31.63859657,
2010-07-02,,
2010-07-03,,
2010-07-04,27.78597675,
2010-07-05,,
2010-07-06,,
2010-07-07,25.9060565,
2010-07-08,,
2010-07-09,,
2010-07-10,23.74934723,
2010-07-11,,
2010-07-12,,
2010-07-13,21.13494808,
2010-07-14,,
2010-07-15,,
2010-07-16,20.61375021,
2010-07-17,,
2010-07-18,,
2010-07-19,21.9720325,
2010-07-20,,
2010-07-21,,
2010-07-22,15.43207837,
2010-07-23,,
2010-07-24,,
2010-07-25,20.15571602,
2010-07-26,,
2010-07-27,,
2010-07-28,,
2010-07-29,,
2010-07-30,,
2010-07-31,,
2010-08-01,,
2010-08-02,,
2010-08-03,,
2010-08-04,,
2010-08-05,,
2010-08-06,,
2010-08-07,,
2010-08-08,,
2010-08-09,,
2010-08-10,,
2010-08-11,,
2010-08-12,,
2010-08-13,,
2010-08-14,,
2010-08-15,,
2010-08-16,,
2010-08-17,,
2010-08-18,,
2010-08-19,,
2010-08-20,,
2010-08-21,,
2010-08-22,,
2010-08-23,,
2010-08-24,,
2010-08-25,,
2010-08-26,,
2010-08-27,,
2010-08-28,,
2010-08-29,,
2010-08-30,,
2010-08-31,,
2010-09-01,,
2010-09-02,,
2010-09-03,,
2010-09-04,,
2010-09-05,,
2010-09-06,,
2010-09-07,,
2010-09-08,,
2010-09-09,,
2010-09-10,,
2010-09-11,,
2010-09-12,,
2010-09-13,,
2010-09-14,,
2010-09-15,,
2010-09-16,,
2010-09-17,38.54429006,
2010-09-18,,
2010-09-19,,
2010-09-20,26.06618607,
2010-09-21,,
2010-09-22,,
2010-09-23,21.69503639,
2010-09-24,,
2010-09-25,,
2010-09-26,21.64285799,
2010-09-27,,
2010-09-28,,
2010-09-29,29.30341212,
2010-09-30,,
2010-10-01,,
2010-10-02,28.63200209,
2010-10-03,,
2010-10-04,,
2010-10-05,19.71214075,
2010-10-06,,
2010-10-07,,
2010-10-08,15.92615272,
2010-10-09,,
2010-10-10,,
2010-10-11,24.96571473,
2010-10-12,,
2010-10-13,,
2010-10-14,24.22457792,
2010-10-15,,
2010-10-16,,
2010-10-17,26.83031505,
2010-10-18,,
2010-10-19,,
2010-10-20,27.18911321,
2010-10-21,,
2010-10-22,,
2010-10-23,35.25620878,
2010-10-24,,
2010-10-25,,
2010-10-26,21.44104213,
2010-10-27,,
2010-10-28,,
2010-10-29,30.10294235,
2010-10-30,,
2010-10-31,,
2010-11-01,21.93415353,
2010-11-02,,
2010-11-03,,
2010-11-04,45.77723993,
2010-11-05,,
2010-11-06,,
2010-11-07,25.83722529,
2010-11-08,,
2010-11-09,,
2010-11-10,18.36745323,
2010-11-11,,
2010-11-12,,
2010-11-13,42.65560314,
2010-11-14,,
2010-11-15,,
2010-11-16,22.39665507,
2010-11-17,,
2010-11-18,,
2010-11-19,21.93895969,
2010-11-20,,
2010-11-21,,
2010-11-22,41.35604956,
2010-11-23,,
2010-11-24,,
2010-11-25,27.74566612,
2010-11-26,,
2010-11-27,,
2010-11-28,31.30646103,
2010-11-29,,
2010-11-30,,
2010-12-01,47.83209511,
2010-12-02,,
2010-12-03,,
2010-12-04,47.48796128,
2010-12-05,,
2010-12-06,,
2010-12-07,49.81655066,
2010-12-08,,
2010-12-09,,
2010-12-10,31.195632,
2010-12-11,,
2010-12-12,,
2010-12-13,39.86561437,
2010-12-14,,
2010-12-15,,
2010-12-16,21.53985746,
2010-12-17,,
2010-12-18,,
2010-12-19,26.99346235,
2010-12-20,,
2010-12-21,,
2010-12-22,19.75917079,
2010-12-23,,
2010-12-24,,
2010-12-25,19.57700598,
2010-12-26,,
2010-12-27,,
2010-12-28,21.75429025,
2010-12-29,,
2010-12-30,,
2010-12-31,,
2011-01-01,,
2011-01-02,,
2011-01-03,,
2011-01-04,,
2011-01-05,,
2011-01-06,,
2011-01-07,,
2011-01-08,,
2011-01-09,,
2011-01-10,,
2011-01-11,,
2011-01-12,,
2011-01-13,,
2011-01-14,,
2011-01-15,,
2011-01-16,,
2011-01-17,,
2011-01-18,,
2011-01-19,,
2011-01-20,,
2011-01-21,,
2011-01-22,,
2011-01-23,,
2011-01-24,,
2011-01-25,,
2011-01-26,,
2011-01-27,,
2011-01-28,,
2011-01-29,,
2011-01-30,,
2011-01-31,,
2011-02-01,,
2011-02-02,,
2011-02-03,,
2011-02-04,,
2011-02-05,,
2011-02-06,,
2011-02-07,,
2011-02-08,,
2011-02-09,,
2011-02-10,,
2011-02-11,,
2011-02-12,,
2011-02-13,,
2011-02-14,,
2011-02-15,,
2011-02-16,,
2011-02-17,,
2011-02-18,,
2011-02-19,,
2011-02-20,,
2011-02-21,,
2011-02-22,,
2011-02-23,,
2011-02-24,,
2011-02-25,,
2011-02-26,,
2011-02-27,,
2011-02-28,,
2011-03-01,,
2011-03-02,,
2011-03-03,,
2011-03-04,,
2011-03-05,,
2011-03-06,,
2011-03-07,,
2011-03-08,,
2011-03-09,,
2011-03-10,,
2011-03-11,,
2011-03-12,,
2011-03-13,,
2011-03-14,,
2011-03-15,,
2011-03-16,,
2011-03-17,,
2011-03-18,,
2011-03-19,,
2011-03-20,,
2011-03-21,,
2011-03-22,,
2011-03-23,,
2011-03-24,,
2011-03-25,,
2011-03-26,,
2011-03-27,,
2011-03-28,,
2011-03-29,,
2011-03-30,,
2011-03-31,,
2011-04-01,,
2011-04-02,,
2011-04-03,,
2011-04-04,,
2011-04-05,,
2011-04-06,,
2011-04-07,,
2011-04-08,,
2011-04-09,55.57005632,
2011-04-10,,
2011-04-11,,
2011-04-12,,
2011-04-13,30.80849319,
2011-04-14,,
2011-04-15,21.01016334,
2011-04-16,,
2011-04-17,,
2011-04-18,30.73399908,
2011-04-19,,
2011-04-20,24.7174402,
2011-04-21,,
2011-04-22,,
2011-04-23,,
2011-04-24,22.56432867,
2011-04-25,,
2011-04-26,,
2011-04-27,25.39098664,
2011-04-28,,
2011-04-29,,
2011-04-30,37.54083162,
2011-05-01,,
2011-05-02,,
2011-05-03,,
2011-05-04,34.13042749,
2011-05-05,,
2011-05-06,34.08075652,
2011-05-07,,
2011-05-08,,
2011-05-09,31.77172673,
2011-05-10,,
2011-05-11,,
2011-05-12,42.09402082,
2011-05-13,,
2011-05-14,,
2011-05-15,25.02629541,
2011-05-16,,
2011-05-17,,
2011-05-18,34.71583141,
2011-05-19,,
2011-05-20,,
2011-05-21,28.92972938,
2011-05-22,,
2011-05-23,,
2011-05-24,17.78411657,
2011-05-25,,
2011-05-26,,
2011-05-27,27.65397072,
2011-05-28,,
2011-05-29,,
2011-05-30,,
2011-05-31,,
2011-06-01,,
2011-06-02,84.80079861,
2011-06-03,,
2011-06-04,,
2011-06-05,43.79523,
2011-06-06,,
2011-06-07,,
2011-06-08,86.91671393,
2011-06-09,,
2011-06-10,,
2011-06-11,9.69703779,
2011-06-12,,
2011-06-13,,
2011-06-14,39.13943998,
2011-06-15,,
2011-06-16,,
2011-06-17,32.30341513,
2011-06-18,,
2011-06-19,,
2011-06-20,24.24657478,
2011-06-21,,
2011-06-22,,
2011-06-23,24.58605569,
2011-06-24,,
2011-06-25,,
2011-06-26,19.74057771,
2011-06-27,,
2011-06-28,,
2011-06-29,27.93990802,
2011-06-30,,
2011-07-01,,
2011-07-02,35.04431963,
2011-07-03,,
2011-07-04,,
2011-07-05,20.37798291,
2011-07-06,,
2011-07-07,,
2011-07-08,42.85029509,
2011-07-09,,
2011-07-10,,
2011-07-11,30.1102824,
2011-07-12,,
2011-07-13,,
2011-07-14,25.00068269,
2011-07-15,,
2011-07-16,,
2011-07-17,21.16563689,
2011-07-18,,
2011-07-19,,
2011-07-20,20.788138,
2011-07-21,,
2011-07-22,,
2011-07-23,40.59972541,
2011-07-24,,
2011-07-25,,
2011-07-26,30.98657673,
2011-07-27,,
2011-07-28,,
2011-07-29,36.22088743,
2011-07-30,,
2011-07-31,,
2011-08-01,25.69517347,
2011-08-02,,
2011-08-03,,
2011-08-04,39.7608257,
2011-08-05,,
2011-08-06,,
2011-08-07,35.59792955,
2011-08-08,,
2011-08-09,,
2011-08-10,39.33754662,
2011-08-11,,
2011-08-12,,
2011-08-13,21.2800586,
2011-08-14,,
2011-08-15,,
2011-08-16,16.47056252,
2011-08-17,,
2011-08-18,,
2011-08-19,27.39063718,
2011-08-20,,
2011-08-21,,
2011-08-22,8.91660974,
2011-08-23,,
2011-08-24,,
2011-08-25,49.03961672,
2011-08-26,,
2011-08-27,,
2011-08-28,36.11427039,
2011-08-29,,
2011-08-30,,
2011-08-31,42.86666926,
2011-09-01,,
2011-09-02,,
2011-09-03,27.13395573,
2011-09-04,,
2011-09-05,,
2011-09-06,26.39221415,
2011-09-07,,
2011-09-08,,
2011-09-09,31.40311149,
2011-09-10,,
2011-09-11,,
2011-09-12,25.0625475,
2011-09-13,,
2011-09-14,,
2011-09-15,9.36103359,
2011-09-16,,
2011-09-17,,
2011-09-18,31.97955945,
2011-09-19,,
2011-09-20,,
2011-09-21,44.95777169,
2011-09-22,,
2011-09-23,,
2011-09-24,33.71784244,
2011-09-25,,
2011-09-26,,
2011-09-27,26.86580642,
2011-09-28,,
2011-09-29,,
2011-09-30,23.23951823,
2011-10-01,,
2011-10-02,,
2011-10-03,27.47147097,
2011-10-04,,
2011-10-05,,
2011-10-06,19.40653481,
2011-10-07,,
2011-10-08,,
2011-10-09,30.05831439,
2011-10-10,,
2011-10-11,,
2011-10-12,29.30116433,
2011-10-13,,
2011-10-14,,
2011-10-15,26.67870529,
2011-10-16,,
2011-10-17,,
2011-10-18,28.72637588,
2011-10-19,,
2011-10-20,,
2011-10-21,27.38245155,
2011-10-22,,
2011-10-23,,
2011-10-24,41.64187962,
2011-10-25,,
2011-10-26,,
2011-10-27,27.18577407,
2011-10-28,,
2011-10-29,,
2011-10-30,32.36750641,
2011-10-31,,
2011-11-01,,
2011-11-02,8.61552983,
2011-11-03,,
2011-11-04,,
2011-11-05,37.59344264,
2011-11-06,,
2011-11-07,,
2011-11-08,41.64626147,
2011-11-09,,
2011-11-10,,
2011-11-11,29.4180491,
2011-11-12,,
2011-11-13,,
2011-11-14,17.36927472,
2011-11-15,,
2011-11-16,,
2011-11-17,13.45441213,
2011-11-18,,
2011-11-19,,
2011-11-20,26.31565952,
2011-11-21,,
2011-11-22,,
2011-11-23,13.08390937,
2011-11-24,,
2011-11-25,,
2011-11-26,39.28819197,
2011-11-27,,
2011-11-28,,
2011-11-29,30.89728639,
2011-11-30,,
2011-12-01,,
2011-12-02,28.29354755,
2011-12-03,,
2011-12-04,,
2011-12-05,20.56263097,
2011-12-06,,
2011-12-07,,
2011-12-08,38.72803349,
2011-12-09,,
2011-12-10,,
2011-12-11,27.08113263,
2011-12-12,,
2011-12-13,,
2011-12-14,64.15768403,
2011-12-15,,
2011-12-16,,
2011-12-17,32.66679573,
2011-12-18,,
2011-12-19,,
2011-12-20,29.35116465,
2011-12-21,,
2011-12-22,,
2011-12-23,35.45939278,
2011-12-24,,
2011-12-25,,
2011-12-26,27.3503118,
2011-12-27,,
2011-12-28,,
2011-12-29,28.68432076,
2011-12-30,,
2011-12-31,,
2012-01-01,38.56662391,
2012-01-02,,
2012-01-03,,
2012-01-04,29.61342357,
2012-01-05,,
2012-01-06,,
2012-01-07,33.28148686,
2012-01-08,,
2012-01-09,,
2012-01-10,30.88857725,
2012-01-11,,
2012-01-12,,
2012-01-13,36.52811663,
2012-01-14,,
2012-01-15,,
2012-01-16,43.67513893,
2012-01-17,,
2012-01-18,,
2012-01-19,41.30410526,
2012-01-20,,
2012-01-21,,
2012-01-22,31.16672797,
2012-01-23,,
2012-01-24,,
2012-01-25,50.69273132,
2012-01-26,,
2012-01-27,,
2012-01-28,55.88120298,
2012-01-29,,
2012-01-30,,
2012-01-31,29.40315715,
2012-02-01,,
2012-02-02,,
2012-02-03,36.7957561,
2012-02-04,,
2012-02-05,,
2012-02-06,21.20369001,
2012-02-07,,
2012-02-08,,
2012-02-09,30.28264543,
2012-02-10,,
2012-02-11,,
2012-02-12,35.82690009,
2012-02-13,,
2012-02-14,,
2012-02-15,43.31571377,
2012-02-16,,
2012-02-17,,
2012-02-18,48.82111774,
2012-02-19,,
2012-02-20,,
2012-02-21,23.15238157,
2012-02-22,,
2012-02-23,,
2012-02-24,47.64725103,
2012-02-25,,
2012-02-26,,
2012-02-27,,
2012-02-28,,
2012-02-29,,
2012-03-01,53.28371231,
2012-03-02,,
2012-03-03,,
2012-03-04,25.91144997,
2012-03-05,,
2012-03-06,,
2012-03-07,53.53714945,
2012-03-08,,
2012-03-09,,
2012-03-10,53.56669035,
2012-03-11,,
2012-03-12,,
2012-03-13,41.47864589,
2012-03-14,,
2012-03-15,,
2012-03-16,27.82372433,
2012-03-17,,
2012-03-18,,
2012-03-19,22.3511621,
2012-03-20,,
2012-03-21,,
2012-03-22,27.95024823,
2012-03-23,,
2012-03-24,,
2012-03-25,27.56834263,
2012-03-26,,
2012-03-27,,
2012-03-28,36.56606223,
2012-03-29,,
2012-03-30,,
2012-03-31,30.75812492,
2012-04-01,,
2012-04-02,,
2012-04-03,24.23203112,
2012-04-04,,
2012-04-05,,
2012-04-06,27.4684772,
2012-04-07,,
2012-04-08,,
2012-04-09,21.92642872,
2012-04-10,,
2012-04-11,,
2012-04-12,20.83074131,
2012-04-13,,
2012-04-14,,
2012-04-15,22.50880037,
2012-04-16,,
2012-04-17,,
2012-04-18,32.20041765,
2012-04-19,,
2012-04-20,,
2012-04-21,35.5223835,
2012-04-22,,
2012-04-23,,
2012-04-24,18.80405266,
2012-04-25,,
2012-04-26,,
2012-04-27,28.22556765,
2012-04-28,,
2012-04-29,,
2012-04-30,26.12152662,
2012-05-01,,
2012-05-02,,
2012-05-03,23.72444162,
2012-05-04,,
2012-05-05,,
2012-05-06,24.16356722,
2012-05-07,,
2012-05-08,,
2012-05-09,,
2012-05-10,,
2012-05-11,,
2012-05-12,,
2012-05-13,,
2012-05-14,,
2012-05-15,,
2012-05-16,,
2012-05-17,,
2012-05-18,,
2012-05-19,,
2012-05-20,,
2012-05-21,,
2012-05-22,,
2012-05-23,,
2012-05-24,,
2012-05-25,,
2012-05-26,,
2012-05-27,,
2012-05-28,,
2012-05-29,,
2012-05-30,,
2012-05-31,,
2012-06-01,,
2012-06-02,62.35319506,
2012-06-03,,
2012-06-04,,
2012-06-05,30.92188049,
2012-06-06,,
2012-06-07,,
2012-06-08,30.04614451,
2012-06-09,,
2012-06-10,,
2012-06-11,29.32180388,
2012-06-12,,
2012-06-13,,
2012-06-14,24.33770665,
2012-06-15,,
2012-06-16,,
2012-06-17,31.76827618,
2012-06-18,,
2012-06-19,,
2012-06-20,23.26147208,
2012-06-21,,
2012-06-22,,
2012-06-23,50.75627632,
2012-06-24,,
2012-06-25,,
2012-06-26,68.48535895,
2012-06-27,,
2012-06-28,,
2012-06-29,31.90518714,
2012-06-30,,
2012-07-01,,
2012-07-02,21.92531198,
2012-07-03,,
2012-07-04,,
2012-07-05,23.01926378,
2012-07-06,,
2012-07-07,,
2012-07-08,34.16369983,
2012-07-09,,
2012-07-10,,
2012-07-11,23.98424132,
2012-07-12,,
2012-07-13,,
2012-07-14,30.73339333,
2012-07-15,,
2012-07-16,,
2012-07-17,29.51846898,
2012-07-18,,
2012-07-19,,
2012-07-20,45.64510225,
2012-07-21,,
2012-07-22,,
2012-07-23,26.91409633,
2012-07-24,,
2012-07-25,,
2012-07-26,50.95350132,
2012-07-27,,
2012-07-28,,
2012-07-29,21.75140364,
2012-07-30,,
2012-07-31,,
2012-08-01,29.27687228,
2012-08-02,,
2012-08-03,,
2012-08-04,47.35381972,
2012-08-05,,
2012-08-06,,
2012-08-07,25.37411441,
2012-08-08,,
2012-08-09,,
2012-08-10,26.91309439,
2012-08-11,,
2012-08-12,,
2012-08-13,26.17339533,
2012-08-14,,
2012-08-15,,
2012-08-16,29.76144057,
2012-08-17,,
2012-08-18,,
2012-08-19,20.07866595,
2012-08-20,,
2012-08-21,,
2012-08-22,26.07716059,
2012-08-23,,
2012-08-24,,
2012-08-25,29.19031078,
2012-08-26,,
2012-08-27,,
2012-08-28,34.55874178,
2012-08-29,,
2012-08-30,,
2012-08-31,,
2012-09-01,,
2012-09-02,,
2012-09-03,31.70270583,
2012-09-04,,
2012-09-05,,
2012-09-06,25.68069938,
2012-09-07,,
2012-09-08,,
2012-09-09,22.86088739,
2012-09-10,,
2012-09-11,,
2012-09-12,33.76884181,
2012-09-13,,
2012-09-14,,
2012-09-15,57.79516131,
2012-09-16,,
2012-09-17,,
2012-09-18,29.63164046,
2012-09-19,,
2012-09-20,,
2012-09-21,18.60725666,
2012-09-22,,
2012-09-23,,
2012-09-24,26.30702094,
2012-09-25,,
2012-09-26,,
2012-09-27,53.55894937,
2012-09-28,,
2012-09-29,,
2012-09-30,44.62479917,
2012-10-01,,
2012-10-02,,
2012-10-03,17.43664236,
2012-10-04,,
2012-10-05,,
2012-10-06,28.41870901,
2012-10-07,,
2012-10-08,,
2012-10-09,23.59059967,
2012-10-10,,
2012-10-11,,
2012-10-12,21.84186876,
2012-10-13,,
2012-10-14,,
2012-10-15,39.02307666,
2012-10-16,,
2012-10-17,,
2012-10-18,22.07994257,
2012-10-19,,
2012-10-20,,
2012-10-21,,
2012-10-22,,
2012-10-23,,
2012-10-24,38.2773791,
2012-10-25,,
2012-10-26,,
2012-10-27,24.12141135,
2012-10-28,,
2012-10-29,,
2012-10-30,18.63327373,
2012-10-31,,
2012-11-01,,
2012-11-02,10.53256878,
2012-11-03,,
2012-11-04,,
2012-11-05,33.83912051,
2012-11-06,,
2012-11-07,,
2012-11-08,45.1308487,
2012-11-09,,
2012-11-10,,
2012-11-11,20.31069725,
2012-11-12,,
2012-11-13,,
2012-11-14,29.22087872,
2012-11-15,,
2012-11-16,,
2012-11-17,21.68326855,
2012-11-18,,
2012-11-19,,
2012-11-20,23.56715206,
2012-11-21,,
2012-11-22,,
2012-11-23,23.90897785,
2012-11-24,,
2012-11-25,,
2012-11-26,25.84430926,
2012-11-27,,
2012-11-28,,
2012-11-29,23.58218666,
2012-11-30,,
2012-12-01,,
2012-12-02,26.33095888,
2012-12-03,,
2012-12-04,,
2012-12-05,23.72455304,
2012-12-06,,
2012-12-07,,
2012-12-08,28.13336731,
2012-12-09,,
2012-12-10,,
2012-12-11,33.06610825,
2012-12-12,,
2012-12-13,,
2012-12-14,39.36038718,
2012-12-15,,
2012-12-16,,
2012-12-17,27.90282939,
2012-12-18,,
2012-12-19,,
2012-12-20,13.75239577,
2012-12-21,,
2012-12-22,,
2012-12-23,21.46359905,
2012-12-24,,
2012-12-25,,
2012-12-26,21.91078526,
2012-12-27,,
2012-12-28,,
2012-12-29,,
2012-12-30,,
2012-12-31,,
2013-01-01,22.98781058,
2013-01-02,,
2013-01-03,,
2013-01-04,34.6085928,
2013-01-05,,
2013-01-06,,
2013-01-07,32.23711319,
2013-01-08,,
2013-01-09,,
2013-01-10,40.70392584,
2013-01-11,,
2013-01-12,,
2013-01-13,33.46948015,
2013-01-14,,
2013-01-15,,
2013-01-16,33.55854561,
2013-01-17,,
2013-01-18,,
2013-01-19,,
2013-01-20,,
2013-01-21,,
2013-01-22,43.04468455,
2013-01-23,,
2013-01-24,,
2013-01-25,37.77891579,
2013-01-26,,
2013-01-27,,
2013-01-28,39.11405574,
2013-01-29,,
2013-01-30,,
2013-01-31,33.94458112,
2013-02-01,,
2013-02-02,,
2013-02-03,,
2013-02-04,,
2013-02-05,,
2013-02-06,,
2013-02-07,,
2013-02-08,,
2013-02-09,,
2013-02-10,,
2013-02-11,,
2013-02-12,,
2013-02-13,,
2013-02-14,,
2013-02-15,,
2013-02-16,,
2013-02-17,,
2013-02-18,,
2013-02-19,,
2013-02-20,,
2013-02-21,,
2013-02-22,,
2013-02-23,,
2013-02-24,,
2013-02-25,,
2013-02-26,,
2013-02-27,,
2013-02-28,,
2013-03-01,,
2013-03-02,32.80247817,
2013-03-03,,
2013-03-04,,
2013-03-05,30.40815277,
2013-03-06,,
2013-03-07,,
2013-03-08,53.11759561,
2013-03-09,,
2013-03-10,,
2013-03-11,35.77173439,
2013-03-12,,
2013-03-13,,
2013-03-14,36.25085916,
2013-03-15,,
2013-03-16,,
2013-03-17,21.94575249,
2013-03-18,,
2013-03-19,,
2013-03-20,32.71548737,
2013-03-21,,
2013-03-22,,
2013-03-23,41.55524081,
2013-03-24,,
2013-03-25,,
2013-03-26,46.40693476,
2013-03-27,,
2013-03-28,,
2013-03-29,29.37283537,
2013-03-30,,
2013-03-31,,
2013-04-01,,
2013-04-02,20.34171797,
2013-04-03,,
2013-04-04,38.83228372,
2013-04-05,,
2013-04-06,,
2013-04-07,32.32719564,
2013-04-08,,
2013-04-09,,
2013-04-10,31.31595302,
2013-04-11,,
2013-04-12,,
2013-04-13,42.27648522,
2013-04-14,,
2013-04-15,,
2013-04-16,27.07480927,
2013-04-17,,
2013-04-18,,
2013-04-19,44.64954026,
2013-04-20,,
2013-04-21,,
2013-04-22,,
2013-04-23,,
2013-04-24,,
2013-04-25,23.88840835,
2013-04-26,,
2013-04-27,,
2013-04-28,27.04455891,
2013-04-29,,
2013-04-30,,
2013-05-01,35.49573397,
2013-05-02,,
2013-05-03,,
2013-05-04,29.44576039,
2013-05-05,,
2013-05-06,,
2013-05-07,23.40800189,
2013-05-08,,
2013-05-09,,
2013-05-10,17.89933498,
2013-05-11,,
2013-05-12,,
2013-05-13,19.47969288,
2013-05-14,,
2013-05-15,,
2013-05-16,26.29493151,
2013-05-17,,
2013-05-18,,
2013-05-19,15.70471605,
2013-05-20,,
2013-05-21,,
2013-05-22,18.66358702,
2013-05-23,,
2013-05-24,,
2013-05-25,26.52629928,
2013-05-26,,
2013-05-27,,
2013-05-28,28.22666818,
2013-05-29,,
2013-05-30,,
2013-05-31,21.18875686,
2013-06-01,,
2013-06-02,,
2013-06-03,33.2880115,
2013-06-04,,
2013-06-05,,
2013-06-06,25.16280338,
2013-06-07,,
2013-06-08,,
2013-06-09,26.13317994,
2013-06-10,,
2013-06-11,,
2013-06-12,15.4581923,
2013-06-13,,
2013-06-14,,
2013-06-15,20.20756941,
2013-06-16,,
2013-06-17,,
2013-06-18,30.88484602,
2013-06-19,,
2013-06-20,,
2013-06-21,31.79213922,
2013-06-22,,
2013-06-23,,
2013-06-24,20.31027696,
2013-06-25,,
2013-06-26,,
2013-06-27,20.13952919,
2013-06-28,,
2013-06-29,,
2013-06-30,32.12344749,
2013-07-01,,
2013-07-02,,
2013-07-03,33.7,
2013-07-04,,
2013-07-05,,
2013-07-06,33.2,
2013-07-07,,
2013-07-08,,
2013-07-09,31.2,
2013-07-10,,
2013-07-11,,
2013-07-12,43.9,
2013-07-13,,
2013-07-14,,
2013-07-15,47.3,
2013-07-16,,
2013-07-17,,
2013-07-18,41.2,
2013-07-19,,
2013-07-20,,
2013-07-21,31.8,
2013-07-22,,
2013-07-23,,
2013-07-24,49.0,
2013-07-25,,
2013-07-26,,
2013-07-27,34.4,
2013-07-28,,
2013-07-29,,
2013-07-30,35.5,
2013-07-31,,
2013-08-01,,
2013-08-02,17.90471597,
2013-08-03,,
2013-08-04,,
2013-08-05,31.55346968,
2013-08-06,,
2013-08-07,,
2013-08-08,20.5702004,
2013-08-09,,
2013-08-10,,
2013-08-11,28.38051607,
2013-08-12,,
2013-08-13,,
2013-08-14,29.26866311,
2013-08-15,,
2013-08-16,,
2013-08-17,22.11202818,
2013-08-18,,
2013-08-19,,
2013-08-20,18.49596218,
2013-08-21,,
2013-08-22,,
2013-08-23,24.29952596,
2013-08-24,,
2013-08-25,,
2013-08-26,20.88817338,
2013-08-27,,
2013-08-28,,
2013-08-29,19.43352263,
2013-08-30,,
2013-08-31,,
2013-09-01,54.31479121,
2013-09-02,,
2013-09-03,,
2013-09-04,35.74468891,
2013-09-05,,
2013-09-06,,
2013-09-07,31.00418416,
2013-09-08,,
2013-09-09,,
2013-09-10,45.58912272,
2013-09-11,,
2013-09-12,,
2013-09-13,43.57897057,
2013-09-14,,
2013-09-15,,
2013-09-16,30.0176635,
2013-09-17,,
2013-09-18,,
2013-09-19,28.62290375,
2013-09-20,,
2013-09-21,,
2013-09-22,37.93378219,
2013-09-23,,
2013-09-24,,
2013-09-25,43.56320178,
2013-09-26,,
2013-09-27,,
2013-09-28,35.46191618,
2013-09-29,,
2013-09-30,,
2013-10-01,24.47722713,
2013-10-02,,
2013-10-03,,
2013-10-04,28.09293338,
2013-10-05,,
2013-10-06,,
2013-10-07,25.25634987,
2013-10-08,,
2013-10-09,,
2013-10-10,18.69731384,
2013-10-11,,
2013-10-12,,
2013-10-13,21.22744429,
2013-10-14,,
2013-10-15,,
2013-10-16,14.04711495,
2013-10-17,,
2013-10-18,,
2013-10-19,23.97959357,
2013-10-20,,
2013-10-21,,
2013-10-22,52.61917247,
2013-10-23,,
2013-10-24,,
2013-10-25,17.92448535,
2013-10-26,,
2013-10-27,,
2013-10-28,18.49911365,
2013-10-29,,
2013-10-30,,
2013-10-31,22.99981629,
2013-11-01,,
2013-11-02,,
2013-11-03,10.13099633,
2013-11-04,,
2013-11-05,,
2013-11-06,15.07842145,
2013-11-07,,
2013-11-08,,
2013-11-09,17.49991597,
2013-11-10,,
2013-11-11,,
2013-11-12,15.3209688,
2013-11-13,,
2013-11-14,,
2013-11-15,18.73672512,
2013-11-16,,
2013-11-17,,
2013-11-18,27.74271933,
2013-11-19,,
2013-11-20,,
2013-11-21,18.94243922,
2013-11-22,,
2013-11-23,,
2013-11-24,,
2013-11-25,,
2013-11-26,,
2013-11-27,24.30532659,
2013-11-28,,
2013-11-29,,
2013-11-30,17.82254084,
2013-12-01,,
2013-12-02,,
2013-12-03,25.53486567,
2013-12-04,,
2013-12-05,,
2013-12-06,22.65266774,
2013-12-07,,
2013-12-08,,
2013-12-09,22.32890432,
2013-12-10,,
2013-12-11,,
2013-12-12,24.95801739,
2013-12-13,,
2013-12-14,,
2013-12-15,14.62711593,
2013-12-16,,
2013-12-17,,
2013-12-18,28.95545315,
2013-12-19,,
2013-12-20,,
2013-12-21,26.89939559,
2013-12-22,,
2013-12-23,,
2013-12-24,23.024443,
2013-12-25,,
2013-12-26,,
2013-12-27,34.52671475,
2013-12-28,,
2013-12-29,,
2013-12-30,30.28982174,
2013-12-31,,
2014-01-01,30.46565548,
2014-01-02,,
2014-01-03,,
2014-01-04,34.9473923,
2014-01-05,,
2014-01-06,,
2014-01-07,30.3373518,
2014-01-08,,
2014-01-09,,
2014-01-10,28.51026088,
2014-01-11,,
2014-01-12,,
2014-01-13,34.81784744,
2014-01-14,,
2014-01-15,,
2014-01-16,39.37461507,
2014-01-17,,
2014-01-18,,
2014-01-19,24.40097982,
2014-01-20,,
2014-01-21,,
2014-01-22,23.52994288,
2014-01-23,,
2014-01-24,,
2014-01-25,12.57255562,
2014-01-26,,
2014-01-27,,
2014-01-28,38.43749039,
2014-01-29,,
2014-01-30,,
2014-01-31,39.91134231,
2014-02-01,,
2014-02-02,,
2014-02-03,33.9,
2014-02-04,,
2014-02-05,,
2014-02-06,33.6,
2014-02-07,,
2014-02-08,,
2014-02-09,34.0,
2014-02-10,,
2014-02-11,,
2014-02-12,30.3,
2014-02-13,,
2014-02-14,,
2014-02-15,36.8,
2014-02-16,,
2014-02-17,,
2014-02-18,62.3,
2014-02-19,,
2014-02-20,,
2014-02-21,41.6,
2014-02-22,,
2014-02-23,,
2014-02-24,46.8,
2014-02-25,,
2014-02-26,,
2014-02-27,23.2,
2014-02-28,,
2014-03-01,,
2014-03-02,27.63580654,
2014-03-03,,
2014-03-04,,
2014-03-05,45.39459758,
2014-03-06,,
2014-03-07,,
2014-03-08,40.39316438,
2014-03-09,,
2014-03-10,,
2014-03-11,41.93516877,
2014-03-12,,
2014-03-13,,
2014-03-14,66.97776782,
2014-03-15,,
2014-03-16,,
2014-03-17,58.5951972,
2014-03-18,,
2014-03-19,,
2014-03-20,60.78954115,
2014-03-21,,
2014-03-22,,
2014-03-23,45.67043753,
2014-03-24,,
2014-03-25,,
2014-03-26,37.28370552,
2014-03-27,,
2014-03-28,,
2014-03-29,55.02823881,
2014-03-30,,
2014-03-31,,
2014-04-01,61.3,
2014-04-02,,
2014-04-03,,
2014-04-04,34.6,
2014-04-05,,
2014-04-06,,
2014-04-07,20.7,
2014-04-08,,
2014-04-09,,
2014-04-10,33.1,
2014-04-11,,
2014-04-12,,
2014-04-13,36.1,
2014-04-14,,
2014-04-15,,
2014-04-16,43.1,
2014-04-17,,
2014-04-18,,
2014-04-19,16.1,
2014-04-20,,
2014-04-21,,
2014-04-22,18.6,
2014-04-23,,
2014-04-24,,
2014-04-25,57.7,
2014-04-26,,
2014-04-27,,
2014-04-28,23.4,
2014-04-29,,
2014-04-30,,
2014-05-01,,
2014-05-02,,
2014-05-03,,
2014-05-04,24.6,
2014-05-05,,
2014-05-06,,
2014-05-07,39.2,
2014-05-08,,
2014-05-09,,
2014-05-10,15.4,
2014-05-11,,
2014-05-12,,
2014-05-13,24.1,
2014-05-14,,
2014-05-15,,
2014-05-16,22.7,
2014-05-17,,
2014-05-18,,
2014-05-19,23.7,
2014-05-20,,
2014-05-21,,
2014-05-22,30.1,
2014-05-23,,
2014-05-24,,
2014-05-25,27.4,
2014-05-26,,
2014-05-27,,
2014-05-28,23.3,
2014-05-29,,
2014-05-30,,
2014-05-31,28.6,
2014-06-01,,
2014-06-02,,
2014-06-03,28.2,
2014-06-04,,
2014-06-05,,
2014-06-06,26.8,
2014-06-07,,
2014-06-08,,
2014-06-09,,
2014-06-10,,
2014-06-11,,
2014-06-12,36.4,
2014-06-13,,
2014-06-14,,
2014-06-15,18.4,
2014-06-16,,
2014-06-17,,
2014-06-18,47.2,
2014-06-19,,
2014-06-20,,
2014-06-21,39.9,
2014-06-22,,
2014-06-23,,
2014-06-24,27.7,
2014-06-25,,
2014-06-26,,
2014-06-27,92.8,
2014-06-28,,
2014-06-29,,
2014-06-30,23.4,
2014-07-01,,
2014-07-02,,
2014-07-03,,
2014-07-04,,
2014-07-05,,
2014-07-06,9.4,
2014-07-07,,
2014-07-08,,
2014-07-09,39.4,
2014-07-10,,
2014-07-11,,
2014-07-12,41.7,
2014-07-13,,
2014-07-14,,
2014-07-15,44.1,
2014-07-16,,
2014-07-17,,
2014-07-18,79.4,
2014-07-19,,
2014-07-20,,
2014-07-21,58.2,
2014-07-22,,
2014-07-23,,
2014-07-24,,
2014-07-25,,
2014-07-26,,
2014-07-27,22.8,
2014-07-28,,
2014-07-29,,
2014-07-30,38.7,
2014-07-31,,
2014-08-01,,
2014-08-02,,
2014-08-03,,
2014-08-04,,
2014-08-05,,
2014-08-06,,
2014-08-07,,
2014-08-08,,
2014-08-09,,
2014-08-10,,
2014-08-11,,
2014-08-12,,
2014-08-13,,
2014-08-14,29.5,
2014-08-15,,
2014-08-16,,
2014-08-17,26.1,
2014-08-18,,
2014-08-19,,
2014-08-20,35.9,
2014-08-21,,
2014-08-22,,
2014-08-23,15.0,
2014-08-24,,
2014-08-25,,
2014-08-26,22.9,
2014-08-27,,
2014-08-28,,
2014-08-29,,
2014-08-30,,
2014-08-31,,
2014-09-01,,
2014-09-02,,
2014-09-03,,
2014-09-04,21.0,
2014-09-05,,
2014-09-06,,
2014-09-07,29.0,
2014-09-08,,
2014-09-09,,
2014-09-10,17.9,
2014-09-11,,
2014-09-12,,
2014-09-13,12.5,
2014-09-14,,
2014-09-15,,
2014-09-16,17.0,
2014-09-17,,
2014-09-18,,
2014-09-19,29.4,
2014-09-20,,
2014-09-21,,
2014-09-22,23.0,
2014-09-23,,
2014-09-24,,
2014-09-25,19.5,
2014-09-26,,
2014-09-27,,
2014-09-28,24.8,
2014-09-29,,
2014-09-30,,
2014-10-01,36.4,
2014-10-02,,
2014-10-03,,
2014-10-04,23.8,
2014-10-05,,
2014-10-06,,
2014-10-07,21.0,
2014-10-08,,
2014-10-09,,
2014-10-10,28.9,
2014-10-11,,
2014-10-12,,
2014-10-13,18.6,
2014-10-14,,
2014-10-15,,
2014-10-16,20.5,
2014-10-17,,
2014-10-18,,
2014-10-19,,
2014-10-20,,
2014-10-21,,
2014-10-22,22.9,
2014-10-23,,
2014-10-24,,
2014-10-25,21.2,
2014-10-26,,
2014-10-27,,
2014-10-28,17.1,
2014-10-29,,
2014-10-30,,
2014-10-31,32.6,
2014-11-01,,
2014-11-02,,
2014-11-03,15.7,
2014-11-04,,
2014-11-05,,
2014-11-06,21.6,
2014-11-07,,
2014-11-08,,
2014-11-09,24.3,
2014-11-10,,
2014-11-11,,
2014-11-12,30.6,
2014-11-13,,
2014-11-14,,
2014-11-15,,
2014-11-16,,
2014-11-17,,
2014-11-18,,
2014-11-19,,
2014-11-20,,
2014-11-21,31.1,
2014-11-22,,
2014-11-23,,
2014-11-24,20.8,
2014-11-25,,
2014-11-26,,
2014-11-27,21.6,
2014-11-28,,
2014-11-29,,
2014-11-30,,
2014-12-01,20.7,
2014-12-02,,
2014-12-03,30.6,
2014-12-04,,
2014-12-05,,
2014-12-06,19.0,
2014-12-07,,
2014-12-08,,
2014-12-09,24.1,
2014-12-10,,
2014-12-11,,
2014-12-12,20.3,
2014-12-13,,
2014-12-14,,
2014-12-15,16.5,
2014-12-16,,
2014-12-17,,
2014-12-18,24.3,
2014-12-19,,
2014-12-20,,
2014-12-21,21.9,
2014-12-22,,
2014-12-23,,
2014-12-24,32.6,
2014-12-25,,
2014-12-26,,
2014-12-27,32.4,
2014-12-28,,
2014-12-29,,
2014-12-30,31.4,
2014-12-31,,
2015-01-01,,
2015-01-02,23.8,
2015-01-03,,
2015-01-04,,
2015-01-05,39.3,
2015-01-06,,
2015-01-07,,
2015-01-08,40.5,
2015-01-09,,
2015-01-10,,
2015-01-11,30.5,
2015-01-12,,
2015-01-13,,
2015-01-14,34.5,
2015-01-15,,
2015-01-16,,
2015-01-17,28.6,
2015-01-18,,
2015-01-19,,
2015-01-20,23.7,
2015-01-21,,
2015-01-22,,
2015-01-23,22.5,
2015-01-24,,
2015-01-25,,
2015-01-26,34.1,
2015-01-27,,
2015-01-28,,
2015-01-29,36.5,
2015-01-30,,
2015-01-31,,
2015-02-01,21.6,
2015-02-02,,
2015-02-03,,
2015-02-04,26.1,
2015-02-05,,
2015-02-06,,
2015-02-07,26.0,
2015-02-08,,
2015-02-09,,
2015-02-10,18.2,
2015-02-11,,
2015-02-12,,
2015-02-13,19.3,
2015-02-14,,
2015-02-15,,
2015-02-16,23.9,
2015-02-17,,
2015-02-18,,
2015-02-19,29.2,
2015-02-20,,
2015-02-21,,
2015-02-22,40.2,
2015-02-23,,
2015-02-24,,
2015-02-25,42.0,
2015-02-26,,
2015-02-27,,
2015-02-28,33.2,
2015-03-01,,
2015-03-02,,
2015-03-03,46.7,
2015-03-04,,
2015-03-05,,
2015-03-06,60.4,
2015-03-07,,
2015-03-08,,
2015-03-09,36.6,
2015-03-10,,
2015-03-11,,
2015-03-12,35.3,
2015-03-13,,
2015-03-14,,
2015-03-15,55.4,
2015-03-16,,
2015-03-17,,
2015-03-18,47.2,
2015-03-19,,
2015-03-20,,
2015-03-21,24.6,
2015-03-22,,
2015-03-23,,
2015-03-24,37.1,
2015-03-25,,
2015-03-26,,
2015-03-27,53.8,
2015-03-28,,
2015-03-29,,
2015-03-30,30.3,
2015-03-31,,
2015-04-01,,
2015-04-02,30.1,
2015-04-03,,
2015-04-04,,
2015-04-05,20.4,
2015-04-06,,
2015-04-07,,
2015-04-08,17.6,
2015-04-09,,
2015-04-10,,
2015-04-11,22.0,
2015-04-12,,
2015-04-13,,
2015-04-14,20.4,
2015-04-15,,
2015-04-16,,
2015-04-17,27.4,
2015-04-18,,
2015-04-19,,
2015-04-20,25.0,
2015-04-21,,
2015-04-22,,
2015-04-23,30.1,
2015-04-24,,
2015-04-25,,
2015-04-26,17.9,
2015-04-27,,
2015-04-28,,
2015-04-29,32.3,
2015-04-30,,
2015-05-01,,
2015-05-02,21.5,
2015-05-03,,
2015-05-04,,
2015-05-05,33.7,
2015-05-06,,
2015-05-07,,
2015-05-08,25.0,
2015-05-09,,
2015-05-10,,
2015-05-11,39.8,
2015-05-12,,
2015-05-13,,
2015-05-14,24.8,
2015-05-15,,
2015-05-16,,
2015-05-17,10.5,
2015-05-18,,
2015-05-19,,
2015-05-20,16.5,
2015-05-21,,
2015-05-22,,
2015-05-23,26.3,
2015-05-24,,
2015-05-25,,
2015-05-26,22.4,
2015-05-27,,
2015-05-28,,
2015-05-29,14.0,
2015-05-30,,
2015-05-31,,
2015-06-01,30.6,
2015-06-02,,
2015-06-03,,
2015-06-04,28.2,
2015-06-05,,
2015-06-06,,
2015-06-07,13.3,
2015-06-08,,
2015-06-09,,
2015-06-10,20.5,
2015-06-11,,
2015-06-12,,
2015-06-13,21.9,
2015-06-14,,
2015-06-15,,
2015-06-16,27.0,
2015-06-17,,
2015-06-18,,
2015-06-19,40.0,
2015-06-20,,
2015-06-21,,
2015-06-22,17.5,
2015-06-23,,
2015-06-24,,
2015-06-25,36.2,
2015-06-26,,
2015-06-27,,
2015-06-28,31.7,
2015-06-29,,
2015-06-30,,
2015-07-01,42.5,
2015-07-02,,
2015-07-03,,
2015-07-04,38.4,
2015-07-05,,
2015-07-06,,
2015-07-07,16.4,
2015-07-08,,
2015-07-09,,
2015-07-10,,
2015-07-11,,
2015-07-12,,
2015-07-13,14.4,
2015-07-14,,
2015-07-15,,
2015-07-16,19.7,
2015-07-17,,
2015-07-18,,
2015-07-19,12.9,
2015-07-20,,
2015-07-21,,
2015-07-22,17.3,
2015-07-23,,
2015-07-24,,
2015-07-25,42.5,
2015-07-26,,
2015-07-27,,
2015-07-28,24.6,
2015-07-29,,
2015-07-30,,
2015-07-31,19.8,
2015-08-01,,
2015-08-02,,
2015-08-03,29.6,
2015-08-04,,
2015-08-05,,
2015-08-06,36.3,
2015-08-07,,
2015-08-08,,
2015-08-09,18.5,
2015-08-10,,
2015-08-11,,
2015-08-12,,
2015-08-13,24.5,
2015-08-14,,
2015-08-15,30.1,
2015-08-16,,
2015-08-17,,
2015-08-18,21.7,
2015-08-19,,
2015-08-20,,
2015-08-21,35.2,
2015-08-22,,
2015-08-23,22.3,
2015-08-24,,
2015-08-25,18.5,
2015-08-26,,
2015-08-27,20.6,
2015-08-28,,
2015-08-29,40.0,
2015-08-30,,
2015-08-31,24.3,
2015-09-01,,
2015-09-02,29.8,
2015-09-03,,
2015-09-04,,
2015-09-05,,
2015-09-06,21.7,
2015-09-07,,
2015-09-08,26.6,
2015-09-09,,
2015-09-10,17.8,
2015-09-11,,
2015-09-12,,
2015-09-13,,
2015-09-14,41.6,
2015-09-15,,
2015-09-16,,
2015-09-17,,
2015-09-18,30.4,
2015-09-19,,
2015-09-20,22.1,
2015-09-21,,
2015-09-22,,
2015-09-23,,
2015-09-24,,
2015-09-25,29.1,
2015-09-26,,
2015-09-27,31.2,
2015-09-28,,
2015-09-29,30.7,
2015-09-30,,
2015-10-01,36.1,
2015-10-02,,
2015-10-03,24.8,
2015-10-04,,
2015-10-05,,
2015-10-06,,
2015-10-07,,
2015-10-08,,
2015-10-09,17.3,
2015-10-10,,
2015-10-11,20.0,
2015-10-12,,
2015-10-13,17.3,
2015-10-14,,
2015-10-15,18.2,
2015-10-16,,
2015-10-17,20.0,
2015-10-18,,
2015-10-19,30.7,
2015-10-20,,
2015-10-21,28.4,
2015-10-22,,
2015-10-23,33.1,
2015-10-24,,
2015-10-25,32.5,
2015-10-26,,
2015-10-27,26.8,
2015-10-28,,
2015-10-29,,
2015-10-30,,
2015-10-31,21.2,
2015-11-01,,
2015-11-02,26.4,
2015-11-03,,
2015-11-04,13.6,
2015-11-05,,
2015-11-06,13.3,
2015-11-07,,
2015-11-08,15.8,
2015-11-09,,
2015-11-10,13.2,
2015-11-11,,
2015-11-12,18.2,
2015-11-13,,
2015-11-14,,
2015-11-15,,
2015-11-16,,
2015-11-17,,
2015-11-18,17.8,
2015-11-19,,
2015-11-20,24.0,
2015-11-21,,
2015-11-22,16.3,
2015-11-23,,
2015-11-24,,
2015-11-25,19.2,
2015-11-26,,
2015-11-27,,
2015-11-28,23.1,
2015-11-29,,
2015-11-30,,
2015-12-01,21.8,
2015-12-02,,
2015-12-03,,
2015-12-04,21.7,
2015-12-05,,
2015-12-06,,
2015-12-07,25.1,
2015-12-08,,
2015-12-09,,
2015-12-10,22.5,
2015-12-11,,
2015-12-12,,
2015-12-13,27.2,
2015-12-14,,
2015-12-15,,
2015-12-16,17.3,
2015-12-17,,
2015-12-18,,
2015-12-19,13.8,
2015-12-20,,
2015-12-21,,
2015-12-22,28.8,
2015-12-23,,
2015-12-24,,
2015-12-25,29.3,
2015-12-26,,
2015-12-27,,
2015-12-28,30.9,
2015-12-29,,
2015-12-30,,
2015-12-31,,
2016-01-01,25.0,
2016-01-02,,
2016-01-03,17.9,
2016-01-04,,
2016-01-05,,
2016-01-06,21.1,
2016-01-07,,
2016-01-08,,
2016-01-09,26.1,
2016-01-10,,
2016-01-11,,
2016-01-12,33.8,
2016-01-13,,
2016-01-14,,
2016-01-15,32.0,
2016-01-16,,
2016-01-17,,
2016-01-18,37.2,
2016-01-19,,
2016-01-20,,
2016-01-21,40.6,
2016-01-22,,
2016-01-23,,
2016-01-24,27.1,
2016-01-25,,
2016-01-26,,
2016-01-27,40.3,
2016-01-28,,
2016-01-29,,
2016-01-30,42.7,
2016-01-31,,
2016-02-01,,
2016-02-02,45.7,
2016-02-03,,
2016-02-04,,
2016-02-05,39.3,
2016-02-06,,
2016-02-07,,
2016-02-08,39.1,
2016-02-09,,
2016-02-10,,
2016-02-11,24.9,
2016-02-12,,
2016-02-13,,
2016-02-14,35.3,
2016-02-15,,
2016-02-16,,
2016-02-17,20.4,
2016-02-18,,
2016-02-19,,
2016-02-20,42.9,
2016-02-21,,
2016-02-22,,
2016-02-23,32.0,
2016-02-24,,
2016-02-25,,
2016-02-26,61.6,
2016-02-27,,
2016-02-28,,
2016-02-29,47.8,
2016-03-01,,
2016-03-02,,
2016-03-03,47.8,
2016-03-04,,
2016-03-05,,
2016-03-06,63.6,
2016-03-07,,
2016-03-08,,
2016-03-09,50.2,
2016-03-10,,
2016-03-11,,
2016-03-12,94.8,
2016-03-13,,
2016-03-14,,
2016-03-15,90.8,
2016-03-16,,
2016-03-17,,
2016-03-18,101.1,
2016-03-19,,
2016-03-20,,
2016-03-21,40.6,
2016-03-22,,
2016-03-23,,
2016-03-24,39.8,
2016-03-25,,
2016-03-26,,
2016-03-27,71.2,
2016-03-28,,
2016-03-29,,
2016-03-30,65.6,
2016-03-31,,
2016-04-01,,
2016-04-02,47.1,
2016-04-03,,
2016-04-04,,
2016-04-05,39.0,
2016-04-06,,
2016-04-07,,
2016-04-08,29.0,
2016-04-09,,
2016-04-10,,
2016-04-11,29.3,
2016-04-12,,
2016-04-13,,
2016-04-14,25.5,
2016-04-15,,
2016-04-16,,
2016-04-17,26.5,
2016-04-18,,
2016-04-19,,
2016-04-20,19.1,
2016-04-21,,
2016-04-22,,
2016-04-23,22.0,
2016-04-24,,
2016-04-25,,
2016-04-26,28.0,
2016-04-27,,
2016-04-28,,
2016-04-29,30.4,
2016-04-30,,
2016-05-01,,
2016-05-02,30.0,
2016-05-03,,
2016-05-04,,
2016-05-05,25.0,
2016-05-06,,
2016-05-07,,
2016-05-08,13.4,
2016-05-09,,
2016-05-10,,
2016-05-11,25.4,
2016-05-12,,
2016-05-13,,
2016-05-14,30.2,
2016-05-15,,
2016-05-16,,
2016-05-17,22.1,
2016-05-18,,
2016-05-19,,
2016-05-20,25.6,
2016-05-21,,
2016-05-22,,
2016-05-23,18.7,
2016-05-24,,
2016-05-25,30.7,
2016-05-26,,
2016-05-27,,
2016-05-28,,
2016-05-29,,
2016-05-30,,
2016-05-31,,
2016-06-01,,
2016-06-02,,
2016-06-03,,
2016-06-04,,
2016-06-05,,
2016-06-06,,
2016-06-07,,
2016-06-08,,
2016-06-09,,
2016-06-10,,
2016-06-11,,
2016-06-12,,
2016-06-13,,
2016-06-14,,
2016-06-15,,
2016-06-16,,
2016-06-17,,
2016-06-18,,
2016-06-19,,
2016-06-20,,
2016-06-21,,
2016-06-22,,
2016-06-23,,
2016-06-24,,
2016-06-25,,
2016-06-26,,
2016-06-27,,
2016-06-28,,
2016-06-29,,
2016-06-30,,
2016-07-01,,
2016-07-02,,
2016-07-03,,
2016-07-04,,
2016-07-05,,
2016-07-06,,
2016-07-07,,
2016-07-08,,
2016-07-09,,
2016-07-10,,
2016-07-11,,
2016-07-12,,
2016-07-13,,
2016-07-14,,
2016-07-15,,
2016-07-16,,
2016-07-17,,
2016-07-18,,
2016-07-19,,
2016-07-20,,
2016-07-21,,
2016-07-22,,
2016-07-23,,
2016-07-24,,
2016-07-25,,
2016-07-26,,
2016-07-27,,
2016-07-28,,
2016-07-29,,
2016-07-30,,
2016-07-31,,
2016-08-01,,
2016-08-02,,
2016-08-03,,
2016-08-04,,
2016-08-05,,
2016-08-06,,
2016-08-07,,
2016-08-08,,
2016-08-09,,
2016-08-10,,
2016-08-11,,
2016-08-12,,
2016-08-13,,
2016-08-14,,
2016-08-15,,
2016-08-16,,
2016-08-17,,
2016-08-18,,
2016-08-19,,
2016-08-20,,
2016-08-21,,
2016-08-22,,
2016-08-23,,
2016-08-24,,
2016-08-25,,
2016-08-26,,
2016-08-27,,
2016-08-28,,
2016-08-29,,
2016-08-30,,
2016-08-31,,
2016-09-01,,
2016-09-02,,
2016-09-03,,
2016-09-04,,
2016-09-05,,
2016-09-06,,
2016-09-07,,
2016-09-08,,
2016-09-09,,
2016-09-10,,
2016-09-11,,
2016-09-12,,
2016-09-13,,
2016-09-14,,
2016-09-15,,
2016-09-16,,
2016-09-17,,
2016-09-18,,
2016-09-19,,
2016-09-20,,
2016-09-21,,
2016-09-22,,
2016-09-23,,
2016-09-24,,
2016-09-25,,
2016-09-26,,
2016-09-27,,
2016-09-28,,
2016-09-29,,
2016-09-30,,
2016-10-01,,
2016-10-02,,
2016-10-03,,
2016-10-04,,
2016-10-05,,
2016-10-06,24.4,
2016-10-07,,
2016-10-08,,
2016-10-09,14.8,
2016-10-10,,
2016-10-11,,
2016-10-12,20.3,
2016-10-13,,
2016-10-14,,
2016-10-15,28.3,
2016-10-16,,
2016-10-17,,
2016-10-18,,
2016-10-19,,
2016-10-20,,
2016-10-21,16.8,
2016-10-22,,
2016-10-23,,
2016-10-24,22.4,
2016-10-25,,
2016-10-26,,
2016-10-27,11.8,
2016-10-28,,
2016-10-29,,
2016-10-30,21.4,
2016-10-31,,
2016-11-01,,
2016-11-02,20.5,
2016-11-03,,
2016-11-04,,
2016-11-05,29.0,
2016-11-06,,
2016-11-07,,
2016-11-08,32.0,
2016-11-09,,
2016-11-10,,
2016-11-11,36.8,
2016-11-12,,
2016-11-13,,
2016-11-14,28.7,
2016-11-15,,
2016-11-16,,
2016-11-17,7.9,
2016-11-18,,
2016-11-19,,
2016-11-20,21.1,
2016-11-21,,
2016-11-22,,
2016-11-23,17.8,
2016-11-24,,
2016-11-25,,
2016-11-26,33.4,
2016-11-27,,
2016-11-28,,
2016-11-29,18.1,
2016-11-30,,
2016-12-01,,
2016-12-02,19.9,
2016-12-03,,
2016-12-04,,
2016-12-05,34.4,
2016-12-06,,
2016-12-07,,
2016-12-08,20.6,
2016-12-09,,
2016-12-10,,
2016-12-11,18.9,
2016-12-12,,
2016-12-13,,
2016-12-14,,
2016-12-15,,
2016-12-16,,
2016-12-17,20.8,
2016-12-18,,
2016-12-19,,
2016-12-20,24.1,
2016-12-21,,
2016-12-22,17.9,
2016-12-23,,
2016-12-24,,
2016-12-25,,
2016-12-26,24.9,
2016-12-27,,
2016-12-28,,
2016-12-29,21.5,
2016-12-30,,
2016-12-31,,
2017-01-01,29.2,
2017-01-02,,
2017-01-03,,
2017-01-04,23.8,
2017-01-05,,
2017-01-06,,
2017-01-07,19.8,
2017-01-08,,
2017-01-09,,
2017-01-10,19.4,
2017-01-11,,
2017-01-12,,
2017-01-13,22.3,
2017-01-14,,
2017-01-15,,
2017-01-16,16.9,
2017-01-17,,
2017-01-18,,
2017-01-19,25.7,
2017-01-20,,
2017-01-21,,
2017-01-22,22.3,
2017-01-23,,
2017-01-24,,
2017-01-25,24.0,
2017-01-26,,
2017-01-27,,
2017-01-28,24.2,
2017-01-29,,
2017-01-30,,
2017-01-31,22.3,
2017-02-01,,
2017-02-02,,
2017-02-03,25.2,
2017-02-04,,
2017-02-05,,
2017-02-06,44.4,
2017-02-07,,
2017-02-08,,
2017-02-09,35.8,
2017-02-10,,
2017-02-11,,
2017-02-12,28.1,
2017-02-13,,
2017-02-14,,
2017-02-15,31.2,
2017-02-16,,
2017-02-17,,
2017-02-18,23.7,
2017-02-19,,
2017-02-20,,
2017-02-21,27.7,
2017-02-22,,
2017-02-23,,
2017-02-24,29.5,
2017-02-25,,
2017-02-26,,
2017-02-27,23.2,
2017-02-28,,
2017-03-01,,
2017-03-02,34.6,
2017-03-03,,
2017-03-04,,
2017-03-05,34.0,
2017-03-06,,
2017-03-07,,
2017-03-08,39.3,
2017-03-09,,
2017-03-10,,
2017-03-11,49.9,
2017-03-12,,
2017-03-13,,
2017-03-14,38.3,
2017-03-15,,
2017-03-16,,
2017-03-17,51.0,
2017-03-18,,
2017-03-19,,
2017-03-20,39.4,
2017-03-21,,
2017-03-22,,
2017-03-23,,
2017-03-24,,
2017-03-25,,
2017-03-26,25.6,
2017-03-27,,
2017-03-28,,
2017-03-29,24.7,
2017-03-30,,
2017-03-31,,
2017-04-01,64.9,
2017-04-02,,
2017-04-03,,
2017-04-04,44.4,
2017-04-05,,
2017-04-06,,
2017-04-07,,
2017-04-08,,
2017-04-09,44.2,
2017-04-10,,
2017-04-11,19.6,
2017-04-12,,
2017-04-13,,
2017-04-14,,
2017-04-15,19.0,
2017-04-16,,
2017-04-17,,
2017-04-18,,
2017-04-19,24.3,
2017-04-20,,
2017-04-21,,
2017-04-22,34.8,
2017-04-23,,
2017-04-24,,
2017-04-25,19.4,
2017-04-26,,
2017-04-27,,
2017-04-28,32.9,
2017-04-29,,
2017-04-30,,
2017-05-01,,
2017-05-02,,
2017-05-03,,
2017-05-04,35.7,
2017-05-05,,
2017-05-06,,
2017-05-07,,
2017-05-08,,
2017-05-09,,
2017-05-10,28.2,
2017-05-11,,
2017-05-12,,
2017-05-13,27.2,
2017-05-14,,
2017-05-15,,
2017-05-16,25.3,
2017-05-17,,
2017-05-18,,
2017-05-19,21.4,
2017-05-20,,
2017-05-21,,
2017-05-22,24.1,
2017-05-23,,
2017-05-24,,
2017-05-25,26.4,
2017-05-26,,
2017-05-27,,
2017-05-28,17.4,
2017-05-29,,
2017-05-30,,
2017-05-31,11.5,
2017-06-01,,
2017-06-02,,
2017-06-03,22.5,
2017-06-04,,
2017-06-05,,
2017-06-06,21.2,
2017-06-07,,
2017-06-08,,
2017-06-09,23.0,
2017-06-10,,
2017-06-11,,
2017-06-12,19.4,
2017-06-13,,
2017-06-14,,
2017-06-15,25.6,
2017-06-16,,
2017-06-17,,
2017-06-18,11.8,
2017-06-19,,
2017-06-20,,
2017-06-21,22.0,
2017-06-22,,
2017-06-23,25.9,
2017-06-24,,
2017-06-25,,
2017-06-26,,
2017-06-27,11.7,
2017-06-28,,
2017-06-29,,
2017-06-30,16.0,
2017-07-01,,
2017-07-02,,
2017-07-03,16.3,
2017-07-04,,
2017-07-05,,
2017-07-06,20.1,
2017-07-07,,
2017-07-08,,
2017-07-09,17.2,
2017-07-10,,
2017-07-11,,
2017-07-12,23.4,
2017-07-13,,
2017-07-14,,
2017-07-15,22.7,
2017-07-16,,
2017-07-17,,
2017-07-18,26.4,
2017-07-19,,
2017-07-20,15.3,
2017-07-21,,
2017-07-22,,
2017-07-23,,
2017-07-24,19.4,
2017-07-25,,
2017-07-26,,
2017-07-27,25.0,
2017-07-28,,
2017-07-29,,
2017-07-30,17.6,
2017-07-31,,
2017-08-01,,
2017-08-02,,
2017-08-03,,
2017-08-04,,
2017-08-05,20.4,
2017-08-06,,
2017-08-07,,
2017-08-08,15.8,
2017-08-09,,
2017-08-10,,
2017-08-11,15.4,
2017-08-12,,
2017-08-13,,
2017-08-14,10.2,
2017-08-15,,
2017-08-16,,
2017-08-17,20.7,
2017-08-18,,
2017-08-19,,
2017-08-20,17.4,
2017-08-21,,
2017-08-22,,
2017-08-23,23.1,
2017-08-24,,
2017-08-25,,
2017-08-26,19.7,
2017-08-27,,
2017-08-28,,
2017-08-29,11.0,
2017-08-30,,
2017-08-31,,
2017-09-01,27.2,
2017-09-02,,
2017-09-03,,
2017-09-04,23.4,
2017-09-05,,
2017-09-06,,
2017-09-07,16.9,
2017-09-08,,
2017-09-09,,
2017-09-10,20.7,
2017-09-11,,
2017-09-12,,
2017-09-13,23.8,
2017-09-14,,
2017-09-15,,
2017-09-16,19.7,
2017-09-17,,
2017-09-18,,
2017-09-19,33.5,
2017-09-20,,
2017-09-21,,
2017-09-22,22.5,
2017-09-23,,
2017-09-24,,
2017-09-25,29.5,
2017-09-26,,
2017-09-27,,
2017-09-28,27.4,
2017-09-29,,
2017-09-30,,
2017-10-01,20.4,
2017-10-02,,
2017-10-03,,
2017-10-04,19.8,
2017-10-05,,
2017-10-06,,
2017-10-07,,
2017-10-08,,
2017-10-09,,
2017-10-10,39.3,
2017-10-11,,
2017-10-12,,
2017-10-13,,
2017-10-14,,
2017-10-15,,
2017-10-16,24.8,
2017-10-17,,
2017-10-18,,
2017-10-19,19.7,
2017-10-20,,
2017-10-21,,
2017-10-22,10.3,
2017-10-23,,
2017-10-24,,
2017-10-25,28.6,
2017-10-26,,
2017-10-27,,
2017-10-28,11.4,
2017-10-29,,
2017-10-30,,
2017-10-31,18.6,
2017-11-01,,
2017-11-02,,
2017-11-03,26.0,
2017-11-04,,
2017-11-05,,
2017-11-06,10.2,
2017-11-07,,
2017-11-08,,
2017-11-09,33.6,
2017-11-10,,
2017-11-11,,
2017-11-12,,
2017-11-13,,
2017-11-14,,
2017-11-15,15.9,
2017-11-16,,
2017-11-17,,
2017-11-18,10.5,
2017-11-19,,
2017-11-20,,
2017-11-21,16.0,
2017-11-22,,
2017-11-23,,
2017-11-24,23.9,
2017-11-25,,
2017-11-26,,
2017-11-27,20.3,
2017-11-28,,
2017-11-29,,
2017-11-30,18.7,
2017-12-01,,
2017-12-02,,
2017-12-03,18.6,
2017-12-04,,
2017-12-05,,
2017-12-06,23.6,
2017-12-07,,
2017-12-08,,
2017-12-09,29.9,
2017-12-10,,
2017-12-11,,
2017-12-12,18.9,
2017-12-13,,
2017-12-14,,
2017-12-15,20.1,
2017-12-16,,
2017-12-17,,
2017-12-18,28.4,
2017-12-19,,
2017-12-20,30.7,
2017-12-21,,
2017-12-22,,
2017-12-23,,
2017-12-24,34.3,
2017-12-25,,
2017-12-26,,
2017-12-27,14.9,
2017-12-28,,
2017-12-29,18.7,
2017-12-30,,
2017-12-31,,
2018-01-01,,
2018-01-02,,
2018-01-03,,
2018-01-04,,
2018-01-05,,
2018-01-06,,
2018-01-07,,
2018-01-08,,
2018-01-09,,
2018-01-10,,
2018-01-11,,
2018-01-12,,
2018-01-13,,
2018-01-14,,
2018-01-15,,
2018-01-16,,
2018-01-17,,
2018-01-18,,
2018-01-19,,
2018-01-20,,
2018-01-21,,
2018-01-22,,
2018-01-23,,
2018-01-24,,
2018-01-25,,
2018-01-26,,
2018-01-27,,
2018-01-28,,
2018-01-29,,
2018-01-30,,
2018-01-31,,
2018-02-01,33.3,
2018-02-02,,
2018-02-03,,
2018-02-04,16.5,
2018-02-05,,
2018-02-06,,
2018-02-07,35.4,
2018-02-08,,
2018-02-09,,
2018-02-10,23.9,
2018-02-11,,
2018-02-12,,
2018-02-13,30.3,
2018-02-14,,
2018-02-15,,
2018-02-16,35.0,
2018-02-17,,
2018-02-18,,
2018-02-19,38.5,
2018-02-20,,
2018-02-21,,
2018-02-22,49.3,
2018-02-23,,
2018-02-24,,
2018-02-25,31.0,
2018-02-26,,
2018-02-27,,
2018-02-28,27.6,
2018-03-01,,
2018-03-02,,
2018-03-03,40.2,
2018-03-04,,
2018-03-05,,
2018-03-06,60.6,
2018-03-07,,
2018-03-08,,
2018-03-09,,
2018-03-10,,
2018-03-11,,
2018-03-12,43.9,
2018-03-13,,
2018-03-14,,
2018-03-15,37.6,
2018-03-16,,
2018-03-17,,
2018-03-18,39.2,
2018-03-19,,
2018-03-20,,
2018-03-21,43.5,
2018-03-22,,
2018-03-23,,
2018-03-24,31.3,
2018-03-25,,
2018-03-26,,
2018-03-27,35.2,
2018-03-28,,
2018-03-29,,
2018-03-30,,
2018-03-31,21.3,
2018-04-01,,
2018-04-02,,
2018-04-03,24.4,
2018-04-04,,
2018-04-05,22.3,
2018-04-06,,
2018-04-07,,
2018-04-08,28.8,
2018-04-09,,
2018-04-10,,
2018-04-11,29.8,
2018-04-12,,
2018-04-13,,
2018-04-14,25.9,
2018-04-15,,
2018-04-16,,
2018-04-17,17.4,
2018-04-18,,
2018-04-19,,
2018-04-20,22.4,
2018-04-21,,
2018-04-22,,
2018-04-23,15.0,
2018-04-24,,
2018-04-25,,
2018-04-26,19.9,
2018-04-27,,
2018-04-28,,
2018-04-29,18.3,
2018-04-30,,
2018-05-01,,
2018-05-02,16.3,
2018-05-03,,
2018-05-04,,
2018-05-05,31.4,
2018-05-06,,
2018-05-07,,
2018-05-08,11.6,
2018-05-09,,
2018-05-10,,
2018-05-11,28.6,
2018-05-12,,
2018-05-13,,
2018-05-14,11.3,
2018-05-15,,
2018-05-16,,
2018-05-17,17.2,
2018-05-18,,
2018-05-19,,
2018-05-20,16.9,
2018-05-21,,
2018-05-22,,
2018-05-23,17.0,
2018-05-24,,
2018-05-25,,
2018-05-26,8.4,
2018-05-27,,
2018-05-28,,
2018-05-29,17.4,
2018-05-30,,
2018-05-31,,
2018-06-01,13.4,
2018-06-02,,
2018-06-03,,
2018-06-04,16.1,
2018-06-05,,
2018-06-06,,
2018-06-07,20.1,
2018-06-08,,
2018-06-09,,
2018-06-10,11.2,
2018-06-11,,
2018-06-12,,
2018-06-13,18.7,
2018-06-14,,
2018-06-15,,
2018-06-16,8.7,
2018-06-17,,
2018-06-18,,
2018-06-19,18.2,
2018-06-20,,
2018-06-21,,
2018-06-22,11.0,
2018-06-23,,
2018-06-24,,
2018-06-25,13.2,
2018-06-26,,
2018-06-27,,
2018-06-28,21.5,
2018-06-29,,
2018-06-30,,
2018-07-01,17.9,
2018-07-02,,
2018-07-03,,
2018-07-04,20.2,
2018-07-05,,
2018-07-06,,
2018-07-07,17.1,
2018-07-08,,
2018-07-09,,
2018-07-10,26.9,
2018-07-11,,
2018-07-12,,
2018-07-13,19.5,
2018-07-14,,
2018-07-15,,
2018-07-16,15.3,
2018-07-17,,
2018-07-18,17.6,
2018-07-19,,
2018-07-20,,
2018-07-21,,
2018-07-22,32.1,
2018-07-23,,
2018-07-24,,
2018-07-25,17.7,
2018-07-26,,
2018-07-27,,
2018-07-28,31.6,
2018-07-29,,
2018-07-30,,
2018-07-31,,
2018-08-01,,
2018-08-02,,
2018-08-03,,
2018-08-04,,
2018-08-05,,
2018-08-06,29.4,
2018-08-07,,
2018-08-08,,
2018-08-09,30.1,
2018-08-10,,
2018-08-11,,
2018-08-12,27.9,
2018-08-13,,
2018-08-14,,
2018-08-15,23.1,
2018-08-16,,
2018-08-17,,
2018-08-18,15.4,
2018-08-19,,
2018-08-20,,
2018-08-21,,
2018-08-22,24.2,
2018-08-23,,
2018-08-24,13.3,
2018-08-25,,
2018-08-26,,
2018-08-27,14.9,
2018-08-28,,
2018-08-29,,
2018-08-30,9.0,
2018-08-31,,
2018-09-01,,
2018-09-02,12.5,
2018-09-03,,
2018-09-04,,
2018-09-05,15.3,
2018-09-06,,
2018-09-07,,
2018-09-08,13.8,
2018-09-09,,
2018-09-10,,
2018-09-11,30.8,
2018-09-12,,
2018-09-13,,
2018-09-14,25.2,
2018-09-15,,
2018-09-16,,
2018-09-17,21.3,
2018-09-18,,
2018-09-19,,
2018-09-20,19.3,
2018-09-21,,
2018-09-22,,
2018-09-23,17.3,
2018-09-24,,
2018-09-25,,
2018-09-26,23.4,
2018-09-27,,
2018-09-28,,
2018-09-29,17.0,
2018-09-30,,
2018-10-01,,
2018-10-02,20.3,
2018-10-03,,
2018-10-04,,
2018-10-05,22.8,
2018-10-06,,
2018-10-07,,
2018-10-08,25.2,
2018-10-09,,
2018-10-10,,
2018-10-11,16.5,
2018-10-12,,
2018-10-13,,
2018-10-14,19.9,
2018-10-15,,
2018-10-16,,
2018-10-17,26.5,
2018-10-18,,
2018-10-19,,
2018-10-20,21.7,
2018-10-21,,
2018-10-22,,
2018-10-23,21.2,
2018-10-24,,
2018-10-25,,
2018-10-26,,
2018-10-27,,
2018-10-28,,
2018-10-29,23.2,
2018-10-30,,
2018-10-31,,
2018-11-01,18.0,
2018-11-02,,
2018-11-03,,
2018-11-04,23.8,
2018-11-05,,
2018-11-06,,
2018-11-07,20.5,
2018-11-08,,
2018-11-09,,
2018-11-10,22.4,
2018-11-11,,
2018-11-12,,
2018-11-13,,
2018-11-14,26.3,
2018-11-15,,
2018-11-16,24.4,
2018-11-17,,
2018-11-18,,
2018-11-19,18.6,
2018-11-20,,
2018-11-21,,
2018-11-22,26.3,
2018-11-23,,
2018-11-24,,
2018-11-25,,
2018-11-26,,
2018-11-27,,
2018-11-28,,
2018-11-29,,
2018-11-30,,
2018-12-01,20.7,
2018-12-02,,
2018-12-03,,
2018-12-04,19.0,
2018-12-05,,
2018-12-06,27.0,
2018-12-07,,
2018-12-08,,
2018-12-09,,
2018-12-10,21.7,
2018-12-11,,
2018-12-12,,
2018-12-13,,
2018-12-14,,
2018-12-15,,
2018-12-16,19.2,
2018-12-17,,
2018-12-18,,
2018-12-19,25.4,
2018-12-20,,
2018-12-21,,
2018-12-22,28.4,
2018-12-23,,
2018-12-24,,
2018-12-25,20.4,
2018-12-26,,
2018-12-27,33.5,
2018-12-28,,
2018-12-29,,
2018-12-30,,
2018-12-31,47.9,
2019-01-01,,
2019-01-02,,
2019-01-03,32.4,
2019-01-04,,
2019-01-05,,
2019-01-06,21.4,
2019-01-07,,
2019-01-08,,
2019-01-09,26.5,
2019-01-10,,
2019-01-11,,
2019-01-12,25.7,
2019-01-13,,
2019-01-14,,
2019-01-15,34.7,
2019-01-16,,
2019-01-17,,
2019-01-18,33.8,
2019-01-19,,
2019-01-20,,
2019-01-21,16.3,
2019-01-22,,
2019-01-23,,
2019-01-24,31.9,
2019-01-25,,
2019-01-26,,
2019-01-27,23.3,
2019-01-28,,
2019-01-29,,
2019-01-30,34.3,
2019-01-31,,
2019-02-01,,
2019-02-02,32.2,
2019-02-03,,
2019-02-04,,
2019-02-05,37.8,
2019-02-06,,
2019-02-07,,
2019-02-08,51.3,
2019-02-09,,
2019-02-10,,
2019-02-11,46.6,
2019-02-12,,
2019-02-13,44.5,
2019-02-14,,
2019-02-15,,
2019-02-16,,
2019-02-17,44.4,
2019-02-18,,
2019-02-19,,
2019-02-20,22.2,
2019-02-21,,
2019-02-22,,
2019-02-23,34.2,
2019-02-24,,
2019-02-25,,
2019-02-26,46.5,
2019-02-27,,
2019-02-28,,
2019-03-01,,
2019-03-02,29.7,
2019-03-03,,
2019-03-04,,
2019-03-05,50.0,
2019-03-06,,
2019-03-07,45.7,
2019-03-08,,
2019-03-09,,
2019-03-10,31.7,
2019-03-11,,
2019-03-12,,
2019-03-13,49.1,
2019-03-14,,
2019-03-15,,
2019-03-16,70.5,
2019-03-17,,
2019-03-18,,
2019-03-19,31.5,
2019-03-20,,
2019-03-21,35.3,
2019-03-22,,
2019-03-23,,
2019-03-24,,
2019-03-25,25.6,
2019-03-26,,
2019-03-27,,
2019-03-28,45.4,
2019-03-29,,
2019-03-30,,
2019-03-31,25.8,
2019-04-01,,
2019-04-02,,
2019-04-03,28.6,
2019-04-04,,
2019-04-05,,
2019-04-06,38.1,
2019-04-07,,
2019-04-08,,
2019-04-09,39.5,
2019-04-10,,
2019-04-11,31.5,
2019-04-12,,
2019-04-13,,
2019-04-14,27.3,
2019-04-15,,
2019-04-16,25.4,
2019-04-17,,
2019-04-18,,
2019-04-19,,
2019-04-20,17.9,
2019-04-21,,
2019-04-22,,
2019-04-23,21.2,
2019-04-24,,
2019-04-25,,
2019-04-26,17.1,
2019-04-27,,
2019-04-28,,
2019-04-29,26.8,
2019-04-30,,
2019-05-01,,
2019-05-02,35.0,
2019-05-03,,
2019-05-04,,
2019-05-05,21.2,
2019-05-06,,
2019-05-07,,
2019-05-08,31.0,
2019-05-09,,
2019-05-10,,
2019-05-11,8.9,
2019-05-12,,
2019-05-13,,
2019-05-14,14.3,
2019-05-15,,
2019-05-16,18.4,
2019-05-17,,
2019-05-18,,
2019-05-19,,
2019-05-20,15.4,
2019-05-21,,
2019-05-22,,
2019-05-23,19.8,
2019-05-24,,
2019-05-25,,
2019-05-26,16.0,
2019-05-27,,
2019-05-28,,
2019-05-29,28.2,
2019-05-30,,
2019-05-31,,
2019-06-01,16.6,
2019-06-02,,
2019-06-03,,
2019-06-04,,
2019-06-05,19.8,
2019-06-06,,
2019-06-07,,
2019-06-08,17.3,
2019-06-09,,
2019-06-10,,
2019-06-11,13.0,
2019-06-12,,
2019-06-13,10.7,
2019-06-14,,
2019-06-15,,
2019-06-16,12.9,
2019-06-17,,
2019-06-18,,
2019-06-19,25.4,
2019-06-20,,
2019-06-21,,
2019-06-22,20.9,
2019-06-23,,
2019-06-24,,
2019-06-25,,
2019-06-26,21.9,
2019-06-27,,
2019-06-28,34.5,
2019-06-29,,
2019-06-30,,
2019-07-01,8.6,
2019-07-02,,
2019-07-03,,
2019-07-04,19.0,
2019-07-05,,
2019-07-06,,
2019-07-07,19.5,
2019-07-08,,
2019-07-09,,
2019-07-10,11.1,
2019-07-11,,
2019-07-12,,
2019-07-13,15.7,
2019-07-14,,
2019-07-15,,
2019-07-16,13.4,
2019-07-17,,
2019-07-18,22.4,
2019-07-19,,
2019-07-20,,
2019-07-21,20.8,
2019-07-22,,
2019-07-23,,
2019-07-24,14.4,
2019-07-25,,
2019-07-26,,
2019-07-27,21.0,
2019-07-28,,
2019-07-29,,
2019-07-30,18.4,
2019-07-31,,
2019-08-01,27.5,
2019-08-02,,
2019-08-03,,
2019-08-04,,
2019-08-05,35.5,
2019-08-06,,
2019-08-07,,
2019-08-08,34.9,
2019-08-09,,
2019-08-10,,
2019-08-11,24.8,
2019-08-12,,
2019-08-13,,
2019-08-14,27.4,
2019-08-15,,
2019-08-16,,
2019-08-17,27.7,
2019-08-18,,
2019-08-19,,
2019-08-20,,
2019-08-21,40.7,
2019-08-22,,
2019-08-23,,
2019-08-24,,
2019-08-25,,
2019-08-26,41.6,
2019-08-27,,
2019-08-28,,
2019-08-29,46.3,
2019-08-30,,
2019-08-31,,
2019-09-01,14.4,
2019-09-02,,
2019-09-03,,
2019-09-04,16.6,
2019-09-05,,
2019-09-06,,
2019-09-07,23.3,
2019-09-08,,
2019-09-09,,
2019-09-10,30.2,
2019-09-11,,
2019-09-12,,
2019-09-13,,
2019-09-14,,
2019-09-15,,
2019-09-16,24.4,
2019-09-17,,
2019-09-18,,
2019-09-19,21.1,
2019-09-20,,
2019-09-21,,
2019-09-22,18.6,
2019-09-23,,
2019-09-24,,
2019-09-25,21.0,
2019-09-26,,
2019-09-27,,
2019-09-28,22.3,
2019-09-29,,
2019-09-30,,
2019-10-01,24.5,
2019-10-02,,
2019-10-03,32.3,
2019-10-04,,
2019-10-05,,
2019-10-06,,
2019-10-07,15.8,
2019-10-08,,
2019-10-09,,
2019-10-10,20.4,
2019-10-11,,
2019-10-12,,
2019-10-13,9.5,
2019-10-14,,
2019-10-15,,
2019-10-16,19.6,
2019-10-17,,
2019-10-18,,
2019-10-19,19.8,
2019-10-20,,
2019-10-21,,
2019-10-22,15.3,
2019-10-23,,
2019-10-24,27.5,
2019-10-25,,
2019-10-26,,
2019-10-27,,
2019-10-28,13.4,
2019-10-29,,
2019-10-30,,
2019-10-31,16.9,
2019-11-01,,
2019-11-02,,
2019-11-03,14.1,
2019-11-04,,
2019-11-05,,
2019-11-06,19.3,
2019-11-07,,
2019-11-08,,
2019-11-09,38.9,
2019-11-10,,
2019-11-11,,
2019-11-12,,
2019-11-13,22.8,
2019-11-14,,
2019-11-15,,
2019-11-16,25.4,
2019-11-17,,
2019-11-18,,
2019-11-19,12.6,
2019-11-20,,
2019-11-21,,
2019-11-22,,
2019-11-23,23.1,
2019-11-24,,
2019-11-25,,
2019-11-26,21.0,
2019-11-27,,
2019-11-28,24.5,
2019-11-29,,
2019-11-30,,
2019-12-01,31.3,
2019-12-02,,
2019-12-03,,
2019-12-04,24.7,
2019-12-05,,
2019-12-06,,
2019-12-07,36.9,
2019-12-08,,
2019-12-09,,
2019-12-10,19.3,
2019-12-11,,
2019-12-12,19.1,
2019-12-13,,
2019-12-14,,
2019-12-15,12.6,
2019-12-16,,
2019-12-17,,
2019-12-18,26.5,
2019-12-19,,
2019-12-20,,
2019-12-21,23.3,
2019-12-22,,
2019-12-23,,
2019-12-24,23.8,
2019-12-25,,
2019-12-26,,
2019-12-27,18.3814915,
2019-12-28,,
2019-12-29,,
2019-12-30,,
2019-12-31,23.09795762,
2020-01-01,,
2020-01-02,,
2020-01-03,,
2020-01-04,28.0,
2020-01-05,,
2020-01-06,,
2020-01-07,,
2020-01-08,32.9,
2020-01-09,,
2020-01-10,,
2020-01-11,42.4,
2020-01-12,,
2020-01-13,,
2020-01-14,31.7,
2020-01-15,,
2020-01-16,28.8,
2020-01-17,,
2020-01-18,,
2020-01-19,25.6,
2020-01-20,,
2020-01-21,,
2020-01-22,25.3,
2020-01-23,,
2020-01-24,,
2020-01-25,34.4,
2020-01-26,,
2020-01-27,,
2020-01-28,26.2,
2020-01-29,,
2020-01-30,44.4,
2020-01-31,,
2020-02-01,,
2020-02-02,19.2,
2020-02-03,,
2020-02-04,,
2020-02-05,51.5,
2020-02-06,,
2020-02-07,,
2020-02-08,,
2020-02-09,,
2020-02-10,,
2020-02-11,,
2020-02-12,,
2020-02-13,,
2020-02-14,,
2020-02-15,,
2020-02-16,,
2020-02-17,,
2020-02-18,,
2020-02-19,,
2020-02-20,,
2020-02-21,,
2020-02-22,,
2020-02-23,,
2020-02-24,,
2020-02-25,,
2020-02-26,,
2020-02-27,,
2020-02-28,,
2020-02-29,,
2020-03-01,,
2020-03-02,,
2020-03-03,,
2020-03-04,,
2020-03-05,,
2020-03-06,,
2020-03-07,,
2020-03-08,,
2020-03-09,,
2020-03-10,,
2020-03-11,,
2020-03-12,,
2020-03-13,,
2020-03-14,,
2020-03-15,,
2020-03-16,,
2020-03-17,,
2020-03-18,,
2020-03-19,,
2020-03-20,,
2020-03-21,,
2020-03-22,,
2020-03-23,,
2020-03-24,,
2020-03-25,,
2020-03-26,,
2020-03-27,,
2020-03-28,,
2020-03-29,,
2020-03-30,,
2020-03-31,,
2020-04-01,,
2020-04-02,,
2020-04-03,,
2020-04-04,,
2020-04-05,,
2020-04-06,,
2020-04-07,,
2020-04-08,,
2020-04-09,,
2020-04-10,,
2020-04-11,,
2020-04-12,,
2020-04-13,,
2020-04-14,,
2020-04-15,,
2020-04-16,,
2020-04-17,,
2020-04-18,,
2020-04-19,,
2020-04-20,,
2020-04-21,,
2020-04-22,,
2020-04-23,,
2020-04-24,,
2020-04-25,,
2020-04-26,,
2020-04-27,,
2020-04-28,,
2020-04-29,,
2020-04-30,,
2020-05-01,,
2020-05-02,,
2020-05-03,,
2020-05-04,,
2020-05-05,,
2020-05-06,,
2020-05-07,,
2020-05-08,,
2020-05-09,,
2020-05-10,,
2020-05-11,,
2020-05-12,,
2020-05-13,,
2020-05-14,,
2020-05-15,,
2020-05-16,,
2020-05-17,,
2020-05-18,,
2020-05-19,,
2020-05-20,,
2020-05-21,,
2020-05-22,,
2020-05-23,,
2020-05-24,,
2020-05-25,,
2020-05-26,,
2020-05-27,,
2020-05-28,,
2020-05-29,,
2020-05-30,,
2020-05-31,,
2020-06-01,,
2020-06-02,,
2020-06-03,,
2020-06-04,,
2020-06-05,,
2020-06-06,,
2020-06-07,,
2020-06-08,,
2020-06-09,,
2020-06-10,,
2020-06-11,,
2020-06-12,,
2020-06-13,,
2020-06-14,,
2020-06-15,,
2020-06-16,,
2020-06-17,,
2020-06-18,,
2020-06-19,,
2020-06-20,,
2020-06-21,,
2020-06-22,,
2020-06-23,,
2020-06-24,,
2020-06-25,,
2020-06-26,,
2020-06-27,,
2020-06-28,,
2020-06-29,,
2020-06-30,,
2020-07-01,22.72135599,
2020-07-02,,
2020-07-03,,
2020-07-04,,
2020-07-05,,
2020-07-06,,
2020-07-07,23.53365995,
2020-07-08,,
2020-07-09,,
2020-07-10,,
2020-07-11,20.15556274,
2020-07-12,,
2020-07-13,,
2020-07-14,17.83297103,
2020-07-15,,
2020-07-16,,
2020-07-17,,
2020-07-18,,
2020-07-19,13.40091186,
2020-07-20,,
2020-07-21,,
2020-07-22,16.59170444,
2020-07-23,,
2020-07-24,,
2020-07-25,,
2020-07-26,,
2020-07-27,,
2020-07-28,10.38899544,
2020-07-29,,
2020-07-30,13.76227728,
2020-07-31,,
2020-08-01,,
2020-08-02,,
2020-08-03,,
2020-08-04,,
2020-08-05,,
2020-08-06,,
2020-08-07,,
2020-08-08,,
2020-08-09,,
2020-08-10,,
2020-08-11,,
2020-08-12,,
2020-08-13,,
2020-08-14,,
2020-08-15,,
2020-08-16,,
2020-08-17,,
2020-08-18,,
2020-08-19,,
2020-08-20,,
2020-08-21,,
2020-08-22,,
2020-08-23,,
2020-08-24,,
2020-08-25,,
2020-08-26,,
2020-08-27,,
2020-08-28,,
2020-08-29,,
2020-08-30,,
2020-08-31,,
2020-09-01,,
2020-09-02,,
2020-09-03,,
2020-09-04,,
2020-09-05,,
2020-09-06,,
2020-09-07,,
2020-09-08,,
2020-09-09,,
2020-09-10,,
2020-09-11,,
2020-09-12,,
2020-09-13,,
2020-09-14,,
2020-09-15,,
2020-09-16,,
2020-09-17,,
2020-09-18,,
2020-09-19,,
2020-09-20,,
2020-09-21,,
2020-09-22,,
2020-09-23,,
2020-09-24,,
2020-09-25,,
2020-09-26,,
2020-09-27,,
2020-09-28,,
2020-09-29,,
2020-09-30,,
2020-10-01,,
2020-10-02,,
2020-10-03,,
2020-10-04,,
2020-10-05,,
2020-10-06,,
2020-10-07,,
2020-10-08,,
2020-10-09,,
2020-10-10,,
2020-10-11,,
2020-10-12,,
2020-10-13,,
2020-10-14,,
2020-10-15,,
2020-10-16,,
2020-10-17,,
2020-10-18,,
2020-10-19,,
2020-10-20,,
2020-10-21,,
2020-10-22,,
2020-10-23,,
2020-10-24,,
2020-10-25,,
2020-10-26,,
2020-10-27,,
2020-10-28,,
2020-10-29,,
2020-10-30,,
2020-10-31,,
2020-11-01,,
2020-11-02,,
2020-11-03,,
2020-11-04,,
2020-11-05,,
2020-11-06,,
2020-11-07,,
2020-11-08,,
2020-11-09,,
2020-11-10,,
2020-11-11,,
2020-11-12,,
2020-11-13,,
2020-11-14,,
2020-11-15,,
2020-11-16,,
2020-11-17,,
2020-11-18,,
2020-11-19,,
2020-11-20,,
2020-11-21,,
2020-11-22,,
2020-11-23,,
2020-11-24,,
2020-11-25,,
2020-11-26,,
2020-11-27,7.45382136,
2020-11-28,,
2020-11-29,,
2020-11-30,,
2020-12-01,22.1130046,
2020-12-02,,
2020-12-03,13.72492929,
2020-12-04,,
2020-12-05,,
2020-12-06,,
2020-12-07,13.50390766,
2020-12-08,,
2020-12-09,,
2020-12-10,18.15619442,
2020-12-11,,
2020-12-12,,
2020-12-13,18.1292463,
2020-12-14,,
2020-12-15,,
2020-12-16,14.99870331,
2020-12-17,,
2020-12-18,,
2020-12-19,22.71813717,
2020-12-20,,
2020-12-21,,
2020-12-22,,
2020-12-23,,
2020-12-24,,
2020-12-25,18.06289804,
2020-12-26,,
2020-12-27,,
2020-12-28,,
2020-12-29,10.66915587,
2020-12-30,,
2020-12-31,,
2021-01-01,,
2021-01-02,,
2021-01-03,,
2021-01-04,,
2021-01-05,14.89897709,
2021-01-06,,
2021-01-07,17.1985,
2021-01-08,,
2021-01-09,,
2021-01-10,,
2021-01-11,,
2021-01-12,,
2021-01-13,25.73805275,
2021-01-14,,
2021-01-15,,
2021-01-16,17.36932745,
2021-01-17,,
2021-01-18,,
2021-01-19,23.84973153,
2021-01-20,,
2021-01-21,18.79865654,
2021-01-22,,
2021-01-23,,
2021-01-24,11.4781545,
2021-01-25,,
2021-01-26,,
2021-01-27,29.52815828,
2021-01-28,,
2021-01-29,,
2021-01-30,30.41856431,
2021-01-31,,
2021-02-01,,
2021-02-02,15.74922298,
2021-02-03,,
2021-02-04,12.85814256,
2021-02-05,,
2021-02-06,,
2021-02-07,17.26369564,
2021-02-08,,
2021-02-09,,
2021-02-10,13.82913559,
2021-02-11,,
2021-02-12,,
2021-02-13,16.61819262,
2021-02-14,,
2021-02-15,,
2021-02-16,33.06898751,
2021-02-17,,
2021-02-18,22.86494554,
2021-02-19,,
2021-02-20,,
2021-02-21,35.20379517,
2021-02-22,,
2021-02-23,,
2021-02-24,19.31447402,
2021-02-25,,
2021-02-26,,
2021-02-27,23.24487492,
2021-02-28,,
2021-03-01,,
2021-03-02,38.63257191,
2021-03-03,,
2021-03-04,37.51665853,
2021-03-05,,
2021-03-06,,
2021-03-07,22.20228391,
2021-03-08,,
2021-03-09,,
2021-03-10,33.04788723,
2021-03-11,,
2021-03-12,,
2021-03-13,21.29970998,
2021-03-14,,
2021-03-15,,
2021-03-16,25.38527789,
2021-03-17,,
2021-03-18,10.49209969,
2021-03-19,,
2021-03-20,,
2021-03-21,26.18459304,
2021-03-22,,
2021-03-23,,
2021-03-24,9.70356345,
2021-03-25,,
2021-03-26,,
2021-03-27,19.06656752,
2021-03-28,,
2021-03-29,,
2021-03-30,17.06793596,
2021-03-31,,
2021-04-01,,
2021-04-02,18.34701816,
2021-04-03,13.93560262,
2021-04-04,,
2021-04-05,,
2021-04-06,11.67688985,
2021-04-07,,
2021-04-08,9.85223287,
2021-04-09,8.93397561,
2021-04-10,,
2021-04-11,10.95288149,
2021-04-12,13.23504665,
2021-04-13,,
2021-04-14,18.27924993,
2021-04-15,16.98447523,
2021-04-16,,
2021-04-17,10.99877454,
2021-04-18,,
2021-04-19,14.41596743,
2021-04-20,21.29469733,
2021-04-21,7.89695638,
2021-04-22,27.44703773,
2021-04-23,,
2021-04-24,6.16413418,
2021-04-25,11.94156688,
2021-04-26,,
2021-04-27,13.80634984,
2021-04-28,23.73034508,
2021-04-29,,
2021-04-30,16.85421012,
2021-05-01,19.73960003,
2021-05-02,,
2021-05-03,,
2021-05-04,,
2021-05-05,,
2021-05-06,18.44027955,
2021-05-07,,
2021-05-08,,
2021-05-09,10.01280497,
2021-05-10,,
2021-05-11,,
2021-05-12,5.0895931,
2021-05-13,,
2021-05-14,,
2021-05-15,,
2021-05-16,22.09164856,
2021-05-17,,
2021-05-18,,
2021-05-19,14.41428681,
2021-05-20,,
2021-05-21,,
2021-05-22,30.49024922,
2021-05-23,,
2021-05-24,,
2021-05-25,7.28398238,
2021-05-26,,
2021-05-27,14.85814043,
2021-05-28,,
2021-05-29,,
2021-05-30,,
2021-05-31,5.5262014,
2021-06-01,,
2021-06-02,,
2021-06-03,15.82444211,
2021-06-04,,
2021-06-05,,
2021-06-06,9.95077755,
2021-06-07,,
2021-06-08,,
2021-06-09,5.27456857,
2021-06-10,,
2021-06-11,,
2021-06-12,21.86546276,
2021-06-13,,
2021-06-14,,
2021-06-15,,
2021-06-16,8.55952318,
2021-06-17,,
2021-06-18,,
2021-06-19,18.50141565,
2021-06-20,,
2021-06-21,,
2021-06-22,9.43454161,
2021-06-23,,
2021-06-24,14.47438936,
2021-06-25,,
2021-06-26,,
2021-06-27,15.33754106,
2021-06-28,,
2021-06-29,16.90130798,
2021-06-30,,
2021-07-01,13.83370196,
2021-07-02,,
2021-07-03,,
2021-07-04,10.35169651,
2021-07-05,,
2021-07-06,,
2021-07-07,21.23116452,
2021-07-08,,
2021-07-09,,
2021-07-10,13.99760305,
2021-07-11,,
2021-07-12,,
2021-07-13,15.57882072,
2021-07-14,,
2021-07-15,,
2021-07-16,,
2021-07-17,13.3120515,
2021-07-18,,
2021-07-19,,
2021-07-20,17.69569198,
2021-07-21,,
2021-07-22,31.882526,
2021-07-23,,
2021-07-24,,
2021-07-25,5.6638525,
2021-07-26,,
2021-07-27,,
2021-07-28,17.00517076,
2021-07-29,,
2021-07-30,,
2021-07-31,18.9978907,
2021-08-01,,
2021-08-02,,
2021-08-03,29.7938538,
2021-08-04,,
2021-08-05,,
2021-08-06,,
2021-08-07,32.297877,
2021-08-08,,
2021-08-09,,
2021-08-10,8.7045934,
2021-08-11,,
2021-08-12,14.7612986,
2021-08-13,,
2021-08-14,,
2021-08-15,12.2328653,
2021-08-16,,
2021-08-17,,
2021-08-18,12.3774196,
2021-08-19,,
2021-08-20,,
2021-08-21,10.2853858,
2021-08-22,,
2021-08-23,,
2021-08-24,23.9283962,
2021-08-25,,
2021-08-26,8.1308167,
2021-08-27,,
2021-08-28,,
2021-08-29,13.6601115,
2021-08-30,,
2021-08-31,,
2021-09-01,21.5627853,
2021-09-02,,
2021-09-03,,
2021-09-04,21.9254182,
2021-09-05,,
2021-09-06,,
2021-09-07,12.9751388,
2021-09-08,,
2021-09-09,20.5864611,
2021-09-10,,
2021-09-11,,
2021-09-12,,
2021-09-13,8.4367755,
2021-09-14,,
2021-09-15,,
2021-09-16,16.333493,
2021-09-17,,
2021-09-18,,
2021-09-19,10.1176638,
2021-09-20,,
2021-09-21,,
2021-09-22,10.4567595,
2021-09-23,,
2021-09-24,,
2021-09-25,18.8020867,
2021-09-26,,
2021-09-27,,
2021-09-28,27.6220494,
2021-09-29,,
2021-09-30,,
2021-10-01,,
2021-10-02,,
2021-10-03,,
2021-10-04,14.6906934,
2021-10-05,,
2021-10-06,,
2021-10-07,15.3652544,
2021-10-08,,
2021-10-09,,
2021-10-10,13.0362813,
2021-10-11,,
2021-10-12,,
2021-10-13,,
2021-10-14,27.52126,
2021-10-15,,
2021-10-16,,
2021-10-17,6.2776211,
2021-10-18,,
2021-10-19,,
2021-10-20,9.3692598,
2021-10-21,,
2021-10-22,,
2021-10-23,28.2107178,
2021-10-24,,
2021-10-25,,
2021-10-26,6.7005955,
2021-10-27,,
2021-10-28,21.6781188,
2021-10-29,,
2021-10-30,,
2021-10-31,,
2021-11-01,9.3713923,
2021-11-02,,
2021-11-03,,
2021-11-04,10.7043352,
2021-11-05,,
2021-11-06,,
2021-11-07,14.4504648,
2021-11-08,,
2021-11-09,14.8748658,
2021-11-10,,
2021-11-11,29.0561784,
2021-11-12,,
2021-11-13,,
2021-11-14,14.6498025,
2021-11-15,,
2021-11-16,,
2021-11-17,18.3808305,
2021-11-18,,
2021-11-19,,
2021-11-20,17.6780737,
2021-11-21,,
2021-11-22,,
2021-11-23,16.5546876,
2021-11-24,,
2021-11-25,14.9286022,
2021-11-26,,
2021-11-27,,
2021-11-28,,
2021-11-29,16.9400917,
2021-11-30,,
2021-12-01,19.6281297,
2021-12-02,,
2021-12-03,,
2021-12-04,,
2021-12-05,14.3273906,
2021-12-06,,
2021-12-07,,
2021-12-08,27.5002892,
2021-12-09,,
2021-12-10,,
2021-12-11,19.7903012,
2021-12-12,,
2021-12-13,,
2021-12-14,19.0925358,
2021-12-15,,
2021-12-16,25.8918305,
2021-12-17,,
2021-12-18,,
2021-12-19,,
2021-12-20,17.3827241,
2021-12-21,,
2021-12-22,14.757853,
2021-12-23,,
2021-12-24,19.0864865,
2021-12-25,,
2021-12-26,,
2021-12-27,,
2021-12-28,23.1582343,
2021-12-29,,
2021-12-30,,
2021-12-31,18.6437351,
2022-01-01,,
2022-01-02,,
2022-01-03,,
2022-01-04,21.7202656,
2022-01-05,,
2022-01-06,20.9589898,
2022-01-07,,
2022-01-08,,
2022-01-09,,
2022-01-10,17.9735962,
2022-01-11,,
2022-01-12,,
2022-01-13,17.656671,
2022-01-14,,
2022-01-15,,
2022-01-16,15.9742461,
2022-01-17,,
2022-01-18,,
2022-01-19,22.816311,
2022-01-20,,
2022-01-21,,
2022-01-22,21.4051739,
2022-01-23,,
2022-01-24,,
2022-01-25,20.0728163,
2022-01-26,,
2022-01-27,24.7895025,
2022-01-28,,
2022-01-29,,
2022-01-30,,
2022-01-31,28.2177978,
2022-02-01,,
2022-02-02,,
2022-02-03,31.7121263,
2022-02-04,,
2022-02-05,,
2022-02-06,20.3687059,
2022-02-07,,
2022-02-08,,
2022-02-09,24.0644735,
2022-02-10,,
2022-02-11,,
2022-02-12,23.1490843,
2022-02-13,,
2022-02-14,,
2022-02-15,17.9155343,
2022-02-16,,
2022-02-17,24.5523281,
2022-02-18,,
2022-02-19,,
2022-02-20,,
2022-02-21,21.7164062,
2022-02-22,,
2022-02-23,,
2022-02-24,48.2450397,
2022-02-25,,
2022-02-26,,
2022-02-27,20.6598095,
2022-02-28,,
2022-03-01,,
2022-03-02,21.5623128,
2022-03-03,,
2022-03-04,,
2022-03-05,25.3469373,
2022-03-06,,
2022-03-07,,
2022-03-08,21.2942146,
2022-03-09,,
2022-03-10,15.4260653,
2022-03-11,,
2022-03-12,,
2022-03-13,,
2022-03-14,19.0937677,
2022-03-15,,
2022-03-16,,
2022-03-17,28.7695,
2022-03-18,,
2022-03-19,,
2022-03-20,31.5055226,
2022-03-21,,
2022-03-22,,
2022-03-23,35.9847747,
2022-03-24,,
2022-03-25,,
2022-03-26,,
2022-03-27,,
2022-03-28,,
2022-03-29,17.05979984,
2022-03-30,,
2022-03-31,20.56779315,
2022-04-01,,
2022-04-02,,
2022-04-03,13.9356026,
2022-04-04,,
2022-04-05,,
2022-04-06,6.5195106,
2022-04-07,,
2022-04-08,,
2022-04-09,8.9339756,
2022-04-10,,
2022-04-11,,
2022-04-12,13.2350467,
2022-04-13,,
2022-04-14,,
2022-04-15,16.9844752,
2022-04-16,,
2022-04-17,,
2022-04-18,,
2022-04-19,14.4159674,
2022-04-20,,
2022-04-21,7.8969564,
2022-04-22,,
2022-04-23,,
2022-04-24,6.1641342,
2022-04-25,,
2022-04-26,,
2022-04-27,13.8063498,
2022-04-28,,
2022-04-29,,
2022-04-30,16.85421012,
2022-05-01,,
2022-05-02,,
2022-05-03,15.382025,
2022-05-04,,
2022-05-05,12.540167,
2022-05-06,,
2022-05-07,,
2022-05-08,,
2022-05-09,19.519438,
2022-05-10,,
2022-05-11,,
2022-05-12,13.096733,
2022-05-13,,
2022-05-14,,
2022-05-15,13.378661,
2022-05-16,,
2022-05-17,,
2022-05-18,7.810108,
2022-05-19,,
2022-05-20,,
2022-05-21,20.181896,
2022-05-22,,
2022-05-23,,
2022-05-24,15.374508,
2022-05-25,,
2022-05-26,10.604923,
2022-05-27,,
2022-05-28,,
2022-05-29,,
2022-05-30,,
2022-05-31,18.852572,
2022-06-01,,
2022-06-02,13.478918,
2022-06-03,,
2022-06-04,,
2022-06-05,21.181102,
2022-06-06,,
2022-06-07,,
2022-06-08,18.772204,
2022-06-09,,
2022-06-10,,
2022-06-11,11.179833,
2022-06-12,,
2022-06-13,,
2022-06-14,8.139079,
2022-06-15,,
2022-06-16,10.351943,
2022-06-17,,
2022-06-18,,
2022-06-19,,
2022-06-20,,
2022-06-21,,
2022-06-22,,
2022-06-23,,
2022-06-24,,
2022-06-25,,
2022-06-26,13.364815,
2022-06-27,,
2022-06-28,,
2022-06-29,,
2022-06-30,15.808485,
2022-07-01,,
2022-07-02,11.22878441,
2022-07-03,,
2022-07-04,,
2022-07-05,,
2022-07-06,10.82414706,
2022-07-07,,
2022-07-08,,
2022-07-09,15.96620906,
2022-07-10,,
2022-07-11,,
2022-07-12,11.01949861,
2022-07-13,,
2022-07-14,8.25202457,
2022-07-15,,
2022-07-16,,
2022-07-17,,
2022-07-18,9.31859857,
2022-07-19,,
2022-07-20,,
2022-07-21,11.78806363,
2022-07-22,,
2022-07-23,,
2022-07-24,11.84259674,
2022-07-25,,
2022-07-26,,
2022-07-27,10.97404843,
2022-07-28,,
2022-07-29,,
2022-07-30,16.48834388,
2022-07-31,,
2022-08-01,,
2022-08-02,10.42113,
2022-08-03,,
2022-08-04,,
2022-08-05,11.3466,
2022-08-06,,
2022-08-07,,
2022-08-08,,
2022-08-09,22.52438,
2022-08-10,,
2022-08-11,17.14918,
2022-08-12,,
2022-08-13,,
2022-08-14,9.32027,
2022-08-15,,
2022-08-16,,
2022-08-17,11.82244,
2022-08-18,,
2022-08-19,,
2022-08-20,19.71236,
2022-08-21,,
2022-08-22,,
2022-08-23,16.30504,
2022-08-24,,
2022-08-25,,
2022-08-26,16.54319,
2022-08-27,,
2022-08-28,,
2022-08-29,,
2022-08-30,12.87193,
2022-08-31,,
2022-09-01,14.61855,
2022-09-02,,
2022-09-03,,
2022-09-04,21.59242,
2022-09-05,,
2022-09-06,,
2022-09-07,12.83164,
2022-09-08,,
2022-09-09,,
2022-09-10,16.05574,
2022-09-11,,
2022-09-12,,
2022-09-13,13.93094,
2022-09-14,,
2022-09-15,,
2022-09-16,8.64326,
2022-09-17,,
2022-09-18,,
2022-09-19,,
2022-09-20,12.75552,
2022-09-21,,
2022-09-22,7.73071,
2022-09-23,,
2022-09-24,,
2022-09-25,11.97885,
2022-09-26,,
2022-09-27,,
2022-09-28,12.92243,
2022-09-29,,
2022-09-30,,
2022-10-01,9.12293158,
2022-10-02,,
2022-10-03,,
2022-10-04,,
2022-10-05,16.18806056,
2022-10-06,,
2022-10-07,13.87343562,
2022-10-08,,
2022-10-09,,
2022-10-10,,
2022-10-11,21.01616422,
2022-10-12,,
2022-10-13,28.39408697,
2022-10-14,,
2022-10-15,,
2022-10-16,11.94887628,
2022-10-17,,
2022-10-18,,
2022-10-19,14.01330158,
2022-10-20,,
2022-10-21,,
2022-10-22,14.69719838,
2022-10-23,,
2022-10-24,,
2022-10-25,18.37665366,
2022-10-26,,
2022-10-27,,
2022-10-28,,
2022-10-29,,
2022-10-30,,
2022-10-31,,
2022-11-01,15.23463331,
2022-11-02,,
2022-11-03,24.15596238,
2022-11-04,,
2022-11-05,,
2022-11-06,13.723467,
2022-11-07,,
2022-11-08,,
2022-11-09,11.02822653,
2022-11-10,,
2022-11-11,,
2022-11-12,9.73506493,
2022-11-13,,
2022-11-14,,
2022-11-15,,
2022-11-16,11.91727204,
2022-11-17,,
2022-11-18,10.72091856,
2022-11-19,,
2022-11-20,,
2022-11-21,,
2022-11-22,17.00979078,
2022-11-23,,
2022-11-24,17.88218302,
2022-11-25,,
2022-11-26,,
2022-11-27,10.24081356,
2022-11-28,,
2022-11-29,,
2022-11-30,,
2022-12-01,29.901162,
2022-12-02,,
2022-12-03,14.98871699,
2022-12-04,,
2022-12-05,,
2022-12-06,11.00265282,
2022-12-07,,
2022-12-08,,
2022-12-09,12.93710074,
2022-12-10,,
2022-12-11,,
2022-12-12,,
2022-12-13,17.75584638,
2022-12-14,,
2022-12-15,26.30597012,
2022-12-16,,
2022-12-17,,
2022-12-18,21.17373241,
2022-12-19,,
2022-12-20,,
2022-12-21,24.3794353,
2022-12-22,,
2022-12-23,,
2022-12-24,16.90516178,
2022-12-25,,
2022-12-26,,
2022-12-27,11.71654748,
2022-12-28,,
2022-12-29,30.4037923,
2022-12-30,,
2022-12-31,,
2023-01-01,20.98817966,
2023-01-02,,
2023-01-03,,
2023-01-04,,
2023-01-05,16.88001295,
2023-01-06,,
2023-01-07,,
2023-01-08,30.85634527,
2023-01-09,,
2023-01-10,,
2023-01-11,10.24141499,
2023-01-12,,
2023-01-13,,
2023-01-14,25.02696123,
2023-01-15,,
2023-01-16,,
2023-01-17,14.27859388,
2023-01-18,,
2023-01-19,,
2023-01-20,27.75273453,
2023-01-21,,
2023-01-22,,
2023-01-23,,
2023-01-24,21.46293438,
2023-01-25,,
2023-01-26,18.18411848,
2023-01-27,,
2023-01-28,,
2023-01-29,21.69647779,
2023-01-30,,
2023-01-31,,
2023-02-01,30.97272542,
2023-02-02,,
2023-02-03,,
2023-02-04,34.84078973,
2023-02-05,,
2023-02-06,,
2023-02-07,29.2046942,
2023-02-08,,
2023-02-09,,
2023-02-10,28.17800317,
2023-02-11,,
2023-02-12,,
2023-02-13,,
2023-02-14,21.20681248,
2023-02-15,,
2023-02-16,21.8981209,
2023-02-17,,
2023-02-18,,
2023-02-19,23.94268259,
2023-02-20,,
2023-02-21,,
2023-02-22,32.48008171,
2023-02-23,,
2023-02-24,,
2023-02-25,47.83947586,
2023-02-26,,
2023-02-27,,
2023-02-28,30.20001218,
2023-03-01,,
2023-03-02,,
2023-03-03,32.22075129,
2023-03-04,,
2023-03-05,,
2023-03-06,,
2023-03-07,24.68821203,
2023-03-08,,
2023-03-09,24.72359531,
2023-03-10,,
2023-03-11,,
2023-03-12,20.46842397,
2023-03-13,,
2023-03-14,,
2023-03-15,22.38451611,
2023-03-16,,
2023-03-17,,
2023-03-18,21.66160436,
2023-03-19,,
2023-03-20,,
2023-03-21,,
2023-03-22,47.36166989,
2023-03-23,,
2023-03-24,45.31535733,
2023-03-25,,
2023-03-26,,
2023-03-27,,
2023-03-28,15.70184769,
2023-03-29,,
2023-03-30,20.07540254,
2023-03-31,,
2023-04-01,,
2023-04-02,13.03454235,
2023-04-03,,
2023-04-04,21.21002376,
2023-04-05,,
2023-04-06,,
2023-04-07,,
2023-04-08,14.0622168,
2023-04-09,,
2023-04-10,,
2023-04-11,11.95130742,
2023-04-12,,
2023-04-13,,
2023-04-14,41.82713308,
2023-04-15,,
2023-04-16,,
2023-04-17,,
2023-04-18,22.5168923,
2023-04-19,,
2023-04-20,19.53309587,
2023-04-21,,
2023-04-22,,
2023-04-23,27.94685342,
2023-04-24,,
2023-04-25,,
2023-04-26,27.37826567,
2023-04-27,,
2023-04-28,,
2023-04-29,17.78124655,
2023-04-30,,
2023-05-01,,
2023-05-02,,
2023-05-03,32.73109467,
2023-05-04,,
2023-05-05,28.55646043,
2023-05-06,,
2023-05-07,,
2023-05-08,,
2023-05-09,19.31254168,
2023-05-10,,
2023-05-11,19.80758798,
2023-05-12,,
2023-05-13,,
2023-05-14,14.77038716,
2023-05-15,,
2023-05-16,,
2023-05-17,13.96357889,
2023-05-18,,
2023-05-19,,
2023-05-20,16.17574112,
2023-05-21,,
2023-05-22,,
2023-05-23,,
2023-05-24,13.42731092,
2023-05-25,,
2023-05-26,40.58769176,
2023-05-27,,
2023-05-28,,
2023-05-29,,
2023-05-30,31.66822487,
2023-05-31,,
2023-06-01,,
2023-06-02,,
2023-06-03,,
2023-06-04,,
2023-06-05,,
2023-06-06,,
2023-06-07,12.74273223,
2023-06-08,,
2023-06-09,,
2023-06-10,40.27438835,
2023-06-11,,
2023-06-12,,
2023-06-13,,
2023-06-14,16.80478678,
2023-06-15,,
2023-06-16,49.98945549,
2023-06-17,,
2023-06-18,,
2023-06-19,,
2023-06-20,,
2023-06-21,22.79572873,
2023-06-22,,
2023-06-23,,
2023-06-24,14.68118951,
2023-06-25,,
2023-06-26,,
2023-06-27,11.10417166,
2023-06-28,,
2023-06-29,42.93212379,
2023-06-30,,
2023-07-01,21.80012259,
2023-07-02,,
2023-07-03,,
2023-07-04,,
2023-07-05,12.0853468,
2023-07-06,,
2023-07-07,18.07592983,
2023-07-08,,
2023-07-09,,
2023-07-10,,
2023-07-11,8.9031698,
2023-07-12,,
2023-07-13,23.66878154,
2023-07-14,,
2023-07-15,,
2023-07-16,6.89924,
2023-07-17,,
2023-07-18,,
2023-07-19,28.95287365,
2023-07-20,,
2023-07-21,,
2023-07-22,29.95458283,
2023-07-23,,
2023-07-24,,
2023-07-25,24.32468894,
2023-07-26,,
2023-07-27,,
2023-07-28,15.70949547,
2023-07-29,,
2023-07-30,,
2023-07-31,,
2023-08-01,26.59009707,
2023-08-02,,
2023-08-03,12.6468057,
2023-08-04,,
2023-08-05,,
2023-08-06,,
2023-08-07,22.95328076,
2023-08-08,,
2023-08-09,,
2023-08-10,16.04227485,
2023-08-11,,
2023-08-12,,
2023-08-13,9.38080703,
2023-08-14,,
2023-08-15,,
2023-08-16,11.74681581,
2023-08-17,,
2023-08-18,,
2023-08-19,28.48198865,
2023-08-20,,
2023-08-21,,
2023-08-22,,
2023-08-23,11.57794165,
2023-08-24,,
2023-08-25,6.49238262,
2023-08-26,,
2023-08-27,,
2023-08-28,,
2023-08-29,9.8762759,
2023-08-30,,
2023-08-31,35.06927063,
2023-09-01,,
2023-09-02,,
2023-09-03,17.69408662,
2023-09-04,,
2023-09-05,,
2023-09-06,27.62006358,
2023-09-07,,
2023-09-08,,
2023-09-09,15.17166892,
2023-09-10,,
2023-09-11,,
2023-09-12,14.06110522,
2023-09-13,,
2023-09-14,,
2023-09-15,22.3005451,
2023-09-16,,
2023-09-17,,
2023-09-18,,
2023-09-19,8.62201825,
2023-09-20,,
2023-09-21,25.3922651,
2023-09-22,,
2023-09-23,,
2023-09-24,21.84057245,
2023-09-25,,
2023-09-26,,
2023-09-27,22.90506018,
2023-09-28,,
2023-09-29,,
2023-09-30,13.98755031,
2023-10-01,,
2023-10-02,,
2023-10-03,22.11666638,
2023-10-04,,
2023-10-05,,
2023-10-06,20.57083223,
2023-10-07,,
2023-10-08,,
2023-10-09,,
2023-10-10,24.86365851,
2023-10-11,,
2023-10-12,26.06045528,
2023-10-13,,
2023-10-14,,
2023-10-15,19.35202119,
2023-10-16,,
2023-10-17,,
2023-10-18,21.75483727,
2023-10-19,,
2023-10-20,,
2023-10-21,31.49821639,
2023-10-22,,
2023-10-23,,
2023-10-24,31.27835922,
2023-10-25,,
2023-10-26,,
2023-10-27,19.40321289,
2023-10-28,,
2023-10-29,,
2023-10-30,,
2023-10-31,17.90344628,
2023-11-01,,
2023-11-02,27.58809887,
2023-11-03,,
2023-11-04,,
2023-11-05,14.19622705,
2023-11-06,,
2023-11-07,,
2023-11-08,15.77353781,
2023-11-09,,
2023-11-10,,
2023-11-11,15.08159512,
2023-11-12,,
2023-11-13,,
2023-11-14,,
2023-11-15,42.37832525,
2023-11-16,,
2023-11-17,14.69197482,
2023-11-18,,
2023-11-19,,
2023-11-20,,
2023-11-21,25.76488508,
2023-11-22,,
2023-11-23,23.88983012,
2023-11-24,,
2023-11-25,,
2023-11-26,7.58661354,
2023-11-27,,
2023-11-28,,
2023-11-29,20.16806881,
2023-11-30,,
2023-12-01,,
2023-12-02,27.60447128,
2023-12-03,,
2023-12-04,,
2023-12-05,35.44104181,
2023-12-06,,
2023-12-07,,
2023-12-08,16.91430606,
2023-12-09,,
2023-12-10,,
2023-12-11,,
2023-12-12,17.97867968,
2023-12-13,,
2023-12-14,,
2023-12-15,23.0159594,
2023-12-16,,
2023-12-17,,
2023-12-18,,
2023-12-19,20.57162579,
2023-12-20,,
2023-12-21,25.14995047,
2023-12-22,,
2023-12-23,,
2023-12-24,,
2023-12-25,26.32900946,
2023-12-26,,
2023-12-27,17.49508618,
2023-12-28,,
2023-12-29,,
2023-12-30,,
2023-12-31,58.86893056,
2024-01-01,,
2024-01-02,,
2024-01-03,59.51907589,
2024-01-04,,
2024-01-05,,
2024-01-06,14.33693021,
2024-01-07,,
2024-01-08,,
2024-01-09,,
2024-01-10,21.78219981,
2024-01-11,,
2024-01-12,27.59319942,
2024-01-13,,
2024-01-14,,
2024-01-15,,
2024-01-16,28.28722178,
2024-01-17,,
2024-01-18,28.66169544,
2024-01-19,,
2024-01-20,,
2024-01-21,40.08348511,
2024-01-22,,
2024-01-23,,
2024-01-24,47.01668748,
2024-01-25,,
2024-01-26,,
2024-01-27,35.44665864,
2024-01-28,,
2024-01-29,,
2024-01-30,26.14308137,
2024-01-31,,
2024-02-01,,
2024-02-02,,
2024-02-03,,
2024-02-04,,
2024-02-05,,
2024-02-06,34.28239162,
2024-02-07,,
2024-02-08,6.21352509,
2024-02-09,,
2024-02-10,,
2024-02-11,22.46086353,
2024-02-12,,
2024-02-13,,
2024-02-14,25.39358837,
2024-02-15,,
2024-02-16,,
2024-02-17,42.32753962,
2024-02-18,,
2024-02-19,,
2024-02-20,,
2024-02-21,,
2024-02-22,,
2024-02-23,27.16669947,
2024-02-24,,
2024-02-25,,
2024-02-26,,
2024-02-27,36.84255444,
2024-02-28,,
2024-02-29,45.1828701,
2024-03-01,,
2024-03-02,,
2024-03-03,,
2024-03-04,,
2024-03-05,46.17270712,
2024-03-06,,
2024-03-07,46.12888025,
2024-03-08,,
2024-03-09,,
2024-03-10,23.63250599,
2024-03-11,,
2024-03-12,,
2024-03-13,31.17820023,
2024-03-14,,
2024-03-15,37.37161555,
2024-03-16,,
2024-03-17,,
2024-03-18,,
2024-03-19,33.09110813,
2024-03-20,,
2024-03-21,42.43572363,
2024-03-22,,
2024-03-23,,
2024-03-24,,
2024-03-25,,
2024-03-26,,
2024-03-27,,
2024-03-28,38.87386984,
2024-03-29,,
2024-03-30,,
2024-03-31,,
2024-04-01,,
2024-04-02,,
2024-04-03,32.33743916,
2024-04-04,,
2024-04-05,,
2024-04-06,27.20923309,
2024-04-07,,
2024-04-08,,
2024-04-09,39.13419479,
2024-04-10,,
2024-04-11,33.28102194,
2024-04-12,,
2024-04-13,,
2024-04-14,,
2024-04-15,43.64887101,
2024-04-16,,
2024-04-17,,
2024-04-18,44.28566498,
2024-04-19,,
2024-04-20,,
2024-04-21,17.35086746,
2024-04-22,,
2024-04-23,,
2024-04-24,15.35202451,
2024-04-25,,
2024-04-26,,
2024-04-27,25.66582025,
2024-04-28,,
2024-04-29,,
2024-04-30,17.8201058,
2024-05-01,,
2024-05-02,,
2024-05-03,27.00747332,
2024-05-04,,
2024-05-05,,
2024-05-06,,
2024-05-07,35.62593364,
2024-05-08,,
2024-05-09,13.49635776,
2024-05-10,,
2024-05-11,,
2024-05-12,23.9611063,
2024-05-13,,
2024-05-14,,
2024-05-15,13.99024021,
2024-05-16,,
2024-05-17,,
2024-05-18,21.63625429,
2024-05-19,,
2024-05-20,,
2024-05-21,,
2024-05-22,,
2024-05-23,,
2024-05-24,21.06955547,
2024-05-25,,
2024-05-26,,
2024-05-27,,
2024-05-28,21.85873164,
2024-05-29,,
2024-05-30,23.54416266,
2024-05-31,,
2024-06-01,,
2024-06-02,23.33484839,
2024-06-03,,
2024-06-04,,
2024-06-05,11.94484792,
2024-06-06,,
2024-06-07,,
2024-06-08,19.26967271,
2024-06-09,,
2024-06-10,,
2024-06-11,,
2024-06-12,17.7077098,
2024-06-13,,
2024-06-14,11.4003097,
2024-06-15,,
2024-06-16,,
2024-06-17,,
2024-06-18,17.48126084,
2024-06-19,,
2024-06-20,10.2709973,
2024-06-21,,
2024-06-22,,
2024-06-23,18.06703701,
2024-06-24,,
2024-06-25,,
2024-06-26,9.30975124,
2024-06-27,,
2024-06-28,,
2024-06-29,17.85983104,
2024-06-30,,
2024-07-01,,
2024-07-02,,
2024-07-03,18.87223452,
2024-07-04,,
2024-07-05,16.39948439,
2024-07-06,,
2024-07-07,,
2024-07-08,,
2024-07-09,20.90665133,
2024-07-10,,
2024-07-11,21.80527053,
2024-07-12,,
2024-07-13,,
2024-07-14,34.09583001,
2024-07-15,,
2024-07-16,,
2024-07-17,26.88047876,
2024-07-18,,
2024-07-19,,
2024-07-20,20.1108178,
2024-07-21,,
2024-07-22,,
2024-07-23,21.51836063,
2024-07-24,,
2024-07-25,,
2024-07-26,31.84331336,
2024-07-27,,
2024-07-28,,
2024-07-29,,
2024-07-30,25.10785134,
2024-07-31,,
2024-08-01,30.19383394,
2024-08-02,,
2024-08-03,,
2024-08-04,17.23981662,
2024-08-05,,
2024-08-06,,
2024-08-07,23.28607432,
2024-08-08,,
2024-08-09,,
2024-08-10,17.83868044,
2024-08-11,,
2024-08-12,,
2024-08-13,14.26929274,
2024-08-14,,
2024-08-15,25.14774667,
2024-08-16,,
2024-08-17,,
2024-08-18,,
2024-08-19,15.95567424,
2024-08-20,,
2024-08-21,,
2024-08-22,16.13072545,
2024-08-23,,
2024-08-24,,
2024-08-25,13.02144702,
2024-08-26,,
2024-08-27,,
2024-08-28,12.98732737,
2024-08-29,,
2024-08-30,,
2024-08-31,29.17011922,
2024-09-01,,
2024-09-02,,
2024-09-03,24.11293374,
2024-09-04,,
2024-09-05,21.23220801,
2024-09-06,,
2024-09-07,,
2024-09-08,,
2024-09-09,21.77642853,
2024-09-10,,
2024-09-11,,
2024-09-12,16.81510534,
2024-09-13,,
2024-09-14,,
2024-09-15,16.0653287,
2024-09-16,,
2024-09-17,,
2024-09-18,21.52882109,
2024-09-19,,
2024-09-20,,
2024-09-21,5.30154056,
2024-09-22,,
2024-09-23,,
2024-09-24,17.38283592,
2024-09-25,,
2024-09-26,14.51425563,
2024-09-27,,
2024-09-28,,
2024-09-29,,
2024-09-30,23.01340467,
2024-10-01,,
2024-10-02,,
2024-10-03,23.90146857,
2024-10-04,,
2024-10-05,,
2024-10-06,22.91908555,
2024-10-07,,
2024-10-08,19.62655728,
2024-10-09,,
2024-10-10,13.40438681,
2024-10-11,,
2024-10-12,,
2024-10-13,,
2024-10-14,9.87798713,
2024-10-15,,
2024-10-16,,
2024-10-17,19.91205156,
2024-10-18,,
2024-10-19,,
2024-10-20,,
2024-10-21,23.84243706,
2024-10-22,,
2024-10-23,,
2024-10-24,7.86400107,
2024-10-25,,
2024-10-26,,
2024-10-27,11.57090664,
2024-10-28,,
2024-10-29,28.23801035,
2024-10-30,,
2024-10-31,23.82149518,
2024-11-01,,
2024-11-02,,
2024-11-03,22.99278646,
2024-11-04,,
2024-11-05,,
2024-11-06,19.43279593,
2024-11-07,,
2024-11-08,,
2024-11-09,13.2314764,
2024-11-10,,
2024-11-11,,
2024-11-12,,
2024-11-13,11.47863488,
2024-11-14,,
2024-11-15,,
2024-11-16,17.14301885,
2024-11-17,,
2024-11-18,,
2024-11-19,,
2024-11-20,,
2024-11-21,,
2024-11-22,,
2024-11-23,,
2024-11-24,12.9958958,
2024-11-25,,
2024-11-26,,
2024-11-27,12.93499953,
2024-11-28,,
2024-11-29,,
2024-11-30,,
2024-12-01,,
2024-12-02,,
2024-12-03,,
2024-12-04,23.46132646,
2024-12-05,,
2024-12-06,,
2024-12-07,23.96391166,
2024-12-08,,
2024-12-09,,
2024-12-10,24.0306294,
2024-12-11,,
2024-12-12,,
2024-12-13,21.48074464,
2024-12-14,,
2024-12-15,,
2024-12-16,15.49918194,
2024-12-17,,
2024-12-18,,
2024-12-19,30.79105363,
2024-12-20,,
2024-12-21,,
2024-12-22,10.53079103,
2024-12-23,,
2024-12-24,,
2024-12-25,11.37649704,
2024-12-26,,
2024-12-27,,
2024-12-28,15.90390188,
2024-12-29,,
2024-12-30,,
2024-12-31,,
2025-01-01,,
2025-01-02,,
2025-01-03,14.89366417,
2025-01-04,,
2025-01-05,,
2025-01-06,12.43917717,
2025-01-07,,
2025-01-08,,
2025-01-09,13.53526527,
2025-01-10,,
2025-01-11,,
2025-01-12,14.56443953,
2025-01-13,,
2025-01-14,,
2025-01-15,18.28449385,
2025-01-16,,
2025-01-17,,
2025-01-18,15.5090686,
2025-01-19,,
2025-01-20,,
2025-01-21,26.93128192,
2025-01-22,,
2025-01-23,,
2025-01-24,31.62194582,
2025-01-25,,
2025-01-26,,
2025-01-27,18.60994998,
2025-01-28,,
2025-01-29,,
2025-01-30,13.05842593,
2025-01-31,,
2025-02-01,,
2025-02-02,23.6265366,
2025-02-03,,
2025-02-04,,
2025-02-05,34.27480371,
2025-02-06,,
2025-02-07,,
2025-02-08,26.72476106,
2025-02-09,,
2025-02-10,,
2025-02-11,16.57226348,
2025-02-12,,
2025-02-13,,
2025-02-14,27.51909237,
2025-02-15,,
2025-02-16,,
2025-02-17,16.06139674,
2025-02-18,,
2025-02-19,,
2025-02-20,18.33054255,
2025-02-21,,
2025-02-22,,
2025-02-23,10.36713703,
2025-02-24,,
2025-02-25,,
2025-02-26,21.68875055,
2025-02-27,,
2025-02-28,,
2025-03-01,30.02501404,
2025-03-02,,
2025-03-03,,
2025-03-04,28.26834808,
2025-03-05,,
2025-03-06,,
2025-03-07,24.34495411,
2025-03-08,,
2025-03-09,,
2025-03-10,,
2025-03-11,,
2025-03-12,,
2025-03-13,34.07560826,
2025-03-14,,
2025-03-15,,
2025-03-16,24.6637745,
2025-03-17,,
2025-03-18,,
2025-03-19,18.55934349,
2025-03-20,,
2025-03-21,,
2025-03-22,18.12626054,
2025-03-23,,
2025-03-24,,
2025-03-25,,
2025-03-26,28.17544541,
2025-03-27,,
2025-03-28,,
2025-03-29,21.74445758,
2025-03-30,,
2025-03-31,,
2025-04-01,18.62572428,
2025-04-02,,
2025-04-03,,
2025-04-04,25.98350461,
2025-04-05,,
2025-04-06,,
2025-04-07,24.11414032,
2025-04-08,,
2025-04-09,25.26452779,
2025-04-10,,
2025-04-11,12.77594013,
2025-04-12,,
2025-04-13,,
2025-04-14,21.6674707,
2025-04-15,,
2025-04-16,,
2025-04-17,,
2025-04-18,,
2025-04-19,11.19417716,
2025-04-20,,
2025-04-21,,
2025-04-22,22.62320454,
2025-04-23,,
2025-04-24,,
2025-04-25,20.42733344,
2025-04-26,,
2025-04-27,,
2025-04-28,25.51803282,
2025-04-29,,
2025-04-30,,
2025-05-01,16.9434964,
2025-05-02,,
2025-05-03,,
2025-05-04,12.50443477,
2025-05-05,,
2025-05-06,,
2025-05-07,13.69664886,
2025-05-08,,
2025-05-09,,
2025-05-10,28.03676729,
2025-05-11,,
2025-05-12,,
2025-05-13,21.57237234,
2025-05-14,,
2025-05-15,,
2025-05-16,28.94304047,
2025-05-17,,
2025-05-18,,
2025-05-19,11.70810581,
2025-05-20,,
2025-05-21,,
2025-05-22,21.21779425,
2025-05-23,,
2025-05-24,,
2025-05-25,17.59110375,
2025-05-26,,
2025-05-27,,
2025-05-28,21.218246,
2025-05-29,,
2025-05-30,,
2025-05-31,20.33060653,
2025-06-01,,
2025-06-02,,
2025-06-03,,
2025-06-04,10.37695414,
2025-06-05,,
2025-06-06,,
2025-06-07,15.63692571,
2025-06-08,,
2025-06-09,,
2025-06-10,10.60741103,
2025-06-11,,
2025-06-12,,
2025-06-13,8.20232673,
2025-06-14,,
2025-06-15,,
2025-06-16,12.23575355,
2025-06-17,,
2025-06-18,,
2025-06-19,21.51014037,
2025-06-20,,
2025-06-21,,
2025-06-22,10.65045696,
2025-06-23,,
2025-06-24,,
2025-06-25,24.77609802,
2025-06-26,,
2025-06-27,18.24045604,
2025-06-28,,
2025-06-29,,
2025-06-30,,
2025-07-01,14.40955371,
2025-07-02,,
2025-07-03,,
2025-07-04,12.03998346,
2025-07-05,,
2025-07-06,,
2025-07-07,17.06079253,
2025-07-08,,
2025-07-09,,
2025-07-10,15.65424631,
2025-07-11,,
2025-07-12,,
2025-07-13,12.73430664,
2025-07-14,,
2025-07-15,,
2025-07-16,24.10263023,
2025-07-17,,
2025-07-18,,
2025-07-19,36.65717487,
2025-07-20,,
2025-07-21,,
2025-07-22,19.08001741,
2025-07-23,,
2025-07-24,,
2025-07-25,12.33561884,
2025-07-26,,
2025-07-27,,
2025-07-28,10.09358445,
2025-07-29,,
2025-07-30,,
2025-07-31,12.85067429,
2025-08-01,,
2025-08-02,,
2025-08-03,12.73053155,
2025-08-04,,
2025-08-05,,
2025-08-06,14.32627645,
2025-08-07,,
2025-08-08,,
2025-08-09,14.30244291,
2025-08-10,,
2025-08-11,,
2025-08-12,14.6388057,
2025-08-13,,
2025-08-14,,
2025-08-15,16.47344553,
2025-08-16,,
2025-08-17,,
2025-08-18,10.29252393,
2025-08-19,,
2025-08-20,,
2025-08-21,16.72374046,
2025-08-22,,
2025-08-23,,
2025-08-24,13.48768656,
2025-08-25,,
2025-08-26,,
2025-08-27,19.45624341,
2025-08-28,,
2025-08-29,,
2025-08-30,24.41283935,
2025-08-31,,
2025-09-01,,
2025-09-02,15.53859245,
2025-09-03,,
2025-09-04,,
2025-09-05,13.98023343,
2025-09-06,,
2025-09-07,,
2025-09-08,11.93136615,
2025-09-09,,
2025-09-10,,
2025-09-11,21.77227326,
2025-09-12,,
2025-09-13,,
2025-09-14,12.75853027,
2025-09-15,,
2025-09-16,,
2025-09-17,20.57349623,
2025-09-18,,
2025-09-19,,
2025-09-20,19.04820681,
2025-09-21,,
2025-09-22,,
2025-09-23,19.37220691,
2025-09-24,,
2025-09-25,,
2025-09-26,24.35773591,
2025-09-27,,
2025-09-28,,
2025-09-29,15.73626328,
2025-09-30,,
2025-10-01,,
2025-10-02,19.1184,
2025-10-03,,
2025-10-04,,
2025-10-05,9.70278,
2025-10-06,,
2025-10-07,,
2025-10-08,24.6717,
2025-10-09,,
2025-10-10,,
2025-10-11,31.1771,
2025-10-12,,
2025-10-13,,
2025-10-14,,
2025-10-15,21.9562,
2025-10-16,,
2025-10-17,21.8019,
2025-10-18,,
2025-10-19,,
2025-10-20,11.4929,
2025-10-21,,
2025-10-22,,
2025-10-23,38.192,
2025-10-24,,
2025-10-25,,
2025-10-26,15.4501,
2025-10-27,,
2025-10-28,,
2025-10-29,0.0,
