Fecha,NO2,PM10,PST,SO2
2001-05-11,42.34475638,,,
2001-05-12,,,,
2001-05-13,,,,
2001-05-14,,,,
2001-05-15,,,,
2001-05-16,,,,
2001-05-17,,,,
2001-05-18,,,,
2001-05-19,,,,
2001-05-20,,,,
2001-05-21,,,,
2001-05-22,,,,
2001-05-23,49.5135573,,,17.24810628
2001-05-24,,,,
2001-05-25,,,,
2001-05-26,50.63377353,,79.74702913,17.24810628
2001-05-27,,,,
2001-05-28,,,,
2001-05-29,51.75398976,,,17.93437045
2001-05-30,,,,
2001-05-31,,,,
2001-06-01,49.5135573,,,22.78397063
2001-06-02,,,,
2001-06-03,,,,
2001-06-04,54.53212601,,,29.14335199
2001-06-05,,,,
2001-06-06,,,,
2001-06-07,55.0698298,,97.43383935,23.28723102
2001-06-08,,,,
2001-06-09,,,,
2001-06-10,24.42071378,,77.98061955,17.88861951
2001-06-11,,,,
2001-06-12,,,,
2001-06-13,38.31139502,,,20.13041581
2001-06-14,,,,
2001-06-15,,,,
2001-06-16,28.31906626,,,15.96707982
2001-06-17,,,,
2001-06-18,,,,
2001-06-19,62.28402231,,44.41472269,13.72528351
2001-06-20,,,,
2001-06-21,,,,
2001-06-22,55.65234224,,96.0352647,23.42448386
2001-06-23,,,,
2001-06-24,,,,
2001-06-25,52.87420599,,67.06174219,19.26114786
2001-06-26,,,,
2001-06-27,,,,
2001-06-28,48.39334108,,,15.09781186
2001-06-29,,,,
2001-06-30,,,,
2001-07-01,46.19771727,,,20.95393282
2001-07-02,,,,
2001-07-03,,,,
2001-07-04,47.85563729,,,20.40492148
2001-07-05,,,,
2001-07-06,,,,
2001-07-07,52.87420599,,,24.24800087
2001-07-08,,,,
2001-07-09,,,,
2001-07-10,51.17147732,,,20.40492148
2001-07-11,,,,
2001-07-12,,,,
2001-07-13,47.3179335,,,15.09781186
2001-07-14,,,,
2001-07-15,,,,
2001-07-16,33.42725226,,,15.41806848
2001-07-17,,,,
2001-07-18,,,,
2001-07-19,61.74631852,,,17.0651025
2001-07-20,,,,
2001-07-21,,,,
2001-07-22,40.05893234,,,14.82330619
2001-07-23,,,,
2001-07-24,,,,
2001-07-25,55.0698298,,,15.41806848
2001-07-26,,,,
2001-07-27,,,,
2001-07-28,52.87420599,,,14.82330619
2001-07-29,,,,
2001-07-30,,,,
2001-07-31,54.53212601,,,19.53565353
2001-08-01,,,,
2001-08-02,,,,
2001-08-03,47.85563729,,,17.33503307
2001-08-04,,,,
2001-08-05,,,,
2001-08-06,15.05570611,,,19.55395391
2001-08-07,,,,
2001-08-08,,,,
2001-08-09,57.31026226,,,15.395193
2001-08-10,,,,
2001-08-11,,,,
2001-08-12,40.64144477,,,24.26630124
2001-08-13,,,,
2001-08-14,,,,
2001-08-15,56.72774982,,,12.0690993
2001-08-16,,,,
2001-08-17,,,,
2001-08-18,48.97585352,,,12.0690993
2001-08-19,,,,
2001-08-20,,,,
2001-08-21,,,,
2001-08-22,,,,
2001-08-23,,,,
2001-08-24,50.09606974,,,6.52408476
2001-08-25,,,,
2001-08-26,,,,
2001-08-27,48.39334108,,,12.34818006
2001-08-28,,,,
2001-08-29,,,,
2001-08-30,,,,
2001-08-31,,,,
2001-09-01,,,,
2001-09-02,36.7430923,,,4.03065826
2001-09-03,,,,
2001-09-04,,,,
2001-09-05,68.42280724,,,4.86332546
2001-09-06,,,,
2001-09-07,,,,
2001-09-08,55.65234224,,,2.92348539
2001-09-09,,,,
2001-09-10,,,,
2001-09-11,27.87097977,,,6.52408476
2001-09-12,,,,
2001-09-13,,,,
2001-09-14,60.83428703,,,7.0440908
2001-09-15,,,,
2001-09-16,,,,
2001-09-17,57.55005415,,,6.27572796
2001-09-18,,,,
2001-09-19,,,,
2001-09-20,59.55551566,,,6.52952603
2001-09-21,,,,
2001-09-22,,,,
2001-09-23,54.8640138,,98.61495437,16.50290868
2001-09-24,,,,
2001-09-25,,,,
2001-09-26,55.79182179,,,21.54766313
2001-09-27,,,,
2001-09-28,,,,
2001-09-29,56.73985615,,,14.56722528
2001-09-30,,,,
2001-10-01,,,,
2001-10-02,53.41545898,,85.80477108,30.33604741
2001-10-03,,,,
2001-10-04,,,,
2001-10-05,46.39101316,,99.97167722,39.6758321
2001-10-06,,,,
2001-10-07,,,,
2001-10-08,37.32745541,,95.83460052,7.36595941
2001-10-09,,,,
2001-10-10,,,,
2001-10-11,43.92068424,,89.8226637,30.61389631
2001-10-12,,,,
2001-10-13,,,,
2001-10-14,43.42107592,,,2.14626332
2001-10-15,,,,
2001-10-16,,,,
2001-10-17,34.57469045,,,0.98569886
2001-10-18,,,,
2001-10-19,,,,
2001-10-20,52.49770728,,,31.36279491
2001-10-21,,,,
2001-10-22,,,,
2001-10-23,60.4497904,,,16.45893574
2001-10-24,,,,
2001-10-25,,,,
2001-10-26,37.17766342,,,12.90913639
2001-10-27,,,,
2001-10-28,,,,
2001-10-29,,,,
2001-10-30,,,,
2001-10-31,,,,
2001-11-01,50.67600354,,,14.02062322
2001-11-02,,,,
2001-11-03,,,,
2001-11-04,17.18896084,,,6.84604815
2001-11-05,,,,
2001-11-06,,,,
2001-11-07,,,,
2001-11-08,,,,
2001-11-09,,,,
2001-11-10,,,,
2001-11-11,,,,
2001-11-12,,,,
2001-11-13,43.95728481,,,0.98364532
2001-11-14,,,,
2001-11-15,,,,
2001-11-16,38.44789157,,,2.03403472
2001-11-17,,,,
2001-11-18,,,,
2001-11-19,42.51192441,,,
2001-11-20,,,,
2001-11-21,,,,
2001-11-22,36.66670333,,,3.19134243
2001-11-23,,,,
2001-11-24,,,,
2001-11-25,,,,
2001-11-26,,,,
2001-11-27,,,,
2001-11-28,,,,
2001-11-29,,,,
2001-11-30,,,,
2001-12-01,,,,
2001-12-02,,,,
2001-12-03,,,,
2001-12-04,,,,
2001-12-05,,,,
2001-12-06,,,,
2001-12-07,,,,
2001-12-08,,,,
2001-12-09,,,,
2001-12-10,,,,
2001-12-11,,,,
2001-12-12,,,,
2001-12-13,,,,
2001-12-14,,,,
2001-12-15,,,,
2001-12-16,,,,
2001-12-17,,,,
2001-12-18,,,,
2001-12-19,,,,
2001-12-20,,,,
2001-12-21,,,,
2001-12-22,,,,
2001-12-23,,,,
2001-12-24,,,,
2001-12-25,,,,
2001-12-26,,,,
2001-12-27,,,,
2001-12-28,,,,
2001-12-29,,,,
2001-12-30,,,,
2001-12-31,,,,
2002-01-01,,,,
2002-01-02,,,,
2002-01-03,,,80.03137964,
2002-01-04,,,,
2002-01-05,,,,
2002-01-06,25.95198456,,68.50681633,9.496535
2002-01-07,,,,
2002-01-08,,,,
2002-01-09,35.89275937,,95.1196322,14.26587012
2002-01-10,,,,
2002-01-11,,,,
2002-01-12,,,,
2002-01-13,,,,
2002-01-14,,,,
2002-01-15,40.225169,,95.41418046,12.00467545
2002-01-16,,,,
2002-01-17,,,,
2002-01-18,40.16145291,,,9.64320819
2002-01-19,,,,
2002-01-20,,,,
2002-01-21,29.16512579,,,9.09026334
2002-01-22,,,,
2002-01-23,,,,
2002-01-24,36.39431346,,,7.01501903
2002-01-25,,,,
2002-01-26,,,,
2002-01-27,54.15656252,,,8.02062195
2002-01-28,,,,
2002-01-29,,,,
2002-01-30,63.20891638,,,13.52863303
2002-01-31,,,,
2002-02-01,,,,
2002-02-02,,,95.74251365,
2002-02-03,,,,
2002-02-04,,,,
2002-02-05,,,88.72986686,
2002-02-06,,,,
2002-02-07,,,,
2002-02-08,,,85.7488608,
2002-02-09,,,,
2002-02-10,,,,
2002-02-11,,,,
2002-02-12,,,,
2002-02-13,,,,
2002-02-14,,,,
2002-02-15,,,,
2002-02-16,,,,
2002-02-17,,,70.97101183,
2002-02-18,,,,
2002-02-19,,,,
2002-02-20,,,,
2002-02-21,,,,
2002-02-22,,,,
2002-02-23,,,97.19110322,
2002-02-24,,,,
2002-02-25,,,,
2002-02-26,,,95.12874265,
2002-02-27,,,,
2002-02-28,,,,
2002-03-01,,,,
2002-03-02,,,,
2002-03-03,,,,
2002-03-04,,,,
2002-03-05,,,,
2002-03-06,,,,
2002-03-07,,,,
2002-03-08,,,,
2002-03-09,,,,
2002-03-10,,,,
2002-03-11,,,,
2002-03-12,,,,
2002-03-13,,,,
2002-03-14,,,,
2002-03-15,,,,
2002-03-16,,,,
2002-03-17,,,,
2002-03-18,,,,
2002-03-19,,,,
2002-03-20,,,,
2002-03-21,,,,
2002-03-22,,,,
2002-03-23,,,,
2002-03-24,,,,
2002-03-25,,,,
2002-03-26,,,,
2002-03-27,,,,
2002-03-28,,,97.33888838,
2002-03-29,,,,
2002-03-30,,,,
2002-03-31,,,,
2002-04-01,,,,
2002-04-02,,,,
2002-04-03,,,,
2002-04-04,,,,
2002-04-05,,,,
2002-04-06,,,,
2002-04-07,,,,
2002-04-08,,,,
2002-04-09,,,,
2002-04-10,,,,
2002-04-11,,,,
2002-04-12,,,,
2002-04-13,,,,
2002-04-14,,,,
2002-04-15,,,89.98786166,
2002-04-16,,,,
2002-04-17,,,,
2002-04-18,,,,
2002-04-19,,,,
2002-04-20,,,,
2002-04-21,,,,
2002-04-22,,,,
2002-04-23,,,,
2002-04-24,,,,
2002-04-25,,,,
2002-04-26,,,,
2002-04-27,,,,
2002-04-28,,,,
2002-04-29,,,,
2002-04-30,,,,
2002-05-01,,,,
2002-05-02,,,,
2002-05-03,,,,
2002-05-04,,,,
2002-05-05,,,,
2002-05-06,,,,
2002-05-07,,,,
2002-05-08,,,,
2002-05-09,,,,
2002-05-10,,,,
2002-05-11,,,,
2002-05-12,,,95.39565418,
2002-05-13,,,,
2002-05-14,,,,
2002-05-15,,,,
2002-05-16,,,,
2002-05-17,,,,
2002-05-18,,,,
2002-05-19,,,,
2002-05-20,,,,
2002-05-21,,,,
2002-05-22,,,,
2002-05-23,,,,
2002-05-24,,,,
2002-05-25,,,,
2002-05-26,,,,
2002-05-27,,,,
2002-05-28,,,,
2002-05-29,,,,
2002-05-30,,,83.23141679,
2002-05-31,,,,
2002-06-01,,,,
2002-06-02,,,57.19452119,
2002-06-03,,,,
2002-06-04,,,,
2002-06-05,,,,
2002-06-06,,,,
2002-06-07,,,,
2002-06-08,,,,
2002-06-09,,,,
2002-06-10,,,,
2002-06-11,,,,
2002-06-12,,,,
2002-06-13,,,,
2002-06-14,,,87.40703385,
2002-06-15,,,,
2002-06-16,,,,
2002-06-17,,,97.01372196,
2002-06-18,,,,
2002-06-19,,,,
2002-06-20,,,,
2002-06-21,,,,
2002-06-22,,,,
2002-06-23,,,,
2002-06-24,,,,
2002-06-25,,,,
2002-06-26,,,,
2002-06-27,,,,
2002-06-28,,,,
2002-06-29,,,,
2002-06-30,,,,
2002-07-01,,,,
2002-07-02,,,,
2002-07-03,,,,
2002-07-04,,,,
2002-07-05,,,,
2002-07-06,,,,
2002-07-07,,,,
2002-07-08,,,,
2002-07-09,,,,
2002-07-10,,,,
2002-07-11,,,,
2002-07-12,,,,
2002-07-13,,,,
2002-07-14,,,,
2002-07-15,,,,
2002-07-16,,,,
2002-07-17,,,,
2002-07-18,,,,
2002-07-19,,,,
2002-07-20,,,,
2002-07-21,,,,
2002-07-22,,,,
2002-07-23,,,,
2002-07-24,,,,
2002-07-25,,,,
2002-07-26,,,,
2002-07-27,,,,
2002-07-28,,,,
2002-07-29,,,,
2002-07-30,,,,
2002-07-31,,,,
2002-08-01,,,,
2002-08-02,,,,
2002-08-03,,,,
2002-08-04,,,,
2002-08-05,,,,
2002-08-06,,,,
2002-08-07,,,,
2002-08-08,,,,
2002-08-09,,,,
2002-08-10,,,,
2002-08-11,,,,
2002-08-12,,,,
2002-08-13,,,,
2002-08-14,,,,
2002-08-15,,,,
2002-08-16,,,,
2002-08-17,,,,
2002-08-18,,,,
2002-08-19,,,,
2002-08-20,,,,
2002-08-21,,,,
2002-08-22,,,,
2002-08-23,,,,
2002-08-24,,,,
2002-08-25,,,,
2002-08-26,,,,
2002-08-27,,,,
2002-08-28,,,,
2002-08-29,,,,
2002-08-30,,,,
2002-08-31,,,,
2002-09-01,,,,
2002-09-02,,,,
2002-09-03,,,,
2002-09-04,,,,
2002-09-05,,,,
2002-09-06,,,,
2002-09-07,,,,
2002-09-08,,,,
2002-09-09,,,,
2002-09-10,,,,
2002-09-11,,,,
2002-09-12,,,,
2002-09-13,,,,
2002-09-14,,,,
2002-09-15,,,,
2002-09-16,,,,
2002-09-17,,,,
2002-09-18,,,,
2002-09-19,,,,
2002-09-20,,,,
2002-09-21,,,,
2002-09-22,,,,
2002-09-23,,,,
2002-09-24,,,,
2002-09-25,,,,
2002-09-26,,,,
2002-09-27,,,,
2002-09-28,,,,
2002-09-29,,,,
2002-09-30,,,,
2002-10-01,,,,
2002-10-02,,,,
2002-10-03,,,,
2002-10-04,,,,
2002-10-05,,,,
2002-10-06,,,,
2002-10-07,,,,
2002-10-08,,,,
2002-10-09,,,,
2002-10-10,,,,
2002-10-11,,,,
2002-10-12,,,,
2002-10-13,,,,
2002-10-14,,,,
2002-10-15,,,,
2002-10-16,,,,
2002-10-17,,,,
2002-10-18,,,,
2002-10-19,,,,
2002-10-20,,,,
2002-10-21,,,,
2002-10-22,,,,
2002-10-23,,,,
2002-10-24,,,,
2002-10-25,,,,
2002-10-26,,,,
2002-10-27,,,,
2002-10-28,,,,
2002-10-29,,,,
2002-10-30,,,,
2002-10-31,,,,
2002-11-01,,,,
2002-11-02,,,,
2002-11-03,,,,
2002-11-04,,,,
2002-11-05,,,,
2002-11-06,,,,
2002-11-07,,,,
2002-11-08,,,,
2002-11-09,,,,
2002-11-10,,,,
2002-11-11,,,,
2002-11-12,,,,
2002-11-13,,,,
2002-11-14,,,,
2002-11-15,,,,
2002-11-16,,,,
2002-11-17,,,,
2002-11-18,,,,
2002-11-19,,,,
2002-11-20,,,,
2002-11-21,,,,
2002-11-22,,,,
2002-11-23,,,,
2002-11-24,,,,
2002-11-25,,,,
2002-11-26,,,,
2002-11-27,,,,
2002-11-28,,,,
2002-11-29,,,,
2002-11-30,,,,
2002-12-01,,,,
2002-12-02,,,,
2002-12-03,,,,
2002-12-04,,,,
2002-12-05,,,,
2002-12-06,,,,
2002-12-07,,,,
2002-12-08,,,89.39426879,
2002-12-09,,,,
2002-12-10,,,,
2002-12-11,,,,
2002-12-12,,,,
2002-12-13,,,,
2002-12-14,,,,
2002-12-15,,,,
2002-12-16,,,,
2002-12-17,,,91.87926115,
2002-12-18,,,,
2002-12-19,,,,
2002-12-20,,,,
2002-12-21,,,,
2002-12-22,,,,
2002-12-23,,,,
2002-12-24,,,,
2002-12-25,,,,
2002-12-26,,,,
2002-12-27,,,,
2002-12-28,,,,
2002-12-29,,,72.88948923,
2002-12-30,,,,
2002-12-31,,,,
2003-01-01,,,97.79136588,
2003-01-02,,,,
2003-01-03,,,,
2003-01-04,,,,
2003-01-05,,,,
2003-01-06,,,,
2003-01-07,,,,
2003-01-08,,,,
2003-01-09,,,,
2003-01-10,,,,
2003-01-11,,,,
2003-01-12,,,,
2003-01-13,,,,
2003-01-14,,,,
2003-01-15,,,,
2003-01-16,,,,
2003-01-17,,,,
2003-01-18,,,,
2003-01-19,,,91.49509662,
2003-01-20,,,,
2003-01-21,,,,
2003-01-22,,,,
2003-01-23,,,,
2003-01-24,,,,
2003-01-25,,,,
2003-01-26,,,,
2003-01-27,,,,
2003-01-28,,,,
2003-01-29,,,,
2003-01-30,,,,
2003-01-31,,,,
2003-02-01,,,,
2003-02-02,,,,
2003-02-03,,,,
2003-02-04,,,,
2003-02-05,,,,
2003-02-06,,,,
2003-02-07,,,,
2003-02-08,,,,
2003-02-09,,,90.91074129,
2003-02-10,,,,
2003-02-11,,,,
2003-02-12,,,,
2003-02-13,,,,
2003-02-14,,,,
2003-02-15,,,,
2003-02-16,,,,
2003-02-17,,,,
2003-02-18,,,,
2003-02-19,,,,
2003-02-20,,,,
2003-02-21,,,,
2003-02-22,,,,
2003-02-23,,,,
2003-02-24,,,,
2003-02-25,,,,
2003-02-26,,,,
2003-02-27,,,,
2003-02-28,,,,
2003-03-01,,,,
2003-03-02,,,,
2003-03-03,,,,
2003-03-04,,,,
2003-03-05,,,,
2003-03-06,,,,
2003-03-07,,,,
2003-03-08,,,,
2003-03-09,,,,
2003-03-10,,,,
2003-03-11,,,,
2003-03-12,,,,
2003-03-13,,,,
2003-03-14,,,,
2003-03-15,,,,
2003-03-16,,,,
2003-03-17,,,,
2003-03-18,,,,
2003-03-19,,,,
2003-03-20,,,,
2003-03-21,,,,
2003-03-22,,,,
2003-03-23,,,,
2003-03-24,,,,
2003-03-25,,,,
2003-03-26,,,,
2003-03-27,,,,
2003-03-28,,,,
2003-03-29,,,,
2003-03-30,,,,
2003-03-31,,,,
2003-04-01,,,,
2003-04-02,,,,
2003-04-03,,,,
2003-04-04,,,,
2003-04-05,,,,
2003-04-06,,,,
2003-04-07,,,,
2003-04-08,,,,
2003-04-09,,,,
2003-04-10,,,,
2003-04-11,,,,
2003-04-12,,,,
2003-04-13,,,,
2003-04-14,,,,
2003-04-15,,,,
2003-04-16,,,,
2003-04-17,,,,
2003-04-18,,,,
2003-04-19,,,,
2003-04-20,,,,
2003-04-21,,,,
2003-04-22,,,,
2003-04-23,,,,
2003-04-24,,,,
2003-04-25,,,,
2003-04-26,,,,
2003-04-27,,,,
2003-04-28,,,,
2003-04-29,,,,
2003-04-30,,,,
2003-05-01,,,,
2003-05-02,,,,
2003-05-03,,,,
2003-05-04,,,,
2003-05-05,,,,
2003-05-06,,,,
2003-05-07,,,,
2003-05-08,,,81.66389148,
2003-05-09,,,,
2003-05-10,,,,
2003-05-11,,,82.72514932,
2003-05-12,,,,
2003-05-13,,,,
2003-05-14,,,,
2003-05-15,,,,
2003-05-16,,,,
2003-05-17,,,,
2003-05-18,,,,
2003-05-19,,,,
2003-05-20,,,,
2003-05-21,,,,
2003-05-22,,,,
2003-05-23,,,,
2003-05-24,,,,
2003-05-25,,,,
2003-05-26,,,98.34888524,
2003-05-27,,,,
2003-05-28,,,,
2003-05-29,,,,
2003-05-30,,,,
2003-05-31,,,,
2003-06-01,,,94.89521639,
2003-06-02,,,,
2003-06-03,,,,
2003-06-04,,,,
2003-06-05,,,,
2003-06-06,,,,
2003-06-07,,,,
2003-06-08,,,,
2003-06-09,,,,
2003-06-10,,,,
2003-06-11,,,,
2003-06-12,,,,
2003-06-13,,,,
2003-06-14,,,,
2003-06-15,,,,
2003-06-16,,,,
2003-06-17,,,,
2003-06-18,,,,
2003-06-19,,,89.47080529,
2003-06-20,,,,
2003-06-21,,,,
2003-06-22,,,50.59121403,
2003-06-23,,,,
2003-06-24,,,,
2003-06-25,,,94.94376133,
2003-06-26,,,,
2003-06-27,,,,
2003-06-28,,,,
2003-06-29,,,,
2003-06-30,,,,
2003-07-01,,,99.68347317,
2003-07-02,,,,
2003-07-03,,,,
2003-07-04,,,,
2003-07-05,,,,
2003-07-06,,,,
2003-07-07,,,92.5613443,
2003-07-08,,,,
2003-07-09,,,,
2003-07-10,,,,
2003-07-11,,,,
2003-07-12,,,,
2003-07-13,,,73.36601029,
2003-07-14,,,,
2003-07-15,,,,
2003-07-16,,,,
2003-07-17,,,,
2003-07-18,,,,
2003-07-19,,,,
2003-07-20,,,,
2003-07-21,,,,
2003-07-22,,,,
2003-07-23,,,,
2003-07-24,,,,
2003-07-25,,,,
2003-07-26,,,,
2003-07-27,,,,
2003-07-28,,,,
2003-07-29,,,,
2003-07-30,,,,
2003-07-31,,,,
2003-08-01,,,,
2003-08-02,,,,
2003-08-03,,,59.46679705,
2003-08-04,,,,
2003-08-05,,,,
2003-08-06,,,,
2003-08-07,,,,
2003-08-08,,,,
2003-08-09,,,97.25278754,
2003-08-10,,,,
2003-08-11,,,,
2003-08-12,,,,
2003-08-13,,,,
2003-08-14,,,,
2003-08-15,,,,
2003-08-16,,,,
2003-08-17,,,,
2003-08-18,,,93.38419487,
2003-08-19,,,,
2003-08-20,,,,
2003-08-21,,,,
2003-08-22,,,,
2003-08-23,,,,
2003-08-24,,,,
2003-08-25,,,,
2003-08-26,,,,
2003-08-27,,,,
2003-08-28,,,,
2003-08-29,,,,
2003-08-30,,,,
2003-08-31,,,,
2003-09-01,,,,
2003-09-02,,,,
2003-09-03,,,,
2003-09-04,,,,
2003-09-05,,,,
2003-09-06,,,,
2003-09-07,,,,
2003-09-08,,,,
2003-09-09,,,,
2003-09-10,,,,
2003-09-11,,,,
2003-09-12,,,,
2003-09-13,,,,
2003-09-14,,,,
2003-09-15,,,,
2003-09-16,,,,
2003-09-17,,,,
2003-09-18,,,,
2003-09-19,,,,
2003-09-20,,,,
2003-09-21,,,,
2003-09-22,,,,
2003-09-23,,,,
2003-09-24,,,,
2003-09-25,,,,
2003-09-26,,,,
2003-09-27,,,,
2003-09-28,,,,
2003-09-29,,,,
2003-09-30,,,,
2003-10-01,,,,
2003-10-02,,,,
2003-10-03,,,,
2003-10-04,,,,
2003-10-05,,,92.47118393,
2003-10-06,,,,
2003-10-07,,,,
2003-10-08,,,,
2003-10-09,,,,
2003-10-10,,,,
2003-10-11,,,,
2003-10-12,,,,
2003-10-13,,,,
2003-10-14,,,,
2003-10-15,,,,
2003-10-16,,,,
2003-10-17,,,,
2003-10-18,,,,
2003-10-19,,,,
2003-10-20,,,,
2003-10-21,,,,
2003-10-22,,,,
2003-10-23,,,,
2003-10-24,,,,
2003-10-25,,,,
2003-10-26,,,,
2003-10-27,,,,
2003-10-28,,,,
2003-10-29,,,,
2003-10-30,,,,
2003-10-31,,,,
2003-11-01,,,,
2003-11-02,,,,
2003-11-03,,,,
2003-11-04,,,,
2003-11-05,,,,
2003-11-06,,,,
2003-11-07,,,,
2003-11-08,,,,
2003-11-09,,,,
2003-11-10,,,,
2003-11-11,,,,
2003-11-12,,,,
2003-11-13,,,,
2003-11-14,,,,
2003-11-15,,,,
2003-11-16,,,69.50648439,
2003-11-17,,,,
2003-11-18,,,,
2003-11-19,,,,
2003-11-20,,,,
2003-11-21,,,,
2003-11-22,,,,
2003-11-23,,,,
2003-11-24,,,,
2003-11-25,,,,
2003-11-26,,,,
2003-11-27,,,,
2003-11-28,,,,
2003-11-29,,,,
2003-11-30,,,,
2003-12-01,,,,
2003-12-02,,,,
2003-12-03,,,,
2003-12-04,,,80.18782055,
2003-12-05,,,,
2003-12-06,,,,
2003-12-07,,,,
2003-12-08,,,,
2003-12-09,,,,
2003-12-10,,,,
2003-12-11,,,,
2003-12-12,,,,
2003-12-13,,,,
2003-12-14,,,,
2003-12-15,,,,
2003-12-16,,,,
2003-12-17,,,,
2003-12-18,,,,
2003-12-19,,,,
2003-12-20,,,,
2003-12-21,,,,
2003-12-22,,,,
2003-12-23,,,,
2003-12-24,,,,
2003-12-25,,,95.61816307,
2003-12-26,,,,
2003-12-27,,,,
2003-12-28,,,61.09935668,
2003-12-29,,,,
2003-12-30,,,,
2003-12-31,,,87.29330476,
2004-01-01,,,,
2004-01-02,,,,
2004-01-03,,,,
2004-01-04,,,,
2004-01-05,,,,
2004-01-06,,,,
2004-01-07,,,,
2004-01-08,,,,
2004-01-09,,,96.10057673,
2004-01-10,,,,
2004-01-11,,,,
2004-01-12,,,88.98150305,
2004-01-13,,,,
2004-01-14,,,,
2004-01-15,,,89.61274766,
2004-01-16,,,,
2004-01-17,,,,
2004-01-18,,,95.98660887,
2004-01-19,,,,
2004-01-20,,,,
2004-01-21,,,94.73314212,
2004-01-22,,,,
2004-01-23,,,,
2004-01-24,,,99.64242847,
2004-01-25,,,,
2004-01-26,,,,
2004-01-27,,,,
2004-01-28,,,,
2004-01-29,,,,
2004-01-30,,,,
2004-01-31,,,,
2004-02-01,,,,
2004-02-02,,,,
2004-02-03,,,,
2004-02-04,,,,
2004-02-05,,,,
2004-02-06,,,,
2004-02-07,,,,
2004-02-08,,,,
2004-02-09,,,,
2004-02-10,,,,
2004-02-11,,,,
2004-02-12,,,,
2004-02-13,,,,
2004-02-14,,,,
2004-02-15,,,,
2004-02-16,,,,
2004-02-17,,,,
2004-02-18,,,,
2004-02-19,,,,
2004-02-20,,,,
2004-02-21,,,,
2004-02-22,,,,
2004-02-23,,,,
2004-02-24,,,,
2004-02-25,,,,
2004-02-26,,,,
2004-02-27,,,,
2004-02-28,,,,
2004-02-29,,,78.2602913,
2004-03-01,,,,
2004-03-02,,,,
2004-03-03,,,,
2004-03-04,,,,
2004-03-05,,,,
2004-03-06,,,,
2004-03-07,,,,
2004-03-08,,,,
2004-03-09,,,,
2004-03-10,,,,
2004-03-11,,,,
2004-03-12,,,,
2004-03-13,,,,
2004-03-14,,,,
2004-03-15,,,,
2004-03-16,,,,
2004-03-17,,,,
2004-03-18,,,95.47918941,
2004-03-19,,,,
2004-03-20,,,,
2004-03-21,,,,
2004-03-22,,,,
2004-03-23,,,,
2004-03-24,,,,
2004-03-25,,,,
2004-03-26,,,,
2004-03-27,,,,
2004-03-28,,,,
2004-03-29,,,,
2004-03-30,,,,
2004-03-31,,,,
2004-04-01,,,,
2004-04-02,,,,
2004-04-03,,,,
2004-04-04,,,,
2004-04-05,,,,
2004-04-06,,,,
2004-04-07,,,,
2004-04-08,,,73.4312055,
2004-04-09,,,,
2004-04-10,,,,
2004-04-11,,,,
2004-04-12,,,,
2004-04-13,,,,
2004-04-14,,,99.03569539,
2004-04-15,,,,
2004-04-16,,,,
2004-04-17,,,78.08892936,
2004-04-18,,,,
2004-04-19,,,,
2004-04-20,,,,
2004-04-21,,,,
2004-04-22,,,,
2004-04-23,,,,
2004-04-24,,,,
2004-04-25,,,,
2004-04-26,,,,
2004-04-27,,,,
2004-04-28,,,,
2004-04-29,,,,
2004-04-30,,,,
2004-05-01,,,,
2004-05-02,,,49.89399909,
2004-05-03,,,,
2004-05-04,,,,
2004-05-05,,,92.21157787,
2004-05-06,,,,
2004-05-07,,,,
2004-05-08,,,,
2004-05-09,,,,
2004-05-10,,,,
2004-05-11,,,84.10972171,
2004-05-12,,,,
2004-05-13,,,,
2004-05-14,,,,
2004-05-15,,,,
2004-05-16,,,,
2004-05-17,,,,
2004-05-18,,,,
2004-05-19,,,,
2004-05-20,,,,
2004-05-21,,,,
2004-05-22,,,,
2004-05-23,,,,
2004-05-24,,,,
2004-05-25,,,,
2004-05-26,,,,
2004-05-27,,,,
2004-05-28,,,,
2004-05-29,,,,
2004-05-30,,,,
2004-05-31,,,,
2004-06-01,,,,
2004-06-02,,,,
2004-06-03,,,,
2004-06-04,,,,
2004-06-05,,,,
2004-06-06,,,,
2004-06-07,,,,
2004-06-08,,,,
2004-06-09,,,,
2004-06-10,,,,
2004-06-11,,,,
2004-06-12,,,,
2004-06-13,,,76.69853015,
2004-06-14,,,,
2004-06-15,,,,
2004-06-16,,,,
2004-06-17,,,,
2004-06-18,,,,
2004-06-19,,,,
2004-06-20,,,,
2004-06-21,,,,
2004-06-22,,,,
2004-06-23,,,,
2004-06-24,,,,
2004-06-25,,,,
2004-06-26,,,,
2004-06-27,,,,
2004-06-28,,,,
2004-06-29,,,,
2004-06-30,,,,
2004-07-01,,,,
2004-07-02,,,,
2004-07-03,,,,
2004-07-04,,,58.82053352,
2004-07-05,,,,
2004-07-06,,,,
2004-07-07,,,85.00985103,
2004-07-08,,,,
2004-07-09,,,,
2004-07-10,,,,
2004-07-11,,,,
2004-07-12,,,,
2004-07-13,,,94.83251664,
2004-07-14,,,,
2004-07-15,,,,
2004-07-16,,,,
2004-07-17,,,,
2004-07-18,,,,
2004-07-19,,,,
2004-07-20,,,,
2004-07-21,,,,
2004-07-22,,,94.88579235,
2004-07-23,,,,
2004-07-24,,,,
2004-07-25,,,99.9748684,
2004-07-26,,,,
2004-07-27,,,,
2004-07-28,,,,
2004-07-29,,,,
2004-07-30,,,,
2004-07-31,,,,
2004-08-01,,,,
2004-08-02,,,,
2004-08-03,,,,
2004-08-04,,,,
2004-08-05,,,,
2004-08-06,,,,
2004-08-07,,,,
2004-08-08,,,,
2004-08-09,,,,
2004-08-10,,,,
2004-08-11,,,,
2004-08-12,,,,
2004-08-13,,,,
2004-08-14,,,,
2004-08-15,,,97.36045259,
2004-08-16,,,,
2004-08-17,,,,
2004-08-18,,,95.73671575,
2004-08-19,,,,
2004-08-20,,,,
2004-08-21,,,,
2004-08-22,,,,
2004-08-23,,,,
2004-08-24,,,,
2004-08-25,,,,
2004-08-26,,,,
2004-08-27,,,89.70969616,
2004-08-28,,,,
2004-08-29,,,,
2004-08-30,,,,
2004-08-31,,,,
2004-09-01,,,,
2004-09-02,,,,
2004-09-03,,,,
2004-09-04,,,,
2004-09-05,,,79.90898848,
2004-09-06,,,,
2004-09-07,,,,
2004-09-08,,,,
2004-09-09,,,,
2004-09-10,,,,
2004-09-11,,,92.62225611,
2004-09-12,,,,
2004-09-13,,,,
2004-09-14,,,97.98978993,
2004-09-15,,,,
2004-09-16,,,,
2004-09-17,,,,
2004-09-18,,,,
2004-09-19,,,,
2004-09-20,,,98.13963273,
2004-09-21,,,,
2004-09-22,,,,
2004-09-23,62.15837757,,,3.66713885
2004-09-24,,,,
2004-09-25,,,,
2004-09-26,,,,
2004-09-27,,,,
2004-09-28,,,,
2004-09-29,66.30790034,,,7.41453495
2004-09-30,,,,
2004-10-01,,,,
2004-10-02,,,,
2004-10-03,,,,
2004-10-04,,,,
2004-10-05,4.67382405,,,1.37129639
2004-10-06,,,,
2004-10-07,,,,
2004-10-08,,,,
2004-10-09,,,,
2004-10-10,,,,
2004-10-11,37.26654775,,,9.33132371
2004-10-12,,,,
2004-10-13,,,,
2004-10-14,,,,
2004-10-15,,,,
2004-10-16,,,,
2004-10-17,20.36892921,,71.63346603,4.01261795
2004-10-18,,,,
2004-10-19,,,,
2004-10-20,,,,
2004-10-21,,,,
2004-10-22,,,,
2004-10-23,20.59593521,,90.23689691,4.3689044
2004-10-24,,,,
2004-10-25,,,,
2004-10-26,,,,
2004-10-27,,,,
2004-10-28,,,,
2004-10-29,43.8971007,,,6.13023286
2004-10-30,,,,
2004-10-31,,,,
2004-11-01,,,,
2004-11-02,,,,
2004-11-03,,,,
2004-11-04,55.41451939,,,8.32083388
2004-11-05,,,,
2004-11-06,,,,
2004-11-07,,,,
2004-11-08,,,,
2004-11-09,,,,
2004-11-10,34.73262464,,96.40790603,6.04181537
2004-11-11,,,,
2004-11-12,,,,
2004-11-13,,,76.61956282,
2004-11-14,,,,
2004-11-15,,,,
2004-11-16,56.24908156,,,8.9649892
2004-11-17,,,,
2004-11-18,,,,
2004-11-19,,,,
2004-11-20,,,,
2004-11-21,,,,
2004-11-22,41.10285673,,,10.94355053
2004-11-23,,,,
2004-11-24,,,,
2004-11-25,,,,
2004-11-26,,,,
2004-11-27,,,,
2004-11-28,31.65219524,,,4.62871003
2004-11-29,,,,
2004-11-30,,,,
2004-12-01,,,,
2004-12-02,,,,
2004-12-03,,,,
2004-12-04,72.72998602,,,3.25133741
2004-12-05,,,,
2004-12-06,,,,
2004-12-07,,,,
2004-12-08,,,,
2004-12-09,,,,
2004-12-10,49.12999434,,,5.03832193
2004-12-11,,,,
2004-12-12,,,,
2004-12-13,,,,
2004-12-14,,,,
2004-12-15,,,,
2004-12-16,,,,
2004-12-17,,,,
2004-12-18,,,,
2004-12-19,,,,
2004-12-20,,,,
2004-12-21,,,,
2004-12-22,,,,
2004-12-23,,,,
2004-12-24,,,,
2004-12-25,,,,
2004-12-26,,,,
2004-12-27,,,,
2004-12-28,,,,
2004-12-29,,,,
2004-12-30,,,,
2004-12-31,,,,
2005-01-01,,,,
2005-01-02,,,,
2005-01-03,,,,
2005-01-04,,,,
2005-01-05,,,,
2005-01-06,,,,
2005-01-07,,,,
2005-01-08,,,,
2005-01-09,,,,
2005-01-10,,,,
2005-01-11,,,,
2005-01-12,,,,
2005-01-13,,,,
2005-01-14,,,,
2005-01-15,,,,
2005-01-16,,,52.09615922,
2005-01-17,,,,
2005-01-18,,,,
2005-01-19,,,82.95188148,
2005-01-20,,,,
2005-01-21,,,,
2005-01-22,,,75.23884751,
2005-01-23,,,,
2005-01-24,,,,
2005-01-25,45.98169513,,,8.24552857
2005-01-26,,,,
2005-01-27,,,,
2005-01-28,,,,
2005-01-29,,,,
2005-01-30,,,,
2005-01-31,37.75730521,,,6.98439032
2005-02-01,,,,
2005-02-02,,,,
2005-02-03,,,,
2005-02-04,,,,
2005-02-05,,,,
2005-02-06,,,,
2005-02-07,,,,
2005-02-08,,,,
2005-02-09,,,99.79343844,
2005-02-10,,,,
2005-02-11,,,,
2005-02-12,34.96954868,,92.8700807,6.80050646
2005-02-13,,,,
2005-02-14,,,,
2005-02-15,,,,
2005-02-16,,,,
2005-02-17,,,,
2005-02-18,37.13253839,,,2.78775079
2005-02-19,,,,
2005-02-20,,,,
2005-02-21,,,,
2005-02-22,,,,
2005-02-23,,,,
2005-02-24,38.44971289,,,20.20183959
2005-02-25,,,,
2005-02-26,,,,
2005-02-27,,,,
2005-02-28,,,,
2005-03-01,,,,
2005-03-02,30.0,,,19.82769609
2005-03-03,,,,
2005-03-04,,,,
2005-03-05,,,,
2005-03-06,,,,
2005-03-07,,,,
2005-03-08,45.50236964,,,
2005-03-09,,,,
2005-03-10,,,,
2005-03-11,,,,
2005-03-12,,,,
2005-03-13,,,,
2005-03-14,5.19647746,,,24.81858365
2005-03-15,,,,
2005-03-16,,,,
2005-03-17,,,,
2005-03-18,,,,
2005-03-19,,,,
2005-03-20,38.12435265,,80.68985936,
2005-03-21,,,,
2005-03-22,,,,
2005-03-23,,,82.42838744,
2005-03-24,,,,
2005-03-25,,,,
2005-03-26,,,,
2005-03-27,,,,
2005-03-28,,,,
2005-03-29,,,,
2005-03-30,,,,
2005-03-31,,,,
2005-04-01,38.04554046,,,5.69285216
2005-04-02,,,,
2005-04-03,,,,
2005-04-04,,,,
2005-04-05,,,,
2005-04-06,,,,
2005-04-07,31.34858559,,,3.8617645
2005-04-08,,,,
2005-04-09,,,,
2005-04-10,,,67.43879689,
2005-04-11,,,,
2005-04-12,,,,
2005-04-13,81.67420264,,,7.69966551
2005-04-14,,,,
2005-04-15,,,,
2005-04-16,,,88.07791052,
2005-04-17,,,,
2005-04-18,,,,
2005-04-19,31.55853844,,,7.99402082
2005-04-20,,,,
2005-04-21,,,,
2005-04-22,,,96.93968063,
2005-04-23,,,,
2005-04-24,,,,
2005-04-25,54.31340187,,,
2005-04-26,,,,
2005-04-27,,,,
2005-04-28,,,,
2005-04-29,,,,
2005-04-30,,,,
2005-05-01,35.29343784,,70.14337725,
2005-05-02,,,,
2005-05-03,,,,
2005-05-04,,,,
2005-05-05,,,,
2005-05-06,,,,
2005-05-07,26.97832355,,,
2005-05-08,,,,
2005-05-09,,,,
2005-05-10,,,,
2005-05-11,,,,
2005-05-12,,,,
2005-05-13,62.78112357,,,1.40054944
2005-05-14,,,,
2005-05-15,,,,
2005-05-16,,,83.54405121,
2005-05-17,,,,
2005-05-18,,,,
2005-05-19,81.00199198,,,3.85949454
2005-05-20,,,,
2005-05-21,,,,
2005-05-22,,,,
2005-05-23,,,,
2005-05-24,,,,
2005-05-25,58.63989455,,72.39943317,1.42118271
2005-05-26,,,,
2005-05-27,,,,
2005-05-28,,,92.89111808,
2005-05-29,,,,
2005-05-30,,,,
2005-05-31,64.69185539,,,
2005-06-01,,,,
2005-06-02,,,,
2005-06-03,,,,
2005-06-04,,,,
2005-06-05,,,,
2005-06-06,62.04333945,,55.53493408,
2005-06-07,,,,
2005-06-08,,,,
2005-06-09,,,,
2005-06-10,,,,
2005-06-11,,,,
2005-06-12,13.71193584,,75.70568674,
2005-06-13,,,,
2005-06-14,,,,
2005-06-15,,,91.89391138,
2005-06-16,,,,
2005-06-17,,,,
2005-06-18,10.92326754,,95.25181762,1.76124088
2005-06-19,,,,
2005-06-20,,,,
2005-06-21,,,,
2005-06-22,,,,
2005-06-23,,,,
2005-06-24,9.33085994,,,0.5716249
2005-06-25,,,,
2005-06-26,,,,
2005-06-27,,,,
2005-06-28,,,,
2005-06-29,,,,
2005-06-30,,,,
2005-07-01,,,,
2005-07-02,,,,
2005-07-03,,,75.78632589,
2005-07-04,,,,
2005-07-05,,,,
2005-07-06,,,76.2171055,
2005-07-07,,,,
2005-07-08,,,,
2005-07-09,,,,
2005-07-10,,,,
2005-07-11,,,,
2005-07-12,,,,
2005-07-13,,,,
2005-07-14,,,,
2005-07-15,,,93.77481856,
2005-07-16,,,,
2005-07-17,,,,
2005-07-18,,,,
2005-07-19,,,,
2005-07-20,,,,
2005-07-21,,,95.59336789,
2005-07-22,,,,
2005-07-23,,,,
2005-07-24,,,68.06910781,
2005-07-25,,,,
2005-07-26,,,,
2005-07-27,,,,
2005-07-28,,,,
2005-07-29,,,,
2005-07-30,,,,
2005-07-31,,,,
2005-08-01,,,,
2005-08-02,,,,
2005-08-03,,,,
2005-08-04,,,,
2005-08-05,,,,
2005-08-06,,,,
2005-08-07,,,,
2005-08-08,,,,
2005-08-09,,,,
2005-08-10,,,,
2005-08-11,,,,
2005-08-12,,,,
2005-08-13,,,,
2005-08-14,,,,
2005-08-15,,,,
2005-08-16,,,,
2005-08-17,,,,
2005-08-18,,,,
2005-08-19,,,,
2005-08-20,,,,
2005-08-21,,,,
2005-08-22,,,,
2005-08-23,,,,
2005-08-24,,,,
2005-08-25,,,,
2005-08-26,,,,
2005-08-27,,,,
2005-08-28,,,,
2005-08-29,,,,
2005-08-30,,,,
2005-08-31,,,,
2005-09-01,,,,
2005-09-02,,,,
2005-09-03,,,,
2005-09-04,,,,
2005-09-05,,,,
2005-09-06,,,,
2005-09-07,,,,
2005-09-08,,,,
2005-09-09,,,,
2005-09-10,,,,
2005-09-11,,,,
2005-09-12,,,,
2005-09-13,,,,
2005-09-14,,,,
2005-09-15,,,,
2005-09-16,,,,
2005-09-17,,,,
2005-09-18,,,,
2005-09-19,,,,
2005-09-20,,,,
2005-09-21,,,,
2005-09-22,,,,
2005-09-23,,,,
2005-09-24,,,,
2005-09-25,,,,
2005-09-26,,,,
2005-09-27,,,,
2005-09-28,,,,
2005-09-29,,,,
2005-09-30,,,,
2005-10-01,,,,
2005-10-02,,,,
2005-10-03,,,,
2005-10-04,,,,
2005-10-05,,,,
2005-10-06,,,,
2005-10-07,,,,
2005-10-08,,,,
2005-10-09,,,,
2005-10-10,,,,
2005-10-11,,,,
2005-10-12,,,,
2005-10-13,,,,
2005-10-14,,,,
2005-10-15,,,,
2005-10-16,,,,
2005-10-17,,,,
2005-10-18,,,,
2005-10-19,,,,
2005-10-20,,,,
2005-10-21,,,,
2005-10-22,,,,
2005-10-23,,,,
2005-10-24,,,,
2005-10-25,,,,
2005-10-26,,,,
2005-10-27,,,,
2005-10-28,,,,
2005-10-29,,,,
2005-10-30,,,,
2005-10-31,,,,
2005-11-01,,,,
2005-11-02,,,,
2005-11-03,,,,
2005-11-04,,,,
2005-11-05,,,,
2005-11-06,,,,
2005-11-07,,,,
2005-11-08,,,,
2005-11-09,,,,
2005-11-10,,,,
2005-11-11,,,,
2005-11-12,,,,
2005-11-13,,,,
2005-11-14,,,,
2005-11-15,,,78.64288652,
2005-11-16,,,,
2005-11-17,,,,
2005-11-18,,,,
2005-11-19,,,,
2005-11-20,,,,
2005-11-21,,,,
2005-11-22,,,,
2005-11-23,,,,
2005-11-24,,,63.18474308,
2005-11-25,,,,
2005-11-26,,,,
2005-11-27,,,77.36243084,
2005-11-28,,,,
2005-11-29,,,,
2005-11-30,,,,
2005-12-01,,,,
2005-12-02,,,,
2005-12-03,,,64.15299348,
2005-12-04,,,,
2005-12-05,,,,
2005-12-06,,,,
2005-12-07,,,,
2005-12-08,,,,
2005-12-09,,,,
2005-12-10,,,,
2005-12-11,,,,
2005-12-12,,,,
2005-12-13,,,,
2005-12-14,,,,
2005-12-15,,,,
2005-12-16,,,,
2005-12-17,,,,
2005-12-18,31.48778717,,70.11213552,0.97354525
2005-12-19,,,,
2005-12-20,,,,
2005-12-21,,,,
2005-12-22,,,,
2005-12-23,,,,
2005-12-24,37.84059762,,83.37176839,0.81164948
2005-12-25,,,,
2005-12-26,,,,
2005-12-27,,,,
2005-12-28,,,,
2005-12-29,,,,
2005-12-30,46.68223308,,,5.63570632
2005-12-31,,,,
2006-01-01,,,,
2006-01-02,,,,
2006-01-03,,,87.12026803,
2006-01-04,,,,
2006-01-05,31.60511661,,83.29645585,4.16296114
2006-01-06,,,,
2006-01-07,,,,
2006-01-08,,,64.32612189,
2006-01-09,,,,
2006-01-10,,,,
2006-01-11,35.79777382,,,4.39862355
2006-01-12,,,,
2006-01-13,,,,
2006-01-14,,,,
2006-01-15,,,,
2006-01-16,,,,
2006-01-17,44.8396267,,,4.16122802
2006-01-18,,,,
2006-01-19,,,,
2006-01-20,,,,
2006-01-21,,,,
2006-01-22,,,,
2006-01-23,27.60558564,,98.79041809,3.24886656
2006-01-24,,,,
2006-01-25,,,,
2006-01-26,,,,
2006-01-27,,,,
2006-01-28,,,,
2006-01-29,49.74515408,,66.83033707,1.28660817
2006-01-30,,,,
2006-01-31,,,,
2006-02-01,,,,
2006-02-02,,,,
2006-02-03,,,,
2006-02-04,58.78116647,,,
2006-02-05,,,,
2006-02-06,,,,
2006-02-07,,,,
2006-02-08,,,,
2006-02-09,,,,
2006-02-10,42.2509602,,96.24250015,2.14530446
2006-02-11,,,,
2006-02-12,,,,
2006-02-13,,,89.99826712,
2006-02-14,,,,
2006-02-15,,,,
2006-02-16,40.33790577,,,1.05617225
2006-02-17,,,,
2006-02-18,,,,
2006-02-19,,,74.94681133,
2006-02-20,,,,
2006-02-21,,,,
2006-02-22,18.2624376,,,
2006-02-23,,,,
2006-02-24,,,,
2006-02-25,,,,
2006-02-26,,,,
2006-02-27,,,,
2006-02-28,41.28695171,,,1.3248386
2006-03-01,,,,
2006-03-02,,,,
2006-03-03,,,,
2006-03-04,,,,
2006-03-05,,,,
2006-03-06,56.42329165,,99.56163002,1.04878973
2006-03-07,,,,
2006-03-08,,,,
2006-03-09,,,86.18914548,
2006-03-10,,,,
2006-03-11,,,,
2006-03-12,32.73705668,,95.67024693,
2006-03-13,,,,
2006-03-14,,,,
2006-03-15,,,,
2006-03-16,,,,
2006-03-17,,,,
2006-03-18,41.62827298,,,3.34667526
2006-03-19,,,,
2006-03-20,,,,
2006-03-21,,,,
2006-03-22,,,,
2006-03-23,,,,
2006-03-24,68.89761431,,81.89349006,
2006-03-25,,,,
2006-03-26,,,,
2006-03-27,,,,
2006-03-28,,,,
2006-03-29,,,,
2006-03-30,44.16068348,,,4.31092801
2006-03-31,,,,
2006-04-01,,,,
2006-04-02,,,99.12273129,
2006-04-03,,,,
2006-04-04,,,,
2006-04-05,46.48454652,,,6.5737716
2006-04-06,,,,
2006-04-07,,,,
2006-04-08,,,,
2006-04-09,,,,
2006-04-10,,,,
2006-04-11,44.45268612,,,4.80584179
2006-04-12,,,,
2006-04-13,,,,
2006-04-14,,,,
2006-04-15,,,,
2006-04-16,,,,
2006-04-17,47.29921774,,,4.19688172
2006-04-18,,,,
2006-04-19,,,,
2006-04-20,,,,
2006-04-21,,,,
2006-04-22,,,,
2006-04-23,51.6813478,,,4.0943957
2006-04-24,,,,
2006-04-25,,,,
2006-04-26,,,85.88420056,
2006-04-27,,,,
2006-04-28,,,,
2006-04-29,37.35415865,,81.13912737,4.33283386
2006-04-30,,,,
2006-05-01,,,,
2006-05-02,,,90.54867393,
2006-05-03,,,,
2006-05-04,,,,
2006-05-05,46.66418992,,94.2217979,10.38093978
2006-05-06,,,,
2006-05-07,,,,
2006-05-08,,,,
2006-05-09,,,,
2006-05-10,,,,
2006-05-11,32.23091213,,99.21246485,
2006-05-12,,,,
2006-05-13,,,,
2006-05-14,,,99.69114093,
2006-05-15,,,,
2006-05-16,,,,
2006-05-17,34.50695507,,62.94460717,0.95629427
2006-05-18,,,,
2006-05-19,,,,
2006-05-20,,,,
2006-05-21,,,,
2006-05-22,,,,
2006-05-23,,,,
2006-05-24,,,,
2006-05-25,,,,
2006-05-26,,,,
2006-05-27,,,,
2006-05-28,,,,
2006-05-29,28.73187017,,83.15566091,4.66500867
2006-05-30,,,,
2006-05-31,,,,
2006-06-01,,,,
2006-06-02,,,,
2006-06-03,,,,
2006-06-04,42.9963155,,66.87606067,1.57114683
2006-06-05,,,,
2006-06-06,,,,
2006-06-07,,,85.56871612,
2006-06-08,,,,
2006-06-09,,,,
2006-06-10,53.16497058,,84.51576352,4.76016643
2006-06-11,,,,
2006-06-12,,,,
2006-06-13,,,,
2006-06-14,,,,
2006-06-15,,,,
2006-06-16,33.36486052,,87.93464634,2.39564428
2006-06-17,,,,
2006-06-18,,,,
2006-06-19,,,50.02050159,
2006-06-20,,,,
2006-06-21,,,,
2006-06-22,37.6201496,,,4.81553962
2006-06-23,,,,
2006-06-24,,,,
2006-06-25,,,86.09093445,
2006-06-26,,,,
2006-06-27,,,,
2006-06-28,34.98292306,,,4.22414324
2006-06-29,,,,
2006-06-30,,,,
2006-07-01,,,,
2006-07-02,,,,
2006-07-03,,,,
2006-07-04,41.33839981,,92.01760702,3.52859055
2006-07-05,,,,
2006-07-06,,,,
2006-07-07,,,,
2006-07-08,,,,
2006-07-09,,,,
2006-07-10,35.46548478,,,0.95084377
2006-07-11,,,,
2006-07-12,,,,
2006-07-13,,,93.24767037,
2006-07-14,,,,
2006-07-15,,,,
2006-07-16,,,73.23907643,
2006-07-17,,,,
2006-07-18,,,,
2006-07-19,,,,
2006-07-20,,,,
2006-07-21,,,,
2006-07-22,,,,
2006-07-23,,,,
2006-07-24,,,,
2006-07-25,,,,
2006-07-26,,,,
2006-07-27,,,,
2006-07-28,,,,
2006-07-29,,,,
2006-07-30,,,,
2006-07-31,,,91.22201557,
2006-08-01,,,,
2006-08-02,,,,
2006-08-03,,,,
2006-08-04,,,,
2006-08-05,,,,
2006-08-06,,,69.32791033,
2006-08-07,,,,
2006-08-08,,,,
2006-08-09,,,,
2006-08-10,,,,
2006-08-11,,,,
2006-08-12,,,98.86747352,
2006-08-13,,,,
2006-08-14,,,,
2006-08-15,,,,
2006-08-16,,,,
2006-08-17,,,,
2006-08-18,,,,
2006-08-19,,,,
2006-08-20,,,,
2006-08-21,1.68028624,,58.51466688,2.39527648
2006-08-22,,,,
2006-08-23,,,,
2006-08-24,,,,
2006-08-25,,,,
2006-08-26,,,,
2006-08-27,3.11306674,,62.69336056,
2006-08-28,,,,
2006-08-29,,,,
2006-08-30,,,,
2006-08-31,,,,
2006-09-01,,,,
2006-09-02,10.91454663,,58.36634605,
2006-09-03,,,,
2006-09-04,,,,
2006-09-05,,,,
2006-09-06,,,,
2006-09-07,,,,
2006-09-08,12.54442644,,84.13239056,0.8299
2006-09-09,,,,
2006-09-10,,,,
2006-09-11,,,,
2006-09-12,,,,
2006-09-13,,,,
2006-09-14,,,,
2006-09-15,,,,
2006-09-16,,,,
2006-09-17,,,,
2006-09-18,,,,
2006-09-19,,,,
2006-09-20,,,,
2006-09-21,,,,
2006-09-22,,,,
2006-09-23,,,,
2006-09-24,,,,
2006-09-25,,,,
2006-09-26,,,,
2006-09-27,,,,
2006-09-28,,,,
2006-09-29,,,,
2006-09-30,,,,
2006-10-01,,,,
2006-10-02,,,,
2006-10-03,,,,
2006-10-04,,,,
2006-10-05,,,,
2006-10-06,,,,
2006-10-07,,,,
2006-10-08,,,,
2006-10-09,,,,
2006-10-10,,,,
2006-10-11,,,,
2006-10-12,,,,
2006-10-13,,,,
2006-10-14,,,,
2006-10-15,,,,
2006-10-16,,,,
2006-10-17,,,,
2006-10-18,,,,
2006-10-19,,,,
2006-10-20,,,,
2006-10-21,,,,
2006-10-22,,,,
2006-10-23,,,,
2006-10-24,,,,
2006-10-25,,,,
2006-10-26,,,,
2006-10-27,,,,
2006-10-28,,,,
2006-10-29,,,,
2006-10-30,,,,
2006-10-31,,,,
2006-11-01,,,,
2006-11-02,,,,
2006-11-03,,,,
2006-11-04,,,,
2006-11-05,,,,
2006-11-06,,,,
2006-11-07,,,,
2006-11-08,,,,
2006-11-09,,,,
2006-11-10,,,,
2006-11-11,,,,
2006-11-12,,,,
2006-11-13,,,,
2006-11-14,,,,
2006-11-15,,,,
2006-11-16,,,,
2006-11-17,,,,
2006-11-18,,,,
2006-11-19,,,,
2006-11-20,,,,
2006-11-21,,,,
2006-11-22,,,,
2006-11-23,,,,
2006-11-24,,,,
2006-11-25,,,,
2006-11-26,,,,
2006-11-27,,,,
2006-11-28,,,,
2006-11-29,,,,
2006-11-30,,,,
2006-12-01,,,,
2006-12-02,,,,
2006-12-03,,,,
2006-12-04,,,,
2006-12-05,,,,
2006-12-06,,,,
2006-12-07,,,,
2006-12-08,,,,
2006-12-09,,,,
2006-12-10,,,,
2006-12-11,,,,
2006-12-12,,,,
2006-12-13,,,,
2006-12-14,,,,
2006-12-15,,,,
2006-12-16,,,,
2006-12-17,,,,
2006-12-18,,,,
2006-12-19,,,,
2006-12-20,,,,
2006-12-21,,,,
2006-12-22,,,,
2006-12-23,,,,
2006-12-24,,,,
2006-12-25,,,93.42244532,
2006-12-26,,,,
2006-12-27,,,,
2006-12-28,,,88.14972806,
2006-12-29,,,,
2006-12-30,,,,
2006-12-31,,,85.26770005,
2007-01-01,,,,
2007-01-02,,,,
2007-01-03,,,,
2007-01-04,,,,
2007-01-05,,,,
2007-01-06,32.83070465,,,
2007-01-07,,,,
2007-01-08,,,,
2007-01-09,,,83.24092887,
2007-01-10,,,,
2007-01-11,,,,
2007-01-12,1.86303595,,89.12944413,1.15976025
2007-01-13,,,,
2007-01-14,,,,
2007-01-15,,,68.48369082,
2007-01-16,,,,
2007-01-17,,,,
2007-01-18,30.17856345,,89.04999959,
2007-01-19,,,,
2007-01-20,,,,
2007-01-21,,,67.2965452,
2007-01-22,,,,
2007-01-23,,,,
2007-01-24,31.17977365,,,0.726895
2007-01-25,,,,
2007-01-26,,,,
2007-01-27,,,76.37529813,
2007-01-28,,,,
2007-01-29,,,,
2007-01-30,29.62284551,,,
2007-01-31,,,,
2007-02-01,,,,
2007-02-02,,,,
2007-02-03,,,,
2007-02-04,,,,
2007-02-05,52.81819262,,,1.02100242
2007-02-06,,,,
2007-02-07,,,,
2007-02-08,,,,
2007-02-09,,,,
2007-02-10,,,,
2007-02-11,51.7595739,,95.91067899,
2007-02-12,,,,
2007-02-13,,,,
2007-02-14,,,,
2007-02-15,,,,
2007-02-16,,,,
2007-02-17,44.08385098,,,1.90023511
2007-02-18,,,,
2007-02-19,,,,
2007-02-20,,,,
2007-02-21,,,,
2007-02-22,,,,
2007-02-23,27.7244276,,,2.33434537
2007-02-24,,,,
2007-02-25,,,,
2007-02-26,,,,
2007-02-27,,,,
2007-02-28,,,,
2007-03-01,35.44065968,,,11.38170746
2007-03-02,,,,
2007-03-03,,,,
2007-03-04,,,,
2007-03-05,,,,
2007-03-06,,,,
2007-03-07,7.75565433,,,3.7248082
2007-03-08,,,,
2007-03-09,,,,
2007-03-10,,,,
2007-03-11,,,,
2007-03-12,,,,
2007-03-13,36.38197523,,,1.95950398
2007-03-14,,,,
2007-03-15,,,,
2007-03-16,,,,
2007-03-17,,,,
2007-03-18,,,,
2007-03-19,21.4632431,,83.20281691,
2007-03-20,,,,
2007-03-21,,,,
2007-03-22,,,93.21424168,
2007-03-23,,,,
2007-03-24,,,,
2007-03-25,28.75652692,,76.41458954,
2007-03-26,,,,
2007-03-27,,,,
2007-03-28,,,,
2007-03-29,,,,
2007-03-30,,,,
2007-03-31,35.16457555,,93.33522643,
2007-04-01,,,,
2007-04-02,,,,
2007-04-03,,,,
2007-04-04,,,,
2007-04-05,,,,
2007-04-06,18.73182332,,39.79925766,
2007-04-07,,,,
2007-04-08,,,,
2007-04-09,,,44.54248472,
2007-04-10,,,,
2007-04-11,,,,
2007-04-12,30.18446743,,,1.02214055
2007-04-13,,,,
2007-04-14,,,,
2007-04-15,,,93.6376156,
2007-04-16,,,,
2007-04-17,,,,
2007-04-18,31.56764604,,92.73180216,2.19645859
2007-04-19,,,,
2007-04-20,,,,
2007-04-21,,,,
2007-04-22,,,,
2007-04-23,,,,
2007-04-24,36.71650703,,,4.38617433
2007-04-25,,,,
2007-04-26,,,,
2007-04-27,,,,
2007-04-28,,,,
2007-04-29,,,,
2007-04-30,36.11760862,,,2.20953532
2007-05-01,,,,
2007-05-02,,,,
2007-05-03,,,,
2007-05-04,,,,
2007-05-05,,,,
2007-05-06,25.78751395,,69.71199292,1.48380038
2007-05-07,,,,
2007-05-08,,,,
2007-05-09,,,,
2007-05-10,,,,
2007-05-11,,,,
2007-05-12,29.79138552,,,7.28313125
2007-05-13,,,,
2007-05-14,,,,
2007-05-15,,,,
2007-05-16,,,,
2007-05-17,,,,
2007-05-18,31.59967773,,90.48279041,3.63576235
2007-05-19,,,,
2007-05-20,,,,
2007-05-21,,,50.42200604,
2007-05-22,,,,
2007-05-23,,,,
2007-05-24,37.45533688,,,7.44420774
2007-05-25,,,,
2007-05-26,,,,
2007-05-27,,,85.28376091,
2007-05-28,,,,
2007-05-29,,,,
2007-05-30,35.22846013,,,4.12917384
2007-05-31,,,,
2007-06-01,,,,
2007-06-02,,,,
2007-06-03,,,,
2007-06-04,,,,
2007-06-05,42.95600495,,,7.39575782
2007-06-06,,,,
2007-06-07,,,,
2007-06-08,,,91.78921725,
2007-06-09,,,,
2007-06-10,,,,
2007-06-11,20.49659987,,62.9211328,
2007-06-12,,,,
2007-06-13,,,,
2007-06-14,,,91.12521216,
2007-06-15,,,,
2007-06-16,,,,
2007-06-17,24.14297197,,64.88863808,0.97236061
2007-06-18,,,,
2007-06-19,,,,
2007-06-20,,,,
2007-06-21,,,,
2007-06-22,,,,
2007-06-23,32.62385075,,,1.32732348
2007-06-24,,,,
2007-06-25,,,,
2007-06-26,,,,
2007-06-27,,,,
2007-06-28,,,,
2007-06-29,43.99310058,,,3.67267359
2007-06-30,,,,
2007-07-01,,,,
2007-07-02,,,85.61939289,
2007-07-03,,,,
2007-07-04,,,,
2007-07-05,39.77532443,,,5.5270477
2007-07-06,,,,
2007-07-07,,,,
2007-07-08,,,53.35633855,
2007-07-09,,,,
2007-07-10,,,,
2007-07-11,42.74614535,,,5.19948709
2007-07-12,,,,
2007-07-13,,,,
2007-07-14,,,,
2007-07-15,,,,
2007-07-16,,,,
2007-07-17,44.48505252,,,4.84974278
2007-07-18,,,,
2007-07-19,,,,
2007-07-20,,,77.3153195,
2007-07-21,,,,
2007-07-22,,,,
2007-07-23,46.10447811,,86.10962103,2.83109618
2007-07-24,,,,
2007-07-25,,,,
2007-07-26,,,,
2007-07-27,,,,
2007-07-28,,,,
2007-07-29,35.07869389,,81.70199703,1.04946029
2007-07-30,,,,
2007-07-31,,,,
2007-08-01,,,,
2007-08-02,,,,
2007-08-03,,,,
2007-08-04,42.22313514,,,5.61936905
2007-08-05,,,,
2007-08-06,,,,
2007-08-07,,,61.19935835,
2007-08-08,,,,
2007-08-09,,,,
2007-08-10,39.84680323,,,6.72783321
2007-08-11,,,,
2007-08-12,,,,
2007-08-13,,,91.03805172,
2007-08-14,,,,
2007-08-15,,,,
2007-08-16,54.8602182,,,3.23746955
2007-08-17,,,,
2007-08-18,,,,
2007-08-19,,,89.83847908,
2007-08-20,,,,
2007-08-21,,,,
2007-08-22,56.57210913,,,0.85993139
2007-08-23,,,,
2007-08-24,,,,
2007-08-25,,,73.24689539,
2007-08-26,,,,
2007-08-27,,,,
2007-08-28,41.6520973,,,2.27526154
2007-08-29,,,,
2007-08-30,,,,
2007-08-31,,,,
2007-09-01,,,,
2007-09-02,,,,
2007-09-03,49.54626941,,,3.03084789
2007-09-04,,,,
2007-09-05,,,,
2007-09-06,,,98.5376998,
2007-09-07,,,,
2007-09-08,,,,
2007-09-09,51.6601584,,,1.00593877
2007-09-10,,,,
2007-09-11,,,,
2007-09-12,,,,
2007-09-13,,,,
2007-09-14,,,,
2007-09-15,40.6432687,,83.17033417,1.43895357
2007-09-16,,,,
2007-09-17,,,,
2007-09-18,,,,
2007-09-19,,,,
2007-09-20,,,,
2007-09-21,32.23911994,,,2.02916168
2007-09-22,,,,
2007-09-23,,,,
2007-09-24,,,,
2007-09-25,,,,
2007-09-26,,,,
2007-09-27,34.22278058,,,4.52824045
2007-09-28,,,,
2007-09-29,,,,
2007-09-30,,,90.82887885,
2007-10-01,,,,
2007-10-02,,,,
2007-10-03,59.14412886,,,1.51943156
2007-10-04,,,,
2007-10-05,,,,
2007-10-06,,,,
2007-10-07,,,,
2007-10-08,,,,
2007-10-09,41.46170685,,85.21649736,1.81174455
2007-10-10,,,,
2007-10-11,,,,
2007-10-12,,,,
2007-10-13,,,,
2007-10-14,,,,
2007-10-15,42.33421752,,,1.42845029
2007-10-16,,,,
2007-10-17,,,,
2007-10-18,,,78.04236151,
2007-10-19,,,,
2007-10-20,,,,
2007-10-21,50.55526511,,,1.6844615
2007-10-22,,,,
2007-10-23,,,,
2007-10-24,,,,
2007-10-25,,,,
2007-10-26,,,,
2007-10-27,39.30988105,,88.86834381,0.5018254
2007-10-28,,,,
2007-10-29,,,,
2007-10-30,,,,
2007-10-31,,,,
2007-11-01,,,,
2007-11-02,48.80416984,,,10.43862651
2007-11-03,,,,
2007-11-04,,,,
2007-11-05,,,76.35931592,
2007-11-06,,,,
2007-11-07,,,,
2007-11-08,55.46456275,,,12.94982073
2007-11-09,,,,
2007-11-10,,,,
2007-11-11,,,53.76810939,
2007-11-12,,,,
2007-11-13,,,,
2007-11-14,32.22099123,,,10.80711571
2007-11-15,,,,
2007-11-16,,,,
2007-11-17,,,,
2007-11-18,,,,
2007-11-19,,,,
2007-11-20,38.26743348,,,1.77863059
2007-11-21,,,,
2007-11-22,,,,
2007-11-23,,,,
2007-11-24,,,,
2007-11-25,,,,
2007-11-26,37.10851191,,,1.22451076
2007-11-27,,,,
2007-11-28,,,,
2007-11-29,,,,
2007-11-30,,,,
2007-12-01,,,,
2007-12-02,22.54523625,,60.61869538,2.30813232
2007-12-03,,,,
2007-12-04,,,,
2007-12-05,,,,
2007-12-06,,,,
2007-12-07,,,,
2007-12-08,78.10764773,,,6.13957375
2007-12-09,,,,
2007-12-10,,,,
2007-12-11,,,,
2007-12-12,,,,
2007-12-13,,,,
2007-12-14,41.81556638,,,10.55591318
2007-12-15,,,,
2007-12-16,,,,
2007-12-17,,,,
2007-12-18,,,,
2007-12-19,,,,
2007-12-20,42.92078028,,,10.72858877
2007-12-21,,,,
2007-12-22,,,,
2007-12-23,,,61.77961313,
2007-12-24,,,,
2007-12-25,,,,
2007-12-26,12.697,,89.82653272,
2007-12-27,,,,
2007-12-28,,,,
2007-12-29,,,,
2007-12-30,,,,
2007-12-31,,,,
2008-01-01,,,,
2008-01-02,,,,
2008-01-03,,,,
2008-01-04,,,,
2008-01-05,,,,
2008-01-06,,,,
2008-01-07,,,,
2008-01-08,,,,
2008-01-09,,,,
2008-01-10,,,,
2008-01-11,,,,
2008-01-12,,,,
2008-01-13,,,,
2008-01-14,,,,
2008-01-15,,,,
2008-01-16,,,,
2008-01-17,,,,
2008-01-18,,,,
2008-01-19,,,,
2008-01-20,,,,
2008-01-21,,,,
2008-01-22,,,,
2008-01-23,,,,
2008-01-24,,,,
2008-01-25,,,,
2008-01-26,,,,
2008-01-27,,,,
2008-01-28,,,,
2008-01-29,,,,
2008-01-30,,,,
2008-01-31,,,,
2008-02-01,,,,
2008-02-02,,,,
2008-02-03,,,,
2008-02-04,,,,
2008-02-05,,,,
2008-02-06,,,,
2008-02-07,,,,
2008-02-08,,,,
2008-02-09,,,,
2008-02-10,,,,
2008-02-11,,,,
2008-02-12,,,,
2008-02-13,,,,
2008-02-14,,,,
2008-02-15,,,,
2008-02-16,,,,
2008-02-17,,,,
2008-02-18,,,,
2008-02-19,,,,
2008-02-20,,,,
2008-02-21,,,,
2008-02-22,,,,
2008-02-23,,,,
2008-02-24,,,,
2008-02-25,,,,
2008-02-26,,,,
2008-02-27,,,,
2008-02-28,,,,
2008-02-29,,,,
2008-03-01,,,,
2008-03-02,,,,
2008-03-03,,,,
2008-03-04,,,,
2008-03-05,,,,
2008-03-06,,,,
2008-03-07,,,,
2008-03-08,,,,
2008-03-09,,,,
2008-03-10,,,,
2008-03-11,,,,
2008-03-12,,,,
2008-03-13,,,,
2008-03-14,,,,
2008-03-15,,,,
2008-03-16,,,,
2008-03-17,,,,
2008-03-18,,,,
2008-03-19,,,,
2008-03-20,,,,
2008-03-21,,,,
2008-03-22,,,,
2008-03-23,,,,
2008-03-24,,,,
2008-03-25,,,,
2008-03-26,,,,
2008-03-27,,,,
2008-03-28,,,,
2008-03-29,,,,
2008-03-30,,,,
2008-03-31,,,,
2008-04-01,,,,
2008-04-02,,,,
2008-04-03,,,,
2008-04-04,,,,
2008-04-05,,,,
2008-04-06,,,,
2008-04-07,,,,
2008-04-08,,,,
2008-04-09,,,,
2008-04-10,,,,
2008-04-11,,,,
2008-04-12,,,,
2008-04-13,,,,
2008-04-14,,,,
2008-04-15,,,84.9669066,
2008-04-16,,,,
2008-04-17,,,,
2008-04-18,60.05151764,,,0.57281853
2008-04-19,,,,
2008-04-20,,,,
2008-04-21,,,,
2008-04-22,,,,
2008-04-23,,,,
2008-04-24,37.0009238,,93.69143055,1.25378152
2008-04-25,,,,
2008-04-26,,,,
2008-04-27,,,78.16730554,
2008-04-28,,,,
2008-04-29,,,,
2008-04-30,36.12713798,,93.08142263,0.76932029
2008-05-01,,,,
2008-05-02,,,,
2008-05-03,,,79.58972829,
2008-05-04,,,,
2008-05-05,,,,
2008-05-06,51.13222201,,75.38547161,
2008-05-07,,,,
2008-05-08,,,,
2008-05-09,,,,
2008-05-10,,,,
2008-05-11,,,,
2008-05-12,45.10264856,,93.11887518,0.55087524
2008-05-13,,,,
2008-05-14,,,,
2008-05-15,,,,
2008-05-16,,,,
2008-05-17,,,,
2008-05-18,29.22507379,,63.89201836,
2008-05-19,,,,
2008-05-20,,,,
2008-05-21,,,74.66934511,
2008-05-22,,,,
2008-05-23,,,,
2008-05-24,41.2602841,,,4.26431005
2008-05-25,,,,
2008-05-26,,,,
2008-05-27,,,90.80500523,
2008-05-28,,,,
2008-05-29,,,,
2008-05-30,57.06430706,,,3.20186716
2008-05-31,,,,
2008-06-01,,,,
2008-06-02,,,51.83996349,
2008-06-03,,,,
2008-06-04,,,,
2008-06-05,50.34526633,,88.61630278,3.22987183
2008-06-06,,,,
2008-06-07,,,,
2008-06-08,,,55.82803239,
2008-06-09,,,,
2008-06-10,,,,
2008-06-11,61.0382439,,,2.50001992
2008-06-12,,,,
2008-06-13,,,,
2008-06-14,,,,
2008-06-15,,,,
2008-06-16,,,,
2008-06-17,28.26761789,,,1.92522268
2008-06-18,,,,
2008-06-19,,,,
2008-06-20,,,,
2008-06-21,,,,
2008-06-22,,,,
2008-06-23,41.9991898,,,0.91897813
2008-06-24,,,,
2008-06-25,,,,
2008-06-26,,,,
2008-06-27,,,,
2008-06-28,,,,
2008-06-29,33.72975711,,75.32460433,
2008-06-30,,,,
2008-07-01,,,,
2008-07-02,,,96.00013693,
2008-07-03,,,,
2008-07-04,,,,
2008-07-05,38.42788489,,75.64855018,
2008-07-06,,,,
2008-07-07,,,,
2008-07-08,,,89.5238613,
2008-07-09,,,,
2008-07-10,,,,
2008-07-11,39.38019727,,,
2008-07-12,,,,
2008-07-13,,,,
2008-07-14,,,,
2008-07-15,,,,
2008-07-16,,,,
2008-07-17,48.72844581,,81.68982117,0.93489117
2008-07-18,,,,
2008-07-19,,,,
2008-07-20,,,52.55408747,
2008-07-21,,,,
2008-07-22,,,,
2008-07-23,7.54774644,,,0.71128833
2008-07-24,,,,
2008-07-25,,,,
2008-07-26,,,91.09027288,
2008-07-27,,,,
2008-07-28,,,,
2008-07-29,35.19591501,,91.44655085,2.1824642
2008-07-30,,,,
2008-07-31,,,,
2008-08-01,,,,
2008-08-02,,,,
2008-08-03,,,,
2008-08-04,42.31797318,,91.6470472,
2008-08-05,,,,
2008-08-06,,,,
2008-08-07,,,87.77259419,
2008-08-08,,,,
2008-08-09,,,,
2008-08-10,31.79516051,,75.94172835,
2008-08-11,,,,
2008-08-12,,,,
2008-08-13,,,,
2008-08-14,,,,
2008-08-15,,,,
2008-08-16,44.32246394,,95.73247208,
2008-08-17,,,,
2008-08-18,,,,
2008-08-19,,,,
2008-08-20,,,,
2008-08-21,,,,
2008-08-22,63.96537394,,,5.90610708
2008-08-23,,,,
2008-08-24,,,,
2008-08-25,,,,
2008-08-26,,,,
2008-08-27,,,,
2008-08-28,47.17632432,,,5.78331671
2008-08-29,,,,
2008-08-30,,,,
2008-08-31,,,73.17000754,
2008-09-01,,,,
2008-09-02,,,,
2008-09-03,42.55719896,,85.75728024,4.94872239
2008-09-04,,,,
2008-09-05,,,,
2008-09-06,,,,
2008-09-07,,,,
2008-09-08,,,,
2008-09-09,62.00586184,,,7.21748351
2008-09-10,,,,
2008-09-11,,,,
2008-09-12,,,,
2008-09-13,,,,
2008-09-14,,,,
2008-09-15,49.06560791,,,7.25041702
2008-09-16,,,,
2008-09-17,,,,
2008-09-18,,,,
2008-09-19,,,,
2008-09-20,,,,
2008-09-21,37.06699444,,74.86584021,5.92824576
2008-09-22,,,,
2008-09-23,,,,
2008-09-24,,,,
2008-09-25,,,,
2008-09-26,,,,
2008-09-27,49.56401551,,,5.24920011
2008-09-28,,,,
2008-09-29,,,,
2008-09-30,,,,
2008-10-01,,,,
2008-10-02,,,,
2008-10-03,49.64479298,,,5.91346825
2008-10-04,,,,
2008-10-05,,,,
2008-10-06,,,,
2008-10-07,,,,
2008-10-08,,,,
2008-10-09,,,,
2008-10-10,,,,
2008-10-11,,,,
2008-10-12,,,55.71393476,
2008-10-13,,,,
2008-10-14,,,,
2008-10-15,48.58537596,,,4.96672952
2008-10-16,,,,
2008-10-17,,,,
2008-10-18,,,,
2008-10-19,,,,
2008-10-20,,,,
2008-10-21,50.97254251,,96.32823371,4.97696598
2008-10-22,,,,
2008-10-23,,,,
2008-10-24,,,38.94309569,
2008-10-25,,,,
2008-10-26,,,,
2008-10-27,51.41943666,,,1.81041793
2008-10-28,,,,
2008-10-29,,,,
2008-10-30,,,,
2008-10-31,,,,
2008-11-01,,,,
2008-11-02,37.30038404,,47.41710461,2.05959919
2008-11-03,,,,
2008-11-04,,,,
2008-11-05,,,,
2008-11-06,,,,
2008-11-07,,,,
2008-11-08,36.75664666,,,2.02957588
2008-11-09,,,,
2008-11-10,,,,
2008-11-11,,,,
2008-11-12,,,,
2008-11-13,,,,
2008-11-14,34.00931941,,,1.23838933
2008-11-15,,,,
2008-11-16,,,,
2008-11-17,,,56.80409656,
2008-11-18,,,,
2008-11-19,,,,
2008-11-20,31.65101293,,99.90034962,2.3083214
2008-11-21,,,,
2008-11-22,,,,
2008-11-23,,,89.71368066,
2008-11-24,,,,
2008-11-25,,,,
2008-11-26,34.27844772,,,
2008-11-27,,,,
2008-11-28,,,,
2008-11-29,,,,
2008-11-30,,,,
2008-12-01,,,,
2008-12-02,40.12160534,,,3.06181261
2008-12-03,,,,
2008-12-04,,,,
2008-12-05,,,,
2008-12-06,,,,
2008-12-07,,,,
2008-12-08,54.52270198,,72.04706286,4.08470031
2008-12-09,,,,
2008-12-10,,,,
2008-12-11,,,,
2008-12-12,,,,
2008-12-13,,,,
2008-12-14,41.12410316,,79.85038656,0.60324118
2008-12-15,,,,
2008-12-16,,,,
2008-12-17,,,,
2008-12-18,,,,
2008-12-19,,,,
2008-12-20,61.90841682,,,1.55964824
2008-12-21,,,,
2008-12-22,,,,
2008-12-23,,,91.72301101,
2008-12-24,,,,
2008-12-25,,,,
2008-12-26,34.91344928,,78.35379085,
2008-12-27,,,,
2008-12-28,,,,
2008-12-29,,,70.7339546,
2008-12-30,,,,
2008-12-31,,,,
2009-01-01,28.39416272,,68.53914087,
2009-01-02,,,,
2009-01-03,,,,
2009-01-04,,,44.70324797,
2009-01-05,,,,
2009-01-06,,,,
2009-01-07,42.77311892,,92.71893559,1.22322538
2009-01-08,,,,
2009-01-09,,,,
2009-01-10,,,86.81816332,
2009-01-11,,,,
2009-01-12,,,,
2009-01-13,55.21744445,,90.82041333,
2009-01-14,,,,
2009-01-15,,,,
2009-01-16,,,,
2009-01-17,,,,
2009-01-18,,,,
2009-01-19,,,,
2009-01-20,,,,
2009-01-21,,,,
2009-01-22,,,,
2009-01-23,,,,
2009-01-24,,,,
2009-01-25,20.74154554,,,1.73522751
2009-01-26,,,,
2009-01-27,,,,
2009-01-28,,,,
2009-01-29,,,,
2009-01-30,,,,
2009-01-31,,,,2.3390862
2009-02-01,,,,
2009-02-02,,,,
2009-02-03,,,,
2009-02-04,,,,
2009-02-05,,,,
2009-02-06,41.37151884,,96.23457685,1.55510872
2009-02-07,,,,
2009-02-08,,,,
2009-02-09,,,80.84877321,
2009-02-10,,,,
2009-02-11,,,,
2009-02-12,48.44155291,,,1.52157304
2009-02-13,,,,
2009-02-14,,,,
2009-02-15,,,80.98097569,
2009-02-16,,,,
2009-02-17,,,,
2009-02-18,38.34212528,,,2.19367151
2009-02-19,,,,
2009-02-20,,,,
2009-02-21,,,88.89016668,
2009-02-22,,,,
2009-02-23,,,,
2009-02-24,38.23875246,,,3.23998101
2009-02-25,,,,
2009-02-26,,,,
2009-02-27,,,,
2009-02-28,,,,
2009-03-01,,,,
2009-03-02,56.88819409,,,1.26079183
2009-03-03,,,,
2009-03-04,,,,
2009-03-05,,,95.2097697,
2009-03-06,,,,
2009-03-07,,,,
2009-03-08,33.35376196,,95.14627473,1.41313258
2009-03-09,,,,
2009-03-10,,,,
2009-03-11,,,,
2009-03-12,,,,
2009-03-13,,,,
2009-03-14,,,,1.4160976
2009-03-15,,,,
2009-03-16,,,,
2009-03-17,,,,
2009-03-18,,,,
2009-03-19,,,,
2009-03-20,45.34983497,,,0.76826761
2009-03-21,,,,
2009-03-22,,,,
2009-03-23,,,32.62583177,
2009-03-24,,,,
2009-03-25,,,,
2009-03-26,37.78897011,,,0.62749208
2009-03-27,,,,
2009-03-28,,,,
2009-03-29,,,,
2009-03-30,,,,
2009-03-31,,,,
2009-04-01,45.44336143,,82.01851338,
2009-04-02,,,,
2009-04-03,,,,
2009-04-04,,,70.24126324,
2009-04-05,,,,
2009-04-06,,,,
2009-04-07,36.66232365,,,
2009-04-08,,,,
2009-04-09,,,,
2009-04-10,,,35.11754413,
2009-04-11,,,,
2009-04-12,,,,
2009-04-13,42.06067475,,97.11123159,
2009-04-14,,,,
2009-04-15,,,,
2009-04-16,,,,
2009-04-17,,,,
2009-04-18,,,,
2009-04-19,29.59419522,,84.21408052,2.78191881
2009-04-20,,,,
2009-04-21,,,,
2009-04-22,,,,
2009-04-23,,,,
2009-04-24,,,,
2009-04-25,42.86708864,,,2.19827426
2009-04-26,,,,
2009-04-27,,,,
2009-04-28,,,,
2009-04-29,,,,
2009-04-30,,,,
2009-05-01,,,84.34488772,
2009-05-02,,,,
2009-05-03,,,,
2009-05-04,,,66.78736151,
2009-05-05,,,,
2009-05-06,,,,
2009-05-07,45.28580003,,,3.9288782
2009-05-08,,,,
2009-05-09,,,,
2009-05-10,,,65.80561183,
2009-05-11,,,,
2009-05-12,,,,
2009-05-13,,,,
2009-05-14,,,,
2009-05-15,,,,
2009-05-16,,,,
2009-05-17,,,,
2009-05-18,,,,
2009-05-19,36.23072518,,,1.25867374
2009-05-20,,,,
2009-05-21,,,,
2009-05-22,,,,
2009-05-23,,,,
2009-05-24,,,,
2009-05-25,21.90872798,,47.28038375,
2009-05-26,,,,
2009-05-27,,,,
2009-05-28,,,,
2009-05-29,,,,
2009-05-30,,,,
2009-05-31,26.1090442,,64.86907699,
2009-06-01,,,,
2009-06-02,,,,
2009-06-03,,,,
2009-06-04,,,,
2009-06-05,,,,
2009-06-06,33.8977055,,86.40389176,0.93829442
2009-06-07,,,,
2009-06-08,,,,
2009-06-09,,,93.64942216,
2009-06-10,,,,
2009-06-11,,,,
2009-06-12,40.75339921,,,1.48872087
2009-06-13,,,,
2009-06-14,,,,
2009-06-15,,,,
2009-06-16,,,,
2009-06-17,,,,
2009-06-18,48.85155001,,98.30250053,
2009-06-19,,,,
2009-06-20,,,,
2009-06-21,,,47.04643662,
2009-06-22,,,,
2009-06-23,,,,
2009-06-24,35.55647639,,85.8190611,0.62722942
2009-06-25,,,,
2009-06-26,,,,
2009-06-27,,,98.98542345,
2009-06-28,,,,
2009-06-29,,,,
2009-06-30,37.75734754,,81.78650484,1.72288488
2009-07-01,,,,
2009-07-02,,,,
2009-07-03,,,85.59982749,
2009-07-04,,,,
2009-07-05,,,,
2009-07-06,27.24767804,,64.64856612,
2009-07-07,,,,
2009-07-08,,,,
2009-07-09,,,90.36531035,
2009-07-10,,,,
2009-07-11,,,,
2009-07-12,7.86875693,,70.5713656,
2009-07-13,,,,
2009-07-14,,,,
2009-07-15,,,,
2009-07-16,,,,
2009-07-17,,,,
2009-07-18,33.33980057,,,0.78531164
2009-07-19,,,,
2009-07-20,,,,
2009-07-21,,,,
2009-07-22,,,,
2009-07-23,,,,
2009-07-24,,,,
2009-07-25,,,,
2009-07-26,,,,
2009-07-27,,,68.87584531,
2009-07-28,,,,
2009-07-29,,,,
2009-07-30,29.9680798,,,0.76984387
2009-07-31,,,,
2009-08-01,,,,
2009-08-02,,,,
2009-08-03,,,,
2009-08-04,,,,
2009-08-05,16.63665502,,,0.93321623
2009-08-06,,,,
2009-08-07,,,,
2009-08-08,,,,
2009-08-09,,,,
2009-08-10,,,,
2009-08-11,19.49678462,,,
2009-08-12,,,,
2009-08-13,,,,
2009-08-14,,,,
2009-08-15,,,,
2009-08-16,,,,
2009-08-17,16.72718517,,,
2009-08-18,,,,
2009-08-19,,,,
2009-08-20,,,,
2009-08-21,,,,
2009-08-22,,,,
2009-08-23,,,,
2009-08-24,,,,
2009-08-25,,,,
2009-08-26,,,,
2009-08-27,,,,
2009-08-28,,,,
2009-08-29,,,,
2009-08-30,,,,
2009-08-31,,,,
2009-09-01,,,,
2009-09-02,,,,
2009-09-03,,,,
2009-09-04,17.89295022,,,
2009-09-05,,,,
2009-09-06,,,,
2009-09-07,,,,
2009-09-08,,,,
2009-09-09,,,,
2009-09-10,19.54253488,,,1.83408947
2009-09-11,,,,
2009-09-12,,,,
2009-09-13,,,,
2009-09-14,,,,
2009-09-15,,,,
2009-09-16,28.13474762,,,0.62228035
2009-09-17,,,,
2009-09-18,,,,
2009-09-19,,,,
2009-09-20,,,,
2009-09-21,,,,
2009-09-22,8.19874688,,,0.61086469
2009-09-23,,,,
2009-09-24,,,,
2009-09-25,,,,
2009-09-26,,,,
2009-09-27,,,,
2009-09-28,43.52546181,,,1.84386927
2009-09-29,,,,
2009-09-30,,,,
2009-10-01,,,,
2009-10-02,,,,
2009-10-03,,,,
2009-10-04,32.12637232,,,1.71785351
2009-10-05,,,,
2009-10-06,,,,
2009-10-07,,,,
2009-10-08,,,,
2009-10-09,,,,
2009-10-10,59.80118669,,,1.65126183
2009-10-11,,,,
2009-10-12,,,,
2009-10-13,,,,
2009-10-14,,,,
2009-10-15,,,,
2009-10-16,36.26391765,,,1.98736203
2009-10-17,,,,
2009-10-18,,,,
2009-10-19,,,,
2009-10-20,,,,
2009-10-21,,,,
2009-10-22,34.04865128,,,
2009-10-23,,,,
2009-10-24,,,,
2009-10-25,,,,
2009-10-26,,,,
2009-10-27,,,,
2009-10-28,42.36925435,,,3.57239658
2009-10-29,,,,
2009-10-30,,,,
2009-10-31,,,,
2009-11-01,,,,
2009-11-02,,,,
2009-11-03,41.90002963,,,3.68773854
2009-11-04,,,,
2009-11-05,,,,
2009-11-06,,,,
2009-11-07,,,,
2009-11-08,,,,
2009-11-09,56.19101725,,,1.38870806
2009-11-10,,,,
2009-11-11,,,,
2009-11-12,,,,
2009-11-13,,,,
2009-11-14,,,,
2009-11-15,39.85636177,,,
2009-11-16,,,,
2009-11-17,,,,
2009-11-18,,,,
2009-11-19,,,,
2009-11-20,,,,
2009-11-21,,,,
2009-11-22,,,,
2009-11-23,,,,
2009-11-24,,,,
2009-11-25,,,,
2009-11-26,,,,
2009-11-27,43.74430393,,,1.52281615
2009-11-28,,,,
2009-11-29,,,,
2009-11-30,,,,
2009-12-01,,,,
2009-12-02,,,,
2009-12-03,39.13793493,,,1.38245006
2009-12-04,,,,
2009-12-05,,,,
2009-12-06,,,,
2009-12-07,,,,
2009-12-08,,,,
2009-12-09,46.10124786,,,1.41313258
2009-12-10,,,,
2009-12-11,,,,
2009-12-12,,,,
2009-12-13,,,,
2009-12-14,,,,
2009-12-15,23.24859876,,,
2009-12-16,,,,
2009-12-17,,,,
2009-12-18,,,,
2009-12-19,,,,
2009-12-20,,,,
2009-12-21,23.73622967,,,
2009-12-22,,,,
2009-12-23,,,,
2009-12-24,,,,
2009-12-25,,,,
2009-12-26,,,,
2009-12-27,29.51376997,,,
2009-12-28,,,,
2009-12-29,,,,
2009-12-30,,,,
2009-12-31,,,,
2010-01-01,,,,
2010-01-02,,,,
2010-01-03,,,,
2010-01-04,,,,
2010-01-05,39.39709802,,,
2010-01-06,,,,
2010-01-07,,,,
2010-01-08,,,,
2010-01-09,,,,
2010-01-10,,,,
2010-01-11,39.45280395,,,1.06690174
2010-01-12,,,,
2010-01-13,,,,
2010-01-14,,,,
2010-01-15,,,,
2010-01-16,,,,
2010-01-17,53.72028641,,,1.00226485
2010-01-18,,,,
2010-01-19,,,,
2010-01-20,,,,
2010-01-21,,,,
2010-01-22,,,,
2010-01-23,21.84574601,,,
2010-01-24,,,,
2010-01-25,,,,
2010-01-26,,,,
2010-01-27,,,,
2010-01-28,,,,
2010-01-29,29.93123791,,,
2010-01-30,,,,
2010-01-31,,,,
2010-02-01,,,,
2010-02-02,,,,
2010-02-03,,,,
2010-02-04,35.03107943,,,0.58169685
2010-02-05,,,,
2010-02-06,,,,
2010-02-07,,,,
2010-02-08,,,,
2010-02-09,,,,
2010-02-10,33.42225985,,,4.35090329
2010-02-11,,,,
2010-02-12,,,,
2010-02-13,,,,
2010-02-14,,,,
2010-02-15,,,,
2010-02-16,43.71259848,,,0.60227134
2010-02-17,,,,
2010-02-18,,,,
2010-02-19,,,,
2010-02-20,,,,
2010-02-21,,,,
2010-02-22,36.81643178,,,
2010-02-23,,,,
2010-02-24,,,,
2010-02-25,,,,
2010-02-26,,,,
2010-02-27,,,,
2010-02-28,35.69077573,,,
2010-03-01,,,,
2010-03-02,,,,
2010-03-03,,,,
2010-03-04,,,,
2010-03-05,,,,
2010-03-06,34.45061051,,,
2010-03-07,,,,
2010-03-08,,,,
2010-03-09,,,,
2010-03-10,,,,
2010-03-11,,,,
2010-03-12,18.10275356,,,1.19876087
2010-03-13,,,,
2010-03-14,,,,
2010-03-15,,,,
2010-03-16,,,,
2010-03-17,,,,
2010-03-18,17.61915404,,,1.23941364
2010-03-19,,,,
2010-03-20,,,,
2010-03-21,,,,
2010-03-22,,,,
2010-03-23,,,,
2010-03-24,88.83794895,,,3.01300053
2010-03-25,,,,
2010-03-26,,,,
2010-03-27,,,,
2010-03-28,,,,
2010-03-29,,,,
2010-03-30,29.80518534,,,
2010-03-31,,,,
2010-04-01,,,,
2010-04-02,,,,
2010-04-03,,,,
2010-04-04,,,,
2010-04-05,34.89910521,,,
2010-04-06,,,,
2010-04-07,,,,
2010-04-08,,,,
2010-04-09,,,,
2010-04-10,,,,
2010-04-11,45.18480646,,,
2010-04-12,,,,
2010-04-13,,,,
2010-04-14,,,,
2010-04-15,,,,
2010-04-16,,,,
2010-04-17,,,,
2010-04-18,,,,
2010-04-19,,,,
2010-04-20,,,,
2010-04-21,,,,
2010-04-22,,,,
2010-04-23,34.84311981,,,0.62435462
2010-04-24,,,,
2010-04-25,,,,
2010-04-26,,,,
2010-04-27,,,,
2010-04-28,,,,
2010-04-29,37.74154789,,,0.7733345
2010-04-30,,,,
2010-05-01,,,,
2010-05-02,,,,
2010-05-03,,,,
2010-05-04,,,,
2010-05-05,36.68295147,,,5.17509879
2010-05-06,,,,
2010-05-07,,,,
2010-05-08,,,,
2010-05-09,,,,
2010-05-10,,,,
2010-05-11,87.04438446,,,
2010-05-12,,,,
2010-05-13,,,,
2010-05-14,,,,
2010-05-15,,,,
2010-05-16,,,,
2010-05-17,19.00751108,,,4.48210651
2010-05-18,,,,
2010-05-19,,,,
2010-05-20,,,,
2010-05-21,,,,
2010-05-22,,,,
2010-05-23,47.66127201,,,0.94223849
2010-05-24,,,,
2010-05-25,,,,
2010-05-26,,,,
2010-05-27,,,,
2010-05-28,,,,
2010-05-29,33.57387441,,,1.76497851
2010-05-30,,,,
2010-05-31,,,,
2010-06-01,,,,
2010-06-02,,,,
2010-06-03,,,,
2010-06-04,26.56625496,,,1.49601459
2010-06-05,,,,
2010-06-06,,,,
2010-06-07,,,,
2010-06-08,,,,
2010-06-09,,,,
2010-06-10,44.90693013,,,0.79395239
2010-06-11,,,,
2010-06-12,,,,
2010-06-13,,,,
2010-06-14,,,,
2010-06-15,,,,
2010-06-16,38.60075682,,,
2010-06-17,,,,
2010-06-18,,,,
2010-06-19,,,,
2010-06-20,,,,
2010-06-21,,,,
2010-06-22,28.55676709,,,
2010-06-23,,,,
2010-06-24,,,,
2010-06-25,,,,
2010-06-26,,,,
2010-06-27,,,,
2010-06-28,27.59270353,,,0.93127768
2010-06-29,,,,
2010-06-30,,,,
2010-07-01,,,,
2010-07-02,,,,
2010-07-03,,,,
2010-07-04,14.49231055,,,2.81644593
2010-07-05,,,,
2010-07-06,,,,
2010-07-07,,,,
2010-07-08,,,,
2010-07-09,,,,
2010-07-10,,,,1.71285145
2010-07-11,,,,
2010-07-12,,,,
2010-07-13,,,,
2010-07-14,,,,
2010-07-15,,,,
2010-07-16,11.0,,,
2010-07-17,,,,
2010-07-18,,,,
2010-07-19,,,,
2010-07-20,,,,
2010-07-21,,,,
2010-07-22,52.0,,,1.0
2010-07-23,,,,
2010-07-24,,,,
2010-07-25,,,,
2010-07-26,,,,
2010-07-27,,,,
2010-07-28,,,,
2010-07-29,,,,
2010-07-30,,,,
2010-07-31,,,,
2010-08-01,,,,
2010-08-02,,,,
2010-08-03,,,,
2010-08-04,,,,
2010-08-05,,,,
2010-08-06,,,,
2010-08-07,,,,
2010-08-08,,,,
2010-08-09,,,,
2010-08-10,,,,
2010-08-11,,,,
2010-08-12,,,,
2010-08-13,,,,
2010-08-14,,,,
2010-08-15,,,,
2010-08-16,,,,
2010-08-17,,,,
2010-08-18,,,,
2010-08-19,,,,
2010-08-20,,,,
2010-08-21,,,,
2010-08-22,,,,
2010-08-23,,,,
2010-08-24,,,,
2010-08-25,,,,
2010-08-26,,,,
2010-08-27,,,,
2010-08-28,,,,
2010-08-29,,,,
2010-08-30,,,,
2010-08-31,,,,
2010-09-01,,,,
2010-09-02,,,,
2010-09-03,,,,
2010-09-04,,,,
2010-09-05,,,,
2010-09-06,,,,
2010-09-07,,,,
2010-09-08,,,,
2010-09-09,,,,
2010-09-10,,,,
2010-09-11,,,,
2010-09-12,,,,
2010-09-13,,,,
2010-09-14,,,,
2010-09-15,,,,
2010-09-16,,,,
2010-09-17,,,,
2010-09-18,,,,
2010-09-19,,,,
2010-09-20,,,,
2010-09-21,,,,
2010-09-22,,,,
2010-09-23,,,,
2010-09-24,,,,
2010-09-25,,,,
2010-09-26,,,,
2010-09-27,,,,
2010-09-28,,,,
2010-09-29,,,,
2010-09-30,,,,
2010-10-01,,,,
2010-10-02,,,,
2010-10-03,,,,
2010-10-04,,,,
2010-10-05,,,,
2010-10-06,,,,
2010-10-07,,,,
2010-10-08,19.2302132,,,
2010-10-09,,,,
2010-10-10,,,,
2010-10-11,,,,
2010-10-12,,,,
2010-10-13,,,,
2010-10-14,19.30461971,,,1.55446237
2010-10-15,,,,
2010-10-16,,,,
2010-10-17,,,69.89793525,
2010-10-18,,,,
2010-10-19,,,,
2010-10-20,2.0,,85.12295654,
2010-10-21,,,,
2010-10-22,,,,
2010-10-23,,,99.91400209,
2010-10-24,,,,
2010-10-25,,,,
2010-10-26,,,96.81957333,
2010-10-27,,,,
2010-10-28,,,,
2010-10-29,,,94.65028355,
2010-10-30,,,,
2010-10-31,,,,
2010-11-01,,,46.40267204,
2010-11-02,,,,
2010-11-03,,,,
2010-11-04,,,65.16947348,
2010-11-05,,,,
2010-11-06,,,,
2010-11-07,,,53.82070598,
2010-11-08,,,,
2010-11-09,,,,
2010-11-10,,,,
2010-11-11,,,,
2010-11-12,,,,
2010-11-13,,,50.37581932,
2010-11-14,,,,
2010-11-15,,,,
2010-11-16,,,76.36636654,
2010-11-17,,,,
2010-11-18,,,,
2010-11-19,,,,
2010-11-20,,,,
2010-11-21,,,,
2010-11-22,,,74.16002081,
2010-11-23,,,,
2010-11-24,,,,
2010-11-25,,,92.53464764,
2010-11-26,,,,
2010-11-27,,,,
2010-11-28,,,51.7697658,
2010-11-29,,,,
2010-11-30,,,,
2010-12-01,,,,
2010-12-02,,,,
2010-12-03,,,,
2010-12-04,,,67.69585037,
2010-12-05,,,,
2010-12-06,,,,
2010-12-07,,,86.61003435,
2010-12-08,,,,
2010-12-09,,,,
2010-12-10,,,83.6884879,
2010-12-11,,,,
2010-12-12,,,,
2010-12-13,,,50.97220808,
2010-12-14,,,,
2010-12-15,,,,
2010-12-16,,,73.62573842,
2010-12-17,,,,
2010-12-18,,,,
2010-12-19,,,69.48437137,
2010-12-20,,,,
2010-12-21,,,,
2010-12-22,,,59.65211701,
2010-12-23,,,,
2010-12-24,,,,
2010-12-25,,,46.7468378,
2010-12-26,,,,
2010-12-27,,,,
2010-12-28,,,69.30109569,
2010-12-29,,,,
2010-12-30,,,,
2010-12-31,,,,
2011-01-01,,,,
2011-01-02,,,,
2011-01-03,,,,
2011-01-04,,,,
2011-01-05,,,,
2011-01-06,,,,
2011-01-07,,,,
2011-01-08,,,,
2011-01-09,,,,
2011-01-10,,,,
2011-01-11,,,,
2011-01-12,,,,
2011-01-13,,,,
2011-01-14,,,,
2011-01-15,,,,
2011-01-16,,,,
2011-01-17,,,,
2011-01-18,,,,
2011-01-19,,,,
2011-01-20,,,,
2011-01-21,,,,
2011-01-22,,,,
2011-01-23,,,,
2011-01-24,,,,
2011-01-25,,,,
2011-01-26,,,,
2011-01-27,,,,
2011-01-28,,,,
2011-01-29,,,,
2011-01-30,,,,
2011-01-31,,,,
2011-02-01,,,,
2011-02-02,,,,
2011-02-03,,,,
2011-02-04,,,,
2011-02-05,,,,
2011-02-06,,,,
2011-02-07,,,,
2011-02-08,,,,
2011-02-09,,,,
2011-02-10,,,,
2011-02-11,,,,
2011-02-12,,,,
2011-02-13,,,,
2011-02-14,,,,
2011-02-15,,,,
2011-02-16,,,,
2011-02-17,,,,
2011-02-18,,,,
2011-02-19,,,,
2011-02-20,,,,
2011-02-21,,,,
2011-02-22,,,,
2011-02-23,,,,
2011-02-24,,,,
2011-02-25,,,,
2011-02-26,,,,
2011-02-27,,,,
2011-02-28,,,,
2011-03-01,,,,
2011-03-02,,,,
2011-03-03,,,,
2011-03-04,,,,
2011-03-05,,,,
2011-03-06,,,,
2011-03-07,,,,
2011-03-08,,,,
2011-03-09,,,,
2011-03-10,,,,
2011-03-11,,,,
2011-03-12,,,,
2011-03-13,,,,
2011-03-14,,,,
2011-03-15,,,,
2011-03-16,,,,
2011-03-17,,,,
2011-03-18,,,,
2011-03-19,,,,
2011-03-20,,,,
2011-03-21,,,,
2011-03-22,,,,
2011-03-23,,,,
2011-03-24,,,,
2011-03-25,,,,
2011-03-26,,,,
2011-03-27,,,,
2011-03-28,,,,
2011-03-29,,,,
2011-03-30,,,,
2011-03-31,,,,
2011-04-01,,,,
2011-04-02,,,,
2011-04-03,,,,
2011-04-04,,,,
2011-04-05,,,,
2011-04-06,,,,
2011-04-07,,,,
2011-04-08,,,,
2011-04-09,,,,
2011-04-10,,,,
2011-04-11,,,,
2011-04-12,,,,
2011-04-13,,,93.08598779,
2011-04-14,,,,
2011-04-15,,,84.57260904,
2011-04-16,,,,
2011-04-17,,,,
2011-04-18,,,,
2011-04-19,,,,
2011-04-20,,,56.48041563,
2011-04-21,,,,
2011-04-22,,,,
2011-04-23,,,,
2011-04-24,,,78.75362456,
2011-04-25,,,,
2011-04-26,,,,
2011-04-27,,,,
2011-04-28,,,,
2011-04-29,,,,
2011-04-30,,,47.69643527,
2011-05-01,,,,
2011-05-02,,,,
2011-05-03,,,,
2011-05-04,,,,
2011-05-05,,,,
2011-05-06,,,,
2011-05-07,,,,
2011-05-08,,,,
2011-05-09,,,98.7013443,
2011-05-10,,,,
2011-05-11,,,,
2011-05-12,,,,
2011-05-13,,,,
2011-05-14,,,,
2011-05-15,,,62.38180519,
2011-05-16,,,,
2011-05-17,,,,
2011-05-18,,,92.55453081,
2011-05-19,,,,
2011-05-20,,,,
2011-05-21,,,,
2011-05-22,,,,
2011-05-23,,,,
2011-05-24,,,83.53769757,
2011-05-25,,,,
2011-05-26,,,,
2011-05-27,,,,
2011-05-28,,,,
2011-05-29,,,,
2011-05-30,,,,
2011-05-31,,,,
2011-06-01,,,,
2011-06-02,,,82.36599787,
2011-06-03,,,,
2011-06-04,,,,
2011-06-05,,,55.27709997,
2011-06-06,,,,
2011-06-07,,,,
2011-06-08,,,,
2011-06-09,,,,
2011-06-10,,,,
2011-06-11,,,,
2011-06-12,,,,
2011-06-13,,,,
2011-06-14,,,,
2011-06-15,,,,
2011-06-16,,,,
2011-06-17,,,93.54790514,
2011-06-18,,,,
2011-06-19,,,,
2011-06-20,,,,
2011-06-21,,,,
2011-06-22,,,,
2011-06-23,,,89.02171848,
2011-06-24,,,,
2011-06-25,,,,
2011-06-26,,,68.86912299,
2011-06-27,,,,
2011-06-28,,,,
2011-06-29,,,67.72065048,
2011-06-30,,,,
2011-07-01,,,,
2011-07-02,,,95.94305078,
2011-07-03,,,,
2011-07-04,,,,
2011-07-05,,,79.68712533,
2011-07-06,,,,
2011-07-07,,,,
2011-07-08,,,,
2011-07-09,,,,
2011-07-10,,,,
2011-07-11,,,,
2011-07-12,,,,
2011-07-13,,,,
2011-07-14,,,62.10957782,
2011-07-15,,,,
2011-07-16,,,,
2011-07-17,,,83.03554659,
2011-07-18,,,,
2011-07-19,,,,
2011-07-20,,,,
2011-07-21,,,,
2011-07-22,,,,
2011-07-23,,,83.12521927,
2011-07-24,,,,
2011-07-25,,,,
2011-07-26,,,,
2011-07-27,,,,
2011-07-28,,,,
2011-07-29,,,86.98827058,
2011-07-30,,,,
2011-07-31,,,,
2011-08-01,,,,
2011-08-02,,,,
2011-08-03,,,,
2011-08-04,,,78.10175742,
2011-08-05,,,,
2011-08-06,,,,
2011-08-07,,,,
2011-08-08,,,,
2011-08-09,,,,
2011-08-10,,,,
2011-08-11,,,,
2011-08-12,,,,
2011-08-13,,,,
2011-08-14,,,,
2011-08-15,,,,
2011-08-16,,,86.08142281,
2011-08-17,,,,
2011-08-18,,,,
2011-08-19,,,97.6509307,
2011-08-20,,,,
2011-08-21,,,,
2011-08-22,,,,
2011-08-23,,,,
2011-08-24,,,,
2011-08-25,,,,
2011-08-26,,,,
2011-08-27,,,,
2011-08-28,,,,
2011-08-29,,,,
2011-08-30,,,,
2011-08-31,,,25.05486318,
2011-09-01,,,,
2011-09-02,,,,
2011-09-03,,,,
2011-09-04,,,,
2011-09-05,,,,
2011-09-06,,,,
2011-09-07,,,,
2011-09-08,,,,
2011-09-09,,,,
2011-09-10,,,,
2011-09-11,,,,
2011-09-12,,,,
2011-09-13,,,,
2011-09-14,,,,
2011-09-15,,,,
2011-09-16,,,,
2011-09-17,,,,
2011-09-18,,,64.60606075,
2011-09-19,,,,
2011-09-20,,,,
2011-09-21,,,72.2833625,
2011-09-22,,,,
2011-09-23,,,,
2011-09-24,,,72.43215493,
2011-09-25,,,,
2011-09-26,,,,
2011-09-27,,,,
2011-09-28,,,,
2011-09-29,,,,
2011-09-30,,,,
2011-10-01,,,,
2011-10-02,,,,
2011-10-03,,,91.61305027,
2011-10-04,,,,
2011-10-05,,,,
2011-10-06,,,,
2011-10-07,,,,
2011-10-08,,,,
2011-10-09,,,60.3172578,
2011-10-10,,,,
2011-10-11,,,,
2011-10-12,,,68.16368921,
2011-10-13,,,,
2011-10-14,,,,
2011-10-15,,,68.60866754,
2011-10-16,,,,
2011-10-17,,,,
2011-10-18,,,60.19444449,
2011-10-19,,,,
2011-10-20,,,,
2011-10-21,,,78.25210725,
2011-10-22,,,,
2011-10-23,,,,
2011-10-24,,,79.05246145,
2011-10-25,,,,
2011-10-26,,,,
2011-10-27,,,85.95012332,
2011-10-28,,,,
2011-10-29,,,,
2011-10-30,,,59.42011136,
2011-10-31,,,,
2011-11-01,,,,
2011-11-02,,,,
2011-11-03,,,,
2011-11-04,,,,
2011-11-05,,,75.60181901,
2011-11-06,,,,
2011-11-07,,,,
2011-11-08,,,,
2011-11-09,,,,
2011-11-10,,,,
2011-11-11,,,,
2011-11-12,,,,
2011-11-13,,,,
2011-11-14,,,51.29206557,
2011-11-15,,,,
2011-11-16,,,,
2011-11-17,,,59.72083983,
2011-11-18,,,,
2011-11-19,,,,
2011-11-20,,,48.81007686,
2011-11-21,,,,
2011-11-22,,,,
2011-11-23,,,,
2011-11-24,,,,
2011-11-25,,,,
2011-11-26,,,93.77213729,
2011-11-27,,,,
2011-11-28,,,,
2011-11-29,,,66.55403553,
2011-11-30,,,,
2011-12-01,,,,
2011-12-02,,,77.52889902,
2011-12-03,,,,
2011-12-04,,,,
2011-12-05,,,73.89026388,
2011-12-06,,,,
2011-12-07,,,,
2011-12-08,,,54.15972661,
2011-12-09,,,,
2011-12-10,,,,
2011-12-11,,,63.02556379,
2011-12-12,,,,
2011-12-13,,,,
2011-12-14,,,72.64814746,
2011-12-15,,,,
2011-12-16,,,,
2011-12-17,,,93.30681596,
2011-12-18,,,,
2011-12-19,,,,
2011-12-20,,,93.60612431,
2011-12-21,,,,
2011-12-22,,,,
2011-12-23,,,80.53573783,
2011-12-24,,,,
2011-12-25,,,,
2011-12-26,,,76.25631489,
2011-12-27,,,,
2011-12-28,,,,
2011-12-29,,,70.50860104,
2011-12-30,,,,
2011-12-31,,,,
2012-01-01,,,65.52948888,
2012-01-02,,,,
2012-01-03,,,,
2012-01-04,,,74.83114364,
2012-01-05,,,,
2012-01-06,,,,
2012-01-07,,,64.61818725,
2012-01-08,,,,
2012-01-09,,,,
2012-01-10,,,81.2343882,
2012-01-11,,,,
2012-01-12,,,,
2012-01-13,,,,
2012-01-14,,,,
2012-01-15,,,,
2012-01-16,,,,
2012-01-17,,,,
2012-01-18,,,,
2012-01-19,,,,
2012-01-20,,,,
2012-01-21,,,,
2012-01-22,,,53.95838119,
2012-01-23,,,,
2012-01-24,,,,
2012-01-25,,,75.80039774,
2012-01-26,,,,
2012-01-27,,,,
2012-01-28,,,73.12734072,
2012-01-29,,,,
2012-01-30,,,,
2012-01-31,,,76.11717442,
2012-02-01,,,,
2012-02-02,,,,
2012-02-03,,,,
2012-02-04,,,,
2012-02-05,,,,
2012-02-06,,,76.83271789,
2012-02-07,,,,
2012-02-08,,,,
2012-02-09,,,,
2012-02-10,,,,
2012-02-11,,,,
2012-02-12,,,56.6071197,
2012-02-13,,,,
2012-02-14,,,,
2012-02-15,,,,
2012-02-16,,,,
2012-02-17,,,,
2012-02-18,,,,
2012-02-19,,,,
2012-02-20,,,,
2012-02-21,,,,
2012-02-22,,,,
2012-02-23,,,,
2012-02-24,,,,
2012-02-25,,,,
2012-02-26,,,,
2012-02-27,,,,
2012-02-28,,,,
2012-02-29,,,,
2012-03-01,,,,
2012-03-02,,,,
2012-03-03,,,,
2012-03-04,,,52.690972,
2012-03-05,,,,
2012-03-06,,,,
2012-03-07,,,83.98328798,
2012-03-08,,,,
2012-03-09,,,,
2012-03-10,,,,
2012-03-11,,,,
2012-03-12,,,,
2012-03-13,,,79.8039452,
2012-03-14,,,,
2012-03-15,,,,
2012-03-16,,,99.78766199,
2012-03-17,,,,
2012-03-18,,,,
2012-03-19,,,58.68648766,
2012-03-20,,,,
2012-03-21,,,,
2012-03-22,,,,
2012-03-23,,,,
2012-03-24,,,,
2012-03-25,,,66.33632179,
2012-03-26,,,,
2012-03-27,,,,
2012-03-28,,,99.76709645,
2012-03-29,,,,
2012-03-30,,,,
2012-03-31,,,,
2012-04-01,,,,
2012-04-02,,,,
2012-04-03,,,70.96610428,
2012-04-04,,,,
2012-04-05,,,,
2012-04-06,,,49.97712094,
2012-04-07,,,,
2012-04-08,,,,
2012-04-09,,,68.67328822,
2012-04-10,,,,
2012-04-11,,,,
2012-04-12,,,65.1462099,
2012-04-13,,,,
2012-04-14,,,,
2012-04-15,,,50.65420781,
2012-04-16,,,,
2012-04-17,,,,
2012-04-18,,,,
2012-04-19,,,,
2012-04-20,,,,
2012-04-21,,,59.66705531,
2012-04-22,,,,
2012-04-23,,,,
2012-04-24,,,65.98972868,
2012-04-25,,,,
2012-04-26,,,,
2012-04-27,,,88.94251387,
2012-04-28,,,,
2012-04-29,,,,
2012-04-30,,,93.55115137,
2012-05-01,,,,
2012-05-02,,,,
2012-05-03,,,89.69383856,
2012-05-04,,,,
2012-05-05,,,,
2012-05-06,,,40.41341698,
2012-05-07,,,,
2012-05-08,,,,
2012-05-09,,,,
2012-05-10,,,,
2012-05-11,,,,
2012-05-12,,,,
2012-05-13,,,,
2012-05-14,,,,
2012-05-15,,,,
2012-05-16,,,,
2012-05-17,,,,
2012-05-18,,,,
2012-05-19,,,,
2012-05-20,,,,
2012-05-21,,,,
2012-05-22,,,,
2012-05-23,,,,
2012-05-24,,,,
2012-05-25,,,,
2012-05-26,,,,
2012-05-27,,,,
2012-05-28,,,,
2012-05-29,,,,
2012-05-30,,,,
2012-05-31,,,,
2012-06-01,,,,
2012-06-02,,,21.0158021,
2012-06-03,,,,
2012-06-04,,,,
2012-06-05,,,,
2012-06-06,,,,
2012-06-07,,,,
2012-06-08,,,,
2012-06-09,,,,
2012-06-10,,,,
2012-06-11,,,69.63637213,
2012-06-12,,,,
2012-06-13,,,,
2012-06-14,,,73.85556525,
2012-06-15,,,,
2012-06-16,,,,
2012-06-17,,,74.94937555,
2012-06-18,,,,
2012-06-19,,,,
2012-06-20,,,73.56420776,
2012-06-21,,,,
2012-06-22,,,,
2012-06-23,,,,
2012-06-24,,,,
2012-06-25,,,,
2012-06-26,,,,
2012-06-27,,,,
2012-06-28,,,,
2012-06-29,,,,
2012-06-30,,,,
2012-07-01,,,,
2012-07-02,,,52.18297089,
2012-07-03,,,,
2012-07-04,,,,
2012-07-05,,,77.05458362,
2012-07-06,,,,
2012-07-07,,,,
2012-07-08,,,51.82077256,
2012-07-09,,,,
2012-07-10,,,,
2012-07-11,,,65.31472594,
2012-07-12,,,,
2012-07-13,,,,
2012-07-14,,,99.1706159,
2012-07-15,,,,
2012-07-16,,,,
2012-07-17,,,,
2012-07-18,,,,
2012-07-19,,,,
2012-07-20,,,80.75437286,
2012-07-21,,,,
2012-07-22,,,,
2012-07-23,,,86.32590907,
2012-07-24,,,,
2012-07-25,,,,
2012-07-26,,,,
2012-07-27,,,,
2012-07-28,,,,
2012-07-29,,,73.3320549,
2012-07-30,,,,
2012-07-31,,,,
2012-08-01,,,,
2012-08-02,,,,
2012-08-03,,,,
2012-08-04,,,82.85613882,
2012-08-05,,,,
2012-08-06,,,,
2012-08-07,,,57.70040883,
2012-08-08,,,,
2012-08-09,,,,
2012-08-10,,,90.58162065,
2012-08-11,,,,
2012-08-12,,,,
2012-08-13,,,,
2012-08-14,,,,
2012-08-15,,,,
2012-08-16,,,86.29903054,
2012-08-17,,,,
2012-08-18,,,,
2012-08-19,,,50.06371281,
2012-08-20,,,,
2012-08-21,,,,
2012-08-22,,,93.20410033,
2012-08-23,,,,
2012-08-24,,,,
2012-08-25,,,92.19054428,
2012-08-26,,,,
2012-08-27,,,,
2012-08-28,,,96.8081426,
2012-08-29,,,,
2012-08-30,,,,
2012-08-31,,,91.5094617,
2012-09-01,,,,
2012-09-02,,,,
2012-09-03,,,,
2012-09-04,,,,
2012-09-05,,,,
2012-09-06,,,63.60762963,
2012-09-07,,,,
2012-09-08,,,,
2012-09-09,,,,
2012-09-10,,,,
2012-09-11,,,,
2012-09-12,,,,
2012-09-13,,,,
2012-09-14,,,,
2012-09-15,,,,
2012-09-16,,,,
2012-09-17,,,,
2012-09-18,,,80.32572393,
2012-09-19,,,,
2012-09-20,,,,
2012-09-21,,,60.90998067,
2012-09-22,,,,
2012-09-23,,,,
2012-09-24,,,74.49493877,
2012-09-25,,,,
2012-09-26,,,,
2012-09-27,,,93.60952951,
2012-09-28,,,,
2012-09-29,,,,
2012-09-30,,,32.85883811,
2012-10-01,,,,
2012-10-02,,,,
2012-10-03,,,,
2012-10-04,,,,
2012-10-05,,,,
2012-10-06,,,82.1744361,
2012-10-07,,,,
2012-10-08,,,,
2012-10-09,,,41.540639,
2012-10-10,,,,
2012-10-11,,,,
2012-10-12,,,92.53618072,
2012-10-13,,,,
2012-10-14,,,,
2012-10-15,,,59.94886256,
2012-10-16,,,,
2012-10-17,,,,
2012-10-18,,,85.00121293,
2012-10-19,,,,
2012-10-20,,,,
2012-10-21,,,44.77865194,
2012-10-22,,,,
2012-10-23,,,,
2012-10-24,,,55.20873809,
2012-10-25,,,,
2012-10-26,,,,
2012-10-27,,,67.71198368,
2012-10-28,,,,
2012-10-29,,,,
2012-10-30,,,83.04081916,
2012-10-31,,,,
2012-11-01,,,,
2012-11-02,,,84.57402191,
2012-11-03,,,,
2012-11-04,,,,
2012-11-05,,,64.1988115,
2012-11-06,,,,
2012-11-07,,,,
2012-11-08,,,69.7444212,
2012-11-09,,,,
2012-11-10,,,,
2012-11-11,,,54.93483467,
2012-11-12,,,,
2012-11-13,,,,
2012-11-14,,,83.41509023,
2012-11-15,,,,
2012-11-16,,,,
2012-11-17,,,70.38973588,
2012-11-18,,,,
2012-11-19,,,,
2012-11-20,,,76.96864969,
2012-11-21,,,,
2012-11-22,,,,
2012-11-23,,,77.86490045,
2012-11-24,,,,
2012-11-25,,,,
2012-11-26,,,84.4255919,
2012-11-27,,,,
2012-11-28,,,,
2012-11-29,,,70.45713404,
2012-11-30,,,,
2012-12-01,,,,
2012-12-02,,,47.72314507,
2012-12-03,,,,
2012-12-04,,,,
2012-12-05,,,78.91453469,
2012-12-06,,,,
2012-12-07,,,,
2012-12-08,,,61.13449352,
2012-12-09,,,,
2012-12-10,,,,
2012-12-11,,,94.25749918,
2012-12-12,,,,
2012-12-13,,,,
2012-12-14,,,86.39890826,
2012-12-15,,,,
2012-12-16,,,,
2012-12-17,,,85.69406612,
2012-12-18,,,,
2012-12-19,,,,
2012-12-20,,,99.63725076,
2012-12-21,,,,
2012-12-22,,,,
2012-12-23,,,49.62530989,
2012-12-24,,,,
2012-12-25,,,,
2012-12-26,,,54.88300295,
2012-12-27,,,,
2012-12-28,,,,
2012-12-29,,,,
2012-12-30,,,,
2012-12-31,,,,
2013-01-01,,,47.64761974,
2013-01-02,,,,
2013-01-03,,,,
2013-01-04,,,65.43499016,
2013-01-05,,,,
2013-01-06,,,,
2013-01-07,,,54.76275637,
2013-01-08,,,,
2013-01-09,,,,
2013-01-10,,,,
2013-01-11,,,,
2013-01-12,,,,
2013-01-13,,,58.01948462,
2013-01-14,,,,
2013-01-15,,,,
2013-01-16,,,59.73821922,
2013-01-17,,,,
2013-01-18,,,,
2013-01-19,,,69.5250841,
2013-01-20,,,,
2013-01-21,,,,
2013-01-22,,,63.8320526,
2013-01-23,,,,
2013-01-24,,,,
2013-01-25,,,65.52026041,
2013-01-26,,,,
2013-01-27,,,,
2013-01-28,,,54.55572852,
2013-01-29,,,,
2013-01-30,,,,
2013-01-31,,,61.56657784,
2013-02-01,,,,
2013-02-02,,,,
2013-02-03,,,,
2013-02-04,,,,
2013-02-05,,,,
2013-02-06,,,,
2013-02-07,,,,
2013-02-08,,,,
2013-02-09,,,,
2013-02-10,,,,
2013-02-11,,,,
2013-02-12,,,,
2013-02-13,,,,
2013-02-14,,,,
2013-02-15,,,,
2013-02-16,,,,
2013-02-17,,,,
2013-02-18,,,,
2013-02-19,,,,
2013-02-20,,,,
2013-02-21,,,,
2013-02-22,,,,
2013-02-23,,,,
2013-02-24,,,,
2013-02-25,,,,
2013-02-26,,,,
2013-02-27,,,,
2013-02-28,,,,
2013-03-01,,,,
2013-03-02,,,,
2013-03-03,,,,
2013-03-04,,,,
2013-03-05,,,,
2013-03-06,,,,
2013-03-07,,,,
2013-03-08,,,,
2013-03-09,,,,
2013-03-10,,,,
2013-03-11,,,,
2013-03-12,,,,
2013-03-13,,,,
2013-03-14,,,,
2013-03-15,,,,
2013-03-16,,,,
2013-03-17,,,,
2013-03-18,,,,
2013-03-19,,,,
2013-03-20,,,,
2013-03-21,,,,
2013-03-22,,,,
2013-03-23,,,,
2013-03-24,,,,
2013-03-25,,,,
2013-03-26,,,,
2013-03-27,,,,
2013-03-28,,,,
2013-03-29,,,,
2013-03-30,,,,
2013-03-31,,,,
2013-04-01,,,,
2013-04-02,,,49.6,
2013-04-03,,,,
2013-04-04,,,72.5,
2013-04-05,,,,
2013-04-06,,,,
2013-04-07,,,58.3,
2013-04-08,,,,
2013-04-09,,,,
2013-04-10,,,82.9,
2013-04-11,,,,
2013-04-12,,,,
2013-04-13,,,74.8,
2013-04-14,,,,
2013-04-15,,,,
2013-04-16,,,66.3,
2013-04-17,,,,
2013-04-18,,,,
2013-04-19,,,63.6,
2013-04-20,,,,
2013-04-21,,,,
2013-04-22,,,59.6,
2013-04-23,,,,
2013-04-24,,,,
2013-04-25,,,62.3,
2013-04-26,,,,
2013-04-27,,,,
2013-04-28,,,44.0,
2013-04-29,,,,
2013-04-30,,,,
2013-05-01,,,47.1,
2013-05-02,,,,
2013-05-03,,,,
2013-05-04,,,58.2,
2013-05-05,,,,
2013-05-06,,,,
2013-05-07,,,58.1,
2013-05-08,,,,
2013-05-09,,,,
2013-05-10,,,61.9,
2013-05-11,,,,
2013-05-12,,,,
2013-05-13,,,36.9,
2013-05-14,,,,
2013-05-15,,,,
2013-05-16,,,68.8,
2013-05-17,,,,
2013-05-18,,,,
2013-05-19,,,,
2013-05-20,,,,
2013-05-21,,,,
2013-05-22,,,,
2013-05-23,,,,
2013-05-24,,,,
2013-05-25,,,75.3,
2013-05-26,,,,
2013-05-27,,,,
2013-05-28,,,,
2013-05-29,,,,
2013-05-30,,,,
2013-05-31,,,67.7,
2013-06-01,,,,
2013-06-02,,,,
2013-06-03,,,59.9,
2013-06-04,,,,
2013-06-05,,,,
2013-06-06,,,86.9,
2013-06-07,,,,
2013-06-08,,,,
2013-06-09,,,66.8,
2013-06-10,,,,
2013-06-11,,,,
2013-06-12,,,60.8,
2013-06-13,,,,
2013-06-14,,,,
2013-06-15,,,70.7,
2013-06-16,,,,
2013-06-17,,,,
2013-06-18,,,77.6,
2013-06-19,,,,
2013-06-20,,,,
2013-06-21,,,75.1,
2013-06-22,,,,
2013-06-23,,,,
2013-06-24,,,69.2,
2013-06-25,,,,
2013-06-26,,,,
2013-06-27,,,65.3,
2013-06-28,,,,
2013-06-29,,,,
2013-06-30,,,32.8,
2013-07-01,,,,
2013-07-02,,,,
2013-07-03,,,76.4,
2013-07-04,,,,
2013-07-05,,,,
2013-07-06,,,83.9,
2013-07-07,,,,
2013-07-08,,,,
2013-07-09,,,72.7,
2013-07-10,,,,
2013-07-11,,,,
2013-07-12,,,78.7,
2013-07-13,,,,
2013-07-14,,,,
2013-07-15,,,100.0,
2013-07-16,,,,
2013-07-17,,,,
2013-07-18,,,97.3,
2013-07-19,,,,
2013-07-20,,,,
2013-07-21,,,62.2,
2013-07-22,,,,
2013-07-23,,,,
2013-07-24,,,88.9,
2013-07-25,,,,
2013-07-26,,,,
2013-07-27,,,77.2,
2013-07-28,,,,
2013-07-29,,,,
2013-07-30,,,76.9,
2013-07-31,,,,
2013-08-01,,,,
2013-08-02,,,67.52151352,
2013-08-03,,,,
2013-08-04,,,,
2013-08-05,,,57.58525653,
2013-08-06,,,,
2013-08-07,,,,
2013-08-08,,,47.06355038,
2013-08-09,,,,
2013-08-10,,,,
2013-08-11,,,35.87136286,
2013-08-12,,,,
2013-08-13,,,,
2013-08-14,,,48.07843113,
2013-08-15,,,,
2013-08-16,,,,
2013-08-17,,,38.9880823,
2013-08-18,,,,
2013-08-19,,,,
2013-08-20,,,49.76901405,
2013-08-21,,,,
2013-08-22,,,,
2013-08-23,,,60.76905907,
2013-08-24,,,,
2013-08-25,,,,
2013-08-26,,,35.94607652,
2013-08-27,,,,
2013-08-28,,,,
2013-08-29,,,80.7,
2013-08-30,,,,
2013-08-31,,,,
2013-09-01,,,34.46058678,
2013-09-02,,,,
2013-09-03,,,,
2013-09-04,,,92.84852215,
2013-09-05,,,,
2013-09-06,,,,
2013-09-07,,,90.41159375,
2013-09-08,,,,
2013-09-09,,,,
2013-09-10,,,59.90522258,
2013-09-11,,,,
2013-09-12,,,,
2013-09-13,,,84.21019075,
2013-09-14,,,,
2013-09-15,,,,
2013-09-16,,,66.00615763,
2013-09-17,,,,
2013-09-18,,,,
2013-09-19,,,80.44975715,
2013-09-20,,,,
2013-09-21,,,,
2013-09-22,,,,
2013-09-23,,,,
2013-09-24,,,,
2013-09-25,,,96.90921374,
2013-09-26,,,,
2013-09-27,,,,
2013-09-28,,,78.02404156,
2013-09-29,,,,
2013-09-30,,,,
2013-10-01,,,80.67376591,
2013-10-02,,,,
2013-10-03,,,,
2013-10-04,,,59.95420226,
2013-10-05,,,,
2013-10-06,,,,
2013-10-07,,,70.16917334,
2013-10-08,,,,
2013-10-09,,,,
2013-10-10,,,67.66639126,
2013-10-11,,,,
2013-10-12,,,,
2013-10-13,,,28.19434111,
2013-10-14,,,,
2013-10-15,,,,
2013-10-16,,,57.4781323,
2013-10-17,,,,
2013-10-18,,,,
2013-10-19,,,80.64422588,
2013-10-20,,,,
2013-10-21,,,,
2013-10-22,,,68.4186817,
2013-10-23,,,,
2013-10-24,,,,
2013-10-25,,,,
2013-10-26,,,,
2013-10-27,,,,
2013-10-28,,,88.64123921,
2013-10-29,,,,
2013-10-30,,,,
2013-10-31,,,75.87142073,
2013-11-01,,,,
2013-11-02,,,,
2013-11-03,,,,
2013-11-04,,,,
2013-11-05,,,,
2013-11-06,,,71.3,
2013-11-07,,,,
2013-11-08,,,,
2013-11-09,,,77.2,
2013-11-10,,,,
2013-11-11,,,,
2013-11-12,,,75.8,
2013-11-13,,,,
2013-11-14,,,,
2013-11-15,,,79.1,
2013-11-16,,,,
2013-11-17,,,,
2013-11-18,,,73.8,
2013-11-19,,,,
2013-11-20,,,,
2013-11-21,,,87.1,
2013-11-22,,,,
2013-11-23,,,,
2013-11-24,,,56.3,
2013-11-25,,,,
2013-11-26,,,,
2013-11-27,,,47.8,
2013-11-28,,,,
2013-11-29,,,,
2013-11-30,,,79.9,
2013-12-01,,,,
2013-12-02,,,,
2013-12-03,,,80.7230066,
2013-12-04,,,,
2013-12-05,,,,
2013-12-06,,,,
2013-12-07,,,,
2013-12-08,,,,
2013-12-09,,,,
2013-12-10,,,,
2013-12-11,,,,
2013-12-12,,,80.31227752,
2013-12-13,,,,
2013-12-14,,,,
2013-12-15,,,48.24648251,
2013-12-16,,,,
2013-12-17,,,,
2013-12-18,,,88.85821185,
2013-12-19,,,,
2013-12-20,,,,
2013-12-21,,,66.96852743,
2013-12-22,,,,
2013-12-23,,,,
2013-12-24,,,65.68551197,
2013-12-25,,,,
2013-12-26,,,,
2013-12-27,,,79.78638184,
2013-12-28,,,,
2013-12-29,,,,
2013-12-30,,,50.18328418,
2013-12-31,,,,
2014-01-01,,,54.7,
2014-01-02,,,,
2014-01-03,,,,
2014-01-04,,,63.4,
2014-01-05,,,,
2014-01-06,,,,
2014-01-07,,,92.0,
2014-01-08,,,,
2014-01-09,,,,
2014-01-10,,,,
2014-01-11,,,,
2014-01-12,,,,
2014-01-13,,,79.6,
2014-01-14,,,,
2014-01-15,,,,
2014-01-16,,,95.1,
2014-01-17,,,,
2014-01-18,,,,
2014-01-19,,,54.1,
2014-01-20,,,,
2014-01-21,,,,
2014-01-22,,,85.0,
2014-01-23,,,,
2014-01-24,,,,
2014-01-25,,,82.2,
2014-01-26,,,,
2014-01-27,,,,
2014-01-28,,,92.4,
2014-01-29,,,,
2014-01-30,,,,
2014-01-31,,,89.3,
2014-02-01,,,,
2014-02-02,,,,
2014-02-03,,,89.8,
2014-02-04,,,,
2014-02-05,,,,
2014-02-06,,,79.8,
2014-02-07,,,,
2014-02-08,,,,
2014-02-09,,,63.9,
2014-02-10,,,,
2014-02-11,,,,
2014-02-12,,,77.2,
2014-02-13,,,,
2014-02-14,,,,
2014-02-15,,,88.4,
2014-02-16,,,,
2014-02-17,,,,
2014-02-18,,,,
2014-02-19,,,,
2014-02-20,,,,
2014-02-21,,,97.3,
2014-02-22,,,,
2014-02-23,,,,
2014-02-24,,,,
2014-02-25,,,,
2014-02-26,,,,
2014-02-27,,,,
2014-02-28,,,,
2014-03-01,,,,
2014-03-02,,,61.61296391,
2014-03-03,,,,
2014-03-04,,,,
2014-03-05,,,81.41856589,
2014-03-06,,,,
2014-03-07,,,,
2014-03-08,,,80.15486629,
2014-03-09,,,,
2014-03-10,,,,
2014-03-11,,,78.75732508,
2014-03-12,,,,
2014-03-13,,,,
2014-03-14,,,,
2014-03-15,,,,
2014-03-16,,,,
2014-03-17,,,,
2014-03-18,,,,
2014-03-19,,,,
2014-03-20,,,98.54867839,
2014-03-21,,,,
2014-03-22,,,,
2014-03-23,,,64.55002452,
2014-03-24,,,,
2014-03-25,,,,
2014-03-26,,,89.22509121,
2014-03-27,,,,
2014-03-28,,,,
2014-03-29,,,,
2014-03-30,,,,
2014-03-31,,,,
2014-04-01,,,,
2014-04-02,,,,
2014-04-03,,,,
2014-04-04,,,,
2014-04-05,,,,
2014-04-06,,,,
2014-04-07,,,63.28235365,
2014-04-08,,,,
2014-04-09,,,,
2014-04-10,,,92.61404064,
2014-04-11,,,,
2014-04-12,,,,
2014-04-13,,,71.34213268,
2014-04-14,,,,
2014-04-15,,,,
2014-04-16,,,82.07030234,
2014-04-17,,,,
2014-04-18,,,,
2014-04-19,,,49.17466906,
2014-04-20,,,,
2014-04-21,,,,
2014-04-22,,,62.53945547,
2014-04-23,,,,
2014-04-24,,,,
2014-04-25,,,76.08381095,
2014-04-26,,,,
2014-04-27,,,,
2014-04-28,,,84.10685731,
2014-04-29,,,,
2014-04-30,,,,
2014-05-01,,,72.7,
2014-05-02,,,,
2014-05-03,,,,
2014-05-04,,,59.4,
2014-05-05,,,,
2014-05-06,,,,
2014-05-07,,,,
2014-05-08,,,,
2014-05-09,,,,
2014-05-10,,,44.7,
2014-05-11,,,,
2014-05-12,,,,
2014-05-13,,,60.0,
2014-05-14,,,,
2014-05-15,,,,
2014-05-16,,,64.8,
2014-05-17,,,,
2014-05-18,,,,
2014-05-19,,,76.2,
2014-05-20,,,,
2014-05-21,,,,
2014-05-22,,,83.9,
2014-05-23,,,,
2014-05-24,,,,
2014-05-25,,,55.0,
2014-05-26,,,,
2014-05-27,,,,
2014-05-28,,,76.8,
2014-05-29,,,,
2014-05-30,,,,
2014-05-31,,,55.4,
2014-06-01,,,,
2014-06-02,,,,
2014-06-03,,,70.2,
2014-06-04,,,,
2014-06-05,,,,
2014-06-06,,,67.9,
2014-06-07,,,,
2014-06-08,,,,
2014-06-09,,,65.1,
2014-06-10,,,,
2014-06-11,,,,
2014-06-12,,,87.2,
2014-06-13,,,,
2014-06-14,,,,
2014-06-15,,,44.7,
2014-06-16,,,,
2014-06-17,,,,
2014-06-18,,,82.8,
2014-06-19,,,,
2014-06-20,,,,
2014-06-21,,,74.1,
2014-06-22,,,,
2014-06-23,,,,
2014-06-24,,,58.6,
2014-06-25,,,,
2014-06-26,,,,
2014-06-27,,,,
2014-06-28,,,,
2014-06-29,,,,
2014-06-30,,,,
2014-07-01,,,,
2014-07-02,,,,
2014-07-03,,,70.1,
2014-07-04,,,,
2014-07-05,,,,
2014-07-06,,,51.0,
2014-07-07,,,,
2014-07-08,,,,
2014-07-09,,,71.7,
2014-07-10,,,,
2014-07-11,,,,
2014-07-12,,,,
2014-07-13,,,,
2014-07-14,,,,
2014-07-15,,,88.2,
2014-07-16,,,,
2014-07-17,,,,
2014-07-18,,,,
2014-07-19,,,,
2014-07-20,,,,
2014-07-21,,,,
2014-07-22,,,,
2014-07-23,,,,
2014-07-24,,,99.9,
2014-07-25,,,,
2014-07-26,,,,
2014-07-27,,,51.2,
2014-07-28,,,,
2014-07-29,,,,
2014-07-30,,,90.9,
2014-07-31,,,,
2014-08-01,,,,
2014-08-02,,,,
2014-08-03,,,,
2014-08-04,,,,
2014-08-05,,,,
2014-08-06,,,,
2014-08-07,,,,
2014-08-08,,,,
2014-08-09,,,,
2014-08-10,,,,
2014-08-11,,,,
2014-08-12,,,,
2014-08-13,,,,
2014-08-14,,,77.4,
2014-08-15,,,,
2014-08-16,,,,
2014-08-17,,,56.0,
2014-08-18,,,,
2014-08-19,,,,
2014-08-20,,,,
2014-08-21,,,,
2014-08-22,,,,
2014-08-23,,,57.5,
2014-08-24,,,,
2014-08-25,,,,
2014-08-26,,,79.4,
2014-08-27,,,,
2014-08-28,,,,
2014-08-29,,,69.3,
2014-08-30,,,,
2014-08-31,,,,
2014-09-01,,,97.6,
2014-09-02,,,,
2014-09-03,,,,
2014-09-04,,,93.3,
2014-09-05,,,,
2014-09-06,,,,
2014-09-07,,,45.7,
2014-09-08,,,,
2014-09-09,,,,
2014-09-10,,,84.2,
2014-09-11,,,,
2014-09-12,,,,
2014-09-13,,,68.1,
2014-09-14,,,,
2014-09-15,,,,
2014-09-16,,,60.4,
2014-09-17,,,,
2014-09-18,,,,
2014-09-19,,,,
2014-09-20,,,,
2014-09-21,,,,
2014-09-22,,,73.9,
2014-09-23,,,,
2014-09-24,,,,
2014-09-25,,,92.0,
2014-09-26,,,,
2014-09-27,,,,
2014-09-28,,,74.0,
2014-09-29,,,,
2014-09-30,,,,
2014-10-01,,,,
2014-10-02,,,,
2014-10-03,,,,
2014-10-04,,,75.8,
2014-10-05,,,,
2014-10-06,,,,
2014-10-07,,,,
2014-10-08,,,,
2014-10-09,,,,
2014-10-10,,,,
2014-10-11,,,,
2014-10-12,,,,
2014-10-13,,,58.6,
2014-10-14,,,,
2014-10-15,,,,
2014-10-16,,,87.2,
2014-10-17,,,,
2014-10-18,,,,
2014-10-19,,,56.4,
2014-10-20,,,,
2014-10-21,,,,
2014-10-22,,,81.9,
2014-10-23,,,,
2014-10-24,,,,
2014-10-25,,,50.1,
2014-10-26,,,,
2014-10-27,,,,
2014-10-28,,,60.1,
2014-10-29,,,,
2014-10-30,,,,
2014-10-31,,,88.1,
2014-11-01,,,,
2014-11-02,,,,
2014-11-03,,,59.1,
2014-11-04,,,,
2014-11-05,,,,
2014-11-06,,,74.0,
2014-11-07,,,,
2014-11-08,,,,
2014-11-09,,,60.3,
2014-11-10,,,,
2014-11-11,,,,
2014-11-12,,,69.8,
2014-11-13,,,,
2014-11-14,,,,
2014-11-15,,,66.0,
2014-11-16,,,,
2014-11-17,,,,
2014-11-18,,,94.7,
2014-11-19,,,,
2014-11-20,,,,
2014-11-21,,,85.9,
2014-11-22,,,,
2014-11-23,,,,
2014-11-24,,,84.3,
2014-11-25,,,,
2014-11-26,,,,
2014-11-27,,,72.8,
2014-11-28,,,,
2014-11-29,,,,
2014-11-30,,,,
2014-12-01,,,,
2014-12-02,,,,
2014-12-03,,,,
2014-12-04,,,,
2014-12-05,,,,
2014-12-06,,,,
2014-12-07,,,,
2014-12-08,,,,
2014-12-09,,,49.9,
2014-12-10,,,,
2014-12-11,,,,
2014-12-12,,,57.2,
2014-12-13,,,,
2014-12-14,,,,
2014-12-15,,,39.6,
2014-12-16,,,,
2014-12-17,,,,
2014-12-18,,,57.4,
2014-12-19,,,,
2014-12-20,,,,
2014-12-21,,,35.3,
2014-12-22,,,,
2014-12-23,,,,
2014-12-24,,,42.0,
2014-12-25,,,,
2014-12-26,,,,
2014-12-27,,,38.5,
2014-12-28,,,,
2014-12-29,,,,
2014-12-30,,,40.8,
2014-12-31,,,,
2015-01-01,,,,
2015-01-02,,,31.1,
2015-01-03,,,,
2015-01-04,,,,
2015-01-05,,,39.8,
2015-01-06,,,,
2015-01-07,,,,
2015-01-08,,,49.9,
2015-01-09,,,,
2015-01-10,,,,
2015-01-11,,,33.3,
2015-01-12,,,,
2015-01-13,,,,
2015-01-14,,,55.0,
2015-01-15,,,,
2015-01-16,,,,
2015-01-17,,,40.2,
2015-01-18,,,,
2015-01-19,,,,
2015-01-20,,,54.4,
2015-01-21,,,,
2015-01-22,,,,
2015-01-23,,,40.7,
2015-01-24,,,,
2015-01-25,,,,
2015-01-26,,,53.5,
2015-01-27,,,,
2015-01-28,,,,
2015-01-29,,,47.2,
2015-01-30,,,,
2015-01-31,,,,
2015-02-01,,,29.6,
2015-02-02,,,,
2015-02-03,,,,
2015-02-04,,,51.9,
2015-02-05,,,,
2015-02-06,,,,
2015-02-07,,,59.5,
2015-02-08,,,,
2015-02-09,,,,
2015-02-10,,,,
2015-02-11,,,,
2015-02-12,,,,
2015-02-13,,,40.4,
2015-02-14,,,,
2015-02-15,,,,
2015-02-16,,,40.1,
2015-02-17,,,,
2015-02-18,,,,
2015-02-19,,,51.8,
2015-02-20,,,,
2015-02-21,,,,
2015-02-22,,,38.6,
2015-02-23,,,,
2015-02-24,,,,
2015-02-25,,,63.2,
2015-02-26,,,,
2015-02-27,,,,
2015-02-28,,,50.5,
2015-03-01,,,,
2015-03-02,,,,
2015-03-03,,,57.6,
2015-03-04,,,,
2015-03-05,,,,
2015-03-06,,,50.5,
2015-03-07,,,,
2015-03-08,,,,
2015-03-09,,,47.4,
2015-03-10,,,,
2015-03-11,,,,
2015-03-12,,,57.9,
2015-03-13,,,,
2015-03-14,,,,
2015-03-15,,,95.9,
2015-03-16,,,,
2015-03-17,,,,
2015-03-18,,,,
2015-03-19,,,,
2015-03-20,,,,
2015-03-21,,,54.6,
2015-03-22,,,,
2015-03-23,,,,
2015-03-24,,,81.8,
2015-03-25,,,,
2015-03-26,,,,
2015-03-27,,,,
2015-03-28,,,,
2015-03-29,,,,
2015-03-30,,,84.0,
2015-03-31,,,,
2015-04-01,,,,
2015-04-02,,,48.1,
2015-04-03,,,,
2015-04-04,,,,
2015-04-05,,,52.5,
2015-04-06,,,,
2015-04-07,,,,
2015-04-08,,,50.1,
2015-04-09,,,,
2015-04-10,,,,
2015-04-11,,,37.0,
2015-04-12,,,,
2015-04-13,,,,
2015-04-14,,,76.3,
2015-04-15,,,,
2015-04-16,,,,
2015-04-17,,,72.3,
2015-04-18,,,,
2015-04-19,,,,
2015-04-20,,,,
2015-04-21,,,,
2015-04-22,,,,
2015-04-23,,,,
2015-04-24,,,,
2015-04-25,,,,
2015-04-26,,,47.1,
2015-04-27,,,,
2015-04-28,,,,
2015-04-29,,,86.4,
2015-04-30,,,,
2015-05-01,,,,
2015-05-02,,,64.5,
2015-05-03,,,,
2015-05-04,,,,
2015-05-05,,,97.3,
2015-05-06,,,,
2015-05-07,,,,
2015-05-08,,,86.0,
2015-05-09,,,,
2015-05-10,,,,
2015-05-11,,,,
2015-05-12,,,,
2015-05-13,,,,
2015-05-14,,,95.1,
2015-05-15,,,,
2015-05-16,,,,
2015-05-17,,,37.8,
2015-05-18,,,,
2015-05-19,,,,
2015-05-20,,,82.1,
2015-05-21,,,,
2015-05-22,,,,
2015-05-23,,,68.6,
2015-05-24,,,,
2015-05-25,,,,
2015-05-26,,,,
2015-05-27,,,,
2015-05-28,,,,
2015-05-29,,,64.4,
2015-05-30,,,,
2015-05-31,,,,
2015-06-01,,,60.5,
2015-06-02,,,,
2015-06-03,,,,
2015-06-04,,,68.7,
2015-06-05,,,,
2015-06-06,,,,
2015-06-07,,,43.3,
2015-06-08,,,,
2015-06-09,,,,
2015-06-10,,,60.9,
2015-06-11,,,,
2015-06-12,,,,
2015-06-13,,,66.2,
2015-06-14,,,,
2015-06-15,,,,
2015-06-16,,,92.0,
2015-06-17,,,,
2015-06-18,,,,
2015-06-19,,,96.0,
2015-06-20,,,,
2015-06-21,,,,
2015-06-22,,,60.1,
2015-06-23,,,,
2015-06-24,,,,
2015-06-25,,,73.9,
2015-06-26,,,,
2015-06-27,,,,
2015-06-28,,,52.8,
2015-06-29,,,,
2015-06-30,,,,
2015-07-01,,,89.5,
2015-07-02,,,,
2015-07-03,,,,
2015-07-04,,,82.3,
2015-07-05,,,,
2015-07-06,,,,
2015-07-07,,,82.1,
2015-07-08,,,,
2015-07-09,,,,
2015-07-10,,,62.3,
2015-07-11,,,,
2015-07-12,,,,
2015-07-13,,,75.9,
2015-07-14,,,,
2015-07-15,,,,
2015-07-16,,,78.6,
2015-07-17,,,,
2015-07-18,,,,
2015-07-19,,,35.1,
2015-07-20,,,,
2015-07-21,,,,
2015-07-22,,,,
2015-07-23,,,,
2015-07-24,,,,
2015-07-25,,,75.8,
2015-07-26,,,,
2015-07-27,,,,
2015-07-28,,,69.8,
2015-07-29,,,,
2015-07-30,,,,
2015-07-31,,,73.3,
2015-08-01,,,,
2015-08-02,,,,
2015-08-03,,,81.1,
2015-08-04,,,,
2015-08-05,,,,
2015-08-06,,,92.9,
2015-08-07,,,,
2015-08-08,,,,
2015-08-09,,,,
2015-08-10,,,,
2015-08-11,,,,
2015-08-12,,,79.1,
2015-08-13,,,,
2015-08-14,,,,
2015-08-15,,,58.0,
2015-08-16,,,,
2015-08-17,,,,
2015-08-18,,,56.5,
2015-08-19,,,,
2015-08-20,,,,
2015-08-21,,,75.8,
2015-08-22,,,,
2015-08-23,,,,
2015-08-24,,,76.4,
2015-08-25,,,,
2015-08-26,,,,
2015-08-27,,,64.6,
2015-08-28,,,,
2015-08-29,,,,
2015-08-30,,,72.0,
2015-08-31,,,,
2015-09-01,,,,
2015-09-02,,,85.5,
2015-09-03,,,,
2015-09-04,,,,
2015-09-05,,,76.5,
2015-09-06,,,,
2015-09-07,,,,
2015-09-08,,,67.8,
2015-09-09,,,,
2015-09-10,,,,
2015-09-11,,,71.7,
2015-09-12,,,,
2015-09-13,,,,
2015-09-14,,,86.4,
2015-09-15,,,,
2015-09-16,,,,
2015-09-17,,,63.1,
2015-09-18,,,,
2015-09-19,,,,
2015-09-20,,,57.4,
2015-09-21,,,,
2015-09-22,,,,
2015-09-23,,,93.2,
2015-09-24,,,,
2015-09-25,,,,
2015-09-26,,,78.5,
2015-09-27,,,,
2015-09-28,,,,
2015-09-29,,,87.1,
2015-09-30,,,,
2015-10-01,,,,
2015-10-02,,,66.7,
2015-10-03,,,,
2015-10-04,,,,
2015-10-05,,,94.1,
2015-10-06,,,,
2015-10-07,,,,
2015-10-08,,,,
2015-10-09,,,,
2015-10-10,,,,
2015-10-11,,,53.4,
2015-10-12,,,,
2015-10-13,,,,
2015-10-14,,,65.2,
2015-10-15,,,,
2015-10-16,,,,
2015-10-17,,30.1,60.7,
2015-10-18,,,,
2015-10-19,,,,
2015-10-20,,20.9,,
2015-10-21,,,,
2015-10-22,,,,
2015-10-23,,36.4,93.1,
2015-10-24,,,,
2015-10-25,,,,
2015-10-26,,32.5,66.8,
2015-10-27,,,,
2015-10-28,,,,
2015-10-29,,45.5,75.8,
2015-10-30,,,,
2015-10-31,,,,
2015-11-01,,58.2,32.1,
2015-11-02,,,,
2015-11-03,,,,
2015-11-04,,51.0,60.1,
2015-11-05,,,,
2015-11-06,,,,
2015-11-07,,55.9,63.9,
2015-11-08,,,,
2015-11-09,,,,
2015-11-10,,20.1,72.3,
2015-11-11,,,,
2015-11-12,,,,
2015-11-13,,51.5,71.2,
2015-11-14,,,,
2015-11-15,,,,
2015-11-16,,36.9,56.3,
2015-11-17,,,,
2015-11-18,,,,
2015-11-19,,38.9,89.0,
2015-11-20,,,,
2015-11-21,,,,
2015-11-22,,25.1,43.4,
2015-11-23,,,,
2015-11-24,,,,
2015-11-25,,28.4,,
2015-11-26,,,,
2015-11-27,,,,
2015-11-28,,36.9,62.7,
2015-11-29,,,,
2015-11-30,,,,
2015-12-01,,50.3,76.4,
2015-12-02,,,,
2015-12-03,,,,
2015-12-04,,52.4,77.9,
2015-12-05,,,,
2015-12-06,,,,
2015-12-07,,,94.1,
2015-12-08,,,,
2015-12-09,,,,
2015-12-10,,53.4,80.9,
2015-12-11,,,,
2015-12-12,,,,
2015-12-13,,46.6,63.2,
2015-12-14,,,,
2015-12-15,,,,
2015-12-16,,64.1,87.2,
2015-12-17,,,,
2015-12-18,,,,
2015-12-19,,39.2,73.0,
2015-12-20,,,,
2015-12-21,,,,
2015-12-22,,58.9,77.6,
2015-12-23,,,,
2015-12-24,,,,
2015-12-25,,,45.4,
2015-12-26,,,,
2015-12-27,,,,
2015-12-28,,53.8,71.1,
2015-12-29,,,,
2015-12-30,,,,
2015-12-31,,,,
2016-01-01,,,49.3,
2016-01-02,,,,
2016-01-03,,28.4,29.4,
2016-01-04,,,,
2016-01-05,,,,
2016-01-06,,43.8,,
2016-01-07,,,,
2016-01-08,,,,
2016-01-09,,38.1,50.4,
2016-01-10,,,,
2016-01-11,,,,
2016-01-12,,52.1,63.3,
2016-01-13,,,,
2016-01-14,,,,
2016-01-15,,55.6,73.8,
2016-01-16,,,,
2016-01-17,,,,
2016-01-18,,51.3,73.6,
2016-01-19,,,,
2016-01-20,,,,
2016-01-21,,71.1,89.2,
2016-01-22,,,,
2016-01-23,,,,
2016-01-24,,35.3,43.3,
2016-01-25,,,,
2016-01-26,,,,
2016-01-27,,68.6,87.2,
2016-01-28,,,,
2016-01-29,,,,
2016-01-30,,64.9,86.4,
2016-01-31,,,,
2016-02-01,,,,
2016-02-02,,46.1,97.9,
2016-02-03,,,,
2016-02-04,,,,
2016-02-05,,76.4,98.9,
2016-02-06,,,,
2016-02-07,,,,
2016-02-08,,59.9,75.7,
2016-02-09,,,,
2016-02-10,,,,
2016-02-11,,53.7,70.0,
2016-02-12,,,,
2016-02-13,,,,
2016-02-14,,47.5,48.9,
2016-02-15,,,,
2016-02-16,,,,
2016-02-17,,44.3,60.6,
2016-02-18,,,,
2016-02-19,,,,
2016-02-20,,,66.8,
2016-02-21,,,,
2016-02-22,,,,
2016-02-23,,57.8,90.7,
2016-02-24,,,,
2016-02-25,,,,
2016-02-26,,74.4,,
2016-02-27,,,,
2016-02-28,,,,
2016-02-29,,75.0,99.0,
2016-03-01,,,,
2016-03-02,,,,
2016-03-03,,100.7,,
2016-03-04,,,,
2016-03-05,,,,
2016-03-06,,62.1,77.2,
2016-03-07,,,,
2016-03-08,,,,
2016-03-09,,143.5,,
2016-03-10,,,,
2016-03-11,,,,
2016-03-12,,121.5,,
2016-03-13,,,,
2016-03-14,,,,
2016-03-15,,106.4,,
2016-03-16,,,,
2016-03-17,,,,
2016-03-18,,70.2,86.7,
2016-03-19,,,,
2016-03-20,,,,
2016-03-21,,57.9,53.4,
2016-03-22,,,,
2016-03-23,,,,
2016-03-24,,57.6,58.5,
2016-03-25,,,,
2016-03-26,,,,
2016-03-27,,95.8,73.7,
2016-03-28,,,,
2016-03-29,,,,
2016-03-30,,108.0,90.6,
2016-03-31,,,,
2016-04-01,,,,
2016-04-02,,79.9,,
2016-04-03,,,,
2016-04-04,,,,
2016-04-05,,58.3,73.4,
2016-04-06,,,,
2016-04-07,,,,
2016-04-08,,46.3,55.8,
2016-04-09,,,,
2016-04-10,,,,
2016-04-11,,53.3,64.0,
2016-04-12,,,,
2016-04-13,,,,
2016-04-14,,48.8,58.3,
2016-04-15,,,,
2016-04-16,,,,
2016-04-17,,41.4,48.7,
2016-04-18,,,,
2016-04-19,,,,
2016-04-20,,43.5,58.3,
2016-04-21,,,,
2016-04-22,,,,
2016-04-23,,37.0,56.5,
2016-04-24,,,,
2016-04-25,,,,
2016-04-26,,54.2,77.5,
2016-04-27,,,,
2016-04-28,,,,
2016-04-29,,53.2,84.4,
2016-04-30,,,,
2016-05-01,,,,
2016-05-02,,53.0,71.9,
2016-05-03,,,,
2016-05-04,,,,
2016-05-05,,59.9,77.0,
2016-05-06,,,,
2016-05-07,,,,
2016-05-08,,30.4,34.8,
2016-05-09,,,,
2016-05-10,,,,
2016-05-11,,56.8,75.0,
2016-05-12,,,,
2016-05-13,,,,
2016-05-14,,50.8,85.7,
2016-05-15,,,,
2016-05-16,,,,
2016-05-17,,37.7,60.9,
2016-05-18,,,,
2016-05-19,,,,
2016-05-20,,42.6,67.6,
2016-05-21,,,,
2016-05-22,,,,
2016-05-23,,39.3,72.1,
2016-05-24,,,,
2016-05-25,,46.8,67.5,
2016-05-26,,,,
2016-05-27,,,,
2016-05-28,,,,
2016-05-29,,,,
2016-05-30,,,,
2016-05-31,,,,
2016-06-01,,,,
2016-06-02,,,,
2016-06-03,,,,
2016-06-04,,,,
2016-06-05,,,,
2016-06-06,,,,
2016-06-07,,,,
2016-06-08,,,,
2016-06-09,,,,
2016-06-10,,,,
2016-06-11,,,,
2016-06-12,,,,
2016-06-13,,,,
2016-06-14,,,,
2016-06-15,,,,
2016-06-16,,,,
2016-06-17,,,,
2016-06-18,,,,
2016-06-19,,,,
2016-06-20,,,,
2016-06-21,,,,
2016-06-22,,,,
2016-06-23,,,,
2016-06-24,,,,
2016-06-25,,,,
2016-06-26,,,,
2016-06-27,,,,
2016-06-28,,,,
2016-06-29,,,,
2016-06-30,,,,
2016-07-01,,,,
2016-07-02,,,,
2016-07-03,,,,
2016-07-04,,,,
2016-07-05,,,,
2016-07-06,,,,
2016-07-07,,,,
2016-07-08,,,,
2016-07-09,,,,
2016-07-10,,,,
2016-07-11,,,,
2016-07-12,,,,
2016-07-13,,,,
2016-07-14,,,,
2016-07-15,,,,
2016-07-16,,,,
2016-07-17,,,,
2016-07-18,,,,
2016-07-19,,,,
2016-07-20,,,,
2016-07-21,,,,
2016-07-22,,,,
2016-07-23,,,,
2016-07-24,,,,
2016-07-25,,,,
2016-07-26,,,,
2016-07-27,,,,
2016-07-28,,,,
2016-07-29,,,,
2016-07-30,,,,
2016-07-31,,,,
2016-08-01,,,,
2016-08-02,,,,
2016-08-03,,,,
2016-08-04,,,,
2016-08-05,,,,
2016-08-06,,,,
2016-08-07,,,,
2016-08-08,,,,
2016-08-09,,,,
2016-08-10,,,,
2016-08-11,,,,
2016-08-12,,,,
2016-08-13,,,,
2016-08-14,,,,
2016-08-15,,,,
2016-08-16,,,,
2016-08-17,,,,
2016-08-18,,,,
2016-08-19,,,,
2016-08-20,,,,
2016-08-21,,,,
2016-08-22,,,,
2016-08-23,,,,
2016-08-24,,,,
2016-08-25,,,,
2016-08-26,,,,
2016-08-27,,,,
2016-08-28,,,,
2016-08-29,,,,
2016-08-30,,,,
2016-08-31,,,,
2016-09-01,,,,
2016-09-02,,,,
2016-09-03,,,,
2016-09-04,,,,
2016-09-05,,,,
2016-09-06,,,,
2016-09-07,,,,
2016-09-08,,,,
2016-09-09,,,,
2016-09-10,,,,
2016-09-11,,,,
2016-09-12,,,,
2016-09-13,,,,
2016-09-14,,,,
2016-09-15,,,,
2016-09-16,,,,
2016-09-17,,,,
2016-09-18,,,,
2016-09-19,,,,
2016-09-20,,,,
2016-09-21,,,,
2016-09-22,,,,
2016-09-23,,,,
2016-09-24,,,,
2016-09-25,,,,
2016-09-26,,,,
2016-09-27,,,,
2016-09-28,,,,
2016-09-29,,,,
2016-09-30,,,,
2016-10-01,,,,
2016-10-02,,,,
2016-10-03,,,,
2016-10-04,,,,
2016-10-05,,,,
2016-10-06,,43.4,,
2016-10-07,,,,
2016-10-08,,,,
2016-10-09,,33.1,46.6,
2016-10-10,,,,
2016-10-11,,,,
2016-10-12,,47.1,90.3,
2016-10-13,,,,
2016-10-14,,,,
2016-10-15,,,,
2016-10-16,,,,
2016-10-17,,,,
2016-10-18,,,,
2016-10-19,,,,
2016-10-20,,,,
2016-10-21,,,,
2016-10-22,,,,
2016-10-23,,,,
2016-10-24,,58.6,,
2016-10-25,,,,
2016-10-26,,,,
2016-10-27,,36.1,73.8,
2016-10-28,,,,
2016-10-29,,,,
2016-10-30,,35.2,,
2016-10-31,,,,
2016-11-01,,,,
2016-11-02,,55.6,,
2016-11-03,,,,
2016-11-04,,,,
2016-11-05,,,,
2016-11-06,,,,
2016-11-07,,,,
2016-11-08,,,,
2016-11-09,,,,
2016-11-10,,,,
2016-11-11,,45.6,94.2,
2016-11-12,,,,
2016-11-13,,,,
2016-11-14,,29.9,50.4,
2016-11-15,,,,
2016-11-16,,,,
2016-11-17,,64.5,76.7,
2016-11-18,,,,
2016-11-19,,,,
2016-11-20,,20.4,46.5,
2016-11-21,,,,
2016-11-22,,,,
2016-11-23,,62.7,,
2016-11-24,,,,
2016-11-25,,,,
2016-11-26,,,32.9,
2016-11-27,,,,
2016-11-28,,,,
2016-11-29,,24.2,,
2016-11-30,,,,
2016-12-01,,,,
2016-12-02,,53.5,68.6,
2016-12-03,,,,
2016-12-04,,,,
2016-12-05,,47.3,75.1,
2016-12-06,,,,
2016-12-07,,,,
2016-12-08,,17.7,60.2,
2016-12-09,,,,
2016-12-10,,,,
2016-12-11,,31.3,54.5,
2016-12-12,,,,
2016-12-13,,,,
2016-12-14,,38.4,,
2016-12-15,,,,
2016-12-16,,,,
2016-12-17,,39.8,74.2,
2016-12-18,,,,
2016-12-19,,,,
2016-12-20,,40.4,68.8,
2016-12-21,,,,
2016-12-22,,,35.9,
2016-12-23,,,,
2016-12-24,,,,
2016-12-25,,,,
2016-12-26,,46.8,74.9,
2016-12-27,,,,
2016-12-28,,,,
2016-12-29,,28.7,63.9,
2016-12-30,,,,
2016-12-31,,,,
2017-01-01,,37.9,45.5,
2017-01-02,,,,
2017-01-03,,,,
2017-01-04,,42.9,86.5,
2017-01-05,,,,
2017-01-06,,,,
2017-01-07,,36.1,53.7,
2017-01-08,,,,
2017-01-09,,,,
2017-01-10,,31.9,,
2017-01-11,,,,
2017-01-12,,,,
2017-01-13,,42.4,90.1,
2017-01-14,,,,
2017-01-15,,,,
2017-01-16,,34.4,69.2,
2017-01-17,,,,
2017-01-18,,,,
2017-01-19,,48.0,92.7,
2017-01-20,,,,
2017-01-21,,,,
2017-01-22,,28.8,62.2,
2017-01-23,,,,
2017-01-24,,,,
2017-01-25,,44.9,,
2017-01-26,,,,
2017-01-27,,,,
2017-01-28,,36.2,84.6,
2017-01-29,,,,
2017-01-30,,,,
2017-01-31,,45.1,83.2,
2017-02-01,,,,
2017-02-02,,,,
2017-02-03,,57.4,,
2017-02-04,,,,
2017-02-05,,,,
2017-02-06,,43.7,99.6,
2017-02-07,,,,
2017-02-08,,,,
2017-02-09,,64.1,84.0,
2017-02-10,,,,
2017-02-11,,,,
2017-02-12,,34.9,43.4,
2017-02-13,,,,
2017-02-14,,,,
2017-02-15,,,94.4,
2017-02-16,,,,
2017-02-17,,,,
2017-02-18,,44.9,81.2,
2017-02-19,,,,
2017-02-20,,,,
2017-02-21,,56.2,95.0,
2017-02-22,,,,
2017-02-23,,,,
2017-02-24,,43.1,73.9,
2017-02-25,,,,
2017-02-26,,,,
2017-02-27,,55.2,91.7,
2017-02-28,,,,
2017-03-01,,,,
2017-03-02,,76.0,,
2017-03-03,,,,
2017-03-04,,,,
2017-03-05,,43.0,55.5,
2017-03-06,,,,
2017-03-07,,,,
2017-03-08,,61.2,,
2017-03-09,,,,
2017-03-10,,,,
2017-03-11,,63.9,,
2017-03-12,,,,
2017-03-13,,,,
2017-03-14,,41.5,57.9,
2017-03-15,,,,
2017-03-16,,,,
2017-03-17,,59.2,,
2017-03-18,,,,
2017-03-19,,,,
2017-03-20,,38.5,56.9,
2017-03-21,,,,
2017-03-22,,,,
2017-03-23,,43.9,82.6,
2017-03-24,,,,
2017-03-25,,,,
2017-03-26,,29.4,50.9,
2017-03-27,,,,
2017-03-28,,,,
2017-03-29,,,69.0,
2017-03-30,,,,
2017-03-31,,,,
2017-04-01,,37.4,,
2017-04-02,,,,
2017-04-03,,,,
2017-04-04,,51.4,90.6,
2017-04-05,,,,
2017-04-06,,,,
2017-04-07,,63.9,,
2017-04-08,,,,
2017-04-09,,,,
2017-04-10,,,,
2017-04-11,,34.7,60.5,
2017-04-12,,,,
2017-04-13,,,,
2017-04-14,,,,
2017-04-15,,33.0,56.5,
2017-04-16,,,,
2017-04-17,,,,
2017-04-18,,,,
2017-04-19,,35.6,70.9,
2017-04-20,,,,
2017-04-21,,,,
2017-04-22,,45.0,65.2,
2017-04-23,,,,
2017-04-24,,,,
2017-04-25,,32.6,55.0,
2017-04-26,,,,
2017-04-27,,,,
2017-04-28,,43.0,76.7,
2017-04-29,,,,
2017-04-30,,,,
2017-05-01,,33.4,47.6,
2017-05-02,,,,
2017-05-03,,,,
2017-05-04,,48.3,75.8,
2017-05-05,,,,
2017-05-06,,,,
2017-05-07,,34.5,35.5,
2017-05-08,,,,
2017-05-09,,,,
2017-05-10,,,58.8,
2017-05-11,,,,
2017-05-12,,,,
2017-05-13,,,65.4,
2017-05-14,,,,
2017-05-15,,,,
2017-05-16,,39.7,57.7,
2017-05-17,,,,
2017-05-18,,,,
2017-05-19,,48.5,62.1,
2017-05-20,,,,
2017-05-21,,,,
2017-05-22,,39.3,69.7,
2017-05-23,,,,
2017-05-24,,,,
2017-05-25,,,22.7,
2017-05-26,,,,
2017-05-27,,,,
2017-05-28,,28.4,43.7,
2017-05-29,,,,
2017-05-30,,,,
2017-05-31,,16.3,72.4,
2017-06-01,,,,
2017-06-02,,,,
2017-06-03,,38.8,62.0,
2017-06-04,,,,
2017-06-05,,,,
2017-06-06,,36.4,68.7,
2017-06-07,,,,
2017-06-08,,,,
2017-06-09,,35.3,61.4,
2017-06-10,,,,
2017-06-11,,,,
2017-06-12,,27.3,46.3,
2017-06-13,,,,
2017-06-14,,,,
2017-06-15,,38.2,,
2017-06-16,,,,
2017-06-17,,,,
2017-06-18,,30.5,40.9,
2017-06-19,,,,
2017-06-20,,,,
2017-06-21,,40.6,58.7,
2017-06-22,,,,
2017-06-23,,39.4,63.3,
2017-06-24,,,,
2017-06-25,,,,
2017-06-26,,,,
2017-06-27,,,49.1,
2017-06-28,,,,
2017-06-29,,,,
2017-06-30,,47.2,71.9,
2017-07-01,,,,
2017-07-02,,,,
2017-07-03,,23.0,32.8,
2017-07-04,,,,
2017-07-05,,,,
2017-07-06,,43.0,82.7,
2017-07-07,,,,
2017-07-08,,,,
2017-07-09,,22.9,44.3,
2017-07-10,,,,
2017-07-11,,,,
2017-07-12,,42.2,75.7,
2017-07-13,,,,
2017-07-14,,,,
2017-07-15,,42.4,61.8,
2017-07-16,,,,
2017-07-17,,,,
2017-07-18,,39.9,58.4,
2017-07-19,,,,
2017-07-20,,24.6,40.7,
2017-07-21,,,,
2017-07-22,,,,
2017-07-23,,,,
2017-07-24,,,64.3,
2017-07-25,,,,
2017-07-26,,,,
2017-07-27,,48.0,79.6,
2017-07-28,,,,
2017-07-29,,,,
2017-07-30,,38.3,51.6,
2017-07-31,,,,
2017-08-01,,,,
2017-08-02,,,72.4,
2017-08-03,,,,
2017-08-04,,,,
2017-08-05,,43.9,65.5,
2017-08-06,,,,
2017-08-07,,,,
2017-08-08,,37.4,63.1,
2017-08-09,,,,
2017-08-10,,,,
2017-08-11,,35.8,52.7,
2017-08-12,,,,
2017-08-13,,,,
2017-08-14,,36.4,59.3,
2017-08-15,,,,
2017-08-16,,,,
2017-08-17,,39.7,56.9,
2017-08-18,,,,
2017-08-19,,,,
2017-08-20,,32.4,42.6,
2017-08-21,,,,
2017-08-22,,,,
2017-08-23,,43.5,69.4,
2017-08-24,,,,
2017-08-25,,,,
2017-08-26,,34.3,50.4,
2017-08-27,,,,
2017-08-28,,,,
2017-08-29,,26.6,48.2,
2017-08-30,,,,
2017-08-31,,,,
2017-09-01,,37.8,64.7,
2017-09-02,,,,
2017-09-03,,,,
2017-09-04,,40.0,,
2017-09-05,,,,
2017-09-06,,,,
2017-09-07,,,50.5,
2017-09-08,,,,
2017-09-09,,,,
2017-09-10,,22.3,34.3,
2017-09-11,,,,
2017-09-12,,,,
2017-09-13,,53.2,78.1,
2017-09-14,,,,
2017-09-15,,,,
2017-09-16,,36.6,54.5,
2017-09-17,,,,
2017-09-18,,,,
2017-09-19,,49.9,79.4,
2017-09-20,,,,
2017-09-21,,,,
2017-09-22,,69.9,85.5,
2017-09-23,,,,
2017-09-24,,,,
2017-09-25,,39.8,69.6,
2017-09-26,,,,
2017-09-27,,,,
2017-09-28,,48.0,80.1,
2017-09-29,,,,
2017-09-30,,,,
2017-10-01,,33.6,48.0,
2017-10-02,,,,
2017-10-03,,,,
2017-10-04,,,64.1,
2017-10-05,,,,
2017-10-06,,,,
2017-10-07,,38.0,63.0,
2017-10-08,,,,
2017-10-09,,,,
2017-10-10,,62.1,76.5,
2017-10-11,,,,
2017-10-12,,,,
2017-10-13,,39.4,60.9,
2017-10-14,,,,
2017-10-15,,,,
2017-10-16,,29.5,45.7,
2017-10-17,,,,
2017-10-18,,,,
2017-10-19,,46.8,88.8,
2017-10-20,,,,
2017-10-21,,,,
2017-10-22,,32.0,,
2017-10-23,,,,
2017-10-24,,,,
2017-10-25,,60.1,,
2017-10-26,,,,
2017-10-27,,,,
2017-10-28,,41.7,49.6,
2017-10-29,,,,
2017-10-30,,,,
2017-10-31,,46.0,72.0,
2017-11-01,,,,
2017-11-02,,,,
2017-11-03,,39.1,65.7,
2017-11-04,,,,
2017-11-05,,,,
2017-11-06,,21.3,34.6,
2017-11-07,,,,
2017-11-08,,,,
2017-11-09,,63.8,96.4,
2017-11-10,,,,
2017-11-11,,,,
2017-11-12,,29.1,50.2,
2017-11-13,,,,
2017-11-14,,,,
2017-11-15,,27.6,46.2,
2017-11-16,,,,
2017-11-17,,,,
2017-11-18,,21.5,37.1,
2017-11-19,,,,
2017-11-20,,,,
2017-11-21,,43.3,73.3,
2017-11-22,,,,
2017-11-23,,,,
2017-11-24,,41.1,82.2,
2017-11-25,,,,
2017-11-26,,,,
2017-11-27,,39.1,81.5,
2017-11-28,,,,
2017-11-29,,,,
2017-11-30,,52.1,87.1,
2017-12-01,,,,
2017-12-02,,,,
2017-12-03,,30.5,,
2017-12-04,,,,
2017-12-05,,,,
2017-12-06,,46.4,,
2017-12-07,,,,
2017-12-08,,,,
2017-12-09,,29.3,61.4,
2017-12-10,,,,
2017-12-11,,,,
2017-12-12,,24.9,55.3,
2017-12-13,,,,
2017-12-14,,,,
2017-12-15,,44.2,80.0,
2017-12-16,,,,
2017-12-17,,,,
2017-12-18,,38.4,73.0,
2017-12-19,,,,
2017-12-20,,45.1,74.7,
2017-12-21,,,,
2017-12-22,,,,
2017-12-23,,,,
2017-12-24,,35.1,69.8,
2017-12-25,,,,
2017-12-26,,,,
2017-12-27,,28.5,58.3,
2017-12-28,,,,
2017-12-29,,28.3,55.8,
2017-12-30,,,,
2017-12-31,,,,
2018-01-01,,,,
2018-01-02,,,40.7,
2018-01-03,,,,
2018-01-04,,,,
2018-01-05,,,73.1,
2018-01-06,,,,
2018-01-07,,,,
2018-01-08,,,,
2018-01-09,,,,
2018-01-10,,,,
2018-01-11,,,,
2018-01-12,,,,
2018-01-13,,,,
2018-01-14,,,,
2018-01-15,,,,
2018-01-16,,,,
2018-01-17,,,,
2018-01-18,,,,
2018-01-19,,,,
2018-01-20,,,,
2018-01-21,,,,
2018-01-22,,,,
2018-01-23,,,,
2018-01-24,,,,
2018-01-25,,,,
2018-01-26,,,,
2018-01-27,,,,
2018-01-28,,,,
2018-01-29,,,,
2018-01-30,,,,
2018-01-31,,,,
2018-02-01,,43.8,,
2018-02-02,,,,
2018-02-03,,,,
2018-02-04,,21.2,,
2018-02-05,,,,
2018-02-06,,,,
2018-02-07,,44.7,,
2018-02-08,,,,
2018-02-09,,,,
2018-02-10,,48.7,,
2018-02-11,,,,
2018-02-12,,,,
2018-02-13,,47.7,,
2018-02-14,,,,
2018-02-15,,,,
2018-02-16,,52.5,,
2018-02-17,,,,
2018-02-18,,,,
2018-02-19,,42.5,,
2018-02-20,,,,
2018-02-21,,,,
2018-02-22,,55.9,,
2018-02-23,,,,
2018-02-24,,,,
2018-02-25,,40.5,,
2018-02-26,,,,
2018-02-27,,,,
2018-02-28,,49.5,,
2018-03-01,,,,
2018-03-02,,,,
2018-03-03,,45.9,,
2018-03-04,,,,
2018-03-05,,,,
2018-03-06,,59.3,,
2018-03-07,,,,
2018-03-08,,,,
2018-03-09,,38.5,,
2018-03-10,,,,
2018-03-11,,,,
2018-03-12,,40.1,,
2018-03-13,,,,
2018-03-14,,,,
2018-03-15,,51.8,,
2018-03-16,,,,
2018-03-17,,,,
2018-03-18,,53.3,,
2018-03-19,,,,
2018-03-20,,,,
2018-03-21,,63.0,,
2018-03-22,,,,
2018-03-23,,,,
2018-03-24,,41.8,,
2018-03-25,,,,
2018-03-26,,,,
2018-03-27,,48.1,,
2018-03-28,,,,
2018-03-29,,,,
2018-03-30,,,,
2018-03-31,,28.0,,
2018-04-01,,,,
2018-04-02,,,,
2018-04-03,,48.9,,
2018-04-04,,,,
2018-04-05,,38.1,,
2018-04-06,,,,
2018-04-07,,,,
2018-04-08,,34.8,,
2018-04-09,,,,
2018-04-10,,,,
2018-04-11,,35.7,,
2018-04-12,,,,
2018-04-13,,,,
2018-04-14,,37.7,,
2018-04-15,,,,
2018-04-16,,,,
2018-04-17,,47.6,,
2018-04-18,,,,
2018-04-19,,,,
2018-04-20,,41.0,,
2018-04-21,,,,
2018-04-22,,,,
2018-04-23,,31.4,,
2018-04-24,,,,
2018-04-25,,,,
2018-04-26,,37.1,,
2018-04-27,,,,
2018-04-28,,,,
2018-04-29,,20.8,,
2018-04-30,,,,
2018-05-01,,,,
2018-05-02,,37.9,,
2018-05-03,,,,
2018-05-04,,,,
2018-05-05,,43.0,,
2018-05-06,,,,
2018-05-07,,,,
2018-05-08,,26.4,,
2018-05-09,,,,
2018-05-10,,,,
2018-05-11,,51.0,,
2018-05-12,,,,
2018-05-13,,,,
2018-05-14,,21.5,,
2018-05-15,,,,
2018-05-16,,,,
2018-05-17,,45.0,,
2018-05-18,,,,
2018-05-19,,,,
2018-05-20,,21.8,,
2018-05-21,,,,
2018-05-22,,,,
2018-05-23,,38.0,,
2018-05-24,,,,
2018-05-25,,,,
2018-05-26,,37.6,,
2018-05-27,,,,
2018-05-28,,,,
2018-05-29,,42.4,,
2018-05-30,,,,
2018-05-31,,,,
2018-06-01,,32.5,,
2018-06-02,,,,
2018-06-03,,,,
2018-06-04,,18.3,,
2018-06-05,,,,
2018-06-06,,,,
2018-06-07,,33.6,,
2018-06-08,,,,
2018-06-09,,,,
2018-06-10,,22.8,,
2018-06-11,,,,
2018-06-12,,,,
2018-06-13,,30.5,,
