"Estacion","Fecha inicial","Fecha final","RGlobal"
"UNIVERSIDAD SAN BUENAVENTURA - BELLO","2025-05-30","","152.72727273"
"UNIVERSIDAD SAN BUENAVENTURA - BELLO","2025-05-29","","180.31666667"
"UNIVERSIDAD SAN BUENAVENTURA - BELLO","2025-05-28","","179.10833333"
"UNIVERSIDAD SAN BUENAVENTURA - BELLO","2025-05-27","","138.17916667"
"UNIVERSIDAD SAN BUENAVENTURA - BELLO","2025-05-26","","90.2"
"UNIVERSIDAD SAN BUENAVENTURA - BELLO","2025-05-25","","197.44166667"
"UNIVERSIDAD SAN BUENAVENTURA - BELLO","2025-05-24","","198.77916667"
"UNIVERSIDAD SAN BUENAVENTURA - BELLO","2025-05-23","","181.91666667"
"UNIVERSIDAD SAN BUENAVENTURA - BELLO","2025-05-22","","120.9875"
"UNIVERSIDAD SAN BUENAVENTURA - BELLO","2025-05-21","","171.5375"
"UNIVERSIDAD SAN BUENAVENTURA - BELLO","2025-05-20","","109.07916667"
"UNIVERSIDAD SAN BUENAVENTURA - BELLO","2025-05-19","","170.81666667"
"UNIVERSIDAD SAN BUENAVENTURA - BELLO","2025-05-18","","147.44166667"
"UNIVERSIDAD SAN BUENAVENTURA - BELLO","2025-05-17","","134.29166667"
"UNIVERSIDAD SAN BUENAVENTURA - BELLO","2025-05-16","","106.52916667"
"UNIVERSIDAD SAN BUENAVENTURA - BELLO","2025-05-15","","83.94166667"
"UNIVERSIDAD SAN BUENAVENTURA - BELLO","2025-05-14","","109.57083333"
"UNIVERSIDAD SAN BUENAVENTURA - BELLO","2025-05-13","","95.9125"
"UNIVERSIDAD SAN BUENAVENTURA - BELLO","2025-05-12","","194.74166667"
"UNIVERSIDAD SAN BUENAVENTURA - BELLO","2025-05-11","","141.23333333"
"UNIVERSIDAD SAN BUENAVENTURA - BELLO","2025-05-10","","188.3625"
"UNIVERSIDAD SAN BUENAVENTURA - BELLO","2025-05-09","","197.20416667"
"UNIVERSIDAD SAN BUENAVENTURA - BELLO","2025-05-08","","102.9625"
"UNIVERSIDAD SAN BUENAVENTURA - BELLO","2025-05-07","","99.87083333"
"UNIVERSIDAD SAN BUENAVENTURA - BELLO","2025-05-06","","106.48333333"
"UNIVERSIDAD SAN BUENAVENTURA - BELLO","2025-05-05","","115.89166667"
"UNIVERSIDAD SAN BUENAVENTURA - BELLO","2025-05-04","","162.35833333"
"UNIVERSIDAD SAN BUENAVENTURA - BELLO","2025-05-03","","139.3625"
"UNIVERSIDAD SAN BUENAVENTURA - BELLO","2025-05-02","","111.6"
"UNIVERSIDAD SAN BUENAVENTURA - BELLO","2025-05-01","","89.15"
"UNIVERSIDAD SAN BUENAVENTURA - BELLO","2025-04-30","","132.57916667"
"UNIVERSIDAD SAN BUENAVENTURA - BELLO","2025-04-29","","116.6125"
"UNIVERSIDAD SAN BUENAVENTURA - BELLO","2025-04-28","","128.28333333"
"UNIVERSIDAD SAN BUENAVENTURA - BELLO","2025-04-27","","123.7375"
"UNIVERSIDAD SAN BUENAVENTURA - BELLO","2025-04-26","","143.46666667"
"UNIVERSIDAD SAN BUENAVENTURA - BELLO","2025-04-25","","192.6"
"UNIVERSIDAD SAN BUENAVENTURA - BELLO","2025-04-24","","183.1"
"UNIVERSIDAD SAN BUENAVENTURA - BELLO","2025-04-23","","149.4375"
"UNIVERSIDAD SAN BUENAVENTURA - BELLO","2025-04-22","","96.4"
"UNIVERSIDAD SAN BUENAVENTURA - BELLO","2025-04-21","","103.49166667"
"UNIVERSIDAD SAN BUENAVENTURA - BELLO","2025-04-20","","124.73043478"
"UNIVERSIDAD SAN BUENAVENTURA - BELLO","2025-04-19","","152.91304348"
"UNIVERSIDAD SAN BUENAVENTURA - BELLO","2025-04-18","","208.9375"
"UNIVERSIDAD SAN BUENAVENTURA - BELLO","2025-04-17","","116.74166667"
"UNIVERSIDAD SAN BUENAVENTURA - BELLO","2025-04-16","","161.3125"
"UNIVERSIDAD SAN BUENAVENTURA - BELLO","2025-04-15","","207.83333333"
"UNIVERSIDAD SAN BUENAVENTURA - BELLO","2025-04-14","","207.31666667"
"UNIVERSIDAD SAN BUENAVENTURA - BELLO","2025-04-13","","205.48333333"
"UNIVERSIDAD SAN BUENAVENTURA - BELLO","2025-04-12","","221.1625"
"UNIVERSIDAD SAN BUENAVENTURA - BELLO","2025-04-11","","174.06666667"
"UNIVERSIDAD SAN BUENAVENTURA - BELLO","2025-04-10","","85.4125"
"UNIVERSIDAD SAN BUENAVENTURA - BELLO","2025-04-09","","133.32916667"
"UNIVERSIDAD SAN BUENAVENTURA - BELLO","2025-04-08","","145.0375"
"UNIVERSIDAD SAN BUENAVENTURA - BELLO","2025-04-07","","207.8"
"UNIVERSIDAD SAN BUENAVENTURA - BELLO","2025-04-06","","101.67083333"
"UNIVERSIDAD SAN BUENAVENTURA - BELLO","2025-04-05","","130.0625"
"UNIVERSIDAD SAN BUENAVENTURA - BELLO","2025-04-04","","132.52916667"
"UNIVERSIDAD SAN BUENAVENTURA - BELLO","2025-04-03","","132.7625"
"UNIVERSIDAD SAN BUENAVENTURA - BELLO","2025-04-02","","136.78695652"
"UNIVERSIDAD SAN BUENAVENTURA - BELLO","2025-04-01","","179.59166667"
"UNIVERSIDAD SAN BUENAVENTURA - BELLO","2025-03-31","","136.45833333"
"UNIVERSIDAD SAN BUENAVENTURA - BELLO","2025-03-30","","132.08333333"
"UNIVERSIDAD SAN BUENAVENTURA - BELLO","2025-03-29","","133.24583333"
"UNIVERSIDAD SAN BUENAVENTURA - BELLO","2025-03-28","","101.2625"
"UNIVERSIDAD SAN BUENAVENTURA - BELLO","2025-03-27","","165.25416667"
"UNIVERSIDAD SAN BUENAVENTURA - BELLO","2025-03-26","","179.9875"
"UNIVERSIDAD SAN BUENAVENTURA - BELLO","2025-03-25","","108.79166667"
"UNIVERSIDAD SAN BUENAVENTURA - BELLO","2025-03-24","","182.225"
"UNIVERSIDAD SAN BUENAVENTURA - BELLO","2025-03-23","","203.42916667"
"UNIVERSIDAD SAN BUENAVENTURA - BELLO","2025-03-22","","189.47916667"
"UNIVERSIDAD SAN BUENAVENTURA - BELLO","2025-03-21","","187.725"
"UNIVERSIDAD SAN BUENAVENTURA - BELLO","2025-03-20","","143.75833333"
"UNIVERSIDAD SAN BUENAVENTURA - BELLO","2025-03-19","","202.68333333"
"UNIVERSIDAD SAN BUENAVENTURA - BELLO","2025-03-18","","157.24583333"
"UNIVERSIDAD SAN BUENAVENTURA - BELLO","2025-03-17","","162.69583333"
"UNIVERSIDAD SAN BUENAVENTURA - BELLO","2025-03-16","","177.7125"
"UNIVERSIDAD SAN BUENAVENTURA - BELLO","2025-03-15","","161.86666667"
"UNIVERSIDAD SAN BUENAVENTURA - BELLO","2025-03-14","","151.22916667"
"UNIVERSIDAD SAN BUENAVENTURA - BELLO","2025-03-13","","179.675"
"UNIVERSIDAD SAN BUENAVENTURA - BELLO","2025-03-12","","145.8"
"UNIVERSIDAD SAN BUENAVENTURA - BELLO","2025-03-11","","168.33333333"
"UNIVERSIDAD SAN BUENAVENTURA - BELLO","2025-03-10","","214.61666667"
"UNIVERSIDAD SAN BUENAVENTURA - BELLO","2025-03-09","","214.53333333"
"UNIVERSIDAD SAN BUENAVENTURA - BELLO","2025-03-08","","211.83333333"
"UNIVERSIDAD SAN BUENAVENTURA - BELLO","2025-03-07","","99.42083333"
"UNIVERSIDAD SAN BUENAVENTURA - BELLO","2025-03-06","","152.97916667"
"UNIVERSIDAD SAN BUENAVENTURA - BELLO","2025-03-05","","150.3875"
"UNIVERSIDAD SAN BUENAVENTURA - BELLO","2025-03-04","","145.5625"
"UNIVERSIDAD SAN BUENAVENTURA - BELLO","2025-03-03","","196.19166667"
"UNIVERSIDAD SAN BUENAVENTURA - BELLO","2025-03-02","","205.15416667"
"UNIVERSIDAD SAN BUENAVENTURA - BELLO","2025-03-01","","162.22083333"
"UNIVERSIDAD SAN BUENAVENTURA - BELLO","2025-02-28","","140.76086957"
"UNIVERSIDAD SAN BUENAVENTURA - BELLO","2025-02-27","","157.44166667"
"UNIVERSIDAD SAN BUENAVENTURA - BELLO","2025-02-26","","173.35"
"UNIVERSIDAD SAN BUENAVENTURA - BELLO","2025-02-25","","116.15833333"
"UNIVERSIDAD SAN BUENAVENTURA - BELLO","2025-02-24","","120.80833333"
"UNIVERSIDAD SAN BUENAVENTURA - BELLO","2025-02-23","","147.37916667"
"UNIVERSIDAD SAN BUENAVENTURA - BELLO","2025-02-22","","105.875"
"UNIVERSIDAD SAN BUENAVENTURA - BELLO","2025-02-21","","157.325"
"UNIVERSIDAD SAN BUENAVENTURA - BELLO","2025-02-20","","186.3"
"UNIVERSIDAD SAN BUENAVENTURA - BELLO","2025-02-19","","132.35833333"
"UNIVERSIDAD SAN BUENAVENTURA - BELLO","2025-02-18","","131.05833333"
"UNIVERSIDAD SAN BUENAVENTURA - BELLO","2025-02-17","","203.69166667"
"UNIVERSIDAD SAN BUENAVENTURA - BELLO","2025-02-16","","130.59583333"
"UNIVERSIDAD SAN BUENAVENTURA - BELLO","2025-02-15","","138.62083333"
"UNIVERSIDAD SAN BUENAVENTURA - BELLO","2025-02-14","","112.12916667"
"UNIVERSIDAD SAN BUENAVENTURA - BELLO","2025-02-13","","153.25"
"UNIVERSIDAD SAN BUENAVENTURA - BELLO","2025-02-12","","151.4625"
"UNIVERSIDAD SAN BUENAVENTURA - BELLO","2025-02-11","","58.37083333"
"UNIVERSIDAD SAN BUENAVENTURA - BELLO","2025-02-10","","186.35416667"
"UNIVERSIDAD SAN BUENAVENTURA - BELLO","2025-02-09","","70.77916667"
"UNIVERSIDAD SAN BUENAVENTURA - BELLO","2025-02-08","","82.62916667"
"UNIVERSIDAD SAN BUENAVENTURA - BELLO","2025-02-07","","183.65"
"UNIVERSIDAD SAN BUENAVENTURA - BELLO","2025-02-06","","138.0625"
"UNIVERSIDAD SAN BUENAVENTURA - BELLO","2025-02-05","","54.57916667"
"UNIVERSIDAD SAN BUENAVENTURA - BELLO","2025-02-04","","118.07916667"
"UNIVERSIDAD SAN BUENAVENTURA - BELLO","2025-02-03","","142.15833333"
"UNIVERSIDAD SAN BUENAVENTURA - BELLO","2025-02-02","","187.925"
"UNIVERSIDAD SAN BUENAVENTURA - BELLO","2025-02-01","","148.25"
"UNIVERSIDAD SAN BUENAVENTURA - BELLO","2025-01-31","","192.05217391"
"UNIVERSIDAD SAN BUENAVENTURA - BELLO","2025-01-30","","188.65"
"UNIVERSIDAD SAN BUENAVENTURA - BELLO","2025-01-29","","190.12083333"
"UNIVERSIDAD SAN BUENAVENTURA - BELLO","2024-12-31","","139.86086957"
"UNIVERSIDAD SAN BUENAVENTURA - BELLO","2024-12-30","","111.52916667"
"UNIVERSIDAD SAN BUENAVENTURA - BELLO","2024-12-29","","124.84583333"
"UNIVERSIDAD SAN BUENAVENTURA - BELLO","2024-12-28","","168.57916667"
"UNIVERSIDAD SAN BUENAVENTURA - BELLO","2024-12-27","","96.76666667"
"UNIVERSIDAD SAN BUENAVENTURA - BELLO","2024-12-26","","98.87916667"
"UNIVERSIDAD SAN BUENAVENTURA - BELLO","2024-12-25","","148.65"
"UNIVERSIDAD SAN BUENAVENTURA - BELLO","2024-12-24","","132.89166667"
"UNIVERSIDAD SAN BUENAVENTURA - BELLO","2024-12-23","","118.5"
"UNIVERSIDAD SAN BUENAVENTURA - BELLO","2024-12-22","","176.35"
"UNIVERSIDAD SAN BUENAVENTURA - BELLO","2024-12-21","","93.46666667"
"UNIVERSIDAD SAN BUENAVENTURA - BELLO","2024-12-20","","146.75833333"
"UNIVERSIDAD SAN BUENAVENTURA - BELLO","2024-12-19","","71.71666667"
"UNIVERSIDAD SAN BUENAVENTURA - BELLO","2024-12-18","","175.25416667"
"UNIVERSIDAD SAN BUENAVENTURA - BELLO","2024-12-17","","131.7125"
"UNIVERSIDAD SAN BUENAVENTURA - BELLO","2024-12-16","","77.4625"
"UNIVERSIDAD SAN BUENAVENTURA - BELLO","2024-12-15","","142.14166667"
"UNIVERSIDAD SAN BUENAVENTURA - BELLO","2024-12-14","","123.7"
"UNIVERSIDAD SAN BUENAVENTURA - BELLO","2024-12-13","","148.1375"
"UNIVERSIDAD SAN BUENAVENTURA - BELLO","2024-12-12","","169.17916667"
"UNIVERSIDAD SAN BUENAVENTURA - BELLO","2024-12-11","","144.16666667"
"UNIVERSIDAD SAN BUENAVENTURA - BELLO","2024-12-10","","136.09583333"
"UNIVERSIDAD SAN BUENAVENTURA - BELLO","2024-12-09","","168.625"
"UNIVERSIDAD SAN BUENAVENTURA - BELLO","2024-12-08","","200.225"
"UNIVERSIDAD SAN BUENAVENTURA - BELLO","2024-12-07","","199.58333333"
"UNIVERSIDAD SAN BUENAVENTURA - BELLO","2024-12-06","","202.94166667"
"UNIVERSIDAD SAN BUENAVENTURA - BELLO","2024-12-05","","189.97916667"
"UNIVERSIDAD SAN BUENAVENTURA - BELLO","2024-12-04","","203.99166667"
"UNIVERSIDAD SAN BUENAVENTURA - BELLO","2024-12-03","","143.19166667"
"UNIVERSIDAD SAN BUENAVENTURA - BELLO","2024-12-02","","128.86666667"
"UNIVERSIDAD SAN BUENAVENTURA - BELLO","2024-12-01","","154.50833333"
"UNIVERSIDAD SAN BUENAVENTURA - BELLO","2024-11-30","","199.2"
"UNIVERSIDAD SAN BUENAVENTURA - BELLO","2024-11-29","","155.72083333"
"UNIVERSIDAD SAN BUENAVENTURA - BELLO","2024-11-28","","154.38333333"
"UNIVERSIDAD SAN BUENAVENTURA - BELLO","2024-11-27","","126.14166667"
"UNIVERSIDAD SAN BUENAVENTURA - BELLO","2024-11-26","","181.475"
"UNIVERSIDAD SAN BUENAVENTURA - BELLO","2024-11-25","","157.46666667"
"UNIVERSIDAD SAN BUENAVENTURA - BELLO","2024-11-24","","168.29583333"
"UNIVERSIDAD SAN BUENAVENTURA - BELLO","2024-11-23","","95.6"
"UNIVERSIDAD SAN BUENAVENTURA - BELLO","2024-11-22","","141.81666667"
"UNIVERSIDAD SAN BUENAVENTURA - BELLO","2024-11-21","","146.56086957"
"UNIVERSIDAD SAN BUENAVENTURA - BELLO","2024-11-20","","173.41666667"
"UNIVERSIDAD SAN BUENAVENTURA - BELLO","2024-11-19","","117.45833333"
"UNIVERSIDAD SAN BUENAVENTURA - BELLO","2024-11-18","","181.84583333"
"UNIVERSIDAD SAN BUENAVENTURA - BELLO","2024-11-17","","151.7"
"UNIVERSIDAD SAN BUENAVENTURA - BELLO","2024-11-16","","116.84583333"
"UNIVERSIDAD SAN BUENAVENTURA - BELLO","2024-11-15","","146.37916667"
"UNIVERSIDAD SAN BUENAVENTURA - BELLO","2024-11-14","","95.16666667"
"UNIVERSIDAD SAN BUENAVENTURA - BELLO","2024-11-13","","99.65833333"
"UNIVERSIDAD SAN BUENAVENTURA - BELLO","2024-11-12","","107.72083333"
"UNIVERSIDAD SAN BUENAVENTURA - BELLO","2024-11-11","","102.775"
"UNIVERSIDAD SAN BUENAVENTURA - BELLO","2024-11-10","","153.93333333"
"UNIVERSIDAD SAN BUENAVENTURA - BELLO","2024-11-09","","108.325"
"UNIVERSIDAD SAN BUENAVENTURA - BELLO","2024-11-08","","47.08333333"
"UNIVERSIDAD SAN BUENAVENTURA - BELLO","2024-11-07","","119.57083333"
"UNIVERSIDAD SAN BUENAVENTURA - BELLO","2024-11-06","","201.01666667"
"UNIVERSIDAD SAN BUENAVENTURA - BELLO","2024-11-05","","179.48333333"
"UNIVERSIDAD SAN BUENAVENTURA - BELLO","2024-11-04","","84.2"
"UNIVERSIDAD SAN BUENAVENTURA - BELLO","2024-11-03","","118.10833333"
"UNIVERSIDAD SAN BUENAVENTURA - BELLO","2024-11-02","","141.84166667"
"UNIVERSIDAD SAN BUENAVENTURA - BELLO","2024-11-01","","72.05"
"UNIVERSIDAD SAN BUENAVENTURA - BELLO","2024-10-31","","150.6173913"
"UNIVERSIDAD SAN BUENAVENTURA - BELLO","2024-10-30","","152.5875"
"UNIVERSIDAD SAN BUENAVENTURA - BELLO","2024-10-29","","124.525"
"UNIVERSIDAD SAN BUENAVENTURA - BELLO","2024-10-28","","136.12083333"
"UNIVERSIDAD SAN BUENAVENTURA - BELLO","2024-10-27","","117.5"
"UNIVERSIDAD SAN BUENAVENTURA - BELLO","2024-10-26","","164.275"
"UNIVERSIDAD SAN BUENAVENTURA - BELLO","2024-10-25","","212.34166667"
"UNIVERSIDAD SAN BUENAVENTURA - BELLO","2024-10-24","","140.30416667"
"UNIVERSIDAD SAN BUENAVENTURA - BELLO","2024-10-23","","194.40833333"
"UNIVERSIDAD SAN BUENAVENTURA - BELLO","2024-10-22","","157.78333333"
"UNIVERSIDAD SAN BUENAVENTURA - BELLO","2024-10-21","","147.19166667"
"UNIVERSIDAD SAN BUENAVENTURA - BELLO","2024-10-20","","155.2375"
"UNIVERSIDAD SAN BUENAVENTURA - BELLO","2024-10-19","","114.1875"
"UNIVERSIDAD SAN BUENAVENTURA - BELLO","2024-10-18","","195.20833333"
"UNIVERSIDAD SAN BUENAVENTURA - BELLO","2024-10-17","","198.42916667"
"UNIVERSIDAD SAN BUENAVENTURA - BELLO","2024-10-16","","162.04583333"
"UNIVERSIDAD SAN BUENAVENTURA - BELLO","2024-10-15","","99.07083333"
"UNIVERSIDAD SAN BUENAVENTURA - BELLO","2024-10-14","","135.42083333"
"UNIVERSIDAD SAN BUENAVENTURA - BELLO","2024-10-13","","150.80416667"
"UNIVERSIDAD SAN BUENAVENTURA - BELLO","2024-10-12","","208.05"
"UNIVERSIDAD SAN BUENAVENTURA - BELLO","2024-10-11","","219.30416667"
"UNIVERSIDAD SAN BUENAVENTURA - BELLO","2024-10-10","","127.35416667"
"UNIVERSIDAD SAN BUENAVENTURA - BELLO","2024-10-09","","181.15"
"UNIVERSIDAD SAN BUENAVENTURA - BELLO","2024-10-08","","111.48333333"
"UNIVERSIDAD SAN BUENAVENTURA - BELLO","2024-10-07","","106.35652174"
"UNIVERSIDAD SAN BUENAVENTURA - BELLO","2024-10-06","","141.96521739"
"UNIVERSIDAD SAN BUENAVENTURA - BELLO","2024-10-05","","166.61666667"
"UNIVERSIDAD SAN BUENAVENTURA - BELLO","2024-10-04","","133.40833333"
"UNIVERSIDAD SAN BUENAVENTURA - BELLO","2024-10-03","","223.60416667"
"UNIVERSIDAD SAN BUENAVENTURA - BELLO","2024-10-02","","174.95416667"
"UNIVERSIDAD SAN BUENAVENTURA - BELLO","2024-10-01","","129.64166667"
"UNIVERSIDAD SAN BUENAVENTURA - BELLO","2024-09-30","","128.85454545"
"UNIVERSIDAD SAN BUENAVENTURA - BELLO","2024-09-29","","125.7125"
"UNIVERSIDAD SAN BUENAVENTURA - BELLO","2024-09-28","","131.8375"
"UNIVERSIDAD SAN BUENAVENTURA - BELLO","2024-09-27","","153.13333333"
"UNIVERSIDAD SAN BUENAVENTURA - BELLO","2024-09-26","","169.57083333"
"UNIVERSIDAD SAN BUENAVENTURA - BELLO","2024-09-25","","160.5375"
"UNIVERSIDAD SAN BUENAVENTURA - BELLO","2024-09-24","","195.15416667"
"UNIVERSIDAD SAN BUENAVENTURA - BELLO","2024-09-23","","124.55833333"
"UNIVERSIDAD SAN BUENAVENTURA - BELLO","2024-09-22","","141.65833333"
"UNIVERSIDAD SAN BUENAVENTURA - BELLO","2024-09-21","","186.39166667"
"UNIVERSIDAD SAN BUENAVENTURA - BELLO","2024-09-20","","121.43478261"
"UNIVERSIDAD SAN BUENAVENTURA - BELLO","2024-09-19","","174.525"
"UNIVERSIDAD SAN BUENAVENTURA - BELLO","2024-09-18","","222.225"
"UNIVERSIDAD SAN BUENAVENTURA - BELLO","2024-09-17","","190.21666667"
"UNIVERSIDAD SAN BUENAVENTURA - BELLO","2024-09-16","","137.77083333"
"UNIVERSIDAD SAN BUENAVENTURA - BELLO","2024-09-15","","221.35833333"
"UNIVERSIDAD SAN BUENAVENTURA - BELLO","2024-09-14","","176.1"
"UNIVERSIDAD SAN BUENAVENTURA - BELLO","2024-09-13","","190.4875"
"UNIVERSIDAD SAN BUENAVENTURA - BELLO","2024-09-12","","141.79166667"
"UNIVERSIDAD SAN BUENAVENTURA - BELLO","2024-09-11","","219.2625"
"UNIVERSIDAD SAN BUENAVENTURA - BELLO","2024-09-10","","169.14583333"
"UNIVERSIDAD SAN BUENAVENTURA - BELLO","2024-09-09","","230.9"
"UNIVERSIDAD SAN BUENAVENTURA - BELLO","2024-09-08","","185.8375"
"UNIVERSIDAD SAN BUENAVENTURA - BELLO","2024-09-07","","189.00416667"
"UNIVERSIDAD SAN BUENAVENTURA - BELLO","2024-09-06","","184.97916667"
"UNIVERSIDAD SAN BUENAVENTURA - BELLO","2024-09-05","","165.12083333"
"UNIVERSIDAD SAN BUENAVENTURA - BELLO","2024-09-04","","206.60416667"
"UNIVERSIDAD SAN BUENAVENTURA - BELLO","2024-09-03","","191.83333333"
"UNIVERSIDAD SAN BUENAVENTURA - BELLO","2024-09-02","","211.4"
"UNIVERSIDAD SAN BUENAVENTURA - BELLO","2024-09-01","","151.62083333"
"UNIVERSIDAD SAN BUENAVENTURA - BELLO","2024-08-31","","207.44347826"
"UNIVERSIDAD SAN BUENAVENTURA - BELLO","2024-08-30","","222.63333333"
"UNIVERSIDAD SAN BUENAVENTURA - BELLO","2024-08-29","","154.75416667"
"UNIVERSIDAD SAN BUENAVENTURA - BELLO","2024-08-28","","220.14583333"
"UNIVERSIDAD SAN BUENAVENTURA - BELLO","2024-08-27","","208.16666667"
"UNIVERSIDAD SAN BUENAVENTURA - BELLO","2024-08-26","","123.97083333"
"UNIVERSIDAD SAN BUENAVENTURA - BELLO","2024-08-25","","146.59166667"
"UNIVERSIDAD SAN BUENAVENTURA - BELLO","2024-08-24","","143.93333333"
"UNIVERSIDAD SAN BUENAVENTURA - BELLO","2024-08-23","","168.24583333"
"UNIVERSIDAD SAN BUENAVENTURA - BELLO","2024-08-22","","144.19166667"
"UNIVERSIDAD SAN BUENAVENTURA - BELLO","2024-08-21","","219.8125"
"UNIVERSIDAD SAN BUENAVENTURA - BELLO","2024-08-20","","176.15416667"
"UNIVERSIDAD SAN BUENAVENTURA - BELLO","2024-08-19","","162.85"
"UNIVERSIDAD SAN BUENAVENTURA - BELLO","2024-08-18","","224.025"
"UNIVERSIDAD SAN BUENAVENTURA - BELLO","2024-08-17","","208.40416667"
"UNIVERSIDAD SAN BUENAVENTURA - BELLO","2024-08-16","","178.4125"
"UNIVERSIDAD SAN BUENAVENTURA - BELLO","2024-08-15","","219.42916667"
"UNIVERSIDAD SAN BUENAVENTURA - BELLO","2024-08-14","","213.025"
"UNIVERSIDAD SAN BUENAVENTURA - BELLO","2024-08-13","","199.72083333"
"UNIVERSIDAD SAN BUENAVENTURA - BELLO","2024-08-12","","202.4875"
"UNIVERSIDAD SAN BUENAVENTURA - BELLO","2024-08-11","","145.46666667"
"UNIVERSIDAD SAN BUENAVENTURA - BELLO","2024-08-10","","174.57826087"
"UNIVERSIDAD SAN BUENAVENTURA - BELLO","2024-08-09","","116.00416667"
"UNIVERSIDAD SAN BUENAVENTURA - BELLO","2024-08-08","","157.875"
"UNIVERSIDAD SAN BUENAVENTURA - BELLO","2024-08-07","","132.37916667"
"UNIVERSIDAD SAN BUENAVENTURA - BELLO","2024-08-06","","151.98333333"
"UNIVERSIDAD SAN BUENAVENTURA - BELLO","2024-08-05","","157.275"
"UNIVERSIDAD SAN BUENAVENTURA - BELLO","2024-08-04","","202.40416667"
"UNIVERSIDAD SAN BUENAVENTURA - BELLO","2024-08-03","","162.025"
"UNIVERSIDAD SAN BUENAVENTURA - BELLO","2024-08-02","","205.9625"
"UNIVERSIDAD SAN BUENAVENTURA - BELLO","2024-08-01","","174.53333333"
"UNIVERSIDAD SAN BUENAVENTURA - BELLO","2024-07-31","","210.09565217"
"UNIVERSIDAD SAN BUENAVENTURA - BELLO","2024-07-30","","166.925"
"UNIVERSIDAD SAN BUENAVENTURA - BELLO","2024-07-29","","214.8"
"UNIVERSIDAD SAN BUENAVENTURA - BELLO","2024-07-28","","181.06666667"
"UNIVERSIDAD SAN BUENAVENTURA - BELLO","2024-07-27","","176.66666667"
"UNIVERSIDAD SAN BUENAVENTURA - BELLO","2024-07-26","","153.68333333"
"UNIVERSIDAD SAN BUENAVENTURA - BELLO","2024-07-25","","163.73333333"
"UNIVERSIDAD SAN BUENAVENTURA - BELLO","2024-07-24","","199.3125"
"UNIVERSIDAD SAN BUENAVENTURA - BELLO","2024-07-23","","160.7"
"UNIVERSIDAD SAN BUENAVENTURA - BELLO","2024-07-22","","201.07916667"
"UNIVERSIDAD SAN BUENAVENTURA - BELLO","2024-07-21","","183.54166667"
"UNIVERSIDAD SAN BUENAVENTURA - BELLO","2024-07-20","","204.7875"
"UNIVERSIDAD SAN BUENAVENTURA - BELLO","2024-07-19","","124.51666667"
"UNIVERSIDAD SAN BUENAVENTURA - BELLO","2024-07-18","","178.00833333"
"UNIVERSIDAD SAN BUENAVENTURA - BELLO","2024-07-17","","178.725"
"UNIVERSIDAD SAN BUENAVENTURA - BELLO","2024-07-16","","192.65"
"UNIVERSIDAD SAN BUENAVENTURA - BELLO","2024-07-15","","193.6875"
"UNIVERSIDAD SAN BUENAVENTURA - BELLO","2024-07-14","","196.72083333"
"UNIVERSIDAD SAN BUENAVENTURA - BELLO","2024-07-13","","181.4375"
"UNIVERSIDAD SAN BUENAVENTURA - BELLO","2024-07-12","","140.8375"
"UNIVERSIDAD SAN BUENAVENTURA - BELLO","2024-07-11","","186.77916667"
"UNIVERSIDAD SAN BUENAVENTURA - BELLO","2024-07-10","","170.44583333"
"UNIVERSIDAD SAN BUENAVENTURA - BELLO","2024-07-09","","147.95"
"UNIVERSIDAD SAN BUENAVENTURA - BELLO","2024-07-08","","213.00833333"
"UNIVERSIDAD SAN BUENAVENTURA - BELLO","2024-07-07","","197.2625"
"UNIVERSIDAD SAN BUENAVENTURA - BELLO","2024-07-06","","185.825"
"UNIVERSIDAD SAN BUENAVENTURA - BELLO","2024-07-05","","53.04583333"
"UNIVERSIDAD SAN BUENAVENTURA - BELLO","2024-07-04","","108.68333333"
"UNIVERSIDAD SAN BUENAVENTURA - BELLO","2024-07-03","","141.69166667"
"UNIVERSIDAD SAN BUENAVENTURA - BELLO","2024-07-02","","125.825"
"UNIVERSIDAD SAN BUENAVENTURA - BELLO","2024-07-01","","185.30833333"
"UNIVERSIDAD SAN BUENAVENTURA - BELLO","2024-06-30","","169.55217391"
"UNIVERSIDAD SAN BUENAVENTURA - BELLO","2024-06-29","","192.17916667"
"UNIVERSIDAD SAN BUENAVENTURA - BELLO","2024-06-28","","102.75416667"
"UNIVERSIDAD SAN BUENAVENTURA - BELLO","2024-06-27","","130.57083333"
"UNIVERSIDAD SAN BUENAVENTURA - BELLO","2024-06-26","","134.1375"
"UNIVERSIDAD SAN BUENAVENTURA - BELLO","2024-06-25","","140.625"
"UNIVERSIDAD SAN BUENAVENTURA - BELLO","2024-06-24","","170.49583333"
"UNIVERSIDAD SAN BUENAVENTURA - BELLO","2024-06-23","","126.15"
"UNIVERSIDAD SAN BUENAVENTURA - BELLO","2024-06-22","","151.53333333"
"UNIVERSIDAD SAN BUENAVENTURA - BELLO","2024-06-21","","173.47083333"
"UNIVERSIDAD SAN BUENAVENTURA - BELLO","2024-06-20","","178.47083333"
"UNIVERSIDAD SAN BUENAVENTURA - BELLO","2024-06-19","","133.44166667"
"UNIVERSIDAD SAN BUENAVENTURA - BELLO","2024-06-18","","142.26666667"
"UNIVERSIDAD SAN BUENAVENTURA - BELLO","2024-06-17","","201.80416667"
"UNIVERSIDAD SAN BUENAVENTURA - BELLO","2024-06-16","","120.675"
"UNIVERSIDAD SAN BUENAVENTURA - BELLO","2024-06-15","","127.42083333"
"UNIVERSIDAD SAN BUENAVENTURA - BELLO","2024-06-14","","97.07083333"
"UNIVERSIDAD SAN BUENAVENTURA - BELLO","2024-06-13","","152.94583333"
"UNIVERSIDAD SAN BUENAVENTURA - BELLO","2024-06-12","","196.55"
"UNIVERSIDAD SAN BUENAVENTURA - BELLO","2024-06-11","","138.19583333"
"UNIVERSIDAD SAN BUENAVENTURA - BELLO","2024-06-10","","129.77083333"
"UNIVERSIDAD SAN BUENAVENTURA - BELLO","2024-06-09","","141.50833333"
"UNIVERSIDAD SAN BUENAVENTURA - BELLO","2024-06-08","","176.57916667"
"UNIVERSIDAD SAN BUENAVENTURA - BELLO","2024-06-07","","155.82916667"
"UNIVERSIDAD SAN BUENAVENTURA - BELLO","2024-06-06","","133.98333333"
"UNIVERSIDAD SAN BUENAVENTURA - BELLO","2024-06-05","","137.05"
"UNIVERSIDAD SAN BUENAVENTURA - BELLO","2024-06-04","","5.8"
"UNIVERSIDAD SAN BUENAVENTURA - BELLO","2024-04-30","","163.46956522"
"UNIVERSIDAD SAN BUENAVENTURA - BELLO","2024-04-29","","170.90833333"
"UNIVERSIDAD SAN BUENAVENTURA - BELLO","2024-04-28","","74.05416667"
"UNIVERSIDAD SAN BUENAVENTURA - BELLO","2024-04-27","","137.75"
"UNIVERSIDAD SAN BUENAVENTURA - BELLO","2024-04-26","","122.57083333"
"UNIVERSIDAD SAN BUENAVENTURA - BELLO","2024-04-25","","138.6"
"UNIVERSIDAD SAN BUENAVENTURA - BELLO","2024-04-24","","207.75416667"
"UNIVERSIDAD SAN BUENAVENTURA - BELLO","2024-04-23","","180.9125"
"UNIVERSIDAD SAN BUENAVENTURA - BELLO","2024-04-22","","80.65"
"UNIVERSIDAD SAN BUENAVENTURA - BELLO","2024-04-21","","122.3"
"UNIVERSIDAD SAN BUENAVENTURA - BELLO","2024-04-20","","170.9"
"UNIVERSIDAD SAN BUENAVENTURA - BELLO","2024-04-19","","99.78333333"
"UNIVERSIDAD SAN BUENAVENTURA - BELLO","2024-04-18","","123.72083333"
"UNIVERSIDAD SAN BUENAVENTURA - BELLO","2024-04-17","","82.2875"
"UNIVERSIDAD SAN BUENAVENTURA - BELLO","2024-04-16","","180.08333333"
"UNIVERSIDAD SAN BUENAVENTURA - BELLO","2024-04-15","","165.19166667"
"UNIVERSIDAD SAN BUENAVENTURA - BELLO","2024-04-14","","173.85"
"UNIVERSIDAD SAN BUENAVENTURA - BELLO","2024-04-13","","205.67916667"
"UNIVERSIDAD SAN BUENAVENTURA - BELLO","2024-04-12","","214.03333333"
"UNIVERSIDAD SAN BUENAVENTURA - BELLO","2024-04-11","","181.69583333"
"UNIVERSIDAD SAN BUENAVENTURA - BELLO","2024-04-10","","230.23333333"
"UNIVERSIDAD SAN BUENAVENTURA - BELLO","2024-04-09","","188.58333333"
"UNIVERSIDAD SAN BUENAVENTURA - BELLO","2024-04-08","","177.9625"
"UNIVERSIDAD SAN BUENAVENTURA - BELLO","2024-04-07","","202.05833333"
"UNIVERSIDAD SAN BUENAVENTURA - BELLO","2024-04-06","","122.39583333"
"UNIVERSIDAD SAN BUENAVENTURA - BELLO","2024-04-05","","212.87916667"
"UNIVERSIDAD SAN BUENAVENTURA - BELLO","2024-04-04","","86.0375"
"UNIVERSIDAD SAN BUENAVENTURA - BELLO","2024-04-03","","121.8375"
"UNIVERSIDAD SAN BUENAVENTURA - BELLO","2024-04-02","","122.85"
"UNIVERSIDAD SAN BUENAVENTURA - BELLO","2024-02-26","","294.27333333"
"UNIVERSIDAD SAN BUENAVENTURA - BELLO","2024-02-25","","196.43333333"
"UNIVERSIDAD SAN BUENAVENTURA - BELLO","2024-02-24","","202.19565217"
"UNIVERSIDAD SAN BUENAVENTURA - BELLO","2024-02-23","","231.80833333"
"UNIVERSIDAD SAN BUENAVENTURA - BELLO","2024-02-22","","213.525"
"UNIVERSIDAD SAN BUENAVENTURA - BELLO","2024-02-21","","175.19166667"
"UNIVERSIDAD SAN BUENAVENTURA - BELLO","2024-02-20","","216.8"
"UNIVERSIDAD SAN BUENAVENTURA - BELLO","2024-02-19","","213.02083333"
"UNIVERSIDAD SAN BUENAVENTURA - BELLO","2024-02-18","","205.5826087"
"UNIVERSIDAD SAN BUENAVENTURA - BELLO","2024-02-17","","147.94583333"
"UNIVERSIDAD SAN BUENAVENTURA - BELLO","2024-02-16","","158.59166667"
"UNIVERSIDAD SAN BUENAVENTURA - BELLO","2024-02-15","","202.0375"
"UNIVERSIDAD SAN BUENAVENTURA - BELLO","2024-02-14","","141.2875"
"UNIVERSIDAD SAN BUENAVENTURA - BELLO","2024-02-13","","215.53333333"
"UNIVERSIDAD SAN BUENAVENTURA - BELLO","2024-02-12","","225.45"
"UNIVERSIDAD SAN BUENAVENTURA - BELLO","2024-02-11","","216.30416667"
"UNIVERSIDAD SAN BUENAVENTURA - BELLO","2024-02-10","","179.85833333"
"UNIVERSIDAD SAN BUENAVENTURA - BELLO","2024-02-09","","145.43333333"
"UNIVERSIDAD SAN BUENAVENTURA - BELLO","2024-02-08","","125.69166667"
"UNIVERSIDAD SAN BUENAVENTURA - BELLO","2024-02-07","","142.91666667"
"UNIVERSIDAD SAN BUENAVENTURA - BELLO","2024-02-06","","163.15416667"
"UNIVERSIDAD SAN BUENAVENTURA - BELLO","2024-02-05","","80.21666667"
"UNIVERSIDAD SAN BUENAVENTURA - BELLO","2024-02-04","","64.0"
"UNIVERSIDAD SAN BUENAVENTURA - BELLO","2024-02-03","","113.74166667"
"UNIVERSIDAD SAN BUENAVENTURA - BELLO","2024-02-02","","129.45"
"UNIVERSIDAD SAN BUENAVENTURA - BELLO","2024-02-01","","53.72916667"
"UNIVERSIDAD SAN BUENAVENTURA - BELLO","2024-01-31","","180.02608696"
"UNIVERSIDAD SAN BUENAVENTURA - BELLO","2024-01-30","","140.26666667"
"UNIVERSIDAD SAN BUENAVENTURA - BELLO","2024-01-29","","171.10833333"
"UNIVERSIDAD SAN BUENAVENTURA - BELLO","2024-01-28","","179.63333333"
"UNIVERSIDAD SAN BUENAVENTURA - BELLO","2024-01-27","","192.2125"
"UNIVERSIDAD SAN BUENAVENTURA - BELLO","2024-01-26","","167.66666667"
"UNIVERSIDAD SAN BUENAVENTURA - BELLO","2024-01-25","","203.91666667"
"UNIVERSIDAD SAN BUENAVENTURA - BELLO","2024-01-24","","202.32916667"
"UNIVERSIDAD SAN BUENAVENTURA - BELLO","2024-01-23","","207.95416667"
"UNIVERSIDAD SAN BUENAVENTURA - BELLO","2024-01-22","","176.95"
"UNIVERSIDAD SAN BUENAVENTURA - BELLO","2024-01-21","","125.07083333"
"UNIVERSIDAD SAN BUENAVENTURA - BELLO","2024-01-20","","164.00416667"
"UNIVERSIDAD SAN BUENAVENTURA - BELLO","2024-01-19","","171.90833333"
"UNIVERSIDAD SAN BUENAVENTURA - BELLO","2024-01-18","","201.59583333"
"UNIVERSIDAD SAN BUENAVENTURA - BELLO","2024-01-17","","200.5375"
"UNIVERSIDAD SAN BUENAVENTURA - BELLO","2024-01-16","","202.53333333"
"UNIVERSIDAD SAN BUENAVENTURA - BELLO","2024-01-15","","199.61666667"
"UNIVERSIDAD SAN BUENAVENTURA - BELLO","2024-01-14","","172.21666667"
"UNIVERSIDAD SAN BUENAVENTURA - BELLO","2024-01-13","","171.89583333"
"UNIVERSIDAD SAN BUENAVENTURA - BELLO","2024-01-12","","182.47916667"
"UNIVERSIDAD SAN BUENAVENTURA - BELLO","2024-01-11","","186.2375"
"UNIVERSIDAD SAN BUENAVENTURA - BELLO","2024-01-10","","141.55416667"
"UNIVERSIDAD SAN BUENAVENTURA - BELLO","2024-01-09","","170.30434783"
"UNIVERSIDAD SAN BUENAVENTURA - BELLO","2024-01-08","","185.325"
"UNIVERSIDAD SAN BUENAVENTURA - BELLO","2024-01-07","","166.0375"
"UNIVERSIDAD SAN BUENAVENTURA - BELLO","2024-01-06","","197.20833333"
"UNIVERSIDAD SAN BUENAVENTURA - BELLO","2024-01-05","","197.0375"
"UNIVERSIDAD SAN BUENAVENTURA - BELLO","2024-01-04","","197.35416667"
"UNIVERSIDAD SAN BUENAVENTURA - BELLO","2024-01-03","","198.7375"
"UNIVERSIDAD SAN BUENAVENTURA - BELLO","2024-01-02","","155.05"
"UNIVERSIDAD SAN BUENAVENTURA - BELLO","2024-01-01","","145.57916667"
"UNIVERSIDAD SAN BUENAVENTURA - BELLO","2023-12-31","","209.9173913"
"UNIVERSIDAD SAN BUENAVENTURA - BELLO","2023-12-30","","137.53333333"
"UNIVERSIDAD SAN BUENAVENTURA - BELLO","2023-12-29","","146.15"
"UNIVERSIDAD SAN BUENAVENTURA - BELLO","2023-12-28","","132.70833333"
"UNIVERSIDAD SAN BUENAVENTURA - BELLO","2023-12-27","","170.34166667"
"UNIVERSIDAD SAN BUENAVENTURA - BELLO","2023-12-26","","146.675"
"UNIVERSIDAD SAN BUENAVENTURA - BELLO","2023-12-25","","127.41666667"
"UNIVERSIDAD SAN BUENAVENTURA - BELLO","2023-12-24","","124.6375"
"UNIVERSIDAD SAN BUENAVENTURA - BELLO","2023-12-23","","124.19166667"
"UNIVERSIDAD SAN BUENAVENTURA - BELLO","2023-12-22","","174.67083333"
"UNIVERSIDAD SAN BUENAVENTURA - BELLO","2023-12-21","","164.5875"
"UNIVERSIDAD SAN BUENAVENTURA - BELLO","2023-12-20","","181.17916667"
"UNIVERSIDAD SAN BUENAVENTURA - BELLO","2023-12-19","","202.5"
"UNIVERSIDAD SAN BUENAVENTURA - BELLO","2023-12-18","","189.34166667"
"UNIVERSIDAD SAN BUENAVENTURA - BELLO","2023-12-17","","166.375"
"UNIVERSIDAD SAN BUENAVENTURA - BELLO","2023-12-16","","73.04583333"
"UNIVERSIDAD SAN BUENAVENTURA - BELLO","2023-12-15","","77.76086957"
"UNIVERSIDAD SAN BUENAVENTURA - BELLO","2023-12-14","","128.7"
"UNIVERSIDAD SAN BUENAVENTURA - BELLO","2023-12-13","","137.75"
"UNIVERSIDAD SAN BUENAVENTURA - BELLO","2023-12-12","","177.7"
"UNIVERSIDAD SAN BUENAVENTURA - BELLO","2023-12-11","","193.1375"
"UNIVERSIDAD SAN BUENAVENTURA - BELLO","2023-12-10","","111.60416667"
"UNIVERSIDAD SAN BUENAVENTURA - BELLO","2023-12-09","","150.65"
"UNIVERSIDAD SAN BUENAVENTURA - BELLO","2023-12-08","","130.4625"
"UNIVERSIDAD SAN BUENAVENTURA - BELLO","2023-12-07","","124.09583333"
"UNIVERSIDAD SAN BUENAVENTURA - BELLO","2023-12-06","","111.79166667"
"UNIVERSIDAD SAN BUENAVENTURA - BELLO","2023-12-05","","181.62916667"
"UNIVERSIDAD SAN BUENAVENTURA - BELLO","2023-12-04","","171.77916667"
"UNIVERSIDAD SAN BUENAVENTURA - BELLO","2023-12-03","","189.20833333"
"UNIVERSIDAD SAN BUENAVENTURA - BELLO","2023-12-02","","169.18333333"
"UNIVERSIDAD SAN BUENAVENTURA - BELLO","2023-12-01","","196.69166667"
"UNIVERSIDAD SAN BUENAVENTURA - BELLO","2023-11-30","","188.02173913"
"UNIVERSIDAD SAN BUENAVENTURA - BELLO","2023-11-29","","179.475"
"UNIVERSIDAD SAN BUENAVENTURA - BELLO","2023-11-28","","153.85833333"
"UNIVERSIDAD SAN BUENAVENTURA - BELLO","2023-11-27","","166.12916667"
"UNIVERSIDAD SAN BUENAVENTURA - BELLO","2023-11-26","","196.275"
"UNIVERSIDAD SAN BUENAVENTURA - BELLO","2023-11-25","","157.79166667"
"UNIVERSIDAD SAN BUENAVENTURA - BELLO","2023-11-24","","158.55833333"
"UNIVERSIDAD SAN BUENAVENTURA - BELLO","2023-11-23","","205.39583333"
"UNIVERSIDAD SAN BUENAVENTURA - BELLO","2023-11-22","","198.6125"
"UNIVERSIDAD SAN BUENAVENTURA - BELLO","2023-11-21","","183.5"
"UNIVERSIDAD SAN BUENAVENTURA - BELLO","2023-11-20","","132.76666667"
"UNIVERSIDAD SAN BUENAVENTURA - BELLO","2023-11-19","","89.1875"
"UNIVERSIDAD SAN BUENAVENTURA - BELLO","2023-11-18","","102.30416667"
"UNIVERSIDAD SAN BUENAVENTURA - BELLO","2023-11-17","","160.375"
"UNIVERSIDAD SAN BUENAVENTURA - BELLO","2023-11-16","","113.8875"
"UNIVERSIDAD SAN BUENAVENTURA - BELLO","2023-11-15","","89.07083333"
"UNIVERSIDAD SAN BUENAVENTURA - BELLO","2023-11-14","","147.475"
"UNIVERSIDAD SAN BUENAVENTURA - BELLO","2023-11-13","","155.07083333"
"UNIVERSIDAD SAN BUENAVENTURA - BELLO","2023-11-12","","112.125"
"UNIVERSIDAD SAN BUENAVENTURA - BELLO","2023-11-11","","149.86666667"
"UNIVERSIDAD SAN BUENAVENTURA - BELLO","2023-11-10","","142.55"
"UNIVERSIDAD SAN BUENAVENTURA - BELLO","2023-11-09","","153.75"
"UNIVERSIDAD SAN BUENAVENTURA - BELLO","2023-11-08","","124.85833333"
"UNIVERSIDAD SAN BUENAVENTURA - BELLO","2023-11-07","","123.8375"
"UNIVERSIDAD SAN BUENAVENTURA - BELLO","2023-11-06","","124.0625"
"UNIVERSIDAD SAN BUENAVENTURA - BELLO","2023-11-05","","113.18333333"
"UNIVERSIDAD SAN BUENAVENTURA - BELLO","2023-11-04","","130.26666667"
"UNIVERSIDAD SAN BUENAVENTURA - BELLO","2023-11-03","","136.19565217"
"UNIVERSIDAD SAN BUENAVENTURA - BELLO","2023-11-02","","101.03478261"
"UNIVERSIDAD SAN BUENAVENTURA - BELLO","2023-11-01","","107.12916667"
"UNIVERSIDAD SAN BUENAVENTURA - BELLO","2023-10-31","","149.40869565"
"UNIVERSIDAD SAN BUENAVENTURA - BELLO","2023-10-30","","142.72608696"
"UNIVERSIDAD SAN BUENAVENTURA - BELLO","2023-10-29","","125.64166667"
"UNIVERSIDAD SAN BUENAVENTURA - BELLO","2023-10-28","","102.57083333"
"UNIVERSIDAD SAN BUENAVENTURA - BELLO","2023-10-27","","95.8"
"UNIVERSIDAD SAN BUENAVENTURA - BELLO","2023-10-26","","109.32916667"
"UNIVERSIDAD SAN BUENAVENTURA - BELLO","2023-10-25","","93.01666667"
"UNIVERSIDAD SAN BUENAVENTURA - BELLO","2023-10-24","","84.42916667"
"UNIVERSIDAD SAN BUENAVENTURA - BELLO","2023-10-23","","181.83333333"
"UNIVERSIDAD SAN BUENAVENTURA - BELLO","2023-10-22","","131.63333333"
"UNIVERSIDAD SAN BUENAVENTURA - BELLO","2023-10-21","","54.30833333"
"UNIVERSIDAD SAN BUENAVENTURA - BELLO","2023-10-20","","89.91666667"
"UNIVERSIDAD SAN BUENAVENTURA - BELLO","2023-10-19","","97.29166667"
"UNIVERSIDAD SAN BUENAVENTURA - BELLO","2023-10-18","","159.3"
"UNIVERSIDAD SAN BUENAVENTURA - BELLO","2023-10-17","","110.32083333"
"UNIVERSIDAD SAN BUENAVENTURA - BELLO","2023-10-16","","171.60833333"
"UNIVERSIDAD SAN BUENAVENTURA - BELLO","2023-10-15","","198.70833333"
"UNIVERSIDAD SAN BUENAVENTURA - BELLO","2023-10-14","","134.35"
"UNIVERSIDAD SAN BUENAVENTURA - BELLO","2023-10-13","","161.4625"
"UNIVERSIDAD SAN BUENAVENTURA - BELLO","2023-10-12","","183.27083333"
"UNIVERSIDAD SAN BUENAVENTURA - BELLO","2023-10-11","","106.94583333"
"UNIVERSIDAD SAN BUENAVENTURA - BELLO","2023-10-10","","120.7"
"UNIVERSIDAD SAN BUENAVENTURA - BELLO","2023-10-09","","149.67916667"
"UNIVERSIDAD SAN BUENAVENTURA - BELLO","2023-10-08","","119.24583333"
"UNIVERSIDAD SAN BUENAVENTURA - BELLO","2023-10-07","","166.97826087"
"UNIVERSIDAD SAN BUENAVENTURA - BELLO","2023-10-06","","151.3625"
"UNIVERSIDAD SAN BUENAVENTURA - BELLO","2023-10-05","","116.32727273"
"UNIVERSIDAD SAN BUENAVENTURA - BELLO","2023-10-04","","64.325"
"UNIVERSIDAD SAN BUENAVENTURA - BELLO","2023-10-03","","121.05833333"
"UNIVERSIDAD SAN BUENAVENTURA - BELLO","2023-10-02","","189.71666667"
"UNIVERSIDAD SAN BUENAVENTURA - BELLO","2023-10-01","","210.4375"
"UNIVERSIDAD SAN BUENAVENTURA - BELLO","2023-09-30","","220.74782609"
"UNIVERSIDAD SAN BUENAVENTURA - BELLO","2023-09-29","","179.15416667"
"UNIVERSIDAD SAN BUENAVENTURA - BELLO","2023-09-28","","199.05416667"
"UNIVERSIDAD SAN BUENAVENTURA - BELLO","2023-09-27","","148.575"
"UNIVERSIDAD SAN BUENAVENTURA - BELLO","2023-09-26","","171.27083333"
"UNIVERSIDAD SAN BUENAVENTURA - BELLO","2023-09-25","","168.13333333"
"UNIVERSIDAD SAN BUENAVENTURA - BELLO","2023-09-24","","174.87916667"
"UNIVERSIDAD SAN BUENAVENTURA - BELLO","2023-09-23","","205.55"
"UNIVERSIDAD SAN BUENAVENTURA - BELLO","2023-09-22","","227.8"
"UNIVERSIDAD SAN BUENAVENTURA - BELLO","2023-09-21","","194.25652174"
"UNIVERSIDAD SAN BUENAVENTURA - BELLO","2023-09-20","","167.1625"
"UNIVERSIDAD SAN BUENAVENTURA - BELLO","2023-09-19","","187.2"
"UNIVERSIDAD SAN BUENAVENTURA - BELLO","2023-09-18","","174.8125"
"UNIVERSIDAD SAN BUENAVENTURA - BELLO","2023-09-17","","158.45"
"UNIVERSIDAD SAN BUENAVENTURA - BELLO","2023-09-16","","220.575"
"UNIVERSIDAD SAN BUENAVENTURA - BELLO","2023-09-15","","133.09583333"
"UNIVERSIDAD SAN BUENAVENTURA - BELLO","2023-09-14","","183.62916667"
"UNIVERSIDAD SAN BUENAVENTURA - BELLO","2023-09-13","","203.72916667"
"UNIVERSIDAD SAN BUENAVENTURA - BELLO","2023-09-12","","229.075"
"UNIVERSIDAD SAN BUENAVENTURA - BELLO","2023-09-11","","216.14583333"
"UNIVERSIDAD SAN BUENAVENTURA - BELLO","2023-09-10","","190.25833333"
"UNIVERSIDAD SAN BUENAVENTURA - BELLO","2023-09-09","","133.25416667"
"UNIVERSIDAD SAN BUENAVENTURA - BELLO","2023-09-08","","180.8826087"
"UNIVERSIDAD SAN BUENAVENTURA - BELLO","2023-09-07","","175.58333333"
"UNIVERSIDAD SAN BUENAVENTURA - BELLO","2023-09-06","","223.85833333"
"UNIVERSIDAD SAN BUENAVENTURA - BELLO","2023-09-05","","189.79166667"
"UNIVERSIDAD SAN BUENAVENTURA - BELLO","2023-09-04","","156.29545455"
"UNIVERSIDAD SAN BUENAVENTURA - BELLO","2023-09-03","","184.81666667"
"UNIVERSIDAD SAN BUENAVENTURA - BELLO","2023-09-02","","87.18333333"
"UNIVERSIDAD SAN BUENAVENTURA - BELLO","2023-09-01","","214.36956522"
"UNIVERSIDAD SAN BUENAVENTURA - BELLO","2023-08-31","","176.4173913"
"UNIVERSIDAD SAN BUENAVENTURA - BELLO","2023-08-30","","202.35833333"
"UNIVERSIDAD SAN BUENAVENTURA - BELLO","2023-08-29","","205.64583333"
"UNIVERSIDAD SAN BUENAVENTURA - BELLO","2023-08-28","","210.7875"
"UNIVERSIDAD SAN BUENAVENTURA - BELLO","2023-08-27","","207.70416667"
"UNIVERSIDAD SAN BUENAVENTURA - BELLO","2023-08-26","","223.99583333"
"UNIVERSIDAD SAN BUENAVENTURA - BELLO","2023-08-25","","204.40416667"
"UNIVERSIDAD SAN BUENAVENTURA - BELLO","2023-08-24","","150.48333333"
"UNIVERSIDAD SAN BUENAVENTURA - BELLO","2023-08-23","","159.48333333"
"UNIVERSIDAD SAN BUENAVENTURA - BELLO","2023-08-22","","92.66666667"
"UNIVERSIDAD SAN BUENAVENTURA - BELLO","2023-08-21","","113.27083333"
"UNIVERSIDAD SAN BUENAVENTURA - BELLO","2023-08-20","","139.48333333"
"UNIVERSIDAD SAN BUENAVENTURA - BELLO","2023-08-19","","157.07916667"
"UNIVERSIDAD SAN BUENAVENTURA - BELLO","2023-08-18","","177.07916667"
"UNIVERSIDAD SAN BUENAVENTURA - BELLO","2023-08-17","","184.96086957"
"UNIVERSIDAD SAN BUENAVENTURA - BELLO","2023-08-16","","101.94782609"
"UNIVERSIDAD SAN BUENAVENTURA - BELLO","2023-08-15","","179.84166667"
"UNIVERSIDAD SAN BUENAVENTURA - BELLO","2023-08-14","","210.375"
"UNIVERSIDAD SAN BUENAVENTURA - BELLO","2023-08-13","","117.6"
"UNIVERSIDAD SAN BUENAVENTURA - BELLO","2023-08-12","","182.39583333"
"UNIVERSIDAD SAN BUENAVENTURA - BELLO","2023-08-11","","175.79583333"
"UNIVERSIDAD SAN BUENAVENTURA - BELLO","2023-08-10","","182.55833333"
"UNIVERSIDAD SAN BUENAVENTURA - BELLO","2023-08-09","","139.61666667"
"UNIVERSIDAD SAN BUENAVENTURA - BELLO","2023-08-08","","223.57916667"
"UNIVERSIDAD SAN BUENAVENTURA - BELLO","2023-08-07","","141.59166667"
"UNIVERSIDAD SAN BUENAVENTURA - BELLO","2023-08-06","","160.12083333"
"UNIVERSIDAD SAN BUENAVENTURA - BELLO","2023-08-05","","216.45833333"
"UNIVERSIDAD SAN BUENAVENTURA - BELLO","2023-08-04","","198.44166667"
"UNIVERSIDAD SAN BUENAVENTURA - BELLO","2023-08-03","","191.05833333"
"UNIVERSIDAD SAN BUENAVENTURA - BELLO","2023-08-02","","169.52173913"
"UNIVERSIDAD SAN BUENAVENTURA - BELLO","2023-08-01","","147.95"
"UNIVERSIDAD SAN BUENAVENTURA - BELLO","2023-07-31","","140.97826087"
"UNIVERSIDAD SAN BUENAVENTURA - BELLO","2023-07-30","","192.25416667"
"UNIVERSIDAD SAN BUENAVENTURA - BELLO","2023-07-29","","191.32083333"
"UNIVERSIDAD SAN BUENAVENTURA - BELLO","2023-07-28","","191.15416667"
"UNIVERSIDAD SAN BUENAVENTURA - BELLO","2023-07-27","","163.49166667"
"UNIVERSIDAD SAN BUENAVENTURA - BELLO","2023-07-26","","71.62916667"
"UNIVERSIDAD SAN BUENAVENTURA - BELLO","2023-07-25","","154.95"
"UNIVERSIDAD SAN BUENAVENTURA - BELLO","2023-07-24","","205.0"
"UNIVERSIDAD SAN BUENAVENTURA - BELLO","2023-07-23","","215.96666667"
"UNIVERSIDAD SAN BUENAVENTURA - BELLO","2023-07-22","","154.84166667"
"UNIVERSIDAD SAN BUENAVENTURA - BELLO","2023-07-21","","117.83333333"
"UNIVERSIDAD SAN BUENAVENTURA - BELLO","2023-07-20","","195.075"
"UNIVERSIDAD SAN BUENAVENTURA - BELLO","2023-07-19","","191.59583333"
"UNIVERSIDAD SAN BUENAVENTURA - BELLO","2023-07-18","","165.9375"
"UNIVERSIDAD SAN BUENAVENTURA - BELLO","2023-07-17","","196.625"
"UNIVERSIDAD SAN BUENAVENTURA - BELLO","2023-07-16","","184.67083333"
"UNIVERSIDAD SAN BUENAVENTURA - BELLO","2023-07-15","","212.05833333"
"UNIVERSIDAD SAN BUENAVENTURA - BELLO","2023-07-14","","184.75416667"
"UNIVERSIDAD SAN BUENAVENTURA - BELLO","2023-07-13","","179.1"
"UNIVERSIDAD SAN BUENAVENTURA - BELLO","2023-07-12","","191.82083333"
"UNIVERSIDAD SAN BUENAVENTURA - BELLO","2023-07-11","","192.54583333"
"UNIVERSIDAD SAN BUENAVENTURA - BELLO","2023-07-10","","196.55"
"UNIVERSIDAD SAN BUENAVENTURA - BELLO","2023-07-09","","201.71666667"
"UNIVERSIDAD SAN BUENAVENTURA - BELLO","2023-07-08","","167.3375"
"UNIVERSIDAD SAN BUENAVENTURA - BELLO","2023-07-07","","70.32222222"
"UNIVERSIDAD SAN BUENAVENTURA - BELLO","2023-07-05","","29.56666667"
"UNIVERSIDAD SAN BUENAVENTURA - BELLO","2023-07-04","","117.02916667"
"UNIVERSIDAD SAN BUENAVENTURA - BELLO","2023-07-03","","162.30416667"
"UNIVERSIDAD SAN BUENAVENTURA - BELLO","2023-07-02","","111.82916667"
"UNIVERSIDAD SAN BUENAVENTURA - BELLO","2023-07-01","","198.6375"
"UNIVERSIDAD SAN BUENAVENTURA - BELLO","2023-06-30","","176.07826087"
"UNIVERSIDAD SAN BUENAVENTURA - BELLO","2023-06-29","","197.66666667"
"UNIVERSIDAD SAN BUENAVENTURA - BELLO","2023-06-28","","188.85"
"UNIVERSIDAD SAN BUENAVENTURA - BELLO","2023-06-27","","172.41666667"
"UNIVERSIDAD SAN BUENAVENTURA - BELLO","2023-06-26","","106.51666667"
"UNIVERSIDAD SAN BUENAVENTURA - BELLO","2023-06-25","","106.4875"
"UNIVERSIDAD SAN BUENAVENTURA - BELLO","2023-06-24","","158.825"
"UNIVERSIDAD SAN BUENAVENTURA - BELLO","2023-06-23","","162.74166667"
"UNIVERSIDAD SAN BUENAVENTURA - BELLO","2023-06-22","","157.72083333"
"UNIVERSIDAD SAN BUENAVENTURA - BELLO","2023-06-21","","155.9125"
"UNIVERSIDAD SAN BUENAVENTURA - BELLO","2023-06-20","","193.46666667"
"UNIVERSIDAD SAN BUENAVENTURA - BELLO","2023-06-19","","225.8"
"UNIVERSIDAD SAN BUENAVENTURA - BELLO","2023-06-18","","188.9125"
"UNIVERSIDAD SAN BUENAVENTURA - BELLO","2023-06-17","","119.16666667"
"UNIVERSIDAD SAN BUENAVENTURA - BELLO","2023-06-16","","166.83478261"
"UNIVERSIDAD SAN BUENAVENTURA - BELLO","2023-06-15","","160.09166667"
"UNIVERSIDAD SAN BUENAVENTURA - BELLO","2023-06-14","","151.99583333"
"UNIVERSIDAD SAN BUENAVENTURA - BELLO","2023-06-13","","222.62916667"
"UNIVERSIDAD SAN BUENAVENTURA - BELLO","2023-06-12","","181.59166667"
"UNIVERSIDAD SAN BUENAVENTURA - BELLO","2023-06-11","","218.99583333"
"UNIVERSIDAD SAN BUENAVENTURA - BELLO","2023-06-10","","180.5875"
"UNIVERSIDAD SAN BUENAVENTURA - BELLO","2023-06-09","","173.09583333"
"UNIVERSIDAD SAN BUENAVENTURA - BELLO","2023-06-08","","122.45833333"
"UNIVERSIDAD SAN BUENAVENTURA - BELLO","2023-06-07","","191.05416667"
"UNIVERSIDAD SAN BUENAVENTURA - BELLO","2023-06-06","","155.3125"
"UNIVERSIDAD SAN BUENAVENTURA - BELLO","2023-06-05","","169.725"
"UNIVERSIDAD SAN BUENAVENTURA - BELLO","2023-06-04","","119.35"
"UNIVERSIDAD SAN BUENAVENTURA - BELLO","2023-06-03","","199.84583333"
"UNIVERSIDAD SAN BUENAVENTURA - BELLO","2023-06-02","","148.96086957"
"UNIVERSIDAD SAN BUENAVENTURA - BELLO","2023-06-01","","112.21666667"
"UNIVERSIDAD SAN BUENAVENTURA - BELLO","2023-05-31","","179.54347826"
"UNIVERSIDAD SAN BUENAVENTURA - BELLO","2023-05-30","","128.97916667"
"UNIVERSIDAD SAN BUENAVENTURA - BELLO","2023-05-29","","172.5875"
"UNIVERSIDAD SAN BUENAVENTURA - BELLO","2023-05-28","","148.975"
"UNIVERSIDAD SAN BUENAVENTURA - BELLO","2023-05-27","","171.8875"
"UNIVERSIDAD SAN BUENAVENTURA - BELLO","2023-05-26","","97.0875"
"UNIVERSIDAD SAN BUENAVENTURA - BELLO","2023-05-25","","114.95416667"
"UNIVERSIDAD SAN BUENAVENTURA - BELLO","2023-05-24","","162.4125"
"UNIVERSIDAD SAN BUENAVENTURA - BELLO","2023-05-23","","159.75"
"UNIVERSIDAD SAN BUENAVENTURA - BELLO","2023-05-22","","178.99166667"
"UNIVERSIDAD SAN BUENAVENTURA - BELLO","2023-05-21","","67.94166667"
"UNIVERSIDAD SAN BUENAVENTURA - BELLO","2023-05-20","","126.16666667"
"UNIVERSIDAD SAN BUENAVENTURA - BELLO","2023-05-19","","48.75555556"
"UNIVERSIDAD SAN BUENAVENTURA - BELLO","2023-05-17","","139.225"
"UNIVERSIDAD SAN BUENAVENTURA - BELLO","2023-05-16","","118.7625"
"UNIVERSIDAD SAN BUENAVENTURA - BELLO","2023-05-15","","74.26666667"
"UNIVERSIDAD SAN BUENAVENTURA - BELLO","2023-05-14","","154.16666667"
"UNIVERSIDAD SAN BUENAVENTURA - BELLO","2023-05-13","","87.24166667"
"UNIVERSIDAD SAN BUENAVENTURA - BELLO","2023-05-12","","164.6125"
"UNIVERSIDAD SAN BUENAVENTURA - BELLO","2023-05-11","","175.81666667"
"UNIVERSIDAD SAN BUENAVENTURA - BELLO","2023-05-10","","82.42083333"
"UNIVERSIDAD SAN BUENAVENTURA - BELLO","2023-05-09","","138.06666667"
"UNIVERSIDAD SAN BUENAVENTURA - BELLO","2023-05-08","","169.67083333"
"UNIVERSIDAD SAN BUENAVENTURA - BELLO","2023-05-07","","182.44166667"
"UNIVERSIDAD SAN BUENAVENTURA - BELLO","2023-05-06","","197.69583333"
"UNIVERSIDAD SAN BUENAVENTURA - BELLO","2023-05-05","","191.86086957"
"UNIVERSIDAD SAN BUENAVENTURA - BELLO","2023-05-04","","223.24166667"
"UNIVERSIDAD SAN BUENAVENTURA - BELLO","2023-05-03","","202.5625"
"UNIVERSIDAD SAN BUENAVENTURA - BELLO","2023-05-02","","208.4173913"
"UNIVERSIDAD SAN BUENAVENTURA - BELLO","2023-05-01","","222.39166667"
"UNIVERSIDAD SAN BUENAVENTURA - BELLO","2023-04-30","","147.47391304"
"UNIVERSIDAD SAN BUENAVENTURA - BELLO","2023-04-29","","132.18333333"
"UNIVERSIDAD SAN BUENAVENTURA - BELLO","2023-04-28","","207.69583333"
"UNIVERSIDAD SAN BUENAVENTURA - BELLO","2023-04-27","","164.32916667"
"UNIVERSIDAD SAN BUENAVENTURA - BELLO","2023-04-26","","183.4875"
"UNIVERSIDAD SAN BUENAVENTURA - BELLO","2023-04-25","","141.7826087"
"UNIVERSIDAD SAN BUENAVENTURA - BELLO","2023-04-24","","146.84166667"
"UNIVERSIDAD SAN BUENAVENTURA - BELLO","2023-04-23","","169.2875"
"UNIVERSIDAD SAN BUENAVENTURA - BELLO","2023-04-22","","94.475"
"UNIVERSIDAD SAN BUENAVENTURA - BELLO","2023-04-21","","103.25833333"
"UNIVERSIDAD SAN BUENAVENTURA - BELLO","2023-04-20","","102.6375"
"UNIVERSIDAD SAN BUENAVENTURA - BELLO","2023-04-19","","142.40833333"
"UNIVERSIDAD SAN BUENAVENTURA - BELLO","2023-04-18","","165.65833333"
"UNIVERSIDAD SAN BUENAVENTURA - BELLO","2023-04-17","","139.92916667"
"UNIVERSIDAD SAN BUENAVENTURA - BELLO","2023-04-16","","90.90833333"
"UNIVERSIDAD SAN BUENAVENTURA - BELLO","2023-04-15","","158.77916667"
"UNIVERSIDAD SAN BUENAVENTURA - BELLO","2023-04-14","","98.31666667"
"UNIVERSIDAD SAN BUENAVENTURA - BELLO","2023-04-13","","140.24583333"
"UNIVERSIDAD SAN BUENAVENTURA - BELLO","2023-04-12","","165.86666667"
"UNIVERSIDAD SAN BUENAVENTURA - BELLO","2023-04-11","","126.78333333"
"UNIVERSIDAD SAN BUENAVENTURA - BELLO","2023-04-10","","132.40833333"
"UNIVERSIDAD SAN BUENAVENTURA - BELLO","2023-04-09","","208.19166667"
"UNIVERSIDAD SAN BUENAVENTURA - BELLO","2023-04-08","","201.09583333"
"UNIVERSIDAD SAN BUENAVENTURA - BELLO","2023-04-07","","126.0125"
"UNIVERSIDAD SAN BUENAVENTURA - BELLO","2023-04-06","","139.80416667"
"UNIVERSIDAD SAN BUENAVENTURA - BELLO","2023-04-05","","212.225"
"UNIVERSIDAD SAN BUENAVENTURA - BELLO","2023-04-04","","100.50434783"
"UNIVERSIDAD SAN BUENAVENTURA - BELLO","2023-04-03","","211.33333333"
"UNIVERSIDAD SAN BUENAVENTURA - BELLO","2023-04-02","","111.325"
"UNIVERSIDAD SAN BUENAVENTURA - BELLO","2023-04-01","","138.27083333"
"UNIVERSIDAD SAN BUENAVENTURA - BELLO","2023-03-31","","109.77391304"
"UNIVERSIDAD SAN BUENAVENTURA - BELLO","2023-03-30","","172.73333333"
"UNIVERSIDAD SAN BUENAVENTURA - BELLO","2023-03-29","","161.59166667"
"UNIVERSIDAD SAN BUENAVENTURA - BELLO","2023-03-28","","197.61666667"
"UNIVERSIDAD SAN BUENAVENTURA - BELLO","2023-03-27","","148.0875"
"UNIVERSIDAD SAN BUENAVENTURA - BELLO","2023-03-26","","98.42916667"
"UNIVERSIDAD SAN BUENAVENTURA - BELLO","2023-03-25","","157.71666667"
"UNIVERSIDAD SAN BUENAVENTURA - BELLO","2023-03-24","","107.39583333"
"UNIVERSIDAD SAN BUENAVENTURA - BELLO","2023-03-23","","179.60833333"
"UNIVERSIDAD SAN BUENAVENTURA - BELLO","2023-03-22","","184.04166667"
"UNIVERSIDAD SAN BUENAVENTURA - BELLO","2023-03-21","","218.40416667"
"UNIVERSIDAD SAN BUENAVENTURA - BELLO","2023-03-20","","193.81666667"
"UNIVERSIDAD SAN BUENAVENTURA - BELLO","2023-03-19","","201.5875"
"UNIVERSIDAD SAN BUENAVENTURA - BELLO","2023-03-18","","148.6"
"UNIVERSIDAD SAN BUENAVENTURA - BELLO","2023-03-17","","150.49166667"
"UNIVERSIDAD SAN BUENAVENTURA - BELLO","2023-03-16","","117.34090909"
"UNIVERSIDAD SAN BUENAVENTURA - BELLO","2023-03-15","","93.58333333"
"UNIVERSIDAD SAN BUENAVENTURA - BELLO","2023-03-14","","116.70833333"
"UNIVERSIDAD SAN BUENAVENTURA - BELLO","2023-03-13","","94.25416667"
"UNIVERSIDAD SAN BUENAVENTURA - BELLO","2023-03-12","","114.24782609"
"UNIVERSIDAD SAN BUENAVENTURA - BELLO","2023-03-11","","79.24583333"
"UNIVERSIDAD SAN BUENAVENTURA - BELLO","2023-03-10","","132.99166667"
"UNIVERSIDAD SAN BUENAVENTURA - BELLO","2023-03-09","","62.85"
"UNIVERSIDAD SAN BUENAVENTURA - BELLO","2023-03-08","","73.54166667"
"UNIVERSIDAD SAN BUENAVENTURA - BELLO","2023-03-07","","109.20833333"
"UNIVERSIDAD SAN BUENAVENTURA - BELLO","2023-03-06","","140.69583333"
"UNIVERSIDAD SAN BUENAVENTURA - BELLO","2023-03-05","","73.84583333"
"UNIVERSIDAD SAN BUENAVENTURA - BELLO","2023-03-04","","152.05"
"UNIVERSIDAD SAN BUENAVENTURA - BELLO","2023-03-03","","123.0"
"UNIVERSIDAD SAN BUENAVENTURA - BELLO","2023-03-02","","160.56666667"
"UNIVERSIDAD SAN BUENAVENTURA - BELLO","2023-03-01","","166.70416667"
"UNIVERSIDAD SAN BUENAVENTURA - BELLO","2023-02-28","","209.89130435"
"UNIVERSIDAD SAN BUENAVENTURA - BELLO","2023-02-27","","180.32916667"
"UNIVERSIDAD SAN BUENAVENTURA - BELLO","2023-02-26","","179.62083333"
"UNIVERSIDAD SAN BUENAVENTURA - BELLO","2023-02-25","","182.52083333"
"UNIVERSIDAD SAN BUENAVENTURA - BELLO","2023-02-24","","211.275"
"UNIVERSIDAD SAN BUENAVENTURA - BELLO","2023-02-23","","190.75833333"
"UNIVERSIDAD SAN BUENAVENTURA - BELLO","2023-02-22","","95.92916667"
"UNIVERSIDAD SAN BUENAVENTURA - BELLO","2023-02-21","","106.95833333"
"UNIVERSIDAD SAN BUENAVENTURA - BELLO","2023-02-20","","142.5875"
"UNIVERSIDAD SAN BUENAVENTURA - BELLO","2023-02-19","","204.15416667"
"UNIVERSIDAD SAN BUENAVENTURA - BELLO","2023-02-18","","217.54583333"
"UNIVERSIDAD SAN BUENAVENTURA - BELLO","2023-02-17","","172.95"
"UNIVERSIDAD SAN BUENAVENTURA - BELLO","2023-02-16","","76.29583333"
"UNIVERSIDAD SAN BUENAVENTURA - BELLO","2023-02-15","","127.55"
"UNIVERSIDAD SAN BUENAVENTURA - BELLO","2023-02-14","","138.37083333"
"UNIVERSIDAD SAN BUENAVENTURA - BELLO","2023-02-13","","121.5875"
"UNIVERSIDAD SAN BUENAVENTURA - BELLO","2023-02-12","","59.11666667"
"UNIVERSIDAD SAN BUENAVENTURA - BELLO","2023-02-11","","97.5125"
"UNIVERSIDAD SAN BUENAVENTURA - BELLO","2023-02-10","","141.32083333"
"UNIVERSIDAD SAN BUENAVENTURA - BELLO","2023-02-09","","152.0375"
"UNIVERSIDAD SAN BUENAVENTURA - BELLO","2023-02-08","","146.575"
"UNIVERSIDAD SAN BUENAVENTURA - BELLO","2023-02-07","","174.6375"
"UNIVERSIDAD SAN BUENAVENTURA - BELLO","2023-02-06","","131.6625"
"UNIVERSIDAD SAN BUENAVENTURA - BELLO","2023-02-05","","198.82916667"
"UNIVERSIDAD SAN BUENAVENTURA - BELLO","2023-02-04","","124.84583333"
"UNIVERSIDAD SAN BUENAVENTURA - BELLO","2023-02-03","","152.62083333"
"UNIVERSIDAD SAN BUENAVENTURA - BELLO","2023-02-02","","180.225"
"UNIVERSIDAD SAN BUENAVENTURA - BELLO","2023-02-01","","200.25416667"
"UNIVERSIDAD SAN BUENAVENTURA - BELLO","2023-01-31","","218.7173913"
"UNIVERSIDAD SAN BUENAVENTURA - BELLO","2023-01-30","","181.94583333"
"UNIVERSIDAD SAN BUENAVENTURA - BELLO","2023-01-29","","199.65"
"UNIVERSIDAD SAN BUENAVENTURA - BELLO","2023-01-28","","203.3125"
"UNIVERSIDAD SAN BUENAVENTURA - BELLO","2023-01-27","","204.05416667"
"UNIVERSIDAD SAN BUENAVENTURA - BELLO","2023-01-26","","185.23333333"
"UNIVERSIDAD SAN BUENAVENTURA - BELLO","2023-01-25","","185.6"
"UNIVERSIDAD SAN BUENAVENTURA - BELLO","2023-01-24","","161.42083333"
"UNIVERSIDAD SAN BUENAVENTURA - BELLO","2023-01-23","","140.95"
"UNIVERSIDAD SAN BUENAVENTURA - BELLO","2023-01-22","","105.875"
"UNIVERSIDAD SAN BUENAVENTURA - BELLO","2023-01-21","","186.08333333"
"UNIVERSIDAD SAN BUENAVENTURA - BELLO","2023-01-20","","193.1875"
"UNIVERSIDAD SAN BUENAVENTURA - BELLO","2023-01-19","","189.2"
"UNIVERSIDAD SAN BUENAVENTURA - BELLO","2023-01-18","","114.83333333"
"UNIVERSIDAD SAN BUENAVENTURA - BELLO","2023-01-17","","143.65416667"
"UNIVERSIDAD SAN BUENAVENTURA - BELLO","2023-01-16","","175.2375"
"UNIVERSIDAD SAN BUENAVENTURA - BELLO","2023-01-15","","194.4"
"UNIVERSIDAD SAN BUENAVENTURA - BELLO","2023-01-14","","127.15833333"
"UNIVERSIDAD SAN BUENAVENTURA - BELLO","2023-01-13","","153.29166667"
"UNIVERSIDAD SAN BUENAVENTURA - BELLO","2023-01-12","","115.175"
"UNIVERSIDAD SAN BUENAVENTURA - BELLO","2023-01-11","","145.8375"
"UNIVERSIDAD SAN BUENAVENTURA - BELLO","2023-01-10","","65.93333333"
"UNIVERSIDAD SAN BUENAVENTURA - BELLO","2023-01-09","","94.16666667"
"UNIVERSIDAD SAN BUENAVENTURA - BELLO","2023-01-08","","112.99166667"
"UNIVERSIDAD SAN BUENAVENTURA - BELLO","2023-01-07","","91.05833333"
"UNIVERSIDAD SAN BUENAVENTURA - BELLO","2023-01-06","","113.04166667"
"UNIVERSIDAD SAN BUENAVENTURA - BELLO","2023-01-05","","129.2875"
"UNIVERSIDAD SAN BUENAVENTURA - BELLO","2023-01-04","","191.2875"
"UNIVERSIDAD SAN BUENAVENTURA - BELLO","2023-01-03","","68.74583333"
"UNIVERSIDAD SAN BUENAVENTURA - BELLO","2023-01-02","","177.275"
"UNIVERSIDAD SAN BUENAVENTURA - BELLO","2023-01-01","","150.54583333"
"UNIVERSIDAD SAN BUENAVENTURA - BELLO","2022-12-31","","170.94782609"
"UNIVERSIDAD SAN BUENAVENTURA - BELLO","2022-12-30","","130.075"
"UNIVERSIDAD SAN BUENAVENTURA - BELLO","2022-12-29","","175.27916667"
"UNIVERSIDAD SAN BUENAVENTURA - BELLO","2022-12-28","","141.34583333"
"UNIVERSIDAD SAN BUENAVENTURA - BELLO","2022-12-27","","69.3375"
"UNIVERSIDAD SAN BUENAVENTURA - BELLO","2022-12-26","","94.975"
"UNIVERSIDAD SAN BUENAVENTURA - BELLO","2022-12-25","","160.0125"
"UNIVERSIDAD SAN BUENAVENTURA - BELLO","2022-12-24","","125.4"
"UNIVERSIDAD SAN BUENAVENTURA - BELLO","2022-12-23","","152.42916667"
"UNIVERSIDAD SAN BUENAVENTURA - BELLO","2022-12-22","","154.19166667"
"UNIVERSIDAD SAN BUENAVENTURA - BELLO","2022-12-21","","154.65833333"
"UNIVERSIDAD SAN BUENAVENTURA - BELLO","2022-12-20","","169.975"
"UNIVERSIDAD SAN BUENAVENTURA - BELLO","2022-12-19","","160.03333333"
"UNIVERSIDAD SAN BUENAVENTURA - BELLO","2022-12-18","","113.75833333"
"UNIVERSIDAD SAN BUENAVENTURA - BELLO","2022-12-17","","153.93333333"
"UNIVERSIDAD SAN BUENAVENTURA - BELLO","2022-12-16","","141.04166667"
"UNIVERSIDAD SAN BUENAVENTURA - BELLO","2022-12-15","","160.15"
"UNIVERSIDAD SAN BUENAVENTURA - BELLO","2022-12-14","","111.70833333"
"UNIVERSIDAD SAN BUENAVENTURA - BELLO","2022-12-13","","88.94166667"
"UNIVERSIDAD SAN BUENAVENTURA - BELLO","2022-12-12","","98.725"
"UNIVERSIDAD SAN BUENAVENTURA - BELLO","2022-12-11","","143.25"
"UNIVERSIDAD SAN BUENAVENTURA - BELLO","2022-12-10","","87.76666667"
"UNIVERSIDAD SAN BUENAVENTURA - BELLO","2022-12-09","","115.0125"
"UNIVERSIDAD SAN BUENAVENTURA - BELLO","2022-12-08","","108.52916667"
"UNIVERSIDAD SAN BUENAVENTURA - BELLO","2022-12-07","","160.8625"
"UNIVERSIDAD SAN BUENAVENTURA - BELLO","2022-12-06","","162.7625"
"UNIVERSIDAD SAN BUENAVENTURA - BELLO","2022-12-05","","102.97391304"
"UNIVERSIDAD SAN BUENAVENTURA - BELLO","2022-12-04","","54.35416667"
"UNIVERSIDAD SAN BUENAVENTURA - BELLO","2022-12-03","","182.29583333"
"UNIVERSIDAD SAN BUENAVENTURA - BELLO","2022-12-02","","166.28695652"
"UNIVERSIDAD SAN BUENAVENTURA - BELLO","2022-12-01","","176.23333333"
"UNIVERSIDAD SAN BUENAVENTURA - BELLO","2022-11-30","","132.5826087"
"UNIVERSIDAD SAN BUENAVENTURA - BELLO","2022-11-29","","125.98333333"
"UNIVERSIDAD SAN BUENAVENTURA - BELLO","2022-11-28","","83.54166667"
"UNIVERSIDAD SAN BUENAVENTURA - BELLO","2022-11-27","","142.54583333"
"UNIVERSIDAD SAN BUENAVENTURA - BELLO","2022-11-26","","64.62083333"
"UNIVERSIDAD SAN BUENAVENTURA - BELLO","2022-11-25","","149.87916667"
"UNIVERSIDAD SAN BUENAVENTURA - BELLO","2022-11-24","","121.99166667"
"UNIVERSIDAD SAN BUENAVENTURA - BELLO","2022-11-23","","153.21666667"
"UNIVERSIDAD SAN BUENAVENTURA - BELLO","2022-11-22","","163.73333333"
"UNIVERSIDAD SAN BUENAVENTURA - BELLO","2022-11-21","","139.00833333"
"UNIVERSIDAD SAN BUENAVENTURA - BELLO","2022-11-20","","105.49166667"
"UNIVERSIDAD SAN BUENAVENTURA - BELLO","2022-11-19","","137.16666667"
"UNIVERSIDAD SAN BUENAVENTURA - BELLO","2022-11-18","","61.35"
"UNIVERSIDAD SAN BUENAVENTURA - BELLO","2022-11-17","","120.05833333"
"UNIVERSIDAD SAN BUENAVENTURA - BELLO","2022-11-16","","140.64583333"
"UNIVERSIDAD SAN BUENAVENTURA - BELLO","2022-11-15","","171.18333333"
"UNIVERSIDAD SAN BUENAVENTURA - BELLO","2022-11-14","","137.93333333"
"UNIVERSIDAD SAN BUENAVENTURA - BELLO","2022-11-13","","120.32916667"
"UNIVERSIDAD SAN BUENAVENTURA - BELLO","2022-11-12","","129.65833333"
"UNIVERSIDAD SAN BUENAVENTURA - BELLO","2022-11-11","","111.9375"
"UNIVERSIDAD SAN BUENAVENTURA - BELLO","2022-11-10","","133.86666667"
"UNIVERSIDAD SAN BUENAVENTURA - BELLO","2022-11-09","","119.40833333"
"UNIVERSIDAD SAN BUENAVENTURA - BELLO","2022-11-08","","115.72083333"
"UNIVERSIDAD SAN BUENAVENTURA - BELLO","2022-11-07","","129.82916667"
"UNIVERSIDAD SAN BUENAVENTURA - BELLO","2022-11-06","","76.9875"
"UNIVERSIDAD SAN BUENAVENTURA - BELLO","2022-11-05","","85.37916667"
"UNIVERSIDAD SAN BUENAVENTURA - BELLO","2022-11-04","","77.61666667"
"UNIVERSIDAD SAN BUENAVENTURA - BELLO","2022-11-03","","121.25833333"
"UNIVERSIDAD SAN BUENAVENTURA - BELLO","2022-11-02","","145.63333333"
"UNIVERSIDAD SAN BUENAVENTURA - BELLO","2022-11-01","","184.66666667"
"UNIVERSIDAD SAN BUENAVENTURA - BELLO","2022-10-31","","188.87916667"
"UNIVERSIDAD SAN BUENAVENTURA - BELLO","2022-10-30","","144.42916667"
"UNIVERSIDAD SAN BUENAVENTURA - BELLO","2022-10-29","","143.90833333"
"UNIVERSIDAD SAN BUENAVENTURA - BELLO","2022-10-28","","89.10416667"
"UNIVERSIDAD SAN BUENAVENTURA - BELLO","2022-10-27","","122.81666667"
"UNIVERSIDAD SAN BUENAVENTURA - BELLO","2022-10-26","","71.14166667"
"UNIVERSIDAD SAN BUENAVENTURA - BELLO","2022-10-25","","133.3625"
"UNIVERSIDAD SAN BUENAVENTURA - BELLO","2022-10-24","","98.18333333"
"UNIVERSIDAD SAN BUENAVENTURA - BELLO","2022-10-23","","156.36666667"
"UNIVERSIDAD SAN BUENAVENTURA - BELLO","2022-10-22","","171.2625"
"UNIVERSIDAD SAN BUENAVENTURA - BELLO","2022-10-21","","147.80416667"
"UNIVERSIDAD SAN BUENAVENTURA - BELLO","2022-10-20","","106.90833333"
"UNIVERSIDAD SAN BUENAVENTURA - BELLO","2022-10-19","","101.7875"
"UNIVERSIDAD SAN BUENAVENTURA - BELLO","2022-10-18","","111.3125"
"UNIVERSIDAD SAN BUENAVENTURA - BELLO","2022-10-17","","148.62916667"
"UNIVERSIDAD SAN BUENAVENTURA - BELLO","2022-10-16","","153.4"
"UNIVERSIDAD SAN BUENAVENTURA - BELLO","2022-10-15","","177.7125"
"UNIVERSIDAD SAN BUENAVENTURA - BELLO","2022-10-14","","164.07916667"
"UNIVERSIDAD SAN BUENAVENTURA - BELLO","2022-10-13","","125.74166667"
"UNIVERSIDAD SAN BUENAVENTURA - BELLO","2022-10-12","","145.35416667"
"UNIVERSIDAD SAN BUENAVENTURA - BELLO","2022-10-11","","166.49583333"
"UNIVERSIDAD SAN BUENAVENTURA - BELLO","2022-10-10","","175.4125"
"UNIVERSIDAD SAN BUENAVENTURA - BELLO","2022-10-09","","99.91666667"
"UNIVERSIDAD SAN BUENAVENTURA - BELLO","2022-10-08","","87.925"
"UNIVERSIDAD SAN BUENAVENTURA - BELLO","2022-10-07","","159.34583333"
"UNIVERSIDAD SAN BUENAVENTURA - BELLO","2022-10-06","","167.65416667"
"UNIVERSIDAD SAN BUENAVENTURA - BELLO","2022-10-05","","101.3625"
"UNIVERSIDAD SAN BUENAVENTURA - BELLO","2022-10-04","","138.225"
"UNIVERSIDAD SAN BUENAVENTURA - BELLO","2022-10-03","","199.9375"
"UNIVERSIDAD SAN BUENAVENTURA - BELLO","2022-10-02","","163.30416667"
"UNIVERSIDAD SAN BUENAVENTURA - BELLO","2022-10-01","","95.6375"
"UNIVERSIDAD SAN BUENAVENTURA - BELLO","2022-09-30","","94.4125"
"UNIVERSIDAD SAN BUENAVENTURA - BELLO","2022-09-29","","142.67083333"
"UNIVERSIDAD SAN BUENAVENTURA - BELLO","2022-09-28","","94.84583333"
"UNIVERSIDAD SAN BUENAVENTURA - BELLO","2022-09-27","","136.1125"
"UNIVERSIDAD SAN BUENAVENTURA - BELLO","2022-09-26","","186.04166667"
"UNIVERSIDAD SAN BUENAVENTURA - BELLO","2022-09-25","","137.44583333"
"UNIVERSIDAD SAN BUENAVENTURA - BELLO","2022-09-24","","118.02916667"
"UNIVERSIDAD SAN BUENAVENTURA - BELLO","2022-09-23","","174.475"
"UNIVERSIDAD SAN BUENAVENTURA - BELLO","2022-09-22","","105.14583333"
"UNIVERSIDAD SAN BUENAVENTURA - BELLO","2022-09-21","","188.93333333"
"UNIVERSIDAD SAN BUENAVENTURA - BELLO","2022-09-20","","87.35416667"
"UNIVERSIDAD SAN BUENAVENTURA - BELLO","2022-09-19","","112.06666667"
"UNIVERSIDAD SAN BUENAVENTURA - BELLO","2022-09-18","","118.82083333"
"UNIVERSIDAD SAN BUENAVENTURA - BELLO","2022-09-17","","130.04583333"
"UNIVERSIDAD SAN BUENAVENTURA - BELLO","2022-09-16","","162.4125"
"UNIVERSIDAD SAN BUENAVENTURA - BELLO","2022-09-15","","151.97916667"
"UNIVERSIDAD SAN BUENAVENTURA - BELLO","2022-09-14","","108.625"
"UNIVERSIDAD SAN BUENAVENTURA - BELLO","2022-09-13","","171.87916667"
"UNIVERSIDAD SAN BUENAVENTURA - BELLO","2022-09-12","","156.69583333"
"UNIVERSIDAD SAN BUENAVENTURA - BELLO","2022-09-11","","166.37083333"
"UNIVERSIDAD SAN BUENAVENTURA - BELLO","2022-09-10","","186.1875"
"UNIVERSIDAD SAN BUENAVENTURA - BELLO","2022-09-09","","131.22916667"
"UNIVERSIDAD SAN BUENAVENTURA - BELLO","2022-09-08","","180.19166667"
"UNIVERSIDAD SAN BUENAVENTURA - BELLO","2022-09-07","","174.73333333"
"UNIVERSIDAD SAN BUENAVENTURA - BELLO","2022-09-06","","184.95416667"
"UNIVERSIDAD SAN BUENAVENTURA - BELLO","2022-09-05","","214.37916667"
"UNIVERSIDAD SAN BUENAVENTURA - BELLO","2022-09-04","","91.95833333"
"UNIVERSIDAD SAN BUENAVENTURA - BELLO","2022-09-03","","177.70833333"
"UNIVERSIDAD SAN BUENAVENTURA - BELLO","2022-09-02","","138.15416667"
"UNIVERSIDAD SAN BUENAVENTURA - BELLO","2022-09-01","","116.25"
"UNIVERSIDAD SAN BUENAVENTURA - BELLO","2022-08-31","","163.7952381"
"UNIVERSIDAD SAN BUENAVENTURA - BELLO","2022-08-30","","206.2875"
"UNIVERSIDAD SAN BUENAVENTURA - BELLO","2022-08-29","","158.3"
"UNIVERSIDAD SAN BUENAVENTURA - BELLO","2022-08-28","","113.71666667"
"UNIVERSIDAD SAN BUENAVENTURA - BELLO","2022-08-27","","147.94583333"
"UNIVERSIDAD SAN BUENAVENTURA - BELLO","2022-08-26","","161.89166667"
"UNIVERSIDAD SAN BUENAVENTURA - BELLO","2022-08-25","","181.42916667"
"UNIVERSIDAD SAN BUENAVENTURA - BELLO","2022-08-24","","220.35416667"
"UNIVERSIDAD SAN BUENAVENTURA - BELLO","2022-08-23","","142.7625"
"UNIVERSIDAD SAN BUENAVENTURA - BELLO","2022-08-22","","92.575"
"UNIVERSIDAD SAN BUENAVENTURA - BELLO","2022-08-21","","107.2375"
"UNIVERSIDAD SAN BUENAVENTURA - BELLO","2022-08-20","","146.07916667"
"UNIVERSIDAD SAN BUENAVENTURA - BELLO","2022-08-19","","211.78333333"
"UNIVERSIDAD SAN BUENAVENTURA - BELLO","2022-08-18","","202.45"
"UNIVERSIDAD SAN BUENAVENTURA - BELLO","2022-08-17","","209.03333333"
"UNIVERSIDAD SAN BUENAVENTURA - BELLO","2022-08-16","","144.5375"
"UNIVERSIDAD SAN BUENAVENTURA - BELLO","2022-08-15","","97.30416667"
"UNIVERSIDAD SAN BUENAVENTURA - BELLO","2022-08-14","","190.49166667"
"UNIVERSIDAD SAN BUENAVENTURA - BELLO","2022-08-13","","138.225"
"UNIVERSIDAD SAN BUENAVENTURA - BELLO","2022-08-12","","149.425"
"UNIVERSIDAD SAN BUENAVENTURA - BELLO","2022-08-11","","150.7"
"UNIVERSIDAD SAN BUENAVENTURA - BELLO","2022-08-10","","163.89166667"
"UNIVERSIDAD SAN BUENAVENTURA - BELLO","2022-08-09","","149.7875"
"UNIVERSIDAD SAN BUENAVENTURA - BELLO","2022-08-08","","218.13333333"
"UNIVERSIDAD SAN BUENAVENTURA - BELLO","2022-08-07","","197.79583333"
"UNIVERSIDAD SAN BUENAVENTURA - BELLO","2022-08-06","","113.30833333"
"UNIVERSIDAD SAN BUENAVENTURA - BELLO","2022-08-05","","113.16666667"
"UNIVERSIDAD SAN BUENAVENTURA - BELLO","2022-08-04","","89.03"
"UNIVERSIDAD SAN BUENAVENTURA - BELLO","2022-07-31","","131.1875"
"UNIVERSIDAD SAN BUENAVENTURA - BELLO","2022-07-30","","17.08461538"
"UNIVERSIDAD SAN BUENAVENTURA - BELLO","2022-07-29","","218.24583333"
"UNIVERSIDAD SAN BUENAVENTURA - BELLO","2022-07-28","","123.525"
"UNIVERSIDAD SAN BUENAVENTURA - BELLO","2022-07-27","","134.50416667"
"UNIVERSIDAD SAN BUENAVENTURA - BELLO","2022-07-26","","150.68333333"
"UNIVERSIDAD SAN BUENAVENTURA - BELLO","2022-07-25","","95.50833333"
"UNIVERSIDAD SAN BUENAVENTURA - BELLO","2022-07-24","","131.35416667"
"UNIVERSIDAD SAN BUENAVENTURA - BELLO","2022-07-23","","95.56666667"
"UNIVERSIDAD SAN BUENAVENTURA - BELLO","2022-07-22","","128.775"
"UNIVERSIDAD SAN BUENAVENTURA - BELLO","2022-07-21","","148.13333333"
"UNIVERSIDAD SAN BUENAVENTURA - BELLO","2022-07-20","","183.65"
"UNIVERSIDAD SAN BUENAVENTURA - BELLO","2022-07-19","","218.8125"
"UNIVERSIDAD SAN BUENAVENTURA - BELLO","2022-07-18","","208.4"
"UNIVERSIDAD SAN BUENAVENTURA - BELLO","2022-07-17","","169.8375"
"UNIVERSIDAD SAN BUENAVENTURA - BELLO","2022-07-16","","154.50416667"
"UNIVERSIDAD SAN BUENAVENTURA - BELLO","2022-07-15","","209.1875"
"UNIVERSIDAD SAN BUENAVENTURA - BELLO","2022-07-14","","150.69166667"
"UNIVERSIDAD SAN BUENAVENTURA - BELLO","2022-07-13","","196.5125"
"UNIVERSIDAD SAN BUENAVENTURA - BELLO","2022-07-12","","186.70416667"
"UNIVERSIDAD SAN BUENAVENTURA - BELLO","2022-07-11","","112.57083333"
"UNIVERSIDAD SAN BUENAVENTURA - BELLO","2022-07-10","","183.97916667"
"UNIVERSIDAD SAN BUENAVENTURA - BELLO","2022-07-09","","197.93333333"
"UNIVERSIDAD SAN BUENAVENTURA - BELLO","2022-07-08","","160.98333333"
"UNIVERSIDAD SAN BUENAVENTURA - BELLO","2022-07-07","","176.27083333"
"UNIVERSIDAD SAN BUENAVENTURA - BELLO","2022-07-06","","144.0875"
"UNIVERSIDAD SAN BUENAVENTURA - BELLO","2022-07-05","","191.29583333"
"UNIVERSIDAD SAN BUENAVENTURA - BELLO","2022-07-04","","124.19583333"
"UNIVERSIDAD SAN BUENAVENTURA - BELLO","2022-07-03","","167.32916667"
"UNIVERSIDAD SAN BUENAVENTURA - BELLO","2022-07-02","","152.1"
"UNIVERSIDAD SAN BUENAVENTURA - BELLO","2022-07-01","","165.3125"
"UNIVERSIDAD SAN BUENAVENTURA - BELLO","2022-06-30","","159.18181818"
"UNIVERSIDAD SAN BUENAVENTURA - BELLO","2022-06-29","","151.5625"
"UNIVERSIDAD SAN BUENAVENTURA - BELLO","2022-06-28","","130.92083333"
"UNIVERSIDAD SAN BUENAVENTURA - BELLO","2022-06-27","","97.55652174"
"UNIVERSIDAD SAN BUENAVENTURA - BELLO","2022-06-26","","99.01666667"
"UNIVERSIDAD SAN BUENAVENTURA - BELLO","2022-06-25","","138.6125"
"UNIVERSIDAD SAN BUENAVENTURA - BELLO","2022-06-24","","159.45416667"
"UNIVERSIDAD SAN BUENAVENTURA - BELLO","2022-06-23","","172.6875"
"UNIVERSIDAD SAN BUENAVENTURA - BELLO","2022-06-22","","199.55833333"
"UNIVERSIDAD SAN BUENAVENTURA - BELLO","2022-06-21","","132.99583333"
"UNIVERSIDAD SAN BUENAVENTURA - BELLO","2022-06-20","","134.36666667"
"UNIVERSIDAD SAN BUENAVENTURA - BELLO","2022-06-19","","133.35"
"UNIVERSIDAD SAN BUENAVENTURA - BELLO","2022-06-18","","145.25833333"
"UNIVERSIDAD SAN BUENAVENTURA - BELLO","2022-06-17","","82.94166667"
"UNIVERSIDAD SAN BUENAVENTURA - BELLO","2022-06-16","","175.0125"
"UNIVERSIDAD SAN BUENAVENTURA - BELLO","2022-06-15","","156.55833333"
"UNIVERSIDAD SAN BUENAVENTURA - BELLO","2022-06-14","","108.00833333"
"UNIVERSIDAD SAN BUENAVENTURA - BELLO","2022-06-13","","170.78333333"
"UNIVERSIDAD SAN BUENAVENTURA - BELLO","2022-06-12","","163.93333333"
"UNIVERSIDAD SAN BUENAVENTURA - BELLO","2022-06-11","","103.74166667"
"UNIVERSIDAD SAN BUENAVENTURA - BELLO","2022-06-10","","192.02916667"
"UNIVERSIDAD SAN BUENAVENTURA - BELLO","2022-06-09","","160.81666667"
"UNIVERSIDAD SAN BUENAVENTURA - BELLO","2022-06-08","","195.47916667"
"UNIVERSIDAD SAN BUENAVENTURA - BELLO","2022-06-07","","53.04166667"
"UNIVERSIDAD SAN BUENAVENTURA - BELLO","2022-06-06","","170.5375"
"UNIVERSIDAD SAN BUENAVENTURA - BELLO","2022-06-05","","94.2125"
"UNIVERSIDAD SAN BUENAVENTURA - BELLO","2022-06-04","","136.97083333"
"UNIVERSIDAD SAN BUENAVENTURA - BELLO","2022-06-03","","83.66666667"
"UNIVERSIDAD SAN BUENAVENTURA - BELLO","2022-06-02","","155.67916667"
"UNIVERSIDAD SAN BUENAVENTURA - BELLO","2022-06-01","","161.475"
"UNIVERSIDAD SAN BUENAVENTURA - BELLO","2022-05-31","","121.23043478"
"UNIVERSIDAD SAN BUENAVENTURA - BELLO","2022-05-30","","137.23333333"
"UNIVERSIDAD SAN BUENAVENTURA - BELLO","2022-05-29","","130.36666667"
"UNIVERSIDAD SAN BUENAVENTURA - BELLO","2022-05-28","","163.05"
"UNIVERSIDAD SAN BUENAVENTURA - BELLO","2022-05-27","","153.625"
"UNIVERSIDAD SAN BUENAVENTURA - BELLO","2022-05-26","","123.55"
"UNIVERSIDAD SAN BUENAVENTURA - BELLO","2022-05-25","","124.89583333"
"UNIVERSIDAD SAN BUENAVENTURA - BELLO","2022-05-24","","183.9375"
"UNIVERSIDAD SAN BUENAVENTURA - BELLO","2022-05-23","","165.29166667"
"UNIVERSIDAD SAN BUENAVENTURA - BELLO","2022-05-22","","207.4125"
"UNIVERSIDAD SAN BUENAVENTURA - BELLO","2022-05-21","","159.5375"
"UNIVERSIDAD SAN BUENAVENTURA - BELLO","2022-05-20","","154.6875"
"UNIVERSIDAD SAN BUENAVENTURA - BELLO","2022-05-19","","116.3375"
"UNIVERSIDAD SAN BUENAVENTURA - BELLO","2022-05-18","","115.10416667"
"UNIVERSIDAD SAN BUENAVENTURA - BELLO","2022-05-17","","116.40416667"
"UNIVERSIDAD SAN BUENAVENTURA - BELLO","2022-05-16","","140.93333333"
"UNIVERSIDAD SAN BUENAVENTURA - BELLO","2022-05-15","","208.325"
"UNIVERSIDAD SAN BUENAVENTURA - BELLO","2022-05-14","","192.10416667"
"UNIVERSIDAD SAN BUENAVENTURA - BELLO","2022-05-13","","130.37083333"
"UNIVERSIDAD SAN BUENAVENTURA - BELLO","2022-05-12","","177.66666667"
"UNIVERSIDAD SAN BUENAVENTURA - BELLO","2022-05-11","","158.08333333"
"UNIVERSIDAD SAN BUENAVENTURA - BELLO","2022-05-10","","136.03333333"
"UNIVERSIDAD SAN BUENAVENTURA - BELLO","2022-05-09","","151.625"
"UNIVERSIDAD SAN BUENAVENTURA - BELLO","2022-05-08","","188.2875"
"UNIVERSIDAD SAN BUENAVENTURA - BELLO","2022-05-07","","92.62916667"
"UNIVERSIDAD SAN BUENAVENTURA - BELLO","2022-05-06","","82.13333333"
"UNIVERSIDAD SAN BUENAVENTURA - BELLO","2022-05-05","","137.56666667"
"UNIVERSIDAD SAN BUENAVENTURA - BELLO","2022-05-04","","159.8625"
"UNIVERSIDAD SAN BUENAVENTURA - BELLO","2022-05-03","","230.5875"
"UNIVERSIDAD SAN BUENAVENTURA - BELLO","2022-05-02","","165.28333333"
"UNIVERSIDAD SAN BUENAVENTURA - BELLO","2022-05-01","","208.70833333"
"UNIVERSIDAD SAN BUENAVENTURA - BELLO","2022-04-30","","130.99565217"
"UNIVERSIDAD SAN BUENAVENTURA - BELLO","2022-04-29","","159.30833333"
"UNIVERSIDAD SAN BUENAVENTURA - BELLO","2022-04-28","","124.8375"
"UNIVERSIDAD SAN BUENAVENTURA - BELLO","2022-04-27","","163.75652174"
"UNIVERSIDAD SAN BUENAVENTURA - BELLO","2022-04-26","","146.62916667"
"UNIVERSIDAD SAN BUENAVENTURA - BELLO","2022-04-25","","99.1625"
"UNIVERSIDAD SAN BUENAVENTURA - BELLO","2022-04-24","","138.78333333"
"UNIVERSIDAD SAN BUENAVENTURA - BELLO","2022-04-23","","169.7173913"
"UNIVERSIDAD SAN BUENAVENTURA - BELLO","2022-04-22","","126.425"
"UNIVERSIDAD SAN BUENAVENTURA - BELLO","2022-04-21","","133.65416667"
"UNIVERSIDAD SAN BUENAVENTURA - BELLO","2022-04-20","","104.125"
"UNIVERSIDAD SAN BUENAVENTURA - BELLO","2022-04-19","","117.87083333"
"UNIVERSIDAD SAN BUENAVENTURA - BELLO","2022-04-18","","96.20833333"
"UNIVERSIDAD SAN BUENAVENTURA - BELLO","2022-04-17","","129.0"
"UNIVERSIDAD SAN BUENAVENTURA - BELLO","2022-04-16","","104.6"
"UNIVERSIDAD SAN BUENAVENTURA - BELLO","2022-04-15","","164.77083333"
"UNIVERSIDAD SAN BUENAVENTURA - BELLO","2022-04-14","","165.85416667"
"UNIVERSIDAD SAN BUENAVENTURA - BELLO","2022-04-13","","142.75833333"
"UNIVERSIDAD SAN BUENAVENTURA - BELLO","2022-04-12","","196.99166667"
"UNIVERSIDAD SAN BUENAVENTURA - BELLO","2022-04-11","","173.60434783"
"UNIVERSIDAD SAN BUENAVENTURA - BELLO","2022-04-10","","124.67083333"
"UNIVERSIDAD SAN BUENAVENTURA - BELLO","2022-04-09","","165.09166667"
"UNIVERSIDAD SAN BUENAVENTURA - BELLO","2022-04-08","","109.64583333"
"UNIVERSIDAD SAN BUENAVENTURA - BELLO","2022-04-07","","121.84166667"
"UNIVERSIDAD SAN BUENAVENTURA - BELLO","2022-04-06","","200.37916667"
"UNIVERSIDAD SAN BUENAVENTURA - BELLO","2022-04-05","","167.35"
"UNIVERSIDAD SAN BUENAVENTURA - BELLO","2022-04-04","","130.99565217"
"UNIVERSIDAD SAN BUENAVENTURA - BELLO","2022-04-03","","121.50833333"
"UNIVERSIDAD SAN BUENAVENTURA - BELLO","2022-04-02","","210.49166667"
"UNIVERSIDAD SAN BUENAVENTURA - BELLO","2022-04-01","","125.55652174"
"UNIVERSIDAD SAN BUENAVENTURA - BELLO","2022-03-28","","92.11"
"UNIVERSIDAD SAN BUENAVENTURA - BELLO","2022-03-27","","89.7"
"UNIVERSIDAD SAN BUENAVENTURA - BELLO","2022-03-26","","156.30833333"
"UNIVERSIDAD SAN BUENAVENTURA - BELLO","2022-03-25","","92.15833333"
"UNIVERSIDAD SAN BUENAVENTURA - BELLO","2022-03-24","","196.19583333"
"UNIVERSIDAD SAN BUENAVENTURA - BELLO","2022-03-23","","124.0"
"UNIVERSIDAD SAN BUENAVENTURA - BELLO","2022-03-22","","146.28333333"
"UNIVERSIDAD SAN BUENAVENTURA - BELLO","2022-03-21","","154.45652174"
"UNIVERSIDAD SAN BUENAVENTURA - BELLO","2022-03-20","","157.53333333"
"UNIVERSIDAD SAN BUENAVENTURA - BELLO","2022-03-19","","152.2375"
"UNIVERSIDAD SAN BUENAVENTURA - BELLO","2022-03-18","","172.50833333"
"UNIVERSIDAD SAN BUENAVENTURA - BELLO","2022-03-17","","196.45"
"UNIVERSIDAD SAN BUENAVENTURA - BELLO","2022-03-16","","93.21363636"
"UNIVERSIDAD SAN BUENAVENTURA - BELLO","2022-03-15","","118.87272727"
"UNIVERSIDAD SAN BUENAVENTURA - BELLO","2022-03-14","","166.4173913"
"UNIVERSIDAD SAN BUENAVENTURA - BELLO","2022-03-13","","215.81666667"
"UNIVERSIDAD SAN BUENAVENTURA - BELLO","2022-03-12","","197.5875"
"UNIVERSIDAD SAN BUENAVENTURA - BELLO","2022-03-11","","148.75454545"
"UNIVERSIDAD SAN BUENAVENTURA - BELLO","2022-03-10","","167.66086957"
"UNIVERSIDAD SAN BUENAVENTURA - BELLO","2022-03-09","","146.31666667"
"UNIVERSIDAD SAN BUENAVENTURA - BELLO","2022-03-08","","152.475"
"UNIVERSIDAD SAN BUENAVENTURA - BELLO","2022-03-07","","138.45833333"
"UNIVERSIDAD SAN BUENAVENTURA - BELLO","2022-03-06","","49.57083333"
"UNIVERSIDAD SAN BUENAVENTURA - BELLO","2022-03-05","","110.62916667"
"UNIVERSIDAD SAN BUENAVENTURA - BELLO","2022-03-04","","139.20416667"
"UNIVERSIDAD SAN BUENAVENTURA - BELLO","2022-03-03","","197.5125"
"UNIVERSIDAD SAN BUENAVENTURA - BELLO","2022-03-02","","68.42916667"
"UNIVERSIDAD SAN BUENAVENTURA - BELLO","2022-03-01","","131.83333333"
"UNIVERSIDAD SAN BUENAVENTURA - BELLO","2022-02-28","","91.64347826"
"UNIVERSIDAD SAN BUENAVENTURA - BELLO","2022-02-27","","119.32916667"
"UNIVERSIDAD SAN BUENAVENTURA - BELLO","2022-02-26","","75.91666667"
"UNIVERSIDAD SAN BUENAVENTURA - BELLO","2022-02-25","","182.3"
"UNIVERSIDAD SAN BUENAVENTURA - BELLO","2022-02-24","","164.72916667"
"UNIVERSIDAD SAN BUENAVENTURA - BELLO","2022-02-23","","224.29166667"
"UNIVERSIDAD SAN BUENAVENTURA - BELLO","2022-02-22","","208.925"
"UNIVERSIDAD SAN BUENAVENTURA - BELLO","2022-02-21","","219.84166667"
"UNIVERSIDAD SAN BUENAVENTURA - BELLO","2022-02-20","","123.64782609"
"UNIVERSIDAD SAN BUENAVENTURA - BELLO","2022-02-19","","175.44782609"
"UNIVERSIDAD SAN BUENAVENTURA - BELLO","2022-02-18","","30.9625"
"UNIVERSIDAD SAN BUENAVENTURA - BELLO","2022-02-17","","182.6875"
"UNIVERSIDAD SAN BUENAVENTURA - BELLO","2022-02-16","","190.3875"
"UNIVERSIDAD SAN BUENAVENTURA - BELLO","2022-02-15","","153.17083333"
"UNIVERSIDAD SAN BUENAVENTURA - BELLO","2022-02-14","","111.55"
"UNIVERSIDAD SAN BUENAVENTURA - BELLO","2022-02-13","","148.45833333"
"UNIVERSIDAD SAN BUENAVENTURA - BELLO","2022-02-12","","196.65833333"
"UNIVERSIDAD SAN BUENAVENTURA - BELLO","2022-02-11","","216.32916667"
"UNIVERSIDAD SAN BUENAVENTURA - BELLO","2022-02-10","","177.40416667"
"UNIVERSIDAD SAN BUENAVENTURA - BELLO","2022-02-09","","91.00416667"
"UNIVERSIDAD SAN BUENAVENTURA - BELLO","2022-02-08","","68.48333333"
"UNIVERSIDAD SAN BUENAVENTURA - BELLO","2022-02-07","","104.2125"
"UNIVERSIDAD SAN BUENAVENTURA - BELLO","2022-02-06","","155.45833333"
"UNIVERSIDAD SAN BUENAVENTURA - BELLO","2022-02-05","","143.55416667"
"UNIVERSIDAD SAN BUENAVENTURA - BELLO","2022-02-04","","146.21666667"
"UNIVERSIDAD SAN BUENAVENTURA - BELLO","2022-02-03","","148.45833333"
"UNIVERSIDAD SAN BUENAVENTURA - BELLO","2022-02-02","","193.35416667"
"UNIVERSIDAD SAN BUENAVENTURA - BELLO","2022-02-01","","214.84583333"
"UNIVERSIDAD SAN BUENAVENTURA - BELLO","2022-01-31","","223.20869565"
"UNIVERSIDAD SAN BUENAVENTURA - BELLO","2022-01-30","","210.71666667"
"UNIVERSIDAD SAN BUENAVENTURA - BELLO","2022-01-29","","206.33333333"
"UNIVERSIDAD SAN BUENAVENTURA - BELLO","2022-01-28","","206.44583333"
"UNIVERSIDAD SAN BUENAVENTURA - BELLO","2022-01-27","","186.2875"
"UNIVERSIDAD SAN BUENAVENTURA - BELLO","2022-01-26","","153.06666667"
"UNIVERSIDAD SAN BUENAVENTURA - BELLO","2022-01-25","","129.07916667"
"UNIVERSIDAD SAN BUENAVENTURA - BELLO","2022-01-24","","126.57083333"
"UNIVERSIDAD SAN BUENAVENTURA - BELLO","2022-01-23","","196.825"
"UNIVERSIDAD SAN BUENAVENTURA - BELLO","2022-01-22","","109.90833333"
"UNIVERSIDAD SAN BUENAVENTURA - BELLO","2022-01-21","","154.75833333"
"UNIVERSIDAD SAN BUENAVENTURA - BELLO","2022-01-20","","159.34583333"
"UNIVERSIDAD SAN BUENAVENTURA - BELLO","2022-01-19","","187.82083333"
"UNIVERSIDAD SAN BUENAVENTURA - BELLO","2022-01-18","","88.42916667"
"UNIVERSIDAD SAN BUENAVENTURA - BELLO","2022-01-17","","127.5"
"UNIVERSIDAD SAN BUENAVENTURA - BELLO","2022-01-16","","185.975"
"UNIVERSIDAD SAN BUENAVENTURA - BELLO","2022-01-15","","162.475"
"UNIVERSIDAD SAN BUENAVENTURA - BELLO","2022-01-14","","169.34583333"
"UNIVERSIDAD SAN BUENAVENTURA - BELLO","2022-01-13","","113.38333333"
"UNIVERSIDAD SAN BUENAVENTURA - BELLO","2022-01-12","","134.72083333"
"UNIVERSIDAD SAN BUENAVENTURA - BELLO","2022-01-11","","82.67916667"
"UNIVERSIDAD SAN BUENAVENTURA - BELLO","2022-01-10","","93.09166667"
"UNIVERSIDAD SAN BUENAVENTURA - BELLO","2022-01-09","","153.35833333"
"UNIVERSIDAD SAN BUENAVENTURA - BELLO","2022-01-08","","175.0"
"UNIVERSIDAD SAN BUENAVENTURA - BELLO","2022-01-07","","74.30833333"
"UNIVERSIDAD SAN BUENAVENTURA - BELLO","2022-01-06","","114.99583333"
"UNIVERSIDAD SAN BUENAVENTURA - BELLO","2022-01-05","","201.78333333"
"UNIVERSIDAD SAN BUENAVENTURA - BELLO","2022-01-04","","198.675"
"UNIVERSIDAD SAN BUENAVENTURA - BELLO","2022-01-03","","190.5375"
"UNIVERSIDAD SAN BUENAVENTURA - BELLO","2022-01-02","","83.72083333"
"UNIVERSIDAD SAN BUENAVENTURA - BELLO","2022-01-01","","155.20833333"
"UNIVERSIDAD SAN BUENAVENTURA - BELLO","2021-12-31","","167.01304348"
"UNIVERSIDAD SAN BUENAVENTURA - BELLO","2021-12-30","","135.63333333"
"UNIVERSIDAD SAN BUENAVENTURA - BELLO","2021-12-29","","71.58333333"
"UNIVERSIDAD SAN BUENAVENTURA - BELLO","2021-12-28","","142.92916667"
"UNIVERSIDAD SAN BUENAVENTURA - BELLO","2021-12-27","","81.81666667"
"UNIVERSIDAD SAN BUENAVENTURA - BELLO","2021-12-26","","111.52916667"
"UNIVERSIDAD SAN BUENAVENTURA - BELLO","2021-12-25","","165.10833333"
"UNIVERSIDAD SAN BUENAVENTURA - BELLO","2021-12-24","","177.38333333"
"UNIVERSIDAD SAN BUENAVENTURA - BELLO","2021-12-23","","182.16666667"
"UNIVERSIDAD SAN BUENAVENTURA - BELLO","2021-12-22","","189.84166667"
"UNIVERSIDAD SAN BUENAVENTURA - BELLO","2021-12-21","","85.2625"
"UNIVERSIDAD SAN BUENAVENTURA - BELLO","2021-12-20","","170.5"
"UNIVERSIDAD SAN BUENAVENTURA - BELLO","2021-12-19","","197.6125"
"UNIVERSIDAD SAN BUENAVENTURA - BELLO","2021-12-18","","45.25"
"UNIVERSIDAD SAN BUENAVENTURA - BELLO","2021-12-17","","73.1125"
"UNIVERSIDAD SAN BUENAVENTURA - BELLO","2021-12-16","","112.225"
"UNIVERSIDAD SAN BUENAVENTURA - BELLO","2021-12-15","","174.0125"
"UNIVERSIDAD SAN BUENAVENTURA - BELLO","2021-12-14","","128.125"
"UNIVERSIDAD SAN BUENAVENTURA - BELLO","2021-12-13","","203.62916667"
"UNIVERSIDAD SAN BUENAVENTURA - BELLO","2021-12-12","","59.52916667"
"UNIVERSIDAD SAN BUENAVENTURA - BELLO","2021-12-11","","133.54166667"
"UNIVERSIDAD SAN BUENAVENTURA - BELLO","2021-12-10","","151.17916667"
"UNIVERSIDAD SAN BUENAVENTURA - BELLO","2021-12-09","","158.86666667"
"UNIVERSIDAD SAN BUENAVENTURA - BELLO","2021-12-08","","137.8"
"UNIVERSIDAD SAN BUENAVENTURA - BELLO","2021-12-07","","186.16666667"
"UNIVERSIDAD SAN BUENAVENTURA - BELLO","2021-12-06","","139.81666667"
"UNIVERSIDAD SAN BUENAVENTURA - BELLO","2021-12-05","","154.975"
"UNIVERSIDAD SAN BUENAVENTURA - BELLO","2021-12-04","","149.50416667"
"UNIVERSIDAD SAN BUENAVENTURA - BELLO","2021-12-03","","102.03333333"
"UNIVERSIDAD SAN BUENAVENTURA - BELLO","2021-12-02","","187.95833333"
"UNIVERSIDAD SAN BUENAVENTURA - BELLO","2021-12-01","","186.87083333"
"UNIVERSIDAD SAN BUENAVENTURA - BELLO","2021-11-02","","168.03636364"
"UNIVERSIDAD SAN BUENAVENTURA - BELLO","2021-11-01","","144.025"
"UNIVERSIDAD SAN BUENAVENTURA - BELLO","2021-10-31","","120.07391304"
"UNIVERSIDAD SAN BUENAVENTURA - BELLO","2021-10-30","","99.08333333"
"UNIVERSIDAD SAN BUENAVENTURA - BELLO","2021-10-29","","83.92083333"
"UNIVERSIDAD SAN BUENAVENTURA - BELLO","2021-10-28","","148.6625"
"UNIVERSIDAD SAN BUENAVENTURA - BELLO","2021-10-27","","104.3"
"UNIVERSIDAD SAN BUENAVENTURA - BELLO","2021-10-26","","161.97916667"
"UNIVERSIDAD SAN BUENAVENTURA - BELLO","2021-10-25","","204.74166667"
"UNIVERSIDAD SAN BUENAVENTURA - BELLO","2021-10-24","","202.30416667"
"UNIVERSIDAD SAN BUENAVENTURA - BELLO","2021-10-23","","163.94347826"
"UNIVERSIDAD SAN BUENAVENTURA - BELLO","2021-10-22","","164.6125"
"UNIVERSIDAD SAN BUENAVENTURA - BELLO","2021-10-21","","150.7"
"UNIVERSIDAD SAN BUENAVENTURA - BELLO","2021-10-20","","136.98333333"
"UNIVERSIDAD SAN BUENAVENTURA - BELLO","2021-10-19","","177.69583333"
"UNIVERSIDAD SAN BUENAVENTURA - BELLO","2021-10-18","","206.1"
"UNIVERSIDAD SAN BUENAVENTURA - BELLO","2021-10-17","","114.97083333"
"UNIVERSIDAD SAN BUENAVENTURA - BELLO","2021-10-16","","168.13333333"
"UNIVERSIDAD SAN BUENAVENTURA - BELLO","2021-10-15","","185.66666667"
"UNIVERSIDAD SAN BUENAVENTURA - BELLO","2021-10-14","","129.9625"
"UNIVERSIDAD SAN BUENAVENTURA - BELLO","2021-10-13","","142.02916667"
"UNIVERSIDAD SAN BUENAVENTURA - BELLO","2021-10-12","","136.7125"
"UNIVERSIDAD SAN BUENAVENTURA - BELLO","2021-10-11","","130.35833333"
"UNIVERSIDAD SAN BUENAVENTURA - BELLO","2021-10-10","","133.725"
"UNIVERSIDAD SAN BUENAVENTURA - BELLO","2021-10-09","","141.46666667"
"UNIVERSIDAD SAN BUENAVENTURA - BELLO","2021-10-08","","149.5"
"UNIVERSIDAD SAN BUENAVENTURA - BELLO","2021-10-07","","166.0"
"UNIVERSIDAD SAN BUENAVENTURA - BELLO","2021-10-06","","172.29166667"
"UNIVERSIDAD SAN BUENAVENTURA - BELLO","2021-10-05","","109.8625"
"UNIVERSIDAD SAN BUENAVENTURA - BELLO","2021-10-04","","187.07916667"
"UNIVERSIDAD SAN BUENAVENTURA - BELLO","2021-10-03","","210.93333333"
"UNIVERSIDAD SAN BUENAVENTURA - BELLO","2021-10-02","","147.59166667"
"UNIVERSIDAD SAN BUENAVENTURA - BELLO","2021-10-01","","132.375"
"UNIVERSIDAD SAN BUENAVENTURA - BELLO","2021-09-30","","140.69545455"
"UNIVERSIDAD SAN BUENAVENTURA - BELLO","2021-09-29","","136.33333333"
"UNIVERSIDAD SAN BUENAVENTURA - BELLO","2021-09-28","","61.62916667"
"UNIVERSIDAD SAN BUENAVENTURA - BELLO","2021-09-27","","180.475"
"UNIVERSIDAD SAN BUENAVENTURA - BELLO","2021-09-26","","229.39583333"
"UNIVERSIDAD SAN BUENAVENTURA - BELLO","2021-09-25","","167.92083333"
"UNIVERSIDAD SAN BUENAVENTURA - BELLO","2021-09-24","","153.12916667"
"UNIVERSIDAD SAN BUENAVENTURA - BELLO","2021-09-23","","92.62083333"
"UNIVERSIDAD SAN BUENAVENTURA - BELLO","2021-09-22","","141.9375"
"UNIVERSIDAD SAN BUENAVENTURA - BELLO","2021-09-21","","127.01666667"
"UNIVERSIDAD SAN BUENAVENTURA - BELLO","2021-09-20","","188.79166667"
"UNIVERSIDAD SAN BUENAVENTURA - BELLO","2021-09-19","","191.05217391"
"UNIVERSIDAD SAN BUENAVENTURA - BELLO","2021-09-18","","203.3125"
"UNIVERSIDAD SAN BUENAVENTURA - BELLO","2021-09-17","","231.85416667"
"UNIVERSIDAD SAN BUENAVENTURA - BELLO","2021-09-16","","177.84782609"
"UNIVERSIDAD SAN BUENAVENTURA - BELLO","2021-09-15","","183.32173913"
"UNIVERSIDAD SAN BUENAVENTURA - BELLO","2021-09-14","","204.125"
"UNIVERSIDAD SAN BUENAVENTURA - BELLO","2021-09-13","","198.6"
"UNIVERSIDAD SAN BUENAVENTURA - BELLO","2021-09-12","","164.30869565"
"UNIVERSIDAD SAN BUENAVENTURA - BELLO","2021-09-11","","137.97083333"
"UNIVERSIDAD SAN BUENAVENTURA - BELLO","2021-09-10","","202.125"
"UNIVERSIDAD SAN BUENAVENTURA - BELLO","2021-09-09","","186.92916667"
"UNIVERSIDAD SAN BUENAVENTURA - BELLO","2021-09-08","","92.23333333"
"UNIVERSIDAD SAN BUENAVENTURA - BELLO","2021-09-07","","110.0125"
"UNIVERSIDAD SAN BUENAVENTURA - BELLO","2021-09-06","","136.25833333"
"UNIVERSIDAD SAN BUENAVENTURA - BELLO","2021-09-05","","154.45833333"
"UNIVERSIDAD SAN BUENAVENTURA - BELLO","2021-09-04","","175.17916667"
"UNIVERSIDAD SAN BUENAVENTURA - BELLO","2021-09-03","","194.80416667"
"UNIVERSIDAD SAN BUENAVENTURA - BELLO","2021-09-02","","198.75833333"
"UNIVERSIDAD SAN BUENAVENTURA - BELLO","2021-09-01","","129.3875"
"UNIVERSIDAD SAN BUENAVENTURA - BELLO","2021-08-31","","114.63913043"
"UNIVERSIDAD SAN BUENAVENTURA - BELLO","2021-08-30","","112.3625"
"UNIVERSIDAD SAN BUENAVENTURA - BELLO","2021-08-29","","186.75416667"
"UNIVERSIDAD SAN BUENAVENTURA - BELLO","2021-08-28","","123.16666667"
"UNIVERSIDAD SAN BUENAVENTURA - BELLO","2021-08-27","","169.6625"
"UNIVERSIDAD SAN BUENAVENTURA - BELLO","2021-08-26","","116.56666667"
"UNIVERSIDAD SAN BUENAVENTURA - BELLO","2021-08-25","","137.875"
"UNIVERSIDAD SAN BUENAVENTURA - BELLO","2021-08-24","","126.23333333"
"UNIVERSIDAD SAN BUENAVENTURA - BELLO","2021-08-23","","145.74583333"
"UNIVERSIDAD SAN BUENAVENTURA - BELLO","2021-08-22","","200.84583333"
"UNIVERSIDAD SAN BUENAVENTURA - BELLO","2021-08-21","","190.42916667"
"UNIVERSIDAD SAN BUENAVENTURA - BELLO","2021-08-20","","125.9875"
"UNIVERSIDAD SAN BUENAVENTURA - BELLO","2021-08-19","","93.80833333"
"UNIVERSIDAD SAN BUENAVENTURA - BELLO","2021-08-18","","157.075"
"UNIVERSIDAD SAN BUENAVENTURA - BELLO","2021-08-17","","182.9375"
"UNIVERSIDAD SAN BUENAVENTURA - BELLO","2021-08-16","","152.8375"
"UNIVERSIDAD SAN BUENAVENTURA - BELLO","2021-08-15","","156.06521739"
"UNIVERSIDAD SAN BUENAVENTURA - BELLO","2021-08-14","","96.06666667"
"UNIVERSIDAD SAN BUENAVENTURA - BELLO","2021-08-13","","182.0125"
"UNIVERSIDAD SAN BUENAVENTURA - BELLO","2021-08-12","","133.0875"
"UNIVERSIDAD SAN BUENAVENTURA - BELLO","2021-08-11","","166.7875"
"UNIVERSIDAD SAN BUENAVENTURA - BELLO","2021-08-10","","130.67916667"
"UNIVERSIDAD SAN BUENAVENTURA - BELLO","2021-08-09","","224.25833333"
"UNIVERSIDAD SAN BUENAVENTURA - BELLO","2021-08-08","","151.58333333"
"UNIVERSIDAD SAN BUENAVENTURA - BELLO","2021-08-07","","187.825"
"UNIVERSIDAD SAN BUENAVENTURA - BELLO","2021-08-06","","218.42916667"
"UNIVERSIDAD SAN BUENAVENTURA - BELLO","2021-08-05","","215.825"
"UNIVERSIDAD SAN BUENAVENTURA - BELLO","2021-08-04","","169.63636364"
"UNIVERSIDAD SAN BUENAVENTURA - BELLO","2021-08-03","","138.69583333"
"UNIVERSIDAD SAN BUENAVENTURA - BELLO","2021-08-02","","189.025"
"UNIVERSIDAD SAN BUENAVENTURA - BELLO","2021-08-01","","158.9875"
"UNIVERSIDAD SAN BUENAVENTURA - BELLO","2021-07-31","","216.56956522"
"UNIVERSIDAD SAN BUENAVENTURA - BELLO","2021-07-30","","164.67083333"
"UNIVERSIDAD SAN BUENAVENTURA - BELLO","2021-07-29","","159.84166667"
"UNIVERSIDAD SAN BUENAVENTURA - BELLO","2021-07-28","","180.0875"
"UNIVERSIDAD SAN BUENAVENTURA - BELLO","2021-07-27","","70.25833333"
"UNIVERSIDAD SAN BUENAVENTURA - BELLO","2021-07-26","","186.59130435"
"UNIVERSIDAD SAN BUENAVENTURA - BELLO","2021-07-25","","84.90416667"
"UNIVERSIDAD SAN BUENAVENTURA - BELLO","2021-07-24","","66.65833333"
"UNIVERSIDAD SAN BUENAVENTURA - BELLO","2021-07-23","","183.23333333"
"UNIVERSIDAD SAN BUENAVENTURA - BELLO","2021-07-22","","161.8625"
"UNIVERSIDAD SAN BUENAVENTURA - BELLO","2021-07-21","","185.67083333"
"UNIVERSIDAD SAN BUENAVENTURA - BELLO","2021-07-20","","194.425"
"UNIVERSIDAD SAN BUENAVENTURA - BELLO","2021-07-19","","196.925"
"UNIVERSIDAD SAN BUENAVENTURA - BELLO","2021-07-18","","182.88333333"
"UNIVERSIDAD SAN BUENAVENTURA - BELLO","2021-07-17","","213.125"
"UNIVERSIDAD SAN BUENAVENTURA - BELLO","2021-07-16","","193.125"
"UNIVERSIDAD SAN BUENAVENTURA - BELLO","2021-07-15","","219.57916667"
"UNIVERSIDAD SAN BUENAVENTURA - BELLO","2021-07-14","","202.05833333"
"UNIVERSIDAD SAN BUENAVENTURA - BELLO","2021-07-13","","173.49166667"
"UNIVERSIDAD SAN BUENAVENTURA - BELLO","2021-07-12","","159.16666667"
"UNIVERSIDAD SAN BUENAVENTURA - BELLO","2021-07-11","","198.325"
"UNIVERSIDAD SAN BUENAVENTURA - BELLO","2021-07-10","","111.29166667"
"UNIVERSIDAD SAN BUENAVENTURA - BELLO","2021-07-09","","137.5"
"UNIVERSIDAD SAN BUENAVENTURA - BELLO","2021-07-08","","198.875"
"UNIVERSIDAD SAN BUENAVENTURA - BELLO","2021-07-07","","186.37391304"
"UNIVERSIDAD SAN BUENAVENTURA - BELLO","2021-07-06","","183.60416667"
"UNIVERSIDAD SAN BUENAVENTURA - BELLO","2021-07-05","","198.05833333"
"UNIVERSIDAD SAN BUENAVENTURA - BELLO","2021-07-04","","203.83333333"
"UNIVERSIDAD SAN BUENAVENTURA - BELLO","2021-07-03","","122.7125"
"UNIVERSIDAD SAN BUENAVENTURA - BELLO","2021-07-02","","184.70416667"
"UNIVERSIDAD SAN BUENAVENTURA - BELLO","2021-07-01","","149.325"
"UNIVERSIDAD SAN BUENAVENTURA - BELLO","2021-06-30","","147.13478261"
"UNIVERSIDAD SAN BUENAVENTURA - BELLO","2021-06-29","","195.225"
"UNIVERSIDAD SAN BUENAVENTURA - BELLO","2021-06-28","","176.2875"
"UNIVERSIDAD SAN BUENAVENTURA - BELLO","2021-06-27","","139.75416667"
"UNIVERSIDAD SAN BUENAVENTURA - BELLO","2021-06-26","","131.55"
"UNIVERSIDAD SAN BUENAVENTURA - BELLO","2021-06-25","","164.83333333"
"UNIVERSIDAD SAN BUENAVENTURA - BELLO","2021-06-24","","123.5875"
"UNIVERSIDAD SAN BUENAVENTURA - BELLO","2021-06-23","","189.97916667"
"UNIVERSIDAD SAN BUENAVENTURA - BELLO","2021-06-22","","81.32083333"
"UNIVERSIDAD SAN BUENAVENTURA - BELLO","2021-06-21","","162.22083333"
"UNIVERSIDAD SAN BUENAVENTURA - BELLO","2021-06-20","","159.6875"
"UNIVERSIDAD SAN BUENAVENTURA - BELLO","2021-06-19","","176.175"
"UNIVERSIDAD SAN BUENAVENTURA - BELLO","2021-06-18","","204.28333333"
"UNIVERSIDAD SAN BUENAVENTURA - BELLO","2021-06-17","","160.33333333"
"UNIVERSIDAD SAN BUENAVENTURA - BELLO","2021-06-16","","166.2375"
"UNIVERSIDAD SAN BUENAVENTURA - BELLO","2021-06-15","","182.45"
"UNIVERSIDAD SAN BUENAVENTURA - BELLO","2021-06-14","","124.2625"
"UNIVERSIDAD SAN BUENAVENTURA - BELLO","2021-06-13","","85.24166667"
"UNIVERSIDAD SAN BUENAVENTURA - BELLO","2021-06-12","","191.0375"
"UNIVERSIDAD SAN BUENAVENTURA - BELLO","2021-06-11","","174.39166667"
"UNIVERSIDAD SAN BUENAVENTURA - BELLO","2021-06-10","","157.45416667"
"UNIVERSIDAD SAN BUENAVENTURA - BELLO","2021-06-09","","88.1125"
"UNIVERSIDAD SAN BUENAVENTURA - BELLO","2021-06-08","","91.55416667"
"UNIVERSIDAD SAN BUENAVENTURA - BELLO","2021-06-07","","116.9"
"UNIVERSIDAD SAN BUENAVENTURA - BELLO","2021-06-06","","134.9625"
"UNIVERSIDAD SAN BUENAVENTURA - BELLO","2021-06-05","","130.24583333"
"UNIVERSIDAD SAN BUENAVENTURA - BELLO","2021-06-04","","189.075"
"UNIVERSIDAD SAN BUENAVENTURA - BELLO","2021-06-03","","185.04583333"
"UNIVERSIDAD SAN BUENAVENTURA - BELLO","2021-06-02","","179.92916667"
"UNIVERSIDAD SAN BUENAVENTURA - BELLO","2021-06-01","","147.32916667"
"UNIVERSIDAD SAN BUENAVENTURA - BELLO","2021-05-31","","125.75652174"
"UNIVERSIDAD SAN BUENAVENTURA - BELLO","2021-05-30","","155.91666667"
"UNIVERSIDAD SAN BUENAVENTURA - BELLO","2021-05-29","","87.9125"
"UNIVERSIDAD SAN BUENAVENTURA - BELLO","2021-05-28","","134.05416667"
"UNIVERSIDAD SAN BUENAVENTURA - BELLO","2021-05-27","","97.75416667"
"UNIVERSIDAD SAN BUENAVENTURA - BELLO","2021-05-26","","184.9375"
"UNIVERSIDAD SAN BUENAVENTURA - BELLO","2021-05-25","","224.03043478"
"UNIVERSIDAD SAN BUENAVENTURA - BELLO","2021-05-24","","141.6625"
"UNIVERSIDAD SAN BUENAVENTURA - BELLO","2021-05-23","","177.95416667"
"UNIVERSIDAD SAN BUENAVENTURA - BELLO","2021-05-22","","168.975"
"UNIVERSIDAD SAN BUENAVENTURA - BELLO","2021-05-21","","112.66666667"
"UNIVERSIDAD SAN BUENAVENTURA - BELLO","2021-05-20","","210.6"
"UNIVERSIDAD SAN BUENAVENTURA - BELLO","2021-05-19","","216.4375"
"UNIVERSIDAD SAN BUENAVENTURA - BELLO","2021-05-18","","108.79583333"
"UNIVERSIDAD SAN BUENAVENTURA - BELLO","2021-05-17","","166.61666667"
"UNIVERSIDAD SAN BUENAVENTURA - BELLO","2021-05-16","","198.62916667"
"UNIVERSIDAD SAN BUENAVENTURA - BELLO","2021-05-15","","186.66086957"
"UNIVERSIDAD SAN BUENAVENTURA - BELLO","2021-05-14","","164.72916667"
"UNIVERSIDAD SAN BUENAVENTURA - BELLO","2021-05-13","","210.43333333"
"UNIVERSIDAD SAN BUENAVENTURA - BELLO","2021-05-12","","196.17916667"
"UNIVERSIDAD SAN BUENAVENTURA - BELLO","2021-05-11","","183.8625"
"UNIVERSIDAD SAN BUENAVENTURA - BELLO","2021-05-10","","98.93043478"
"UNIVERSIDAD SAN BUENAVENTURA - BELLO","2021-05-09","","201.25"
"UNIVERSIDAD SAN BUENAVENTURA - BELLO","2021-05-08","","147.93913043"
"UNIVERSIDAD SAN BUENAVENTURA - BELLO","2021-05-07","","192.40416667"
"UNIVERSIDAD SAN BUENAVENTURA - BELLO","2021-05-06","","153.34347826"
"UNIVERSIDAD SAN BUENAVENTURA - BELLO","2021-05-05","","163.56086957"
"UNIVERSIDAD SAN BUENAVENTURA - BELLO","2021-05-04","","183.56666667"
"UNIVERSIDAD SAN BUENAVENTURA - BELLO","2021-05-03","","110.77916667"
"UNIVERSIDAD SAN BUENAVENTURA - BELLO","2021-05-02","","128.70833333"
"UNIVERSIDAD SAN BUENAVENTURA - BELLO","2021-05-01","","93.52916667"
"UNIVERSIDAD SAN BUENAVENTURA - BELLO","2021-04-30","","99.73913043"
"UNIVERSIDAD SAN BUENAVENTURA - BELLO","2021-04-29","","109.2125"
"UNIVERSIDAD SAN BUENAVENTURA - BELLO","2021-04-28","","94.825"
"UNIVERSIDAD SAN BUENAVENTURA - BELLO","2021-04-27","","64.38333333"
"UNIVERSIDAD SAN BUENAVENTURA - BELLO","2021-04-26","","172.7375"
"UNIVERSIDAD SAN BUENAVENTURA - BELLO","2021-04-25","","183.0"
"UNIVERSIDAD SAN BUENAVENTURA - BELLO","2021-04-24","","173.74583333"
"UNIVERSIDAD SAN BUENAVENTURA - BELLO","2021-04-23","","84.6625"
"UNIVERSIDAD SAN BUENAVENTURA - BELLO","2021-04-22","","200.41666667"
"UNIVERSIDAD SAN BUENAVENTURA - BELLO","2021-04-21","","188.52916667"
"UNIVERSIDAD SAN BUENAVENTURA - BELLO","2021-04-20","","198.79583333"
"UNIVERSIDAD SAN BUENAVENTURA - BELLO","2021-04-19","","196.34166667"
"UNIVERSIDAD SAN BUENAVENTURA - BELLO","2021-04-18","","198.09166667"
"UNIVERSIDAD SAN BUENAVENTURA - BELLO","2021-04-17","","200.95416667"
"UNIVERSIDAD SAN BUENAVENTURA - BELLO","2021-04-16","","128.95"
"UNIVERSIDAD SAN BUENAVENTURA - BELLO","2021-04-15","","125.07916667"
"UNIVERSIDAD SAN BUENAVENTURA - BELLO","2021-04-14","","111.275"
"UNIVERSIDAD SAN BUENAVENTURA - BELLO","2021-04-13","","182.59583333"
"UNIVERSIDAD SAN BUENAVENTURA - BELLO","2021-04-12","","133.38333333"
"UNIVERSIDAD SAN BUENAVENTURA - BELLO","2021-04-11","","147.03043478"
"UNIVERSIDAD SAN BUENAVENTURA - BELLO","2021-04-10","","141.62916667"
"UNIVERSIDAD SAN BUENAVENTURA - BELLO","2021-04-09","","115.72916667"
"UNIVERSIDAD SAN BUENAVENTURA - BELLO","2021-04-08","","162.94583333"
"UNIVERSIDAD SAN BUENAVENTURA - BELLO","2021-04-07","","111.05"
"UNIVERSIDAD SAN BUENAVENTURA - BELLO","2021-04-06","","143.59166667"
"UNIVERSIDAD SAN BUENAVENTURA - BELLO","2021-04-05","","155.0375"
"UNIVERSIDAD SAN BUENAVENTURA - BELLO","2021-04-04","","159.14166667"
"UNIVERSIDAD SAN BUENAVENTURA - BELLO","2021-04-03","","158.69166667"
"UNIVERSIDAD SAN BUENAVENTURA - BELLO","2021-04-02","","126.18333333"
"UNIVERSIDAD SAN BUENAVENTURA - BELLO","2021-04-01","","94.35217391"
"UNIVERSIDAD SAN BUENAVENTURA - BELLO","2021-03-31","","173.46666667"
"UNIVERSIDAD SAN BUENAVENTURA - BELLO","2021-03-30","","188.6"
"UNIVERSIDAD SAN BUENAVENTURA - BELLO","2021-03-29","","141.8625"
"UNIVERSIDAD SAN BUENAVENTURA - BELLO","2021-03-28","","105.72173913"
"UNIVERSIDAD SAN BUENAVENTURA - BELLO","2021-03-27","","180.62083333"
"UNIVERSIDAD SAN BUENAVENTURA - BELLO","2021-03-26","","153.00833333"
"UNIVERSIDAD SAN BUENAVENTURA - BELLO","2021-03-25","","195.45"
"UNIVERSIDAD SAN BUENAVENTURA - BELLO","2021-03-24","","143.67826087"
"UNIVERSIDAD SAN BUENAVENTURA - BELLO","2021-03-23","","122.64583333"
"UNIVERSIDAD SAN BUENAVENTURA - BELLO","2021-03-22","","91.72083333"
"UNIVERSIDAD SAN BUENAVENTURA - BELLO","2021-03-21","","156.37727273"
"UNIVERSIDAD SAN BUENAVENTURA - BELLO","2021-03-20","","138.4875"
"UNIVERSIDAD SAN BUENAVENTURA - BELLO","2021-03-19","","113.95714286"
"UNIVERSIDAD SAN BUENAVENTURA - BELLO","2021-03-18","","145.9125"
"UNIVERSIDAD SAN BUENAVENTURA - BELLO","2021-03-17","","139.64347826"
"UNIVERSIDAD SAN BUENAVENTURA - BELLO","2021-03-16","","152.85416667"
"UNIVERSIDAD SAN BUENAVENTURA - BELLO","2021-03-15","","130.35652174"
"UNIVERSIDAD SAN BUENAVENTURA - BELLO","2021-03-14","","136.69565217"
"UNIVERSIDAD SAN BUENAVENTURA - BELLO","2021-03-13","","143.81666667"
"UNIVERSIDAD SAN BUENAVENTURA - BELLO","2021-03-12","","88.1625"
"UNIVERSIDAD SAN BUENAVENTURA - BELLO","2021-03-11","","94.57916667"
"UNIVERSIDAD SAN BUENAVENTURA - BELLO","2021-03-10","","132.6875"
"UNIVERSIDAD SAN BUENAVENTURA - BELLO","2021-03-09","","173.05416667"
"UNIVERSIDAD SAN BUENAVENTURA - BELLO","2021-03-08","","128.50833333"
"UNIVERSIDAD SAN BUENAVENTURA - BELLO","2021-03-07","","137.0125"
"UNIVERSIDAD SAN BUENAVENTURA - BELLO","2021-03-06","","157.23333333"
"UNIVERSIDAD SAN BUENAVENTURA - BELLO","2021-03-05","","145.94347826"
"UNIVERSIDAD SAN BUENAVENTURA - BELLO","2021-03-04","","158.2625"
"UNIVERSIDAD SAN BUENAVENTURA - BELLO","2021-03-03","","140.96666667"
"UNIVERSIDAD SAN BUENAVENTURA - BELLO","2021-03-02","","162.16956522"
"UNIVERSIDAD SAN BUENAVENTURA - BELLO","2021-03-01","","189.3375"
"UNIVERSIDAD SAN BUENAVENTURA - BELLO","2021-02-28","","191.21276596"
"UNIVERSIDAD SAN BUENAVENTURA - BELLO","2021-02-27","","155.4125"
"UNIVERSIDAD SAN BUENAVENTURA - BELLO","2021-02-26","","160.82916667"
"UNIVERSIDAD SAN BUENAVENTURA - BELLO","2021-02-25","","172.3"
"UNIVERSIDAD SAN BUENAVENTURA - BELLO","2021-02-24","","161.52608696"
"UNIVERSIDAD SAN BUENAVENTURA - BELLO","2021-02-23","","125.225"
"UNIVERSIDAD SAN BUENAVENTURA - BELLO","2021-02-22","","148.20869565"
"UNIVERSIDAD SAN BUENAVENTURA - BELLO","2021-02-21","","156.55416667"
"UNIVERSIDAD SAN BUENAVENTURA - BELLO","2021-02-20","","167.775"
"UNIVERSIDAD SAN BUENAVENTURA - BELLO","2021-02-19","","148.91666667"
"UNIVERSIDAD SAN BUENAVENTURA - BELLO","2021-02-18","","85.2625"
"UNIVERSIDAD SAN BUENAVENTURA - BELLO","2021-02-17","","193.30416667"
"UNIVERSIDAD SAN BUENAVENTURA - BELLO","2021-02-16","","188.29166667"
"UNIVERSIDAD SAN BUENAVENTURA - BELLO","2021-02-15","","146.95"
"UNIVERSIDAD SAN BUENAVENTURA - BELLO","2021-02-14","","143.6375"
"UNIVERSIDAD SAN BUENAVENTURA - BELLO","2021-02-13","","135.88333333"
"UNIVERSIDAD SAN BUENAVENTURA - BELLO","2021-02-12","","108.52916667"
"UNIVERSIDAD SAN BUENAVENTURA - BELLO","2021-02-11","","200.45"
"UNIVERSIDAD SAN BUENAVENTURA - BELLO","2021-02-10","","207.80416667"
"UNIVERSIDAD SAN BUENAVENTURA - BELLO","2021-02-09","","128.5"
"UNIVERSIDAD SAN BUENAVENTURA - BELLO","2021-02-08","","110.49583333"
"UNIVERSIDAD SAN BUENAVENTURA - BELLO","2021-02-07","","177.1625"
"UNIVERSIDAD SAN BUENAVENTURA - BELLO","2021-02-06","","185.65833333"
"UNIVERSIDAD SAN BUENAVENTURA - BELLO","2021-02-05","","106.62083333"
"UNIVERSIDAD SAN BUENAVENTURA - BELLO","2021-02-04","","199.275"
"UNIVERSIDAD SAN BUENAVENTURA - BELLO","2021-02-03","","99.6375"
"UNIVERSIDAD SAN BUENAVENTURA - BELLO","2021-02-02","","185.5875"
"UNIVERSIDAD SAN BUENAVENTURA - BELLO","2021-02-01","","152.92083333"
"UNIVERSIDAD SAN BUENAVENTURA - BELLO","2021-01-31","","184.19583333"
"UNIVERSIDAD SAN BUENAVENTURA - BELLO","2021-01-30","","202.07083333"
"UNIVERSIDAD SAN BUENAVENTURA - BELLO","2021-01-29","","185.31666667"
"UNIVERSIDAD SAN BUENAVENTURA - BELLO","2021-01-28","","162.88333333"
"UNIVERSIDAD SAN BUENAVENTURA - BELLO","2021-01-27","","166.1"
"UNIVERSIDAD SAN BUENAVENTURA - BELLO","2021-01-26","","101.4125"
"UNIVERSIDAD SAN BUENAVENTURA - BELLO","2021-01-25","","157.80416667"
"UNIVERSIDAD SAN BUENAVENTURA - BELLO","2021-01-24","","187.71666667"
"UNIVERSIDAD SAN BUENAVENTURA - BELLO","2021-01-23","","143.55416667"
"UNIVERSIDAD SAN BUENAVENTURA - BELLO","2021-01-22","","184.03043478"
"UNIVERSIDAD SAN BUENAVENTURA - BELLO","2021-01-21","","169.4375"
"UNIVERSIDAD SAN BUENAVENTURA - BELLO","2021-01-20","","143.9875"
"UNIVERSIDAD SAN BUENAVENTURA - BELLO","2021-01-19","","180.75"
"UNIVERSIDAD SAN BUENAVENTURA - BELLO","2021-01-18","","195.6125"
"UNIVERSIDAD SAN BUENAVENTURA - BELLO","2021-01-17","","207.3375"
"UNIVERSIDAD SAN BUENAVENTURA - BELLO","2021-01-16","","196.66666667"
"UNIVERSIDAD SAN BUENAVENTURA - BELLO","2021-01-15","","204.42916667"
"UNIVERSIDAD SAN BUENAVENTURA - BELLO","2021-01-14","","183.8"
"UNIVERSIDAD SAN BUENAVENTURA - BELLO","2021-01-13","","201.26666667"
"UNIVERSIDAD SAN BUENAVENTURA - BELLO","2021-01-12","","209.82083333"
"UNIVERSIDAD SAN BUENAVENTURA - BELLO","2021-01-11","","171.35416667"
"UNIVERSIDAD SAN BUENAVENTURA - BELLO","2021-01-10","","195.55833333"
"UNIVERSIDAD SAN BUENAVENTURA - BELLO","2021-01-09","","140.35"
"UNIVERSIDAD SAN BUENAVENTURA - BELLO","2021-01-08","","75.6125"
"UNIVERSIDAD SAN BUENAVENTURA - BELLO","2021-01-07","","120.82916667"
"UNIVERSIDAD SAN BUENAVENTURA - BELLO","2021-01-06","","172.7875"
"UNIVERSIDAD SAN BUENAVENTURA - BELLO","2021-01-05","","190.95833333"
"UNIVERSIDAD SAN BUENAVENTURA - BELLO","2021-01-04","","204.05"
"UNIVERSIDAD SAN BUENAVENTURA - BELLO","2021-01-03","","188.1"
"UNIVERSIDAD SAN BUENAVENTURA - BELLO","2021-01-02","","138.37916667"
"UNIVERSIDAD SAN BUENAVENTURA - BELLO","2021-01-01","","103.4625"
"UNIVERSIDAD SAN BUENAVENTURA - BELLO","2020-12-31","","170.12916667"
"UNIVERSIDAD SAN BUENAVENTURA - BELLO","2020-12-30","","177.81666667"
"UNIVERSIDAD SAN BUENAVENTURA - BELLO","2020-12-29","","199.9625"
"UNIVERSIDAD SAN BUENAVENTURA - BELLO","2020-12-28","","193.625"
"UNIVERSIDAD SAN BUENAVENTURA - BELLO","2020-12-27","","110.70416667"
"UNIVERSIDAD SAN BUENAVENTURA - BELLO","2020-12-26","","144.75416667"
"UNIVERSIDAD SAN BUENAVENTURA - BELLO","2020-12-25","","145.925"
"UNIVERSIDAD SAN BUENAVENTURA - BELLO","2020-12-24","","183.94583333"
"UNIVERSIDAD SAN BUENAVENTURA - BELLO","2020-12-23","","189.89583333"
"UNIVERSIDAD SAN BUENAVENTURA - BELLO","2020-12-22","","155.6625"
"UNIVERSIDAD SAN BUENAVENTURA - BELLO","2020-12-21","","151.96666667"
"UNIVERSIDAD SAN BUENAVENTURA - BELLO","2020-12-20","","142.8625"
"UNIVERSIDAD SAN BUENAVENTURA - BELLO","2020-12-19","","176.63333333"
"UNIVERSIDAD SAN BUENAVENTURA - BELLO","2020-12-18","","89.14166667"
"UNIVERSIDAD SAN BUENAVENTURA - BELLO","2020-12-17","","118.58333333"
"UNIVERSIDAD SAN BUENAVENTURA - BELLO","2020-12-16","","137.18333333"
"UNIVERSIDAD SAN BUENAVENTURA - BELLO","2020-12-15","","147.62916667"
"UNIVERSIDAD SAN BUENAVENTURA - BELLO","2020-12-14","","176.54583333"
"UNIVERSIDAD SAN BUENAVENTURA - BELLO","2020-12-13","","150.3875"
"UNIVERSIDAD SAN BUENAVENTURA - BELLO","2020-12-12","","117.56666667"
"UNIVERSIDAD SAN BUENAVENTURA - BELLO","2020-12-11","","179.21666667"
"UNIVERSIDAD SAN BUENAVENTURA - BELLO","2020-12-10","","191.25833333"
"UNIVERSIDAD SAN BUENAVENTURA - BELLO","2020-12-09","","133.6125"
"UNIVERSIDAD SAN BUENAVENTURA - BELLO","2020-12-08","","145.79583333"
"UNIVERSIDAD SAN BUENAVENTURA - BELLO","2020-12-07","","137.65833333"
"UNIVERSIDAD SAN BUENAVENTURA - BELLO","2020-12-06","","169.24166667"
"UNIVERSIDAD SAN BUENAVENTURA - BELLO","2020-12-05","","165.64583333"
"UNIVERSIDAD SAN BUENAVENTURA - BELLO","2020-12-04","","147.51304348"
"UNIVERSIDAD SAN BUENAVENTURA - BELLO","2020-12-03","","168.54583333"
"UNIVERSIDAD SAN BUENAVENTURA - BELLO","2020-12-02","","114.45833333"
"UNIVERSIDAD SAN BUENAVENTURA - BELLO","2020-12-01","","142.225"
"UNIVERSIDAD SAN BUENAVENTURA - BELLO","2020-11-30","","130.15416667"
"UNIVERSIDAD SAN BUENAVENTURA - BELLO","2020-11-29","","170.39583333"
"UNIVERSIDAD SAN BUENAVENTURA - BELLO","2020-11-28","","163.24583333"
"UNIVERSIDAD SAN BUENAVENTURA - BELLO","2020-11-27","","135.6"
"UNIVERSIDAD SAN BUENAVENTURA - BELLO","2020-11-26","","193.10416667"
"UNIVERSIDAD SAN BUENAVENTURA - BELLO","2020-11-25","","171.43333333"
"UNIVERSIDAD SAN BUENAVENTURA - BELLO","2020-11-24","","167.8"
"UNIVERSIDAD SAN BUENAVENTURA - BELLO","2020-11-23","","180.9625"
"UNIVERSIDAD SAN BUENAVENTURA - BELLO","2020-11-22","","181.73333333"
"UNIVERSIDAD SAN BUENAVENTURA - BELLO","2020-11-21","","166.80833333"
"UNIVERSIDAD SAN BUENAVENTURA - BELLO","2020-11-20","","142.8625"
"UNIVERSIDAD SAN BUENAVENTURA - BELLO","2020-11-19","","135.89583333"
"UNIVERSIDAD SAN BUENAVENTURA - BELLO","2020-11-18","","125.55833333"
"UNIVERSIDAD SAN BUENAVENTURA - BELLO","2020-11-17","","111.71666667"
"UNIVERSIDAD SAN BUENAVENTURA - BELLO","2020-11-16","","175.75"
"UNIVERSIDAD SAN BUENAVENTURA - BELLO","2020-11-15","","164.26521739"
"UNIVERSIDAD SAN BUENAVENTURA - BELLO","2020-11-14","","119.025"
"UNIVERSIDAD SAN BUENAVENTURA - BELLO","2020-11-13","","155.09166667"
"UNIVERSIDAD SAN BUENAVENTURA - BELLO","2020-11-12","","104.5875"
"UNIVERSIDAD SAN BUENAVENTURA - BELLO","2020-11-11","","85.59166667"
"UNIVERSIDAD SAN BUENAVENTURA - BELLO","2020-11-10","","147.1875"
"UNIVERSIDAD SAN BUENAVENTURA - BELLO","2020-11-09","","120.61666667"
"UNIVERSIDAD SAN BUENAVENTURA - BELLO","2020-11-08","","124.72083333"
"UNIVERSIDAD SAN BUENAVENTURA - BELLO","2020-11-07","","175.56666667"
"UNIVERSIDAD SAN BUENAVENTURA - BELLO","2020-11-06","","84.875"
"UNIVERSIDAD SAN BUENAVENTURA - BELLO","2020-11-05","","130.86666667"
"UNIVERSIDAD SAN BUENAVENTURA - BELLO","2020-11-04","","130.70833333"
"UNIVERSIDAD SAN BUENAVENTURA - BELLO","2020-11-03","","150.8826087"
"UNIVERSIDAD SAN BUENAVENTURA - BELLO","2020-11-02","","191.06521739"
"UNIVERSIDAD SAN BUENAVENTURA - BELLO","2020-11-01","","131.40416667"
"UNIVERSIDAD SAN BUENAVENTURA - BELLO","2020-10-31","","118.56666667"
"UNIVERSIDAD SAN BUENAVENTURA - BELLO","2020-10-30","","134.48333333"
"UNIVERSIDAD SAN BUENAVENTURA - BELLO","2020-10-29","","182.32916667"
"UNIVERSIDAD SAN BUENAVENTURA - BELLO","2020-10-28","","129.77083333"
"UNIVERSIDAD SAN BUENAVENTURA - BELLO","2020-10-27","","185.65"
"UNIVERSIDAD SAN BUENAVENTURA - BELLO","2020-10-26","","191.79583333"
"UNIVERSIDAD SAN BUENAVENTURA - BELLO","2020-10-25","","142.7375"
"UNIVERSIDAD SAN BUENAVENTURA - BELLO","2020-10-24","","104.10833333"
"UNIVERSIDAD SAN BUENAVENTURA - BELLO","2020-10-23","","178.75416667"
"UNIVERSIDAD SAN BUENAVENTURA - BELLO","2020-10-22","","155.50416667"
"UNIVERSIDAD SAN BUENAVENTURA - BELLO","2020-10-21","","175.30833333"
"UNIVERSIDAD SAN BUENAVENTURA - BELLO","2020-10-20","","186.17083333"
"UNIVERSIDAD SAN BUENAVENTURA - BELLO","2020-10-19","","74.81666667"
"UNIVERSIDAD SAN BUENAVENTURA - BELLO","2020-10-18","","159.2"
"UNIVERSIDAD SAN BUENAVENTURA - BELLO","2020-10-17","","161.32083333"
"UNIVERSIDAD SAN BUENAVENTURA - BELLO","2020-10-16","","184.60416667"
"UNIVERSIDAD SAN BUENAVENTURA - BELLO","2020-10-15","","176.6875"
"UNIVERSIDAD SAN BUENAVENTURA - BELLO","2020-10-14","","189.44583333"
"UNIVERSIDAD SAN BUENAVENTURA - BELLO","2020-10-13","","118.24583333"
"UNIVERSIDAD SAN BUENAVENTURA - BELLO","2020-10-12","","183.50833333"
"UNIVERSIDAD SAN BUENAVENTURA - BELLO","2020-10-11","","201.8625"
"UNIVERSIDAD SAN BUENAVENTURA - BELLO","2020-10-10","","197.4"
"UNIVERSIDAD SAN BUENAVENTURA - BELLO","2020-10-09","","146.48333333"
"UNIVERSIDAD SAN BUENAVENTURA - BELLO","2020-10-08","","176.04583333"
"UNIVERSIDAD SAN BUENAVENTURA - BELLO","2020-10-07","","172.4125"
"UNIVERSIDAD SAN BUENAVENTURA - BELLO","2020-10-06","","161.20833333"
"UNIVERSIDAD SAN BUENAVENTURA - BELLO","2020-10-05","","142.25833333"
"UNIVERSIDAD SAN BUENAVENTURA - BELLO","2020-10-04","","166.77916667"
"UNIVERSIDAD SAN BUENAVENTURA - BELLO","2020-10-03","","138.45833333"
"UNIVERSIDAD SAN BUENAVENTURA - BELLO","2020-10-02","","153.25416667"
"UNIVERSIDAD SAN BUENAVENTURA - BELLO","2020-10-01","","214.80833333"
"UNIVERSIDAD SAN BUENAVENTURA - BELLO","2020-09-30","","136.72173913"
"UNIVERSIDAD SAN BUENAVENTURA - BELLO","2020-09-29","","127.03333333"
"UNIVERSIDAD SAN BUENAVENTURA - BELLO","2020-09-28","","194.62083333"
"UNIVERSIDAD SAN BUENAVENTURA - BELLO","2020-09-27","","143.85217391"
"UNIVERSIDAD SAN BUENAVENTURA - BELLO","2020-09-26","","161.475"
"UNIVERSIDAD SAN BUENAVENTURA - BELLO","2020-09-25","","153.06521739"
"UNIVERSIDAD SAN BUENAVENTURA - BELLO","2020-09-24","","158.66086957"
"UNIVERSIDAD SAN BUENAVENTURA - BELLO","2020-09-23","","153.67916667"
"UNIVERSIDAD SAN BUENAVENTURA - BELLO","2020-09-22","","229.225"
"UNIVERSIDAD SAN BUENAVENTURA - BELLO","2020-09-21","","132.73913043"
"UNIVERSIDAD SAN BUENAVENTURA - BELLO","2020-09-20","","111.92173913"
"UNIVERSIDAD SAN BUENAVENTURA - BELLO","2020-09-19","","147.5375"
"UNIVERSIDAD SAN BUENAVENTURA - BELLO","2020-09-18","","132.125"
"UNIVERSIDAD SAN BUENAVENTURA - BELLO","2020-09-17","","126.73478261"
"UNIVERSIDAD SAN BUENAVENTURA - BELLO","2020-09-16","","176.57083333"
"UNIVERSIDAD SAN BUENAVENTURA - BELLO","2020-09-15","","157.79166667"
"UNIVERSIDAD SAN BUENAVENTURA - BELLO","2020-09-14","","205.25833333"
"UNIVERSIDAD SAN BUENAVENTURA - BELLO","2020-09-13","","194.6125"
"UNIVERSIDAD SAN BUENAVENTURA - BELLO","2020-09-12","","199.62083333"
"UNIVERSIDAD SAN BUENAVENTURA - BELLO","2020-09-11","","193.22083333"
"UNIVERSIDAD SAN BUENAVENTURA - BELLO","2020-09-10","","201.72083333"
"UNIVERSIDAD SAN BUENAVENTURA - BELLO","2020-09-09","","190.3375"
"UNIVERSIDAD SAN BUENAVENTURA - BELLO","2020-09-08","","106.40416667"
"UNIVERSIDAD SAN BUENAVENTURA - BELLO","2020-09-07","","148.97916667"
"UNIVERSIDAD SAN BUENAVENTURA - BELLO","2020-09-06","","216.54166667"
"UNIVERSIDAD SAN BUENAVENTURA - BELLO","2020-09-05","","237.95416667"
"UNIVERSIDAD SAN BUENAVENTURA - BELLO","2020-09-04","","132.00434783"
"UNIVERSIDAD SAN BUENAVENTURA - BELLO","2020-09-03","","124.63478261"
"UNIVERSIDAD SAN BUENAVENTURA - BELLO","2020-09-02","","92.53043478"
"UNIVERSIDAD SAN BUENAVENTURA - BELLO","2020-09-01","","180.37083333"
"UNIVERSIDAD SAN BUENAVENTURA - BELLO","2020-08-31","","225.16666667"
"UNIVERSIDAD SAN BUENAVENTURA - BELLO","2020-08-30","","150.57083333"
"UNIVERSIDAD SAN BUENAVENTURA - BELLO","2020-08-29","","161.69565217"
"UNIVERSIDAD SAN BUENAVENTURA - BELLO","2020-08-28","","201.36956522"
"UNIVERSIDAD SAN BUENAVENTURA - BELLO","2020-08-27","","118.14166667"
"UNIVERSIDAD SAN BUENAVENTURA - BELLO","2020-08-26","","119.7875"
"UNIVERSIDAD SAN BUENAVENTURA - BELLO","2020-08-25","","141.28333333"
"UNIVERSIDAD SAN BUENAVENTURA - BELLO","2020-08-24","","126.17916667"
"UNIVERSIDAD SAN BUENAVENTURA - BELLO","2020-08-23","","137.7173913"
"UNIVERSIDAD SAN BUENAVENTURA - BELLO","2020-08-22","","94.44166667"
"UNIVERSIDAD SAN BUENAVENTURA - BELLO","2020-08-21","","153.45"
"UNIVERSIDAD SAN BUENAVENTURA - BELLO","2020-08-20","","181.6375"
"UNIVERSIDAD SAN BUENAVENTURA - BELLO","2020-08-19","","119.24166667"
"UNIVERSIDAD SAN BUENAVENTURA - BELLO","2020-08-18","","166.19565217"
"UNIVERSIDAD SAN BUENAVENTURA - BELLO","2020-08-17","","161.84583333"
"UNIVERSIDAD SAN BUENAVENTURA - BELLO","2020-08-16","","129.6375"
"UNIVERSIDAD SAN BUENAVENTURA - BELLO","2020-08-15","","183.11666667"
"UNIVERSIDAD SAN BUENAVENTURA - BELLO","2020-08-14","","179.11666667"
"UNIVERSIDAD SAN BUENAVENTURA - BELLO","2020-08-13","","174.65833333"
"UNIVERSIDAD SAN BUENAVENTURA - BELLO","2020-08-12","","231.80416667"
"UNIVERSIDAD SAN BUENAVENTURA - BELLO","2020-08-11","","201.475"
"UNIVERSIDAD SAN BUENAVENTURA - BELLO","2020-08-10","","189.8125"
"UNIVERSIDAD SAN BUENAVENTURA - BELLO","2020-08-09","","196.8"
"UNIVERSIDAD SAN BUENAVENTURA - BELLO","2020-08-08","","220.8375"
"UNIVERSIDAD SAN BUENAVENTURA - BELLO","2020-08-07","","170.00434783"
"UNIVERSIDAD SAN BUENAVENTURA - BELLO","2020-08-06","","190.54166667"
"UNIVERSIDAD SAN BUENAVENTURA - BELLO","2020-08-05","","185.5625"
"UNIVERSIDAD SAN BUENAVENTURA - BELLO","2020-08-04","","224.9875"
"UNIVERSIDAD SAN BUENAVENTURA - BELLO","2020-08-03","","210.15416667"
"UNIVERSIDAD SAN BUENAVENTURA - BELLO","2020-08-02","","229.50416667"
"UNIVERSIDAD SAN BUENAVENTURA - BELLO","2020-08-01","","198.825"
"UNIVERSIDAD SAN BUENAVENTURA - BELLO","2020-07-31","","126.96"
"UNIVERSIDAD SAN BUENAVENTURA - BELLO","2020-07-30","","158.67916667"
"UNIVERSIDAD SAN BUENAVENTURA - BELLO","2020-07-29","","225.2875"
"UNIVERSIDAD SAN BUENAVENTURA - BELLO","2020-07-28","","214.75833333"
"UNIVERSIDAD SAN BUENAVENTURA - BELLO","2020-07-27","","180.7375"
"UNIVERSIDAD SAN BUENAVENTURA - BELLO","2020-07-26","","190.92083333"
"UNIVERSIDAD SAN BUENAVENTURA - BELLO","2020-07-25","","140.35416667"
"UNIVERSIDAD SAN BUENAVENTURA - BELLO","2020-07-24","","107.21666667"
"UNIVERSIDAD SAN BUENAVENTURA - BELLO","2020-07-23","","106.3375"
"UNIVERSIDAD SAN BUENAVENTURA - BELLO","2020-07-22","","155.94166667"
"UNIVERSIDAD SAN BUENAVENTURA - BELLO","2020-07-21","","191.3375"
"UNIVERSIDAD SAN BUENAVENTURA - BELLO","2020-07-20","","153.42916667"
"UNIVERSIDAD SAN BUENAVENTURA - BELLO","2020-07-19","","218.85833333"
"UNIVERSIDAD SAN BUENAVENTURA - BELLO","2020-07-18","","222.925"
"UNIVERSIDAD SAN BUENAVENTURA - BELLO","2020-07-17","","212.15416667"
"UNIVERSIDAD SAN BUENAVENTURA - BELLO","2020-07-16","","182.08333333"
"UNIVERSIDAD SAN BUENAVENTURA - BELLO","2020-07-15","","173.54166667"
"UNIVERSIDAD SAN BUENAVENTURA - BELLO","2020-07-14","","176.4125"
"UNIVERSIDAD SAN BUENAVENTURA - BELLO","2020-07-13","","197.78333333"
"UNIVERSIDAD SAN BUENAVENTURA - BELLO","2020-07-12","","121.85833333"
"UNIVERSIDAD SAN BUENAVENTURA - BELLO","2020-07-11","","139.85416667"
"UNIVERSIDAD SAN BUENAVENTURA - BELLO","2020-07-10","","142.91666667"
"UNIVERSIDAD SAN BUENAVENTURA - BELLO","2020-07-09","","191.23333333"
"UNIVERSIDAD SAN BUENAVENTURA - BELLO","2020-07-08","","167.38333333"
"UNIVERSIDAD SAN BUENAVENTURA - BELLO","2020-07-07","","145.9375"
"UNIVERSIDAD SAN BUENAVENTURA - BELLO","2020-07-06","","182.97916667"
"UNIVERSIDAD SAN BUENAVENTURA - BELLO","2020-07-05","","111.78333333"
"UNIVERSIDAD SAN BUENAVENTURA - BELLO","2020-07-04","","122.1"
"UNIVERSIDAD SAN BUENAVENTURA - BELLO","2020-07-03","","192.77916667"
"UNIVERSIDAD SAN BUENAVENTURA - BELLO","2020-07-02","","187.34166667"
"UNIVERSIDAD SAN BUENAVENTURA - BELLO","2020-07-01","","176.96666667"
"UNIVERSIDAD SAN BUENAVENTURA - BELLO","2020-06-30","","176.89166667"
"UNIVERSIDAD SAN BUENAVENTURA - BELLO","2020-06-29","","222.45416667"
"UNIVERSIDAD SAN BUENAVENTURA - BELLO","2020-06-28","","128.95"
"UNIVERSIDAD SAN BUENAVENTURA - BELLO","2020-06-27","","157.67083333"
"UNIVERSIDAD SAN BUENAVENTURA - BELLO","2020-06-26","","152.59166667"
"UNIVERSIDAD SAN BUENAVENTURA - BELLO","2020-06-25","","194.5"
"UNIVERSIDAD SAN BUENAVENTURA - BELLO","2020-06-24","","145.41304348"
"UNIVERSIDAD SAN BUENAVENTURA - BELLO","2020-06-23","","180.90416667"
"UNIVERSIDAD SAN BUENAVENTURA - BELLO","2020-06-22","","214.975"
"UNIVERSIDAD SAN BUENAVENTURA - BELLO","2020-06-21","","222.35416667"
"UNIVERSIDAD SAN BUENAVENTURA - BELLO","2020-06-20","","173.31666667"
"UNIVERSIDAD SAN BUENAVENTURA - BELLO","2020-06-19","","187.97916667"
"UNIVERSIDAD SAN BUENAVENTURA - BELLO","2020-06-18","","178.44583333"
"UNIVERSIDAD SAN BUENAVENTURA - BELLO","2020-06-17","","85.37916667"
"UNIVERSIDAD SAN BUENAVENTURA - BELLO","2020-06-16","","195.26666667"
"UNIVERSIDAD SAN BUENAVENTURA - BELLO","2020-06-15","","146.8"
"UNIVERSIDAD SAN BUENAVENTURA - BELLO","2020-06-14","","188.95833333"
"UNIVERSIDAD SAN BUENAVENTURA - BELLO","2020-06-13","","183.33913043"
"UNIVERSIDAD SAN BUENAVENTURA - BELLO","2020-06-12","","108.2875"
"UNIVERSIDAD SAN BUENAVENTURA - BELLO","2020-06-11","","171.44583333"
"UNIVERSIDAD SAN BUENAVENTURA - BELLO","2020-06-10","","85.44166667"
"UNIVERSIDAD SAN BUENAVENTURA - BELLO","2020-06-09","","94.01363636"
"UNIVERSIDAD SAN BUENAVENTURA - BELLO","2020-06-08","","212.65416667"
"UNIVERSIDAD SAN BUENAVENTURA - BELLO","2020-06-07","","235.175"
"UNIVERSIDAD SAN BUENAVENTURA - BELLO","2020-06-06","","105.10833333"
"UNIVERSIDAD SAN BUENAVENTURA - BELLO","2020-06-05","","145.76666667"
"UNIVERSIDAD SAN BUENAVENTURA - BELLO","2020-06-04","","216.87916667"
"UNIVERSIDAD SAN BUENAVENTURA - BELLO","2020-06-03","","46.39583333"
"UNIVERSIDAD SAN BUENAVENTURA - BELLO","2020-06-02","","136.225"
"UNIVERSIDAD SAN BUENAVENTURA - BELLO","2020-06-01","","158.59130435"
"UNIVERSIDAD SAN BUENAVENTURA - BELLO","2020-05-31","","126.42083333"
"UNIVERSIDAD SAN BUENAVENTURA - BELLO","2020-05-30","","72.8625"
"UNIVERSIDAD SAN BUENAVENTURA - BELLO","2020-05-29","","113.75416667"
"UNIVERSIDAD SAN BUENAVENTURA - BELLO","2020-05-28","","79.72083333"
"UNIVERSIDAD SAN BUENAVENTURA - BELLO","2020-05-27","","91.03333333"
"UNIVERSIDAD SAN BUENAVENTURA - BELLO","2020-05-26","","197.42916667"
"UNIVERSIDAD SAN BUENAVENTURA - BELLO","2020-05-25","","140.52916667"
"UNIVERSIDAD SAN BUENAVENTURA - BELLO","2020-05-24","","163.32916667"
"UNIVERSIDAD SAN BUENAVENTURA - BELLO","2020-05-23","","204.88333333"
"UNIVERSIDAD SAN BUENAVENTURA - BELLO","2020-05-22","","133.16666667"
"UNIVERSIDAD SAN BUENAVENTURA - BELLO","2020-05-21","","185.225"
"UNIVERSIDAD SAN BUENAVENTURA - BELLO","2020-05-20","","232.5625"
"UNIVERSIDAD SAN BUENAVENTURA - BELLO","2020-05-19","","51.66666667"
"UNIVERSIDAD SAN BUENAVENTURA - BELLO","2020-05-18","","180.5"
"UNIVERSIDAD SAN BUENAVENTURA - BELLO","2020-05-17","","165.35"
"UNIVERSIDAD SAN BUENAVENTURA - BELLO","2020-05-16","","195.82083333"
"UNIVERSIDAD SAN BUENAVENTURA - BELLO","2020-05-15","","173.99166667"
"UNIVERSIDAD SAN BUENAVENTURA - BELLO","2020-05-14","","205.03333333"
"UNIVERSIDAD SAN BUENAVENTURA - BELLO","2020-05-13","","143.92916667"
"UNIVERSIDAD SAN BUENAVENTURA - BELLO","2020-05-12","","134.68333333"
"UNIVERSIDAD SAN BUENAVENTURA - BELLO","2020-05-11","","134.10416667"
"UNIVERSIDAD SAN BUENAVENTURA - BELLO","2020-05-10","","193.60416667"
"UNIVERSIDAD SAN BUENAVENTURA - BELLO","2020-05-09","","224.6125"
"UNIVERSIDAD SAN BUENAVENTURA - BELLO","2020-05-08","","189.86666667"
"UNIVERSIDAD SAN BUENAVENTURA - BELLO","2020-05-07","","176.73333333"
"UNIVERSIDAD SAN BUENAVENTURA - BELLO","2020-05-06","","143.03913043"
"UNIVERSIDAD SAN BUENAVENTURA - BELLO","2020-05-05","","232.35416667"
"UNIVERSIDAD SAN BUENAVENTURA - BELLO","2020-05-04","","214.29166667"
"UNIVERSIDAD SAN BUENAVENTURA - BELLO","2020-05-03","","140.95416667"
"UNIVERSIDAD SAN BUENAVENTURA - BELLO","2020-05-02","","184.87916667"
"UNIVERSIDAD SAN BUENAVENTURA - BELLO","2020-05-01","","108.6625"
"UNIVERSIDAD SAN BUENAVENTURA - BELLO","2020-04-30","","132.28333333"
"UNIVERSIDAD SAN BUENAVENTURA - BELLO","2020-04-29","","153.475"
"UNIVERSIDAD SAN BUENAVENTURA - BELLO","2020-04-28","","212.24166667"
"UNIVERSIDAD SAN BUENAVENTURA - BELLO","2020-04-27","","168.7375"
"UNIVERSIDAD SAN BUENAVENTURA - BELLO","2020-04-26","","220.11666667"
"UNIVERSIDAD SAN BUENAVENTURA - BELLO","2020-04-25","","196.32916667"
"UNIVERSIDAD SAN BUENAVENTURA - BELLO","2020-04-24","","177.76666667"
"UNIVERSIDAD SAN BUENAVENTURA - BELLO","2020-04-23","","157.575"
"UNIVERSIDAD SAN BUENAVENTURA - BELLO","2020-04-22","","161.89166667"
"UNIVERSIDAD SAN BUENAVENTURA - BELLO","2020-04-21","","122.5875"
"UNIVERSIDAD SAN BUENAVENTURA - BELLO","2020-04-20","","179.0"
"UNIVERSIDAD SAN BUENAVENTURA - BELLO","2020-04-19","","126.23478261"
"UNIVERSIDAD SAN BUENAVENTURA - BELLO","2020-04-18","","102.04166667"
"UNIVERSIDAD SAN BUENAVENTURA - BELLO","2020-04-17","","215.56666667"
"UNIVERSIDAD SAN BUENAVENTURA - BELLO","2020-04-16","","198.46521739"
"UNIVERSIDAD SAN BUENAVENTURA - BELLO","2020-04-15","","174.81363636"
"UNIVERSIDAD SAN BUENAVENTURA - BELLO","2020-04-14","","137.00416667"
"UNIVERSIDAD SAN BUENAVENTURA - BELLO","2020-04-13","","161.85833333"
"UNIVERSIDAD SAN BUENAVENTURA - BELLO","2020-04-12","","168.78333333"
"UNIVERSIDAD SAN BUENAVENTURA - BELLO","2020-04-11","","138.07391304"
"UNIVERSIDAD SAN BUENAVENTURA - BELLO","2020-04-10","","121.46666667"
"UNIVERSIDAD SAN BUENAVENTURA - BELLO","2020-04-09","","156.94166667"
"UNIVERSIDAD SAN BUENAVENTURA - BELLO","2020-04-08","","190.575"
"UNIVERSIDAD SAN BUENAVENTURA - BELLO","2020-04-07","","156.6375"
"UNIVERSIDAD SAN BUENAVENTURA - BELLO","2020-04-06","","138.3875"
"UNIVERSIDAD SAN BUENAVENTURA - BELLO","2020-04-05","","149.69166667"
"UNIVERSIDAD SAN BUENAVENTURA - BELLO","2020-04-04","","167.4875"
"UNIVERSIDAD SAN BUENAVENTURA - BELLO","2020-04-03","","192.5826087"
"UNIVERSIDAD SAN BUENAVENTURA - BELLO","2020-04-02","","207.65217391"
"UNIVERSIDAD SAN BUENAVENTURA - BELLO","2020-04-01","","118.56666667"
"UNIVERSIDAD SAN BUENAVENTURA - BELLO","2020-03-31","","159.20416667"
"UNIVERSIDAD SAN BUENAVENTURA - BELLO","2020-03-30","","140.94166667"
"UNIVERSIDAD SAN BUENAVENTURA - BELLO","2020-03-29","","138.22608696"
"UNIVERSIDAD SAN BUENAVENTURA - BELLO","2020-03-28","","206.3826087"
"UNIVERSIDAD SAN BUENAVENTURA - BELLO","2020-03-27","","209.90869565"
"UNIVERSIDAD SAN BUENAVENTURA - BELLO","2020-03-26","","214.7"
"UNIVERSIDAD SAN BUENAVENTURA - BELLO","2020-03-25","","197.83333333"
"UNIVERSIDAD SAN BUENAVENTURA - BELLO","2020-03-24","","113.3875"
"UNIVERSIDAD SAN BUENAVENTURA - BELLO","2020-03-23","","190.40869565"
"UNIVERSIDAD SAN BUENAVENTURA - BELLO","2020-03-22","","189.61363636"
"UNIVERSIDAD SAN BUENAVENTURA - BELLO","2020-03-21","","147.725"
"UNIVERSIDAD SAN BUENAVENTURA - BELLO","2020-03-20","","97.06666667"
"UNIVERSIDAD SAN BUENAVENTURA - BELLO","2020-03-19","","173.16086957"
"UNIVERSIDAD SAN BUENAVENTURA - BELLO","2020-03-18","","220.47083333"
"UNIVERSIDAD SAN BUENAVENTURA - BELLO","2020-03-17","","223.24166667"
"UNIVERSIDAD SAN BUENAVENTURA - BELLO","2020-03-16","","230.59166667"
"UNIVERSIDAD SAN BUENAVENTURA - BELLO","2020-03-15","","187.24782609"
"UNIVERSIDAD SAN BUENAVENTURA - BELLO","2020-03-14","","116.2"
"UNIVERSIDAD SAN BUENAVENTURA - BELLO","2020-03-13","","160.53333333"
"UNIVERSIDAD SAN BUENAVENTURA - BELLO","2020-03-12","","187.875"
"UNIVERSIDAD SAN BUENAVENTURA - BELLO","2020-03-11","","126.79583333"
"UNIVERSIDAD SAN BUENAVENTURA - BELLO","2020-03-10","","115.55833333"
"UNIVERSIDAD SAN BUENAVENTURA - BELLO","2020-03-09","","177.66666667"
"UNIVERSIDAD SAN BUENAVENTURA - BELLO","2020-03-08","","127.0875"
"UNIVERSIDAD SAN BUENAVENTURA - BELLO","2020-03-07","","200.37083333"
"UNIVERSIDAD SAN BUENAVENTURA - BELLO","2020-03-06","","219.10833333"
"UNIVERSIDAD SAN BUENAVENTURA - BELLO","2020-03-05","","178.30454545"
"UNIVERSIDAD SAN BUENAVENTURA - BELLO","2020-03-04","","117.79166667"
"UNIVERSIDAD SAN BUENAVENTURA - BELLO","2020-03-03","","175.825"
"UNIVERSIDAD SAN BUENAVENTURA - BELLO","2020-03-02","","174.92916667"
"UNIVERSIDAD SAN BUENAVENTURA - BELLO","2020-03-01","","151.79565217"
"UNIVERSIDAD SAN BUENAVENTURA - BELLO","2020-02-29","","154.1625"
"UNIVERSIDAD SAN BUENAVENTURA - BELLO","2020-02-28","","178.33333333"
"UNIVERSIDAD SAN BUENAVENTURA - BELLO","2020-02-27","","191.49130435"
"UNIVERSIDAD SAN BUENAVENTURA - BELLO","2020-02-26","","194.5625"
"UNIVERSIDAD SAN BUENAVENTURA - BELLO","2020-02-25","","187.2173913"
"UNIVERSIDAD SAN BUENAVENTURA - BELLO","2020-02-24","","138.75833333"
"UNIVERSIDAD SAN BUENAVENTURA - BELLO","2020-02-23","","172.56666667"
"UNIVERSIDAD SAN BUENAVENTURA - BELLO","2020-02-22","","147.11666667"
"UNIVERSIDAD SAN BUENAVENTURA - BELLO","2020-02-21","","183.62083333"
"UNIVERSIDAD SAN BUENAVENTURA - BELLO","2020-02-20","","171.01304348"
"UNIVERSIDAD SAN BUENAVENTURA - BELLO","2020-02-19","","218.77916667"
"UNIVERSIDAD SAN BUENAVENTURA - BELLO","2020-02-18","","227.9"
"UNIVERSIDAD SAN BUENAVENTURA - BELLO","2020-02-17","","152.4625"
"UNIVERSIDAD SAN BUENAVENTURA - BELLO","2020-02-16","","172.12083333"
"UNIVERSIDAD SAN BUENAVENTURA - BELLO","2020-02-15","","134.20416667"
"UNIVERSIDAD SAN BUENAVENTURA - BELLO","2020-02-14","","117.71666667"
"UNIVERSIDAD SAN BUENAVENTURA - BELLO","2020-02-13","","171.70833333"
"UNIVERSIDAD SAN BUENAVENTURA - BELLO","2020-02-12","","156.03478261"
"UNIVERSIDAD SAN BUENAVENTURA - BELLO","2020-02-11","","218.05833333"
"UNIVERSIDAD SAN BUENAVENTURA - BELLO","2020-02-10","","214.76666667"
"UNIVERSIDAD SAN BUENAVENTURA - BELLO","2020-02-09","","204.17083333"
"UNIVERSIDAD SAN BUENAVENTURA - BELLO","2020-02-08","","188.58333333"
"UNIVERSIDAD SAN BUENAVENTURA - BELLO","2020-02-07","","195.07083333"
"UNIVERSIDAD SAN BUENAVENTURA - BELLO","2020-02-06","","212.825"
"UNIVERSIDAD SAN BUENAVENTURA - BELLO","2020-02-05","","215.21666667"
"UNIVERSIDAD SAN BUENAVENTURA - BELLO","2020-02-04","","195.54347826"
"UNIVERSIDAD SAN BUENAVENTURA - BELLO","2020-02-03","","222.94166667"
"UNIVERSIDAD SAN BUENAVENTURA - BELLO","2020-02-02","","146.61666667"
"UNIVERSIDAD SAN BUENAVENTURA - BELLO","2020-02-01","","207.81666667"
"UNIVERSIDAD SAN BUENAVENTURA - BELLO","2020-01-31","","201.50416667"
"UNIVERSIDAD SAN BUENAVENTURA - BELLO","2020-01-30","","194.45833333"
"UNIVERSIDAD SAN BUENAVENTURA - BELLO","2020-01-29","","210.1625"
"UNIVERSIDAD SAN BUENAVENTURA - BELLO","2020-01-28","","148.49583333"
"UNIVERSIDAD SAN BUENAVENTURA - BELLO","2020-01-27","","187.02083333"
"UNIVERSIDAD SAN BUENAVENTURA - BELLO","2020-01-26","","183.5375"
"UNIVERSIDAD SAN BUENAVENTURA - BELLO","2020-01-24","","156.48333333"
"UNIVERSIDAD SAN BUENAVENTURA - BELLO","2020-01-23","","173.03333333"
"UNIVERSIDAD SAN BUENAVENTURA - BELLO","2020-01-22","","68.84583333"
"UNIVERSIDAD SAN BUENAVENTURA - BELLO","2020-01-21","","181.08333333"
"UNIVERSIDAD SAN BUENAVENTURA - BELLO","2020-01-20","","74.81666667"
"UNIVERSIDAD SAN BUENAVENTURA - BELLO","2020-01-19","","163.92916667"
"UNIVERSIDAD SAN BUENAVENTURA - BELLO","2020-01-18","","161.77083333"
"UNIVERSIDAD SAN BUENAVENTURA - BELLO","2020-01-17","","159.24166667"
"UNIVERSIDAD SAN BUENAVENTURA - BELLO","2020-01-16","","145.725"
"UNIVERSIDAD SAN BUENAVENTURA - BELLO","2020-01-15","","102.4"
"UNIVERSIDAD SAN BUENAVENTURA - BELLO","2020-01-14","","197.56666667"
"UNIVERSIDAD SAN BUENAVENTURA - BELLO","2020-01-13","","188.0"
"UNIVERSIDAD SAN BUENAVENTURA - BELLO","2020-01-12","","161.00416667"
"UNIVERSIDAD SAN BUENAVENTURA - BELLO","2020-01-11","","203.36666667"
"UNIVERSIDAD SAN BUENAVENTURA - BELLO","2020-01-10","","193.32083333"
"UNIVERSIDAD SAN BUENAVENTURA - BELLO","2020-01-09","","203.45"
"UNIVERSIDAD SAN BUENAVENTURA - BELLO","2020-01-08","","203.0125"
"UNIVERSIDAD SAN BUENAVENTURA - BELLO","2020-01-07","","203.9"
"UNIVERSIDAD SAN BUENAVENTURA - BELLO","2020-01-06","","200.76666667"
"UNIVERSIDAD SAN BUENAVENTURA - BELLO","2020-01-05","","206.56666667"
"UNIVERSIDAD SAN BUENAVENTURA - BELLO","2020-01-04","","204.2125"
"UNIVERSIDAD SAN BUENAVENTURA - BELLO","2020-01-03","","209.74166667"
"UNIVERSIDAD SAN BUENAVENTURA - BELLO","2020-01-02","","143.54782609"
"UNIVERSIDAD SAN BUENAVENTURA - BELLO","2020-01-01","","150.83333333"
"UNIVERSIDAD SAN BUENAVENTURA - BELLO","2019-12-31","","73.7625"
"UNIVERSIDAD SAN BUENAVENTURA - BELLO","2019-12-30","","80.5375"
"UNIVERSIDAD SAN BUENAVENTURA - BELLO","2019-12-29","","153.6"
"UNIVERSIDAD SAN BUENAVENTURA - BELLO","2019-12-28","","185.79166667"
"UNIVERSIDAD SAN BUENAVENTURA - BELLO","2019-12-27","","72.325"
"UNIVERSIDAD SAN BUENAVENTURA - BELLO","2019-12-26","","174.87083333"
"UNIVERSIDAD SAN BUENAVENTURA - BELLO","2019-12-25","","165.725"
"UNIVERSIDAD SAN BUENAVENTURA - BELLO","2019-12-24","","128.5875"
"UNIVERSIDAD SAN BUENAVENTURA - BELLO","2019-12-23","","136.1375"
"UNIVERSIDAD SAN BUENAVENTURA - BELLO","2019-12-22","","139.525"
"UNIVERSIDAD SAN BUENAVENTURA - BELLO","2019-12-21","","127.69166667"
"UNIVERSIDAD SAN BUENAVENTURA - BELLO","2019-12-20","","173.425"
"UNIVERSIDAD SAN BUENAVENTURA - BELLO","2019-12-19","","148.1125"
"UNIVERSIDAD SAN BUENAVENTURA - BELLO","2019-12-17","","112.81666667"
"UNIVERSIDAD SAN BUENAVENTURA - BELLO","2019-12-16","","156.33043478"
"UNIVERSIDAD SAN BUENAVENTURA - BELLO","2019-12-15","","161.30416667"
"UNIVERSIDAD SAN BUENAVENTURA - BELLO","2019-12-14","","106.625"
"UNIVERSIDAD SAN BUENAVENTURA - BELLO","2019-12-13","","103.47916667"
"UNIVERSIDAD SAN BUENAVENTURA - BELLO","2019-12-12","","162.17916667"
"UNIVERSIDAD SAN BUENAVENTURA - BELLO","2019-12-11","","154.92916667"
"UNIVERSIDAD SAN BUENAVENTURA - BELLO","2019-12-10","","141.37083333"
"UNIVERSIDAD SAN BUENAVENTURA - BELLO","2019-12-09","","174.56086957"
"UNIVERSIDAD SAN BUENAVENTURA - BELLO","2019-12-08","","158.60833333"
"UNIVERSIDAD SAN BUENAVENTURA - BELLO","2019-12-07","","113.84583333"
"UNIVERSIDAD SAN BUENAVENTURA - BELLO","2019-12-06","","175.28333333"
"UNIVERSIDAD SAN BUENAVENTURA - BELLO","2019-12-05","","158.93913043"
"UNIVERSIDAD SAN BUENAVENTURA - BELLO","2019-12-04","","143.7125"
"UNIVERSIDAD SAN BUENAVENTURA - BELLO","2019-12-03","","124.37391304"
"UNIVERSIDAD SAN BUENAVENTURA - BELLO","2019-12-02","","127.22916667"
"UNIVERSIDAD SAN BUENAVENTURA - BELLO","2019-12-01","","207.0875"
"UNIVERSIDAD SAN BUENAVENTURA - BELLO","2019-11-30","","179.75"
"UNIVERSIDAD SAN BUENAVENTURA - BELLO","2019-11-29","","130.57083333"
"UNIVERSIDAD SAN BUENAVENTURA - BELLO","2019-11-28","","149.44583333"
"UNIVERSIDAD SAN BUENAVENTURA - BELLO","2019-11-27","","160.0625"
"UNIVERSIDAD SAN BUENAVENTURA - BELLO","2019-11-26","","139.32083333"
"UNIVERSIDAD SAN BUENAVENTURA - BELLO","2019-11-25","","178.925"
"UNIVERSIDAD SAN BUENAVENTURA - BELLO","2019-11-24","","166.82083333"
"UNIVERSIDAD SAN BUENAVENTURA - BELLO","2019-11-23","","197.45416667"
"UNIVERSIDAD SAN BUENAVENTURA - BELLO","2019-11-22","","168.22916667"
"UNIVERSIDAD SAN BUENAVENTURA - BELLO","2019-11-21","","202.075"
"UNIVERSIDAD SAN BUENAVENTURA - BELLO","2019-11-20","","168.35416667"
"UNIVERSIDAD SAN BUENAVENTURA - BELLO","2019-11-19","","140.79166667"
"UNIVERSIDAD SAN BUENAVENTURA - BELLO","2019-11-18","","178.00833333"
"UNIVERSIDAD SAN BUENAVENTURA - BELLO","2019-11-17","","163.0"
"UNIVERSIDAD SAN BUENAVENTURA - BELLO","2019-11-16","","166.0"
"UNIVERSIDAD SAN BUENAVENTURA - BELLO","2019-11-15","","130.38333333"
"UNIVERSIDAD SAN BUENAVENTURA - BELLO","2019-11-14","","126.70454545"
"UNIVERSIDAD SAN BUENAVENTURA - BELLO","2019-11-13","","85.30416667"
"UNIVERSIDAD SAN BUENAVENTURA - BELLO","2019-11-12","","113.47083333"
"UNIVERSIDAD SAN BUENAVENTURA - BELLO","2019-11-11","","170.14583333"
"UNIVERSIDAD SAN BUENAVENTURA - BELLO","2019-11-10","","129.10416667"
"UNIVERSIDAD SAN BUENAVENTURA - BELLO","2019-11-09","","63.73333333"
"UNIVERSIDAD SAN BUENAVENTURA - BELLO","2019-11-08","","139.9375"
"UNIVERSIDAD SAN BUENAVENTURA - BELLO","2019-11-07","","171.9375"
"UNIVERSIDAD SAN BUENAVENTURA - BELLO","2019-11-06","","198.45416667"
"UNIVERSIDAD SAN BUENAVENTURA - BELLO","2019-11-05","","108.6"
"UNIVERSIDAD SAN BUENAVENTURA - BELLO","2019-11-04","","185.44166667"
"UNIVERSIDAD SAN BUENAVENTURA - BELLO","2019-11-03","","128.62083333"
"UNIVERSIDAD SAN BUENAVENTURA - BELLO","2019-11-02","","168.09545455"
"UNIVERSIDAD SAN BUENAVENTURA - BELLO","2019-11-01","","177.26666667"
"UNIVERSIDAD SAN BUENAVENTURA - BELLO","2019-10-31","","173.79583333"
"UNIVERSIDAD SAN BUENAVENTURA - BELLO","2019-10-30","","172.49166667"
"UNIVERSIDAD SAN BUENAVENTURA - BELLO","2019-10-29","","194.1625"
"UNIVERSIDAD SAN BUENAVENTURA - BELLO","2019-10-28","","156.57083333"
"UNIVERSIDAD SAN BUENAVENTURA - BELLO","2019-10-27","","172.3625"
"UNIVERSIDAD SAN BUENAVENTURA - BELLO","2019-10-26","","175.975"
"UNIVERSIDAD SAN BUENAVENTURA - BELLO","2019-10-25","","128.86666667"
"UNIVERSIDAD SAN BUENAVENTURA - BELLO","2019-10-24","","98.26956522"
"UNIVERSIDAD SAN BUENAVENTURA - BELLO","2019-10-23","","170.55833333"
"UNIVERSIDAD SAN BUENAVENTURA - BELLO","2019-10-22","","133.55652174"
"UNIVERSIDAD SAN BUENAVENTURA - BELLO","2019-10-21","","94.66521739"
"UNIVERSIDAD SAN BUENAVENTURA - BELLO","2019-10-20","","176.42083333"
"UNIVERSIDAD SAN BUENAVENTURA - BELLO","2019-10-19","","111.7375"
"UNIVERSIDAD SAN BUENAVENTURA - BELLO","2019-10-18","","166.1826087"
"UNIVERSIDAD SAN BUENAVENTURA - BELLO","2019-10-17","","136.03333333"
"UNIVERSIDAD SAN BUENAVENTURA - BELLO","2019-10-16","","108.75217391"
"UNIVERSIDAD SAN BUENAVENTURA - BELLO","2019-10-15","","144.12727273"
"UNIVERSIDAD SAN BUENAVENTURA - BELLO","2019-10-14","","136.52083333"
"UNIVERSIDAD SAN BUENAVENTURA - BELLO","2019-10-13","","136.42083333"
"UNIVERSIDAD SAN BUENAVENTURA - BELLO","2019-10-12","","176.775"
"UNIVERSIDAD SAN BUENAVENTURA - BELLO","2019-10-11","","108.59166667"
"UNIVERSIDAD SAN BUENAVENTURA - BELLO","2019-10-10","","127.15833333"
"UNIVERSIDAD SAN BUENAVENTURA - BELLO","2019-10-09","","152.18636364"
"UNIVERSIDAD SAN BUENAVENTURA - BELLO","2019-10-08","","128.46666667"
"UNIVERSIDAD SAN BUENAVENTURA - BELLO","2019-10-07","","182.82608696"
"UNIVERSIDAD SAN BUENAVENTURA - BELLO","2019-10-06","","143.90416667"
"UNIVERSIDAD SAN BUENAVENTURA - BELLO","2019-10-05","","171.27083333"
"UNIVERSIDAD SAN BUENAVENTURA - BELLO","2019-10-04","","218.775"
"UNIVERSIDAD SAN BUENAVENTURA - BELLO","2019-10-03","","96.65416667"
"UNIVERSIDAD SAN BUENAVENTURA - BELLO","2019-10-02","","156.42083333"
"UNIVERSIDAD SAN BUENAVENTURA - BELLO","2019-10-01","","190.03478261"
"UNIVERSIDAD SAN BUENAVENTURA - BELLO","2019-09-30","","160.3"
"UNIVERSIDAD SAN BUENAVENTURA - BELLO","2019-09-29","","178.8375"
"UNIVERSIDAD SAN BUENAVENTURA - BELLO","2019-09-28","","181.02272727"
"UNIVERSIDAD SAN BUENAVENTURA - BELLO","2019-09-27","","198.65416667"
"UNIVERSIDAD SAN BUENAVENTURA - BELLO","2019-09-26","","128.80434783"
"UNIVERSIDAD SAN BUENAVENTURA - BELLO","2019-09-25","","171.63333333"
"UNIVERSIDAD SAN BUENAVENTURA - BELLO","2019-09-24","","144.30869565"
"UNIVERSIDAD SAN BUENAVENTURA - BELLO","2019-09-23","","154.3"
"UNIVERSIDAD SAN BUENAVENTURA - BELLO","2019-09-22","","181.96956522"
"UNIVERSIDAD SAN BUENAVENTURA - BELLO","2019-09-21","","118.66666667"
"UNIVERSIDAD SAN BUENAVENTURA - BELLO","2019-09-20","","162.825"
"UNIVERSIDAD SAN BUENAVENTURA - BELLO","2019-09-19","","154.79166667"
"UNIVERSIDAD SAN BUENAVENTURA - BELLO","2019-09-18","","108.7375"
"UNIVERSIDAD SAN BUENAVENTURA - BELLO","2019-09-17","","149.00833333"
"UNIVERSIDAD SAN BUENAVENTURA - BELLO","2019-09-16","","144.67916667"
"UNIVERSIDAD SAN BUENAVENTURA - BELLO","2019-09-15","","169.43333333"
"UNIVERSIDAD SAN BUENAVENTURA - BELLO","2019-09-14","","124.8375"
"UNIVERSIDAD SAN BUENAVENTURA - BELLO","2019-09-13","","180.4625"
"UNIVERSIDAD SAN BUENAVENTURA - BELLO","2019-09-12","","201.53333333"
"UNIVERSIDAD SAN BUENAVENTURA - BELLO","2019-09-11","","144.23043478"
"UNIVERSIDAD SAN BUENAVENTURA - BELLO","2019-09-10","","194.41304348"
"UNIVERSIDAD SAN BUENAVENTURA - BELLO","2019-09-09","","143.30833333"
"UNIVERSIDAD SAN BUENAVENTURA - BELLO","2019-09-08","","161.9125"
"UNIVERSIDAD SAN BUENAVENTURA - BELLO","2019-09-07","","156.03913043"
"UNIVERSIDAD SAN BUENAVENTURA - BELLO","2019-09-06","","105.3625"
"UNIVERSIDAD SAN BUENAVENTURA - BELLO","2019-09-05","","171.60869565"
"UNIVERSIDAD SAN BUENAVENTURA - BELLO","2019-09-04","","164.5625"
"UNIVERSIDAD SAN BUENAVENTURA - BELLO","2019-09-03","","183.10909091"
"UNIVERSIDAD SAN BUENAVENTURA - BELLO","2019-09-02","","140.075"
"UNIVERSIDAD SAN BUENAVENTURA - BELLO","2019-09-01","","173.73181818"
"UNIVERSIDAD SAN BUENAVENTURA - BELLO","2019-08-31","","167.60416667"
"UNIVERSIDAD SAN BUENAVENTURA - BELLO","2019-08-30","","198.16521739"
"UNIVERSIDAD SAN BUENAVENTURA - BELLO","2019-08-29","","201.85416667"
"UNIVERSIDAD SAN BUENAVENTURA - BELLO","2019-08-28","","91.48333333"
"UNIVERSIDAD SAN BUENAVENTURA - BELLO","2019-08-27","","190.09090909"
"UNIVERSIDAD SAN BUENAVENTURA - BELLO","2019-08-26","","196.06956522"
"UNIVERSIDAD SAN BUENAVENTURA - BELLO","2019-08-25","","160.14782609"
"UNIVERSIDAD SAN BUENAVENTURA - BELLO","2019-08-24","","150.87083333"
"UNIVERSIDAD SAN BUENAVENTURA - BELLO","2019-08-23","","142.82916667"
"UNIVERSIDAD SAN BUENAVENTURA - BELLO","2019-08-22","","160.26521739"
"UNIVERSIDAD SAN BUENAVENTURA - BELLO","2019-08-21","","198.25833333"
"UNIVERSIDAD SAN BUENAVENTURA - BELLO","2019-08-20","","202.20833333"
"UNIVERSIDAD SAN BUENAVENTURA - BELLO","2019-08-19","","188.86956522"
"UNIVERSIDAD SAN BUENAVENTURA - BELLO","2019-08-18","","229.00416667"
"UNIVERSIDAD SAN BUENAVENTURA - BELLO","2019-08-17","","145.55833333"
"UNIVERSIDAD SAN BUENAVENTURA - BELLO","2019-08-16","","121.9"
"UNIVERSIDAD SAN BUENAVENTURA - BELLO","2019-08-15","","163.02083333"
"UNIVERSIDAD SAN BUENAVENTURA - BELLO","2019-08-14","","175.8625"
"UNIVERSIDAD SAN BUENAVENTURA - BELLO","2019-08-13","","170.8625"
"UNIVERSIDAD SAN BUENAVENTURA - BELLO","2019-08-12","","181.09565217"
"UNIVERSIDAD SAN BUENAVENTURA - BELLO","2019-08-11","","185.23333333"
"UNIVERSIDAD SAN BUENAVENTURA - BELLO","2019-08-10","","188.74166667"
"UNIVERSIDAD SAN BUENAVENTURA - BELLO","2019-08-09","","198.29166667"
"UNIVERSIDAD SAN BUENAVENTURA - BELLO","2019-08-08","","185.68181818"
"UNIVERSIDAD SAN BUENAVENTURA - BELLO","2019-08-07","","208.725"
"UNIVERSIDAD SAN BUENAVENTURA - BELLO","2019-08-06","","185.10833333"
"UNIVERSIDAD SAN BUENAVENTURA - BELLO","2019-08-05","","227.59583333"
"UNIVERSIDAD SAN BUENAVENTURA - BELLO","2019-08-04","","213.10416667"
"UNIVERSIDAD SAN BUENAVENTURA - BELLO","2019-08-03","","162.83333333"
"UNIVERSIDAD SAN BUENAVENTURA - BELLO","2019-08-02","","183.83333333"
"UNIVERSIDAD SAN BUENAVENTURA - BELLO","2019-08-01","","126.89166667"
"UNIVERSIDAD SAN BUENAVENTURA - BELLO","2019-07-31","","196.74166667"
"UNIVERSIDAD SAN BUENAVENTURA - BELLO","2019-07-30","","169.20454545"
"UNIVERSIDAD SAN BUENAVENTURA - BELLO","2019-07-29","","218.49583333"
"UNIVERSIDAD SAN BUENAVENTURA - BELLO","2019-07-28","","203.96666667"
"UNIVERSIDAD SAN BUENAVENTURA - BELLO","2019-07-27","","227.54583333"
"UNIVERSIDAD SAN BUENAVENTURA - BELLO","2019-07-26","","190.55833333"
"UNIVERSIDAD SAN BUENAVENTURA - BELLO","2019-07-25","","208.10833333"
"UNIVERSIDAD SAN BUENAVENTURA - BELLO","2019-07-24","","116.6375"
"UNIVERSIDAD SAN BUENAVENTURA - BELLO","2019-07-23","","191.35416667"
"UNIVERSIDAD SAN BUENAVENTURA - BELLO","2019-07-22","","147.02916667"
"UNIVERSIDAD SAN BUENAVENTURA - BELLO","2019-07-21","","195.9"
"UNIVERSIDAD SAN BUENAVENTURA - BELLO","2019-07-20","","192.31304348"
"UNIVERSIDAD SAN BUENAVENTURA - BELLO","2019-07-19","","211.74166667"
"UNIVERSIDAD SAN BUENAVENTURA - BELLO","2019-07-18","","212.875"
"UNIVERSIDAD SAN BUENAVENTURA - BELLO","2019-07-17","","211.93333333"
"UNIVERSIDAD SAN BUENAVENTURA - BELLO","2019-07-16","","160.93333333"
"UNIVERSIDAD SAN BUENAVENTURA - BELLO","2019-07-15","","180.65"
"UNIVERSIDAD SAN BUENAVENTURA - BELLO","2019-07-14","","204.6625"
"UNIVERSIDAD SAN BUENAVENTURA - BELLO","2019-07-13","","155.75416667"
"UNIVERSIDAD SAN BUENAVENTURA - BELLO","2019-07-12","","212.2875"
"UNIVERSIDAD SAN BUENAVENTURA - BELLO","2019-07-11","","183.77083333"
"UNIVERSIDAD SAN BUENAVENTURA - BELLO","2019-07-10","","198.13333333"
"UNIVERSIDAD SAN BUENAVENTURA - BELLO","2019-07-09","","166.32916667"
"UNIVERSIDAD SAN BUENAVENTURA - BELLO","2019-07-08","","167.3625"
"UNIVERSIDAD SAN BUENAVENTURA - BELLO","2019-07-07","","205.2375"
"UNIVERSIDAD SAN BUENAVENTURA - BELLO","2019-07-06","","212.72916667"
"UNIVERSIDAD SAN BUENAVENTURA - BELLO","2019-07-05","","183.87083333"
"UNIVERSIDAD SAN BUENAVENTURA - BELLO","2019-07-04","","157.225"
"UNIVERSIDAD SAN BUENAVENTURA - BELLO","2019-07-03","","179.98333333"
"UNIVERSIDAD SAN BUENAVENTURA - BELLO","2019-07-02","","182.7125"
"UNIVERSIDAD SAN BUENAVENTURA - BELLO","2019-07-01","","190.76666667"
"UNIVERSIDAD SAN BUENAVENTURA - BELLO","2019-06-30","","195.30561629"
"UNIVERSIDAD SAN BUENAVENTURA - BELLO","2019-06-29","","267.7623"
"UNIVERSIDAD SAN BUENAVENTURA - BELLO","2019-06-28","","132.22342071"
"UNIVERSIDAD SAN BUENAVENTURA - BELLO","2019-06-27","","184.04252979"
"UNIVERSIDAD SAN BUENAVENTURA - BELLO","2019-06-26","","199.48213704"
"UNIVERSIDAD SAN BUENAVENTURA - BELLO","2019-06-25","","148.8663348"
"UNIVERSIDAD SAN BUENAVENTURA - BELLO","2019-06-24","","149.61423029"
"UNIVERSIDAD SAN BUENAVENTURA - BELLO","2019-06-23","","121.47432825"
"UNIVERSIDAD SAN BUENAVENTURA - BELLO","2019-06-22","","179.46220709"
"UNIVERSIDAD SAN BUENAVENTURA - BELLO","2019-06-21","","193.58743817"
"UNIVERSIDAD SAN BUENAVENTURA - BELLO","2019-06-20","","146.30859838"
"UNIVERSIDAD SAN BUENAVENTURA - BELLO","2019-06-19","","148.28245097"
"UNIVERSIDAD SAN BUENAVENTURA - BELLO","2019-06-18","","191.26300008"
"UNIVERSIDAD SAN BUENAVENTURA - BELLO","2019-06-17","","213.59101738"
"UNIVERSIDAD SAN BUENAVENTURA - BELLO","2019-06-16","","186.31561637"
"UNIVERSIDAD SAN BUENAVENTURA - BELLO","2019-06-15","","149.91285646"
"UNIVERSIDAD SAN BUENAVENTURA - BELLO","2019-06-14","","170.78308929"
"UNIVERSIDAD SAN BUENAVENTURA - BELLO","2019-06-13","","110.513556"
"UNIVERSIDAD SAN BUENAVENTURA - BELLO","2019-06-12","","163.42033163"
"UNIVERSIDAD SAN BUENAVENTURA - BELLO","2019-06-11","","207.06970678"
"UNIVERSIDAD SAN BUENAVENTURA - BELLO","2019-06-10","","162.73991963"
"UNIVERSIDAD SAN BUENAVENTURA - BELLO","2019-06-09","","199.93608658"
"UNIVERSIDAD SAN BUENAVENTURA - BELLO","2019-06-08","","211.68845792"
"UNIVERSIDAD SAN BUENAVENTURA - BELLO","2019-06-07","","106.15078388"
"UNIVERSIDAD SAN BUENAVENTURA - BELLO","2019-06-06","","174.21886809"
"UNIVERSIDAD SAN BUENAVENTURA - BELLO","2019-06-05","","185.28252467"
"UNIVERSIDAD SAN BUENAVENTURA - BELLO","2019-06-04","","223.51825963"
"UNIVERSIDAD SAN BUENAVENTURA - BELLO","2019-06-03","","173.49340417"
"UNIVERSIDAD SAN BUENAVENTURA - BELLO","2019-06-02","","160.97165988"
"UNIVERSIDAD SAN BUENAVENTURA - BELLO","2019-06-01","","99.89824221"
"UNIVERSIDAD SAN BUENAVENTURA - BELLO","2019-05-31","","153.18333333"
"UNIVERSIDAD SAN BUENAVENTURA - BELLO","2019-05-30","","97.96666667"
"UNIVERSIDAD SAN BUENAVENTURA - BELLO","2019-05-29","","174.2875"
"UNIVERSIDAD SAN BUENAVENTURA - BELLO","2019-05-28","","77.64166667"
"UNIVERSIDAD SAN BUENAVENTURA - BELLO","2019-05-27","","151.70416667"
"UNIVERSIDAD SAN BUENAVENTURA - BELLO","2019-05-26","","205.525"
"UNIVERSIDAD SAN BUENAVENTURA - BELLO","2019-05-25","","104.675"
"UNIVERSIDAD SAN BUENAVENTURA - BELLO","2019-05-24","","168.49583333"
"UNIVERSIDAD SAN BUENAVENTURA - BELLO","2019-05-23","","106.3125"
"UNIVERSIDAD SAN BUENAVENTURA - BELLO","2019-05-22","","172.7625"
"UNIVERSIDAD SAN BUENAVENTURA - BELLO","2019-05-21","","159.47083333"
"UNIVERSIDAD SAN BUENAVENTURA - BELLO","2019-05-20","","192.1875"
"UNIVERSIDAD SAN BUENAVENTURA - BELLO","2019-05-19","","135.06666667"
"UNIVERSIDAD SAN BUENAVENTURA - BELLO","2019-05-18","","130.9"
"UNIVERSIDAD SAN BUENAVENTURA - BELLO","2019-05-17","","170.19583333"
"UNIVERSIDAD SAN BUENAVENTURA - BELLO","2019-05-16","","158.875"
"UNIVERSIDAD SAN BUENAVENTURA - BELLO","2019-05-15","","150.55"
"UNIVERSIDAD SAN BUENAVENTURA - BELLO","2019-05-14","","192.9173913"
"UNIVERSIDAD SAN BUENAVENTURA - BELLO","2019-05-13","","127.15416667"
"UNIVERSIDAD SAN BUENAVENTURA - BELLO","2019-05-12","","167.92916667"
"UNIVERSIDAD SAN BUENAVENTURA - BELLO","2019-05-11","","117.38333333"
"UNIVERSIDAD SAN BUENAVENTURA - BELLO","2019-05-10","","161.52916667"
"UNIVERSIDAD SAN BUENAVENTURA - BELLO","2019-05-09","","120.42916667"
"UNIVERSIDAD SAN BUENAVENTURA - BELLO","2019-05-08","","43.54583333"
"UNIVERSIDAD SAN BUENAVENTURA - BELLO","2019-05-07","","173.64583333"
"UNIVERSIDAD SAN BUENAVENTURA - BELLO","2019-05-06","","183.78333333"
"UNIVERSIDAD SAN BUENAVENTURA - BELLO","2019-05-05","","191.05"
"UNIVERSIDAD SAN BUENAVENTURA - BELLO","2019-05-04","","114.6"
"UNIVERSIDAD SAN BUENAVENTURA - BELLO","2019-05-03","","168.75833333"
"UNIVERSIDAD SAN BUENAVENTURA - BELLO","2019-05-02","","187.54583333"
"UNIVERSIDAD SAN BUENAVENTURA - BELLO","2019-05-01","","215.62083333"
"UNIVERSIDAD SAN BUENAVENTURA - BELLO","2019-04-30","","189.45416667"
"UNIVERSIDAD SAN BUENAVENTURA - BELLO","2019-04-29","","153.64583333"
"UNIVERSIDAD SAN BUENAVENTURA - BELLO","2019-04-28","","152.80833333"
"UNIVERSIDAD SAN BUENAVENTURA - BELLO","2019-04-27","","138.86666667"
"UNIVERSIDAD SAN BUENAVENTURA - BELLO","2019-04-26","","156.35416667"
"UNIVERSIDAD SAN BUENAVENTURA - BELLO","2019-04-25","","96.3625"
"UNIVERSIDAD SAN BUENAVENTURA - BELLO","2019-04-24","","146.86956522"
"UNIVERSIDAD SAN BUENAVENTURA - BELLO","2019-04-23","","208.61666667"
"UNIVERSIDAD SAN BUENAVENTURA - BELLO","2019-04-22","","129.77916667"
"UNIVERSIDAD SAN BUENAVENTURA - BELLO","2019-04-21","","126.96666667"
"UNIVERSIDAD SAN BUENAVENTURA - BELLO","2019-04-20","","171.62083333"
"UNIVERSIDAD SAN BUENAVENTURA - BELLO","2019-04-19","","151.74166667"
"UNIVERSIDAD SAN BUENAVENTURA - BELLO","2019-04-18","","145.05833333"
"UNIVERSIDAD SAN BUENAVENTURA - BELLO","2019-04-17","","113.8625"
"UNIVERSIDAD SAN BUENAVENTURA - BELLO","2019-04-16","","171.17083333"
"UNIVERSIDAD SAN BUENAVENTURA - BELLO","2019-04-15","","188.80869565"
"UNIVERSIDAD SAN BUENAVENTURA - BELLO","2019-04-14","","162.92173913"
"UNIVERSIDAD SAN BUENAVENTURA - BELLO","2019-04-13","","153.35833333"
"UNIVERSIDAD SAN BUENAVENTURA - BELLO","2019-04-12","","198.82916667"
"UNIVERSIDAD SAN BUENAVENTURA - BELLO","2019-04-11","","163.13181818"
"UNIVERSIDAD SAN BUENAVENTURA - BELLO","2019-04-10","","132.05"
"UNIVERSIDAD SAN BUENAVENTURA - BELLO","2019-04-09","","92.54166667"
"UNIVERSIDAD SAN BUENAVENTURA - BELLO","2019-04-08","","176.22173913"
"UNIVERSIDAD SAN BUENAVENTURA - BELLO","2019-04-07","","162.15"
"UNIVERSIDAD SAN BUENAVENTURA - BELLO","2019-04-06","","156.43181818"
"UNIVERSIDAD SAN BUENAVENTURA - BELLO","2019-04-05","","95.15833333"
"UNIVERSIDAD SAN BUENAVENTURA - BELLO","2019-04-04","","106.84166667"
"UNIVERSIDAD SAN BUENAVENTURA - BELLO","2019-04-03","","169.92272727"
"UNIVERSIDAD SAN BUENAVENTURA - BELLO","2019-04-02","","99.52272727"
"UNIVERSIDAD SAN BUENAVENTURA - BELLO","2019-04-01","","133.76666667"
"UNIVERSIDAD SAN BUENAVENTURA - BELLO","2019-03-31","","157.34166667"
"UNIVERSIDAD SAN BUENAVENTURA - BELLO","2019-03-30","","195.22083333"
"UNIVERSIDAD SAN BUENAVENTURA - BELLO","2019-03-29","","100.08023203"
"UNIVERSIDAD SAN BUENAVENTURA - BELLO","2019-03-28","","192.16534472"
"UNIVERSIDAD SAN BUENAVENTURA - BELLO","2019-03-27","","113.63249333"
"UNIVERSIDAD SAN BUENAVENTURA - BELLO","2019-03-26","","117.03756295"
"UNIVERSIDAD SAN BUENAVENTURA - BELLO","2019-03-25","","157.26484228"
"UNIVERSIDAD SAN BUENAVENTURA - BELLO","2019-03-24","","114.15618686"
"UNIVERSIDAD SAN BUENAVENTURA - BELLO","2019-03-23","","140.14025736"
"UNIVERSIDAD SAN BUENAVENTURA - BELLO","2019-03-22","","108.17664175"
"UNIVERSIDAD SAN BUENAVENTURA - BELLO","2019-03-21","","91.13787952"
"UNIVERSIDAD SAN BUENAVENTURA - BELLO","2019-03-20","","124.46935549"
"UNIVERSIDAD SAN BUENAVENTURA - BELLO","2019-03-19","","104.1403217"
"UNIVERSIDAD SAN BUENAVENTURA - BELLO","2019-03-18","","68.09373658"
"UNIVERSIDAD SAN BUENAVENTURA - BELLO","2019-03-17","","156.77674875"
"UNIVERSIDAD SAN BUENAVENTURA - BELLO","2019-03-16","","135.28359458"
"UNIVERSIDAD SAN BUENAVENTURA - BELLO","2019-03-15","","150.22641667"
"UNIVERSIDAD SAN BUENAVENTURA - BELLO","2019-03-14","","148.68151475"
"UNIVERSIDAD SAN BUENAVENTURA - BELLO","2019-03-13","","205.19546252"
"UNIVERSIDAD SAN BUENAVENTURA - BELLO","2019-03-12","","189.91769444"
"UNIVERSIDAD SAN BUENAVENTURA - BELLO","2019-03-11","","158.12260356"
"UNIVERSIDAD SAN BUENAVENTURA - BELLO","2019-03-10","","135.57882333"
"UNIVERSIDAD SAN BUENAVENTURA - BELLO","2019-03-09","","156.42829024"
"UNIVERSIDAD SAN BUENAVENTURA - BELLO","2019-03-08","","126.83056917"
"UNIVERSIDAD SAN BUENAVENTURA - BELLO","2019-03-07","","136.76327601"
"UNIVERSIDAD SAN BUENAVENTURA - BELLO","2019-03-06","","128.95710042"
"UNIVERSIDAD SAN BUENAVENTURA - BELLO","2019-03-05","","147.69536625"
"UNIVERSIDAD SAN BUENAVENTURA - BELLO","2019-03-04","","179.32130971"
"UNIVERSIDAD SAN BUENAVENTURA - BELLO","2019-03-03","","0.0"
"UNIVERSIDAD SAN BUENAVENTURA - BELLO","2019-03-01","","200.3620734"
"UNIVERSIDAD SAN BUENAVENTURA - BELLO","2019-02-28","","193.91282625"
"UNIVERSIDAD SAN BUENAVENTURA - BELLO","2019-02-27","","78.68897675"
"UNIVERSIDAD SAN BUENAVENTURA - BELLO","2019-02-26","","109.95429125"
"UNIVERSIDAD SAN BUENAVENTURA - BELLO","2019-02-25","","173.35336375"
"UNIVERSIDAD SAN BUENAVENTURA - BELLO","2019-02-24","","185.692757"
"UNIVERSIDAD SAN BUENAVENTURA - BELLO","2019-02-23","","113.88301519"
"UNIVERSIDAD SAN BUENAVENTURA - BELLO","2019-02-22","","205.26458375"
"UNIVERSIDAD SAN BUENAVENTURA - BELLO","2019-02-21","","189.68774008"
"UNIVERSIDAD SAN BUENAVENTURA - BELLO","2019-02-20","","161.15944136"
"UNIVERSIDAD SAN BUENAVENTURA - BELLO","2019-02-19","","78.19675813"
"UNIVERSIDAD SAN BUENAVENTURA - BELLO","2019-02-18","","192.64476058"
"UNIVERSIDAD SAN BUENAVENTURA - BELLO","2019-02-17","","104.25333263"
"UNIVERSIDAD SAN BUENAVENTURA - BELLO","2019-02-16","","179.09920188"
"UNIVERSIDAD SAN BUENAVENTURA - BELLO","2019-02-15","","221.08342917"
"UNIVERSIDAD SAN BUENAVENTURA - BELLO","2019-02-14","","159.13968417"
"UNIVERSIDAD SAN BUENAVENTURA - BELLO","2019-02-13","","200.01058425"
"UNIVERSIDAD SAN BUENAVENTURA - BELLO","2019-02-12","","122.10812788"
"UNIVERSIDAD SAN BUENAVENTURA - BELLO","2019-02-11","","184.61806903"
"UNIVERSIDAD SAN BUENAVENTURA - BELLO","2019-02-10","","135.210873"
"UNIVERSIDAD SAN BUENAVENTURA - BELLO","2019-02-09","","114.08958458"
"UNIVERSIDAD SAN BUENAVENTURA - BELLO","2019-02-08","","153.84014463"
"UNIVERSIDAD SAN BUENAVENTURA - BELLO","2019-02-07","","143.44644675"
"UNIVERSIDAD SAN BUENAVENTURA - BELLO","2019-02-06","","155.65564458"
"UNIVERSIDAD SAN BUENAVENTURA - BELLO","2019-02-05","","142.37604458"
"UNIVERSIDAD SAN BUENAVENTURA - BELLO","2019-02-04","","141.85935278"
"UNIVERSIDAD SAN BUENAVENTURA - BELLO","2019-02-03","","176.76451583"
"UNIVERSIDAD SAN BUENAVENTURA - BELLO","2019-02-02","","163.03861067"
"UNIVERSIDAD SAN BUENAVENTURA - BELLO","2019-02-01","","153.19261224"
"UNIVERSIDAD SAN BUENAVENTURA - BELLO","2019-01-31","","156.41536342"
"UNIVERSIDAD SAN BUENAVENTURA - BELLO","2019-01-30","","184.7216745"
"UNIVERSIDAD SAN BUENAVENTURA - BELLO","2019-01-29","","216.59328332"
"UNIVERSIDAD SAN BUENAVENTURA - BELLO","2019-01-28","","24.77291842"
"UNIVERSIDAD SAN BUENAVENTURA - BELLO","2019-01-27","","106.26784908"
"UNIVERSIDAD SAN BUENAVENTURA - BELLO","2019-01-26","","250.17317177"
"UNIVERSIDAD SAN BUENAVENTURA - BELLO","2019-01-20","","180.81437882"
"UNIVERSIDAD SAN BUENAVENTURA - BELLO","2019-01-19","","138.72979521"
"UNIVERSIDAD SAN BUENAVENTURA - BELLO","2019-01-18","","145.22734796"
"UNIVERSIDAD SAN BUENAVENTURA - BELLO","2019-01-17","","55.93461654"
"UNIVERSIDAD SAN BUENAVENTURA - BELLO","2019-01-16","","146.93885832"
"UNIVERSIDAD SAN BUENAVENTURA - BELLO","2019-01-15","","145.60786383"
"UNIVERSIDAD SAN BUENAVENTURA - BELLO","2019-01-14","","99.99773375"
"UNIVERSIDAD SAN BUENAVENTURA - BELLO","2019-01-13","","151.281906"
"UNIVERSIDAD SAN BUENAVENTURA - BELLO","2019-01-12","","171.36069725"
"UNIVERSIDAD SAN BUENAVENTURA - BELLO","2019-01-11","","183.88969538"
"UNIVERSIDAD SAN BUENAVENTURA - BELLO","2019-01-10","","128.68723889"
"UNIVERSIDAD SAN BUENAVENTURA - BELLO","2019-01-09","","124.38299097"
"UNIVERSIDAD SAN BUENAVENTURA - BELLO","2019-01-08","","174.47096384"
"UNIVERSIDAD SAN BUENAVENTURA - BELLO","2019-01-07","","129.16585367"
"UNIVERSIDAD SAN BUENAVENTURA - BELLO","2019-01-06","","150.05504763"
"UNIVERSIDAD SAN BUENAVENTURA - BELLO","2019-01-05","","154.37642467"
"UNIVERSIDAD SAN BUENAVENTURA - BELLO","2019-01-04","","200.15209879"
"UNIVERSIDAD SAN BUENAVENTURA - BELLO","2019-01-03","","165.60855046"
"UNIVERSIDAD SAN BUENAVENTURA - BELLO","2019-01-02","","206.098388"
"UNIVERSIDAD SAN BUENAVENTURA - BELLO","2019-01-01","","202.51443176"
"UNIVERSIDAD SAN BUENAVENTURA - BELLO","2013-12-31","","12.0"
"UNIVERSIDAD SAN BUENAVENTURA - BELLO","2013-12-30","","138.99756833"
"UNIVERSIDAD SAN BUENAVENTURA - BELLO","2013-12-29","","205.34248083"
"UNIVERSIDAD SAN BUENAVENTURA - BELLO","2013-12-28","","209.54827"
"UNIVERSIDAD SAN BUENAVENTURA - BELLO","2013-12-27","","163.11712708"
"UNIVERSIDAD SAN BUENAVENTURA - BELLO","2013-12-26","","199.6682825"
"UNIVERSIDAD SAN BUENAVENTURA - BELLO","2013-12-25","","181.97511208"
"UNIVERSIDAD SAN BUENAVENTURA - BELLO","2013-12-24","","137.29583167"
"UNIVERSIDAD SAN BUENAVENTURA - BELLO","2013-12-23","","108.0086725"
"UNIVERSIDAD SAN BUENAVENTURA - BELLO","2013-12-22","","100.58749958"
"UNIVERSIDAD SAN BUENAVENTURA - BELLO","2013-12-21","","136.86817875"
"UNIVERSIDAD SAN BUENAVENTURA - BELLO","2013-12-20","","136.232875"
"UNIVERSIDAD SAN BUENAVENTURA - BELLO","2013-12-19","","197.46690417"
"UNIVERSIDAD SAN BUENAVENTURA - BELLO","2013-12-18","","94.59791583"
"UNIVERSIDAD SAN BUENAVENTURA - BELLO","2013-12-17","","90.78104042"
"UNIVERSIDAD SAN BUENAVENTURA - BELLO","2013-12-16","","144.61990625"
"UNIVERSIDAD SAN BUENAVENTURA - BELLO","2013-12-15","","186.45440042"
"UNIVERSIDAD SAN BUENAVENTURA - BELLO","2013-12-14","","172.35231583"
"UNIVERSIDAD SAN BUENAVENTURA - BELLO","2013-12-13","","87.26273292"
"UNIVERSIDAD SAN BUENAVENTURA - BELLO","2013-12-12","","164.88241125"
"UNIVERSIDAD SAN BUENAVENTURA - BELLO","2013-12-11","","194.02704708"
"UNIVERSIDAD SAN BUENAVENTURA - BELLO","2013-12-10","","168.02171083"
"UNIVERSIDAD SAN BUENAVENTURA - BELLO","2013-12-09","","90.61551458"
"UNIVERSIDAD SAN BUENAVENTURA - BELLO","2013-12-08","","141.201735"
"UNIVERSIDAD SAN BUENAVENTURA - BELLO","2013-12-07","","159.02766625"
"UNIVERSIDAD SAN BUENAVENTURA - BELLO","2013-12-06","","204.07442167"
"UNIVERSIDAD SAN BUENAVENTURA - BELLO","2013-12-05","","165.48993208"
"UNIVERSIDAD SAN BUENAVENTURA - BELLO","2013-12-04","","188.202895"
"UNIVERSIDAD SAN BUENAVENTURA - BELLO","2013-12-03","","128.55712333"
"UNIVERSIDAD SAN BUENAVENTURA - BELLO","2013-12-02","","122.13102125"
"UNIVERSIDAD SAN BUENAVENTURA - BELLO","2013-12-01","","147.3006664"
"UNIVERSIDAD SAN BUENAVENTURA - BELLO","2013-11-30","","79.107554"
"UNIVERSIDAD SAN BUENAVENTURA - BELLO","2013-11-29","","147.53056167"
"UNIVERSIDAD SAN BUENAVENTURA - BELLO","2013-11-28","","133.00856125"
"UNIVERSIDAD SAN BUENAVENTURA - BELLO","2013-11-27","","194.12382042"
"UNIVERSIDAD SAN BUENAVENTURA - BELLO","2013-11-26","","152.98309708"
"UNIVERSIDAD SAN BUENAVENTURA - BELLO","2013-11-25","","199.38203167"
"UNIVERSIDAD SAN BUENAVENTURA - BELLO","2013-11-24","","81.06377125"
"UNIVERSIDAD SAN BUENAVENTURA - BELLO","2013-11-23","","143.61237292"
"UNIVERSIDAD SAN BUENAVENTURA - BELLO","2013-11-22","","197.90497292"
"UNIVERSIDAD SAN BUENAVENTURA - BELLO","2013-11-21","","206.58934708"
"UNIVERSIDAD SAN BUENAVENTURA - BELLO","2013-11-20","","167.37768708"
"UNIVERSIDAD SAN BUENAVENTURA - BELLO","2013-11-19","","190.440895"
"UNIVERSIDAD SAN BUENAVENTURA - BELLO","2013-11-18","","177.41227125"
"UNIVERSIDAD SAN BUENAVENTURA - BELLO","2013-11-17","","199.86285333"
"UNIVERSIDAD SAN BUENAVENTURA - BELLO","2013-11-16","","165.3732625"
"UNIVERSIDAD SAN BUENAVENTURA - BELLO","2013-11-15","","211.323955"
"UNIVERSIDAD SAN BUENAVENTURA - BELLO","2013-11-14","","221.31365542"
"UNIVERSIDAD SAN BUENAVENTURA - BELLO","2013-11-13","","205.09120625"
"UNIVERSIDAD SAN BUENAVENTURA - BELLO","2013-11-12","","191.96239208"
"UNIVERSIDAD SAN BUENAVENTURA - BELLO","2013-11-11","","175.03795833"
"UNIVERSIDAD SAN BUENAVENTURA - BELLO","2013-11-10","","145.71122333"
"UNIVERSIDAD SAN BUENAVENTURA - BELLO","2013-11-09","","176.66063875"
"UNIVERSIDAD SAN BUENAVENTURA - BELLO","2013-11-08","","173.05714333"
"UNIVERSIDAD SAN BUENAVENTURA - BELLO","2013-11-07","","100.53853917"
"UNIVERSIDAD SAN BUENAVENTURA - BELLO","2013-11-06","","214.16621"
"UNIVERSIDAD SAN BUENAVENTURA - BELLO","2013-11-05","","132.92654917"
"UNIVERSIDAD SAN BUENAVENTURA - BELLO","2013-11-04","","162.50150333"
"UNIVERSIDAD SAN BUENAVENTURA - BELLO","2013-11-03","","139.0550925"
"UNIVERSIDAD SAN BUENAVENTURA - BELLO","2013-11-02","","178.58251542"
"UNIVERSIDAD SAN BUENAVENTURA - BELLO","2013-11-01","","162.9188924"
"UNIVERSIDAD SAN BUENAVENTURA - BELLO","2013-10-31","","146.72626792"
"UNIVERSIDAD SAN BUENAVENTURA - BELLO","2013-10-30","","172.37982632"
"UNIVERSIDAD SAN BUENAVENTURA - BELLO","2013-10-29","","149.88957625"
"UNIVERSIDAD SAN BUENAVENTURA - BELLO","2013-10-28","","219.58449583"
"UNIVERSIDAD SAN BUENAVENTURA - BELLO","2013-10-27","","116.85254583"
"UNIVERSIDAD SAN BUENAVENTURA - BELLO","2013-10-26","","179.78449042"
"UNIVERSIDAD SAN BUENAVENTURA - BELLO","2013-10-25","","183.61423417"
"UNIVERSIDAD SAN BUENAVENTURA - BELLO","2013-10-24","","176.84363125"
"UNIVERSIDAD SAN BUENAVENTURA - BELLO","2013-10-23","","198.59420958"
"UNIVERSIDAD SAN BUENAVENTURA - BELLO","2013-10-22","","134.21992375"
"UNIVERSIDAD SAN BUENAVENTURA - BELLO","2013-10-21","","141.8398175"
"UNIVERSIDAD SAN BUENAVENTURA - BELLO","2013-10-20","","166.517015"
"UNIVERSIDAD SAN BUENAVENTURA - BELLO","2013-10-19","","228.44398375"
"UNIVERSIDAD SAN BUENAVENTURA - BELLO","2013-10-18","","200.02163333"
"UNIVERSIDAD SAN BUENAVENTURA - BELLO","2013-10-17","","155.12973792"
"UNIVERSIDAD SAN BUENAVENTURA - BELLO","2013-10-16","","114.48240458"
"UNIVERSIDAD SAN BUENAVENTURA - BELLO","2013-10-15","","194.43153542"
"UNIVERSIDAD SAN BUENAVENTURA - BELLO","2013-10-14","","84.118165"
"UNIVERSIDAD SAN BUENAVENTURA - BELLO","2013-10-13","","136.07314667"
"UNIVERSIDAD SAN BUENAVENTURA - BELLO","2013-10-12","","154.432545"
"UNIVERSIDAD SAN BUENAVENTURA - BELLO","2013-10-11","","166.24792333"
"UNIVERSIDAD SAN BUENAVENTURA - BELLO","2013-10-10","","188.77407833"
"UNIVERSIDAD SAN BUENAVENTURA - BELLO","2013-10-09","","213.38750083"
"UNIVERSIDAD SAN BUENAVENTURA - BELLO","2013-10-08","","188.10546042"
"UNIVERSIDAD SAN BUENAVENTURA - BELLO","2013-10-07","","198.38903917"
"UNIVERSIDAD SAN BUENAVENTURA - BELLO","2013-10-06","","232.25683417"
"UNIVERSIDAD SAN BUENAVENTURA - BELLO","2013-10-05","","248.8672425"
"UNIVERSIDAD SAN BUENAVENTURA - BELLO","2013-10-04","","147.95995208"
"UNIVERSIDAD SAN BUENAVENTURA - BELLO","2013-10-03","","119.71677625"
"UNIVERSIDAD SAN BUENAVENTURA - BELLO","2013-10-02","","190.32806625"
"UNIVERSIDAD SAN BUENAVENTURA - BELLO","2013-10-01","","121.82173506"
"UNIVERSIDAD SAN BUENAVENTURA - BELLO","2013-09-30","","158.56956208"
"UNIVERSIDAD SAN BUENAVENTURA - BELLO","2013-09-29","","171.4535825"
"UNIVERSIDAD SAN BUENAVENTURA - BELLO","2013-09-28","","109.68078458"
"UNIVERSIDAD SAN BUENAVENTURA - BELLO","2013-09-27","","113.57465208"
"UNIVERSIDAD SAN BUENAVENTURA - BELLO","2013-09-26","","123.25809958"
"UNIVERSIDAD SAN BUENAVENTURA - BELLO","2013-09-25","","163.7787075"
"UNIVERSIDAD SAN BUENAVENTURA - BELLO","2013-09-24","","175.64943583"
"UNIVERSIDAD SAN BUENAVENTURA - BELLO","2013-09-23","","175.97444625"
"UNIVERSIDAD SAN BUENAVENTURA - BELLO","2013-09-22","","169.1422475"
"UNIVERSIDAD SAN BUENAVENTURA - BELLO","2013-09-21","","247.531945"
"UNIVERSIDAD SAN BUENAVENTURA - BELLO","2013-09-20","","259.0371525"
"UNIVERSIDAD SAN BUENAVENTURA - BELLO","2013-09-19","","182.59387"
"UNIVERSIDAD SAN BUENAVENTURA - BELLO","2013-09-18","","174.71431304"
"UNIVERSIDAD SAN BUENAVENTURA - BELLO","2013-09-17","","155.58729917"
"UNIVERSIDAD SAN BUENAVENTURA - BELLO","2013-09-16","","206.402085"
"UNIVERSIDAD SAN BUENAVENTURA - BELLO","2013-09-15","","204.75081"
"UNIVERSIDAD SAN BUENAVENTURA - BELLO","2013-09-14","","187.57477208"
"UNIVERSIDAD SAN BUENAVENTURA - BELLO","2013-09-13","","225.75533208"
"UNIVERSIDAD SAN BUENAVENTURA - BELLO","2013-09-12","","188.02411042"
"UNIVERSIDAD SAN BUENAVENTURA - BELLO","2013-09-11","","137.62626833"
"UNIVERSIDAD SAN BUENAVENTURA - BELLO","2013-09-10","","186.3243"
"UNIVERSIDAD SAN BUENAVENTURA - BELLO","2013-09-09","","174.33368792"
"UNIVERSIDAD SAN BUENAVENTURA - BELLO","2013-09-08","","182.44247583"
"UNIVERSIDAD SAN BUENAVENTURA - BELLO","2013-09-07","","114.93714833"
"UNIVERSIDAD SAN BUENAVENTURA - BELLO","2013-09-06","","96.23669"
"UNIVERSIDAD SAN BUENAVENTURA - BELLO","2013-09-05","","153.768305"
"UNIVERSIDAD SAN BUENAVENTURA - BELLO","2013-09-04","","124.9277825"
"UNIVERSIDAD SAN BUENAVENTURA - BELLO","2013-09-03","","192.34942417"
"UNIVERSIDAD SAN BUENAVENTURA - BELLO","2013-09-02","","247.24061708"
"UNIVERSIDAD SAN BUENAVENTURA - BELLO","2013-09-01","","201.322455"
"UNIVERSIDAD SAN BUENAVENTURA - BELLO","2013-08-31","","184.53779208"
"UNIVERSIDAD SAN BUENAVENTURA - BELLO","2013-08-30","","221.86007375"
"UNIVERSIDAD SAN BUENAVENTURA - BELLO","2013-08-29","","185.73159792"
"UNIVERSIDAD SAN BUENAVENTURA - BELLO","2013-08-28","","220.34895125"
"UNIVERSIDAD SAN BUENAVENTURA - BELLO","2013-08-27","","238.98402"
"UNIVERSIDAD SAN BUENAVENTURA - BELLO","2013-08-26","","231.05938333"
"UNIVERSIDAD SAN BUENAVENTURA - BELLO","2013-08-25","","236.60219833"
"UNIVERSIDAD SAN BUENAVENTURA - BELLO","2013-08-24","","155.99052625"
"UNIVERSIDAD SAN BUENAVENTURA - BELLO","2013-08-23","","213.32569667"
"UNIVERSIDAD SAN BUENAVENTURA - BELLO","2013-08-22","","215.39061833"
"UNIVERSIDAD SAN BUENAVENTURA - BELLO","2013-08-21","","173.7318275"
"UNIVERSIDAD SAN BUENAVENTURA - BELLO","2013-08-20","","207.35185333"
"UNIVERSIDAD SAN BUENAVENTURA - BELLO","2013-08-19","","191.0225725"
"UNIVERSIDAD SAN BUENAVENTURA - BELLO","2013-08-18","","157.8085575"
"UNIVERSIDAD SAN BUENAVENTURA - BELLO","2013-08-17","","53.40595"
"UNIVERSIDAD SAN BUENAVENTURA - BELLO","2013-08-16","","152.87315083"
"UNIVERSIDAD SAN BUENAVENTURA - BELLO","2013-08-15","","170.51423792"
"UNIVERSIDAD SAN BUENAVENTURA - BELLO","2013-08-14","","256.30597625"
"UNIVERSIDAD SAN BUENAVENTURA - BELLO","2013-08-13","","106.11748167"
"UNIVERSIDAD SAN BUENAVENTURA - BELLO","2013-08-12","","180.59710875"
"UNIVERSIDAD SAN BUENAVENTURA - BELLO","2013-08-11","","135.23541333"
"UNIVERSIDAD SAN BUENAVENTURA - BELLO","2013-08-10","","211.02777542"
"UNIVERSIDAD SAN BUENAVENTURA - BELLO","2013-08-09","","198.18993375"
"UNIVERSIDAD SAN BUENAVENTURA - BELLO","2013-08-08","","115.58113458"
"UNIVERSIDAD SAN BUENAVENTURA - BELLO","2013-08-07","","132.56504042"
"UNIVERSIDAD SAN BUENAVENTURA - BELLO","2013-08-06","","235.10813"
"UNIVERSIDAD SAN BUENAVENTURA - BELLO","2013-08-04","","91.002221"
"UNIVERSIDAD SAN BUENAVENTURA - BELLO","2013-08-03","","188.29926375"
"UNIVERSIDAD SAN BUENAVENTURA - BELLO","2013-08-02","","178.79987542"
"UNIVERSIDAD SAN BUENAVENTURA - BELLO","2013-08-01","","199.77163958"
"UNIVERSIDAD SAN BUENAVENTURA - BELLO","2013-07-31","","220.97325704"
"UNIVERSIDAD SAN BUENAVENTURA - BELLO","2013-07-30","","180.39490625"
"UNIVERSIDAD SAN BUENAVENTURA - BELLO","2013-07-29","","228.54177958"
"UNIVERSIDAD SAN BUENAVENTURA - BELLO","2013-07-28","","244.43160042"
"UNIVERSIDAD SAN BUENAVENTURA - BELLO","2013-07-27","","230.397545"
"UNIVERSIDAD SAN BUENAVENTURA - BELLO","2013-07-26","","155.50428542"
"UNIVERSIDAD SAN BUENAVENTURA - BELLO","2013-07-25","","245.85335375"
"UNIVERSIDAD SAN BUENAVENTURA - BELLO","2013-07-24","","250.11087958"
"UNIVERSIDAD SAN BUENAVENTURA - BELLO","2013-07-23","","212.33776042"
"UNIVERSIDAD SAN BUENAVENTURA - BELLO","2013-07-22","","182.25925958"
"UNIVERSIDAD SAN BUENAVENTURA - BELLO","2013-07-21","","189.59409792"
"UNIVERSIDAD SAN BUENAVENTURA - BELLO","2013-07-20","","154.40661917"
"UNIVERSIDAD SAN BUENAVENTURA - BELLO","2013-07-19","","148.58981917"
"UNIVERSIDAD SAN BUENAVENTURA - BELLO","2013-07-18","","204.86087833"
"UNIVERSIDAD SAN BUENAVENTURA - BELLO","2013-07-17","","196.6197925"
"UNIVERSIDAD SAN BUENAVENTURA - BELLO","2013-07-16","","242.98761583"
"UNIVERSIDAD SAN BUENAVENTURA - BELLO","2013-07-15","","117.4901675"
"UNIVERSIDAD SAN BUENAVENTURA - BELLO","2013-07-14","","191.04537167"
"UNIVERSIDAD SAN BUENAVENTURA - BELLO","2013-07-13","","235.12586875"
"UNIVERSIDAD SAN BUENAVENTURA - BELLO","2013-07-12","","212.44698417"
"UNIVERSIDAD SAN BUENAVENTURA - BELLO","2013-07-11","","211.39977292"
"UNIVERSIDAD SAN BUENAVENTURA - BELLO","2013-07-10","","177.06446917"
"UNIVERSIDAD SAN BUENAVENTURA - BELLO","2013-07-09","","214.97477833"
"UNIVERSIDAD SAN BUENAVENTURA - BELLO","2013-07-08","","257.2996525"
"UNIVERSIDAD SAN BUENAVENTURA - BELLO","2013-07-07","","238.91863417"
"UNIVERSIDAD SAN BUENAVENTURA - BELLO","2013-07-06","","194.73518458"
"UNIVERSIDAD SAN BUENAVENTURA - BELLO","2013-07-05","","139.04270792"
"UNIVERSIDAD SAN BUENAVENTURA - BELLO","2013-07-04","","191.92858875"
"UNIVERSIDAD SAN BUENAVENTURA - BELLO","2013-07-03","","142.05731333"
"UNIVERSIDAD SAN BUENAVENTURA - BELLO","2013-07-02","","247.84837875"
"UNIVERSIDAD SAN BUENAVENTURA - BELLO","2013-07-01","","157.30173875"
"UNIVERSIDAD SAN BUENAVENTURA - BELLO","2013-06-30","","198.84004667"
"UNIVERSIDAD SAN BUENAVENTURA - BELLO","2013-06-29","","198.846755"
"UNIVERSIDAD SAN BUENAVENTURA - BELLO","2013-06-28","","109.59004292"
"UNIVERSIDAD SAN BUENAVENTURA - BELLO","2013-06-27","","153.47662"
"UNIVERSIDAD SAN BUENAVENTURA - BELLO","2013-06-26","","241.65451083"
"UNIVERSIDAD SAN BUENAVENTURA - BELLO","2013-06-25","","192.489705"
"UNIVERSIDAD SAN BUENAVENTURA - BELLO","2013-06-24","","193.73935292"
"UNIVERSIDAD SAN BUENAVENTURA - BELLO","2013-06-23","","217.52766125"
"UNIVERSIDAD SAN BUENAVENTURA - BELLO","2013-06-22","","182.61504625"
"UNIVERSIDAD SAN BUENAVENTURA - BELLO","2013-06-21","","231.09502417"
"UNIVERSIDAD SAN BUENAVENTURA - BELLO","2013-06-20","","172.30450375"
"UNIVERSIDAD SAN BUENAVENTURA - BELLO","2013-06-19","","150.13912"
"UNIVERSIDAD SAN BUENAVENTURA - BELLO","2013-06-18","","209.04629417"
"UNIVERSIDAD SAN BUENAVENTURA - BELLO","2013-06-17","","221.25485625"
"UNIVERSIDAD SAN BUENAVENTURA - BELLO","2013-06-16","","249.16932792"
"UNIVERSIDAD SAN BUENAVENTURA - BELLO","2013-06-15","","192.72338167"
"UNIVERSIDAD SAN BUENAVENTURA - BELLO","2013-06-14","","156.74931292"
"UNIVERSIDAD SAN BUENAVENTURA - BELLO","2013-06-13","","220.05001167"
"UNIVERSIDAD SAN BUENAVENTURA - BELLO","2013-06-12","","224.84305125"
"UNIVERSIDAD SAN BUENAVENTURA - BELLO","2013-06-11","","190.98845167"
"UNIVERSIDAD SAN BUENAVENTURA - BELLO","2013-06-10","","186.7442125"
"UNIVERSIDAD SAN BUENAVENTURA - BELLO","2013-06-09","","238.82951083"
"UNIVERSIDAD SAN BUENAVENTURA - BELLO","2013-06-08","","189.1416675"
"UNIVERSIDAD SAN BUENAVENTURA - BELLO","2013-06-07","","231.05601792"
"UNIVERSIDAD SAN BUENAVENTURA - BELLO","2013-06-06","","164.41828667"
"UNIVERSIDAD SAN BUENAVENTURA - BELLO","2013-06-05","","187.16168542"
"UNIVERSIDAD SAN BUENAVENTURA - BELLO","2013-06-04","","204.71037708"
"UNIVERSIDAD SAN BUENAVENTURA - BELLO","2013-06-03","","207.11620667"
"UNIVERSIDAD SAN BUENAVENTURA - BELLO","2013-06-02","","240.58668958"
"UNIVERSIDAD SAN BUENAVENTURA - BELLO","2013-06-01","","177.593175"
"UNIVERSIDAD SAN BUENAVENTURA - BELLO","2013-05-31","","110.28137167"
"UNIVERSIDAD SAN BUENAVENTURA - BELLO","2013-05-30","","175.67522833"
"UNIVERSIDAD SAN BUENAVENTURA - BELLO","2013-05-29","","133.71666458"
"UNIVERSIDAD SAN BUENAVENTURA - BELLO","2013-05-28","","165.12112042"
"UNIVERSIDAD SAN BUENAVENTURA - BELLO","2013-05-27","","153.4377275"
"UNIVERSIDAD SAN BUENAVENTURA - BELLO","2013-05-26","","184.53668667"
"UNIVERSIDAD SAN BUENAVENTURA - BELLO","2013-05-25","","249.96262042"
"UNIVERSIDAD SAN BUENAVENTURA - BELLO","2013-05-24","","197.17441875"
"UNIVERSIDAD SAN BUENAVENTURA - BELLO","2013-05-23","","122.54215174"
"UNIVERSIDAD SAN BUENAVENTURA - BELLO","2013-05-22","","125.03808125"
"UNIVERSIDAD SAN BUENAVENTURA - BELLO","2013-05-21","","153.16681125"
"UNIVERSIDAD SAN BUENAVENTURA - BELLO","2013-05-20","","139.57036708"
"UNIVERSIDAD SAN BUENAVENTURA - BELLO","2013-05-19","","215.12419125"
"UNIVERSIDAD SAN BUENAVENTURA - BELLO","2013-05-18","","189.15706167"
"UNIVERSIDAD SAN BUENAVENTURA - BELLO","2013-05-17","","120.73651042"
"UNIVERSIDAD SAN BUENAVENTURA - BELLO","2013-05-16","","160.40566583"
"UNIVERSIDAD SAN BUENAVENTURA - BELLO","2013-05-15","","121.67291042"
"UNIVERSIDAD SAN BUENAVENTURA - BELLO","2013-05-14","","205.29578708"
"UNIVERSIDAD SAN BUENAVENTURA - BELLO","2013-05-13","","228.102605"
"UNIVERSIDAD SAN BUENAVENTURA - BELLO","2013-05-12","","231.28113833"
"UNIVERSIDAD SAN BUENAVENTURA - BELLO","2013-05-11","","211.93695333"
"UNIVERSIDAD SAN BUENAVENTURA - BELLO","2013-05-10","","186.5020075"
"UNIVERSIDAD SAN BUENAVENTURA - BELLO","2013-05-09","","183.95601458"
"UNIVERSIDAD SAN BUENAVENTURA - BELLO","2013-05-08","","216.77280542"
"UNIVERSIDAD SAN BUENAVENTURA - BELLO","2013-05-07","","140.60034958"
"UNIVERSIDAD SAN BUENAVENTURA - BELLO","2013-05-06","","228.26034792"
"UNIVERSIDAD SAN BUENAVENTURA - BELLO","2013-05-05","","173.0385375"
"UNIVERSIDAD SAN BUENAVENTURA - BELLO","2013-05-04","","228.39119792"
"UNIVERSIDAD SAN BUENAVENTURA - BELLO","2013-05-03","","194.09282208"
"UNIVERSIDAD SAN BUENAVENTURA - BELLO","2013-05-02","","129.60717125"
"UNIVERSIDAD SAN BUENAVENTURA - BELLO","2013-05-01","","148.74948"
"UNIVERSIDAD SAN BUENAVENTURA - BELLO","2013-04-30","","236.54781458"
"UNIVERSIDAD SAN BUENAVENTURA - BELLO","2013-04-29","","129.74491208"
"UNIVERSIDAD SAN BUENAVENTURA - BELLO","2013-04-28","","192.26690167"
"UNIVERSIDAD SAN BUENAVENTURA - BELLO","2013-04-27","","180.352905"
"UNIVERSIDAD SAN BUENAVENTURA - BELLO","2013-04-26","","181.92800875"
"UNIVERSIDAD SAN BUENAVENTURA - BELLO","2013-04-25","","239.38113208"
"UNIVERSIDAD SAN BUENAVENTURA - BELLO","2013-04-24","","188.98530542"
"UNIVERSIDAD SAN BUENAVENTURA - BELLO","2013-04-23","","236.68522591"
"UNIVERSIDAD SAN BUENAVENTURA - BELLO","2013-04-22","","242.37489125"
"UNIVERSIDAD SAN BUENAVENTURA - BELLO","2013-04-21","","167.2430525"
"UNIVERSIDAD SAN BUENAVENTURA - BELLO","2013-04-20","","204.70548"
"UNIVERSIDAD SAN BUENAVENTURA - BELLO","2013-04-19","","101.30474292"
"UNIVERSIDAD SAN BUENAVENTURA - BELLO","2013-04-18","","143.77777958"
"UNIVERSIDAD SAN BUENAVENTURA - BELLO","2013-04-17","","136.824866"
"UNIVERSIDAD SAN BUENAVENTURA - BELLO","2013-04-16","","260.58762"
"UNIVERSIDAD SAN BUENAVENTURA - BELLO","2013-04-15","","205.455415"
"UNIVERSIDAD SAN BUENAVENTURA - BELLO","2013-04-14","","160.35589667"
"UNIVERSIDAD SAN BUENAVENTURA - BELLO","2013-04-13","","182.94004708"
"UNIVERSIDAD SAN BUENAVENTURA - BELLO","2013-04-12","","172.97743292"
"UNIVERSIDAD SAN BUENAVENTURA - BELLO","2013-04-11","","198.2948"
"UNIVERSIDAD SAN BUENAVENTURA - BELLO","2013-04-10","","136.50243486"
"UNIVERSIDAD SAN BUENAVENTURA - BELLO","2013-04-09","","247.75882137"
"UNIVERSIDAD SAN BUENAVENTURA - BELLO","2013-04-08","","199.91677552"
"UNIVERSIDAD SAN BUENAVENTURA - BELLO","2013-04-07","","228.94641026"
"UNIVERSIDAD SAN BUENAVENTURA - BELLO","2013-04-06","","173.45069395"
"UNIVERSIDAD SAN BUENAVENTURA - BELLO","2013-04-05","","183.52514483"
"UNIVERSIDAD SAN BUENAVENTURA - BELLO","2013-04-04","","258.13957788"
"UNIVERSIDAD SAN BUENAVENTURA - BELLO","2013-04-03","","187.90705755"
"UNIVERSIDAD SAN BUENAVENTURA - BELLO","2013-04-02","","163.73842194"
"UNIVERSIDAD SAN BUENAVENTURA - BELLO","2013-04-01","","212.17753984"
"UNIVERSIDAD SAN BUENAVENTURA - BELLO","2013-02-28","","183.93333333"
"UNIVERSIDAD SAN BUENAVENTURA - BELLO","2013-02-27","","227.28333333"
"UNIVERSIDAD SAN BUENAVENTURA - BELLO","2013-02-26","","161.88333333"
"UNIVERSIDAD SAN BUENAVENTURA - BELLO","2013-02-25","","202.08333333"
"UNIVERSIDAD SAN BUENAVENTURA - BELLO","2013-02-24","","149.00416667"
"UNIVERSIDAD SAN BUENAVENTURA - BELLO","2013-02-23","","220.21666667"
"UNIVERSIDAD SAN BUENAVENTURA - BELLO","2013-02-22","","196.8875"
"UNIVERSIDAD SAN BUENAVENTURA - BELLO","2013-02-21","","108.63333333"
"UNIVERSIDAD SAN BUENAVENTURA - BELLO","2013-02-20","","181.27916667"
"UNIVERSIDAD SAN BUENAVENTURA - BELLO","2013-02-19","","198.5875"
"UNIVERSIDAD SAN BUENAVENTURA - BELLO","2013-02-18","","198.67083333"
"UNIVERSIDAD SAN BUENAVENTURA - BELLO","2013-02-17","","68.9375"
"UNIVERSIDAD SAN BUENAVENTURA - BELLO","2013-02-16","","153.01666667"
"UNIVERSIDAD SAN BUENAVENTURA - BELLO","2013-02-15","","123.19166667"
"UNIVERSIDAD SAN BUENAVENTURA - BELLO","2013-02-14","","119.45"
"UNIVERSIDAD SAN BUENAVENTURA - BELLO","2013-02-13","","207.22083333"
"UNIVERSIDAD SAN BUENAVENTURA - BELLO","2013-02-12","","167.425"
"UNIVERSIDAD SAN BUENAVENTURA - BELLO","2013-02-11","","191.34166667"
"UNIVERSIDAD SAN BUENAVENTURA - BELLO","2013-02-10","","121.83333333"
"UNIVERSIDAD SAN BUENAVENTURA - BELLO","2013-02-09","","232.98333333"
"UNIVERSIDAD SAN BUENAVENTURA - BELLO","2013-02-08","","145.89583333"
"UNIVERSIDAD SAN BUENAVENTURA - BELLO","2013-02-07","","219.73333333"
"UNIVERSIDAD SAN BUENAVENTURA - BELLO","2013-02-06","","143.07916667"
"UNIVERSIDAD SAN BUENAVENTURA - BELLO","2013-02-05","","130.17916667"
"UNIVERSIDAD SAN BUENAVENTURA - BELLO","2013-02-04","","153.70833333"
"UNIVERSIDAD SAN BUENAVENTURA - BELLO","2013-02-03","","173.67083333"
"UNIVERSIDAD SAN BUENAVENTURA - BELLO","2013-02-02","","64.62083333"
"UNIVERSIDAD SAN BUENAVENTURA - BELLO","2013-02-01","","105.79583333"
"UNIVERSIDAD SAN BUENAVENTURA - BELLO","2013-01-31","","167.55833333"
"UNIVERSIDAD SAN BUENAVENTURA - BELLO","2013-01-30","","189.19166667"
"UNIVERSIDAD SAN BUENAVENTURA - BELLO","2013-01-29","","180.77916667"
"UNIVERSIDAD SAN BUENAVENTURA - BELLO","2013-01-28","","221.35833333"
"UNIVERSIDAD SAN BUENAVENTURA - BELLO","2013-01-27","","210.90416667"
"UNIVERSIDAD SAN BUENAVENTURA - BELLO","2013-01-26","","107.225"
"UNIVERSIDAD SAN BUENAVENTURA - BELLO","2013-01-25","","116.03333333"
"UNIVERSIDAD SAN BUENAVENTURA - BELLO","2013-01-24","","166.375"
"UNIVERSIDAD SAN BUENAVENTURA - BELLO","2013-01-23","","126.40833333"
"UNIVERSIDAD SAN BUENAVENTURA - BELLO","2013-01-22","","124.9875"
"UNIVERSIDAD SAN BUENAVENTURA - BELLO","2013-01-21","","118.49583333"
"UNIVERSIDAD SAN BUENAVENTURA - BELLO","2013-01-20","","100.30833333"
"UNIVERSIDAD SAN BUENAVENTURA - BELLO","2013-01-19","","164.89166667"
"UNIVERSIDAD SAN BUENAVENTURA - BELLO","2013-01-18","","183.40416667"
"UNIVERSIDAD SAN BUENAVENTURA - BELLO","2013-01-17","","154.1125"
"UNIVERSIDAD SAN BUENAVENTURA - BELLO","2013-01-16","","111.17916667"
"UNIVERSIDAD SAN BUENAVENTURA - BELLO","2013-01-15","","125.5125"
"UNIVERSIDAD SAN BUENAVENTURA - BELLO","2013-01-14","","154.775"
"UNIVERSIDAD SAN BUENAVENTURA - BELLO","2013-01-13","","97.74583333"
"UNIVERSIDAD SAN BUENAVENTURA - BELLO","2013-01-12","","219.95416667"
"UNIVERSIDAD SAN BUENAVENTURA - BELLO","2013-01-11","","217.17083333"
"UNIVERSIDAD SAN BUENAVENTURA - BELLO","2013-01-10","","208.3625"
"UNIVERSIDAD SAN BUENAVENTURA - BELLO","2013-01-09","","211.08333333"
"UNIVERSIDAD SAN BUENAVENTURA - BELLO","2013-01-08","","204.03333333"
"UNIVERSIDAD SAN BUENAVENTURA - BELLO","2013-01-07","","226.8625"
"UNIVERSIDAD SAN BUENAVENTURA - BELLO","2013-01-06","","208.62083333"
"UNIVERSIDAD SAN BUENAVENTURA - BELLO","2013-01-05","","184.62916667"
"UNIVERSIDAD SAN BUENAVENTURA - BELLO","2013-01-04","","157.24166667"
"UNIVERSIDAD SAN BUENAVENTURA - BELLO","2013-01-03","","195.425"
"UNIVERSIDAD SAN BUENAVENTURA - BELLO","2013-01-02","","211.61666667"
"UNIVERSIDAD SAN BUENAVENTURA - BELLO","2013-01-01","","214.025"
"UNIVERSIDAD SAN BUENAVENTURA - BELLO","2012-12-31","","190.94166667"
"UNIVERSIDAD SAN BUENAVENTURA - BELLO","2012-12-30","","117.025"
"UNIVERSIDAD SAN BUENAVENTURA - BELLO","2012-12-29","","195.12916667"
"UNIVERSIDAD SAN BUENAVENTURA - BELLO","2012-12-28","","185.66666667"
"UNIVERSIDAD SAN BUENAVENTURA - BELLO","2012-12-27","","178.41666667"
"UNIVERSIDAD SAN BUENAVENTURA - BELLO","2012-12-26","","138.19166667"
"UNIVERSIDAD SAN BUENAVENTURA - BELLO","2012-12-25","","138.34166667"
"UNIVERSIDAD SAN BUENAVENTURA - BELLO","2012-12-24","","98.77083333"
"UNIVERSIDAD SAN BUENAVENTURA - BELLO","2012-12-23","","158.825"
"UNIVERSIDAD SAN BUENAVENTURA - BELLO","2012-12-22","","198.51666667"
"UNIVERSIDAD SAN BUENAVENTURA - BELLO","2012-12-21","","145.7625"
"UNIVERSIDAD SAN BUENAVENTURA - BELLO","2012-12-20","","157.35416667"
"UNIVERSIDAD SAN BUENAVENTURA - BELLO","2012-12-19","","150.34166667"
"UNIVERSIDAD SAN BUENAVENTURA - BELLO","2012-12-18","","119.14583333"
"UNIVERSIDAD SAN BUENAVENTURA - BELLO","2012-12-17","","135.82916667"
"UNIVERSIDAD SAN BUENAVENTURA - BELLO","2012-12-16","","171.37916667"
"UNIVERSIDAD SAN BUENAVENTURA - BELLO","2012-12-15","","189.69583333"
"UNIVERSIDAD SAN BUENAVENTURA - BELLO","2012-12-14","","140.33333333"
"UNIVERSIDAD SAN BUENAVENTURA - BELLO","2012-12-13","","202.19166667"
"UNIVERSIDAD SAN BUENAVENTURA - BELLO","2012-12-12","","206.64166667"
"UNIVERSIDAD SAN BUENAVENTURA - BELLO","2012-12-11","","154.29583333"
"UNIVERSIDAD SAN BUENAVENTURA - BELLO","2012-12-10","","179.21666667"
"UNIVERSIDAD SAN BUENAVENTURA - BELLO","2012-12-09","","183.87083333"
"UNIVERSIDAD SAN BUENAVENTURA - BELLO","2012-12-08","","177.04583333"
"UNIVERSIDAD SAN BUENAVENTURA - BELLO","2012-12-07","","217.85416667"
"UNIVERSIDAD SAN BUENAVENTURA - BELLO","2012-12-06","","222.02083333"
"UNIVERSIDAD SAN BUENAVENTURA - BELLO","2012-12-05","","193.45833333"
"UNIVERSIDAD SAN BUENAVENTURA - BELLO","2012-12-04","","215.72916667"
"UNIVERSIDAD SAN BUENAVENTURA - BELLO","2012-12-03","","130.35"
"UNIVERSIDAD SAN BUENAVENTURA - BELLO","2012-12-02","","190.08333333"
"UNIVERSIDAD SAN BUENAVENTURA - BELLO","2012-12-01","","106.98333333"
"UNIVERSIDAD SAN BUENAVENTURA - BELLO","2012-11-30","","140.21666667"
"UNIVERSIDAD SAN BUENAVENTURA - BELLO","2012-11-29","","143.89166667"
"UNIVERSIDAD SAN BUENAVENTURA - BELLO","2012-11-28","","199.85416667"
"UNIVERSIDAD SAN BUENAVENTURA - BELLO","2012-11-27","","199.18333333"
"UNIVERSIDAD SAN BUENAVENTURA - BELLO","2012-11-26","","177.44583333"
"UNIVERSIDAD SAN BUENAVENTURA - BELLO","2012-11-25","","206.89583333"
"UNIVERSIDAD SAN BUENAVENTURA - BELLO","2012-11-24","","217.85833333"
"UNIVERSIDAD SAN BUENAVENTURA - BELLO","2012-11-23","","191.07916667"
"UNIVERSIDAD SAN BUENAVENTURA - BELLO","2012-11-22","","159.35652174"
"UNIVERSIDAD SAN BUENAVENTURA - BELLO","2012-11-21","","99.15"
"UNIVERSIDAD SAN BUENAVENTURA - BELLO","2012-11-20","","178.36956522"
"UNIVERSIDAD SAN BUENAVENTURA - BELLO","2012-11-19","","220.1"
"UNIVERSIDAD SAN BUENAVENTURA - BELLO","2012-11-18","","95.69583333"
"UNIVERSIDAD SAN BUENAVENTURA - BELLO","2012-11-17","","113.62916667"
"UNIVERSIDAD SAN BUENAVENTURA - BELLO","2012-11-16","","211.34166667"
"UNIVERSIDAD SAN BUENAVENTURA - BELLO","2012-11-15","","158.68333333"
"UNIVERSIDAD SAN BUENAVENTURA - BELLO","2012-11-14","","153.6375"
"UNIVERSIDAD SAN BUENAVENTURA - BELLO","2012-11-13","","176.04583333"
"UNIVERSIDAD SAN BUENAVENTURA - BELLO","2012-11-12","","93.2375"
"UNIVERSIDAD SAN BUENAVENTURA - BELLO","2012-11-11","","112.22916667"
"UNIVERSIDAD SAN BUENAVENTURA - BELLO","2012-11-10","","153.72916667"
"UNIVERSIDAD SAN BUENAVENTURA - BELLO","2012-11-09","","190.71666667"
"UNIVERSIDAD SAN BUENAVENTURA - BELLO","2012-11-08","","186.9"
"UNIVERSIDAD SAN BUENAVENTURA - BELLO","2012-11-07","","177.03333333"
"UNIVERSIDAD SAN BUENAVENTURA - BELLO","2012-11-06","","214.81666667"
"UNIVERSIDAD SAN BUENAVENTURA - BELLO","2012-11-05","","170.975"
"UNIVERSIDAD SAN BUENAVENTURA - BELLO","2012-11-04","","212.64166667"
"UNIVERSIDAD SAN BUENAVENTURA - BELLO","2012-11-03","","217.67916667"
"UNIVERSIDAD SAN BUENAVENTURA - BELLO","2012-11-02","","133.17083333"
"UNIVERSIDAD SAN BUENAVENTURA - BELLO","2012-11-01","","231.58333333"
"UNIVERSIDAD SAN BUENAVENTURA - BELLO","2012-10-31","","166.70416667"
"UNIVERSIDAD SAN BUENAVENTURA - BELLO","2012-10-30","","143.30833333"
"UNIVERSIDAD SAN BUENAVENTURA - BELLO","2012-10-29","","216.65833333"
"UNIVERSIDAD SAN BUENAVENTURA - BELLO","2012-10-28","","228.87083333"
"UNIVERSIDAD SAN BUENAVENTURA - BELLO","2012-10-27","","210.42083333"
"UNIVERSIDAD SAN BUENAVENTURA - BELLO","2012-10-26","","140.57916667"
"UNIVERSIDAD SAN BUENAVENTURA - BELLO","2012-10-25","","182.85416667"
"UNIVERSIDAD SAN BUENAVENTURA - BELLO","2012-10-24","","199.37916667"
"UNIVERSIDAD SAN BUENAVENTURA - BELLO","2012-10-23","","241.3"
"UNIVERSIDAD SAN BUENAVENTURA - BELLO","2012-10-22","","233.15"
"UNIVERSIDAD SAN BUENAVENTURA - BELLO","2012-10-17","","182.74615385"
"UNIVERSIDAD SAN BUENAVENTURA - BELLO","2012-10-16","","131.76666667"
"UNIVERSIDAD SAN BUENAVENTURA - BELLO","2012-10-15","","163.0375"
"UNIVERSIDAD SAN BUENAVENTURA - BELLO","2012-10-14","","161.71666667"
"UNIVERSIDAD SAN BUENAVENTURA - BELLO","2012-10-13","","214.0625"
"UNIVERSIDAD SAN BUENAVENTURA - BELLO","2012-10-12","","220.75416667"
"UNIVERSIDAD SAN BUENAVENTURA - BELLO","2012-10-11","","208.86956522"
"UNIVERSIDAD SAN BUENAVENTURA - BELLO","2012-10-10","","78.23076923"
"UNIVERSIDAD SAN BUENAVENTURA - BELLO","2012-10-09","","196.76956522"
"UNIVERSIDAD SAN BUENAVENTURA - BELLO","2012-10-08","","114.79565217"
"UNIVERSIDAD SAN BUENAVENTURA - BELLO","2012-10-07","","195.6375"
"UNIVERSIDAD SAN BUENAVENTURA - BELLO","2012-10-06","","135.09583333"
"UNIVERSIDAD SAN BUENAVENTURA - BELLO","2012-10-05","","161.27916667"
"UNIVERSIDAD SAN BUENAVENTURA - BELLO","2012-10-04","","148.74583333"
"UNIVERSIDAD SAN BUENAVENTURA - BELLO","2012-10-03","","236.05"
"UNIVERSIDAD SAN BUENAVENTURA - BELLO","2012-10-02","","161.59583333"
"UNIVERSIDAD SAN BUENAVENTURA - BELLO","2012-10-01","","154.5625"
"UNIVERSIDAD SAN BUENAVENTURA - BELLO","2012-09-30","","162.06666667"
"UNIVERSIDAD SAN BUENAVENTURA - BELLO","2012-09-29","","164.12083333"
"UNIVERSIDAD SAN BUENAVENTURA - BELLO","2012-09-28","","203.53333333"
"UNIVERSIDAD SAN BUENAVENTURA - BELLO","2012-09-27","","186.5625"
"UNIVERSIDAD SAN BUENAVENTURA - BELLO","2012-09-26","","237.775"
"UNIVERSIDAD SAN BUENAVENTURA - BELLO","2012-09-25","","131.40416667"
"UNIVERSIDAD SAN BUENAVENTURA - BELLO","2012-09-24","","108.37083333"
"UNIVERSIDAD SAN BUENAVENTURA - BELLO","2012-09-23","","200.55"
"UNIVERSIDAD SAN BUENAVENTURA - BELLO","2012-09-22","","185.25"
"UNIVERSIDAD SAN BUENAVENTURA - BELLO","2012-09-21","","199.64583333"
"UNIVERSIDAD SAN BUENAVENTURA - BELLO","2012-09-20","","168.97083333"
"UNIVERSIDAD SAN BUENAVENTURA - BELLO","2012-09-19","","201.95416667"
"UNIVERSIDAD SAN BUENAVENTURA - BELLO","2012-09-18","","246.74166667"
"UNIVERSIDAD SAN BUENAVENTURA - BELLO","2012-09-17","","201.5375"
"UNIVERSIDAD SAN BUENAVENTURA - BELLO","2012-09-16","","198.9125"
"UNIVERSIDAD SAN BUENAVENTURA - BELLO","2012-09-15","","216.05833333"
"UNIVERSIDAD SAN BUENAVENTURA - BELLO","2012-09-14","","258.85833333"
"UNIVERSIDAD SAN BUENAVENTURA - BELLO","2012-09-13","","141.50833333"
"UNIVERSIDAD SAN BUENAVENTURA - BELLO","2012-09-12","","177.62083333"
"UNIVERSIDAD SAN BUENAVENTURA - BELLO","2012-09-11","","200.625"
"UNIVERSIDAD SAN BUENAVENTURA - BELLO","2012-09-10","","258.17916667"
"UNIVERSIDAD SAN BUENAVENTURA - BELLO","2012-09-09","","255.41666667"
"UNIVERSIDAD SAN BUENAVENTURA - BELLO","2012-09-08","","187.76666667"
"UNIVERSIDAD SAN BUENAVENTURA - BELLO","2012-09-07","","228.44166667"
"UNIVERSIDAD SAN BUENAVENTURA - BELLO","2012-09-06","","228.33333333"
"UNIVERSIDAD SAN BUENAVENTURA - BELLO","2012-09-05","","154.95416667"
"UNIVERSIDAD SAN BUENAVENTURA - BELLO","2012-09-04","","191.125"
"UNIVERSIDAD SAN BUENAVENTURA - BELLO","2012-09-03","","177.02916667"
"UNIVERSIDAD SAN BUENAVENTURA - BELLO","2012-09-02","","231.4"
"UNIVERSIDAD SAN BUENAVENTURA - BELLO","2012-09-01","","231.0"
"UNIVERSIDAD SAN BUENAVENTURA - BELLO","2012-08-31","","241.53333333"
"UNIVERSIDAD SAN BUENAVENTURA - BELLO","2012-08-30","","248.8875"
"UNIVERSIDAD SAN BUENAVENTURA - BELLO","2012-08-29","","211.43478261"
"UNIVERSIDAD SAN BUENAVENTURA - BELLO","2012-08-28","","246.625"
"UNIVERSIDAD SAN BUENAVENTURA - BELLO","2012-08-27","","183.34583333"
"UNIVERSIDAD SAN BUENAVENTURA - BELLO","2012-08-26","","251.82916667"
"UNIVERSIDAD SAN BUENAVENTURA - BELLO","2012-08-25","","168.34583333"
"UNIVERSIDAD SAN BUENAVENTURA - BELLO","2012-08-24","","125.99166667"
"UNIVERSIDAD SAN BUENAVENTURA - BELLO","2012-08-23","","219.95416667"
"UNIVERSIDAD SAN BUENAVENTURA - BELLO","2012-08-22","","204.2"
"UNIVERSIDAD SAN BUENAVENTURA - BELLO","2012-08-21","","219.6375"
"UNIVERSIDAD SAN BUENAVENTURA - BELLO","2012-08-20","","217.5625"
"UNIVERSIDAD SAN BUENAVENTURA - BELLO","2012-08-19","","257.1125"
"UNIVERSIDAD SAN BUENAVENTURA - BELLO","2012-08-18","","276.65416667"
"UNIVERSIDAD SAN BUENAVENTURA - BELLO","2012-08-17","","228.42083333"
"UNIVERSIDAD SAN BUENAVENTURA - BELLO","2012-08-16","","208.8625"
"UNIVERSIDAD SAN BUENAVENTURA - BELLO","2012-08-15","","232.16666667"
"UNIVERSIDAD SAN BUENAVENTURA - BELLO","2012-08-14","","203.6"
"UNIVERSIDAD SAN BUENAVENTURA - BELLO","2012-08-13","","196.04166667"
"UNIVERSIDAD SAN BUENAVENTURA - BELLO","2012-08-12","","240.59583333"
"UNIVERSIDAD SAN BUENAVENTURA - BELLO","2012-08-11","","232.28333333"
"UNIVERSIDAD SAN BUENAVENTURA - BELLO","2012-08-10","","214.8375"
"UNIVERSIDAD SAN BUENAVENTURA - BELLO","2012-08-09","","220.5375"
"UNIVERSIDAD SAN BUENAVENTURA - BELLO","2012-08-08","","167.45"
"UNIVERSIDAD SAN BUENAVENTURA - BELLO","2012-08-07","","175.1"
"UNIVERSIDAD SAN BUENAVENTURA - BELLO","2012-08-06","","231.6625"
"UNIVERSIDAD SAN BUENAVENTURA - BELLO","2012-08-05","","180.22083333"
"UNIVERSIDAD SAN BUENAVENTURA - BELLO","2012-08-04","","200.28333333"
"UNIVERSIDAD SAN BUENAVENTURA - BELLO","2012-08-03","","180.31666667"
"UNIVERSIDAD SAN BUENAVENTURA - BELLO","2012-08-02","","276.75416667"
"UNIVERSIDAD SAN BUENAVENTURA - BELLO","2012-08-01","","193.17083333"
"UNIVERSIDAD SAN BUENAVENTURA - BELLO","2012-07-31","","187.97916667"
"UNIVERSIDAD SAN BUENAVENTURA - BELLO","2012-07-30","","160.91666667"
"UNIVERSIDAD SAN BUENAVENTURA - BELLO","2012-07-29","","257.625"
"UNIVERSIDAD SAN BUENAVENTURA - BELLO","2012-07-28","","188.7875"
"UNIVERSIDAD SAN BUENAVENTURA - BELLO","2012-07-27","","197.70833333"
"UNIVERSIDAD SAN BUENAVENTURA - BELLO","2012-07-26","","232.94166667"
"UNIVERSIDAD SAN BUENAVENTURA - BELLO","2012-07-25","","240.89583333"
"UNIVERSIDAD SAN BUENAVENTURA - BELLO","2012-07-24","","236.0"
"UNIVERSIDAD SAN BUENAVENTURA - BELLO","2012-07-23","","207.99583333"
"UNIVERSIDAD SAN BUENAVENTURA - BELLO","2012-07-22","","263.98333333"
"UNIVERSIDAD SAN BUENAVENTURA - BELLO","2012-07-21","","245.65"
"UNIVERSIDAD SAN BUENAVENTURA - BELLO","2012-07-20","","245.29583333"
"UNIVERSIDAD SAN BUENAVENTURA - BELLO","2012-07-19","","277.71666667"
"UNIVERSIDAD SAN BUENAVENTURA - BELLO","2012-07-18","","223.45"
"UNIVERSIDAD SAN BUENAVENTURA - BELLO","2012-07-17","","215.24583333"
"UNIVERSIDAD SAN BUENAVENTURA - BELLO","2012-07-16","","255.14166667"
"UNIVERSIDAD SAN BUENAVENTURA - BELLO","2012-07-15","","263.05416667"
"UNIVERSIDAD SAN BUENAVENTURA - BELLO","2012-07-14","","272.6625"
"UNIVERSIDAD SAN BUENAVENTURA - BELLO","2012-07-13","","145.24583333"
"UNIVERSIDAD SAN BUENAVENTURA - BELLO","2012-07-12","","206.425"
"UNIVERSIDAD SAN BUENAVENTURA - BELLO","2012-07-11","","204.30833333"
"UNIVERSIDAD SAN BUENAVENTURA - BELLO","2012-07-10","","195.32083333"
"UNIVERSIDAD SAN BUENAVENTURA - BELLO","2012-07-09","","227.31666667"
"UNIVERSIDAD SAN BUENAVENTURA - BELLO","2012-07-08","","236.67916667"
"UNIVERSIDAD SAN BUENAVENTURA - BELLO","2012-07-07","","226.4"
"UNIVERSIDAD SAN BUENAVENTURA - BELLO","2012-07-06","","229.2875"
"UNIVERSIDAD SAN BUENAVENTURA - BELLO","2012-07-05","","211.33333333"
"UNIVERSIDAD SAN BUENAVENTURA - BELLO","2012-07-04","","258.9125"
"UNIVERSIDAD SAN BUENAVENTURA - BELLO","2012-07-03","","169.0875"
"UNIVERSIDAD SAN BUENAVENTURA - BELLO","2012-07-02","","286.0375"
"UNIVERSIDAD SAN BUENAVENTURA - BELLO","2012-07-01","","171.81"
