"Estacion","Fecha inicial","Fecha final","PM2.5"
"LA ESTRELLA - HOSPITAL","2025-10-31","","13.39130435"
"LA ESTRELLA - HOSPITAL","2025-10-30","","12.04166667"
"LA ESTRELLA - HOSPITAL","2025-10-29","","14.79166667"
"LA ESTRELLA - HOSPITAL","2025-10-28","","8.54166667"
"LA ESTRELLA - HOSPITAL","2025-10-27","","3.39583333"
"LA ESTRELLA - HOSPITAL","2025-10-26","","6.77083333"
"LA ESTRELLA - HOSPITAL","2025-10-25","","6.5"
"LA ESTRELLA - HOSPITAL","2025-10-24","","8.29166667"
"LA ESTRELLA - HOSPITAL","2025-10-23","","13.0"
"LA ESTRELLA - HOSPITAL","2025-10-22","","9.20833333"
"LA ESTRELLA - HOSPITAL","2025-10-21","","11.0"
"LA ESTRELLA - HOSPITAL","2025-10-20","","11.66666667"
"LA ESTRELLA - HOSPITAL","2025-10-19","","10.25"
"LA ESTRELLA - HOSPITAL","2025-10-18","","13.83333333"
"LA ESTRELLA - HOSPITAL","2025-10-17","","15.91666667"
"LA ESTRELLA - HOSPITAL","2025-10-16","","12.25"
"LA ESTRELLA - HOSPITAL","2025-10-15","","13.0"
"LA ESTRELLA - HOSPITAL","2025-10-14","","8.875"
"LA ESTRELLA - HOSPITAL","2025-10-13","","9.58333333"
"LA ESTRELLA - HOSPITAL","2025-10-12","","9.70833333"
"LA ESTRELLA - HOSPITAL","2025-10-11","","9.27083333"
"LA ESTRELLA - HOSPITAL","2025-10-10","","5.58333333"
"LA ESTRELLA - HOSPITAL","2025-10-09","","15.54166667"
"LA ESTRELLA - HOSPITAL","2025-10-08","","11.625"
"LA ESTRELLA - HOSPITAL","2025-10-07","","10.72916667"
"LA ESTRELLA - HOSPITAL","2025-10-06","","12.375"
"LA ESTRELLA - HOSPITAL","2025-10-05","","8.35416667"
"LA ESTRELLA - HOSPITAL","2025-10-04","","11.20833333"
"LA ESTRELLA - HOSPITAL","2025-10-03","","9.70833333"
"LA ESTRELLA - HOSPITAL","2025-10-02","","17.75"
"LA ESTRELLA - HOSPITAL","2025-10-01","","12.85416667"
"LA ESTRELLA - HOSPITAL","2025-09-30","","9.82608696"
"LA ESTRELLA - HOSPITAL","2025-09-29","","10.3125"
"LA ESTRELLA - HOSPITAL","2025-09-28","","10.375"
"LA ESTRELLA - HOSPITAL","2025-09-27","","17.08333333"
"LA ESTRELLA - HOSPITAL","2025-09-26","","13.875"
"LA ESTRELLA - HOSPITAL","2025-09-25","","10.66666667"
"LA ESTRELLA - HOSPITAL","2025-09-24","","11.29166667"
"LA ESTRELLA - HOSPITAL","2025-09-23","","12.08333333"
"LA ESTRELLA - HOSPITAL","2025-09-22","","12.0"
"LA ESTRELLA - HOSPITAL","2025-09-21","","11.16666667"
"LA ESTRELLA - HOSPITAL","2025-09-20","","10.60416667"
"LA ESTRELLA - HOSPITAL","2025-09-19","","12.95833333"
"LA ESTRELLA - HOSPITAL","2025-09-18","","14.33333333"
"LA ESTRELLA - HOSPITAL","2025-09-17","","15.08333333"
"LA ESTRELLA - HOSPITAL","2025-09-16","","14.1875"
"LA ESTRELLA - HOSPITAL","2025-09-15","","8.45833333"
"LA ESTRELLA - HOSPITAL","2025-09-14","","9.5625"
"LA ESTRELLA - HOSPITAL","2025-09-13","","13.4375"
"LA ESTRELLA - HOSPITAL","2025-09-12","","16.875"
"LA ESTRELLA - HOSPITAL","2025-09-11","","13.91666667"
"LA ESTRELLA - HOSPITAL","2025-09-10","","12.16666667"
"LA ESTRELLA - HOSPITAL","2025-09-09","","11.95833333"
"LA ESTRELLA - HOSPITAL","2025-09-08","","11.125"
"LA ESTRELLA - HOSPITAL","2025-09-07","","6.45833333"
"LA ESTRELLA - HOSPITAL","2025-09-06","","13.70833333"
"LA ESTRELLA - HOSPITAL","2025-09-05","","8.29166667"
"LA ESTRELLA - HOSPITAL","2025-09-04","","3.875"
"LA ESTRELLA - HOSPITAL","2025-09-03","","2.5"
"LA ESTRELLA - HOSPITAL","2025-09-02","","8.41666667"
"LA ESTRELLA - HOSPITAL","2025-09-01","","8.5"
"LA ESTRELLA - HOSPITAL","2025-08-31","","13.7826087"
"LA ESTRELLA - HOSPITAL","2025-08-30","","13.54166667"
"LA ESTRELLA - HOSPITAL","2025-08-29","","9.86956522"
"LA ESTRELLA - HOSPITAL","2025-08-28","","9.52380952"
"LA ESTRELLA - HOSPITAL","2025-08-27","","8.04166667"
"LA ESTRELLA - HOSPITAL","2025-08-26","","9.20833333"
"LA ESTRELLA - HOSPITAL","2025-08-25","","10.29166667"
"LA ESTRELLA - HOSPITAL","2025-08-24","","7.68181818"
"LA ESTRELLA - HOSPITAL","2025-08-23","","10.58333333"
"LA ESTRELLA - HOSPITAL","2025-08-22","","15.125"
"LA ESTRELLA - HOSPITAL","2025-08-21","","10.75"
"LA ESTRELLA - HOSPITAL","2025-08-20","","10.20833333"
"LA ESTRELLA - HOSPITAL","2025-08-19","","9.95"
"LA ESTRELLA - HOSPITAL","2025-08-18","","8.3"
"LA ESTRELLA - HOSPITAL","2025-08-17","","13.25"
"LA ESTRELLA - HOSPITAL","2025-08-16","","9.04347826"
"LA ESTRELLA - HOSPITAL","2025-08-15","","14.91666667"
"LA ESTRELLA - HOSPITAL","2025-08-14","","15.33333333"
"LA ESTRELLA - HOSPITAL","2025-08-13","","12.95833333"
"LA ESTRELLA - HOSPITAL","2025-08-12","","9.58333333"
"LA ESTRELLA - HOSPITAL","2025-08-11","","14.70833333"
"LA ESTRELLA - HOSPITAL","2025-08-10","","10.83333333"
"LA ESTRELLA - HOSPITAL","2025-08-09","","7.08695652"
"LA ESTRELLA - HOSPITAL","2025-08-08","","11.08695652"
"LA ESTRELLA - HOSPITAL","2025-08-07","","8.875"
"LA ESTRELLA - HOSPITAL","2025-08-06","","10.13043478"
"LA ESTRELLA - HOSPITAL","2025-08-05","","8.25"
"LA ESTRELLA - HOSPITAL","2025-08-04","","9.6875"
"LA ESTRELLA - HOSPITAL","2025-08-03","","7.88636364"
"LA ESTRELLA - HOSPITAL","2025-08-02","","10.9375"
"LA ESTRELLA - HOSPITAL","2025-08-01","","10.79166667"
"LA ESTRELLA - HOSPITAL","2025-07-31","","8.89130435"
"LA ESTRELLA - HOSPITAL","2025-07-30","","11.0"
"LA ESTRELLA - HOSPITAL","2025-07-29","","9.84782609"
"LA ESTRELLA - HOSPITAL","2025-07-28","","10.19565217"
"LA ESTRELLA - HOSPITAL","2025-07-27","","10.34090909"
"LA ESTRELLA - HOSPITAL","2025-07-26","","15.83333333"
"LA ESTRELLA - HOSPITAL","2025-07-25","","11.70833333"
"LA ESTRELLA - HOSPITAL","2025-07-24","","11.08333333"
"LA ESTRELLA - HOSPITAL","2025-07-23","","15.625"
"LA ESTRELLA - HOSPITAL","2025-07-22","","11.54166667"
"LA ESTRELLA - HOSPITAL","2025-07-21","","12.25"
"LA ESTRELLA - HOSPITAL","2025-07-20","","8.02272727"
"LA ESTRELLA - HOSPITAL","2025-07-19","","8.83333333"
"LA ESTRELLA - HOSPITAL","2025-07-18","","10.0"
"LA ESTRELLA - HOSPITAL","2025-07-17","","9.20833333"
"LA ESTRELLA - HOSPITAL","2025-07-16","","10.73913043"
"LA ESTRELLA - HOSPITAL","2025-07-15","","12.90909091"
"LA ESTRELLA - HOSPITAL","2025-07-14","","13.83333333"
"LA ESTRELLA - HOSPITAL","2025-07-13","","13.47826087"
"LA ESTRELLA - HOSPITAL","2025-07-12","","15.625"
"LA ESTRELLA - HOSPITAL","2025-07-11","","17.08333333"
"LA ESTRELLA - HOSPITAL","2025-07-10","","14.5"
"LA ESTRELLA - HOSPITAL","2025-07-09","","16.70833333"
"LA ESTRELLA - HOSPITAL","2025-07-08","","18.33333333"
"LA ESTRELLA - HOSPITAL","2025-07-07","","16.29166667"
"LA ESTRELLA - HOSPITAL","2025-07-06","","10.29166667"
"LA ESTRELLA - HOSPITAL","2025-07-05","","12.25"
"LA ESTRELLA - HOSPITAL","2025-07-04","","14.20833333"
"LA ESTRELLA - HOSPITAL","2025-07-03","","14.04545455"
"LA ESTRELLA - HOSPITAL","2025-07-02","","11.34090909"
"LA ESTRELLA - HOSPITAL","2025-07-01","","13.33333333"
"LA ESTRELLA - HOSPITAL","2025-06-30","","11.02272727"
"LA ESTRELLA - HOSPITAL","2025-06-29","","11.58333333"
"LA ESTRELLA - HOSPITAL","2025-06-28","","13.16666667"
"LA ESTRELLA - HOSPITAL","2025-06-27","","17.16666667"
"LA ESTRELLA - HOSPITAL","2025-06-26","","13.95833333"
"LA ESTRELLA - HOSPITAL","2025-06-25","","17.16666667"
"LA ESTRELLA - HOSPITAL","2025-06-24","","16.08695652"
"LA ESTRELLA - HOSPITAL","2025-06-23","","7.04761905"
"LA ESTRELLA - HOSPITAL","2025-06-22","","12.04166667"
"LA ESTRELLA - HOSPITAL","2025-06-21","","13.45833333"
"LA ESTRELLA - HOSPITAL","2025-06-20","","13.08333333"
"LA ESTRELLA - HOSPITAL","2025-06-19","","12.25"
"LA ESTRELLA - HOSPITAL","2025-06-18","","12.39130435"
"LA ESTRELLA - HOSPITAL","2025-06-17","","13.125"
"LA ESTRELLA - HOSPITAL","2025-06-16","","15.16666667"
"LA ESTRELLA - HOSPITAL","2025-06-15","","10.66666667"
"LA ESTRELLA - HOSPITAL","2025-06-14","","14.08695652"
"LA ESTRELLA - HOSPITAL","2025-06-13","","9.20833333"
"LA ESTRELLA - HOSPITAL","2025-06-12","","17.73913043"
"LA ESTRELLA - HOSPITAL","2025-06-11","","14.17391304"
"LA ESTRELLA - HOSPITAL","2025-06-10","","14.125"
"LA ESTRELLA - HOSPITAL","2025-06-09","","16.16666667"
"LA ESTRELLA - HOSPITAL","2025-06-08","","9.95833333"
"LA ESTRELLA - HOSPITAL","2025-06-07","","11.35714286"
"LA ESTRELLA - HOSPITAL","2025-06-06","","13.43478261"
"LA ESTRELLA - HOSPITAL","2025-06-05","","14.5"
"LA ESTRELLA - HOSPITAL","2025-06-04","","12.83333333"
"LA ESTRELLA - HOSPITAL","2025-06-03","","14.66666667"
"LA ESTRELLA - HOSPITAL","2025-06-02","","9.625"
"LA ESTRELLA - HOSPITAL","2025-06-01","","11.45833333"
"LA ESTRELLA - HOSPITAL","2025-05-31","","11.91304348"
"LA ESTRELLA - HOSPITAL","2025-05-30","","16.04545455"
"LA ESTRELLA - HOSPITAL","2025-05-29","","14.45833333"
"LA ESTRELLA - HOSPITAL","2025-05-28","","11.45833333"
"LA ESTRELLA - HOSPITAL","2025-05-27","","12.70833333"
"LA ESTRELLA - HOSPITAL","2025-05-26","","12.75"
"LA ESTRELLA - HOSPITAL","2025-05-25","","11.91666667"
"LA ESTRELLA - HOSPITAL","2025-05-24","","12.29166667"
"LA ESTRELLA - HOSPITAL","2025-05-23","","16.0"
"LA ESTRELLA - HOSPITAL","2025-05-22","","17.08333333"
"LA ESTRELLA - HOSPITAL","2025-05-21","","16.20833333"
"LA ESTRELLA - HOSPITAL","2025-05-20","","15.75"
"LA ESTRELLA - HOSPITAL","2025-05-19","","15.9047619"
"LA ESTRELLA - HOSPITAL","2025-05-18","","8.5"
"LA ESTRELLA - HOSPITAL","2025-05-17","","9.95833333"
"LA ESTRELLA - HOSPITAL","2025-05-16","","22.125"
"LA ESTRELLA - HOSPITAL","2025-05-15","","20.82608696"
"LA ESTRELLA - HOSPITAL","2025-05-14","","16.41666667"
"LA ESTRELLA - HOSPITAL","2025-05-13","","16.75"
"LA ESTRELLA - HOSPITAL","2025-05-12","","12.91666667"
"LA ESTRELLA - HOSPITAL","2025-05-11","","11.79166667"
"LA ESTRELLA - HOSPITAL","2025-05-10","","9.625"
"LA ESTRELLA - HOSPITAL","2025-05-09","","19.04166667"
"LA ESTRELLA - HOSPITAL","2025-05-08","","16.91666667"
"LA ESTRELLA - HOSPITAL","2025-05-07","","15.16666667"
"LA ESTRELLA - HOSPITAL","2025-05-06","","15.0"
"LA ESTRELLA - HOSPITAL","2025-05-05","","12.70833333"
"LA ESTRELLA - HOSPITAL","2025-05-04","","16.16666667"
"LA ESTRELLA - HOSPITAL","2025-05-03","","15.625"
"LA ESTRELLA - HOSPITAL","2025-05-02","","17.34782609"
"LA ESTRELLA - HOSPITAL","2025-05-01","","12.83333333"
"LA ESTRELLA - HOSPITAL","2025-04-30","","13.95454545"
"LA ESTRELLA - HOSPITAL","2025-04-29","","17.45833333"
"LA ESTRELLA - HOSPITAL","2025-04-28","","13.43478261"
"LA ESTRELLA - HOSPITAL","2025-04-27","","14.04166667"
"LA ESTRELLA - HOSPITAL","2025-04-26","","12.25"
"LA ESTRELLA - HOSPITAL","2025-04-25","","12.82608696"
"LA ESTRELLA - HOSPITAL","2025-04-24","","12.5"
"LA ESTRELLA - HOSPITAL","2025-04-23","","9.70833333"
"LA ESTRELLA - HOSPITAL","2025-04-22","","11.91666667"
"LA ESTRELLA - HOSPITAL","2025-04-21","","15.125"
"LA ESTRELLA - HOSPITAL","2025-04-20","","6.86956522"
"LA ESTRELLA - HOSPITAL","2025-04-19","","7.89583333"
"LA ESTRELLA - HOSPITAL","2025-04-18","","14.0"
"LA ESTRELLA - HOSPITAL","2025-04-17","","16.54166667"
"LA ESTRELLA - HOSPITAL","2025-04-16","","17.875"
"LA ESTRELLA - HOSPITAL","2025-04-15","","14.66666667"
"LA ESTRELLA - HOSPITAL","2025-04-14","","11.35416667"
"LA ESTRELLA - HOSPITAL","2025-04-13","","10.54166667"
"LA ESTRELLA - HOSPITAL","2025-04-12","","10.75"
"LA ESTRELLA - HOSPITAL","2025-04-11","","9.19565217"
"LA ESTRELLA - HOSPITAL","2025-04-10","","18.375"
"LA ESTRELLA - HOSPITAL","2025-04-09","","14.54166667"
"LA ESTRELLA - HOSPITAL","2025-04-08","","12.25"
"LA ESTRELLA - HOSPITAL","2025-04-07","","14.08333333"
"LA ESTRELLA - HOSPITAL","2025-04-06","","14.66666667"
"LA ESTRELLA - HOSPITAL","2025-04-05","","10.125"
"LA ESTRELLA - HOSPITAL","2025-04-04","","15.95833333"
"LA ESTRELLA - HOSPITAL","2025-04-03","","19.0"
"LA ESTRELLA - HOSPITAL","2025-04-02","","18.70833333"
"LA ESTRELLA - HOSPITAL","2025-04-01","","17.875"
"LA ESTRELLA - HOSPITAL","2025-03-31","","11.2173913"
"LA ESTRELLA - HOSPITAL","2025-03-30","","17.57142857"
"LA ESTRELLA - HOSPITAL","2025-03-29","","14.95833333"
"LA ESTRELLA - HOSPITAL","2025-03-28","","19.25"
"LA ESTRELLA - HOSPITAL","2025-03-27","","20.04166667"
"LA ESTRELLA - HOSPITAL","2025-03-26","","23.75"
"LA ESTRELLA - HOSPITAL","2025-03-25","","22.375"
"LA ESTRELLA - HOSPITAL","2025-03-24","","16.60869565"
"LA ESTRELLA - HOSPITAL","2025-03-23","","14.83333333"
"LA ESTRELLA - HOSPITAL","2025-03-22","","10.75"
"LA ESTRELLA - HOSPITAL","2025-03-21","","10.38095238"
"LA ESTRELLA - HOSPITAL","2025-03-20","","14.54166667"
"LA ESTRELLA - HOSPITAL","2025-03-19","","13.5"
"LA ESTRELLA - HOSPITAL","2025-03-18","","14.45833333"
"LA ESTRELLA - HOSPITAL","2025-03-17","","18.91666667"
"LA ESTRELLA - HOSPITAL","2025-03-16","","15.58333333"
"LA ESTRELLA - HOSPITAL","2025-03-15","","27.375"
"LA ESTRELLA - HOSPITAL","2025-03-14","","16.75"
"LA ESTRELLA - HOSPITAL","2025-03-13","","22.875"
"LA ESTRELLA - HOSPITAL","2025-03-12","","18.58333333"
"LA ESTRELLA - HOSPITAL","2025-03-11","","23.875"
"LA ESTRELLA - HOSPITAL","2025-03-10","","20.0"
"LA ESTRELLA - HOSPITAL","2025-03-09","","18.33333333"
"LA ESTRELLA - HOSPITAL","2025-03-08","","16.04166667"
"LA ESTRELLA - HOSPITAL","2025-03-07","","14.95833333"
"LA ESTRELLA - HOSPITAL","2025-03-06","","15.20833333"
"LA ESTRELLA - HOSPITAL","2025-03-05","","22.29166667"
"LA ESTRELLA - HOSPITAL","2025-03-04","","20.20833333"
"LA ESTRELLA - HOSPITAL","2025-03-03","","17.79166667"
"LA ESTRELLA - HOSPITAL","2025-03-02","","16.04347826"
"LA ESTRELLA - HOSPITAL","2025-03-01","","18.04166667"
"LA ESTRELLA - HOSPITAL","2025-02-28","","17.08695652"
"LA ESTRELLA - HOSPITAL","2025-02-27","","13.60869565"
"LA ESTRELLA - HOSPITAL","2025-02-26","","15.40909091"
"LA ESTRELLA - HOSPITAL","2025-02-25","","18.58333333"
"LA ESTRELLA - HOSPITAL","2025-02-24","","17.20833333"
"LA ESTRELLA - HOSPITAL","2025-02-23","","13.625"
"LA ESTRELLA - HOSPITAL","2025-02-22","","14.83333333"
"LA ESTRELLA - HOSPITAL","2025-02-21","","17.83333333"
"LA ESTRELLA - HOSPITAL","2025-02-20","","19.75"
"LA ESTRELLA - HOSPITAL","2025-02-19","","19.79166667"
"LA ESTRELLA - HOSPITAL","2025-02-18","","12.04166667"
"LA ESTRELLA - HOSPITAL","2025-02-17","","12.60869565"
"LA ESTRELLA - HOSPITAL","2025-02-16","","11.33333333"
"LA ESTRELLA - HOSPITAL","2025-02-15","","17.04166667"
"LA ESTRELLA - HOSPITAL","2025-02-14","","16.625"
"LA ESTRELLA - HOSPITAL","2025-02-13","","17.75"
"LA ESTRELLA - HOSPITAL","2025-02-12","","14.95833333"
"LA ESTRELLA - HOSPITAL","2025-02-11","","18.27272727"
"LA ESTRELLA - HOSPITAL","2025-02-10","","20.25"
"LA ESTRELLA - HOSPITAL","2025-02-09","","16.08333333"
"LA ESTRELLA - HOSPITAL","2025-02-08","","20.70833333"
"LA ESTRELLA - HOSPITAL","2025-02-07","","23.875"
"LA ESTRELLA - HOSPITAL","2025-02-06","","24.27777778"
"LA ESTRELLA - HOSPITAL","2025-02-05","","29.25"
"LA ESTRELLA - HOSPITAL","2025-02-04","","20.88888889"
"LA ESTRELLA - HOSPITAL","2025-02-03","","20.7826087"
"LA ESTRELLA - HOSPITAL","2025-02-02","","18.33333333"
"LA ESTRELLA - HOSPITAL","2025-02-01","","13.625"
"LA ESTRELLA - HOSPITAL","2025-01-31","","15.43478261"
"LA ESTRELLA - HOSPITAL","2025-01-30","","14.17391304"
"LA ESTRELLA - HOSPITAL","2025-01-29","","12.875"
"LA ESTRELLA - HOSPITAL","2025-01-28","","15.08333333"
"LA ESTRELLA - HOSPITAL","2025-01-27","","15.58333333"
"LA ESTRELLA - HOSPITAL","2025-01-26","","16.0"
"LA ESTRELLA - HOSPITAL","2025-01-25","","18.625"
"LA ESTRELLA - HOSPITAL","2025-01-24","","22.66666667"
"LA ESTRELLA - HOSPITAL","2025-01-23","","20.83333333"
"LA ESTRELLA - HOSPITAL","2025-01-22","","22.54166667"
"LA ESTRELLA - HOSPITAL","2025-01-21","","21.125"
"LA ESTRELLA - HOSPITAL","2025-01-20","","18.77083333"
"LA ESTRELLA - HOSPITAL","2025-01-19","","15.33333333"
"LA ESTRELLA - HOSPITAL","2025-01-18","","13.4375"
"LA ESTRELLA - HOSPITAL","2025-01-17","","16.29166667"
"LA ESTRELLA - HOSPITAL","2025-01-16","","18.90909091"
"LA ESTRELLA - HOSPITAL","2025-01-15","","15.70833333"
"LA ESTRELLA - HOSPITAL","2025-01-14","","16.65"
"LA ESTRELLA - HOSPITAL","2025-01-13","","17.45454545"
"LA ESTRELLA - HOSPITAL","2025-01-12","","14.125"
"LA ESTRELLA - HOSPITAL","2025-01-11","","17.58333333"
"LA ESTRELLA - HOSPITAL","2025-01-10","","17.79166667"
"LA ESTRELLA - HOSPITAL","2025-01-09","","14.75"
"LA ESTRELLA - HOSPITAL","2025-01-08","","13.70833333"
"LA ESTRELLA - HOSPITAL","2025-01-07","","16.08333333"
"LA ESTRELLA - HOSPITAL","2025-01-06","","11.04166667"
"LA ESTRELLA - HOSPITAL","2025-01-05","","9.5"
"LA ESTRELLA - HOSPITAL","2025-01-04","","12.79166667"
"LA ESTRELLA - HOSPITAL","2025-01-03","","10.95652174"
"LA ESTRELLA - HOSPITAL","2025-01-02","","12.25"
"LA ESTRELLA - HOSPITAL","2025-01-01","","23.0"
"LA ESTRELLA - HOSPITAL","2024-12-31","","15.30434783"
"LA ESTRELLA - HOSPITAL","2024-12-30","","13.95833333"
"LA ESTRELLA - HOSPITAL","2024-12-29","","13.875"
"LA ESTRELLA - HOSPITAL","2024-12-28","","14.41666667"
"LA ESTRELLA - HOSPITAL","2024-12-27","","10.375"
"LA ESTRELLA - HOSPITAL","2024-12-26","","11.0"
"LA ESTRELLA - HOSPITAL","2024-12-25","","23.29166667"
"LA ESTRELLA - HOSPITAL","2024-12-24","","14.79166667"
"LA ESTRELLA - HOSPITAL","2024-12-23","","13.29166667"
"LA ESTRELLA - HOSPITAL","2024-12-22","","12.70833333"
"LA ESTRELLA - HOSPITAL","2024-12-21","","18.625"
"LA ESTRELLA - HOSPITAL","2024-12-20","","25.69565217"
"LA ESTRELLA - HOSPITAL","2024-12-19","","20.125"
"LA ESTRELLA - HOSPITAL","2024-12-18","","16.58333333"
"LA ESTRELLA - HOSPITAL","2024-12-17","","19.70833333"
"LA ESTRELLA - HOSPITAL","2024-12-16","","20.25"
"LA ESTRELLA - HOSPITAL","2024-12-15","","11.91666667"
"LA ESTRELLA - HOSPITAL","2024-12-14","","25.08333333"
"LA ESTRELLA - HOSPITAL","2024-12-13","","19.23076923"
"LA ESTRELLA - HOSPITAL","2024-12-09","","22.21428571"
"LA ESTRELLA - HOSPITAL","2024-12-08","","17.375"
"LA ESTRELLA - HOSPITAL","2024-12-07","","19.41666667"
"LA ESTRELLA - HOSPITAL","2024-12-06","","20.54166667"
"LA ESTRELLA - HOSPITAL","2024-12-05","","17.39130435"
"LA ESTRELLA - HOSPITAL","2024-12-04","","19.0"
"LA ESTRELLA - HOSPITAL","2024-12-03","","18.4375"
"LA ESTRELLA - HOSPITAL","2024-12-02","","19.41666667"
"LA ESTRELLA - HOSPITAL","2024-12-01","","17.875"
"LA ESTRELLA - HOSPITAL","2024-11-30","","17.47826087"
"LA ESTRELLA - HOSPITAL","2024-11-29","","18.0"
"LA ESTRELLA - HOSPITAL","2024-11-28","","17.58333333"
"LA ESTRELLA - HOSPITAL","2024-11-27","","19.79166667"
"LA ESTRELLA - HOSPITAL","2024-11-26","","17.29166667"
"LA ESTRELLA - HOSPITAL","2024-11-25","","17.79166667"
"LA ESTRELLA - HOSPITAL","2024-11-24","","18.04166667"
"LA ESTRELLA - HOSPITAL","2024-11-23","","17.16666667"
"LA ESTRELLA - HOSPITAL","2024-11-22","","19.95833333"
"LA ESTRELLA - HOSPITAL","2024-11-21","","20.41666667"
"LA ESTRELLA - HOSPITAL","2024-11-20","","21.16666667"
"LA ESTRELLA - HOSPITAL","2024-11-19","","20.86363636"
"LA ESTRELLA - HOSPITAL","2024-11-18","","18.25"
"LA ESTRELLA - HOSPITAL","2024-11-17","","16.04166667"
"LA ESTRELLA - HOSPITAL","2024-11-16","","18.16666667"
"LA ESTRELLA - HOSPITAL","2024-11-15","","16.5"
"LA ESTRELLA - HOSPITAL","2024-11-14","","10.54166667"
"LA ESTRELLA - HOSPITAL","2024-11-13","","14.29166667"
"LA ESTRELLA - HOSPITAL","2024-11-12","","11.875"
"LA ESTRELLA - HOSPITAL","2024-11-11","","10.20833333"
"LA ESTRELLA - HOSPITAL","2024-11-10","","10.5"
"LA ESTRELLA - HOSPITAL","2024-11-09","","10.54166667"
"LA ESTRELLA - HOSPITAL","2024-11-08","","13.29166667"
"LA ESTRELLA - HOSPITAL","2024-11-07","","18.22916667"
"LA ESTRELLA - HOSPITAL","2024-11-06","","14.83333333"
"LA ESTRELLA - HOSPITAL","2024-11-05","","12.125"
"LA ESTRELLA - HOSPITAL","2024-11-04","","9.58333333"
"LA ESTRELLA - HOSPITAL","2024-11-03","","7.54166667"
"LA ESTRELLA - HOSPITAL","2024-11-02","","8.0"
"LA ESTRELLA - HOSPITAL","2024-11-01","","13.08333333"
"LA ESTRELLA - HOSPITAL","2024-10-31","","14.52173913"
"LA ESTRELLA - HOSPITAL","2024-10-30","","17.58333333"
"LA ESTRELLA - HOSPITAL","2024-10-29","","18.95833333"
"LA ESTRELLA - HOSPITAL","2024-10-28","","17.04166667"
"LA ESTRELLA - HOSPITAL","2024-10-27","","14.29166667"
"LA ESTRELLA - HOSPITAL","2024-10-26","","17.54166667"
"LA ESTRELLA - HOSPITAL","2024-10-25","","19.45833333"
"LA ESTRELLA - HOSPITAL","2024-10-24","","18.625"
"LA ESTRELLA - HOSPITAL","2024-10-23","","16.5"
"LA ESTRELLA - HOSPITAL","2024-10-22","","19.70833333"
"LA ESTRELLA - HOSPITAL","2024-10-21","","14.43478261"
"LA ESTRELLA - HOSPITAL","2024-10-20","","14.29166667"
"LA ESTRELLA - HOSPITAL","2024-10-19","","14.33333333"
"LA ESTRELLA - HOSPITAL","2024-10-18","","21.0"
"LA ESTRELLA - HOSPITAL","2024-10-17","","22.66666667"
"LA ESTRELLA - HOSPITAL","2024-10-16","","22.375"
"LA ESTRELLA - HOSPITAL","2024-10-15","","17.70833333"
"LA ESTRELLA - HOSPITAL","2024-10-14","","13.04166667"
"LA ESTRELLA - HOSPITAL","2024-10-13","","11.375"
"LA ESTRELLA - HOSPITAL","2024-10-12","","14.83333333"
"LA ESTRELLA - HOSPITAL","2024-10-11","","17.58333333"
"LA ESTRELLA - HOSPITAL","2024-10-10","","17.5"
"LA ESTRELLA - HOSPITAL","2024-10-09","","12.95454545"
"LA ESTRELLA - HOSPITAL","2024-10-08","","25.15"
"LA ESTRELLA - HOSPITAL","2024-10-07","","17.83333333"
"LA ESTRELLA - HOSPITAL","2024-10-06","","21.375"
"LA ESTRELLA - HOSPITAL","2024-10-05","","19.0"
"LA ESTRELLA - HOSPITAL","2024-10-04","","15.875"
"LA ESTRELLA - HOSPITAL","2024-10-03","","15.0"
"LA ESTRELLA - HOSPITAL","2024-10-02","","19.875"
"LA ESTRELLA - HOSPITAL","2024-10-01","","24.0"
"LA ESTRELLA - HOSPITAL","2024-09-30","","16.86956522"
"LA ESTRELLA - HOSPITAL","2024-09-29","","13.54166667"
"LA ESTRELLA - HOSPITAL","2024-09-28","","21.0"
"LA ESTRELLA - HOSPITAL","2024-09-27","","21.75"
"LA ESTRELLA - HOSPITAL","2024-09-26","","14.54166667"
"LA ESTRELLA - HOSPITAL","2024-09-25","","16.72727273"
"LA ESTRELLA - HOSPITAL","2024-09-24","","17.125"
"LA ESTRELLA - HOSPITAL","2024-09-23","","14.95833333"
"LA ESTRELLA - HOSPITAL","2024-09-22","","16.20833333"
"LA ESTRELLA - HOSPITAL","2024-09-21","","20.625"
"LA ESTRELLA - HOSPITAL","2024-09-20","","25.73913043"
"LA ESTRELLA - HOSPITAL","2024-09-19","","29.5"
"LA ESTRELLA - HOSPITAL","2024-09-18","","26.625"
"LA ESTRELLA - HOSPITAL","2024-09-17","","24.0"
"LA ESTRELLA - HOSPITAL","2024-09-16","","23.15384615"
"LA ESTRELLA - HOSPITAL","2024-09-15","","22.4375"
"LA ESTRELLA - HOSPITAL","2024-09-14","","24.66666667"
"LA ESTRELLA - HOSPITAL","2024-09-13","","21.54166667"
"LA ESTRELLA - HOSPITAL","2024-09-12","","27.875"
"LA ESTRELLA - HOSPITAL","2024-09-11","","25.875"
"LA ESTRELLA - HOSPITAL","2024-09-10","","26.70833333"
"LA ESTRELLA - HOSPITAL","2024-09-09","","26.04347826"
"LA ESTRELLA - HOSPITAL","2024-09-08","","25.08333333"
"LA ESTRELLA - HOSPITAL","2024-09-07","","22.70833333"
"LA ESTRELLA - HOSPITAL","2024-09-06","","30.08333333"
"LA ESTRELLA - HOSPITAL","2024-09-05","","19.54166667"
"LA ESTRELLA - HOSPITAL","2024-09-04","","27.625"
"LA ESTRELLA - HOSPITAL","2024-09-03","","27.45833333"
"LA ESTRELLA - HOSPITAL","2024-09-02","","29.08333333"
"LA ESTRELLA - HOSPITAL","2024-09-01","","18.04166667"
"LA ESTRELLA - HOSPITAL","2024-08-31","","33.17391304"
"LA ESTRELLA - HOSPITAL","2024-08-30","","23.75"
"LA ESTRELLA - HOSPITAL","2024-08-29","","18.33333333"
"LA ESTRELLA - HOSPITAL","2024-08-28","","19.25"
"LA ESTRELLA - HOSPITAL","2024-08-27","","22.625"
"LA ESTRELLA - HOSPITAL","2024-08-26","","17.70833333"
"LA ESTRELLA - HOSPITAL","2024-08-25","","16.91666667"
"LA ESTRELLA - HOSPITAL","2024-08-24","","16.625"
"LA ESTRELLA - HOSPITAL","2024-08-23","","19.16666667"
"LA ESTRELLA - HOSPITAL","2024-08-22","","16.91666667"
"LA ESTRELLA - HOSPITAL","2024-08-21","","25.54166667"
"LA ESTRELLA - HOSPITAL","2024-08-20","","19.91666667"
"LA ESTRELLA - HOSPITAL","2024-08-19","","17.125"
"LA ESTRELLA - HOSPITAL","2024-08-18","","18.33333333"
"LA ESTRELLA - HOSPITAL","2024-08-17","","18.08333333"
"LA ESTRELLA - HOSPITAL","2024-08-16","","23.08333333"
"LA ESTRELLA - HOSPITAL","2024-08-15","","24.33333333"
"LA ESTRELLA - HOSPITAL","2024-08-14","","15.34782609"
"LA ESTRELLA - HOSPITAL","2024-08-13","","16.79166667"
"LA ESTRELLA - HOSPITAL","2024-08-12","","22.16666667"
"LA ESTRELLA - HOSPITAL","2024-08-11","","13.33333333"
"LA ESTRELLA - HOSPITAL","2024-08-10","","19.16666667"
"LA ESTRELLA - HOSPITAL","2024-08-09","","18.83333333"
"LA ESTRELLA - HOSPITAL","2024-08-08","","25.69565217"
"LA ESTRELLA - HOSPITAL","2024-08-07","","15.33333333"
"LA ESTRELLA - HOSPITAL","2024-08-06","","17.45833333"
"LA ESTRELLA - HOSPITAL","2024-08-05","","19.5"
"LA ESTRELLA - HOSPITAL","2024-08-04","","17.95833333"
"LA ESTRELLA - HOSPITAL","2024-08-03","","16.33333333"
"LA ESTRELLA - HOSPITAL","2024-08-02","","19.33333333"
"LA ESTRELLA - HOSPITAL","2024-08-01","","19.625"
"LA ESTRELLA - HOSPITAL","2024-07-31","","16.91304348"
"LA ESTRELLA - HOSPITAL","2024-07-30","","20.375"
"LA ESTRELLA - HOSPITAL","2024-07-29","","15.33333333"
"LA ESTRELLA - HOSPITAL","2024-07-28","","16.41666667"
"LA ESTRELLA - HOSPITAL","2024-07-27","","21.25"
"LA ESTRELLA - HOSPITAL","2024-07-26","","24.75"
"LA ESTRELLA - HOSPITAL","2024-07-25","","24.08333333"
"LA ESTRELLA - HOSPITAL","2024-07-24","","21.625"
"LA ESTRELLA - HOSPITAL","2024-07-23","","19.04166667"
"LA ESTRELLA - HOSPITAL","2024-07-22","","16.16666667"
"LA ESTRELLA - HOSPITAL","2024-07-21","","17.04166667"
"LA ESTRELLA - HOSPITAL","2024-07-20","","15.45833333"
"LA ESTRELLA - HOSPITAL","2024-07-19","","21.20833333"
"LA ESTRELLA - HOSPITAL","2024-07-18","","22.41666667"
"LA ESTRELLA - HOSPITAL","2024-07-17","","19.20833333"
"LA ESTRELLA - HOSPITAL","2024-07-16","","15.33333333"
"LA ESTRELLA - HOSPITAL","2024-07-15","","16.875"
"LA ESTRELLA - HOSPITAL","2024-07-14","","14.54166667"
"LA ESTRELLA - HOSPITAL","2024-07-13","","17.125"
"LA ESTRELLA - HOSPITAL","2024-07-12","","23.16666667"
"LA ESTRELLA - HOSPITAL","2024-07-11","","25.43478261"
"LA ESTRELLA - HOSPITAL","2024-07-10","","17.04166667"
"LA ESTRELLA - HOSPITAL","2024-07-09","","13.875"
"LA ESTRELLA - HOSPITAL","2024-07-08","","16.43478261"
"LA ESTRELLA - HOSPITAL","2024-07-07","","17.29166667"
"LA ESTRELLA - HOSPITAL","2024-07-06","","16.5"
"LA ESTRELLA - HOSPITAL","2024-07-05","","14.04166667"
"LA ESTRELLA - HOSPITAL","2024-07-04","","20.95833333"
"LA ESTRELLA - HOSPITAL","2024-07-03","","20.30434783"
"LA ESTRELLA - HOSPITAL","2024-07-02","","18.54166667"
"LA ESTRELLA - HOSPITAL","2024-07-01","","14.41666667"
"LA ESTRELLA - HOSPITAL","2024-06-30","","14.08695652"
"LA ESTRELLA - HOSPITAL","2024-06-29","","15.875"
"LA ESTRELLA - HOSPITAL","2024-06-28","","18.5"
"LA ESTRELLA - HOSPITAL","2024-06-27","","15.45833333"
"LA ESTRELLA - HOSPITAL","2024-06-26","","15.04166667"
"LA ESTRELLA - HOSPITAL","2024-06-25","","15.375"
"LA ESTRELLA - HOSPITAL","2024-06-24","","14.54166667"
"LA ESTRELLA - HOSPITAL","2024-06-23","","13.45833333"
"LA ESTRELLA - HOSPITAL","2024-06-22","","17.45833333"
"LA ESTRELLA - HOSPITAL","2024-06-21","","16.0"
"LA ESTRELLA - HOSPITAL","2024-06-20","","19.04166667"
"LA ESTRELLA - HOSPITAL","2024-06-19","","19.26086957"
"LA ESTRELLA - HOSPITAL","2024-06-18","","15.33333333"
"LA ESTRELLA - HOSPITAL","2024-06-17","","14.875"
"LA ESTRELLA - HOSPITAL","2024-06-16","","10.70833333"
"LA ESTRELLA - HOSPITAL","2024-06-15","","6.79166667"
"LA ESTRELLA - HOSPITAL","2024-06-14","","14.34782609"
"LA ESTRELLA - HOSPITAL","2024-06-13","","16.2173913"
"LA ESTRELLA - HOSPITAL","2024-06-12","","13.2173913"
"LA ESTRELLA - HOSPITAL","2024-06-11","","17.20833333"
"LA ESTRELLA - HOSPITAL","2024-06-10","","17.0"
"LA ESTRELLA - HOSPITAL","2024-06-09","","9.375"
"LA ESTRELLA - HOSPITAL","2024-06-08","","11.91666667"
"LA ESTRELLA - HOSPITAL","2024-06-07","","14.91666667"
"LA ESTRELLA - HOSPITAL","2024-06-06","","17.125"
"LA ESTRELLA - HOSPITAL","2024-06-05","","18.75"
"LA ESTRELLA - HOSPITAL","2024-06-04","","16.91666667"
"LA ESTRELLA - HOSPITAL","2024-06-03","","13.26086957"
"LA ESTRELLA - HOSPITAL","2024-06-02","","11.625"
"LA ESTRELLA - HOSPITAL","2024-06-01","","12.875"
"LA ESTRELLA - HOSPITAL","2024-05-28","","14.52173913"
"LA ESTRELLA - HOSPITAL","2024-05-27","","13.95652174"
"LA ESTRELLA - HOSPITAL","2024-05-26","","14.375"
"LA ESTRELLA - HOSPITAL","2024-05-25","","18.625"
"LA ESTRELLA - HOSPITAL","2024-05-24","","14.18181818"
"LA ESTRELLA - HOSPITAL","2024-05-23","","15.95833333"
"LA ESTRELLA - HOSPITAL","2024-05-22","","17.70833333"
"LA ESTRELLA - HOSPITAL","2024-05-21","","17.08695652"
"LA ESTRELLA - HOSPITAL","2024-05-20","","19.72727273"
"LA ESTRELLA - HOSPITAL","2024-05-19","","10.79166667"
"LA ESTRELLA - HOSPITAL","2024-05-18","","15.20833333"
"LA ESTRELLA - HOSPITAL","2024-05-17","","19.29166667"
"LA ESTRELLA - HOSPITAL","2024-05-16","","19.83333333"
"LA ESTRELLA - HOSPITAL","2024-05-15","","14.68181818"
"LA ESTRELLA - HOSPITAL","2024-05-14","","17.0"
"LA ESTRELLA - HOSPITAL","2024-05-13","","11.75"
"LA ESTRELLA - HOSPITAL","2024-05-12","","14.79166667"
"LA ESTRELLA - HOSPITAL","2024-05-11","","23.08333333"
"LA ESTRELLA - HOSPITAL","2024-05-10","","16.66666667"
"LA ESTRELLA - HOSPITAL","2024-05-09","","11.79166667"
"LA ESTRELLA - HOSPITAL","2024-05-08","","14.5"
"LA ESTRELLA - HOSPITAL","2024-05-07","","12.33333333"
"LA ESTRELLA - HOSPITAL","2024-05-06","","14.0"
"LA ESTRELLA - HOSPITAL","2024-05-05","","11.83333333"
"LA ESTRELLA - HOSPITAL","2024-05-04","","15.41666667"
"LA ESTRELLA - HOSPITAL","2024-05-03","","21.33333333"
"LA ESTRELLA - HOSPITAL","2024-05-02","","21.33333333"
"LA ESTRELLA - HOSPITAL","2024-05-01","","18.20833333"
"LA ESTRELLA - HOSPITAL","2024-04-30","","18.52173913"
"LA ESTRELLA - HOSPITAL","2024-04-29","","16.04166667"
"LA ESTRELLA - HOSPITAL","2024-04-28","","13.5"
"LA ESTRELLA - HOSPITAL","2024-04-27","","21.29166667"
"LA ESTRELLA - HOSPITAL","2024-04-26","","17.41666667"
"LA ESTRELLA - HOSPITAL","2024-04-25","","12.04166667"
"LA ESTRELLA - HOSPITAL","2024-04-24","","15.33333333"
"LA ESTRELLA - HOSPITAL","2024-04-23","","21.20833333"
"LA ESTRELLA - HOSPITAL","2024-04-22","","20.54166667"
"LA ESTRELLA - HOSPITAL","2024-04-21","","14.38095238"
"LA ESTRELLA - HOSPITAL","2024-04-20","","15.66666667"
"LA ESTRELLA - HOSPITAL","2024-04-19","","22.25"
"LA ESTRELLA - HOSPITAL","2024-04-18","","31.13636364"
"LA ESTRELLA - HOSPITAL","2024-04-17","","36.54166667"
"LA ESTRELLA - HOSPITAL","2024-04-16","","37.95833333"
"LA ESTRELLA - HOSPITAL","2024-04-15","","38.875"
"LA ESTRELLA - HOSPITAL","2024-04-14","","41.625"
"LA ESTRELLA - HOSPITAL","2024-04-13","","39.66666667"
"LA ESTRELLA - HOSPITAL","2024-04-12","","33.08333333"
"LA ESTRELLA - HOSPITAL","2024-04-11","","32.375"
"LA ESTRELLA - HOSPITAL","2024-04-10","","25.41666667"
"LA ESTRELLA - HOSPITAL","2024-04-09","","28.36363636"
"LA ESTRELLA - HOSPITAL","2024-04-08","","22.95833333"
"LA ESTRELLA - HOSPITAL","2024-04-07","","16.625"
"LA ESTRELLA - HOSPITAL","2024-04-06","","21.54166667"
"LA ESTRELLA - HOSPITAL","2024-04-05","","19.83333333"
"LA ESTRELLA - HOSPITAL","2024-04-04","","23.75"
"LA ESTRELLA - HOSPITAL","2024-04-03","","20.20833333"
"LA ESTRELLA - HOSPITAL","2024-04-02","","27.41666667"
"LA ESTRELLA - HOSPITAL","2024-04-01","","29.20833333"
"LA ESTRELLA - HOSPITAL","2024-03-31","","37.65217391"
"LA ESTRELLA - HOSPITAL","2024-03-30","","30.66666667"
"LA ESTRELLA - HOSPITAL","2024-03-29","","28.83333333"
"LA ESTRELLA - HOSPITAL","2024-03-28","","32.58333333"
"LA ESTRELLA - HOSPITAL","2024-03-27","","37.08333333"
"LA ESTRELLA - HOSPITAL","2024-03-26","","24.5"
"LA ESTRELLA - HOSPITAL","2024-03-25","","28.125"
"LA ESTRELLA - HOSPITAL","2024-03-24","","32.33333333"
"LA ESTRELLA - HOSPITAL","2024-03-23","","39.875"
"LA ESTRELLA - HOSPITAL","2024-03-22","","30.95833333"
"LA ESTRELLA - HOSPITAL","2024-03-21","","28.0"
"LA ESTRELLA - HOSPITAL","2024-03-20","","34.875"
"LA ESTRELLA - HOSPITAL","2024-03-19","","23.375"
"LA ESTRELLA - HOSPITAL","2024-03-18","","29.79166667"
"LA ESTRELLA - HOSPITAL","2024-03-17","","29.83333333"
"LA ESTRELLA - HOSPITAL","2024-03-16","","33.54166667"
"LA ESTRELLA - HOSPITAL","2024-03-15","","25.34782609"
"LA ESTRELLA - HOSPITAL","2024-03-14","","28.75"
"LA ESTRELLA - HOSPITAL","2024-03-13","","30.40909091"
"LA ESTRELLA - HOSPITAL","2024-03-12","","27.45833333"
"LA ESTRELLA - HOSPITAL","2024-03-11","","33.29166667"
"LA ESTRELLA - HOSPITAL","2024-03-10","","25.0"
"LA ESTRELLA - HOSPITAL","2024-03-09","","29.875"
"LA ESTRELLA - HOSPITAL","2024-03-08","","36.25"
"LA ESTRELLA - HOSPITAL","2024-03-07","","43.25"
"LA ESTRELLA - HOSPITAL","2024-03-06","","44.75"
"LA ESTRELLA - HOSPITAL","2024-03-05","","47.75"
"LA ESTRELLA - HOSPITAL","2024-03-04","","41.16666667"
"LA ESTRELLA - HOSPITAL","2024-03-03","","31.91666667"
"LA ESTRELLA - HOSPITAL","2024-03-02","","36.0"
"LA ESTRELLA - HOSPITAL","2024-03-01","","41.95833333"
"LA ESTRELLA - HOSPITAL","2024-02-29","","41.7826087"
"LA ESTRELLA - HOSPITAL","2024-02-28","","37.83333333"
"LA ESTRELLA - HOSPITAL","2024-02-27","","32.70833333"
"LA ESTRELLA - HOSPITAL","2024-02-26","","25.0"
"LA ESTRELLA - HOSPITAL","2024-02-25","","23.41666667"
"LA ESTRELLA - HOSPITAL","2024-02-24","","22.08333333"
"LA ESTRELLA - HOSPITAL","2024-02-23","","22.41666667"
"LA ESTRELLA - HOSPITAL","2024-02-22","","16.41666667"
"LA ESTRELLA - HOSPITAL","2024-02-21","","22.70833333"
"LA ESTRELLA - HOSPITAL","2024-02-20","","26.95833333"
"LA ESTRELLA - HOSPITAL","2024-02-19","","20.0"
"LA ESTRELLA - HOSPITAL","2024-02-18","","15.625"
"LA ESTRELLA - HOSPITAL","2024-02-17","","17.70833333"
"LA ESTRELLA - HOSPITAL","2024-02-16","","20.125"
"LA ESTRELLA - HOSPITAL","2024-02-15","","22.375"
"LA ESTRELLA - HOSPITAL","2024-02-14","","24.04761905"
"LA ESTRELLA - HOSPITAL","2024-02-13","","26.70833333"
"LA ESTRELLA - HOSPITAL","2024-02-12","","22.29166667"
"LA ESTRELLA - HOSPITAL","2024-02-11","","14.0"
"LA ESTRELLA - HOSPITAL","2024-02-10","","16.25"
"LA ESTRELLA - HOSPITAL","2024-02-09","","18.45833333"
"LA ESTRELLA - HOSPITAL","2024-02-08","","14.83333333"
"LA ESTRELLA - HOSPITAL","2024-02-07","","19.56521739"
"LA ESTRELLA - HOSPITAL","2024-02-06","","13.16666667"
"LA ESTRELLA - HOSPITAL","2024-02-05","","14.875"
"LA ESTRELLA - HOSPITAL","2024-02-04","","15.5"
"LA ESTRELLA - HOSPITAL","2024-02-03","","14.04166667"
"LA ESTRELLA - HOSPITAL","2024-02-02","","26.125"
"LA ESTRELLA - HOSPITAL","2024-02-01","","24.45833333"
"LA ESTRELLA - HOSPITAL","2024-01-31","","24.08695652"
"LA ESTRELLA - HOSPITAL","2024-01-30","","25.29166667"
"LA ESTRELLA - HOSPITAL","2024-01-29","","31.0"
"LA ESTRELLA - HOSPITAL","2024-01-28","","30.375"
"LA ESTRELLA - HOSPITAL","2024-01-27","","33.0952381"
"LA ESTRELLA - HOSPITAL","2024-01-26","","32.25"
"LA ESTRELLA - HOSPITAL","2024-01-25","","26.91666667"
"LA ESTRELLA - HOSPITAL","2024-01-24","","20.69565217"
"LA ESTRELLA - HOSPITAL","2024-01-23","","15.16666667"
"LA ESTRELLA - HOSPITAL","2024-01-22","","15.75"
"LA ESTRELLA - HOSPITAL","2024-01-21","","14.375"
"LA ESTRELLA - HOSPITAL","2024-01-20","","16.75"
"LA ESTRELLA - HOSPITAL","2024-01-19","","19.45833333"
"LA ESTRELLA - HOSPITAL","2024-01-18","","19.54545455"
"LA ESTRELLA - HOSPITAL","2024-01-17","","20.26086957"
"LA ESTRELLA - HOSPITAL","2024-01-16","","18.75"
"LA ESTRELLA - HOSPITAL","2024-01-15","","17.7826087"
"LA ESTRELLA - HOSPITAL","2024-01-14","","15.91666667"
"LA ESTRELLA - HOSPITAL","2024-01-13","","14.41666667"
"LA ESTRELLA - HOSPITAL","2024-01-12","","19.91666667"
"LA ESTRELLA - HOSPITAL","2024-01-11","","22.25"
"LA ESTRELLA - HOSPITAL","2024-01-10","","21.30434783"
"LA ESTRELLA - HOSPITAL","2024-01-09","","21.33333333"
"LA ESTRELLA - HOSPITAL","2024-01-08","","16.85714286"
"LA ESTRELLA - HOSPITAL","2024-01-07","","13.65217391"
"LA ESTRELLA - HOSPITAL","2024-01-06","","16.04545455"
"LA ESTRELLA - HOSPITAL","2024-01-05","","15.56521739"
"LA ESTRELLA - HOSPITAL","2024-01-04","","14.375"
"LA ESTRELLA - HOSPITAL","2024-01-03","","11.54166667"
"LA ESTRELLA - HOSPITAL","2024-01-02","","12.29166667"
"LA ESTRELLA - HOSPITAL","2024-01-01","","17.875"
"LA ESTRELLA - HOSPITAL","2023-12-31","","12.7826087"
"LA ESTRELLA - HOSPITAL","2023-12-30","","11.20833333"
"LA ESTRELLA - HOSPITAL","2023-12-29","","9.20833333"
"LA ESTRELLA - HOSPITAL","2023-12-28","","22.41666667"
"LA ESTRELLA - HOSPITAL","2023-12-27","","13.16666667"
"LA ESTRELLA - HOSPITAL","2023-12-26","","13.66666667"
"LA ESTRELLA - HOSPITAL","2023-12-25","","20.75"
"LA ESTRELLA - HOSPITAL","2023-12-24","","20.0"
"LA ESTRELLA - HOSPITAL","2023-12-23","","20.125"
"LA ESTRELLA - HOSPITAL","2023-12-22","","17.54166667"
"LA ESTRELLA - HOSPITAL","2023-12-21","","16.625"
"LA ESTRELLA - HOSPITAL","2023-12-20","","14.95833333"
"LA ESTRELLA - HOSPITAL","2023-12-19","","13.91666667"
"LA ESTRELLA - HOSPITAL","2023-12-18","","12.75"
"LA ESTRELLA - HOSPITAL","2023-12-17","","10.54166667"
"LA ESTRELLA - HOSPITAL","2023-12-16","","10.58333333"
"LA ESTRELLA - HOSPITAL","2023-12-15","","22.30434783"
"LA ESTRELLA - HOSPITAL","2023-12-14","","20.25"
"LA ESTRELLA - HOSPITAL","2023-12-11","","14.0"
"LA ESTRELLA - HOSPITAL","2023-12-10","","12.125"
"LA ESTRELLA - HOSPITAL","2023-12-09","","12.45833333"
"LA ESTRELLA - HOSPITAL","2023-12-08","","16.08333333"
"LA ESTRELLA - HOSPITAL","2023-12-07","","24.875"
"LA ESTRELLA - HOSPITAL","2023-12-06","","20.70833333"
"LA ESTRELLA - HOSPITAL","2023-12-05","","18.04166667"
"LA ESTRELLA - HOSPITAL","2023-12-04","","16.08333333"
"LA ESTRELLA - HOSPITAL","2023-12-03","","15.54166667"
"LA ESTRELLA - HOSPITAL","2023-12-02","","14.20833333"
"LA ESTRELLA - HOSPITAL","2023-12-01","","15.04166667"
"LA ESTRELLA - HOSPITAL","2023-11-30","","14.08333333"
"LA ESTRELLA - HOSPITAL","2023-11-29","","11.70833333"
"LA ESTRELLA - HOSPITAL","2023-11-28","","9.25"
"LA ESTRELLA - HOSPITAL","2023-11-27","","10.90909091"
"LA ESTRELLA - HOSPITAL","2023-11-26","","8.86666667"
"LA ESTRELLA - HOSPITAL","2023-11-25","","11.0"
"LA ESTRELLA - HOSPITAL","2023-11-24","","16.04347826"
"LA ESTRELLA - HOSPITAL","2023-11-23","","17.125"
"LA ESTRELLA - HOSPITAL","2023-11-22","","21.58333333"
"LA ESTRELLA - HOSPITAL","2023-11-21","","21.25"
"LA ESTRELLA - HOSPITAL","2023-11-20","","17.0"
"LA ESTRELLA - HOSPITAL","2023-11-19","","12.5"
"LA ESTRELLA - HOSPITAL","2023-11-18","","14.66666667"
"LA ESTRELLA - HOSPITAL","2023-11-17","","25.41666667"
"LA ESTRELLA - HOSPITAL","2023-11-16","","14.54166667"
"LA ESTRELLA - HOSPITAL","2023-11-15","","15.75"
"LA ESTRELLA - HOSPITAL","2023-11-14","","19.95833333"
"LA ESTRELLA - HOSPITAL","2023-11-13","","18.33333333"
"LA ESTRELLA - HOSPITAL","2023-11-12","","20.75"
"LA ESTRELLA - HOSPITAL","2023-11-11","","20.08333333"
"LA ESTRELLA - HOSPITAL","2023-11-10","","22.94117647"
"LA ESTRELLA - HOSPITAL","2023-11-09","","28.45454545"
"LA ESTRELLA - HOSPITAL","2023-11-08","","21.95833333"
"LA ESTRELLA - HOSPITAL","2023-11-07","","22.83333333"
"LA ESTRELLA - HOSPITAL","2023-11-06","","20.5"
"LA ESTRELLA - HOSPITAL","2023-11-05","","19.95833333"
"LA ESTRELLA - HOSPITAL","2023-11-04","","21.16666667"
"LA ESTRELLA - HOSPITAL","2023-11-03","","15.25"
"LA ESTRELLA - HOSPITAL","2023-11-02","","17.45833333"
"LA ESTRELLA - HOSPITAL","2023-11-01","","18.5"
"LA ESTRELLA - HOSPITAL","2023-10-31","","16.375"
"LA ESTRELLA - HOSPITAL","2023-10-30","","17.25"
"LA ESTRELLA - HOSPITAL","2023-10-29","","11.79166667"
"LA ESTRELLA - HOSPITAL","2023-10-28","","9.125"
"LA ESTRELLA - HOSPITAL","2023-10-27","","11.28571429"
"LA ESTRELLA - HOSPITAL","2023-10-26","","21.91666667"
"LA ESTRELLA - HOSPITAL","2023-10-25","","28.66666667"
"LA ESTRELLA - HOSPITAL","2023-10-24","","21.375"
"LA ESTRELLA - HOSPITAL","2023-10-23","","21.16666667"
"LA ESTRELLA - HOSPITAL","2023-10-22","","26.75"
"LA ESTRELLA - HOSPITAL","2023-10-21","","21.04166667"
"LA ESTRELLA - HOSPITAL","2023-10-20","","26.0"
"LA ESTRELLA - HOSPITAL","2023-10-19","","29.33333333"
"LA ESTRELLA - HOSPITAL","2023-10-18","","23.08333333"
"LA ESTRELLA - HOSPITAL","2023-10-17","","21.25"
"LA ESTRELLA - HOSPITAL","2023-10-16","","16.45833333"
"LA ESTRELLA - HOSPITAL","2023-10-15","","20.54166667"
"LA ESTRELLA - HOSPITAL","2023-10-14","","27.75"
"LA ESTRELLA - HOSPITAL","2023-10-13","","27.5"
"LA ESTRELLA - HOSPITAL","2023-10-12","","18.20833333"
"LA ESTRELLA - HOSPITAL","2023-10-11","","22.5"
"LA ESTRELLA - HOSPITAL","2023-10-10","","21.83333333"
"LA ESTRELLA - HOSPITAL","2023-10-09","","24.16666667"
"LA ESTRELLA - HOSPITAL","2023-10-08","","15.875"
"LA ESTRELLA - HOSPITAL","2023-10-07","","21.79166667"
"LA ESTRELLA - HOSPITAL","2023-10-06","","20.41666667"
"LA ESTRELLA - HOSPITAL","2023-10-05","","25.2173913"
"LA ESTRELLA - HOSPITAL","2023-10-04","","13.83333333"
"LA ESTRELLA - HOSPITAL","2023-10-03","","19.04166667"
"LA ESTRELLA - HOSPITAL","2023-10-02","","17.41666667"
"LA ESTRELLA - HOSPITAL","2023-10-01","","13.79166667"
"LA ESTRELLA - HOSPITAL","2023-09-30","","23.34782609"
"LA ESTRELLA - HOSPITAL","2023-09-29","","20.45833333"
"LA ESTRELLA - HOSPITAL","2023-09-28","","19.79166667"
"LA ESTRELLA - HOSPITAL","2023-09-27","","20.33333333"
"LA ESTRELLA - HOSPITAL","2023-09-26","","24.54166667"
"LA ESTRELLA - HOSPITAL","2023-09-25","","21.625"
"LA ESTRELLA - HOSPITAL","2023-09-24","","19.75"
"LA ESTRELLA - HOSPITAL","2023-09-23","","18.83333333"
"LA ESTRELLA - HOSPITAL","2023-09-22","","22.20833333"
"LA ESTRELLA - HOSPITAL","2023-09-21","","20.08333333"
"LA ESTRELLA - HOSPITAL","2023-09-20","","18.70833333"
"LA ESTRELLA - HOSPITAL","2023-09-19","","22.04545455"
"LA ESTRELLA - HOSPITAL","2023-09-18","","23.33333333"
"LA ESTRELLA - HOSPITAL","2023-09-17","","21.0"
"LA ESTRELLA - HOSPITAL","2023-09-16","","21.04166667"
"LA ESTRELLA - HOSPITAL","2023-09-15","","18.25"
"LA ESTRELLA - HOSPITAL","2023-09-14","","16.17391304"
"LA ESTRELLA - HOSPITAL","2023-09-13","","18.125"
"LA ESTRELLA - HOSPITAL","2023-09-12","","15.04166667"
"LA ESTRELLA - HOSPITAL","2023-09-11","","15.75"
"LA ESTRELLA - HOSPITAL","2023-09-10","","19.41666667"
"LA ESTRELLA - HOSPITAL","2023-09-09","","22.41666667"
"LA ESTRELLA - HOSPITAL","2023-09-08","","24.41666667"
"LA ESTRELLA - HOSPITAL","2023-09-07","","20.58333333"
"LA ESTRELLA - HOSPITAL","2023-09-06","","16.29166667"
"LA ESTRELLA - HOSPITAL","2023-09-05","","15.54166667"
"LA ESTRELLA - HOSPITAL","2023-09-04","","17.5"
"LA ESTRELLA - HOSPITAL","2023-09-03","","17.70833333"
"LA ESTRELLA - HOSPITAL","2023-09-02","","18.58333333"
"LA ESTRELLA - HOSPITAL","2023-09-01","","21.16666667"
"LA ESTRELLA - HOSPITAL","2023-08-31","","18.65217391"
"LA ESTRELLA - HOSPITAL","2023-08-30","","17.0"
"LA ESTRELLA - HOSPITAL","2023-08-29","","17.16666667"
"LA ESTRELLA - HOSPITAL","2023-08-28","","18.125"
"LA ESTRELLA - HOSPITAL","2023-08-27","","16.75"
"LA ESTRELLA - HOSPITAL","2023-08-26","","16.95833333"
"LA ESTRELLA - HOSPITAL","2023-08-25","","20.41666667"
"LA ESTRELLA - HOSPITAL","2023-08-24","","19.75"
"LA ESTRELLA - HOSPITAL","2023-08-23","","17.25"
"LA ESTRELLA - HOSPITAL","2023-08-22","","12.5"
"LA ESTRELLA - HOSPITAL","2023-08-21","","11.25"
"LA ESTRELLA - HOSPITAL","2023-08-20","","15.54166667"
"LA ESTRELLA - HOSPITAL","2023-08-19","","21.16666667"
"LA ESTRELLA - HOSPITAL","2023-08-18","","25.54545455"
"LA ESTRELLA - HOSPITAL","2023-08-17","","17.95833333"
"LA ESTRELLA - HOSPITAL","2023-08-16","","19.83333333"
"LA ESTRELLA - HOSPITAL","2023-08-15","","15.875"
"LA ESTRELLA - HOSPITAL","2023-08-14","","15.08333333"
"LA ESTRELLA - HOSPITAL","2023-08-13","","13.63636364"
"LA ESTRELLA - HOSPITAL","2023-08-12","","14.60869565"
"LA ESTRELLA - HOSPITAL","2023-08-11","","18.875"
"LA ESTRELLA - HOSPITAL","2023-08-10","","20.47368421"
"LA ESTRELLA - HOSPITAL","2023-08-09","","26.79166667"
"LA ESTRELLA - HOSPITAL","2023-08-08","","18.25"
"LA ESTRELLA - HOSPITAL","2023-08-07","","15.58333333"
"LA ESTRELLA - HOSPITAL","2023-08-06","","14.625"
"LA ESTRELLA - HOSPITAL","2023-08-05","","17.70833333"
"LA ESTRELLA - HOSPITAL","2023-08-04","","20.58333333"
"LA ESTRELLA - HOSPITAL","2023-08-03","","19.38095238"
"LA ESTRELLA - HOSPITAL","2023-08-02","","15.54166667"
"LA ESTRELLA - HOSPITAL","2023-08-01","","16.20833333"
"LA ESTRELLA - HOSPITAL","2023-07-31","","13.91304348"
"LA ESTRELLA - HOSPITAL","2023-07-30","","12.29166667"
"LA ESTRELLA - HOSPITAL","2023-07-29","","12.1"
"LA ESTRELLA - HOSPITAL","2023-07-28","","21.625"
"LA ESTRELLA - HOSPITAL","2023-07-27","","23.16666667"
"LA ESTRELLA - HOSPITAL","2023-07-26","","25.54166667"
"LA ESTRELLA - HOSPITAL","2023-07-25","","22.0"
"LA ESTRELLA - HOSPITAL","2023-07-24","","17.20833333"
"LA ESTRELLA - HOSPITAL","2023-07-23","","15.25"
"LA ESTRELLA - HOSPITAL","2023-07-22","","13.83333333"
"LA ESTRELLA - HOSPITAL","2023-07-21","","12.75"
"LA ESTRELLA - HOSPITAL","2023-07-20","","10.41666667"
"LA ESTRELLA - HOSPITAL","2023-07-19","","13.08333333"
"LA ESTRELLA - HOSPITAL","2023-07-18","","14.08333333"
"LA ESTRELLA - HOSPITAL","2023-07-17","","14.125"
"LA ESTRELLA - HOSPITAL","2023-07-16","","13.04761905"
"LA ESTRELLA - HOSPITAL","2023-07-15","","14.5"
"LA ESTRELLA - HOSPITAL","2023-07-14","","18.33333333"
"LA ESTRELLA - HOSPITAL","2023-07-13","","16.125"
"LA ESTRELLA - HOSPITAL","2023-07-12","","14.5"
"LA ESTRELLA - HOSPITAL","2023-07-11","","17.41666667"
"LA ESTRELLA - HOSPITAL","2023-07-10","","14.54166667"
"LA ESTRELLA - HOSPITAL","2023-07-09","","12.29166667"
"LA ESTRELLA - HOSPITAL","2023-07-08","","14.75"
"LA ESTRELLA - HOSPITAL","2023-07-07","","18.7826087"
"LA ESTRELLA - HOSPITAL","2023-07-06","","15.91666667"
"LA ESTRELLA - HOSPITAL","2023-07-05","","17.875"
"LA ESTRELLA - HOSPITAL","2023-07-04","","14.5"
"LA ESTRELLA - HOSPITAL","2023-07-03","","10.08333333"
"LA ESTRELLA - HOSPITAL","2023-07-02","","15.875"
"LA ESTRELLA - HOSPITAL","2023-07-01","","15.0"
"LA ESTRELLA - HOSPITAL","2023-06-30","","13.80952381"
"LA ESTRELLA - HOSPITAL","2023-06-29","","14.83333333"
"LA ESTRELLA - HOSPITAL","2023-06-28","","16.95833333"
"LA ESTRELLA - HOSPITAL","2023-06-27","","15.70833333"
"LA ESTRELLA - HOSPITAL","2023-06-26","","20.66666667"
"LA ESTRELLA - HOSPITAL","2023-06-25","","13.04166667"
"LA ESTRELLA - HOSPITAL","2023-06-24","","15.04166667"
"LA ESTRELLA - HOSPITAL","2023-06-23","","18.45833333"
"LA ESTRELLA - HOSPITAL","2023-06-22","","18.29166667"
"LA ESTRELLA - HOSPITAL","2023-06-21","","15.75"
"LA ESTRELLA - HOSPITAL","2023-06-20","","15.33333333"
"LA ESTRELLA - HOSPITAL","2023-06-19","","9.66666667"
"LA ESTRELLA - HOSPITAL","2023-06-18","","9.66666667"
"LA ESTRELLA - HOSPITAL","2023-06-17","","16.75"
"LA ESTRELLA - HOSPITAL","2023-06-16","","19.33333333"
"LA ESTRELLA - HOSPITAL","2023-06-15","","15.0"
"LA ESTRELLA - HOSPITAL","2023-06-14","","14.16666667"
"LA ESTRELLA - HOSPITAL","2023-06-13","","13.91666667"
"LA ESTRELLA - HOSPITAL","2023-06-12","","15.5"
"LA ESTRELLA - HOSPITAL","2023-06-11","","10.08333333"
"LA ESTRELLA - HOSPITAL","2023-06-10","","14.95833333"
"LA ESTRELLA - HOSPITAL","2023-06-09","","18.72727273"
"LA ESTRELLA - HOSPITAL","2023-06-08","","20.33333333"
"LA ESTRELLA - HOSPITAL","2023-06-07","","18.04166667"
"LA ESTRELLA - HOSPITAL","2023-06-06","","16.625"
"LA ESTRELLA - HOSPITAL","2023-06-05","","17.58333333"
"LA ESTRELLA - HOSPITAL","2023-06-04","","19.83333333"
"LA ESTRELLA - HOSPITAL","2023-06-03","","16.5"
"LA ESTRELLA - HOSPITAL","2023-06-02","","12.375"
"LA ESTRELLA - HOSPITAL","2023-06-01","","15.91666667"
"LA ESTRELLA - HOSPITAL","2023-05-31","","21.73913043"
"LA ESTRELLA - HOSPITAL","2023-05-30","","10.95833333"
"LA ESTRELLA - HOSPITAL","2023-05-29","","16.375"
"LA ESTRELLA - HOSPITAL","2023-05-28","","12.375"
"LA ESTRELLA - HOSPITAL","2023-05-27","","28.45833333"
"LA ESTRELLA - HOSPITAL","2023-05-26","","19.08333333"
"LA ESTRELLA - HOSPITAL","2023-05-25","","18.16666667"
"LA ESTRELLA - HOSPITAL","2023-05-24","","19.13636364"
"LA ESTRELLA - HOSPITAL","2023-05-23","","16.29166667"
"LA ESTRELLA - HOSPITAL","2023-05-22","","14.33333333"
"LA ESTRELLA - HOSPITAL","2023-05-21","","12.45833333"
"LA ESTRELLA - HOSPITAL","2023-05-20","","17.25"
"LA ESTRELLA - HOSPITAL","2023-05-19","","20.0"
"LA ESTRELLA - HOSPITAL","2023-05-18","","20.75"
"LA ESTRELLA - HOSPITAL","2023-05-17","","17.0"
"LA ESTRELLA - HOSPITAL","2023-05-16","","25.375"
"LA ESTRELLA - HOSPITAL","2023-05-15","","18.45833333"
"LA ESTRELLA - HOSPITAL","2023-05-14","","16.91666667"
"LA ESTRELLA - HOSPITAL","2023-05-13","","19.20833333"
"LA ESTRELLA - HOSPITAL","2023-05-12","","22.5"
"LA ESTRELLA - HOSPITAL","2023-05-11","","19.08695652"
"LA ESTRELLA - HOSPITAL","2023-05-10","","21.41666667"
"LA ESTRELLA - HOSPITAL","2023-05-09","","19.29166667"
"LA ESTRELLA - HOSPITAL","2023-05-08","","19.58333333"
"LA ESTRELLA - HOSPITAL","2023-05-07","","19.16666667"
"LA ESTRELLA - HOSPITAL","2023-05-06","","23.79166667"
"LA ESTRELLA - HOSPITAL","2023-05-05","","19.33333333"
"LA ESTRELLA - HOSPITAL","2023-05-04","","17.20833333"
"LA ESTRELLA - HOSPITAL","2023-05-03","","18.29166667"
"LA ESTRELLA - HOSPITAL","2023-05-02","","14.58333333"
"LA ESTRELLA - HOSPITAL","2023-05-01","","13.29166667"
"LA ESTRELLA - HOSPITAL","2023-04-30","","14.60869565"
"LA ESTRELLA - HOSPITAL","2023-04-29","","17.88888889"
"LA ESTRELLA - HOSPITAL","2023-04-28","","13.91666667"
"LA ESTRELLA - HOSPITAL","2023-04-27","","23.625"
"LA ESTRELLA - HOSPITAL","2023-04-26","","19.45833333"
"LA ESTRELLA - HOSPITAL","2023-04-25","","17.16666667"
"LA ESTRELLA - HOSPITAL","2023-04-24","","13.83333333"
"LA ESTRELLA - HOSPITAL","2023-04-23","","10.58333333"
"LA ESTRELLA - HOSPITAL","2023-04-22","","12.875"
"LA ESTRELLA - HOSPITAL","2023-04-21","","11.52380952"
"LA ESTRELLA - HOSPITAL","2023-04-20","","19.58333333"
"LA ESTRELLA - HOSPITAL","2023-04-19","","19.04166667"
"LA ESTRELLA - HOSPITAL","2023-04-18","","16.28571429"
"LA ESTRELLA - HOSPITAL","2023-04-17","","20.05882353"
"LA ESTRELLA - HOSPITAL","2023-04-16","","16.54166667"
"LA ESTRELLA - HOSPITAL","2023-04-15","","29.79166667"
"LA ESTRELLA - HOSPITAL","2023-04-14","","27.70833333"
"LA ESTRELLA - HOSPITAL","2023-04-13","","23.25"
"LA ESTRELLA - HOSPITAL","2023-04-12","","23.58333333"
"LA ESTRELLA - HOSPITAL","2023-04-11","","21.61904762"
"LA ESTRELLA - HOSPITAL","2023-04-10","","17.0"
"LA ESTRELLA - HOSPITAL","2023-04-09","","16.04166667"
"LA ESTRELLA - HOSPITAL","2023-04-08","","17.16666667"
"LA ESTRELLA - HOSPITAL","2023-04-07","","11.875"
"LA ESTRELLA - HOSPITAL","2023-04-06","","17.75"
"LA ESTRELLA - HOSPITAL","2023-04-05","","27.79166667"
"LA ESTRELLA - HOSPITAL","2023-04-04","","22.54166667"
"LA ESTRELLA - HOSPITAL","2023-04-03","","21.04166667"
"LA ESTRELLA - HOSPITAL","2023-04-02","","21.375"
"LA ESTRELLA - HOSPITAL","2023-04-01","","30.875"
"LA ESTRELLA - HOSPITAL","2023-03-31","","29.91304348"
"LA ESTRELLA - HOSPITAL","2023-03-30","","28.0"
"LA ESTRELLA - HOSPITAL","2023-03-29","","24.45833333"
"LA ESTRELLA - HOSPITAL","2023-03-28","","23.54545455"
"LA ESTRELLA - HOSPITAL","2023-03-27","","31.91666667"
"LA ESTRELLA - HOSPITAL","2023-03-26","","34.33333333"
"LA ESTRELLA - HOSPITAL","2023-03-25","","31.41666667"
"LA ESTRELLA - HOSPITAL","2023-03-24","","39.625"
"LA ESTRELLA - HOSPITAL","2023-03-23","","42.79166667"
"LA ESTRELLA - HOSPITAL","2023-03-22","","36.125"
"LA ESTRELLA - HOSPITAL","2023-03-21","","33.0"
"LA ESTRELLA - HOSPITAL","2023-03-20","","24.5"
"LA ESTRELLA - HOSPITAL","2023-03-19","","17.29166667"
"LA ESTRELLA - HOSPITAL","2023-03-18","","13.54166667"
"LA ESTRELLA - HOSPITAL","2023-03-17","","18.41666667"
"LA ESTRELLA - HOSPITAL","2023-03-16","","15.83333333"
"LA ESTRELLA - HOSPITAL","2023-03-15","","17.45833333"
"LA ESTRELLA - HOSPITAL","2023-03-14","","18.29166667"
"LA ESTRELLA - HOSPITAL","2023-03-13","","13.28571429"
"LA ESTRELLA - HOSPITAL","2023-03-12","","15.61904762"
"LA ESTRELLA - HOSPITAL","2023-03-11","","16.16666667"
"LA ESTRELLA - HOSPITAL","2023-03-10","","24.79166667"
"LA ESTRELLA - HOSPITAL","2023-03-09","","30.66666667"
"LA ESTRELLA - HOSPITAL","2023-03-08","","28.91666667"
"LA ESTRELLA - HOSPITAL","2023-03-07","","22.70833333"
"LA ESTRELLA - HOSPITAL","2023-03-06","","14.875"
"LA ESTRELLA - HOSPITAL","2023-03-05","","18.95833333"
"LA ESTRELLA - HOSPITAL","2023-03-04","","18.20833333"
"LA ESTRELLA - HOSPITAL","2023-03-03","","30.17391304"
"LA ESTRELLA - HOSPITAL","2023-03-02","","28.08333333"
"LA ESTRELLA - HOSPITAL","2023-03-01","","22.20833333"
"LA ESTRELLA - HOSPITAL","2023-02-28","","26.17391304"
"LA ESTRELLA - HOSPITAL","2023-02-27","","38.54166667"
"LA ESTRELLA - HOSPITAL","2023-02-26","","35.95833333"
"LA ESTRELLA - HOSPITAL","2023-02-25","","34.29166667"
"LA ESTRELLA - HOSPITAL","2023-02-24","","40.125"
"LA ESTRELLA - HOSPITAL","2023-02-23","","29.29166667"
"LA ESTRELLA - HOSPITAL","2023-02-22","","27.45833333"
"LA ESTRELLA - HOSPITAL","2023-02-21","","28.125"
"LA ESTRELLA - HOSPITAL","2023-02-20","","25.08333333"
"LA ESTRELLA - HOSPITAL","2023-02-19","","19.65217391"
"LA ESTRELLA - HOSPITAL","2023-02-18","","18.83333333"
"LA ESTRELLA - HOSPITAL","2023-02-17","","23.58333333"
"LA ESTRELLA - HOSPITAL","2023-02-16","","23.83333333"
"LA ESTRELLA - HOSPITAL","2023-02-15","","20.04166667"
"LA ESTRELLA - HOSPITAL","2023-02-14","","21.70833333"
"LA ESTRELLA - HOSPITAL","2023-02-13","","23.95833333"
"LA ESTRELLA - HOSPITAL","2023-02-12","","25.16666667"
"LA ESTRELLA - HOSPITAL","2023-02-11","","25.29166667"
"LA ESTRELLA - HOSPITAL","2023-02-10","","26.33333333"
"LA ESTRELLA - HOSPITAL","2023-02-09","","19.95833333"
"LA ESTRELLA - HOSPITAL","2023-02-08","","21.95833333"
"LA ESTRELLA - HOSPITAL","2023-02-07","","20.0"
"LA ESTRELLA - HOSPITAL","2023-02-06","","26.66666667"
"LA ESTRELLA - HOSPITAL","2023-02-05","","25.125"
"LA ESTRELLA - HOSPITAL","2023-02-04","","33.20833333"
"LA ESTRELLA - HOSPITAL","2023-02-03","","29.59090909"
"LA ESTRELLA - HOSPITAL","2023-02-02","","25.91666667"
"LA ESTRELLA - HOSPITAL","2023-02-01","","23.04166667"
"LA ESTRELLA - HOSPITAL","2023-01-31","","24.86956522"
"LA ESTRELLA - HOSPITAL","2023-01-30","","22.79166667"
"LA ESTRELLA - HOSPITAL","2023-01-29","","18.875"
"LA ESTRELLA - HOSPITAL","2023-01-28","","20.58333333"
"LA ESTRELLA - HOSPITAL","2023-01-27","","20.45833333"
"LA ESTRELLA - HOSPITAL","2023-01-26","","19.79166667"
"LA ESTRELLA - HOSPITAL","2023-01-25","","19.125"
"LA ESTRELLA - HOSPITAL","2023-01-24","","17.375"
"LA ESTRELLA - HOSPITAL","2023-01-23","","16.41666667"
"LA ESTRELLA - HOSPITAL","2023-01-22","","18.70833333"
"LA ESTRELLA - HOSPITAL","2023-01-21","","18.04166667"
"LA ESTRELLA - HOSPITAL","2023-01-20","","19.16666667"
"LA ESTRELLA - HOSPITAL","2023-01-19","","20.58333333"
"LA ESTRELLA - HOSPITAL","2023-01-18","","19.91666667"
"LA ESTRELLA - HOSPITAL","2023-01-17","","18.375"
"LA ESTRELLA - HOSPITAL","2023-01-16","","16.08333333"
"LA ESTRELLA - HOSPITAL","2023-01-15","","15.375"
"LA ESTRELLA - HOSPITAL","2023-01-14","","15.70833333"
"LA ESTRELLA - HOSPITAL","2023-01-13","","14.54166667"
"LA ESTRELLA - HOSPITAL","2023-01-12","","14.66666667"
"LA ESTRELLA - HOSPITAL","2023-01-11","","15.70833333"
"LA ESTRELLA - HOSPITAL","2023-01-10","","13.91666667"
"LA ESTRELLA - HOSPITAL","2023-01-09","","13.04166667"
"LA ESTRELLA - HOSPITAL","2023-01-08","","12.5"
"LA ESTRELLA - HOSPITAL","2023-01-07","","15.66666667"
"LA ESTRELLA - HOSPITAL","2023-01-06","","17.41666667"
"LA ESTRELLA - HOSPITAL","2023-01-05","","20.38461538"
"LA ESTRELLA - HOSPITAL","2023-01-04","","13.79166667"
"LA ESTRELLA - HOSPITAL","2023-01-03","","9.41666667"
"LA ESTRELLA - HOSPITAL","2023-01-02","","15.70833333"
"LA ESTRELLA - HOSPITAL","2023-01-01","","24.45833333"
"LA ESTRELLA - HOSPITAL","2022-12-31","","18.73913043"
"LA ESTRELLA - HOSPITAL","2022-12-30","","18.20833333"
"LA ESTRELLA - HOSPITAL","2022-12-29","","20.66666667"
"LA ESTRELLA - HOSPITAL","2022-12-28","","23.5"
"LA ESTRELLA - HOSPITAL","2022-12-27","","15.66666667"
"LA ESTRELLA - HOSPITAL","2022-12-26","","20.75"
"LA ESTRELLA - HOSPITAL","2022-12-25","","19.54166667"
"LA ESTRELLA - HOSPITAL","2022-12-24","","21.16666667"
"LA ESTRELLA - HOSPITAL","2022-12-23","","22.45833333"
"LA ESTRELLA - HOSPITAL","2022-12-22","","20.79166667"
"LA ESTRELLA - HOSPITAL","2022-12-21","","23.04166667"
"LA ESTRELLA - HOSPITAL","2022-12-20","","20.70833333"
"LA ESTRELLA - HOSPITAL","2022-12-19","","18.45833333"
"LA ESTRELLA - HOSPITAL","2022-12-18","","15.79166667"
"LA ESTRELLA - HOSPITAL","2022-12-17","","17.0"
"LA ESTRELLA - HOSPITAL","2022-12-16","","16.66666667"
"LA ESTRELLA - HOSPITAL","2022-12-15","","17.625"
"LA ESTRELLA - HOSPITAL","2022-12-14","","15.83333333"
"LA ESTRELLA - HOSPITAL","2022-12-13","","16.83333333"
"LA ESTRELLA - HOSPITAL","2022-12-12","","16.04166667"
"LA ESTRELLA - HOSPITAL","2022-12-11","","16.54166667"
"LA ESTRELLA - HOSPITAL","2022-12-10","","23.375"
"LA ESTRELLA - HOSPITAL","2022-12-09","","22.0"
"LA ESTRELLA - HOSPITAL","2022-12-08","","13.58333333"
"LA ESTRELLA - HOSPITAL","2022-12-07","","19.16666667"
"LA ESTRELLA - HOSPITAL","2022-12-06","","17.36363636"
"LA ESTRELLA - HOSPITAL","2022-12-05","","14.125"
"LA ESTRELLA - HOSPITAL","2022-12-04","","12.33333333"
"LA ESTRELLA - HOSPITAL","2022-12-03","","15.41666667"
"LA ESTRELLA - HOSPITAL","2022-12-02","","14.33333333"
"LA ESTRELLA - HOSPITAL","2022-12-01","","17.34782609"
"LA ESTRELLA - HOSPITAL","2022-11-30","","17.52173913"
"LA ESTRELLA - HOSPITAL","2022-11-29","","9.41666667"
"LA ESTRELLA - HOSPITAL","2022-11-28","","14.95833333"
"LA ESTRELLA - HOSPITAL","2022-11-27","","17.16666667"
"LA ESTRELLA - HOSPITAL","2022-11-26","","19.125"
"LA ESTRELLA - HOSPITAL","2022-11-25","","15.375"
"LA ESTRELLA - HOSPITAL","2022-11-22","","3.94444444"
"LA ESTRELLA - HOSPITAL","2022-11-21","","10.64583333"
"LA ESTRELLA - HOSPITAL","2022-11-20","","13.33333333"
"LA ESTRELLA - HOSPITAL","2022-11-19","","14.95833333"
"LA ESTRELLA - HOSPITAL","2022-11-18","","11.0"
"LA ESTRELLA - HOSPITAL","2022-11-17","","14.0"
"LA ESTRELLA - HOSPITAL","2022-11-16","","11.91666667"
"LA ESTRELLA - HOSPITAL","2022-11-15","","9.39130435"
"LA ESTRELLA - HOSPITAL","2022-11-14","","7.35714286"
"LA ESTRELLA - HOSPITAL","2022-11-13","","0.5"
"LA ESTRELLA - HOSPITAL","2022-11-12","","8.73913043"
"LA ESTRELLA - HOSPITAL","2022-11-11","","13.08333333"
"LA ESTRELLA - HOSPITAL","2022-11-10","","11.90909091"
"LA ESTRELLA - HOSPITAL","2022-11-09","","7.26086957"
"LA ESTRELLA - HOSPITAL","2022-11-08","","10.20833333"
"LA ESTRELLA - HOSPITAL","2022-11-07","","7.0"
"LA ESTRELLA - HOSPITAL","2022-11-06","","2.04347826"
"LA ESTRELLA - HOSPITAL","2022-11-05","","2.27272727"
"LA ESTRELLA - HOSPITAL","2022-11-04","","4.10416667"
"LA ESTRELLA - HOSPITAL","2022-11-03","","7.5"
"LA ESTRELLA - HOSPITAL","2022-11-02","","16.91666667"
"LA ESTRELLA - HOSPITAL","2022-11-01","","15.54166667"
"LA ESTRELLA - HOSPITAL","2022-10-31","","16.45833333"
"LA ESTRELLA - HOSPITAL","2022-10-30","","6.95833333"
"LA ESTRELLA - HOSPITAL","2022-10-29","","5.91304348"
"LA ESTRELLA - HOSPITAL","2022-10-28","","8.17391304"
"LA ESTRELLA - HOSPITAL","2022-10-27","","5.9375"
"LA ESTRELLA - HOSPITAL","2022-10-26","","8.5"
"LA ESTRELLA - HOSPITAL","2022-10-25","","8.89583333"
"LA ESTRELLA - HOSPITAL","2022-10-24","","8.60416667"
"LA ESTRELLA - HOSPITAL","2022-10-23","","8.56521739"
"LA ESTRELLA - HOSPITAL","2022-10-22","","13.04347826"
"LA ESTRELLA - HOSPITAL","2022-10-21","","12.06521739"
"LA ESTRELLA - HOSPITAL","2022-10-20","","6.04166667"
"LA ESTRELLA - HOSPITAL","2022-10-19","","14.79166667"
"LA ESTRELLA - HOSPITAL","2022-10-18","","15.60869565"
"LA ESTRELLA - HOSPITAL","2022-10-17","","4.0625"
"LA ESTRELLA - HOSPITAL","2022-10-16","","8.70833333"
"LA ESTRELLA - HOSPITAL","2022-10-15","","19.16666667"
"LA ESTRELLA - HOSPITAL","2022-10-14","","14.41666667"
"LA ESTRELLA - HOSPITAL","2022-10-13","","15.3125"
"LA ESTRELLA - HOSPITAL","2022-10-12","","11.18181818"
"LA ESTRELLA - HOSPITAL","2022-10-11","","10.8"
"LA ESTRELLA - HOSPITAL","2022-10-10","","10.41666667"
"LA ESTRELLA - HOSPITAL","2022-10-09","","11.45833333"
"LA ESTRELLA - HOSPITAL","2022-10-08","","3.80434783"
"LA ESTRELLA - HOSPITAL","2022-10-07","","10.07142857"
"LA ESTRELLA - HOSPITAL","2022-10-06","","9.84090909"
"LA ESTRELLA - HOSPITAL","2022-10-05","","9.5"
"LA ESTRELLA - HOSPITAL","2022-10-04","","9.79166667"
"LA ESTRELLA - HOSPITAL","2022-10-03","","6.66666667"
"LA ESTRELLA - HOSPITAL","2022-10-02","","8.04166667"
"LA ESTRELLA - HOSPITAL","2022-10-01","","20.625"
"LA ESTRELLA - HOSPITAL","2022-09-30","","15.79166667"
"LA ESTRELLA - HOSPITAL","2022-09-29","","9.68181818"
"LA ESTRELLA - HOSPITAL","2022-09-28","","9.38095238"
"LA ESTRELLA - HOSPITAL","2022-09-27","","14.0"
"LA ESTRELLA - HOSPITAL","2022-09-26","","11.16666667"
"LA ESTRELLA - HOSPITAL","2022-09-25","","13.125"
"LA ESTRELLA - HOSPITAL","2022-09-24","","11.79166667"
"LA ESTRELLA - HOSPITAL","2022-09-23","","22.20833333"
"LA ESTRELLA - HOSPITAL","2022-09-22","","14.875"
"LA ESTRELLA - HOSPITAL","2022-09-21","","14.5"
"LA ESTRELLA - HOSPITAL","2022-09-20","","8.875"
"LA ESTRELLA - HOSPITAL","2022-09-19","","5.97916667"
"LA ESTRELLA - HOSPITAL","2022-09-18","","5.64583333"
"LA ESTRELLA - HOSPITAL","2022-09-17","","16.75"
"LA ESTRELLA - HOSPITAL","2022-09-16","","5.64583333"
"LA ESTRELLA - HOSPITAL","2022-09-15","","15.95833333"
"LA ESTRELLA - HOSPITAL","2022-09-14","","11.16666667"
"LA ESTRELLA - HOSPITAL","2022-09-13","","12.0"
"LA ESTRELLA - HOSPITAL","2022-09-12","","7.08333333"
"LA ESTRELLA - HOSPITAL","2022-09-11","","5.29166667"
"LA ESTRELLA - HOSPITAL","2022-09-10","","11.33333333"
"LA ESTRELLA - HOSPITAL","2022-09-09","","12.04166667"
"LA ESTRELLA - HOSPITAL","2022-09-08","","8.54347826"
"LA ESTRELLA - HOSPITAL","2022-09-07","","20.23809524"
"LA ESTRELLA - HOSPITAL","2022-09-06","","25.08333333"
"LA ESTRELLA - HOSPITAL","2022-09-05","","26.08333333"
"LA ESTRELLA - HOSPITAL","2022-09-04","","13.75"
"LA ESTRELLA - HOSPITAL","2022-09-03","","17.625"
"LA ESTRELLA - HOSPITAL","2022-09-02","","19.43478261"
"LA ESTRELLA - HOSPITAL","2022-09-01","","11.72727273"
"LA ESTRELLA - HOSPITAL","2022-08-31","","18.2"
"LA ESTRELLA - HOSPITAL","2022-08-30","","16.16666667"
"LA ESTRELLA - HOSPITAL","2022-08-29","","13.28571429"
"LA ESTRELLA - HOSPITAL","2022-08-28","","17.1"
"LA ESTRELLA - HOSPITAL","2022-08-27","","24.95833333"
"LA ESTRELLA - HOSPITAL","2022-08-26","","23.34782609"
"LA ESTRELLA - HOSPITAL","2022-08-25","","28.40909091"
"LA ESTRELLA - HOSPITAL","2022-08-24","","25.65217391"
"LA ESTRELLA - HOSPITAL","2022-08-23","","21.91666667"
"LA ESTRELLA - HOSPITAL","2022-08-22","","18.08333333"
"LA ESTRELLA - HOSPITAL","2022-08-21","","11.75"
"LA ESTRELLA - HOSPITAL","2022-08-20","","16.25"
"LA ESTRELLA - HOSPITAL","2022-08-19","","18.45833333"
"LA ESTRELLA - HOSPITAL","2022-08-18","","17.29166667"
"LA ESTRELLA - HOSPITAL","2022-08-17","","14.70833333"
"LA ESTRELLA - HOSPITAL","2022-08-16","","12.5"
"LA ESTRELLA - HOSPITAL","2022-08-15","","10.5"
"LA ESTRELLA - HOSPITAL","2022-08-14","","15.79166667"
"LA ESTRELLA - HOSPITAL","2022-08-13","","12.875"
"LA ESTRELLA - HOSPITAL","2022-08-12","","25.08333333"
"LA ESTRELLA - HOSPITAL","2022-08-11","","17.75"
"LA ESTRELLA - HOSPITAL","2022-08-10","","16.33333333"
"LA ESTRELLA - HOSPITAL","2022-08-09","","15.25"
"LA ESTRELLA - HOSPITAL","2022-08-08","","12.5"
"LA ESTRELLA - HOSPITAL","2022-08-07","","12.45833333"
"LA ESTRELLA - HOSPITAL","2022-08-06","","15.125"
"LA ESTRELLA - HOSPITAL","2022-08-05","","18.70833333"
"LA ESTRELLA - HOSPITAL","2022-08-04","","19.95833333"
"LA ESTRELLA - HOSPITAL","2022-08-03","","19.31818182"
"LA ESTRELLA - HOSPITAL","2022-08-02","","17.83333333"
"LA ESTRELLA - HOSPITAL","2022-08-01","","16.45833333"
"LA ESTRELLA - HOSPITAL","2022-07-31","","15.73913043"
"LA ESTRELLA - HOSPITAL","2022-07-30","","16.45833333"
"LA ESTRELLA - HOSPITAL","2022-07-29","","19.41666667"
"LA ESTRELLA - HOSPITAL","2022-07-28","","17.33333333"
"LA ESTRELLA - HOSPITAL","2022-07-27","","23.45833333"
"LA ESTRELLA - HOSPITAL","2022-07-26","","19.04166667"
"LA ESTRELLA - HOSPITAL","2022-07-25","","15.0"
"LA ESTRELLA - HOSPITAL","2022-07-24","","14.91666667"
"LA ESTRELLA - HOSPITAL","2022-07-23","","16.41666667"
"LA ESTRELLA - HOSPITAL","2022-07-22","","21.08333333"
"LA ESTRELLA - HOSPITAL","2022-07-21","","19.83333333"
"LA ESTRELLA - HOSPITAL","2022-07-20","","16.54166667"
"LA ESTRELLA - HOSPITAL","2022-07-19","","15.0"
"LA ESTRELLA - HOSPITAL","2022-07-18","","13.25"
"LA ESTRELLA - HOSPITAL","2022-07-17","","12.58333333"
"LA ESTRELLA - HOSPITAL","2022-07-16","","18.66666667"
"LA ESTRELLA - HOSPITAL","2022-07-15","","18.58333333"
"LA ESTRELLA - HOSPITAL","2022-07-14","","15.83333333"
"LA ESTRELLA - HOSPITAL","2022-07-13","","12.20833333"
"LA ESTRELLA - HOSPITAL","2022-07-12","","20.0952381"
"LA ESTRELLA - HOSPITAL","2022-07-11","","14.16666667"
"LA ESTRELLA - HOSPITAL","2022-07-10","","12.5"
"LA ESTRELLA - HOSPITAL","2022-07-09","","14.41666667"
"LA ESTRELLA - HOSPITAL","2022-07-08","","13.90909091"
"LA ESTRELLA - HOSPITAL","2022-07-07","","14.94736842"
"LA ESTRELLA - HOSPITAL","2022-07-06","","15.73684211"
"LA ESTRELLA - HOSPITAL","2022-07-05","","14.125"
"LA ESTRELLA - HOSPITAL","2022-07-04","","9.59090909"
"LA ESTRELLA - HOSPITAL","2022-07-03","","13.82608696"
"LA ESTRELLA - HOSPITAL","2022-07-02","","19.375"
"LA ESTRELLA - HOSPITAL","2022-07-01","","18.69565217"
"LA ESTRELLA - HOSPITAL","2022-06-30","","10.95652174"
"LA ESTRELLA - HOSPITAL","2022-06-29","","14.3"
"LA ESTRELLA - HOSPITAL","2022-06-28","","10.66666667"
"LA ESTRELLA - HOSPITAL","2022-06-27","","7.95833333"
"LA ESTRELLA - HOSPITAL","2022-06-26","","11.70833333"
"LA ESTRELLA - HOSPITAL","2022-06-25","","12.66666667"
"LA ESTRELLA - HOSPITAL","2022-06-24","","12.9047619"
"LA ESTRELLA - HOSPITAL","2022-06-23","","17.08333333"
"LA ESTRELLA - HOSPITAL","2022-06-22","","17.0"
"LA ESTRELLA - HOSPITAL","2022-06-21","","16.70833333"
"LA ESTRELLA - HOSPITAL","2022-06-20","","11.54545455"
"LA ESTRELLA - HOSPITAL","2022-06-19","","8.5"
"LA ESTRELLA - HOSPITAL","2022-06-18","","12.375"
"LA ESTRELLA - HOSPITAL","2022-06-17","","22.16666667"
"LA ESTRELLA - HOSPITAL","2022-06-16","","18.54545455"
"LA ESTRELLA - HOSPITAL","2022-06-15","","16.125"
"LA ESTRELLA - HOSPITAL","2022-06-14","","7.20833333"
"LA ESTRELLA - HOSPITAL","2022-06-13","","11.375"
"LA ESTRELLA - HOSPITAL","2022-06-12","","12.54166667"
"LA ESTRELLA - HOSPITAL","2022-06-11","","9.625"
"LA ESTRELLA - HOSPITAL","2022-06-10","","18.95652174"
"LA ESTRELLA - HOSPITAL","2022-06-09","","16.83333333"
"LA ESTRELLA - HOSPITAL","2022-06-08","","13.85714286"
"LA ESTRELLA - HOSPITAL","2022-06-07","","17.75"
"LA ESTRELLA - HOSPITAL","2022-06-06","","22.5"
"LA ESTRELLA - HOSPITAL","2022-06-05","","18.79166667"
"LA ESTRELLA - HOSPITAL","2022-06-04","","22.33333333"
"LA ESTRELLA - HOSPITAL","2022-06-03","","17.66666667"
"LA ESTRELLA - HOSPITAL","2022-06-02","","11.16666667"
"LA ESTRELLA - HOSPITAL","2022-06-01","","18.25"
"LA ESTRELLA - HOSPITAL","2022-05-31","","11.03571429"
"LA ESTRELLA - HOSPITAL","2022-05-27","","15.0"
"LA ESTRELLA - HOSPITAL","2022-05-24","","16.75"
"LA ESTRELLA - HOSPITAL","2022-05-23","","7.66666667"
"LA ESTRELLA - HOSPITAL","2022-05-22","","15.33333333"
"LA ESTRELLA - HOSPITAL","2022-05-21","","14.41666667"
"LA ESTRELLA - HOSPITAL","2022-05-20","","15.20833333"
"LA ESTRELLA - HOSPITAL","2022-05-19","","16.82608696"
"LA ESTRELLA - HOSPITAL","2022-05-18","","15.25"
"LA ESTRELLA - HOSPITAL","2022-05-17","","19.04166667"
"LA ESTRELLA - HOSPITAL","2022-05-16","","13.54166667"
"LA ESTRELLA - HOSPITAL","2022-05-15","","11.58333333"
"LA ESTRELLA - HOSPITAL","2022-05-14","","12.75"
"LA ESTRELLA - HOSPITAL","2022-05-13","","14.31818182"
"LA ESTRELLA - HOSPITAL","2022-05-12","","19.29166667"
"LA ESTRELLA - HOSPITAL","2022-05-11","","15.08333333"
"LA ESTRELLA - HOSPITAL","2022-05-10","","10.04166667"
"LA ESTRELLA - HOSPITAL","2022-05-09","","12.70833333"
"LA ESTRELLA - HOSPITAL","2022-05-08","","8.0"
"LA ESTRELLA - HOSPITAL","2022-05-07","","9.625"
"LA ESTRELLA - HOSPITAL","2022-05-06","","12.20833333"
"LA ESTRELLA - HOSPITAL","2022-05-05","","12.56521739"
"LA ESTRELLA - HOSPITAL","2022-05-04","","16.5"
"LA ESTRELLA - HOSPITAL","2022-05-03","","11.04166667"
"LA ESTRELLA - HOSPITAL","2022-05-02","","9.33333333"
"LA ESTRELLA - HOSPITAL","2022-05-01","","8.375"
"LA ESTRELLA - HOSPITAL","2022-04-30","","9.52173913"
"LA ESTRELLA - HOSPITAL","2022-04-29","","10.5"
"LA ESTRELLA - HOSPITAL","2022-04-28","","7.16666667"
"LA ESTRELLA - HOSPITAL","2022-04-27","","16.33333333"
"LA ESTRELLA - HOSPITAL","2022-04-26","","17.29166667"
"LA ESTRELLA - HOSPITAL","2022-04-25","","12.16666667"
"LA ESTRELLA - HOSPITAL","2022-04-24","","10.08695652"
"LA ESTRELLA - HOSPITAL","2022-04-23","","10.29166667"
"LA ESTRELLA - HOSPITAL","2022-04-22","","11.83333333"
"LA ESTRELLA - HOSPITAL","2022-04-21","","13.59090909"
"LA ESTRELLA - HOSPITAL","2022-04-20","","12.125"
"LA ESTRELLA - HOSPITAL","2022-04-19","","6.20833333"
"LA ESTRELLA - HOSPITAL","2022-04-18","","15.83333333"
"LA ESTRELLA - HOSPITAL","2022-04-17","","11.08333333"
"LA ESTRELLA - HOSPITAL","2022-04-16","","12.625"
"LA ESTRELLA - HOSPITAL","2022-04-15","","16.16666667"
"LA ESTRELLA - HOSPITAL","2022-04-14","","23.65217391"
"LA ESTRELLA - HOSPITAL","2022-04-13","","22.125"
"LA ESTRELLA - HOSPITAL","2022-04-12","","15.31818182"
"LA ESTRELLA - HOSPITAL","2022-04-11","","17.82608696"
"LA ESTRELLA - HOSPITAL","2022-04-10","","13.83333333"
"LA ESTRELLA - HOSPITAL","2022-04-09","","17.66666667"
"LA ESTRELLA - HOSPITAL","2022-04-08","","18.79166667"
"LA ESTRELLA - HOSPITAL","2022-04-07","","16.41666667"
"LA ESTRELLA - HOSPITAL","2022-04-06","","14.83333333"
"LA ESTRELLA - HOSPITAL","2022-04-05","","12.0"
"LA ESTRELLA - HOSPITAL","2022-04-04","","14.08333333"
"LA ESTRELLA - HOSPITAL","2022-04-03","","19.16666667"
"LA ESTRELLA - HOSPITAL","2022-04-02","","22.125"
"LA ESTRELLA - HOSPITAL","2022-04-01","","13.33333333"
"LA ESTRELLA - HOSPITAL","2022-03-31","","26.26086957"
"LA ESTRELLA - HOSPITAL","2022-03-30","","16.375"
"LA ESTRELLA - HOSPITAL","2022-03-29","","11.5"
"LA ESTRELLA - HOSPITAL","2022-03-28","","20.125"
"LA ESTRELLA - HOSPITAL","2022-03-27","","20.625"
"LA ESTRELLA - HOSPITAL","2022-03-26","","32.125"
"LA ESTRELLA - HOSPITAL","2022-03-25","","34.66666667"
"LA ESTRELLA - HOSPITAL","2022-03-24","","31.79166667"
"LA ESTRELLA - HOSPITAL","2022-03-23","","29.70833333"
"LA ESTRELLA - HOSPITAL","2022-03-22","","26.45833333"
"LA ESTRELLA - HOSPITAL","2022-03-21","","27.83333333"
"LA ESTRELLA - HOSPITAL","2022-03-20","","19.375"
"LA ESTRELLA - HOSPITAL","2022-03-19","","36.54166667"
"LA ESTRELLA - HOSPITAL","2022-03-18","","40.25"
"LA ESTRELLA - HOSPITAL","2022-03-17","","23.69565217"
"LA ESTRELLA - HOSPITAL","2022-03-16","","26.5"
"LA ESTRELLA - HOSPITAL","2022-03-15","","19.08333333"
"LA ESTRELLA - HOSPITAL","2022-03-14","","14.29166667"
"LA ESTRELLA - HOSPITAL","2022-03-13","","17.625"
"LA ESTRELLA - HOSPITAL","2022-03-12","","14.08333333"
"LA ESTRELLA - HOSPITAL","2022-03-11","","20.29166667"
"LA ESTRELLA - HOSPITAL","2022-03-10","","15.04166667"
"LA ESTRELLA - HOSPITAL","2022-03-09","","16.33333333"
"LA ESTRELLA - HOSPITAL","2022-03-08","","14.5"
"LA ESTRELLA - HOSPITAL","2022-03-07","","10.33333333"
"LA ESTRELLA - HOSPITAL","2022-03-06","","6.38461538"
"LA ESTRELLA - HOSPITAL","2022-03-05","","11.54166667"
"LA ESTRELLA - HOSPITAL","2022-03-04","","19.91666667"
"LA ESTRELLA - HOSPITAL","2022-03-03","","12.91666667"
"LA ESTRELLA - HOSPITAL","2022-03-02","","15.70833333"
"LA ESTRELLA - HOSPITAL","2022-03-01","","20.04166667"
"LA ESTRELLA - HOSPITAL","2022-02-28","","20.34782609"
"LA ESTRELLA - HOSPITAL","2022-02-27","","28.20833333"
"LA ESTRELLA - HOSPITAL","2022-02-26","","33.5"
"LA ESTRELLA - HOSPITAL","2022-02-25","","40.08333333"
"LA ESTRELLA - HOSPITAL","2022-02-24","","36.375"
"LA ESTRELLA - HOSPITAL","2022-02-23","","28.79166667"
"LA ESTRELLA - HOSPITAL","2022-02-22","","26.25"
"LA ESTRELLA - HOSPITAL","2022-02-21","","20.375"
"LA ESTRELLA - HOSPITAL","2022-02-20","","16.95833333"
"LA ESTRELLA - HOSPITAL","2022-02-19","","14.29166667"
"LA ESTRELLA - HOSPITAL","2022-02-18","","23.125"
"LA ESTRELLA - HOSPITAL","2022-02-17","","25.72727273"
"LA ESTRELLA - HOSPITAL","2022-02-16","","21.70833333"
"LA ESTRELLA - HOSPITAL","2022-02-15","","21.80952381"
"LA ESTRELLA - HOSPITAL","2022-02-14","","22.875"
"LA ESTRELLA - HOSPITAL","2022-02-13","","19.20833333"
"LA ESTRELLA - HOSPITAL","2022-02-12","","19.20833333"
"LA ESTRELLA - HOSPITAL","2022-02-11","","17.83333333"
"LA ESTRELLA - HOSPITAL","2022-02-10","","23.66666667"
"LA ESTRELLA - HOSPITAL","2022-02-09","","17.54166667"
"LA ESTRELLA - HOSPITAL","2022-02-08","","21.16666667"
"LA ESTRELLA - HOSPITAL","2022-02-07","","21.58333333"
"LA ESTRELLA - HOSPITAL","2022-02-06","","18.83333333"
"LA ESTRELLA - HOSPITAL","2022-02-05","","25.33333333"
"LA ESTRELLA - HOSPITAL","2022-02-04","","28.16666667"
"LA ESTRELLA - HOSPITAL","2022-02-03","","27.08333333"
"LA ESTRELLA - HOSPITAL","2022-02-02","","21.75"
"LA ESTRELLA - HOSPITAL","2022-02-01","","22.83333333"
"LA ESTRELLA - HOSPITAL","2022-01-31","","17.7826087"
"LA ESTRELLA - HOSPITAL","2022-01-30","","17.41666667"
"LA ESTRELLA - HOSPITAL","2022-01-29","","21.83333333"
"LA ESTRELLA - HOSPITAL","2022-01-28","","21.04166667"
"LA ESTRELLA - HOSPITAL","2022-01-27","","21.73913043"
"LA ESTRELLA - HOSPITAL","2022-01-26","","20.45833333"
"LA ESTRELLA - HOSPITAL","2022-01-25","","20.25"
"LA ESTRELLA - HOSPITAL","2022-01-24","","18.5"
"LA ESTRELLA - HOSPITAL","2022-01-23","","18.08333333"
"LA ESTRELLA - HOSPITAL","2022-01-22","","23.83333333"
"LA ESTRELLA - HOSPITAL","2022-01-21","","23.41666667"
"LA ESTRELLA - HOSPITAL","2022-01-20","","17.16666667"
"LA ESTRELLA - HOSPITAL","2022-01-19","","17.77272727"
"LA ESTRELLA - HOSPITAL","2022-01-18","","18.58333333"
"LA ESTRELLA - HOSPITAL","2022-01-17","","19.125"
"LA ESTRELLA - HOSPITAL","2022-01-16","","16.58333333"
"LA ESTRELLA - HOSPITAL","2022-01-15","","14.0"
"LA ESTRELLA - HOSPITAL","2022-01-14","","13.875"
"LA ESTRELLA - HOSPITAL","2022-01-13","","10.875"
"LA ESTRELLA - HOSPITAL","2022-01-12","","12.5"
"LA ESTRELLA - HOSPITAL","2022-01-11","","13.66666667"
"LA ESTRELLA - HOSPITAL","2022-01-10","","14.5"
"LA ESTRELLA - HOSPITAL","2022-01-09","","17.04166667"
"LA ESTRELLA - HOSPITAL","2022-01-08","","18.25"
"LA ESTRELLA - HOSPITAL","2022-01-07","","11.66666667"
"LA ESTRELLA - HOSPITAL","2022-01-06","","19.54166667"
"LA ESTRELLA - HOSPITAL","2022-01-05","","18.04166667"
"LA ESTRELLA - HOSPITAL","2022-01-04","","16.45833333"
"LA ESTRELLA - HOSPITAL","2022-01-03","","17.45833333"
"LA ESTRELLA - HOSPITAL","2022-01-02","","9.95833333"
"LA ESTRELLA - HOSPITAL","2022-01-01","","18.66666667"
"LA ESTRELLA - HOSPITAL","2021-12-31","","17.77272727"
"LA ESTRELLA - HOSPITAL","2021-12-30","","26.4047619"
"LA ESTRELLA - HOSPITAL","2021-12-29","","18.33333333"
"LA ESTRELLA - HOSPITAL","2021-12-28","","19.45833333"
"LA ESTRELLA - HOSPITAL","2021-12-27","","18.20833333"
"LA ESTRELLA - HOSPITAL","2021-12-26","","10.625"
"LA ESTRELLA - HOSPITAL","2021-12-25","","17.54166667"
"LA ESTRELLA - HOSPITAL","2021-12-24","","18.41666667"
"LA ESTRELLA - HOSPITAL","2021-12-23","","15.29166667"
"LA ESTRELLA - HOSPITAL","2021-12-22","","13.66666667"
"LA ESTRELLA - HOSPITAL","2021-12-21","","17.66666667"
"LA ESTRELLA - HOSPITAL","2021-12-20","","15.30434783"
"LA ESTRELLA - HOSPITAL","2021-12-19","","17.20833333"
"LA ESTRELLA - HOSPITAL","2021-12-18","","25.79166667"
"LA ESTRELLA - HOSPITAL","2021-12-17","","17.25"
"LA ESTRELLA - HOSPITAL","2021-12-16","","21.16666667"
"LA ESTRELLA - HOSPITAL","2021-12-15","","21.375"
"LA ESTRELLA - HOSPITAL","2021-12-14","","18.75"
"LA ESTRELLA - HOSPITAL","2021-12-13","","15.41666667"
"LA ESTRELLA - HOSPITAL","2021-12-12","","13.83333333"
"LA ESTRELLA - HOSPITAL","2021-12-11","","21.20833333"
"LA ESTRELLA - HOSPITAL","2021-12-10","","17.16666667"
"LA ESTRELLA - HOSPITAL","2021-12-09","","20.08333333"
"LA ESTRELLA - HOSPITAL","2021-12-08","","19.5"
"LA ESTRELLA - HOSPITAL","2021-12-07","","17.125"
"LA ESTRELLA - HOSPITAL","2021-12-06","","15.83333333"
"LA ESTRELLA - HOSPITAL","2021-12-05","","14.33333333"
"LA ESTRELLA - HOSPITAL","2021-12-04","","14.16666667"
"LA ESTRELLA - HOSPITAL","2021-12-03","","20.875"
"LA ESTRELLA - HOSPITAL","2021-12-02","","16.70833333"
"LA ESTRELLA - HOSPITAL","2021-12-01","","14.04166667"
"LA ESTRELLA - HOSPITAL","2021-11-30","","12.56521739"
"LA ESTRELLA - HOSPITAL","2021-11-29","","17.04166667"
"LA ESTRELLA - HOSPITAL","2021-11-28","","14.58333333"
"LA ESTRELLA - HOSPITAL","2021-11-27","","20.25"
"LA ESTRELLA - HOSPITAL","2021-11-26","","14.75"
"LA ESTRELLA - HOSPITAL","2021-11-25","","12.81818182"
"LA ESTRELLA - HOSPITAL","2021-11-24","","18.25"
"LA ESTRELLA - HOSPITAL","2021-11-23","","27.375"
"LA ESTRELLA - HOSPITAL","2021-11-22","","24.95833333"
"LA ESTRELLA - HOSPITAL","2021-11-21","","14.95"
"LA ESTRELLA - HOSPITAL","2021-11-20","","14.79166667"
"LA ESTRELLA - HOSPITAL","2021-11-19","","15.33333333"
"LA ESTRELLA - HOSPITAL","2021-11-18","","17.20833333"
"LA ESTRELLA - HOSPITAL","2021-11-17","","19.79166667"
"LA ESTRELLA - HOSPITAL","2021-11-16","","20.58333333"
"LA ESTRELLA - HOSPITAL","2021-11-15","","20.08333333"
"LA ESTRELLA - HOSPITAL","2021-11-14","","14.66666667"
"LA ESTRELLA - HOSPITAL","2021-11-13","","14.08333333"
"LA ESTRELLA - HOSPITAL","2021-11-12","","15.43478261"
"LA ESTRELLA - HOSPITAL","2021-11-11","","14.45833333"
"LA ESTRELLA - HOSPITAL","2021-11-10","","11.29166667"
"LA ESTRELLA - HOSPITAL","2021-11-09","","9.83333333"
"LA ESTRELLA - HOSPITAL","2021-11-08","","10.08333333"
"LA ESTRELLA - HOSPITAL","2021-11-07","","13.66666667"
"LA ESTRELLA - HOSPITAL","2021-11-06","","9.95833333"
"LA ESTRELLA - HOSPITAL","2021-11-05","","11.83333333"
"LA ESTRELLA - HOSPITAL","2021-11-04","","12.16666667"
"LA ESTRELLA - HOSPITAL","2021-11-03","","8.27272727"
"LA ESTRELLA - HOSPITAL","2021-11-02","","12.66666667"
"LA ESTRELLA - HOSPITAL","2021-11-01","","7.66666667"
"LA ESTRELLA - HOSPITAL","2021-10-31","","7.2173913"
"LA ESTRELLA - HOSPITAL","2021-10-30","","11.79166667"
"LA ESTRELLA - HOSPITAL","2021-10-29","","13.45833333"
"LA ESTRELLA - HOSPITAL","2021-10-28","","20.95833333"
"LA ESTRELLA - HOSPITAL","2021-10-27","","10.27083333"
"LA ESTRELLA - HOSPITAL","2021-10-26","","10.58333333"
"LA ESTRELLA - HOSPITAL","2021-10-25","","8.91666667"
"LA ESTRELLA - HOSPITAL","2021-10-24","","8.45833333"
"LA ESTRELLA - HOSPITAL","2021-10-23","","21.41666667"
"LA ESTRELLA - HOSPITAL","2021-10-22","","18.26086957"
"LA ESTRELLA - HOSPITAL","2021-10-21","","12.20833333"
"LA ESTRELLA - HOSPITAL","2021-10-20","","6.39583333"
"LA ESTRELLA - HOSPITAL","2021-10-19","","11.33333333"
"LA ESTRELLA - HOSPITAL","2021-10-18","","8.04166667"
"LA ESTRELLA - HOSPITAL","2021-10-17","","5.44736842"
"LA ESTRELLA - HOSPITAL","2021-10-16","","18.76190476"
"LA ESTRELLA - HOSPITAL","2021-10-15","","16.5"
"LA ESTRELLA - HOSPITAL","2021-10-14","","14.45833333"
"LA ESTRELLA - HOSPITAL","2021-10-13","","11.29166667"
"LA ESTRELLA - HOSPITAL","2021-10-12","","18.59090909"
"LA ESTRELLA - HOSPITAL","2021-10-11","","15.69565217"
"LA ESTRELLA - HOSPITAL","2021-10-10","","12.83333333"
"LA ESTRELLA - HOSPITAL","2021-10-09","","11.29166667"
"LA ESTRELLA - HOSPITAL","2021-10-08","","12.375"
"LA ESTRELLA - HOSPITAL","2021-10-07","","11.16666667"
"LA ESTRELLA - HOSPITAL","2021-10-06","","14.29166667"
"LA ESTRELLA - HOSPITAL","2021-10-05","","11.0"
"LA ESTRELLA - HOSPITAL","2021-10-04","","12.33333333"
"LA ESTRELLA - HOSPITAL","2021-10-03","","9.66666667"
"LA ESTRELLA - HOSPITAL","2021-10-02","","18.29166667"
"LA ESTRELLA - HOSPITAL","2021-10-01","","14.5"
"LA ESTRELLA - HOSPITAL","2021-09-30","","12.52173913"
"LA ESTRELLA - HOSPITAL","2021-09-29","","14.79166667"
"LA ESTRELLA - HOSPITAL","2021-09-28","","13.59090909"
"LA ESTRELLA - HOSPITAL","2021-09-27","","10.58333333"
"LA ESTRELLA - HOSPITAL","2021-09-26","","8.45833333"
"LA ESTRELLA - HOSPITAL","2021-09-25","","10.08333333"
"LA ESTRELLA - HOSPITAL","2021-09-24","","15.29166667"
"LA ESTRELLA - HOSPITAL","2021-09-23","","9.10416667"
"LA ESTRELLA - HOSPITAL","2021-09-22","","16.875"
"LA ESTRELLA - HOSPITAL","2021-09-21","","15.95833333"
"LA ESTRELLA - HOSPITAL","2021-09-20","","11.625"
"LA ESTRELLA - HOSPITAL","2021-09-19","","8.0"
"LA ESTRELLA - HOSPITAL","2021-09-18","","14.875"
"LA ESTRELLA - HOSPITAL","2021-09-17","","9.82608696"
"LA ESTRELLA - HOSPITAL","2021-09-16","","12.5"
"LA ESTRELLA - HOSPITAL","2021-09-15","","8.58333333"
"LA ESTRELLA - HOSPITAL","2021-09-14","","13.375"
"LA ESTRELLA - HOSPITAL","2021-09-13","","15.20833333"
"LA ESTRELLA - HOSPITAL","2021-09-12","","7.66666667"
"LA ESTRELLA - HOSPITAL","2021-09-11","","9.70833333"
"LA ESTRELLA - HOSPITAL","2021-09-10","","11.58333333"
"LA ESTRELLA - HOSPITAL","2021-09-09","","13.79166667"
"LA ESTRELLA - HOSPITAL","2021-09-08","","17.30434783"
"LA ESTRELLA - HOSPITAL","2021-09-07","","12.81818182"
"LA ESTRELLA - HOSPITAL","2021-09-06","","11.79166667"
"LA ESTRELLA - HOSPITAL","2021-09-05","","8.25"
"LA ESTRELLA - HOSPITAL","2021-09-04","","13.79166667"
"LA ESTRELLA - HOSPITAL","2021-09-03","","12.71428571"
"LA ESTRELLA - HOSPITAL","2021-09-02","","10.0"
"LA ESTRELLA - HOSPITAL","2021-09-01","","13.20833333"
"LA ESTRELLA - HOSPITAL","2021-08-31","","12.42857143"
"LA ESTRELLA - HOSPITAL","2021-08-30","","7.39130435"
"LA ESTRELLA - HOSPITAL","2021-08-29","","12.0"
"LA ESTRELLA - HOSPITAL","2021-08-28","","16.04761905"
"LA ESTRELLA - HOSPITAL","2021-08-27","","15.20833333"
"LA ESTRELLA - HOSPITAL","2021-08-26","","18.66666667"
"LA ESTRELLA - HOSPITAL","2021-08-25","","18.58333333"
"LA ESTRELLA - HOSPITAL","2021-08-24","","12.0"
"LA ESTRELLA - HOSPITAL","2021-08-23","","13.58333333"
"LA ESTRELLA - HOSPITAL","2021-08-22","","14.33333333"
"LA ESTRELLA - HOSPITAL","2021-08-21","","18.68421053"
"LA ESTRELLA - HOSPITAL","2021-08-20","","17.875"
"LA ESTRELLA - HOSPITAL","2021-08-19","","11.33333333"
"LA ESTRELLA - HOSPITAL","2021-08-18","","14.20833333"
"LA ESTRELLA - HOSPITAL","2021-08-17","","12.91666667"
"LA ESTRELLA - HOSPITAL","2021-08-16","","12.41666667"
"LA ESTRELLA - HOSPITAL","2021-08-15","","8.66666667"
"LA ESTRELLA - HOSPITAL","2021-08-14","","13.79166667"
"LA ESTRELLA - HOSPITAL","2021-08-13","","13.375"
"LA ESTRELLA - HOSPITAL","2021-08-12","","13.83333333"
"LA ESTRELLA - HOSPITAL","2021-08-11","","16.70833333"
"LA ESTRELLA - HOSPITAL","2021-08-10","","14.54166667"
"LA ESTRELLA - HOSPITAL","2021-08-09","","14.91666667"
"LA ESTRELLA - HOSPITAL","2021-08-08","","17.08333333"
"LA ESTRELLA - HOSPITAL","2021-08-07","","23.79166667"
"LA ESTRELLA - HOSPITAL","2021-08-06","","21.20833333"
"LA ESTRELLA - HOSPITAL","2021-08-05","","22.08333333"
"LA ESTRELLA - HOSPITAL","2021-08-04","","24.58333333"
"LA ESTRELLA - HOSPITAL","2021-08-03","","23.2173913"
"LA ESTRELLA - HOSPITAL","2021-08-02","","14.86956522"
"LA ESTRELLA - HOSPITAL","2021-08-01","","12.625"
"LA ESTRELLA - HOSPITAL","2021-07-31","","11.69565217"
"LA ESTRELLA - HOSPITAL","2021-07-30","","13.85714286"
"LA ESTRELLA - HOSPITAL","2021-07-29","","15.13043478"
"LA ESTRELLA - HOSPITAL","2021-07-28","","20.7826087"
"LA ESTRELLA - HOSPITAL","2021-07-27","","16.33333333"
"LA ESTRELLA - HOSPITAL","2021-07-26","","13.04166667"
"LA ESTRELLA - HOSPITAL","2021-07-25","","12.0"
"LA ESTRELLA - HOSPITAL","2021-07-24","","19.125"
"LA ESTRELLA - HOSPITAL","2021-07-23","","17.75"
"LA ESTRELLA - HOSPITAL","2021-07-22","","14.95833333"
"LA ESTRELLA - HOSPITAL","2021-07-21","","13.45833333"
"LA ESTRELLA - HOSPITAL","2021-07-20","","8.54166667"
"LA ESTRELLA - HOSPITAL","2021-07-19","","7.04166667"
"LA ESTRELLA - HOSPITAL","2021-07-18","","7.83333333"
"LA ESTRELLA - HOSPITAL","2021-07-17","","11.08333333"
"LA ESTRELLA - HOSPITAL","2021-07-16","","16.875"
"LA ESTRELLA - HOSPITAL","2021-07-15","","16.16666667"
"LA ESTRELLA - HOSPITAL","2021-07-14","","15.0"
"LA ESTRELLA - HOSPITAL","2021-07-13","","8.95238095"
"LA ESTRELLA - HOSPITAL","2021-07-12","","14.86956522"
"LA ESTRELLA - HOSPITAL","2021-07-11","","8.13636364"
"LA ESTRELLA - HOSPITAL","2021-07-10","","17.29166667"
"LA ESTRELLA - HOSPITAL","2021-07-09","","17.27272727"
"LA ESTRELLA - HOSPITAL","2021-07-08","","15.55"
"LA ESTRELLA - HOSPITAL","2021-07-07","","16.625"
"LA ESTRELLA - HOSPITAL","2021-07-06","","14.20833333"
"LA ESTRELLA - HOSPITAL","2021-07-05","","14.125"
"LA ESTRELLA - HOSPITAL","2021-07-04","","9.5"
"LA ESTRELLA - HOSPITAL","2021-07-03","","13.16666667"
"LA ESTRELLA - HOSPITAL","2021-07-02","","13.41666667"
"LA ESTRELLA - HOSPITAL","2021-07-01","","13.29166667"
"LA ESTRELLA - HOSPITAL","2021-06-30","","15.60869565"
"LA ESTRELLA - HOSPITAL","2021-06-29","","13.41666667"
"LA ESTRELLA - HOSPITAL","2021-06-28","","11.0"
"LA ESTRELLA - HOSPITAL","2021-06-27","","13.54166667"
"LA ESTRELLA - HOSPITAL","2021-06-26","","13.04166667"
"LA ESTRELLA - HOSPITAL","2021-06-25","","16.625"
"LA ESTRELLA - HOSPITAL","2021-06-24","","9.47619048"
"LA ESTRELLA - HOSPITAL","2021-06-23","","16.04166667"
"LA ESTRELLA - HOSPITAL","2021-06-22","","17.33333333"
"LA ESTRELLA - HOSPITAL","2021-06-21","","9.0"
"LA ESTRELLA - HOSPITAL","2021-06-20","","10.04166667"
"LA ESTRELLA - HOSPITAL","2021-06-19","","13.45833333"
"LA ESTRELLA - HOSPITAL","2021-06-18","","15.45454545"
"LA ESTRELLA - HOSPITAL","2021-06-17","","14.20833333"
"LA ESTRELLA - HOSPITAL","2021-06-16","","15.125"
"LA ESTRELLA - HOSPITAL","2021-06-15","","13.91666667"
"LA ESTRELLA - HOSPITAL","2021-06-14","","10.95238095"
"LA ESTRELLA - HOSPITAL","2021-06-13","","12.625"
"LA ESTRELLA - HOSPITAL","2021-06-12","","17.70833333"
"LA ESTRELLA - HOSPITAL","2021-06-11","","18.125"
"LA ESTRELLA - HOSPITAL","2021-06-10","","19.16666667"
"LA ESTRELLA - HOSPITAL","2021-06-09","","12.95833333"
"LA ESTRELLA - HOSPITAL","2021-06-08","","17.33333333"
"LA ESTRELLA - HOSPITAL","2021-06-07","","11.0"
"LA ESTRELLA - HOSPITAL","2021-06-06","","10.25"
"LA ESTRELLA - HOSPITAL","2021-06-05","","16.41666667"
"LA ESTRELLA - HOSPITAL","2021-06-04","","12.375"
"LA ESTRELLA - HOSPITAL","2021-06-03","","14.95833333"
"LA ESTRELLA - HOSPITAL","2021-06-02","","17.79166667"
"LA ESTRELLA - HOSPITAL","2021-06-01","","13.95833333"
"LA ESTRELLA - HOSPITAL","2021-05-31","","16.7826087"
"LA ESTRELLA - HOSPITAL","2021-05-30","","16.0"
"LA ESTRELLA - HOSPITAL","2021-05-29","","14.125"
"LA ESTRELLA - HOSPITAL","2021-05-28","","16.79166667"
"LA ESTRELLA - HOSPITAL","2021-05-27","","24.54166667"
"LA ESTRELLA - HOSPITAL","2021-05-26","","13.91666667"
"LA ESTRELLA - HOSPITAL","2021-05-25","","12.0"
"LA ESTRELLA - HOSPITAL","2021-05-24","","12.45833333"
"LA ESTRELLA - HOSPITAL","2021-05-23","","10.16666667"
"LA ESTRELLA - HOSPITAL","2021-05-22","","15.625"
"LA ESTRELLA - HOSPITAL","2021-05-21","","18.29166667"
"LA ESTRELLA - HOSPITAL","2021-05-20","","12.08333333"
"LA ESTRELLA - HOSPITAL","2021-05-19","","16.22727273"
"LA ESTRELLA - HOSPITAL","2021-05-18","","12.25"
"LA ESTRELLA - HOSPITAL","2021-05-17","","10.57142857"
"LA ESTRELLA - HOSPITAL","2021-05-16","","10.25"
"LA ESTRELLA - HOSPITAL","2021-05-15","","15.58333333"
"LA ESTRELLA - HOSPITAL","2021-05-14","","15.95833333"
"LA ESTRELLA - HOSPITAL","2021-05-13","","13.70833333"
"LA ESTRELLA - HOSPITAL","2021-05-12","","13.16666667"
"LA ESTRELLA - HOSPITAL","2021-05-11","","11.91666667"
"LA ESTRELLA - HOSPITAL","2021-05-10","","15.25"
"LA ESTRELLA - HOSPITAL","2021-05-09","","11.45833333"
"LA ESTRELLA - HOSPITAL","2021-05-08","","12.375"
"LA ESTRELLA - HOSPITAL","2021-05-07","","17.41666667"
"LA ESTRELLA - HOSPITAL","2021-05-06","","17.0"
"LA ESTRELLA - HOSPITAL","2021-05-05","","16.45833333"
"LA ESTRELLA - HOSPITAL","2021-05-04","","15.625"
"LA ESTRELLA - HOSPITAL","2021-05-03","","10.375"
"LA ESTRELLA - HOSPITAL","2021-05-02","","9.75"
"LA ESTRELLA - HOSPITAL","2021-05-01","","8.33333333"
"LA ESTRELLA - HOSPITAL","2021-04-30","","14.0"
"LA ESTRELLA - HOSPITAL","2021-04-29","","11.625"
"LA ESTRELLA - HOSPITAL","2021-04-28","","11.66666667"
"LA ESTRELLA - HOSPITAL","2021-04-27","","20.66666667"
"LA ESTRELLA - HOSPITAL","2021-04-26","","24.5"
"LA ESTRELLA - HOSPITAL","2021-04-25","","19.70833333"
"LA ESTRELLA - HOSPITAL","2021-04-24","","21.29166667"
"LA ESTRELLA - HOSPITAL","2021-04-23","","19.375"
"LA ESTRELLA - HOSPITAL","2021-04-22","","26.08333333"
"LA ESTRELLA - HOSPITAL","2021-04-21","","19.70833333"
"LA ESTRELLA - HOSPITAL","2021-04-20","","15.875"
"LA ESTRELLA - HOSPITAL","2021-04-19","","12.22222222"
"LA ESTRELLA - HOSPITAL","2021-04-16","","13.27272727"
"LA ESTRELLA - HOSPITAL","2021-04-15","","20.33333333"
"LA ESTRELLA - HOSPITAL","2021-04-14","","16.75"
"LA ESTRELLA - HOSPITAL","2021-04-13","","14.0"
"LA ESTRELLA - HOSPITAL","2021-04-12","","12.45833333"
"LA ESTRELLA - HOSPITAL","2021-04-11","","13.25"
"LA ESTRELLA - HOSPITAL","2021-04-10","","15.875"
"LA ESTRELLA - HOSPITAL","2021-04-09","","14.60869565"
"LA ESTRELLA - HOSPITAL","2021-04-08","","16.83333333"
"LA ESTRELLA - HOSPITAL","2021-04-07","","15.0"
"LA ESTRELLA - HOSPITAL","2021-04-06","","13.26086957"
"LA ESTRELLA - HOSPITAL","2021-04-05","","11.20833333"
"LA ESTRELLA - HOSPITAL","2021-04-04","","11.95833333"
"LA ESTRELLA - HOSPITAL","2021-04-03","","13.625"
"LA ESTRELLA - HOSPITAL","2021-04-02","","13.45833333"
"LA ESTRELLA - HOSPITAL","2021-04-01","","13.16666667"
"LA ESTRELLA - HOSPITAL","2021-03-31","","15.33333333"
"LA ESTRELLA - HOSPITAL","2021-03-30","","11.125"
"LA ESTRELLA - HOSPITAL","2021-03-29","","14.58333333"
"LA ESTRELLA - HOSPITAL","2021-03-28","","12.58333333"
"LA ESTRELLA - HOSPITAL","2021-03-27","","15.15789474"
"LA ESTRELLA - HOSPITAL","2021-03-26","","20.04166667"
"LA ESTRELLA - HOSPITAL","2021-03-25","","21.5"
"LA ESTRELLA - HOSPITAL","2021-03-24","","19.41666667"
"LA ESTRELLA - HOSPITAL","2021-03-23","","16.29166667"
"LA ESTRELLA - HOSPITAL","2021-03-22","","8.875"
"LA ESTRELLA - HOSPITAL","2021-03-21","","17.5"
"LA ESTRELLA - HOSPITAL","2021-03-20","","11.125"
"LA ESTRELLA - HOSPITAL","2021-03-19","","12.375"
"LA ESTRELLA - HOSPITAL","2021-03-18","","13.27272727"
"LA ESTRELLA - HOSPITAL","2021-03-17","","14.25"
"LA ESTRELLA - HOSPITAL","2021-03-16","","16.625"
"LA ESTRELLA - HOSPITAL","2021-03-15","","20.41666667"
"LA ESTRELLA - HOSPITAL","2021-03-14","","21.41666667"
"LA ESTRELLA - HOSPITAL","2021-03-13","","19.25"
"LA ESTRELLA - HOSPITAL","2021-03-12","","18.70833333"
"LA ESTRELLA - HOSPITAL","2021-03-11","","11.75"
"LA ESTRELLA - HOSPITAL","2021-03-10","","15.41666667"
"LA ESTRELLA - HOSPITAL","2021-03-09","","18.45833333"
"LA ESTRELLA - HOSPITAL","2021-03-08","","16.45833333"
"LA ESTRELLA - HOSPITAL","2021-03-07","","31.33333333"
"LA ESTRELLA - HOSPITAL","2021-03-06","","41.875"
"LA ESTRELLA - HOSPITAL","2021-03-05","","27.16666667"
"LA ESTRELLA - HOSPITAL","2021-03-04","","32.125"
"LA ESTRELLA - HOSPITAL","2021-03-03","","20.95833333"
"LA ESTRELLA - HOSPITAL","2021-03-02","","16.70833333"
"LA ESTRELLA - HOSPITAL","2021-03-01","","20.125"
"LA ESTRELLA - HOSPITAL","2021-02-28","","14.36170213"
"LA ESTRELLA - HOSPITAL","2021-02-27","","14.25"
"LA ESTRELLA - HOSPITAL","2021-02-26","","18.41666667"
"LA ESTRELLA - HOSPITAL","2021-02-25","","20.91666667"
"LA ESTRELLA - HOSPITAL","2021-02-24","","19.875"
"LA ESTRELLA - HOSPITAL","2021-02-23","","22.47826087"
"LA ESTRELLA - HOSPITAL","2021-02-22","","19.41666667"
"LA ESTRELLA - HOSPITAL","2021-02-21","","11.875"
"LA ESTRELLA - HOSPITAL","2021-02-20","","10.83333333"
"LA ESTRELLA - HOSPITAL","2021-02-19","","16.29166667"
"LA ESTRELLA - HOSPITAL","2021-02-18","","15.0"
"LA ESTRELLA - HOSPITAL","2021-02-17","","21.83333333"
"LA ESTRELLA - HOSPITAL","2021-02-16","","21.91666667"
"LA ESTRELLA - HOSPITAL","2021-02-15","","21.79166667"
"LA ESTRELLA - HOSPITAL","2021-02-14","","19.08333333"
"LA ESTRELLA - HOSPITAL","2021-02-13","","19.95833333"
"LA ESTRELLA - HOSPITAL","2021-02-12","","15.45833333"
"LA ESTRELLA - HOSPITAL","2021-02-11","","17.95833333"
"LA ESTRELLA - HOSPITAL","2021-02-10","","15.16666667"
"LA ESTRELLA - HOSPITAL","2021-02-09","","18.33333333"
"LA ESTRELLA - HOSPITAL","2021-02-08","","18.75"
"LA ESTRELLA - HOSPITAL","2021-02-07","","15.41666667"
"LA ESTRELLA - HOSPITAL","2021-02-06","","17.33333333"
"LA ESTRELLA - HOSPITAL","2021-02-05","","17.79166667"
"LA ESTRELLA - HOSPITAL","2021-02-04","","16.91666667"
"LA ESTRELLA - HOSPITAL","2021-02-03","","15.5"
"LA ESTRELLA - HOSPITAL","2021-02-02","","13.625"
"LA ESTRELLA - HOSPITAL","2021-02-01","","16.0"
"LA ESTRELLA - HOSPITAL","2021-01-31","","16.625"
"LA ESTRELLA - HOSPITAL","2021-01-30","","21.20833333"
"LA ESTRELLA - HOSPITAL","2021-01-29","","19.79166667"
"LA ESTRELLA - HOSPITAL","2021-01-28","","21.29166667"
"LA ESTRELLA - HOSPITAL","2021-01-27","","20.45833333"
"LA ESTRELLA - HOSPITAL","2021-01-26","","15.95454545"
"LA ESTRELLA - HOSPITAL","2021-01-25","","17.125"
"LA ESTRELLA - HOSPITAL","2021-01-24","","15.59090909"
"LA ESTRELLA - HOSPITAL","2021-01-23","","21.43478261"
"LA ESTRELLA - HOSPITAL","2021-01-22","","22.34782609"
"LA ESTRELLA - HOSPITAL","2021-01-21","","19.95652174"
"LA ESTRELLA - HOSPITAL","2021-01-20","","16.20833333"
"LA ESTRELLA - HOSPITAL","2021-01-19","","13.75"
"LA ESTRELLA - HOSPITAL","2021-01-18","","15.95833333"
"LA ESTRELLA - HOSPITAL","2021-01-17","","12.91666667"
"LA ESTRELLA - HOSPITAL","2021-01-16","","13.20833333"
"LA ESTRELLA - HOSPITAL","2021-01-15","","16.08333333"
"LA ESTRELLA - HOSPITAL","2021-01-14","","15.29166667"
"LA ESTRELLA - HOSPITAL","2021-01-13","","11.66666667"
"LA ESTRELLA - HOSPITAL","2021-01-12","","12.66666667"
"LA ESTRELLA - HOSPITAL","2021-01-11","","5.10416667"
"LA ESTRELLA - HOSPITAL","2021-01-10","","6.33333333"
"LA ESTRELLA - HOSPITAL","2021-01-09","","12.66666667"
"LA ESTRELLA - HOSPITAL","2021-01-08","","14.625"
"LA ESTRELLA - HOSPITAL","2021-01-07","","20.125"
"LA ESTRELLA - HOSPITAL","2021-01-06","","14.41666667"
"LA ESTRELLA - HOSPITAL","2021-01-05","","14.875"
"LA ESTRELLA - HOSPITAL","2021-01-04","","11.875"
"LA ESTRELLA - HOSPITAL","2021-01-03","","10.54166667"
"LA ESTRELLA - HOSPITAL","2021-01-02","","11.58333333"
"LA ESTRELLA - HOSPITAL","2021-01-01","","19.29166667"
"LA ESTRELLA - HOSPITAL","2020-12-31","","17.29166667"
"LA ESTRELLA - HOSPITAL","2020-12-30","","16.16666667"
"LA ESTRELLA - HOSPITAL","2020-12-29","","12.45833333"
"LA ESTRELLA - HOSPITAL","2020-12-28","","12.33333333"
"LA ESTRELLA - HOSPITAL","2020-12-27","","8.02083333"
"LA ESTRELLA - HOSPITAL","2020-12-26","","7.20833333"
"LA ESTRELLA - HOSPITAL","2020-12-25","","6.625"
"LA ESTRELLA - HOSPITAL","2020-12-24","","19.16666667"
"LA ESTRELLA - HOSPITAL","2020-12-23","","16.25"
"LA ESTRELLA - HOSPITAL","2020-12-22","","14.47826087"
"LA ESTRELLA - HOSPITAL","2020-12-21","","13.95833333"
"LA ESTRELLA - HOSPITAL","2020-12-20","","15.5"
"LA ESTRELLA - HOSPITAL","2020-12-19","","15.25"
"LA ESTRELLA - HOSPITAL","2020-12-18","","18.875"
"LA ESTRELLA - HOSPITAL","2020-12-17","","13.75"
"LA ESTRELLA - HOSPITAL","2020-12-16","","18.27272727"
"LA ESTRELLA - HOSPITAL","2020-12-15","","15.875"
"LA ESTRELLA - HOSPITAL","2020-12-14","","14.33333333"
"LA ESTRELLA - HOSPITAL","2020-12-13","","11.41666667"
"LA ESTRELLA - HOSPITAL","2020-12-12","","14.08333333"
"LA ESTRELLA - HOSPITAL","2020-12-11","","13.29166667"
"LA ESTRELLA - HOSPITAL","2020-12-10","","11.66666667"
"LA ESTRELLA - HOSPITAL","2020-12-09","","14.33333333"
"LA ESTRELLA - HOSPITAL","2020-12-08","","12.04166667"
"LA ESTRELLA - HOSPITAL","2020-12-07","","15.79166667"
"LA ESTRELLA - HOSPITAL","2020-12-06","","9.625"
"LA ESTRELLA - HOSPITAL","2020-12-05","","13.125"
"LA ESTRELLA - HOSPITAL","2020-12-04","","13.33333333"
"LA ESTRELLA - HOSPITAL","2020-12-03","","9.36363636"
"LA ESTRELLA - HOSPITAL","2020-12-02","","10.91666667"
"LA ESTRELLA - HOSPITAL","2020-12-01","","19.91666667"
"LA ESTRELLA - HOSPITAL","2020-11-30","","10.29166667"
"LA ESTRELLA - HOSPITAL","2020-11-29","","15.33333333"
"LA ESTRELLA - HOSPITAL","2020-11-28","","8.36363636"
"LA ESTRELLA - HOSPITAL","2020-11-27","","13.08333333"
"LA ESTRELLA - HOSPITAL","2020-11-26","","11.79166667"
"LA ESTRELLA - HOSPITAL","2020-11-25","","11.29166667"
"LA ESTRELLA - HOSPITAL","2020-11-24","","11.59090909"
"LA ESTRELLA - HOSPITAL","2020-11-23","","12.125"
"LA ESTRELLA - HOSPITAL","2020-11-22","","10.25"
"LA ESTRELLA - HOSPITAL","2020-11-21","","6.54166667"
"LA ESTRELLA - HOSPITAL","2020-11-20","","11.66666667"
"LA ESTRELLA - HOSPITAL","2020-11-19","","9.20833333"
"LA ESTRELLA - HOSPITAL","2020-11-18","","13.95833333"
"LA ESTRELLA - HOSPITAL","2020-11-17","","13.33333333"
"LA ESTRELLA - HOSPITAL","2020-11-16","","9.25"
"LA ESTRELLA - HOSPITAL","2020-11-15","","4.10526316"
"LA ESTRELLA - HOSPITAL","2020-11-13","","4.23809524"
"LA ESTRELLA - HOSPITAL","2020-11-12","","13.33333333"
"LA ESTRELLA - HOSPITAL","2020-11-11","","13.5"
"LA ESTRELLA - HOSPITAL","2020-11-10","","11.86363636"
"LA ESTRELLA - HOSPITAL","2020-11-09","","21.625"
"LA ESTRELLA - HOSPITAL","2020-11-08","","18.66666667"
"LA ESTRELLA - HOSPITAL","2020-11-07","","20.0"
"LA ESTRELLA - HOSPITAL","2020-11-06","","11.91666667"
"LA ESTRELLA - HOSPITAL","2020-11-05","","9.85714286"
"LA ESTRELLA - HOSPITAL","2020-11-04","","17.04166667"
"LA ESTRELLA - HOSPITAL","2020-11-03","","14.58333333"
"LA ESTRELLA - HOSPITAL","2020-11-02","","7.58333333"
"LA ESTRELLA - HOSPITAL","2020-11-01","","6.75"
"LA ESTRELLA - HOSPITAL","2020-10-31","","11.58333333"
"LA ESTRELLA - HOSPITAL","2020-10-30","","13.91666667"
"LA ESTRELLA - HOSPITAL","2020-10-29","","14.875"
"LA ESTRELLA - HOSPITAL","2020-10-28","","13.0"
"LA ESTRELLA - HOSPITAL","2020-10-27","","15.04166667"
"LA ESTRELLA - HOSPITAL","2020-10-26","","20.83333333"
"LA ESTRELLA - HOSPITAL","2020-10-25","","13.54166667"
"LA ESTRELLA - HOSPITAL","2020-10-24","","21.33333333"
"LA ESTRELLA - HOSPITAL","2020-10-23","","14.70833333"
"LA ESTRELLA - HOSPITAL","2020-10-22","","18.25"
"LA ESTRELLA - HOSPITAL","2020-10-21","","17.54166667"
"LA ESTRELLA - HOSPITAL","2020-10-20","","14.79166667"
"LA ESTRELLA - HOSPITAL","2020-10-19","","15.04166667"
"LA ESTRELLA - HOSPITAL","2020-10-18","","16.95833333"
"LA ESTRELLA - HOSPITAL","2020-10-17","","16.20833333"
"LA ESTRELLA - HOSPITAL","2020-10-16","","15.70833333"
"LA ESTRELLA - HOSPITAL","2020-10-15","","17.33333333"
"LA ESTRELLA - HOSPITAL","2020-10-14","","18.45454545"
"LA ESTRELLA - HOSPITAL","2020-10-13","","12.58333333"
"LA ESTRELLA - HOSPITAL","2020-10-12","","15.75"
"LA ESTRELLA - HOSPITAL","2020-10-11","","13.41666667"
"LA ESTRELLA - HOSPITAL","2020-10-10","","12.58333333"
"LA ESTRELLA - HOSPITAL","2020-10-09","","15.79166667"
"LA ESTRELLA - HOSPITAL","2020-10-08","","15.5"
"LA ESTRELLA - HOSPITAL","2020-10-07","","18.79166667"
"LA ESTRELLA - HOSPITAL","2020-10-06","","22.625"
"LA ESTRELLA - HOSPITAL","2020-10-05","","13.23809524"
"LA ESTRELLA - HOSPITAL","2020-10-04","","10.20833333"
"LA ESTRELLA - HOSPITAL","2020-10-03","","25.0"
"LA ESTRELLA - HOSPITAL","2020-10-02","","14.0625"
"LA ESTRELLA - HOSPITAL","2020-10-01","","14.25"
"LA ESTRELLA - HOSPITAL","2020-09-30","","16.04166667"
"LA ESTRELLA - HOSPITAL","2020-09-29","","16.0"
"LA ESTRELLA - HOSPITAL","2020-09-28","","12.54166667"
"LA ESTRELLA - HOSPITAL","2020-09-27","","8.83333333"
"LA ESTRELLA - HOSPITAL","2020-09-26","","14.41666667"
"LA ESTRELLA - HOSPITAL","2020-09-25","","14.375"
"LA ESTRELLA - HOSPITAL","2020-09-24","","11.125"
"LA ESTRELLA - HOSPITAL","2020-09-23","","14.54166667"
"LA ESTRELLA - HOSPITAL","2020-09-22","","18.58333333"
"LA ESTRELLA - HOSPITAL","2020-09-21","","19.75"
"LA ESTRELLA - HOSPITAL","2020-09-20","","15.33333333"
"LA ESTRELLA - HOSPITAL","2020-09-19","","20.91666667"
"LA ESTRELLA - HOSPITAL","2020-09-18","","22.375"
"LA ESTRELLA - HOSPITAL","2020-09-17","","19.73913043"
"LA ESTRELLA - HOSPITAL","2020-09-16","","13.13043478"
"LA ESTRELLA - HOSPITAL","2020-09-15","","19.20833333"
"LA ESTRELLA - HOSPITAL","2020-09-14","","15.0"
"LA ESTRELLA - HOSPITAL","2020-09-13","","12.875"
"LA ESTRELLA - HOSPITAL","2020-09-12","","12.08333333"
"LA ESTRELLA - HOSPITAL","2020-09-11","","15.91666667"
"LA ESTRELLA - HOSPITAL","2020-09-10","","17.70833333"
"LA ESTRELLA - HOSPITAL","2020-09-09","","14.75"
"LA ESTRELLA - HOSPITAL","2020-09-08","","12.33333333"
"LA ESTRELLA - HOSPITAL","2020-09-07","","12.91666667"
"LA ESTRELLA - HOSPITAL","2020-09-06","","7.04166667"
"LA ESTRELLA - HOSPITAL","2020-09-05","","10.91666667"
"LA ESTRELLA - HOSPITAL","2020-09-04","","23.875"
"LA ESTRELLA - HOSPITAL","2020-09-03","","20.16666667"
"LA ESTRELLA - HOSPITAL","2020-09-02","","13.125"
"LA ESTRELLA - HOSPITAL","2020-09-01","","19.45833333"
"LA ESTRELLA - HOSPITAL","2020-08-31","","16.91666667"
"LA ESTRELLA - HOSPITAL","2020-08-30","","7.66666667"
"LA ESTRELLA - HOSPITAL","2020-08-29","","14.5"
"LA ESTRELLA - HOSPITAL","2020-08-28","","12.91666667"
"LA ESTRELLA - HOSPITAL","2020-08-27","","14.91666667"
"LA ESTRELLA - HOSPITAL","2020-08-26","","15.91304348"
"LA ESTRELLA - HOSPITAL","2020-08-25","","16.20833333"
"LA ESTRELLA - HOSPITAL","2020-08-24","","14.66666667"
"LA ESTRELLA - HOSPITAL","2020-08-23","","12.875"
"LA ESTRELLA - HOSPITAL","2020-08-22","","11.20833333"
"LA ESTRELLA - HOSPITAL","2020-08-21","","13.0"
"LA ESTRELLA - HOSPITAL","2020-08-20","","10.16666667"
"LA ESTRELLA - HOSPITAL","2020-08-19","","10.45833333"
"LA ESTRELLA - HOSPITAL","2020-08-18","","13.81818182"
"LA ESTRELLA - HOSPITAL","2020-08-17","","9.20833333"
"LA ESTRELLA - HOSPITAL","2020-08-16","","11.125"
"LA ESTRELLA - HOSPITAL","2020-08-15","","12.125"
"LA ESTRELLA - HOSPITAL","2020-08-14","","11.875"
"LA ESTRELLA - HOSPITAL","2020-08-13","","13.66666667"
"LA ESTRELLA - HOSPITAL","2020-08-12","","11.75"
"LA ESTRELLA - HOSPITAL","2020-08-11","","22.20833333"
"LA ESTRELLA - HOSPITAL","2020-08-10","","19.45833333"
"LA ESTRELLA - HOSPITAL","2020-08-09","","13.41666667"
"LA ESTRELLA - HOSPITAL","2020-08-08","","12.58333333"
"LA ESTRELLA - HOSPITAL","2020-08-07","","15.54166667"
"LA ESTRELLA - HOSPITAL","2020-08-06","","28.625"
"LA ESTRELLA - HOSPITAL","2020-08-05","","20.70833333"
"LA ESTRELLA - HOSPITAL","2020-08-04","","19.25"
"LA ESTRELLA - HOSPITAL","2020-08-03","","18.5"
"LA ESTRELLA - HOSPITAL","2020-08-02","","11.29166667"
"LA ESTRELLA - HOSPITAL","2020-08-01","","14.33333333"
"LA ESTRELLA - HOSPITAL","2020-07-31","","16.5"
"LA ESTRELLA - HOSPITAL","2020-07-30","","13.79166667"
"LA ESTRELLA - HOSPITAL","2020-07-29","","10.79166667"
"LA ESTRELLA - HOSPITAL","2020-07-28","","9.875"
"LA ESTRELLA - HOSPITAL","2020-07-27","","11.52173913"
"LA ESTRELLA - HOSPITAL","2020-07-26","","11.14285714"
"LA ESTRELLA - HOSPITAL","2020-07-25","","11.91666667"
"LA ESTRELLA - HOSPITAL","2020-07-24","","8.91666667"
"LA ESTRELLA - HOSPITAL","2020-07-23","","14.04166667"
"LA ESTRELLA - HOSPITAL","2020-07-22","","14.66666667"
"LA ESTRELLA - HOSPITAL","2020-07-21","","13.95238095"
"LA ESTRELLA - HOSPITAL","2020-07-20","","11.29166667"
"LA ESTRELLA - HOSPITAL","2020-07-19","","9.29166667"
"LA ESTRELLA - HOSPITAL","2020-07-18","","9.875"
"LA ESTRELLA - HOSPITAL","2020-07-17","","13.20833333"
"LA ESTRELLA - HOSPITAL","2020-07-16","","12.33333333"
"LA ESTRELLA - HOSPITAL","2020-07-15","","12.625"
"LA ESTRELLA - HOSPITAL","2020-07-14","","9.73913043"
"LA ESTRELLA - HOSPITAL","2020-07-13","","12.41666667"
"LA ESTRELLA - HOSPITAL","2020-07-12","","12.625"
"LA ESTRELLA - HOSPITAL","2020-07-11","","8.97916667"
"LA ESTRELLA - HOSPITAL","2020-07-10","","15.75"
"LA ESTRELLA - HOSPITAL","2020-07-09","","10.54166667"
"LA ESTRELLA - HOSPITAL","2020-07-08","","12.66666667"
"LA ESTRELLA - HOSPITAL","2020-07-07","","17.41666667"
"LA ESTRELLA - HOSPITAL","2020-07-06","","17.54166667"
"LA ESTRELLA - HOSPITAL","2020-07-05","","11.70833333"
"LA ESTRELLA - HOSPITAL","2020-07-04","","11.29166667"
"LA ESTRELLA - HOSPITAL","2020-07-03","","13.04166667"
"LA ESTRELLA - HOSPITAL","2020-07-02","","9.33333333"
"LA ESTRELLA - HOSPITAL","2020-07-01","","11.125"
"LA ESTRELLA - HOSPITAL","2020-06-30","","13.0"
"LA ESTRELLA - HOSPITAL","2020-06-29","","10.08333333"
"LA ESTRELLA - HOSPITAL","2020-06-28","","11.14583333"
"LA ESTRELLA - HOSPITAL","2020-06-27","","17.16666667"
"LA ESTRELLA - HOSPITAL","2020-06-26","","14.95833333"
"LA ESTRELLA - HOSPITAL","2020-06-25","","28.75"
"LA ESTRELLA - HOSPITAL","2020-06-24","","25.43478261"
"LA ESTRELLA - HOSPITAL","2020-06-23","","12.79166667"
"LA ESTRELLA - HOSPITAL","2020-06-22","","8.875"
"LA ESTRELLA - HOSPITAL","2020-06-21","","8.52380952"
"LA ESTRELLA - HOSPITAL","2020-06-20","","14.625"
"LA ESTRELLA - HOSPITAL","2020-06-19","","16.0"
"LA ESTRELLA - HOSPITAL","2020-06-18","","15.83333333"
"LA ESTRELLA - HOSPITAL","2020-06-17","","19.95833333"
"LA ESTRELLA - HOSPITAL","2020-06-16","","13.75"
"LA ESTRELLA - HOSPITAL","2020-06-15","","10.91666667"
"LA ESTRELLA - HOSPITAL","2020-06-14","","9.0"
"LA ESTRELLA - HOSPITAL","2020-06-13","","13.11111111"
"LA ESTRELLA - HOSPITAL","2020-06-12","","19.29166667"
"LA ESTRELLA - HOSPITAL","2020-06-11","","18.41666667"
"LA ESTRELLA - HOSPITAL","2020-06-10","","17.04166667"
"LA ESTRELLA - HOSPITAL","2020-06-09","","14.54166667"
"LA ESTRELLA - HOSPITAL","2020-06-08","","11.375"
"LA ESTRELLA - HOSPITAL","2020-06-07","","10.29166667"
"LA ESTRELLA - HOSPITAL","2020-06-06","","19.45833333"
"LA ESTRELLA - HOSPITAL","2020-06-05","","17.36363636"
"LA ESTRELLA - HOSPITAL","2020-06-04","","14.29166667"
"LA ESTRELLA - HOSPITAL","2020-06-03","","21.95833333"
"LA ESTRELLA - HOSPITAL","2020-06-02","","19.5"
"LA ESTRELLA - HOSPITAL","2020-06-01","","13.125"
"LA ESTRELLA - HOSPITAL","2020-05-31","","11.45833333"
"LA ESTRELLA - HOSPITAL","2020-05-30","","19.08333333"
"LA ESTRELLA - HOSPITAL","2020-05-29","","14.58333333"
"LA ESTRELLA - HOSPITAL","2020-05-28","","15.41666667"
"LA ESTRELLA - HOSPITAL","2020-05-27","","14.95833333"
"LA ESTRELLA - HOSPITAL","2020-05-26","","10.66666667"
"LA ESTRELLA - HOSPITAL","2020-05-25","","11.45833333"
"LA ESTRELLA - HOSPITAL","2020-05-24","","14.70833333"
"LA ESTRELLA - HOSPITAL","2020-05-23","","19.875"
"LA ESTRELLA - HOSPITAL","2020-05-22","","19.16666667"
"LA ESTRELLA - HOSPITAL","2020-05-21","","13.69565217"
"LA ESTRELLA - HOSPITAL","2020-05-20","","21.20833333"
"LA ESTRELLA - HOSPITAL","2020-05-19","","20.16666667"
"LA ESTRELLA - HOSPITAL","2020-05-18","","11.58333333"
"LA ESTRELLA - HOSPITAL","2020-05-17","","12.79166667"
"LA ESTRELLA - HOSPITAL","2020-05-16","","14.04166667"
"LA ESTRELLA - HOSPITAL","2020-05-15","","20.375"
"LA ESTRELLA - HOSPITAL","2020-05-14","","18.66666667"
"LA ESTRELLA - HOSPITAL","2020-05-13","","15.5"
"LA ESTRELLA - HOSPITAL","2020-05-12","","19.75"
"LA ESTRELLA - HOSPITAL","2020-05-11","","15.33333333"
"LA ESTRELLA - HOSPITAL","2020-05-10","","11.625"
"LA ESTRELLA - HOSPITAL","2020-05-09","","11.25"
"LA ESTRELLA - HOSPITAL","2020-05-08","","12.70833333"
"LA ESTRELLA - HOSPITAL","2020-05-07","","13.45833333"
"LA ESTRELLA - HOSPITAL","2020-05-06","","14.33333333"
"LA ESTRELLA - HOSPITAL","2020-05-05","","15.08333333"
"LA ESTRELLA - HOSPITAL","2020-05-04","","15.04166667"
"LA ESTRELLA - HOSPITAL","2020-05-03","","13.41666667"
"LA ESTRELLA - HOSPITAL","2020-05-02","","12.70833333"
"LA ESTRELLA - HOSPITAL","2020-05-01","","18.79166667"
"LA ESTRELLA - HOSPITAL","2020-04-30","","20.0"
"LA ESTRELLA - HOSPITAL","2020-04-29","","21.91666667"
"LA ESTRELLA - HOSPITAL","2020-04-28","","19.95833333"
"LA ESTRELLA - HOSPITAL","2020-04-27","","20.95833333"
"LA ESTRELLA - HOSPITAL","2020-04-26","","19.75"
"LA ESTRELLA - HOSPITAL","2020-04-25","","19.70833333"
"LA ESTRELLA - HOSPITAL","2020-04-24","","16.875"
"LA ESTRELLA - HOSPITAL","2020-04-23","","13.41666667"
"LA ESTRELLA - HOSPITAL","2020-04-22","","16.91304348"
"LA ESTRELLA - HOSPITAL","2020-04-21","","15.66666667"
"LA ESTRELLA - HOSPITAL","2020-04-20","","17.83333333"
"LA ESTRELLA - HOSPITAL","2020-04-19","","16.95833333"
"LA ESTRELLA - HOSPITAL","2020-04-18","","32.75"
"LA ESTRELLA - HOSPITAL","2020-04-17","","36.79166667"
"LA ESTRELLA - HOSPITAL","2020-04-16","","30.43478261"
"LA ESTRELLA - HOSPITAL","2020-04-14","","14.75"
"LA ESTRELLA - HOSPITAL","2020-04-13","","11.125"
"LA ESTRELLA - HOSPITAL","2020-04-12","","11.375"
"LA ESTRELLA - HOSPITAL","2020-04-11","","10.20833333"
"LA ESTRELLA - HOSPITAL","2020-04-10","","12.79166667"
"LA ESTRELLA - HOSPITAL","2020-04-09","","12.75"
"LA ESTRELLA - HOSPITAL","2020-04-08","","13.375"
"LA ESTRELLA - HOSPITAL","2020-04-07","","11.70833333"
"LA ESTRELLA - HOSPITAL","2020-04-06","","13.79166667"
"LA ESTRELLA - HOSPITAL","2020-04-05","","15.66666667"
"LA ESTRELLA - HOSPITAL","2020-04-03","","18.70833333"
"LA ESTRELLA - HOSPITAL","2020-04-02","","12.66666667"
"LA ESTRELLA - HOSPITAL","2020-04-01","","12.08333333"
"LA ESTRELLA - HOSPITAL","2020-03-31","","24.70833333"
"LA ESTRELLA - HOSPITAL","2020-03-30","","50.75"
"LA ESTRELLA - HOSPITAL","2020-03-29","","45.45833333"
"LA ESTRELLA - HOSPITAL","2020-03-28","","44.75"
"LA ESTRELLA - HOSPITAL","2020-03-27","","47.73913043"
"LA ESTRELLA - HOSPITAL","2020-03-26","","49.16666667"
"LA ESTRELLA - HOSPITAL","2020-03-25","","46.33333333"
"LA ESTRELLA - HOSPITAL","2020-03-24","","54.0"
"LA ESTRELLA - HOSPITAL","2020-03-23","","37.625"
"LA ESTRELLA - HOSPITAL","2020-03-22","","32.08333333"
"LA ESTRELLA - HOSPITAL","2020-03-21","","24.83333333"
"LA ESTRELLA - HOSPITAL","2020-03-20","","48.625"
"LA ESTRELLA - HOSPITAL","2020-03-19","","64.08333333"
"LA ESTRELLA - HOSPITAL","2020-03-18","","56.08695652"
"LA ESTRELLA - HOSPITAL","2020-03-17","","60.18181818"
"LA ESTRELLA - HOSPITAL","2020-03-16","","43.72727273"
"LA ESTRELLA - HOSPITAL","2020-03-15","","39.04166667"
"LA ESTRELLA - HOSPITAL","2020-03-14","","41.58333333"
"LA ESTRELLA - HOSPITAL","2020-03-13","","36.20833333"
"LA ESTRELLA - HOSPITAL","2020-03-12","","46.25"
"LA ESTRELLA - HOSPITAL","2020-03-11","","35.70833333"
"LA ESTRELLA - HOSPITAL","2020-03-10","","37.04166667"
"LA ESTRELLA - HOSPITAL","2020-03-09","","45.33333333"
"LA ESTRELLA - HOSPITAL","2020-03-08","","45.0"
"LA ESTRELLA - HOSPITAL","2020-03-07","","53.58333333"
"LA ESTRELLA - HOSPITAL","2020-03-06","","46.08333333"
"LA ESTRELLA - HOSPITAL","2020-03-05","","27.70833333"
"LA ESTRELLA - HOSPITAL","2020-03-04","","33.16666667"
"LA ESTRELLA - HOSPITAL","2020-03-03","","31.29166667"
"LA ESTRELLA - HOSPITAL","2020-03-02","","27.70833333"
"LA ESTRELLA - HOSPITAL","2020-03-01","","32.91666667"
"LA ESTRELLA - HOSPITAL","2020-02-29","","34.875"
"LA ESTRELLA - HOSPITAL","2020-02-28","","25.0"
"LA ESTRELLA - HOSPITAL","2020-02-27","","31.65217391"
"LA ESTRELLA - HOSPITAL","2020-02-26","","21.45833333"
"LA ESTRELLA - HOSPITAL","2020-02-25","","23.79166667"
"LA ESTRELLA - HOSPITAL","2020-02-24","","25.41666667"
"LA ESTRELLA - HOSPITAL","2020-02-23","","23.29166667"
"LA ESTRELLA - HOSPITAL","2020-02-22","","21.125"
"LA ESTRELLA - HOSPITAL","2020-02-21","","29.29166667"
"LA ESTRELLA - HOSPITAL","2020-02-20","","23.91666667"
"LA ESTRELLA - HOSPITAL","2020-02-19","","20.04166667"
"LA ESTRELLA - HOSPITAL","2020-02-18","","17.04166667"
"LA ESTRELLA - HOSPITAL","2020-02-16","","16.70833333"
"LA ESTRELLA - HOSPITAL","2020-02-15","","20.79166667"
"LA ESTRELLA - HOSPITAL","2020-02-14","","32.45833333"
"LA ESTRELLA - HOSPITAL","2020-02-13","","28.83333333"
"LA ESTRELLA - HOSPITAL","2020-02-12","","25.375"
"LA ESTRELLA - HOSPITAL","2020-02-11","","22.5"
"LA ESTRELLA - HOSPITAL","2020-02-10","","28.41666667"
"LA ESTRELLA - HOSPITAL","2020-02-09","","29.66666667"
"LA ESTRELLA - HOSPITAL","2020-02-08","","32.75"
"LA ESTRELLA - HOSPITAL","2020-02-07","","29.25"
"LA ESTRELLA - HOSPITAL","2020-02-06","","22.83333333"
"LA ESTRELLA - HOSPITAL","2020-02-05","","18.95833333"
"LA ESTRELLA - HOSPITAL","2020-02-04","","15.08333333"
"LA ESTRELLA - HOSPITAL","2020-02-03","","14.0"
"LA ESTRELLA - HOSPITAL","2020-02-02","","13.16666667"
"LA ESTRELLA - HOSPITAL","2020-02-01","","19.54166667"
"LA ESTRELLA - HOSPITAL","2020-01-31","","21.29166667"
"LA ESTRELLA - HOSPITAL","2020-01-30","","20.70833333"
"LA ESTRELLA - HOSPITAL","2020-01-29","","17.5"
"LA ESTRELLA - HOSPITAL","2020-01-28","","15.73913043"
"LA ESTRELLA - HOSPITAL","2020-01-27","","15.875"
"LA ESTRELLA - HOSPITAL","2020-01-26","","9.75"
"LA ESTRELLA - HOSPITAL","2020-01-25","","11.60869565"
"LA ESTRELLA - HOSPITAL","2020-01-24","","15.20833333"
"LA ESTRELLA - HOSPITAL","2020-01-23","","12.43478261"
"LA ESTRELLA - HOSPITAL","2020-01-22","","4.66666667"
"LA ESTRELLA - HOSPITAL","2020-01-21","","18.29166667"
"LA ESTRELLA - HOSPITAL","2020-01-20","","17.625"
"LA ESTRELLA - HOSPITAL","2020-01-19","","8.83333333"
"LA ESTRELLA - HOSPITAL","2020-01-18","","6.20833333"
"LA ESTRELLA - HOSPITAL","2020-01-17","","9.79166667"
"LA ESTRELLA - HOSPITAL","2020-01-16","","10.58333333"
"LA ESTRELLA - HOSPITAL","2020-01-15","","19.125"
"LA ESTRELLA - HOSPITAL","2020-01-14","","11.95833333"
"LA ESTRELLA - HOSPITAL","2020-01-13","","13.83333333"
"LA ESTRELLA - HOSPITAL","2020-01-11","","14.0"
"LA ESTRELLA - HOSPITAL","2020-01-10","","13.70833333"
"LA ESTRELLA - HOSPITAL","2020-01-09","","14.58333333"
"LA ESTRELLA - HOSPITAL","2020-01-08","","12.20833333"
"LA ESTRELLA - HOSPITAL","2020-01-07","","13.04166667"
"LA ESTRELLA - HOSPITAL","2020-01-06","","12.91666667"
"LA ESTRELLA - HOSPITAL","2020-01-05","","13.58333333"
"LA ESTRELLA - HOSPITAL","2020-01-04","","13.41666667"
"LA ESTRELLA - HOSPITAL","2020-01-03","","12.33333333"
"LA ESTRELLA - HOSPITAL","2020-01-02","","8.75"
"LA ESTRELLA - HOSPITAL","2020-01-01","","12.83333333"
"LA ESTRELLA - HOSPITAL","2019-12-31","","5.7826087"
"LA ESTRELLA - HOSPITAL","2019-12-30","","18.16666667"
"LA ESTRELLA - HOSPITAL","2019-12-29","","11.20833333"
"LA ESTRELLA - HOSPITAL","2019-12-28","","13.25"
"LA ESTRELLA - HOSPITAL","2019-12-27","","11.83333333"
"LA ESTRELLA - HOSPITAL","2019-12-26","","7.29166667"
"LA ESTRELLA - HOSPITAL","2019-12-25","","14.79166667"
"LA ESTRELLA - HOSPITAL","2019-12-24","","13.45833333"
"LA ESTRELLA - HOSPITAL","2019-12-23","","10.66666667"
"LA ESTRELLA - HOSPITAL","2019-12-22","","12.70833333"
"LA ESTRELLA - HOSPITAL","2019-12-21","","11.91666667"
"LA ESTRELLA - HOSPITAL","2019-12-20","","12.79166667"
"LA ESTRELLA - HOSPITAL","2019-12-19","","14.79166667"
"LA ESTRELLA - HOSPITAL","2019-12-18","","19.04347826"
"LA ESTRELLA - HOSPITAL","2019-12-17","","22.45833333"
"LA ESTRELLA - HOSPITAL","2019-12-16","","18.08333333"
"LA ESTRELLA - HOSPITAL","2019-12-15","","11.875"
"LA ESTRELLA - HOSPITAL","2019-12-14","","12.79166667"
"LA ESTRELLA - HOSPITAL","2019-12-13","","13.16666667"
"LA ESTRELLA - HOSPITAL","2019-12-12","","16.16666667"
"LA ESTRELLA - HOSPITAL","2019-12-11","","17.41666667"
"LA ESTRELLA - HOSPITAL","2019-12-10","","15.70833333"
"LA ESTRELLA - HOSPITAL","2019-12-09","","14.66666667"
"LA ESTRELLA - HOSPITAL","2019-12-08","","12.79166667"
"LA ESTRELLA - HOSPITAL","2019-12-07","","17.125"
"LA ESTRELLA - HOSPITAL","2019-12-06","","15.25"
"LA ESTRELLA - HOSPITAL","2019-12-05","","18.375"
"LA ESTRELLA - HOSPITAL","2019-12-04","","19.54166667"
"LA ESTRELLA - HOSPITAL","2019-12-03","","21.79166667"
"LA ESTRELLA - HOSPITAL","2019-12-02","","15.375"
"LA ESTRELLA - HOSPITAL","2019-12-01","","17.08333333"
"LA ESTRELLA - HOSPITAL","2019-11-30","","16.54166667"
"LA ESTRELLA - HOSPITAL","2019-11-29","","14.0"
"LA ESTRELLA - HOSPITAL","2019-11-28","","13.29166667"
"LA ESTRELLA - HOSPITAL","2019-11-27","","10.83333333"
"LA ESTRELLA - HOSPITAL","2019-11-26","","14.125"
"LA ESTRELLA - HOSPITAL","2019-11-25","","16.875"
"LA ESTRELLA - HOSPITAL","2019-11-24","","13.91666667"
"LA ESTRELLA - HOSPITAL","2019-11-23","","18.58333333"
"LA ESTRELLA - HOSPITAL","2019-11-22","","16.2173913"
"LA ESTRELLA - HOSPITAL","2019-11-21","","15.25"
"LA ESTRELLA - HOSPITAL","2019-11-20","","21.45833333"
"LA ESTRELLA - HOSPITAL","2019-11-19","","14.36363636"
"LA ESTRELLA - HOSPITAL","2019-11-18","","10.41666667"
"LA ESTRELLA - HOSPITAL","2019-11-17","","12.375"
"LA ESTRELLA - HOSPITAL","2019-11-15","","18.68181818"
"LA ESTRELLA - HOSPITAL","2019-11-14","","17.83333333"
"LA ESTRELLA - HOSPITAL","2019-11-13","","15.08333333"
"LA ESTRELLA - HOSPITAL","2019-11-12","","7.08333333"
"LA ESTRELLA - HOSPITAL","2019-11-11","","8.95833333"
"LA ESTRELLA - HOSPITAL","2019-11-10","","17.04166667"
"LA ESTRELLA - HOSPITAL","2019-11-09","","12.45833333"
"LA ESTRELLA - HOSPITAL","2019-11-08","","15.04166667"
"LA ESTRELLA - HOSPITAL","2019-11-07","","15.33333333"
"LA ESTRELLA - HOSPITAL","2019-11-06","","15.95833333"
"LA ESTRELLA - HOSPITAL","2019-11-05","","17.66666667"
"LA ESTRELLA - HOSPITAL","2019-11-04","","16.375"
"LA ESTRELLA - HOSPITAL","2019-11-03","","16.08333333"
"LA ESTRELLA - HOSPITAL","2019-11-02","","17.125"
"LA ESTRELLA - HOSPITAL","2019-11-01","","17.625"
"LA ESTRELLA - HOSPITAL","2019-10-31","","14.09090909"
"LA ESTRELLA - HOSPITAL","2019-10-30","","11.95833333"
"LA ESTRELLA - HOSPITAL","2019-10-29","","17.47826087"
"LA ESTRELLA - HOSPITAL","2019-10-28","","12.66666667"
"LA ESTRELLA - HOSPITAL","2019-10-27","","9.08333333"
"LA ESTRELLA - HOSPITAL","2019-10-26","","14.41666667"
"LA ESTRELLA - HOSPITAL","2019-10-25","","24.04166667"
"LA ESTRELLA - HOSPITAL","2019-10-24","","10.875"
"LA ESTRELLA - HOSPITAL","2019-10-23","","11.79166667"
"LA ESTRELLA - HOSPITAL","2019-10-22","","14.79166667"
"LA ESTRELLA - HOSPITAL","2019-10-21","","13.45833333"
"LA ESTRELLA - HOSPITAL","2019-10-20","","11.41666667"
"LA ESTRELLA - HOSPITAL","2019-10-19","","7.0"
"LA ESTRELLA - HOSPITAL","2019-10-18","","13.70833333"
"LA ESTRELLA - HOSPITAL","2019-10-17","","15.375"
"LA ESTRELLA - HOSPITAL","2019-10-16","","10.375"
"LA ESTRELLA - HOSPITAL","2019-10-15","","10.54166667"
"LA ESTRELLA - HOSPITAL","2019-10-14","","10.25"
"LA ESTRELLA - HOSPITAL","2019-10-13","","13.54166667"
"LA ESTRELLA - HOSPITAL","2019-10-12","","19.375"
"LA ESTRELLA - HOSPITAL","2019-10-11","","17.5"
"LA ESTRELLA - HOSPITAL","2019-10-10","","19.08333333"
"LA ESTRELLA - HOSPITAL","2019-10-09","","15.08333333"
"LA ESTRELLA - HOSPITAL","2019-10-08","","11.83333333"
"LA ESTRELLA - HOSPITAL","2019-10-07","","7.91666667"
"LA ESTRELLA - HOSPITAL","2019-10-06","","10.5"
"LA ESTRELLA - HOSPITAL","2019-10-05","","11.08333333"
"LA ESTRELLA - HOSPITAL","2019-10-04","","14.82608696"
"LA ESTRELLA - HOSPITAL","2019-10-03","","15.58333333"
"LA ESTRELLA - HOSPITAL","2019-10-02","","15.58333333"
"LA ESTRELLA - HOSPITAL","2019-10-01","","9.29166667"
"LA ESTRELLA - HOSPITAL","2019-09-30","","12.45833333"
"LA ESTRELLA - HOSPITAL","2019-09-29","","13.20833333"
"LA ESTRELLA - HOSPITAL","2019-09-28","","15.70833333"
"LA ESTRELLA - HOSPITAL","2019-09-27","","18.58333333"
"LA ESTRELLA - HOSPITAL","2019-09-26","","14.22727273"
"LA ESTRELLA - HOSPITAL","2019-09-25","","19.08333333"
"LA ESTRELLA - HOSPITAL","2019-09-24","","15.625"
"LA ESTRELLA - HOSPITAL","2019-09-23","","13.875"
"LA ESTRELLA - HOSPITAL","2019-09-22","","15.83333333"
"LA ESTRELLA - HOSPITAL","2019-09-21","","13.875"
"LA ESTRELLA - HOSPITAL","2019-09-20","","19.125"
"LA ESTRELLA - HOSPITAL","2019-09-15","","12.5"
"LA ESTRELLA - HOSPITAL","2019-09-14","","13.70833333"
"LA ESTRELLA - HOSPITAL","2019-09-13","","14.08333333"
"LA ESTRELLA - HOSPITAL","2019-09-12","","18.375"
"LA ESTRELLA - HOSPITAL","2019-09-11","","16.66666667"
"LA ESTRELLA - HOSPITAL","2019-09-10","","17.08333333"
"LA ESTRELLA - HOSPITAL","2019-09-09","","15.95833333"
"LA ESTRELLA - HOSPITAL","2019-09-06","","18.375"
"LA ESTRELLA - HOSPITAL","2019-09-05","","16.625"
"LA ESTRELLA - HOSPITAL","2019-09-04","","18.54166667"
"LA ESTRELLA - HOSPITAL","2019-09-03","","17.73913043"
"LA ESTRELLA - HOSPITAL","2019-09-02","","16.5"
"LA ESTRELLA - HOSPITAL","2019-09-01","","15.625"
"LA ESTRELLA - HOSPITAL","2019-08-31","","20.875"
"LA ESTRELLA - HOSPITAL","2019-08-30","","23.125"
"LA ESTRELLA - HOSPITAL","2019-08-29","","18.20833333"
"LA ESTRELLA - HOSPITAL","2019-08-28","","22.625"
"LA ESTRELLA - HOSPITAL","2019-08-27","","22.08333333"
"LA ESTRELLA - HOSPITAL","2019-08-26","","16.29166667"
"LA ESTRELLA - HOSPITAL","2019-08-25","","13.625"
"LA ESTRELLA - HOSPITAL","2019-08-24","","18.875"
"LA ESTRELLA - HOSPITAL","2019-08-23","","22.16666667"
"LA ESTRELLA - HOSPITAL","2019-08-22","","19.59090909"
"LA ESTRELLA - HOSPITAL","2019-08-21","","16.66666667"
"LA ESTRELLA - HOSPITAL","2019-08-20","","16.08333333"
"LA ESTRELLA - HOSPITAL","2019-08-19","","20.25"
"LA ESTRELLA - HOSPITAL","2019-08-18","","23.54166667"
"LA ESTRELLA - HOSPITAL","2019-08-17","","30.125"
"LA ESTRELLA - HOSPITAL","2019-08-16","","48.45833333"
"LA ESTRELLA - HOSPITAL","2019-08-15","","25.41666667"
"LA ESTRELLA - HOSPITAL","2019-08-14","","21.0"
"LA ESTRELLA - HOSPITAL","2019-08-13","","19.25"
"LA ESTRELLA - HOSPITAL","2019-08-12","","17.16666667"
"LA ESTRELLA - HOSPITAL","2019-08-11","","17.20833333"
"LA ESTRELLA - HOSPITAL","2019-08-10","","16.70833333"
"LA ESTRELLA - HOSPITAL","2019-08-09","","17.25"
"LA ESTRELLA - HOSPITAL","2019-08-08","","19.5"
"LA ESTRELLA - HOSPITAL","2019-08-07","","29.83333333"
"LA ESTRELLA - HOSPITAL","2019-08-06","","28.66666667"
"LA ESTRELLA - HOSPITAL","2019-08-05","","19.41666667"
"LA ESTRELLA - HOSPITAL","2019-08-04","","15.04166667"
"LA ESTRELLA - HOSPITAL","2019-08-03","","17.66666667"
"LA ESTRELLA - HOSPITAL","2019-08-02","","19.41666667"
"LA ESTRELLA - HOSPITAL","2019-08-01","","19.04166667"
"LA ESTRELLA - HOSPITAL","2019-07-31","","14.66666667"
"LA ESTRELLA - HOSPITAL","2019-07-30","","16.30434783"
"LA ESTRELLA - HOSPITAL","2019-07-29","","18.125"
"LA ESTRELLA - HOSPITAL","2019-07-28","","14.45833333"
"LA ESTRELLA - HOSPITAL","2019-07-27","","15.83333333"
"LA ESTRELLA - HOSPITAL","2019-07-26","","14.375"
"LA ESTRELLA - HOSPITAL","2019-07-25","","17.29166667"
"LA ESTRELLA - HOSPITAL","2019-07-24","","16.16666667"
"LA ESTRELLA - HOSPITAL","2019-07-23","","10.7826087"
"LA ESTRELLA - HOSPITAL","2019-07-22","","17.79166667"
"LA ESTRELLA - HOSPITAL","2019-07-21","","9.83333333"
"LA ESTRELLA - HOSPITAL","2019-07-20","","9.875"
"LA ESTRELLA - HOSPITAL","2019-07-19","","12.45833333"
"LA ESTRELLA - HOSPITAL","2019-07-18","","12.70833333"
"LA ESTRELLA - HOSPITAL","2019-07-17","","13.79166667"
"LA ESTRELLA - HOSPITAL","2019-07-16","","12.875"
"LA ESTRELLA - HOSPITAL","2019-07-15","","12.54166667"
"LA ESTRELLA - HOSPITAL","2019-07-14","","10.83333333"
"LA ESTRELLA - HOSPITAL","2019-07-13","","14.16666667"
"LA ESTRELLA - HOSPITAL","2019-07-12","","17.5"
"LA ESTRELLA - HOSPITAL","2019-07-11","","17.75"
"LA ESTRELLA - HOSPITAL","2019-07-10","","17.04166667"
"LA ESTRELLA - HOSPITAL","2019-07-09","","15.29166667"
"LA ESTRELLA - HOSPITAL","2019-07-08","","13.875"
"LA ESTRELLA - HOSPITAL","2019-07-07","","10.0"
"LA ESTRELLA - HOSPITAL","2019-07-06","","13.625"
"LA ESTRELLA - HOSPITAL","2019-07-05","","16.375"
"LA ESTRELLA - HOSPITAL","2019-07-04","","19.38095238"
"LA ESTRELLA - HOSPITAL","2019-07-03","","17.83333333"
"LA ESTRELLA - HOSPITAL","2019-07-02","","16.375"
"LA ESTRELLA - HOSPITAL","2019-07-01","","12.13043478"
"LA ESTRELLA - HOSPITAL","2019-06-30","","13.0"
"LA ESTRELLA - HOSPITAL","2019-06-29","","13.45833333"
"LA ESTRELLA - HOSPITAL","2019-06-28","","16.0"
"LA ESTRELLA - HOSPITAL","2019-06-27","","18.95833333"
"LA ESTRELLA - HOSPITAL","2019-06-26","","16.20833333"
"LA ESTRELLA - HOSPITAL","2019-06-25","","17.08333333"
"LA ESTRELLA - HOSPITAL","2019-06-24","","12.79166667"
"LA ESTRELLA - HOSPITAL","2019-06-23","","11.91666667"
"LA ESTRELLA - HOSPITAL","2019-06-22","","11.75"
"LA ESTRELLA - HOSPITAL","2019-06-21","","11.95454545"
"LA ESTRELLA - HOSPITAL","2019-06-20","","13.54166667"
"LA ESTRELLA - HOSPITAL","2019-06-19","","12.91666667"
"LA ESTRELLA - HOSPITAL","2019-06-18","","12.33333333"
"LA ESTRELLA - HOSPITAL","2019-06-17","","10.20833333"
"LA ESTRELLA - HOSPITAL","2019-06-16","","11.875"
"LA ESTRELLA - HOSPITAL","2019-06-15","","16.16666667"
"LA ESTRELLA - HOSPITAL","2019-06-14","","20.04166667"
"LA ESTRELLA - HOSPITAL","2019-06-13","","19.56521739"
"LA ESTRELLA - HOSPITAL","2019-06-12","","14.5"
"LA ESTRELLA - HOSPITAL","2019-06-11","","13.0"
"LA ESTRELLA - HOSPITAL","2019-06-10","","17.08333333"
"LA ESTRELLA - HOSPITAL","2019-06-09","","14.16666667"
"LA ESTRELLA - HOSPITAL","2019-06-08","","16.54166667"
"LA ESTRELLA - HOSPITAL","2019-06-07","","14.20833333"
"LA ESTRELLA - HOSPITAL","2019-06-06","","15.91666667"
"LA ESTRELLA - HOSPITAL","2019-06-05","","12.79166667"
"LA ESTRELLA - HOSPITAL","2019-06-04","","14.54166667"
"LA ESTRELLA - HOSPITAL","2019-06-03","","11.20833333"
"LA ESTRELLA - HOSPITAL","2019-06-02","","11.16666667"
"LA ESTRELLA - HOSPITAL","2019-06-01","","12.75"
"LA ESTRELLA - HOSPITAL","2019-05-31","","20.0"
"LA ESTRELLA - HOSPITAL","2019-05-30","","21.375"
"LA ESTRELLA - HOSPITAL","2019-05-29","","18.41666667"
"LA ESTRELLA - HOSPITAL","2019-05-28","","19.20833333"
"LA ESTRELLA - HOSPITAL","2019-05-27","","14.83333333"
"LA ESTRELLA - HOSPITAL","2019-05-26","","10.625"
"LA ESTRELLA - HOSPITAL","2019-05-25","","19.83333333"
"LA ESTRELLA - HOSPITAL","2019-05-24","","22.66666667"
"LA ESTRELLA - HOSPITAL","2019-05-23","","20.375"
"LA ESTRELLA - HOSPITAL","2019-05-22","","18.25"
"LA ESTRELLA - HOSPITAL","2019-05-21","","18.0"
"LA ESTRELLA - HOSPITAL","2019-05-20","","13.0"
"LA ESTRELLA - HOSPITAL","2019-05-19","","11.75"
"LA ESTRELLA - HOSPITAL","2019-05-18","","12.91666667"
"LA ESTRELLA - HOSPITAL","2019-05-17","","22.625"
"LA ESTRELLA - HOSPITAL","2019-05-16","","21.875"
"LA ESTRELLA - HOSPITAL","2019-05-15","","15.5"
"LA ESTRELLA - HOSPITAL","2019-05-14","","13.70833333"
"LA ESTRELLA - HOSPITAL","2019-05-13","","16.79166667"
"LA ESTRELLA - HOSPITAL","2019-05-12","","9.95833333"
"LA ESTRELLA - HOSPITAL","2019-05-11","","20.04166667"
"LA ESTRELLA - HOSPITAL","2019-05-10","","10.34782609"
"LA ESTRELLA - HOSPITAL","2019-05-09","","23.40909091"
"LA ESTRELLA - HOSPITAL","2019-05-08","","19.04166667"
"LA ESTRELLA - HOSPITAL","2019-05-07","","20.5"
"LA ESTRELLA - HOSPITAL","2019-05-06","","19.375"
"LA ESTRELLA - HOSPITAL","2019-05-05","","19.58333333"
"LA ESTRELLA - HOSPITAL","2019-05-04","","26.95833333"
"LA ESTRELLA - HOSPITAL","2019-05-02","","25.20833333"
"LA ESTRELLA - HOSPITAL","2019-05-01","","19.375"
"LA ESTRELLA - HOSPITAL","2019-04-30","","20.0"
"LA ESTRELLA - HOSPITAL","2019-04-29","","19.16666667"
"LA ESTRELLA - HOSPITAL","2019-04-28","","14.95238095"
"LA ESTRELLA - HOSPITAL","2019-04-27","","19.95833333"
"LA ESTRELLA - HOSPITAL","2019-04-26","","21.27272727"
"LA ESTRELLA - HOSPITAL","2019-04-25","","26.20833333"
"LA ESTRELLA - HOSPITAL","2019-04-24","","20.08333333"
"LA ESTRELLA - HOSPITAL","2019-04-23","","11.75"
"LA ESTRELLA - HOSPITAL","2019-04-22","","11.54166667"
"LA ESTRELLA - HOSPITAL","2019-04-21","","14.91666667"
"LA ESTRELLA - HOSPITAL","2019-04-20","","16.08333333"
"LA ESTRELLA - HOSPITAL","2019-04-19","","10.0"
"LA ESTRELLA - HOSPITAL","2019-04-18","","8.79166667"
"LA ESTRELLA - HOSPITAL","2019-04-17","","24.95833333"
"LA ESTRELLA - HOSPITAL","2019-04-16","","23.45833333"
"LA ESTRELLA - HOSPITAL","2019-04-15","","16.33333333"
"LA ESTRELLA - HOSPITAL","2019-04-14","","17.125"
"LA ESTRELLA - HOSPITAL","2019-04-13","","27.25"
"LA ESTRELLA - HOSPITAL","2019-04-12","","21.66666667"
"LA ESTRELLA - HOSPITAL","2019-04-11","","18.45833333"
"LA ESTRELLA - HOSPITAL","2019-04-10","","23.91666667"
"LA ESTRELLA - HOSPITAL","2019-04-09","","32.16666667"
"LA ESTRELLA - HOSPITAL","2019-04-08","","35.5"
"LA ESTRELLA - HOSPITAL","2019-04-07","","31.79166667"
"LA ESTRELLA - HOSPITAL","2019-04-06","","19.20833333"
"LA ESTRELLA - HOSPITAL","2019-04-05","","23.04166667"
"LA ESTRELLA - HOSPITAL","2019-04-04","","15.45454545"
"LA ESTRELLA - HOSPITAL","2019-04-03","","22.58333333"
"LA ESTRELLA - HOSPITAL","2019-04-02","","11.25"
"LA ESTRELLA - HOSPITAL","2019-04-01","","15.58333333"
"LA ESTRELLA - HOSPITAL","2019-03-31","","26.45833333"
"LA ESTRELLA - HOSPITAL","2019-03-30","","25.79166667"
"LA ESTRELLA - HOSPITAL","2019-03-29","","24.125"
"LA ESTRELLA - HOSPITAL","2019-03-28","","48.08333333"
"LA ESTRELLA - HOSPITAL","2019-03-27","","43.375"
"LA ESTRELLA - HOSPITAL","2019-03-26","","35.0"
"LA ESTRELLA - HOSPITAL","2019-03-25","","22.875"
"LA ESTRELLA - HOSPITAL","2019-03-24","","27.83333333"
"LA ESTRELLA - HOSPITAL","2019-03-23","","32.625"
"LA ESTRELLA - HOSPITAL","2019-03-22","","35.54166667"
"LA ESTRELLA - HOSPITAL","2019-03-21","","29.0"
"LA ESTRELLA - HOSPITAL","2019-03-20","","15.04166667"
"LA ESTRELLA - HOSPITAL","2019-03-19","","20.875"
"LA ESTRELLA - HOSPITAL","2019-03-18","","37.45833333"
"LA ESTRELLA - HOSPITAL","2019-03-17","","53.58333333"
"LA ESTRELLA - HOSPITAL","2019-03-16","","53.43478261"
"LA ESTRELLA - HOSPITAL","2019-03-15","","46.41666667"
"LA ESTRELLA - HOSPITAL","2019-03-14","","43.91666667"
"LA ESTRELLA - HOSPITAL","2019-03-13","","27.54166667"
"LA ESTRELLA - HOSPITAL","2019-03-12","","28.375"
"LA ESTRELLA - HOSPITAL","2019-03-11","","23.20833333"
"LA ESTRELLA - HOSPITAL","2019-03-10","","23.75"
"LA ESTRELLA - HOSPITAL","2019-03-09","","30.125"
"LA ESTRELLA - HOSPITAL","2019-03-08","","34.16666667"
"LA ESTRELLA - HOSPITAL","2019-03-07","","38.58333333"
"LA ESTRELLA - HOSPITAL","2019-03-06","","37.54166667"
"LA ESTRELLA - HOSPITAL","2019-03-05","","41.625"
"LA ESTRELLA - HOSPITAL","2019-03-04","","27.20833333"
"LA ESTRELLA - HOSPITAL","2019-03-03","","29.83333333"
"LA ESTRELLA - HOSPITAL","2019-03-02","","22.45833333"
"LA ESTRELLA - HOSPITAL","2019-03-01","","30.20833333"
"LA ESTRELLA - HOSPITAL","2019-02-28","","31.5"
"LA ESTRELLA - HOSPITAL","2019-02-27","","40.82608696"
"LA ESTRELLA - HOSPITAL","2019-02-26","","50.54166667"
"LA ESTRELLA - HOSPITAL","2019-02-25","","34.54166667"
"LA ESTRELLA - HOSPITAL","2019-02-24","","25.45833333"
"LA ESTRELLA - HOSPITAL","2019-02-23","","22.33333333"
"LA ESTRELLA - HOSPITAL","2019-02-22","","24.875"
"LA ESTRELLA - HOSPITAL","2019-02-21","","26.08333333"
"LA ESTRELLA - HOSPITAL","2019-02-20","","25.16666667"
"LA ESTRELLA - HOSPITAL","2019-02-19","","33.91666667"
"LA ESTRELLA - HOSPITAL","2019-02-18","","32.625"
"LA ESTRELLA - HOSPITAL","2019-02-17","","35.41666667"
"LA ESTRELLA - HOSPITAL","2019-02-16","","35.375"
"LA ESTRELLA - HOSPITAL","2019-02-15","","31.95833333"
"LA ESTRELLA - HOSPITAL","2019-02-14","","27.79166667"
"LA ESTRELLA - HOSPITAL","2019-02-13","","36.75"
"LA ESTRELLA - HOSPITAL","2019-02-12","","43.83333333"
"LA ESTRELLA - HOSPITAL","2019-02-11","","32.69565217"
"LA ESTRELLA - HOSPITAL","2019-02-10","","32.20833333"
"LA ESTRELLA - HOSPITAL","2019-02-09","","35.33333333"
"LA ESTRELLA - HOSPITAL","2019-02-08","","40.25"
"LA ESTRELLA - HOSPITAL","2019-02-07","","39.04166667"
"LA ESTRELLA - HOSPITAL","2019-02-06","","33.79166667"
"LA ESTRELLA - HOSPITAL","2019-02-05","","34.25"
"LA ESTRELLA - HOSPITAL","2019-02-04","","28.79166667"
"LA ESTRELLA - HOSPITAL","2019-02-03","","22.54166667"
"LA ESTRELLA - HOSPITAL","2019-02-02","","29.70833333"
"LA ESTRELLA - HOSPITAL","2019-02-01","","27.95833333"
"LA ESTRELLA - HOSPITAL","2019-01-31","","27.56521739"
"LA ESTRELLA - HOSPITAL","2019-01-30","","22.875"
"LA ESTRELLA - HOSPITAL","2019-01-29","","21.41666667"
"LA ESTRELLA - HOSPITAL","2019-01-28","","27.20833333"
"LA ESTRELLA - HOSPITAL","2019-01-27","","24.5"
"LA ESTRELLA - HOSPITAL","2019-01-26","","23.33333333"
"LA ESTRELLA - HOSPITAL","2019-01-25","","20.70833333"
"LA ESTRELLA - HOSPITAL","2019-01-24","","21.08333333"
"LA ESTRELLA - HOSPITAL","2019-01-23","","20.83333333"
"LA ESTRELLA - HOSPITAL","2019-01-22","","18.75"
"LA ESTRELLA - HOSPITAL","2019-01-21","","17.83333333"
"LA ESTRELLA - HOSPITAL","2019-01-20","","22.41666667"
"LA ESTRELLA - HOSPITAL","2019-01-19","","23.33333333"
"LA ESTRELLA - HOSPITAL","2019-01-18","","25.83333333"
"LA ESTRELLA - HOSPITAL","2019-01-17","","23.5"
"LA ESTRELLA - HOSPITAL","2019-01-16","","21.25"
"LA ESTRELLA - HOSPITAL","2019-01-14","","22.58333333"
"LA ESTRELLA - HOSPITAL","2019-01-13","","18.41666667"
"LA ESTRELLA - HOSPITAL","2019-01-12","","18.875"
"LA ESTRELLA - HOSPITAL","2019-01-11","","17.33333333"
"LA ESTRELLA - HOSPITAL","2019-01-10","","16.86956522"
"LA ESTRELLA - HOSPITAL","2019-01-09","","13.58333333"
"LA ESTRELLA - HOSPITAL","2019-01-08","","23.79166667"
"LA ESTRELLA - HOSPITAL","2019-01-07","","21.54166667"
"LA ESTRELLA - HOSPITAL","2019-01-06","","23.58333333"
"LA ESTRELLA - HOSPITAL","2019-01-05","","24.08333333"
"LA ESTRELLA - HOSPITAL","2019-01-04","","19.95833333"
"LA ESTRELLA - HOSPITAL","2019-01-03","","14.125"
"LA ESTRELLA - HOSPITAL","2019-01-02","","14.66666667"
"LA ESTRELLA - HOSPITAL","2019-01-01","","21.375"
