"Estacion","Fecha inicial","Fecha final","NO"
"FISCALÍA GENERAL DE LA NACIÓN - SECTOR CARIBE","2025-10-31","","39.56149522"
"FISCALÍA GENERAL DE LA NACIÓN - SECTOR CARIBE","2025-10-30","","33.8977325"
"FISCALÍA GENERAL DE LA NACIÓN - SECTOR CARIBE","2025-10-29","","32.28069917"
"FISCALÍA GENERAL DE LA NACIÓN - SECTOR CARIBE","2025-10-28","","57.56087458"
"FISCALÍA GENERAL DE LA NACIÓN - SECTOR CARIBE","2025-10-27","","75.7759025"
"FISCALÍA GENERAL DE LA NACIÓN - SECTOR CARIBE","2025-10-26","","17.1973125"
"FISCALÍA GENERAL DE LA NACIÓN - SECTOR CARIBE","2025-10-25","","54.69153208"
"FISCALÍA GENERAL DE LA NACIÓN - SECTOR CARIBE","2025-10-24","","122.02219417"
"FISCALÍA GENERAL DE LA NACIÓN - SECTOR CARIBE","2025-10-23","","76.14455208"
"FISCALÍA GENERAL DE LA NACIÓN - SECTOR CARIBE","2025-10-22","","100.79459292"
"FISCALÍA GENERAL DE LA NACIÓN - SECTOR CARIBE","2025-10-21","","46.419495"
"FISCALÍA GENERAL DE LA NACIÓN - SECTOR CARIBE","2025-10-20","","32.86192042"
"FISCALÍA GENERAL DE LA NACIÓN - SECTOR CARIBE","2025-10-19","","17.55618167"
"FISCALÍA GENERAL DE LA NACIÓN - SECTOR CARIBE","2025-10-18","","30.456225"
"FISCALÍA GENERAL DE LA NACIÓN - SECTOR CARIBE","2025-10-17","","53.40768417"
"FISCALÍA GENERAL DE LA NACIÓN - SECTOR CARIBE","2025-10-16","","61.95162917"
"FISCALÍA GENERAL DE LA NACIÓN - SECTOR CARIBE","2025-10-15","","49.12755542"
"FISCALÍA GENERAL DE LA NACIÓN - SECTOR CARIBE","2025-10-14","","62.77209"
"FISCALÍA GENERAL DE LA NACIÓN - SECTOR CARIBE","2025-10-13","","29.41307083"
"FISCALÍA GENERAL DE LA NACIÓN - SECTOR CARIBE","2025-10-12","","23.21398792"
"FISCALÍA GENERAL DE LA NACIÓN - SECTOR CARIBE","2025-10-11","","64.66020125"
"FISCALÍA GENERAL DE LA NACIÓN - SECTOR CARIBE","2025-10-10","","75.89005667"
"FISCALÍA GENERAL DE LA NACIÓN - SECTOR CARIBE","2025-10-09","","86.44098375"
"FISCALÍA GENERAL DE LA NACIÓN - SECTOR CARIBE","2025-10-08","","91.83169333"
"FISCALÍA GENERAL DE LA NACIÓN - SECTOR CARIBE","2025-10-07","","35.4981025"
"FISCALÍA GENERAL DE LA NACIÓN - SECTOR CARIBE","2025-10-06","","42.13361625"
"FISCALÍA GENERAL DE LA NACIÓN - SECTOR CARIBE","2025-10-05","","20.72535792"
"FISCALÍA GENERAL DE LA NACIÓN - SECTOR CARIBE","2025-10-04","","30.670965"
"FISCALÍA GENERAL DE LA NACIÓN - SECTOR CARIBE","2025-10-03","","32.71548708"
"FISCALÍA GENERAL DE LA NACIÓN - SECTOR CARIBE","2025-10-02","","55.1945575"
"FISCALÍA GENERAL DE LA NACIÓN - SECTOR CARIBE","2025-10-01","","67.85721875"
"FISCALÍA GENERAL DE LA NACIÓN - SECTOR CARIBE","2025-09-30","","58.65784217"
"FISCALÍA GENERAL DE LA NACIÓN - SECTOR CARIBE","2025-09-29","","40.23334667"
"FISCALÍA GENERAL DE LA NACIÓN - SECTOR CARIBE","2025-09-28","","37.83357292"
"FISCALÍA GENERAL DE LA NACIÓN - SECTOR CARIBE","2025-09-27","","67.60054"
"FISCALÍA GENERAL DE LA NACIÓN - SECTOR CARIBE","2025-09-26","","80.7727275"
"FISCALÍA GENERAL DE LA NACIÓN - SECTOR CARIBE","2025-09-25","","45.10527917"
"FISCALÍA GENERAL DE LA NACIÓN - SECTOR CARIBE","2025-09-24","","30.56385708"
"FISCALÍA GENERAL DE LA NACIÓN - SECTOR CARIBE","2025-09-23","","28.21102208"
"FISCALÍA GENERAL DE LA NACIÓN - SECTOR CARIBE","2025-09-22","","27.95078667"
"FISCALÍA GENERAL DE LA NACIÓN - SECTOR CARIBE","2025-09-21","","18.17929292"
"FISCALÍA GENERAL DE LA NACIÓN - SECTOR CARIBE","2025-09-20","","38.71242167"
"FISCALÍA GENERAL DE LA NACIÓN - SECTOR CARIBE","2025-09-19","","50.43394083"
"FISCALÍA GENERAL DE LA NACIÓN - SECTOR CARIBE","2025-09-18","","62.22696667"
"FISCALÍA GENERAL DE LA NACIÓN - SECTOR CARIBE","2025-09-17","","42.79902958"
"FISCALÍA GENERAL DE LA NACIÓN - SECTOR CARIBE","2025-09-16","","25.61778333"
"FISCALÍA GENERAL DE LA NACIÓN - SECTOR CARIBE","2025-09-15","","20.24407792"
"FISCALÍA GENERAL DE LA NACIÓN - SECTOR CARIBE","2025-09-14","","11.52145625"
"FISCALÍA GENERAL DE LA NACIÓN - SECTOR CARIBE","2025-09-13","","17.12299917"
"FISCALÍA GENERAL DE LA NACIÓN - SECTOR CARIBE","2025-09-12","","43.13977833"
"FISCALÍA GENERAL DE LA NACIÓN - SECTOR CARIBE","2025-09-11","","24.92781083"
"FISCALÍA GENERAL DE LA NACIÓN - SECTOR CARIBE","2025-09-10","","31.3717"
"FISCALÍA GENERAL DE LA NACIÓN - SECTOR CARIBE","2025-09-09","","48.08690917"
"FISCALÍA GENERAL DE LA NACIÓN - SECTOR CARIBE","2025-09-08","","32.746695"
"FISCALÍA GENERAL DE LA NACIÓN - SECTOR CARIBE","2025-09-07","","30.42286542"
"FISCALÍA GENERAL DE LA NACIÓN - SECTOR CARIBE","2025-09-06","","34.34407"
"FISCALÍA GENERAL DE LA NACIÓN - SECTOR CARIBE","2025-09-05","","33.88632208"
"FISCALÍA GENERAL DE LA NACIÓN - SECTOR CARIBE","2025-09-04","","41.09044542"
"FISCALÍA GENERAL DE LA NACIÓN - SECTOR CARIBE","2025-09-03","","31.86893458"
"FISCALÍA GENERAL DE LA NACIÓN - SECTOR CARIBE","2025-09-02","","43.18570458"
"FISCALÍA GENERAL DE LA NACIÓN - SECTOR CARIBE","2025-09-01","","46.8056275"
"FISCALÍA GENERAL DE LA NACIÓN - SECTOR CARIBE","2025-08-31","","32.28868304"
"FISCALÍA GENERAL DE LA NACIÓN - SECTOR CARIBE","2025-08-30","","36.53195574"
"FISCALÍA GENERAL DE LA NACIÓN - SECTOR CARIBE","2025-08-29","","57.01609545"
"FISCALÍA GENERAL DE LA NACIÓN - SECTOR CARIBE","2025-08-28","","54.2020109"
"FISCALÍA GENERAL DE LA NACIÓN - SECTOR CARIBE","2025-08-27","","26.07250624"
"FISCALÍA GENERAL DE LA NACIÓN - SECTOR CARIBE","2025-08-26","","27.50101638"
"FISCALÍA GENERAL DE LA NACIÓN - SECTOR CARIBE","2025-08-25","","34.09412086"
"FISCALÍA GENERAL DE LA NACIÓN - SECTOR CARIBE","2025-08-24","","20.36411763"
"FISCALÍA GENERAL DE LA NACIÓN - SECTOR CARIBE","2025-08-23","","46.46025377"
"FISCALÍA GENERAL DE LA NACIÓN - SECTOR CARIBE","2025-08-22","","46.64288468"
"FISCALÍA GENERAL DE LA NACIÓN - SECTOR CARIBE","2025-08-21","","35.33131774"
"FISCALÍA GENERAL DE LA NACIÓN - SECTOR CARIBE","2025-08-20","","41.35753973"
"FISCALÍA GENERAL DE LA NACIÓN - SECTOR CARIBE","2025-08-19","","34.49421428"
"FISCALÍA GENERAL DE LA NACIÓN - SECTOR CARIBE","2025-08-18","","16.77380907"
"FISCALÍA GENERAL DE LA NACIÓN - SECTOR CARIBE","2025-08-17","","46.81240774"
"FISCALÍA GENERAL DE LA NACIÓN - SECTOR CARIBE","2025-08-16","","59.59345897"
"FISCALÍA GENERAL DE LA NACIÓN - SECTOR CARIBE","2025-08-15","","67.82258641"
"FISCALÍA GENERAL DE LA NACIÓN - SECTOR CARIBE","2025-08-14","","65.94885038"
"FISCALÍA GENERAL DE LA NACIÓN - SECTOR CARIBE","2025-08-13","","36.06834163"
"FISCALÍA GENERAL DE LA NACIÓN - SECTOR CARIBE","2025-08-12","","35.5385035"
"FISCALÍA GENERAL DE LA NACIÓN - SECTOR CARIBE","2025-08-11","","44.71144199"
"FISCALÍA GENERAL DE LA NACIÓN - SECTOR CARIBE","2025-08-10","","58.79646094"
"FISCALÍA GENERAL DE LA NACIÓN - SECTOR CARIBE","2025-08-09","","47.00051685"
"FISCALÍA GENERAL DE LA NACIÓN - SECTOR CARIBE","2025-08-08","","57.67014163"
"FISCALÍA GENERAL DE LA NACIÓN - SECTOR CARIBE","2025-08-07","","43.38024676"
"FISCALÍA GENERAL DE LA NACIÓN - SECTOR CARIBE","2025-08-06","","27.53618017"
"FISCALÍA GENERAL DE LA NACIÓN - SECTOR CARIBE","2025-08-05","","53.59502665"
"FISCALÍA GENERAL DE LA NACIÓN - SECTOR CARIBE","2025-08-04","","26.08287498"
"FISCALÍA GENERAL DE LA NACIÓN - SECTOR CARIBE","2025-08-03","","18.93774358"
"FISCALÍA GENERAL DE LA NACIÓN - SECTOR CARIBE","2025-08-02","","44.32560111"
"FISCALÍA GENERAL DE LA NACIÓN - SECTOR CARIBE","2025-08-01","","33.25821831"
"FISCALÍA GENERAL DE LA NACIÓN - SECTOR CARIBE","2025-07-31","","32.1878156"
"FISCALÍA GENERAL DE LA NACIÓN - SECTOR CARIBE","2025-07-30","","39.1805178"
"FISCALÍA GENERAL DE LA NACIÓN - SECTOR CARIBE","2025-07-29","","54.64871877"
"FISCALÍA GENERAL DE LA NACIÓN - SECTOR CARIBE","2025-07-28","","36.22892682"
"FISCALÍA GENERAL DE LA NACIÓN - SECTOR CARIBE","2025-07-27","","42.33861488"
"FISCALÍA GENERAL DE LA NACIÓN - SECTOR CARIBE","2025-07-26","","46.33510832"
"FISCALÍA GENERAL DE LA NACIÓN - SECTOR CARIBE","2025-07-25","","106.61492625"
"FISCALÍA GENERAL DE LA NACIÓN - SECTOR CARIBE","2025-07-23","","39.37404722"
"FISCALÍA GENERAL DE LA NACIÓN - SECTOR CARIBE","2025-07-22","","24.21498364"
"FISCALÍA GENERAL DE LA NACIÓN - SECTOR CARIBE","2025-07-21","","41.59819573"
"FISCALÍA GENERAL DE LA NACIÓN - SECTOR CARIBE","2025-07-20","","22.79072525"
"FISCALÍA GENERAL DE LA NACIÓN - SECTOR CARIBE","2025-07-19","","51.79405943"
"FISCALÍA GENERAL DE LA NACIÓN - SECTOR CARIBE","2025-07-18","","45.06282431"
"FISCALÍA GENERAL DE LA NACIÓN - SECTOR CARIBE","2025-07-17","","32.83054475"
"FISCALÍA GENERAL DE LA NACIÓN - SECTOR CARIBE","2025-07-16","","27.23488874"
"FISCALÍA GENERAL DE LA NACIÓN - SECTOR CARIBE","2025-07-15","","41.86256237"
"FISCALÍA GENERAL DE LA NACIÓN - SECTOR CARIBE","2025-07-14","","33.17653728"
"FISCALÍA GENERAL DE LA NACIÓN - SECTOR CARIBE","2025-07-13","","15.13995797"
"FISCALÍA GENERAL DE LA NACIÓN - SECTOR CARIBE","2025-07-12","","36.3812947"
"FISCALÍA GENERAL DE LA NACIÓN - SECTOR CARIBE","2025-07-11","","31.13049007"
"FISCALÍA GENERAL DE LA NACIÓN - SECTOR CARIBE","2025-07-10","","44.32770655"
"FISCALÍA GENERAL DE LA NACIÓN - SECTOR CARIBE","2025-07-09","","41.65068027"
"FISCALÍA GENERAL DE LA NACIÓN - SECTOR CARIBE","2025-07-08","","27.13908136"
"FISCALÍA GENERAL DE LA NACIÓN - SECTOR CARIBE","2025-07-07","","43.96569487"
"FISCALÍA GENERAL DE LA NACIÓN - SECTOR CARIBE","2025-07-06","","20.62113366"
"FISCALÍA GENERAL DE LA NACIÓN - SECTOR CARIBE","2025-07-05","","44.1667943"
"FISCALÍA GENERAL DE LA NACIÓN - SECTOR CARIBE","2025-07-04","","34.76218162"
"FISCALÍA GENERAL DE LA NACIÓN - SECTOR CARIBE","2025-07-03","","33.94986298"
"FISCALÍA GENERAL DE LA NACIÓN - SECTOR CARIBE","2025-07-02","","16.45248027"
"FISCALÍA GENERAL DE LA NACIÓN - SECTOR CARIBE","2025-06-25","","105.61512639"
"FISCALÍA GENERAL DE LA NACIÓN - SECTOR CARIBE","2025-06-24","","98.86506227"
"FISCALÍA GENERAL DE LA NACIÓN - SECTOR CARIBE","2025-06-23","","31.41949641"
"FISCALÍA GENERAL DE LA NACIÓN - SECTOR CARIBE","2025-06-22","","37.31732791"
"FISCALÍA GENERAL DE LA NACIÓN - SECTOR CARIBE","2025-06-21","","30.84149908"
"FISCALÍA GENERAL DE LA NACIÓN - SECTOR CARIBE","2025-06-20","","59.25430452"
"FISCALÍA GENERAL DE LA NACIÓN - SECTOR CARIBE","2025-06-19","","56.87948032"
"FISCALÍA GENERAL DE LA NACIÓN - SECTOR CARIBE","2025-06-18","","60.96517867"
"FISCALÍA GENERAL DE LA NACIÓN - SECTOR CARIBE","2025-06-17","","53.13070222"
"FISCALÍA GENERAL DE LA NACIÓN - SECTOR CARIBE","2025-06-16","","73.21979521"
"FISCALÍA GENERAL DE LA NACIÓN - SECTOR CARIBE","2025-06-15","","56.86268796"
"FISCALÍA GENERAL DE LA NACIÓN - SECTOR CARIBE","2025-06-14","","72.65492618"
"FISCALÍA GENERAL DE LA NACIÓN - SECTOR CARIBE","2025-06-13","","54.03242506"
"FISCALÍA GENERAL DE LA NACIÓN - SECTOR CARIBE","2025-06-12","","104.42875863"
"FISCALÍA GENERAL DE LA NACIÓN - SECTOR CARIBE","2025-06-11","","66.98971426"
"FISCALÍA GENERAL DE LA NACIÓN - SECTOR CARIBE","2025-06-10","","47.15537854"
"FISCALÍA GENERAL DE LA NACIÓN - SECTOR CARIBE","2025-06-09","","41.21243866"
"FISCALÍA GENERAL DE LA NACIÓN - SECTOR CARIBE","2025-06-05","","37.29516671"
"FISCALÍA GENERAL DE LA NACIÓN - SECTOR CARIBE","2025-06-04","","29.89254709"
"FISCALÍA GENERAL DE LA NACIÓN - SECTOR CARIBE","2025-06-03","","43.26445311"
"FISCALÍA GENERAL DE LA NACIÓN - SECTOR CARIBE","2025-06-02","","22.99605598"
"FISCALÍA GENERAL DE LA NACIÓN - SECTOR CARIBE","2025-06-01","","16.41070379"
"FISCALÍA GENERAL DE LA NACIÓN - SECTOR CARIBE","2025-05-31","","48.59116926"
"FISCALÍA GENERAL DE LA NACIÓN - SECTOR CARIBE","2025-05-30","","36.14905838"
"FISCALÍA GENERAL DE LA NACIÓN - SECTOR CARIBE","2025-05-29","","43.59522058"
"FISCALÍA GENERAL DE LA NACIÓN - SECTOR CARIBE","2025-05-28","","66.60247317"
"FISCALÍA GENERAL DE LA NACIÓN - SECTOR CARIBE","2025-05-27","","40.88189604"
"FISCALÍA GENERAL DE LA NACIÓN - SECTOR CARIBE","2025-05-26","","36.04445622"
"FISCALÍA GENERAL DE LA NACIÓN - SECTOR CARIBE","2025-05-25","","16.13991047"
"FISCALÍA GENERAL DE LA NACIÓN - SECTOR CARIBE","2025-05-24","","44.563842"
"FISCALÍA GENERAL DE LA NACIÓN - SECTOR CARIBE","2025-05-23","","39.59557411"
"FISCALÍA GENERAL DE LA NACIÓN - SECTOR CARIBE","2025-05-22","","50.67747519"
"FISCALÍA GENERAL DE LA NACIÓN - SECTOR CARIBE","2025-05-21","","53.88317956"
"FISCALÍA GENERAL DE LA NACIÓN - SECTOR CARIBE","2025-05-20","","45.2008272"
"FISCALÍA GENERAL DE LA NACIÓN - SECTOR CARIBE","2025-05-19","","34.21526088"
"FISCALÍA GENERAL DE LA NACIÓN - SECTOR CARIBE","2025-05-18","","43.63225472"
"FISCALÍA GENERAL DE LA NACIÓN - SECTOR CARIBE","2025-05-17","","32.38122918"
"FISCALÍA GENERAL DE LA NACIÓN - SECTOR CARIBE","2025-05-16","","75.80857732"
"FISCALÍA GENERAL DE LA NACIÓN - SECTOR CARIBE","2025-05-15","","74.70666466"
"FISCALÍA GENERAL DE LA NACIÓN - SECTOR CARIBE","2025-05-14","","34.51031164"
"FISCALÍA GENERAL DE LA NACIÓN - SECTOR CARIBE","2025-05-13","","32.85686265"
"FISCALÍA GENERAL DE LA NACIÓN - SECTOR CARIBE","2025-05-12","","35.10997141"
"FISCALÍA GENERAL DE LA NACIÓN - SECTOR CARIBE","2025-05-11","","32.78322874"
"FISCALÍA GENERAL DE LA NACIÓN - SECTOR CARIBE","2025-05-10","","32.89316602"
"FISCALÍA GENERAL DE LA NACIÓN - SECTOR CARIBE","2025-05-09","","71.3988775"
"FISCALÍA GENERAL DE LA NACIÓN - SECTOR CARIBE","2025-05-08","","57.64965965"
"FISCALÍA GENERAL DE LA NACIÓN - SECTOR CARIBE","2025-05-07","","49.31544458"
"FISCALÍA GENERAL DE LA NACIÓN - SECTOR CARIBE","2025-05-06","","43.47109937"
"FISCALÍA GENERAL DE LA NACIÓN - SECTOR CARIBE","2025-05-05","","36.72917749"
"FISCALÍA GENERAL DE LA NACIÓN - SECTOR CARIBE","2025-04-10","","113.61880274"
"FISCALÍA GENERAL DE LA NACIÓN - SECTOR CARIBE","2025-04-09","","106.93484631"
"FISCALÍA GENERAL DE LA NACIÓN - SECTOR CARIBE","2025-04-08","","94.48107814"
"FISCALÍA GENERAL DE LA NACIÓN - SECTOR CARIBE","2025-04-07","","83.00281844"
"FISCALÍA GENERAL DE LA NACIÓN - SECTOR CARIBE","2025-04-06","","75.88779676"
"FISCALÍA GENERAL DE LA NACIÓN - SECTOR CARIBE","2025-04-05","","64.99651393"
"FISCALÍA GENERAL DE LA NACIÓN - SECTOR CARIBE","2025-04-04","","71.13365437"
"FISCALÍA GENERAL DE LA NACIÓN - SECTOR CARIBE","2025-04-03","","64.43749104"
"FISCALÍA GENERAL DE LA NACIÓN - SECTOR CARIBE","2025-04-02","","36.54195143"
"FISCALÍA GENERAL DE LA NACIÓN - SECTOR CARIBE","2025-04-01","","24.91789646"
"FISCALÍA GENERAL DE LA NACIÓN - SECTOR CARIBE","2025-03-31","","59.95509027"
"FISCALÍA GENERAL DE LA NACIÓN - SECTOR CARIBE","2025-03-30","","50.53635503"
"FISCALÍA GENERAL DE LA NACIÓN - SECTOR CARIBE","2025-03-29","","66.06905274"
"FISCALÍA GENERAL DE LA NACIÓN - SECTOR CARIBE","2025-03-28","","64.11689812"
"FISCALÍA GENERAL DE LA NACIÓN - SECTOR CARIBE","2025-03-27","","46.15951426"
"FISCALÍA GENERAL DE LA NACIÓN - SECTOR CARIBE","2025-03-26","","59.74586773"
"FISCALÍA GENERAL DE LA NACIÓN - SECTOR CARIBE","2025-03-25","","31.59882608"
"FISCALÍA GENERAL DE LA NACIÓN - SECTOR CARIBE","2025-03-24","","30.92188877"
"FISCALÍA GENERAL DE LA NACIÓN - SECTOR CARIBE","2025-03-21","","49.6483461"
"FISCALÍA GENERAL DE LA NACIÓN - SECTOR CARIBE","2025-03-20","","21.79615386"
"FISCALÍA GENERAL DE LA NACIÓN - SECTOR CARIBE","2025-03-19","","27.94544142"
"FISCALÍA GENERAL DE LA NACIÓN - SECTOR CARIBE","2025-03-18","","37.1700579"
"FISCALÍA GENERAL DE LA NACIÓN - SECTOR CARIBE","2025-03-17","","38.2003165"
"FISCALÍA GENERAL DE LA NACIÓN - SECTOR CARIBE","2025-03-16","","22.69167284"
"FISCALÍA GENERAL DE LA NACIÓN - SECTOR CARIBE","2025-03-15","","20.37410821"
"FISCALÍA GENERAL DE LA NACIÓN - SECTOR CARIBE","2025-03-14","","39.54977585"
"FISCALÍA GENERAL DE LA NACIÓN - SECTOR CARIBE","2025-03-13","","51.55223624"
"FISCALÍA GENERAL DE LA NACIÓN - SECTOR CARIBE","2025-03-12","","39.67588714"
"FISCALÍA GENERAL DE LA NACIÓN - SECTOR CARIBE","2025-03-11","","36.25676758"
"FISCALÍA GENERAL DE LA NACIÓN - SECTOR CARIBE","2025-03-10","","28.37513354"
"FISCALÍA GENERAL DE LA NACIÓN - SECTOR CARIBE","2025-03-09","","10.8303275"
"FISCALÍA GENERAL DE LA NACIÓN - SECTOR CARIBE","2025-03-08","","20.68340233"
"FISCALÍA GENERAL DE LA NACIÓN - SECTOR CARIBE","2025-03-07","","39.05495841"
"FISCALÍA GENERAL DE LA NACIÓN - SECTOR CARIBE","2025-03-06","","35.85902488"
"FISCALÍA GENERAL DE LA NACIÓN - SECTOR CARIBE","2025-03-05","","44.11040755"
"FISCALÍA GENERAL DE LA NACIÓN - SECTOR CARIBE","2025-03-04","","92.8334285"
"FISCALÍA GENERAL DE LA NACIÓN - SECTOR CARIBE","2025-03-03","","37.86100466"
"FISCALÍA GENERAL DE LA NACIÓN - SECTOR CARIBE","2025-03-02","","19.71021476"
"FISCALÍA GENERAL DE LA NACIÓN - SECTOR CARIBE","2025-03-01","","48.59633731"
"FISCALÍA GENERAL DE LA NACIÓN - SECTOR CARIBE","2025-02-28","","80.10581938"
"FISCALÍA GENERAL DE LA NACIÓN - SECTOR CARIBE","2025-02-27","","27.97365523"
"FISCALÍA GENERAL DE LA NACIÓN - SECTOR CARIBE","2025-02-26","","48.68874636"
"FISCALÍA GENERAL DE LA NACIÓN - SECTOR CARIBE","2025-02-25","","74.41988642"
"FISCALÍA GENERAL DE LA NACIÓN - SECTOR CARIBE","2025-02-24","","62.01020377"
"FISCALÍA GENERAL DE LA NACIÓN - SECTOR CARIBE","2025-02-23","","15.39491456"
"FISCALÍA GENERAL DE LA NACIÓN - SECTOR CARIBE","2025-02-22","","43.57899036"
"FISCALÍA GENERAL DE LA NACIÓN - SECTOR CARIBE","2025-02-21","","35.47171225"
"FISCALÍA GENERAL DE LA NACIÓN - SECTOR CARIBE","2025-02-20","","31.20494674"
"FISCALÍA GENERAL DE LA NACIÓN - SECTOR CARIBE","2025-02-19","","9.20597129"
"FISCALÍA GENERAL DE LA NACIÓN - SECTOR CARIBE","2025-02-13","","149.37632077"
"FISCALÍA GENERAL DE LA NACIÓN - SECTOR CARIBE","2025-02-12","","60.54943145"
"FISCALÍA GENERAL DE LA NACIÓN - SECTOR CARIBE","2025-02-11","","36.28042237"
"FISCALÍA GENERAL DE LA NACIÓN - SECTOR CARIBE","2025-02-10","","50.57655754"
"FISCALÍA GENERAL DE LA NACIÓN - SECTOR CARIBE","2025-02-09","","27.04577801"
"FISCALÍA GENERAL DE LA NACIÓN - SECTOR CARIBE","2025-02-08","","37.61729067"
"FISCALÍA GENERAL DE LA NACIÓN - SECTOR CARIBE","2025-02-07","","40.42503771"
"FISCALÍA GENERAL DE LA NACIÓN - SECTOR CARIBE","2025-02-06","","33.15430604"
"FISCALÍA GENERAL DE LA NACIÓN - SECTOR CARIBE","2025-02-05","","43.08804651"
"FISCALÍA GENERAL DE LA NACIÓN - SECTOR CARIBE","2025-02-04","","32.58458735"
"FISCALÍA GENERAL DE LA NACIÓN - SECTOR CARIBE","2025-02-03","","26.01827603"
"FISCALÍA GENERAL DE LA NACIÓN - SECTOR CARIBE","2025-02-02","","13.00922489"
"FISCALÍA GENERAL DE LA NACIÓN - SECTOR CARIBE","2025-02-01","","24.35958901"
"FISCALÍA GENERAL DE LA NACIÓN - SECTOR CARIBE","2025-01-31","","25.40309881"
"FISCALÍA GENERAL DE LA NACIÓN - SECTOR CARIBE","2025-01-30","","27.33050705"
"FISCALÍA GENERAL DE LA NACIÓN - SECTOR CARIBE","2025-01-29","","24.12482822"
"FISCALÍA GENERAL DE LA NACIÓN - SECTOR CARIBE","2025-01-28","","26.1728679"
"FISCALÍA GENERAL DE LA NACIÓN - SECTOR CARIBE","2025-01-27","","27.6642487"
"FISCALÍA GENERAL DE LA NACIÓN - SECTOR CARIBE","2025-01-26","","25.3465512"
"FISCALÍA GENERAL DE LA NACIÓN - SECTOR CARIBE","2025-01-25","","30.22549665"
"FISCALÍA GENERAL DE LA NACIÓN - SECTOR CARIBE","2025-01-24","","36.19713071"
"FISCALÍA GENERAL DE LA NACIÓN - SECTOR CARIBE","2025-01-23","","31.51387802"
"FISCALÍA GENERAL DE LA NACIÓN - SECTOR CARIBE","2025-01-22","","43.02059603"
"FISCALÍA GENERAL DE LA NACIÓN - SECTOR CARIBE","2025-01-21","","37.5518894"
"FISCALÍA GENERAL DE LA NACIÓN - SECTOR CARIBE","2025-01-20","","38.4470711"
"FISCALÍA GENERAL DE LA NACIÓN - SECTOR CARIBE","2025-01-19","","16.73976443"
"FISCALÍA GENERAL DE LA NACIÓN - SECTOR CARIBE","2025-01-18","","39.12341562"
"FISCALÍA GENERAL DE LA NACIÓN - SECTOR CARIBE","2025-01-17","","35.86828981"
"FISCALÍA GENERAL DE LA NACIÓN - SECTOR CARIBE","2025-01-16","","45.61374011"
"FISCALÍA GENERAL DE LA NACIÓN - SECTOR CARIBE","2025-01-15","","41.74200594"
"FISCALÍA GENERAL DE LA NACIÓN - SECTOR CARIBE","2025-01-14","","42.31623189"
"FISCALÍA GENERAL DE LA NACIÓN - SECTOR CARIBE","2025-01-13","","40.79389204"
"FISCALÍA GENERAL DE LA NACIÓN - SECTOR CARIBE","2025-01-12","","17.85300145"
"FISCALÍA GENERAL DE LA NACIÓN - SECTOR CARIBE","2025-01-11","","23.60472517"
"FISCALÍA GENERAL DE LA NACIÓN - SECTOR CARIBE","2025-01-10","","27.89225371"
"FISCALÍA GENERAL DE LA NACIÓN - SECTOR CARIBE","2025-01-09","","41.77107828"
"FISCALÍA GENERAL DE LA NACIÓN - SECTOR CARIBE","2025-01-08","","30.72432565"
"FISCALÍA GENERAL DE LA NACIÓN - SECTOR CARIBE","2025-01-07","","35.60533053"
"FISCALÍA GENERAL DE LA NACIÓN - SECTOR CARIBE","2025-01-06","","31.29540878"
"FISCALÍA GENERAL DE LA NACIÓN - SECTOR CARIBE","2025-01-05","","35.5263104"
"FISCALÍA GENERAL DE LA NACIÓN - SECTOR CARIBE","2025-01-04","","47.07936324"
"FISCALÍA GENERAL DE LA NACIÓN - SECTOR CARIBE","2025-01-03","","56.95283116"
"FISCALÍA GENERAL DE LA NACIÓN - SECTOR CARIBE","2025-01-02","","55.80196411"
"FISCALÍA GENERAL DE LA NACIÓN - SECTOR CARIBE","2025-01-01","","11.23222485"
"FISCALÍA GENERAL DE LA NACIÓN - SECTOR CARIBE","2024-12-31","","30.43732832"
"FISCALÍA GENERAL DE LA NACIÓN - SECTOR CARIBE","2024-12-30","","47.38029184"
"FISCALÍA GENERAL DE LA NACIÓN - SECTOR CARIBE","2024-12-29","","25.68939936"
"FISCALÍA GENERAL DE LA NACIÓN - SECTOR CARIBE","2024-12-28","","46.57281773"
"FISCALÍA GENERAL DE LA NACIÓN - SECTOR CARIBE","2024-12-27","","86.22106853"
"FISCALÍA GENERAL DE LA NACIÓN - SECTOR CARIBE","2024-12-26","","73.49495783"
"FISCALÍA GENERAL DE LA NACIÓN - SECTOR CARIBE","2024-12-25","","28.62789271"
"FISCALÍA GENERAL DE LA NACIÓN - SECTOR CARIBE","2024-12-24","","50.83195872"
"FISCALÍA GENERAL DE LA NACIÓN - SECTOR CARIBE","2024-12-23","","35.47587201"
"FISCALÍA GENERAL DE LA NACIÓN - SECTOR CARIBE","2024-12-22","","30.16525165"
"FISCALÍA GENERAL DE LA NACIÓN - SECTOR CARIBE","2024-12-21","","52.88806649"
"FISCALÍA GENERAL DE LA NACIÓN - SECTOR CARIBE","2024-12-20","","88.78355316"
"FISCALÍA GENERAL DE LA NACIÓN - SECTOR CARIBE","2024-12-19","","62.79116066"
"FISCALÍA GENERAL DE LA NACIÓN - SECTOR CARIBE","2024-12-18","","27.44989833"
"FISCALÍA GENERAL DE LA NACIÓN - SECTOR CARIBE","2024-12-17","","30.67362152"
"FISCALÍA GENERAL DE LA NACIÓN - SECTOR CARIBE","2024-12-16","","37.87273784"
"FISCALÍA GENERAL DE LA NACIÓN - SECTOR CARIBE","2024-12-15","","46.74035801"
"FISCALÍA GENERAL DE LA NACIÓN - SECTOR CARIBE","2024-12-14","","27.98699304"
"FISCALÍA GENERAL DE LA NACIÓN - SECTOR CARIBE","2024-12-13","","31.41171857"
"FISCALÍA GENERAL DE LA NACIÓN - SECTOR CARIBE","2024-12-12","","61.53581855"
"FISCALÍA GENERAL DE LA NACIÓN - SECTOR CARIBE","2024-12-11","","55.91072603"
"FISCALÍA GENERAL DE LA NACIÓN - SECTOR CARIBE","2024-12-10","","45.54913824"
"FISCALÍA GENERAL DE LA NACIÓN - SECTOR CARIBE","2024-12-09","","40.65772373"
"FISCALÍA GENERAL DE LA NACIÓN - SECTOR CARIBE","2024-12-08","","38.05874664"
"FISCALÍA GENERAL DE LA NACIÓN - SECTOR CARIBE","2024-12-07","","31.95846659"
"FISCALÍA GENERAL DE LA NACIÓN - SECTOR CARIBE","2024-12-06","","38.01678619"
"FISCALÍA GENERAL DE LA NACIÓN - SECTOR CARIBE","2024-12-05","","41.36822019"
"FISCALÍA GENERAL DE LA NACIÓN - SECTOR CARIBE","2024-12-04","","52.98422648"
"FISCALÍA GENERAL DE LA NACIÓN - SECTOR CARIBE","2024-12-03","","46.85619255"
"FISCALÍA GENERAL DE LA NACIÓN - SECTOR CARIBE","2024-12-02","","66.26054997"
"FISCALÍA GENERAL DE LA NACIÓN - SECTOR CARIBE","2024-12-01","","24.55453567"
"FISCALÍA GENERAL DE LA NACIÓN - SECTOR CARIBE","2024-11-30","","31.75962856"
"FISCALÍA GENERAL DE LA NACIÓN - SECTOR CARIBE","2024-11-29","","31.05908935"
"FISCALÍA GENERAL DE LA NACIÓN - SECTOR CARIBE","2024-11-28","","33.86350961"
"FISCALÍA GENERAL DE LA NACIÓN - SECTOR CARIBE","2024-11-27","","36.52804127"
"FISCALÍA GENERAL DE LA NACIÓN - SECTOR CARIBE","2024-11-26","","30.0519467"
"FISCALÍA GENERAL DE LA NACIÓN - SECTOR CARIBE","2024-11-25","","44.04094874"
"FISCALÍA GENERAL DE LA NACIÓN - SECTOR CARIBE","2024-11-24","","18.21166079"
"FISCALÍA GENERAL DE LA NACIÓN - SECTOR CARIBE","2024-11-23","","66.39211904"
"FISCALÍA GENERAL DE LA NACIÓN - SECTOR CARIBE","2024-11-22","","65.53131413"
"FISCALÍA GENERAL DE LA NACIÓN - SECTOR CARIBE","2024-11-21","","45.3425095"
"FISCALÍA GENERAL DE LA NACIÓN - SECTOR CARIBE","2024-11-20","","103.93191753"
"FISCALÍA GENERAL DE LA NACIÓN - SECTOR CARIBE","2024-11-19","","138.20744794"
"FISCALÍA GENERAL DE LA NACIÓN - SECTOR CARIBE","2024-11-18","","68.09265408"
"FISCALÍA GENERAL DE LA NACIÓN - SECTOR CARIBE","2024-11-17","","28.35423764"
"FISCALÍA GENERAL DE LA NACIÓN - SECTOR CARIBE","2024-11-16","","52.05020161"
"FISCALÍA GENERAL DE LA NACIÓN - SECTOR CARIBE","2024-11-15","","61.92607846"
"FISCALÍA GENERAL DE LA NACIÓN - SECTOR CARIBE","2024-11-14","","96.33541624"
"FISCALÍA GENERAL DE LA NACIÓN - SECTOR CARIBE","2024-09-30","","97.39992972"
"FISCALÍA GENERAL DE LA NACIÓN - SECTOR CARIBE","2024-09-29","","43.04550349"
"FISCALÍA GENERAL DE LA NACIÓN - SECTOR CARIBE","2024-09-28","","51.97729335"
"FISCALÍA GENERAL DE LA NACIÓN - SECTOR CARIBE","2024-09-27","","79.14543171"
"FISCALÍA GENERAL DE LA NACIÓN - SECTOR CARIBE","2024-09-26","","40.39458048"
"FISCALÍA GENERAL DE LA NACIÓN - SECTOR CARIBE","2024-09-25","","28.04443761"
"FISCALÍA GENERAL DE LA NACIÓN - SECTOR CARIBE","2024-09-24","","19.13321149"
"FISCALÍA GENERAL DE LA NACIÓN - SECTOR CARIBE","2024-09-23","","35.69468364"
"FISCALÍA GENERAL DE LA NACIÓN - SECTOR CARIBE","2024-09-22","","20.26921988"
"FISCALÍA GENERAL DE LA NACIÓN - SECTOR CARIBE","2024-09-21","","30.85699342"
"FISCALÍA GENERAL DE LA NACIÓN - SECTOR CARIBE","2024-09-20","","35.2692294"
"FISCALÍA GENERAL DE LA NACIÓN - SECTOR CARIBE","2024-09-19","","21.83592711"
"FISCALÍA GENERAL DE LA NACIÓN - SECTOR CARIBE","2024-09-18","","23.52313967"
"FISCALÍA GENERAL DE LA NACIÓN - SECTOR CARIBE","2024-09-17","","66.14826196"
"FISCALÍA GENERAL DE LA NACIÓN - SECTOR CARIBE","2024-09-16","","71.99221076"
"FISCALÍA GENERAL DE LA NACIÓN - SECTOR CARIBE","2024-09-15","","55.46696022"
"FISCALÍA GENERAL DE LA NACIÓN - SECTOR CARIBE","2024-09-14","","67.54651929"
"FISCALÍA GENERAL DE LA NACIÓN - SECTOR CARIBE","2024-09-13","","83.33884949"
"FISCALÍA GENERAL DE LA NACIÓN - SECTOR CARIBE","2024-09-12","","68.24358596"
"FISCALÍA GENERAL DE LA NACIÓN - SECTOR CARIBE","2024-09-11","","74.16573725"
"FISCALÍA GENERAL DE LA NACIÓN - SECTOR CARIBE","2024-09-10","","86.45858376"
"FISCALÍA GENERAL DE LA NACIÓN - SECTOR CARIBE","2024-09-09","","76.96915078"
"FISCALÍA GENERAL DE LA NACIÓN - SECTOR CARIBE","2024-09-08","","71.48109667"
"FISCALÍA GENERAL DE LA NACIÓN - SECTOR CARIBE","2024-09-07","","63.29042914"
"FISCALÍA GENERAL DE LA NACIÓN - SECTOR CARIBE","2024-09-06","","70.02866023"
"FISCALÍA GENERAL DE LA NACIÓN - SECTOR CARIBE","2024-09-05","","70.98430157"
"FISCALÍA GENERAL DE LA NACIÓN - SECTOR CARIBE","2024-09-04","","57.96408447"
"FISCALÍA GENERAL DE LA NACIÓN - SECTOR CARIBE","2024-09-03","","35.1916175"
"FISCALÍA GENERAL DE LA NACIÓN - SECTOR CARIBE","2024-09-02","","30.76526915"
"FISCALÍA GENERAL DE LA NACIÓN - SECTOR CARIBE","2024-09-01","","20.52296022"
"FISCALÍA GENERAL DE LA NACIÓN - SECTOR CARIBE","2024-08-31","","32.22541343"
"FISCALÍA GENERAL DE LA NACIÓN - SECTOR CARIBE","2024-08-30","","48.05158741"
"FISCALÍA GENERAL DE LA NACIÓN - SECTOR CARIBE","2024-08-29","","41.5796577"
"FISCALÍA GENERAL DE LA NACIÓN - SECTOR CARIBE","2024-08-28","","22.1009356"
"FISCALÍA GENERAL DE LA NACIÓN - SECTOR CARIBE","2024-08-27","","33.73698438"
"FISCALÍA GENERAL DE LA NACIÓN - SECTOR CARIBE","2024-08-26","","35.65360728"
"FISCALÍA GENERAL DE LA NACIÓN - SECTOR CARIBE","2024-08-25","","33.11547308"
"FISCALÍA GENERAL DE LA NACIÓN - SECTOR CARIBE","2024-08-24","","50.18648536"
"FISCALÍA GENERAL DE LA NACIÓN - SECTOR CARIBE","2024-08-23","","36.30865218"
"FISCALÍA GENERAL DE LA NACIÓN - SECTOR CARIBE","2024-08-22","","20.37779783"
"FISCALÍA GENERAL DE LA NACIÓN - SECTOR CARIBE","2024-08-21","","28.58000435"
"FISCALÍA GENERAL DE LA NACIÓN - SECTOR CARIBE","2024-08-20","","32.27872734"
"FISCALÍA GENERAL DE LA NACIÓN - SECTOR CARIBE","2024-08-19","","13.61250274"
"FISCALÍA GENERAL DE LA NACIÓN - SECTOR CARIBE","2024-08-18","","16.6400017"
"FISCALÍA GENERAL DE LA NACIÓN - SECTOR CARIBE","2024-08-17","","24.23239945"
"FISCALÍA GENERAL DE LA NACIÓN - SECTOR CARIBE","2024-08-16","","27.69059215"
"FISCALÍA GENERAL DE LA NACIÓN - SECTOR CARIBE","2024-08-15","","37.98811756"
"FISCALÍA GENERAL DE LA NACIÓN - SECTOR CARIBE","2024-08-14","","21.10156567"
"FISCALÍA GENERAL DE LA NACIÓN - SECTOR CARIBE","2024-08-13","","46.73112886"
"FISCALÍA GENERAL DE LA NACIÓN - SECTOR CARIBE","2024-08-12","","52.94031392"
"FISCALÍA GENERAL DE LA NACIÓN - SECTOR CARIBE","2024-08-11","","51.81315141"
"FISCALÍA GENERAL DE LA NACIÓN - SECTOR CARIBE","2024-08-10","","54.67746917"
"FISCALÍA GENERAL DE LA NACIÓN - SECTOR CARIBE","2024-08-09","","53.65452044"
"FISCALÍA GENERAL DE LA NACIÓN - SECTOR CARIBE","2024-08-08","","42.23881637"
"FISCALÍA GENERAL DE LA NACIÓN - SECTOR CARIBE","2024-08-07","","40.1195763"
"FISCALÍA GENERAL DE LA NACIÓN - SECTOR CARIBE","2024-08-06","","58.81513898"
"FISCALÍA GENERAL DE LA NACIÓN - SECTOR CARIBE","2024-08-05","","55.33301049"
"FISCALÍA GENERAL DE LA NACIÓN - SECTOR CARIBE","2024-08-04","","15.02074043"
"FISCALÍA GENERAL DE LA NACIÓN - SECTOR CARIBE","2024-08-03","","28.87982913"
"FISCALÍA GENERAL DE LA NACIÓN - SECTOR CARIBE","2024-08-02","","22.09030113"
"FISCALÍA GENERAL DE LA NACIÓN - SECTOR CARIBE","2024-08-01","","39.37715086"
"FISCALÍA GENERAL DE LA NACIÓN - SECTOR CARIBE","2024-07-31","","30.26872133"
"FISCALÍA GENERAL DE LA NACIÓN - SECTOR CARIBE","2024-07-30","","36.74791584"
"FISCALÍA GENERAL DE LA NACIÓN - SECTOR CARIBE","2024-07-29","","33.47743876"
"FISCALÍA GENERAL DE LA NACIÓN - SECTOR CARIBE","2024-07-28","","28.08645427"
"FISCALÍA GENERAL DE LA NACIÓN - SECTOR CARIBE","2024-07-27","","33.43296918"
"FISCALÍA GENERAL DE LA NACIÓN - SECTOR CARIBE","2024-07-26","","26.23944861"
"FISCALÍA GENERAL DE LA NACIÓN - SECTOR CARIBE","2024-07-25","","27.76317845"
"FISCALÍA GENERAL DE LA NACIÓN - SECTOR CARIBE","2024-07-24","","31.06118968"
"FISCALÍA GENERAL DE LA NACIÓN - SECTOR CARIBE","2024-07-23","","43.64065601"
"FISCALÍA GENERAL DE LA NACIÓN - SECTOR CARIBE","2024-07-22","","39.71081892"
"FISCALÍA GENERAL DE LA NACIÓN - SECTOR CARIBE","2024-07-21","","17.39213156"
"FISCALÍA GENERAL DE LA NACIÓN - SECTOR CARIBE","2024-07-20","","26.44153943"
"FISCALÍA GENERAL DE LA NACIÓN - SECTOR CARIBE","2024-07-19","","60.73779711"
"FISCALÍA GENERAL DE LA NACIÓN - SECTOR CARIBE","2024-07-18","","30.49636663"
"FISCALÍA GENERAL DE LA NACIÓN - SECTOR CARIBE","2024-07-17","","36.43888746"
"FISCALÍA GENERAL DE LA NACIÓN - SECTOR CARIBE","2024-07-16","","53.66907961"
"FISCALÍA GENERAL DE LA NACIÓN - SECTOR CARIBE","2024-07-15","","28.98201924"
"FISCALÍA GENERAL DE LA NACIÓN - SECTOR CARIBE","2024-07-14","","10.94696435"
"FISCALÍA GENERAL DE LA NACIÓN - SECTOR CARIBE","2024-07-13","","59.81291961"
"FISCALÍA GENERAL DE LA NACIÓN - SECTOR CARIBE","2024-07-12","","72.49386573"
"FISCALÍA GENERAL DE LA NACIÓN - SECTOR CARIBE","2024-07-11","","28.24804107"
"FISCALÍA GENERAL DE LA NACIÓN - SECTOR CARIBE","2024-07-10","","23.64585774"
"FISCALÍA GENERAL DE LA NACIÓN - SECTOR CARIBE","2024-07-09","","30.38000573"
"FISCALÍA GENERAL DE LA NACIÓN - SECTOR CARIBE","2024-07-08","","41.99761933"
"FISCALÍA GENERAL DE LA NACIÓN - SECTOR CARIBE","2024-07-07","","27.15363542"
"FISCALÍA GENERAL DE LA NACIÓN - SECTOR CARIBE","2024-07-06","","55.49359495"
"FISCALÍA GENERAL DE LA NACIÓN - SECTOR CARIBE","2024-07-05","","101.99339712"
"FISCALÍA GENERAL DE LA NACIÓN - SECTOR CARIBE","2024-07-04","","38.63851723"
"FISCALÍA GENERAL DE LA NACIÓN - SECTOR CARIBE","2024-07-03","","58.55195485"
"FISCALÍA GENERAL DE LA NACIÓN - SECTOR CARIBE","2024-07-02","","50.51144245"
"FISCALÍA GENERAL DE LA NACIÓN - SECTOR CARIBE","2024-07-01","","43.3033014"
"FISCALÍA GENERAL DE LA NACIÓN - SECTOR CARIBE","2024-06-30","","26.40191083"
"FISCALÍA GENERAL DE LA NACIÓN - SECTOR CARIBE","2024-06-29","","64.18288196"
"FISCALÍA GENERAL DE LA NACIÓN - SECTOR CARIBE","2024-06-28","","52.87823433"
"FISCALÍA GENERAL DE LA NACIÓN - SECTOR CARIBE","2024-06-27","","71.51436965"
"FISCALÍA GENERAL DE LA NACIÓN - SECTOR CARIBE","2024-06-26","","48.89679575"
"FISCALÍA GENERAL DE LA NACIÓN - SECTOR CARIBE","2024-06-25","","60.60350835"
"FISCALÍA GENERAL DE LA NACIÓN - SECTOR CARIBE","2024-06-24","","37.5987506"
"FISCALÍA GENERAL DE LA NACIÓN - SECTOR CARIBE","2024-06-23","","45.74290443"
"FISCALÍA GENERAL DE LA NACIÓN - SECTOR CARIBE","2024-06-22","","31.44206848"
"FISCALÍA GENERAL DE LA NACIÓN - SECTOR CARIBE","2024-06-21","","36.64506139"
"FISCALÍA GENERAL DE LA NACIÓN - SECTOR CARIBE","2024-06-20","","43.89694638"
"FISCALÍA GENERAL DE LA NACIÓN - SECTOR CARIBE","2024-06-19","","87.72213943"
"FISCALÍA GENERAL DE LA NACIÓN - SECTOR CARIBE","2024-06-18","","58.65415518"
"FISCALÍA GENERAL DE LA NACIÓN - SECTOR CARIBE","2024-06-17","","46.48451224"
"FISCALÍA GENERAL DE LA NACIÓN - SECTOR CARIBE","2024-06-16","","23.0068131"
"FISCALÍA GENERAL DE LA NACIÓN - SECTOR CARIBE","2024-06-15","","48.84044989"
"FISCALÍA GENERAL DE LA NACIÓN - SECTOR CARIBE","2024-06-14","","65.28893393"
"FISCALÍA GENERAL DE LA NACIÓN - SECTOR CARIBE","2024-06-13","","63.7576511"
"FISCALÍA GENERAL DE LA NACIÓN - SECTOR CARIBE","2024-06-12","","39.99693488"
"FISCALÍA GENERAL DE LA NACIÓN - SECTOR CARIBE","2024-06-11","","59.3934838"
"FISCALÍA GENERAL DE LA NACIÓN - SECTOR CARIBE","2024-06-10","","29.63825484"
"FISCALÍA GENERAL DE LA NACIÓN - SECTOR CARIBE","2024-06-09","","41.44850768"
"FISCALÍA GENERAL DE LA NACIÓN - SECTOR CARIBE","2024-06-08","","26.73530343"
"FISCALÍA GENERAL DE LA NACIÓN - SECTOR CARIBE","2024-06-07","","49.11291427"
"FISCALÍA GENERAL DE LA NACIÓN - SECTOR CARIBE","2024-06-06","","41.77286177"
"FISCALÍA GENERAL DE LA NACIÓN - SECTOR CARIBE","2024-06-05","","53.42461441"
"FISCALÍA GENERAL DE LA NACIÓN - SECTOR CARIBE","2024-06-04","","90.14527716"
"FISCALÍA GENERAL DE LA NACIÓN - SECTOR CARIBE","2024-06-03","","27.88132795"
"FISCALÍA GENERAL DE LA NACIÓN - SECTOR CARIBE","2024-06-02","","24.20087418"
"FISCALÍA GENERAL DE LA NACIÓN - SECTOR CARIBE","2024-06-01","","43.11080766"
"FISCALÍA GENERAL DE LA NACIÓN - SECTOR CARIBE","2024-05-28","","44.56670998"
"FISCALÍA GENERAL DE LA NACIÓN - SECTOR CARIBE","2024-05-27","","57.55736813"
"FISCALÍA GENERAL DE LA NACIÓN - SECTOR CARIBE","2024-05-26","","36.52642131"
"FISCALÍA GENERAL DE LA NACIÓN - SECTOR CARIBE","2024-05-25","","34.81974884"
"FISCALÍA GENERAL DE LA NACIÓN - SECTOR CARIBE","2024-05-24","","54.91243436"
"FISCALÍA GENERAL DE LA NACIÓN - SECTOR CARIBE","2024-05-23","","45.9423328"
"FISCALÍA GENERAL DE LA NACIÓN - SECTOR CARIBE","2024-05-22","","78.09885309"
"FISCALÍA GENERAL DE LA NACIÓN - SECTOR CARIBE","2024-05-21","","61.81202741"
"FISCALÍA GENERAL DE LA NACIÓN - SECTOR CARIBE","2024-05-20","","70.36152292"
"FISCALÍA GENERAL DE LA NACIÓN - SECTOR CARIBE","2024-05-19","","31.81362104"
"FISCALÍA GENERAL DE LA NACIÓN - SECTOR CARIBE","2024-05-18","","26.50489148"
"FISCALÍA GENERAL DE LA NACIÓN - SECTOR CARIBE","2024-05-17","","46.13476521"
"FISCALÍA GENERAL DE LA NACIÓN - SECTOR CARIBE","2024-05-16","","80.40681552"
"FISCALÍA GENERAL DE LA NACIÓN - SECTOR CARIBE","2024-05-15","","61.96549306"
"FISCALÍA GENERAL DE LA NACIÓN - SECTOR CARIBE","2024-05-14","","59.67398153"
"FISCALÍA GENERAL DE LA NACIÓN - SECTOR CARIBE","2024-05-13","","44.67687611"
"FISCALÍA GENERAL DE LA NACIÓN - SECTOR CARIBE","2024-05-12","","36.04288225"
"FISCALÍA GENERAL DE LA NACIÓN - SECTOR CARIBE","2024-05-11","","85.42891503"
"FISCALÍA GENERAL DE LA NACIÓN - SECTOR CARIBE","2024-05-10","","93.64491417"
"FISCALÍA GENERAL DE LA NACIÓN - SECTOR CARIBE","2024-05-09","","72.21457403"
"FISCALÍA GENERAL DE LA NACIÓN - SECTOR CARIBE","2024-05-08","","45.0272006"
"FISCALÍA GENERAL DE LA NACIÓN - SECTOR CARIBE","2024-05-07","","42.52319791"
"FISCALÍA GENERAL DE LA NACIÓN - SECTOR CARIBE","2024-05-06","","36.60035673"
"FISCALÍA GENERAL DE LA NACIÓN - SECTOR CARIBE","2024-05-05","","16.90280767"
"FISCALÍA GENERAL DE LA NACIÓN - SECTOR CARIBE","2024-05-04","","48.51243685"
"FISCALÍA GENERAL DE LA NACIÓN - SECTOR CARIBE","2024-05-03","","57.44014872"
"FISCALÍA GENERAL DE LA NACIÓN - SECTOR CARIBE","2024-05-02","","63.95683929"
"FISCALÍA GENERAL DE LA NACIÓN - SECTOR CARIBE","2024-05-01","","26.09997906"
"FISCALÍA GENERAL DE LA NACIÓN - SECTOR CARIBE","2024-04-30","","40.8345153"
"FISCALÍA GENERAL DE LA NACIÓN - SECTOR CARIBE","2024-04-29","","39.42183507"
"FISCALÍA GENERAL DE LA NACIÓN - SECTOR CARIBE","2024-04-28","","54.61487855"
"FISCALÍA GENERAL DE LA NACIÓN - SECTOR CARIBE","2024-04-27","","76.24094211"
"FISCALÍA GENERAL DE LA NACIÓN - SECTOR CARIBE","2024-04-26","","58.09141202"
"FISCALÍA GENERAL DE LA NACIÓN - SECTOR CARIBE","2024-04-25","","42.21224807"
"FISCALÍA GENERAL DE LA NACIÓN - SECTOR CARIBE","2024-04-24","","36.77261889"
"FISCALÍA GENERAL DE LA NACIÓN - SECTOR CARIBE","2024-04-23","","65.82877286"
"FISCALÍA GENERAL DE LA NACIÓN - SECTOR CARIBE","2024-04-22","","56.83132622"
"FISCALÍA GENERAL DE LA NACIÓN - SECTOR CARIBE","2024-04-21","","28.63474048"
"FISCALÍA GENERAL DE LA NACIÓN - SECTOR CARIBE","2024-04-20","","45.90716391"
"FISCALÍA GENERAL DE LA NACIÓN - SECTOR CARIBE","2024-04-19","","68.03802016"
"FISCALÍA GENERAL DE LA NACIÓN - SECTOR CARIBE","2024-04-18","","46.78525175"
"FISCALÍA GENERAL DE LA NACIÓN - SECTOR CARIBE","2024-04-17","","24.33387412"
"FISCALÍA GENERAL DE LA NACIÓN - SECTOR CARIBE","2024-04-16","","24.46715513"
"FISCALÍA GENERAL DE LA NACIÓN - SECTOR CARIBE","2024-04-15","","20.01164683"
"FISCALÍA GENERAL DE LA NACIÓN - SECTOR CARIBE","2024-04-14","","7.53002177"
"FISCALÍA GENERAL DE LA NACIÓN - SECTOR CARIBE","2024-04-13","","18.18398866"
"FISCALÍA GENERAL DE LA NACIÓN - SECTOR CARIBE","2024-04-12","","26.22362721"
"FISCALÍA GENERAL DE LA NACIÓN - SECTOR CARIBE","2024-04-11","","36.19519392"
"FISCALÍA GENERAL DE LA NACIÓN - SECTOR CARIBE","2024-04-10","","38.56384593"
"FISCALÍA GENERAL DE LA NACIÓN - SECTOR CARIBE","2024-04-09","","26.36088401"
"FISCALÍA GENERAL DE LA NACIÓN - SECTOR CARIBE","2024-04-08","","21.51580944"
"FISCALÍA GENERAL DE LA NACIÓN - SECTOR CARIBE","2024-04-07","","9.70506091"
"FISCALÍA GENERAL DE LA NACIÓN - SECTOR CARIBE","2024-04-06","","41.80269042"
"FISCALÍA GENERAL DE LA NACIÓN - SECTOR CARIBE","2024-04-05","","55.83473117"
"FISCALÍA GENERAL DE LA NACIÓN - SECTOR CARIBE","2024-04-04","","55.19804237"
"FISCALÍA GENERAL DE LA NACIÓN - SECTOR CARIBE","2024-04-03","","51.76466004"
"FISCALÍA GENERAL DE LA NACIÓN - SECTOR CARIBE","2024-04-02","","44.08812881"
"FISCALÍA GENERAL DE LA NACIÓN - SECTOR CARIBE","2024-04-01","","43.55593281"
"FISCALÍA GENERAL DE LA NACIÓN - SECTOR CARIBE","2024-03-31","","13.54765849"
"FISCALÍA GENERAL DE LA NACIÓN - SECTOR CARIBE","2024-03-30","","12.39972273"
"FISCALÍA GENERAL DE LA NACIÓN - SECTOR CARIBE","2024-03-29","","8.00111731"
"FISCALÍA GENERAL DE LA NACIÓN - SECTOR CARIBE","2024-03-28","","10.95740975"
"FISCALÍA GENERAL DE LA NACIÓN - SECTOR CARIBE","2024-03-27","","26.60197643"
"FISCALÍA GENERAL DE LA NACIÓN - SECTOR CARIBE","2024-03-26","","26.06580156"
"FISCALÍA GENERAL DE LA NACIÓN - SECTOR CARIBE","2024-03-25","","15.96974863"
"FISCALÍA GENERAL DE LA NACIÓN - SECTOR CARIBE","2024-03-24","","16.88877997"
"FISCALÍA GENERAL DE LA NACIÓN - SECTOR CARIBE","2024-03-23","","25.34470639"
"FISCALÍA GENERAL DE LA NACIÓN - SECTOR CARIBE","2024-03-22","","45.1441134"
"FISCALÍA GENERAL DE LA NACIÓN - SECTOR CARIBE","2024-03-21","","41.1036563"
"FISCALÍA GENERAL DE LA NACIÓN - SECTOR CARIBE","2024-03-20","","37.48994926"
"FISCALÍA GENERAL DE LA NACIÓN - SECTOR CARIBE","2024-03-19","","30.60812828"
"FISCALÍA GENERAL DE LA NACIÓN - SECTOR CARIBE","2024-03-18","","31.41091115"
"FISCALÍA GENERAL DE LA NACIÓN - SECTOR CARIBE","2024-03-17","","14.45502308"
"FISCALÍA GENERAL DE LA NACIÓN - SECTOR CARIBE","2024-03-16","","27.76119567"
"FISCALÍA GENERAL DE LA NACIÓN - SECTOR CARIBE","2024-03-15","","19.11701193"
"FISCALÍA GENERAL DE LA NACIÓN - SECTOR CARIBE","2024-03-14","","17.55969227"
"FISCALÍA GENERAL DE LA NACIÓN - SECTOR CARIBE","2024-03-13","","18.80159782"
"FISCALÍA GENERAL DE LA NACIÓN - SECTOR CARIBE","2024-03-12","","25.43125907"
"FISCALÍA GENERAL DE LA NACIÓN - SECTOR CARIBE","2024-03-11","","24.26611192"
"FISCALÍA GENERAL DE LA NACIÓN - SECTOR CARIBE","2024-03-10","","10.73830172"
"FISCALÍA GENERAL DE LA NACIÓN - SECTOR CARIBE","2024-03-09","","38.01802288"
"FISCALÍA GENERAL DE LA NACIÓN - SECTOR CARIBE","2024-03-08","","22.04243832"
"FISCALÍA GENERAL DE LA NACIÓN - SECTOR CARIBE","2024-03-07","","23.6721041"
"FISCALÍA GENERAL DE LA NACIÓN - SECTOR CARIBE","2024-03-06","","22.95421818"
"FISCALÍA GENERAL DE LA NACIÓN - SECTOR CARIBE","2024-03-05","","17.58503922"
"FISCALÍA GENERAL DE LA NACIÓN - SECTOR CARIBE","2024-03-04","","21.11239434"
"FISCALÍA GENERAL DE LA NACIÓN - SECTOR CARIBE","2024-03-03","","12.90745893"
"FISCALÍA GENERAL DE LA NACIÓN - SECTOR CARIBE","2024-03-02","","28.93867902"
"FISCALÍA GENERAL DE LA NACIÓN - SECTOR CARIBE","2024-03-01","","22.54946419"
"FISCALÍA GENERAL DE LA NACIÓN - SECTOR CARIBE","2024-02-29","","33.44949822"
"FISCALÍA GENERAL DE LA NACIÓN - SECTOR CARIBE","2024-02-28","","25.38808749"
"FISCALÍA GENERAL DE LA NACIÓN - SECTOR CARIBE","2024-02-27","","29.38584828"
"FISCALÍA GENERAL DE LA NACIÓN - SECTOR CARIBE","2024-02-26","","37.64901013"
"FISCALÍA GENERAL DE LA NACIÓN - SECTOR CARIBE","2024-02-25","","12.28723542"
"FISCALÍA GENERAL DE LA NACIÓN - SECTOR CARIBE","2024-02-24","","21.87090692"
"FISCALÍA GENERAL DE LA NACIÓN - SECTOR CARIBE","2024-02-23","","24.00663274"
"FISCALÍA GENERAL DE LA NACIÓN - SECTOR CARIBE","2024-02-22","","25.64309007"
"FISCALÍA GENERAL DE LA NACIÓN - SECTOR CARIBE","2024-02-21","","38.41343751"
"FISCALÍA GENERAL DE LA NACIÓN - SECTOR CARIBE","2024-02-20","","40.30928493"
"FISCALÍA GENERAL DE LA NACIÓN - SECTOR CARIBE","2024-02-19","","27.99155141"
"FISCALÍA GENERAL DE LA NACIÓN - SECTOR CARIBE","2024-02-18","","22.09306067"
"FISCALÍA GENERAL DE LA NACIÓN - SECTOR CARIBE","2024-02-17","","20.0173039"
"FISCALÍA GENERAL DE LA NACIÓN - SECTOR CARIBE","2024-02-16","","21.43144396"
"FISCALÍA GENERAL DE LA NACIÓN - SECTOR CARIBE","2024-02-15","","28.3099401"
"FISCALÍA GENERAL DE LA NACIÓN - SECTOR CARIBE","2024-02-14","","21.84300093"
"FISCALÍA GENERAL DE LA NACIÓN - SECTOR CARIBE","2024-02-13","","23.77300643"
"FISCALÍA GENERAL DE LA NACIÓN - SECTOR CARIBE","2024-02-12","","38.81103345"
"FISCALÍA GENERAL DE LA NACIÓN - SECTOR CARIBE","2024-02-11","","12.99785454"
"FISCALÍA GENERAL DE LA NACIÓN - SECTOR CARIBE","2024-02-10","","17.74848105"
"FISCALÍA GENERAL DE LA NACIÓN - SECTOR CARIBE","2024-02-09","","28.23523473"
"FISCALÍA GENERAL DE LA NACIÓN - SECTOR CARIBE","2024-02-08","","24.1909858"
"FISCALÍA GENERAL DE LA NACIÓN - SECTOR CARIBE","2024-02-07","","37.4122921"
"FISCALÍA GENERAL DE LA NACIÓN - SECTOR CARIBE","2024-02-06","","53.9427449"
"FISCALÍA GENERAL DE LA NACIÓN - SECTOR CARIBE","2024-02-05","","54.97931761"
"FISCALÍA GENERAL DE LA NACIÓN - SECTOR CARIBE","2024-02-04","","33.28699425"
"FISCALÍA GENERAL DE LA NACIÓN - SECTOR CARIBE","2024-02-03","","38.22269439"
"FISCALÍA GENERAL DE LA NACIÓN - SECTOR CARIBE","2024-02-02","","50.37282632"
"FISCALÍA GENERAL DE LA NACIÓN - SECTOR CARIBE","2024-02-01","","43.99075053"
"FISCALÍA GENERAL DE LA NACIÓN - SECTOR CARIBE","2024-01-31","","23.81020298"
"FISCALÍA GENERAL DE LA NACIÓN - SECTOR CARIBE","2024-01-30","","26.03465957"
"FISCALÍA GENERAL DE LA NACIÓN - SECTOR CARIBE","2024-01-29","","28.75946485"
"FISCALÍA GENERAL DE LA NACIÓN - SECTOR CARIBE","2024-01-28","","16.53187856"
"FISCALÍA GENERAL DE LA NACIÓN - SECTOR CARIBE","2024-01-27","","21.67247506"
"FISCALÍA GENERAL DE LA NACIÓN - SECTOR CARIBE","2024-01-26","","35.48228029"
"FISCALÍA GENERAL DE LA NACIÓN - SECTOR CARIBE","2024-01-25","","32.48972025"
"FISCALÍA GENERAL DE LA NACIÓN - SECTOR CARIBE","2024-01-24","","29.71922199"
"FISCALÍA GENERAL DE LA NACIÓN - SECTOR CARIBE","2024-01-23","","32.71282963"
"FISCALÍA GENERAL DE LA NACIÓN - SECTOR CARIBE","2024-01-22","","25.61341472"
"FISCALÍA GENERAL DE LA NACIÓN - SECTOR CARIBE","2024-01-21","","19.51280251"
"FISCALÍA GENERAL DE LA NACIÓN - SECTOR CARIBE","2024-01-20","","28.28598996"
"FISCALÍA GENERAL DE LA NACIÓN - SECTOR CARIBE","2024-01-19","","29.06180592"
"FISCALÍA GENERAL DE LA NACIÓN - SECTOR CARIBE","2024-01-18","","26.18724207"
"FISCALÍA GENERAL DE LA NACIÓN - SECTOR CARIBE","2024-01-17","","40.51693062"
"FISCALÍA GENERAL DE LA NACIÓN - SECTOR CARIBE","2024-01-16","","39.47785387"
"FISCALÍA GENERAL DE LA NACIÓN - SECTOR CARIBE","2024-01-15","","29.8840655"
"FISCALÍA GENERAL DE LA NACIÓN - SECTOR CARIBE","2024-01-14","","18.50324269"
"FISCALÍA GENERAL DE LA NACIÓN - SECTOR CARIBE","2024-01-13","","33.94919354"
"FISCALÍA GENERAL DE LA NACIÓN - SECTOR CARIBE","2024-01-12","","29.89529437"
"FISCALÍA GENERAL DE LA NACIÓN - SECTOR CARIBE","2024-01-11","","28.6628112"
"FISCALÍA GENERAL DE LA NACIÓN - SECTOR CARIBE","2024-01-10","","26.51091138"
"FISCALÍA GENERAL DE LA NACIÓN - SECTOR CARIBE","2024-01-09","","25.77591116"
"FISCALÍA GENERAL DE LA NACIÓN - SECTOR CARIBE","2024-01-08","","21.73865819"
"FISCALÍA GENERAL DE LA NACIÓN - SECTOR CARIBE","2024-01-07","","13.41437238"
"FISCALÍA GENERAL DE LA NACIÓN - SECTOR CARIBE","2024-01-06","","45.85204962"
"FISCALÍA GENERAL DE LA NACIÓN - SECTOR CARIBE","2024-01-05","","55.16522011"
"FISCALÍA GENERAL DE LA NACIÓN - SECTOR CARIBE","2024-01-04","","63.86374254"
"FISCALÍA GENERAL DE LA NACIÓN - SECTOR CARIBE","2024-01-03","","32.95166842"
"FISCALÍA GENERAL DE LA NACIÓN - SECTOR CARIBE","2024-01-02","","27.79482535"
"FISCALÍA GENERAL DE LA NACIÓN - SECTOR CARIBE","2024-01-01","","21.68768745"
"FISCALÍA GENERAL DE LA NACIÓN - SECTOR CARIBE","2023-12-31","","25.54701118"
"FISCALÍA GENERAL DE LA NACIÓN - SECTOR CARIBE","2023-12-30","","28.64971358"
"FISCALÍA GENERAL DE LA NACIÓN - SECTOR CARIBE","2023-12-29","","54.27289402"
"FISCALÍA GENERAL DE LA NACIÓN - SECTOR CARIBE","2023-12-28","","60.35685187"
"FISCALÍA GENERAL DE LA NACIÓN - SECTOR CARIBE","2023-12-27","","64.35763793"
"FISCALÍA GENERAL DE LA NACIÓN - SECTOR CARIBE","2023-12-26","","38.68479074"
"FISCALÍA GENERAL DE LA NACIÓN - SECTOR CARIBE","2023-12-25","","15.53573322"
"FISCALÍA GENERAL DE LA NACIÓN - SECTOR CARIBE","2023-12-24","","12.39295673"
"FISCALÍA GENERAL DE LA NACIÓN - SECTOR CARIBE","2023-12-23","","30.38416038"
"FISCALÍA GENERAL DE LA NACIÓN - SECTOR CARIBE","2023-12-22","","30.19747703"
"FISCALÍA GENERAL DE LA NACIÓN - SECTOR CARIBE","2023-12-21","","30.30070453"
"FISCALÍA GENERAL DE LA NACIÓN - SECTOR CARIBE","2023-12-20","","32.71601333"
"FISCALÍA GENERAL DE LA NACIÓN - SECTOR CARIBE","2023-12-19","","44.58477045"
"FISCALÍA GENERAL DE LA NACIÓN - SECTOR CARIBE","2023-12-18","","28.24588454"
"FISCALÍA GENERAL DE LA NACIÓN - SECTOR CARIBE","2023-12-17","","45.80823926"
"FISCALÍA GENERAL DE LA NACIÓN - SECTOR CARIBE","2023-12-16","","62.50017154"
"FISCALÍA GENERAL DE LA NACIÓN - SECTOR CARIBE","2023-12-15","","44.21348174"
"FISCALÍA GENERAL DE LA NACIÓN - SECTOR CARIBE","2023-12-14","","36.85408686"
"FISCALÍA GENERAL DE LA NACIÓN - SECTOR CARIBE","2023-12-13","","27.25818136"
"FISCALÍA GENERAL DE LA NACIÓN - SECTOR CARIBE","2023-12-12","","25.19659538"
"FISCALÍA GENERAL DE LA NACIÓN - SECTOR CARIBE","2023-12-11","","27.44645912"
"FISCALÍA GENERAL DE LA NACIÓN - SECTOR CARIBE","2023-12-10","","15.20736246"
"FISCALÍA GENERAL DE LA NACIÓN - SECTOR CARIBE","2023-12-09","","40.23463919"
"FISCALÍA GENERAL DE LA NACIÓN - SECTOR CARIBE","2023-12-08","","15.94570991"
"FISCALÍA GENERAL DE LA NACIÓN - SECTOR CARIBE","2023-12-07","","49.07399955"
"FISCALÍA GENERAL DE LA NACIÓN - SECTOR CARIBE","2023-12-06","","36.22330552"
"FISCALÍA GENERAL DE LA NACIÓN - SECTOR CARIBE","2023-12-05","","40.70581569"
"FISCALÍA GENERAL DE LA NACIÓN - SECTOR CARIBE","2023-12-04","","31.78816166"
"FISCALÍA GENERAL DE LA NACIÓN - SECTOR CARIBE","2023-12-03","","18.13275818"
"FISCALÍA GENERAL DE LA NACIÓN - SECTOR CARIBE","2023-12-02","","35.01007581"
"FISCALÍA GENERAL DE LA NACIÓN - SECTOR CARIBE","2023-12-01","","46.87254031"
"FISCALÍA GENERAL DE LA NACIÓN - SECTOR CARIBE","2023-11-30","","31.90355671"
"FISCALÍA GENERAL DE LA NACIÓN - SECTOR CARIBE","2023-11-29","","44.35632918"
"FISCALÍA GENERAL DE LA NACIÓN - SECTOR CARIBE","2023-11-28","","44.22398335"
"FISCALÍA GENERAL DE LA NACIÓN - SECTOR CARIBE","2023-11-27","","26.9271737"
"FISCALÍA GENERAL DE LA NACIÓN - SECTOR CARIBE","2023-11-26","","21.1424223"
"FISCALÍA GENERAL DE LA NACIÓN - SECTOR CARIBE","2023-11-25","","47.50310701"
"FISCALÍA GENERAL DE LA NACIÓN - SECTOR CARIBE","2023-11-24","","72.70943235"
"FISCALÍA GENERAL DE LA NACIÓN - SECTOR CARIBE","2023-11-23","","46.95310375"
"FISCALÍA GENERAL DE LA NACIÓN - SECTOR CARIBE","2023-11-22","","41.36875677"
"FISCALÍA GENERAL DE LA NACIÓN - SECTOR CARIBE","2023-11-21","","44.41744702"
"FISCALÍA GENERAL DE LA NACIÓN - SECTOR CARIBE","2023-11-20","","47.12050605"
"FISCALÍA GENERAL DE LA NACIÓN - SECTOR CARIBE","2023-11-19","","44.29443357"
"FISCALÍA GENERAL DE LA NACIÓN - SECTOR CARIBE","2023-11-18","","65.14653108"
"FISCALÍA GENERAL DE LA NACIÓN - SECTOR CARIBE","2023-11-17","","61.3034378"
"FISCALÍA GENERAL DE LA NACIÓN - SECTOR CARIBE","2023-11-16","","73.43456974"
"FISCALÍA GENERAL DE LA NACIÓN - SECTOR CARIBE","2023-11-15","","34.72274565"
"FISCALÍA GENERAL DE LA NACIÓN - SECTOR CARIBE","2023-11-14","","30.32081345"
"FISCALÍA GENERAL DE LA NACIÓN - SECTOR CARIBE","2023-11-13","","17.60188267"
"FISCALÍA GENERAL DE LA NACIÓN - SECTOR CARIBE","2023-11-12","","13.52246485"
"FISCALÍA GENERAL DE LA NACIÓN - SECTOR CARIBE","2023-11-11","","23.59637498"
"FISCALÍA GENERAL DE LA NACIÓN - SECTOR CARIBE","2023-11-10","","34.84035346"
"FISCALÍA GENERAL DE LA NACIÓN - SECTOR CARIBE","2023-11-09","","29.23351432"
"FISCALÍA GENERAL DE LA NACIÓN - SECTOR CARIBE","2023-11-08","","54.63953319"
"FISCALÍA GENERAL DE LA NACIÓN - SECTOR CARIBE","2023-11-07","","33.27120889"
"FISCALÍA GENERAL DE LA NACIÓN - SECTOR CARIBE","2023-11-06","","21.69795998"
"FISCALÍA GENERAL DE LA NACIÓN - SECTOR CARIBE","2023-11-05","","26.8302114"
"FISCALÍA GENERAL DE LA NACIÓN - SECTOR CARIBE","2023-11-04","","41.18250269"
"FISCALÍA GENERAL DE LA NACIÓN - SECTOR CARIBE","2023-11-03","","62.48211696"
"FISCALÍA GENERAL DE LA NACIÓN - SECTOR CARIBE","2023-11-02","","48.94246115"
"FISCALÍA GENERAL DE LA NACIÓN - SECTOR CARIBE","2023-11-01","","58.59719098"
"FISCALÍA GENERAL DE LA NACIÓN - SECTOR CARIBE","2023-10-31","","60.06171321"
"FISCALÍA GENERAL DE LA NACIÓN - SECTOR CARIBE","2023-10-30","","55.99202023"
"FISCALÍA GENERAL DE LA NACIÓN - SECTOR CARIBE","2023-10-29","","40.54785799"
"FISCALÍA GENERAL DE LA NACIÓN - SECTOR CARIBE","2023-10-28","","46.4143533"
"FISCALÍA GENERAL DE LA NACIÓN - SECTOR CARIBE","2023-10-27","","80.65314086"
"FISCALÍA GENERAL DE LA NACIÓN - SECTOR CARIBE","2023-10-26","","80.33529215"
"FISCALÍA GENERAL DE LA NACIÓN - SECTOR CARIBE","2023-10-25","","152.99388921"
"FISCALÍA GENERAL DE LA NACIÓN - SECTOR CARIBE","2023-10-24","","94.37394962"
"FISCALÍA GENERAL DE LA NACIÓN - SECTOR CARIBE","2023-10-23","","66.82793777"
"FISCALÍA GENERAL DE LA NACIÓN - SECTOR CARIBE","2023-10-22","","55.47180476"
"FISCALÍA GENERAL DE LA NACIÓN - SECTOR CARIBE","2023-10-21","","75.86720236"
"FISCALÍA GENERAL DE LA NACIÓN - SECTOR CARIBE","2023-10-20","","71.95595849"
"FISCALÍA GENERAL DE LA NACIÓN - SECTOR CARIBE","2023-10-19","","39.79544707"
"FISCALÍA GENERAL DE LA NACIÓN - SECTOR CARIBE","2023-10-18","","39.83094813"
"FISCALÍA GENERAL DE LA NACIÓN - SECTOR CARIBE","2023-10-17","","92.47773313"
"FISCALÍA GENERAL DE LA NACIÓN - SECTOR CARIBE","2023-10-16","","16.41578851"
"FISCALÍA GENERAL DE LA NACIÓN - SECTOR CARIBE","2023-10-15","","10.41381477"
"FISCALÍA GENERAL DE LA NACIÓN - SECTOR CARIBE","2023-10-14","","29.61164054"
"FISCALÍA GENERAL DE LA NACIÓN - SECTOR CARIBE","2023-10-13","","52.040349"
"FISCALÍA GENERAL DE LA NACIÓN - SECTOR CARIBE","2023-10-12","","57.17216604"
"FISCALÍA GENERAL DE LA NACIÓN - SECTOR CARIBE","2023-10-11","","40.16378016"
"FISCALÍA GENERAL DE LA NACIÓN - SECTOR CARIBE","2023-10-10","","33.95555793"
"FISCALÍA GENERAL DE LA NACIÓN - SECTOR CARIBE","2023-10-09","","57.68379627"
"FISCALÍA GENERAL DE LA NACIÓN - SECTOR CARIBE","2023-10-08","","43.05174314"
"FISCALÍA GENERAL DE LA NACIÓN - SECTOR CARIBE","2023-10-07","","38.16168284"
"FISCALÍA GENERAL DE LA NACIÓN - SECTOR CARIBE","2023-10-06","","82.44554837"
"FISCALÍA GENERAL DE LA NACIÓN - SECTOR CARIBE","2023-10-05","","106.20781812"
"FISCALÍA GENERAL DE LA NACIÓN - SECTOR CARIBE","2023-10-04","","68.68409142"
"FISCALÍA GENERAL DE LA NACIÓN - SECTOR CARIBE","2023-10-03","","56.76278725"
"FISCALÍA GENERAL DE LA NACIÓN - SECTOR CARIBE","2023-10-02","","31.89388297"
"FISCALÍA GENERAL DE LA NACIÓN - SECTOR CARIBE","2023-10-01","","11.41674145"
"FISCALÍA GENERAL DE LA NACIÓN - SECTOR CARIBE","2023-09-30","","18.02851885"
"FISCALÍA GENERAL DE LA NACIÓN - SECTOR CARIBE","2023-09-29","","31.51712815"
"FISCALÍA GENERAL DE LA NACIÓN - SECTOR CARIBE","2023-09-28","","35.44352399"
"FISCALÍA GENERAL DE LA NACIÓN - SECTOR CARIBE","2023-09-27","","29.73390526"
"FISCALÍA GENERAL DE LA NACIÓN - SECTOR CARIBE","2023-09-26","","46.86090166"
"FISCALÍA GENERAL DE LA NACIÓN - SECTOR CARIBE","2023-09-25","","42.95245055"
"FISCALÍA GENERAL DE LA NACIÓN - SECTOR CARIBE","2023-09-24","","29.06472389"
"FISCALÍA GENERAL DE LA NACIÓN - SECTOR CARIBE","2023-09-23","","43.55963264"
"FISCALÍA GENERAL DE LA NACIÓN - SECTOR CARIBE","2023-09-22","","23.80980039"
"FISCALÍA GENERAL DE LA NACIÓN - SECTOR CARIBE","2023-09-21","","36.62424726"
"FISCALÍA GENERAL DE LA NACIÓN - SECTOR CARIBE","2023-09-20","","34.68548155"
"FISCALÍA GENERAL DE LA NACIÓN - SECTOR CARIBE","2023-09-19","","21.27800804"
"FISCALÍA GENERAL DE LA NACIÓN - SECTOR CARIBE","2023-09-18","","40.82927556"
"FISCALÍA GENERAL DE LA NACIÓN - SECTOR CARIBE","2023-09-17","","17.04314596"
"FISCALÍA GENERAL DE LA NACIÓN - SECTOR CARIBE","2023-09-16","","24.870652"
"FISCALÍA GENERAL DE LA NACIÓN - SECTOR CARIBE","2023-09-15","","24.66402325"
"FISCALÍA GENERAL DE LA NACIÓN - SECTOR CARIBE","2023-09-14","","35.70057067"
"FISCALÍA GENERAL DE LA NACIÓN - SECTOR CARIBE","2023-09-13","","51.09591961"
"FISCALÍA GENERAL DE LA NACIÓN - SECTOR CARIBE","2023-09-12","","29.45678396"
"FISCALÍA GENERAL DE LA NACIÓN - SECTOR CARIBE","2023-09-11","","22.07744879"
"FISCALÍA GENERAL DE LA NACIÓN - SECTOR CARIBE","2023-09-10","","20.92672793"
"FISCALÍA GENERAL DE LA NACIÓN - SECTOR CARIBE","2023-09-09","","32.73206469"
"FISCALÍA GENERAL DE LA NACIÓN - SECTOR CARIBE","2023-09-08","","30.62272833"
"FISCALÍA GENERAL DE LA NACIÓN - SECTOR CARIBE","2023-09-07","","35.69786223"
"FISCALÍA GENERAL DE LA NACIÓN - SECTOR CARIBE","2023-09-06","","34.33719606"
"FISCALÍA GENERAL DE LA NACIÓN - SECTOR CARIBE","2023-09-05","","25.44257832"
"FISCALÍA GENERAL DE LA NACIÓN - SECTOR CARIBE","2023-09-04","","36.00007862"
"FISCALÍA GENERAL DE LA NACIÓN - SECTOR CARIBE","2023-09-03","","42.18135137"
"FISCALÍA GENERAL DE LA NACIÓN - SECTOR CARIBE","2023-09-02","","42.22851407"
"FISCALÍA GENERAL DE LA NACIÓN - SECTOR CARIBE","2023-09-01","","45.56347255"
"FISCALÍA GENERAL DE LA NACIÓN - SECTOR CARIBE","2023-08-31","","41.79177488"
"FISCALÍA GENERAL DE LA NACIÓN - SECTOR CARIBE","2023-08-30","","33.37658316"
"FISCALÍA GENERAL DE LA NACIÓN - SECTOR CARIBE","2023-08-29","","40.31978143"
"FISCALÍA GENERAL DE LA NACIÓN - SECTOR CARIBE","2023-08-28","","19.80003046"
"FISCALÍA GENERAL DE LA NACIÓN - SECTOR CARIBE","2023-08-27","","11.31401453"
"FISCALÍA GENERAL DE LA NACIÓN - SECTOR CARIBE","2023-08-26","","32.12992133"
"FISCALÍA GENERAL DE LA NACIÓN - SECTOR CARIBE","2023-08-25","","33.20534744"
"FISCALÍA GENERAL DE LA NACIÓN - SECTOR CARIBE","2023-08-24","","43.6133128"
"FISCALÍA GENERAL DE LA NACIÓN - SECTOR CARIBE","2023-08-23","","101.43928709"
"FISCALÍA GENERAL DE LA NACIÓN - SECTOR CARIBE","2023-08-22","","84.05422116"
"FISCALÍA GENERAL DE LA NACIÓN - SECTOR CARIBE","2023-08-21","","28.89781218"
"FISCALÍA GENERAL DE LA NACIÓN - SECTOR CARIBE","2023-08-20","","31.87005888"
"FISCALÍA GENERAL DE LA NACIÓN - SECTOR CARIBE","2023-08-19","","48.46825855"
"FISCALÍA GENERAL DE LA NACIÓN - SECTOR CARIBE","2023-08-18","","78.42796484"
"FISCALÍA GENERAL DE LA NACIÓN - SECTOR CARIBE","2023-08-17","","45.3691238"
"FISCALÍA GENERAL DE LA NACIÓN - SECTOR CARIBE","2023-08-16","","35.91362814"
"FISCALÍA GENERAL DE LA NACIÓN - SECTOR CARIBE","2023-08-15","","38.48030014"
"FISCALÍA GENERAL DE LA NACIÓN - SECTOR CARIBE","2023-08-14","","22.93756381"
"FISCALÍA GENERAL DE LA NACIÓN - SECTOR CARIBE","2023-08-13","","13.33101362"
"FISCALÍA GENERAL DE LA NACIÓN - SECTOR CARIBE","2023-08-12","","20.68601367"
"FISCALÍA GENERAL DE LA NACIÓN - SECTOR CARIBE","2023-08-11","","32.89410631"
"FISCALÍA GENERAL DE LA NACIÓN - SECTOR CARIBE","2023-08-10","","35.3711983"
"FISCALÍA GENERAL DE LA NACIÓN - SECTOR CARIBE","2023-08-09","","28.77172643"
"FISCALÍA GENERAL DE LA NACIÓN - SECTOR CARIBE","2023-08-08","","25.75854952"
"FISCALÍA GENERAL DE LA NACIÓN - SECTOR CARIBE","2023-08-07","","20.00347551"
"FISCALÍA GENERAL DE LA NACIÓN - SECTOR CARIBE","2023-08-06","","16.91225145"
"FISCALÍA GENERAL DE LA NACIÓN - SECTOR CARIBE","2023-08-05","","22.34847719"
"FISCALÍA GENERAL DE LA NACIÓN - SECTOR CARIBE","2023-08-04","","32.46230876"
"FISCALÍA GENERAL DE LA NACIÓN - SECTOR CARIBE","2023-08-03","","23.47146971"
"FISCALÍA GENERAL DE LA NACIÓN - SECTOR CARIBE","2023-08-02","","30.24732773"
"FISCALÍA GENERAL DE LA NACIÓN - SECTOR CARIBE","2023-08-01","","26.62948502"
"FISCALÍA GENERAL DE LA NACIÓN - SECTOR CARIBE","2023-07-31","","22.00269573"
"FISCALÍA GENERAL DE LA NACIÓN - SECTOR CARIBE","2023-07-30","","23.46939494"
"FISCALÍA GENERAL DE LA NACIÓN - SECTOR CARIBE","2023-07-29","","61.30200692"
"FISCALÍA GENERAL DE LA NACIÓN - SECTOR CARIBE","2023-07-28","","47.32087981"
"FISCALÍA GENERAL DE LA NACIÓN - SECTOR CARIBE","2023-07-27","","81.53862415"
"FISCALÍA GENERAL DE LA NACIÓN - SECTOR CARIBE","2023-07-26","","48.63903363"
"FISCALÍA GENERAL DE LA NACIÓN - SECTOR CARIBE","2023-07-25","","26.98369112"
"FISCALÍA GENERAL DE LA NACIÓN - SECTOR CARIBE","2023-07-24","","25.58243114"
"FISCALÍA GENERAL DE LA NACIÓN - SECTOR CARIBE","2023-07-23","","19.98203281"
"FISCALÍA GENERAL DE LA NACIÓN - SECTOR CARIBE","2023-07-22","","58.6873975"
"FISCALÍA GENERAL DE LA NACIÓN - SECTOR CARIBE","2023-07-21","","49.33156238"
"FISCALÍA GENERAL DE LA NACIÓN - SECTOR CARIBE","2023-07-20","","47.0515838"
"FISCALÍA GENERAL DE LA NACIÓN - SECTOR CARIBE","2023-07-19","","47.61560794"
"FISCALÍA GENERAL DE LA NACIÓN - SECTOR CARIBE","2023-07-18","","29.10060911"
"FISCALÍA GENERAL DE LA NACIÓN - SECTOR CARIBE","2023-07-17","","32.93639893"
"FISCALÍA GENERAL DE LA NACIÓN - SECTOR CARIBE","2023-07-16","","14.51897303"
"FISCALÍA GENERAL DE LA NACIÓN - SECTOR CARIBE","2023-07-15","","27.69557466"
"FISCALÍA GENERAL DE LA NACIÓN - SECTOR CARIBE","2023-07-14","","36.68644949"
"FISCALÍA GENERAL DE LA NACIÓN - SECTOR CARIBE","2023-07-13","","24.49384608"
"FISCALÍA GENERAL DE LA NACIÓN - SECTOR CARIBE","2023-07-12","","24.23769369"
"FISCALÍA GENERAL DE LA NACIÓN - SECTOR CARIBE","2023-07-11","","23.05022414"
"FISCALÍA GENERAL DE LA NACIÓN - SECTOR CARIBE","2023-06-30","","42.99932197"
"FISCALÍA GENERAL DE LA NACIÓN - SECTOR CARIBE","2023-06-29","","40.8329243"
"FISCALÍA GENERAL DE LA NACIÓN - SECTOR CARIBE","2023-06-28","","39.48833504"
"FISCALÍA GENERAL DE LA NACIÓN - SECTOR CARIBE","2023-06-27","","35.73170487"
"FISCALÍA GENERAL DE LA NACIÓN - SECTOR CARIBE","2023-06-26","","42.51196553"
"FISCALÍA GENERAL DE LA NACIÓN - SECTOR CARIBE","2023-06-25","","35.69946685"
"FISCALÍA GENERAL DE LA NACIÓN - SECTOR CARIBE","2023-06-24","","39.03711846"
"FISCALÍA GENERAL DE LA NACIÓN - SECTOR CARIBE","2023-06-23","","43.44283908"
"FISCALÍA GENERAL DE LA NACIÓN - SECTOR CARIBE","2023-06-21","","59.74960436"
"FISCALÍA GENERAL DE LA NACIÓN - SECTOR CARIBE","2023-06-20","","33.5211878"
"FISCALÍA GENERAL DE LA NACIÓN - SECTOR CARIBE","2023-06-19","","47.05822529"
"FISCALÍA GENERAL DE LA NACIÓN - SECTOR CARIBE","2023-06-18","","22.53201816"
"FISCALÍA GENERAL DE LA NACIÓN - SECTOR CARIBE","2023-06-17","","32.21127175"
"FISCALÍA GENERAL DE LA NACIÓN - SECTOR CARIBE","2023-06-16","","37.78144793"
"FISCALÍA GENERAL DE LA NACIÓN - SECTOR CARIBE","2023-06-15","","35.9851975"
"FISCALÍA GENERAL DE LA NACIÓN - SECTOR CARIBE","2023-06-14","","37.20295491"
"FISCALÍA GENERAL DE LA NACIÓN - SECTOR CARIBE","2023-06-13","","39.03817015"
"FISCALÍA GENERAL DE LA NACIÓN - SECTOR CARIBE","2023-06-12","","34.92634912"
"FISCALÍA GENERAL DE LA NACIÓN - SECTOR CARIBE","2023-06-11","","19.32705945"
"FISCALÍA GENERAL DE LA NACIÓN - SECTOR CARIBE","2023-06-10","","30.17604455"
"FISCALÍA GENERAL DE LA NACIÓN - SECTOR CARIBE","2023-06-09","","53.32475969"
"FISCALÍA GENERAL DE LA NACIÓN - SECTOR CARIBE","2023-06-08","","63.78712715"
"FISCALÍA GENERAL DE LA NACIÓN - SECTOR CARIBE","2023-06-07","","40.13773821"
"FISCALÍA GENERAL DE LA NACIÓN - SECTOR CARIBE","2023-06-06","","30.7172888"
"FISCALÍA GENERAL DE LA NACIÓN - SECTOR CARIBE","2023-06-05","","41.87182218"
"FISCALÍA GENERAL DE LA NACIÓN - SECTOR CARIBE","2023-06-04","","53.59600782"
"FISCALÍA GENERAL DE LA NACIÓN - SECTOR CARIBE","2023-06-03","","85.16676828"
"FISCALÍA GENERAL DE LA NACIÓN - SECTOR CARIBE","2023-06-02","","77.53623768"
"FISCALÍA GENERAL DE LA NACIÓN - SECTOR CARIBE","2023-06-01","","56.95792811"
"FISCALÍA GENERAL DE LA NACIÓN - SECTOR CARIBE","2023-05-31","","52.12694767"
"FISCALÍA GENERAL DE LA NACIÓN - SECTOR CARIBE","2023-05-30","","61.28916378"
"FISCALÍA GENERAL DE LA NACIÓN - SECTOR CARIBE","2023-05-29","","68.63829827"
"FISCALÍA GENERAL DE LA NACIÓN - SECTOR CARIBE","2023-05-28","","42.82708024"
"FISCALÍA GENERAL DE LA NACIÓN - SECTOR CARIBE","2023-05-27","","65.23606305"
"FISCALÍA GENERAL DE LA NACIÓN - SECTOR CARIBE","2023-05-26","","91.93172099"
"FISCALÍA GENERAL DE LA NACIÓN - SECTOR CARIBE","2023-05-25","","53.90906309"
"FISCALÍA GENERAL DE LA NACIÓN - SECTOR CARIBE","2023-05-24","","52.49285338"
"FISCALÍA GENERAL DE LA NACIÓN - SECTOR CARIBE","2023-05-23","","57.75096569"
"FISCALÍA GENERAL DE LA NACIÓN - SECTOR CARIBE","2023-05-22","","33.84085066"
"FISCALÍA GENERAL DE LA NACIÓN - SECTOR CARIBE","2023-05-21","","57.79652888"
"FISCALÍA GENERAL DE LA NACIÓN - SECTOR CARIBE","2023-05-20","","53.65630903"
"FISCALÍA GENERAL DE LA NACIÓN - SECTOR CARIBE","2023-05-19","","28.50219535"
"FISCALÍA GENERAL DE LA NACIÓN - SECTOR CARIBE","2023-05-18","","32.58357552"
"FISCALÍA GENERAL DE LA NACIÓN - SECTOR CARIBE","2023-05-17","","38.07343383"
"FISCALÍA GENERAL DE LA NACIÓN - SECTOR CARIBE","2023-05-16","","54.58331138"
"FISCALÍA GENERAL DE LA NACIÓN - SECTOR CARIBE","2023-05-15","","41.71880531"
"FISCALÍA GENERAL DE LA NACIÓN - SECTOR CARIBE","2023-05-14","","16.73912565"
"FISCALÍA GENERAL DE LA NACIÓN - SECTOR CARIBE","2023-05-13","","41.10927759"
"FISCALÍA GENERAL DE LA NACIÓN - SECTOR CARIBE","2023-05-12","","49.3410266"
"FISCALÍA GENERAL DE LA NACIÓN - SECTOR CARIBE","2023-05-11","","55.45928459"
"FISCALÍA GENERAL DE LA NACIÓN - SECTOR CARIBE","2023-05-10","","28.15545827"
"FISCALÍA GENERAL DE LA NACIÓN - SECTOR CARIBE","2023-05-09","","32.36671601"
"FISCALÍA GENERAL DE LA NACIÓN - SECTOR CARIBE","2023-05-08","","33.72897658"
"FISCALÍA GENERAL DE LA NACIÓN - SECTOR CARIBE","2023-05-07","","15.27806818"
"FISCALÍA GENERAL DE LA NACIÓN - SECTOR CARIBE","2023-05-06","","27.9231913"
"FISCALÍA GENERAL DE LA NACIÓN - SECTOR CARIBE","2023-05-05","","33.03977462"
"FISCALÍA GENERAL DE LA NACIÓN - SECTOR CARIBE","2023-05-04","","27.34330828"
"FISCALÍA GENERAL DE LA NACIÓN - SECTOR CARIBE","2023-05-03","","36.53719527"
"FISCALÍA GENERAL DE LA NACIÓN - SECTOR CARIBE","2023-05-02","","25.76714193"
"FISCALÍA GENERAL DE LA NACIÓN - SECTOR CARIBE","2023-05-01","","31.86608308"
"FISCALÍA GENERAL DE LA NACIÓN - SECTOR CARIBE","2023-04-30","","21.86008848"
"FISCALÍA GENERAL DE LA NACIÓN - SECTOR CARIBE","2023-04-29","","45.67340984"
"FISCALÍA GENERAL DE LA NACIÓN - SECTOR CARIBE","2023-04-28","","40.43061812"
"FISCALÍA GENERAL DE LA NACIÓN - SECTOR CARIBE","2023-04-27","","62.16899525"
"FISCALÍA GENERAL DE LA NACIÓN - SECTOR CARIBE","2023-04-26","","62.4183612"
"FISCALÍA GENERAL DE LA NACIÓN - SECTOR CARIBE","2023-04-25","","35.58886524"
"FISCALÍA GENERAL DE LA NACIÓN - SECTOR CARIBE","2023-04-24","","30.88919324"
"FISCALÍA GENERAL DE LA NACIÓN - SECTOR CARIBE","2023-04-23","","34.84028702"
"FISCALÍA GENERAL DE LA NACIÓN - SECTOR CARIBE","2023-04-22","","44.7468204"
"FISCALÍA GENERAL DE LA NACIÓN - SECTOR CARIBE","2023-04-21","","54.44998029"
"FISCALÍA GENERAL DE LA NACIÓN - SECTOR CARIBE","2023-04-20","","57.90199978"
"FISCALÍA GENERAL DE LA NACIÓN - SECTOR CARIBE","2023-04-19","","36.47018021"
"FISCALÍA GENERAL DE LA NACIÓN - SECTOR CARIBE","2023-04-18","","43.91862437"
"FISCALÍA GENERAL DE LA NACIÓN - SECTOR CARIBE","2023-04-17","","59.44771913"
"FISCALÍA GENERAL DE LA NACIÓN - SECTOR CARIBE","2023-04-16","","39.63576129"
"FISCALÍA GENERAL DE LA NACIÓN - SECTOR CARIBE","2023-04-15","","73.4465891"
"FISCALÍA GENERAL DE LA NACIÓN - SECTOR CARIBE","2023-04-14","","48.91843265"
"FISCALÍA GENERAL DE LA NACIÓN - SECTOR CARIBE","2023-04-13","","31.11226173"
"FISCALÍA GENERAL DE LA NACIÓN - SECTOR CARIBE","2023-04-12","","28.32882937"
"FISCALÍA GENERAL DE LA NACIÓN - SECTOR CARIBE","2023-04-11","","32.75103913"
"FISCALÍA GENERAL DE LA NACIÓN - SECTOR CARIBE","2023-04-10","","24.71854986"
"FISCALÍA GENERAL DE LA NACIÓN - SECTOR CARIBE","2023-04-09","","5.43348663"
"FISCALÍA GENERAL DE LA NACIÓN - SECTOR CARIBE","2023-04-05","","48.12901995"
"FISCALÍA GENERAL DE LA NACIÓN - SECTOR CARIBE","2023-04-04","","35.21283097"
"FISCALÍA GENERAL DE LA NACIÓN - SECTOR CARIBE","2023-04-03","","33.50883117"
"FISCALÍA GENERAL DE LA NACIÓN - SECTOR CARIBE","2023-04-02","","41.24426544"
"FISCALÍA GENERAL DE LA NACIÓN - SECTOR CARIBE","2023-04-01","","25.72174738"
"FISCALÍA GENERAL DE LA NACIÓN - SECTOR CARIBE","2023-03-31","","28.04053336"
"FISCALÍA GENERAL DE LA NACIÓN - SECTOR CARIBE","2023-03-30","","47.79272657"
"FISCALÍA GENERAL DE LA NACIÓN - SECTOR CARIBE","2023-03-29","","39.38586898"
"FISCALÍA GENERAL DE LA NACIÓN - SECTOR CARIBE","2023-03-28","","62.49926749"
"FISCALÍA GENERAL DE LA NACIÓN - SECTOR CARIBE","2023-03-27","","60.94236426"
"FISCALÍA GENERAL DE LA NACIÓN - SECTOR CARIBE","2023-03-26","","9.72622115"
"FISCALÍA GENERAL DE LA NACIÓN - SECTOR CARIBE","2023-03-25","","25.42099765"
"FISCALÍA GENERAL DE LA NACIÓN - SECTOR CARIBE","2023-03-24","","22.65267636"
"FISCALÍA GENERAL DE LA NACIÓN - SECTOR CARIBE","2023-03-23","","21.55704423"
"FISCALÍA GENERAL DE LA NACIÓN - SECTOR CARIBE","2023-03-22","","48.05876734"
"FISCALÍA GENERAL DE LA NACIÓN - SECTOR CARIBE","2023-03-21","","39.89408554"
"FISCALÍA GENERAL DE LA NACIÓN - SECTOR CARIBE","2023-03-20","","38.97831011"
"FISCALÍA GENERAL DE LA NACIÓN - SECTOR CARIBE","2023-03-19","","60.47116773"
"FISCALÍA GENERAL DE LA NACIÓN - SECTOR CARIBE","2023-03-18","","42.54433911"
"FISCALÍA GENERAL DE LA NACIÓN - SECTOR CARIBE","2023-03-17","","29.66468246"
"FISCALÍA GENERAL DE LA NACIÓN - SECTOR CARIBE","2023-03-16","","68.92590439"
"FISCALÍA GENERAL DE LA NACIÓN - SECTOR CARIBE","2023-03-15","","107.07112705"
"FISCALÍA GENERAL DE LA NACIÓN - SECTOR CARIBE","2023-03-14","","52.41434426"
"FISCALÍA GENERAL DE LA NACIÓN - SECTOR CARIBE","2023-03-13","","42.53177499"
"FISCALÍA GENERAL DE LA NACIÓN - SECTOR CARIBE","2023-03-12","","28.2354057"
"FISCALÍA GENERAL DE LA NACIÓN - SECTOR CARIBE","2023-03-11","","34.22006196"
"FISCALÍA GENERAL DE LA NACIÓN - SECTOR CARIBE","2023-03-10","","27.22440246"
"FISCALÍA GENERAL DE LA NACIÓN - SECTOR CARIBE","2023-03-09","","55.84161982"
"FISCALÍA GENERAL DE LA NACIÓN - SECTOR CARIBE","2023-03-08","","39.27675956"
"FISCALÍA GENERAL DE LA NACIÓN - SECTOR CARIBE","2023-03-07","","75.98262297"
"FISCALÍA GENERAL DE LA NACIÓN - SECTOR CARIBE","2023-03-06","","42.65719947"
"FISCALÍA GENERAL DE LA NACIÓN - SECTOR CARIBE","2023-03-05","","28.09041984"
"FISCALÍA GENERAL DE LA NACIÓN - SECTOR CARIBE","2023-03-04","","18.58063266"
"FISCALÍA GENERAL DE LA NACIÓN - SECTOR CARIBE","2023-03-03","","26.90053987"
"FISCALÍA GENERAL DE LA NACIÓN - SECTOR CARIBE","2023-03-02","","24.20766573"
"FISCALÍA GENERAL DE LA NACIÓN - SECTOR CARIBE","2023-03-01","","25.69149968"
"FISCALÍA GENERAL DE LA NACIÓN - SECTOR CARIBE","2023-02-28","","35.66788537"
"FISCALÍA GENERAL DE LA NACIÓN - SECTOR CARIBE","2023-02-27","","24.06398532"
"FISCALÍA GENERAL DE LA NACIÓN - SECTOR CARIBE","2023-02-26","","19.03481831"
"FISCALÍA GENERAL DE LA NACIÓN - SECTOR CARIBE","2023-02-25","","40.72732053"
"FISCALÍA GENERAL DE LA NACIÓN - SECTOR CARIBE","2023-02-24","","36.64245516"
"FISCALÍA GENERAL DE LA NACIÓN - SECTOR CARIBE","2023-02-23","","67.69351116"
"FISCALÍA GENERAL DE LA NACIÓN - SECTOR CARIBE","2023-02-22","","41.85244914"
"FISCALÍA GENERAL DE LA NACIÓN - SECTOR CARIBE","2023-02-21","","68.13567745"
"FISCALÍA GENERAL DE LA NACIÓN - SECTOR CARIBE","2023-02-20","","50.6406624"
"FISCALÍA GENERAL DE LA NACIÓN - SECTOR CARIBE","2023-02-19","","27.40204574"
"FISCALÍA GENERAL DE LA NACIÓN - SECTOR CARIBE","2023-02-18","","43.59626103"
"FISCALÍA GENERAL DE LA NACIÓN - SECTOR CARIBE","2023-02-17","","49.71812891"
"FISCALÍA GENERAL DE LA NACIÓN - SECTOR CARIBE","2023-02-16","","47.40839834"
"FISCALÍA GENERAL DE LA NACIÓN - SECTOR CARIBE","2023-02-15","","39.04676154"
"FISCALÍA GENERAL DE LA NACIÓN - SECTOR CARIBE","2023-02-14","","38.00510504"
"FISCALÍA GENERAL DE LA NACIÓN - SECTOR CARIBE","2023-02-13","","29.92298441"
"FISCALÍA GENERAL DE LA NACIÓN - SECTOR CARIBE","2023-02-12","","15.80451309"
"FISCALÍA GENERAL DE LA NACIÓN - SECTOR CARIBE","2023-02-11","","25.55683379"
"FISCALÍA GENERAL DE LA NACIÓN - SECTOR CARIBE","2023-02-10","","30.14530626"
"FISCALÍA GENERAL DE LA NACIÓN - SECTOR CARIBE","2023-02-09","","39.81060414"
"FISCALÍA GENERAL DE LA NACIÓN - SECTOR CARIBE","2023-02-08","","37.59184151"
"FISCALÍA GENERAL DE LA NACIÓN - SECTOR CARIBE","2023-02-07","","48.07865651"
"FISCALÍA GENERAL DE LA NACIÓN - SECTOR CARIBE","2023-02-06","","26.10555437"
"FISCALÍA GENERAL DE LA NACIÓN - SECTOR CARIBE","2023-02-05","","8.79837598"
"FISCALÍA GENERAL DE LA NACIÓN - SECTOR CARIBE","2023-02-04","","28.29605208"
"FISCALÍA GENERAL DE LA NACIÓN - SECTOR CARIBE","2023-02-03","","41.65631179"
"FISCALÍA GENERAL DE LA NACIÓN - SECTOR CARIBE","2023-02-02","","41.85096716"
"FISCALÍA GENERAL DE LA NACIÓN - SECTOR CARIBE","2023-02-01","","32.39118399"
"FISCALÍA GENERAL DE LA NACIÓN - SECTOR CARIBE","2023-01-31","","40.00229556"
"FISCALÍA GENERAL DE LA NACIÓN - SECTOR CARIBE","2023-01-30","","26.98686168"
"FISCALÍA GENERAL DE LA NACIÓN - SECTOR CARIBE","2023-01-29","","22.29621954"
"FISCALÍA GENERAL DE LA NACIÓN - SECTOR CARIBE","2023-01-28","","27.95172706"
"FISCALÍA GENERAL DE LA NACIÓN - SECTOR CARIBE","2023-01-27","","40.3910544"
"FISCALÍA GENERAL DE LA NACIÓN - SECTOR CARIBE","2023-01-26","","32.33189461"
"FISCALÍA GENERAL DE LA NACIÓN - SECTOR CARIBE","2023-01-25","","22.69558967"
"FISCALÍA GENERAL DE LA NACIÓN - SECTOR CARIBE","2023-01-24","","79.32869073"
"FISCALÍA GENERAL DE LA NACIÓN - SECTOR CARIBE","2023-01-23","","47.99808797"
"FISCALÍA GENERAL DE LA NACIÓN - SECTOR CARIBE","2023-01-22","","15.24592457"
"FISCALÍA GENERAL DE LA NACIÓN - SECTOR CARIBE","2023-01-21","","21.46820215"
"FISCALÍA GENERAL DE LA NACIÓN - SECTOR CARIBE","2023-01-20","","45.37760173"
"FISCALÍA GENERAL DE LA NACIÓN - SECTOR CARIBE","2023-01-19","","50.09090793"
"FISCALÍA GENERAL DE LA NACIÓN - SECTOR CARIBE","2023-01-18","","123.6471185"
"FISCALÍA GENERAL DE LA NACIÓN - SECTOR CARIBE","2023-01-17","","35.48892058"
"FISCALÍA GENERAL DE LA NACIÓN - SECTOR CARIBE","2023-01-16","","35.03542276"
"FISCALÍA GENERAL DE LA NACIÓN - SECTOR CARIBE","2023-01-15","","39.38243999"
"FISCALÍA GENERAL DE LA NACIÓN - SECTOR CARIBE","2023-01-14","","52.23846914"
"FISCALÍA GENERAL DE LA NACIÓN - SECTOR CARIBE","2023-01-13","","75.06361719"
"FISCALÍA GENERAL DE LA NACIÓN - SECTOR CARIBE","2023-01-12","","52.78858482"
"FISCALÍA GENERAL DE LA NACIÓN - SECTOR CARIBE","2023-01-11","","76.38360047"
"FISCALÍA GENERAL DE LA NACIÓN - SECTOR CARIBE","2023-01-10","","68.25092942"
"FISCALÍA GENERAL DE LA NACIÓN - SECTOR CARIBE","2023-01-09","","40.27978333"
"FISCALÍA GENERAL DE LA NACIÓN - SECTOR CARIBE","2023-01-08","","32.05925137"
"FISCALÍA GENERAL DE LA NACIÓN - SECTOR CARIBE","2023-01-07","","21.6338925"
"FISCALÍA GENERAL DE LA NACIÓN - SECTOR CARIBE","2023-01-06","","29.55064944"
"FISCALÍA GENERAL DE LA NACIÓN - SECTOR CARIBE","2023-01-05","","27.02026242"
"FISCALÍA GENERAL DE LA NACIÓN - SECTOR CARIBE","2023-01-04","","44.8329336"
"FISCALÍA GENERAL DE LA NACIÓN - SECTOR CARIBE","2023-01-03","","40.98767356"
"FISCALÍA GENERAL DE LA NACIÓN - SECTOR CARIBE","2023-01-02","","28.74882219"
"FISCALÍA GENERAL DE LA NACIÓN - SECTOR CARIBE","2023-01-01","","12.87750252"
"FISCALÍA GENERAL DE LA NACIÓN - SECTOR CARIBE","2022-12-31","","16.93703805"
"FISCALÍA GENERAL DE LA NACIÓN - SECTOR CARIBE","2022-12-30","","43.47694552"
"FISCALÍA GENERAL DE LA NACIÓN - SECTOR CARIBE","2022-12-29","","37.0878307"
"FISCALÍA GENERAL DE LA NACIÓN - SECTOR CARIBE","2022-12-28","","32.84811386"
"FISCALÍA GENERAL DE LA NACIÓN - SECTOR CARIBE","2022-12-27","","36.55475266"
"FISCALÍA GENERAL DE LA NACIÓN - SECTOR CARIBE","2022-12-26","","29.8057085"
"FISCALÍA GENERAL DE LA NACIÓN - SECTOR CARIBE","2022-12-24","","40.87707705"
"FISCALÍA GENERAL DE LA NACIÓN - SECTOR CARIBE","2022-12-23","","37.04597757"
"FISCALÍA GENERAL DE LA NACIÓN - SECTOR CARIBE","2022-12-22","","39.36433429"
"FISCALÍA GENERAL DE LA NACIÓN - SECTOR CARIBE","2022-12-21","","39.93889752"
"FISCALÍA GENERAL DE LA NACIÓN - SECTOR CARIBE","2022-12-20","","33.27936632"
"FISCALÍA GENERAL DE LA NACIÓN - SECTOR CARIBE","2022-12-19","","45.82062145"
"FISCALÍA GENERAL DE LA NACIÓN - SECTOR CARIBE","2022-12-18","","56.76489269"
"FISCALÍA GENERAL DE LA NACIÓN - SECTOR CARIBE","2022-12-17","","84.19339942"
"FISCALÍA GENERAL DE LA NACIÓN - SECTOR CARIBE","2022-12-16","","43.70534694"
"FISCALÍA GENERAL DE LA NACIÓN - SECTOR CARIBE","2022-12-15","","58.08577028"
"FISCALÍA GENERAL DE LA NACIÓN - SECTOR CARIBE","2022-12-14","","36.5229821"
"FISCALÍA GENERAL DE LA NACIÓN - SECTOR CARIBE","2022-12-13","","43.41243126"
"FISCALÍA GENERAL DE LA NACIÓN - SECTOR CARIBE","2022-12-12","","46.59351434"
"FISCALÍA GENERAL DE LA NACIÓN - SECTOR CARIBE","2022-12-11","","22.58595664"
"FISCALÍA GENERAL DE LA NACIÓN - SECTOR CARIBE","2022-12-10","","33.7831148"
"FISCALÍA GENERAL DE LA NACIÓN - SECTOR CARIBE","2022-12-09","","32.65783288"
"FISCALÍA GENERAL DE LA NACIÓN - SECTOR CARIBE","2022-12-08","","20.6795594"
"FISCALÍA GENERAL DE LA NACIÓN - SECTOR CARIBE","2022-12-07","","56.78773237"
"FISCALÍA GENERAL DE LA NACIÓN - SECTOR CARIBE","2022-12-06","","47.86317167"
"FISCALÍA GENERAL DE LA NACIÓN - SECTOR CARIBE","2022-12-05","","49.08698986"
"FISCALÍA GENERAL DE LA NACIÓN - SECTOR CARIBE","2022-12-04","","46.2404763"
"FISCALÍA GENERAL DE LA NACIÓN - SECTOR CARIBE","2022-12-03","","52.49345128"
"FISCALÍA GENERAL DE LA NACIÓN - SECTOR CARIBE","2022-12-02","","53.50271469"
"FISCALÍA GENERAL DE LA NACIÓN - SECTOR CARIBE","2022-12-01","","55.13787913"
"FISCALÍA GENERAL DE LA NACIÓN - SECTOR CARIBE","2022-11-30","","103.77934013"
"FISCALÍA GENERAL DE LA NACIÓN - SECTOR CARIBE","2022-11-29","","152.8523045"
"FISCALÍA GENERAL DE LA NACIÓN - SECTOR CARIBE","2022-11-28","","109.25143283"
"FISCALÍA GENERAL DE LA NACIÓN - SECTOR CARIBE","2022-11-27","","43.12360889"
"FISCALÍA GENERAL DE LA NACIÓN - SECTOR CARIBE","2022-11-26","","66.05259766"
"FISCALÍA GENERAL DE LA NACIÓN - SECTOR CARIBE","2022-11-25","","56.951157"
"FISCALÍA GENERAL DE LA NACIÓN - SECTOR CARIBE","2022-11-24","","55.00312125"
"FISCALÍA GENERAL DE LA NACIÓN - SECTOR CARIBE","2022-11-23","","44.93554275"
"FISCALÍA GENERAL DE LA NACIÓN - SECTOR CARIBE","2022-11-22","","68.97480458"
"FISCALÍA GENERAL DE LA NACIÓN - SECTOR CARIBE","2022-11-21","","75.80634924"
"FISCALÍA GENERAL DE LA NACIÓN - SECTOR CARIBE","2022-11-20","","59.75722276"
"FISCALÍA GENERAL DE LA NACIÓN - SECTOR CARIBE","2022-11-19","","94.07334406"
"FISCALÍA GENERAL DE LA NACIÓN - SECTOR CARIBE","2022-11-18","","81.4931214"
"FISCALÍA GENERAL DE LA NACIÓN - SECTOR CARIBE","2022-11-17","","57.17299902"
"FISCALÍA GENERAL DE LA NACIÓN - SECTOR CARIBE","2022-11-16","","53.72182783"
"FISCALÍA GENERAL DE LA NACIÓN - SECTOR CARIBE","2022-11-15","","73.55198335"
"FISCALÍA GENERAL DE LA NACIÓN - SECTOR CARIBE","2022-11-14","","31.42973739"
"FISCALÍA GENERAL DE LA NACIÓN - SECTOR CARIBE","2022-11-13","","38.55985481"
"FISCALÍA GENERAL DE LA NACIÓN - SECTOR CARIBE","2022-11-12","","72.63957492"
"FISCALÍA GENERAL DE LA NACIÓN - SECTOR CARIBE","2022-11-11","","76.22805912"
"FISCALÍA GENERAL DE LA NACIÓN - SECTOR CARIBE","2022-11-10","","71.87059651"
"FISCALÍA GENERAL DE LA NACIÓN - SECTOR CARIBE","2022-11-09","","71.9811368"
"FISCALÍA GENERAL DE LA NACIÓN - SECTOR CARIBE","2022-11-08","","57.61803729"
"FISCALÍA GENERAL DE LA NACIÓN - SECTOR CARIBE","2022-11-07","","47.27684971"
"FISCALÍA GENERAL DE LA NACIÓN - SECTOR CARIBE","2022-11-06","","40.8741693"
"FISCALÍA GENERAL DE LA NACIÓN - SECTOR CARIBE","2022-11-05","","77.83821389"
"FISCALÍA GENERAL DE LA NACIÓN - SECTOR CARIBE","2022-11-04","","94.22587546"
"FISCALÍA GENERAL DE LA NACIÓN - SECTOR CARIBE","2022-11-03","","67.87493092"
"FISCALÍA GENERAL DE LA NACIÓN - SECTOR CARIBE","2022-11-02","","41.8470067"
"FISCALÍA GENERAL DE LA NACIÓN - SECTOR CARIBE","2022-11-01","","47.89907134"
"FISCALÍA GENERAL DE LA NACIÓN - SECTOR CARIBE","2022-10-31","","73.2594927"
"FISCALÍA GENERAL DE LA NACIÓN - SECTOR CARIBE","2022-10-30","","21.26850293"
"FISCALÍA GENERAL DE LA NACIÓN - SECTOR CARIBE","2022-10-29","","35.31288499"
"FISCALÍA GENERAL DE LA NACIÓN - SECTOR CARIBE","2022-10-28","","55.94867491"
"FISCALÍA GENERAL DE LA NACIÓN - SECTOR CARIBE","2022-10-27","","72.32985155"
"FISCALÍA GENERAL DE LA NACIÓN - SECTOR CARIBE","2022-10-26","","65.29494871"
"FISCALÍA GENERAL DE LA NACIÓN - SECTOR CARIBE","2022-10-25","","70.93262648"
"FISCALÍA GENERAL DE LA NACIÓN - SECTOR CARIBE","2022-10-24","","93.39078545"
"FISCALÍA GENERAL DE LA NACIÓN - SECTOR CARIBE","2022-10-23","","52.14604987"
"FISCALÍA GENERAL DE LA NACIÓN - SECTOR CARIBE","2022-10-22","","46.9146234"
"FISCALÍA GENERAL DE LA NACIÓN - SECTOR CARIBE","2022-10-21","","70.47527757"
"FISCALÍA GENERAL DE LA NACIÓN - SECTOR CARIBE","2022-10-20","","62.46092465"
"FISCALÍA GENERAL DE LA NACIÓN - SECTOR CARIBE","2022-10-19","","72.93125392"
"FISCALÍA GENERAL DE LA NACIÓN - SECTOR CARIBE","2022-10-18","","48.63771518"
"FISCALÍA GENERAL DE LA NACIÓN - SECTOR CARIBE","2022-10-17","","37.65988478"
"FISCALÍA GENERAL DE LA NACIÓN - SECTOR CARIBE","2022-10-16","","24.80057995"
"FISCALÍA GENERAL DE LA NACIÓN - SECTOR CARIBE","2022-10-15","","57.02525594"
"FISCALÍA GENERAL DE LA NACIÓN - SECTOR CARIBE","2022-10-14","","62.90534166"
"FISCALÍA GENERAL DE LA NACIÓN - SECTOR CARIBE","2022-10-13","","82.23843926"
"FISCALÍA GENERAL DE LA NACIÓN - SECTOR CARIBE","2022-10-12","","73.08793998"
"FISCALÍA GENERAL DE LA NACIÓN - SECTOR CARIBE","2022-10-11","","39.4656301"
"FISCALÍA GENERAL DE LA NACIÓN - SECTOR CARIBE","2022-10-10","","42.39902852"
"FISCALÍA GENERAL DE LA NACIÓN - SECTOR CARIBE","2022-10-09","","28.94479091"
"FISCALÍA GENERAL DE LA NACIÓN - SECTOR CARIBE","2022-10-08","","57.24540646"
"FISCALÍA GENERAL DE LA NACIÓN - SECTOR CARIBE","2022-10-07","","64.43737351"
"FISCALÍA GENERAL DE LA NACIÓN - SECTOR CARIBE","2022-10-06","","41.74262939"
"FISCALÍA GENERAL DE LA NACIÓN - SECTOR CARIBE","2022-10-05","","60.94623488"
"FISCALÍA GENERAL DE LA NACIÓN - SECTOR CARIBE","2022-10-04","","32.05408489"
"FISCALÍA GENERAL DE LA NACIÓN - SECTOR CARIBE","2022-10-03","","27.0978619"
"FISCALÍA GENERAL DE LA NACIÓN - SECTOR CARIBE","2022-10-02","","12.64721321"
"FISCALÍA GENERAL DE LA NACIÓN - SECTOR CARIBE","2022-10-01","","55.87806628"
"FISCALÍA GENERAL DE LA NACIÓN - SECTOR CARIBE","2022-09-30","","85.20632153"
"FISCALÍA GENERAL DE LA NACIÓN - SECTOR CARIBE","2022-09-29","","95.60857201"
"FISCALÍA GENERAL DE LA NACIÓN - SECTOR CARIBE","2022-09-28","","39.15340781"
"FISCALÍA GENERAL DE LA NACIÓN - SECTOR CARIBE","2022-09-27","","43.60132735"
"FISCALÍA GENERAL DE LA NACIÓN - SECTOR CARIBE","2022-09-26","","38.32955017"
"FISCALÍA GENERAL DE LA NACIÓN - SECTOR CARIBE","2022-09-25","","83.13129579"
"FISCALÍA GENERAL DE LA NACIÓN - SECTOR CARIBE","2022-09-24","","89.63495517"
"FISCALÍA GENERAL DE LA NACIÓN - SECTOR CARIBE","2022-09-23","","90.40994839"
"FISCALÍA GENERAL DE LA NACIÓN - SECTOR CARIBE","2022-09-22","","63.23231001"
"FISCALÍA GENERAL DE LA NACIÓN - SECTOR CARIBE","2022-09-21","","67.73141915"
"FISCALÍA GENERAL DE LA NACIÓN - SECTOR CARIBE","2022-09-20","","63.19006851"
"FISCALÍA GENERAL DE LA NACIÓN - SECTOR CARIBE","2022-09-19","","45.19677987"
"FISCALÍA GENERAL DE LA NACIÓN - SECTOR CARIBE","2022-09-18","","19.54848754"
"FISCALÍA GENERAL DE LA NACIÓN - SECTOR CARIBE","2022-09-17","","76.72242174"
"FISCALÍA GENERAL DE LA NACIÓN - SECTOR CARIBE","2022-09-16","","79.10228058"
"FISCALÍA GENERAL DE LA NACIÓN - SECTOR CARIBE","2022-09-15","","61.29276244"
"FISCALÍA GENERAL DE LA NACIÓN - SECTOR CARIBE","2022-09-14","","84.71250596"
"FISCALÍA GENERAL DE LA NACIÓN - SECTOR CARIBE","2022-09-13","","57.65984953"
"FISCALÍA GENERAL DE LA NACIÓN - SECTOR CARIBE","2022-09-12","","65.99455178"
"FISCALÍA GENERAL DE LA NACIÓN - SECTOR CARIBE","2022-09-10","","48.9087735"
"FISCALÍA GENERAL DE LA NACIÓN - SECTOR CARIBE","2022-09-09","","48.6170288"
"FISCALÍA GENERAL DE LA NACIÓN - SECTOR CARIBE","2022-09-08","","37.52184611"
"FISCALÍA GENERAL DE LA NACIÓN - SECTOR CARIBE","2022-09-07","","25.81495875"
"FISCALÍA GENERAL DE LA NACIÓN - SECTOR CARIBE","2022-09-06","","25.81273531"
"FISCALÍA GENERAL DE LA NACIÓN - SECTOR CARIBE","2022-09-05","","47.11601411"
"FISCALÍA GENERAL DE LA NACIÓN - SECTOR CARIBE","2022-09-04","","63.36465584"
"FISCALÍA GENERAL DE LA NACIÓN - SECTOR CARIBE","2022-09-03","","41.62653934"
"FISCALÍA GENERAL DE LA NACIÓN - SECTOR CARIBE","2022-09-02","","51.25648436"
"FISCALÍA GENERAL DE LA NACIÓN - SECTOR CARIBE","2022-09-01","","57.36421007"
"FISCALÍA GENERAL DE LA NACIÓN - SECTOR CARIBE","2022-08-31","","32.71810587"
"FISCALÍA GENERAL DE LA NACIÓN - SECTOR CARIBE","2022-08-30","","29.71546083"
"FISCALÍA GENERAL DE LA NACIÓN - SECTOR CARIBE","2022-08-29","","35.74451902"
"FISCALÍA GENERAL DE LA NACIÓN - SECTOR CARIBE","2022-08-28","","23.35123523"
"FISCALÍA GENERAL DE LA NACIÓN - SECTOR CARIBE","2022-08-27","","68.45296403"
"FISCALÍA GENERAL DE LA NACIÓN - SECTOR CARIBE","2022-08-26","","42.84796592"
"FISCALÍA GENERAL DE LA NACIÓN - SECTOR CARIBE","2022-08-25","","29.19841883"
"FISCALÍA GENERAL DE LA NACIÓN - SECTOR CARIBE","2022-08-24","","23.61531365"
"FISCALÍA GENERAL DE LA NACIÓN - SECTOR CARIBE","2022-08-23","","40.48809335"
"FISCALÍA GENERAL DE LA NACIÓN - SECTOR CARIBE","2022-08-22","","93.54103767"
"FISCALÍA GENERAL DE LA NACIÓN - SECTOR CARIBE","2022-08-21","","22.4429099"
"FISCALÍA GENERAL DE LA NACIÓN - SECTOR CARIBE","2022-08-20","","30.44205977"
"FISCALÍA GENERAL DE LA NACIÓN - SECTOR CARIBE","2022-08-19","","30.14299131"
"FISCALÍA GENERAL DE LA NACIÓN - SECTOR CARIBE","2022-08-18","","28.99190251"
"FISCALÍA GENERAL DE LA NACIÓN - SECTOR CARIBE","2022-08-17","","62.45215542"
"FISCALÍA GENERAL DE LA NACIÓN - SECTOR CARIBE","2022-08-16","","53.0275156"
"FISCALÍA GENERAL DE LA NACIÓN - SECTOR CARIBE","2022-08-15","","64.24272324"
"FISCALÍA GENERAL DE LA NACIÓN - SECTOR CARIBE","2022-08-14","","37.02980356"
"FISCALÍA GENERAL DE LA NACIÓN - SECTOR CARIBE","2022-08-13","","36.91149054"
"FISCALÍA GENERAL DE LA NACIÓN - SECTOR CARIBE","2022-08-12","","53.73492546"
"FISCALÍA GENERAL DE LA NACIÓN - SECTOR CARIBE","2022-08-11","","24.81177144"
"FISCALÍA GENERAL DE LA NACIÓN - SECTOR CARIBE","2022-08-10","","31.48818653"
"FISCALÍA GENERAL DE LA NACIÓN - SECTOR CARIBE","2022-08-09","","35.43005404"
"FISCALÍA GENERAL DE LA NACIÓN - SECTOR CARIBE","2022-08-08","","24.57346514"
"FISCALÍA GENERAL DE LA NACIÓN - SECTOR CARIBE","2022-08-07","","20.46040027"
"FISCALÍA GENERAL DE LA NACIÓN - SECTOR CARIBE","2022-08-06","","62.20477227"
"FISCALÍA GENERAL DE LA NACIÓN - SECTOR CARIBE","2022-08-05","","52.83880858"
"FISCALÍA GENERAL DE LA NACIÓN - SECTOR CARIBE","2022-08-04","","33.08927782"
"FISCALÍA GENERAL DE LA NACIÓN - SECTOR CARIBE","2022-08-03","","62.26293227"
"FISCALÍA GENERAL DE LA NACIÓN - SECTOR CARIBE","2022-08-02","","76.54960255"
"FISCALÍA GENERAL DE LA NACIÓN - SECTOR CARIBE","2022-08-01","","54.70184516"
"FISCALÍA GENERAL DE LA NACIÓN - SECTOR CARIBE","2022-07-31","","33.28834825"
"FISCALÍA GENERAL DE LA NACIÓN - SECTOR CARIBE","2022-07-30","","50.80218116"
"FISCALÍA GENERAL DE LA NACIÓN - SECTOR CARIBE","2022-07-29","","41.75496559"
"FISCALÍA GENERAL DE LA NACIÓN - SECTOR CARIBE","2022-07-28","","41.06162942"
"FISCALÍA GENERAL DE LA NACIÓN - SECTOR CARIBE","2022-07-27","","52.23893417"
"FISCALÍA GENERAL DE LA NACIÓN - SECTOR CARIBE","2022-07-26","","65.23487747"
"FISCALÍA GENERAL DE LA NACIÓN - SECTOR CARIBE","2022-07-25","","60.11734686"
"FISCALÍA GENERAL DE LA NACIÓN - SECTOR CARIBE","2022-07-24","","33.77263364"
"FISCALÍA GENERAL DE LA NACIÓN - SECTOR CARIBE","2022-07-23","","42.22084866"
"FISCALÍA GENERAL DE LA NACIÓN - SECTOR CARIBE","2022-07-22","","47.02597623"
"FISCALÍA GENERAL DE LA NACIÓN - SECTOR CARIBE","2022-07-21","","36.99595312"
"FISCALÍA GENERAL DE LA NACIÓN - SECTOR CARIBE","2022-07-20","","15.22273927"
"FISCALÍA GENERAL DE LA NACIÓN - SECTOR CARIBE","2022-07-19","","16.31639451"
"FISCALÍA GENERAL DE LA NACIÓN - SECTOR CARIBE","2022-07-12","","79.98579961"
"FISCALÍA GENERAL DE LA NACIÓN - SECTOR CARIBE","2022-07-11","","55.30956895"
"FISCALÍA GENERAL DE LA NACIÓN - SECTOR CARIBE","2022-07-10","","18.18432594"
"FISCALÍA GENERAL DE LA NACIÓN - SECTOR CARIBE","2022-07-09","","29.1482104"
"FISCALÍA GENERAL DE LA NACIÓN - SECTOR CARIBE","2022-07-08","","37.8339662"
"FISCALÍA GENERAL DE LA NACIÓN - SECTOR CARIBE","2022-07-07","","30.05863604"
"FISCALÍA GENERAL DE LA NACIÓN - SECTOR CARIBE","2022-07-06","","33.99228335"
"FISCALÍA GENERAL DE LA NACIÓN - SECTOR CARIBE","2022-07-05","","36.2276697"
"FISCALÍA GENERAL DE LA NACIÓN - SECTOR CARIBE","2022-07-04","","22.84123518"
"FISCALÍA GENERAL DE LA NACIÓN - SECTOR CARIBE","2022-07-03","","23.19248462"
"FISCALÍA GENERAL DE LA NACIÓN - SECTOR CARIBE","2022-07-02","","46.15052017"
"FISCALÍA GENERAL DE LA NACIÓN - SECTOR CARIBE","2022-07-01","","91.2062412"
"FISCALÍA GENERAL DE LA NACIÓN - SECTOR CARIBE","2022-06-30","","78.14072837"
"FISCALÍA GENERAL DE LA NACIÓN - SECTOR CARIBE","2022-06-29","","42.81866362"
"FISCALÍA GENERAL DE LA NACIÓN - SECTOR CARIBE","2022-06-28","","55.49069232"
"FISCALÍA GENERAL DE LA NACIÓN - SECTOR CARIBE","2022-06-27","","57.13945519"
"FISCALÍA GENERAL DE LA NACIÓN - SECTOR CARIBE","2022-06-26","","56.68063452"
"FISCALÍA GENERAL DE LA NACIÓN - SECTOR CARIBE","2022-06-25","","48.79842301"
"FISCALÍA GENERAL DE LA NACIÓN - SECTOR CARIBE","2022-06-24","","56.42559505"
"FISCALÍA GENERAL DE LA NACIÓN - SECTOR CARIBE","2022-06-23","","55.64328616"
"FISCALÍA GENERAL DE LA NACIÓN - SECTOR CARIBE","2022-06-22","","65.06022881"
"FISCALÍA GENERAL DE LA NACIÓN - SECTOR CARIBE","2022-06-21","","77.54627936"
"FISCALÍA GENERAL DE LA NACIÓN - SECTOR CARIBE","2022-06-20","","49.12930292"
"FISCALÍA GENERAL DE LA NACIÓN - SECTOR CARIBE","2022-06-19","","47.24130777"
"FISCALÍA GENERAL DE LA NACIÓN - SECTOR CARIBE","2022-06-18","","138.25218837"
"FISCALÍA GENERAL DE LA NACIÓN - SECTOR CARIBE","2022-06-17","","149.14877566"
"FISCALÍA GENERAL DE LA NACIÓN - SECTOR CARIBE","2022-06-16","","63.30591327"
"FISCALÍA GENERAL DE LA NACIÓN - SECTOR CARIBE","2022-06-15","","77.59270619"
"FISCALÍA GENERAL DE LA NACIÓN - SECTOR CARIBE","2022-06-14","","67.80305495"
"FISCALÍA GENERAL DE LA NACIÓN - SECTOR CARIBE","2022-06-13","","36.63672143"
"FISCALÍA GENERAL DE LA NACIÓN - SECTOR CARIBE","2022-06-12","","36.9986309"
"FISCALÍA GENERAL DE LA NACIÓN - SECTOR CARIBE","2022-06-11","","60.27450494"
"FISCALÍA GENERAL DE LA NACIÓN - SECTOR CARIBE","2022-06-10","","72.03283009"
"FISCALÍA GENERAL DE LA NACIÓN - SECTOR CARIBE","2022-06-09","","71.55975398"
"FISCALÍA GENERAL DE LA NACIÓN - SECTOR CARIBE","2022-06-08","","72.42648168"
"FISCALÍA GENERAL DE LA NACIÓN - SECTOR CARIBE","2022-06-07","","143.94848097"
"FISCALÍA GENERAL DE LA NACIÓN - SECTOR CARIBE","2022-06-06","","113.54373641"
"FISCALÍA GENERAL DE LA NACIÓN - SECTOR CARIBE","2022-06-05","","62.32445995"
"FISCALÍA GENERAL DE LA NACIÓN - SECTOR CARIBE","2022-06-04","","111.67800672"
"FISCALÍA GENERAL DE LA NACIÓN - SECTOR CARIBE","2022-06-03","","84.06228517"
"FISCALÍA GENERAL DE LA NACIÓN - SECTOR CARIBE","2022-06-02","","66.66793064"
"FISCALÍA GENERAL DE LA NACIÓN - SECTOR CARIBE","2022-06-01","","119.69942714"
"FISCALÍA GENERAL DE LA NACIÓN - SECTOR CARIBE","2022-05-31","","98.41801833"
"FISCALÍA GENERAL DE LA NACIÓN - SECTOR CARIBE","2022-05-30","","25.17391088"
"FISCALÍA GENERAL DE LA NACIÓN - SECTOR CARIBE","2022-05-29","","19.67799716"
"FISCALÍA GENERAL DE LA NACIÓN - SECTOR CARIBE","2022-05-28","","37.11193074"
"FISCALÍA GENERAL DE LA NACIÓN - SECTOR CARIBE","2022-05-27","","35.85820928"
"FISCALÍA GENERAL DE LA NACIÓN - SECTOR CARIBE","2022-05-26","","35.87566393"
"FISCALÍA GENERAL DE LA NACIÓN - SECTOR CARIBE","2022-05-25","","49.0018885"
"FISCALÍA GENERAL DE LA NACIÓN - SECTOR CARIBE","2022-05-24","","66.28516616"
"FISCALÍA GENERAL DE LA NACIÓN - SECTOR CARIBE","2022-05-23","","53.9743877"
"FISCALÍA GENERAL DE LA NACIÓN - SECTOR CARIBE","2022-05-22","","70.25690543"
"FISCALÍA GENERAL DE LA NACIÓN - SECTOR CARIBE","2022-05-21","","62.48379312"
"FISCALÍA GENERAL DE LA NACIÓN - SECTOR CARIBE","2022-05-20","","64.22351884"
"FISCALÍA GENERAL DE LA NACIÓN - SECTOR CARIBE","2022-05-19","","55.95830266"
"FISCALÍA GENERAL DE LA NACIÓN - SECTOR CARIBE","2022-05-18","","42.29056518"
"FISCALÍA GENERAL DE LA NACIÓN - SECTOR CARIBE","2022-05-13","","45.2266443"
"FISCALÍA GENERAL DE LA NACIÓN - SECTOR CARIBE","2022-05-12","","61.18560004"
"FISCALÍA GENERAL DE LA NACIÓN - SECTOR CARIBE","2022-05-11","","67.6292546"
"FISCALÍA GENERAL DE LA NACIÓN - SECTOR CARIBE","2022-05-10","","78.91240331"
"FISCALÍA GENERAL DE LA NACIÓN - SECTOR CARIBE","2022-05-09","","72.43324257"
"FISCALÍA GENERAL DE LA NACIÓN - SECTOR CARIBE","2022-05-08","","55.92113055"
"FISCALÍA GENERAL DE LA NACIÓN - SECTOR CARIBE","2022-05-07","","72.88254792"
"FISCALÍA GENERAL DE LA NACIÓN - SECTOR CARIBE","2022-05-06","","52.68434549"
"FISCALÍA GENERAL DE LA NACIÓN - SECTOR CARIBE","2022-05-05","","41.89738888"
"FISCALÍA GENERAL DE LA NACIÓN - SECTOR CARIBE","2022-05-04","","23.94111394"
"FISCALÍA GENERAL DE LA NACIÓN - SECTOR CARIBE","2022-05-03","","36.71535932"
"FISCALÍA GENERAL DE LA NACIÓN - SECTOR CARIBE","2022-05-02","","31.28611023"
"FISCALÍA GENERAL DE LA NACIÓN - SECTOR CARIBE","2022-05-01","","19.945663"
"FISCALÍA GENERAL DE LA NACIÓN - SECTOR CARIBE","2022-04-30","","61.99225449"
"FISCALÍA GENERAL DE LA NACIÓN - SECTOR CARIBE","2022-04-29","","35.90337275"
"FISCALÍA GENERAL DE LA NACIÓN - SECTOR CARIBE","2022-04-28","","45.8663175"
"FISCALÍA GENERAL DE LA NACIÓN - SECTOR CARIBE","2022-04-27","","79.55976747"
"FISCALÍA GENERAL DE LA NACIÓN - SECTOR CARIBE","2022-04-26","","66.46275833"
"FISCALÍA GENERAL DE LA NACIÓN - SECTOR CARIBE","2022-04-25","","74.73121441"
"FISCALÍA GENERAL DE LA NACIÓN - SECTOR CARIBE","2022-04-24","","27.76313246"
"FISCALÍA GENERAL DE LA NACIÓN - SECTOR CARIBE","2022-04-23","","32.18023196"
"FISCALÍA GENERAL DE LA NACIÓN - SECTOR CARIBE","2022-04-22","","35.42030802"
"FISCALÍA GENERAL DE LA NACIÓN - SECTOR CARIBE","2022-04-21","","81.44531787"
"FISCALÍA GENERAL DE LA NACIÓN - SECTOR CARIBE","2022-04-20","","64.07710954"
"FISCALÍA GENERAL DE LA NACIÓN - SECTOR CARIBE","2022-04-19","","76.72754088"
"FISCALÍA GENERAL DE LA NACIÓN - SECTOR CARIBE","2022-04-18","","81.78531654"
"FISCALÍA GENERAL DE LA NACIÓN - SECTOR CARIBE","2022-04-17","","53.74840125"
"FISCALÍA GENERAL DE LA NACIÓN - SECTOR CARIBE","2022-04-16","","34.73002268"
"FISCALÍA GENERAL DE LA NACIÓN - SECTOR CARIBE","2022-04-15","","10.41939007"
"FISCALÍA GENERAL DE LA NACIÓN - SECTOR CARIBE","2022-04-14","","21.40224387"
"FISCALÍA GENERAL DE LA NACIÓN - SECTOR CARIBE","2022-04-13","","32.78191029"
"FISCALÍA GENERAL DE LA NACIÓN - SECTOR CARIBE","2022-04-12","","32.66422072"
"FISCALÍA GENERAL DE LA NACIÓN - SECTOR CARIBE","2022-04-11","","29.68655202"
"FISCALÍA GENERAL DE LA NACIÓN - SECTOR CARIBE","2022-04-10","","32.01241062"
"FISCALÍA GENERAL DE LA NACIÓN - SECTOR CARIBE","2022-04-09","","45.49308878"
"FISCALÍA GENERAL DE LA NACIÓN - SECTOR CARIBE","2022-04-08","","65.72000364"
"FISCALÍA GENERAL DE LA NACIÓN - SECTOR CARIBE","2022-04-07","","56.51313513"
"FISCALÍA GENERAL DE LA NACIÓN - SECTOR CARIBE","2022-04-06","","53.27837374"
"FISCALÍA GENERAL DE LA NACIÓN - SECTOR CARIBE","2022-04-05","","47.11884521"
"FISCALÍA GENERAL DE LA NACIÓN - SECTOR CARIBE","2022-04-04","","54.55949853"
"FISCALÍA GENERAL DE LA NACIÓN - SECTOR CARIBE","2022-04-03","","26.06779968"
"FISCALÍA GENERAL DE LA NACIÓN - SECTOR CARIBE","2022-04-02","","57.63985814"
"FISCALÍA GENERAL DE LA NACIÓN - SECTOR CARIBE","2022-04-01","","80.85145008"
"FISCALÍA GENERAL DE LA NACIÓN - SECTOR CARIBE","2022-03-31","","107.58712521"
"FISCALÍA GENERAL DE LA NACIÓN - SECTOR CARIBE","2022-03-30","","79.43845984"
"FISCALÍA GENERAL DE LA NACIÓN - SECTOR CARIBE","2022-03-29","","80.59247683"
"FISCALÍA GENERAL DE LA NACIÓN - SECTOR CARIBE","2022-03-28","","61.4501486"
"FISCALÍA GENERAL DE LA NACIÓN - SECTOR CARIBE","2022-03-27","","54.98529662"
"FISCALÍA GENERAL DE LA NACIÓN - SECTOR CARIBE","2022-03-26","","68.12589284"
"FISCALÍA GENERAL DE LA NACIÓN - SECTOR CARIBE","2022-03-25","","79.63914532"
"FISCALÍA GENERAL DE LA NACIÓN - SECTOR CARIBE","2022-03-24","","75.10655879"
"FISCALÍA GENERAL DE LA NACIÓN - SECTOR CARIBE","2022-03-23","","49.26079533"
"FISCALÍA GENERAL DE LA NACIÓN - SECTOR CARIBE","2022-03-22","","94.60287906"
"FISCALÍA GENERAL DE LA NACIÓN - SECTOR CARIBE","2022-03-21","","29.87208118"
"FISCALÍA GENERAL DE LA NACIÓN - SECTOR CARIBE","2022-03-20","","29.07300253"
"FISCALÍA GENERAL DE LA NACIÓN - SECTOR CARIBE","2022-03-19","","30.33134572"
"FISCALÍA GENERAL DE LA NACIÓN - SECTOR CARIBE","2022-03-18","","78.32320658"
"FISCALÍA GENERAL DE LA NACIÓN - SECTOR CARIBE","2022-03-17","","102.30629324"
"FISCALÍA GENERAL DE LA NACIÓN - SECTOR CARIBE","2022-03-16","","48.96269782"
"FISCALÍA GENERAL DE LA NACIÓN - SECTOR CARIBE","2022-03-15","","63.75709919"
"FISCALÍA GENERAL DE LA NACIÓN - SECTOR CARIBE","2022-03-14","","59.57955904"
"FISCALÍA GENERAL DE LA NACIÓN - SECTOR CARIBE","2022-03-13","","31.80751426"
"FISCALÍA GENERAL DE LA NACIÓN - SECTOR CARIBE","2022-03-12","","38.86546442"
"FISCALÍA GENERAL DE LA NACIÓN - SECTOR CARIBE","2022-03-11","","35.49088088"
"FISCALÍA GENERAL DE LA NACIÓN - SECTOR CARIBE","2022-03-10","","30.59936927"
"FISCALÍA GENERAL DE LA NACIÓN - SECTOR CARIBE","2022-03-09","","55.78151791"
"FISCALÍA GENERAL DE LA NACIÓN - SECTOR CARIBE","2022-03-08","","39.76319103"
"FISCALÍA GENERAL DE LA NACIÓN - SECTOR CARIBE","2022-03-07","","85.44899839"
"FISCALÍA GENERAL DE LA NACIÓN - SECTOR CARIBE","2022-03-06","","91.70985342"
"FISCALÍA GENERAL DE LA NACIÓN - SECTOR CARIBE","2022-03-05","","67.35155219"
"FISCALÍA GENERAL DE LA NACIÓN - SECTOR CARIBE","2022-03-04","","70.56506506"
"FISCALÍA GENERAL DE LA NACIÓN - SECTOR CARIBE","2022-03-03","","72.42825291"
"FISCALÍA GENERAL DE LA NACIÓN - SECTOR CARIBE","2022-03-02","","69.21988812"
"FISCALÍA GENERAL DE LA NACIÓN - SECTOR CARIBE","2022-03-01","","40.07029283"
"FISCALÍA GENERAL DE LA NACIÓN - SECTOR CARIBE","2022-02-28","","44.47944963"
"FISCALÍA GENERAL DE LA NACIÓN - SECTOR CARIBE","2022-02-27","","18.71906993"
"FISCALÍA GENERAL DE LA NACIÓN - SECTOR CARIBE","2022-02-26","","26.41297301"
"FISCALÍA GENERAL DE LA NACIÓN - SECTOR CARIBE","2022-02-25","","25.32236428"
"FISCALÍA GENERAL DE LA NACIÓN - SECTOR CARIBE","2022-02-24","","31.72177411"
"FISCALÍA GENERAL DE LA NACIÓN - SECTOR CARIBE","2022-02-23","","51.1234793"
"FISCALÍA GENERAL DE LA NACIÓN - SECTOR CARIBE","2022-02-22","","38.69035072"
"FISCALÍA GENERAL DE LA NACIÓN - SECTOR CARIBE","2022-02-21","","60.59104542"
"FISCALÍA GENERAL DE LA NACIÓN - SECTOR CARIBE","2022-02-20","","26.10834458"
"FISCALÍA GENERAL DE LA NACIÓN - SECTOR CARIBE","2022-02-19","","96.62487738"
"FISCALÍA GENERAL DE LA NACIÓN - SECTOR CARIBE","2022-02-18","","76.0415904"
"FISCALÍA GENERAL DE LA NACIÓN - SECTOR CARIBE","2022-02-17","","35.73148612"
"FISCALÍA GENERAL DE LA NACIÓN - SECTOR CARIBE","2022-02-16","","42.64141384"
"FISCALÍA GENERAL DE LA NACIÓN - SECTOR CARIBE","2022-02-15","","36.01867334"
"FISCALÍA GENERAL DE LA NACIÓN - SECTOR CARIBE","2022-02-14","","61.69122569"
"FISCALÍA GENERAL DE LA NACIÓN - SECTOR CARIBE","2022-02-13","","32.67482453"
"FISCALÍA GENERAL DE LA NACIÓN - SECTOR CARIBE","2022-02-12","","28.55780533"
"FISCALÍA GENERAL DE LA NACIÓN - SECTOR CARIBE","2022-02-11","","57.61289125"
"FISCALÍA GENERAL DE LA NACIÓN - SECTOR CARIBE","2022-02-10","","90.4551283"
"FISCALÍA GENERAL DE LA NACIÓN - SECTOR CARIBE","2022-02-09","","102.73840327"
"FISCALÍA GENERAL DE LA NACIÓN - SECTOR CARIBE","2022-02-08","","65.54381897"
"FISCALÍA GENERAL DE LA NACIÓN - SECTOR CARIBE","2022-02-07","","29.13117787"
"FISCALÍA GENERAL DE LA NACIÓN - SECTOR CARIBE","2022-02-06","","62.38619204"
"FISCALÍA GENERAL DE LA NACIÓN - SECTOR CARIBE","2022-02-05","","40.26492266"
"FISCALÍA GENERAL DE LA NACIÓN - SECTOR CARIBE","2022-02-04","","61.3399558"
"FISCALÍA GENERAL DE LA NACIÓN - SECTOR CARIBE","2022-02-03","","35.1342097"
"FISCALÍA GENERAL DE LA NACIÓN - SECTOR CARIBE","2022-02-02","","32.1091634"
"FISCALÍA GENERAL DE LA NACIÓN - SECTOR CARIBE","2022-02-01","","31.7326641"
"FISCALÍA GENERAL DE LA NACIÓN - SECTOR CARIBE","2022-01-31","","50.34289234"
"FISCALÍA GENERAL DE LA NACIÓN - SECTOR CARIBE","2022-01-30","","25.19296197"
"FISCALÍA GENERAL DE LA NACIÓN - SECTOR CARIBE","2022-01-29","","43.63075231"
"FISCALÍA GENERAL DE LA NACIÓN - SECTOR CARIBE","2022-01-28","","52.75806627"
"FISCALÍA GENERAL DE LA NACIÓN - SECTOR CARIBE","2022-01-27","","52.58182832"
"FISCALÍA GENERAL DE LA NACIÓN - SECTOR CARIBE","2022-01-26","","42.21426152"
"FISCALÍA GENERAL DE LA NACIÓN - SECTOR CARIBE","2022-01-25","","40.23342294"
"FISCALÍA GENERAL DE LA NACIÓN - SECTOR CARIBE","2022-01-24","","30.11931542"
"FISCALÍA GENERAL DE LA NACIÓN - SECTOR CARIBE","2022-01-23","","22.54291282"
"FISCALÍA GENERAL DE LA NACIÓN - SECTOR CARIBE","2022-01-22","","29.57170377"
"FISCALÍA GENERAL DE LA NACIÓN - SECTOR CARIBE","2022-01-21","","39.75687474"
"FISCALÍA GENERAL DE LA NACIÓN - SECTOR CARIBE","2022-01-20","","38.5477312"
"FISCALÍA GENERAL DE LA NACIÓN - SECTOR CARIBE","2022-01-19","","28.456949"
"FISCALÍA GENERAL DE LA NACIÓN - SECTOR CARIBE","2022-01-18","","38.56128569"
"FISCALÍA GENERAL DE LA NACIÓN - SECTOR CARIBE","2022-01-17","","33.26662471"
"FISCALÍA GENERAL DE LA NACIÓN - SECTOR CARIBE","2022-01-16","","21.45164998"
"FISCALÍA GENERAL DE LA NACIÓN - SECTOR CARIBE","2022-01-15","","41.37490954"
"FISCALÍA GENERAL DE LA NACIÓN - SECTOR CARIBE","2022-01-14","","49.35766565"
"FISCALÍA GENERAL DE LA NACIÓN - SECTOR CARIBE","2022-01-13","","38.43211334"
"FISCALÍA GENERAL DE LA NACIÓN - SECTOR CARIBE","2022-01-12","","31.77628027"
"FISCALÍA GENERAL DE LA NACIÓN - SECTOR CARIBE","2022-01-11","","54.39855051"
"FISCALÍA GENERAL DE LA NACIÓN - SECTOR CARIBE","2022-01-10","","18.88924199"
"FISCALÍA GENERAL DE LA NACIÓN - SECTOR CARIBE","2022-01-09","","18.52439922"
"FISCALÍA GENERAL DE LA NACIÓN - SECTOR CARIBE","2022-01-08","","49.32109654"
"FISCALÍA GENERAL DE LA NACIÓN - SECTOR CARIBE","2022-01-07","","79.02284651"
"FISCALÍA GENERAL DE LA NACIÓN - SECTOR CARIBE","2022-01-06","","48.84056451"
"FISCALÍA GENERAL DE LA NACIÓN - SECTOR CARIBE","2022-01-05","","34.68558747"
"FISCALÍA GENERAL DE LA NACIÓN - SECTOR CARIBE","2022-01-04","","51.99393751"
"FISCALÍA GENERAL DE LA NACIÓN - SECTOR CARIBE","2022-01-03","","62.79487583"
"FISCALÍA GENERAL DE LA NACIÓN - SECTOR CARIBE","2022-01-02","","35.95508267"
"FISCALÍA GENERAL DE LA NACIÓN - SECTOR CARIBE","2022-01-01","","9.55598916"
"FISCALÍA GENERAL DE LA NACIÓN - SECTOR CARIBE","2021-12-31","","25.71611942"
"FISCALÍA GENERAL DE LA NACIÓN - SECTOR CARIBE","2021-12-30","","80.41770417"
"FISCALÍA GENERAL DE LA NACIÓN - SECTOR CARIBE","2021-12-29","","132.17242606"
"FISCALÍA GENERAL DE LA NACIÓN - SECTOR CARIBE","2021-12-28","","65.37203206"
"FISCALÍA GENERAL DE LA NACIÓN - SECTOR CARIBE","2021-12-27","","66.76472942"
"FISCALÍA GENERAL DE LA NACIÓN - SECTOR CARIBE","2021-12-26","","26.76959846"
"FISCALÍA GENERAL DE LA NACIÓN - SECTOR CARIBE","2021-12-25","","14.12194577"
"FISCALÍA GENERAL DE LA NACIÓN - SECTOR CARIBE","2021-12-24","","30.67156719"
"FISCALÍA GENERAL DE LA NACIÓN - SECTOR CARIBE","2021-12-23","","55.13166736"
"FISCALÍA GENERAL DE LA NACIÓN - SECTOR CARIBE","2021-12-22","","51.77711377"
"FISCALÍA GENERAL DE LA NACIÓN - SECTOR CARIBE","2021-12-21","","99.89040771"
"FISCALÍA GENERAL DE LA NACIÓN - SECTOR CARIBE","2021-12-20","","76.10207047"
"FISCALÍA GENERAL DE LA NACIÓN - SECTOR CARIBE","2021-12-19","","92.66963917"
"FISCALÍA GENERAL DE LA NACIÓN - SECTOR CARIBE","2021-12-18","","144.29918362"
"FISCALÍA GENERAL DE LA NACIÓN - SECTOR CARIBE","2021-12-17","","122.49367796"
"FISCALÍA GENERAL DE LA NACIÓN - SECTOR CARIBE","2021-12-16","","44.33971058"
"FISCALÍA GENERAL DE LA NACIÓN - SECTOR CARIBE","2021-12-15","","41.26348006"
"FISCALÍA GENERAL DE LA NACIÓN - SECTOR CARIBE","2021-12-14","","38.09915867"
"FISCALÍA GENERAL DE LA NACIÓN - SECTOR CARIBE","2021-12-13","","57.37042416"
"FISCALÍA GENERAL DE LA NACIÓN - SECTOR CARIBE","2021-12-12","","45.08383263"
"FISCALÍA GENERAL DE LA NACIÓN - SECTOR CARIBE","2021-12-11","","62.97921868"
"FISCALÍA GENERAL DE LA NACIÓN - SECTOR CARIBE","2021-12-10","","57.27116734"
"FISCALÍA GENERAL DE LA NACIÓN - SECTOR CARIBE","2021-12-09","","54.01380688"
"FISCALÍA GENERAL DE LA NACIÓN - SECTOR CARIBE","2021-12-08","","29.70781586"
"FISCALÍA GENERAL DE LA NACIÓN - SECTOR CARIBE","2021-12-07","","37.18303507"
"FISCALÍA GENERAL DE LA NACIÓN - SECTOR CARIBE","2021-12-06","","42.61943967"
"FISCALÍA GENERAL DE LA NACIÓN - SECTOR CARIBE","2021-12-05","","24.70037262"
"FISCALÍA GENERAL DE LA NACIÓN - SECTOR CARIBE","2021-12-04","","57.69497244"
"FISCALÍA GENERAL DE LA NACIÓN - SECTOR CARIBE","2021-12-03","","43.4991628"
"FISCALÍA GENERAL DE LA NACIÓN - SECTOR CARIBE","2021-12-02","","46.12349195"
"FISCALÍA GENERAL DE LA NACIÓN - SECTOR CARIBE","2021-12-01","","74.15374856"
"FISCALÍA GENERAL DE LA NACIÓN - SECTOR CARIBE","2021-11-30","","60.14254217"
"FISCALÍA GENERAL DE LA NACIÓN - SECTOR CARIBE","2021-11-29","","51.76673481"
"FISCALÍA GENERAL DE LA NACIÓN - SECTOR CARIBE","2021-11-28","","35.56843437"
"FISCALÍA GENERAL DE LA NACIÓN - SECTOR CARIBE","2021-11-27","","41.3840927"
"FISCALÍA GENERAL DE LA NACIÓN - SECTOR CARIBE","2021-11-26","","95.76314752"
"FISCALÍA GENERAL DE LA NACIÓN - SECTOR CARIBE","2021-11-25","","117.2774633"
"FISCALÍA GENERAL DE LA NACIÓN - SECTOR CARIBE","2021-11-24","","66.41985759"
"FISCALÍA GENERAL DE LA NACIÓN - SECTOR CARIBE","2021-11-23","","101.82363899"
"FISCALÍA GENERAL DE LA NACIÓN - SECTOR CARIBE","2021-11-22","","79.75553689"
"FISCALÍA GENERAL DE LA NACIÓN - SECTOR CARIBE","2021-11-21","","66.21935784"
"FISCALÍA GENERAL DE LA NACIÓN - SECTOR CARIBE","2021-11-20","","68.66137626"
"FISCALÍA GENERAL DE LA NACIÓN - SECTOR CARIBE","2021-11-19","","58.40076233"
"FISCALÍA GENERAL DE LA NACIÓN - SECTOR CARIBE","2021-11-18","","51.28168311"
"FISCALÍA GENERAL DE LA NACIÓN - SECTOR CARIBE","2021-11-17","","52.17276126"
"FISCALÍA GENERAL DE LA NACIÓN - SECTOR CARIBE","2021-11-16","","81.89164086"
"FISCALÍA GENERAL DE LA NACIÓN - SECTOR CARIBE","2021-11-15","","55.65081248"
"FISCALÍA GENERAL DE LA NACIÓN - SECTOR CARIBE","2021-11-14","","54.36768446"
"FISCALÍA GENERAL DE LA NACIÓN - SECTOR CARIBE","2021-11-13","","43.23719491"
"FISCALÍA GENERAL DE LA NACIÓN - SECTOR CARIBE","2021-11-12","","60.21694794"
"FISCALÍA GENERAL DE LA NACIÓN - SECTOR CARIBE","2021-11-11","","94.52719754"
"FISCALÍA GENERAL DE LA NACIÓN - SECTOR CARIBE","2021-11-10","","80.29674537"
"FISCALÍA GENERAL DE LA NACIÓN - SECTOR CARIBE","2021-11-09","","96.00546641"
"FISCALÍA GENERAL DE LA NACIÓN - SECTOR CARIBE","2021-11-08","","53.88130921"
"FISCALÍA GENERAL DE LA NACIÓN - SECTOR CARIBE","2021-11-07","","45.63982003"
"FISCALÍA GENERAL DE LA NACIÓN - SECTOR CARIBE","2021-11-06","","52.20012677"
"FISCALÍA GENERAL DE LA NACIÓN - SECTOR CARIBE","2021-11-05","","61.4342301"
"FISCALÍA GENERAL DE LA NACIÓN - SECTOR CARIBE","2021-11-04","","39.09908562"
"FISCALÍA GENERAL DE LA NACIÓN - SECTOR CARIBE","2021-11-03","","61.35645269"
"FISCALÍA GENERAL DE LA NACIÓN - SECTOR CARIBE","2021-11-02","","71.49972872"
"FISCALÍA GENERAL DE LA NACIÓN - SECTOR CARIBE","2021-11-01","","28.72659762"
"FISCALÍA GENERAL DE LA NACIÓN - SECTOR CARIBE","2021-10-31","","35.81512276"
"FISCALÍA GENERAL DE LA NACIÓN - SECTOR CARIBE","2021-10-30","","67.32285802"
"FISCALÍA GENERAL DE LA NACIÓN - SECTOR CARIBE","2021-10-29","","68.5761778"
"FISCALÍA GENERAL DE LA NACIÓN - SECTOR CARIBE","2021-10-28","","113.46395762"
"FISCALÍA GENERAL DE LA NACIÓN - SECTOR CARIBE","2021-10-27","","103.53970926"
"FISCALÍA GENERAL DE LA NACIÓN - SECTOR CARIBE","2021-10-26","","46.76073777"
"FISCALÍA GENERAL DE LA NACIÓN - SECTOR CARIBE","2021-10-25","","46.99992917"
"FISCALÍA GENERAL DE LA NACIÓN - SECTOR CARIBE","2021-10-24","","65.54395695"
"FISCALÍA GENERAL DE LA NACIÓN - SECTOR CARIBE","2021-10-23","","119.9878969"
"FISCALÍA GENERAL DE LA NACIÓN - SECTOR CARIBE","2021-10-22","","101.10344323"
"FISCALÍA GENERAL DE LA NACIÓN - SECTOR CARIBE","2021-10-21","","63.56582171"
"FISCALÍA GENERAL DE LA NACIÓN - SECTOR CARIBE","2021-10-20","","41.16913421"
"FISCALÍA GENERAL DE LA NACIÓN - SECTOR CARIBE","2021-10-19","","33.68657154"
"FISCALÍA GENERAL DE LA NACIÓN - SECTOR CARIBE","2021-10-18","","32.72190547"
"FISCALÍA GENERAL DE LA NACIÓN - SECTOR CARIBE","2021-10-17","","59.16972032"
"FISCALÍA GENERAL DE LA NACIÓN - SECTOR CARIBE","2021-10-16","","91.38391515"
"FISCALÍA GENERAL DE LA NACIÓN - SECTOR CARIBE","2021-10-15","","91.8617818"
"FISCALÍA GENERAL DE LA NACIÓN - SECTOR CARIBE","2021-10-14","","74.23930619"
"FISCALÍA GENERAL DE LA NACIÓN - SECTOR CARIBE","2021-10-13","","65.74950231"
"FISCALÍA GENERAL DE LA NACIÓN - SECTOR CARIBE","2021-10-12","","42.0972925"
"FISCALÍA GENERAL DE LA NACIÓN - SECTOR CARIBE","2021-10-11","","58.02968504"
"FISCALÍA GENERAL DE LA NACIÓN - SECTOR CARIBE","2021-10-10","","45.66019468"
"FISCALÍA GENERAL DE LA NACIÓN - SECTOR CARIBE","2021-10-09","","28.89984607"
"FISCALÍA GENERAL DE LA NACIÓN - SECTOR CARIBE","2021-10-08","","47.09676883"
"FISCALÍA GENERAL DE LA NACIÓN - SECTOR CARIBE","2021-10-07","","47.97031364"
"FISCALÍA GENERAL DE LA NACIÓN - SECTOR CARIBE","2021-10-06","","31.17037575"
"FISCALÍA GENERAL DE LA NACIÓN - SECTOR CARIBE","2021-10-05","","33.01494892"
"FISCALÍA GENERAL DE LA NACIÓN - SECTOR CARIBE","2021-10-04","","45.76175111"
"FISCALÍA GENERAL DE LA NACIÓN - SECTOR CARIBE","2021-10-03","","22.00871052"
"FISCALÍA GENERAL DE LA NACIÓN - SECTOR CARIBE","2021-10-02","","55.41988439"
"FISCALÍA GENERAL DE LA NACIÓN - SECTOR CARIBE","2021-10-01","","78.97415584"
"FISCALÍA GENERAL DE LA NACIÓN - SECTOR CARIBE","2021-09-30","","41.41334501"
"FISCALÍA GENERAL DE LA NACIÓN - SECTOR CARIBE","2021-09-29","","107.43360887"
"FISCALÍA GENERAL DE LA NACIÓN - SECTOR CARIBE","2021-09-28","","92.88547151"
"FISCALÍA GENERAL DE LA NACIÓN - SECTOR CARIBE","2021-09-27","","35.01970668"
"FISCALÍA GENERAL DE LA NACIÓN - SECTOR CARIBE","2021-09-26","","29.59668277"
"FISCALÍA GENERAL DE LA NACIÓN - SECTOR CARIBE","2021-09-25","","42.74025161"
"FISCALÍA GENERAL DE LA NACIÓN - SECTOR CARIBE","2021-09-24","","51.75132734"
"FISCALÍA GENERAL DE LA NACIÓN - SECTOR CARIBE","2021-09-23","","76.782447"
"FISCALÍA GENERAL DE LA NACIÓN - SECTOR CARIBE","2021-09-22","","44.97983348"
"FISCALÍA GENERAL DE LA NACIÓN - SECTOR CARIBE","2021-09-21","","38.23229659"
"FISCALÍA GENERAL DE LA NACIÓN - SECTOR CARIBE","2021-09-20","","40.55086283"
"FISCALÍA GENERAL DE LA NACIÓN - SECTOR CARIBE","2021-09-19","","21.23269526"
"FISCALÍA GENERAL DE LA NACIÓN - SECTOR CARIBE","2021-09-18","","21.40403962"
"FISCALÍA GENERAL DE LA NACIÓN - SECTOR CARIBE","2021-09-17","","57.90842362"
"FISCALÍA GENERAL DE LA NACIÓN - SECTOR CARIBE","2021-09-16","","23.18377161"
"FISCALÍA GENERAL DE LA NACIÓN - SECTOR CARIBE","2021-09-15","","30.9013608"
"FISCALÍA GENERAL DE LA NACIÓN - SECTOR CARIBE","2021-09-14","","39.17740565"
"FISCALÍA GENERAL DE LA NACIÓN - SECTOR CARIBE","2021-09-13","","32.45899219"
"FISCALÍA GENERAL DE LA NACIÓN - SECTOR CARIBE","2021-09-12","","24.72416094"
"FISCALÍA GENERAL DE LA NACIÓN - SECTOR CARIBE","2021-09-11","","56.91372572"
"FISCALÍA GENERAL DE LA NACIÓN - SECTOR CARIBE","2021-09-10","","40.68813394"
"FISCALÍA GENERAL DE LA NACIÓN - SECTOR CARIBE","2021-09-09","","95.62156232"
"FISCALÍA GENERAL DE LA NACIÓN - SECTOR CARIBE","2021-09-08","","155.99974446"
"FISCALÍA GENERAL DE LA NACIÓN - SECTOR CARIBE","2021-09-07","","68.34607003"
"FISCALÍA GENERAL DE LA NACIÓN - SECTOR CARIBE","2021-09-06","","76.8514729"
"FISCALÍA GENERAL DE LA NACIÓN - SECTOR CARIBE","2021-09-05","","33.23480816"
"FISCALÍA GENERAL DE LA NACIÓN - SECTOR CARIBE","2021-09-04","","58.54445808"
"FISCALÍA GENERAL DE LA NACIÓN - SECTOR CARIBE","2021-09-03","","47.92444383"
"FISCALÍA GENERAL DE LA NACIÓN - SECTOR CARIBE","2021-09-02","","40.88652483"
"FISCALÍA GENERAL DE LA NACIÓN - SECTOR CARIBE","2021-09-01","","43.58919046"
"FISCALÍA GENERAL DE LA NACIÓN - SECTOR CARIBE","2021-08-31","","68.85292868"
"FISCALÍA GENERAL DE LA NACIÓN - SECTOR CARIBE","2021-08-30","","64.41920417"
"FISCALÍA GENERAL DE LA NACIÓN - SECTOR CARIBE","2021-08-29","","41.80979881"
"FISCALÍA GENERAL DE LA NACIÓN - SECTOR CARIBE","2021-08-28","","35.03244348"
"FISCALÍA GENERAL DE LA NACIÓN - SECTOR CARIBE","2021-08-27","","31.3301944"
"FISCALÍA GENERAL DE LA NACIÓN - SECTOR CARIBE","2021-08-26","","75.024099"
"FISCALÍA GENERAL DE LA NACIÓN - SECTOR CARIBE","2021-08-25","","105.95485453"
"FISCALÍA GENERAL DE LA NACIÓN - SECTOR CARIBE","2021-08-24","","69.00463835"
"FISCALÍA GENERAL DE LA NACIÓN - SECTOR CARIBE","2021-08-23","","70.10103191"
"FISCALÍA GENERAL DE LA NACIÓN - SECTOR CARIBE","2021-08-22","","14.4193585"
"FISCALÍA GENERAL DE LA NACIÓN - SECTOR CARIBE","2021-08-21","","34.49829507"
"FISCALÍA GENERAL DE LA NACIÓN - SECTOR CARIBE","2021-08-20","","70.13898079"
"FISCALÍA GENERAL DE LA NACIÓN - SECTOR CARIBE","2021-08-19","","50.63647037"
"FISCALÍA GENERAL DE LA NACIÓN - SECTOR CARIBE","2021-08-18","","48.26317311"
"FISCALÍA GENERAL DE LA NACIÓN - SECTOR CARIBE","2021-08-17","","51.92907282"
"FISCALÍA GENERAL DE LA NACIÓN - SECTOR CARIBE","2021-08-16","","79.06326877"
"FISCALÍA GENERAL DE LA NACIÓN - SECTOR CARIBE","2021-08-15","","43.16474658"
"FISCALÍA GENERAL DE LA NACIÓN - SECTOR CARIBE","2021-08-14","","61.16200591"
"FISCALÍA GENERAL DE LA NACIÓN - SECTOR CARIBE","2021-08-13","","68.99314024"
"FISCALÍA GENERAL DE LA NACIÓN - SECTOR CARIBE","2021-08-12","","63.3069762"
"FISCALÍA GENERAL DE LA NACIÓN - SECTOR CARIBE","2021-08-11","","53.79465632"
"FISCALÍA GENERAL DE LA NACIÓN - SECTOR CARIBE","2021-08-10","","46.36494719"
"FISCALÍA GENERAL DE LA NACIÓN - SECTOR CARIBE","2021-08-09","","31.07147665"
"FISCALÍA GENERAL DE LA NACIÓN - SECTOR CARIBE","2021-08-08","","18.79062396"
"FISCALÍA GENERAL DE LA NACIÓN - SECTOR CARIBE","2021-08-07","","30.11552359"
"FISCALÍA GENERAL DE LA NACIÓN - SECTOR CARIBE","2021-08-06","","33.82513658"
"FISCALÍA GENERAL DE LA NACIÓN - SECTOR CARIBE","2021-08-05","","44.63332637"
"FISCALÍA GENERAL DE LA NACIÓN - SECTOR CARIBE","2021-08-04","","33.87860024"
"FISCALÍA GENERAL DE LA NACIÓN - SECTOR CARIBE","2021-08-03","","41.77342901"
"FISCALÍA GENERAL DE LA NACIÓN - SECTOR CARIBE","2021-08-02","","43.69049649"
"FISCALÍA GENERAL DE LA NACIÓN - SECTOR CARIBE","2021-08-01","","25.57697337"
"FISCALÍA GENERAL DE LA NACIÓN - SECTOR CARIBE","2021-07-31","","30.86738571"
"FISCALÍA GENERAL DE LA NACIÓN - SECTOR CARIBE","2021-07-30","","54.60939012"
"FISCALÍA GENERAL DE LA NACIÓN - SECTOR CARIBE","2021-07-29","","133.14459061"
"FISCALÍA GENERAL DE LA NACIÓN - SECTOR CARIBE","2021-07-28","","86.84519935"
"FISCALÍA GENERAL DE LA NACIÓN - SECTOR CARIBE","2021-07-27","","92.04149985"
"FISCALÍA GENERAL DE LA NACIÓN - SECTOR CARIBE","2021-07-26","","58.84699131"
"FISCALÍA GENERAL DE LA NACIÓN - SECTOR CARIBE","2021-07-25","","59.56022176"
"FISCALÍA GENERAL DE LA NACIÓN - SECTOR CARIBE","2021-07-24","","62.20818593"
"FISCALÍA GENERAL DE LA NACIÓN - SECTOR CARIBE","2021-07-23","","33.25140632"
"FISCALÍA GENERAL DE LA NACIÓN - SECTOR CARIBE","2021-07-22","","51.03297639"
"FISCALÍA GENERAL DE LA NACIÓN - SECTOR CARIBE","2021-07-21","","36.94092867"
"FISCALÍA GENERAL DE LA NACIÓN - SECTOR CARIBE","2021-07-20","","39.8375012"
"FISCALÍA GENERAL DE LA NACIÓN - SECTOR CARIBE","2021-07-19","","33.30157386"
"FISCALÍA GENERAL DE LA NACIÓN - SECTOR CARIBE","2021-07-18","","25.58167482"
"FISCALÍA GENERAL DE LA NACIÓN - SECTOR CARIBE","2021-07-17","","43.51733492"
"FISCALÍA GENERAL DE LA NACIÓN - SECTOR CARIBE","2021-07-16","","54.45702225"
"FISCALÍA GENERAL DE LA NACIÓN - SECTOR CARIBE","2021-07-15","","30.95444631"
"FISCALÍA GENERAL DE LA NACIÓN - SECTOR CARIBE","2021-07-14","","43.36473708"
"FISCALÍA GENERAL DE LA NACIÓN - SECTOR CARIBE","2021-07-13","","70.29678088"
"FISCALÍA GENERAL DE LA NACIÓN - SECTOR CARIBE","2021-07-12","","46.79590667"
"FISCALÍA GENERAL DE LA NACIÓN - SECTOR CARIBE","2021-07-11","","23.88183478"
"FISCALÍA GENERAL DE LA NACIÓN - SECTOR CARIBE","2021-07-10","","50.18434415"
"FISCALÍA GENERAL DE LA NACIÓN - SECTOR CARIBE","2021-07-09","","45.76187887"
"FISCALÍA GENERAL DE LA NACIÓN - SECTOR CARIBE","2021-07-08","","37.23775294"
"FISCALÍA GENERAL DE LA NACIÓN - SECTOR CARIBE","2021-07-07","","31.31383642"
"FISCALÍA GENERAL DE LA NACIÓN - SECTOR CARIBE","2021-07-06","","36.40352438"
"FISCALÍA GENERAL DE LA NACIÓN - SECTOR CARIBE","2021-07-05","","17.79753966"
"FISCALÍA GENERAL DE LA NACIÓN - SECTOR CARIBE","2021-07-04","","21.35452414"
"FISCALÍA GENERAL DE LA NACIÓN - SECTOR CARIBE","2021-07-03","","27.33284755"
"FISCALÍA GENERAL DE LA NACIÓN - SECTOR CARIBE","2021-07-02","","34.7010781"
"FISCALÍA GENERAL DE LA NACIÓN - SECTOR CARIBE","2021-07-01","","61.21560244"
"FISCALÍA GENERAL DE LA NACIÓN - SECTOR CARIBE","2021-06-30","","52.42505539"
"FISCALÍA GENERAL DE LA NACIÓN - SECTOR CARIBE","2021-06-29","","63.29661768"
"FISCALÍA GENERAL DE LA NACIÓN - SECTOR CARIBE","2021-06-28","","43.76025682"
"FISCALÍA GENERAL DE LA NACIÓN - SECTOR CARIBE","2021-06-27","","60.49431308"
"FISCALÍA GENERAL DE LA NACIÓN - SECTOR CARIBE","2021-06-26","","59.57942106"
"FISCALÍA GENERAL DE LA NACIÓN - SECTOR CARIBE","2021-06-25","","71.08150916"
"FISCALÍA GENERAL DE LA NACIÓN - SECTOR CARIBE","2021-06-24","","72.79395113"
"FISCALÍA GENERAL DE LA NACIÓN - SECTOR CARIBE","2021-06-23","","58.46266817"
"FISCALÍA GENERAL DE LA NACIÓN - SECTOR CARIBE","2021-06-22","","60.03453167"
"FISCALÍA GENERAL DE LA NACIÓN - SECTOR CARIBE","2021-06-21","","62.27982172"
"FISCALÍA GENERAL DE LA NACIÓN - SECTOR CARIBE","2021-06-20","","34.64106306"
"FISCALÍA GENERAL DE LA NACIÓN - SECTOR CARIBE","2021-06-19","","61.20790637"
"FISCALÍA GENERAL DE LA NACIÓN - SECTOR CARIBE","2021-06-18","","60.36694466"
"FISCALÍA GENERAL DE LA NACIÓN - SECTOR CARIBE","2021-06-17","","46.9142759"
"FISCALÍA GENERAL DE LA NACIÓN - SECTOR CARIBE","2021-06-16","","55.67897518"
"FISCALÍA GENERAL DE LA NACIÓN - SECTOR CARIBE","2021-06-15","","65.36295622"
"FISCALÍA GENERAL DE LA NACIÓN - SECTOR CARIBE","2021-06-14","","43.5335447"
"FISCALÍA GENERAL DE LA NACIÓN - SECTOR CARIBE","2021-06-13","","43.43008214"
"FISCALÍA GENERAL DE LA NACIÓN - SECTOR CARIBE","2021-06-12","","100.63313978"
"FISCALÍA GENERAL DE LA NACIÓN - SECTOR CARIBE","2021-06-11","","48.33275969"
"FISCALÍA GENERAL DE LA NACIÓN - SECTOR CARIBE","2021-06-10","","59.05775937"
"FISCALÍA GENERAL DE LA NACIÓN - SECTOR CARIBE","2021-06-09","","65.47034481"
"FISCALÍA GENERAL DE LA NACIÓN - SECTOR CARIBE","2021-06-08","","88.07660834"
"FISCALÍA GENERAL DE LA NACIÓN - SECTOR CARIBE","2021-06-07","","46.15549758"
"FISCALÍA GENERAL DE LA NACIÓN - SECTOR CARIBE","2021-06-06","","21.12024883"
"FISCALÍA GENERAL DE LA NACIÓN - SECTOR CARIBE","2021-06-05","","44.54568009"
"FISCALÍA GENERAL DE LA NACIÓN - SECTOR CARIBE","2021-06-04","","59.18534243"
"FISCALÍA GENERAL DE LA NACIÓN - SECTOR CARIBE","2021-06-03","","43.09475119"
"FISCALÍA GENERAL DE LA NACIÓN - SECTOR CARIBE","2021-06-02","","61.17497578"
"FISCALÍA GENERAL DE LA NACIÓN - SECTOR CARIBE","2021-06-01","","56.09283569"
"FISCALÍA GENERAL DE LA NACIÓN - SECTOR CARIBE","2021-05-31","","63.11950409"
"FISCALÍA GENERAL DE LA NACIÓN - SECTOR CARIBE","2021-05-30","","50.10095473"
"FISCALÍA GENERAL DE LA NACIÓN - SECTOR CARIBE","2021-05-29","","74.27205135"
"FISCALÍA GENERAL DE LA NACIÓN - SECTOR CARIBE","2021-05-28","","80.06276645"
"FISCALÍA GENERAL DE LA NACIÓN - SECTOR CARIBE","2021-05-27","","62.8402326"
"FISCALÍA GENERAL DE LA NACIÓN - SECTOR CARIBE","2021-05-26","","53.41310096"
"FISCALÍA GENERAL DE LA NACIÓN - SECTOR CARIBE","2021-05-25","","57.16730262"
"FISCALÍA GENERAL DE LA NACIÓN - SECTOR CARIBE","2021-05-24","","35.53951534"
"FISCALÍA GENERAL DE LA NACIÓN - SECTOR CARIBE","2021-05-23","","20.41982471"
"FISCALÍA GENERAL DE LA NACIÓN - SECTOR CARIBE","2021-05-22","","41.81359063"
"FISCALÍA GENERAL DE LA NACIÓN - SECTOR CARIBE","2021-05-21","","46.6285197"
"FISCALÍA GENERAL DE LA NACIÓN - SECTOR CARIBE","2021-05-20","","34.83734728"
"FISCALÍA GENERAL DE LA NACIÓN - SECTOR CARIBE","2021-05-19","","35.9965372"
"FISCALÍA GENERAL DE LA NACIÓN - SECTOR CARIBE","2021-05-18","","69.66358239"
"FISCALÍA GENERAL DE LA NACIÓN - SECTOR CARIBE","2021-05-17","","31.50651412"
"FISCALÍA GENERAL DE LA NACIÓN - SECTOR CARIBE","2021-05-16","","26.73405141"
"FISCALÍA GENERAL DE LA NACIÓN - SECTOR CARIBE","2021-05-15","","51.42874607"
"FISCALÍA GENERAL DE LA NACIÓN - SECTOR CARIBE","2021-05-14","","36.97372854"
"FISCALÍA GENERAL DE LA NACIÓN - SECTOR CARIBE","2021-05-13","","52.08460395"
"FISCALÍA GENERAL DE LA NACIÓN - SECTOR CARIBE","2021-05-12","","22.84397761"
"FISCALÍA GENERAL DE LA NACIÓN - SECTOR CARIBE","2021-05-11","","39.07850144"
"FISCALÍA GENERAL DE LA NACIÓN - SECTOR CARIBE","2021-05-10","","75.5846363"
"FISCALÍA GENERAL DE LA NACIÓN - SECTOR CARIBE","2021-05-09","","36.3682124"
"FISCALÍA GENERAL DE LA NACIÓN - SECTOR CARIBE","2021-05-08","","32.0173778"
"FISCALÍA GENERAL DE LA NACIÓN - SECTOR CARIBE","2021-05-07","","56.22294833"
"FISCALÍA GENERAL DE LA NACIÓN - SECTOR CARIBE","2021-05-06","","52.48618958"
"FISCALÍA GENERAL DE LA NACIÓN - SECTOR CARIBE","2021-05-05","","44.95341449"
"FISCALÍA GENERAL DE LA NACIÓN - SECTOR CARIBE","2021-05-04","","49.0440738"
"FISCALÍA GENERAL DE LA NACIÓN - SECTOR CARIBE","2021-05-03","","48.58974506"
"FISCALÍA GENERAL DE LA NACIÓN - SECTOR CARIBE","2021-05-02","","20.01045347"
"FISCALÍA GENERAL DE LA NACIÓN - SECTOR CARIBE","2021-05-01","","34.07902511"
"FISCALÍA GENERAL DE LA NACIÓN - SECTOR CARIBE","2021-04-30","","66.71112266"
"FISCALÍA GENERAL DE LA NACIÓN - SECTOR CARIBE","2021-04-29","","60.7670943"
"FISCALÍA GENERAL DE LA NACIÓN - SECTOR CARIBE","2021-04-28","","53.01601749"
"FISCALÍA GENERAL DE LA NACIÓN - SECTOR CARIBE","2021-04-27","","80.98348417"
"FISCALÍA GENERAL DE LA NACIÓN - SECTOR CARIBE","2021-04-26","","61.49543351"
"FISCALÍA GENERAL DE LA NACIÓN - SECTOR CARIBE","2021-04-25","","14.60781"
"FISCALÍA GENERAL DE LA NACIÓN - SECTOR CARIBE","2021-04-24","","44.29200108"
"FISCALÍA GENERAL DE LA NACIÓN - SECTOR CARIBE","2021-04-23","","40.82780891"
"FISCALÍA GENERAL DE LA NACIÓN - SECTOR CARIBE","2021-04-22","","38.82551231"
"FISCALÍA GENERAL DE LA NACIÓN - SECTOR CARIBE","2021-04-21","","59.88408016"
"FISCALÍA GENERAL DE LA NACIÓN - SECTOR CARIBE","2021-04-20","","36.7849602"
"FISCALÍA GENERAL DE LA NACIÓN - SECTOR CARIBE","2021-04-19","","42.24618028"
"FISCALÍA GENERAL DE LA NACIÓN - SECTOR CARIBE","2021-04-18","","18.28525382"
"FISCALÍA GENERAL DE LA NACIÓN - SECTOR CARIBE","2021-04-17","","32.0385701"
"FISCALÍA GENERAL DE LA NACIÓN - SECTOR CARIBE","2021-04-16","","70.40723941"
"FISCALÍA GENERAL DE LA NACIÓN - SECTOR CARIBE","2021-04-15","","49.57805738"
"FISCALÍA GENERAL DE LA NACIÓN - SECTOR CARIBE","2021-04-14","","32.57195987"
"FISCALÍA GENERAL DE LA NACIÓN - SECTOR CARIBE","2021-04-13","","42.08296841"
"FISCALÍA GENERAL DE LA NACIÓN - SECTOR CARIBE","2021-04-12","","38.80633253"
"FISCALÍA GENERAL DE LA NACIÓN - SECTOR CARIBE","2021-04-11","","20.65131152"
"FISCALÍA GENERAL DE LA NACIÓN - SECTOR CARIBE","2021-04-10","","21.67884623"
"FISCALÍA GENERAL DE LA NACIÓN - SECTOR CARIBE","2021-04-09","","26.05963347"
"FISCALÍA GENERAL DE LA NACIÓN - SECTOR CARIBE","2021-04-08","","33.8180213"
"FISCALÍA GENERAL DE LA NACIÓN - SECTOR CARIBE","2021-04-07","","47.13292912"
"FISCALÍA GENERAL DE LA NACIÓN - SECTOR CARIBE","2021-04-06","","42.49179529"
"FISCALÍA GENERAL DE LA NACIÓN - SECTOR CARIBE","2021-04-05","","35.25434682"
"FISCALÍA GENERAL DE LA NACIÓN - SECTOR CARIBE","2021-04-04","","21.34590823"
"FISCALÍA GENERAL DE LA NACIÓN - SECTOR CARIBE","2021-04-03","","39.19666918"
"FISCALÍA GENERAL DE LA NACIÓN - SECTOR CARIBE","2021-04-02","","14.50856341"
"FISCALÍA GENERAL DE LA NACIÓN - SECTOR CARIBE","2021-04-01","","20.4653419"
"FISCALÍA GENERAL DE LA NACIÓN - SECTOR CARIBE","2021-03-31","","34.16777521"
"FISCALÍA GENERAL DE LA NACIÓN - SECTOR CARIBE","2021-03-30","","38.30751468"
"FISCALÍA GENERAL DE LA NACIÓN - SECTOR CARIBE","2021-03-29","","35.3230862"
"FISCALÍA GENERAL DE LA NACIÓN - SECTOR CARIBE","2021-03-28","","25.27785892"
"FISCALÍA GENERAL DE LA NACIÓN - SECTOR CARIBE","2021-03-27","","48.551464"
"FISCALÍA GENERAL DE LA NACIÓN - SECTOR CARIBE","2021-03-26","","56.73694972"
"FISCALÍA GENERAL DE LA NACIÓN - SECTOR CARIBE","2021-03-25","","46.54914695"
"FISCALÍA GENERAL DE LA NACIÓN - SECTOR CARIBE","2021-03-24","","53.83588911"
"FISCALÍA GENERAL DE LA NACIÓN - SECTOR CARIBE","2021-03-23","","79.45265787"
"FISCALÍA GENERAL DE LA NACIÓN - SECTOR CARIBE","2021-03-15","","56.54372476"
"FISCALÍA GENERAL DE LA NACIÓN - SECTOR CARIBE","2021-03-14","","37.02593509"
"FISCALÍA GENERAL DE LA NACIÓN - SECTOR CARIBE","2021-03-13","","38.84375598"
"FISCALÍA GENERAL DE LA NACIÓN - SECTOR CARIBE","2021-03-12","","58.95505823"
"FISCALÍA GENERAL DE LA NACIÓN - SECTOR CARIBE","2021-03-11","","63.96909372"
"FISCALÍA GENERAL DE LA NACIÓN - SECTOR CARIBE","2021-03-10","","51.09913908"
"FISCALÍA GENERAL DE LA NACIÓN - SECTOR CARIBE","2021-03-09","","54.61130136"
"FISCALÍA GENERAL DE LA NACIÓN - SECTOR CARIBE","2021-03-08","","43.94192188"
"FISCALÍA GENERAL DE LA NACIÓN - SECTOR CARIBE","2021-03-07","","16.64032365"
"FISCALÍA GENERAL DE LA NACIÓN - SECTOR CARIBE","2021-03-06","","27.3788911"
"FISCALÍA GENERAL DE LA NACIÓN - SECTOR CARIBE","2021-03-05","","32.49780471"
"FISCALÍA GENERAL DE LA NACIÓN - SECTOR CARIBE","2021-03-04","","24.9482617"
"FISCALÍA GENERAL DE LA NACIÓN - SECTOR CARIBE","2021-03-03","","37.2364272"
"FISCALÍA GENERAL DE LA NACIÓN - SECTOR CARIBE","2021-03-02","","44.80303851"
"FISCALÍA GENERAL DE LA NACIÓN - SECTOR CARIBE","2021-03-01","","48.92302678"
"FISCALÍA GENERAL DE LA NACIÓN - SECTOR CARIBE","2021-02-28","","36.36349187"
"FISCALÍA GENERAL DE LA NACIÓN - SECTOR CARIBE","2021-02-27","","67.23613669"
"FISCALÍA GENERAL DE LA NACIÓN - SECTOR CARIBE","2021-02-26","","41.74655408"
"FISCALÍA GENERAL DE LA NACIÓN - SECTOR CARIBE","2021-02-25","","34.68106627"
"FISCALÍA GENERAL DE LA NACIÓN - SECTOR CARIBE","2021-02-24","","30.63870859"
"FISCALÍA GENERAL DE LA NACIÓN - SECTOR CARIBE","2021-02-23","","32.40677543"
"FISCALÍA GENERAL DE LA NACIÓN - SECTOR CARIBE","2021-02-22","","30.59913931"
"FISCALÍA GENERAL DE LA NACIÓN - SECTOR CARIBE","2021-02-21","","23.48511413"
"FISCALÍA GENERAL DE LA NACIÓN - SECTOR CARIBE","2021-02-20","","46.91547681"
"FISCALÍA GENERAL DE LA NACIÓN - SECTOR CARIBE","2021-02-19","","37.08665023"
"FISCALÍA GENERAL DE LA NACIÓN - SECTOR CARIBE","2021-02-18","","51.0923833"
"FISCALÍA GENERAL DE LA NACIÓN - SECTOR CARIBE","2021-02-17","","40.96836695"
"FISCALÍA GENERAL DE LA NACIÓN - SECTOR CARIBE","2021-02-16","","50.39358424"
"FISCALÍA GENERAL DE LA NACIÓN - SECTOR CARIBE","2021-02-15","","42.6048805"
"FISCALÍA GENERAL DE LA NACIÓN - SECTOR CARIBE","2021-02-14","","25.22777826"
"FISCALÍA GENERAL DE LA NACIÓN - SECTOR CARIBE","2021-02-13","","44.42034556"
"FISCALÍA GENERAL DE LA NACIÓN - SECTOR CARIBE","2021-02-12","","40.5258736"
"FISCALÍA GENERAL DE LA NACIÓN - SECTOR CARIBE","2021-02-11","","42.0053587"
"FISCALÍA GENERAL DE LA NACIÓN - SECTOR CARIBE","2021-02-10","","43.61189297"
"FISCALÍA GENERAL DE LA NACIÓN - SECTOR CARIBE","2021-02-09","","38.22027212"
"FISCALÍA GENERAL DE LA NACIÓN - SECTOR CARIBE","2021-02-08","","37.09574651"
"FISCALÍA GENERAL DE LA NACIÓN - SECTOR CARIBE","2021-02-07","","23.74052043"
"FISCALÍA GENERAL DE LA NACIÓN - SECTOR CARIBE","2021-02-06","","42.58996361"
"FISCALÍA GENERAL DE LA NACIÓN - SECTOR CARIBE","2021-02-05","","31.6349046"
"FISCALÍA GENERAL DE LA NACIÓN - SECTOR CARIBE","2021-02-04","","27.79338016"
"FISCALÍA GENERAL DE LA NACIÓN - SECTOR CARIBE","2021-02-03","","32.69534739"
"FISCALÍA GENERAL DE LA NACIÓN - SECTOR CARIBE","2021-02-02","","34.16092234"
"FISCALÍA GENERAL DE LA NACIÓN - SECTOR CARIBE","2021-02-01","","31.24619685"
"FISCALÍA GENERAL DE LA NACIÓN - SECTOR CARIBE","2021-01-31","","24.42959463"
"FISCALÍA GENERAL DE LA NACIÓN - SECTOR CARIBE","2021-01-30","","20.41863402"
"FISCALÍA GENERAL DE LA NACIÓN - SECTOR CARIBE","2021-01-29","","42.08511983"
"FISCALÍA GENERAL DE LA NACIÓN - SECTOR CARIBE","2021-01-28","","38.66383863"
"FISCALÍA GENERAL DE LA NACIÓN - SECTOR CARIBE","2021-01-27","","63.43833428"
"FISCALÍA GENERAL DE LA NACIÓN - SECTOR CARIBE","2021-01-26","","42.16753319"
"FISCALÍA GENERAL DE LA NACIÓN - SECTOR CARIBE","2021-01-25","","34.16727951"
"FISCALÍA GENERAL DE LA NACIÓN - SECTOR CARIBE","2021-01-24","","16.14536824"
"FISCALÍA GENERAL DE LA NACIÓN - SECTOR CARIBE","2021-01-23","","25.47066949"
"FISCALÍA GENERAL DE LA NACIÓN - SECTOR CARIBE","2021-01-22","","38.70642763"
"FISCALÍA GENERAL DE LA NACIÓN - SECTOR CARIBE","2021-01-21","","34.76960174"
"FISCALÍA GENERAL DE LA NACIÓN - SECTOR CARIBE","2021-01-20","","41.40219328"
"FISCALÍA GENERAL DE LA NACIÓN - SECTOR CARIBE","2021-01-19","","56.95552628"
"FISCALÍA GENERAL DE LA NACIÓN - SECTOR CARIBE","2021-01-18","","41.00831395"
"FISCALÍA GENERAL DE LA NACIÓN - SECTOR CARIBE","2021-01-17","","21.36983452"
"FISCALÍA GENERAL DE LA NACIÓN - SECTOR CARIBE","2021-01-16","","38.21631677"
"FISCALÍA GENERAL DE LA NACIÓN - SECTOR CARIBE","2021-01-15","","39.34906991"
"FISCALÍA GENERAL DE LA NACIÓN - SECTOR CARIBE","2021-01-14","","39.3394993"
"FISCALÍA GENERAL DE LA NACIÓN - SECTOR CARIBE","2021-01-13","","50.85279841"
"FISCALÍA GENERAL DE LA NACIÓN - SECTOR CARIBE","2021-01-12","","41.83559035"
"FISCALÍA GENERAL DE LA NACIÓN - SECTOR CARIBE","2021-01-11","","19.2049193"
"FISCALÍA GENERAL DE LA NACIÓN - SECTOR CARIBE","2021-01-10","","22.26240212"
"FISCALÍA GENERAL DE LA NACIÓN - SECTOR CARIBE","2021-01-09","","38.87696763"
"FISCALÍA GENERAL DE LA NACIÓN - SECTOR CARIBE","2021-01-08","","41.43776078"
"FISCALÍA GENERAL DE LA NACIÓN - SECTOR CARIBE","2021-01-07","","42.22055737"
"FISCALÍA GENERAL DE LA NACIÓN - SECTOR CARIBE","2021-01-06","","41.46687911"
"FISCALÍA GENERAL DE LA NACIÓN - SECTOR CARIBE","2021-01-05","","35.89344768"
"FISCALÍA GENERAL DE LA NACIÓN - SECTOR CARIBE","2021-01-04","","54.74471523"
"FISCALÍA GENERAL DE LA NACIÓN - SECTOR CARIBE","2021-01-03","","20.68938734"
"FISCALÍA GENERAL DE LA NACIÓN - SECTOR CARIBE","2021-01-02","","31.26403356"
"FISCALÍA GENERAL DE LA NACIÓN - SECTOR CARIBE","2021-01-01","","11.83815539"
"FISCALÍA GENERAL DE LA NACIÓN - SECTOR CARIBE","2020-12-31","","25.15030142"
"FISCALÍA GENERAL DE LA NACIÓN - SECTOR CARIBE","2020-12-30","","62.03320509"
"FISCALÍA GENERAL DE LA NACIÓN - SECTOR CARIBE","2020-12-29","","41.7153712"
"FISCALÍA GENERAL DE LA NACIÓN - SECTOR CARIBE","2020-12-28","","46.78524175"
"FISCALÍA GENERAL DE LA NACIÓN - SECTOR CARIBE","2020-12-27","","65.89364776"
"FISCALÍA GENERAL DE LA NACIÓN - SECTOR CARIBE","2020-12-26","","70.21124514"
"FISCALÍA GENERAL DE LA NACIÓN - SECTOR CARIBE","2020-12-25","","16.92287351"
"FISCALÍA GENERAL DE LA NACIÓN - SECTOR CARIBE","2020-12-24","","49.39254836"
"FISCALÍA GENERAL DE LA NACIÓN - SECTOR CARIBE","2020-12-23","","60.91728008"
"FISCALÍA GENERAL DE LA NACIÓN - SECTOR CARIBE","2020-12-22","","50.75837693"
"FISCALÍA GENERAL DE LA NACIÓN - SECTOR CARIBE","2020-12-21","","51.22689077"
"FISCALÍA GENERAL DE LA NACIÓN - SECTOR CARIBE","2020-12-20","","37.35272166"
"FISCALÍA GENERAL DE LA NACIÓN - SECTOR CARIBE","2020-12-19","","79.24957395"
"FISCALÍA GENERAL DE LA NACIÓN - SECTOR CARIBE","2020-12-18","","61.59712003"
"FISCALÍA GENERAL DE LA NACIÓN - SECTOR CARIBE","2020-12-17","","48.40074675"
"FISCALÍA GENERAL DE LA NACIÓN - SECTOR CARIBE","2020-12-16","","47.13823358"
"FISCALÍA GENERAL DE LA NACIÓN - SECTOR CARIBE","2020-12-15","","41.11026899"
"FISCALÍA GENERAL DE LA NACIÓN - SECTOR CARIBE","2020-12-14","","72.07214052"
"FISCALÍA GENERAL DE LA NACIÓN - SECTOR CARIBE","2020-12-13","","35.97317814"
"FISCALÍA GENERAL DE LA NACIÓN - SECTOR CARIBE","2020-12-12","","48.66595699"
"FISCALÍA GENERAL DE LA NACIÓN - SECTOR CARIBE","2020-12-11","","61.91755964"
"FISCALÍA GENERAL DE LA NACIÓN - SECTOR CARIBE","2020-12-10","","64.67589035"
"FISCALÍA GENERAL DE LA NACIÓN - SECTOR CARIBE","2020-12-09","","72.86519854"
"FISCALÍA GENERAL DE LA NACIÓN - SECTOR CARIBE","2020-12-08","","32.80786536"
"FISCALÍA GENERAL DE LA NACIÓN - SECTOR CARIBE","2020-12-07","","52.76486805"
"FISCALÍA GENERAL DE LA NACIÓN - SECTOR CARIBE","2020-12-06","","26.68386854"
"FISCALÍA GENERAL DE LA NACIÓN - SECTOR CARIBE","2020-12-05","","50.41839972"
"FISCALÍA GENERAL DE LA NACIÓN - SECTOR CARIBE","2020-12-04","","56.47120534"
"FISCALÍA GENERAL DE LA NACIÓN - SECTOR CARIBE","2020-12-03","","61.00316332"
"FISCALÍA GENERAL DE LA NACIÓN - SECTOR CARIBE","2020-12-02","","93.90638635"
"FISCALÍA GENERAL DE LA NACIÓN - SECTOR CARIBE","2020-12-01","","89.86635851"
"FISCALÍA GENERAL DE LA NACIÓN - SECTOR CARIBE","2020-11-30","","91.98607895"
"FISCALÍA GENERAL DE LA NACIÓN - SECTOR CARIBE","2020-11-29","","44.56420994"
"FISCALÍA GENERAL DE LA NACIÓN - SECTOR CARIBE","2020-11-28","","79.41265296"
"FISCALÍA GENERAL DE LA NACIÓN - SECTOR CARIBE","2020-11-27","","71.81310083"
"FISCALÍA GENERAL DE LA NACIÓN - SECTOR CARIBE","2020-11-26","","57.24215433"
"FISCALÍA GENERAL DE LA NACIÓN - SECTOR CARIBE","2020-11-25","","50.38309286"
"FISCALÍA GENERAL DE LA NACIÓN - SECTOR CARIBE","2020-11-24","","42.00209835"
"FISCALÍA GENERAL DE LA NACIÓN - SECTOR CARIBE","2020-11-23","","45.33038282"
"FISCALÍA GENERAL DE LA NACIÓN - SECTOR CARIBE","2020-11-22","","23.35026427"
"FISCALÍA GENERAL DE LA NACIÓN - SECTOR CARIBE","2020-11-21","","60.34130642"
"FISCALÍA GENERAL DE LA NACIÓN - SECTOR CARIBE","2020-11-20","","91.14302713"
"FISCALÍA GENERAL DE LA NACIÓN - SECTOR CARIBE","2020-11-19","","48.93784146"
"FISCALÍA GENERAL DE LA NACIÓN - SECTOR CARIBE","2020-11-18","","44.44385792"
"FISCALÍA GENERAL DE LA NACIÓN - SECTOR CARIBE","2020-11-17","","93.8693931"
"FISCALÍA GENERAL DE LA NACIÓN - SECTOR CARIBE","2020-11-16","","37.59306286"
"FISCALÍA GENERAL DE LA NACIÓN - SECTOR CARIBE","2020-11-15","","51.1047195"
"FISCALÍA GENERAL DE LA NACIÓN - SECTOR CARIBE","2020-11-14","","68.50350462"
"FISCALÍA GENERAL DE LA NACIÓN - SECTOR CARIBE","2020-11-13","","83.58432652"
"FISCALÍA GENERAL DE LA NACIÓN - SECTOR CARIBE","2020-11-12","","71.93650368"
"FISCALÍA GENERAL DE LA NACIÓN - SECTOR CARIBE","2020-11-11","","79.22991474"
"FISCALÍA GENERAL DE LA NACIÓN - SECTOR CARIBE","2020-11-10","","61.92924683"
"FISCALÍA GENERAL DE LA NACIÓN - SECTOR CARIBE","2020-11-09","","49.5301203"
"FISCALÍA GENERAL DE LA NACIÓN - SECTOR CARIBE","2020-11-06","","71.89883075"
"FISCALÍA GENERAL DE LA NACIÓN - SECTOR CARIBE","2020-11-05","","64.39211548"
"FISCALÍA GENERAL DE LA NACIÓN - SECTOR CARIBE","2020-11-04","","58.83668388"
"FISCALÍA GENERAL DE LA NACIÓN - SECTOR CARIBE","2020-11-03","","44.44142032"
"FISCALÍA GENERAL DE LA NACIÓN - SECTOR CARIBE","2020-11-02","","38.4547222"
"FISCALÍA GENERAL DE LA NACIÓN - SECTOR CARIBE","2020-11-01","","27.25301813"
"FISCALÍA GENERAL DE LA NACIÓN - SECTOR CARIBE","2020-10-31","","66.83823046"
"FISCALÍA GENERAL DE LA NACIÓN - SECTOR CARIBE","2020-10-30","","115.00104805"
"FISCALÍA GENERAL DE LA NACIÓN - SECTOR CARIBE","2020-10-29","","90.38465764"
"FISCALÍA GENERAL DE LA NACIÓN - SECTOR CARIBE","2020-10-28","","73.60690855"
"FISCALÍA GENERAL DE LA NACIÓN - SECTOR CARIBE","2020-10-27","","74.09828166"
"FISCALÍA GENERAL DE LA NACIÓN - SECTOR CARIBE","2020-10-26","","46.96390175"
"FISCALÍA GENERAL DE LA NACIÓN - SECTOR CARIBE","2020-10-15","","48.21203258"
"FISCALÍA GENERAL DE LA NACIÓN - SECTOR CARIBE","2020-10-14","","54.48723928"
"FISCALÍA GENERAL DE LA NACIÓN - SECTOR CARIBE","2020-10-13","","80.92446054"
"FISCALÍA GENERAL DE LA NACIÓN - SECTOR CARIBE","2020-10-12","","13.68291629"
"FISCALÍA GENERAL DE LA NACIÓN - SECTOR CARIBE","2020-10-11","","17.9610837"
"FISCALÍA GENERAL DE LA NACIÓN - SECTOR CARIBE","2020-10-10","","23.55772088"
"FISCALÍA GENERAL DE LA NACIÓN - SECTOR CARIBE","2020-10-09","","31.85457475"
"FISCALÍA GENERAL DE LA NACIÓN - SECTOR CARIBE","2020-10-08","","25.86988906"
"FISCALÍA GENERAL DE LA NACIÓN - SECTOR CARIBE","2020-10-07","","42.48012854"
"FISCALÍA GENERAL DE LA NACIÓN - SECTOR CARIBE","2020-10-06","","48.33220778"
"FISCALÍA GENERAL DE LA NACIÓN - SECTOR CARIBE","2020-10-05","","90.79712304"
"FISCALÍA GENERAL DE LA NACIÓN - SECTOR CARIBE","2020-10-04","","32.96230801"
"FISCALÍA GENERAL DE LA NACIÓN - SECTOR CARIBE","2020-10-03","","78.61434668"
"FISCALÍA GENERAL DE LA NACIÓN - SECTOR CARIBE","2020-10-02","","66.05766194"
"FISCALÍA GENERAL DE LA NACIÓN - SECTOR CARIBE","2020-10-01","","28.67412024"
"FISCALÍA GENERAL DE LA NACIÓN - SECTOR CARIBE","2020-09-30","","53.97107114"
"FISCALÍA GENERAL DE LA NACIÓN - SECTOR CARIBE","2020-09-29","","78.29235866"
"FISCALÍA GENERAL DE LA NACIÓN - SECTOR CARIBE","2020-09-28","","49.13645219"
"FISCALÍA GENERAL DE LA NACIÓN - SECTOR CARIBE","2020-09-27","","20.53994677"
"FISCALÍA GENERAL DE LA NACIÓN - SECTOR CARIBE","2020-09-26","","39.43366024"
"FISCALÍA GENERAL DE LA NACIÓN - SECTOR CARIBE","2020-09-25","","31.32489412"
"FISCALÍA GENERAL DE LA NACIÓN - SECTOR CARIBE","2020-09-24","","32.91822169"
"FISCALÍA GENERAL DE LA NACIÓN - SECTOR CARIBE","2020-09-23","","39.70709047"
"FISCALÍA GENERAL DE LA NACIÓN - SECTOR CARIBE","2020-09-22","","51.097606"
"FISCALÍA GENERAL DE LA NACIÓN - SECTOR CARIBE","2020-09-21","","63.4595536"
"FISCALÍA GENERAL DE LA NACIÓN - SECTOR CARIBE","2020-09-20","","51.75350942"
"FISCALÍA GENERAL DE LA NACIÓN - SECTOR CARIBE","2020-09-19","","59.60141567"
"FISCALÍA GENERAL DE LA NACIÓN - SECTOR CARIBE","2020-09-18","","85.36345754"
"FISCALÍA GENERAL DE LA NACIÓN - SECTOR CARIBE","2020-09-17","","75.19020372"
"FISCALÍA GENERAL DE LA NACIÓN - SECTOR CARIBE","2020-09-16","","106.72740503"
"FISCALÍA GENERAL DE LA NACIÓN - SECTOR CARIBE","2020-09-15","","50.10910561"
"FISCALÍA GENERAL DE LA NACIÓN - SECTOR CARIBE","2020-09-14","","40.04139425"
"FISCALÍA GENERAL DE LA NACIÓN - SECTOR CARIBE","2020-09-13","","20.05534477"
"FISCALÍA GENERAL DE LA NACIÓN - SECTOR CARIBE","2020-09-12","","37.92109123"
"FISCALÍA GENERAL DE LA NACIÓN - SECTOR CARIBE","2020-09-11","","35.96427605"
"FISCALÍA GENERAL DE LA NACIÓN - SECTOR CARIBE","2020-09-10","","53.05499109"
"FISCALÍA GENERAL DE LA NACIÓN - SECTOR CARIBE","2020-09-09","","82.27815118"
"FISCALÍA GENERAL DE LA NACIÓN - SECTOR CARIBE","2020-09-08","","61.79738137"
"FISCALÍA GENERAL DE LA NACIÓN - SECTOR CARIBE","2020-09-07","","51.38722556"
"FISCALÍA GENERAL DE LA NACIÓN - SECTOR CARIBE","2020-09-06","","18.80968016"
"FISCALÍA GENERAL DE LA NACIÓN - SECTOR CARIBE","2020-09-05","","35.99697668"
"FISCALÍA GENERAL DE LA NACIÓN - SECTOR CARIBE","2020-09-04","","63.83901685"
"FISCALÍA GENERAL DE LA NACIÓN - SECTOR CARIBE","2020-09-03","","100.15086295"
"FISCALÍA GENERAL DE LA NACIÓN - SECTOR CARIBE","2020-09-02","","60.51998198"
"FISCALÍA GENERAL DE LA NACIÓN - SECTOR CARIBE","2020-09-01","","58.20938776"
"FISCALÍA GENERAL DE LA NACIÓN - SECTOR CARIBE","2020-08-31","","96.29041007"
"FISCALÍA GENERAL DE LA NACIÓN - SECTOR CARIBE","2020-08-30","","25.67260701"
"FISCALÍA GENERAL DE LA NACIÓN - SECTOR CARIBE","2020-08-29","","44.32211591"
"FISCALÍA GENERAL DE LA NACIÓN - SECTOR CARIBE","2020-08-27","","50.71181622"
"FISCALÍA GENERAL DE LA NACIÓN - SECTOR CARIBE","2020-08-26","","53.97607409"
"FISCALÍA GENERAL DE LA NACIÓN - SECTOR CARIBE","2020-08-25","","48.1938165"
"FISCALÍA GENERAL DE LA NACIÓN - SECTOR CARIBE","2020-08-24","","60.58819389"
"FISCALÍA GENERAL DE LA NACIÓN - SECTOR CARIBE","2020-08-23","","24.57907009"
"FISCALÍA GENERAL DE LA NACIÓN - SECTOR CARIBE","2020-08-22","","40.67460807"
"FISCALÍA GENERAL DE LA NACIÓN - SECTOR CARIBE","2020-08-21","","32.88636425"
"FISCALÍA GENERAL DE LA NACIÓN - SECTOR CARIBE","2020-08-20","","45.69510805"
"FISCALÍA GENERAL DE LA NACIÓN - SECTOR CARIBE","2020-08-19","","53.59625312"
"FISCALÍA GENERAL DE LA NACIÓN - SECTOR CARIBE","2020-08-18","","48.25426591"
"FISCALÍA GENERAL DE LA NACIÓN - SECTOR CARIBE","2020-08-17","","14.2040474"
"FISCALÍA GENERAL DE LA NACIÓN - SECTOR CARIBE","2020-08-16","","11.0786765"
"FISCALÍA GENERAL DE LA NACIÓN - SECTOR CARIBE","2020-08-15","","28.80990528"
"FISCALÍA GENERAL DE LA NACIÓN - SECTOR CARIBE","2020-08-14","","58.98629221"
"FISCALÍA GENERAL DE LA NACIÓN - SECTOR CARIBE","2020-08-13","","44.95268772"
"FISCALÍA GENERAL DE LA NACIÓN - SECTOR CARIBE","2020-08-12","","43.99365536"
"FISCALÍA GENERAL DE LA NACIÓN - SECTOR CARIBE","2020-08-11","","29.41484396"
"FISCALÍA GENERAL DE LA NACIÓN - SECTOR CARIBE","2020-08-10","","27.08460586"
"FISCALÍA GENERAL DE LA NACIÓN - SECTOR CARIBE","2020-08-09","","6.02130225"
"FISCALÍA GENERAL DE LA NACIÓN - SECTOR CARIBE","2020-08-08","","11.38095821"
"FISCALÍA GENERAL DE LA NACIÓN - SECTOR CARIBE","2020-08-07","","11.62969604"
"FISCALÍA GENERAL DE LA NACIÓN - SECTOR CARIBE","2020-08-06","","35.11899616"
"FISCALÍA GENERAL DE LA NACIÓN - SECTOR CARIBE","2020-08-05","","27.73856227"
"FISCALÍA GENERAL DE LA NACIÓN - SECTOR CARIBE","2020-08-04","","21.23231199"
"FISCALÍA GENERAL DE LA NACIÓN - SECTOR CARIBE","2020-08-03","","46.29655643"
"FISCALÍA GENERAL DE LA NACIÓN - SECTOR CARIBE","2020-08-02","","12.25895883"
"FISCALÍA GENERAL DE LA NACIÓN - SECTOR CARIBE","2020-08-01","","24.92511217"
"FISCALÍA GENERAL DE LA NACIÓN - SECTOR CARIBE","2020-07-31","","60.29279972"
"FISCALÍA GENERAL DE LA NACIÓN - SECTOR CARIBE","2020-07-30","","73.46627898"
"FISCALÍA GENERAL DE LA NACIÓN - SECTOR CARIBE","2020-07-29","","43.29049816"
"FISCALÍA GENERAL DE LA NACIÓN - SECTOR CARIBE","2020-07-28","","40.81951494"
"FISCALÍA GENERAL DE LA NACIÓN - SECTOR CARIBE","2020-07-27","","40.42198176"
"FISCALÍA GENERAL DE LA NACIÓN - SECTOR CARIBE","2020-07-26","","19.65832262"
"FISCALÍA GENERAL DE LA NACIÓN - SECTOR CARIBE","2020-07-25","","52.94153238"
"FISCALÍA GENERAL DE LA NACIÓN - SECTOR CARIBE","2020-07-22","","45.79921452"
"FISCALÍA GENERAL DE LA NACIÓN - SECTOR CARIBE","2020-07-21","","34.77429808"
"FISCALÍA GENERAL DE LA NACIÓN - SECTOR CARIBE","2020-07-20","","8.44489335"
"FISCALÍA GENERAL DE LA NACIÓN - SECTOR CARIBE","2020-07-19","","7.18701008"
"FISCALÍA GENERAL DE LA NACIÓN - SECTOR CARIBE","2020-07-18","","22.08055073"
"FISCALÍA GENERAL DE LA NACIÓN - SECTOR CARIBE","2020-07-17","","26.41302923"
"FISCALÍA GENERAL DE LA NACIÓN - SECTOR CARIBE","2020-07-16","","53.76544512"
"FISCALÍA GENERAL DE LA NACIÓN - SECTOR CARIBE","2020-07-15","","51.06578433"
"FISCALÍA GENERAL DE LA NACIÓN - SECTOR CARIBE","2020-07-14","","45.19149073"
"FISCALÍA GENERAL DE LA NACIÓN - SECTOR CARIBE","2020-07-13","","47.73592589"
"FISCALÍA GENERAL DE LA NACIÓN - SECTOR CARIBE","2020-07-12","","17.32492637"
"FISCALÍA GENERAL DE LA NACIÓN - SECTOR CARIBE","2020-07-11","","49.65371393"
"FISCALÍA GENERAL DE LA NACIÓN - SECTOR CARIBE","2020-07-10","","36.26542439"
"FISCALÍA GENERAL DE LA NACIÓN - SECTOR CARIBE","2020-07-09","","52.53883049"
"FISCALÍA GENERAL DE LA NACIÓN - SECTOR CARIBE","2020-07-08","","49.40495033"
"FISCALÍA GENERAL DE LA NACIÓN - SECTOR CARIBE","2020-07-06","","60.15591597"
"FISCALÍA GENERAL DE LA NACIÓN - SECTOR CARIBE","2020-07-05","","24.49904834"
"FISCALÍA GENERAL DE LA NACIÓN - SECTOR CARIBE","2020-07-04","","47.54056019"
"FISCALÍA GENERAL DE LA NACIÓN - SECTOR CARIBE","2020-07-03","","32.25003827"
"FISCALÍA GENERAL DE LA NACIÓN - SECTOR CARIBE","2020-07-01","","38.06626384"
"FISCALÍA GENERAL DE LA NACIÓN - SECTOR CARIBE","2020-06-30","","35.53439485"
"FISCALÍA GENERAL DE LA NACIÓN - SECTOR CARIBE","2020-06-29","","22.41944865"
"FISCALÍA GENERAL DE LA NACIÓN - SECTOR CARIBE","2020-06-28","","15.16018954"
"FISCALÍA GENERAL DE LA NACIÓN - SECTOR CARIBE","2020-06-27","","38.04661996"
"FISCALÍA GENERAL DE LA NACIÓN - SECTOR CARIBE","2020-06-26","","43.11517184"
"FISCALÍA GENERAL DE LA NACIÓN - SECTOR CARIBE","2020-06-25","","38.72110945"
"FISCALÍA GENERAL DE LA NACIÓN - SECTOR CARIBE","2020-06-24","","42.81290191"
"FISCALÍA GENERAL DE LA NACIÓN - SECTOR CARIBE","2020-06-23","","57.88110898"
"FISCALÍA GENERAL DE LA NACIÓN - SECTOR CARIBE","2020-06-22","","20.70464573"
"FISCALÍA GENERAL DE LA NACIÓN - SECTOR CARIBE","2020-06-21","","25.17723255"
"FISCALÍA GENERAL DE LA NACIÓN - SECTOR CARIBE","2020-06-20","","41.16131039"
"FISCALÍA GENERAL DE LA NACIÓN - SECTOR CARIBE","2020-06-19","","70.03674469"
"FISCALÍA GENERAL DE LA NACIÓN - SECTOR CARIBE","2020-06-18","","70.10670942"
"FISCALÍA GENERAL DE LA NACIÓN - SECTOR CARIBE","2020-06-17","","56.59970314"
"FISCALÍA GENERAL DE LA NACIÓN - SECTOR CARIBE","2020-06-16","","56.21920761"
"FISCALÍA GENERAL DE LA NACIÓN - SECTOR CARIBE","2020-06-15","","34.57532963"
"FISCALÍA GENERAL DE LA NACIÓN - SECTOR CARIBE","2020-06-14","","13.25631677"
"FISCALÍA GENERAL DE LA NACIÓN - SECTOR CARIBE","2020-06-13","","44.60119298"
"FISCALÍA GENERAL DE LA NACIÓN - SECTOR CARIBE","2020-06-12","","34.29047795"
"FISCALÍA GENERAL DE LA NACIÓN - SECTOR CARIBE","2020-06-11","","51.77163556"
"FISCALÍA GENERAL DE LA NACIÓN - SECTOR CARIBE","2020-06-10","","50.08391197"
"FISCALÍA GENERAL DE LA NACIÓN - SECTOR CARIBE","2020-06-09","","58.24155181"
"FISCALÍA GENERAL DE LA NACIÓN - SECTOR CARIBE","2020-06-08","","31.37353973"
"FISCALÍA GENERAL DE LA NACIÓN - SECTOR CARIBE","2020-06-07","","25.45859903"
"FISCALÍA GENERAL DE LA NACIÓN - SECTOR CARIBE","2020-06-06","","48.60278647"
"FISCALÍA GENERAL DE LA NACIÓN - SECTOR CARIBE","2020-06-05","","34.202198"
"FISCALÍA GENERAL DE LA NACIÓN - SECTOR CARIBE","2020-06-04","","56.8603168"
"FISCALÍA GENERAL DE LA NACIÓN - SECTOR CARIBE","2020-06-03","","97.74079217"
"FISCALÍA GENERAL DE LA NACIÓN - SECTOR CARIBE","2020-06-02","","54.19919369"
"FISCALÍA GENERAL DE LA NACIÓN - SECTOR CARIBE","2020-06-01","","57.52537783"
"FISCALÍA GENERAL DE LA NACIÓN - SECTOR CARIBE","2020-05-31","","29.56890333"
"FISCALÍA GENERAL DE LA NACIÓN - SECTOR CARIBE","2020-05-30","","49.53826777"
"FISCALÍA GENERAL DE LA NACIÓN - SECTOR CARIBE","2020-05-29","","47.93844087"
"FISCALÍA GENERAL DE LA NACIÓN - SECTOR CARIBE","2020-05-28","","49.11542341"
"FISCALÍA GENERAL DE LA NACIÓN - SECTOR CARIBE","2020-05-27","","68.37446514"
"FISCALÍA GENERAL DE LA NACIÓN - SECTOR CARIBE","2020-05-26","","29.05733954"
"FISCALÍA GENERAL DE LA NACIÓN - SECTOR CARIBE","2020-05-25","","11.19280421"
"FISCALÍA GENERAL DE LA NACIÓN - SECTOR CARIBE","2020-05-24","","8.76918611"
"FISCALÍA GENERAL DE LA NACIÓN - SECTOR CARIBE","2020-05-23","","36.05577547"
"FISCALÍA GENERAL DE LA NACIÓN - SECTOR CARIBE","2020-05-22","","49.09465527"
"FISCALÍA GENERAL DE LA NACIÓN - SECTOR CARIBE","2020-05-21","","29.9696611"
"FISCALÍA GENERAL DE LA NACIÓN - SECTOR CARIBE","2020-05-20","","58.26676692"
"FISCALÍA GENERAL DE LA NACIÓN - SECTOR CARIBE","2020-05-19","","50.64869925"
"FISCALÍA GENERAL DE LA NACIÓN - SECTOR CARIBE","2020-05-18","","24.33733889"
"FISCALÍA GENERAL DE LA NACIÓN - SECTOR CARIBE","2020-05-17","","13.33865858"
"FISCALÍA GENERAL DE LA NACIÓN - SECTOR CARIBE","2020-05-16","","23.85171995"
"FISCALÍA GENERAL DE LA NACIÓN - SECTOR CARIBE","2020-05-15","","26.19658365"
"FISCALÍA GENERAL DE LA NACIÓN - SECTOR CARIBE","2020-05-14","","20.49149628"
"FISCALÍA GENERAL DE LA NACIÓN - SECTOR CARIBE","2020-05-13","","31.04436666"
"FISCALÍA GENERAL DE LA NACIÓN - SECTOR CARIBE","2020-05-12","","25.25442322"
"FISCALÍA GENERAL DE LA NACIÓN - SECTOR CARIBE","2020-05-11","","29.44688026"
"FISCALÍA GENERAL DE LA NACIÓN - SECTOR CARIBE","2020-05-10","","6.81486984"
"FISCALÍA GENERAL DE LA NACIÓN - SECTOR CARIBE","2020-05-09","","20.85990601"
"FISCALÍA GENERAL DE LA NACIÓN - SECTOR CARIBE","2020-05-08","","23.29446521"
"FISCALÍA GENERAL DE LA NACIÓN - SECTOR CARIBE","2020-05-07","","20.22843991"
"FISCALÍA GENERAL DE LA NACIÓN - SECTOR CARIBE","2020-05-06","","17.4476751"
"FISCALÍA GENERAL DE LA NACIÓN - SECTOR CARIBE","2020-05-05","","30.99326905"
"FISCALÍA GENERAL DE LA NACIÓN - SECTOR CARIBE","2020-05-04","","14.67614149"
"FISCALÍA GENERAL DE LA NACIÓN - SECTOR CARIBE","2020-04-27","","28.02115112"
"FISCALÍA GENERAL DE LA NACIÓN - SECTOR CARIBE","2020-04-26","","5.8665873"
"FISCALÍA GENERAL DE LA NACIÓN - SECTOR CARIBE","2020-04-25","","27.15365074"
"FISCALÍA GENERAL DE LA NACIÓN - SECTOR CARIBE","2020-04-24","","24.1931219"
"FISCALÍA GENERAL DE LA NACIÓN - SECTOR CARIBE","2020-04-23","","23.2619741"
"FISCALÍA GENERAL DE LA NACIÓN - SECTOR CARIBE","2020-04-22","","37.55743405"
"FISCALÍA GENERAL DE LA NACIÓN - SECTOR CARIBE","2020-04-21","","24.21278111"
"FISCALÍA GENERAL DE LA NACIÓN - SECTOR CARIBE","2020-04-20","","28.04260303"
"FISCALÍA GENERAL DE LA NACIÓN - SECTOR CARIBE","2020-04-19","","8.71328995"
"FISCALÍA GENERAL DE LA NACIÓN - SECTOR CARIBE","2020-04-18","","12.9230146"
"FISCALÍA GENERAL DE LA NACIÓN - SECTOR CARIBE","2020-04-17","","18.83296256"
"FISCALÍA GENERAL DE LA NACIÓN - SECTOR CARIBE","2020-04-16","","25.3351553"
"FISCALÍA GENERAL DE LA NACIÓN - SECTOR CARIBE","2020-04-15","","21.5216607"
"FISCALÍA GENERAL DE LA NACIÓN - SECTOR CARIBE","2020-04-14","","28.9026976"
"FISCALÍA GENERAL DE LA NACIÓN - SECTOR CARIBE","2020-04-13","","30.52658366"
"FISCALÍA GENERAL DE LA NACIÓN - SECTOR CARIBE","2020-04-12","","11.29444241"
"FISCALÍA GENERAL DE LA NACIÓN - SECTOR CARIBE","2020-04-11","","15.93579598"
"FISCALÍA GENERAL DE LA NACIÓN - SECTOR CARIBE","2020-04-10","","2.60809893"
"FISCALÍA GENERAL DE LA NACIÓN - SECTOR CARIBE","2020-04-09","","9.83820904"
"FISCALÍA GENERAL DE LA NACIÓN - SECTOR CARIBE","2020-04-08","","50.40400765"
"FISCALÍA GENERAL DE LA NACIÓN - SECTOR CARIBE","2020-04-07","","61.93417824"
"FISCALÍA GENERAL DE LA NACIÓN - SECTOR CARIBE","2020-04-06","","52.63745875"
"FISCALÍA GENERAL DE LA NACIÓN - SECTOR CARIBE","2020-04-05","","62.07325985"
"FISCALÍA GENERAL DE LA NACIÓN - SECTOR CARIBE","2020-04-04","","54.11367328"
"FISCALÍA GENERAL DE LA NACIÓN - SECTOR CARIBE","2020-04-03","","57.37448683"
"FISCALÍA GENERAL DE LA NACIÓN - SECTOR CARIBE","2020-04-02","","41.55542302"
"FISCALÍA GENERAL DE LA NACIÓN - SECTOR CARIBE","2020-04-01","","34.61223602"
"FISCALÍA GENERAL DE LA NACIÓN - SECTOR CARIBE","2020-03-31","","37.73522042"
"FISCALÍA GENERAL DE LA NACIÓN - SECTOR CARIBE","2020-03-30","","14.87637369"
"FISCALÍA GENERAL DE LA NACIÓN - SECTOR CARIBE","2020-03-29","","11.63354195"
"FISCALÍA GENERAL DE LA NACIÓN - SECTOR CARIBE","2020-03-28","","20.68476119"
"FISCALÍA GENERAL DE LA NACIÓN - SECTOR CARIBE","2020-03-27","","17.05283504"
"FISCALÍA GENERAL DE LA NACIÓN - SECTOR CARIBE","2020-03-26","","12.48547021"
"FISCALÍA GENERAL DE LA NACIÓN - SECTOR CARIBE","2020-03-25","","5.96569453"
"FISCALÍA GENERAL DE LA NACIÓN - SECTOR CARIBE","2020-03-18","","59.66398073"
"FISCALÍA GENERAL DE LA NACIÓN - SECTOR CARIBE","2020-03-17","","40.81634658"
"FISCALÍA GENERAL DE LA NACIÓN - SECTOR CARIBE","2020-03-16","","28.07137386"
"FISCALÍA GENERAL DE LA NACIÓN - SECTOR CARIBE","2020-03-15","","22.17196327"
"FISCALÍA GENERAL DE LA NACIÓN - SECTOR CARIBE","2020-03-14","","26.05521308"
"FISCALÍA GENERAL DE LA NACIÓN - SECTOR CARIBE","2020-03-13","","29.51147921"
"FISCALÍA GENERAL DE LA NACIÓN - SECTOR CARIBE","2020-03-12","","34.97834103"
"FISCALÍA GENERAL DE LA NACIÓN - SECTOR CARIBE","2020-03-11","","48.46273435"
"FISCALÍA GENERAL DE LA NACIÓN - SECTOR CARIBE","2020-03-10","","184.38958537"
"FISCALÍA GENERAL DE LA NACIÓN - SECTOR CARIBE","2020-03-09","","115.43086071"
"FISCALÍA GENERAL DE LA NACIÓN - SECTOR CARIBE","2020-03-08","","16.46907843"
"FISCALÍA GENERAL DE LA NACIÓN - SECTOR CARIBE","2020-03-07","","29.14708614"
"FISCALÍA GENERAL DE LA NACIÓN - SECTOR CARIBE","2020-03-06","","19.05395628"
"FISCALÍA GENERAL DE LA NACIÓN - SECTOR CARIBE","2020-03-05","","47.44008713"
"FISCALÍA GENERAL DE LA NACIÓN - SECTOR CARIBE","2020-03-04","","31.43643696"
"FISCALÍA GENERAL DE LA NACIÓN - SECTOR CARIBE","2020-03-03","","26.84064658"
"FISCALÍA GENERAL DE LA NACIÓN - SECTOR CARIBE","2020-03-02","","28.04621307"
