"Estacion","Fecha inicial","Fecha final","TMPR AIR 10CM"
"FISCALÍA GENERAL DE LA NACIÓN - SECTOR CARIBE","2025-10-31","","23.11704348"
"FISCALÍA GENERAL DE LA NACIÓN - SECTOR CARIBE","2025-10-30","","22.60654167"
"FISCALÍA GENERAL DE LA NACIÓN - SECTOR CARIBE","2025-10-29","","23.46129167"
"FISCALÍA GENERAL DE LA NACIÓN - SECTOR CARIBE","2025-10-28","","22.38079167"
"FISCALÍA GENERAL DE LA NACIÓN - SECTOR CARIBE","2025-10-27","","21.56425"
"FISCALÍA GENERAL DE LA NACIÓN - SECTOR CARIBE","2025-10-26","","22.58479167"
"FISCALÍA GENERAL DE LA NACIÓN - SECTOR CARIBE","2025-10-25","","22.076625"
"FISCALÍA GENERAL DE LA NACIÓN - SECTOR CARIBE","2025-10-24","","20.83558333"
"FISCALÍA GENERAL DE LA NACIÓN - SECTOR CARIBE","2025-10-23","","20.38020833"
"FISCALÍA GENERAL DE LA NACIÓN - SECTOR CARIBE","2025-10-22","","20.61179167"
"FISCALÍA GENERAL DE LA NACIÓN - SECTOR CARIBE","2025-10-21","","21.909375"
"FISCALÍA GENERAL DE LA NACIÓN - SECTOR CARIBE","2025-10-20","","21.68545833"
"FISCALÍA GENERAL DE LA NACIÓN - SECTOR CARIBE","2025-10-19","","23.30579167"
"FISCALÍA GENERAL DE LA NACIÓN - SECTOR CARIBE","2025-10-18","","22.56525"
"FISCALÍA GENERAL DE LA NACIÓN - SECTOR CARIBE","2025-10-17","","21.17533333"
"FISCALÍA GENERAL DE LA NACIÓN - SECTOR CARIBE","2025-10-16","","21.03645833"
"FISCALÍA GENERAL DE LA NACIÓN - SECTOR CARIBE","2025-10-15","","21.085375"
"FISCALÍA GENERAL DE LA NACIÓN - SECTOR CARIBE","2025-10-14","","7.50325"
"FISCALÍA GENERAL DE LA NACIÓN - SECTOR CARIBE","2025-10-13","","0.0"
"FISCALÍA GENERAL DE LA NACIÓN - SECTOR CARIBE","2025-10-12","","0.0"
"FISCALÍA GENERAL DE LA NACIÓN - SECTOR CARIBE","2025-10-11","","19.69975"
"FISCALÍA GENERAL DE LA NACIÓN - SECTOR CARIBE","2025-10-10","","20.50154167"
"FISCALÍA GENERAL DE LA NACIÓN - SECTOR CARIBE","2025-10-09","","20.97366667"
"FISCALÍA GENERAL DE LA NACIÓN - SECTOR CARIBE","2025-10-08","","20.0495"
"FISCALÍA GENERAL DE LA NACIÓN - SECTOR CARIBE","2025-10-07","","22.92858333"
"FISCALÍA GENERAL DE LA NACIÓN - SECTOR CARIBE","2025-10-06","","21.58408333"
"FISCALÍA GENERAL DE LA NACIÓN - SECTOR CARIBE","2025-10-05","","22.84070833"
"FISCALÍA GENERAL DE LA NACIÓN - SECTOR CARIBE","2025-10-04","","22.11675"
"FISCALÍA GENERAL DE LA NACIÓN - SECTOR CARIBE","2025-10-03","","22.71995833"
"FISCALÍA GENERAL DE LA NACIÓN - SECTOR CARIBE","2025-10-02","","22.98183333"
"FISCALÍA GENERAL DE LA NACIÓN - SECTOR CARIBE","2025-10-01","","19.89466667"
"FISCALÍA GENERAL DE LA NACIÓN - SECTOR CARIBE","2025-09-30","","0.0"
"FISCALÍA GENERAL DE LA NACIÓN - SECTOR CARIBE","2025-09-29","","0.0"
"FISCALÍA GENERAL DE LA NACIÓN - SECTOR CARIBE","2025-09-28","","0.0"
"FISCALÍA GENERAL DE LA NACIÓN - SECTOR CARIBE","2025-09-27","","0.0"
"FISCALÍA GENERAL DE LA NACIÓN - SECTOR CARIBE","2025-09-26","","0.0"
"FISCALÍA GENERAL DE LA NACIÓN - SECTOR CARIBE","2025-09-25","","0.0"
"FISCALÍA GENERAL DE LA NACIÓN - SECTOR CARIBE","2025-09-24","","9.189125"
"FISCALÍA GENERAL DE LA NACIÓN - SECTOR CARIBE","2025-09-23","","24.75858333"
"FISCALÍA GENERAL DE LA NACIÓN - SECTOR CARIBE","2025-09-22","","23.810875"
"FISCALÍA GENERAL DE LA NACIÓN - SECTOR CARIBE","2025-09-21","","23.8265"
"FISCALÍA GENERAL DE LA NACIÓN - SECTOR CARIBE","2025-09-20","","22.39825"
"FISCALÍA GENERAL DE LA NACIÓN - SECTOR CARIBE","2025-09-19","","21.32366667"
"FISCALÍA GENERAL DE LA NACIÓN - SECTOR CARIBE","2025-09-18","","20.340125"
"FISCALÍA GENERAL DE LA NACIÓN - SECTOR CARIBE","2025-09-17","","22.50979167"
"FISCALÍA GENERAL DE LA NACIÓN - SECTOR CARIBE","2025-09-16","","24.24633333"
"FISCALÍA GENERAL DE LA NACIÓN - SECTOR CARIBE","2025-09-15","","24.437375"
"FISCALÍA GENERAL DE LA NACIÓN - SECTOR CARIBE","2025-09-14","","24.47758333"
"FISCALÍA GENERAL DE LA NACIÓN - SECTOR CARIBE","2025-09-13","","24.36083333"
"FISCALÍA GENERAL DE LA NACIÓN - SECTOR CARIBE","2025-09-12","","24.06029167"
"FISCALÍA GENERAL DE LA NACIÓN - SECTOR CARIBE","2025-09-11","","24.4765"
"FISCALÍA GENERAL DE LA NACIÓN - SECTOR CARIBE","2025-09-10","","24.75375"
"FISCALÍA GENERAL DE LA NACIÓN - SECTOR CARIBE","2025-09-09","","23.51329167"
"FISCALÍA GENERAL DE LA NACIÓN - SECTOR CARIBE","2025-09-08","","22.43233333"
"FISCALÍA GENERAL DE LA NACIÓN - SECTOR CARIBE","2025-09-07","","20.60604167"
"FISCALÍA GENERAL DE LA NACIÓN - SECTOR CARIBE","2025-09-06","","21.43154167"
"FISCALÍA GENERAL DE LA NACIÓN - SECTOR CARIBE","2025-09-05","","22.408"
"FISCALÍA GENERAL DE LA NACIÓN - SECTOR CARIBE","2025-09-04","","22.26545833"
"FISCALÍA GENERAL DE LA NACIÓN - SECTOR CARIBE","2025-09-03","","22.64504167"
"FISCALÍA GENERAL DE LA NACIÓN - SECTOR CARIBE","2025-09-02","","23.32795833"
"FISCALÍA GENERAL DE LA NACIÓN - SECTOR CARIBE","2025-09-01","","22.35475"
"FISCALÍA GENERAL DE LA NACIÓN - SECTOR CARIBE","2025-08-31","","22.8844058"
"FISCALÍA GENERAL DE LA NACIÓN - SECTOR CARIBE","2025-08-30","","23.56648611"
"FISCALÍA GENERAL DE LA NACIÓN - SECTOR CARIBE","2025-08-29","","23.82998611"
"FISCALÍA GENERAL DE LA NACIÓN - SECTOR CARIBE","2025-08-28","","24.37207639"
"FISCALÍA GENERAL DE LA NACIÓN - SECTOR CARIBE","2025-08-27","","24.26120139"
"FISCALÍA GENERAL DE LA NACIÓN - SECTOR CARIBE","2025-08-26","","24.64944444"
"FISCALÍA GENERAL DE LA NACIÓN - SECTOR CARIBE","2025-08-25","","23.5966875"
"FISCALÍA GENERAL DE LA NACIÓN - SECTOR CARIBE","2025-08-24","","23.69804861"
"FISCALÍA GENERAL DE LA NACIÓN - SECTOR CARIBE","2025-08-23","","22.4984375"
"FISCALÍA GENERAL DE LA NACIÓN - SECTOR CARIBE","2025-08-22","","20.79776389"
"FISCALÍA GENERAL DE LA NACIÓN - SECTOR CARIBE","2025-08-21","","23.16675"
"FISCALÍA GENERAL DE LA NACIÓN - SECTOR CARIBE","2025-08-20","","23.81390278"
"FISCALÍA GENERAL DE LA NACIÓN - SECTOR CARIBE","2025-08-19","","23.45991667"
"FISCALÍA GENERAL DE LA NACIÓN - SECTOR CARIBE","2025-08-18","","21.90176389"
"FISCALÍA GENERAL DE LA NACIÓN - SECTOR CARIBE","2025-08-17","","20.93588889"
"FISCALÍA GENERAL DE LA NACIÓN - SECTOR CARIBE","2025-08-16","","20.82711111"
"FISCALÍA GENERAL DE LA NACIÓN - SECTOR CARIBE","2025-08-15","","20.95669445"
"FISCALÍA GENERAL DE LA NACIÓN - SECTOR CARIBE","2025-08-14","","22.72609722"
"FISCALÍA GENERAL DE LA NACIÓN - SECTOR CARIBE","2025-08-13","","22.9960625"
"FISCALÍA GENERAL DE LA NACIÓN - SECTOR CARIBE","2025-08-12","","23.32322222"
"FISCALÍA GENERAL DE LA NACIÓN - SECTOR CARIBE","2025-08-11","","23.02636805"
"FISCALÍA GENERAL DE LA NACIÓN - SECTOR CARIBE","2025-08-10","","20.44127083"
"FISCALÍA GENERAL DE LA NACIÓN - SECTOR CARIBE","2025-08-09","","21.54622222"
"FISCALÍA GENERAL DE LA NACIÓN - SECTOR CARIBE","2025-08-08","","20.95621528"
"FISCALÍA GENERAL DE LA NACIÓN - SECTOR CARIBE","2025-08-07","","20.26613889"
"FISCALÍA GENERAL DE LA NACIÓN - SECTOR CARIBE","2025-08-06","","23.39201389"
"FISCALÍA GENERAL DE LA NACIÓN - SECTOR CARIBE","2025-08-05","","22.9329375"
"FISCALÍA GENERAL DE LA NACIÓN - SECTOR CARIBE","2025-08-04","","23.86745139"
"FISCALÍA GENERAL DE LA NACIÓN - SECTOR CARIBE","2025-08-03","","23.20680556"
"FISCALÍA GENERAL DE LA NACIÓN - SECTOR CARIBE","2025-08-02","","22.87591667"
"FISCALÍA GENERAL DE LA NACIÓN - SECTOR CARIBE","2025-08-01","","24.66125694"
"FISCALÍA GENERAL DE LA NACIÓN - SECTOR CARIBE","2025-07-31","","24.56602174"
"FISCALÍA GENERAL DE LA NACIÓN - SECTOR CARIBE","2025-07-30","","22.83409722"
"FISCALÍA GENERAL DE LA NACIÓN - SECTOR CARIBE","2025-07-29","","23.28456945"
"FISCALÍA GENERAL DE LA NACIÓN - SECTOR CARIBE","2025-07-28","","23.405625"
"FISCALÍA GENERAL DE LA NACIÓN - SECTOR CARIBE","2025-07-27","","22.95458333"
"FISCALÍA GENERAL DE LA NACIÓN - SECTOR CARIBE","2025-07-26","","21.28445833"
"FISCALÍA GENERAL DE LA NACIÓN - SECTOR CARIBE","2025-07-25","","22.77597222"
"FISCALÍA GENERAL DE LA NACIÓN - SECTOR CARIBE","2025-07-24","","25.0720625"
"FISCALÍA GENERAL DE LA NACIÓN - SECTOR CARIBE","2025-07-23","","24.23128472"
"FISCALÍA GENERAL DE LA NACIÓN - SECTOR CARIBE","2025-07-22","","24.20854861"
"FISCALÍA GENERAL DE LA NACIÓN - SECTOR CARIBE","2025-07-21","","24.1335"
"FISCALÍA GENERAL DE LA NACIÓN - SECTOR CARIBE","2025-07-20","","24.73070833"
"FISCALÍA GENERAL DE LA NACIÓN - SECTOR CARIBE","2025-07-19","","24.43713195"
"FISCALÍA GENERAL DE LA NACIÓN - SECTOR CARIBE","2025-07-18","","24.81509382"
"FISCALÍA GENERAL DE LA NACIÓN - SECTOR CARIBE","2025-07-17","","24.71724306"
"FISCALÍA GENERAL DE LA NACIÓN - SECTOR CARIBE","2025-07-16","","24.38616667"
"FISCALÍA GENERAL DE LA NACIÓN - SECTOR CARIBE","2025-07-15","","24.35040278"
"FISCALÍA GENERAL DE LA NACIÓN - SECTOR CARIBE","2025-07-14","","25.87858334"
"FISCALÍA GENERAL DE LA NACIÓN - SECTOR CARIBE","2025-06-16","","21.31137208"
"FISCALÍA GENERAL DE LA NACIÓN - SECTOR CARIBE","2025-06-15","","22.11936111"
"FISCALÍA GENERAL DE LA NACIÓN - SECTOR CARIBE","2025-06-14","","20.36744445"
"FISCALÍA GENERAL DE LA NACIÓN - SECTOR CARIBE","2025-06-13","","20.76291667"
"FISCALÍA GENERAL DE LA NACIÓN - SECTOR CARIBE","2025-06-12","","21.53849306"
"FISCALÍA GENERAL DE LA NACIÓN - SECTOR CARIBE","2025-06-11","","21.2215625"
"FISCALÍA GENERAL DE LA NACIÓN - SECTOR CARIBE","2025-06-10","","22.42610417"
"FISCALÍA GENERAL DE LA NACIÓN - SECTOR CARIBE","2025-06-09","","22.3793125"
"FISCALÍA GENERAL DE LA NACIÓN - SECTOR CARIBE","2025-06-08","","24.9296875"
"FISCALÍA GENERAL DE LA NACIÓN - SECTOR CARIBE","2025-06-07","","23.85986806"
"FISCALÍA GENERAL DE LA NACIÓN - SECTOR CARIBE","2025-06-06","","22.06724306"
"FISCALÍA GENERAL DE LA NACIÓN - SECTOR CARIBE","2025-06-05","","23.18092361"
"FISCALÍA GENERAL DE LA NACIÓN - SECTOR CARIBE","2025-06-04","","23.23165972"
"FISCALÍA GENERAL DE LA NACIÓN - SECTOR CARIBE","2025-06-03","","24.15464583"
"FISCALÍA GENERAL DE LA NACIÓN - SECTOR CARIBE","2025-06-02","","23.7945625"
"FISCALÍA GENERAL DE LA NACIÓN - SECTOR CARIBE","2025-06-01","","22.83650694"
"FISCALÍA GENERAL DE LA NACIÓN - SECTOR CARIBE","2025-05-31","","23.87922464"
"FISCALÍA GENERAL DE LA NACIÓN - SECTOR CARIBE","2025-05-30","","23.75842361"
"FISCALÍA GENERAL DE LA NACIÓN - SECTOR CARIBE","2025-05-29","","25.44427778"
"FISCALÍA GENERAL DE LA NACIÓN - SECTOR CARIBE","2025-05-28","","24.06123611"
"FISCALÍA GENERAL DE LA NACIÓN - SECTOR CARIBE","2025-05-27","","21.97071528"
"FISCALÍA GENERAL DE LA NACIÓN - SECTOR CARIBE","2025-05-26","","23.41884028"
"FISCALÍA GENERAL DE LA NACIÓN - SECTOR CARIBE","2025-05-25","","24.88505556"
"FISCALÍA GENERAL DE LA NACIÓN - SECTOR CARIBE","2025-05-24","","24.30379167"
"FISCALÍA GENERAL DE LA NACIÓN - SECTOR CARIBE","2025-05-23","","24.37217361"
"FISCALÍA GENERAL DE LA NACIÓN - SECTOR CARIBE","2025-05-22","","22.37986111"
"FISCALÍA GENERAL DE LA NACIÓN - SECTOR CARIBE","2025-05-21","","22.22334722"
"FISCALÍA GENERAL DE LA NACIÓN - SECTOR CARIBE","2025-05-20","","22.08346528"
"FISCALÍA GENERAL DE LA NACIÓN - SECTOR CARIBE","2025-05-19","","21.85188889"
"FISCALÍA GENERAL DE LA NACIÓN - SECTOR CARIBE","2025-05-18","","21.11611806"
"FISCALÍA GENERAL DE LA NACIÓN - SECTOR CARIBE","2025-05-17","","21.35170833"
"FISCALÍA GENERAL DE LA NACIÓN - SECTOR CARIBE","2025-05-16","","21.17261111"
"FISCALÍA GENERAL DE LA NACIÓN - SECTOR CARIBE","2025-05-15","","20.75508333"
"FISCALÍA GENERAL DE LA NACIÓN - SECTOR CARIBE","2025-05-14","","22.51995833"
"FISCALÍA GENERAL DE LA NACIÓN - SECTOR CARIBE","2025-05-13","","23.45864583"
"FISCALÍA GENERAL DE LA NACIÓN - SECTOR CARIBE","2025-05-12","","24.97980556"
"FISCALÍA GENERAL DE LA NACIÓN - SECTOR CARIBE","2025-05-11","","23.84627778"
"FISCALÍA GENERAL DE LA NACIÓN - SECTOR CARIBE","2025-05-10","","24.48175694"
"FISCALÍA GENERAL DE LA NACIÓN - SECTOR CARIBE","2025-05-09","","22.28145139"
"FISCALÍA GENERAL DE LA NACIÓN - SECTOR CARIBE","2025-05-08","","20.70416667"
"FISCALÍA GENERAL DE LA NACIÓN - SECTOR CARIBE","2025-05-07","","20.86983333"
"FISCALÍA GENERAL DE LA NACIÓN - SECTOR CARIBE","2025-05-06","","20.23443056"
"FISCALÍA GENERAL DE LA NACIÓN - SECTOR CARIBE","2025-05-05","","20.94454861"
"FISCALÍA GENERAL DE LA NACIÓN - SECTOR CARIBE","2025-05-04","","21.21963889"
"FISCALÍA GENERAL DE LA NACIÓN - SECTOR CARIBE","2025-05-03","","22.46286806"
"FISCALÍA GENERAL DE LA NACIÓN - SECTOR CARIBE","2025-05-02","","21.22599306"
"FISCALÍA GENERAL DE LA NACIÓN - SECTOR CARIBE","2025-05-01","","20.70034028"
"FISCALÍA GENERAL DE LA NACIÓN - SECTOR CARIBE","2025-04-30","","21.61691304"
"FISCALÍA GENERAL DE LA NACIÓN - SECTOR CARIBE","2025-04-29","","20.94923611"
"FISCALÍA GENERAL DE LA NACIÓN - SECTOR CARIBE","2025-04-28","","21.44239583"
"FISCALÍA GENERAL DE LA NACIÓN - SECTOR CARIBE","2025-04-27","","21.23657639"
"FISCALÍA GENERAL DE LA NACIÓN - SECTOR CARIBE","2025-04-26","","21.49345139"
"FISCALÍA GENERAL DE LA NACIÓN - SECTOR CARIBE","2025-04-25","","21.47721528"
"FISCALÍA GENERAL DE LA NACIÓN - SECTOR CARIBE","2025-04-24","","21.32242361"
"FISCALÍA GENERAL DE LA NACIÓN - SECTOR CARIBE","2025-04-23","","22.74543056"
"FISCALÍA GENERAL DE LA NACIÓN - SECTOR CARIBE","2025-04-22","","21.67022917"
"FISCALÍA GENERAL DE LA NACIÓN - SECTOR CARIBE","2025-04-21","","21.99158592"
"FISCALÍA GENERAL DE LA NACIÓN - SECTOR CARIBE","2025-04-20","","21.44883333"
"FISCALÍA GENERAL DE LA NACIÓN - SECTOR CARIBE","2025-04-19","","24.12395833"
"FISCALÍA GENERAL DE LA NACIÓN - SECTOR CARIBE","2025-04-18","","24.85665278"
"FISCALÍA GENERAL DE LA NACIÓN - SECTOR CARIBE","2025-04-17","","23.18925"
"FISCALÍA GENERAL DE LA NACIÓN - SECTOR CARIBE","2025-04-16","","24.72878472"
"FISCALÍA GENERAL DE LA NACIÓN - SECTOR CARIBE","2025-04-15","","25.09676389"
"FISCALÍA GENERAL DE LA NACIÓN - SECTOR CARIBE","2025-04-14","","24.67554167"
"FISCALÍA GENERAL DE LA NACIÓN - SECTOR CARIBE","2025-04-13","","24.83363194"
"FISCALÍA GENERAL DE LA NACIÓN - SECTOR CARIBE","2025-04-12","","23.06889583"
"FISCALÍA GENERAL DE LA NACIÓN - SECTOR CARIBE","2025-04-11","","21.75374306"
"FISCALÍA GENERAL DE LA NACIÓN - SECTOR CARIBE","2025-04-10","","20.58722222"
"FISCALÍA GENERAL DE LA NACIÓN - SECTOR CARIBE","2025-04-09","","22.40702778"
"FISCALÍA GENERAL DE LA NACIÓN - SECTOR CARIBE","2025-04-08","","22.34609722"
"FISCALÍA GENERAL DE LA NACIÓN - SECTOR CARIBE","2025-04-07","","22.34260417"
"FISCALÍA GENERAL DE LA NACIÓN - SECTOR CARIBE","2025-04-06","","21.10224306"
"FISCALÍA GENERAL DE LA NACIÓN - SECTOR CARIBE","2025-04-05","","22.07099306"
"FISCALÍA GENERAL DE LA NACIÓN - SECTOR CARIBE","2025-04-04","","21.04533333"
"FISCALÍA GENERAL DE LA NACIÓN - SECTOR CARIBE","2025-04-03","","21.21540972"
"FISCALÍA GENERAL DE LA NACIÓN - SECTOR CARIBE","2025-04-02","","22.01802778"
"FISCALÍA GENERAL DE LA NACIÓN - SECTOR CARIBE","2025-04-01","","22.50986806"
"FISCALÍA GENERAL DE LA NACIÓN - SECTOR CARIBE","2025-03-31","","21.54085507"
"FISCALÍA GENERAL DE LA NACIÓN - SECTOR CARIBE","2025-03-30","","21.73563889"
"FISCALÍA GENERAL DE LA NACIÓN - SECTOR CARIBE","2025-03-29","","21.23495833"
"FISCALÍA GENERAL DE LA NACIÓN - SECTOR CARIBE","2025-03-28","","20.93524306"
"FISCALÍA GENERAL DE LA NACIÓN - SECTOR CARIBE","2025-03-27","","22.49582639"
"FISCALÍA GENERAL DE LA NACIÓN - SECTOR CARIBE","2025-03-26","","23.2683125"
"FISCALÍA GENERAL DE LA NACIÓN - SECTOR CARIBE","2025-03-25","","22.81013889"
"FISCALÍA GENERAL DE LA NACIÓN - SECTOR CARIBE","2025-03-24","","24.744375"
"FISCALÍA GENERAL DE LA NACIÓN - SECTOR CARIBE","2025-03-23","","24.76822917"
"FISCALÍA GENERAL DE LA NACIÓN - SECTOR CARIBE","2025-03-22","","24.61083333"
"FISCALÍA GENERAL DE LA NACIÓN - SECTOR CARIBE","2025-03-21","","23.39373188"
"FISCALÍA GENERAL DE LA NACIÓN - SECTOR CARIBE","2025-03-20","","23.88828472"
"FISCALÍA GENERAL DE LA NACIÓN - SECTOR CARIBE","2025-03-19","","23.48370139"
"FISCALÍA GENERAL DE LA NACIÓN - SECTOR CARIBE","2025-03-18","","22.04961111"
"FISCALÍA GENERAL DE LA NACIÓN - SECTOR CARIBE","2025-03-17","","22.0025"
"FISCALÍA GENERAL DE LA NACIÓN - SECTOR CARIBE","2025-03-16","","22.10930556"
"FISCALÍA GENERAL DE LA NACIÓN - SECTOR CARIBE","2025-03-15","","22.86400694"
"FISCALÍA GENERAL DE LA NACIÓN - SECTOR CARIBE","2025-03-14","","22.01850695"
"FISCALÍA GENERAL DE LA NACIÓN - SECTOR CARIBE","2025-03-13","","21.52836806"
"FISCALÍA GENERAL DE LA NACIÓN - SECTOR CARIBE","2025-03-12","","22.07552778"
"FISCALÍA GENERAL DE LA NACIÓN - SECTOR CARIBE","2025-03-11","","21.87554167"
"FISCALÍA GENERAL DE LA NACIÓN - SECTOR CARIBE","2025-03-10","","23.59883333"
"FISCALÍA GENERAL DE LA NACIÓN - SECTOR CARIBE","2025-03-09","","24.08192361"
"FISCALÍA GENERAL DE LA NACIÓN - SECTOR CARIBE","2025-03-08","","23.36780061"
"FISCALÍA GENERAL DE LA NACIÓN - SECTOR CARIBE","2025-03-07","","21.67049306"
"FISCALÍA GENERAL DE LA NACIÓN - SECTOR CARIBE","2025-03-06","","22.37728472"
"FISCALÍA GENERAL DE LA NACIÓN - SECTOR CARIBE","2025-03-05","","22.21086111"
"FISCALÍA GENERAL DE LA NACIÓN - SECTOR CARIBE","2025-03-04","","21.51083333"
"FISCALÍA GENERAL DE LA NACIÓN - SECTOR CARIBE","2025-03-03","","22.27706945"
"FISCALÍA GENERAL DE LA NACIÓN - SECTOR CARIBE","2025-03-02","","23.2136875"
"FISCALÍA GENERAL DE LA NACIÓN - SECTOR CARIBE","2025-03-01","","22.91012568"
"FISCALÍA GENERAL DE LA NACIÓN - SECTOR CARIBE","2025-02-28","","21.69696539"
"FISCALÍA GENERAL DE LA NACIÓN - SECTOR CARIBE","2025-02-27","","23.46851036"
"FISCALÍA GENERAL DE LA NACIÓN - SECTOR CARIBE","2025-02-26","","23.25060024"
"FISCALÍA GENERAL DE LA NACIÓN - SECTOR CARIBE","2025-02-25","","21.36558091"
"FISCALÍA GENERAL DE LA NACIÓN - SECTOR CARIBE","2025-02-24","","21.45327576"
"FISCALÍA GENERAL DE LA NACIÓN - SECTOR CARIBE","2025-02-23","","22.60756649"
"FISCALÍA GENERAL DE LA NACIÓN - SECTOR CARIBE","2025-02-22","","21.73671254"
"FISCALÍA GENERAL DE LA NACIÓN - SECTOR CARIBE","2025-02-21","","22.62800484"
"FISCALÍA GENERAL DE LA NACIÓN - SECTOR CARIBE","2025-02-20","","23.61011859"
"FISCALÍA GENERAL DE LA NACIÓN - SECTOR CARIBE","2025-02-19","","22.5361588"
"FISCALÍA GENERAL DE LA NACIÓN - SECTOR CARIBE","2025-02-18","","21.81525781"
"FISCALÍA GENERAL DE LA NACIÓN - SECTOR CARIBE","2025-02-17","","21.01808422"
"FISCALÍA GENERAL DE LA NACIÓN - SECTOR CARIBE","2025-02-16","","20.88804611"
"FISCALÍA GENERAL DE LA NACIÓN - SECTOR CARIBE","2025-02-15","","21.88535531"
"FISCALÍA GENERAL DE LA NACIÓN - SECTOR CARIBE","2025-02-14","","21.78714783"
"FISCALÍA GENERAL DE LA NACIÓN - SECTOR CARIBE","2025-02-13","","21.81156719"
"FISCALÍA GENERAL DE LA NACIÓN - SECTOR CARIBE","2025-02-12","","21.49797512"
"FISCALÍA GENERAL DE LA NACIÓN - SECTOR CARIBE","2025-02-11","","20.69051477"
"FISCALÍA GENERAL DE LA NACIÓN - SECTOR CARIBE","2025-02-10","","21.99968056"
"FISCALÍA GENERAL DE LA NACIÓN - SECTOR CARIBE","2025-02-09","","20.91796528"
"FISCALÍA GENERAL DE LA NACIÓN - SECTOR CARIBE","2025-02-08","","21.70390278"
"FISCALÍA GENERAL DE LA NACIÓN - SECTOR CARIBE","2025-02-07","","22.50452083"
"FISCALÍA GENERAL DE LA NACIÓN - SECTOR CARIBE","2025-02-06","","22.53967361"
"FISCALÍA GENERAL DE LA NACIÓN - SECTOR CARIBE","2025-02-05","","21.04579167"
"FISCALÍA GENERAL DE LA NACIÓN - SECTOR CARIBE","2025-02-04","","21.6175113"
"FISCALÍA GENERAL DE LA NACIÓN - SECTOR CARIBE","2025-02-03","","23.41027083"
"FISCALÍA GENERAL DE LA NACIÓN - SECTOR CARIBE","2025-02-02","","23.77341092"
"FISCALÍA GENERAL DE LA NACIÓN - SECTOR CARIBE","2025-02-01","","24.39625"
"FISCALÍA GENERAL DE LA NACIÓN - SECTOR CARIBE","2025-01-31","","24.28298551"
"FISCALÍA GENERAL DE LA NACIÓN - SECTOR CARIBE","2025-01-30","","24.24254861"
"FISCALÍA GENERAL DE LA NACIÓN - SECTOR CARIBE","2025-01-29","","24.3879375"
"FISCALÍA GENERAL DE LA NACIÓN - SECTOR CARIBE","2025-01-28","","23.91407639"
"FISCALÍA GENERAL DE LA NACIÓN - SECTOR CARIBE","2025-01-27","","23.72907639"
"FISCALÍA GENERAL DE LA NACIÓN - SECTOR CARIBE","2025-01-26","","22.74094444"
"FISCALÍA GENERAL DE LA NACIÓN - SECTOR CARIBE","2025-01-25","","22.66604455"
"FISCALÍA GENERAL DE LA NACIÓN - SECTOR CARIBE","2025-01-24","","22.06998794"
"FISCALÍA GENERAL DE LA NACIÓN - SECTOR CARIBE","2025-01-23","","23.32658333"
"FISCALÍA GENERAL DE LA NACIÓN - SECTOR CARIBE","2025-01-22","","23.40001389"
"FISCALÍA GENERAL DE LA NACIÓN - SECTOR CARIBE","2025-01-21","","23.25278472"
"FISCALÍA GENERAL DE LA NACIÓN - SECTOR CARIBE","2025-01-20","","22.58536111"
"FISCALÍA GENERAL DE LA NACIÓN - SECTOR CARIBE","2025-01-19","","22.79856944"
"FISCALÍA GENERAL DE LA NACIÓN - SECTOR CARIBE","2025-01-18","","22.91220833"
"FISCALÍA GENERAL DE LA NACIÓN - SECTOR CARIBE","2025-01-17","","22.80289583"
"FISCALÍA GENERAL DE LA NACIÓN - SECTOR CARIBE","2025-01-16","","23.05649306"
"FISCALÍA GENERAL DE LA NACIÓN - SECTOR CARIBE","2025-01-15","","22.8110625"
"FISCALÍA GENERAL DE LA NACIÓN - SECTOR CARIBE","2025-01-14","","23.08184028"
"FISCALÍA GENERAL DE LA NACIÓN - SECTOR CARIBE","2025-01-13","","23.29509722"
"FISCALÍA GENERAL DE LA NACIÓN - SECTOR CARIBE","2025-01-12","","23.56122222"
"FISCALÍA GENERAL DE LA NACIÓN - SECTOR CARIBE","2025-01-11","","23.62575"
"FISCALÍA GENERAL DE LA NACIÓN - SECTOR CARIBE","2025-01-10","","22.86938889"
"FISCALÍA GENERAL DE LA NACIÓN - SECTOR CARIBE","2025-01-09","","22.56463889"
"FISCALÍA GENERAL DE LA NACIÓN - SECTOR CARIBE","2025-01-08","","23.33872222"
"FISCALÍA GENERAL DE LA NACIÓN - SECTOR CARIBE","2025-01-07","","22.94782639"
"FISCALÍA GENERAL DE LA NACIÓN - SECTOR CARIBE","2025-01-06","","22.7929375"
"FISCALÍA GENERAL DE LA NACIÓN - SECTOR CARIBE","2025-01-05","","21.24311111"
"FISCALÍA GENERAL DE LA NACIÓN - SECTOR CARIBE","2025-01-04","","20.89880556"
"FISCALÍA GENERAL DE LA NACIÓN - SECTOR CARIBE","2025-01-03","","21.20110417"
"FISCALÍA GENERAL DE LA NACIÓN - SECTOR CARIBE","2025-01-02","","21.59556944"
"FISCALÍA GENERAL DE LA NACIÓN - SECTOR CARIBE","2025-01-01","","21.53097222"
"FISCALÍA GENERAL DE LA NACIÓN - SECTOR CARIBE","2024-12-31","","21.41484058"
"FISCALÍA GENERAL DE LA NACIÓN - SECTOR CARIBE","2024-12-30","","20.67945139"
"FISCALÍA GENERAL DE LA NACIÓN - SECTOR CARIBE","2024-12-29","","22.00971528"
"FISCALÍA GENERAL DE LA NACIÓN - SECTOR CARIBE","2024-12-28","","21.82720139"
"FISCALÍA GENERAL DE LA NACIÓN - SECTOR CARIBE","2024-12-27","","20.56690278"
"FISCALÍA GENERAL DE LA NACIÓN - SECTOR CARIBE","2024-12-26","","21.31133333"
"FISCALÍA GENERAL DE LA NACIÓN - SECTOR CARIBE","2024-12-25","","22.51402778"
"FISCALÍA GENERAL DE LA NACIÓN - SECTOR CARIBE","2024-12-24","","21.73240278"
"FISCALÍA GENERAL DE LA NACIÓN - SECTOR CARIBE","2024-12-23","","22.48220833"
"FISCALÍA GENERAL DE LA NACIÓN - SECTOR CARIBE","2024-12-22","","22.98197917"
"FISCALÍA GENERAL DE LA NACIÓN - SECTOR CARIBE","2024-12-21","","21.82335417"
"FISCALÍA GENERAL DE LA NACIÓN - SECTOR CARIBE","2024-12-20","","22.51598611"
"FISCALÍA GENERAL DE LA NACIÓN - SECTOR CARIBE","2024-12-19","","22.239625"
"FISCALÍA GENERAL DE LA NACIÓN - SECTOR CARIBE","2024-12-18","","24.31640972"
"FISCALÍA GENERAL DE LA NACIÓN - SECTOR CARIBE","2024-12-17","","23.47479861"
"FISCALÍA GENERAL DE LA NACIÓN - SECTOR CARIBE","2024-12-16","","21.68116667"
"FISCALÍA GENERAL DE LA NACIÓN - SECTOR CARIBE","2024-12-15","","20.40800695"
"FISCALÍA GENERAL DE LA NACIÓN - SECTOR CARIBE","2024-12-14","","22.36234028"
"FISCALÍA GENERAL DE LA NACIÓN - SECTOR CARIBE","2024-12-13","","22.89170139"
"FISCALÍA GENERAL DE LA NACIÓN - SECTOR CARIBE","2024-12-12","","22.77975906"
"FISCALÍA GENERAL DE LA NACIÓN - SECTOR CARIBE","2024-12-11","","23.1255"
"FISCALÍA GENERAL DE LA NACIÓN - SECTOR CARIBE","2024-12-10","","23.2515625"
"FISCALÍA GENERAL DE LA NACIÓN - SECTOR CARIBE","2024-12-09","","23.22451389"
"FISCALÍA GENERAL DE LA NACIÓN - SECTOR CARIBE","2024-12-08","","22.38575"
"FISCALÍA GENERAL DE LA NACIÓN - SECTOR CARIBE","2024-12-07","","22.56034722"
"FISCALÍA GENERAL DE LA NACIÓN - SECTOR CARIBE","2024-12-06","","23.38538889"
"FISCALÍA GENERAL DE LA NACIÓN - SECTOR CARIBE","2024-12-05","","23.39236111"
"FISCALÍA GENERAL DE LA NACIÓN - SECTOR CARIBE","2024-12-04","","23.26269444"
"FISCALÍA GENERAL DE LA NACIÓN - SECTOR CARIBE","2024-12-03","","22.83304861"
"FISCALÍA GENERAL DE LA NACIÓN - SECTOR CARIBE","2024-12-02","","22.59364583"
"FISCALÍA GENERAL DE LA NACIÓN - SECTOR CARIBE","2024-12-01","","24.08563889"
"FISCALÍA GENERAL DE LA NACIÓN - SECTOR CARIBE","2024-11-30","","24.3295942"
"FISCALÍA GENERAL DE LA NACIÓN - SECTOR CARIBE","2024-11-29","","23.33370833"
"FISCALÍA GENERAL DE LA NACIÓN - SECTOR CARIBE","2024-11-28","","23.22983333"
"FISCALÍA GENERAL DE LA NACIÓN - SECTOR CARIBE","2024-11-27","","22.16298611"
"FISCALÍA GENERAL DE LA NACIÓN - SECTOR CARIBE","2024-11-26","","24.19595139"
"FISCALÍA GENERAL DE LA NACIÓN - SECTOR CARIBE","2024-11-25","","23.70369444"
"FISCALÍA GENERAL DE LA NACIÓN - SECTOR CARIBE","2024-11-24","","22.75813194"
"FISCALÍA GENERAL DE LA NACIÓN - SECTOR CARIBE","2024-11-23","","20.95089583"
"FISCALÍA GENERAL DE LA NACIÓN - SECTOR CARIBE","2024-11-22","","21.50827778"
"FISCALÍA GENERAL DE LA NACIÓN - SECTOR CARIBE","2024-11-21","","21.61117361"
"FISCALÍA GENERAL DE LA NACIÓN - SECTOR CARIBE","2024-11-20","","20.65919444"
"FISCALÍA GENERAL DE LA NACIÓN - SECTOR CARIBE","2024-11-19","","20.31951724"
"FISCALÍA GENERAL DE LA NACIÓN - SECTOR CARIBE","2024-11-18","","21.05012853"
"FISCALÍA GENERAL DE LA NACIÓN - SECTOR CARIBE","2024-11-17","","21.64670833"
"FISCALÍA GENERAL DE LA NACIÓN - SECTOR CARIBE","2024-11-16","","21.26640278"
"FISCALÍA GENERAL DE LA NACIÓN - SECTOR CARIBE","2024-11-15","","21.33859722"
"FISCALÍA GENERAL DE LA NACIÓN - SECTOR CARIBE","2024-11-14","","20.60773611"
"FISCALÍA GENERAL DE LA NACIÓN - SECTOR CARIBE","2024-11-13","","21.54763194"
"FISCALÍA GENERAL DE LA NACIÓN - SECTOR CARIBE","2024-11-12","","21.73957639"
"FISCALÍA GENERAL DE LA NACIÓN - SECTOR CARIBE","2024-11-11","","20.56021528"
"FISCALÍA GENERAL DE LA NACIÓN - SECTOR CARIBE","2024-11-10","","20.52672917"
"FISCALÍA GENERAL DE LA NACIÓN - SECTOR CARIBE","2024-11-09","","20.57441667"
"FISCALÍA GENERAL DE LA NACIÓN - SECTOR CARIBE","2024-11-08","","19.45445139"
"FISCALÍA GENERAL DE LA NACIÓN - SECTOR CARIBE","2024-11-07","","21.77354167"
"FISCALÍA GENERAL DE LA NACIÓN - SECTOR CARIBE","2024-11-06","","23.30077778"
"FISCALÍA GENERAL DE LA NACIÓN - SECTOR CARIBE","2024-11-05","","22.37313889"
"FISCALÍA GENERAL DE LA NACIÓN - SECTOR CARIBE","2024-11-04","","20.51680556"
"FISCALÍA GENERAL DE LA NACIÓN - SECTOR CARIBE","2024-11-03","","22.38204167"
"FISCALÍA GENERAL DE LA NACIÓN - SECTOR CARIBE","2024-11-02","","22.84065972"
"FISCALÍA GENERAL DE LA NACIÓN - SECTOR CARIBE","2024-11-01","","21.11455556"
"FISCALÍA GENERAL DE LA NACIÓN - SECTOR CARIBE","2024-10-31","","22.46302899"
"FISCALÍA GENERAL DE LA NACIÓN - SECTOR CARIBE","2024-10-30","","21.83826389"
"FISCALÍA GENERAL DE LA NACIÓN - SECTOR CARIBE","2024-10-29","","23.91703472"
"FISCALÍA GENERAL DE LA NACIÓN - SECTOR CARIBE","2024-10-28","","24.00721528"
"FISCALÍA GENERAL DE LA NACIÓN - SECTOR CARIBE","2024-10-27","","23.87898611"
"FISCALÍA GENERAL DE LA NACIÓN - SECTOR CARIBE","2024-10-26","","24.66236805"
"FISCALÍA GENERAL DE LA NACIÓN - SECTOR CARIBE","2024-10-25","","25.17013194"
"FISCALÍA GENERAL DE LA NACIÓN - SECTOR CARIBE","2024-10-24","","23.3533125"
"FISCALÍA GENERAL DE LA NACIÓN - SECTOR CARIBE","2024-10-23","","23.17094444"
"FISCALÍA GENERAL DE LA NACIÓN - SECTOR CARIBE","2024-10-22","","21.91149306"
"FISCALÍA GENERAL DE LA NACIÓN - SECTOR CARIBE","2024-10-21","","21.44007639"
"FISCALÍA GENERAL DE LA NACIÓN - SECTOR CARIBE","2024-10-20","","21.37345139"
"FISCALÍA GENERAL DE LA NACIÓN - SECTOR CARIBE","2024-10-19","","22.70027778"
"FISCALÍA GENERAL DE LA NACIÓN - SECTOR CARIBE","2024-10-18","","24.8695"
"FISCALÍA GENERAL DE LA NACIÓN - SECTOR CARIBE","2024-10-17","","23.77463889"
"FISCALÍA GENERAL DE LA NACIÓN - SECTOR CARIBE","2024-10-16","","22.54127778"
"FISCALÍA GENERAL DE LA NACIÓN - SECTOR CARIBE","2024-10-15","","23.06082639"
"FISCALÍA GENERAL DE LA NACIÓN - SECTOR CARIBE","2024-10-14","","23.92198611"
"FISCALÍA GENERAL DE LA NACIÓN - SECTOR CARIBE","2024-10-13","","24.19677083"
"FISCALÍA GENERAL DE LA NACIÓN - SECTOR CARIBE","2024-10-12","","24.46588195"
"FISCALÍA GENERAL DE LA NACIÓN - SECTOR CARIBE","2024-10-11","","23.62586111"
"FISCALÍA GENERAL DE LA NACIÓN - SECTOR CARIBE","2024-10-10","","20.71611111"
"FISCALÍA GENERAL DE LA NACIÓN - SECTOR CARIBE","2024-10-09","","22.91536967"
"FISCALÍA GENERAL DE LA NACIÓN - SECTOR CARIBE","2024-09-27","","22.52152381"
"FISCALÍA GENERAL DE LA NACIÓN - SECTOR CARIBE","2024-09-26","","21.84736806"
"FISCALÍA GENERAL DE LA NACIÓN - SECTOR CARIBE","2024-09-25","","23.53436111"
"FISCALÍA GENERAL DE LA NACIÓN - SECTOR CARIBE","2024-09-24","","24.50146528"
"FISCALÍA GENERAL DE LA NACIÓN - SECTOR CARIBE","2024-09-23","","22.65485417"
"FISCALÍA GENERAL DE LA NACIÓN - SECTOR CARIBE","2024-09-22","","22.00604861"
"FISCALÍA GENERAL DE LA NACIÓN - SECTOR CARIBE","2024-09-21","","23.43150695"
"FISCALÍA GENERAL DE LA NACIÓN - SECTOR CARIBE","2024-09-20","","23.63538194"
"FISCALÍA GENERAL DE LA NACIÓN - SECTOR CARIBE","2024-09-19","","25.47433333"
"FISCALÍA GENERAL DE LA NACIÓN - SECTOR CARIBE","2024-09-18","","25.63205556"
"FISCALÍA GENERAL DE LA NACIÓN - SECTOR CARIBE","2024-09-17","","24.29467361"
"FISCALÍA GENERAL DE LA NACIÓN - SECTOR CARIBE","2024-09-16","","25.729"
"FISCALÍA GENERAL DE LA NACIÓN - SECTOR CARIBE","2024-09-15","","26.37309028"
"FISCALÍA GENERAL DE LA NACIÓN - SECTOR CARIBE","2024-09-14","","24.83179167"
"FISCALÍA GENERAL DE LA NACIÓN - SECTOR CARIBE","2024-09-13","","23.74556944"
"FISCALÍA GENERAL DE LA NACIÓN - SECTOR CARIBE","2024-09-12","","24.82863194"
"FISCALÍA GENERAL DE LA NACIÓN - SECTOR CARIBE","2024-09-11","","25.37470833"
"FISCALÍA GENERAL DE LA NACIÓN - SECTOR CARIBE","2024-09-10","","24.53688194"
"FISCALÍA GENERAL DE LA NACIÓN - SECTOR CARIBE","2024-09-09","","25.38750694"
"FISCALÍA GENERAL DE LA NACIÓN - SECTOR CARIBE","2024-09-08","","24.61878472"
"FISCALÍA GENERAL DE LA NACIÓN - SECTOR CARIBE","2024-09-07","","24.28170139"
"FISCALÍA GENERAL DE LA NACIÓN - SECTOR CARIBE","2024-09-06","","25.27598611"
"FISCALÍA GENERAL DE LA NACIÓN - SECTOR CARIBE","2024-09-05","","24.12211111"
"FISCALÍA GENERAL DE LA NACIÓN - SECTOR CARIBE","2024-09-04","","24.60061111"
"FISCALÍA GENERAL DE LA NACIÓN - SECTOR CARIBE","2024-09-03","","23.21310417"
"FISCALÍA GENERAL DE LA NACIÓN - SECTOR CARIBE","2024-09-02","","23.03969444"
"FISCALÍA GENERAL DE LA NACIÓN - SECTOR CARIBE","2024-09-01","","21.08459722"
"FISCALÍA GENERAL DE LA NACIÓN - SECTOR CARIBE","2024-08-31","","24.24057971"
"FISCALÍA GENERAL DE LA NACIÓN - SECTOR CARIBE","2024-08-30","","24.54413889"
"FISCALÍA GENERAL DE LA NACIÓN - SECTOR CARIBE","2024-08-29","","22.56475695"
"FISCALÍA GENERAL DE LA NACIÓN - SECTOR CARIBE","2024-08-28","","24.89088194"
"FISCALÍA GENERAL DE LA NACIÓN - SECTOR CARIBE","2024-08-27","","23.84325694"
"FISCALÍA GENERAL DE LA NACIÓN - SECTOR CARIBE","2024-08-26","","23.15613195"
"FISCALÍA GENERAL DE LA NACIÓN - SECTOR CARIBE","2024-08-25","","21.99783333"
"FISCALÍA GENERAL DE LA NACIÓN - SECTOR CARIBE","2024-08-24","","21.60924306"
"FISCALÍA GENERAL DE LA NACIÓN - SECTOR CARIBE","2024-08-23","","22.95100694"
"FISCALÍA GENERAL DE LA NACIÓN - SECTOR CARIBE","2024-08-22","","23.96638194"
"FISCALÍA GENERAL DE LA NACIÓN - SECTOR CARIBE","2024-08-21","","24.82059028"
"FISCALÍA GENERAL DE LA NACIÓN - SECTOR CARIBE","2024-08-20","","24.92141667"
"FISCALÍA GENERAL DE LA NACIÓN - SECTOR CARIBE","2024-08-19","","24.58425694"
"FISCALÍA GENERAL DE LA NACIÓN - SECTOR CARIBE","2024-08-18","","24.37608333"
"FISCALÍA GENERAL DE LA NACIÓN - SECTOR CARIBE","2024-08-17","","24.53015972"
"FISCALÍA GENERAL DE LA NACIÓN - SECTOR CARIBE","2024-08-16","","24.27902083"
"FISCALÍA GENERAL DE LA NACIÓN - SECTOR CARIBE","2024-08-15","","25.23079861"
"FISCALÍA GENERAL DE LA NACIÓN - SECTOR CARIBE","2024-08-14","","24.89374306"
"FISCALÍA GENERAL DE LA NACIÓN - SECTOR CARIBE","2024-08-13","","22.86436476"
"FISCALÍA GENERAL DE LA NACIÓN - SECTOR CARIBE","2024-08-12","","23.53901389"
"FISCALÍA GENERAL DE LA NACIÓN - SECTOR CARIBE","2024-08-11","","21.25639583"
"FISCALÍA GENERAL DE LA NACIÓN - SECTOR CARIBE","2024-08-10","","22.20822917"
"FISCALÍA GENERAL DE LA NACIÓN - SECTOR CARIBE","2024-08-09","","21.94559722"
"FISCALÍA GENERAL DE LA NACIÓN - SECTOR CARIBE","2024-08-08","","22.92105555"
"FISCALÍA GENERAL DE LA NACIÓN - SECTOR CARIBE","2024-08-07","","21.88095139"
"FISCALÍA GENERAL DE LA NACIÓN - SECTOR CARIBE","2024-08-06","","21.06665972"
"FISCALÍA GENERAL DE LA NACIÓN - SECTOR CARIBE","2024-08-05","","21.40236111"
"FISCALÍA GENERAL DE LA NACIÓN - SECTOR CARIBE","2024-08-04","","23.70933333"
"FISCALÍA GENERAL DE LA NACIÓN - SECTOR CARIBE","2024-08-03","","23.24851389"
"FISCALÍA GENERAL DE LA NACIÓN - SECTOR CARIBE","2024-08-02","","24.88434028"
"FISCALÍA GENERAL DE LA NACIÓN - SECTOR CARIBE","2024-08-01","","24.45159722"
"FISCALÍA GENERAL DE LA NACIÓN - SECTOR CARIBE","2024-07-31","","24.92517391"
"FISCALÍA GENERAL DE LA NACIÓN - SECTOR CARIBE","2024-07-30","","24.92775"
"FISCALÍA GENERAL DE LA NACIÓN - SECTOR CARIBE","2024-07-29","","25.76814583"
"FISCALÍA GENERAL DE LA NACIÓN - SECTOR CARIBE","2024-07-28","","23.68876389"
"FISCALÍA GENERAL DE LA NACIÓN - SECTOR CARIBE","2024-07-27","","23.37439583"
"FISCALÍA GENERAL DE LA NACIÓN - SECTOR CARIBE","2024-07-26","","24.32759722"
"FISCALÍA GENERAL DE LA NACIÓN - SECTOR CARIBE","2024-07-25","","25.03429861"
"FISCALÍA GENERAL DE LA NACIÓN - SECTOR CARIBE","2024-07-24","","24.83543056"
"FISCALÍA GENERAL DE LA NACIÓN - SECTOR CARIBE","2024-07-23","","24.66748611"
"FISCALÍA GENERAL DE LA NACIÓN - SECTOR CARIBE","2024-07-22","","25.19264583"
"FISCALÍA GENERAL DE LA NACIÓN - SECTOR CARIBE","2024-07-21","","24.61490972"
"FISCALÍA GENERAL DE LA NACIÓN - SECTOR CARIBE","2024-07-20","","24.32314583"
"FISCALÍA GENERAL DE LA NACIÓN - SECTOR CARIBE","2024-07-19","","23.60064583"
"FISCALÍA GENERAL DE LA NACIÓN - SECTOR CARIBE","2024-06-25","","20.20931818"
"FISCALÍA GENERAL DE LA NACIÓN - SECTOR CARIBE","2024-06-24","","23.31046528"
"FISCALÍA GENERAL DE LA NACIÓN - SECTOR CARIBE","2024-06-23","","21.35734028"
"FISCALÍA GENERAL DE LA NACIÓN - SECTOR CARIBE","2024-06-22","","23.02754167"
"FISCALÍA GENERAL DE LA NACIÓN - SECTOR CARIBE","2024-06-21","","23.34013195"
"FISCALÍA GENERAL DE LA NACIÓN - SECTOR CARIBE","2024-06-20","","22.77915972"
"FISCALÍA GENERAL DE LA NACIÓN - SECTOR CARIBE","2024-06-19","","21.52877778"
"FISCALÍA GENERAL DE LA NACIÓN - SECTOR CARIBE","2024-06-18","","22.17482639"
"FISCALÍA GENERAL DE LA NACIÓN - SECTOR CARIBE","2024-06-17","","23.96432039"
"FISCALÍA GENERAL DE LA NACIÓN - SECTOR CARIBE","2024-06-16","","21.3345625"
"FISCALÍA GENERAL DE LA NACIÓN - SECTOR CARIBE","2024-06-15","","21.16640972"
"FISCALÍA GENERAL DE LA NACIÓN - SECTOR CARIBE","2024-06-14","","21.69211111"
"FISCALÍA GENERAL DE LA NACIÓN - SECTOR CARIBE","2024-06-13","","22.86659028"
"FISCALÍA GENERAL DE LA NACIÓN - SECTOR CARIBE","2024-06-12","","24.22617361"
"FISCALÍA GENERAL DE LA NACIÓN - SECTOR CARIBE","2024-06-11","","22.77030556"
"FISCALÍA GENERAL DE LA NACIÓN - SECTOR CARIBE","2024-06-10","","22.15121528"
"FISCALÍA GENERAL DE LA NACIÓN - SECTOR CARIBE","2024-06-09","","21.14534028"
"FISCALÍA GENERAL DE LA NACIÓN - SECTOR CARIBE","2024-06-08","","24.95922222"
"FISCALÍA GENERAL DE LA NACIÓN - SECTOR CARIBE","2024-06-07","","23.76660417"
"FISCALÍA GENERAL DE LA NACIÓN - SECTOR CARIBE","2024-06-06","","23.37704167"
"FISCALÍA GENERAL DE LA NACIÓN - SECTOR CARIBE","2024-06-05","","23.39809275"
"FISCALÍA GENERAL DE LA NACIÓN - SECTOR CARIBE","2024-06-04","","21.92852083"
"FISCALÍA GENERAL DE LA NACIÓN - SECTOR CARIBE","2024-06-03","","23.41144445"
"FISCALÍA GENERAL DE LA NACIÓN - SECTOR CARIBE","2024-06-02","","24.222625"
"FISCALÍA GENERAL DE LA NACIÓN - SECTOR CARIBE","2024-06-01","","26.01623611"
"FISCALÍA GENERAL DE LA NACIÓN - SECTOR CARIBE","2024-05-31","","23.45171015"
"FISCALÍA GENERAL DE LA NACIÓN - SECTOR CARIBE","2024-05-30","","22.36832639"
"FISCALÍA GENERAL DE LA NACIÓN - SECTOR CARIBE","2024-05-29","","22.13415278"
"FISCALÍA GENERAL DE LA NACIÓN - SECTOR CARIBE","2024-05-28","","23.53175694"
"FISCALÍA GENERAL DE LA NACIÓN - SECTOR CARIBE","2024-05-27","","22.61309722"
"FISCALÍA GENERAL DE LA NACIÓN - SECTOR CARIBE","2024-05-26","","24.10871528"
"FISCALÍA GENERAL DE LA NACIÓN - SECTOR CARIBE","2024-05-25","","22.63359722"
"FISCALÍA GENERAL DE LA NACIÓN - SECTOR CARIBE","2024-05-24","","23.06411111"
"FISCALÍA GENERAL DE LA NACIÓN - SECTOR CARIBE","2024-05-23","","22.83291667"
"FISCALÍA GENERAL DE LA NACIÓN - SECTOR CARIBE","2024-05-22","","23.14886806"
"FISCALÍA GENERAL DE LA NACIÓN - SECTOR CARIBE","2024-05-21","","22.30545833"
"FISCALÍA GENERAL DE LA NACIÓN - SECTOR CARIBE","2024-05-20","","23.87559722"
"FISCALÍA GENERAL DE LA NACIÓN - SECTOR CARIBE","2024-05-19","","25.13199306"
"FISCALÍA GENERAL DE LA NACIÓN - SECTOR CARIBE","2024-05-18","","24.70068056"
"FISCALÍA GENERAL DE LA NACIÓN - SECTOR CARIBE","2024-05-17","","23.78176389"
"FISCALÍA GENERAL DE LA NACIÓN - SECTOR CARIBE","2024-05-16","","21.98502778"
"FISCALÍA GENERAL DE LA NACIÓN - SECTOR CARIBE","2024-05-15","","21.93520139"
"FISCALÍA GENERAL DE LA NACIÓN - SECTOR CARIBE","2024-05-14","","23.08461806"
"FISCALÍA GENERAL DE LA NACIÓN - SECTOR CARIBE","2024-05-13","","24.39420833"
"FISCALÍA GENERAL DE LA NACIÓN - SECTOR CARIBE","2024-05-12","","21.71111111"
"FISCALÍA GENERAL DE LA NACIÓN - SECTOR CARIBE","2024-05-11","","22.19119445"
"FISCALÍA GENERAL DE LA NACIÓN - SECTOR CARIBE","2024-05-10","","21.83234722"
"FISCALÍA GENERAL DE LA NACIÓN - SECTOR CARIBE","2024-05-09","","21.10465972"
"FISCALÍA GENERAL DE LA NACIÓN - SECTOR CARIBE","2024-05-08","","22.80275694"
"FISCALÍA GENERAL DE LA NACIÓN - SECTOR CARIBE","2024-05-07","","24.19034722"
"FISCALÍA GENERAL DE LA NACIÓN - SECTOR CARIBE","2024-05-06","","24.47259722"
"FISCALÍA GENERAL DE LA NACIÓN - SECTOR CARIBE","2024-05-05","","23.644625"
"FISCALÍA GENERAL DE LA NACIÓN - SECTOR CARIBE","2024-05-04","","21.36969444"
"FISCALÍA GENERAL DE LA NACIÓN - SECTOR CARIBE","2024-05-03","","22.63224306"
"FISCALÍA GENERAL DE LA NACIÓN - SECTOR CARIBE","2024-05-02","","21.02665278"
"FISCALÍA GENERAL DE LA NACIÓN - SECTOR CARIBE","2024-05-01","","23.96408333"
"FISCALÍA GENERAL DE LA NACIÓN - SECTOR CARIBE","2024-04-30","","23.37565217"
"FISCALÍA GENERAL DE LA NACIÓN - SECTOR CARIBE","2024-04-29","","22.85736111"
"FISCALÍA GENERAL DE LA NACIÓN - SECTOR CARIBE","2024-04-28","","21.34125694"
"FISCALÍA GENERAL DE LA NACIÓN - SECTOR CARIBE","2024-04-27","","21.42205556"
"FISCALÍA GENERAL DE LA NACIÓN - SECTOR CARIBE","2024-04-26","","21.58409028"
"FISCALÍA GENERAL DE LA NACIÓN - SECTOR CARIBE","2024-04-25","","23.62909028"
"FISCALÍA GENERAL DE LA NACIÓN - SECTOR CARIBE","2024-04-24","","24.37081945"
"FISCALÍA GENERAL DE LA NACIÓN - SECTOR CARIBE","2024-04-23","","22.24470833"
"FISCALÍA GENERAL DE LA NACIÓN - SECTOR CARIBE","2024-04-22","","20.29091667"
"FISCALÍA GENERAL DE LA NACIÓN - SECTOR CARIBE","2024-04-21","","21.67070139"
"FISCALÍA GENERAL DE LA NACIÓN - SECTOR CARIBE","2024-04-20","","22.11236111"
"FISCALÍA GENERAL DE LA NACIÓN - SECTOR CARIBE","2024-04-19","","21.16465972"
"FISCALÍA GENERAL DE LA NACIÓN - SECTOR CARIBE","2024-04-18","","22.28275694"
"FISCALÍA GENERAL DE LA NACIÓN - SECTOR CARIBE","2024-04-17","","24.17596528"
"FISCALÍA GENERAL DE LA NACIÓN - SECTOR CARIBE","2024-04-16","","25.38213194"
"FISCALÍA GENERAL DE LA NACIÓN - SECTOR CARIBE","2024-04-15","","24.97243056"
"FISCALÍA GENERAL DE LA NACIÓN - SECTOR CARIBE","2024-04-14","","25.33975694"
"FISCALÍA GENERAL DE LA NACIÓN - SECTOR CARIBE","2024-04-13","","25.746875"
"FISCALÍA GENERAL DE LA NACIÓN - SECTOR CARIBE","2024-04-12","","25.69404167"
"FISCALÍA GENERAL DE LA NACIÓN - SECTOR CARIBE","2024-04-11","","24.97245139"
"FISCALÍA GENERAL DE LA NACIÓN - SECTOR CARIBE","2024-04-10","","25.64720833"
"FISCALÍA GENERAL DE LA NACIÓN - SECTOR CARIBE","2024-04-09","","25.12139583"
"FISCALÍA GENERAL DE LA NACIÓN - SECTOR CARIBE","2024-04-08","","25.71093056"
"FISCALÍA GENERAL DE LA NACIÓN - SECTOR CARIBE","2024-04-07","","25.32414583"
"FISCALÍA GENERAL DE LA NACIÓN - SECTOR CARIBE","2024-04-06","","23.71941667"
"FISCALÍA GENERAL DE LA NACIÓN - SECTOR CARIBE","2024-04-05","","23.70194774"
"FISCALÍA GENERAL DE LA NACIÓN - SECTOR CARIBE","2024-04-04","","21.01085417"
"FISCALÍA GENERAL DE LA NACIÓN - SECTOR CARIBE","2024-04-03","","21.95290278"
"FISCALÍA GENERAL DE LA NACIÓN - SECTOR CARIBE","2024-04-02","","22.19025695"
"FISCALÍA GENERAL DE LA NACIÓN - SECTOR CARIBE","2024-04-01","","22.86109028"
"FISCALÍA GENERAL DE LA NACIÓN - SECTOR CARIBE","2024-03-31","","22.27084058"
"FISCALÍA GENERAL DE LA NACIÓN - SECTOR CARIBE","2024-03-30","","24.18265972"
"FISCALÍA GENERAL DE LA NACIÓN - SECTOR CARIBE","2024-03-29","","23.94834098"
"FISCALÍA GENERAL DE LA NACIÓN - SECTOR CARIBE","2024-03-28","","24.50029074"
"FISCALÍA GENERAL DE LA NACIÓN - SECTOR CARIBE","2024-03-27","","23.63835417"
"FISCALÍA GENERAL DE LA NACIÓN - SECTOR CARIBE","2024-03-26","","24.60695833"
"FISCALÍA GENERAL DE LA NACIÓN - SECTOR CARIBE","2024-03-25","","24.86206944"
"FISCALÍA GENERAL DE LA NACIÓN - SECTOR CARIBE","2024-03-24","","25.05727083"
"FISCALÍA GENERAL DE LA NACIÓN - SECTOR CARIBE","2024-03-23","","25.08897222"
"FISCALÍA GENERAL DE LA NACIÓN - SECTOR CARIBE","2024-03-22","","25.4866875"
"FISCALÍA GENERAL DE LA NACIÓN - SECTOR CARIBE","2024-03-21","","23.83768055"
"FISCALÍA GENERAL DE LA NACIÓN - SECTOR CARIBE","2024-03-20","","24.02097917"
"FISCALÍA GENERAL DE LA NACIÓN - SECTOR CARIBE","2024-03-19","","24.31834922"
"FISCALÍA GENERAL DE LA NACIÓN - SECTOR CARIBE","2024-03-18","","26.71288194"
"FISCALÍA GENERAL DE LA NACIÓN - SECTOR CARIBE","2024-03-17","","25.19818056"
"FISCALÍA GENERAL DE LA NACIÓN - SECTOR CARIBE","2024-03-16","","26.01725694"
"FISCALÍA GENERAL DE LA NACIÓN - SECTOR CARIBE","2024-03-15","","26.51240972"
"FISCALÍA GENERAL DE LA NACIÓN - SECTOR CARIBE","2024-03-14","","25.66139583"
"FISCALÍA GENERAL DE LA NACIÓN - SECTOR CARIBE","2024-03-13","","25.82611805"
"FISCALÍA GENERAL DE LA NACIÓN - SECTOR CARIBE","2024-03-12","","26.12333333"
"FISCALÍA GENERAL DE LA NACIÓN - SECTOR CARIBE","2024-03-11","","24.75610417"
"FISCALÍA GENERAL DE LA NACIÓN - SECTOR CARIBE","2024-03-10","","25.97277083"
"FISCALÍA GENERAL DE LA NACIÓN - SECTOR CARIBE","2024-03-09","","23.58359722"
"FISCALÍA GENERAL DE LA NACIÓN - SECTOR CARIBE","2024-03-08","","25.65791667"
"FISCALÍA GENERAL DE LA NACIÓN - SECTOR CARIBE","2024-03-07","","25.46516667"
"FISCALÍA GENERAL DE LA NACIÓN - SECTOR CARIBE","2024-03-06","","24.69717361"
"FISCALÍA GENERAL DE LA NACIÓN - SECTOR CARIBE","2024-03-05","","24.82153472"
"FISCALÍA GENERAL DE LA NACIÓN - SECTOR CARIBE","2024-03-04","","24.32621528"
"FISCALÍA GENERAL DE LA NACIÓN - SECTOR CARIBE","2024-03-03","","23.23119444"
"FISCALÍA GENERAL DE LA NACIÓN - SECTOR CARIBE","2024-03-02","","23.73172222"
"FISCALÍA GENERAL DE LA NACIÓN - SECTOR CARIBE","2024-03-01","","24.42597917"
"FISCALÍA GENERAL DE LA NACIÓN - SECTOR CARIBE","2024-02-29","","25.06819565"
"FISCALÍA GENERAL DE LA NACIÓN - SECTOR CARIBE","2024-02-28","","24.57526389"
"FISCALÍA GENERAL DE LA NACIÓN - SECTOR CARIBE","2024-02-27","","23.78693056"
"FISCALÍA GENERAL DE LA NACIÓN - SECTOR CARIBE","2024-02-26","","22.47613889"
"FISCALÍA GENERAL DE LA NACIÓN - SECTOR CARIBE","2024-02-25","","23.23773611"
"FISCALÍA GENERAL DE LA NACIÓN - SECTOR CARIBE","2024-02-24","","23.37488194"
"FISCALÍA GENERAL DE LA NACIÓN - SECTOR CARIBE","2024-02-23","","23.65656944"
"FISCALÍA GENERAL DE LA NACIÓN - SECTOR CARIBE","2024-02-22","","23.09847222"
"FISCALÍA GENERAL DE LA NACIÓN - SECTOR CARIBE","2024-02-21","","23.23729861"
"FISCALÍA GENERAL DE LA NACIÓN - SECTOR CARIBE","2024-02-20","","24.48004685"
"FISCALÍA GENERAL DE LA NACIÓN - SECTOR CARIBE","2024-02-19","","25.60238195"
"FISCALÍA GENERAL DE LA NACIÓN - SECTOR CARIBE","2024-02-18","","26.02188889"
"FISCALÍA GENERAL DE LA NACIÓN - SECTOR CARIBE","2024-02-17","","26.04929861"
"FISCALÍA GENERAL DE LA NACIÓN - SECTOR CARIBE","2024-02-16","","26.37938194"
"FISCALÍA GENERAL DE LA NACIÓN - SECTOR CARIBE","2024-02-15","","25.94793056"
"FISCALÍA GENERAL DE LA NACIÓN - SECTOR CARIBE","2024-02-14","","24.63838194"
"FISCALÍA GENERAL DE LA NACIÓN - SECTOR CARIBE","2024-02-13","","25.06236111"
"FISCALÍA GENERAL DE LA NACIÓN - SECTOR CARIBE","2024-02-12","","25.39442361"
"FISCALÍA GENERAL DE LA NACIÓN - SECTOR CARIBE","2024-02-11","","25.2986875"
"FISCALÍA GENERAL DE LA NACIÓN - SECTOR CARIBE","2024-02-10","","24.76454167"
"FISCALÍA GENERAL DE LA NACIÓN - SECTOR CARIBE","2024-02-09","","23.21285417"
"FISCALÍA GENERAL DE LA NACIÓN - SECTOR CARIBE","2024-02-08","","22.01754861"
"FISCALÍA GENERAL DE LA NACIÓN - SECTOR CARIBE","2024-02-07","","23.00786806"
"FISCALÍA GENERAL DE LA NACIÓN - SECTOR CARIBE","2024-02-06","","22.57173611"
"FISCALÍA GENERAL DE LA NACIÓN - SECTOR CARIBE","2024-02-05","","22.23928472"
"FISCALÍA GENERAL DE LA NACIÓN - SECTOR CARIBE","2024-02-04","","21.99388194"
"FISCALÍA GENERAL DE LA NACIÓN - SECTOR CARIBE","2024-02-03","","21.73538889"
"FISCALÍA GENERAL DE LA NACIÓN - SECTOR CARIBE","2024-02-02","","22.48114583"
"FISCALÍA GENERAL DE LA NACIÓN - SECTOR CARIBE","2024-02-01","","21.8339375"
"FISCALÍA GENERAL DE LA NACIÓN - SECTOR CARIBE","2024-01-31","","24.66478985"
"FISCALÍA GENERAL DE LA NACIÓN - SECTOR CARIBE","2024-01-30","","23.94271528"
"FISCALÍA GENERAL DE LA NACIÓN - SECTOR CARIBE","2024-01-29","","24.59061111"
"FISCALÍA GENERAL DE LA NACIÓN - SECTOR CARIBE","2024-01-28","","24.43515278"
"FISCALÍA GENERAL DE LA NACIÓN - SECTOR CARIBE","2024-01-27","","24.56484722"
"FISCALÍA GENERAL DE LA NACIÓN - SECTOR CARIBE","2024-01-26","","24.46229861"
"FISCALÍA GENERAL DE LA NACIÓN - SECTOR CARIBE","2024-01-25","","24.73522222"
"FISCALÍA GENERAL DE LA NACIÓN - SECTOR CARIBE","2024-01-24","","25.45386806"
"FISCALÍA GENERAL DE LA NACIÓN - SECTOR CARIBE","2024-01-23","","25.87018056"
"FISCALÍA GENERAL DE LA NACIÓN - SECTOR CARIBE","2024-01-22","","25.79804861"
"FISCALÍA GENERAL DE LA NACIÓN - SECTOR CARIBE","2024-01-21","","24.88295139"
"FISCALÍA GENERAL DE LA NACIÓN - SECTOR CARIBE","2024-01-20","","24.51359722"
"FISCALÍA GENERAL DE LA NACIÓN - SECTOR CARIBE","2024-01-19","","25.15201389"
"FISCALÍA GENERAL DE LA NACIÓN - SECTOR CARIBE","2024-01-18","","25.67755556"
"FISCALÍA GENERAL DE LA NACIÓN - SECTOR CARIBE","2024-01-17","","24.93547917"
"FISCALÍA GENERAL DE LA NACIÓN - SECTOR CARIBE","2024-01-16","","24.63622222"
"FISCALÍA GENERAL DE LA NACIÓN - SECTOR CARIBE","2024-01-15","","24.61339583"
"FISCALÍA GENERAL DE LA NACIÓN - SECTOR CARIBE","2024-01-14","","23.69333333"
"FISCALÍA GENERAL DE LA NACIÓN - SECTOR CARIBE","2024-01-13","","23.54803472"
"FISCALÍA GENERAL DE LA NACIÓN - SECTOR CARIBE","2024-01-12","","24.14977778"
"FISCALÍA GENERAL DE LA NACIÓN - SECTOR CARIBE","2024-01-11","","24.07282639"
"FISCALÍA GENERAL DE LA NACIÓN - SECTOR CARIBE","2024-01-10","","24.24204167"
"FISCALÍA GENERAL DE LA NACIÓN - SECTOR CARIBE","2024-01-09","","24.35796528"
"FISCALÍA GENERAL DE LA NACIÓN - SECTOR CARIBE","2024-01-08","","24.13038194"
"FISCALÍA GENERAL DE LA NACIÓN - SECTOR CARIBE","2024-01-07","","24.20295833"
"FISCALÍA GENERAL DE LA NACIÓN - SECTOR CARIBE","2024-01-06","","23.21906944"
"FISCALÍA GENERAL DE LA NACIÓN - SECTOR CARIBE","2024-01-05","","22.80078472"
"FISCALÍA GENERAL DE LA NACIÓN - SECTOR CARIBE","2024-01-04","","23.38420833"
"FISCALÍA GENERAL DE LA NACIÓN - SECTOR CARIBE","2024-01-03","","23.70450694"
"FISCALÍA GENERAL DE LA NACIÓN - SECTOR CARIBE","2024-01-02","","23.34961111"
"FISCALÍA GENERAL DE LA NACIÓN - SECTOR CARIBE","2024-01-01","","22.65900694"
"FISCALÍA GENERAL DE LA NACIÓN - SECTOR CARIBE","2023-12-31","","23.31821014"
"FISCALÍA GENERAL DE LA NACIÓN - SECTOR CARIBE","2023-12-30","","22.71217361"
"FISCALÍA GENERAL DE LA NACIÓN - SECTOR CARIBE","2023-12-29","","22.03983333"
"FISCALÍA GENERAL DE LA NACIÓN - SECTOR CARIBE","2023-12-28","","21.97740278"
"FISCALÍA GENERAL DE LA NACIÓN - SECTOR CARIBE","2023-12-27","","22.97221528"
"FISCALÍA GENERAL DE LA NACIÓN - SECTOR CARIBE","2023-12-26","","22.22329167"
"FISCALÍA GENERAL DE LA NACIÓN - SECTOR CARIBE","2023-12-25","","23.38247222"
"FISCALÍA GENERAL DE LA NACIÓN - SECTOR CARIBE","2023-12-24","","23.8906875"
"FISCALÍA GENERAL DE LA NACIÓN - SECTOR CARIBE","2023-12-23","","23.88874306"
"FISCALÍA GENERAL DE LA NACIÓN - SECTOR CARIBE","2023-12-22","","24.30418056"
"FISCALÍA GENERAL DE LA NACIÓN - SECTOR CARIBE","2023-12-21","","23.92107639"
"FISCALÍA GENERAL DE LA NACIÓN - SECTOR CARIBE","2023-12-20","","23.37736111"
"FISCALÍA GENERAL DE LA NACIÓN - SECTOR CARIBE","2023-12-19","","23.48123611"
"FISCALÍA GENERAL DE LA NACIÓN - SECTOR CARIBE","2023-12-18","","23.27861806"
"FISCALÍA GENERAL DE LA NACIÓN - SECTOR CARIBE","2023-12-17","","22.26963889"
"FISCALÍA GENERAL DE LA NACIÓN - SECTOR CARIBE","2023-12-16","","21.80934722"
"FISCALÍA GENERAL DE LA NACIÓN - SECTOR CARIBE","2023-12-15","","22.77938689"
"FISCALÍA GENERAL DE LA NACIÓN - SECTOR CARIBE","2023-12-14","","24.11272222"
"FISCALÍA GENERAL DE LA NACIÓN - SECTOR CARIBE","2023-12-13","","24.46873611"
"FISCALÍA GENERAL DE LA NACIÓN - SECTOR CARIBE","2023-12-12","","25.09028472"
"FISCALÍA GENERAL DE LA NACIÓN - SECTOR CARIBE","2023-12-11","","25.010625"
"FISCALÍA GENERAL DE LA NACIÓN - SECTOR CARIBE","2023-12-10","","24.16982639"
"FISCALÍA GENERAL DE LA NACIÓN - SECTOR CARIBE","2023-12-09","","24.60038889"
"FISCALÍA GENERAL DE LA NACIÓN - SECTOR CARIBE","2023-12-08","","23.63613195"
"FISCALÍA GENERAL DE LA NACIÓN - SECTOR CARIBE","2023-12-07","","22.42549306"
"FISCALÍA GENERAL DE LA NACIÓN - SECTOR CARIBE","2023-12-06","","23.39054861"
"FISCALÍA GENERAL DE LA NACIÓN - SECTOR CARIBE","2023-12-05","","24.51824306"
"FISCALÍA GENERAL DE LA NACIÓN - SECTOR CARIBE","2023-12-04","","24.03322222"
"FISCALÍA GENERAL DE LA NACIÓN - SECTOR CARIBE","2023-12-03","","23.95679861"
"FISCALÍA GENERAL DE LA NACIÓN - SECTOR CARIBE","2023-12-02","","23.77358333"
"FISCALÍA GENERAL DE LA NACIÓN - SECTOR CARIBE","2023-12-01","","23.73358333"
"FISCALÍA GENERAL DE LA NACIÓN - SECTOR CARIBE","2023-11-30","","23.26090972"
"FISCALÍA GENERAL DE LA NACIÓN - SECTOR CARIBE","2023-11-29","","24.33403472"
"FISCALÍA GENERAL DE LA NACIÓN - SECTOR CARIBE","2023-11-28","","24.70152083"
"FISCALÍA GENERAL DE LA NACIÓN - SECTOR CARIBE","2023-11-27","","24.78136806"
"FISCALÍA GENERAL DE LA NACIÓN - SECTOR CARIBE","2023-11-26","","23.59801389"
"FISCALÍA GENERAL DE LA NACIÓN - SECTOR CARIBE","2023-11-25","","22.07144444"
"FISCALÍA GENERAL DE LA NACIÓN - SECTOR CARIBE","2023-11-24","","22.35645833"
"FISCALÍA GENERAL DE LA NACIÓN - SECTOR CARIBE","2023-11-23","","23.1805625"
"FISCALÍA GENERAL DE LA NACIÓN - SECTOR CARIBE","2023-11-22","","23.05621528"
"FISCALÍA GENERAL DE LA NACIÓN - SECTOR CARIBE","2023-11-21","","22.43902083"
"FISCALÍA GENERAL DE LA NACIÓN - SECTOR CARIBE","2023-11-20","","21.57703472"
"FISCALÍA GENERAL DE LA NACIÓN - SECTOR CARIBE","2023-11-19","","21.02347917"
"FISCALÍA GENERAL DE LA NACIÓN - SECTOR CARIBE","2023-11-18","","21.11047917"
"FISCALÍA GENERAL DE LA NACIÓN - SECTOR CARIBE","2023-11-17","","22.79994445"
"FISCALÍA GENERAL DE LA NACIÓN - SECTOR CARIBE","2023-11-16","","22.49665972"
"FISCALÍA GENERAL DE LA NACIÓN - SECTOR CARIBE","2023-11-15","","22.36502083"
"FISCALÍA GENERAL DE LA NACIÓN - SECTOR CARIBE","2023-11-14","","24.36755556"
"FISCALÍA GENERAL DE LA NACIÓN - SECTOR CARIBE","2023-11-13","","24.23568056"
"FISCALÍA GENERAL DE LA NACIÓN - SECTOR CARIBE","2023-11-12","","23.63110417"
"FISCALÍA GENERAL DE LA NACIÓN - SECTOR CARIBE","2023-11-11","","24.5080625"
"FISCALÍA GENERAL DE LA NACIÓN - SECTOR CARIBE","2023-11-10","","23.94048611"
"FISCALÍA GENERAL DE LA NACIÓN - SECTOR CARIBE","2023-11-09","","24.70559322"
"FISCALÍA GENERAL DE LA NACIÓN - SECTOR CARIBE","2023-11-08","","22.63633333"
"FISCALÍA GENERAL DE LA NACIÓN - SECTOR CARIBE","2023-11-07","","22.77194444"
"FISCALÍA GENERAL DE LA NACIÓN - SECTOR CARIBE","2023-11-06","","21.68403472"
"FISCALÍA GENERAL DE LA NACIÓN - SECTOR CARIBE","2023-11-05","","22.37692361"
"FISCALÍA GENERAL DE LA NACIÓN - SECTOR CARIBE","2023-11-04","","22.32692361"
"FISCALÍA GENERAL DE LA NACIÓN - SECTOR CARIBE","2023-11-03","","21.65470833"
"FISCALÍA GENERAL DE LA NACIÓN - SECTOR CARIBE","2023-11-02","","20.58675"
"FISCALÍA GENERAL DE LA NACIÓN - SECTOR CARIBE","2023-11-01","","20.94983333"
"FISCALÍA GENERAL DE LA NACIÓN - SECTOR CARIBE","2023-10-31","","21.18878472"
"FISCALÍA GENERAL DE LA NACIÓN - SECTOR CARIBE","2023-10-30","","21.35589583"
"FISCALÍA GENERAL DE LA NACIÓN - SECTOR CARIBE","2023-10-29","","21.56220139"
"FISCALÍA GENERAL DE LA NACIÓN - SECTOR CARIBE","2023-10-28","","21.71948611"
"FISCALÍA GENERAL DE LA NACIÓN - SECTOR CARIBE","2023-10-27","","20.87361111"
"FISCALÍA GENERAL DE LA NACIÓN - SECTOR CARIBE","2023-10-26","","20.95845833"
"FISCALÍA GENERAL DE LA NACIÓN - SECTOR CARIBE","2023-10-25","","21.37509722"
"FISCALÍA GENERAL DE LA NACIÓN - SECTOR CARIBE","2023-10-24","","21.153625"
"FISCALÍA GENERAL DE LA NACIÓN - SECTOR CARIBE","2023-10-23","","22.04150695"
"FISCALÍA GENERAL DE LA NACIÓN - SECTOR CARIBE","2023-10-22","","21.73369444"
"FISCALÍA GENERAL DE LA NACIÓN - SECTOR CARIBE","2023-10-21","","21.16713889"
"FISCALÍA GENERAL DE LA NACIÓN - SECTOR CARIBE","2023-10-20","","21.97573611"
"FISCALÍA GENERAL DE LA NACIÓN - SECTOR CARIBE","2023-10-19","","23.73784722"
"FISCALÍA GENERAL DE LA NACIÓN - SECTOR CARIBE","2023-10-18","","23.78585417"
"FISCALÍA GENERAL DE LA NACIÓN - SECTOR CARIBE","2023-10-17","","21.60476389"
"FISCALÍA GENERAL DE LA NACIÓN - SECTOR CARIBE","2023-10-16","","22.80223611"
"FISCALÍA GENERAL DE LA NACIÓN - SECTOR CARIBE","2023-10-15","","23.93381944"
"FISCALÍA GENERAL DE LA NACIÓN - SECTOR CARIBE","2023-10-14","","22.57291667"
"FISCALÍA GENERAL DE LA NACIÓN - SECTOR CARIBE","2023-10-13","","22.78879861"
"FISCALÍA GENERAL DE LA NACIÓN - SECTOR CARIBE","2023-10-12","","23.33998611"
"FISCALÍA GENERAL DE LA NACIÓN - SECTOR CARIBE","2023-10-11","","23.28980556"
"FISCALÍA GENERAL DE LA NACIÓN - SECTOR CARIBE","2023-10-10","","23.6270625"
"FISCALÍA GENERAL DE LA NACIÓN - SECTOR CARIBE","2023-10-09","","23.3151875"
"FISCALÍA GENERAL DE LA NACIÓN - SECTOR CARIBE","2023-10-08","","21.46849306"
"FISCALÍA GENERAL DE LA NACIÓN - SECTOR CARIBE","2023-10-07","","22.28619444"
"FISCALÍA GENERAL DE LA NACIÓN - SECTOR CARIBE","2023-10-06","","22.33838889"
"FISCALÍA GENERAL DE LA NACIÓN - SECTOR CARIBE","2023-10-05","","21.16565972"
"FISCALÍA GENERAL DE LA NACIÓN - SECTOR CARIBE","2023-10-04","","20.65327083"
"FISCALÍA GENERAL DE LA NACIÓN - SECTOR CARIBE","2023-10-03","","22.01890278"
"FISCALÍA GENERAL DE LA NACIÓN - SECTOR CARIBE","2023-10-02","","23.7065406"
"FISCALÍA GENERAL DE LA NACIÓN - SECTOR CARIBE","2023-10-01","","23.43938194"
"FISCALÍA GENERAL DE LA NACIÓN - SECTOR CARIBE","2023-09-30","","25.52850694"
"FISCALÍA GENERAL DE LA NACIÓN - SECTOR CARIBE","2023-09-29","","24.23364583"
"FISCALÍA GENERAL DE LA NACIÓN - SECTOR CARIBE","2023-09-28","","23.11621528"
"FISCALÍA GENERAL DE LA NACIÓN - SECTOR CARIBE","2023-09-27","","24.0483125"
"FISCALÍA GENERAL DE LA NACIÓN - SECTOR CARIBE","2023-09-26","","23.97270139"
"FISCALÍA GENERAL DE LA NACIÓN - SECTOR CARIBE","2023-09-25","","24.60431945"
"FISCALÍA GENERAL DE LA NACIÓN - SECTOR CARIBE","2023-09-24","","23.31254861"
"FISCALÍA GENERAL DE LA NACIÓN - SECTOR CARIBE","2023-09-23","","23.78252778"
"FISCALÍA GENERAL DE LA NACIÓN - SECTOR CARIBE","2023-09-22","","24.76590278"
"FISCALÍA GENERAL DE LA NACIÓN - SECTOR CARIBE","2023-09-21","","24.37413889"
"FISCALÍA GENERAL DE LA NACIÓN - SECTOR CARIBE","2023-09-20","","24.06429167"
"FISCALÍA GENERAL DE LA NACIÓN - SECTOR CARIBE","2023-09-19","","24.61250695"
"FISCALÍA GENERAL DE LA NACIÓN - SECTOR CARIBE","2023-09-18","","24.20970833"
"FISCALÍA GENERAL DE LA NACIÓN - SECTOR CARIBE","2023-09-17","","23.50009028"
"FISCALÍA GENERAL DE LA NACIÓN - SECTOR CARIBE","2023-09-16","","24.53372222"
"FISCALÍA GENERAL DE LA NACIÓN - SECTOR CARIBE","2023-09-15","","24.61489583"
"FISCALÍA GENERAL DE LA NACIÓN - SECTOR CARIBE","2023-09-14","","23.86497222"
"FISCALÍA GENERAL DE LA NACIÓN - SECTOR CARIBE","2023-09-13","","23.35288889"
"FISCALÍA GENERAL DE LA NACIÓN - SECTOR CARIBE","2023-09-12","","24.40856945"
"FISCALÍA GENERAL DE LA NACIÓN - SECTOR CARIBE","2023-09-11","","23.69405732"
"FISCALÍA GENERAL DE LA NACIÓN - SECTOR CARIBE","2023-09-10","","23.05466667"
"FISCALÍA GENERAL DE LA NACIÓN - SECTOR CARIBE","2023-09-09","","23.751"
"FISCALÍA GENERAL DE LA NACIÓN - SECTOR CARIBE","2023-09-08","","24.25027083"
"FISCALÍA GENERAL DE LA NACIÓN - SECTOR CARIBE","2023-09-07","","24.92863889"
"FISCALÍA GENERAL DE LA NACIÓN - SECTOR CARIBE","2023-09-06","","25.00121528"
"FISCALÍA GENERAL DE LA NACIÓN - SECTOR CARIBE","2023-09-05","","24.77963889"
"FISCALÍA GENERAL DE LA NACIÓN - SECTOR CARIBE","2023-09-04","","22.78389583"
"FISCALÍA GENERAL DE LA NACIÓN - SECTOR CARIBE","2023-09-03","","21.75467361"
"FISCALÍA GENERAL DE LA NACIÓN - SECTOR CARIBE","2023-09-02","","22.75318056"
"FISCALÍA GENERAL DE LA NACIÓN - SECTOR CARIBE","2023-09-01","","24.86323611"
"FISCALÍA GENERAL DE LA NACIÓN - SECTOR CARIBE","2023-08-31","","25.04172917"
"FISCALÍA GENERAL DE LA NACIÓN - SECTOR CARIBE","2023-08-30","","25.81365972"
"FISCALÍA GENERAL DE LA NACIÓN - SECTOR CARIBE","2023-08-29","","23.43038889"
"FISCALÍA GENERAL DE LA NACIÓN - SECTOR CARIBE","2023-08-28","","25.24077083"
"FISCALÍA GENERAL DE LA NACIÓN - SECTOR CARIBE","2023-08-27","","24.70235417"
"FISCALÍA GENERAL DE LA NACIÓN - SECTOR CARIBE","2023-08-26","","24.69927778"
"FISCALÍA GENERAL DE LA NACIÓN - SECTOR CARIBE","2023-08-25","","23.34151389"
"FISCALÍA GENERAL DE LA NACIÓN - SECTOR CARIBE","2023-08-24","","22.80909028"
"FISCALÍA GENERAL DE LA NACIÓN - SECTOR CARIBE","2023-08-23","","22.32350695"
"FISCALÍA GENERAL DE LA NACIÓN - SECTOR CARIBE","2023-08-22","","20.50973611"
"FISCALÍA GENERAL DE LA NACIÓN - SECTOR CARIBE","2023-08-21","","21.82379861"
"FISCALÍA GENERAL DE LA NACIÓN - SECTOR CARIBE","2023-08-20","","22.33363194"
"FISCALÍA GENERAL DE LA NACIÓN - SECTOR CARIBE","2023-08-19","","23.0825625"
"FISCALÍA GENERAL DE LA NACIÓN - SECTOR CARIBE","2023-08-18","","22.21522917"
"FISCALÍA GENERAL DE LA NACIÓN - SECTOR CARIBE","2023-08-17","","24.33607639"
"FISCALÍA GENERAL DE LA NACIÓN - SECTOR CARIBE","2023-08-16","","22.633625"
"FISCALÍA GENERAL DE LA NACIÓN - SECTOR CARIBE","2023-08-15","","23.27087778"
"FISCALÍA GENERAL DE LA NACIÓN - SECTOR CARIBE","2023-08-14","","24.69543056"
"FISCALÍA GENERAL DE LA NACIÓN - SECTOR CARIBE","2023-08-13","","23.76175694"
"FISCALÍA GENERAL DE LA NACIÓN - SECTOR CARIBE","2023-08-12","","24.87101389"
"FISCALÍA GENERAL DE LA NACIÓN - SECTOR CARIBE","2023-08-11","","24.70342361"
"FISCALÍA GENERAL DE LA NACIÓN - SECTOR CARIBE","2023-08-10","","24.03130162"
"FISCALÍA GENERAL DE LA NACIÓN - SECTOR CARIBE","2023-08-09","","24.32680556"
"FISCALÍA GENERAL DE LA NACIÓN - SECTOR CARIBE","2023-08-08","","25.18079567"
"FISCALÍA GENERAL DE LA NACIÓN - SECTOR CARIBE","2023-08-07","","24.65722222"
"FISCALÍA GENERAL DE LA NACIÓN - SECTOR CARIBE","2023-08-06","","25.33230556"
"FISCALÍA GENERAL DE LA NACIÓN - SECTOR CARIBE","2023-08-05","","25.79821528"
"FISCALÍA GENERAL DE LA NACIÓN - SECTOR CARIBE","2023-08-04","","25.24257639"
"FISCALÍA GENERAL DE LA NACIÓN - SECTOR CARIBE","2023-08-03","","24.959"
"FISCALÍA GENERAL DE LA NACIÓN - SECTOR CARIBE","2023-08-02","","24.50809028"
"FISCALÍA GENERAL DE LA NACIÓN - SECTOR CARIBE","2023-08-01","","24.31722222"
"FISCALÍA GENERAL DE LA NACIÓN - SECTOR CARIBE","2023-07-31","","24.89128472"
"FISCALÍA GENERAL DE LA NACIÓN - SECTOR CARIBE","2023-07-30","","24.8479375"
"FISCALÍA GENERAL DE LA NACIÓN - SECTOR CARIBE","2023-07-29","","24.4347367"
"FISCALÍA GENERAL DE LA NACIÓN - SECTOR CARIBE","2023-07-28","","23.71976389"
"FISCALÍA GENERAL DE LA NACIÓN - SECTOR CARIBE","2023-07-27","","22.66677083"
"FISCALÍA GENERAL DE LA NACIÓN - SECTOR CARIBE","2023-07-26","","22.15033333"
"FISCALÍA GENERAL DE LA NACIÓN - SECTOR CARIBE","2023-07-25","","24.3319375"
"FISCALÍA GENERAL DE LA NACIÓN - SECTOR CARIBE","2023-07-24","","25.3160625"
"FISCALÍA GENERAL DE LA NACIÓN - SECTOR CARIBE","2023-07-23","","24.7894375"
"FISCALÍA GENERAL DE LA NACIÓN - SECTOR CARIBE","2023-07-22","","24.0303125"
"FISCALÍA GENERAL DE LA NACIÓN - SECTOR CARIBE","2023-07-21","","24.79102778"
"FISCALÍA GENERAL DE LA NACIÓN - SECTOR CARIBE","2023-07-20","","25.39286111"
"FISCALÍA GENERAL DE LA NACIÓN - SECTOR CARIBE","2023-07-19","","24.48693056"
"FISCALÍA GENERAL DE LA NACIÓN - SECTOR CARIBE","2023-07-18","","24.56191862"
"FISCALÍA GENERAL DE LA NACIÓN - SECTOR CARIBE","2023-07-17","","23.57745139"
"FISCALÍA GENERAL DE LA NACIÓN - SECTOR CARIBE","2023-07-16","","24.36595833"
"FISCALÍA GENERAL DE LA NACIÓN - SECTOR CARIBE","2023-07-15","","24.58245833"
"FISCALÍA GENERAL DE LA NACIÓN - SECTOR CARIBE","2023-07-14","","23.89365972"
"FISCALÍA GENERAL DE LA NACIÓN - SECTOR CARIBE","2023-07-13","","24.99910417"
"FISCALÍA GENERAL DE LA NACIÓN - SECTOR CARIBE","2023-07-12","","24.425625"
"FISCALÍA GENERAL DE LA NACIÓN - SECTOR CARIBE","2023-07-11","","24.12518056"
"FISCALÍA GENERAL DE LA NACIÓN - SECTOR CARIBE","2023-07-10","","24.39000694"
"FISCALÍA GENERAL DE LA NACIÓN - SECTOR CARIBE","2023-07-09","","23.96177083"
"FISCALÍA GENERAL DE LA NACIÓN - SECTOR CARIBE","2023-07-08","","22.526125"
"FISCALÍA GENERAL DE LA NACIÓN - SECTOR CARIBE","2023-07-07","","21.52532639"
"FISCALÍA GENERAL DE LA NACIÓN - SECTOR CARIBE","2023-07-06","","21.64929167"
"FISCALÍA GENERAL DE LA NACIÓN - SECTOR CARIBE","2023-07-05","","23.07847917"
"FISCALÍA GENERAL DE LA NACIÓN - SECTOR CARIBE","2023-07-04","","22.10897917"
"FISCALÍA GENERAL DE LA NACIÓN - SECTOR CARIBE","2023-07-03","","21.33861111"
"FISCALÍA GENERAL DE LA NACIÓN - SECTOR CARIBE","2023-07-02","","22.16207639"
"FISCALÍA GENERAL DE LA NACIÓN - SECTOR CARIBE","2023-07-01","","24.572375"
"FISCALÍA GENERAL DE LA NACIÓN - SECTOR CARIBE","2023-06-30","","25.03046528"
"FISCALÍA GENERAL DE LA NACIÓN - SECTOR CARIBE","2023-06-29","","25.30970833"
"FISCALÍA GENERAL DE LA NACIÓN - SECTOR CARIBE","2023-06-28","","23.65629861"
"FISCALÍA GENERAL DE LA NACIÓN - SECTOR CARIBE","2023-06-27","","23.33044445"
"FISCALÍA GENERAL DE LA NACIÓN - SECTOR CARIBE","2023-06-26","","21.37564583"
"FISCALÍA GENERAL DE LA NACIÓN - SECTOR CARIBE","2023-06-25","","20.60101389"
"FISCALÍA GENERAL DE LA NACIÓN - SECTOR CARIBE","2023-06-24","","22.52245139"
"FISCALÍA GENERAL DE LA NACIÓN - SECTOR CARIBE","2023-06-23","","23.31528472"
"FISCALÍA GENERAL DE LA NACIÓN - SECTOR CARIBE","2023-06-22","","24.1205625"
"FISCALÍA GENERAL DE LA NACIÓN - SECTOR CARIBE","2023-06-21","","24.84252083"
"FISCALÍA GENERAL DE LA NACIÓN - SECTOR CARIBE","2023-06-20","","25.24520833"
"FISCALÍA GENERAL DE LA NACIÓN - SECTOR CARIBE","2023-06-19","","24.57819444"
"FISCALÍA GENERAL DE LA NACIÓN - SECTOR CARIBE","2023-06-18","","24.33354861"
"FISCALÍA GENERAL DE LA NACIÓN - SECTOR CARIBE","2023-06-17","","23.5205"
"FISCALÍA GENERAL DE LA NACIÓN - SECTOR CARIBE","2023-06-16","","24.47871528"
"FISCALÍA GENERAL DE LA NACIÓN - SECTOR CARIBE","2023-06-15","","24.89590278"
"FISCALÍA GENERAL DE LA NACIÓN - SECTOR CARIBE","2023-06-14","","24.07715972"
"FISCALÍA GENERAL DE LA NACIÓN - SECTOR CARIBE","2023-06-13","","25.34064854"
"FISCALÍA GENERAL DE LA NACIÓN - SECTOR CARIBE","2023-06-12","","23.80738194"
"FISCALÍA GENERAL DE LA NACIÓN - SECTOR CARIBE","2023-06-11","","23.03692361"
"FISCALÍA GENERAL DE LA NACIÓN - SECTOR CARIBE","2023-06-10","","23.28345833"
"FISCALÍA GENERAL DE LA NACIÓN - SECTOR CARIBE","2023-06-09","","22.97510417"
"FISCALÍA GENERAL DE LA NACIÓN - SECTOR CARIBE","2023-06-08","","21.56033333"
"FISCALÍA GENERAL DE LA NACIÓN - SECTOR CARIBE","2023-05-23","","21.72972222"
"FISCALÍA GENERAL DE LA NACIÓN - SECTOR CARIBE","2023-05-22","","22.47636888"
"FISCALÍA GENERAL DE LA NACIÓN - SECTOR CARIBE","2023-05-21","","20.8721875"
"FISCALÍA GENERAL DE LA NACIÓN - SECTOR CARIBE","2023-05-20","","22.51029861"
"FISCALÍA GENERAL DE LA NACIÓN - SECTOR CARIBE","2023-05-19","","24.89142408"
"FISCALÍA GENERAL DE LA NACIÓN - SECTOR CARIBE","2023-05-18","","24.55573729"
"FISCALÍA GENERAL DE LA NACIÓN - SECTOR CARIBE","2023-05-17","","23.1048951"
"FISCALÍA GENERAL DE LA NACIÓN - SECTOR CARIBE","2023-05-16","","22.16329426"
"FISCALÍA GENERAL DE LA NACIÓN - SECTOR CARIBE","2023-05-15","","23.10618056"
"FISCALÍA GENERAL DE LA NACIÓN - SECTOR CARIBE","2023-05-14","","24.53727083"
"FISCALÍA GENERAL DE LA NACIÓN - SECTOR CARIBE","2023-05-13","","23.91676389"
"FISCALÍA GENERAL DE LA NACIÓN - SECTOR CARIBE","2023-05-12","","23.78055556"
"FISCALÍA GENERAL DE LA NACIÓN - SECTOR CARIBE","2023-05-11","","23.43679167"
"FISCALÍA GENERAL DE LA NACIÓN - SECTOR CARIBE","2023-05-10","","23.50136111"
"FISCALÍA GENERAL DE LA NACIÓN - SECTOR CARIBE","2023-05-09","","25.01628472"
"FISCALÍA GENERAL DE LA NACIÓN - SECTOR CARIBE","2023-05-08","","25.15157639"
"FISCALÍA GENERAL DE LA NACIÓN - SECTOR CARIBE","2023-05-07","","24.94038194"
"FISCALÍA GENERAL DE LA NACIÓN - SECTOR CARIBE","2023-05-06","","24.85502083"
"FISCALÍA GENERAL DE LA NACIÓN - SECTOR CARIBE","2023-05-05","","25.61172917"
"FISCALÍA GENERAL DE LA NACIÓN - SECTOR CARIBE","2023-05-04","","25.36983333"
"FISCALÍA GENERAL DE LA NACIÓN - SECTOR CARIBE","2023-05-03","","25.01239583"
"FISCALÍA GENERAL DE LA NACIÓN - SECTOR CARIBE","2023-05-02","","24.81029861"
"FISCALÍA GENERAL DE LA NACIÓN - SECTOR CARIBE","2023-05-01","","23.90855556"
"FISCALÍA GENERAL DE LA NACIÓN - SECTOR CARIBE","2023-04-30","","21.86036111"
"FISCALÍA GENERAL DE LA NACIÓN - SECTOR CARIBE","2023-04-29","","22.17795833"
"FISCALÍA GENERAL DE LA NACIÓN - SECTOR CARIBE","2023-04-28","","22.74513889"
"FISCALÍA GENERAL DE LA NACIÓN - SECTOR CARIBE","2023-04-27","","22.18125694"
"FISCALÍA GENERAL DE LA NACIÓN - SECTOR CARIBE","2023-04-26","","21.28535417"
"FISCALÍA GENERAL DE LA NACIÓN - SECTOR CARIBE","2023-04-25","","22.41830556"
"FISCALÍA GENERAL DE LA NACIÓN - SECTOR CARIBE","2023-04-24","","22.32618056"
"FISCALÍA GENERAL DE LA NACIÓN - SECTOR CARIBE","2023-04-23","","21.94376389"
"FISCALÍA GENERAL DE LA NACIÓN - SECTOR CARIBE","2023-04-22","","20.82881944"
"FISCALÍA GENERAL DE LA NACIÓN - SECTOR CARIBE","2023-04-21","","21.63511111"
"FISCALÍA GENERAL DE LA NACIÓN - SECTOR CARIBE","2023-04-20","","21.66794445"
"FISCALÍA GENERAL DE LA NACIÓN - SECTOR CARIBE","2023-04-19","","23.36450694"
"FISCALÍA GENERAL DE LA NACIÓN - SECTOR CARIBE","2023-04-18","","21.65690278"
"FISCALÍA GENERAL DE LA NACIÓN - SECTOR CARIBE","2023-04-17","","21.25553472"
"FISCALÍA GENERAL DE LA NACIÓN - SECTOR CARIBE","2023-04-16","","20.79854167"
"FISCALÍA GENERAL DE LA NACIÓN - SECTOR CARIBE","2023-04-15","","22.62157639"
"FISCALÍA GENERAL DE LA NACIÓN - SECTOR CARIBE","2023-04-14","","22.47134028"
"FISCALÍA GENERAL DE LA NACIÓN - SECTOR CARIBE","2023-04-13","","23.02152778"
"FISCALÍA GENERAL DE LA NACIÓN - SECTOR CARIBE","2023-04-12","","23.06039583"
"FISCALÍA GENERAL DE LA NACIÓN - SECTOR CARIBE","2023-04-11","","22.71055556"
"FISCALÍA GENERAL DE LA NACIÓN - SECTOR CARIBE","2023-04-10","","23.24595833"
"FISCALÍA GENERAL DE LA NACIÓN - SECTOR CARIBE","2023-04-09","","23.23223611"
"FISCALÍA GENERAL DE LA NACIÓN - SECTOR CARIBE","2023-04-08","","22.18997222"
"FISCALÍA GENERAL DE LA NACIÓN - SECTOR CARIBE","2023-04-07","","21.69719445"
"FISCALÍA GENERAL DE LA NACIÓN - SECTOR CARIBE","2023-04-06","","22.41134028"
"FISCALÍA GENERAL DE LA NACIÓN - SECTOR CARIBE","2023-04-05","","23.10796528"
"FISCALÍA GENERAL DE LA NACIÓN - SECTOR CARIBE","2023-04-04","","22.27922917"
"FISCALÍA GENERAL DE LA NACIÓN - SECTOR CARIBE","2023-04-03","","23.83702083"
"FISCALÍA GENERAL DE LA NACIÓN - SECTOR CARIBE","2023-04-02","","21.43278472"
"FISCALÍA GENERAL DE LA NACIÓN - SECTOR CARIBE","2023-04-01","","23.32353472"
"FISCALÍA GENERAL DE LA NACIÓN - SECTOR CARIBE","2023-03-31","","22.32409028"
"FISCALÍA GENERAL DE LA NACIÓN - SECTOR CARIBE","2023-03-30","","22.75006532"
"FISCALÍA GENERAL DE LA NACIÓN - SECTOR CARIBE","2023-03-29","","21.38874306"
"FISCALÍA GENERAL DE LA NACIÓN - SECTOR CARIBE","2023-03-28","","21.56127778"
"FISCALÍA GENERAL DE LA NACIÓN - SECTOR CARIBE","2023-03-27","","21.36533333"
"FISCALÍA GENERAL DE LA NACIÓN - SECTOR CARIBE","2023-03-26","","21.94097917"
"FISCALÍA GENERAL DE LA NACIÓN - SECTOR CARIBE","2023-03-25","","21.26175695"
"FISCALÍA GENERAL DE LA NACIÓN - SECTOR CARIBE","2023-03-24","","21.97834722"
"FISCALÍA GENERAL DE LA NACIÓN - SECTOR CARIBE","2023-03-23","","22.52342361"
"FISCALÍA GENERAL DE LA NACIÓN - SECTOR CARIBE","2023-03-22","","21.79625695"
"FISCALÍA GENERAL DE LA NACIÓN - SECTOR CARIBE","2023-03-21","","22.48271528"
"FISCALÍA GENERAL DE LA NACIÓN - SECTOR CARIBE","2023-03-20","","22.38984028"
"FISCALÍA GENERAL DE LA NACIÓN - SECTOR CARIBE","2023-03-19","","21.47543056"
"FISCALÍA GENERAL DE LA NACIÓN - SECTOR CARIBE","2023-03-18","","20.89679861"
"FISCALÍA GENERAL DE LA NACIÓN - SECTOR CARIBE","2023-03-17","","21.36304861"
"FISCALÍA GENERAL DE LA NACIÓN - SECTOR CARIBE","2023-03-16","","21.20088194"
"FISCALÍA GENERAL DE LA NACIÓN - SECTOR CARIBE","2023-03-15","","20.26984722"
"FISCALÍA GENERAL DE LA NACIÓN - SECTOR CARIBE","2023-03-14","","20.87246528"
"FISCALÍA GENERAL DE LA NACIÓN - SECTOR CARIBE","2023-03-13","","19.85182492"
"FISCALÍA GENERAL DE LA NACIÓN - SECTOR CARIBE","2023-03-12","","19.82901268"
"FISCALÍA GENERAL DE LA NACIÓN - SECTOR CARIBE","2023-03-11","","20.06735417"
"FISCALÍA GENERAL DE LA NACIÓN - SECTOR CARIBE","2023-03-10","","21.23923611"
"FISCALÍA GENERAL DE LA NACIÓN - SECTOR CARIBE","2023-03-09","","19.47159848"
"FISCALÍA GENERAL DE LA NACIÓN - SECTOR CARIBE","2023-03-08","","19.89861594"
"FISCALÍA GENERAL DE LA NACIÓN - SECTOR CARIBE","2023-03-07","","21.18869444"
"FISCALÍA GENERAL DE LA NACIÓN - SECTOR CARIBE","2023-03-06","","21.88440278"
"FISCALÍA GENERAL DE LA NACIÓN - SECTOR CARIBE","2023-03-05","","21.71475"
"FISCALÍA GENERAL DE LA NACIÓN - SECTOR CARIBE","2023-03-04","","23.674125"
"FISCALÍA GENERAL DE LA NACIÓN - SECTOR CARIBE","2023-03-03","","24.486"
"FISCALÍA GENERAL DE LA NACIÓN - SECTOR CARIBE","2023-03-02","","24.04911111"
"FISCALÍA GENERAL DE LA NACIÓN - SECTOR CARIBE","2023-03-01","","24.15182639"
"FISCALÍA GENERAL DE LA NACIÓN - SECTOR CARIBE","2023-02-28","","24.76438194"
"FISCALÍA GENERAL DE LA NACIÓN - SECTOR CARIBE","2023-02-27","","23.69574306"
"FISCALÍA GENERAL DE LA NACIÓN - SECTOR CARIBE","2023-02-26","","22.45933333"
"FISCALÍA GENERAL DE LA NACIÓN - SECTOR CARIBE","2023-02-25","","22.68252083"
"FISCALÍA GENERAL DE LA NACIÓN - SECTOR CARIBE","2023-02-24","","23.06900694"
"FISCALÍA GENERAL DE LA NACIÓN - SECTOR CARIBE","2023-02-23","","22.39363194"
"FISCALÍA GENERAL DE LA NACIÓN - SECTOR CARIBE","2023-02-22","","21.11925"
"FISCALÍA GENERAL DE LA NACIÓN - SECTOR CARIBE","2023-02-21","","21.15617361"
"FISCALÍA GENERAL DE LA NACIÓN - SECTOR CARIBE","2023-02-20","","21.03372222"
"FISCALÍA GENERAL DE LA NACIÓN - SECTOR CARIBE","2023-02-19","","21.74033333"
"FISCALÍA GENERAL DE LA NACIÓN - SECTOR CARIBE","2023-02-18","","22.50286806"
"FISCALÍA GENERAL DE LA NACIÓN - SECTOR CARIBE","2023-02-17","","22.71747222"
"FISCALÍA GENERAL DE LA NACIÓN - SECTOR CARIBE","2023-02-16","","21.64397222"
"FISCALÍA GENERAL DE LA NACIÓN - SECTOR CARIBE","2023-02-15","","22.33860217"
"FISCALÍA GENERAL DE LA NACIÓN - SECTOR CARIBE","2023-02-14","","23.04819444"
"FISCALÍA GENERAL DE LA NACIÓN - SECTOR CARIBE","2023-02-13","","22.1673125"
"FISCALÍA GENERAL DE LA NACIÓN - SECTOR CARIBE","2023-02-12","","21.49630556"
"FISCALÍA GENERAL DE LA NACIÓN - SECTOR CARIBE","2023-02-11","","22.53210417"
"FISCALÍA GENERAL DE LA NACIÓN - SECTOR CARIBE","2023-02-10","","23.30532639"
"FISCALÍA GENERAL DE LA NACIÓN - SECTOR CARIBE","2023-02-09","","22.6250625"
"FISCALÍA GENERAL DE LA NACIÓN - SECTOR CARIBE","2023-02-08","","23.03176389"
"FISCALÍA GENERAL DE LA NACIÓN - SECTOR CARIBE","2023-02-07","","23.46859028"
"FISCALÍA GENERAL DE LA NACIÓN - SECTOR CARIBE","2023-02-06","","23.04889583"
"FISCALÍA GENERAL DE LA NACIÓN - SECTOR CARIBE","2023-02-05","","23.64245139"
"FISCALÍA GENERAL DE LA NACIÓN - SECTOR CARIBE","2023-02-04","","21.92500694"
"FISCALÍA GENERAL DE LA NACIÓN - SECTOR CARIBE","2023-02-03","","22.30383333"
"FISCALÍA GENERAL DE LA NACIÓN - SECTOR CARIBE","2023-02-02","","22.4645625"
"FISCALÍA GENERAL DE LA NACIÓN - SECTOR CARIBE","2023-02-01","","22.24480556"
"FISCALÍA GENERAL DE LA NACIÓN - SECTOR CARIBE","2023-01-31","","22.59049306"
"FISCALÍA GENERAL DE LA NACIÓN - SECTOR CARIBE","2023-01-30","","22.88372222"
"FISCALÍA GENERAL DE LA NACIÓN - SECTOR CARIBE","2023-01-29","","22.92617361"
"FISCALÍA GENERAL DE LA NACIÓN - SECTOR CARIBE","2023-01-28","","22.69934028"
"FISCALÍA GENERAL DE LA NACIÓN - SECTOR CARIBE","2023-01-27","","22.87070833"
"FISCALÍA GENERAL DE LA NACIÓN - SECTOR CARIBE","2023-01-26","","23.07971528"
"FISCALÍA GENERAL DE LA NACIÓN - SECTOR CARIBE","2023-01-25","","23.12346528"
"FISCALÍA GENERAL DE LA NACIÓN - SECTOR CARIBE","2023-01-24","","22.67604861"
"FISCALÍA GENERAL DE LA NACIÓN - SECTOR CARIBE","2023-01-23","","22.384625"
"FISCALÍA GENERAL DE LA NACIÓN - SECTOR CARIBE","2023-01-22","","21.13784028"
"FISCALÍA GENERAL DE LA NACIÓN - SECTOR CARIBE","2023-01-21","","22.37740278"
"FISCALÍA GENERAL DE LA NACIÓN - SECTOR CARIBE","2023-01-20","","21.78179167"
"FISCALÍA GENERAL DE LA NACIÓN - SECTOR CARIBE","2023-01-19","","21.85414583"
"FISCALÍA GENERAL DE LA NACIÓN - SECTOR CARIBE","2023-01-18","","20.12686806"
"FISCALÍA GENERAL DE LA NACIÓN - SECTOR CARIBE","2023-01-17","","21.13981015"
"FISCALÍA GENERAL DE LA NACIÓN - SECTOR CARIBE","2023-01-16","","22.02735417"
"FISCALÍA GENERAL DE LA NACIÓN - SECTOR CARIBE","2023-01-15","","21.38172917"
"FISCALÍA GENERAL DE LA NACIÓN - SECTOR CARIBE","2023-01-14","","20.46961806"
"FISCALÍA GENERAL DE LA NACIÓN - SECTOR CARIBE","2023-01-13","","21.16154861"
"FISCALÍA GENERAL DE LA NACIÓN - SECTOR CARIBE","2023-01-12","","21.34405555"
"FISCALÍA GENERAL DE LA NACIÓN - SECTOR CARIBE","2023-01-11","","20.32167361"
"FISCALÍA GENERAL DE LA NACIÓN - SECTOR CARIBE","2023-01-10","","19.66949306"
"FISCALÍA GENERAL DE LA NACIÓN - SECTOR CARIBE","2023-01-09","","20.52013889"
"FISCALÍA GENERAL DE LA NACIÓN - SECTOR CARIBE","2023-01-08","","20.15694445"
"FISCALÍA GENERAL DE LA NACIÓN - SECTOR CARIBE","2023-01-07","","21.10723611"
"FISCALÍA GENERAL DE LA NACIÓN - SECTOR CARIBE","2023-01-06","","21.62885417"
"FISCALÍA GENERAL DE LA NACIÓN - SECTOR CARIBE","2023-01-05","","21.51563889"
"FISCALÍA GENERAL DE LA NACIÓN - SECTOR CARIBE","2023-01-04","","21.28398611"
"FISCALÍA GENERAL DE LA NACIÓN - SECTOR CARIBE","2023-01-03","","18.85409028"
"FISCALÍA GENERAL DE LA NACIÓN - SECTOR CARIBE","2023-01-02","","21.41618056"
"FISCALÍA GENERAL DE LA NACIÓN - SECTOR CARIBE","2023-01-01","","21.47388194"
"FISCALÍA GENERAL DE LA NACIÓN - SECTOR CARIBE","2022-12-31","","22.45094928"
"FISCALÍA GENERAL DE LA NACIÓN - SECTOR CARIBE","2022-12-30","","21.91267361"
"FISCALÍA GENERAL DE LA NACIÓN - SECTOR CARIBE","2022-12-29","","21.97082639"
"FISCALÍA GENERAL DE LA NACIÓN - SECTOR CARIBE","2022-12-28","","21.67145833"
"FISCALÍA GENERAL DE LA NACIÓN - SECTOR CARIBE","2022-12-27","","20.89945139"
"FISCALÍA GENERAL DE LA NACIÓN - SECTOR CARIBE","2022-12-26","","21.58424306"
"FISCALÍA GENERAL DE LA NACIÓN - SECTOR CARIBE","2022-12-25","","22.2836875"
"FISCALÍA GENERAL DE LA NACIÓN - SECTOR CARIBE","2022-12-24","","22.51900694"
"FISCALÍA GENERAL DE LA NACIÓN - SECTOR CARIBE","2022-12-23","","23.27111806"
"FISCALÍA GENERAL DE LA NACIÓN - SECTOR CARIBE","2022-12-22","","23.32250694"
"FISCALÍA GENERAL DE LA NACIÓN - SECTOR CARIBE","2022-12-21","","22.76645045"
"FISCALÍA GENERAL DE LA NACIÓN - SECTOR CARIBE","2022-12-20","","23.1318125"
"FISCALÍA GENERAL DE LA NACIÓN - SECTOR CARIBE","2022-12-19","","21.93273611"
"FISCALÍA GENERAL DE LA NACIÓN - SECTOR CARIBE","2022-12-18","","21.59836111"
"FISCALÍA GENERAL DE LA NACIÓN - SECTOR CARIBE","2022-12-17","","21.70138889"
"FISCALÍA GENERAL DE LA NACIÓN - SECTOR CARIBE","2022-12-16","","23.09828472"
"FISCALÍA GENERAL DE LA NACIÓN - SECTOR CARIBE","2022-12-15","","22.97184028"
"FISCALÍA GENERAL DE LA NACIÓN - SECTOR CARIBE","2022-12-14","","22.50909722"
"FISCALÍA GENERAL DE LA NACIÓN - SECTOR CARIBE","2022-12-13","","21.26682639"
"FISCALÍA GENERAL DE LA NACIÓN - SECTOR CARIBE","2022-12-12","","21.40965278"
"FISCALÍA GENERAL DE LA NACIÓN - SECTOR CARIBE","2022-12-11","","22.11468056"
"FISCALÍA GENERAL DE LA NACIÓN - SECTOR CARIBE","2022-12-10","","21.06732639"
"FISCALÍA GENERAL DE LA NACIÓN - SECTOR CARIBE","2022-12-09","","21.28526389"
"FISCALÍA GENERAL DE LA NACIÓN - SECTOR CARIBE","2022-12-08","","20.719875"
"FISCALÍA GENERAL DE LA NACIÓN - SECTOR CARIBE","2022-12-07","","21.14969444"
"FISCALÍA GENERAL DE LA NACIÓN - SECTOR CARIBE","2022-12-06","","21.02038195"
"FISCALÍA GENERAL DE LA NACIÓN - SECTOR CARIBE","2022-12-05","","20.21353472"
"FISCALÍA GENERAL DE LA NACIÓN - SECTOR CARIBE","2022-12-04","","19.94184028"
"FISCALÍA GENERAL DE LA NACIÓN - SECTOR CARIBE","2022-12-03","","21.32942361"
"FISCALÍA GENERAL DE LA NACIÓN - SECTOR CARIBE","2022-12-02","","21.84802778"
"FISCALÍA GENERAL DE LA NACIÓN - SECTOR CARIBE","2022-12-01","","21.8975625"
"FISCALÍA GENERAL DE LA NACIÓN - SECTOR CARIBE","2022-11-30","","21.03710869"
"FISCALÍA GENERAL DE LA NACIÓN - SECTOR CARIBE","2022-11-29","","20.49524306"
"FISCALÍA GENERAL DE LA NACIÓN - SECTOR CARIBE","2022-11-28","","19.62013889"
"FISCALÍA GENERAL DE LA NACIÓN - SECTOR CARIBE","2022-11-27","","20.50334722"
"FISCALÍA GENERAL DE LA NACIÓN - SECTOR CARIBE","2022-11-26","","20.51475"
"FISCALÍA GENERAL DE LA NACIÓN - SECTOR CARIBE","2022-11-25","","21.818"
"FISCALÍA GENERAL DE LA NACIÓN - SECTOR CARIBE","2022-11-24","","20.40316667"
"FISCALÍA GENERAL DE LA NACIÓN - SECTOR CARIBE","2022-11-23","","20.64485417"
"FISCALÍA GENERAL DE LA NACIÓN - SECTOR CARIBE","2022-11-22","","21.42189583"
"FISCALÍA GENERAL DE LA NACIÓN - SECTOR CARIBE","2022-11-21","","21.27426389"
"FISCALÍA GENERAL DE LA NACIÓN - SECTOR CARIBE","2022-11-20","","20.79661806"
"FISCALÍA GENERAL DE LA NACIÓN - SECTOR CARIBE","2022-11-19","","21.47934722"
"FISCALÍA GENERAL DE LA NACIÓN - SECTOR CARIBE","2022-11-18","","19.57300694"
"FISCALÍA GENERAL DE LA NACIÓN - SECTOR CARIBE","2022-11-17","","22.18474306"
"FISCALÍA GENERAL DE LA NACIÓN - SECTOR CARIBE","2022-11-16","","22.42463194"
"FISCALÍA GENERAL DE LA NACIÓN - SECTOR CARIBE","2022-11-15","","21.84990972"
"FISCALÍA GENERAL DE LA NACIÓN - SECTOR CARIBE","2022-11-14","","21.08595833"
"FISCALÍA GENERAL DE LA NACIÓN - SECTOR CARIBE","2022-11-13","","21.05152083"
"FISCALÍA GENERAL DE LA NACIÓN - SECTOR CARIBE","2022-11-12","","20.26702083"
"FISCALÍA GENERAL DE LA NACIÓN - SECTOR CARIBE","2022-11-11","","20.90242361"
"FISCALÍA GENERAL DE LA NACIÓN - SECTOR CARIBE","2022-11-10","","20.11698611"
"FISCALÍA GENERAL DE LA NACIÓN - SECTOR CARIBE","2022-11-09","","20.63915278"
"FISCALÍA GENERAL DE LA NACIÓN - SECTOR CARIBE","2022-11-08","","20.49988194"
"FISCALÍA GENERAL DE LA NACIÓN - SECTOR CARIBE","2022-11-07","","21.59547222"
"FISCALÍA GENERAL DE LA NACIÓN - SECTOR CARIBE","2022-11-06","","21.03490972"
"FISCALÍA GENERAL DE LA NACIÓN - SECTOR CARIBE","2022-11-05","","21.44672222"
"FISCALÍA GENERAL DE LA NACIÓN - SECTOR CARIBE","2022-11-04","","21.38844444"
"FISCALÍA GENERAL DE LA NACIÓN - SECTOR CARIBE","2022-11-03","","21.48382639"
"FISCALÍA GENERAL DE LA NACIÓN - SECTOR CARIBE","2022-11-02","","22.94661806"
"FISCALÍA GENERAL DE LA NACIÓN - SECTOR CARIBE","2022-11-01","","22.60933333"
"FISCALÍA GENERAL DE LA NACIÓN - SECTOR CARIBE","2022-10-31","","21.57507639"
"FISCALÍA GENERAL DE LA NACIÓN - SECTOR CARIBE","2022-10-30","","21.61054861"
"FISCALÍA GENERAL DE LA NACIÓN - SECTOR CARIBE","2022-10-29","","21.32093056"
"FISCALÍA GENERAL DE LA NACIÓN - SECTOR CARIBE","2022-10-28","","19.49898611"
"FISCALÍA GENERAL DE LA NACIÓN - SECTOR CARIBE","2022-10-27","","21.40822336"
"FISCALÍA GENERAL DE LA NACIÓN - SECTOR CARIBE","2022-10-26","","20.77340972"
"FISCALÍA GENERAL DE LA NACIÓN - SECTOR CARIBE","2022-10-25","","22.09486806"
"FISCALÍA GENERAL DE LA NACIÓN - SECTOR CARIBE","2022-10-24","","20.27001389"
"FISCALÍA GENERAL DE LA NACIÓN - SECTOR CARIBE","2022-10-23","","20.58394444"
"FISCALÍA GENERAL DE LA NACIÓN - SECTOR CARIBE","2022-10-22","","21.42622917"
"FISCALÍA GENERAL DE LA NACIÓN - SECTOR CARIBE","2022-10-21","","21.38008333"
"FISCALÍA GENERAL DE LA NACIÓN - SECTOR CARIBE","2022-10-20","","20.22686806"
"FISCALÍA GENERAL DE LA NACIÓN - SECTOR CARIBE","2022-10-19","","20.60931944"
"FISCALÍA GENERAL DE LA NACIÓN - SECTOR CARIBE","2022-10-18","","21.40168056"
"FISCALÍA GENERAL DE LA NACIÓN - SECTOR CARIBE","2022-10-17","","21.64276389"
"FISCALÍA GENERAL DE LA NACIÓN - SECTOR CARIBE","2022-10-16","","22.62378472"
"FISCALÍA GENERAL DE LA NACIÓN - SECTOR CARIBE","2022-10-15","","21.71459722"
"FISCALÍA GENERAL DE LA NACIÓN - SECTOR CARIBE","2022-10-14","","21.40185417"
"FISCALÍA GENERAL DE LA NACIÓN - SECTOR CARIBE","2022-10-13","","20.81879861"
"FISCALÍA GENERAL DE LA NACIÓN - SECTOR CARIBE","2022-10-12","","21.4200811"
"FISCALÍA GENERAL DE LA NACIÓN - SECTOR CARIBE","2022-10-11","","23.06989583"
"FISCALÍA GENERAL DE LA NACIÓN - SECTOR CARIBE","2022-10-10","","22.57836111"
"FISCALÍA GENERAL DE LA NACIÓN - SECTOR CARIBE","2022-10-09","","20.41280556"
"FISCALÍA GENERAL DE LA NACIÓN - SECTOR CARIBE","2022-10-08","","20.83117361"
"FISCALÍA GENERAL DE LA NACIÓN - SECTOR CARIBE","2022-10-07","","21.218125"
"FISCALÍA GENERAL DE LA NACIÓN - SECTOR CARIBE","2022-10-06","","21.11279167"
"FISCALÍA GENERAL DE LA NACIÓN - SECTOR CARIBE","2022-10-05","","21.2084375"
"FISCALÍA GENERAL DE LA NACIÓN - SECTOR CARIBE","2022-10-04","","22.57656944"
"FISCALÍA GENERAL DE LA NACIÓN - SECTOR CARIBE","2022-10-03","","24.11676389"
"FISCALÍA GENERAL DE LA NACIÓN - SECTOR CARIBE","2022-10-02","","23.2826875"
"FISCALÍA GENERAL DE LA NACIÓN - SECTOR CARIBE","2022-10-01","","20.75829861"
"FISCALÍA GENERAL DE LA NACIÓN - SECTOR CARIBE","2022-09-30","","20.00870833"
"FISCALÍA GENERAL DE LA NACIÓN - SECTOR CARIBE","2022-09-29","","20.29765278"
"FISCALÍA GENERAL DE LA NACIÓN - SECTOR CARIBE","2022-09-28","","21.17433333"
"FISCALÍA GENERAL DE LA NACIÓN - SECTOR CARIBE","2022-09-27","","22.62924305"
"FISCALÍA GENERAL DE LA NACIÓN - SECTOR CARIBE","2022-09-26","","23.04635417"
"FISCALÍA GENERAL DE LA NACIÓN - SECTOR CARIBE","2022-09-25","","20.59033333"
"FISCALÍA GENERAL DE LA NACIÓN - SECTOR CARIBE","2022-09-24","","20.14804861"
"FISCALÍA GENERAL DE LA NACIÓN - SECTOR CARIBE","2022-09-23","","20.09205556"
"FISCALÍA GENERAL DE LA NACIÓN - SECTOR CARIBE","2022-09-22","","19.36113889"
"FISCALÍA GENERAL DE LA NACIÓN - SECTOR CARIBE","2022-09-21","","20.21285417"
"FISCALÍA GENERAL DE LA NACIÓN - SECTOR CARIBE","2022-09-20","","20.50544444"
"FISCALÍA GENERAL DE LA NACIÓN - SECTOR CARIBE","2022-09-19","","20.71040972"
"FISCALÍA GENERAL DE LA NACIÓN - SECTOR CARIBE","2022-09-18","","20.82910417"
"FISCALÍA GENERAL DE LA NACIÓN - SECTOR CARIBE","2022-09-17","","21.90890972"
"FISCALÍA GENERAL DE LA NACIÓN - SECTOR CARIBE","2022-09-16","","20.75222222"
"FISCALÍA GENERAL DE LA NACIÓN - SECTOR CARIBE","2022-09-15","","22.66720139"
"FISCALÍA GENERAL DE LA NACIÓN - SECTOR CARIBE","2022-09-14","","20.02238889"
"FISCALÍA GENERAL DE LA NACIÓN - SECTOR CARIBE","2022-09-13","","20.98902083"
"FISCALÍA GENERAL DE LA NACIÓN - SECTOR CARIBE","2022-09-12","","21.25452083"
"FISCALÍA GENERAL DE LA NACIÓN - SECTOR CARIBE","2022-09-11","","23.67911806"
"FISCALÍA GENERAL DE LA NACIÓN - SECTOR CARIBE","2022-09-10","","23.73188194"
"FISCALÍA GENERAL DE LA NACIÓN - SECTOR CARIBE","2022-09-09","","21.56343056"
"FISCALÍA GENERAL DE LA NACIÓN - SECTOR CARIBE","2022-09-08","","21.98109722"
"FISCALÍA GENERAL DE LA NACIÓN - SECTOR CARIBE","2022-09-07","","23.43091667"
"FISCALÍA GENERAL DE LA NACIÓN - SECTOR CARIBE","2022-09-06","","23.35438954"
"FISCALÍA GENERAL DE LA NACIÓN - SECTOR CARIBE","2022-09-05","","22.98571528"
"FISCALÍA GENERAL DE LA NACIÓN - SECTOR CARIBE","2022-09-04","","20.6766875"
"FISCALÍA GENERAL DE LA NACIÓN - SECTOR CARIBE","2022-09-03","","22.40414583"
"FISCALÍA GENERAL DE LA NACIÓN - SECTOR CARIBE","2022-09-02","","21.45915278"
"FISCALÍA GENERAL DE LA NACIÓN - SECTOR CARIBE","2022-09-01","","21.04664583"
"FISCALÍA GENERAL DE LA NACIÓN - SECTOR CARIBE","2022-08-31","","22.07293478"
"FISCALÍA GENERAL DE LA NACIÓN - SECTOR CARIBE","2022-08-30","","23.39348611"
"FISCALÍA GENERAL DE LA NACIÓN - SECTOR CARIBE","2022-08-29","","21.44997222"
"FISCALÍA GENERAL DE LA NACIÓN - SECTOR CARIBE","2022-08-28","","20.89414583"
"FISCALÍA GENERAL DE LA NACIÓN - SECTOR CARIBE","2022-08-27","","21.377125"
"FISCALÍA GENERAL DE LA NACIÓN - SECTOR CARIBE","2022-08-26","","22.410875"
"FISCALÍA GENERAL DE LA NACIÓN - SECTOR CARIBE","2022-08-25","","23.10390278"
"FISCALÍA GENERAL DE LA NACIÓN - SECTOR CARIBE","2022-08-24","","23.46176389"
"FISCALÍA GENERAL DE LA NACIÓN - SECTOR CARIBE","2022-08-23","","22.50115972"
"FISCALÍA GENERAL DE LA NACIÓN - SECTOR CARIBE","2022-08-22","","19.68775694"
"FISCALÍA GENERAL DE LA NACIÓN - SECTOR CARIBE","2022-08-21","","20.32115972"
"FISCALÍA GENERAL DE LA NACIÓN - SECTOR CARIBE","2022-08-20","","22.91738194"
"FISCALÍA GENERAL DE LA NACIÓN - SECTOR CARIBE","2022-08-19","","24.37268056"
"FISCALÍA GENERAL DE LA NACIÓN - SECTOR CARIBE","2022-08-18","","23.76761806"
"FISCALÍA GENERAL DE LA NACIÓN - SECTOR CARIBE","2022-08-17","","23.42622917"
"FISCALÍA GENERAL DE LA NACIÓN - SECTOR CARIBE","2022-08-16","","21.25608333"
"FISCALÍA GENERAL DE LA NACIÓN - SECTOR CARIBE","2022-08-15","","20.62582639"
"FISCALÍA GENERAL DE LA NACIÓN - SECTOR CARIBE","2022-08-14","","21.51173611"
"FISCALÍA GENERAL DE LA NACIÓN - SECTOR CARIBE","2022-08-13","","21.07227083"
"FISCALÍA GENERAL DE LA NACIÓN - SECTOR CARIBE","2022-08-12","","22.77058333"
"FISCALÍA GENERAL DE LA NACIÓN - SECTOR CARIBE","2022-08-11","","23.80970833"
"FISCALÍA GENERAL DE LA NACIÓN - SECTOR CARIBE","2022-08-10","","24.20077778"
"FISCALÍA GENERAL DE LA NACIÓN - SECTOR CARIBE","2022-08-09","","23.75634028"
"FISCALÍA GENERAL DE LA NACIÓN - SECTOR CARIBE","2022-08-08","","24.40358333"
"FISCALÍA GENERAL DE LA NACIÓN - SECTOR CARIBE","2022-08-07","","23.46941667"
"FISCALÍA GENERAL DE LA NACIÓN - SECTOR CARIBE","2022-08-06","","20.48279861"
"FISCALÍA GENERAL DE LA NACIÓN - SECTOR CARIBE","2022-08-05","","20.8266875"
"FISCALÍA GENERAL DE LA NACIÓN - SECTOR CARIBE","2022-08-04","","23.14648092"
"FISCALÍA GENERAL DE LA NACIÓN - SECTOR CARIBE","2022-08-03","","24.65110387"
"FISCALÍA GENERAL DE LA NACIÓN - SECTOR CARIBE","2022-07-29","","22.82736667"
"FISCALÍA GENERAL DE LA NACIÓN - SECTOR CARIBE","2022-07-28","","20.03957639"
"FISCALÍA GENERAL DE LA NACIÓN - SECTOR CARIBE","2022-07-27","","20.80385417"
"FISCALÍA GENERAL DE LA NACIÓN - SECTOR CARIBE","2022-07-26","","20.71477083"
"FISCALÍA GENERAL DE LA NACIÓN - SECTOR CARIBE","2022-07-25","","19.96211806"
"FISCALÍA GENERAL DE LA NACIÓN - SECTOR CARIBE","2022-07-24","","21.74263194"
"FISCALÍA GENERAL DE LA NACIÓN - SECTOR CARIBE","2022-07-23","","20.15753472"
"FISCALÍA GENERAL DE LA NACIÓN - SECTOR CARIBE","2022-07-22","","21.87113194"
"FISCALÍA GENERAL DE LA NACIÓN - SECTOR CARIBE","2022-07-21","","23.14310417"
"FISCALÍA GENERAL DE LA NACIÓN - SECTOR CARIBE","2022-07-20","","23.96445833"
"FISCALÍA GENERAL DE LA NACIÓN - SECTOR CARIBE","2022-07-19","","24.45083333"
"FISCALÍA GENERAL DE LA NACIÓN - SECTOR CARIBE","2022-07-18","","23.67647917"
"FISCALÍA GENERAL DE LA NACIÓN - SECTOR CARIBE","2022-07-17","","23.17495139"
"FISCALÍA GENERAL DE LA NACIÓN - SECTOR CARIBE","2022-07-16","","22.99301389"
"FISCALÍA GENERAL DE LA NACIÓN - SECTOR CARIBE","2022-07-15","","22.86785417"
"FISCALÍA GENERAL DE LA NACIÓN - SECTOR CARIBE","2022-07-14","","22.51254167"
"FISCALÍA GENERAL DE LA NACIÓN - SECTOR CARIBE","2022-07-13","","22.785"
"FISCALÍA GENERAL DE LA NACIÓN - SECTOR CARIBE","2022-07-12","","22.63590972"
"FISCALÍA GENERAL DE LA NACIÓN - SECTOR CARIBE","2022-07-11","","20.62261111"
"FISCALÍA GENERAL DE LA NACIÓN - SECTOR CARIBE","2022-07-10","","23.69538889"
"FISCALÍA GENERAL DE LA NACIÓN - SECTOR CARIBE","2022-07-09","","24.23275694"
"FISCALÍA GENERAL DE LA NACIÓN - SECTOR CARIBE","2022-07-08","","23.65081944"
"FISCALÍA GENERAL DE LA NACIÓN - SECTOR CARIBE","2022-07-07","","24.70238889"
"FISCALÍA GENERAL DE LA NACIÓN - SECTOR CARIBE","2022-07-06","","22.92603602"
"FISCALÍA GENERAL DE LA NACIÓN - SECTOR CARIBE","2022-07-05","","23.50640961"
"FISCALÍA GENERAL DE LA NACIÓN - SECTOR CARIBE","2022-07-04","","23.07343609"
"FISCALÍA GENERAL DE LA NACIÓN - SECTOR CARIBE","2022-07-03","","24.5217683"
"FISCALÍA GENERAL DE LA NACIÓN - SECTOR CARIBE","2022-07-02","","21.93614383"
"FISCALÍA GENERAL DE LA NACIÓN - SECTOR CARIBE","2022-07-01","","20.91022022"
"FISCALÍA GENERAL DE LA NACIÓN - SECTOR CARIBE","2022-06-30","","21.93197034"
"FISCALÍA GENERAL DE LA NACIÓN - SECTOR CARIBE","2022-06-29","","21.01597564"
"FISCALÍA GENERAL DE LA NACIÓN - SECTOR CARIBE","2022-06-28","","22.61973608"
"FISCALÍA GENERAL DE LA NACIÓN - SECTOR CARIBE","2022-06-24","","22.52823958"
"FISCALÍA GENERAL DE LA NACIÓN - SECTOR CARIBE","2022-06-23","","22.32328472"
"FISCALÍA GENERAL DE LA NACIÓN - SECTOR CARIBE","2022-06-22","","22.3004375"
"FISCALÍA GENERAL DE LA NACIÓN - SECTOR CARIBE","2022-06-21","","21.29908333"
"FISCALÍA GENERAL DE LA NACIÓN - SECTOR CARIBE","2022-06-20","","20.709875"
"FISCALÍA GENERAL DE LA NACIÓN - SECTOR CARIBE","2022-06-19","","20.4660625"
"FISCALÍA GENERAL DE LA NACIÓN - SECTOR CARIBE","2022-06-18","","20.33366667"
"FISCALÍA GENERAL DE LA NACIÓN - SECTOR CARIBE","2022-06-17","","19.59702778"
"FISCALÍA GENERAL DE LA NACIÓN - SECTOR CARIBE","2022-06-16","","21.15954167"
"FISCALÍA GENERAL DE LA NACIÓN - SECTOR CARIBE","2022-06-15","","20.33361806"
"FISCALÍA GENERAL DE LA NACIÓN - SECTOR CARIBE","2022-06-14","","20.20124306"
"FISCALÍA GENERAL DE LA NACIÓN - SECTOR CARIBE","2022-06-13","","22.17432639"
"FISCALÍA GENERAL DE LA NACIÓN - SECTOR CARIBE","2022-06-12","","21.00885417"
"FISCALÍA GENERAL DE LA NACIÓN - SECTOR CARIBE","2022-06-11","","20.35593056"
"FISCALÍA GENERAL DE LA NACIÓN - SECTOR CARIBE","2022-06-10","","21.62920833"
"FISCALÍA GENERAL DE LA NACIÓN - SECTOR CARIBE","2022-06-09","","20.62615278"
"FISCALÍA GENERAL DE LA NACIÓN - SECTOR CARIBE","2022-06-08","","20.31292361"
"FISCALÍA GENERAL DE LA NACIÓN - SECTOR CARIBE","2022-06-07","","18.98225694"
"FISCALÍA GENERAL DE LA NACIÓN - SECTOR CARIBE","2022-06-06","","20.20415972"
"FISCALÍA GENERAL DE LA NACIÓN - SECTOR CARIBE","2022-06-05","","20.0350625"
"FISCALÍA GENERAL DE LA NACIÓN - SECTOR CARIBE","2022-06-04","","19.96888889"
"FISCALÍA GENERAL DE LA NACIÓN - SECTOR CARIBE","2022-06-03","","20.09226389"
"FISCALÍA GENERAL DE LA NACIÓN - SECTOR CARIBE","2022-06-02","","20.06883333"
"FISCALÍA GENERAL DE LA NACIÓN - SECTOR CARIBE","2022-06-01","","20.87191667"
"FISCALÍA GENERAL DE LA NACIÓN - SECTOR CARIBE","2022-05-31","","20.70863768"
"FISCALÍA GENERAL DE LA NACIÓN - SECTOR CARIBE","2022-05-30","","21.85788194"
"FISCALÍA GENERAL DE LA NACIÓN - SECTOR CARIBE","2022-05-29","","21.64520139"
"FISCALÍA GENERAL DE LA NACIÓN - SECTOR CARIBE","2022-05-28","","23.04398611"
"FISCALÍA GENERAL DE LA NACIÓN - SECTOR CARIBE","2022-05-27","","23.17909722"
"FISCALÍA GENERAL DE LA NACIÓN - SECTOR CARIBE","2022-05-26","","22.5291875"
"FISCALÍA GENERAL DE LA NACIÓN - SECTOR CARIBE","2022-05-25","","22.43460417"
"FISCALÍA GENERAL DE LA NACIÓN - SECTOR CARIBE","2022-05-24","","22.0984375"
"FISCALÍA GENERAL DE LA NACIÓN - SECTOR CARIBE","2022-05-23","","22.47468056"
"FISCALÍA GENERAL DE LA NACIÓN - SECTOR CARIBE","2022-05-22","","21.55079861"
"FISCALÍA GENERAL DE LA NACIÓN - SECTOR CARIBE","2022-05-21","","20.79666667"
"FISCALÍA GENERAL DE LA NACIÓN - SECTOR CARIBE","2022-05-20","","21.53042361"
"FISCALÍA GENERAL DE LA NACIÓN - SECTOR CARIBE","2022-05-19","","21.55598611"
"FISCALÍA GENERAL DE LA NACIÓN - SECTOR CARIBE","2022-05-18","","21.17115972"
"FISCALÍA GENERAL DE LA NACIÓN - SECTOR CARIBE","2022-05-17","","21.46776389"
"FISCALÍA GENERAL DE LA NACIÓN - SECTOR CARIBE","2022-05-16","","22.58044444"
"FISCALÍA GENERAL DE LA NACIÓN - SECTOR CARIBE","2022-05-15","","23.82534722"
"FISCALÍA GENERAL DE LA NACIÓN - SECTOR CARIBE","2022-05-14","","22.76951389"
"FISCALÍA GENERAL DE LA NACIÓN - SECTOR CARIBE","2022-05-13","","23.05234722"
"FISCALÍA GENERAL DE LA NACIÓN - SECTOR CARIBE","2022-05-12","","22.34593056"
"FISCALÍA GENERAL DE LA NACIÓN - SECTOR CARIBE","2022-05-11","","20.96621528"
"FISCALÍA GENERAL DE LA NACIÓN - SECTOR CARIBE","2022-05-10","","21.40075694"
"FISCALÍA GENERAL DE LA NACIÓN - SECTOR CARIBE","2022-05-09","","21.75515278"
"FISCALÍA GENERAL DE LA NACIÓN - SECTOR CARIBE","2022-05-08","","21.58542361"
"FISCALÍA GENERAL DE LA NACIÓN - SECTOR CARIBE","2022-05-07","","19.75193056"
"FISCALÍA GENERAL DE LA NACIÓN - SECTOR CARIBE","2022-05-06","","20.10400695"
"FISCALÍA GENERAL DE LA NACIÓN - SECTOR CARIBE","2022-05-05","","21.91327778"
"FISCALÍA GENERAL DE LA NACIÓN - SECTOR CARIBE","2022-05-04","","24.51001389"
"FISCALÍA GENERAL DE LA NACIÓN - SECTOR CARIBE","2022-05-03","","24.72241667"
"FISCALÍA GENERAL DE LA NACIÓN - SECTOR CARIBE","2022-05-02","","23.59384028"
"FISCALÍA GENERAL DE LA NACIÓN - SECTOR CARIBE","2022-05-01","","24.36775695"
"FISCALÍA GENERAL DE LA NACIÓN - SECTOR CARIBE","2022-04-30","","22.59467391"
"FISCALÍA GENERAL DE LA NACIÓN - SECTOR CARIBE","2022-04-29","","22.91677083"
"FISCALÍA GENERAL DE LA NACIÓN - SECTOR CARIBE","2022-04-28","","21.22122222"
"FISCALÍA GENERAL DE LA NACIÓN - SECTOR CARIBE","2022-04-27","","20.91844445"
"FISCALÍA GENERAL DE LA NACIÓN - SECTOR CARIBE","2022-04-26","","20.60788889"
"FISCALÍA GENERAL DE LA NACIÓN - SECTOR CARIBE","2022-04-25","","20.42844445"
"FISCALÍA GENERAL DE LA NACIÓN - SECTOR CARIBE","2022-04-24","","21.46202083"
"FISCALÍA GENERAL DE LA NACIÓN - SECTOR CARIBE","2022-04-23","","21.57803472"
"FISCALÍA GENERAL DE LA NACIÓN - SECTOR CARIBE","2022-04-22","","20.45625"
"FISCALÍA GENERAL DE LA NACIÓN - SECTOR CARIBE","2022-04-21","","20.68707639"
"FISCALÍA GENERAL DE LA NACIÓN - SECTOR CARIBE","2022-04-20","","19.97352083"
"FISCALÍA GENERAL DE LA NACIÓN - SECTOR CARIBE","2022-04-19","","20.18406944"
"FISCALÍA GENERAL DE LA NACIÓN - SECTOR CARIBE","2022-04-18","","20.5295"
"FISCALÍA GENERAL DE LA NACIÓN - SECTOR CARIBE","2022-04-17","","21.76443056"
"FISCALÍA GENERAL DE LA NACIÓN - SECTOR CARIBE","2022-04-16","","22.30892361"
"FISCALÍA GENERAL DE LA NACIÓN - SECTOR CARIBE","2022-04-15","","23.94606944"
"FISCALÍA GENERAL DE LA NACIÓN - SECTOR CARIBE","2022-04-14","","23.54808333"
"FISCALÍA GENERAL DE LA NACIÓN - SECTOR CARIBE","2022-04-13","","23.62817361"
"FISCALÍA GENERAL DE LA NACIÓN - SECTOR CARIBE","2022-04-12","","24.05348611"
"FISCALÍA GENERAL DE LA NACIÓN - SECTOR CARIBE","2022-04-11","","23.48439583"
"FISCALÍA GENERAL DE LA NACIÓN - SECTOR CARIBE","2022-04-10","","22.35261806"
"FISCALÍA GENERAL DE LA NACIÓN - SECTOR CARIBE","2022-04-09","","22.73753472"
"FISCALÍA GENERAL DE LA NACIÓN - SECTOR CARIBE","2022-04-08","","21.49305556"
"FISCALÍA GENERAL DE LA NACIÓN - SECTOR CARIBE","2022-04-07","","20.98889583"
"FISCALÍA GENERAL DE LA NACIÓN - SECTOR CARIBE","2022-04-06","","22.39163195"
"FISCALÍA GENERAL DE LA NACIÓN - SECTOR CARIBE","2022-04-05","","21.73684722"
"FISCALÍA GENERAL DE LA NACIÓN - SECTOR CARIBE","2022-04-04","","21.24814583"
"FISCALÍA GENERAL DE LA NACIÓN - SECTOR CARIBE","2022-04-03","","21.87611111"
"FISCALÍA GENERAL DE LA NACIÓN - SECTOR CARIBE","2022-04-02","","22.8975"
"FISCALÍA GENERAL DE LA NACIÓN - SECTOR CARIBE","2022-04-01","","20.29354167"
"FISCALÍA GENERAL DE LA NACIÓN - SECTOR CARIBE","2022-03-31","","20.514"
"FISCALÍA GENERAL DE LA NACIÓN - SECTOR CARIBE","2022-03-30","","20.34570139"
"FISCALÍA GENERAL DE LA NACIÓN - SECTOR CARIBE","2022-03-29","","20.49127083"
"FISCALÍA GENERAL DE LA NACIÓN - SECTOR CARIBE","2022-03-28","","21.91580556"
"FISCALÍA GENERAL DE LA NACIÓN - SECTOR CARIBE","2022-03-27","","20.15719445"
"FISCALÍA GENERAL DE LA NACIÓN - SECTOR CARIBE","2022-03-26","","21.60547101"
"FISCALÍA GENERAL DE LA NACIÓN - SECTOR CARIBE","2022-03-25","","21.16938889"
"FISCALÍA GENERAL DE LA NACIÓN - SECTOR CARIBE","2022-03-24","","22.89990278"
"FISCALÍA GENERAL DE LA NACIÓN - SECTOR CARIBE","2022-03-23","","21.77184722"
"FISCALÍA GENERAL DE LA NACIÓN - SECTOR CARIBE","2022-03-22","","21.84118841"
"FISCALÍA GENERAL DE LA NACIÓN - SECTOR CARIBE","2022-03-21","","22.04148611"
"FISCALÍA GENERAL DE LA NACIÓN - SECTOR CARIBE","2022-03-20","","21.57575"
"FISCALÍA GENERAL DE LA NACIÓN - SECTOR CARIBE","2022-03-19","","22.8741875"
"FISCALÍA GENERAL DE LA NACIÓN - SECTOR CARIBE","2022-03-18","","22.07092361"
"FISCALÍA GENERAL DE LA NACIÓN - SECTOR CARIBE","2022-03-17","","21.02851268"
"FISCALÍA GENERAL DE LA NACIÓN - SECTOR CARIBE","2022-03-16","","20.89380438"
"FISCALÍA GENERAL DE LA NACIÓN - SECTOR CARIBE","2022-03-15","","21.48034224"
"FISCALÍA GENERAL DE LA NACIÓN - SECTOR CARIBE","2022-03-14","","21.7330515"
"FISCALÍA GENERAL DE LA NACIÓN - SECTOR CARIBE","2022-03-13","","22.64398863"
"FISCALÍA GENERAL DE LA NACIÓN - SECTOR CARIBE","2022-03-12","","21.56975"
"FISCALÍA GENERAL DE LA NACIÓN - SECTOR CARIBE","2022-03-11","","22.49986806"
"FISCALÍA GENERAL DE LA NACIÓN - SECTOR CARIBE","2022-03-10","","22.332125"
"FISCALÍA GENERAL DE LA NACIÓN - SECTOR CARIBE","2022-03-09","","21.48367361"
"FISCALÍA GENERAL DE LA NACIÓN - SECTOR CARIBE","2022-03-08","","21.38944444"
"FISCALÍA GENERAL DE LA NACIÓN - SECTOR CARIBE","2022-03-07","","21.03642361"
"FISCALÍA GENERAL DE LA NACIÓN - SECTOR CARIBE","2022-03-06","","18.96217361"
"FISCALÍA GENERAL DE LA NACIÓN - SECTOR CARIBE","2022-03-05","","19.92270833"
"FISCALÍA GENERAL DE LA NACIÓN - SECTOR CARIBE","2022-03-04","","21.31158333"
"FISCALÍA GENERAL DE LA NACIÓN - SECTOR CARIBE","2022-03-03","","22.06751389"
"FISCALÍA GENERAL DE LA NACIÓN - SECTOR CARIBE","2022-03-02","","20.08519445"
"FISCALÍA GENERAL DE LA NACIÓN - SECTOR CARIBE","2022-03-01","","21.64461806"
"FISCALÍA GENERAL DE LA NACIÓN - SECTOR CARIBE","2022-02-28","","20.00181159"
"FISCALÍA GENERAL DE LA NACIÓN - SECTOR CARIBE","2022-02-27","","20.85963195"
"FISCALÍA GENERAL DE LA NACIÓN - SECTOR CARIBE","2022-02-26","","21.3888125"
"FISCALÍA GENERAL DE LA NACIÓN - SECTOR CARIBE","2022-02-25","","22.87946528"
"FISCALÍA GENERAL DE LA NACIÓN - SECTOR CARIBE","2022-02-24","","22.38524306"
"FISCALÍA GENERAL DE LA NACIÓN - SECTOR CARIBE","2022-02-23","","22.03871528"
"FISCALÍA GENERAL DE LA NACIÓN - SECTOR CARIBE","2022-02-22","","21.62125"
"FISCALÍA GENERAL DE LA NACIÓN - SECTOR CARIBE","2022-02-21","","20.76816667"
"FISCALÍA GENERAL DE LA NACIÓN - SECTOR CARIBE","2022-02-20","","20.21917361"
"FISCALÍA GENERAL DE LA NACIÓN - SECTOR CARIBE","2022-02-19","","20.22528472"
"FISCALÍA GENERAL DE LA NACIÓN - SECTOR CARIBE","2022-02-18","","19.536625"
"FISCALÍA GENERAL DE LA NACIÓN - SECTOR CARIBE","2022-02-17","","22.98606944"
"FISCALÍA GENERAL DE LA NACIÓN - SECTOR CARIBE","2022-02-16","","22.43704861"
"FISCALÍA GENERAL DE LA NACIÓN - SECTOR CARIBE","2022-02-15","","21.91386111"
"FISCALÍA GENERAL DE LA NACIÓN - SECTOR CARIBE","2022-02-14","","21.092"
"FISCALÍA GENERAL DE LA NACIÓN - SECTOR CARIBE","2022-02-13","","21.36004167"
"FISCALÍA GENERAL DE LA NACIÓN - SECTOR CARIBE","2022-02-12","","22.93201389"
"FISCALÍA GENERAL DE LA NACIÓN - SECTOR CARIBE","2022-02-11","","22.63655556"
"FISCALÍA GENERAL DE LA NACIÓN - SECTOR CARIBE","2022-02-10","","21.66748611"
"FISCALÍA GENERAL DE LA NACIÓN - SECTOR CARIBE","2022-02-09","","19.73175694"
"FISCALÍA GENERAL DE LA NACIÓN - SECTOR CARIBE","2022-02-08","","19.69903472"
"FISCALÍA GENERAL DE LA NACIÓN - SECTOR CARIBE","2022-02-07","","20.41947917"
"FISCALÍA GENERAL DE LA NACIÓN - SECTOR CARIBE","2022-02-06","","20.13540278"
"FISCALÍA GENERAL DE LA NACIÓN - SECTOR CARIBE","2022-02-05","","20.68240278"
"FISCALÍA GENERAL DE LA NACIÓN - SECTOR CARIBE","2022-02-04","","21.21928472"
"FISCALÍA GENERAL DE LA NACIÓN - SECTOR CARIBE","2022-02-03","","22.93163195"
"FISCALÍA GENERAL DE LA NACIÓN - SECTOR CARIBE","2022-02-02","","22.41411111"
"FISCALÍA GENERAL DE LA NACIÓN - SECTOR CARIBE","2022-02-01","","21.75311111"
"FISCALÍA GENERAL DE LA NACIÓN - SECTOR CARIBE","2022-01-31","","21.49453623"
"FISCALÍA GENERAL DE LA NACIÓN - SECTOR CARIBE","2022-01-30","","21.42254767"
"FISCALÍA GENERAL DE LA NACIÓN - SECTOR CARIBE","2022-01-29","","21.75838889"
"FISCALÍA GENERAL DE LA NACIÓN - SECTOR CARIBE","2022-01-28","","22.52788889"
"FISCALÍA GENERAL DE LA NACIÓN - SECTOR CARIBE","2022-01-27","","21.82216667"
"FISCALÍA GENERAL DE LA NACIÓN - SECTOR CARIBE","2022-01-26","","21.92721528"
"FISCALÍA GENERAL DE LA NACIÓN - SECTOR CARIBE","2022-01-25","","21.7233125"
"FISCALÍA GENERAL DE LA NACIÓN - SECTOR CARIBE","2022-01-24","","22.77205556"
"FISCALÍA GENERAL DE LA NACIÓN - SECTOR CARIBE","2022-01-23","","22.93223611"
"FISCALÍA GENERAL DE LA NACIÓN - SECTOR CARIBE","2022-01-22","","22.45108333"
"FISCALÍA GENERAL DE LA NACIÓN - SECTOR CARIBE","2022-01-21","","23.30871528"
"FISCALÍA GENERAL DE LA NACIÓN - SECTOR CARIBE","2022-01-20","","23.85663889"
"FISCALÍA GENERAL DE LA NACIÓN - SECTOR CARIBE","2022-01-19","","23.26734028"
"FISCALÍA GENERAL DE LA NACIÓN - SECTOR CARIBE","2022-01-18","","21.14329861"
"FISCALÍA GENERAL DE LA NACIÓN - SECTOR CARIBE","2022-01-17","","21.98672917"
"FISCALÍA GENERAL DE LA NACIÓN - SECTOR CARIBE","2022-01-16","","22.60313194"
"FISCALÍA GENERAL DE LA NACIÓN - SECTOR CARIBE","2022-01-15","","21.68184722"
"FISCALÍA GENERAL DE LA NACIÓN - SECTOR CARIBE","2022-01-14","","20.6385625"
"FISCALÍA GENERAL DE LA NACIÓN - SECTOR CARIBE","2022-01-13","","21.23753472"
"FISCALÍA GENERAL DE LA NACIÓN - SECTOR CARIBE","2022-01-12","","21.303375"
"FISCALÍA GENERAL DE LA NACIÓN - SECTOR CARIBE","2022-01-11","","20.24952083"
"FISCALÍA GENERAL DE LA NACIÓN - SECTOR CARIBE","2022-01-10","","20.67784028"
"FISCALÍA GENERAL DE LA NACIÓN - SECTOR CARIBE","2022-01-09","","21.97778472"
"FISCALÍA GENERAL DE LA NACIÓN - SECTOR CARIBE","2022-01-08","","21.17520139"
"FISCALÍA GENERAL DE LA NACIÓN - SECTOR CARIBE","2022-01-07","","19.57220139"
"FISCALÍA GENERAL DE LA NACIÓN - SECTOR CARIBE","2022-01-06","","19.95985417"
"FISCALÍA GENERAL DE LA NACIÓN - SECTOR CARIBE","2022-01-05","","22.20790278"
"FISCALÍA GENERAL DE LA NACIÓN - SECTOR CARIBE","2022-01-04","","21.88426389"
"FISCALÍA GENERAL DE LA NACIÓN - SECTOR CARIBE","2022-01-03","","22.37458333"
"FISCALÍA GENERAL DE LA NACIÓN - SECTOR CARIBE","2022-01-02","","21.19769444"
"FISCALÍA GENERAL DE LA NACIÓN - SECTOR CARIBE","2022-01-01","","22.32818056"
"FISCALÍA GENERAL DE LA NACIÓN - SECTOR CARIBE","2021-12-31","","22.63405072"
"FISCALÍA GENERAL DE LA NACIÓN - SECTOR CARIBE","2021-12-30","","21.78179861"
"FISCALÍA GENERAL DE LA NACIÓN - SECTOR CARIBE","2021-12-29","","20.48108333"
"FISCALÍA GENERAL DE LA NACIÓN - SECTOR CARIBE","2021-12-28","","21.92720139"
"FISCALÍA GENERAL DE LA NACIÓN - SECTOR CARIBE","2021-12-27","","20.78406944"
"FISCALÍA GENERAL DE LA NACIÓN - SECTOR CARIBE","2021-12-26","","22.56090972"
"FISCALÍA GENERAL DE LA NACIÓN - SECTOR CARIBE","2021-12-25","","23.20966667"
"FISCALÍA GENERAL DE LA NACIÓN - SECTOR CARIBE","2021-12-24","","22.92344445"
"FISCALÍA GENERAL DE LA NACIÓN - SECTOR CARIBE","2021-12-23","","22.44109722"
"FISCALÍA GENERAL DE LA NACIÓN - SECTOR CARIBE","2021-12-22","","22.61111806"
"FISCALÍA GENERAL DE LA NACIÓN - SECTOR CARIBE","2021-12-21","","21.53009069"
"FISCALÍA GENERAL DE LA NACIÓN - SECTOR CARIBE","2021-12-20","","21.8333125"
"FISCALÍA GENERAL DE LA NACIÓN - SECTOR CARIBE","2021-12-19","","22.59961806"
"FISCALÍA GENERAL DE LA NACIÓN - SECTOR CARIBE","2021-12-18","","19.95470139"
"FISCALÍA GENERAL DE LA NACIÓN - SECTOR CARIBE","2021-12-17","","20.58052083"
"FISCALÍA GENERAL DE LA NACIÓN - SECTOR CARIBE","2021-12-16","","22.52200694"
"FISCALÍA GENERAL DE LA NACIÓN - SECTOR CARIBE","2021-12-15","","22.47852778"
"FISCALÍA GENERAL DE LA NACIÓN - SECTOR CARIBE","2021-12-14","","22.0840625"
"FISCALÍA GENERAL DE LA NACIÓN - SECTOR CARIBE","2021-12-13","","21.49810417"
"FISCALÍA GENERAL DE LA NACIÓN - SECTOR CARIBE","2021-12-12","","20.69028472"
"FISCALÍA GENERAL DE LA NACIÓN - SECTOR CARIBE","2021-12-11","","21.78325694"
"FISCALÍA GENERAL DE LA NACIÓN - SECTOR CARIBE","2021-12-10","","22.45492361"
"FISCALÍA GENERAL DE LA NACIÓN - SECTOR CARIBE","2021-12-09","","24.31064103"
"FISCALÍA GENERAL DE LA NACIÓN - SECTOR CARIBE","2021-12-08","","21.75623413"
"FISCALÍA GENERAL DE LA NACIÓN - SECTOR CARIBE","2021-12-07","","23.62566667"
"FISCALÍA GENERAL DE LA NACIÓN - SECTOR CARIBE","2021-12-06","","23.17983333"
"FISCALÍA GENERAL DE LA NACIÓN - SECTOR CARIBE","2021-12-05","","23.14803472"
"FISCALÍA GENERAL DE LA NACIÓN - SECTOR CARIBE","2021-12-04","","22.22632639"
"FISCALÍA GENERAL DE LA NACIÓN - SECTOR CARIBE","2021-12-03","","22.28438889"
"FISCALÍA GENERAL DE LA NACIÓN - SECTOR CARIBE","2021-12-02","","22.729875"
"FISCALÍA GENERAL DE LA NACIÓN - SECTOR CARIBE","2021-12-01","","21.0106875"
"FISCALÍA GENERAL DE LA NACIÓN - SECTOR CARIBE","2021-11-28","","18.80751852"
"FISCALÍA GENERAL DE LA NACIÓN - SECTOR CARIBE","2021-11-27","","21.97318056"
"FISCALÍA GENERAL DE LA NACIÓN - SECTOR CARIBE","2021-11-26","","19.71357639"
"FISCALÍA GENERAL DE LA NACIÓN - SECTOR CARIBE","2021-11-25","","19.99970139"
"FISCALÍA GENERAL DE LA NACIÓN - SECTOR CARIBE","2021-11-24","","20.44583224"
"FISCALÍA GENERAL DE LA NACIÓN - SECTOR CARIBE","2021-11-23","","19.50368182"
"FISCALÍA GENERAL DE LA NACIÓN - SECTOR CARIBE","2021-11-19","","21.35352405"
"FISCALÍA GENERAL DE LA NACIÓN - SECTOR CARIBE","2021-11-18","","23.67851852"
"FISCALÍA GENERAL DE LA NACIÓN - SECTOR CARIBE","2021-11-11","","17.91283908"
"FISCALÍA GENERAL DE LA NACIÓN - SECTOR CARIBE","2021-11-10","","20.29795139"
"FISCALÍA GENERAL DE LA NACIÓN - SECTOR CARIBE","2021-11-09","","20.2353125"
"FISCALÍA GENERAL DE LA NACIÓN - SECTOR CARIBE","2021-11-08","","21.52477778"
"FISCALÍA GENERAL DE LA NACIÓN - SECTOR CARIBE","2021-11-07","","22.66946528"
"FISCALÍA GENERAL DE LA NACIÓN - SECTOR CARIBE","2021-11-06","","22.57647917"
"FISCALÍA GENERAL DE LA NACIÓN - SECTOR CARIBE","2021-11-05","","22.17623611"
"FISCALÍA GENERAL DE LA NACIÓN - SECTOR CARIBE","2021-11-04","","21.10039583"
"FISCALÍA GENERAL DE LA NACIÓN - SECTOR CARIBE","2021-11-03","","21.27549239"
"FISCALÍA GENERAL DE LA NACIÓN - SECTOR CARIBE","2021-11-02","","20.80777478"
"FISCALÍA GENERAL DE LA NACIÓN - SECTOR CARIBE","2021-11-01","","20.87429167"
"FISCALÍA GENERAL DE LA NACIÓN - SECTOR CARIBE","2021-10-31","","19.73572464"
"FISCALÍA GENERAL DE LA NACIÓN - SECTOR CARIBE","2021-10-30","","20.82727083"
"FISCALÍA GENERAL DE LA NACIÓN - SECTOR CARIBE","2021-10-29","","20.45453472"
"FISCALÍA GENERAL DE LA NACIÓN - SECTOR CARIBE","2021-10-28","","20.96974306"
"FISCALÍA GENERAL DE LA NACIÓN - SECTOR CARIBE","2021-10-27","","19.97546528"
"FISCALÍA GENERAL DE LA NACIÓN - SECTOR CARIBE","2021-10-26","","21.426125"
"FISCALÍA GENERAL DE LA NACIÓN - SECTOR CARIBE","2021-10-25","","22.681125"
"FISCALÍA GENERAL DE LA NACIÓN - SECTOR CARIBE","2021-10-24","","21.82841667"
"FISCALÍA GENERAL DE LA NACIÓN - SECTOR CARIBE","2021-10-23","","20.54688889"
"FISCALÍA GENERAL DE LA NACIÓN - SECTOR CARIBE","2021-10-22","","20.76319444"
"FISCALÍA GENERAL DE LA NACIÓN - SECTOR CARIBE","2021-10-21","","21.60558333"
"FISCALÍA GENERAL DE LA NACIÓN - SECTOR CARIBE","2021-10-20","","22.17588889"
"FISCALÍA GENERAL DE LA NACIÓN - SECTOR CARIBE","2021-10-19","","23.01725694"
"FISCALÍA GENERAL DE LA NACIÓN - SECTOR CARIBE","2021-10-18","","22.52679167"
"FISCALÍA GENERAL DE LA NACIÓN - SECTOR CARIBE","2021-10-17","","20.24428472"
"FISCALÍA GENERAL DE LA NACIÓN - SECTOR CARIBE","2021-10-16","","20.99961806"
"FISCALÍA GENERAL DE LA NACIÓN - SECTOR CARIBE","2021-10-15","","22.00961806"
"FISCALÍA GENERAL DE LA NACIÓN - SECTOR CARIBE","2021-10-14","","22.00018056"
"FISCALÍA GENERAL DE LA NACIÓN - SECTOR CARIBE","2021-10-13","","21.882875"
"FISCALÍA GENERAL DE LA NACIÓN - SECTOR CARIBE","2021-10-12","","22.81774306"
"FISCALÍA GENERAL DE LA NACIÓN - SECTOR CARIBE","2021-10-11","","22.09927778"
"FISCALÍA GENERAL DE LA NACIÓN - SECTOR CARIBE","2021-10-10","","21.26232639"
"FISCALÍA GENERAL DE LA NACIÓN - SECTOR CARIBE","2021-10-09","","21.92900694"
"FISCALÍA GENERAL DE LA NACIÓN - SECTOR CARIBE","2021-10-08","","22.86372222"
"FISCALÍA GENERAL DE LA NACIÓN - SECTOR CARIBE","2021-10-07","","23.19338889"
"FISCALÍA GENERAL DE LA NACIÓN - SECTOR CARIBE","2021-10-06","","22.99341667"
"FISCALÍA GENERAL DE LA NACIÓN - SECTOR CARIBE","2021-10-05","","22.37622222"
"FISCALÍA GENERAL DE LA NACIÓN - SECTOR CARIBE","2021-10-04","","23.36484722"
"FISCALÍA GENERAL DE LA NACIÓN - SECTOR CARIBE","2021-10-03","","23.02892361"
"FISCALÍA GENERAL DE LA NACIÓN - SECTOR CARIBE","2021-10-02","","22.16770139"
"FISCALÍA GENERAL DE LA NACIÓN - SECTOR CARIBE","2021-10-01","","20.91039583"
"FISCALÍA GENERAL DE LA NACIÓN - SECTOR CARIBE","2021-09-30","","21.36381884"
"FISCALÍA GENERAL DE LA NACIÓN - SECTOR CARIBE","2021-09-29","","20.39690278"
"FISCALÍA GENERAL DE LA NACIÓN - SECTOR CARIBE","2021-09-28","","20.29810417"
"FISCALÍA GENERAL DE LA NACIÓN - SECTOR CARIBE","2021-09-27","","23.83509722"
"FISCALÍA GENERAL DE LA NACIÓN - SECTOR CARIBE","2021-09-26","","23.87778472"
"FISCALÍA GENERAL DE LA NACIÓN - SECTOR CARIBE","2021-09-25","","23.91870833"
"FISCALÍA GENERAL DE LA NACIÓN - SECTOR CARIBE","2021-09-24","","22.21172222"
"FISCALÍA GENERAL DE LA NACIÓN - SECTOR CARIBE","2021-09-23","","19.78455555"
"FISCALÍA GENERAL DE LA NACIÓN - SECTOR CARIBE","2021-09-22","","21.27840972"
"FISCALÍA GENERAL DE LA NACIÓN - SECTOR CARIBE","2021-09-21","","21.37468056"
"FISCALÍA GENERAL DE LA NACIÓN - SECTOR CARIBE","2021-09-20","","22.99890972"
"FISCALÍA GENERAL DE LA NACIÓN - SECTOR CARIBE","2021-09-19","","21.84573611"
"FISCALÍA GENERAL DE LA NACIÓN - SECTOR CARIBE","2021-09-18","","24.27952778"
"FISCALÍA GENERAL DE LA NACIÓN - SECTOR CARIBE","2021-09-17","","23.88788889"
"FISCALÍA GENERAL DE LA NACIÓN - SECTOR CARIBE","2021-09-16","","23.87070139"
"FISCALÍA GENERAL DE LA NACIÓN - SECTOR CARIBE","2021-09-15","","22.61759722"
"FISCALÍA GENERAL DE LA NACIÓN - SECTOR CARIBE","2021-09-14","","22.63846528"
"FISCALÍA GENERAL DE LA NACIÓN - SECTOR CARIBE","2021-09-13","","23.07739583"
"FISCALÍA GENERAL DE LA NACIÓN - SECTOR CARIBE","2021-09-12","","22.05523611"
"FISCALÍA GENERAL DE LA NACIÓN - SECTOR CARIBE","2021-09-11","","21.55175"
"FISCALÍA GENERAL DE LA NACIÓN - SECTOR CARIBE","2021-09-10","","23.07257639"
"FISCALÍA GENERAL DE LA NACIÓN - SECTOR CARIBE","2021-09-09","","22.60369444"
"FISCALÍA GENERAL DE LA NACIÓN - SECTOR CARIBE","2021-09-08","","19.56104861"
"FISCALÍA GENERAL DE LA NACIÓN - SECTOR CARIBE","2021-09-07","","20.22033333"
"FISCALÍA GENERAL DE LA NACIÓN - SECTOR CARIBE","2021-09-06","","20.12675694"
"FISCALÍA GENERAL DE LA NACIÓN - SECTOR CARIBE","2021-09-05","","20.72117361"
"FISCALÍA GENERAL DE LA NACIÓN - SECTOR CARIBE","2021-09-04","","22.41425694"
"FISCALÍA GENERAL DE LA NACIÓN - SECTOR CARIBE","2021-09-03","","23.45786806"
"FISCALÍA GENERAL DE LA NACIÓN - SECTOR CARIBE","2021-09-02","","23.23031944"
"FISCALÍA GENERAL DE LA NACIÓN - SECTOR CARIBE","2021-09-01","","21.04359546"
"FISCALÍA GENERAL DE LA NACIÓN - SECTOR CARIBE","2021-08-31","","19.85399275"
"FISCALÍA GENERAL DE LA NACIÓN - SECTOR CARIBE","2021-08-30","","20.57113889"
"FISCALÍA GENERAL DE LA NACIÓN - SECTOR CARIBE","2021-08-29","","22.54304167"
"FISCALÍA GENERAL DE LA NACIÓN - SECTOR CARIBE","2021-08-28","","21.98425"
"FISCALÍA GENERAL DE LA NACIÓN - SECTOR CARIBE","2021-08-27","","22.5228125"
"FISCALÍA GENERAL DE LA NACIÓN - SECTOR CARIBE","2021-08-26","","21.37359722"
"FISCALÍA GENERAL DE LA NACIÓN - SECTOR CARIBE","2021-08-25","","20.10524306"
"FISCALÍA GENERAL DE LA NACIÓN - SECTOR CARIBE","2021-08-24","","21.37508333"
"FISCALÍA GENERAL DE LA NACIÓN - SECTOR CARIBE","2021-08-23","","21.81880556"
"FISCALÍA GENERAL DE LA NACIÓN - SECTOR CARIBE","2021-08-22","","23.54383971"
"FISCALÍA GENERAL DE LA NACIÓN - SECTOR CARIBE","2021-08-21","","22.04738194"
"FISCALÍA GENERAL DE LA NACIÓN - SECTOR CARIBE","2021-08-20","","20.14826389"
"FISCALÍA GENERAL DE LA NACIÓN - SECTOR CARIBE","2021-08-19","","21.01455556"
"FISCALÍA GENERAL DE LA NACIÓN - SECTOR CARIBE","2021-08-18","","21.90505556"
"FISCALÍA GENERAL DE LA NACIÓN - SECTOR CARIBE","2021-08-17","","21.32319444"
"FISCALÍA GENERAL DE LA NACIÓN - SECTOR CARIBE","2021-08-16","","19.72377083"
"FISCALÍA GENERAL DE LA NACIÓN - SECTOR CARIBE","2021-08-15","","20.32725"
"FISCALÍA GENERAL DE LA NACIÓN - SECTOR CARIBE","2021-08-14","","20.15060417"
"FISCALÍA GENERAL DE LA NACIÓN - SECTOR CARIBE","2021-08-13","","21.56672917"
"FISCALÍA GENERAL DE LA NACIÓN - SECTOR CARIBE","2021-08-12","","21.15429167"
"FISCALÍA GENERAL DE LA NACIÓN - SECTOR CARIBE","2021-08-11","","22.58720833"
"FISCALÍA GENERAL DE LA NACIÓN - SECTOR CARIBE","2021-08-10","","22.19595833"
"FISCALÍA GENERAL DE LA NACIÓN - SECTOR CARIBE","2021-08-09","","23.92954167"
"FISCALÍA GENERAL DE LA NACIÓN - SECTOR CARIBE","2021-08-08","","22.83035464"
"FISCALÍA GENERAL DE LA NACIÓN - SECTOR CARIBE","2021-08-07","","23.15276343"
"FISCALÍA GENERAL DE LA NACIÓN - SECTOR CARIBE","2021-08-06","","23.90227083"
"FISCALÍA GENERAL DE LA NACIÓN - SECTOR CARIBE","2021-08-05","","23.86969444"
"FISCALÍA GENERAL DE LA NACIÓN - SECTOR CARIBE","2021-08-04","","23.4390625"
"FISCALÍA GENERAL DE LA NACIÓN - SECTOR CARIBE","2021-08-03","","22.4784375"
"FISCALÍA GENERAL DE LA NACIÓN - SECTOR CARIBE","2021-08-02","","24.27136111"
"FISCALÍA GENERAL DE LA NACIÓN - SECTOR CARIBE","2021-08-01","","24.44000694"
"FISCALÍA GENERAL DE LA NACIÓN - SECTOR CARIBE","2021-07-31","","24.55486355"
"FISCALÍA GENERAL DE LA NACIÓN - SECTOR CARIBE","2021-07-30","","23.48428931"
"FISCALÍA GENERAL DE LA NACIÓN - SECTOR CARIBE","2021-07-29","","21.64239583"
"FISCALÍA GENERAL DE LA NACIÓN - SECTOR CARIBE","2021-07-28","","22.65938194"
"FISCALÍA GENERAL DE LA NACIÓN - SECTOR CARIBE","2021-07-27","","19.94275694"
"FISCALÍA GENERAL DE LA NACIÓN - SECTOR CARIBE","2021-07-26","","21.90470833"
"FISCALÍA GENERAL DE LA NACIÓN - SECTOR CARIBE","2021-07-25","","19.77370833"
"FISCALÍA GENERAL DE LA NACIÓN - SECTOR CARIBE","2021-07-24","","21.58391667"
"FISCALÍA GENERAL DE LA NACIÓN - SECTOR CARIBE","2021-07-23","","24.64302083"
"FISCALÍA GENERAL DE LA NACIÓN - SECTOR CARIBE","2021-07-22","","24.23940972"
"FISCALÍA GENERAL DE LA NACIÓN - SECTOR CARIBE","2021-07-21","","24.28928413"
"FISCALÍA GENERAL DE LA NACIÓN - SECTOR CARIBE","2021-07-20","","24.23508016"
"FISCALÍA GENERAL DE LA NACIÓN - SECTOR CARIBE","2021-07-19","","24.34935181"
"FISCALÍA GENERAL DE LA NACIÓN - SECTOR CARIBE","2021-07-18","","22.74666172"
"FISCALÍA GENERAL DE LA NACIÓN - SECTOR CARIBE","2021-07-17","","22.47469233"
"FISCALÍA GENERAL DE LA NACIÓN - SECTOR CARIBE","2021-07-16","","22.29392338"
"FISCALÍA GENERAL DE LA NACIÓN - SECTOR CARIBE","2021-07-15","","23.98606956"
"FISCALÍA GENERAL DE LA NACIÓN - SECTOR CARIBE","2021-07-14","","23.46864854"
"FISCALÍA GENERAL DE LA NACIÓN - SECTOR CARIBE","2021-07-13","","22.81991608"
"FISCALÍA GENERAL DE LA NACIÓN - SECTOR CARIBE","2021-07-12","","23.52264735"
"FISCALÍA GENERAL DE LA NACIÓN - SECTOR CARIBE","2021-07-11","","22.10465078"
"FISCALÍA GENERAL DE LA NACIÓN - SECTOR CARIBE","2021-07-10","","21.76467314"
"FISCALÍA GENERAL DE LA NACIÓN - SECTOR CARIBE","2021-07-09","","22.49021481"
"FISCALÍA GENERAL DE LA NACIÓN - SECTOR CARIBE","2021-07-08","","23.77506356"
"FISCALÍA GENERAL DE LA NACIÓN - SECTOR CARIBE","2021-07-07","","24.36152378"
"FISCALÍA GENERAL DE LA NACIÓN - SECTOR CARIBE","2021-07-06","","23.54837618"
"FISCALÍA GENERAL DE LA NACIÓN - SECTOR CARIBE","2021-07-05","","22.74404415"
"FISCALÍA GENERAL DE LA NACIÓN - SECTOR CARIBE","2021-07-04","","23.38161893"
"FISCALÍA GENERAL DE LA NACIÓN - SECTOR CARIBE","2021-07-03","","23.49975753"
"FISCALÍA GENERAL DE LA NACIÓN - SECTOR CARIBE","2021-07-02","","22.67460417"
"FISCALÍA GENERAL DE LA NACIÓN - SECTOR CARIBE","2021-07-01","","21.87815278"
"FISCALÍA GENERAL DE LA NACIÓN - SECTOR CARIBE","2021-06-30","","23.24951449"
"FISCALÍA GENERAL DE LA NACIÓN - SECTOR CARIBE","2021-06-29","","23.06534028"
"FISCALÍA GENERAL DE LA NACIÓN - SECTOR CARIBE","2021-06-28","","21.93363194"
"FISCALÍA GENERAL DE LA NACIÓN - SECTOR CARIBE","2021-06-27","","20.75298611"
"FISCALÍA GENERAL DE LA NACIÓN - SECTOR CARIBE","2021-06-26","","20.69203472"
"FISCALÍA GENERAL DE LA NACIÓN - SECTOR CARIBE","2021-06-25","","20.9624375"
"FISCALÍA GENERAL DE LA NACIÓN - SECTOR CARIBE","2021-06-24","","20.35775694"
"FISCALÍA GENERAL DE LA NACIÓN - SECTOR CARIBE","2021-06-23","","21.552375"
"FISCALÍA GENERAL DE LA NACIÓN - SECTOR CARIBE","2021-06-22","","20.26521528"
"FISCALÍA GENERAL DE LA NACIÓN - SECTOR CARIBE","2021-06-21","","21.84347917"
"FISCALÍA GENERAL DE LA NACIÓN - SECTOR CARIBE","2021-06-20","","21.83905556"
"FISCALÍA GENERAL DE LA NACIÓN - SECTOR CARIBE","2021-06-19","","22.62343056"
"FISCALÍA GENERAL DE LA NACIÓN - SECTOR CARIBE","2021-06-18","","23.05963889"
"FISCALÍA GENERAL DE LA NACIÓN - SECTOR CARIBE","2021-06-17","","23.23902778"
"FISCALÍA GENERAL DE LA NACIÓN - SECTOR CARIBE","2021-06-16","","22.32185417"
"FISCALÍA GENERAL DE LA NACIÓN - SECTOR CARIBE","2021-06-15","","21.40848611"
"FISCALÍA GENERAL DE LA NACIÓN - SECTOR CARIBE","2021-06-14","","20.52152778"
"FISCALÍA GENERAL DE LA NACIÓN - SECTOR CARIBE","2021-06-13","","20.97579861"
"FISCALÍA GENERAL DE LA NACIÓN - SECTOR CARIBE","2021-06-12","","20.59611806"
"FISCALÍA GENERAL DE LA NACIÓN - SECTOR CARIBE","2021-06-11","","21.76201389"
"FISCALÍA GENERAL DE LA NACIÓN - SECTOR CARIBE","2021-06-10","","21.91799306"
"FISCALÍA GENERAL DE LA NACIÓN - SECTOR CARIBE","2021-06-09","","20.12157639"
"FISCALÍA GENERAL DE LA NACIÓN - SECTOR CARIBE","2021-06-08","","19.66520139"
"FISCALÍA GENERAL DE LA NACIÓN - SECTOR CARIBE","2021-06-07","","21.13616667"
"FISCALÍA GENERAL DE LA NACIÓN - SECTOR CARIBE","2021-06-06","","22.05527083"
"FISCALÍA GENERAL DE LA NACIÓN - SECTOR CARIBE","2021-06-05","","23.18304861"
"FISCALÍA GENERAL DE LA NACIÓN - SECTOR CARIBE","2021-06-04","","22.93166667"
"FISCALÍA GENERAL DE LA NACIÓN - SECTOR CARIBE","2021-06-03","","23.01184028"
"FISCALÍA GENERAL DE LA NACIÓN - SECTOR CARIBE","2021-06-02","","21.88797222"
"FISCALÍA GENERAL DE LA NACIÓN - SECTOR CARIBE","2021-06-01","","20.270125"
"FISCALÍA GENERAL DE LA NACIÓN - SECTOR CARIBE","2021-05-31","","22.13342754"
"FISCALÍA GENERAL DE LA NACIÓN - SECTOR CARIBE","2021-05-30","","21.58984722"
"FISCALÍA GENERAL DE LA NACIÓN - SECTOR CARIBE","2021-05-29","","20.84004167"
"FISCALÍA GENERAL DE LA NACIÓN - SECTOR CARIBE","2021-05-28","","21.39318056"
"FISCALÍA GENERAL DE LA NACIÓN - SECTOR CARIBE","2021-05-27","","21.37788889"
"FISCALÍA GENERAL DE LA NACIÓN - SECTOR CARIBE","2021-05-26","","22.26248611"
"FISCALÍA GENERAL DE LA NACIÓN - SECTOR CARIBE","2021-05-25","","23.3119058"
"FISCALÍA GENERAL DE LA NACIÓN - SECTOR CARIBE","2021-05-24","","23.04550694"
"FISCALÍA GENERAL DE LA NACIÓN - SECTOR CARIBE","2021-05-23","","23.10583333"
"FISCALÍA GENERAL DE LA NACIÓN - SECTOR CARIBE","2021-05-22","","23.15651389"
"FISCALÍA GENERAL DE LA NACIÓN - SECTOR CARIBE","2021-05-21","","23.31734722"
"FISCALÍA GENERAL DE LA NACIÓN - SECTOR CARIBE","2021-05-20","","24.21576812"
"FISCALÍA GENERAL DE LA NACIÓN - SECTOR CARIBE","2021-05-19","","22.98705238"
"FISCALÍA GENERAL DE LA NACIÓN - SECTOR CARIBE","2021-05-18","","20.04747222"
"FISCALÍA GENERAL DE LA NACIÓN - SECTOR CARIBE","2021-05-17","","21.10544444"
"FISCALÍA GENERAL DE LA NACIÓN - SECTOR CARIBE","2021-05-16","","22.12886806"
"FISCALÍA GENERAL DE LA NACIÓN - SECTOR CARIBE","2021-05-15","","23.32494928"
"FISCALÍA GENERAL DE LA NACIÓN - SECTOR CARIBE","2021-05-14","","24.01466667"
"FISCALÍA GENERAL DE LA NACIÓN - SECTOR CARIBE","2021-05-13","","23.86123611"
"FISCALÍA GENERAL DE LA NACIÓN - SECTOR CARIBE","2021-05-12","","24.38899306"
"FISCALÍA GENERAL DE LA NACIÓN - SECTOR CARIBE","2021-05-11","","23.65017361"
"FISCALÍA GENERAL DE LA NACIÓN - SECTOR CARIBE","2021-05-10","","21.76153623"
"FISCALÍA GENERAL DE LA NACIÓN - SECTOR CARIBE","2021-05-09","","21.40238194"
"FISCALÍA GENERAL DE LA NACIÓN - SECTOR CARIBE","2021-05-08","","20.51054167"
"FISCALÍA GENERAL DE LA NACIÓN - SECTOR CARIBE","2021-05-07","","21.73400694"
"FISCALÍA GENERAL DE LA NACIÓN - SECTOR CARIBE","2021-05-06","","20.77666667"
"FISCALÍA GENERAL DE LA NACIÓN - SECTOR CARIBE","2021-05-05","","21.09072464"
"FISCALÍA GENERAL DE LA NACIÓN - SECTOR CARIBE","2021-05-04","","20.61609722"
"FISCALÍA GENERAL DE LA NACIÓN - SECTOR CARIBE","2021-05-03","","19.66627778"
"FISCALÍA GENERAL DE LA NACIÓN - SECTOR CARIBE","2021-05-02","","20.15875695"
"FISCALÍA GENERAL DE LA NACIÓN - SECTOR CARIBE","2021-05-01","","20.2158125"
"FISCALÍA GENERAL DE LA NACIÓN - SECTOR CARIBE","2021-04-30","","19.321125"
"FISCALÍA GENERAL DE LA NACIÓN - SECTOR CARIBE","2021-04-29","","20.46420139"
"FISCALÍA GENERAL DE LA NACIÓN - SECTOR CARIBE","2021-04-28","","20.73878472"
"FISCALÍA GENERAL DE LA NACIÓN - SECTOR CARIBE","2021-04-27","","20.64160417"
"FISCALÍA GENERAL DE LA NACIÓN - SECTOR CARIBE","2021-04-26","","22.53830556"
"FISCALÍA GENERAL DE LA NACIÓN - SECTOR CARIBE","2021-04-25","","23.60085417"
"FISCALÍA GENERAL DE LA NACIÓN - SECTOR CARIBE","2021-04-24","","22.41605556"
"FISCALÍA GENERAL DE LA NACIÓN - SECTOR CARIBE","2021-04-23","","21.83452083"
"FISCALÍA GENERAL DE LA NACIÓN - SECTOR CARIBE","2021-04-22","","23.81017361"
"FISCALÍA GENERAL DE LA NACIÓN - SECTOR CARIBE","2021-04-21","","23.01290278"
"FISCALÍA GENERAL DE LA NACIÓN - SECTOR CARIBE","2021-04-20","","23.59061111"
"FISCALÍA GENERAL DE LA NACIÓN - SECTOR CARIBE","2021-04-19","","23.51792361"
"FISCALÍA GENERAL DE LA NACIÓN - SECTOR CARIBE","2021-04-18","","23.03711111"
"FISCALÍA GENERAL DE LA NACIÓN - SECTOR CARIBE","2021-04-17","","23.39832639"
"FISCALÍA GENERAL DE LA NACIÓN - SECTOR CARIBE","2021-04-16","","21.64464583"
"FISCALÍA GENERAL DE LA NACIÓN - SECTOR CARIBE","2021-04-15","","22.88952778"
"FISCALÍA GENERAL DE LA NACIÓN - SECTOR CARIBE","2021-04-14","","23.26876389"
"FISCALÍA GENERAL DE LA NACIÓN - SECTOR CARIBE","2021-04-13","","23.99786111"
"FISCALÍA GENERAL DE LA NACIÓN - SECTOR CARIBE","2021-04-12","","23.74183333"
"FISCALÍA GENERAL DE LA NACIÓN - SECTOR CARIBE","2021-04-11","","22.81347222"
"FISCALÍA GENERAL DE LA NACIÓN - SECTOR CARIBE","2021-04-10","","22.05615972"
"FISCALÍA GENERAL DE LA NACIÓN - SECTOR CARIBE","2021-04-09","","21.48195139"
"FISCALÍA GENERAL DE LA NACIÓN - SECTOR CARIBE","2021-04-08","","23.47606944"
"FISCALÍA GENERAL DE LA NACIÓN - SECTOR CARIBE","2021-04-07","","22.88242361"
"FISCALÍA GENERAL DE LA NACIÓN - SECTOR CARIBE","2021-04-06","","21.80404861"
"FISCALÍA GENERAL DE LA NACIÓN - SECTOR CARIBE","2021-04-05","","22.27376389"
"FISCALÍA GENERAL DE LA NACIÓN - SECTOR CARIBE","2021-04-04","","22.44752778"
"FISCALÍA GENERAL DE LA NACIÓN - SECTOR CARIBE","2021-04-03","","21.64884028"
"FISCALÍA GENERAL DE LA NACIÓN - SECTOR CARIBE","2021-04-02","","21.57461806"
"FISCALÍA GENERAL DE LA NACIÓN - SECTOR CARIBE","2021-04-01","","22.80257971"
"FISCALÍA GENERAL DE LA NACIÓN - SECTOR CARIBE","2021-03-31","","24.42034058"
"FISCALÍA GENERAL DE LA NACIÓN - SECTOR CARIBE","2021-03-30","","23.79620833"
"FISCALÍA GENERAL DE LA NACIÓN - SECTOR CARIBE","2021-03-29","","23.436875"
"FISCALÍA GENERAL DE LA NACIÓN - SECTOR CARIBE","2021-03-28","","22.03049306"
"FISCALÍA GENERAL DE LA NACIÓN - SECTOR CARIBE","2021-03-27","","21.59044444"
"FISCALÍA GENERAL DE LA NACIÓN - SECTOR CARIBE","2021-03-26","","21.34406945"
"FISCALÍA GENERAL DE LA NACIÓN - SECTOR CARIBE","2021-03-25","","22.18492646"
"FISCALÍA GENERAL DE LA NACIÓN - SECTOR CARIBE","2021-03-24","","20.35379202"
"FISCALÍA GENERAL DE LA NACIÓN - SECTOR CARIBE","2021-03-23","","20.32914073"
"FISCALÍA GENERAL DE LA NACIÓN - SECTOR CARIBE","2021-03-22","","19.25478913"
"FISCALÍA GENERAL DE LA NACIÓN - SECTOR CARIBE","2021-03-21","","20.95641974"
"FISCALÍA GENERAL DE LA NACIÓN - SECTOR CARIBE","2021-03-20","","19.29273907"
"FISCALÍA GENERAL DE LA NACIÓN - SECTOR CARIBE","2021-03-19","","21.32823962"
"FISCALÍA GENERAL DE LA NACIÓN - SECTOR CARIBE","2021-03-18","","19.60452821"
"FISCALÍA GENERAL DE LA NACIÓN - SECTOR CARIBE","2021-03-17","","20.51060841"
"FISCALÍA GENERAL DE LA NACIÓN - SECTOR CARIBE","2021-03-16","","19.92023611"
"FISCALÍA GENERAL DE LA NACIÓN - SECTOR CARIBE","2021-03-15","","20.63508333"
"FISCALÍA GENERAL DE LA NACIÓN - SECTOR CARIBE","2021-03-14","","20.853125"
"FISCALÍA GENERAL DE LA NACIÓN - SECTOR CARIBE","2021-03-13","","20.64336806"
"FISCALÍA GENERAL DE LA NACIÓN - SECTOR CARIBE","2021-03-12","","18.53120139"
"FISCALÍA GENERAL DE LA NACIÓN - SECTOR CARIBE","2021-03-11","","20.18098611"
"FISCALÍA GENERAL DE LA NACIÓN - SECTOR CARIBE","2021-03-10","","20.983"
"FISCALÍA GENERAL DE LA NACIÓN - SECTOR CARIBE","2021-03-09","","22.03929861"
"FISCALÍA GENERAL DE LA NACIÓN - SECTOR CARIBE","2021-03-08","","21.39775"
"FISCALÍA GENERAL DE LA NACIÓN - SECTOR CARIBE","2021-03-07","","22.00331944"
"FISCALÍA GENERAL DE LA NACIÓN - SECTOR CARIBE","2021-03-06","","22.22595139"
"FISCALÍA GENERAL DE LA NACIÓN - SECTOR CARIBE","2021-03-05","","21.12261806"
"FISCALÍA GENERAL DE LA NACIÓN - SECTOR CARIBE","2021-03-04","","21.77186806"
"FISCALÍA GENERAL DE LA NACIÓN - SECTOR CARIBE","2021-03-03","","21.97461111"
"FISCALÍA GENERAL DE LA NACIÓN - SECTOR CARIBE","2021-03-02","","21.34438194"
"FISCALÍA GENERAL DE LA NACIÓN - SECTOR CARIBE","2021-03-01","","21.66965972"
"FISCALÍA GENERAL DE LA NACIÓN - SECTOR CARIBE","2021-02-28","","21.8201875"
"FISCALÍA GENERAL DE LA NACIÓN - SECTOR CARIBE","2021-02-27","","22.09454861"
"FISCALÍA GENERAL DE LA NACIÓN - SECTOR CARIBE","2021-02-26","","23.3231875"
"FISCALÍA GENERAL DE LA NACIÓN - SECTOR CARIBE","2021-02-25","","23.76702778"
"FISCALÍA GENERAL DE LA NACIÓN - SECTOR CARIBE","2021-02-24","","22.82858108"
"FISCALÍA GENERAL DE LA NACIÓN - SECTOR CARIBE","2021-02-23","","21.98590278"
"FISCALÍA GENERAL DE LA NACIÓN - SECTOR CARIBE","2021-02-22","","22.17269444"
"FISCALÍA GENERAL DE LA NACIÓN - SECTOR CARIBE","2021-02-21","","20.77520833"
"FISCALÍA GENERAL DE LA NACIÓN - SECTOR CARIBE","2021-02-20","","21.18638194"
"FISCALÍA GENERAL DE LA NACIÓN - SECTOR CARIBE","2021-02-19","","20.50236111"
"FISCALÍA GENERAL DE LA NACIÓN - SECTOR CARIBE","2021-02-18","","20.66772917"
"FISCALÍA GENERAL DE LA NACIÓN - SECTOR CARIBE","2021-02-17","","22.21044444"
"FISCALÍA GENERAL DE LA NACIÓN - SECTOR CARIBE","2021-02-16","","22.82020833"
"FISCALÍA GENERAL DE LA NACIÓN - SECTOR CARIBE","2021-02-15","","23.09600694"
"FISCALÍA GENERAL DE LA NACIÓN - SECTOR CARIBE","2021-02-14","","22.04322222"
"FISCALÍA GENERAL DE LA NACIÓN - SECTOR CARIBE","2021-02-13","","21.99489583"
"FISCALÍA GENERAL DE LA NACIÓN - SECTOR CARIBE","2021-02-12","","22.25466667"
"FISCALÍA GENERAL DE LA NACIÓN - SECTOR CARIBE","2021-02-11","","22.57395139"
"FISCALÍA GENERAL DE LA NACIÓN - SECTOR CARIBE","2021-02-10","","22.55614583"
"FISCALÍA GENERAL DE LA NACIÓN - SECTOR CARIBE","2021-02-09","","22.43190278"
"FISCALÍA GENERAL DE LA NACIÓN - SECTOR CARIBE","2021-02-08","","23.15855556"
"FISCALÍA GENERAL DE LA NACIÓN - SECTOR CARIBE","2021-02-07","","23.88056945"
"FISCALÍA GENERAL DE LA NACIÓN - SECTOR CARIBE","2021-02-06","","23.38005556"
"FISCALÍA GENERAL DE LA NACIÓN - SECTOR CARIBE","2021-02-05","","23.39903472"
"FISCALÍA GENERAL DE LA NACIÓN - SECTOR CARIBE","2021-02-04","","24.31644765"
"FISCALÍA GENERAL DE LA NACIÓN - SECTOR CARIBE","2021-02-03","","23.27856945"
"FISCALÍA GENERAL DE LA NACIÓN - SECTOR CARIBE","2021-02-02","","23.49682639"
"FISCALÍA GENERAL DE LA NACIÓN - SECTOR CARIBE","2021-02-01","","24.24110078"
"FISCALÍA GENERAL DE LA NACIÓN - SECTOR CARIBE","2021-01-31","","23.88347917"
"FISCALÍA GENERAL DE LA NACIÓN - SECTOR CARIBE","2021-01-30","","23.68082639"
"FISCALÍA GENERAL DE LA NACIÓN - SECTOR CARIBE","2021-01-29","","22.6125625"
"FISCALÍA GENERAL DE LA NACIÓN - SECTOR CARIBE","2021-01-28","","22.81979861"
"FISCALÍA GENERAL DE LA NACIÓN - SECTOR CARIBE","2021-01-27","","23.0805"
"FISCALÍA GENERAL DE LA NACIÓN - SECTOR CARIBE","2021-01-26","","22.62894444"
"FISCALÍA GENERAL DE LA NACIÓN - SECTOR CARIBE","2021-01-25","","23.5181875"
"FISCALÍA GENERAL DE LA NACIÓN - SECTOR CARIBE","2021-01-24","","22.58065972"
"FISCALÍA GENERAL DE LA NACIÓN - SECTOR CARIBE","2021-01-23","","22.54849306"
"FISCALÍA GENERAL DE LA NACIÓN - SECTOR CARIBE","2021-01-22","","23.32077083"
"FISCALÍA GENERAL DE LA NACIÓN - SECTOR CARIBE","2021-01-21","","23.00765972"
"FISCALÍA GENERAL DE LA NACIÓN - SECTOR CARIBE","2021-01-20","","22.46652083"
"FISCALÍA GENERAL DE LA NACIÓN - SECTOR CARIBE","2021-01-19","","22.82266667"
"FISCALÍA GENERAL DE LA NACIÓN - SECTOR CARIBE","2021-01-18","","22.73810417"
"FISCALÍA GENERAL DE LA NACIÓN - SECTOR CARIBE","2021-01-17","","22.3419375"
"FISCALÍA GENERAL DE LA NACIÓN - SECTOR CARIBE","2021-01-16","","22.43476389"
"FISCALÍA GENERAL DE LA NACIÓN - SECTOR CARIBE","2021-01-15","","23.29402778"
"FISCALÍA GENERAL DE LA NACIÓN - SECTOR CARIBE","2021-01-14","","23.47143056"
"FISCALÍA GENERAL DE LA NACIÓN - SECTOR CARIBE","2021-01-13","","23.48199306"
"FISCALÍA GENERAL DE LA NACIÓN - SECTOR CARIBE","2021-01-12","","23.13340278"
"FISCALÍA GENERAL DE LA NACIÓN - SECTOR CARIBE","2021-01-11","","21.69377778"
"FISCALÍA GENERAL DE LA NACIÓN - SECTOR CARIBE","2021-01-10","","22.25097917"
"FISCALÍA GENERAL DE LA NACIÓN - SECTOR CARIBE","2021-01-09","","21.43254167"
"FISCALÍA GENERAL DE LA NACIÓN - SECTOR CARIBE","2021-01-08","","20.51345139"
"FISCALÍA GENERAL DE LA NACIÓN - SECTOR CARIBE","2021-01-07","","21.75498611"
"FISCALÍA GENERAL DE LA NACIÓN - SECTOR CARIBE","2021-01-06","","20.39067361"
"FISCALÍA GENERAL DE LA NACIÓN - SECTOR CARIBE","2021-01-05","","22.00701389"
"FISCALÍA GENERAL DE LA NACIÓN - SECTOR CARIBE","2021-01-04","","22.13690972"
"FISCALÍA GENERAL DE LA NACIÓN - SECTOR CARIBE","2021-01-03","","22.60452778"
"FISCALÍA GENERAL DE LA NACIÓN - SECTOR CARIBE","2021-01-02","","21.90297222"
"FISCALÍA GENERAL DE LA NACIÓN - SECTOR CARIBE","2021-01-01","","21.05240972"
"FISCALÍA GENERAL DE LA NACIÓN - SECTOR CARIBE","2020-12-15","","20.93636364"
"FISCALÍA GENERAL DE LA NACIÓN - SECTOR CARIBE","2020-12-14","","22.8875"
"FISCALÍA GENERAL DE LA NACIÓN - SECTOR CARIBE","2020-12-13","","22.44166667"
"FISCALÍA GENERAL DE LA NACIÓN - SECTOR CARIBE","2020-12-12","","22.3125"
"FISCALÍA GENERAL DE LA NACIÓN - SECTOR CARIBE","2020-12-11","","22.74166667"
"FISCALÍA GENERAL DE LA NACIÓN - SECTOR CARIBE","2020-12-10","","22.67083333"
"FISCALÍA GENERAL DE LA NACIÓN - SECTOR CARIBE","2020-12-09","","21.7625"
"FISCALÍA GENERAL DE LA NACIÓN - SECTOR CARIBE","2020-12-08","","22.65"
"FISCALÍA GENERAL DE LA NACIÓN - SECTOR CARIBE","2020-12-07","","22.62083333"
"FISCALÍA GENERAL DE LA NACIÓN - SECTOR CARIBE","2020-12-06","","23.19166667"
"FISCALÍA GENERAL DE LA NACIÓN - SECTOR CARIBE","2020-12-05","","22.95416667"
"FISCALÍA GENERAL DE LA NACIÓN - SECTOR CARIBE","2020-12-04","","22.50833333"
"FISCALÍA GENERAL DE LA NACIÓN - SECTOR CARIBE","2020-12-03","","21.53333333"
"FISCALÍA GENERAL DE LA NACIÓN - SECTOR CARIBE","2020-12-02","","20.79583333"
"FISCALÍA GENERAL DE LA NACIÓN - SECTOR CARIBE","2020-12-01","","21.7625"
"FISCALÍA GENERAL DE LA NACIÓN - SECTOR CARIBE","2020-11-30","","21.49166667"
"FISCALÍA GENERAL DE LA NACIÓN - SECTOR CARIBE","2020-11-29","","22.83181818"
"FISCALÍA GENERAL DE LA NACIÓN - SECTOR CARIBE","2020-11-28","","20.325"
"FISCALÍA GENERAL DE LA NACIÓN - SECTOR CARIBE","2020-11-27","","21.71818182"
"FISCALÍA GENERAL DE LA NACIÓN - SECTOR CARIBE","2020-11-26","","22.4375"
"FISCALÍA GENERAL DE LA NACIÓN - SECTOR CARIBE","2020-11-25","","22.98333333"
"FISCALÍA GENERAL DE LA NACIÓN - SECTOR CARIBE","2020-11-24","","22.97916667"
"FISCALÍA GENERAL DE LA NACIÓN - SECTOR CARIBE","2020-11-23","","23.02083333"
"FISCALÍA GENERAL DE LA NACIÓN - SECTOR CARIBE","2020-11-22","","22.62916667"
"FISCALÍA GENERAL DE LA NACIÓN - SECTOR CARIBE","2020-11-21","","21.6375"
"FISCALÍA GENERAL DE LA NACIÓN - SECTOR CARIBE","2020-11-20","","21.38"
"FISCALÍA GENERAL DE LA NACIÓN - SECTOR CARIBE","2020-11-19","","22.13636364"
"FISCALÍA GENERAL DE LA NACIÓN - SECTOR CARIBE","2020-11-18","","21.02916667"
"FISCALÍA GENERAL DE LA NACIÓN - SECTOR CARIBE","2020-11-17","","19.85416667"
"FISCALÍA GENERAL DE LA NACIÓN - SECTOR CARIBE","2020-11-16","","21.85"
"FISCALÍA GENERAL DE LA NACIÓN - SECTOR CARIBE","2020-11-15","","21.1625"
"FISCALÍA GENERAL DE LA NACIÓN - SECTOR CARIBE","2020-11-14","","20.91666667"
"FISCALÍA GENERAL DE LA NACIÓN - SECTOR CARIBE","2020-11-13","","21.0625"
"FISCALÍA GENERAL DE LA NACIÓN - SECTOR CARIBE","2020-11-12","","20.59545455"
"FISCALÍA GENERAL DE LA NACIÓN - SECTOR CARIBE","2020-11-11","","19.47916667"
"FISCALÍA GENERAL DE LA NACIÓN - SECTOR CARIBE","2020-11-10","","21.23333333"
"FISCALÍA GENERAL DE LA NACIÓN - SECTOR CARIBE","2020-11-09","","21.06190476"
"FISCALÍA GENERAL DE LA NACIÓN - SECTOR CARIBE","2020-11-08","","21.1125"
"FISCALÍA GENERAL DE LA NACIÓN - SECTOR CARIBE","2020-11-07","","22.17083333"
"FISCALÍA GENERAL DE LA NACIÓN - SECTOR CARIBE","2020-11-06","","21.28333333"
"FISCALÍA GENERAL DE LA NACIÓN - SECTOR CARIBE","2020-11-05","","21.8"
"FISCALÍA GENERAL DE LA NACIÓN - SECTOR CARIBE","2020-11-04","","22.03333333"
"FISCALÍA GENERAL DE LA NACIÓN - SECTOR CARIBE","2020-11-03","","22.09583333"
"FISCALÍA GENERAL DE LA NACIÓN - SECTOR CARIBE","2020-11-02","","22.875"
"FISCALÍA GENERAL DE LA NACIÓN - SECTOR CARIBE","2020-11-01","","21.0875"
"FISCALÍA GENERAL DE LA NACIÓN - SECTOR CARIBE","2020-10-31","","20.78333333"
"FISCALÍA GENERAL DE LA NACIÓN - SECTOR CARIBE","2020-10-30","","20.7875"
"FISCALÍA GENERAL DE LA NACIÓN - SECTOR CARIBE","2020-10-29","","20.10416667"
"FISCALÍA GENERAL DE LA NACIÓN - SECTOR CARIBE","2020-10-28","","21.87916667"
"FISCALÍA GENERAL DE LA NACIÓN - SECTOR CARIBE","2020-10-27","","22.20833333"
"FISCALÍA GENERAL DE LA NACIÓN - SECTOR CARIBE","2020-10-26","","22.4"
"FISCALÍA GENERAL DE LA NACIÓN - SECTOR CARIBE","2020-10-25","","20.79583333"
"FISCALÍA GENERAL DE LA NACIÓN - SECTOR CARIBE","2020-10-24","","20.72083333"
"FISCALÍA GENERAL DE LA NACIÓN - SECTOR CARIBE","2020-10-23","","22.19"
"FISCALÍA GENERAL DE LA NACIÓN - SECTOR CARIBE","2020-10-15","","21.22727273"
"FISCALÍA GENERAL DE LA NACIÓN - SECTOR CARIBE","2020-10-14","","22.90952381"
"FISCALÍA GENERAL DE LA NACIÓN - SECTOR CARIBE","2020-10-13","","20.19583333"
"FISCALÍA GENERAL DE LA NACIÓN - SECTOR CARIBE","2020-10-12","","23.10833333"
"FISCALÍA GENERAL DE LA NACIÓN - SECTOR CARIBE","2020-10-11","","24.54583333"
"FISCALÍA GENERAL DE LA NACIÓN - SECTOR CARIBE","2020-10-10","","24.42083333"
"FISCALÍA GENERAL DE LA NACIÓN - SECTOR CARIBE","2020-10-09","","23.51666667"
"FISCALÍA GENERAL DE LA NACIÓN - SECTOR CARIBE","2020-10-08","","23.325"
"FISCALÍA GENERAL DE LA NACIÓN - SECTOR CARIBE","2020-10-07","","22.94583333"
"FISCALÍA GENERAL DE LA NACIÓN - SECTOR CARIBE","2020-10-06","","21.7375"
"FISCALÍA GENERAL DE LA NACIÓN - SECTOR CARIBE","2020-10-05","","20.89166667"
"FISCALÍA GENERAL DE LA NACIÓN - SECTOR CARIBE","2020-10-04","","20.79166667"
"FISCALÍA GENERAL DE LA NACIÓN - SECTOR CARIBE","2020-10-03","","20.88095238"
"FISCALÍA GENERAL DE LA NACIÓN - SECTOR CARIBE","2020-10-02","","21.17916667"
"FISCALÍA GENERAL DE LA NACIÓN - SECTOR CARIBE","2020-10-01","","22.83181818"
"FISCALÍA GENERAL DE LA NACIÓN - SECTOR CARIBE","2020-09-30","","21.80416667"
"FISCALÍA GENERAL DE LA NACIÓN - SECTOR CARIBE","2020-09-29","","21.29166667"
"FISCALÍA GENERAL DE LA NACIÓN - SECTOR CARIBE","2020-09-28","","23.0"
"FISCALÍA GENERAL DE LA NACIÓN - SECTOR CARIBE","2020-09-27","","22.46666667"
"FISCALÍA GENERAL DE LA NACIÓN - SECTOR CARIBE","2020-09-26","","21.35454545"
"FISCALÍA GENERAL DE LA NACIÓN - SECTOR CARIBE","2020-09-25","","23.725"
"FISCALÍA GENERAL DE LA NACIÓN - SECTOR CARIBE","2020-09-24","","23.75416667"
"FISCALÍA GENERAL DE LA NACIÓN - SECTOR CARIBE","2020-09-23","","23.175"
"FISCALÍA GENERAL DE LA NACIÓN - SECTOR CARIBE","2020-09-22","","23.55833333"
"FISCALÍA GENERAL DE LA NACIÓN - SECTOR CARIBE","2020-09-21","","21.44583333"
"FISCALÍA GENERAL DE LA NACIÓN - SECTOR CARIBE","2020-09-20","","20.79166667"
"FISCALÍA GENERAL DE LA NACIÓN - SECTOR CARIBE","2020-09-19","","21.78636364"
"FISCALÍA GENERAL DE LA NACIÓN - SECTOR CARIBE","2020-09-18","","20.8625"
"FISCALÍA GENERAL DE LA NACIÓN - SECTOR CARIBE","2020-09-17","","21.1826087"
"FISCALÍA GENERAL DE LA NACIÓN - SECTOR CARIBE","2020-09-16","","20.6875"
"FISCALÍA GENERAL DE LA NACIÓN - SECTOR CARIBE","2020-09-15","","22.64583333"
"FISCALÍA GENERAL DE LA NACIÓN - SECTOR CARIBE","2020-09-14","","23.98333333"
"FISCALÍA GENERAL DE LA NACIÓN - SECTOR CARIBE","2020-09-13","","23.43333333"
"FISCALÍA GENERAL DE LA NACIÓN - SECTOR CARIBE","2020-09-12","","21.95833333"
"FISCALÍA GENERAL DE LA NACIÓN - SECTOR CARIBE","2020-09-11","","23.25416667"
"FISCALÍA GENERAL DE LA NACIÓN - SECTOR CARIBE","2020-09-10","","22.6375"
"FISCALÍA GENERAL DE LA NACIÓN - SECTOR CARIBE","2020-09-09","","21.14166667"
"FISCALÍA GENERAL DE LA NACIÓN - SECTOR CARIBE","2020-09-08","","20.06818182"
"FISCALÍA GENERAL DE LA NACIÓN - SECTOR CARIBE","2020-09-07","","21.90952381"
"FISCALÍA GENERAL DE LA NACIÓN - SECTOR CARIBE","2020-09-06","","22.5125"
"FISCALÍA GENERAL DE LA NACIÓN - SECTOR CARIBE","2020-09-05","","23.67916667"
"FISCALÍA GENERAL DE LA NACIÓN - SECTOR CARIBE","2020-09-04","","21.75"
"FISCALÍA GENERAL DE LA NACIÓN - SECTOR CARIBE","2020-09-03","","20.67916667"
"FISCALÍA GENERAL DE LA NACIÓN - SECTOR CARIBE","2020-09-02","","20.94090909"
"FISCALÍA GENERAL DE LA NACIÓN - SECTOR CARIBE","2020-09-01","","21.57142857"
"FISCALÍA GENERAL DE LA NACIÓN - SECTOR CARIBE","2020-08-31","","20.7125"
"FISCALÍA GENERAL DE LA NACIÓN - SECTOR CARIBE","2020-08-30","","21.04583333"
"FISCALÍA GENERAL DE LA NACIÓN - SECTOR CARIBE","2020-08-29","","22.45"
"FISCALÍA GENERAL DE LA NACIÓN - SECTOR CARIBE","2020-08-28","","22.80833333"
"FISCALÍA GENERAL DE LA NACIÓN - SECTOR CARIBE","2020-08-27","","21.49583333"
"FISCALÍA GENERAL DE LA NACIÓN - SECTOR CARIBE","2020-08-26","","20.925"
"FISCALÍA GENERAL DE LA NACIÓN - SECTOR CARIBE","2020-08-25","","21.1375"
"FISCALÍA GENERAL DE LA NACIÓN - SECTOR CARIBE","2020-08-24","","21.10833333"
"FISCALÍA GENERAL DE LA NACIÓN - SECTOR CARIBE","2020-08-23","","21.35416667"
"FISCALÍA GENERAL DE LA NACIÓN - SECTOR CARIBE","2020-08-22","","20.9125"
"FISCALÍA GENERAL DE LA NACIÓN - SECTOR CARIBE","2020-08-21","","22.67083333"
"FISCALÍA GENERAL DE LA NACIÓN - SECTOR CARIBE","2020-08-20","","22.30416667"
"FISCALÍA GENERAL DE LA NACIÓN - SECTOR CARIBE","2020-08-19","","22.25909091"
"FISCALÍA GENERAL DE LA NACIÓN - SECTOR CARIBE","2020-08-18","","22.97916667"
"FISCALÍA GENERAL DE LA NACIÓN - SECTOR CARIBE","2020-08-17","","21.55416667"
"FISCALÍA GENERAL DE LA NACIÓN - SECTOR CARIBE","2020-08-16","","22.11666667"
"FISCALÍA GENERAL DE LA NACIÓN - SECTOR CARIBE","2020-08-15","","22.8625"
"FISCALÍA GENERAL DE LA NACIÓN - SECTOR CARIBE","2020-08-14","","22.25"
"FISCALÍA GENERAL DE LA NACIÓN - SECTOR CARIBE","2020-08-13","","22.89166667"
"FISCALÍA GENERAL DE LA NACIÓN - SECTOR CARIBE","2020-08-12","","23.6875"
"FISCALÍA GENERAL DE LA NACIÓN - SECTOR CARIBE","2020-08-11","","24.10416667"
"FISCALÍA GENERAL DE LA NACIÓN - SECTOR CARIBE","2020-08-10","","24.525"
"FISCALÍA GENERAL DE LA NACIÓN - SECTOR CARIBE","2020-08-09","","24.99166667"
"FISCALÍA GENERAL DE LA NACIÓN - SECTOR CARIBE","2020-08-08","","24.99166667"
"FISCALÍA GENERAL DE LA NACIÓN - SECTOR CARIBE","2020-08-07","","24.45833333"
"FISCALÍA GENERAL DE LA NACIÓN - SECTOR CARIBE","2020-08-06","","23.63333333"
"FISCALÍA GENERAL DE LA NACIÓN - SECTOR CARIBE","2020-08-05","","23.99583333"
"FISCALÍA GENERAL DE LA NACIÓN - SECTOR CARIBE","2020-08-04","","24.65833333"
"FISCALÍA GENERAL DE LA NACIÓN - SECTOR CARIBE","2020-08-03","","24.5"
"FISCALÍA GENERAL DE LA NACIÓN - SECTOR CARIBE","2020-08-02","","24.45416667"
"FISCALÍA GENERAL DE LA NACIÓN - SECTOR CARIBE","2020-08-01","","23.87916667"
"FISCALÍA GENERAL DE LA NACIÓN - SECTOR CARIBE","2020-07-31","","23.67916667"
"FISCALÍA GENERAL DE LA NACIÓN - SECTOR CARIBE","2020-07-30","","22.29545455"
"FISCALÍA GENERAL DE LA NACIÓN - SECTOR CARIBE","2020-07-28","","23.12916667"
"FISCALÍA GENERAL DE LA NACIÓN - SECTOR CARIBE","2020-07-27","","22.5125"
"FISCALÍA GENERAL DE LA NACIÓN - SECTOR CARIBE","2020-07-26","","22.61818182"
"FISCALÍA GENERAL DE LA NACIÓN - SECTOR CARIBE","2020-07-25","","20.59"
"FISCALÍA GENERAL DE LA NACIÓN - SECTOR CARIBE","2020-07-24","","19.935"
"FISCALÍA GENERAL DE LA NACIÓN - SECTOR CARIBE","2020-07-23","","20.35416667"
"FISCALÍA GENERAL DE LA NACIÓN - SECTOR CARIBE","2020-07-22","","21.77916667"
"FISCALÍA GENERAL DE LA NACIÓN - SECTOR CARIBE","2020-07-21","","23.02083333"
"FISCALÍA GENERAL DE LA NACIÓN - SECTOR CARIBE","2020-07-20","","23.95"
"FISCALÍA GENERAL DE LA NACIÓN - SECTOR CARIBE","2020-07-19","","24.40833333"
"FISCALÍA GENERAL DE LA NACIÓN - SECTOR CARIBE","2020-07-18","","24.35416667"
"FISCALÍA GENERAL DE LA NACIÓN - SECTOR CARIBE","2020-07-17","","24.25"
"FISCALÍA GENERAL DE LA NACIÓN - SECTOR CARIBE","2020-07-16","","22.90833333"
"FISCALÍA GENERAL DE LA NACIÓN - SECTOR CARIBE","2020-07-15","","22.62916667"
"FISCALÍA GENERAL DE LA NACIÓN - SECTOR CARIBE","2020-07-14","","22.35416667"
"FISCALÍA GENERAL DE LA NACIÓN - SECTOR CARIBE","2020-07-13","","23.15909091"
"FISCALÍA GENERAL DE LA NACIÓN - SECTOR CARIBE","2020-07-12","","21.15833333"
"FISCALÍA GENERAL DE LA NACIÓN - SECTOR CARIBE","2020-07-11","","20.70416667"
"FISCALÍA GENERAL DE LA NACIÓN - SECTOR CARIBE","2020-07-10","","22.7375"
"FISCALÍA GENERAL DE LA NACIÓN - SECTOR CARIBE","2020-07-09","","22.19166667"
"FISCALÍA GENERAL DE LA NACIÓN - SECTOR CARIBE","2020-07-08","","20.96666667"
"FISCALÍA GENERAL DE LA NACIÓN - SECTOR CARIBE","2020-07-07","","21.50909091"
"FISCALÍA GENERAL DE LA NACIÓN - SECTOR CARIBE","2020-07-06","","21.7125"
"FISCALÍA GENERAL DE LA NACIÓN - SECTOR CARIBE","2020-07-05","","20.22916667"
"FISCALÍA GENERAL DE LA NACIÓN - SECTOR CARIBE","2020-07-04","","21.2625"
"FISCALÍA GENERAL DE LA NACIÓN - SECTOR CARIBE","2020-07-03","","22.975"
"FISCALÍA GENERAL DE LA NACIÓN - SECTOR CARIBE","2020-07-02","","22.4125"
"FISCALÍA GENERAL DE LA NACIÓN - SECTOR CARIBE","2020-07-01","","21.975"
"FISCALÍA GENERAL DE LA NACIÓN - SECTOR CARIBE","2020-06-29","","22.85416667"
"FISCALÍA GENERAL DE LA NACIÓN - SECTOR CARIBE","2020-06-28","","21.0375"
"FISCALÍA GENERAL DE LA NACIÓN - SECTOR CARIBE","2020-06-27","","22.98181818"
"FISCALÍA GENERAL DE LA NACIÓN - SECTOR CARIBE","2020-06-26","","22.47083333"
"FISCALÍA GENERAL DE LA NACIÓN - SECTOR CARIBE","2020-06-25","","24.26818182"
"FISCALÍA GENERAL DE LA NACIÓN - SECTOR CARIBE","2020-06-24","","23.22916667"
"FISCALÍA GENERAL DE LA NACIÓN - SECTOR CARIBE","2020-06-23","","23.90833333"
"FISCALÍA GENERAL DE LA NACIÓN - SECTOR CARIBE","2020-06-22","","23.10833333"
"FISCALÍA GENERAL DE LA NACIÓN - SECTOR CARIBE","2020-06-21","","23.31818182"
"FISCALÍA GENERAL DE LA NACIÓN - SECTOR CARIBE","2020-06-20","","23.0"
"FISCALÍA GENERAL DE LA NACIÓN - SECTOR CARIBE","2020-06-19","","22.90416667"
"FISCALÍA GENERAL DE LA NACIÓN - SECTOR CARIBE","2020-06-18","","21.4625"
"FISCALÍA GENERAL DE LA NACIÓN - SECTOR CARIBE","2020-06-17","","21.22272727"
"FISCALÍA GENERAL DE LA NACIÓN - SECTOR CARIBE","2020-06-16","","22.87083333"
"FISCALÍA GENERAL DE LA NACIÓN - SECTOR CARIBE","2020-06-15","","21.35833333"
"FISCALÍA GENERAL DE LA NACIÓN - SECTOR CARIBE","2020-06-14","","23.6"
"FISCALÍA GENERAL DE LA NACIÓN - SECTOR CARIBE","2020-06-13","","22.6625"
"FISCALÍA GENERAL DE LA NACIÓN - SECTOR CARIBE","2020-06-12","","20.60416667"
"FISCALÍA GENERAL DE LA NACIÓN - SECTOR CARIBE","2020-06-11","","21.5375"
"FISCALÍA GENERAL DE LA NACIÓN - SECTOR CARIBE","2020-06-10","","20.6625"
"FISCALÍA GENERAL DE LA NACIÓN - SECTOR CARIBE","2020-06-09","","22.49583333"
"FISCALÍA GENERAL DE LA NACIÓN - SECTOR CARIBE","2020-06-08","","24.44583333"
"FISCALÍA GENERAL DE LA NACIÓN - SECTOR CARIBE","2020-06-07","","24.19166667"
"FISCALÍA GENERAL DE LA NACIÓN - SECTOR CARIBE","2020-06-06","","22.36666667"
"FISCALÍA GENERAL DE LA NACIÓN - SECTOR CARIBE","2020-06-05","","24.07083333"
"FISCALÍA GENERAL DE LA NACIÓN - SECTOR CARIBE","2020-06-04","","23.62916667"
"FISCALÍA GENERAL DE LA NACIÓN - SECTOR CARIBE","2020-06-03","","19.44545455"
"FISCALÍA GENERAL DE LA NACIÓN - SECTOR CARIBE","2020-06-02","","22.82272727"
"FISCALÍA GENERAL DE LA NACIÓN - SECTOR CARIBE","2020-06-01","","22.51428571"
"FISCALÍA GENERAL DE LA NACIÓN - SECTOR CARIBE","2020-05-31","","20.65"
"FISCALÍA GENERAL DE LA NACIÓN - SECTOR CARIBE","2020-05-30","","20.21818182"
"FISCALÍA GENERAL DE LA NACIÓN - SECTOR CARIBE","2020-05-29","","21.52916667"
"FISCALÍA GENERAL DE LA NACIÓN - SECTOR CARIBE","2020-05-28","","20.71666667"
"FISCALÍA GENERAL DE LA NACIÓN - SECTOR CARIBE","2020-05-27","","22.24583333"
"FISCALÍA GENERAL DE LA NACIÓN - SECTOR CARIBE","2020-05-26","","25.05454545"
"FISCALÍA GENERAL DE LA NACIÓN - SECTOR CARIBE","2020-05-25","","25.45416667"
"FISCALÍA GENERAL DE LA NACIÓN - SECTOR CARIBE","2020-05-24","","25.7625"
"FISCALÍA GENERAL DE LA NACIÓN - SECTOR CARIBE","2020-05-23","","25.00416667"
"FISCALÍA GENERAL DE LA NACIÓN - SECTOR CARIBE","2020-05-22","","23.425"
"FISCALÍA GENERAL DE LA NACIÓN - SECTOR CARIBE","2020-05-21","","25.34583333"
"FISCALÍA GENERAL DE LA NACIÓN - SECTOR CARIBE","2020-05-20","","24.0"
"FISCALÍA GENERAL DE LA NACIÓN - SECTOR CARIBE","2020-05-19","","21.00833333"
"FISCALÍA GENERAL DE LA NACIÓN - SECTOR CARIBE","2020-05-18","","24.67916667"
"FISCALÍA GENERAL DE LA NACIÓN - SECTOR CARIBE","2020-05-17","","24.32916667"
"FISCALÍA GENERAL DE LA NACIÓN - SECTOR CARIBE","2020-05-14","","23.77916667"
"FISCALÍA GENERAL DE LA NACIÓN - SECTOR CARIBE","2020-05-13","","22.59583333"
"FISCALÍA GENERAL DE LA NACIÓN - SECTOR CARIBE","2020-05-12","","23.8"
"FISCALÍA GENERAL DE LA NACIÓN - SECTOR CARIBE","2020-05-11","","23.69583333"
"FISCALÍA GENERAL DE LA NACIÓN - SECTOR CARIBE","2020-05-10","","25.35"
"FISCALÍA GENERAL DE LA NACIÓN - SECTOR CARIBE","2020-05-09","","26.2"
"FISCALÍA GENERAL DE LA NACIÓN - SECTOR CARIBE","2020-05-08","","25.02916667"
"FISCALÍA GENERAL DE LA NACIÓN - SECTOR CARIBE","2020-05-07","","24.8375"
"FISCALÍA GENERAL DE LA NACIÓN - SECTOR CARIBE","2020-05-06","","24.83636364"
"FISCALÍA GENERAL DE LA NACIÓN - SECTOR CARIBE","2020-05-05","","24.78333333"
"FISCALÍA GENERAL DE LA NACIÓN - SECTOR CARIBE","2020-05-04","","24.89583333"
"FISCALÍA GENERAL DE LA NACIÓN - SECTOR CARIBE","2020-05-03","","23.8"
"FISCALÍA GENERAL DE LA NACIÓN - SECTOR CARIBE","2020-05-02","","24.14166667"
"FISCALÍA GENERAL DE LA NACIÓN - SECTOR CARIBE","2020-05-01","","22.89166667"
"FISCALÍA GENERAL DE LA NACIÓN - SECTOR CARIBE","2020-04-30","","22.83636364"
"FISCALÍA GENERAL DE LA NACIÓN - SECTOR CARIBE","2020-04-29","","23.63333333"
"FISCALÍA GENERAL DE LA NACIÓN - SECTOR CARIBE","2020-04-28","","23.6875"
"FISCALÍA GENERAL DE LA NACIÓN - SECTOR CARIBE","2020-04-27","","24.18333333"
"FISCALÍA GENERAL DE LA NACIÓN - SECTOR CARIBE","2020-04-26","","24.17083333"
"FISCALÍA GENERAL DE LA NACIÓN - SECTOR CARIBE","2020-04-25","","22.675"
"FISCALÍA GENERAL DE LA NACIÓN - SECTOR CARIBE","2020-04-24","","22.20416667"
"FISCALÍA GENERAL DE LA NACIÓN - SECTOR CARIBE","2020-04-23","","22.37916667"
"FISCALÍA GENERAL DE LA NACIÓN - SECTOR CARIBE","2020-04-22","","21.51666667"
"FISCALÍA GENERAL DE LA NACIÓN - SECTOR CARIBE","2020-04-21","","21.6952381"
"FISCALÍA GENERAL DE LA NACIÓN - SECTOR CARIBE","2020-04-20","","22.5375"
"FISCALÍA GENERAL DE LA NACIÓN - SECTOR CARIBE","2020-04-19","","21.1125"
"FISCALÍA GENERAL DE LA NACIÓN - SECTOR CARIBE","2020-04-18","","21.55"
"FISCALÍA GENERAL DE LA NACIÓN - SECTOR CARIBE","2020-04-17","","22.675"
"FISCALÍA GENERAL DE LA NACIÓN - SECTOR CARIBE","2020-04-16","","22.71666667"
"FISCALÍA GENERAL DE LA NACIÓN - SECTOR CARIBE","2020-04-15","","21.95833333"
"FISCALÍA GENERAL DE LA NACIÓN - SECTOR CARIBE","2020-04-14","","22.025"
"FISCALÍA GENERAL DE LA NACIÓN - SECTOR CARIBE","2020-04-13","","21.84166667"
"FISCALÍA GENERAL DE LA NACIÓN - SECTOR CARIBE","2020-04-12","","23.03333333"
"FISCALÍA GENERAL DE LA NACIÓN - SECTOR CARIBE","2020-04-11","","22.7625"
"FISCALÍA GENERAL DE LA NACIÓN - SECTOR CARIBE","2020-04-10","","23.93333333"
"FISCALÍA GENERAL DE LA NACIÓN - SECTOR CARIBE","2020-04-09","","23.56666667"
"FISCALÍA GENERAL DE LA NACIÓN - SECTOR CARIBE","2020-04-08","","25.19565217"
"FISCALÍA GENERAL DE LA NACIÓN - SECTOR CARIBE","2020-04-07","","25.07916667"
"FISCALÍA GENERAL DE LA NACIÓN - SECTOR CARIBE","2020-04-06","","23.825"
"FISCALÍA GENERAL DE LA NACIÓN - SECTOR CARIBE","2020-04-05","","24.20833333"
"FISCALÍA GENERAL DE LA NACIÓN - SECTOR CARIBE","2020-04-04","","24.37916667"
"FISCALÍA GENERAL DE LA NACIÓN - SECTOR CARIBE","2020-04-03","","24.70833333"
"FISCALÍA GENERAL DE LA NACIÓN - SECTOR CARIBE","2020-04-02","","23.6"
"FISCALÍA GENERAL DE LA NACIÓN - SECTOR CARIBE","2020-04-01","","21.27083333"
"FISCALÍA GENERAL DE LA NACIÓN - SECTOR CARIBE","2020-03-31","","22.54166667"
"FISCALÍA GENERAL DE LA NACIÓN - SECTOR CARIBE","2020-03-30","","22.55416667"
"FISCALÍA GENERAL DE LA NACIÓN - SECTOR CARIBE","2020-03-29","","22.44166667"
"FISCALÍA GENERAL DE LA NACIÓN - SECTOR CARIBE","2020-03-28","","23.925"
"FISCALÍA GENERAL DE LA NACIÓN - SECTOR CARIBE","2020-03-27","","23.85"
"FISCALÍA GENERAL DE LA NACIÓN - SECTOR CARIBE","2020-03-26","","23.82916667"
"FISCALÍA GENERAL DE LA NACIÓN - SECTOR CARIBE","2020-03-25","","23.05"
"FISCALÍA GENERAL DE LA NACIÓN - SECTOR CARIBE","2020-03-24","","22.02083333"
"FISCALÍA GENERAL DE LA NACIÓN - SECTOR CARIBE","2020-03-23","","22.80416667"
"FISCALÍA GENERAL DE LA NACIÓN - SECTOR CARIBE","2020-03-22","","22.52916667"
"FISCALÍA GENERAL DE LA NACIÓN - SECTOR CARIBE","2020-03-21","","21.32727273"
"FISCALÍA GENERAL DE LA NACIÓN - SECTOR CARIBE","2020-03-20","","21.5375"
"FISCALÍA GENERAL DE LA NACIÓN - SECTOR CARIBE","2020-03-19","","23.56666667"
"FISCALÍA GENERAL DE LA NACIÓN - SECTOR CARIBE","2020-03-18","","23.33333333"
"FISCALÍA GENERAL DE LA NACIÓN - SECTOR CARIBE","2020-03-17","","23.7"
"FISCALÍA GENERAL DE LA NACIÓN - SECTOR CARIBE","2020-03-16","","23.69166667"
"FISCALÍA GENERAL DE LA NACIÓN - SECTOR CARIBE","2020-03-15","","23.225"
"FISCALÍA GENERAL DE LA NACIÓN - SECTOR CARIBE","2020-03-14","","23.12272727"
"FISCALÍA GENERAL DE LA NACIÓN - SECTOR CARIBE","2020-03-13","","23.73809524"
"FISCALÍA GENERAL DE LA NACIÓN - SECTOR CARIBE","2020-03-12","","22.9875"
"FISCALÍA GENERAL DE LA NACIÓN - SECTOR CARIBE","2020-03-11","","21.62083333"
"FISCALÍA GENERAL DE LA NACIÓN - SECTOR CARIBE","2020-03-10","","22.55416667"
"FISCALÍA GENERAL DE LA NACIÓN - SECTOR CARIBE","2020-03-09","","24.17916667"
"FISCALÍA GENERAL DE LA NACIÓN - SECTOR CARIBE","2020-03-08","","23.07916667"
"FISCALÍA GENERAL DE LA NACIÓN - SECTOR CARIBE","2020-03-07","","23.675"
"FISCALÍA GENERAL DE LA NACIÓN - SECTOR CARIBE","2020-03-06","","25.07083333"
"FISCALÍA GENERAL DE LA NACIÓN - SECTOR CARIBE","2020-03-05","","25.20833333"
"FISCALÍA GENERAL DE LA NACIÓN - SECTOR CARIBE","2020-03-04","","24.12916667"
"FISCALÍA GENERAL DE LA NACIÓN - SECTOR CARIBE","2020-03-03","","25.0"
"FISCALÍA GENERAL DE LA NACIÓN - SECTOR CARIBE","2020-03-02","","24.06666667"
"FISCALÍA GENERAL DE LA NACIÓN - SECTOR CARIBE","2020-03-01","","23.775"
"FISCALÍA GENERAL DE LA NACIÓN - SECTOR CARIBE","2020-02-29","","23.19583333"
"FISCALÍA GENERAL DE LA NACIÓN - SECTOR CARIBE","2020-02-28","","23.09166667"
"FISCALÍA GENERAL DE LA NACIÓN - SECTOR CARIBE","2020-02-27","","23.46"
