"Estacion","Fecha inicial","Fecha final","DViento"
"COPACABANA - CIUDADELA EDUCATIVA LA VIDA","2025-10-31","","67.31256522"
"COPACABANA - CIUDADELA EDUCATIVA LA VIDA","2025-10-30","","81.37333333"
"COPACABANA - CIUDADELA EDUCATIVA LA VIDA","2025-10-29","","20.89241667"
"COPACABANA - CIUDADELA EDUCATIVA LA VIDA","2025-10-28","","78.85954167"
"COPACABANA - CIUDADELA EDUCATIVA LA VIDA","2025-10-27","","114.75579167"
"COPACABANA - CIUDADELA EDUCATIVA LA VIDA","2025-10-26","","49.32195833"
"COPACABANA - CIUDADELA EDUCATIVA LA VIDA","2025-10-25","","101.78645833"
"COPACABANA - CIUDADELA EDUCATIVA LA VIDA","2025-10-24","","168.28179167"
"COPACABANA - CIUDADELA EDUCATIVA LA VIDA","2025-10-23","","126.95975"
"COPACABANA - CIUDADELA EDUCATIVA LA VIDA","2025-10-22","","146.42541667"
"COPACABANA - CIUDADELA EDUCATIVA LA VIDA","2025-10-21","","120.39654167"
"COPACABANA - CIUDADELA EDUCATIVA LA VIDA","2025-10-20","","94.95116667"
"COPACABANA - CIUDADELA EDUCATIVA LA VIDA","2025-10-19","","73.54091667"
"COPACABANA - CIUDADELA EDUCATIVA LA VIDA","2025-10-18","","62.75341667"
"COPACABANA - CIUDADELA EDUCATIVA LA VIDA","2025-10-17","","131.36929167"
"COPACABANA - CIUDADELA EDUCATIVA LA VIDA","2025-10-16","","110.81908333"
"COPACABANA - CIUDADELA EDUCATIVA LA VIDA","2025-10-15","","128.61058333"
"COPACABANA - CIUDADELA EDUCATIVA LA VIDA","2025-10-14","","46.62804167"
"COPACABANA - CIUDADELA EDUCATIVA LA VIDA","2025-10-13","","0.0"
"COPACABANA - CIUDADELA EDUCATIVA LA VIDA","2025-10-12","","0.0"
"COPACABANA - CIUDADELA EDUCATIVA LA VIDA","2025-10-11","","74.06029167"
"COPACABANA - CIUDADELA EDUCATIVA LA VIDA","2025-10-10","","200.55104167"
"COPACABANA - CIUDADELA EDUCATIVA LA VIDA","2025-10-09","","133.80216667"
"COPACABANA - CIUDADELA EDUCATIVA LA VIDA","2025-10-08","","149.83854167"
"COPACABANA - CIUDADELA EDUCATIVA LA VIDA","2025-10-07","","115.54470833"
"COPACABANA - CIUDADELA EDUCATIVA LA VIDA","2025-10-06","","76.50070833"
"COPACABANA - CIUDADELA EDUCATIVA LA VIDA","2025-10-05","","78.03054167"
"COPACABANA - CIUDADELA EDUCATIVA LA VIDA","2025-10-04","","122.88416667"
"COPACABANA - CIUDADELA EDUCATIVA LA VIDA","2025-10-03","","87.90445833"
"COPACABANA - CIUDADELA EDUCATIVA LA VIDA","2025-10-02","","87.532375"
"COPACABANA - CIUDADELA EDUCATIVA LA VIDA","2025-10-01","","118.52366667"
"COPACABANA - CIUDADELA EDUCATIVA LA VIDA","2025-09-30","","0.0"
"COPACABANA - CIUDADELA EDUCATIVA LA VIDA","2025-09-29","","0.0"
"COPACABANA - CIUDADELA EDUCATIVA LA VIDA","2025-09-28","","0.0"
"COPACABANA - CIUDADELA EDUCATIVA LA VIDA","2025-09-27","","0.0"
"COPACABANA - CIUDADELA EDUCATIVA LA VIDA","2025-09-26","","0.0"
"COPACABANA - CIUDADELA EDUCATIVA LA VIDA","2025-09-25","","0.0"
"COPACABANA - CIUDADELA EDUCATIVA LA VIDA","2025-09-24","","38.39641667"
"COPACABANA - CIUDADELA EDUCATIVA LA VIDA","2025-09-23","","88.82295833"
"COPACABANA - CIUDADELA EDUCATIVA LA VIDA","2025-09-22","","61.83291667"
"COPACABANA - CIUDADELA EDUCATIVA LA VIDA","2025-09-21","","59.89904167"
"COPACABANA - CIUDADELA EDUCATIVA LA VIDA","2025-09-20","","56.71633333"
"COPACABANA - CIUDADELA EDUCATIVA LA VIDA","2025-09-19","","85.64654167"
"COPACABANA - CIUDADELA EDUCATIVA LA VIDA","2025-09-18","","93.17116667"
"COPACABANA - CIUDADELA EDUCATIVA LA VIDA","2025-09-17","","70.98208333"
"COPACABANA - CIUDADELA EDUCATIVA LA VIDA","2025-09-16","","62.21266667"
"COPACABANA - CIUDADELA EDUCATIVA LA VIDA","2025-09-15","","54.61425"
"COPACABANA - CIUDADELA EDUCATIVA LA VIDA","2025-09-14","","70.7765"
"COPACABANA - CIUDADELA EDUCATIVA LA VIDA","2025-09-13","","82.773375"
"COPACABANA - CIUDADELA EDUCATIVA LA VIDA","2025-09-12","","95.48533333"
"COPACABANA - CIUDADELA EDUCATIVA LA VIDA","2025-09-11","","80.481625"
"COPACABANA - CIUDADELA EDUCATIVA LA VIDA","2025-09-10","","79.77179167"
"COPACABANA - CIUDADELA EDUCATIVA LA VIDA","2025-09-09","","97.20929167"
"COPACABANA - CIUDADELA EDUCATIVA LA VIDA","2025-09-08","","53.36645833"
"COPACABANA - CIUDADELA EDUCATIVA LA VIDA","2025-09-07","","116.72804167"
"COPACABANA - CIUDADELA EDUCATIVA LA VIDA","2025-09-06","","78.15004167"
"COPACABANA - CIUDADELA EDUCATIVA LA VIDA","2025-09-05","","69.01716667"
"COPACABANA - CIUDADELA EDUCATIVA LA VIDA","2025-09-04","","94.482625"
"COPACABANA - CIUDADELA EDUCATIVA LA VIDA","2025-09-03","","80.41620833"
"COPACABANA - CIUDADELA EDUCATIVA LA VIDA","2025-09-02","","72.99316667"
"COPACABANA - CIUDADELA EDUCATIVA LA VIDA","2025-09-01","","100.62104167"
"COPACABANA - CIUDADELA EDUCATIVA LA VIDA","2025-08-31","","95.82071107"
"COPACABANA - CIUDADELA EDUCATIVA LA VIDA","2025-08-30","","92.96962637"
"COPACABANA - CIUDADELA EDUCATIVA LA VIDA","2025-08-29","","101.10897389"
"COPACABANA - CIUDADELA EDUCATIVA LA VIDA","2025-08-28","","125.44151529"
"COPACABANA - CIUDADELA EDUCATIVA LA VIDA","2025-08-27","","74.19447244"
"COPACABANA - CIUDADELA EDUCATIVA LA VIDA","2025-08-25","","86.65742643"
"COPACABANA - CIUDADELA EDUCATIVA LA VIDA","2025-08-24","","74.80762513"
"COPACABANA - CIUDADELA EDUCATIVA LA VIDA","2025-08-23","","92.35908299"
"COPACABANA - CIUDADELA EDUCATIVA LA VIDA","2025-08-22","","91.15853377"
"COPACABANA - CIUDADELA EDUCATIVA LA VIDA","2025-08-21","","55.76452057"
"COPACABANA - CIUDADELA EDUCATIVA LA VIDA","2025-08-19","","117.87603763"
"COPACABANA - CIUDADELA EDUCATIVA LA VIDA","2025-08-18","","114.7920295"
"COPACABANA - CIUDADELA EDUCATIVA LA VIDA","2025-08-17","","134.50456014"
"COPACABANA - CIUDADELA EDUCATIVA LA VIDA","2025-08-16","","114.55645016"
"COPACABANA - CIUDADELA EDUCATIVA LA VIDA","2025-08-15","","120.33628002"
"COPACABANA - CIUDADELA EDUCATIVA LA VIDA","2025-08-14","","81.5052087"
"COPACABANA - CIUDADELA EDUCATIVA LA VIDA","2025-08-13","","81.4776088"
"COPACABANA - CIUDADELA EDUCATIVA LA VIDA","2025-08-12","","81.81237239"
"COPACABANA - CIUDADELA EDUCATIVA LA VIDA","2025-08-11","","104.84326975"
"COPACABANA - CIUDADELA EDUCATIVA LA VIDA","2025-08-10","","164.38818764"
"COPACABANA - CIUDADELA EDUCATIVA LA VIDA","2025-08-09","","176.5662069"
"COPACABANA - CIUDADELA EDUCATIVA LA VIDA","2025-08-08","","124.24841825"
"COPACABANA - CIUDADELA EDUCATIVA LA VIDA","2025-08-07","","117.00173764"
"COPACABANA - CIUDADELA EDUCATIVA LA VIDA","2025-08-06","","73.44332353"
"COPACABANA - CIUDADELA EDUCATIVA LA VIDA","2025-08-05","","100.43792875"
"COPACABANA - CIUDADELA EDUCATIVA LA VIDA","2025-08-04","","69.54377556"
"COPACABANA - CIUDADELA EDUCATIVA LA VIDA","2025-08-03","","93.67902785"
"COPACABANA - CIUDADELA EDUCATIVA LA VIDA","2025-08-02","","132.65819856"
"COPACABANA - CIUDADELA EDUCATIVA LA VIDA","2025-08-01","","72.19973963"
"COPACABANA - CIUDADELA EDUCATIVA LA VIDA","2025-07-31","","71.84609929"
"COPACABANA - CIUDADELA EDUCATIVA LA VIDA","2025-07-30","","113.33351108"
"COPACABANA - CIUDADELA EDUCATIVA LA VIDA","2025-07-29","","79.53081358"
"COPACABANA - CIUDADELA EDUCATIVA LA VIDA","2025-07-28","","107.11998414"
"COPACABANA - CIUDADELA EDUCATIVA LA VIDA","2025-07-27","","115.96459959"
"COPACABANA - CIUDADELA EDUCATIVA LA VIDA","2025-07-26","","151.91174192"
"COPACABANA - CIUDADELA EDUCATIVA LA VIDA","2025-07-25","","117.40081189"
"COPACABANA - CIUDADELA EDUCATIVA LA VIDA","2025-07-24","","84.5336439"
"COPACABANA - CIUDADELA EDUCATIVA LA VIDA","2025-07-23","","62.39374279"
"COPACABANA - CIUDADELA EDUCATIVA LA VIDA","2025-07-22","","75.06046161"
"COPACABANA - CIUDADELA EDUCATIVA LA VIDA","2025-07-21","","77.94720745"
"COPACABANA - CIUDADELA EDUCATIVA LA VIDA","2025-07-20","","76.71974427"
"COPACABANA - CIUDADELA EDUCATIVA LA VIDA","2025-07-19","","88.91230248"
"COPACABANA - CIUDADELA EDUCATIVA LA VIDA","2025-07-18","","114.19938041"
"COPACABANA - CIUDADELA EDUCATIVA LA VIDA","2025-07-17","","101.99283632"
"COPACABANA - CIUDADELA EDUCATIVA LA VIDA","2025-07-16","","88.753527"
"COPACABANA - CIUDADELA EDUCATIVA LA VIDA","2025-07-15","","87.5181445"
"COPACABANA - CIUDADELA EDUCATIVA LA VIDA","2025-07-14","","76.88835143"
"COPACABANA - CIUDADELA EDUCATIVA LA VIDA","2025-07-13","","72.52995564"
"COPACABANA - CIUDADELA EDUCATIVA LA VIDA","2025-07-12","","78.52483259"
"COPACABANA - CIUDADELA EDUCATIVA LA VIDA","2025-07-11","","65.44525642"
"COPACABANA - CIUDADELA EDUCATIVA LA VIDA","2025-07-10","","78.09952182"
"COPACABANA - CIUDADELA EDUCATIVA LA VIDA","2025-07-09","","88.88096686"
"COPACABANA - CIUDADELA EDUCATIVA LA VIDA","2025-07-08","","93.6423086"
"COPACABANA - CIUDADELA EDUCATIVA LA VIDA","2025-07-07","","78.56826392"
"COPACABANA - CIUDADELA EDUCATIVA LA VIDA","2025-07-06","","64.85402834"
"COPACABANA - CIUDADELA EDUCATIVA LA VIDA","2025-07-05","","80.32400593"
"COPACABANA - CIUDADELA EDUCATIVA LA VIDA","2025-07-04","","64.72457797"
"COPACABANA - CIUDADELA EDUCATIVA LA VIDA","2025-07-03","","67.55958083"
"COPACABANA - CIUDADELA EDUCATIVA LA VIDA","2025-07-02","","87.65925945"
"COPACABANA - CIUDADELA EDUCATIVA LA VIDA","2025-07-01","","73.06780723"
"COPACABANA - CIUDADELA EDUCATIVA LA VIDA","2025-06-30","","98.0879881"
"COPACABANA - CIUDADELA EDUCATIVA LA VIDA","2025-06-29","","93.06463398"
"COPACABANA - CIUDADELA EDUCATIVA LA VIDA","2025-06-28","","86.47371789"
"COPACABANA - CIUDADELA EDUCATIVA LA VIDA","2025-06-27","","99.69362201"
"COPACABANA - CIUDADELA EDUCATIVA LA VIDA","2025-06-26","","93.77902969"
"COPACABANA - CIUDADELA EDUCATIVA LA VIDA","2025-06-25","","117.98480175"
"COPACABANA - CIUDADELA EDUCATIVA LA VIDA","2025-06-24","","117.93358899"
"COPACABANA - CIUDADELA EDUCATIVA LA VIDA","2025-06-23","","145.69278564"
"COPACABANA - CIUDADELA EDUCATIVA LA VIDA","2025-06-22","","106.47308726"
"COPACABANA - CIUDADELA EDUCATIVA LA VIDA","2025-06-21","","68.45132466"
"COPACABANA - CIUDADELA EDUCATIVA LA VIDA","2025-06-20","","95.44142297"
"COPACABANA - CIUDADELA EDUCATIVA LA VIDA","2025-06-19","","106.2058403"
"COPACABANA - CIUDADELA EDUCATIVA LA VIDA","2025-06-18","","99.0031589"
"COPACABANA - CIUDADELA EDUCATIVA LA VIDA","2025-05-28","","77.21041922"
"COPACABANA - CIUDADELA EDUCATIVA LA VIDA","2025-05-27","","56.50047477"
"COPACABANA - CIUDADELA EDUCATIVA LA VIDA","2025-05-26","","54.03320334"
"COPACABANA - CIUDADELA EDUCATIVA LA VIDA","2025-05-25","","57.63151801"
"COPACABANA - CIUDADELA EDUCATIVA LA VIDA","2025-05-24","","57.99461374"
"COPACABANA - CIUDADELA EDUCATIVA LA VIDA","2025-05-23","","64.90647469"
"COPACABANA - CIUDADELA EDUCATIVA LA VIDA","2025-05-22","","84.63577396"
"COPACABANA - CIUDADELA EDUCATIVA LA VIDA","2025-05-21","","78.19809791"
"COPACABANA - CIUDADELA EDUCATIVA LA VIDA","2025-05-20","","155.2467663"
"COPACABANA - CIUDADELA EDUCATIVA LA VIDA","2025-05-19","","88.75380793"
"COPACABANA - CIUDADELA EDUCATIVA LA VIDA","2025-05-18","","104.68912662"
"COPACABANA - CIUDADELA EDUCATIVA LA VIDA","2025-05-17","","130.86577881"
"COPACABANA - CIUDADELA EDUCATIVA LA VIDA","2025-05-16","","80.29867124"
"COPACABANA - CIUDADELA EDUCATIVA LA VIDA","2025-05-15","","98.37942596"
"COPACABANA - CIUDADELA EDUCATIVA LA VIDA","2025-05-14","","69.39957333"
"COPACABANA - CIUDADELA EDUCATIVA LA VIDA","2025-05-13","","91.79015754"
"COPACABANA - CIUDADELA EDUCATIVA LA VIDA","2025-05-12","","67.11903471"
"COPACABANA - CIUDADELA EDUCATIVA LA VIDA","2025-05-11","","87.6569778"
"COPACABANA - CIUDADELA EDUCATIVA LA VIDA","2025-05-10","","93.67811413"
"COPACABANA - CIUDADELA EDUCATIVA LA VIDA","2025-05-09","","73.13920204"
"COPACABANA - CIUDADELA EDUCATIVA LA VIDA","2025-05-08","","79.71889101"
"COPACABANA - CIUDADELA EDUCATIVA LA VIDA","2025-05-07","","82.76278425"
"COPACABANA - CIUDADELA EDUCATIVA LA VIDA","2025-05-06","","121.46573793"
"COPACABANA - CIUDADELA EDUCATIVA LA VIDA","2025-05-05","","147.58698702"
"COPACABANA - CIUDADELA EDUCATIVA LA VIDA","2025-05-04","","66.88131399"
"COPACABANA - CIUDADELA EDUCATIVA LA VIDA","2025-05-03","","56.41889803"
"COPACABANA - CIUDADELA EDUCATIVA LA VIDA","2025-05-02","","68.68502321"
"COPACABANA - CIUDADELA EDUCATIVA LA VIDA","2025-05-01","","79.23829117"
"COPACABANA - CIUDADELA EDUCATIVA LA VIDA","2025-04-30","","155.46607776"
"COPACABANA - CIUDADELA EDUCATIVA LA VIDA","2025-04-29","","87.14535744"
"COPACABANA - CIUDADELA EDUCATIVA LA VIDA","2025-04-28","","87.22792144"
"COPACABANA - CIUDADELA EDUCATIVA LA VIDA","2025-04-27","","82.05731769"
"COPACABANA - CIUDADELA EDUCATIVA LA VIDA","2025-04-26","","76.88351064"
"COPACABANA - CIUDADELA EDUCATIVA LA VIDA","2025-04-25","","97.38509372"
"COPACABANA - CIUDADELA EDUCATIVA LA VIDA","2025-04-24","","54.7925284"
"COPACABANA - CIUDADELA EDUCATIVA LA VIDA","2025-04-23","","49.2552801"
"COPACABANA - CIUDADELA EDUCATIVA LA VIDA","2025-04-22","","97.24281621"
"COPACABANA - CIUDADELA EDUCATIVA LA VIDA","2025-04-21","","98.44130254"
"COPACABANA - CIUDADELA EDUCATIVA LA VIDA","2025-04-20","","127.1812489"
"COPACABANA - CIUDADELA EDUCATIVA LA VIDA","2025-04-19","","76.40187477"
"COPACABANA - CIUDADELA EDUCATIVA LA VIDA","2025-04-18","","55.90175644"
"COPACABANA - CIUDADELA EDUCATIVA LA VIDA","2025-04-17","","79.00794312"
"COPACABANA - CIUDADELA EDUCATIVA LA VIDA","2025-04-16","","68.58236622"
"COPACABANA - CIUDADELA EDUCATIVA LA VIDA","2025-04-15","","94.08742247"
"COPACABANA - CIUDADELA EDUCATIVA LA VIDA","2025-04-14","","62.48230591"
"COPACABANA - CIUDADELA EDUCATIVA LA VIDA","2025-04-13","","55.75423198"
"COPACABANA - CIUDADELA EDUCATIVA LA VIDA","2025-04-12","","69.57322208"
"COPACABANA - CIUDADELA EDUCATIVA LA VIDA","2025-04-11","","148.64509719"
"COPACABANA - CIUDADELA EDUCATIVA LA VIDA","2025-04-10","","77.19805685"
"COPACABANA - CIUDADELA EDUCATIVA LA VIDA","2025-04-09","","92.61650789"
"COPACABANA - CIUDADELA EDUCATIVA LA VIDA","2025-04-08","","93.81869539"
"COPACABANA - CIUDADELA EDUCATIVA LA VIDA","2025-04-07","","107.05640001"
"COPACABANA - CIUDADELA EDUCATIVA LA VIDA","2025-04-06","","117.32487208"
"COPACABANA - CIUDADELA EDUCATIVA LA VIDA","2025-04-05","","121.24076416"
"COPACABANA - CIUDADELA EDUCATIVA LA VIDA","2025-04-04","","131.06476717"
"COPACABANA - CIUDADELA EDUCATIVA LA VIDA","2025-04-03","","108.89122799"
"COPACABANA - CIUDADELA EDUCATIVA LA VIDA","2025-04-02","","95.89866024"
"COPACABANA - CIUDADELA EDUCATIVA LA VIDA","2025-04-01","","49.60555593"
"COPACABANA - CIUDADELA EDUCATIVA LA VIDA","2025-03-31","","63.23209153"
"COPACABANA - CIUDADELA EDUCATIVA LA VIDA","2025-03-30","","123.29511654"
"COPACABANA - CIUDADELA EDUCATIVA LA VIDA","2025-03-29","","97.47716796"
"COPACABANA - CIUDADELA EDUCATIVA LA VIDA","2025-03-28","","120.1294506"
"COPACABANA - CIUDADELA EDUCATIVA LA VIDA","2025-03-27","","98.79013393"
"COPACABANA - CIUDADELA EDUCATIVA LA VIDA","2025-03-26","","53.30778857"
"COPACABANA - CIUDADELA EDUCATIVA LA VIDA","2025-03-25","","103.34175874"
"COPACABANA - CIUDADELA EDUCATIVA LA VIDA","2025-03-24","","83.374844"
"COPACABANA - CIUDADELA EDUCATIVA LA VIDA","2025-03-23","","68.02070511"
"COPACABANA - CIUDADELA EDUCATIVA LA VIDA","2025-03-22","","75.86193839"
"COPACABANA - CIUDADELA EDUCATIVA LA VIDA","2025-03-21","","87.98108035"
"COPACABANA - CIUDADELA EDUCATIVA LA VIDA","2025-03-20","","46.19398632"
"COPACABANA - CIUDADELA EDUCATIVA LA VIDA","2025-03-19","","51.41164572"
"COPACABANA - CIUDADELA EDUCATIVA LA VIDA","2025-03-18","","77.6643201"
"COPACABANA - CIUDADELA EDUCATIVA LA VIDA","2025-03-17","","96.33932756"
"COPACABANA - CIUDADELA EDUCATIVA LA VIDA","2025-03-16","","84.96081098"
"COPACABANA - CIUDADELA EDUCATIVA LA VIDA","2025-03-15","","75.56668889"
"COPACABANA - CIUDADELA EDUCATIVA LA VIDA","2025-03-14","","141.44690845"
"COPACABANA - CIUDADELA EDUCATIVA LA VIDA","2025-03-13","","111.72910942"
"COPACABANA - CIUDADELA EDUCATIVA LA VIDA","2025-03-12","","66.63731253"
"COPACABANA - CIUDADELA EDUCATIVA LA VIDA","2025-03-11","","107.50705684"
"COPACABANA - CIUDADELA EDUCATIVA LA VIDA","2025-03-10","","78.97709848"
"COPACABANA - CIUDADELA EDUCATIVA LA VIDA","2025-03-09","","53.60196824"
"COPACABANA - CIUDADELA EDUCATIVA LA VIDA","2025-03-08","","59.40441535"
"COPACABANA - CIUDADELA EDUCATIVA LA VIDA","2025-03-07","","55.15132814"
"COPACABANA - CIUDADELA EDUCATIVA LA VIDA","2025-03-06","","60.05741806"
"COPACABANA - CIUDADELA EDUCATIVA LA VIDA","2025-03-05","","68.78653289"
"COPACABANA - CIUDADELA EDUCATIVA LA VIDA","2025-03-04","","103.54683779"
"COPACABANA - CIUDADELA EDUCATIVA LA VIDA","2025-03-03","","70.13829852"
"COPACABANA - CIUDADELA EDUCATIVA LA VIDA","2025-03-02","","67.35345285"
"COPACABANA - CIUDADELA EDUCATIVA LA VIDA","2025-03-01","","96.91523825"
"COPACABANA - CIUDADELA EDUCATIVA LA VIDA","2025-02-28","","108.84796323"
"COPACABANA - CIUDADELA EDUCATIVA LA VIDA","2025-02-27","","44.32695927"
"COPACABANA - CIUDADELA EDUCATIVA LA VIDA","2025-02-26","","61.26205689"
"COPACABANA - CIUDADELA EDUCATIVA LA VIDA","2025-02-25","","72.78464662"
"COPACABANA - CIUDADELA EDUCATIVA LA VIDA","2025-02-24","","100.39596149"
"COPACABANA - CIUDADELA EDUCATIVA LA VIDA","2025-02-23","","39.05258482"
"COPACABANA - CIUDADELA EDUCATIVA LA VIDA","2025-02-22","","83.06438124"
"COPACABANA - CIUDADELA EDUCATIVA LA VIDA","2025-02-21","","67.61060412"
"COPACABANA - CIUDADELA EDUCATIVA LA VIDA","2025-02-20","","47.5544801"
"COPACABANA - CIUDADELA EDUCATIVA LA VIDA","2025-02-19","","70.36296422"
"COPACABANA - CIUDADELA EDUCATIVA LA VIDA","2025-02-18","","107.54391777"
"COPACABANA - CIUDADELA EDUCATIVA LA VIDA","2025-02-17","","73.82594457"
"COPACABANA - CIUDADELA EDUCATIVA LA VIDA","2025-02-16","","112.022937"
"COPACABANA - CIUDADELA EDUCATIVA LA VIDA","2025-02-15","","75.49812237"
"COPACABANA - CIUDADELA EDUCATIVA LA VIDA","2025-02-14","","65.6082121"
"COPACABANA - CIUDADELA EDUCATIVA LA VIDA","2025-02-13","","111.52145945"
"COPACABANA - CIUDADELA EDUCATIVA LA VIDA","2025-02-12","","97.1080981"
"COPACABANA - CIUDADELA EDUCATIVA LA VIDA","2025-02-11","","69.31577151"
"COPACABANA - CIUDADELA EDUCATIVA LA VIDA","2025-02-10","","45.10493819"
"COPACABANA - CIUDADELA EDUCATIVA LA VIDA","2025-02-09","","75.03583984"
"COPACABANA - CIUDADELA EDUCATIVA LA VIDA","2025-02-08","","91.43164923"
"COPACABANA - CIUDADELA EDUCATIVA LA VIDA","2025-02-07","","89.98530971"
"COPACABANA - CIUDADELA EDUCATIVA LA VIDA","2025-02-06","","48.11188233"
"COPACABANA - CIUDADELA EDUCATIVA LA VIDA","2025-02-05","","82.46046768"
"COPACABANA - CIUDADELA EDUCATIVA LA VIDA","2025-02-04","","130.3541329"
"COPACABANA - CIUDADELA EDUCATIVA LA VIDA","2025-02-03","","32.71060372"
"COPACABANA - CIUDADELA EDUCATIVA LA VIDA","2025-02-02","","61.91225758"
"COPACABANA - CIUDADELA EDUCATIVA LA VIDA","2025-02-01","","84.92214095"
"COPACABANA - CIUDADELA EDUCATIVA LA VIDA","2025-01-31","","57.37831597"
"COPACABANA - CIUDADELA EDUCATIVA LA VIDA","2025-01-30","","49.96973287"
"COPACABANA - CIUDADELA EDUCATIVA LA VIDA","2025-01-29","","61.16578698"
"COPACABANA - CIUDADELA EDUCATIVA LA VIDA","2025-01-28","","54.53318588"
"COPACABANA - CIUDADELA EDUCATIVA LA VIDA","2025-01-27","","54.3312883"
"COPACABANA - CIUDADELA EDUCATIVA LA VIDA","2025-01-26","","69.30768905"
"COPACABANA - CIUDADELA EDUCATIVA LA VIDA","2025-01-25","","61.11390701"
"COPACABANA - CIUDADELA EDUCATIVA LA VIDA","2025-01-24","","75.62455299"
"COPACABANA - CIUDADELA EDUCATIVA LA VIDA","2025-01-23","","68.38329881"
"COPACABANA - CIUDADELA EDUCATIVA LA VIDA","2025-01-22","","80.31087983"
"COPACABANA - CIUDADELA EDUCATIVA LA VIDA","2025-01-21","","83.17778323"
"COPACABANA - CIUDADELA EDUCATIVA LA VIDA","2025-01-20","","91.41453877"
"COPACABANA - CIUDADELA EDUCATIVA LA VIDA","2025-01-19","","69.11557169"
"COPACABANA - CIUDADELA EDUCATIVA LA VIDA","2025-01-18","","79.98989587"
"COPACABANA - CIUDADELA EDUCATIVA LA VIDA","2025-01-17","","62.77247962"
"COPACABANA - CIUDADELA EDUCATIVA LA VIDA","2025-01-16","","70.90415456"
"COPACABANA - CIUDADELA EDUCATIVA LA VIDA","2025-01-15","","76.28177979"
"COPACABANA - CIUDADELA EDUCATIVA LA VIDA","2025-01-14","","78.45467839"
"COPACABANA - CIUDADELA EDUCATIVA LA VIDA","2025-01-13","","72.99821186"
"COPACABANA - CIUDADELA EDUCATIVA LA VIDA","2025-01-12","","62.4311413"
"COPACABANA - CIUDADELA EDUCATIVA LA VIDA","2025-01-11","","46.27797112"
"COPACABANA - CIUDADELA EDUCATIVA LA VIDA","2025-01-10","","79.24513578"
"COPACABANA - CIUDADELA EDUCATIVA LA VIDA","2025-01-09","","58.36716736"
"COPACABANA - CIUDADELA EDUCATIVA LA VIDA","2025-01-08","","50.18759608"
"COPACABANA - CIUDADELA EDUCATIVA LA VIDA","2025-01-07","","66.37281165"
"COPACABANA - CIUDADELA EDUCATIVA LA VIDA","2025-01-06","","69.60498261"
"COPACABANA - CIUDADELA EDUCATIVA LA VIDA","2025-01-05","","87.24577051"
"COPACABANA - CIUDADELA EDUCATIVA LA VIDA","2025-01-04","","112.31529085"
"COPACABANA - CIUDADELA EDUCATIVA LA VIDA","2025-01-03","","108.22499502"
"COPACABANA - CIUDADELA EDUCATIVA LA VIDA","2025-01-02","","106.87703098"
"COPACABANA - CIUDADELA EDUCATIVA LA VIDA","2025-01-01","","69.43273265"
"COPACABANA - CIUDADELA EDUCATIVA LA VIDA","2024-12-31","","61.85477256"
"COPACABANA - CIUDADELA EDUCATIVA LA VIDA","2024-12-30","","75.78324121"
"COPACABANA - CIUDADELA EDUCATIVA LA VIDA","2024-12-29","","54.69421636"
"COPACABANA - CIUDADELA EDUCATIVA LA VIDA","2024-12-28","","68.51827598"
"COPACABANA - CIUDADELA EDUCATIVA LA VIDA","2024-12-27","","127.41302396"
"COPACABANA - CIUDADELA EDUCATIVA LA VIDA","2024-12-26","","135.98522252"
"COPACABANA - CIUDADELA EDUCATIVA LA VIDA","2024-12-25","","52.96306127"
"COPACABANA - CIUDADELA EDUCATIVA LA VIDA","2024-12-24","","115.31499849"
"COPACABANA - CIUDADELA EDUCATIVA LA VIDA","2024-12-23","","44.0624502"
"COPACABANA - CIUDADELA EDUCATIVA LA VIDA","2024-12-22","","70.33268642"
"COPACABANA - CIUDADELA EDUCATIVA LA VIDA","2024-12-21","","79.03548921"
"COPACABANA - CIUDADELA EDUCATIVA LA VIDA","2024-12-20","","69.09160087"
"COPACABANA - CIUDADELA EDUCATIVA LA VIDA","2024-12-19","","93.07002854"
"COPACABANA - CIUDADELA EDUCATIVA LA VIDA","2024-12-18","","62.78646175"
"COPACABANA - CIUDADELA EDUCATIVA LA VIDA","2024-12-17","","43.97362946"
"COPACABANA - CIUDADELA EDUCATIVA LA VIDA","2024-12-16","","41.39436832"
"COPACABANA - CIUDADELA EDUCATIVA LA VIDA","2024-12-15","","93.21246509"
"COPACABANA - CIUDADELA EDUCATIVA LA VIDA","2024-12-14","","38.80901678"
"COPACABANA - CIUDADELA EDUCATIVA LA VIDA","2024-12-13","","44.37589611"
"COPACABANA - CIUDADELA EDUCATIVA LA VIDA","2024-12-12","","80.53986493"
"COPACABANA - CIUDADELA EDUCATIVA LA VIDA","2024-12-11","","83.41094771"
"COPACABANA - CIUDADELA EDUCATIVA LA VIDA","2024-12-10","","91.66235503"
"COPACABANA - CIUDADELA EDUCATIVA LA VIDA","2024-12-09","","74.1846669"
"COPACABANA - CIUDADELA EDUCATIVA LA VIDA","2024-12-08","","82.94500693"
"COPACABANA - CIUDADELA EDUCATIVA LA VIDA","2024-12-07","","73.3505847"
"COPACABANA - CIUDADELA EDUCATIVA LA VIDA","2024-12-06","","63.59784991"
"COPACABANA - CIUDADELA EDUCATIVA LA VIDA","2024-12-05","","60.76062852"
"COPACABANA - CIUDADELA EDUCATIVA LA VIDA","2024-12-04","","89.76632587"
"COPACABANA - CIUDADELA EDUCATIVA LA VIDA","2024-12-03","","81.40978656"
"COPACABANA - CIUDADELA EDUCATIVA LA VIDA","2024-12-02","","73.97944936"
"COPACABANA - CIUDADELA EDUCATIVA LA VIDA","2024-12-01","","70.26712227"
"COPACABANA - CIUDADELA EDUCATIVA LA VIDA","2024-11-30","","71.55589751"
"COPACABANA - CIUDADELA EDUCATIVA LA VIDA","2024-11-29","","56.80374359"
"COPACABANA - CIUDADELA EDUCATIVA LA VIDA","2024-11-28","","53.69115014"
"COPACABANA - CIUDADELA EDUCATIVA LA VIDA","2024-11-27","","72.90844941"
"COPACABANA - CIUDADELA EDUCATIVA LA VIDA","2024-11-26","","61.61647257"
"COPACABANA - CIUDADELA EDUCATIVA LA VIDA","2024-11-25","","67.27862467"
"COPACABANA - CIUDADELA EDUCATIVA LA VIDA","2024-11-24","","75.78059906"
"COPACABANA - CIUDADELA EDUCATIVA LA VIDA","2024-11-23","","89.62805671"
"COPACABANA - CIUDADELA EDUCATIVA LA VIDA","2024-11-22","","74.73399742"
"COPACABANA - CIUDADELA EDUCATIVA LA VIDA","2024-11-21","","62.54977618"
"COPACABANA - CIUDADELA EDUCATIVA LA VIDA","2024-11-20","","99.63739626"
"COPACABANA - CIUDADELA EDUCATIVA LA VIDA","2024-11-19","","162.81474343"
"COPACABANA - CIUDADELA EDUCATIVA LA VIDA","2024-11-18","","104.13448543"
"COPACABANA - CIUDADELA EDUCATIVA LA VIDA","2024-11-17","","60.8713684"
"COPACABANA - CIUDADELA EDUCATIVA LA VIDA","2024-11-16","","76.99290265"
"COPACABANA - CIUDADELA EDUCATIVA LA VIDA","2024-11-15","","47.04370672"
"COPACABANA - CIUDADELA EDUCATIVA LA VIDA","2024-11-14","","135.3633534"
"COPACABANA - CIUDADELA EDUCATIVA LA VIDA","2024-11-13","","138.01659394"
"COPACABANA - CIUDADELA EDUCATIVA LA VIDA","2024-11-12","","103.26784817"
"COPACABANA - CIUDADELA EDUCATIVA LA VIDA","2024-11-11","","162.36916711"
"COPACABANA - CIUDADELA EDUCATIVA LA VIDA","2024-11-10","","99.00593998"
"COPACABANA - CIUDADELA EDUCATIVA LA VIDA","2024-11-09","","190.93263612"
"COPACABANA - CIUDADELA EDUCATIVA LA VIDA","2024-11-08","","165.75451141"
"COPACABANA - CIUDADELA EDUCATIVA LA VIDA","2024-11-07","","99.27675735"
"COPACABANA - CIUDADELA EDUCATIVA LA VIDA","2024-11-06","","63.93782307"
"COPACABANA - CIUDADELA EDUCATIVA LA VIDA","2024-11-05","","103.62664133"
"COPACABANA - CIUDADELA EDUCATIVA LA VIDA","2024-11-04","","143.55403549"
"COPACABANA - CIUDADELA EDUCATIVA LA VIDA","2024-11-03","","161.66498363"
"COPACABANA - CIUDADELA EDUCATIVA LA VIDA","2024-11-02","","146.02101536"
"COPACABANA - CIUDADELA EDUCATIVA LA VIDA","2024-11-01","","142.17554908"
"COPACABANA - CIUDADELA EDUCATIVA LA VIDA","2024-10-31","","135.16219314"
"COPACABANA - CIUDADELA EDUCATIVA LA VIDA","2024-10-30","","152.93416526"
"COPACABANA - CIUDADELA EDUCATIVA LA VIDA","2024-10-29","","70.58569788"
"COPACABANA - CIUDADELA EDUCATIVA LA VIDA","2024-10-28","","75.78800927"
"COPACABANA - CIUDADELA EDUCATIVA LA VIDA","2024-10-27","","49.82175161"
"COPACABANA - CIUDADELA EDUCATIVA LA VIDA","2024-10-26","","63.90376694"
"COPACABANA - CIUDADELA EDUCATIVA LA VIDA","2024-10-25","","59.48148281"
"COPACABANA - CIUDADELA EDUCATIVA LA VIDA","2024-10-24","","62.14246151"
"COPACABANA - CIUDADELA EDUCATIVA LA VIDA","2024-10-23","","45.01970934"
"COPACABANA - CIUDADELA EDUCATIVA LA VIDA","2024-10-22","","65.63835598"
"COPACABANA - CIUDADELA EDUCATIVA LA VIDA","2024-10-21","","170.1441847"
"COPACABANA - CIUDADELA EDUCATIVA LA VIDA","2024-10-20","","177.34770089"
"COPACABANA - CIUDADELA EDUCATIVA LA VIDA","2024-10-19","","143.1448236"
"COPACABANA - CIUDADELA EDUCATIVA LA VIDA","2024-10-18","","56.19841702"
"COPACABANA - CIUDADELA EDUCATIVA LA VIDA","2024-10-17","","68.12302636"
"COPACABANA - CIUDADELA EDUCATIVA LA VIDA","2024-10-16","","83.27977712"
"COPACABANA - CIUDADELA EDUCATIVA LA VIDA","2024-10-15","","111.08459905"
"COPACABANA - CIUDADELA EDUCATIVA LA VIDA","2024-10-14","","69.79365816"
"COPACABANA - CIUDADELA EDUCATIVA LA VIDA","2024-10-13","","74.10260422"
"COPACABANA - CIUDADELA EDUCATIVA LA VIDA","2024-10-12","","57.68903729"
"COPACABANA - CIUDADELA EDUCATIVA LA VIDA","2024-10-11","","80.30060312"
"COPACABANA - CIUDADELA EDUCATIVA LA VIDA","2024-10-10","","93.49591627"
"COPACABANA - CIUDADELA EDUCATIVA LA VIDA","2024-10-09","","74.75121521"
"COPACABANA - CIUDADELA EDUCATIVA LA VIDA","2024-10-08","","127.43966902"
"COPACABANA - CIUDADELA EDUCATIVA LA VIDA","2024-10-07","","132.08989744"
"COPACABANA - CIUDADELA EDUCATIVA LA VIDA","2024-10-06","","67.9522694"
"COPACABANA - CIUDADELA EDUCATIVA LA VIDA","2024-10-05","","110.94524749"
"COPACABANA - CIUDADELA EDUCATIVA LA VIDA","2024-10-04","","82.55646121"
"COPACABANA - CIUDADELA EDUCATIVA LA VIDA","2024-10-03","","70.28209351"
"COPACABANA - CIUDADELA EDUCATIVA LA VIDA","2024-10-02","","80.98067107"
"COPACABANA - CIUDADELA EDUCATIVA LA VIDA","2024-10-01","","66.82222297"
"COPACABANA - CIUDADELA EDUCATIVA LA VIDA","2024-09-30","","104.4399266"
"COPACABANA - CIUDADELA EDUCATIVA LA VIDA","2024-09-29","","97.86151673"
"COPACABANA - CIUDADELA EDUCATIVA LA VIDA","2024-09-28","","171.88628977"
"COPACABANA - CIUDADELA EDUCATIVA LA VIDA","2024-09-27","","138.4718019"
"COPACABANA - CIUDADELA EDUCATIVA LA VIDA","2024-09-26","","89.88468213"
"COPACABANA - CIUDADELA EDUCATIVA LA VIDA","2024-09-25","","72.41072816"
"COPACABANA - CIUDADELA EDUCATIVA LA VIDA","2024-09-24","","50.27795038"
"COPACABANA - CIUDADELA EDUCATIVA LA VIDA","2024-09-23","","112.58245975"
"COPACABANA - CIUDADELA EDUCATIVA LA VIDA","2024-09-22","","105.89846202"
"COPACABANA - CIUDADELA EDUCATIVA LA VIDA","2024-09-21","","93.4057993"
"COPACABANA - CIUDADELA EDUCATIVA LA VIDA","2024-09-20","","75.36168477"
"COPACABANA - CIUDADELA EDUCATIVA LA VIDA","2024-09-19","","50.86692223"
"COPACABANA - CIUDADELA EDUCATIVA LA VIDA","2024-09-18","","103.39851656"
"COPACABANA - CIUDADELA EDUCATIVA LA VIDA","2024-09-17","","74.06819988"
"COPACABANA - CIUDADELA EDUCATIVA LA VIDA","2024-09-16","","55.36425119"
"COPACABANA - CIUDADELA EDUCATIVA LA VIDA","2024-09-15","","45.65435396"
"COPACABANA - CIUDADELA EDUCATIVA LA VIDA","2024-09-14","","59.98104533"
"COPACABANA - CIUDADELA EDUCATIVA LA VIDA","2024-09-13","","67.73248214"
"COPACABANA - CIUDADELA EDUCATIVA LA VIDA","2024-09-12","","48.69403218"
"COPACABANA - CIUDADELA EDUCATIVA LA VIDA","2024-09-11","","53.01321694"
"COPACABANA - CIUDADELA EDUCATIVA LA VIDA","2024-09-10","","62.65480339"
"COPACABANA - CIUDADELA EDUCATIVA LA VIDA","2024-09-09","","85.51598395"
"COPACABANA - CIUDADELA EDUCATIVA LA VIDA","2024-09-08","","84.97781062"
"COPACABANA - CIUDADELA EDUCATIVA LA VIDA","2024-09-07","","54.32346801"
"COPACABANA - CIUDADELA EDUCATIVA LA VIDA","2024-09-06","","57.01677283"
"COPACABANA - CIUDADELA EDUCATIVA LA VIDA","2024-09-05","","69.5458311"
"COPACABANA - CIUDADELA EDUCATIVA LA VIDA","2024-09-04","","52.52377313"
"COPACABANA - CIUDADELA EDUCATIVA LA VIDA","2024-09-03","","69.54579607"
"COPACABANA - CIUDADELA EDUCATIVA LA VIDA","2024-09-02","","72.68785306"
"COPACABANA - CIUDADELA EDUCATIVA LA VIDA","2024-09-01","","141.02242785"
"COPACABANA - CIUDADELA EDUCATIVA LA VIDA","2024-08-31","","83.68240847"
"COPACABANA - CIUDADELA EDUCATIVA LA VIDA","2024-08-30","","69.41968599"
"COPACABANA - CIUDADELA EDUCATIVA LA VIDA","2024-08-29","","115.79164206"
"COPACABANA - CIUDADELA EDUCATIVA LA VIDA","2024-08-28","","46.04962393"
"COPACABANA - CIUDADELA EDUCATIVA LA VIDA","2024-08-27","","60.26869018"
"COPACABANA - CIUDADELA EDUCATIVA LA VIDA","2024-08-26","","67.43351945"
"COPACABANA - CIUDADELA EDUCATIVA LA VIDA","2024-08-25","","64.96978785"
"COPACABANA - CIUDADELA EDUCATIVA LA VIDA","2024-08-24","","131.19981682"
"COPACABANA - CIUDADELA EDUCATIVA LA VIDA","2024-08-23","","69.60086858"
"COPACABANA - CIUDADELA EDUCATIVA LA VIDA","2024-08-22","","78.11266512"
"COPACABANA - CIUDADELA EDUCATIVA LA VIDA","2024-08-21","","66.22656291"
"COPACABANA - CIUDADELA EDUCATIVA LA VIDA","2024-08-20","","81.61722857"
"COPACABANA - CIUDADELA EDUCATIVA LA VIDA","2024-08-19","","71.89329982"
"COPACABANA - CIUDADELA EDUCATIVA LA VIDA","2024-08-18","","67.88159054"
"COPACABANA - CIUDADELA EDUCATIVA LA VIDA","2024-08-17","","82.56017538"
"COPACABANA - CIUDADELA EDUCATIVA LA VIDA","2024-08-16","","78.85402777"
"COPACABANA - CIUDADELA EDUCATIVA LA VIDA","2024-08-15","","87.69359692"
"COPACABANA - CIUDADELA EDUCATIVA LA VIDA","2024-08-14","","57.05259884"
"COPACABANA - CIUDADELA EDUCATIVA LA VIDA","2024-08-13","","82.72154412"
"COPACABANA - CIUDADELA EDUCATIVA LA VIDA","2024-08-12","","63.34174115"
"COPACABANA - CIUDADELA EDUCATIVA LA VIDA","2024-08-11","","149.02883372"
"COPACABANA - CIUDADELA EDUCATIVA LA VIDA","2024-08-10","","66.19524778"
"COPACABANA - CIUDADELA EDUCATIVA LA VIDA","2024-08-09","","86.12481208"
"COPACABANA - CIUDADELA EDUCATIVA LA VIDA","2024-08-08","","58.65262125"
"COPACABANA - CIUDADELA EDUCATIVA LA VIDA","2024-08-07","","103.58727477"
"COPACABANA - CIUDADELA EDUCATIVA LA VIDA","2024-08-06","","123.57688564"
"COPACABANA - CIUDADELA EDUCATIVA LA VIDA","2024-08-05","","132.91593442"
"COPACABANA - CIUDADELA EDUCATIVA LA VIDA","2024-08-04","","43.65852213"
"COPACABANA - CIUDADELA EDUCATIVA LA VIDA","2024-08-03","","65.81011838"
"COPACABANA - CIUDADELA EDUCATIVA LA VIDA","2024-08-02","","49.45527295"
"COPACABANA - CIUDADELA EDUCATIVA LA VIDA","2024-08-01","","71.31235013"
"COPACABANA - CIUDADELA EDUCATIVA LA VIDA","2024-07-31","","73.00509137"
"COPACABANA - CIUDADELA EDUCATIVA LA VIDA","2024-07-30","","73.47982589"
"COPACABANA - CIUDADELA EDUCATIVA LA VIDA","2024-07-29","","85.94168966"
"COPACABANA - CIUDADELA EDUCATIVA LA VIDA","2024-07-28","","50.6401143"
"COPACABANA - CIUDADELA EDUCATIVA LA VIDA","2024-07-27","","58.010964"
"COPACABANA - CIUDADELA EDUCATIVA LA VIDA","2024-07-26","","52.80297515"
"COPACABANA - CIUDADELA EDUCATIVA LA VIDA","2024-07-25","","48.84137527"
"COPACABANA - CIUDADELA EDUCATIVA LA VIDA","2024-07-24","","56.77393832"
"COPACABANA - CIUDADELA EDUCATIVA LA VIDA","2024-07-23","","80.19796611"
"COPACABANA - CIUDADELA EDUCATIVA LA VIDA","2024-07-22","","53.56539878"
"COPACABANA - CIUDADELA EDUCATIVA LA VIDA","2024-07-21","","53.19605243"
"COPACABANA - CIUDADELA EDUCATIVA LA VIDA","2024-07-20","","73.52723191"
"COPACABANA - CIUDADELA EDUCATIVA LA VIDA","2024-07-19","","53.5812921"
"COPACABANA - CIUDADELA EDUCATIVA LA VIDA","2024-07-18","","49.60449057"
"COPACABANA - CIUDADELA EDUCATIVA LA VIDA","2024-07-17","","68.51183828"
"COPACABANA - CIUDADELA EDUCATIVA LA VIDA","2024-07-16","","66.53135582"
"COPACABANA - CIUDADELA EDUCATIVA LA VIDA","2024-07-15","","61.451648"
"COPACABANA - CIUDADELA EDUCATIVA LA VIDA","2024-07-14","","57.72991389"
"COPACABANA - CIUDADELA EDUCATIVA LA VIDA","2024-07-13","","81.63387098"
"COPACABANA - CIUDADELA EDUCATIVA LA VIDA","2024-07-12","","88.96225264"
"COPACABANA - CIUDADELA EDUCATIVA LA VIDA","2024-07-11","","54.39556813"
"COPACABANA - CIUDADELA EDUCATIVA LA VIDA","2024-07-10","","59.23103941"
"COPACABANA - CIUDADELA EDUCATIVA LA VIDA","2024-07-09","","62.06541357"
"COPACABANA - CIUDADELA EDUCATIVA LA VIDA","2024-07-08","","80.95136621"
"COPACABANA - CIUDADELA EDUCATIVA LA VIDA","2024-07-07","","87.15449786"
"COPACABANA - CIUDADELA EDUCATIVA LA VIDA","2024-07-06","","103.68136481"
"COPACABANA - CIUDADELA EDUCATIVA LA VIDA","2024-07-05","","163.65155855"
"COPACABANA - CIUDADELA EDUCATIVA LA VIDA","2024-07-04","","77.19284868"
"COPACABANA - CIUDADELA EDUCATIVA LA VIDA","2024-07-03","","105.11786221"
"COPACABANA - CIUDADELA EDUCATIVA LA VIDA","2024-06-04","","67.58614998"
"COPACABANA - CIUDADELA EDUCATIVA LA VIDA","2024-06-03","","125.74666865"
"COPACABANA - CIUDADELA EDUCATIVA LA VIDA","2024-06-02","","136.60968493"
"COPACABANA - CIUDADELA EDUCATIVA LA VIDA","2024-06-01","","51.49345812"
"COPACABANA - CIUDADELA EDUCATIVA LA VIDA","2024-05-31","","107.79979355"
"COPACABANA - CIUDADELA EDUCATIVA LA VIDA","2024-05-30","","118.1189242"
"COPACABANA - CIUDADELA EDUCATIVA LA VIDA","2024-05-29","","56.61759724"
"COPACABANA - CIUDADELA EDUCATIVA LA VIDA","2024-05-28","","92.7606963"
"COPACABANA - CIUDADELA EDUCATIVA LA VIDA","2024-05-27","","113.39343748"
"COPACABANA - CIUDADELA EDUCATIVA LA VIDA","2024-05-26","","51.6205741"
"COPACABANA - CIUDADELA EDUCATIVA LA VIDA","2024-05-25","","86.79947891"
"COPACABANA - CIUDADELA EDUCATIVA LA VIDA","2024-05-24","","92.44513129"
"COPACABANA - CIUDADELA EDUCATIVA LA VIDA","2024-05-23","","106.3082438"
"COPACABANA - CIUDADELA EDUCATIVA LA VIDA","2024-05-22","","163.06482179"
"COPACABANA - CIUDADELA EDUCATIVA LA VIDA","2024-05-21","","80.9828223"
"COPACABANA - CIUDADELA EDUCATIVA LA VIDA","2024-05-20","","88.60218127"
"COPACABANA - CIUDADELA EDUCATIVA LA VIDA","2024-05-19","","78.40800007"
"COPACABANA - CIUDADELA EDUCATIVA LA VIDA","2024-05-18","","49.1337036"
"COPACABANA - CIUDADELA EDUCATIVA LA VIDA","2024-05-17","","45.04152826"
"COPACABANA - CIUDADELA EDUCATIVA LA VIDA","2024-05-16","","61.88491322"
"COPACABANA - CIUDADELA EDUCATIVA LA VIDA","2024-05-15","","111.58417501"
"COPACABANA - CIUDADELA EDUCATIVA LA VIDA","2024-05-14","","142.95449264"
"COPACABANA - CIUDADELA EDUCATIVA LA VIDA","2024-05-13","","97.57062482"
"COPACABANA - CIUDADELA EDUCATIVA LA VIDA","2024-05-12","","78.46798643"
"COPACABANA - CIUDADELA EDUCATIVA LA VIDA","2024-05-11","","78.96642921"
"COPACABANA - CIUDADELA EDUCATIVA LA VIDA","2024-05-10","","147.46966251"
"COPACABANA - CIUDADELA EDUCATIVA LA VIDA","2024-05-09","","134.12594886"
"COPACABANA - CIUDADELA EDUCATIVA LA VIDA","2024-05-08","","138.33727786"
"COPACABANA - CIUDADELA EDUCATIVA LA VIDA","2024-05-07","","80.50440014"
"COPACABANA - CIUDADELA EDUCATIVA LA VIDA","2024-05-06","","60.79226731"
"COPACABANA - CIUDADELA EDUCATIVA LA VIDA","2024-05-05","","93.50945822"
"COPACABANA - CIUDADELA EDUCATIVA LA VIDA","2024-05-04","","93.82001483"
"COPACABANA - CIUDADELA EDUCATIVA LA VIDA","2024-05-03","","97.03587552"
"COPACABANA - CIUDADELA EDUCATIVA LA VIDA","2024-05-02","","126.8364974"
"COPACABANA - CIUDADELA EDUCATIVA LA VIDA","2024-05-01","","63.71857952"
"COPACABANA - CIUDADELA EDUCATIVA LA VIDA","2024-04-30","","74.39576695"
"COPACABANA - CIUDADELA EDUCATIVA LA VIDA","2024-04-29","","77.38682007"
"COPACABANA - CIUDADELA EDUCATIVA LA VIDA","2024-04-28","","140.37978721"
"COPACABANA - CIUDADELA EDUCATIVA LA VIDA","2024-04-27","","92.86662782"
"COPACABANA - CIUDADELA EDUCATIVA LA VIDA","2024-04-26","","105.52060431"
"COPACABANA - CIUDADELA EDUCATIVA LA VIDA","2024-04-25","","109.94267498"
"COPACABANA - CIUDADELA EDUCATIVA LA VIDA","2024-04-24","","66.55842586"
"COPACABANA - CIUDADELA EDUCATIVA LA VIDA","2024-04-23","","78.09604652"
"COPACABANA - CIUDADELA EDUCATIVA LA VIDA","2024-04-22","","131.43435707"
"COPACABANA - CIUDADELA EDUCATIVA LA VIDA","2024-04-21","","127.86896159"
"COPACABANA - CIUDADELA EDUCATIVA LA VIDA","2024-04-20","","118.81655131"
"COPACABANA - CIUDADELA EDUCATIVA LA VIDA","2024-04-19","","147.67386401"
"COPACABANA - CIUDADELA EDUCATIVA LA VIDA","2024-04-18","","95.04223635"
"COPACABANA - CIUDADELA EDUCATIVA LA VIDA","2024-04-17","","49.36260798"
"COPACABANA - CIUDADELA EDUCATIVA LA VIDA","2024-04-16","","37.44655029"
"COPACABANA - CIUDADELA EDUCATIVA LA VIDA","2024-04-15","","33.88295574"
"COPACABANA - CIUDADELA EDUCATIVA LA VIDA","2024-04-14","","67.15092374"
"COPACABANA - CIUDADELA EDUCATIVA LA VIDA","2024-04-13","","37.35641007"
"COPACABANA - CIUDADELA EDUCATIVA LA VIDA","2024-04-12","","50.75436904"
"COPACABANA - CIUDADELA EDUCATIVA LA VIDA","2024-04-11","","46.52530218"
"COPACABANA - CIUDADELA EDUCATIVA LA VIDA","2024-04-10","","63.51229728"
"COPACABANA - CIUDADELA EDUCATIVA LA VIDA","2024-04-09","","56.07623691"
"COPACABANA - CIUDADELA EDUCATIVA LA VIDA","2024-04-08","","58.66680526"
"COPACABANA - CIUDADELA EDUCATIVA LA VIDA","2024-04-07","","44.17702555"
"COPACABANA - CIUDADELA EDUCATIVA LA VIDA","2024-04-06","","70.78960246"
"COPACABANA - CIUDADELA EDUCATIVA LA VIDA","2024-04-05","","89.85273519"
"COPACABANA - CIUDADELA EDUCATIVA LA VIDA","2024-04-04","","70.50861612"
"COPACABANA - CIUDADELA EDUCATIVA LA VIDA","2024-04-03","","107.17838125"
"COPACABANA - CIUDADELA EDUCATIVA LA VIDA","2024-04-02","","77.90559678"
"COPACABANA - CIUDADELA EDUCATIVA LA VIDA","2024-04-01","","71.14747816"
"COPACABANA - CIUDADELA EDUCATIVA LA VIDA","2024-03-31","","74.99713299"
"COPACABANA - CIUDADELA EDUCATIVA LA VIDA","2024-03-30","","42.51644287"
"COPACABANA - CIUDADELA EDUCATIVA LA VIDA","2024-03-29","","48.8684279"
"COPACABANA - CIUDADELA EDUCATIVA LA VIDA","2024-03-28","","28.33408538"
"COPACABANA - CIUDADELA EDUCATIVA LA VIDA","2024-03-27","","36.40193441"
"COPACABANA - CIUDADELA EDUCATIVA LA VIDA","2024-03-26","","81.19679616"
"COPACABANA - CIUDADELA EDUCATIVA LA VIDA","2024-03-25","","56.37319813"
"COPACABANA - CIUDADELA EDUCATIVA LA VIDA","2024-03-24","","75.6932475"
"COPACABANA - CIUDADELA EDUCATIVA LA VIDA","2024-03-23","","50.52741668"
"COPACABANA - CIUDADELA EDUCATIVA LA VIDA","2024-03-22","","92.72389593"
"COPACABANA - CIUDADELA EDUCATIVA LA VIDA","2024-03-21","","70.82528813"
"COPACABANA - CIUDADELA EDUCATIVA LA VIDA","2024-03-20","","81.72568561"
"COPACABANA - CIUDADELA EDUCATIVA LA VIDA","2024-03-19","","81.10477093"
"COPACABANA - CIUDADELA EDUCATIVA LA VIDA","2024-03-18","","71.93612842"
"COPACABANA - CIUDADELA EDUCATIVA LA VIDA","2024-03-17","","38.12385753"
"COPACABANA - CIUDADELA EDUCATIVA LA VIDA","2024-03-16","","51.54064212"
"COPACABANA - CIUDADELA EDUCATIVA LA VIDA","2024-03-15","","72.18205071"
"COPACABANA - CIUDADELA EDUCATIVA LA VIDA","2024-03-14","","60.36738922"
"COPACABANA - CIUDADELA EDUCATIVA LA VIDA","2024-03-13","","61.50287738"
"COPACABANA - CIUDADELA EDUCATIVA LA VIDA","2024-03-12","","42.55299176"
"COPACABANA - CIUDADELA EDUCATIVA LA VIDA","2024-03-11","","49.31862453"
"COPACABANA - CIUDADELA EDUCATIVA LA VIDA","2024-03-10","","57.09040537"
"COPACABANA - CIUDADELA EDUCATIVA LA VIDA","2024-03-09","","60.82699271"
"COPACABANA - CIUDADELA EDUCATIVA LA VIDA","2024-03-08","","47.44620353"
"COPACABANA - CIUDADELA EDUCATIVA LA VIDA","2024-03-07","","49.3435313"
"COPACABANA - CIUDADELA EDUCATIVA LA VIDA","2024-03-06","","50.82526136"
"COPACABANA - CIUDADELA EDUCATIVA LA VIDA","2024-03-05","","34.14729101"
"COPACABANA - CIUDADELA EDUCATIVA LA VIDA","2024-03-04","","44.68483762"
"COPACABANA - CIUDADELA EDUCATIVA LA VIDA","2024-03-03","","156.9464837"
"COPACABANA - CIUDADELA EDUCATIVA LA VIDA","2024-03-02","","62.87151357"
"COPACABANA - CIUDADELA EDUCATIVA LA VIDA","2024-03-01","","38.31149333"
"COPACABANA - CIUDADELA EDUCATIVA LA VIDA","2024-02-29","","52.80154582"
"COPACABANA - CIUDADELA EDUCATIVA LA VIDA","2024-02-28","","45.43791879"
"COPACABANA - CIUDADELA EDUCATIVA LA VIDA","2024-02-27","","46.52948283"
"COPACABANA - CIUDADELA EDUCATIVA LA VIDA","2024-02-26","","83.15546328"
"COPACABANA - CIUDADELA EDUCATIVA LA VIDA","2024-02-25","","41.29847308"
"COPACABANA - CIUDADELA EDUCATIVA LA VIDA","2024-02-24","","47.03912267"
"COPACABANA - CIUDADELA EDUCATIVA LA VIDA","2024-02-23","","24.22507615"
"COPACABANA - CIUDADELA EDUCATIVA LA VIDA","2024-02-22","","32.73070867"
"COPACABANA - CIUDADELA EDUCATIVA LA VIDA","2024-02-21","","59.53176742"
"COPACABANA - CIUDADELA EDUCATIVA LA VIDA","2024-02-20","","62.68340717"
"COPACABANA - CIUDADELA EDUCATIVA LA VIDA","2024-02-19","","51.32508897"
"COPACABANA - CIUDADELA EDUCATIVA LA VIDA","2024-02-18","","51.08240228"
"COPACABANA - CIUDADELA EDUCATIVA LA VIDA","2024-02-17","","59.92781835"
"COPACABANA - CIUDADELA EDUCATIVA LA VIDA","2024-02-16","","45.26890661"
"COPACABANA - CIUDADELA EDUCATIVA LA VIDA","2024-02-15","","61.60124016"
"COPACABANA - CIUDADELA EDUCATIVA LA VIDA","2024-02-14","","35.22707675"
"COPACABANA - CIUDADELA EDUCATIVA LA VIDA","2024-02-13","","45.04159401"
"COPACABANA - CIUDADELA EDUCATIVA LA VIDA","2024-02-12","","53.30523202"
"COPACABANA - CIUDADELA EDUCATIVA LA VIDA","2024-02-11","","52.24410961"
"COPACABANA - CIUDADELA EDUCATIVA LA VIDA","2024-02-10","","40.81502559"
"COPACABANA - CIUDADELA EDUCATIVA LA VIDA","2024-02-09","","31.59729687"
"COPACABANA - CIUDADELA EDUCATIVA LA VIDA","2024-02-08","","19.94305971"
"COPACABANA - CIUDADELA EDUCATIVA LA VIDA","2024-02-07","","36.95263507"
"COPACABANA - CIUDADELA EDUCATIVA LA VIDA","2024-02-06","","65.71935058"
"COPACABANA - CIUDADELA EDUCATIVA LA VIDA","2024-02-05","","150.34657138"
"COPACABANA - CIUDADELA EDUCATIVA LA VIDA","2024-02-04","","145.63280043"
"COPACABANA - CIUDADELA EDUCATIVA LA VIDA","2024-02-03","","113.61338566"
"COPACABANA - CIUDADELA EDUCATIVA LA VIDA","2024-02-02","","71.05867661"
"COPACABANA - CIUDADELA EDUCATIVA LA VIDA","2024-02-01","","65.07232957"
"COPACABANA - CIUDADELA EDUCATIVA LA VIDA","2024-01-31","","25.66160356"
"COPACABANA - CIUDADELA EDUCATIVA LA VIDA","2024-01-30","","27.85079518"
"COPACABANA - CIUDADELA EDUCATIVA LA VIDA","2024-01-29","","50.0195581"
"COPACABANA - CIUDADELA EDUCATIVA LA VIDA","2024-01-28","","46.7113802"
"COPACABANA - CIUDADELA EDUCATIVA LA VIDA","2024-01-27","","34.34565317"
"COPACABANA - CIUDADELA EDUCATIVA LA VIDA","2024-01-26","","67.7190523"
"COPACABANA - CIUDADELA EDUCATIVA LA VIDA","2024-01-25","","69.17992452"
"COPACABANA - CIUDADELA EDUCATIVA LA VIDA","2024-01-24","","72.33954986"
"COPACABANA - CIUDADELA EDUCATIVA LA VIDA","2024-01-23","","79.28750689"
"COPACABANA - CIUDADELA EDUCATIVA LA VIDA","2024-01-22","","50.00727591"
"COPACABANA - CIUDADELA EDUCATIVA LA VIDA","2024-01-21","","63.27721284"
"COPACABANA - CIUDADELA EDUCATIVA LA VIDA","2024-01-20","","62.31300614"
"COPACABANA - CIUDADELA EDUCATIVA LA VIDA","2024-01-19","","64.73679081"
"COPACABANA - CIUDADELA EDUCATIVA LA VIDA","2024-01-18","","58.4510687"
"COPACABANA - CIUDADELA EDUCATIVA LA VIDA","2024-01-17","","66.52429724"
"COPACABANA - CIUDADELA EDUCATIVA LA VIDA","2024-01-16","","71.05219323"
"COPACABANA - CIUDADELA EDUCATIVA LA VIDA","2024-01-15","","51.20044713"
"COPACABANA - CIUDADELA EDUCATIVA LA VIDA","2024-01-14","","63.20751176"
"COPACABANA - CIUDADELA EDUCATIVA LA VIDA","2024-01-13","","48.40915762"
"COPACABANA - CIUDADELA EDUCATIVA LA VIDA","2024-01-12","","49.59242491"
"COPACABANA - CIUDADELA EDUCATIVA LA VIDA","2024-01-11","","45.67406659"
"COPACABANA - CIUDADELA EDUCATIVA LA VIDA","2024-01-10","","33.59000368"
"COPACABANA - CIUDADELA EDUCATIVA LA VIDA","2024-01-09","","53.60313092"
"COPACABANA - CIUDADELA EDUCATIVA LA VIDA","2024-01-08","","66.68504433"
"COPACABANA - CIUDADELA EDUCATIVA LA VIDA","2024-01-07","","41.47055582"
"COPACABANA - CIUDADELA EDUCATIVA LA VIDA","2024-01-06","","80.02087107"
"COPACABANA - CIUDADELA EDUCATIVA LA VIDA","2024-01-05","","85.39271949"
"COPACABANA - CIUDADELA EDUCATIVA LA VIDA","2024-01-04","","72.43750383"
"COPACABANA - CIUDADELA EDUCATIVA LA VIDA","2024-01-03","","70.50384317"
"COPACABANA - CIUDADELA EDUCATIVA LA VIDA","2024-01-02","","47.66401974"
"COPACABANA - CIUDADELA EDUCATIVA LA VIDA","2024-01-01","","69.28662587"
"COPACABANA - CIUDADELA EDUCATIVA LA VIDA","2023-12-31","","52.92340514"
"COPACABANA - CIUDADELA EDUCATIVA LA VIDA","2023-12-30","","61.62914869"
"COPACABANA - CIUDADELA EDUCATIVA LA VIDA","2023-12-29","","106.52719501"
"COPACABANA - CIUDADELA EDUCATIVA LA VIDA","2023-12-28","","83.63128858"
"COPACABANA - CIUDADELA EDUCATIVA LA VIDA","2023-12-27","","71.4289763"
"COPACABANA - CIUDADELA EDUCATIVA LA VIDA","2023-12-26","","150.27387041"
"COPACABANA - CIUDADELA EDUCATIVA LA VIDA","2023-12-25","","115.9731752"
"COPACABANA - CIUDADELA EDUCATIVA LA VIDA","2023-12-24","","58.39046461"
"COPACABANA - CIUDADELA EDUCATIVA LA VIDA","2023-12-23","","49.13507668"
"COPACABANA - CIUDADELA EDUCATIVA LA VIDA","2023-12-22","","48.44147831"
"COPACABANA - CIUDADELA EDUCATIVA LA VIDA","2023-12-21","","75.97711216"
"COPACABANA - CIUDADELA EDUCATIVA LA VIDA","2023-12-20","","117.94310498"
"COPACABANA - CIUDADELA EDUCATIVA LA VIDA","2023-12-19","","97.14332463"
"COPACABANA - CIUDADELA EDUCATIVA LA VIDA","2023-12-18","","116.50200026"
"COPACABANA - CIUDADELA EDUCATIVA LA VIDA","2023-12-17","","88.8056143"
"COPACABANA - CIUDADELA EDUCATIVA LA VIDA","2023-12-16","","127.28931896"
"COPACABANA - CIUDADELA EDUCATIVA LA VIDA","2023-12-15","","160.40905173"
"COPACABANA - CIUDADELA EDUCATIVA LA VIDA","2023-12-14","","66.01040277"
"COPACABANA - CIUDADELA EDUCATIVA LA VIDA","2023-12-13","","78.75725236"
"COPACABANA - CIUDADELA EDUCATIVA LA VIDA","2023-12-12","","80.97968956"
"COPACABANA - CIUDADELA EDUCATIVA LA VIDA","2023-12-11","","88.43946498"
"COPACABANA - CIUDADELA EDUCATIVA LA VIDA","2023-12-10","","88.15120174"
"COPACABANA - CIUDADELA EDUCATIVA LA VIDA","2023-12-09","","79.36361763"
"COPACABANA - CIUDADELA EDUCATIVA LA VIDA","2023-12-08","","95.79742551"
"COPACABANA - CIUDADELA EDUCATIVA LA VIDA","2023-12-07","","107.31941652"
"COPACABANA - CIUDADELA EDUCATIVA LA VIDA","2023-12-06","","81.67136529"
"COPACABANA - CIUDADELA EDUCATIVA LA VIDA","2023-12-05","","59.96149084"
"COPACABANA - CIUDADELA EDUCATIVA LA VIDA","2023-12-04","","39.11624504"
"COPACABANA - CIUDADELA EDUCATIVA LA VIDA","2023-12-03","","41.42536237"
"COPACABANA - CIUDADELA EDUCATIVA LA VIDA","2023-12-02","","33.60992688"
"COPACABANA - CIUDADELA EDUCATIVA LA VIDA","2023-12-01","","78.87472188"
"COPACABANA - CIUDADELA EDUCATIVA LA VIDA","2023-11-30","","134.1908941"
"COPACABANA - CIUDADELA EDUCATIVA LA VIDA","2023-11-29","","66.78411545"
"COPACABANA - CIUDADELA EDUCATIVA LA VIDA","2023-11-28","","86.15034878"
"COPACABANA - CIUDADELA EDUCATIVA LA VIDA","2023-11-27","","79.45957345"
"COPACABANA - CIUDADELA EDUCATIVA LA VIDA","2023-11-26","","44.07043494"
"COPACABANA - CIUDADELA EDUCATIVA LA VIDA","2023-11-25","","141.24047482"
"COPACABANA - CIUDADELA EDUCATIVA LA VIDA","2023-11-24","","102.70072509"
"COPACABANA - CIUDADELA EDUCATIVA LA VIDA","2023-11-23","","86.39495728"
"COPACABANA - CIUDADELA EDUCATIVA LA VIDA","2023-11-22","","124.52091582"
"COPACABANA - CIUDADELA EDUCATIVA LA VIDA","2023-11-21","","125.35471424"
"COPACABANA - CIUDADELA EDUCATIVA LA VIDA","2023-11-20","","93.5120788"
"COPACABANA - CIUDADELA EDUCATIVA LA VIDA","2023-11-19","","137.08348224"
"COPACABANA - CIUDADELA EDUCATIVA LA VIDA","2023-11-18","","151.57482278"
"COPACABANA - CIUDADELA EDUCATIVA LA VIDA","2023-11-17","","101.40035848"
"COPACABANA - CIUDADELA EDUCATIVA LA VIDA","2023-11-16","","153.1207752"
"COPACABANA - CIUDADELA EDUCATIVA LA VIDA","2023-11-15","","110.66385986"
"COPACABANA - CIUDADELA EDUCATIVA LA VIDA","2023-11-14","","117.0877644"
"COPACABANA - CIUDADELA EDUCATIVA LA VIDA","2023-11-13","","58.87483899"
"COPACABANA - CIUDADELA EDUCATIVA LA VIDA","2023-11-12","","94.9432244"
"COPACABANA - CIUDADELA EDUCATIVA LA VIDA","2023-11-11","","76.11831134"
"COPACABANA - CIUDADELA EDUCATIVA LA VIDA","2023-11-10","","82.60175589"
"COPACABANA - CIUDADELA EDUCATIVA LA VIDA","2023-11-09","","53.42908495"
"COPACABANA - CIUDADELA EDUCATIVA LA VIDA","2023-11-08","","65.72674818"
"COPACABANA - CIUDADELA EDUCATIVA LA VIDA","2023-11-07","","74.94962383"
"COPACABANA - CIUDADELA EDUCATIVA LA VIDA","2023-11-06","","150.5326835"
"COPACABANA - CIUDADELA EDUCATIVA LA VIDA","2023-11-05","","119.56625144"
"COPACABANA - CIUDADELA EDUCATIVA LA VIDA","2023-11-04","","59.56350166"
"COPACABANA - CIUDADELA EDUCATIVA LA VIDA","2023-11-03","","163.75890134"
"COPACABANA - CIUDADELA EDUCATIVA LA VIDA","2023-11-02","","150.67123147"
"COPACABANA - CIUDADELA EDUCATIVA LA VIDA","2023-11-01","","143.4067323"
"COPACABANA - CIUDADELA EDUCATIVA LA VIDA","2023-10-31","","166.68440344"
"COPACABANA - CIUDADELA EDUCATIVA LA VIDA","2023-10-30","","90.75932994"
"COPACABANA - CIUDADELA EDUCATIVA LA VIDA","2023-10-29","","146.69472712"
"COPACABANA - CIUDADELA EDUCATIVA LA VIDA","2023-10-28","","141.95643383"
"COPACABANA - CIUDADELA EDUCATIVA LA VIDA","2023-10-27","","156.7468343"
"COPACABANA - CIUDADELA EDUCATIVA LA VIDA","2023-10-26","","127.69132359"
"COPACABANA - CIUDADELA EDUCATIVA LA VIDA","2023-10-25","","151.18150815"
"COPACABANA - CIUDADELA EDUCATIVA LA VIDA","2023-10-24","","121.93791953"
"COPACABANA - CIUDADELA EDUCATIVA LA VIDA","2023-10-23","","95.58419439"
"COPACABANA - CIUDADELA EDUCATIVA LA VIDA","2023-10-22","","148.91147018"
"COPACABANA - CIUDADELA EDUCATIVA LA VIDA","2023-10-21","","119.47673225"
"COPACABANA - CIUDADELA EDUCATIVA LA VIDA","2023-10-20","","178.29642803"
"COPACABANA - CIUDADELA EDUCATIVA LA VIDA","2023-10-19","","144.71697983"
"COPACABANA - CIUDADELA EDUCATIVA LA VIDA","2023-10-18","","133.84444575"
"COPACABANA - CIUDADELA EDUCATIVA LA VIDA","2023-10-17","","123.22385464"
"COPACABANA - CIUDADELA EDUCATIVA LA VIDA","2023-10-16","","108.7215999"
"COPACABANA - CIUDADELA EDUCATIVA LA VIDA","2023-10-15","","141.67360246"
"COPACABANA - CIUDADELA EDUCATIVA LA VIDA","2023-10-14","","127.271946"
"COPACABANA - CIUDADELA EDUCATIVA LA VIDA","2023-10-13","","97.63985447"
"COPACABANA - CIUDADELA EDUCATIVA LA VIDA","2023-10-12","","145.87956326"
"COPACABANA - CIUDADELA EDUCATIVA LA VIDA","2023-10-11","","175.68502678"
"COPACABANA - CIUDADELA EDUCATIVA LA VIDA","2023-10-10","","51.95467474"
"COPACABANA - CIUDADELA EDUCATIVA LA VIDA","2023-10-09","","112.15144876"
"COPACABANA - CIUDADELA EDUCATIVA LA VIDA","2023-10-08","","160.8705218"
"COPACABANA - CIUDADELA EDUCATIVA LA VIDA","2023-10-07","","105.6998919"
"COPACABANA - CIUDADELA EDUCATIVA LA VIDA","2023-10-06","","142.19304316"
"COPACABANA - CIUDADELA EDUCATIVA LA VIDA","2023-10-05","","103.50838872"
"COPACABANA - CIUDADELA EDUCATIVA LA VIDA","2023-10-04","","143.7682725"
"COPACABANA - CIUDADELA EDUCATIVA LA VIDA","2023-10-03","","128.03183004"
"COPACABANA - CIUDADELA EDUCATIVA LA VIDA","2023-10-02","","81.16953438"
"COPACABANA - CIUDADELA EDUCATIVA LA VIDA","2023-10-01","","94.70240445"
"COPACABANA - CIUDADELA EDUCATIVA LA VIDA","2023-09-30","","42.32257466"
"COPACABANA - CIUDADELA EDUCATIVA LA VIDA","2023-09-29","","52.55475808"
"COPACABANA - CIUDADELA EDUCATIVA LA VIDA","2023-09-28","","96.14684154"
"COPACABANA - CIUDADELA EDUCATIVA LA VIDA","2023-09-27","","53.66727894"
"COPACABANA - CIUDADELA EDUCATIVA LA VIDA","2023-09-26","","61.13459244"
"COPACABANA - CIUDADELA EDUCATIVA LA VIDA","2023-09-25","","82.20344823"
"COPACABANA - CIUDADELA EDUCATIVA LA VIDA","2023-09-24","","86.56370158"
"COPACABANA - CIUDADELA EDUCATIVA LA VIDA","2023-09-23","","90.40423889"
"COPACABANA - CIUDADELA EDUCATIVA LA VIDA","2023-09-22","","75.83988437"
"COPACABANA - CIUDADELA EDUCATIVA LA VIDA","2023-09-21","","82.57585474"
"COPACABANA - CIUDADELA EDUCATIVA LA VIDA","2023-09-20","","85.17421895"
"COPACABANA - CIUDADELA EDUCATIVA LA VIDA","2023-09-19","","55.96297439"
"COPACABANA - CIUDADELA EDUCATIVA LA VIDA","2023-09-18","","83.21976831"
"COPACABANA - CIUDADELA EDUCATIVA LA VIDA","2023-09-17","","70.17623318"
"COPACABANA - CIUDADELA EDUCATIVA LA VIDA","2023-09-16","","70.20209572"
"COPACABANA - CIUDADELA EDUCATIVA LA VIDA","2023-09-15","","67.47103369"
"COPACABANA - CIUDADELA EDUCATIVA LA VIDA","2023-09-14","","72.08866717"
"COPACABANA - CIUDADELA EDUCATIVA LA VIDA","2023-09-13","","76.1876323"
"COPACABANA - CIUDADELA EDUCATIVA LA VIDA","2023-09-12","","48.77635378"
"COPACABANA - CIUDADELA EDUCATIVA LA VIDA","2023-09-11","","93.37966335"
"COPACABANA - CIUDADELA EDUCATIVA LA VIDA","2023-09-10","","60.55841306"
"COPACABANA - CIUDADELA EDUCATIVA LA VIDA","2023-09-09","","84.87242907"
"COPACABANA - CIUDADELA EDUCATIVA LA VIDA","2023-09-08","","55.18088201"
"COPACABANA - CIUDADELA EDUCATIVA LA VIDA","2023-09-07","","63.54748858"
"COPACABANA - CIUDADELA EDUCATIVA LA VIDA","2023-09-06","","83.41015683"
"COPACABANA - CIUDADELA EDUCATIVA LA VIDA","2023-09-05","","56.35332269"
"COPACABANA - CIUDADELA EDUCATIVA LA VIDA","2023-09-04","","74.85688068"
"COPACABANA - CIUDADELA EDUCATIVA LA VIDA","2023-09-03","","121.13413288"
"COPACABANA - CIUDADELA EDUCATIVA LA VIDA","2023-09-02","","89.10230864"
"COPACABANA - CIUDADELA EDUCATIVA LA VIDA","2023-09-01","","90.82250328"
"COPACABANA - CIUDADELA EDUCATIVA LA VIDA","2023-08-31","","99.12449785"
"COPACABANA - CIUDADELA EDUCATIVA LA VIDA","2023-08-30","","75.45514751"
"COPACABANA - CIUDADELA EDUCATIVA LA VIDA","2023-08-29","","78.81245034"
"COPACABANA - CIUDADELA EDUCATIVA LA VIDA","2023-08-28","","57.05333427"
"COPACABANA - CIUDADELA EDUCATIVA LA VIDA","2023-08-27","","52.37833017"
"COPACABANA - CIUDADELA EDUCATIVA LA VIDA","2023-08-26","","76.82888641"
"COPACABANA - CIUDADELA EDUCATIVA LA VIDA","2023-08-25","","51.38483754"
"COPACABANA - CIUDADELA EDUCATIVA LA VIDA","2023-08-24","","36.3902246"
"COPACABANA - CIUDADELA EDUCATIVA LA VIDA","2023-08-23","","89.00658107"
"COPACABANA - CIUDADELA EDUCATIVA LA VIDA","2023-08-22","","172.97929533"
"COPACABANA - CIUDADELA EDUCATIVA LA VIDA","2023-08-21","","102.47387021"
"COPACABANA - CIUDADELA EDUCATIVA LA VIDA","2023-08-20","","122.32442935"
"COPACABANA - CIUDADELA EDUCATIVA LA VIDA","2023-08-19","","73.92382422"
"COPACABANA - CIUDADELA EDUCATIVA LA VIDA","2023-08-18","","90.96505309"
"COPACABANA - CIUDADELA EDUCATIVA LA VIDA","2023-08-17","","61.96792103"
"COPACABANA - CIUDADELA EDUCATIVA LA VIDA","2023-08-16","","98.13151119"
"COPACABANA - CIUDADELA EDUCATIVA LA VIDA","2023-08-15","","73.49361243"
"COPACABANA - CIUDADELA EDUCATIVA LA VIDA","2023-08-14","","49.51610913"
"COPACABANA - CIUDADELA EDUCATIVA LA VIDA","2023-08-13","","47.71740918"
"COPACABANA - CIUDADELA EDUCATIVA LA VIDA","2023-08-12","","37.95807804"
"COPACABANA - CIUDADELA EDUCATIVA LA VIDA","2023-08-11","","48.65311347"
"COPACABANA - CIUDADELA EDUCATIVA LA VIDA","2023-08-10","","57.5620593"
"COPACABANA - CIUDADELA EDUCATIVA LA VIDA","2023-08-09","","94.03983152"
"COPACABANA - CIUDADELA EDUCATIVA LA VIDA","2023-08-08","","101.15036632"
"COPACABANA - CIUDADELA EDUCATIVA LA VIDA","2023-08-07","","56.20182485"
"COPACABANA - CIUDADELA EDUCATIVA LA VIDA","2023-08-06","","57.29207632"
"COPACABANA - CIUDADELA EDUCATIVA LA VIDA","2023-08-05","","59.74503822"
"COPACABANA - CIUDADELA EDUCATIVA LA VIDA","2023-08-04","","66.15787765"
"COPACABANA - CIUDADELA EDUCATIVA LA VIDA","2023-08-03","","50.24296968"
"COPACABANA - CIUDADELA EDUCATIVA LA VIDA","2023-08-02","","53.77038718"
"COPACABANA - CIUDADELA EDUCATIVA LA VIDA","2023-08-01","","80.88235378"
"COPACABANA - CIUDADELA EDUCATIVA LA VIDA","2023-07-31","","46.48076935"
"COPACABANA - CIUDADELA EDUCATIVA LA VIDA","2023-07-30","","62.54201868"
"COPACABANA - CIUDADELA EDUCATIVA LA VIDA","2023-07-29","","95.09537111"
"COPACABANA - CIUDADELA EDUCATIVA LA VIDA","2023-07-28","","71.49669765"
"COPACABANA - CIUDADELA EDUCATIVA LA VIDA","2023-07-27","","139.16532347"
"COPACABANA - CIUDADELA EDUCATIVA LA VIDA","2023-07-26","","93.12918669"
"COPACABANA - CIUDADELA EDUCATIVA LA VIDA","2023-07-25","","65.36989545"
"COPACABANA - CIUDADELA EDUCATIVA LA VIDA","2023-07-24","","64.11193741"
"COPACABANA - CIUDADELA EDUCATIVA LA VIDA","2023-07-23","","70.634305"
"COPACABANA - CIUDADELA EDUCATIVA LA VIDA","2023-07-22","","72.64117386"
"COPACABANA - CIUDADELA EDUCATIVA LA VIDA","2023-07-21","","88.17155707"
"COPACABANA - CIUDADELA EDUCATIVA LA VIDA","2023-07-20","","95.02794347"
"COPACABANA - CIUDADELA EDUCATIVA LA VIDA","2023-07-19","","109.23704358"
"COPACABANA - CIUDADELA EDUCATIVA LA VIDA","2023-07-18","","78.27869263"
"COPACABANA - CIUDADELA EDUCATIVA LA VIDA","2023-07-17","","76.20539112"
"COPACABANA - CIUDADELA EDUCATIVA LA VIDA","2023-07-16","","51.69445123"
"COPACABANA - CIUDADELA EDUCATIVA LA VIDA","2023-07-15","","43.25709964"
"COPACABANA - CIUDADELA EDUCATIVA LA VIDA","2023-07-14","","64.7099699"
"COPACABANA - CIUDADELA EDUCATIVA LA VIDA","2023-07-13","","72.97572209"
"COPACABANA - CIUDADELA EDUCATIVA LA VIDA","2023-07-12","","61.56919451"
"COPACABANA - CIUDADELA EDUCATIVA LA VIDA","2023-07-11","","54.0764898"
"COPACABANA - CIUDADELA EDUCATIVA LA VIDA","2023-07-10","","76.03400449"
"COPACABANA - CIUDADELA EDUCATIVA LA VIDA","2023-07-09","","72.76694866"
"COPACABANA - CIUDADELA EDUCATIVA LA VIDA","2023-07-08","","84.05876837"
"COPACABANA - CIUDADELA EDUCATIVA LA VIDA","2023-07-07","","85.64669106"
"COPACABANA - CIUDADELA EDUCATIVA LA VIDA","2023-07-06","","122.76896816"
"COPACABANA - CIUDADELA EDUCATIVA LA VIDA","2023-07-05","","54.7867083"
"COPACABANA - CIUDADELA EDUCATIVA LA VIDA","2023-07-04","","97.18436296"
"COPACABANA - CIUDADELA EDUCATIVA LA VIDA","2023-07-03","","85.45089498"
"COPACABANA - CIUDADELA EDUCATIVA LA VIDA","2023-07-02","","90.53279433"
"COPACABANA - CIUDADELA EDUCATIVA LA VIDA","2023-07-01","","70.31803233"
"COPACABANA - CIUDADELA EDUCATIVA LA VIDA","2023-06-30","","63.37403645"
"COPACABANA - CIUDADELA EDUCATIVA LA VIDA","2023-06-29","","59.46459362"
"COPACABANA - CIUDADELA EDUCATIVA LA VIDA","2023-06-28","","53.78934301"
"COPACABANA - CIUDADELA EDUCATIVA LA VIDA","2023-06-27","","48.55861748"
"COPACABANA - CIUDADELA EDUCATIVA LA VIDA","2023-06-26","","61.75155883"
"COPACABANA - CIUDADELA EDUCATIVA LA VIDA","2023-06-25","","158.53808812"
"COPACABANA - CIUDADELA EDUCATIVA LA VIDA","2023-06-24","","72.68335816"
"COPACABANA - CIUDADELA EDUCATIVA LA VIDA","2023-06-23","","65.41395807"
"COPACABANA - CIUDADELA EDUCATIVA LA VIDA","2023-06-22","","55.32578625"
"COPACABANA - CIUDADELA EDUCATIVA LA VIDA","2023-06-21","","75.89932371"
"COPACABANA - CIUDADELA EDUCATIVA LA VIDA","2023-06-20","","65.91022683"
"COPACABANA - CIUDADELA EDUCATIVA LA VIDA","2023-06-19","","88.51037961"
"COPACABANA - CIUDADELA EDUCATIVA LA VIDA","2023-06-18","","61.83089482"
"COPACABANA - CIUDADELA EDUCATIVA LA VIDA","2023-06-17","","91.87788666"
"COPACABANA - CIUDADELA EDUCATIVA LA VIDA","2023-06-16","","56.78184605"
"COPACABANA - CIUDADELA EDUCATIVA LA VIDA","2023-06-15","","67.06348542"
"COPACABANA - CIUDADELA EDUCATIVA LA VIDA","2023-06-14","","59.95701973"
"COPACABANA - CIUDADELA EDUCATIVA LA VIDA","2023-06-13","","78.14833952"
"COPACABANA - CIUDADELA EDUCATIVA LA VIDA","2023-06-12","","83.11371748"
"COPACABANA - CIUDADELA EDUCATIVA LA VIDA","2023-06-11","","78.38893232"
"COPACABANA - CIUDADELA EDUCATIVA LA VIDA","2023-06-10","","38.70124238"
"COPACABANA - CIUDADELA EDUCATIVA LA VIDA","2023-06-09","","75.68762859"
"COPACABANA - CIUDADELA EDUCATIVA LA VIDA","2023-06-08","","84.01778362"
"COPACABANA - CIUDADELA EDUCATIVA LA VIDA","2023-05-25","","72.0241384"
"COPACABANA - CIUDADELA EDUCATIVA LA VIDA","2023-05-24","","38.55271863"
"COPACABANA - CIUDADELA EDUCATIVA LA VIDA","2023-05-12","","63.7061394"
"COPACABANA - CIUDADELA EDUCATIVA LA VIDA","2023-05-11","","79.00246838"
"COPACABANA - CIUDADELA EDUCATIVA LA VIDA","2023-05-10","","70.08381849"
"COPACABANA - CIUDADELA EDUCATIVA LA VIDA","2023-05-09","","61.74788003"
"COPACABANA - CIUDADELA EDUCATIVA LA VIDA","2023-05-08","","49.49113103"
"COPACABANA - CIUDADELA EDUCATIVA LA VIDA","2023-05-07","","44.81050259"
"COPACABANA - CIUDADELA EDUCATIVA LA VIDA","2023-05-06","","52.12533521"
"COPACABANA - CIUDADELA EDUCATIVA LA VIDA","2023-05-05","","56.57754699"
"COPACABANA - CIUDADELA EDUCATIVA LA VIDA","2023-05-04","","72.44197163"
"COPACABANA - CIUDADELA EDUCATIVA LA VIDA","2023-05-03","","68.94814091"
"COPACABANA - CIUDADELA EDUCATIVA LA VIDA","2023-05-02","","62.02947641"
"COPACABANA - CIUDADELA EDUCATIVA LA VIDA","2023-05-01","","100.86736152"
"COPACABANA - CIUDADELA EDUCATIVA LA VIDA","2023-04-30","","65.92895917"
"COPACABANA - CIUDADELA EDUCATIVA LA VIDA","2023-04-29","","76.39411923"
"COPACABANA - CIUDADELA EDUCATIVA LA VIDA","2023-04-28","","74.64624187"
"COPACABANA - CIUDADELA EDUCATIVA LA VIDA","2023-04-27","","74.91990814"
"COPACABANA - CIUDADELA EDUCATIVA LA VIDA","2023-04-26","","87.82667799"
"COPACABANA - CIUDADELA EDUCATIVA LA VIDA","2023-04-25","","56.51716593"
"COPACABANA - CIUDADELA EDUCATIVA LA VIDA","2023-04-24","","40.18398558"
"COPACABANA - CIUDADELA EDUCATIVA LA VIDA","2023-04-23","","133.47614467"
"COPACABANA - CIUDADELA EDUCATIVA LA VIDA","2023-04-22","","87.77782626"
"COPACABANA - CIUDADELA EDUCATIVA LA VIDA","2023-04-21","","140.65868339"
"COPACABANA - CIUDADELA EDUCATIVA LA VIDA","2023-04-20","","111.40179329"
"COPACABANA - CIUDADELA EDUCATIVA LA VIDA","2023-04-19","","49.83881705"
"COPACABANA - CIUDADELA EDUCATIVA LA VIDA","2023-04-18","","53.37118617"
"COPACABANA - CIUDADELA EDUCATIVA LA VIDA","2023-04-17","","100.85892353"
"COPACABANA - CIUDADELA EDUCATIVA LA VIDA","2023-04-16","","122.86263802"
"COPACABANA - CIUDADELA EDUCATIVA LA VIDA","2023-04-15","","80.60356034"
"COPACABANA - CIUDADELA EDUCATIVA LA VIDA","2023-04-14","","78.22965021"
"COPACABANA - CIUDADELA EDUCATIVA LA VIDA","2023-04-13","","54.02830112"
"COPACABANA - CIUDADELA EDUCATIVA LA VIDA","2023-04-12","","49.83260804"
"COPACABANA - CIUDADELA EDUCATIVA LA VIDA","2023-04-11","","46.45595911"
"COPACABANA - CIUDADELA EDUCATIVA LA VIDA","2023-04-10","","36.09519824"
"COPACABANA - CIUDADELA EDUCATIVA LA VIDA","2023-04-09","","51.0496443"
"COPACABANA - CIUDADELA EDUCATIVA LA VIDA","2023-04-08","","35.66072598"
"COPACABANA - CIUDADELA EDUCATIVA LA VIDA","2023-04-07","","48.24098152"
"COPACABANA - CIUDADELA EDUCATIVA LA VIDA","2023-04-06","","80.13747938"
"COPACABANA - CIUDADELA EDUCATIVA LA VIDA","2023-04-05","","74.35819445"
"COPACABANA - CIUDADELA EDUCATIVA LA VIDA","2023-04-04","","78.49483415"
"COPACABANA - CIUDADELA EDUCATIVA LA VIDA","2023-04-03","","57.8034214"
"COPACABANA - CIUDADELA EDUCATIVA LA VIDA","2023-04-02","","56.34490097"
"COPACABANA - CIUDADELA EDUCATIVA LA VIDA","2023-04-01","","52.44903334"
"COPACABANA - CIUDADELA EDUCATIVA LA VIDA","2023-03-31","","51.12892346"
"COPACABANA - CIUDADELA EDUCATIVA LA VIDA","2023-03-30","","50.2838172"
"COPACABANA - CIUDADELA EDUCATIVA LA VIDA","2023-03-29","","83.17260335"
"COPACABANA - CIUDADELA EDUCATIVA LA VIDA","2023-03-28","","73.92903022"
"COPACABANA - CIUDADELA EDUCATIVA LA VIDA","2023-03-27","","88.95950651"
"COPACABANA - CIUDADELA EDUCATIVA LA VIDA","2023-03-26","","49.22664573"
"COPACABANA - CIUDADELA EDUCATIVA LA VIDA","2023-03-25","","70.6590311"
"COPACABANA - CIUDADELA EDUCATIVA LA VIDA","2023-03-24","","97.13647568"
"COPACABANA - CIUDADELA EDUCATIVA LA VIDA","2023-03-23","","22.35027539"
"COPACABANA - CIUDADELA EDUCATIVA LA VIDA","2023-03-22","","70.69382873"
"COPACABANA - CIUDADELA EDUCATIVA LA VIDA","2023-03-21","","68.4455133"
"COPACABANA - CIUDADELA EDUCATIVA LA VIDA","2023-03-20","","74.16334615"
"COPACABANA - CIUDADELA EDUCATIVA LA VIDA","2023-03-19","","102.06035787"
"COPACABANA - CIUDADELA EDUCATIVA LA VIDA","2023-03-18","","110.99678389"
"COPACABANA - CIUDADELA EDUCATIVA LA VIDA","2023-03-17","","84.66812729"
"COPACABANA - CIUDADELA EDUCATIVA LA VIDA","2023-03-16","","76.05916523"
"COPACABANA - CIUDADELA EDUCATIVA LA VIDA","2023-03-15","","125.03088825"
"COPACABANA - CIUDADELA EDUCATIVA LA VIDA","2023-03-14","","94.19812026"
"COPACABANA - CIUDADELA EDUCATIVA LA VIDA","2023-03-13","","142.31966872"
"COPACABANA - CIUDADELA EDUCATIVA LA VIDA","2023-03-12","","143.48058314"
"COPACABANA - CIUDADELA EDUCATIVA LA VIDA","2023-03-11","","135.52581094"
"COPACABANA - CIUDADELA EDUCATIVA LA VIDA","2023-03-10","","75.71263229"
"COPACABANA - CIUDADELA EDUCATIVA LA VIDA","2023-03-09","","116.54303103"
"COPACABANA - CIUDADELA EDUCATIVA LA VIDA","2023-03-08","","142.28005085"
"COPACABANA - CIUDADELA EDUCATIVA LA VIDA","2023-03-07","","75.24222792"
"COPACABANA - CIUDADELA EDUCATIVA LA VIDA","2023-03-06","","63.38374209"
"COPACABANA - CIUDADELA EDUCATIVA LA VIDA","2023-03-05","","91.47414282"
"COPACABANA - CIUDADELA EDUCATIVA LA VIDA","2023-03-04","","38.46671661"
"COPACABANA - CIUDADELA EDUCATIVA LA VIDA","2023-03-03","","50.48752796"
"COPACABANA - CIUDADELA EDUCATIVA LA VIDA","2023-03-02","","38.19268063"
"COPACABANA - CIUDADELA EDUCATIVA LA VIDA","2023-03-01","","31.8829264"
"COPACABANA - CIUDADELA EDUCATIVA LA VIDA","2023-02-28","","48.31408241"
"COPACABANA - CIUDADELA EDUCATIVA LA VIDA","2023-02-27","","28.68350047"
"COPACABANA - CIUDADELA EDUCATIVA LA VIDA","2023-02-26","","35.44685693"
"COPACABANA - CIUDADELA EDUCATIVA LA VIDA","2023-02-25","","52.63022396"
"COPACABANA - CIUDADELA EDUCATIVA LA VIDA","2023-02-24","","44.44212144"
"COPACABANA - CIUDADELA EDUCATIVA LA VIDA","2023-02-23","","67.85913115"
"COPACABANA - CIUDADELA EDUCATIVA LA VIDA","2023-02-22","","68.75570465"
"COPACABANA - CIUDADELA EDUCATIVA LA VIDA","2023-02-21","","77.23441874"
"COPACABANA - CIUDADELA EDUCATIVA LA VIDA","2023-02-20","","63.68363076"
"COPACABANA - CIUDADELA EDUCATIVA LA VIDA","2023-02-19","","83.24815724"
"COPACABANA - CIUDADELA EDUCATIVA LA VIDA","2023-02-18","","58.3563695"
"COPACABANA - CIUDADELA EDUCATIVA LA VIDA","2023-02-17","","52.2314637"
"COPACABANA - CIUDADELA EDUCATIVA LA VIDA","2023-02-16","","72.44002687"
"COPACABANA - CIUDADELA EDUCATIVA LA VIDA","2023-02-15","","43.71574237"
"COPACABANA - CIUDADELA EDUCATIVA LA VIDA","2023-02-14","","37.421542"
"COPACABANA - CIUDADELA EDUCATIVA LA VIDA","2023-02-13","","32.33509523"
"COPACABANA - CIUDADELA EDUCATIVA LA VIDA","2023-02-12","","91.89736594"
"COPACABANA - CIUDADELA EDUCATIVA LA VIDA","2023-02-11","","49.39420127"
"COPACABANA - CIUDADELA EDUCATIVA LA VIDA","2023-02-10","","55.10433436"
"COPACABANA - CIUDADELA EDUCATIVA LA VIDA","2023-02-09","","63.97317786"
"COPACABANA - CIUDADELA EDUCATIVA LA VIDA","2023-02-08","","67.31350648"
"COPACABANA - CIUDADELA EDUCATIVA LA VIDA","2023-02-07","","67.77912059"
"COPACABANA - CIUDADELA EDUCATIVA LA VIDA","2023-02-06","","43.2631508"
"COPACABANA - CIUDADELA EDUCATIVA LA VIDA","2023-02-05","","31.29115386"
"COPACABANA - CIUDADELA EDUCATIVA LA VIDA","2023-02-04","","51.56402054"
"COPACABANA - CIUDADELA EDUCATIVA LA VIDA","2023-02-03","","69.98854681"
"COPACABANA - CIUDADELA EDUCATIVA LA VIDA","2023-02-02","","74.62051491"
"COPACABANA - CIUDADELA EDUCATIVA LA VIDA","2023-02-01","","78.67890152"
"COPACABANA - CIUDADELA EDUCATIVA LA VIDA","2023-01-31","","52.37401692"
"COPACABANA - CIUDADELA EDUCATIVA LA VIDA","2023-01-30","","66.22843709"
"COPACABANA - CIUDADELA EDUCATIVA LA VIDA","2023-01-29","","54.86058772"
"COPACABANA - CIUDADELA EDUCATIVA LA VIDA","2023-01-28","","67.06317541"
"COPACABANA - CIUDADELA EDUCATIVA LA VIDA","2023-01-27","","63.12715962"
"COPACABANA - CIUDADELA EDUCATIVA LA VIDA","2023-01-26","","64.08783487"
"COPACABANA - CIUDADELA EDUCATIVA LA VIDA","2023-01-25","","62.58582856"
"COPACABANA - CIUDADELA EDUCATIVA LA VIDA","2023-01-24","","57.69283623"
"COPACABANA - CIUDADELA EDUCATIVA LA VIDA","2023-01-23","","46.47332811"
"COPACABANA - CIUDADELA EDUCATIVA LA VIDA","2023-01-22","","87.60861644"
"COPACABANA - CIUDADELA EDUCATIVA LA VIDA","2023-01-21","","50.95190444"
"COPACABANA - CIUDADELA EDUCATIVA LA VIDA","2023-01-20","","80.90961473"
"COPACABANA - CIUDADELA EDUCATIVA LA VIDA","2023-01-19","","55.82360558"
"COPACABANA - CIUDADELA EDUCATIVA LA VIDA","2023-01-18","","84.40762582"
"COPACABANA - CIUDADELA EDUCATIVA LA VIDA","2023-01-17","","69.33121958"
"COPACABANA - CIUDADELA EDUCATIVA LA VIDA","2023-01-16","","45.72252773"
"COPACABANA - CIUDADELA EDUCATIVA LA VIDA","2023-01-15","","73.1835932"
"COPACABANA - CIUDADELA EDUCATIVA LA VIDA","2023-01-14","","116.79769437"
"COPACABANA - CIUDADELA EDUCATIVA LA VIDA","2023-01-13","","82.91126281"
"COPACABANA - CIUDADELA EDUCATIVA LA VIDA","2023-01-12","","76.79338804"
"COPACABANA - CIUDADELA EDUCATIVA LA VIDA","2023-01-11","","70.53071806"
"COPACABANA - CIUDADELA EDUCATIVA LA VIDA","2023-01-10","","96.88269182"
"COPACABANA - CIUDADELA EDUCATIVA LA VIDA","2023-01-09","","81.90721137"
"COPACABANA - CIUDADELA EDUCATIVA LA VIDA","2023-01-08","","113.59425221"
"COPACABANA - CIUDADELA EDUCATIVA LA VIDA","2023-01-07","","66.39760923"
"COPACABANA - CIUDADELA EDUCATIVA LA VIDA","2023-01-06","","51.82847849"
"COPACABANA - CIUDADELA EDUCATIVA LA VIDA","2023-01-05","","44.49337636"
"COPACABANA - CIUDADELA EDUCATIVA LA VIDA","2023-01-04","","73.18553733"
"COPACABANA - CIUDADELA EDUCATIVA LA VIDA","2023-01-03","","168.09904618"
"COPACABANA - CIUDADELA EDUCATIVA LA VIDA","2023-01-02","","86.26977222"
"COPACABANA - CIUDADELA EDUCATIVA LA VIDA","2023-01-01","","54.95146102"
"COPACABANA - CIUDADELA EDUCATIVA LA VIDA","2022-12-31","","38.76214055"
"COPACABANA - CIUDADELA EDUCATIVA LA VIDA","2022-12-30","","87.88558921"
"COPACABANA - CIUDADELA EDUCATIVA LA VIDA","2022-12-29","","86.39399935"
"COPACABANA - CIUDADELA EDUCATIVA LA VIDA","2022-12-28","","44.41792563"
"COPACABANA - CIUDADELA EDUCATIVA LA VIDA","2022-12-27","","40.82078443"
"COPACABANA - CIUDADELA EDUCATIVA LA VIDA","2022-12-26","","43.01153686"
"COPACABANA - CIUDADELA EDUCATIVA LA VIDA","2022-12-25","","40.48603888"
"COPACABANA - CIUDADELA EDUCATIVA LA VIDA","2022-12-24","","50.5801586"
"COPACABANA - CIUDADELA EDUCATIVA LA VIDA","2022-12-23","","59.61398005"
"COPACABANA - CIUDADELA EDUCATIVA LA VIDA","2022-12-22","","66.47114764"
"COPACABANA - CIUDADELA EDUCATIVA LA VIDA","2022-12-21","","57.95630786"
"COPACABANA - CIUDADELA EDUCATIVA LA VIDA","2022-12-20","","47.95531075"
"COPACABANA - CIUDADELA EDUCATIVA LA VIDA","2022-12-19","","57.41460525"
"COPACABANA - CIUDADELA EDUCATIVA LA VIDA","2022-12-18","","82.97669156"
"COPACABANA - CIUDADELA EDUCATIVA LA VIDA","2022-12-17","","124.99355213"
"COPACABANA - CIUDADELA EDUCATIVA LA VIDA","2022-12-16","","53.45039256"
"COPACABANA - CIUDADELA EDUCATIVA LA VIDA","2022-12-15","","69.63969583"
"COPACABANA - CIUDADELA EDUCATIVA LA VIDA","2022-12-14","","44.62600151"
"COPACABANA - CIUDADELA EDUCATIVA LA VIDA","2022-12-13","","87.99668117"
"COPACABANA - CIUDADELA EDUCATIVA LA VIDA","2022-12-12","","61.96270226"
"COPACABANA - CIUDADELA EDUCATIVA LA VIDA","2022-12-11","","39.73604745"
"COPACABANA - CIUDADELA EDUCATIVA LA VIDA","2022-12-10","","37.60339949"
"COPACABANA - CIUDADELA EDUCATIVA LA VIDA","2022-12-09","","34.53274106"
"COPACABANA - CIUDADELA EDUCATIVA LA VIDA","2022-12-08","","45.71952594"
"COPACABANA - CIUDADELA EDUCATIVA LA VIDA","2022-12-07","","49.95220404"
"COPACABANA - CIUDADELA EDUCATIVA LA VIDA","2022-12-06","","47.20612836"
"COPACABANA - CIUDADELA EDUCATIVA LA VIDA","2022-12-05","","70.24339063"
"COPACABANA - CIUDADELA EDUCATIVA LA VIDA","2022-12-04","","99.31580897"
"COPACABANA - CIUDADELA EDUCATIVA LA VIDA","2022-12-03","","72.10031645"
"COPACABANA - CIUDADELA EDUCATIVA LA VIDA","2022-12-02","","54.04298483"
"COPACABANA - CIUDADELA EDUCATIVA LA VIDA","2022-12-01","","61.75673017"
"COPACABANA - CIUDADELA EDUCATIVA LA VIDA","2022-11-30","","102.87418975"
"COPACABANA - CIUDADELA EDUCATIVA LA VIDA","2022-11-29","","125.27522709"
"COPACABANA - CIUDADELA EDUCATIVA LA VIDA","2022-11-28","","151.57603586"
"COPACABANA - CIUDADELA EDUCATIVA LA VIDA","2022-11-27","","107.06709645"
"COPACABANA - CIUDADELA EDUCATIVA LA VIDA","2022-11-26","","77.43526369"
"COPACABANA - CIUDADELA EDUCATIVA LA VIDA","2022-11-25","","51.85451262"
"COPACABANA - CIUDADELA EDUCATIVA LA VIDA","2022-11-24","","111.60476278"
"COPACABANA - CIUDADELA EDUCATIVA LA VIDA","2022-11-23","","80.99579318"
"COPACABANA - CIUDADELA EDUCATIVA LA VIDA","2022-11-22","","132.18116863"
"COPACABANA - CIUDADELA EDUCATIVA LA VIDA","2022-11-21","","108.28415445"
"COPACABANA - CIUDADELA EDUCATIVA LA VIDA","2022-11-20","","97.37203941"
"COPACABANA - CIUDADELA EDUCATIVA LA VIDA","2022-11-19","","107.23176444"
"COPACABANA - CIUDADELA EDUCATIVA LA VIDA","2022-11-18","","92.89348113"
"COPACABANA - CIUDADELA EDUCATIVA LA VIDA","2022-11-17","","98.21320455"
"COPACABANA - CIUDADELA EDUCATIVA LA VIDA","2022-11-16","","65.53376812"
"COPACABANA - CIUDADELA EDUCATIVA LA VIDA","2022-11-15","","49.72104028"
"COPACABANA - CIUDADELA EDUCATIVA LA VIDA","2022-11-14","","83.53158924"
"COPACABANA - CIUDADELA EDUCATIVA LA VIDA","2022-11-13","","127.16143594"
"COPACABANA - CIUDADELA EDUCATIVA LA VIDA","2022-11-12","","123.30181055"
"COPACABANA - CIUDADELA EDUCATIVA LA VIDA","2022-11-11","","66.56552741"
"COPACABANA - CIUDADELA EDUCATIVA LA VIDA","2022-11-10","","108.27133659"
"COPACABANA - CIUDADELA EDUCATIVA LA VIDA","2022-11-09","","92.18149273"
"COPACABANA - CIUDADELA EDUCATIVA LA VIDA","2022-11-08","","107.85553371"
"COPACABANA - CIUDADELA EDUCATIVA LA VIDA","2022-11-07","","92.25829914"
"COPACABANA - CIUDADELA EDUCATIVA LA VIDA","2022-11-06","","124.81721029"
"COPACABANA - CIUDADELA EDUCATIVA LA VIDA","2022-11-05","","104.01992661"
"COPACABANA - CIUDADELA EDUCATIVA LA VIDA","2022-11-04","","124.72549339"
"COPACABANA - CIUDADELA EDUCATIVA LA VIDA","2022-11-03","","122.81332356"
"COPACABANA - CIUDADELA EDUCATIVA LA VIDA","2022-11-02","","57.70792528"
"COPACABANA - CIUDADELA EDUCATIVA LA VIDA","2022-11-01","","62.55054028"
"COPACABANA - CIUDADELA EDUCATIVA LA VIDA","2022-10-31","","53.37150219"
"COPACABANA - CIUDADELA EDUCATIVA LA VIDA","2022-10-30","","76.78985649"
"COPACABANA - CIUDADELA EDUCATIVA LA VIDA","2022-10-29","","75.86872331"
"COPACABANA - CIUDADELA EDUCATIVA LA VIDA","2022-10-28","","112.22440076"
"COPACABANA - CIUDADELA EDUCATIVA LA VIDA","2022-10-27","","72.71721707"
"COPACABANA - CIUDADELA EDUCATIVA LA VIDA","2022-10-26","","60.30727652"
"COPACABANA - CIUDADELA EDUCATIVA LA VIDA","2022-10-25","","120.65416333"
"COPACABANA - CIUDADELA EDUCATIVA LA VIDA","2022-10-24","","144.05021506"
"COPACABANA - CIUDADELA EDUCATIVA LA VIDA","2022-10-23","","91.3104806"
"COPACABANA - CIUDADELA EDUCATIVA LA VIDA","2022-10-22","","84.83985708"
"COPACABANA - CIUDADELA EDUCATIVA LA VIDA","2022-10-21","","76.33063953"
"COPACABANA - CIUDADELA EDUCATIVA LA VIDA","2022-10-20","","176.67995565"
"COPACABANA - CIUDADELA EDUCATIVA LA VIDA","2022-10-19","","121.86261135"
"COPACABANA - CIUDADELA EDUCATIVA LA VIDA","2022-10-18","","44.74535685"
"COPACABANA - CIUDADELA EDUCATIVA LA VIDA","2022-10-17","","124.98425934"
"COPACABANA - CIUDADELA EDUCATIVA LA VIDA","2022-10-16","","67.43189109"
"COPACABANA - CIUDADELA EDUCATIVA LA VIDA","2022-10-15","","78.16255629"
"COPACABANA - CIUDADELA EDUCATIVA LA VIDA","2022-10-14","","70.72942201"
"COPACABANA - CIUDADELA EDUCATIVA LA VIDA","2022-10-13","","141.6192841"
"COPACABANA - CIUDADELA EDUCATIVA LA VIDA","2022-10-12","","136.60398355"
"COPACABANA - CIUDADELA EDUCATIVA LA VIDA","2022-10-11","","66.75953219"
"COPACABANA - CIUDADELA EDUCATIVA LA VIDA","2022-10-10","","81.98844582"
"COPACABANA - CIUDADELA EDUCATIVA LA VIDA","2022-10-09","","70.16648237"
"COPACABANA - CIUDADELA EDUCATIVA LA VIDA","2022-10-08","","156.64586501"
"COPACABANA - CIUDADELA EDUCATIVA LA VIDA","2022-10-07","","85.25020522"
"COPACABANA - CIUDADELA EDUCATIVA LA VIDA","2022-10-06","","91.33275991"
"COPACABANA - CIUDADELA EDUCATIVA LA VIDA","2022-10-05","","106.22951277"
"COPACABANA - CIUDADELA EDUCATIVA LA VIDA","2022-10-04","","78.26531229"
"COPACABANA - CIUDADELA EDUCATIVA LA VIDA","2022-10-03","","44.4249015"
"COPACABANA - CIUDADELA EDUCATIVA LA VIDA","2022-10-02","","66.50042733"
"COPACABANA - CIUDADELA EDUCATIVA LA VIDA","2022-10-01","","93.38420049"
"COPACABANA - CIUDADELA EDUCATIVA LA VIDA","2022-09-30","","65.62766022"
"COPACABANA - CIUDADELA EDUCATIVA LA VIDA","2022-09-29","","140.21390545"
"COPACABANA - CIUDADELA EDUCATIVA LA VIDA","2022-09-28","","97.92625899"
"COPACABANA - CIUDADELA EDUCATIVA LA VIDA","2022-09-27","","36.82153763"
"COPACABANA - CIUDADELA EDUCATIVA LA VIDA","2022-09-26","","49.32890023"
"COPACABANA - CIUDADELA EDUCATIVA LA VIDA","2022-09-25","","163.1728123"
"COPACABANA - CIUDADELA EDUCATIVA LA VIDA","2022-09-24","","150.9599926"
"COPACABANA - CIUDADELA EDUCATIVA LA VIDA","2022-09-23","","135.32583229"
"COPACABANA - CIUDADELA EDUCATIVA LA VIDA","2022-09-22","","127.65728003"
"COPACABANA - CIUDADELA EDUCATIVA LA VIDA","2022-09-21","","80.46334623"
"COPACABANA - CIUDADELA EDUCATIVA LA VIDA","2022-09-20","","143.95500454"
"COPACABANA - CIUDADELA EDUCATIVA LA VIDA","2022-09-19","","69.70051755"
"COPACABANA - CIUDADELA EDUCATIVA LA VIDA","2022-09-18","","99.21531547"
"COPACABANA - CIUDADELA EDUCATIVA LA VIDA","2022-09-17","","73.72583525"
"COPACABANA - CIUDADELA EDUCATIVA LA VIDA","2022-09-16","","135.57699189"
"COPACABANA - CIUDADELA EDUCATIVA LA VIDA","2022-09-15","","64.29544365"
"COPACABANA - CIUDADELA EDUCATIVA LA VIDA","2022-09-14","","153.59575192"
"COPACABANA - CIUDADELA EDUCATIVA LA VIDA","2022-09-13","","115.73896557"
"COPACABANA - CIUDADELA EDUCATIVA LA VIDA","2022-09-12","","82.58188606"
"COPACABANA - CIUDADELA EDUCATIVA LA VIDA","2022-09-11","","73.97119026"
"COPACABANA - CIUDADELA EDUCATIVA LA VIDA","2022-09-10","","60.32822055"
"COPACABANA - CIUDADELA EDUCATIVA LA VIDA","2022-09-09","","96.11066703"
"COPACABANA - CIUDADELA EDUCATIVA LA VIDA","2022-09-08","","61.74701308"
"COPACABANA - CIUDADELA EDUCATIVA LA VIDA","2022-09-07","","32.81756122"
"COPACABANA - CIUDADELA EDUCATIVA LA VIDA","2022-09-06","","41.38481019"
"COPACABANA - CIUDADELA EDUCATIVA LA VIDA","2022-09-05","","60.96159129"
"COPACABANA - CIUDADELA EDUCATIVA LA VIDA","2022-09-04","","178.84130896"
"COPACABANA - CIUDADELA EDUCATIVA LA VIDA","2022-09-03","","75.38533017"
"COPACABANA - CIUDADELA EDUCATIVA LA VIDA","2022-09-02","","53.5143862"
"COPACABANA - CIUDADELA EDUCATIVA LA VIDA","2022-09-01","","44.98135345"
"COPACABANA - CIUDADELA EDUCATIVA LA VIDA","2022-08-31","","40.41281149"
"COPACABANA - CIUDADELA EDUCATIVA LA VIDA","2022-08-30","","83.53299594"
"COPACABANA - CIUDADELA EDUCATIVA LA VIDA","2022-08-29","","33.37584718"
"COPACABANA - CIUDADELA EDUCATIVA LA VIDA","2022-08-28","","93.21235151"
"COPACABANA - CIUDADELA EDUCATIVA LA VIDA","2022-08-27","","112.50324818"
"COPACABANA - CIUDADELA EDUCATIVA LA VIDA","2022-08-26","","43.65738316"
"COPACABANA - CIUDADELA EDUCATIVA LA VIDA","2022-08-25","","42.95029316"
"COPACABANA - CIUDADELA EDUCATIVA LA VIDA","2022-08-24","","43.82953035"
"COPACABANA - CIUDADELA EDUCATIVA LA VIDA","2022-08-23","","53.264034"
"COPACABANA - CIUDADELA EDUCATIVA LA VIDA","2022-08-22","","154.06586031"
"COPACABANA - CIUDADELA EDUCATIVA LA VIDA","2022-08-21","","163.52999303"
"COPACABANA - CIUDADELA EDUCATIVA LA VIDA","2022-08-20","","73.40044188"
"COPACABANA - CIUDADELA EDUCATIVA LA VIDA","2022-08-19","","38.87871236"
"COPACABANA - CIUDADELA EDUCATIVA LA VIDA","2022-08-18","","36.62163873"
"COPACABANA - CIUDADELA EDUCATIVA LA VIDA","2022-08-17","","81.42150831"
"COPACABANA - CIUDADELA EDUCATIVA LA VIDA","2022-08-16","","34.37528715"
"COPACABANA - CIUDADELA EDUCATIVA LA VIDA","2022-08-15","","171.78972286"
"COPACABANA - CIUDADELA EDUCATIVA LA VIDA","2022-08-14","","74.86208176"
"COPACABANA - CIUDADELA EDUCATIVA LA VIDA","2022-08-13","","78.01365703"
"COPACABANA - CIUDADELA EDUCATIVA LA VIDA","2022-08-12","","52.85285576"
"COPACABANA - CIUDADELA EDUCATIVA LA VIDA","2022-08-11","","44.72048764"
"COPACABANA - CIUDADELA EDUCATIVA LA VIDA","2022-08-10","","84.98686707"
"COPACABANA - CIUDADELA EDUCATIVA LA VIDA","2022-08-09","","72.55544903"
"COPACABANA - CIUDADELA EDUCATIVA LA VIDA","2022-08-08","","67.60898818"
"COPACABANA - CIUDADELA EDUCATIVA LA VIDA","2022-08-07","","41.00697989"
"COPACABANA - CIUDADELA EDUCATIVA LA VIDA","2022-08-06","","150.07123697"
"COPACABANA - CIUDADELA EDUCATIVA LA VIDA","2022-08-05","","122.04275078"
"COPACABANA - CIUDADELA EDUCATIVA LA VIDA","2022-08-04","","32.28353114"
"COPACABANA - CIUDADELA EDUCATIVA LA VIDA","2022-08-03","","50.2663013"
"COPACABANA - CIUDADELA EDUCATIVA LA VIDA","2022-08-02","","123.97441654"
"COPACABANA - CIUDADELA EDUCATIVA LA VIDA","2022-08-01","","159.70475776"
"COPACABANA - CIUDADELA EDUCATIVA LA VIDA","2022-07-31","","74.5863938"
"COPACABANA - CIUDADELA EDUCATIVA LA VIDA","2022-07-30","","45.07791497"
"COPACABANA - CIUDADELA EDUCATIVA LA VIDA","2022-07-29","","40.99808106"
"COPACABANA - CIUDADELA EDUCATIVA LA VIDA","2022-07-28","","119.15206054"
"COPACABANA - CIUDADELA EDUCATIVA LA VIDA","2022-07-27","","87.25085814"
"COPACABANA - CIUDADELA EDUCATIVA LA VIDA","2022-07-26","","60.1725544"
"COPACABANA - CIUDADELA EDUCATIVA LA VIDA","2022-07-25","","144.35136419"
"COPACABANA - CIUDADELA EDUCATIVA LA VIDA","2022-07-24","","87.8744674"
"COPACABANA - CIUDADELA EDUCATIVA LA VIDA","2022-07-23","","66.65116227"
"COPACABANA - CIUDADELA EDUCATIVA LA VIDA","2022-07-22","","44.76150008"
"COPACABANA - CIUDADELA EDUCATIVA LA VIDA","2022-07-21","","36.7241364"
"COPACABANA - CIUDADELA EDUCATIVA LA VIDA","2022-07-20","","64.5694157"
"COPACABANA - CIUDADELA EDUCATIVA LA VIDA","2022-07-19","","46.73197132"
"COPACABANA - CIUDADELA EDUCATIVA LA VIDA","2022-07-18","","40.1492705"
"COPACABANA - CIUDADELA EDUCATIVA LA VIDA","2022-07-17","","41.59267715"
"COPACABANA - CIUDADELA EDUCATIVA LA VIDA","2022-07-16","","33.53777575"
"COPACABANA - CIUDADELA EDUCATIVA LA VIDA","2022-07-15","","77.28108682"
"COPACABANA - CIUDADELA EDUCATIVA LA VIDA","2022-07-14","","32.14435775"
"COPACABANA - CIUDADELA EDUCATIVA LA VIDA","2022-07-13","","42.19783262"
"COPACABANA - CIUDADELA EDUCATIVA LA VIDA","2022-07-12","","58.8461174"
"COPACABANA - CIUDADELA EDUCATIVA LA VIDA","2022-07-11","","75.64931331"
"COPACABANA - CIUDADELA EDUCATIVA LA VIDA","2022-07-10","","49.93958585"
"COPACABANA - CIUDADELA EDUCATIVA LA VIDA","2022-07-09","","73.82911989"
"COPACABANA - CIUDADELA EDUCATIVA LA VIDA","2022-07-08","","84.44741199"
"COPACABANA - CIUDADELA EDUCATIVA LA VIDA","2022-07-07","","64.03786246"
"COPACABANA - CIUDADELA EDUCATIVA LA VIDA","2022-07-06","","52.80486833"
"COPACABANA - CIUDADELA EDUCATIVA LA VIDA","2022-07-05","","50.05068312"
"COPACABANA - CIUDADELA EDUCATIVA LA VIDA","2022-07-04","","59.88469915"
"COPACABANA - CIUDADELA EDUCATIVA LA VIDA","2022-07-03","","51.17397762"
"COPACABANA - CIUDADELA EDUCATIVA LA VIDA","2022-07-02","","42.51631953"
"COPACABANA - CIUDADELA EDUCATIVA LA VIDA","2022-07-01","","131.89495015"
"COPACABANA - CIUDADELA EDUCATIVA LA VIDA","2022-06-30","","94.34060692"
"COPACABANA - CIUDADELA EDUCATIVA LA VIDA","2022-06-29","","73.1890286"
"COPACABANA - CIUDADELA EDUCATIVA LA VIDA","2022-06-28","","121.51993049"
"COPACABANA - CIUDADELA EDUCATIVA LA VIDA","2022-06-27","","125.98229437"
"COPACABANA - CIUDADELA EDUCATIVA LA VIDA","2022-06-26","","101.00727779"
"COPACABANA - CIUDADELA EDUCATIVA LA VIDA","2022-06-25","","45.15399608"
"COPACABANA - CIUDADELA EDUCATIVA LA VIDA","2022-06-24","","39.71744733"
"COPACABANA - CIUDADELA EDUCATIVA LA VIDA","2022-06-23","","69.3748653"
"COPACABANA - CIUDADELA EDUCATIVA LA VIDA","2022-06-22","","51.56523519"
"COPACABANA - CIUDADELA EDUCATIVA LA VIDA","2022-06-21","","66.66977405"
"COPACABANA - CIUDADELA EDUCATIVA LA VIDA","2022-06-20","","76.61960874"
"COPACABANA - CIUDADELA EDUCATIVA LA VIDA","2022-06-19","","67.9630958"
"COPACABANA - CIUDADELA EDUCATIVA LA VIDA","2022-06-18","","148.8192974"
"COPACABANA - CIUDADELA EDUCATIVA LA VIDA","2022-06-17","","136.42480022"
"COPACABANA - CIUDADELA EDUCATIVA LA VIDA","2022-06-16","","82.94395633"
"COPACABANA - CIUDADELA EDUCATIVA LA VIDA","2022-06-15","","131.95300612"
"COPACABANA - CIUDADELA EDUCATIVA LA VIDA","2022-06-14","","143.29420382"
"COPACABANA - CIUDADELA EDUCATIVA LA VIDA","2022-06-13","","26.34349624"
"COPACABANA - CIUDADELA EDUCATIVA LA VIDA","2022-06-12","","59.6618857"
"COPACABANA - CIUDADELA EDUCATIVA LA VIDA","2022-06-11","","171.50156083"
"COPACABANA - CIUDADELA EDUCATIVA LA VIDA","2022-06-10","","93.65497551"
"COPACABANA - CIUDADELA EDUCATIVA LA VIDA","2022-06-09","","81.339403"
"COPACABANA - CIUDADELA EDUCATIVA LA VIDA","2022-06-08","","138.39471349"
"COPACABANA - CIUDADELA EDUCATIVA LA VIDA","2022-06-07","","151.9724816"
"COPACABANA - CIUDADELA EDUCATIVA LA VIDA","2022-06-06","","107.01174471"
"COPACABANA - CIUDADELA EDUCATIVA LA VIDA","2022-06-05","","125.14273304"
"COPACABANA - CIUDADELA EDUCATIVA LA VIDA","2022-06-04","","77.08528415"
"COPACABANA - CIUDADELA EDUCATIVA LA VIDA","2022-06-03","","82.3384035"
"COPACABANA - CIUDADELA EDUCATIVA LA VIDA","2022-06-02","","161.57263567"
"COPACABANA - CIUDADELA EDUCATIVA LA VIDA","2022-06-01","","133.8386655"
"COPACABANA - CIUDADELA EDUCATIVA LA VIDA","2022-05-31","","130.32418064"
"COPACABANA - CIUDADELA EDUCATIVA LA VIDA","2022-05-30","","66.88089078"
"COPACABANA - CIUDADELA EDUCATIVA LA VIDA","2022-05-29","","50.44223869"
"COPACABANA - CIUDADELA EDUCATIVA LA VIDA","2022-05-28","","45.20264199"
"COPACABANA - CIUDADELA EDUCATIVA LA VIDA","2022-05-27","","39.45659109"
"COPACABANA - CIUDADELA EDUCATIVA LA VIDA","2022-05-26","","41.46540023"
"COPACABANA - CIUDADELA EDUCATIVA LA VIDA","2022-05-25","","55.0620344"
"COPACABANA - CIUDADELA EDUCATIVA LA VIDA","2022-05-24","","58.17269594"
"COPACABANA - CIUDADELA EDUCATIVA LA VIDA","2022-05-23","","125.04380157"
"COPACABANA - CIUDADELA EDUCATIVA LA VIDA","2022-05-22","","121.27282713"
"COPACABANA - CIUDADELA EDUCATIVA LA VIDA","2022-05-21","","92.07649164"
"COPACABANA - CIUDADELA EDUCATIVA LA VIDA","2022-05-20","","98.79992095"
"COPACABANA - CIUDADELA EDUCATIVA LA VIDA","2022-05-19","","68.90827389"
"COPACABANA - CIUDADELA EDUCATIVA LA VIDA","2022-05-18","","68.35090955"
"COPACABANA - CIUDADELA EDUCATIVA LA VIDA","2022-05-17","","115.20193049"
"COPACABANA - CIUDADELA EDUCATIVA LA VIDA","2022-05-16","","97.80033206"
"COPACABANA - CIUDADELA EDUCATIVA LA VIDA","2022-05-15","","42.39691064"
"COPACABANA - CIUDADELA EDUCATIVA LA VIDA","2022-05-14","","72.81133711"
"COPACABANA - CIUDADELA EDUCATIVA LA VIDA","2022-05-13","","42.44254836"
"COPACABANA - CIUDADELA EDUCATIVA LA VIDA","2022-05-12","","66.64494412"
"COPACABANA - CIUDADELA EDUCATIVA LA VIDA","2022-05-11","","71.2571263"
"COPACABANA - CIUDADELA EDUCATIVA LA VIDA","2022-05-10","","146.12094203"
"COPACABANA - CIUDADELA EDUCATIVA LA VIDA","2022-05-09","","113.76593903"
"COPACABANA - CIUDADELA EDUCATIVA LA VIDA","2022-05-08","","157.03960092"
"COPACABANA - CIUDADELA EDUCATIVA LA VIDA","2022-05-07","","159.17682045"
"COPACABANA - CIUDADELA EDUCATIVA LA VIDA","2022-05-06","","91.41700219"
"COPACABANA - CIUDADELA EDUCATIVA LA VIDA","2022-05-05","","43.32386064"
"COPACABANA - CIUDADELA EDUCATIVA LA VIDA","2022-05-04","","48.07809193"
"COPACABANA - CIUDADELA EDUCATIVA LA VIDA","2022-05-03","","48.68653279"
"COPACABANA - CIUDADELA EDUCATIVA LA VIDA","2022-05-02","","40.71757067"
"COPACABANA - CIUDADELA EDUCATIVA LA VIDA","2022-05-01","","69.40010118"
"COPACABANA - CIUDADELA EDUCATIVA LA VIDA","2022-04-30","","139.61832368"
"COPACABANA - CIUDADELA EDUCATIVA LA VIDA","2022-04-29","","52.91609349"
"COPACABANA - CIUDADELA EDUCATIVA LA VIDA","2022-04-28","","158.91358864"
"COPACABANA - CIUDADELA EDUCATIVA LA VIDA","2022-04-27","","100.1850674"
"COPACABANA - CIUDADELA EDUCATIVA LA VIDA","2022-04-26","","107.86588898"
"COPACABANA - CIUDADELA EDUCATIVA LA VIDA","2022-04-25","","84.99893867"
"COPACABANA - CIUDADELA EDUCATIVA LA VIDA","2022-04-24","","66.5676258"
"COPACABANA - CIUDADELA EDUCATIVA LA VIDA","2022-04-23","","58.00311737"
"COPACABANA - CIUDADELA EDUCATIVA LA VIDA","2022-04-22","","115.19321163"
"COPACABANA - CIUDADELA EDUCATIVA LA VIDA","2022-04-21","","42.75847925"
"COPACABANA - CIUDADELA EDUCATIVA LA VIDA","2022-04-20","","96.94364769"
"COPACABANA - CIUDADELA EDUCATIVA LA VIDA","2022-04-19","","171.32195582"
"COPACABANA - CIUDADELA EDUCATIVA LA VIDA","2022-04-18","","78.12254691"
"COPACABANA - CIUDADELA EDUCATIVA LA VIDA","2022-04-17","","91.58593139"
"COPACABANA - CIUDADELA EDUCATIVA LA VIDA","2022-04-16","","120.7429"
"COPACABANA - CIUDADELA EDUCATIVA LA VIDA","2022-04-15","","46.52247996"
"COPACABANA - CIUDADELA EDUCATIVA LA VIDA","2022-04-14","","62.05288155"
"COPACABANA - CIUDADELA EDUCATIVA LA VIDA","2022-04-13","","66.30419288"
"COPACABANA - CIUDADELA EDUCATIVA LA VIDA","2022-04-12","","39.03026207"
"COPACABANA - CIUDADELA EDUCATIVA LA VIDA","2022-04-11","","45.78139136"
"COPACABANA - CIUDADELA EDUCATIVA LA VIDA","2022-04-10","","55.8713673"
"COPACABANA - CIUDADELA EDUCATIVA LA VIDA","2022-04-09","","38.42204506"
"COPACABANA - CIUDADELA EDUCATIVA LA VIDA","2022-04-08","","38.39893707"
"COPACABANA - CIUDADELA EDUCATIVA LA VIDA","2022-04-07","","108.10824267"
"COPACABANA - CIUDADELA EDUCATIVA LA VIDA","2022-04-06","","101.08010146"
"COPACABANA - CIUDADELA EDUCATIVA LA VIDA","2022-04-05","","94.20171604"
"COPACABANA - CIUDADELA EDUCATIVA LA VIDA","2022-04-04","","120.0645004"
"COPACABANA - CIUDADELA EDUCATIVA LA VIDA","2022-04-03","","113.78088669"
"COPACABANA - CIUDADELA EDUCATIVA LA VIDA","2022-04-02","","54.83911677"
"COPACABANA - CIUDADELA EDUCATIVA LA VIDA","2022-04-01","","140.75648459"
"COPACABANA - CIUDADELA EDUCATIVA LA VIDA","2022-03-31","","104.41087978"
"COPACABANA - CIUDADELA EDUCATIVA LA VIDA","2022-03-30","","128.2553082"
"COPACABANA - CIUDADELA EDUCATIVA LA VIDA","2022-03-29","","136.12294385"
"COPACABANA - CIUDADELA EDUCATIVA LA VIDA","2022-03-28","","40.82540568"
"COPACABANA - CIUDADELA EDUCATIVA LA VIDA","2022-03-27","","112.26828245"
"COPACABANA - CIUDADELA EDUCATIVA LA VIDA","2022-03-26","","76.1452797"
"COPACABANA - CIUDADELA EDUCATIVA LA VIDA","2022-03-25","","112.00024401"
"COPACABANA - CIUDADELA EDUCATIVA LA VIDA","2022-03-24","","64.70259789"
"COPACABANA - CIUDADELA EDUCATIVA LA VIDA","2022-03-23","","57.99364831"
"COPACABANA - CIUDADELA EDUCATIVA LA VIDA","2022-03-22","","97.37243342"
"COPACABANA - CIUDADELA EDUCATIVA LA VIDA","2022-03-21","","42.07926813"
"COPACABANA - CIUDADELA EDUCATIVA LA VIDA","2022-03-20","","65.15300572"
"COPACABANA - CIUDADELA EDUCATIVA LA VIDA","2022-03-19","","45.30398984"
"COPACABANA - CIUDADELA EDUCATIVA LA VIDA","2022-03-18","","53.92591644"
"COPACABANA - CIUDADELA EDUCATIVA LA VIDA","2022-03-17","","81.35070231"
"COPACABANA - CIUDADELA EDUCATIVA LA VIDA","2022-03-16","","99.29906225"
"COPACABANA - CIUDADELA EDUCATIVA LA VIDA","2022-03-15","","62.67227081"
"COPACABANA - CIUDADELA EDUCATIVA LA VIDA","2022-03-14","","118.45150509"
"COPACABANA - CIUDADELA EDUCATIVA LA VIDA","2022-03-13","","39.78862045"
"COPACABANA - CIUDADELA EDUCATIVA LA VIDA","2022-03-12","","123.7107019"
"COPACABANA - CIUDADELA EDUCATIVA LA VIDA","2022-03-11","","54.27892597"
"COPACABANA - CIUDADELA EDUCATIVA LA VIDA","2022-03-10","","40.30258447"
"COPACABANA - CIUDADELA EDUCATIVA LA VIDA","2022-03-09","","74.72031129"
"COPACABANA - CIUDADELA EDUCATIVA LA VIDA","2022-03-08","","129.55086738"
"COPACABANA - CIUDADELA EDUCATIVA LA VIDA","2022-03-07","","51.83020597"
"COPACABANA - CIUDADELA EDUCATIVA LA VIDA","2022-03-06","","134.1802833"
"COPACABANA - CIUDADELA EDUCATIVA LA VIDA","2022-03-05","","133.55230066"
"COPACABANA - CIUDADELA EDUCATIVA LA VIDA","2022-03-04","","68.08651312"
"COPACABANA - CIUDADELA EDUCATIVA LA VIDA","2022-03-03","","90.27561498"
"COPACABANA - CIUDADELA EDUCATIVA LA VIDA","2022-03-02","","135.55975447"
"COPACABANA - CIUDADELA EDUCATIVA LA VIDA","2022-03-01","","52.96172029"
"COPACABANA - CIUDADELA EDUCATIVA LA VIDA","2022-02-28","","59.62264324"
"COPACABANA - CIUDADELA EDUCATIVA LA VIDA","2022-02-27","","99.66199239"
"COPACABANA - CIUDADELA EDUCATIVA LA VIDA","2022-02-26","","51.22705128"
"COPACABANA - CIUDADELA EDUCATIVA LA VIDA","2022-02-25","","33.10610438"
"COPACABANA - CIUDADELA EDUCATIVA LA VIDA","2022-02-24","","46.97995643"
"COPACABANA - CIUDADELA EDUCATIVA LA VIDA","2022-02-23","","59.69957117"
"COPACABANA - CIUDADELA EDUCATIVA LA VIDA","2022-02-22","","55.21358669"
"COPACABANA - CIUDADELA EDUCATIVA LA VIDA","2022-02-21","","87.31855419"
"COPACABANA - CIUDADELA EDUCATIVA LA VIDA","2022-02-20","","59.10544927"
"COPACABANA - CIUDADELA EDUCATIVA LA VIDA","2022-02-19","","89.19392879"
"COPACABANA - CIUDADELA EDUCATIVA LA VIDA","2022-02-18","","60.68574627"
"COPACABANA - CIUDADELA EDUCATIVA LA VIDA","2022-02-17","","27.32360391"
"COPACABANA - CIUDADELA EDUCATIVA LA VIDA","2022-02-16","","56.1082066"
"COPACABANA - CIUDADELA EDUCATIVA LA VIDA","2022-02-15","","44.0059874"
"COPACABANA - CIUDADELA EDUCATIVA LA VIDA","2022-02-14","","50.27250036"
"COPACABANA - CIUDADELA EDUCATIVA LA VIDA","2022-02-13","","79.67050323"
"COPACABANA - CIUDADELA EDUCATIVA LA VIDA","2022-02-12","","88.78923765"
"COPACABANA - CIUDADELA EDUCATIVA LA VIDA","2022-02-11","","63.87693443"
"COPACABANA - CIUDADELA EDUCATIVA LA VIDA","2022-02-10","","55.8781524"
"COPACABANA - CIUDADELA EDUCATIVA LA VIDA","2022-02-09","","97.0034517"
"COPACABANA - CIUDADELA EDUCATIVA LA VIDA","2022-02-08","","65.69615624"
"COPACABANA - CIUDADELA EDUCATIVA LA VIDA","2022-02-07","","40.92222729"
"COPACABANA - CIUDADELA EDUCATIVA LA VIDA","2022-02-06","","97.35248303"
"COPACABANA - CIUDADELA EDUCATIVA LA VIDA","2022-02-05","","112.67782752"
"COPACABANA - CIUDADELA EDUCATIVA LA VIDA","2022-02-04","","84.61028012"
"COPACABANA - CIUDADELA EDUCATIVA LA VIDA","2022-02-03","","47.51729639"
"COPACABANA - CIUDADELA EDUCATIVA LA VIDA","2022-02-02","","52.25413183"
"COPACABANA - CIUDADELA EDUCATIVA LA VIDA","2022-02-01","","53.36579867"
"COPACABANA - CIUDADELA EDUCATIVA LA VIDA","2022-01-31","","74.59040102"
"COPACABANA - CIUDADELA EDUCATIVA LA VIDA","2022-01-30","","67.41950871"
"COPACABANA - CIUDADELA EDUCATIVA LA VIDA","2022-01-29","","59.80872568"
"COPACABANA - CIUDADELA EDUCATIVA LA VIDA","2022-01-28","","62.84710681"
"COPACABANA - CIUDADELA EDUCATIVA LA VIDA","2022-01-27","","45.81452396"
"COPACABANA - CIUDADELA EDUCATIVA LA VIDA","2022-01-26","","35.49660682"
"COPACABANA - CIUDADELA EDUCATIVA LA VIDA","2022-01-25","","41.92551026"
"COPACABANA - CIUDADELA EDUCATIVA LA VIDA","2022-01-24","","38.26836332"
"COPACABANA - CIUDADELA EDUCATIVA LA VIDA","2022-01-23","","59.88973604"
"COPACABANA - CIUDADELA EDUCATIVA LA VIDA","2022-01-22","","58.58579593"
"COPACABANA - CIUDADELA EDUCATIVA LA VIDA","2022-01-21","","57.87846545"
"COPACABANA - CIUDADELA EDUCATIVA LA VIDA","2022-01-20","","53.06684205"
"COPACABANA - CIUDADELA EDUCATIVA LA VIDA","2022-01-19","","35.96217215"
"COPACABANA - CIUDADELA EDUCATIVA LA VIDA","2022-01-18","","35.14603705"
"COPACABANA - CIUDADELA EDUCATIVA LA VIDA","2022-01-17","","28.25703472"
"COPACABANA - CIUDADELA EDUCATIVA LA VIDA","2022-01-16","","58.66452011"
"COPACABANA - CIUDADELA EDUCATIVA LA VIDA","2022-01-15","","91.10850018"
"COPACABANA - CIUDADELA EDUCATIVA LA VIDA","2022-01-14","","63.40817446"
"COPACABANA - CIUDADELA EDUCATIVA LA VIDA","2022-01-13","","55.83612149"
"COPACABANA - CIUDADELA EDUCATIVA LA VIDA","2022-01-12","","31.42249714"
"COPACABANA - CIUDADELA EDUCATIVA LA VIDA","2022-01-11","","75.14303387"
"COPACABANA - CIUDADELA EDUCATIVA LA VIDA","2022-01-10","","74.70215173"
"COPACABANA - CIUDADELA EDUCATIVA LA VIDA","2022-01-09","","42.66570059"
"COPACABANA - CIUDADELA EDUCATIVA LA VIDA","2022-01-08","","69.2165633"
"COPACABANA - CIUDADELA EDUCATIVA LA VIDA","2022-01-07","","87.36053851"
"COPACABANA - CIUDADELA EDUCATIVA LA VIDA","2022-01-06","","48.55700441"
"COPACABANA - CIUDADELA EDUCATIVA LA VIDA","2022-01-05","","55.64557397"
"COPACABANA - CIUDADELA EDUCATIVA LA VIDA","2022-01-04","","69.82983102"
"COPACABANA - CIUDADELA EDUCATIVA LA VIDA","2022-01-03","","82.33002576"
"COPACABANA - CIUDADELA EDUCATIVA LA VIDA","2022-01-02","","114.39250718"
"COPACABANA - CIUDADELA EDUCATIVA LA VIDA","2022-01-01","","29.95700353"
"COPACABANA - CIUDADELA EDUCATIVA LA VIDA","2021-12-31","","41.68369792"
"COPACABANA - CIUDADELA EDUCATIVA LA VIDA","2021-12-30","","81.04863597"
"COPACABANA - CIUDADELA EDUCATIVA LA VIDA","2021-12-29","","107.85453454"
"COPACABANA - CIUDADELA EDUCATIVA LA VIDA","2021-12-28","","77.83056748"
"COPACABANA - CIUDADELA EDUCATIVA LA VIDA","2021-12-27","","104.94210218"
"COPACABANA - CIUDADELA EDUCATIVA LA VIDA","2021-12-26","","38.92608796"
"COPACABANA - CIUDADELA EDUCATIVA LA VIDA","2021-12-25","","38.37686649"
"COPACABANA - CIUDADELA EDUCATIVA LA VIDA","2021-12-24","","36.49738539"
"COPACABANA - CIUDADELA EDUCATIVA LA VIDA","2021-12-23","","53.21654754"
"COPACABANA - CIUDADELA EDUCATIVA LA VIDA","2021-12-22","","57.30890912"
"COPACABANA - CIUDADELA EDUCATIVA LA VIDA","2021-12-21","","133.76447175"
"COPACABANA - CIUDADELA EDUCATIVA LA VIDA","2021-12-20","","93.84224025"
"COPACABANA - CIUDADELA EDUCATIVA LA VIDA","2021-12-19","","91.22052238"
"COPACABANA - CIUDADELA EDUCATIVA LA VIDA","2021-12-18","","154.23128311"
"COPACABANA - CIUDADELA EDUCATIVA LA VIDA","2021-12-17","","105.58438286"
"COPACABANA - CIUDADELA EDUCATIVA LA VIDA","2021-12-16","","58.18989052"
"COPACABANA - CIUDADELA EDUCATIVA LA VIDA","2021-12-15","","44.56537476"
"COPACABANA - CIUDADELA EDUCATIVA LA VIDA","2021-12-14","","67.85966498"
"COPACABANA - CIUDADELA EDUCATIVA LA VIDA","2021-12-13","","61.8204392"
"COPACABANA - CIUDADELA EDUCATIVA LA VIDA","2021-12-12","","40.81571421"
"COPACABANA - CIUDADELA EDUCATIVA LA VIDA","2021-12-11","","81.07415203"
"COPACABANA - CIUDADELA EDUCATIVA LA VIDA","2021-12-10","","55.02709153"
"COPACABANA - CIUDADELA EDUCATIVA LA VIDA","2021-12-09","","50.04870434"
"COPACABANA - CIUDADELA EDUCATIVA LA VIDA","2021-12-08","","64.2624405"
"COPACABANA - CIUDADELA EDUCATIVA LA VIDA","2021-12-07","","54.19867091"
"COPACABANA - CIUDADELA EDUCATIVA LA VIDA","2021-12-06","","38.03940504"
"COPACABANA - CIUDADELA EDUCATIVA LA VIDA","2021-12-05","","58.99666137"
"COPACABANA - CIUDADELA EDUCATIVA LA VIDA","2021-12-04","","59.21463251"
"COPACABANA - CIUDADELA EDUCATIVA LA VIDA","2021-12-03","","51.36213316"
"COPACABANA - CIUDADELA EDUCATIVA LA VIDA","2021-12-02","","69.49699817"
"COPACABANA - CIUDADELA EDUCATIVA LA VIDA","2021-12-01","","93.35824983"
"COPACABANA - CIUDADELA EDUCATIVA LA VIDA","2021-11-30","","118.38714121"
"COPACABANA - CIUDADELA EDUCATIVA LA VIDA","2021-11-29","","64.00018147"
"COPACABANA - CIUDADELA EDUCATIVA LA VIDA","2021-11-28","","67.80926184"
"COPACABANA - CIUDADELA EDUCATIVA LA VIDA","2021-11-27","","45.60483232"
"COPACABANA - CIUDADELA EDUCATIVA LA VIDA","2021-11-26","","122.82500328"
"COPACABANA - CIUDADELA EDUCATIVA LA VIDA","2021-11-25","","149.98252542"
"COPACABANA - CIUDADELA EDUCATIVA LA VIDA","2021-11-24","","73.54987485"
"COPACABANA - CIUDADELA EDUCATIVA LA VIDA","2021-11-23","","115.71857046"
"COPACABANA - CIUDADELA EDUCATIVA LA VIDA","2021-11-22","","82.24030945"
"COPACABANA - CIUDADELA EDUCATIVA LA VIDA","2021-11-21","","92.99930592"
"COPACABANA - CIUDADELA EDUCATIVA LA VIDA","2021-11-20","","84.78394917"
"COPACABANA - CIUDADELA EDUCATIVA LA VIDA","2021-11-19","","102.14335981"
"COPACABANA - CIUDADELA EDUCATIVA LA VIDA","2021-11-18","","56.5310149"
"COPACABANA - CIUDADELA EDUCATIVA LA VIDA","2021-11-17","","78.02218535"
"COPACABANA - CIUDADELA EDUCATIVA LA VIDA","2021-11-16","","60.97852851"
"COPACABANA - CIUDADELA EDUCATIVA LA VIDA","2021-11-15","","118.94694024"
"COPACABANA - CIUDADELA EDUCATIVA LA VIDA","2021-11-14","","95.12654991"
"COPACABANA - CIUDADELA EDUCATIVA LA VIDA","2021-11-13","","65.63783934"
"COPACABANA - CIUDADELA EDUCATIVA LA VIDA","2021-11-12","","77.08626619"
"COPACABANA - CIUDADELA EDUCATIVA LA VIDA","2021-11-11","","65.87835753"
"COPACABANA - CIUDADELA EDUCATIVA LA VIDA","2021-11-10","","117.44996669"
"COPACABANA - CIUDADELA EDUCATIVA LA VIDA","2021-11-09","","130.59150501"
"COPACABANA - CIUDADELA EDUCATIVA LA VIDA","2021-11-08","","97.96809181"
"COPACABANA - CIUDADELA EDUCATIVA LA VIDA","2021-11-07","","78.63549474"
"COPACABANA - CIUDADELA EDUCATIVA LA VIDA","2021-11-06","","86.83885153"
"COPACABANA - CIUDADELA EDUCATIVA LA VIDA","2021-11-05","","66.38180292"
"COPACABANA - CIUDADELA EDUCATIVA LA VIDA","2021-11-04","","54.83565802"
"COPACABANA - CIUDADELA EDUCATIVA LA VIDA","2021-11-03","","50.79064874"
"COPACABANA - CIUDADELA EDUCATIVA LA VIDA","2021-11-02","","66.86746131"
"COPACABANA - CIUDADELA EDUCATIVA LA VIDA","2021-11-01","","64.34164919"
"COPACABANA - CIUDADELA EDUCATIVA LA VIDA","2021-10-31","","69.34233129"
"COPACABANA - CIUDADELA EDUCATIVA LA VIDA","2021-10-30","","74.8517275"
"COPACABANA - CIUDADELA EDUCATIVA LA VIDA","2021-10-29","","127.63573591"
"COPACABANA - CIUDADELA EDUCATIVA LA VIDA","2021-10-28","","129.23143287"
"COPACABANA - CIUDADELA EDUCATIVA LA VIDA","2021-10-27","","153.88721355"
"COPACABANA - CIUDADELA EDUCATIVA LA VIDA","2021-10-26","","96.36985747"
"COPACABANA - CIUDADELA EDUCATIVA LA VIDA","2021-10-25","","58.37362423"
"COPACABANA - CIUDADELA EDUCATIVA LA VIDA","2021-10-24","","67.93593155"
"COPACABANA - CIUDADELA EDUCATIVA LA VIDA","2021-10-23","","102.58186936"
"COPACABANA - CIUDADELA EDUCATIVA LA VIDA","2021-10-22","","94.09397488"
"COPACABANA - CIUDADELA EDUCATIVA LA VIDA","2021-10-21","","96.93820578"
"COPACABANA - CIUDADELA EDUCATIVA LA VIDA","2021-10-20","","68.02249617"
"COPACABANA - CIUDADELA EDUCATIVA LA VIDA","2021-10-19","","51.95358204"
"COPACABANA - CIUDADELA EDUCATIVA LA VIDA","2021-10-18","","64.58575388"
"COPACABANA - CIUDADELA EDUCATIVA LA VIDA","2021-10-17","","152.38096422"
"COPACABANA - CIUDADELA EDUCATIVA LA VIDA","2021-10-16","","79.92348269"
"COPACABANA - CIUDADELA EDUCATIVA LA VIDA","2021-10-15","","122.14875985"
"COPACABANA - CIUDADELA EDUCATIVA LA VIDA","2021-10-14","","78.36426362"
"COPACABANA - CIUDADELA EDUCATIVA LA VIDA","2021-10-13","","105.96693459"
"COPACABANA - CIUDADELA EDUCATIVA LA VIDA","2021-10-12","","51.37248111"
"COPACABANA - CIUDADELA EDUCATIVA LA VIDA","2021-10-11","","53.96708215"
"COPACABANA - CIUDADELA EDUCATIVA LA VIDA","2021-10-10","","89.9771087"
"COPACABANA - CIUDADELA EDUCATIVA LA VIDA","2021-10-09","","67.35788676"
"COPACABANA - CIUDADELA EDUCATIVA LA VIDA","2021-10-08","","46.37184656"
"COPACABANA - CIUDADELA EDUCATIVA LA VIDA","2021-10-07","","61.58061103"
"COPACABANA - CIUDADELA EDUCATIVA LA VIDA","2021-10-06","","41.53075696"
"COPACABANA - CIUDADELA EDUCATIVA LA VIDA","2021-10-05","","94.86363404"
"COPACABANA - CIUDADELA EDUCATIVA LA VIDA","2021-10-04","","71.36912294"
"COPACABANA - CIUDADELA EDUCATIVA LA VIDA","2021-10-03","","64.25282691"
"COPACABANA - CIUDADELA EDUCATIVA LA VIDA","2021-10-02","","69.24379673"
"COPACABANA - CIUDADELA EDUCATIVA LA VIDA","2021-10-01","","117.17534542"
"COPACABANA - CIUDADELA EDUCATIVA LA VIDA","2021-09-30","","55.48151599"
"COPACABANA - CIUDADELA EDUCATIVA LA VIDA","2021-09-29","","127.85396286"
"COPACABANA - CIUDADELA EDUCATIVA LA VIDA","2021-09-28","","121.64970304"
"COPACABANA - CIUDADELA EDUCATIVA LA VIDA","2021-09-27","","67.17113905"
"COPACABANA - CIUDADELA EDUCATIVA LA VIDA","2021-09-26","","71.34850109"
"COPACABANA - CIUDADELA EDUCATIVA LA VIDA","2021-09-25","","56.34317743"
"COPACABANA - CIUDADELA EDUCATIVA LA VIDA","2021-09-24","","53.45652645"
"COPACABANA - CIUDADELA EDUCATIVA LA VIDA","2021-09-23","","169.6569073"
"COPACABANA - CIUDADELA EDUCATIVA LA VIDA","2021-09-22","","76.46578001"
"COPACABANA - CIUDADELA EDUCATIVA LA VIDA","2021-09-21","","81.75149998"
"COPACABANA - CIUDADELA EDUCATIVA LA VIDA","2021-09-20","","47.56632783"
"COPACABANA - CIUDADELA EDUCATIVA LA VIDA","2021-09-19","","75.27239919"
"COPACABANA - CIUDADELA EDUCATIVA LA VIDA","2021-09-18","","54.23425222"
"COPACABANA - CIUDADELA EDUCATIVA LA VIDA","2021-09-17","","87.16634642"
"COPACABANA - CIUDADELA EDUCATIVA LA VIDA","2021-09-16","","62.80658071"
"COPACABANA - CIUDADELA EDUCATIVA LA VIDA","2021-09-15","","62.68358306"
"COPACABANA - CIUDADELA EDUCATIVA LA VIDA","2021-09-14","","69.28878087"
"COPACABANA - CIUDADELA EDUCATIVA LA VIDA","2021-09-13","","57.62923482"
"COPACABANA - CIUDADELA EDUCATIVA LA VIDA","2021-09-12","","45.90724824"
"COPACABANA - CIUDADELA EDUCATIVA LA VIDA","2021-09-11","","85.26245319"
"COPACABANA - CIUDADELA EDUCATIVA LA VIDA","2021-09-10","","49.32210418"
"COPACABANA - CIUDADELA EDUCATIVA LA VIDA","2021-09-09","","100.22525651"
"COPACABANA - CIUDADELA EDUCATIVA LA VIDA","2021-09-08","","140.00385007"
"COPACABANA - CIUDADELA EDUCATIVA LA VIDA","2021-09-07","","104.85351245"
"COPACABANA - CIUDADELA EDUCATIVA LA VIDA","2021-09-06","","134.99383029"
"COPACABANA - CIUDADELA EDUCATIVA LA VIDA","2021-09-05","","110.0876066"
"COPACABANA - CIUDADELA EDUCATIVA LA VIDA","2021-09-04","","60.10220355"
"COPACABANA - CIUDADELA EDUCATIVA LA VIDA","2021-09-03","","51.18662618"
"COPACABANA - CIUDADELA EDUCATIVA LA VIDA","2021-09-02","","40.69806299"
"COPACABANA - CIUDADELA EDUCATIVA LA VIDA","2021-09-01","","78.92380834"
"COPACABANA - CIUDADELA EDUCATIVA LA VIDA","2021-08-31","","102.11029435"
"COPACABANA - CIUDADELA EDUCATIVA LA VIDA","2021-08-30","","146.80799809"
"COPACABANA - CIUDADELA EDUCATIVA LA VIDA","2021-08-29","","66.38146765"
"COPACABANA - CIUDADELA EDUCATIVA LA VIDA","2021-08-28","","71.95560583"
"COPACABANA - CIUDADELA EDUCATIVA LA VIDA","2021-08-27","","35.94509376"
"COPACABANA - CIUDADELA EDUCATIVA LA VIDA","2021-08-26","","72.3607815"
"COPACABANA - CIUDADELA EDUCATIVA LA VIDA","2021-08-25","","94.37267283"
"COPACABANA - CIUDADELA EDUCATIVA LA VIDA","2021-08-24","","129.38732201"
"COPACABANA - CIUDADELA EDUCATIVA LA VIDA","2021-08-23","","158.76612231"
"COPACABANA - CIUDADELA EDUCATIVA LA VIDA","2021-08-22","","58.09989853"
"COPACABANA - CIUDADELA EDUCATIVA LA VIDA","2021-08-21","","55.38268509"
"COPACABANA - CIUDADELA EDUCATIVA LA VIDA","2021-08-20","","95.57808455"
"COPACABANA - CIUDADELA EDUCATIVA LA VIDA","2021-08-19","","120.55767102"
"COPACABANA - CIUDADELA EDUCATIVA LA VIDA","2021-08-18","","38.37424538"
"COPACABANA - CIUDADELA EDUCATIVA LA VIDA","2021-08-17","","106.95837428"
"COPACABANA - CIUDADELA EDUCATIVA LA VIDA","2021-08-16","","122.97600481"
"COPACABANA - CIUDADELA EDUCATIVA LA VIDA","2021-08-15","","130.0666692"
"COPACABANA - CIUDADELA EDUCATIVA LA VIDA","2021-08-14","","109.85119926"
"COPACABANA - CIUDADELA EDUCATIVA LA VIDA","2021-08-13","","92.72778281"
"COPACABANA - CIUDADELA EDUCATIVA LA VIDA","2021-08-12","","100.1786149"
"COPACABANA - CIUDADELA EDUCATIVA LA VIDA","2021-08-11","","50.59980555"
"COPACABANA - CIUDADELA EDUCATIVA LA VIDA","2021-08-10","","91.64799945"
"COPACABANA - CIUDADELA EDUCATIVA LA VIDA","2021-08-09","","84.68980835"
"COPACABANA - CIUDADELA EDUCATIVA LA VIDA","2021-08-08","","89.93256545"
"COPACABANA - CIUDADELA EDUCATIVA LA VIDA","2021-08-07","","107.82859249"
"COPACABANA - CIUDADELA EDUCATIVA LA VIDA","2021-08-06","","57.1303451"
"COPACABANA - CIUDADELA EDUCATIVA LA VIDA","2021-08-05","","79.55004622"
"COPACABANA - CIUDADELA EDUCATIVA LA VIDA","2021-08-04","","40.69937094"
"COPACABANA - CIUDADELA EDUCATIVA LA VIDA","2021-08-03","","83.76907517"
"COPACABANA - CIUDADELA EDUCATIVA LA VIDA","2021-08-02","","78.2663411"
"COPACABANA - CIUDADELA EDUCATIVA LA VIDA","2021-08-01","","63.14431271"
"COPACABANA - CIUDADELA EDUCATIVA LA VIDA","2021-07-31","","36.45751613"
"COPACABANA - CIUDADELA EDUCATIVA LA VIDA","2021-07-30","","61.42218493"
"COPACABANA - CIUDADELA EDUCATIVA LA VIDA","2021-07-29","","152.25373126"
"COPACABANA - CIUDADELA EDUCATIVA LA VIDA","2021-07-28","","59.59507893"
"COPACABANA - CIUDADELA EDUCATIVA LA VIDA","2021-07-27","","131.42262931"
"COPACABANA - CIUDADELA EDUCATIVA LA VIDA","2021-07-26","","55.58763097"
"COPACABANA - CIUDADELA EDUCATIVA LA VIDA","2021-07-25","","97.87452591"
"COPACABANA - CIUDADELA EDUCATIVA LA VIDA","2021-07-24","","104.76085509"
"COPACABANA - CIUDADELA EDUCATIVA LA VIDA","2021-07-23","","43.75748702"
"COPACABANA - CIUDADELA EDUCATIVA LA VIDA","2021-07-22","","56.63705438"
"COPACABANA - CIUDADELA EDUCATIVA LA VIDA","2021-07-21","","50.08427688"
"COPACABANA - CIUDADELA EDUCATIVA LA VIDA","2021-07-20","","89.71904848"
"COPACABANA - CIUDADELA EDUCATIVA LA VIDA","2021-07-19","","71.03470126"
"COPACABANA - CIUDADELA EDUCATIVA LA VIDA","2021-07-18","","79.88405196"
"COPACABANA - CIUDADELA EDUCATIVA LA VIDA","2021-07-17","","94.7718672"
"COPACABANA - CIUDADELA EDUCATIVA LA VIDA","2021-07-16","","97.38720468"
"COPACABANA - CIUDADELA EDUCATIVA LA VIDA","2021-07-15","","67.49194104"
"COPACABANA - CIUDADELA EDUCATIVA LA VIDA","2021-07-14","","48.82359669"
"COPACABANA - CIUDADELA EDUCATIVA LA VIDA","2021-07-13","","81.76093436"
"COPACABANA - CIUDADELA EDUCATIVA LA VIDA","2021-07-12","","83.35463841"
"COPACABANA - CIUDADELA EDUCATIVA LA VIDA","2021-07-11","","70.96033537"
"COPACABANA - CIUDADELA EDUCATIVA LA VIDA","2021-07-10","","66.84548132"
"COPACABANA - CIUDADELA EDUCATIVA LA VIDA","2021-07-09","","77.64295379"
"COPACABANA - CIUDADELA EDUCATIVA LA VIDA","2021-07-08","","42.85136034"
"COPACABANA - CIUDADELA EDUCATIVA LA VIDA","2021-07-07","","46.96148989"
"COPACABANA - CIUDADELA EDUCATIVA LA VIDA","2021-07-06","","36.48226228"
"COPACABANA - CIUDADELA EDUCATIVA LA VIDA","2021-07-05","","40.30258974"
"COPACABANA - CIUDADELA EDUCATIVA LA VIDA","2021-07-04","","67.4471839"
"COPACABANA - CIUDADELA EDUCATIVA LA VIDA","2021-07-03","","97.21595609"
"COPACABANA - CIUDADELA EDUCATIVA LA VIDA","2021-07-02","","53.34499942"
"COPACABANA - CIUDADELA EDUCATIVA LA VIDA","2021-07-01","","75.52356093"
"COPACABANA - CIUDADELA EDUCATIVA LA VIDA","2021-06-30","","57.22061372"
"COPACABANA - CIUDADELA EDUCATIVA LA VIDA","2021-06-29","","71.85893761"
"COPACABANA - CIUDADELA EDUCATIVA LA VIDA","2021-06-28","","104.13106581"
"COPACABANA - CIUDADELA EDUCATIVA LA VIDA","2021-06-27","","48.66421193"
"COPACABANA - CIUDADELA EDUCATIVA LA VIDA","2021-06-26","","95.54914215"
"COPACABANA - CIUDADELA EDUCATIVA LA VIDA","2021-06-25","","121.45849316"
"COPACABANA - CIUDADELA EDUCATIVA LA VIDA","2021-06-24","","80.12565386"
"COPACABANA - CIUDADELA EDUCATIVA LA VIDA","2021-06-23","","62.42794981"
"COPACABANA - CIUDADELA EDUCATIVA LA VIDA","2021-06-22","","101.01650102"
"COPACABANA - CIUDADELA EDUCATIVA LA VIDA","2021-06-21","","113.7266038"
"COPACABANA - CIUDADELA EDUCATIVA LA VIDA","2021-06-20","","78.62872447"
"COPACABANA - CIUDADELA EDUCATIVA LA VIDA","2021-06-19","","87.05430529"
"COPACABANA - CIUDADELA EDUCATIVA LA VIDA","2021-06-18","","68.5455554"
"COPACABANA - CIUDADELA EDUCATIVA LA VIDA","2021-06-17","","54.22869543"
"COPACABANA - CIUDADELA EDUCATIVA LA VIDA","2021-06-16","","52.90985377"
"COPACABANA - CIUDADELA EDUCATIVA LA VIDA","2021-06-15","","65.0107666"
"COPACABANA - CIUDADELA EDUCATIVA LA VIDA","2021-06-14","","68.90318889"
"COPACABANA - CIUDADELA EDUCATIVA LA VIDA","2021-06-13","","111.63092997"
"COPACABANA - CIUDADELA EDUCATIVA LA VIDA","2021-06-12","","83.19623588"
"COPACABANA - CIUDADELA EDUCATIVA LA VIDA","2021-06-11","","63.30509157"
"COPACABANA - CIUDADELA EDUCATIVA LA VIDA","2021-06-10","","45.23768464"
"COPACABANA - CIUDADELA EDUCATIVA LA VIDA","2021-06-09","","66.15124484"
"COPACABANA - CIUDADELA EDUCATIVA LA VIDA","2021-06-08","","121.9975465"
"COPACABANA - CIUDADELA EDUCATIVA LA VIDA","2021-06-07","","94.23946197"
"COPACABANA - CIUDADELA EDUCATIVA LA VIDA","2021-06-06","","35.17973932"
"COPACABANA - CIUDADELA EDUCATIVA LA VIDA","2021-06-05","","100.93955918"
"COPACABANA - CIUDADELA EDUCATIVA LA VIDA","2021-06-04","","90.93734885"
"COPACABANA - CIUDADELA EDUCATIVA LA VIDA","2021-06-03","","82.2647839"
"COPACABANA - CIUDADELA EDUCATIVA LA VIDA","2021-06-02","","129.70108587"
"COPACABANA - CIUDADELA EDUCATIVA LA VIDA","2021-06-01","","134.46099805"
"COPACABANA - CIUDADELA EDUCATIVA LA VIDA","2021-05-31","","93.09506307"
"COPACABANA - CIUDADELA EDUCATIVA LA VIDA","2021-05-30","","68.96937072"
"COPACABANA - CIUDADELA EDUCATIVA LA VIDA","2021-05-29","","53.86087915"
"COPACABANA - CIUDADELA EDUCATIVA LA VIDA","2021-05-28","","121.0997101"
"COPACABANA - CIUDADELA EDUCATIVA LA VIDA","2021-05-27","","116.54172695"
"COPACABANA - CIUDADELA EDUCATIVA LA VIDA","2021-05-26","","75.03298091"
"COPACABANA - CIUDADELA EDUCATIVA LA VIDA","2021-05-25","","64.89399429"
"COPACABANA - CIUDADELA EDUCATIVA LA VIDA","2021-05-24","","40.47732915"
"COPACABANA - CIUDADELA EDUCATIVA LA VIDA","2021-05-23","","75.74790643"
"COPACABANA - CIUDADELA EDUCATIVA LA VIDA","2021-05-22","","54.54660647"
"COPACABANA - CIUDADELA EDUCATIVA LA VIDA","2021-05-21","","62.24417175"
"COPACABANA - CIUDADELA EDUCATIVA LA VIDA","2021-05-20","","48.09297237"
"COPACABANA - CIUDADELA EDUCATIVA LA VIDA","2021-05-19","","38.75234652"
"COPACABANA - CIUDADELA EDUCATIVA LA VIDA","2021-05-18","","150.96387065"
"COPACABANA - CIUDADELA EDUCATIVA LA VIDA","2021-05-17","","91.84001928"
"COPACABANA - CIUDADELA EDUCATIVA LA VIDA","2021-05-16","","91.14907949"
"COPACABANA - CIUDADELA EDUCATIVA LA VIDA","2021-05-15","","64.01230134"
"COPACABANA - CIUDADELA EDUCATIVA LA VIDA","2021-05-14","","54.10891564"
"COPACABANA - CIUDADELA EDUCATIVA LA VIDA","2021-05-13","","68.37191615"
"COPACABANA - CIUDADELA EDUCATIVA LA VIDA","2021-05-12","","42.40643436"
"COPACABANA - CIUDADELA EDUCATIVA LA VIDA","2021-05-11","","37.07097774"
"COPACABANA - CIUDADELA EDUCATIVA LA VIDA","2021-05-10","","122.57440187"
"COPACABANA - CIUDADELA EDUCATIVA LA VIDA","2021-05-09","","92.88934531"
"COPACABANA - CIUDADELA EDUCATIVA LA VIDA","2021-05-08","","64.98156703"
"COPACABANA - CIUDADELA EDUCATIVA LA VIDA","2021-05-07","","94.16707858"
"COPACABANA - CIUDADELA EDUCATIVA LA VIDA","2021-05-06","","77.41617039"
"COPACABANA - CIUDADELA EDUCATIVA LA VIDA","2021-05-05","","67.64546583"
"COPACABANA - CIUDADELA EDUCATIVA LA VIDA","2021-05-04","","87.84672397"
"COPACABANA - CIUDADELA EDUCATIVA LA VIDA","2021-05-03","","86.39821685"
"COPACABANA - CIUDADELA EDUCATIVA LA VIDA","2021-05-02","","100.91960456"
"COPACABANA - CIUDADELA EDUCATIVA LA VIDA","2021-05-01","","140.32766403"
"COPACABANA - CIUDADELA EDUCATIVA LA VIDA","2021-04-30","","106.79166667"
"COPACABANA - CIUDADELA EDUCATIVA LA VIDA","2021-04-29","","56.20833333"
"COPACABANA - CIUDADELA EDUCATIVA LA VIDA","2021-04-28","","123.5"
"COPACABANA - CIUDADELA EDUCATIVA LA VIDA","2021-04-27","","110.08333333"
"COPACABANA - CIUDADELA EDUCATIVA LA VIDA","2021-04-26","","146.70833333"
"COPACABANA - CIUDADELA EDUCATIVA LA VIDA","2021-04-25","","63.95833333"
"COPACABANA - CIUDADELA EDUCATIVA LA VIDA","2021-04-24","","88.66666667"
"COPACABANA - CIUDADELA EDUCATIVA LA VIDA","2021-04-23","","145.25"
"COPACABANA - CIUDADELA EDUCATIVA LA VIDA","2021-04-22","","84.25"
"COPACABANA - CIUDADELA EDUCATIVA LA VIDA","2021-04-21","","88.08333333"
"COPACABANA - CIUDADELA EDUCATIVA LA VIDA","2021-04-20","","82.625"
"COPACABANA - CIUDADELA EDUCATIVA LA VIDA","2021-04-19","","46.95833333"
"COPACABANA - CIUDADELA EDUCATIVA LA VIDA","2021-04-18","","82.70833333"
"COPACABANA - CIUDADELA EDUCATIVA LA VIDA","2021-04-17","","68.0"
"COPACABANA - CIUDADELA EDUCATIVA LA VIDA","2021-04-16","","138.95833333"
"COPACABANA - CIUDADELA EDUCATIVA LA VIDA","2021-04-15","","100.75"
"COPACABANA - CIUDADELA EDUCATIVA LA VIDA","2021-04-14","","104.0"
"COPACABANA - CIUDADELA EDUCATIVA LA VIDA","2021-04-13","","88.29166667"
"COPACABANA - CIUDADELA EDUCATIVA LA VIDA","2021-04-12","","80.0"
"COPACABANA - CIUDADELA EDUCATIVA LA VIDA","2021-04-11","","60.125"
"COPACABANA - CIUDADELA EDUCATIVA LA VIDA","2021-04-10","","85.79166667"
"COPACABANA - CIUDADELA EDUCATIVA LA VIDA","2021-04-09","","98.125"
"COPACABANA - CIUDADELA EDUCATIVA LA VIDA","2021-04-08","","81.125"
"COPACABANA - CIUDADELA EDUCATIVA LA VIDA","2021-04-07","","98.125"
"COPACABANA - CIUDADELA EDUCATIVA LA VIDA","2021-04-06","","124.20833333"
"COPACABANA - CIUDADELA EDUCATIVA LA VIDA","2021-04-05","","129.95833333"
"COPACABANA - CIUDADELA EDUCATIVA LA VIDA","2021-04-04","","117.91666667"
"COPACABANA - CIUDADELA EDUCATIVA LA VIDA","2021-04-03","","77.08333333"
"COPACABANA - CIUDADELA EDUCATIVA LA VIDA","2021-04-02","","112.45833333"
"COPACABANA - CIUDADELA EDUCATIVA LA VIDA","2021-04-01","","99.2173913"
"COPACABANA - CIUDADELA EDUCATIVA LA VIDA","2021-03-31","","59.7826087"
"COPACABANA - CIUDADELA EDUCATIVA LA VIDA","2021-03-30","","81.625"
"COPACABANA - CIUDADELA EDUCATIVA LA VIDA","2021-03-29","","60.29166667"
"COPACABANA - CIUDADELA EDUCATIVA LA VIDA","2021-03-28","","49.04166667"
"COPACABANA - CIUDADELA EDUCATIVA LA VIDA","2021-03-27","","97.08333333"
"COPACABANA - CIUDADELA EDUCATIVA LA VIDA","2021-03-26","","125.75"
"COPACABANA - CIUDADELA EDUCATIVA LA VIDA","2021-03-25","","63.0"
"COPACABANA - CIUDADELA EDUCATIVA LA VIDA","2021-03-24","","125.91666667"
"COPACABANA - CIUDADELA EDUCATIVA LA VIDA","2021-03-23","","96.73913043"
"COPACABANA - CIUDADELA EDUCATIVA LA VIDA","2021-03-22","","174.20833333"
"COPACABANA - CIUDADELA EDUCATIVA LA VIDA","2021-03-21","","149.83333333"
"COPACABANA - CIUDADELA EDUCATIVA LA VIDA","2021-03-20","","169.45833333"
"COPACABANA - CIUDADELA EDUCATIVA LA VIDA","2021-03-19","","119.17391304"
"COPACABANA - CIUDADELA EDUCATIVA LA VIDA","2021-03-18","","192.0"
"COPACABANA - CIUDADELA EDUCATIVA LA VIDA","2021-03-17","","110.25"
"COPACABANA - CIUDADELA EDUCATIVA LA VIDA","2021-03-16","","145.29166667"
"COPACABANA - CIUDADELA EDUCATIVA LA VIDA","2021-03-15","","160.08333333"
"COPACABANA - CIUDADELA EDUCATIVA LA VIDA","2021-03-14","","108.04166667"
"COPACABANA - CIUDADELA EDUCATIVA LA VIDA","2021-03-13","","110.625"
"COPACABANA - CIUDADELA EDUCATIVA LA VIDA","2021-03-12","","139.375"
"COPACABANA - CIUDADELA EDUCATIVA LA VIDA","2021-03-11","","80.875"
"COPACABANA - CIUDADELA EDUCATIVA LA VIDA","2021-03-10","","114.58333333"
"COPACABANA - CIUDADELA EDUCATIVA LA VIDA","2021-03-09","","86.70833333"
"COPACABANA - CIUDADELA EDUCATIVA LA VIDA","2021-03-08","","119.04166667"
"COPACABANA - CIUDADELA EDUCATIVA LA VIDA","2021-03-07","","73.58333333"
"COPACABANA - CIUDADELA EDUCATIVA LA VIDA","2021-03-06","","82.08333333"
"COPACABANA - CIUDADELA EDUCATIVA LA VIDA","2021-03-05","","75.54166667"
"COPACABANA - CIUDADELA EDUCATIVA LA VIDA","2021-03-04","","80.54166667"
"COPACABANA - CIUDADELA EDUCATIVA LA VIDA","2021-03-03","","133.79166667"
"COPACABANA - CIUDADELA EDUCATIVA LA VIDA","2021-03-02","","144.5"
"COPACABANA - CIUDADELA EDUCATIVA LA VIDA","2021-03-01","","135.125"
"COPACABANA - CIUDADELA EDUCATIVA LA VIDA","2021-02-28","","105.60956646"
"COPACABANA - CIUDADELA EDUCATIVA LA VIDA","2021-02-27","","91.77891946"
"COPACABANA - CIUDADELA EDUCATIVA LA VIDA","2021-02-26","","54.1936417"
"COPACABANA - CIUDADELA EDUCATIVA LA VIDA","2021-02-25","","72.24868839"
"COPACABANA - CIUDADELA EDUCATIVA LA VIDA","2021-02-24","","57.55646386"
"COPACABANA - CIUDADELA EDUCATIVA LA VIDA","2021-02-23","","47.14034575"
"COPACABANA - CIUDADELA EDUCATIVA LA VIDA","2021-02-22","","38.04072149"
"COPACABANA - CIUDADELA EDUCATIVA LA VIDA","2021-02-21","","49.24021226"
"COPACABANA - CIUDADELA EDUCATIVA LA VIDA","2021-02-20","","102.67200482"
"COPACABANA - CIUDADELA EDUCATIVA LA VIDA","2021-02-19","","121.9072848"
"COPACABANA - CIUDADELA EDUCATIVA LA VIDA","2021-02-18","","142.58815074"
"COPACABANA - CIUDADELA EDUCATIVA LA VIDA","2021-02-17","","72.9045316"
"COPACABANA - CIUDADELA EDUCATIVA LA VIDA","2021-02-16","","90.26351085"
"COPACABANA - CIUDADELA EDUCATIVA LA VIDA","2021-02-15","","110.50045628"
"COPACABANA - CIUDADELA EDUCATIVA LA VIDA","2021-02-14","","78.08644825"
"COPACABANA - CIUDADELA EDUCATIVA LA VIDA","2021-02-13","","83.33686255"
"COPACABANA - CIUDADELA EDUCATIVA LA VIDA","2021-02-12","","72.60141923"
"COPACABANA - CIUDADELA EDUCATIVA LA VIDA","2021-02-11","","70.34702472"
"COPACABANA - CIUDADELA EDUCATIVA LA VIDA","2021-02-10","","98.51019385"
"COPACABANA - CIUDADELA EDUCATIVA LA VIDA","2021-02-09","","73.52411038"
"COPACABANA - CIUDADELA EDUCATIVA LA VIDA","2021-02-08","","60.74219645"
"COPACABANA - CIUDADELA EDUCATIVA LA VIDA","2021-02-07","","86.99864539"
"COPACABANA - CIUDADELA EDUCATIVA LA VIDA","2021-02-06","","89.17468292"
"COPACABANA - CIUDADELA EDUCATIVA LA VIDA","2021-02-05","","38.40386737"
"COPACABANA - CIUDADELA EDUCATIVA LA VIDA","2021-02-04","","57.01317282"
"COPACABANA - CIUDADELA EDUCATIVA LA VIDA","2021-02-03","","55.39387828"
"COPACABANA - CIUDADELA EDUCATIVA LA VIDA","2021-02-02","","99.98641823"
"COPACABANA - CIUDADELA EDUCATIVA LA VIDA","2021-02-01","","48.69823272"
"COPACABANA - CIUDADELA EDUCATIVA LA VIDA","2021-01-31","","100.14285714"
"COPACABANA - CIUDADELA EDUCATIVA LA VIDA","2021-01-30","","101.36842105"
"COPACABANA - CIUDADELA EDUCATIVA LA VIDA","2021-01-29","","54.5"
"COPACABANA - CIUDADELA EDUCATIVA LA VIDA","2021-01-28","","68.95"
"COPACABANA - CIUDADELA EDUCATIVA LA VIDA","2021-01-27","","108.95833333"
"COPACABANA - CIUDADELA EDUCATIVA LA VIDA","2021-01-26","","66.54545455"
"COPACABANA - CIUDADELA EDUCATIVA LA VIDA","2021-01-25","","96.55"
"COPACABANA - CIUDADELA EDUCATIVA LA VIDA","2021-01-24","","71.41176471"
"COPACABANA - CIUDADELA EDUCATIVA LA VIDA","2021-01-23","","79.3"
"COPACABANA - CIUDADELA EDUCATIVA LA VIDA","2021-01-22","","53.38095238"
"COPACABANA - CIUDADELA EDUCATIVA LA VIDA","2021-01-21","","53.57894737"
"COPACABANA - CIUDADELA EDUCATIVA LA VIDA","2021-01-20","","63.16666667"
"COPACABANA - CIUDADELA EDUCATIVA LA VIDA","2021-01-19","","120.45833333"
"COPACABANA - CIUDADELA EDUCATIVA LA VIDA","2021-01-18","","54.70833333"
"COPACABANA - CIUDADELA EDUCATIVA LA VIDA","2021-01-17","","101.5"
"COPACABANA - CIUDADELA EDUCATIVA LA VIDA","2021-01-16","","69.04166667"
"COPACABANA - CIUDADELA EDUCATIVA LA VIDA","2021-01-15","","73.25"
"COPACABANA - CIUDADELA EDUCATIVA LA VIDA","2021-01-14","","57.45833333"
"COPACABANA - CIUDADELA EDUCATIVA LA VIDA","2021-01-13","","83.66666667"
"COPACABANA - CIUDADELA EDUCATIVA LA VIDA","2021-01-12","","110.54166667"
"COPACABANA - CIUDADELA EDUCATIVA LA VIDA","2021-01-11","","100.16666667"
"COPACABANA - CIUDADELA EDUCATIVA LA VIDA","2021-01-10","","57.08333333"
"COPACABANA - CIUDADELA EDUCATIVA LA VIDA","2021-01-09","","77.125"
"COPACABANA - CIUDADELA EDUCATIVA LA VIDA","2021-01-08","","57.875"
"COPACABANA - CIUDADELA EDUCATIVA LA VIDA","2021-01-07","","99.54166667"
"COPACABANA - CIUDADELA EDUCATIVA LA VIDA","2021-01-06","","77.20833333"
"COPACABANA - CIUDADELA EDUCATIVA LA VIDA","2021-01-05","","107.83333333"
"COPACABANA - CIUDADELA EDUCATIVA LA VIDA","2021-01-04","","75.875"
"COPACABANA - CIUDADELA EDUCATIVA LA VIDA","2021-01-03","","63.125"
"COPACABANA - CIUDADELA EDUCATIVA LA VIDA","2021-01-02","","111.125"
"COPACABANA - CIUDADELA EDUCATIVA LA VIDA","2021-01-01","","106.95833333"
"COPACABANA - CIUDADELA EDUCATIVA LA VIDA","2020-12-31","","86.66666667"
"COPACABANA - CIUDADELA EDUCATIVA LA VIDA","2020-12-30","","69.875"
"COPACABANA - CIUDADELA EDUCATIVA LA VIDA","2020-12-29","","84.29166667"
"COPACABANA - CIUDADELA EDUCATIVA LA VIDA","2020-12-28","","67.16666667"
"COPACABANA - CIUDADELA EDUCATIVA LA VIDA","2020-12-27","","146.45833333"
"COPACABANA - CIUDADELA EDUCATIVA LA VIDA","2020-12-26","","138.54166667"
"COPACABANA - CIUDADELA EDUCATIVA LA VIDA","2020-12-25","","192.5"
"COPACABANA - CIUDADELA EDUCATIVA LA VIDA","2020-12-24","","125.625"
"COPACABANA - CIUDADELA EDUCATIVA LA VIDA","2020-12-23","","120.625"
"COPACABANA - CIUDADELA EDUCATIVA LA VIDA","2020-12-22","","95.41666667"
"COPACABANA - CIUDADELA EDUCATIVA LA VIDA","2020-12-21","","101.20833333"
"COPACABANA - CIUDADELA EDUCATIVA LA VIDA","2020-12-20","","97.5"
"COPACABANA - CIUDADELA EDUCATIVA LA VIDA","2020-12-19","","120.33333333"
"COPACABANA - CIUDADELA EDUCATIVA LA VIDA","2020-12-18","","90.91666667"
"COPACABANA - CIUDADELA EDUCATIVA LA VIDA","2020-12-17","","92.25"
"COPACABANA - CIUDADELA EDUCATIVA LA VIDA","2020-12-16","","99.79166667"
"COPACABANA - CIUDADELA EDUCATIVA LA VIDA","2020-12-15","","105.75"
"COPACABANA - CIUDADELA EDUCATIVA LA VIDA","2020-12-14","","99.29166667"
"COPACABANA - CIUDADELA EDUCATIVA LA VIDA","2020-12-13","","102.625"
"COPACABANA - CIUDADELA EDUCATIVA LA VIDA","2020-12-12","","104.5"
"COPACABANA - CIUDADELA EDUCATIVA LA VIDA","2020-12-11","","67.33333333"
"COPACABANA - CIUDADELA EDUCATIVA LA VIDA","2020-12-10","","123.66666667"
"COPACABANA - CIUDADELA EDUCATIVA LA VIDA","2020-12-09","","100.33333333"
"COPACABANA - CIUDADELA EDUCATIVA LA VIDA","2020-12-08","","76.875"
"COPACABANA - CIUDADELA EDUCATIVA LA VIDA","2020-12-07","","75.125"
"COPACABANA - CIUDADELA EDUCATIVA LA VIDA","2020-12-06","","94.75"
"COPACABANA - CIUDADELA EDUCATIVA LA VIDA","2020-12-05","","82.375"
"COPACABANA - CIUDADELA EDUCATIVA LA VIDA","2020-12-04","","108.04166667"
"COPACABANA - CIUDADELA EDUCATIVA LA VIDA","2020-12-03","","101.625"
"COPACABANA - CIUDADELA EDUCATIVA LA VIDA","2020-12-02","","122.5"
"COPACABANA - CIUDADELA EDUCATIVA LA VIDA","2020-12-01","","105.58333333"
"COPACABANA - CIUDADELA EDUCATIVA LA VIDA","2020-11-30","","126.25"
"COPACABANA - CIUDADELA EDUCATIVA LA VIDA","2020-11-29","","98.875"
"COPACABANA - CIUDADELA EDUCATIVA LA VIDA","2020-11-28","","118.29166667"
"COPACABANA - CIUDADELA EDUCATIVA LA VIDA","2020-11-27","","94.95833333"
"COPACABANA - CIUDADELA EDUCATIVA LA VIDA","2020-11-26","","75.83333333"
"COPACABANA - CIUDADELA EDUCATIVA LA VIDA","2020-11-25","","98.66666667"
"COPACABANA - CIUDADELA EDUCATIVA LA VIDA","2020-11-24","","85.54166667"
"COPACABANA - CIUDADELA EDUCATIVA LA VIDA","2020-11-23","","82.33333333"
"COPACABANA - CIUDADELA EDUCATIVA LA VIDA","2020-11-22","","84.125"
"COPACABANA - CIUDADELA EDUCATIVA LA VIDA","2020-11-21","","136.16666667"
"COPACABANA - CIUDADELA EDUCATIVA LA VIDA","2020-11-20","","88.54166667"
"COPACABANA - CIUDADELA EDUCATIVA LA VIDA","2020-11-19","","42.5"
"COPACABANA - CIUDADELA EDUCATIVA LA VIDA","2020-11-18","","79.33333333"
"COPACABANA - CIUDADELA EDUCATIVA LA VIDA","2020-11-17","","109.95833333"
"COPACABANA - CIUDADELA EDUCATIVA LA VIDA","2020-11-16","","73.41666667"
"COPACABANA - CIUDADELA EDUCATIVA LA VIDA","2020-11-15","","157.375"
"COPACABANA - CIUDADELA EDUCATIVA LA VIDA","2020-11-14","","199.375"
"COPACABANA - CIUDADELA EDUCATIVA LA VIDA","2020-11-13","","153.16666667"
"COPACABANA - CIUDADELA EDUCATIVA LA VIDA","2020-11-12","","119.25"
"COPACABANA - CIUDADELA EDUCATIVA LA VIDA","2020-11-11","","134.66666667"
"COPACABANA - CIUDADELA EDUCATIVA LA VIDA","2020-11-10","","105.04166667"
"COPACABANA - CIUDADELA EDUCATIVA LA VIDA","2020-11-09","","110.375"
"COPACABANA - CIUDADELA EDUCATIVA LA VIDA","2020-11-08","","135.66666667"
"COPACABANA - CIUDADELA EDUCATIVA LA VIDA","2020-11-07","","98.5"
"COPACABANA - CIUDADELA EDUCATIVA LA VIDA","2020-11-06","","132.08333333"
"COPACABANA - CIUDADELA EDUCATIVA LA VIDA","2020-11-05","","108.58333333"
"COPACABANA - CIUDADELA EDUCATIVA LA VIDA","2020-11-04","","80.5"
"COPACABANA - CIUDADELA EDUCATIVA LA VIDA","2020-11-03","","106.66666667"
"COPACABANA - CIUDADELA EDUCATIVA LA VIDA","2020-11-02","","180.91666667"
"COPACABANA - CIUDADELA EDUCATIVA LA VIDA","2020-11-01","","206.75"
"COPACABANA - CIUDADELA EDUCATIVA LA VIDA","2020-10-31","","124.33333333"
"COPACABANA - CIUDADELA EDUCATIVA LA VIDA","2020-10-30","","118.16666667"
"COPACABANA - CIUDADELA EDUCATIVA LA VIDA","2020-10-29","","138.70833333"
"COPACABANA - CIUDADELA EDUCATIVA LA VIDA","2020-10-28","","130.58333333"
"COPACABANA - CIUDADELA EDUCATIVA LA VIDA","2020-10-27","","115.58333333"
"COPACABANA - CIUDADELA EDUCATIVA LA VIDA","2020-10-26","","107.25"
"COPACABANA - CIUDADELA EDUCATIVA LA VIDA","2020-10-25","","132.16666667"
"COPACABANA - CIUDADELA EDUCATIVA LA VIDA","2020-10-24","","102.0"
"COPACABANA - CIUDADELA EDUCATIVA LA VIDA","2020-10-23","","133.58333333"
"COPACABANA - CIUDADELA EDUCATIVA LA VIDA","2020-10-22","","115.58333333"
"COPACABANA - CIUDADELA EDUCATIVA LA VIDA","2020-10-21","","81.25"
"COPACABANA - CIUDADELA EDUCATIVA LA VIDA","2020-10-20","","100.29166667"
"COPACABANA - CIUDADELA EDUCATIVA LA VIDA","2020-10-19","","161.54166667"
"COPACABANA - CIUDADELA EDUCATIVA LA VIDA","2020-10-18","","151.29166667"
"COPACABANA - CIUDADELA EDUCATIVA LA VIDA","2020-10-17","","111.83333333"
"COPACABANA - CIUDADELA EDUCATIVA LA VIDA","2020-10-16","","74.375"
"COPACABANA - CIUDADELA EDUCATIVA LA VIDA","2020-10-15","","114.25"
"COPACABANA - CIUDADELA EDUCATIVA LA VIDA","2020-10-14","","88.61111111"
"COPACABANA - CIUDADELA EDUCATIVA LA VIDA","2020-10-13","","154.75"
"COPACABANA - CIUDADELA EDUCATIVA LA VIDA","2020-10-12","","38.95833333"
"COPACABANA - CIUDADELA EDUCATIVA LA VIDA","2020-10-11","","92.20833333"
"COPACABANA - CIUDADELA EDUCATIVA LA VIDA","2020-10-10","","87.66666667"
"COPACABANA - CIUDADELA EDUCATIVA LA VIDA","2020-10-09","","60.20833333"
"COPACABANA - CIUDADELA EDUCATIVA LA VIDA","2020-10-08","","63.25"
"COPACABANA - CIUDADELA EDUCATIVA LA VIDA","2020-10-07","","91.54166667"
"COPACABANA - CIUDADELA EDUCATIVA LA VIDA","2020-10-06","","107.79166667"
"COPACABANA - CIUDADELA EDUCATIVA LA VIDA","2020-10-05","","172.25"
"COPACABANA - CIUDADELA EDUCATIVA LA VIDA","2020-10-04","","148.5"
"COPACABANA - CIUDADELA EDUCATIVA LA VIDA","2020-10-03","","117.79166667"
"COPACABANA - CIUDADELA EDUCATIVA LA VIDA","2020-10-02","","115.41666667"
"COPACABANA - CIUDADELA EDUCATIVA LA VIDA","2020-10-01","","86.75"
"COPACABANA - CIUDADELA EDUCATIVA LA VIDA","2020-09-30","","144.70833333"
"COPACABANA - CIUDADELA EDUCATIVA LA VIDA","2020-09-29","","145.54166667"
"COPACABANA - CIUDADELA EDUCATIVA LA VIDA","2020-09-28","","134.83333333"
"COPACABANA - CIUDADELA EDUCATIVA LA VIDA","2020-09-27","","125.5"
"COPACABANA - CIUDADELA EDUCATIVA LA VIDA","2020-09-26","","62.5"
"COPACABANA - CIUDADELA EDUCATIVA LA VIDA","2020-09-25","","110.75"
"COPACABANA - CIUDADELA EDUCATIVA LA VIDA","2020-09-24","","86.33333333"
"COPACABANA - CIUDADELA EDUCATIVA LA VIDA","2020-09-23","","75.79166667"
"COPACABANA - CIUDADELA EDUCATIVA LA VIDA","2020-09-22","","67.29166667"
"COPACABANA - CIUDADELA EDUCATIVA LA VIDA","2020-09-21","","161.91666667"
"COPACABANA - CIUDADELA EDUCATIVA LA VIDA","2020-09-20","","130.625"
"COPACABANA - CIUDADELA EDUCATIVA LA VIDA","2020-09-19","","99.25"
"COPACABANA - CIUDADELA EDUCATIVA LA VIDA","2020-09-18","","173.83333333"
"COPACABANA - CIUDADELA EDUCATIVA LA VIDA","2020-09-17","","116.54166667"
"COPACABANA - CIUDADELA EDUCATIVA LA VIDA","2020-09-16","","128.75"
"COPACABANA - CIUDADELA EDUCATIVA LA VIDA","2020-09-15","","102.75"
"COPACABANA - CIUDADELA EDUCATIVA LA VIDA","2020-09-14","","85.54166667"
"COPACABANA - CIUDADELA EDUCATIVA LA VIDA","2020-09-13","","124.95833333"
"COPACABANA - CIUDADELA EDUCATIVA LA VIDA","2020-09-12","","120.95833333"
"COPACABANA - CIUDADELA EDUCATIVA LA VIDA","2020-09-11","","98.625"
"COPACABANA - CIUDADELA EDUCATIVA LA VIDA","2020-09-10","","100.54166667"
"COPACABANA - CIUDADELA EDUCATIVA LA VIDA","2020-09-09","","130.59090909"
"COPACABANA - CIUDADELA EDUCATIVA LA VIDA","2020-09-08","","166.29166667"
"COPACABANA - CIUDADELA EDUCATIVA LA VIDA","2020-09-07","","127.33333333"
"COPACABANA - CIUDADELA EDUCATIVA LA VIDA","2020-09-06","","94.625"
"COPACABANA - CIUDADELA EDUCATIVA LA VIDA","2020-09-05","","143.5"
"COPACABANA - CIUDADELA EDUCATIVA LA VIDA","2020-09-04","","140.91666667"
"COPACABANA - CIUDADELA EDUCATIVA LA VIDA","2020-09-03","","148.45833333"
"COPACABANA - CIUDADELA EDUCATIVA LA VIDA","2020-09-02","","124.875"
"COPACABANA - CIUDADELA EDUCATIVA LA VIDA","2020-09-01","","157.08333333"
"COPACABANA - CIUDADELA EDUCATIVA LA VIDA","2020-08-31","","92.66666667"
"COPACABANA - CIUDADELA EDUCATIVA LA VIDA","2020-08-30","","101.04166667"
"COPACABANA - CIUDADELA EDUCATIVA LA VIDA","2020-08-29","","75.95833333"
"COPACABANA - CIUDADELA EDUCATIVA LA VIDA","2020-08-28","","66.95833333"
"COPACABANA - CIUDADELA EDUCATIVA LA VIDA","2020-08-27","","89.33333333"
"COPACABANA - CIUDADELA EDUCATIVA LA VIDA","2020-08-26","","92.91666667"
"COPACABANA - CIUDADELA EDUCATIVA LA VIDA","2020-08-25","","110.54166667"
"COPACABANA - CIUDADELA EDUCATIVA LA VIDA","2020-08-24","","139.5"
"COPACABANA - CIUDADELA EDUCATIVA LA VIDA","2020-08-23","","108.95833333"
"COPACABANA - CIUDADELA EDUCATIVA LA VIDA","2020-08-22","","98.58333333"
"COPACABANA - CIUDADELA EDUCATIVA LA VIDA","2020-08-21","","91.04166667"
"COPACABANA - CIUDADELA EDUCATIVA LA VIDA","2020-08-20","","115.625"
"COPACABANA - CIUDADELA EDUCATIVA LA VIDA","2020-08-19","","144.58333333"
"COPACABANA - CIUDADELA EDUCATIVA LA VIDA","2020-08-18","","85.95833333"
"COPACABANA - CIUDADELA EDUCATIVA LA VIDA","2020-08-17","","93.375"
"COPACABANA - CIUDADELA EDUCATIVA LA VIDA","2020-08-16","","80.04166667"
"COPACABANA - CIUDADELA EDUCATIVA LA VIDA","2020-08-15","","76.125"
"COPACABANA - CIUDADELA EDUCATIVA LA VIDA","2020-08-14","","172.58333333"
"COPACABANA - CIUDADELA EDUCATIVA LA VIDA","2020-08-13","","97.625"
"COPACABANA - CIUDADELA EDUCATIVA LA VIDA","2020-08-12","","51.66666667"
"COPACABANA - CIUDADELA EDUCATIVA LA VIDA","2020-08-11","","103.91666667"
"COPACABANA - CIUDADELA EDUCATIVA LA VIDA","2020-08-10","","68.83333333"
"COPACABANA - CIUDADELA EDUCATIVA LA VIDA","2020-08-09","","122.66666667"
"COPACABANA - CIUDADELA EDUCATIVA LA VIDA","2020-08-08","","90.25"
"COPACABANA - CIUDADELA EDUCATIVA LA VIDA","2020-08-07","","86.66666667"
"COPACABANA - CIUDADELA EDUCATIVA LA VIDA","2020-08-06","","117.04166667"
"COPACABANA - CIUDADELA EDUCATIVA LA VIDA","2020-08-05","","94.33333333"
"COPACABANA - CIUDADELA EDUCATIVA LA VIDA","2020-08-04","","93.83333333"
"COPACABANA - CIUDADELA EDUCATIVA LA VIDA","2020-08-03","","96.45833333"
"COPACABANA - CIUDADELA EDUCATIVA LA VIDA","2020-08-02","","106.79166667"
"COPACABANA - CIUDADELA EDUCATIVA LA VIDA","2020-08-01","","115.04166667"
"COPACABANA - CIUDADELA EDUCATIVA LA VIDA","2020-07-31","","114.20833333"
"COPACABANA - CIUDADELA EDUCATIVA LA VIDA","2020-07-30","","110.625"
"COPACABANA - CIUDADELA EDUCATIVA LA VIDA","2020-07-29","","84.04166667"
"COPACABANA - CIUDADELA EDUCATIVA LA VIDA","2020-07-28","","77.29166667"
"COPACABANA - CIUDADELA EDUCATIVA LA VIDA","2020-07-27","","58.66666667"
"COPACABANA - CIUDADELA EDUCATIVA LA VIDA","2020-07-26","","84.75"
"COPACABANA - CIUDADELA EDUCATIVA LA VIDA","2020-07-25","","100.875"
"COPACABANA - CIUDADELA EDUCATIVA LA VIDA","2020-07-24","","166.5"
"COPACABANA - CIUDADELA EDUCATIVA LA VIDA","2020-07-23","","140.25"
"COPACABANA - CIUDADELA EDUCATIVA LA VIDA","2020-07-22","","64.75"
"COPACABANA - CIUDADELA EDUCATIVA LA VIDA","2020-07-21","","74.5"
"COPACABANA - CIUDADELA EDUCATIVA LA VIDA","2020-07-20","","41.25"
"COPACABANA - CIUDADELA EDUCATIVA LA VIDA","2020-07-19","","110.5"
"COPACABANA - CIUDADELA EDUCATIVA LA VIDA","2020-07-18","","89.54166667"
"COPACABANA - CIUDADELA EDUCATIVA LA VIDA","2020-07-17","","89.83333333"
"COPACABANA - CIUDADELA EDUCATIVA LA VIDA","2020-07-16","","78.0"
"COPACABANA - CIUDADELA EDUCATIVA LA VIDA","2020-07-15","","112.25"
"COPACABANA - CIUDADELA EDUCATIVA LA VIDA","2020-07-14","","122.91666667"
"COPACABANA - CIUDADELA EDUCATIVA LA VIDA","2020-07-13","","130.95833333"
"COPACABANA - CIUDADELA EDUCATIVA LA VIDA","2020-07-12","","117.375"
"COPACABANA - CIUDADELA EDUCATIVA LA VIDA","2020-07-11","","156.08333333"
"COPACABANA - CIUDADELA EDUCATIVA LA VIDA","2020-07-10","","63.70833333"
"COPACABANA - CIUDADELA EDUCATIVA LA VIDA","2020-07-09","","125.58333333"
"COPACABANA - CIUDADELA EDUCATIVA LA VIDA","2020-07-08","","141.58333333"
"COPACABANA - CIUDADELA EDUCATIVA LA VIDA","2020-07-07","","114.5"
"COPACABANA - CIUDADELA EDUCATIVA LA VIDA","2020-07-06","","107.66666667"
"COPACABANA - CIUDADELA EDUCATIVA LA VIDA","2020-07-05","","109.04166667"
"COPACABANA - CIUDADELA EDUCATIVA LA VIDA","2020-07-04","","134.33333333"
"COPACABANA - CIUDADELA EDUCATIVA LA VIDA","2020-07-03","","119.58333333"
"COPACABANA - CIUDADELA EDUCATIVA LA VIDA","2020-07-02","","78.29166667"
"COPACABANA - CIUDADELA EDUCATIVA LA VIDA","2020-07-01","","91.95833333"
"COPACABANA - CIUDADELA EDUCATIVA LA VIDA","2020-06-30","","104.58333333"
"COPACABANA - CIUDADELA EDUCATIVA LA VIDA","2020-06-29","","90.20833333"
"COPACABANA - CIUDADELA EDUCATIVA LA VIDA","2020-06-28","","125.625"
"COPACABANA - CIUDADELA EDUCATIVA LA VIDA","2020-06-27","","130.375"
"COPACABANA - CIUDADELA EDUCATIVA LA VIDA","2020-06-26","","106.875"
"COPACABANA - CIUDADELA EDUCATIVA LA VIDA","2020-06-25","","86.41666667"
"COPACABANA - CIUDADELA EDUCATIVA LA VIDA","2020-06-24","","95.22727273"
"COPACABANA - CIUDADELA EDUCATIVA LA VIDA","2020-06-23","","107.29166667"
"COPACABANA - CIUDADELA EDUCATIVA LA VIDA","2020-06-22","","72.125"
"COPACABANA - CIUDADELA EDUCATIVA LA VIDA","2020-06-21","","110.66666667"
"COPACABANA - CIUDADELA EDUCATIVA LA VIDA","2020-06-20","","61.45833333"
"COPACABANA - CIUDADELA EDUCATIVA LA VIDA","2020-06-19","","103.79166667"
"COPACABANA - CIUDADELA EDUCATIVA LA VIDA","2020-06-18","","107.08333333"
"COPACABANA - CIUDADELA EDUCATIVA LA VIDA","2020-06-17","","109.91666667"
"COPACABANA - CIUDADELA EDUCATIVA LA VIDA","2020-06-16","","103.29166667"
"COPACABANA - CIUDADELA EDUCATIVA LA VIDA","2020-06-15","","200.83333333"
"COPACABANA - CIUDADELA EDUCATIVA LA VIDA","2020-06-14","","71.04166667"
"COPACABANA - CIUDADELA EDUCATIVA LA VIDA","2020-06-13","","85.41666667"
"COPACABANA - CIUDADELA EDUCATIVA LA VIDA","2020-06-12","","108.125"
"COPACABANA - CIUDADELA EDUCATIVA LA VIDA","2020-06-11","","109.20833333"
"COPACABANA - CIUDADELA EDUCATIVA LA VIDA","2020-06-10","","100.33333333"
"COPACABANA - CIUDADELA EDUCATIVA LA VIDA","2020-06-09","","128.75"
"COPACABANA - CIUDADELA EDUCATIVA LA VIDA","2020-06-08","","84.66666667"
"COPACABANA - CIUDADELA EDUCATIVA LA VIDA","2020-06-07","","65.04166667"
"COPACABANA - CIUDADELA EDUCATIVA LA VIDA","2020-06-06","","105.66666667"
"COPACABANA - CIUDADELA EDUCATIVA LA VIDA","2020-06-05","","81.58333333"
"COPACABANA - CIUDADELA EDUCATIVA LA VIDA","2020-06-04","","69.625"
"COPACABANA - CIUDADELA EDUCATIVA LA VIDA","2020-06-03","","143.33333333"
"COPACABANA - CIUDADELA EDUCATIVA LA VIDA","2020-06-02","","113.5"
"COPACABANA - CIUDADELA EDUCATIVA LA VIDA","2020-06-01","","80.95833333"
"COPACABANA - CIUDADELA EDUCATIVA LA VIDA","2020-05-31","","50.875"
"COPACABANA - CIUDADELA EDUCATIVA LA VIDA","2020-05-30","","131.66666667"
"COPACABANA - CIUDADELA EDUCATIVA LA VIDA","2020-05-29","","96.75"
"COPACABANA - CIUDADELA EDUCATIVA LA VIDA","2020-05-28","","76.08333333"
"COPACABANA - CIUDADELA EDUCATIVA LA VIDA","2020-05-27","","142.83333333"
"COPACABANA - CIUDADELA EDUCATIVA LA VIDA","2020-05-26","","118.08333333"
"COPACABANA - CIUDADELA EDUCATIVA LA VIDA","2020-05-25","","139.75"
"COPACABANA - CIUDADELA EDUCATIVA LA VIDA","2020-05-24","","98.54166667"
"COPACABANA - CIUDADELA EDUCATIVA LA VIDA","2020-05-23","","108.0"
"COPACABANA - CIUDADELA EDUCATIVA LA VIDA","2020-05-22","","157.875"
"COPACABANA - CIUDADELA EDUCATIVA LA VIDA","2020-05-21","","96.79166667"
"COPACABANA - CIUDADELA EDUCATIVA LA VIDA","2020-05-20","","112.79166667"
"COPACABANA - CIUDADELA EDUCATIVA LA VIDA","2020-05-19","","174.70833333"
"COPACABANA - CIUDADELA EDUCATIVA LA VIDA","2020-05-18","","91.45833333"
"COPACABANA - CIUDADELA EDUCATIVA LA VIDA","2020-05-17","","46.91666667"
"COPACABANA - CIUDADELA EDUCATIVA LA VIDA","2020-05-16","","80.58333333"
"COPACABANA - CIUDADELA EDUCATIVA LA VIDA","2020-05-15","","65.91666667"
"COPACABANA - CIUDADELA EDUCATIVA LA VIDA","2020-05-14","","49.41666667"
"COPACABANA - CIUDADELA EDUCATIVA LA VIDA","2020-05-13","","59.16666667"
"COPACABANA - CIUDADELA EDUCATIVA LA VIDA","2020-05-12","","101.16666667"
"COPACABANA - CIUDADELA EDUCATIVA LA VIDA","2020-05-11","","109.0"
"COPACABANA - CIUDADELA EDUCATIVA LA VIDA","2020-05-10","","71.25"
"COPACABANA - CIUDADELA EDUCATIVA LA VIDA","2020-05-09","","92.66666667"
"COPACABANA - CIUDADELA EDUCATIVA LA VIDA","2020-05-08","","63.45833333"
"COPACABANA - CIUDADELA EDUCATIVA LA VIDA","2020-05-07","","125.875"
"COPACABANA - CIUDADELA EDUCATIVA LA VIDA","2020-05-06","","103.25"
"COPACABANA - CIUDADELA EDUCATIVA LA VIDA","2020-05-05","","124.58333333"
"COPACABANA - CIUDADELA EDUCATIVA LA VIDA","2020-05-04","","58.33333333"
"COPACABANA - CIUDADELA EDUCATIVA LA VIDA","2020-05-03","","67.54166667"
"COPACABANA - CIUDADELA EDUCATIVA LA VIDA","2020-05-02","","61.625"
"COPACABANA - CIUDADELA EDUCATIVA LA VIDA","2020-05-01","","75.16666667"
"COPACABANA - CIUDADELA EDUCATIVA LA VIDA","2020-04-30","","74.70833333"
"COPACABANA - CIUDADELA EDUCATIVA LA VIDA","2020-04-29","","82.66666667"
"COPACABANA - CIUDADELA EDUCATIVA LA VIDA","2020-04-28","","91.875"
"COPACABANA - CIUDADELA EDUCATIVA LA VIDA","2020-04-27","","96.5"
"COPACABANA - CIUDADELA EDUCATIVA LA VIDA","2020-04-26","","113.33333333"
"COPACABANA - CIUDADELA EDUCATIVA LA VIDA","2020-04-25","","76.33333333"
"COPACABANA - CIUDADELA EDUCATIVA LA VIDA","2020-04-24","","101.75"
"COPACABANA - CIUDADELA EDUCATIVA LA VIDA","2020-04-23","","102.16666667"
"COPACABANA - CIUDADELA EDUCATIVA LA VIDA","2020-04-22","","112.75"
"COPACABANA - CIUDADELA EDUCATIVA LA VIDA","2020-04-21","","76.95833333"
"COPACABANA - CIUDADELA EDUCATIVA LA VIDA","2020-04-20","","135.41666667"
"COPACABANA - CIUDADELA EDUCATIVA LA VIDA","2020-04-19","","93.04166667"
"COPACABANA - CIUDADELA EDUCATIVA LA VIDA","2020-04-18","","144.58333333"
"COPACABANA - CIUDADELA EDUCATIVA LA VIDA","2020-04-17","","97.29166667"
"COPACABANA - CIUDADELA EDUCATIVA LA VIDA","2020-04-16","","120.95833333"
"COPACABANA - CIUDADELA EDUCATIVA LA VIDA","2020-04-15","","108.95833333"
"COPACABANA - CIUDADELA EDUCATIVA LA VIDA","2020-04-14","","124.5"
"COPACABANA - CIUDADELA EDUCATIVA LA VIDA","2020-04-13","","148.95833333"
"COPACABANA - CIUDADELA EDUCATIVA LA VIDA","2020-04-12","","122.08333333"
"COPACABANA - CIUDADELA EDUCATIVA LA VIDA","2020-04-11","","79.29166667"
"COPACABANA - CIUDADELA EDUCATIVA LA VIDA","2020-04-10","","91.54166667"
"COPACABANA - CIUDADELA EDUCATIVA LA VIDA","2020-04-09","","107.0"
"COPACABANA - CIUDADELA EDUCATIVA LA VIDA","2020-04-08","","95.16666667"
"COPACABANA - CIUDADELA EDUCATIVA LA VIDA","2020-04-07","","70.375"
"COPACABANA - CIUDADELA EDUCATIVA LA VIDA","2020-04-06","","120.20833333"
"COPACABANA - CIUDADELA EDUCATIVA LA VIDA","2020-04-05","","72.875"
"COPACABANA - CIUDADELA EDUCATIVA LA VIDA","2020-04-04","","99.5"
"COPACABANA - CIUDADELA EDUCATIVA LA VIDA","2020-04-03","","97.08333333"
"COPACABANA - CIUDADELA EDUCATIVA LA VIDA","2020-04-02","","86.5"
"COPACABANA - CIUDADELA EDUCATIVA LA VIDA","2020-04-01","","101.5"
"COPACABANA - CIUDADELA EDUCATIVA LA VIDA","2020-03-31","","88.29166667"
"COPACABANA - CIUDADELA EDUCATIVA LA VIDA","2020-03-30","","73.08333333"
"COPACABANA - CIUDADELA EDUCATIVA LA VIDA","2020-03-29","","115.20833333"
"COPACABANA - CIUDADELA EDUCATIVA LA VIDA","2020-03-28","","95.625"
"COPACABANA - CIUDADELA EDUCATIVA LA VIDA","2020-03-27","","74.0"
"COPACABANA - CIUDADELA EDUCATIVA LA VIDA","2020-03-26","","63.54166667"
"COPACABANA - CIUDADELA EDUCATIVA LA VIDA","2020-03-25","","101.75"
"COPACABANA - CIUDADELA EDUCATIVA LA VIDA","2020-03-24","","104.625"
"COPACABANA - CIUDADELA EDUCATIVA LA VIDA","2020-03-23","","79.20833333"
"COPACABANA - CIUDADELA EDUCATIVA LA VIDA","2020-03-22","","81.33333333"
"COPACABANA - CIUDADELA EDUCATIVA LA VIDA","2020-03-21","","107.79166667"
"COPACABANA - CIUDADELA EDUCATIVA LA VIDA","2020-03-20","","60.29166667"
"COPACABANA - CIUDADELA EDUCATIVA LA VIDA","2020-03-19","","99.45833333"
"COPACABANA - CIUDADELA EDUCATIVA LA VIDA","2020-03-18","","63.29166667"
"COPACABANA - CIUDADELA EDUCATIVA LA VIDA","2020-03-17","","125.45833333"
"COPACABANA - CIUDADELA EDUCATIVA LA VIDA","2020-03-16","","80.75"
"COPACABANA - CIUDADELA EDUCATIVA LA VIDA","2020-03-15","","95.79166667"
"COPACABANA - CIUDADELA EDUCATIVA LA VIDA","2020-03-14","","96.95833333"
"COPACABANA - CIUDADELA EDUCATIVA LA VIDA","2020-03-13","","99.04166667"
"COPACABANA - CIUDADELA EDUCATIVA LA VIDA","2020-03-12","","70.0"
"COPACABANA - CIUDADELA EDUCATIVA LA VIDA","2020-03-11","","123.83333333"
"COPACABANA - CIUDADELA EDUCATIVA LA VIDA","2020-03-10","","136.0"
"COPACABANA - CIUDADELA EDUCATIVA LA VIDA","2020-03-09","","104.29166667"
"COPACABANA - CIUDADELA EDUCATIVA LA VIDA","2020-03-08","","111.91666667"
"COPACABANA - CIUDADELA EDUCATIVA LA VIDA","2020-03-07","","81.875"
"COPACABANA - CIUDADELA EDUCATIVA LA VIDA","2020-03-06","","62.29166667"
"COPACABANA - CIUDADELA EDUCATIVA LA VIDA","2020-03-05","","119.41666667"
"COPACABANA - CIUDADELA EDUCATIVA LA VIDA","2020-03-04","","53.375"
"COPACABANA - CIUDADELA EDUCATIVA LA VIDA","2020-03-03","","87.83333333"
"COPACABANA - CIUDADELA EDUCATIVA LA VIDA","2020-03-02","","53.375"
"COPACABANA - CIUDADELA EDUCATIVA LA VIDA","2020-03-01","","53.16666667"
"COPACABANA - CIUDADELA EDUCATIVA LA VIDA","2020-02-29","","67.5"
"COPACABANA - CIUDADELA EDUCATIVA LA VIDA","2020-02-28","","72.625"
"COPACABANA - CIUDADELA EDUCATIVA LA VIDA","2020-02-27","","157.20833333"
"COPACABANA - CIUDADELA EDUCATIVA LA VIDA","2020-02-26","","88.16666667"
"COPACABANA - CIUDADELA EDUCATIVA LA VIDA","2020-02-25","","120.5"
"COPACABANA - CIUDADELA EDUCATIVA LA VIDA","2020-02-24","","61.22727273"
"COPACABANA - CIUDADELA EDUCATIVA LA VIDA","2020-02-23","","41.76470588"
"COPACABANA - CIUDADELA EDUCATIVA LA VIDA","2020-02-22","","86.18181818"
"COPACABANA - CIUDADELA EDUCATIVA LA VIDA","2020-02-21","","119.38095238"
"COPACABANA - CIUDADELA EDUCATIVA LA VIDA","2020-02-20","","78.23809524"
"COPACABANA - CIUDADELA EDUCATIVA LA VIDA","2020-02-19","","142.75"
"COPACABANA - CIUDADELA EDUCATIVA LA VIDA","2020-02-18","","78.41666667"
"COPACABANA - CIUDADELA EDUCATIVA LA VIDA","2020-02-17","","63.875"
"COPACABANA - CIUDADELA EDUCATIVA LA VIDA","2020-02-16","","105.625"
"COPACABANA - CIUDADELA EDUCATIVA LA VIDA","2020-02-15","","106.75"
"COPACABANA - CIUDADELA EDUCATIVA LA VIDA","2020-02-14","","89.91666667"
"COPACABANA - CIUDADELA EDUCATIVA LA VIDA","2020-02-13","","67.79166667"
"COPACABANA - CIUDADELA EDUCATIVA LA VIDA","2020-02-12","","93.91666667"
"COPACABANA - CIUDADELA EDUCATIVA LA VIDA","2020-02-11","","90.45833333"
"COPACABANA - CIUDADELA EDUCATIVA LA VIDA","2020-02-10","","74.83333333"
"COPACABANA - CIUDADELA EDUCATIVA LA VIDA","2020-02-09","","79.95833333"
"COPACABANA - CIUDADELA EDUCATIVA LA VIDA","2020-02-08","","103.95833333"
"COPACABANA - CIUDADELA EDUCATIVA LA VIDA","2020-02-07","","68.375"
"COPACABANA - CIUDADELA EDUCATIVA LA VIDA","2020-02-06","","77.625"
"COPACABANA - CIUDADELA EDUCATIVA LA VIDA","2020-02-05","","94.25"
"COPACABANA - CIUDADELA EDUCATIVA LA VIDA","2020-02-04","","68.25"
"COPACABANA - CIUDADELA EDUCATIVA LA VIDA","2020-02-03","","87.625"
"COPACABANA - CIUDADELA EDUCATIVA LA VIDA","2020-02-02","","98.625"
"COPACABANA - CIUDADELA EDUCATIVA LA VIDA","2020-02-01","","102.20833333"
"COPACABANA - CIUDADELA EDUCATIVA LA VIDA","2020-01-31","","65.16666667"
"COPACABANA - CIUDADELA EDUCATIVA LA VIDA","2020-01-30","","85.66666667"
"COPACABANA - CIUDADELA EDUCATIVA LA VIDA","2020-01-29","","129.08333333"
"COPACABANA - CIUDADELA EDUCATIVA LA VIDA","2020-01-28","","75.91666667"
"COPACABANA - CIUDADELA EDUCATIVA LA VIDA","2020-01-27","","120.25"
"COPACABANA - CIUDADELA EDUCATIVA LA VIDA","2020-01-26","","91.70833333"
"COPACABANA - CIUDADELA EDUCATIVA LA VIDA","2020-01-25","","61.125"
"COPACABANA - CIUDADELA EDUCATIVA LA VIDA","2020-01-24","","57.95833333"
"COPACABANA - CIUDADELA EDUCATIVA LA VIDA","2020-01-23","","151.04166667"
"COPACABANA - CIUDADELA EDUCATIVA LA VIDA","2020-01-22","","177.58333333"
"COPACABANA - CIUDADELA EDUCATIVA LA VIDA","2020-01-21","","111.66666667"
"COPACABANA - CIUDADELA EDUCATIVA LA VIDA","2020-01-20","","107.20833333"
"COPACABANA - CIUDADELA EDUCATIVA LA VIDA","2020-01-19","","75.16666667"
"COPACABANA - CIUDADELA EDUCATIVA LA VIDA","2020-01-18","","98.95833333"
"COPACABANA - CIUDADELA EDUCATIVA LA VIDA","2020-01-17","","112.58333333"
"COPACABANA - CIUDADELA EDUCATIVA LA VIDA","2020-01-16","","92.875"
"COPACABANA - CIUDADELA EDUCATIVA LA VIDA","2020-01-15","","96.41666667"
"COPACABANA - CIUDADELA EDUCATIVA LA VIDA","2020-01-14","","47.91666667"
"COPACABANA - CIUDADELA EDUCATIVA LA VIDA","2020-01-13","","80.20833333"
"COPACABANA - CIUDADELA EDUCATIVA LA VIDA","2020-01-12","","92.66666667"
"COPACABANA - CIUDADELA EDUCATIVA LA VIDA","2020-01-11","","128.25"
"COPACABANA - CIUDADELA EDUCATIVA LA VIDA","2020-01-10","","112.83333333"
"COPACABANA - CIUDADELA EDUCATIVA LA VIDA","2020-01-09","","102.375"
"COPACABANA - CIUDADELA EDUCATIVA LA VIDA","2020-01-08","","75.875"
"COPACABANA - CIUDADELA EDUCATIVA LA VIDA","2020-01-07","","131.125"
"COPACABANA - CIUDADELA EDUCATIVA LA VIDA","2020-01-06","","80.08333333"
"COPACABANA - CIUDADELA EDUCATIVA LA VIDA","2020-01-05","","72.625"
"COPACABANA - CIUDADELA EDUCATIVA LA VIDA","2020-01-04","","72.70833333"
"COPACABANA - CIUDADELA EDUCATIVA LA VIDA","2020-01-03","","76.29166667"
"COPACABANA - CIUDADELA EDUCATIVA LA VIDA","2020-01-02","","80.75"
"COPACABANA - CIUDADELA EDUCATIVA LA VIDA","2020-01-01","","151.16666667"
"COPACABANA - CIUDADELA EDUCATIVA LA VIDA","2019-12-31","","121.41666667"
"COPACABANA - CIUDADELA EDUCATIVA LA VIDA","2019-12-30","","93.41666667"
"COPACABANA - CIUDADELA EDUCATIVA LA VIDA","2019-12-29","","123.83333333"
"COPACABANA - CIUDADELA EDUCATIVA LA VIDA","2019-12-28","","77.45833333"
"COPACABANA - CIUDADELA EDUCATIVA LA VIDA","2019-12-27","","61.875"
"COPACABANA - CIUDADELA EDUCATIVA LA VIDA","2019-12-26","","82.95833333"
"COPACABANA - CIUDADELA EDUCATIVA LA VIDA","2019-12-25","","83.625"
"COPACABANA - CIUDADELA EDUCATIVA LA VIDA","2019-12-24","","99.58333333"
"COPACABANA - CIUDADELA EDUCATIVA LA VIDA","2019-12-23","","62.625"
"COPACABANA - CIUDADELA EDUCATIVA LA VIDA","2019-12-22","","89.625"
"COPACABANA - CIUDADELA EDUCATIVA LA VIDA","2019-12-21","","89.83333333"
"COPACABANA - CIUDADELA EDUCATIVA LA VIDA","2019-12-20","","69.33333333"
"COPACABANA - CIUDADELA EDUCATIVA LA VIDA","2019-12-19","","64.25"
"COPACABANA - CIUDADELA EDUCATIVA LA VIDA","2019-12-18","","108.86363636"
"COPACABANA - CIUDADELA EDUCATIVA LA VIDA","2019-12-17","","115.45833333"
"COPACABANA - CIUDADELA EDUCATIVA LA VIDA","2019-12-16","","72.375"
"COPACABANA - CIUDADELA EDUCATIVA LA VIDA","2019-12-15","","70.33333333"
"COPACABANA - CIUDADELA EDUCATIVA LA VIDA","2019-12-14","","117.5"
"COPACABANA - CIUDADELA EDUCATIVA LA VIDA","2019-12-13","","140.79166667"
"COPACABANA - CIUDADELA EDUCATIVA LA VIDA","2019-12-12","","97.875"
"COPACABANA - CIUDADELA EDUCATIVA LA VIDA","2019-12-11","","68.29166667"
"COPACABANA - CIUDADELA EDUCATIVA LA VIDA","2019-12-10","","82.54166667"
"COPACABANA - CIUDADELA EDUCATIVA LA VIDA","2019-12-09","","74.91666667"
"COPACABANA - CIUDADELA EDUCATIVA LA VIDA","2019-12-08","","99.125"
"COPACABANA - CIUDADELA EDUCATIVA LA VIDA","2019-12-07","","109.29166667"
"COPACABANA - CIUDADELA EDUCATIVA LA VIDA","2019-12-06","","75.375"
"COPACABANA - CIUDADELA EDUCATIVA LA VIDA","2019-12-05","","91.25"
"COPACABANA - CIUDADELA EDUCATIVA LA VIDA","2019-12-04","","125.54166667"
"COPACABANA - CIUDADELA EDUCATIVA LA VIDA","2019-12-03","","74.08333333"
"COPACABANA - CIUDADELA EDUCATIVA LA VIDA","2019-12-02","","68.16666667"
"COPACABANA - CIUDADELA EDUCATIVA LA VIDA","2019-12-01","","72.75"
"COPACABANA - CIUDADELA EDUCATIVA LA VIDA","2019-11-30","","58.45833333"
"COPACABANA - CIUDADELA EDUCATIVA LA VIDA","2019-11-29","","136.04166667"
"COPACABANA - CIUDADELA EDUCATIVA LA VIDA","2019-11-28","","83.625"
"COPACABANA - CIUDADELA EDUCATIVA LA VIDA","2019-11-27","","71.83333333"
"COPACABANA - CIUDADELA EDUCATIVA LA VIDA","2019-11-26","","79.5"
"COPACABANA - CIUDADELA EDUCATIVA LA VIDA","2019-11-25","","100.91666667"
"COPACABANA - CIUDADELA EDUCATIVA LA VIDA","2019-11-24","","114.875"
"COPACABANA - CIUDADELA EDUCATIVA LA VIDA","2019-11-23","","109.875"
"COPACABANA - CIUDADELA EDUCATIVA LA VIDA","2019-11-22","","117.95833333"
"COPACABANA - CIUDADELA EDUCATIVA LA VIDA","2019-11-21","","81.95833333"
"COPACABANA - CIUDADELA EDUCATIVA LA VIDA","2019-11-20","","85.45833333"
"COPACABANA - CIUDADELA EDUCATIVA LA VIDA","2019-11-19","","96.20833333"
"COPACABANA - CIUDADELA EDUCATIVA LA VIDA","2019-11-18","","53.875"
"COPACABANA - CIUDADELA EDUCATIVA LA VIDA","2019-11-15","","117.08333333"
"COPACABANA - CIUDADELA EDUCATIVA LA VIDA","2019-11-14","","143.125"
"COPACABANA - CIUDADELA EDUCATIVA LA VIDA","2019-11-13","","102.375"
"COPACABANA - CIUDADELA EDUCATIVA LA VIDA","2019-11-12","","126.125"
"COPACABANA - CIUDADELA EDUCATIVA LA VIDA","2019-11-11","","96.66666667"
"COPACABANA - CIUDADELA EDUCATIVA LA VIDA","2019-11-10","","142.0"
"COPACABANA - CIUDADELA EDUCATIVA LA VIDA","2019-11-09","","203.16666667"
"COPACABANA - CIUDADELA EDUCATIVA LA VIDA","2019-11-08","","119.75"
"COPACABANA - CIUDADELA EDUCATIVA LA VIDA","2019-11-07","","98.875"
"COPACABANA - CIUDADELA EDUCATIVA LA VIDA","2019-11-06","","79.45833333"
"COPACABANA - CIUDADELA EDUCATIVA LA VIDA","2019-11-05","","101.20833333"
"COPACABANA - CIUDADELA EDUCATIVA LA VIDA","2019-11-04","","92.95833333"
"COPACABANA - CIUDADELA EDUCATIVA LA VIDA","2019-11-03","","142.625"
"COPACABANA - CIUDADELA EDUCATIVA LA VIDA","2019-11-02","","104.04166667"
"COPACABANA - CIUDADELA EDUCATIVA LA VIDA","2019-11-01","","118.33333333"
"COPACABANA - CIUDADELA EDUCATIVA LA VIDA","2019-10-31","","122.79166667"
"COPACABANA - CIUDADELA EDUCATIVA LA VIDA","2019-10-30","","89.45833333"
"COPACABANA - CIUDADELA EDUCATIVA LA VIDA","2019-10-29","","80.04166667"
"COPACABANA - CIUDADELA EDUCATIVA LA VIDA","2019-10-28","","112.91666667"
"COPACABANA - CIUDADELA EDUCATIVA LA VIDA","2019-10-27","","109.04166667"
"COPACABANA - CIUDADELA EDUCATIVA LA VIDA","2019-10-26","","106.83333333"
"COPACABANA - CIUDADELA EDUCATIVA LA VIDA","2019-10-25","","79.70833333"
"COPACABANA - CIUDADELA EDUCATIVA LA VIDA","2019-10-24","","92.58333333"
"COPACABANA - CIUDADELA EDUCATIVA LA VIDA","2019-10-23","","169.16666667"
"COPACABANA - CIUDADELA EDUCATIVA LA VIDA","2019-10-22","","107.58333333"
"COPACABANA - CIUDADELA EDUCATIVA LA VIDA","2019-10-21","","132.25"
"COPACABANA - CIUDADELA EDUCATIVA LA VIDA","2019-10-20","","73.33333333"
"COPACABANA - CIUDADELA EDUCATIVA LA VIDA","2019-10-19","","117.54166667"
"COPACABANA - CIUDADELA EDUCATIVA LA VIDA","2019-10-18","","92.79166667"
"COPACABANA - CIUDADELA EDUCATIVA LA VIDA","2019-10-17","","152.625"
"COPACABANA - CIUDADELA EDUCATIVA LA VIDA","2019-10-16","","116.91666667"
"COPACABANA - CIUDADELA EDUCATIVA LA VIDA","2019-10-15","","105.20833333"
"COPACABANA - CIUDADELA EDUCATIVA LA VIDA","2019-10-14","","116.79166667"
"COPACABANA - CIUDADELA EDUCATIVA LA VIDA","2019-10-13","","157.625"
"COPACABANA - CIUDADELA EDUCATIVA LA VIDA","2019-10-12","","126.41666667"
"COPACABANA - CIUDADELA EDUCATIVA LA VIDA","2019-10-11","","69.5"
"COPACABANA - CIUDADELA EDUCATIVA LA VIDA","2019-10-10","","141.125"
"COPACABANA - CIUDADELA EDUCATIVA LA VIDA","2019-10-09","","112.95833333"
"COPACABANA - CIUDADELA EDUCATIVA LA VIDA","2019-10-08","","74.375"
"COPACABANA - CIUDADELA EDUCATIVA LA VIDA","2019-10-07","","109.95833333"
"COPACABANA - CIUDADELA EDUCATIVA LA VIDA","2019-10-06","","110.16666667"
"COPACABANA - CIUDADELA EDUCATIVA LA VIDA","2019-10-05","","73.29166667"
"COPACABANA - CIUDADELA EDUCATIVA LA VIDA","2019-10-04","","101.08333333"
"COPACABANA - CIUDADELA EDUCATIVA LA VIDA","2019-10-03","","79.54166667"
"COPACABANA - CIUDADELA EDUCATIVA LA VIDA","2019-10-02","","74.45833333"
"COPACABANA - CIUDADELA EDUCATIVA LA VIDA","2019-10-01","","152.5"
"COPACABANA - CIUDADELA EDUCATIVA LA VIDA","2019-09-30","","156.95833333"
"COPACABANA - CIUDADELA EDUCATIVA LA VIDA","2019-09-29","","89.125"
"COPACABANA - CIUDADELA EDUCATIVA LA VIDA","2019-09-28","","59.5"
"COPACABANA - CIUDADELA EDUCATIVA LA VIDA","2019-09-27","","93.16666667"
"COPACABANA - CIUDADELA EDUCATIVA LA VIDA","2019-09-26","","142.79166667"
"COPACABANA - CIUDADELA EDUCATIVA LA VIDA","2019-09-25","","141.16666667"
"COPACABANA - CIUDADELA EDUCATIVA LA VIDA","2019-09-24","","109.08333333"
"COPACABANA - CIUDADELA EDUCATIVA LA VIDA","2019-09-23","","150.08333333"
"COPACABANA - CIUDADELA EDUCATIVA LA VIDA","2019-09-22","","108.5"
"COPACABANA - CIUDADELA EDUCATIVA LA VIDA","2019-09-21","","124.58333333"
"COPACABANA - CIUDADELA EDUCATIVA LA VIDA","2019-09-20","","91.25"
"COPACABANA - CIUDADELA EDUCATIVA LA VIDA","2019-09-19","","137.125"
"COPACABANA - CIUDADELA EDUCATIVA LA VIDA","2019-09-18","","112.33333333"
"COPACABANA - CIUDADELA EDUCATIVA LA VIDA","2019-09-17","","109.95833333"
"COPACABANA - CIUDADELA EDUCATIVA LA VIDA","2019-09-16","","135.16666667"
"COPACABANA - CIUDADELA EDUCATIVA LA VIDA","2019-09-15","","108.79166667"
"COPACABANA - CIUDADELA EDUCATIVA LA VIDA","2019-09-14","","65.375"
"COPACABANA - CIUDADELA EDUCATIVA LA VIDA","2019-09-13","","118.375"
"COPACABANA - CIUDADELA EDUCATIVA LA VIDA","2019-09-12","","78.875"
"COPACABANA - CIUDADELA EDUCATIVA LA VIDA","2019-09-11","","106.95833333"
"COPACABANA - CIUDADELA EDUCATIVA LA VIDA","2019-09-10","","88.08333333"
"COPACABANA - CIUDADELA EDUCATIVA LA VIDA","2019-09-09","","79.04166667"
"COPACABANA - CIUDADELA EDUCATIVA LA VIDA","2019-09-08","","136.08333333"
"COPACABANA - CIUDADELA EDUCATIVA LA VIDA","2019-09-07","","64.41666667"
"COPACABANA - CIUDADELA EDUCATIVA LA VIDA","2019-09-06","","147.75"
"COPACABANA - CIUDADELA EDUCATIVA LA VIDA","2019-09-05","","88.20833333"
"COPACABANA - CIUDADELA EDUCATIVA LA VIDA","2019-09-04","","90.16666667"
"COPACABANA - CIUDADELA EDUCATIVA LA VIDA","2019-09-03","","133.375"
"COPACABANA - CIUDADELA EDUCATIVA LA VIDA","2019-09-02","","50.65217391"
"COPACABANA - CIUDADELA EDUCATIVA LA VIDA","2019-09-01","","93.66666667"
"COPACABANA - CIUDADELA EDUCATIVA LA VIDA","2019-08-31","","80.95833333"
"COPACABANA - CIUDADELA EDUCATIVA LA VIDA","2019-08-30","","96.58333333"
"COPACABANA - CIUDADELA EDUCATIVA LA VIDA","2019-08-29","","112.16666667"
"COPACABANA - CIUDADELA EDUCATIVA LA VIDA","2019-08-28","","75.66666667"
"COPACABANA - CIUDADELA EDUCATIVA LA VIDA","2019-08-27","","124.75"
"COPACABANA - CIUDADELA EDUCATIVA LA VIDA","2019-08-26","","69.20833333"
"COPACABANA - CIUDADELA EDUCATIVA LA VIDA","2019-08-25","","83.79166667"
"COPACABANA - CIUDADELA EDUCATIVA LA VIDA","2019-08-24","","89.91666667"
"COPACABANA - CIUDADELA EDUCATIVA LA VIDA","2019-08-23","","97.95833333"
"COPACABANA - CIUDADELA EDUCATIVA LA VIDA","2019-08-22","","104.45833333"
"COPACABANA - CIUDADELA EDUCATIVA LA VIDA","2019-08-21","","110.41666667"
"COPACABANA - CIUDADELA EDUCATIVA LA VIDA","2019-08-20","","106.20833333"
"COPACABANA - CIUDADELA EDUCATIVA LA VIDA","2019-08-19","","128.45833333"
"COPACABANA - CIUDADELA EDUCATIVA LA VIDA","2019-08-18","","62.75"
"COPACABANA - CIUDADELA EDUCATIVA LA VIDA","2019-08-17","","153.70833333"
"COPACABANA - CIUDADELA EDUCATIVA LA VIDA","2019-08-16","","93.79166667"
"COPACABANA - CIUDADELA EDUCATIVA LA VIDA","2019-08-15","","124.70833333"
"COPACABANA - CIUDADELA EDUCATIVA LA VIDA","2019-08-14","","70.875"
"COPACABANA - CIUDADELA EDUCATIVA LA VIDA","2019-08-13","","109.0"
"COPACABANA - CIUDADELA EDUCATIVA LA VIDA","2019-08-12","","99.60869565"
"COPACABANA - CIUDADELA EDUCATIVA LA VIDA","2019-08-11","","91.0"
"COPACABANA - CIUDADELA EDUCATIVA LA VIDA","2019-08-10","","91.58333333"
"COPACABANA - CIUDADELA EDUCATIVA LA VIDA","2019-08-09","","77.0"
"COPACABANA - CIUDADELA EDUCATIVA LA VIDA","2019-08-08","","78.20833333"
"COPACABANA - CIUDADELA EDUCATIVA LA VIDA","2019-08-07","","89.125"
"COPACABANA - CIUDADELA EDUCATIVA LA VIDA","2019-08-06","","126.0"
"COPACABANA - CIUDADELA EDUCATIVA LA VIDA","2019-08-05","","77.70833333"
"COPACABANA - CIUDADELA EDUCATIVA LA VIDA","2019-08-04","","86.04166667"
"COPACABANA - CIUDADELA EDUCATIVA LA VIDA","2019-08-03","","141.58333333"
"COPACABANA - CIUDADELA EDUCATIVA LA VIDA","2019-08-02","","71.20833333"
"COPACABANA - CIUDADELA EDUCATIVA LA VIDA","2019-08-01","","94.79166667"
"COPACABANA - CIUDADELA EDUCATIVA LA VIDA","2019-07-31","","100.45833333"
"COPACABANA - CIUDADELA EDUCATIVA LA VIDA","2019-07-30","","124.45833333"
"COPACABANA - CIUDADELA EDUCATIVA LA VIDA","2019-07-29","","62.125"
"COPACABANA - CIUDADELA EDUCATIVA LA VIDA","2019-07-28","","90.66666667"
"COPACABANA - CIUDADELA EDUCATIVA LA VIDA","2019-07-27","","82.83333333"
"COPACABANA - CIUDADELA EDUCATIVA LA VIDA","2019-07-26","","129.29166667"
"COPACABANA - CIUDADELA EDUCATIVA LA VIDA","2019-07-25","","95.45833333"
"COPACABANA - CIUDADELA EDUCATIVA LA VIDA","2019-07-24","","121.79166667"
"COPACABANA - CIUDADELA EDUCATIVA LA VIDA","2019-07-23","","78.45833333"
"COPACABANA - CIUDADELA EDUCATIVA LA VIDA","2019-07-22","","70.125"
"COPACABANA - CIUDADELA EDUCATIVA LA VIDA","2019-07-21","","96.0"
"COPACABANA - CIUDADELA EDUCATIVA LA VIDA","2019-07-20","","135.41666667"
"COPACABANA - CIUDADELA EDUCATIVA LA VIDA","2019-07-19","","82.375"
"COPACABANA - CIUDADELA EDUCATIVA LA VIDA","2019-07-18","","51.04166667"
"COPACABANA - CIUDADELA EDUCATIVA LA VIDA","2019-07-17","","99.625"
"COPACABANA - CIUDADELA EDUCATIVA LA VIDA","2019-07-16","","111.91666667"
"COPACABANA - CIUDADELA EDUCATIVA LA VIDA","2019-07-15","","83.75"
"COPACABANA - CIUDADELA EDUCATIVA LA VIDA","2019-07-14","","111.58333333"
"COPACABANA - CIUDADELA EDUCATIVA LA VIDA","2019-07-13","","109.375"
"COPACABANA - CIUDADELA EDUCATIVA LA VIDA","2019-07-12","","34.77777778"
"COPACABANA - CIUDADELA EDUCATIVA LA VIDA","2019-07-11","","35.26666667"
"COPACABANA - CIUDADELA EDUCATIVA LA VIDA","2019-07-10","","84.70833333"
"COPACABANA - CIUDADELA EDUCATIVA LA VIDA","2019-07-09","","109.33333333"
"COPACABANA - CIUDADELA EDUCATIVA LA VIDA","2019-07-08","","60.875"
"COPACABANA - CIUDADELA EDUCATIVA LA VIDA","2019-07-07","","103.83333333"
"COPACABANA - CIUDADELA EDUCATIVA LA VIDA","2019-07-06","","100.625"
"COPACABANA - CIUDADELA EDUCATIVA LA VIDA","2019-07-05","","85.66666667"
"COPACABANA - CIUDADELA EDUCATIVA LA VIDA","2019-07-04","","97.16666667"
"COPACABANA - CIUDADELA EDUCATIVA LA VIDA","2019-07-03","","111.0"
"COPACABANA - CIUDADELA EDUCATIVA LA VIDA","2019-07-02","","90.58333333"
"COPACABANA - CIUDADELA EDUCATIVA LA VIDA","2019-07-01","","87.20833333"
"COPACABANA - CIUDADELA EDUCATIVA LA VIDA","2019-06-30","","82.75"
"COPACABANA - CIUDADELA EDUCATIVA LA VIDA","2019-06-29","","105.04166667"
"COPACABANA - CIUDADELA EDUCATIVA LA VIDA","2019-06-28","","76.0"
"COPACABANA - CIUDADELA EDUCATIVA LA VIDA","2019-06-27","","51.375"
"COPACABANA - CIUDADELA EDUCATIVA LA VIDA","2019-06-26","","70.16666667"
"COPACABANA - CIUDADELA EDUCATIVA LA VIDA","2019-06-25","","109.08333333"
"COPACABANA - CIUDADELA EDUCATIVA LA VIDA","2019-06-24","","124.125"
"COPACABANA - CIUDADELA EDUCATIVA LA VIDA","2019-06-23","","88.08333333"
"COPACABANA - CIUDADELA EDUCATIVA LA VIDA","2019-06-22","","90.45833333"
"COPACABANA - CIUDADELA EDUCATIVA LA VIDA","2019-06-21","","92.83333333"
"COPACABANA - CIUDADELA EDUCATIVA LA VIDA","2019-06-20","","118.08333333"
"COPACABANA - CIUDADELA EDUCATIVA LA VIDA","2019-06-19","","81.04166667"
"COPACABANA - CIUDADELA EDUCATIVA LA VIDA","2019-06-18","","91.75"
"COPACABANA - CIUDADELA EDUCATIVA LA VIDA","2019-06-17","","98.45833333"
"COPACABANA - CIUDADELA EDUCATIVA LA VIDA","2019-06-16","","153.66666667"
"COPACABANA - CIUDADELA EDUCATIVA LA VIDA","2019-06-15","","117.875"
"COPACABANA - CIUDADELA EDUCATIVA LA VIDA","2019-06-14","","67.91666667"
"COPACABANA - CIUDADELA EDUCATIVA LA VIDA","2019-06-13","","70.625"
"COPACABANA - CIUDADELA EDUCATIVA LA VIDA","2019-06-12","","116.125"
"COPACABANA - CIUDADELA EDUCATIVA LA VIDA","2019-06-11","","96.79166667"
"COPACABANA - CIUDADELA EDUCATIVA LA VIDA","2019-06-10","","94.375"
"COPACABANA - CIUDADELA EDUCATIVA LA VIDA","2019-06-09","","81.875"
"COPACABANA - CIUDADELA EDUCATIVA LA VIDA","2019-06-08","","107.70833333"
"COPACABANA - CIUDADELA EDUCATIVA LA VIDA","2019-06-07","","131.79166667"
"COPACABANA - CIUDADELA EDUCATIVA LA VIDA","2019-06-06","","130.41666667"
"COPACABANA - CIUDADELA EDUCATIVA LA VIDA","2019-06-05","","133.20833333"
"COPACABANA - CIUDADELA EDUCATIVA LA VIDA","2019-06-04","","96.45833333"
"COPACABANA - CIUDADELA EDUCATIVA LA VIDA","2019-06-03","","75.08333333"
"COPACABANA - CIUDADELA EDUCATIVA LA VIDA","2019-06-02","","121.54166667"
"COPACABANA - CIUDADELA EDUCATIVA LA VIDA","2019-06-01","","129.125"
"COPACABANA - CIUDADELA EDUCATIVA LA VIDA","2019-05-31","","126.83333333"
"COPACABANA - CIUDADELA EDUCATIVA LA VIDA","2019-05-30","","105.5"
"COPACABANA - CIUDADELA EDUCATIVA LA VIDA","2019-05-29","","94.83333333"
"COPACABANA - CIUDADELA EDUCATIVA LA VIDA","2019-05-28","","100.66666667"
"COPACABANA - CIUDADELA EDUCATIVA LA VIDA","2019-05-27","","133.58333333"
"COPACABANA - CIUDADELA EDUCATIVA LA VIDA","2019-05-26","","108.08333333"
"COPACABANA - CIUDADELA EDUCATIVA LA VIDA","2019-05-25","","126.83333333"
"COPACABANA - CIUDADELA EDUCATIVA LA VIDA","2019-05-24","","118.29166667"
"COPACABANA - CIUDADELA EDUCATIVA LA VIDA","2019-05-23","","156.54166667"
"COPACABANA - CIUDADELA EDUCATIVA LA VIDA","2019-05-22","","201.41666667"
"COPACABANA - CIUDADELA EDUCATIVA LA VIDA","2019-05-21","","153.0"
"COPACABANA - CIUDADELA EDUCATIVA LA VIDA","2019-05-20","","136.95833333"
"COPACABANA - CIUDADELA EDUCATIVA LA VIDA","2019-05-19","","119.70833333"
"COPACABANA - CIUDADELA EDUCATIVA LA VIDA","2019-05-18","","102.66666667"
"COPACABANA - CIUDADELA EDUCATIVA LA VIDA","2019-05-17","","101.79166667"
"COPACABANA - CIUDADELA EDUCATIVA LA VIDA","2019-05-16","","113.125"
"COPACABANA - CIUDADELA EDUCATIVA LA VIDA","2019-05-15","","60.125"
"COPACABANA - CIUDADELA EDUCATIVA LA VIDA","2019-05-14","","107.91666667"
"COPACABANA - CIUDADELA EDUCATIVA LA VIDA","2019-05-13","","120.16666667"
"COPACABANA - CIUDADELA EDUCATIVA LA VIDA","2019-05-12","","126.58333333"
"COPACABANA - CIUDADELA EDUCATIVA LA VIDA","2019-05-11","","106.125"
"COPACABANA - CIUDADELA EDUCATIVA LA VIDA","2019-05-10","","156.79166667"
"COPACABANA - CIUDADELA EDUCATIVA LA VIDA","2019-05-09","","105.83333333"
"COPACABANA - CIUDADELA EDUCATIVA LA VIDA","2019-05-08","","124.625"
"COPACABANA - CIUDADELA EDUCATIVA LA VIDA","2019-05-07","","77.83333333"
"COPACABANA - CIUDADELA EDUCATIVA LA VIDA","2019-05-06","","85.29166667"
"COPACABANA - CIUDADELA EDUCATIVA LA VIDA","2019-05-05","","85.04166667"
"COPACABANA - CIUDADELA EDUCATIVA LA VIDA","2019-05-04","","64.125"
"COPACABANA - CIUDADELA EDUCATIVA LA VIDA","2019-05-03","","95.375"
"COPACABANA - CIUDADELA EDUCATIVA LA VIDA","2019-05-02","","109.83333333"
"COPACABANA - CIUDADELA EDUCATIVA LA VIDA","2019-05-01","","156.625"
"COPACABANA - CIUDADELA EDUCATIVA LA VIDA","2019-04-30","","64.70833333"
"COPACABANA - CIUDADELA EDUCATIVA LA VIDA","2019-04-29","","149.04166667"
"COPACABANA - CIUDADELA EDUCATIVA LA VIDA","2019-04-28","","141.54166667"
"COPACABANA - CIUDADELA EDUCATIVA LA VIDA","2019-04-27","","53.70833333"
"COPACABANA - CIUDADELA EDUCATIVA LA VIDA","2019-04-26","","109.04166667"
"COPACABANA - CIUDADELA EDUCATIVA LA VIDA","2019-04-25","","125.75"
"COPACABANA - CIUDADELA EDUCATIVA LA VIDA","2019-04-24","","105.70833333"
"COPACABANA - CIUDADELA EDUCATIVA LA VIDA","2019-04-23","","130.54166667"
"COPACABANA - CIUDADELA EDUCATIVA LA VIDA","2019-04-22","","129.45833333"
"COPACABANA - CIUDADELA EDUCATIVA LA VIDA","2019-04-21","","136.875"
"COPACABANA - CIUDADELA EDUCATIVA LA VIDA","2019-04-20","","39.0"
"COPACABANA - CIUDADELA EDUCATIVA LA VIDA","2019-04-17","","85.4"
"COPACABANA - CIUDADELA EDUCATIVA LA VIDA","2019-04-16","","76.25"
"COPACABANA - CIUDADELA EDUCATIVA LA VIDA","2019-04-15","","95.0"
"COPACABANA - CIUDADELA EDUCATIVA LA VIDA","2019-04-14","","139.375"
"COPACABANA - CIUDADELA EDUCATIVA LA VIDA","2019-04-13","","75.1"
"COPACABANA - CIUDADELA EDUCATIVA LA VIDA","2019-04-11","","185.42857143"
"COPACABANA - CIUDADELA EDUCATIVA LA VIDA","2019-04-10","","162.33333333"
"COPACABANA - CIUDADELA EDUCATIVA LA VIDA","2019-04-09","","81.125"
"COPACABANA - CIUDADELA EDUCATIVA LA VIDA","2019-04-08","","92.75"
"COPACABANA - CIUDADELA EDUCATIVA LA VIDA","2019-04-07","","113.58333333"
"COPACABANA - CIUDADELA EDUCATIVA LA VIDA","2019-04-06","","123.04166667"
"COPACABANA - CIUDADELA EDUCATIVA LA VIDA","2019-04-05","","108.25"
"COPACABANA - CIUDADELA EDUCATIVA LA VIDA","2019-04-04","","166.83333333"
"COPACABANA - CIUDADELA EDUCATIVA LA VIDA","2019-04-03","","99.5"
"COPACABANA - CIUDADELA EDUCATIVA LA VIDA","2019-04-02","","144.625"
"COPACABANA - CIUDADELA EDUCATIVA LA VIDA","2019-04-01","","158.33333333"
"COPACABANA - CIUDADELA EDUCATIVA LA VIDA","2019-03-31","","80.25"
"COPACABANA - CIUDADELA EDUCATIVA LA VIDA","2019-03-30","","53.95833333"
"COPACABANA - CIUDADELA EDUCATIVA LA VIDA","2019-03-29","","112.29166667"
"COPACABANA - CIUDADELA EDUCATIVA LA VIDA","2019-03-28","","61.58333333"
"COPACABANA - CIUDADELA EDUCATIVA LA VIDA","2019-03-27","","107.125"
"COPACABANA - CIUDADELA EDUCATIVA LA VIDA","2019-03-26","","77.0"
"COPACABANA - CIUDADELA EDUCATIVA LA VIDA","2019-03-25","","137.75"
"COPACABANA - CIUDADELA EDUCATIVA LA VIDA","2019-03-24","","145.58333333"
"COPACABANA - CIUDADELA EDUCATIVA LA VIDA","2019-03-23","","113.58333333"
"COPACABANA - CIUDADELA EDUCATIVA LA VIDA","2019-03-22","","96.45833333"
"COPACABANA - CIUDADELA EDUCATIVA LA VIDA","2019-03-21","","140.25"
"COPACABANA - CIUDADELA EDUCATIVA LA VIDA","2019-03-20","","139.83333333"
"COPACABANA - CIUDADELA EDUCATIVA LA VIDA","2019-03-19","","173.41666667"
"COPACABANA - CIUDADELA EDUCATIVA LA VIDA","2019-03-18","","77.04166667"
"COPACABANA - CIUDADELA EDUCATIVA LA VIDA","2019-03-17","","90.66666667"
"COPACABANA - CIUDADELA EDUCATIVA LA VIDA","2019-03-16","","69.5"
"COPACABANA - CIUDADELA EDUCATIVA LA VIDA","2019-03-15","","73.58333333"
"COPACABANA - CIUDADELA EDUCATIVA LA VIDA","2019-03-14","","70.79166667"
"COPACABANA - CIUDADELA EDUCATIVA LA VIDA","2019-03-13","","56.5"
"COPACABANA - CIUDADELA EDUCATIVA LA VIDA","2019-03-12","","127.04166667"
"COPACABANA - CIUDADELA EDUCATIVA LA VIDA","2019-03-11","","131.16666667"
"COPACABANA - CIUDADELA EDUCATIVA LA VIDA","2019-03-10","","132.0"
"COPACABANA - CIUDADELA EDUCATIVA LA VIDA","2019-03-09","","115.16666667"
"COPACABANA - CIUDADELA EDUCATIVA LA VIDA","2019-03-08","","69.79166667"
"COPACABANA - CIUDADELA EDUCATIVA LA VIDA","2019-03-07","","67.04166667"
"COPACABANA - CIUDADELA EDUCATIVA LA VIDA","2019-03-06","","69.33333333"
"COPACABANA - CIUDADELA EDUCATIVA LA VIDA","2019-03-05","","47.70833333"
"COPACABANA - CIUDADELA EDUCATIVA LA VIDA","2019-03-04","","86.25"
"COPACABANA - CIUDADELA EDUCATIVA LA VIDA","2019-03-03","","137.95833333"
"COPACABANA - CIUDADELA EDUCATIVA LA VIDA","2019-03-02","","115.375"
"COPACABANA - CIUDADELA EDUCATIVA LA VIDA","2019-03-01","","127.375"
"COPACABANA - CIUDADELA EDUCATIVA LA VIDA","2019-02-28","","119.79166667"
"COPACABANA - CIUDADELA EDUCATIVA LA VIDA","2019-02-27","","143.70833333"
"COPACABANA - CIUDADELA EDUCATIVA LA VIDA","2019-02-26","","119.20833333"
"COPACABANA - CIUDADELA EDUCATIVA LA VIDA","2019-02-25","","73.33333333"
"COPACABANA - CIUDADELA EDUCATIVA LA VIDA","2019-02-24","","100.95833333"
"COPACABANA - CIUDADELA EDUCATIVA LA VIDA","2019-02-23","","102.33333333"
"COPACABANA - CIUDADELA EDUCATIVA LA VIDA","2019-02-22","","112.25"
"COPACABANA - CIUDADELA EDUCATIVA LA VIDA","2019-02-21","","120.25"
"COPACABANA - CIUDADELA EDUCATIVA LA VIDA","2019-02-20","","107.79166667"
"COPACABANA - CIUDADELA EDUCATIVA LA VIDA","2019-02-19","","155.91666667"
"COPACABANA - CIUDADELA EDUCATIVA LA VIDA","2019-02-18","","138.58333333"
"COPACABANA - CIUDADELA EDUCATIVA LA VIDA","2019-02-17","","68.16666667"
"COPACABANA - CIUDADELA EDUCATIVA LA VIDA","2019-02-16","","110.95833333"
"COPACABANA - CIUDADELA EDUCATIVA LA VIDA","2019-02-15","","65.375"
"COPACABANA - CIUDADELA EDUCATIVA LA VIDA","2019-02-14","","78.41666667"
"COPACABANA - CIUDADELA EDUCATIVA LA VIDA","2019-02-13","","102.91666667"
"COPACABANA - CIUDADELA EDUCATIVA LA VIDA","2019-02-12","","126.08333333"
"COPACABANA - CIUDADELA EDUCATIVA LA VIDA","2019-02-11","","52.75"
"COPACABANA - CIUDADELA EDUCATIVA LA VIDA","2019-02-10","","58.33333333"
"COPACABANA - CIUDADELA EDUCATIVA LA VIDA","2019-02-09","","80.0"
"COPACABANA - CIUDADELA EDUCATIVA LA VIDA","2019-02-08","","67.5"
"COPACABANA - CIUDADELA EDUCATIVA LA VIDA","2019-02-07","","68.58333333"
"COPACABANA - CIUDADELA EDUCATIVA LA VIDA","2019-02-06","","78.29166667"
"COPACABANA - CIUDADELA EDUCATIVA LA VIDA","2019-02-05","","88.76923077"
"COPACABANA - CIUDADELA EDUCATIVA LA VIDA","2019-02-02","","91.7"
"COPACABANA - CIUDADELA EDUCATIVA LA VIDA","2019-02-01","","26.83333333"
"COPACABANA - CIUDADELA EDUCATIVA LA VIDA","2019-01-28","","99.2"
"COPACABANA - CIUDADELA EDUCATIVA LA VIDA","2019-01-27","","86.58333333"
"COPACABANA - CIUDADELA EDUCATIVA LA VIDA","2019-01-26","","106.375"
"COPACABANA - CIUDADELA EDUCATIVA LA VIDA","2019-01-25","","53.875"
"COPACABANA - CIUDADELA EDUCATIVA LA VIDA","2019-01-24","","91.79166667"
"COPACABANA - CIUDADELA EDUCATIVA LA VIDA","2019-01-23","","92.75"
"COPACABANA - CIUDADELA EDUCATIVA LA VIDA","2019-01-22","","46.70833333"
"COPACABANA - CIUDADELA EDUCATIVA LA VIDA","2019-01-21","","67.29166667"
"COPACABANA - CIUDADELA EDUCATIVA LA VIDA","2019-01-20","","91.91666667"
"COPACABANA - CIUDADELA EDUCATIVA LA VIDA","2019-01-19","","105.79166667"
"COPACABANA - CIUDADELA EDUCATIVA LA VIDA","2019-01-18","","76.58333333"
"COPACABANA - CIUDADELA EDUCATIVA LA VIDA","2019-01-17","","138.95833333"
"COPACABANA - CIUDADELA EDUCATIVA LA VIDA","2019-01-16","","79.54166667"
"COPACABANA - CIUDADELA EDUCATIVA LA VIDA","2019-01-15","","105.70833333"
"COPACABANA - CIUDADELA EDUCATIVA LA VIDA","2019-01-14","","64.08333333"
"COPACABANA - CIUDADELA EDUCATIVA LA VIDA","2019-01-13","","56.95833333"
"COPACABANA - CIUDADELA EDUCATIVA LA VIDA","2019-01-12","","50.20833333"
"COPACABANA - CIUDADELA EDUCATIVA LA VIDA","2019-01-11","","71.20833333"
"COPACABANA - CIUDADELA EDUCATIVA LA VIDA","2019-01-10","","98.16666667"
"COPACABANA - CIUDADELA EDUCATIVA LA VIDA","2019-01-09","","184.79166667"
"COPACABANA - CIUDADELA EDUCATIVA LA VIDA","2019-01-08","","90.33333333"
"COPACABANA - CIUDADELA EDUCATIVA LA VIDA","2019-01-07","","98.58333333"
"COPACABANA - CIUDADELA EDUCATIVA LA VIDA","2019-01-06","","67.75"
"COPACABANA - CIUDADELA EDUCATIVA LA VIDA","2019-01-05","","49.29166667"
"COPACABANA - CIUDADELA EDUCATIVA LA VIDA","2019-01-04","","125.66666667"
"COPACABANA - CIUDADELA EDUCATIVA LA VIDA","2019-01-03","","103.16666667"
"COPACABANA - CIUDADELA EDUCATIVA LA VIDA","2019-01-02","","112.41666667"
"COPACABANA - CIUDADELA EDUCATIVA LA VIDA","2019-01-01","","126.82608696"
