"Estacion","Fecha inicial","Fecha final","PLiquida"
"COPACABANA - CIUDADELA EDUCATIVA LA VIDA","2025-10-31","","0.12043478"
"COPACABANA - CIUDADELA EDUCATIVA LA VIDA","2025-10-30","","0.18208333"
"COPACABANA - CIUDADELA EDUCATIVA LA VIDA","2025-10-29","","0.0"
"COPACABANA - CIUDADELA EDUCATIVA LA VIDA","2025-10-28","","0.0"
"COPACABANA - CIUDADELA EDUCATIVA LA VIDA","2025-10-27","","0.47958333"
"COPACABANA - CIUDADELA EDUCATIVA LA VIDA","2025-10-26","","0.05083333"
"COPACABANA - CIUDADELA EDUCATIVA LA VIDA","2025-10-25","","0.09"
"COPACABANA - CIUDADELA EDUCATIVA LA VIDA","2025-10-24","","0.26125"
"COPACABANA - CIUDADELA EDUCATIVA LA VIDA","2025-10-23","","1.86958333"
"COPACABANA - CIUDADELA EDUCATIVA LA VIDA","2025-10-22","","1.04583333"
"COPACABANA - CIUDADELA EDUCATIVA LA VIDA","2025-10-21","","0.16583333"
"COPACABANA - CIUDADELA EDUCATIVA LA VIDA","2025-10-20","","0.8525"
"COPACABANA - CIUDADELA EDUCATIVA LA VIDA","2025-10-19","","0.02208333"
"COPACABANA - CIUDADELA EDUCATIVA LA VIDA","2025-10-18","","0.00208333"
"COPACABANA - CIUDADELA EDUCATIVA LA VIDA","2025-10-17","","0.10958333"
"COPACABANA - CIUDADELA EDUCATIVA LA VIDA","2025-10-16","","2.57416667"
"COPACABANA - CIUDADELA EDUCATIVA LA VIDA","2025-10-15","","0.73458333"
"COPACABANA - CIUDADELA EDUCATIVA LA VIDA","2025-10-14","","0.00375"
"COPACABANA - CIUDADELA EDUCATIVA LA VIDA","2025-10-13","","0.0"
"COPACABANA - CIUDADELA EDUCATIVA LA VIDA","2025-10-12","","0.0"
"COPACABANA - CIUDADELA EDUCATIVA LA VIDA","2025-10-11","","0.0"
"COPACABANA - CIUDADELA EDUCATIVA LA VIDA","2025-10-10","","0.36333333"
"COPACABANA - CIUDADELA EDUCATIVA LA VIDA","2025-10-09","","1.13833333"
"COPACABANA - CIUDADELA EDUCATIVA LA VIDA","2025-10-08","","0.25333333"
"COPACABANA - CIUDADELA EDUCATIVA LA VIDA","2025-10-07","","0.0"
"COPACABANA - CIUDADELA EDUCATIVA LA VIDA","2025-10-06","","1.15958333"
"COPACABANA - CIUDADELA EDUCATIVA LA VIDA","2025-10-05","","0.3125"
"COPACABANA - CIUDADELA EDUCATIVA LA VIDA","2025-10-04","","0.03375"
"COPACABANA - CIUDADELA EDUCATIVA LA VIDA","2025-10-03","","0.19041667"
"COPACABANA - CIUDADELA EDUCATIVA LA VIDA","2025-10-02","","0.00333333"
"COPACABANA - CIUDADELA EDUCATIVA LA VIDA","2025-10-01","","0.38583333"
"COPACABANA - CIUDADELA EDUCATIVA LA VIDA","2025-09-30","","0.0"
"COPACABANA - CIUDADELA EDUCATIVA LA VIDA","2025-09-29","","0.0"
"COPACABANA - CIUDADELA EDUCATIVA LA VIDA","2025-09-28","","0.0"
"COPACABANA - CIUDADELA EDUCATIVA LA VIDA","2025-09-27","","0.0"
"COPACABANA - CIUDADELA EDUCATIVA LA VIDA","2025-09-26","","0.0"
"COPACABANA - CIUDADELA EDUCATIVA LA VIDA","2025-09-25","","0.0"
"COPACABANA - CIUDADELA EDUCATIVA LA VIDA","2025-09-24","","0.0"
"COPACABANA - CIUDADELA EDUCATIVA LA VIDA","2025-09-23","","0.00583333"
"COPACABANA - CIUDADELA EDUCATIVA LA VIDA","2025-09-22","","0.0"
"COPACABANA - CIUDADELA EDUCATIVA LA VIDA","2025-09-21","","0.00125"
"COPACABANA - CIUDADELA EDUCATIVA LA VIDA","2025-09-20","","0.0075"
"COPACABANA - CIUDADELA EDUCATIVA LA VIDA","2025-09-19","","0.77083333"
"COPACABANA - CIUDADELA EDUCATIVA LA VIDA","2025-09-18","","0.35125"
"COPACABANA - CIUDADELA EDUCATIVA LA VIDA","2025-09-17","","0.02791667"
"COPACABANA - CIUDADELA EDUCATIVA LA VIDA","2025-09-16","","4.1667E-4"
"COPACABANA - CIUDADELA EDUCATIVA LA VIDA","2025-09-15","","0.01625"
"COPACABANA - CIUDADELA EDUCATIVA LA VIDA","2025-09-14","","4.1667E-4"
"COPACABANA - CIUDADELA EDUCATIVA LA VIDA","2025-09-13","","0.0"
"COPACABANA - CIUDADELA EDUCATIVA LA VIDA","2025-09-12","","0.00333333"
"COPACABANA - CIUDADELA EDUCATIVA LA VIDA","2025-09-11","","0.18291667"
"COPACABANA - CIUDADELA EDUCATIVA LA VIDA","2025-09-10","","0.0225"
"COPACABANA - CIUDADELA EDUCATIVA LA VIDA","2025-09-09","","0.12083333"
"COPACABANA - CIUDADELA EDUCATIVA LA VIDA","2025-09-08","","0.10291667"
"COPACABANA - CIUDADELA EDUCATIVA LA VIDA","2025-09-07","","2.41708333"
"COPACABANA - CIUDADELA EDUCATIVA LA VIDA","2025-09-06","","0.86041667"
"COPACABANA - CIUDADELA EDUCATIVA LA VIDA","2025-09-05","","0.09583333"
"COPACABANA - CIUDADELA EDUCATIVA LA VIDA","2025-09-04","","0.34208333"
"COPACABANA - CIUDADELA EDUCATIVA LA VIDA","2025-09-03","","1.65666667"
"COPACABANA - CIUDADELA EDUCATIVA LA VIDA","2025-09-02","","0.04791667"
"COPACABANA - CIUDADELA EDUCATIVA LA VIDA","2025-09-01","","0.43333333"
"COPACABANA - CIUDADELA EDUCATIVA LA VIDA","2025-08-31","","0.24652174"
"COPACABANA - CIUDADELA EDUCATIVA LA VIDA","2025-08-30","","0.30136364"
"COPACABANA - CIUDADELA EDUCATIVA LA VIDA","2025-08-29","","0.0"
"COPACABANA - CIUDADELA EDUCATIVA LA VIDA","2025-08-28","","0.08052632"
"COPACABANA - CIUDADELA EDUCATIVA LA VIDA","2025-08-27","","0.0"
"COPACABANA - CIUDADELA EDUCATIVA LA VIDA","2025-08-25","","0.04285714"
"COPACABANA - CIUDADELA EDUCATIVA LA VIDA","2025-08-24","","0.0147619"
"COPACABANA - CIUDADELA EDUCATIVA LA VIDA","2025-08-23","","0.02041667"
"COPACABANA - CIUDADELA EDUCATIVA LA VIDA","2025-08-22","","2.08333333"
"COPACABANA - CIUDADELA EDUCATIVA LA VIDA","2025-08-21","","0.19090909"
"COPACABANA - CIUDADELA EDUCATIVA LA VIDA","2025-08-19","","9.0909E-4"
"COPACABANA - CIUDADELA EDUCATIVA LA VIDA","2025-08-18","","0.5025"
"COPACABANA - CIUDADELA EDUCATIVA LA VIDA","2025-08-17","","0.77041667"
"COPACABANA - CIUDADELA EDUCATIVA LA VIDA","2025-08-16","","0.17666667"
"COPACABANA - CIUDADELA EDUCATIVA LA VIDA","2025-08-15","","0.65333333"
"COPACABANA - CIUDADELA EDUCATIVA LA VIDA","2025-08-14","","0.06458333"
"COPACABANA - CIUDADELA EDUCATIVA LA VIDA","2025-08-13","","0.00458333"
"COPACABANA - CIUDADELA EDUCATIVA LA VIDA","2025-08-12","","4.1667E-4"
"COPACABANA - CIUDADELA EDUCATIVA LA VIDA","2025-08-11","","0.94291667"
"COPACABANA - CIUDADELA EDUCATIVA LA VIDA","2025-08-10","","0.10833333"
"COPACABANA - CIUDADELA EDUCATIVA LA VIDA","2025-08-09","","0.04916667"
"COPACABANA - CIUDADELA EDUCATIVA LA VIDA","2025-08-08","","0.8075"
"COPACABANA - CIUDADELA EDUCATIVA LA VIDA","2025-08-07","","0.58458333"
"COPACABANA - CIUDADELA EDUCATIVA LA VIDA","2025-08-06","","0.27083333"
"COPACABANA - CIUDADELA EDUCATIVA LA VIDA","2025-08-05","","4.1667E-4"
"COPACABANA - CIUDADELA EDUCATIVA LA VIDA","2025-08-04","","0.00125"
"COPACABANA - CIUDADELA EDUCATIVA LA VIDA","2025-08-03","","1.52"
"COPACABANA - CIUDADELA EDUCATIVA LA VIDA","2025-08-02","","4.1667E-4"
"COPACABANA - CIUDADELA EDUCATIVA LA VIDA","2025-08-01","","0.0275"
"COPACABANA - CIUDADELA EDUCATIVA LA VIDA","2025-07-31","","0.0"
"COPACABANA - CIUDADELA EDUCATIVA LA VIDA","2025-07-30","","0.03304167"
"COPACABANA - CIUDADELA EDUCATIVA LA VIDA","2025-07-29","","0.02008333"
"COPACABANA - CIUDADELA EDUCATIVA LA VIDA","2025-07-28","","0.05391667"
"COPACABANA - CIUDADELA EDUCATIVA LA VIDA","2025-07-27","","0.006"
"COPACABANA - CIUDADELA EDUCATIVA LA VIDA","2025-07-26","","0.08779167"
"COPACABANA - CIUDADELA EDUCATIVA LA VIDA","2025-07-25","","5.4167E-4"
"COPACABANA - CIUDADELA EDUCATIVA LA VIDA","2025-07-24","","0.0"
"COPACABANA - CIUDADELA EDUCATIVA LA VIDA","2025-07-23","","0.0"
"COPACABANA - CIUDADELA EDUCATIVA LA VIDA","2025-07-22","","1.25E-4"
"COPACABANA - CIUDADELA EDUCATIVA LA VIDA","2025-07-21","","0.00375"
"COPACABANA - CIUDADELA EDUCATIVA LA VIDA","2025-07-20","","1.6667E-4"
"COPACABANA - CIUDADELA EDUCATIVA LA VIDA","2025-07-19","","0.0"
"COPACABANA - CIUDADELA EDUCATIVA LA VIDA","2025-07-18","","0.0"
"COPACABANA - CIUDADELA EDUCATIVA LA VIDA","2025-07-17","","5.4167E-4"
"COPACABANA - CIUDADELA EDUCATIVA LA VIDA","2025-07-16","","0.0"
"COPACABANA - CIUDADELA EDUCATIVA LA VIDA","2025-07-15","","0.0"
"COPACABANA - CIUDADELA EDUCATIVA LA VIDA","2025-07-14","","0.00195833"
"COPACABANA - CIUDADELA EDUCATIVA LA VIDA","2025-07-13","","4.167E-5"
"COPACABANA - CIUDADELA EDUCATIVA LA VIDA","2025-07-12","","0.00791667"
"COPACABANA - CIUDADELA EDUCATIVA LA VIDA","2025-07-11","","0.01029167"
"COPACABANA - CIUDADELA EDUCATIVA LA VIDA","2025-07-10","","0.0"
"COPACABANA - CIUDADELA EDUCATIVA LA VIDA","2025-07-09","","0.017875"
"COPACABANA - CIUDADELA EDUCATIVA LA VIDA","2025-07-08","","1.6667E-4"
"COPACABANA - CIUDADELA EDUCATIVA LA VIDA","2025-07-07","","7.9167E-4"
"COPACABANA - CIUDADELA EDUCATIVA LA VIDA","2025-07-06","","9.1667E-4"
"COPACABANA - CIUDADELA EDUCATIVA LA VIDA","2025-07-05","","0.004625"
"COPACABANA - CIUDADELA EDUCATIVA LA VIDA","2025-07-04","","0.011"
"COPACABANA - CIUDADELA EDUCATIVA LA VIDA","2025-07-03","","0.00983333"
"COPACABANA - CIUDADELA EDUCATIVA LA VIDA","2025-07-02","","0.0045"
"COPACABANA - CIUDADELA EDUCATIVA LA VIDA","2025-07-01","","1.25E-4"
"COPACABANA - CIUDADELA EDUCATIVA LA VIDA","2025-06-30","","0.00104348"
"COPACABANA - CIUDADELA EDUCATIVA LA VIDA","2025-06-29","","0.00416667"
"COPACABANA - CIUDADELA EDUCATIVA LA VIDA","2025-06-28","","0.00416667"
"COPACABANA - CIUDADELA EDUCATIVA LA VIDA","2025-06-27","","0.0275"
"COPACABANA - CIUDADELA EDUCATIVA LA VIDA","2025-06-26","","0.0015"
"COPACABANA - CIUDADELA EDUCATIVA LA VIDA","2025-06-25","","0.00145833"
"COPACABANA - CIUDADELA EDUCATIVA LA VIDA","2025-06-24","","0.040125"
"COPACABANA - CIUDADELA EDUCATIVA LA VIDA","2025-06-23","","0.123"
"COPACABANA - CIUDADELA EDUCATIVA LA VIDA","2025-06-22","","0.16454167"
"COPACABANA - CIUDADELA EDUCATIVA LA VIDA","2025-06-21","","0.0"
"COPACABANA - CIUDADELA EDUCATIVA LA VIDA","2025-06-20","","9.5833E-4"
"COPACABANA - CIUDADELA EDUCATIVA LA VIDA","2025-06-19","","0.0"
"COPACABANA - CIUDADELA EDUCATIVA LA VIDA","2025-06-18","","0.0"
"COPACABANA - CIUDADELA EDUCATIVA LA VIDA","2025-05-28","","0.00664286"
"COPACABANA - CIUDADELA EDUCATIVA LA VIDA","2025-05-27","","0.07608333"
"COPACABANA - CIUDADELA EDUCATIVA LA VIDA","2025-05-26","","5.4167E-4"
"COPACABANA - CIUDADELA EDUCATIVA LA VIDA","2025-05-25","","0.0"
"COPACABANA - CIUDADELA EDUCATIVA LA VIDA","2025-05-24","","0.002"
"COPACABANA - CIUDADELA EDUCATIVA LA VIDA","2025-05-23","","0.01958333"
"COPACABANA - CIUDADELA EDUCATIVA LA VIDA","2025-05-22","","0.01145833"
"COPACABANA - CIUDADELA EDUCATIVA LA VIDA","2025-05-21","","0.19625"
"COPACABANA - CIUDADELA EDUCATIVA LA VIDA","2025-05-20","","0.03045833"
"COPACABANA - CIUDADELA EDUCATIVA LA VIDA","2025-05-19","","0.131375"
"COPACABANA - CIUDADELA EDUCATIVA LA VIDA","2025-05-18","","0.00904167"
"COPACABANA - CIUDADELA EDUCATIVA LA VIDA","2025-05-17","","0.10904167"
"COPACABANA - CIUDADELA EDUCATIVA LA VIDA","2025-05-16","","0.02991667"
"COPACABANA - CIUDADELA EDUCATIVA LA VIDA","2025-05-15","","0.03495833"
"COPACABANA - CIUDADELA EDUCATIVA LA VIDA","2025-05-14","","0.06404167"
"COPACABANA - CIUDADELA EDUCATIVA LA VIDA","2025-05-13","","4.1667E-4"
"COPACABANA - CIUDADELA EDUCATIVA LA VIDA","2025-05-12","","0.001875"
"COPACABANA - CIUDADELA EDUCATIVA LA VIDA","2025-05-11","","0.0"
"COPACABANA - CIUDADELA EDUCATIVA LA VIDA","2025-05-10","","0.0"
"COPACABANA - CIUDADELA EDUCATIVA LA VIDA","2025-05-09","","1.6667E-4"
"COPACABANA - CIUDADELA EDUCATIVA LA VIDA","2025-05-08","","0.023"
"COPACABANA - CIUDADELA EDUCATIVA LA VIDA","2025-05-07","","1.25E-4"
"COPACABANA - CIUDADELA EDUCATIVA LA VIDA","2025-05-06","","0.12195833"
"COPACABANA - CIUDADELA EDUCATIVA LA VIDA","2025-05-05","","0.161125"
"COPACABANA - CIUDADELA EDUCATIVA LA VIDA","2025-05-04","","0.02233333"
"COPACABANA - CIUDADELA EDUCATIVA LA VIDA","2025-05-03","","0.00695833"
"COPACABANA - CIUDADELA EDUCATIVA LA VIDA","2025-05-02","","0.00320833"
"COPACABANA - CIUDADELA EDUCATIVA LA VIDA","2025-05-01","","0.0515"
"COPACABANA - CIUDADELA EDUCATIVA LA VIDA","2025-04-30","","0.16934783"
"COPACABANA - CIUDADELA EDUCATIVA LA VIDA","2025-04-29","","0.22066667"
"COPACABANA - CIUDADELA EDUCATIVA LA VIDA","2025-04-28","","0.02570833"
"COPACABANA - CIUDADELA EDUCATIVA LA VIDA","2025-04-27","","0.03004167"
"COPACABANA - CIUDADELA EDUCATIVA LA VIDA","2025-04-26","","0.016"
"COPACABANA - CIUDADELA EDUCATIVA LA VIDA","2025-04-25","","0.07545833"
"COPACABANA - CIUDADELA EDUCATIVA LA VIDA","2025-04-24","","0.142625"
"COPACABANA - CIUDADELA EDUCATIVA LA VIDA","2025-04-23","","0.0"
"COPACABANA - CIUDADELA EDUCATIVA LA VIDA","2025-04-22","","0.01233333"
"COPACABANA - CIUDADELA EDUCATIVA LA VIDA","2025-04-21","","0.00925"
"COPACABANA - CIUDADELA EDUCATIVA LA VIDA","2025-04-20","","0.05154167"
"COPACABANA - CIUDADELA EDUCATIVA LA VIDA","2025-04-19","","0.00345833"
"COPACABANA - CIUDADELA EDUCATIVA LA VIDA","2025-04-18","","8.3333E-4"
"COPACABANA - CIUDADELA EDUCATIVA LA VIDA","2025-04-17","","0.014125"
"COPACABANA - CIUDADELA EDUCATIVA LA VIDA","2025-04-16","","0.00158333"
"COPACABANA - CIUDADELA EDUCATIVA LA VIDA","2025-04-15","","0.0"
"COPACABANA - CIUDADELA EDUCATIVA LA VIDA","2025-04-14","","0.04004167"
"COPACABANA - CIUDADELA EDUCATIVA LA VIDA","2025-04-13","","0.00104167"
"COPACABANA - CIUDADELA EDUCATIVA LA VIDA","2025-04-12","","0.00308333"
"COPACABANA - CIUDADELA EDUCATIVA LA VIDA","2025-04-11","","0.024"
"COPACABANA - CIUDADELA EDUCATIVA LA VIDA","2025-04-10","","0.21858333"
"COPACABANA - CIUDADELA EDUCATIVA LA VIDA","2025-04-09","","0.01141667"
"COPACABANA - CIUDADELA EDUCATIVA LA VIDA","2025-04-08","","8.333E-5"
"COPACABANA - CIUDADELA EDUCATIVA LA VIDA","2025-04-07","","0.05779167"
"COPACABANA - CIUDADELA EDUCATIVA LA VIDA","2025-04-06","","0.08529167"
"COPACABANA - CIUDADELA EDUCATIVA LA VIDA","2025-04-05","","0.006"
"COPACABANA - CIUDADELA EDUCATIVA LA VIDA","2025-04-04","","0.061125"
"COPACABANA - CIUDADELA EDUCATIVA LA VIDA","2025-04-03","","0.08441667"
"COPACABANA - CIUDADELA EDUCATIVA LA VIDA","2025-04-02","","0.01875"
"COPACABANA - CIUDADELA EDUCATIVA LA VIDA","2025-04-01","","0.00408333"
"COPACABANA - CIUDADELA EDUCATIVA LA VIDA","2025-03-31","","0.03730435"
"COPACABANA - CIUDADELA EDUCATIVA LA VIDA","2025-03-30","","0.00295833"
"COPACABANA - CIUDADELA EDUCATIVA LA VIDA","2025-03-29","","0.00175"
"COPACABANA - CIUDADELA EDUCATIVA LA VIDA","2025-03-28","","0.06870833"
"COPACABANA - CIUDADELA EDUCATIVA LA VIDA","2025-03-27","","0.02916667"
"COPACABANA - CIUDADELA EDUCATIVA LA VIDA","2025-03-26","","0.0"
"COPACABANA - CIUDADELA EDUCATIVA LA VIDA","2025-03-25","","2.0833E-4"
"COPACABANA - CIUDADELA EDUCATIVA LA VIDA","2025-03-24","","0.0"
"COPACABANA - CIUDADELA EDUCATIVA LA VIDA","2025-03-23","","0.0"
"COPACABANA - CIUDADELA EDUCATIVA LA VIDA","2025-03-22","","0.00566667"
"COPACABANA - CIUDADELA EDUCATIVA LA VIDA","2025-03-21","","0.00258333"
"COPACABANA - CIUDADELA EDUCATIVA LA VIDA","2025-03-20","","0.00620833"
"COPACABANA - CIUDADELA EDUCATIVA LA VIDA","2025-03-19","","0.0"
"COPACABANA - CIUDADELA EDUCATIVA LA VIDA","2025-03-18","","4.1667E-4"
"COPACABANA - CIUDADELA EDUCATIVA LA VIDA","2025-03-17","","0.00533333"
"COPACABANA - CIUDADELA EDUCATIVA LA VIDA","2025-03-16","","0.039125"
"COPACABANA - CIUDADELA EDUCATIVA LA VIDA","2025-03-15","","4.167E-5"
"COPACABANA - CIUDADELA EDUCATIVA LA VIDA","2025-03-14","","0.00183333"
"COPACABANA - CIUDADELA EDUCATIVA LA VIDA","2025-03-13","","0.05520833"
"COPACABANA - CIUDADELA EDUCATIVA LA VIDA","2025-03-12","","0.0"
"COPACABANA - CIUDADELA EDUCATIVA LA VIDA","2025-03-11","","0.03783333"
"COPACABANA - CIUDADELA EDUCATIVA LA VIDA","2025-03-10","","0.00175"
"COPACABANA - CIUDADELA EDUCATIVA LA VIDA","2025-03-09","","0.0"
"COPACABANA - CIUDADELA EDUCATIVA LA VIDA","2025-03-08","","4.167E-5"
"COPACABANA - CIUDADELA EDUCATIVA LA VIDA","2025-03-07","","0.0"
"COPACABANA - CIUDADELA EDUCATIVA LA VIDA","2025-03-06","","4.167E-5"
"COPACABANA - CIUDADELA EDUCATIVA LA VIDA","2025-03-05","","0.016"
"COPACABANA - CIUDADELA EDUCATIVA LA VIDA","2025-03-04","","0.09858333"
"COPACABANA - CIUDADELA EDUCATIVA LA VIDA","2025-03-03","","2.9167E-4"
"COPACABANA - CIUDADELA EDUCATIVA LA VIDA","2025-03-02","","2.0833E-4"
"COPACABANA - CIUDADELA EDUCATIVA LA VIDA","2025-03-01","","0.005625"
"COPACABANA - CIUDADELA EDUCATIVA LA VIDA","2025-02-28","","0.00652174"
"COPACABANA - CIUDADELA EDUCATIVA LA VIDA","2025-02-27","","1.25E-4"
"COPACABANA - CIUDADELA EDUCATIVA LA VIDA","2025-02-26","","0.0"
"COPACABANA - CIUDADELA EDUCATIVA LA VIDA","2025-02-25","","0.002875"
"COPACABANA - CIUDADELA EDUCATIVA LA VIDA","2025-02-24","","0.161125"
"COPACABANA - CIUDADELA EDUCATIVA LA VIDA","2025-02-23","","0.00491667"
"COPACABANA - CIUDADELA EDUCATIVA LA VIDA","2025-02-22","","0.014375"
"COPACABANA - CIUDADELA EDUCATIVA LA VIDA","2025-02-21","","0.06808333"
"COPACABANA - CIUDADELA EDUCATIVA LA VIDA","2025-02-20","","0.00316667"
"COPACABANA - CIUDADELA EDUCATIVA LA VIDA","2025-02-19","","0.01525"
"COPACABANA - CIUDADELA EDUCATIVA LA VIDA","2025-02-18","","0.02225"
"COPACABANA - CIUDADELA EDUCATIVA LA VIDA","2025-02-17","","0.0545"
"COPACABANA - CIUDADELA EDUCATIVA LA VIDA","2025-02-16","","0.09754167"
"COPACABANA - CIUDADELA EDUCATIVA LA VIDA","2025-02-15","","7.5E-4"
"COPACABANA - CIUDADELA EDUCATIVA LA VIDA","2025-02-14","","2.9167E-4"
"COPACABANA - CIUDADELA EDUCATIVA LA VIDA","2025-02-13","","0.0705"
"COPACABANA - CIUDADELA EDUCATIVA LA VIDA","2025-02-12","","0.05195833"
"COPACABANA - CIUDADELA EDUCATIVA LA VIDA","2025-02-11","","0.04770833"
"COPACABANA - CIUDADELA EDUCATIVA LA VIDA","2025-02-10","","0.0"
"COPACABANA - CIUDADELA EDUCATIVA LA VIDA","2025-02-09","","0.06645833"
"COPACABANA - CIUDADELA EDUCATIVA LA VIDA","2025-02-08","","0.01441667"
"COPACABANA - CIUDADELA EDUCATIVA LA VIDA","2025-02-07","","0.00175"
"COPACABANA - CIUDADELA EDUCATIVA LA VIDA","2025-02-06","","1.25E-4"
"COPACABANA - CIUDADELA EDUCATIVA LA VIDA","2025-02-05","","0.02066667"
"COPACABANA - CIUDADELA EDUCATIVA LA VIDA","2025-02-04","","0.15625"
"COPACABANA - CIUDADELA EDUCATIVA LA VIDA","2025-02-03","","8.75E-4"
"COPACABANA - CIUDADELA EDUCATIVA LA VIDA","2025-02-02","","0.0"
"COPACABANA - CIUDADELA EDUCATIVA LA VIDA","2025-02-01","","9.5833E-4"
"COPACABANA - CIUDADELA EDUCATIVA LA VIDA","2025-01-31","","0.00291304"
"COPACABANA - CIUDADELA EDUCATIVA LA VIDA","2025-01-30","","0.01683333"
"COPACABANA - CIUDADELA EDUCATIVA LA VIDA","2025-01-29","","0.004875"
"COPACABANA - CIUDADELA EDUCATIVA LA VIDA","2025-01-28","","4.167E-5"
"COPACABANA - CIUDADELA EDUCATIVA LA VIDA","2025-01-27","","0.00375"
"COPACABANA - CIUDADELA EDUCATIVA LA VIDA","2025-01-26","","0.00441667"
"COPACABANA - CIUDADELA EDUCATIVA LA VIDA","2025-01-25","","0.01516667"
"COPACABANA - CIUDADELA EDUCATIVA LA VIDA","2025-01-24","","2.0833E-4"
"COPACABANA - CIUDADELA EDUCATIVA LA VIDA","2025-01-23","","4.167E-5"
"COPACABANA - CIUDADELA EDUCATIVA LA VIDA","2025-01-22","","4.167E-5"
"COPACABANA - CIUDADELA EDUCATIVA LA VIDA","2025-01-21","","0.0"
"COPACABANA - CIUDADELA EDUCATIVA LA VIDA","2025-01-20","","0.0"
"COPACABANA - CIUDADELA EDUCATIVA LA VIDA","2025-01-19","","8.333E-5"
"COPACABANA - CIUDADELA EDUCATIVA LA VIDA","2025-01-18","","0.0"
"COPACABANA - CIUDADELA EDUCATIVA LA VIDA","2025-01-17","","1.25E-4"
"COPACABANA - CIUDADELA EDUCATIVA LA VIDA","2025-01-16","","0.0"
"COPACABANA - CIUDADELA EDUCATIVA LA VIDA","2025-01-15","","0.0"
"COPACABANA - CIUDADELA EDUCATIVA LA VIDA","2025-01-14","","4.5833E-4"
"COPACABANA - CIUDADELA EDUCATIVA LA VIDA","2025-01-13","","0.0"
"COPACABANA - CIUDADELA EDUCATIVA LA VIDA","2025-01-12","","0.0"
"COPACABANA - CIUDADELA EDUCATIVA LA VIDA","2025-01-11","","4.167E-5"
"COPACABANA - CIUDADELA EDUCATIVA LA VIDA","2025-01-10","","0.0"
"COPACABANA - CIUDADELA EDUCATIVA LA VIDA","2025-01-09","","8.333E-5"
"COPACABANA - CIUDADELA EDUCATIVA LA VIDA","2025-01-08","","4.167E-5"
"COPACABANA - CIUDADELA EDUCATIVA LA VIDA","2025-01-07","","0.0"
"COPACABANA - CIUDADELA EDUCATIVA LA VIDA","2025-01-06","","0.0"
"COPACABANA - CIUDADELA EDUCATIVA LA VIDA","2025-01-05","","0.01208333"
"COPACABANA - CIUDADELA EDUCATIVA LA VIDA","2025-01-04","","0.04325"
"COPACABANA - CIUDADELA EDUCATIVA LA VIDA","2025-01-03","","5.8333E-4"
"COPACABANA - CIUDADELA EDUCATIVA LA VIDA","2025-01-02","","0.008"
"COPACABANA - CIUDADELA EDUCATIVA LA VIDA","2025-01-01","","0.002"
"COPACABANA - CIUDADELA EDUCATIVA LA VIDA","2024-12-31","","5.2174E-4"
"COPACABANA - CIUDADELA EDUCATIVA LA VIDA","2024-12-30","","0.01045833"
"COPACABANA - CIUDADELA EDUCATIVA LA VIDA","2024-12-29","","6.25E-4"
"COPACABANA - CIUDADELA EDUCATIVA LA VIDA","2024-12-28","","0.001"
"COPACABANA - CIUDADELA EDUCATIVA LA VIDA","2024-12-27","","0.00508333"
"COPACABANA - CIUDADELA EDUCATIVA LA VIDA","2024-12-26","","0.005625"
"COPACABANA - CIUDADELA EDUCATIVA LA VIDA","2024-12-25","","2.9167E-4"
"COPACABANA - CIUDADELA EDUCATIVA LA VIDA","2024-12-24","","0.00108333"
"COPACABANA - CIUDADELA EDUCATIVA LA VIDA","2024-12-23","","5.8333E-4"
"COPACABANA - CIUDADELA EDUCATIVA LA VIDA","2024-12-22","","2.9167E-4"
"COPACABANA - CIUDADELA EDUCATIVA LA VIDA","2024-12-21","","0.137875"
"COPACABANA - CIUDADELA EDUCATIVA LA VIDA","2024-12-20","","0.04029167"
"COPACABANA - CIUDADELA EDUCATIVA LA VIDA","2024-12-19","","0.00829167"
"COPACABANA - CIUDADELA EDUCATIVA LA VIDA","2024-12-18","","0.0"
"COPACABANA - CIUDADELA EDUCATIVA LA VIDA","2024-12-17","","3.3333E-4"
"COPACABANA - CIUDADELA EDUCATIVA LA VIDA","2024-12-16","","0.0"
"COPACABANA - CIUDADELA EDUCATIVA LA VIDA","2024-12-15","","0.165"
"COPACABANA - CIUDADELA EDUCATIVA LA VIDA","2024-12-14","","0.00275"
"COPACABANA - CIUDADELA EDUCATIVA LA VIDA","2024-12-13","","4.167E-5"
"COPACABANA - CIUDADELA EDUCATIVA LA VIDA","2024-12-12","","0.0"
"COPACABANA - CIUDADELA EDUCATIVA LA VIDA","2024-12-11","","8.333E-5"
"COPACABANA - CIUDADELA EDUCATIVA LA VIDA","2024-12-10","","4.5833E-4"
"COPACABANA - CIUDADELA EDUCATIVA LA VIDA","2024-12-09","","8.333E-5"
"COPACABANA - CIUDADELA EDUCATIVA LA VIDA","2024-12-08","","4.167E-5"
"COPACABANA - CIUDADELA EDUCATIVA LA VIDA","2024-12-07","","0.0"
"COPACABANA - CIUDADELA EDUCATIVA LA VIDA","2024-12-06","","2.0833E-4"
"COPACABANA - CIUDADELA EDUCATIVA LA VIDA","2024-12-05","","4.167E-5"
"COPACABANA - CIUDADELA EDUCATIVA LA VIDA","2024-12-04","","0.0"
"COPACABANA - CIUDADELA EDUCATIVA LA VIDA","2024-12-03","","4.167E-5"
"COPACABANA - CIUDADELA EDUCATIVA LA VIDA","2024-12-02","","9.1667E-4"
"COPACABANA - CIUDADELA EDUCATIVA LA VIDA","2024-12-01","","7.0833E-4"
"COPACABANA - CIUDADELA EDUCATIVA LA VIDA","2024-11-30","","4.348E-5"
"COPACABANA - CIUDADELA EDUCATIVA LA VIDA","2024-11-29","","0.0"
"COPACABANA - CIUDADELA EDUCATIVA LA VIDA","2024-11-28","","2.9167E-4"
"COPACABANA - CIUDADELA EDUCATIVA LA VIDA","2024-11-27","","0.01958333"
"COPACABANA - CIUDADELA EDUCATIVA LA VIDA","2024-11-26","","6.6667E-4"
"COPACABANA - CIUDADELA EDUCATIVA LA VIDA","2024-11-25","","0.0"
"COPACABANA - CIUDADELA EDUCATIVA LA VIDA","2024-11-24","","5.4167E-4"
"COPACABANA - CIUDADELA EDUCATIVA LA VIDA","2024-11-23","","0.01429167"
"COPACABANA - CIUDADELA EDUCATIVA LA VIDA","2024-11-22","","3.3333E-4"
"COPACABANA - CIUDADELA EDUCATIVA LA VIDA","2024-11-21","","0.01654167"
"COPACABANA - CIUDADELA EDUCATIVA LA VIDA","2024-11-20","","0.17195833"
"COPACABANA - CIUDADELA EDUCATIVA LA VIDA","2024-11-19","","5.0E-4"
"COPACABANA - CIUDADELA EDUCATIVA LA VIDA","2024-11-18","","0.03725"
"COPACABANA - CIUDADELA EDUCATIVA LA VIDA","2024-11-17","","0.00491667"
"COPACABANA - CIUDADELA EDUCATIVA LA VIDA","2024-11-16","","7.5E-4"
"COPACABANA - CIUDADELA EDUCATIVA LA VIDA","2024-11-15","","4.167E-5"
"COPACABANA - CIUDADELA EDUCATIVA LA VIDA","2024-11-14","","0.01595833"
"COPACABANA - CIUDADELA EDUCATIVA LA VIDA","2024-11-13","","0.025"
"COPACABANA - CIUDADELA EDUCATIVA LA VIDA","2024-11-12","","0.01516667"
"COPACABANA - CIUDADELA EDUCATIVA LA VIDA","2024-11-11","","0.034375"
"COPACABANA - CIUDADELA EDUCATIVA LA VIDA","2024-11-10","","0.011"
"COPACABANA - CIUDADELA EDUCATIVA LA VIDA","2024-11-09","","0.03704167"
"COPACABANA - CIUDADELA EDUCATIVA LA VIDA","2024-11-08","","0.02441667"
"COPACABANA - CIUDADELA EDUCATIVA LA VIDA","2024-11-07","","9.5833E-4"
"COPACABANA - CIUDADELA EDUCATIVA LA VIDA","2024-11-06","","4.167E-5"
"COPACABANA - CIUDADELA EDUCATIVA LA VIDA","2024-11-05","","2.5E-4"
"COPACABANA - CIUDADELA EDUCATIVA LA VIDA","2024-11-04","","0.01754167"
"COPACABANA - CIUDADELA EDUCATIVA LA VIDA","2024-11-03","","0.00933333"
"COPACABANA - CIUDADELA EDUCATIVA LA VIDA","2024-11-02","","1.6667E-4"
"COPACABANA - CIUDADELA EDUCATIVA LA VIDA","2024-11-01","","0.00970833"
"COPACABANA - CIUDADELA EDUCATIVA LA VIDA","2024-10-31","","0.0"
"COPACABANA - CIUDADELA EDUCATIVA LA VIDA","2024-10-30","","0.01395833"
"COPACABANA - CIUDADELA EDUCATIVA LA VIDA","2024-10-29","","4.167E-5"
"COPACABANA - CIUDADELA EDUCATIVA LA VIDA","2024-10-28","","0.0"
"COPACABANA - CIUDADELA EDUCATIVA LA VIDA","2024-10-27","","0.02566667"
"COPACABANA - CIUDADELA EDUCATIVA LA VIDA","2024-10-26","","2.0833E-4"
"COPACABANA - CIUDADELA EDUCATIVA LA VIDA","2024-10-25","","4.167E-5"
"COPACABANA - CIUDADELA EDUCATIVA LA VIDA","2024-10-24","","0.01058333"
"COPACABANA - CIUDADELA EDUCATIVA LA VIDA","2024-10-23","","0.004625"
"COPACABANA - CIUDADELA EDUCATIVA LA VIDA","2024-10-22","","5.8333E-4"
"COPACABANA - CIUDADELA EDUCATIVA LA VIDA","2024-10-21","","5.0E-4"
"COPACABANA - CIUDADELA EDUCATIVA LA VIDA","2024-10-20","","0.05758333"
"COPACABANA - CIUDADELA EDUCATIVA LA VIDA","2024-10-19","","0.005"
"COPACABANA - CIUDADELA EDUCATIVA LA VIDA","2024-10-18","","0.0"
"COPACABANA - CIUDADELA EDUCATIVA LA VIDA","2024-10-17","","0.0"
"COPACABANA - CIUDADELA EDUCATIVA LA VIDA","2024-10-16","","0.02016667"
"COPACABANA - CIUDADELA EDUCATIVA LA VIDA","2024-10-15","","4.167E-5"
"COPACABANA - CIUDADELA EDUCATIVA LA VIDA","2024-10-14","","0.0"
"COPACABANA - CIUDADELA EDUCATIVA LA VIDA","2024-10-13","","0.00545833"
"COPACABANA - CIUDADELA EDUCATIVA LA VIDA","2024-10-12","","0.0"
"COPACABANA - CIUDADELA EDUCATIVA LA VIDA","2024-10-11","","1.25E-4"
"COPACABANA - CIUDADELA EDUCATIVA LA VIDA","2024-10-10","","0.05125"
"COPACABANA - CIUDADELA EDUCATIVA LA VIDA","2024-10-09","","0.00283333"
"COPACABANA - CIUDADELA EDUCATIVA LA VIDA","2024-10-08","","0.00791667"
"COPACABANA - CIUDADELA EDUCATIVA LA VIDA","2024-10-07","","0.031875"
"COPACABANA - CIUDADELA EDUCATIVA LA VIDA","2024-10-06","","4.167E-5"
"COPACABANA - CIUDADELA EDUCATIVA LA VIDA","2024-10-05","","0.10554167"
"COPACABANA - CIUDADELA EDUCATIVA LA VIDA","2024-10-04","","0.14604167"
"COPACABANA - CIUDADELA EDUCATIVA LA VIDA","2024-10-03","","0.0"
"COPACABANA - CIUDADELA EDUCATIVA LA VIDA","2024-10-02","","0.001375"
"COPACABANA - CIUDADELA EDUCATIVA LA VIDA","2024-10-01","","0.003375"
"COPACABANA - CIUDADELA EDUCATIVA LA VIDA","2024-09-30","","0.0043913"
"COPACABANA - CIUDADELA EDUCATIVA LA VIDA","2024-09-29","","0.07779167"
"COPACABANA - CIUDADELA EDUCATIVA LA VIDA","2024-09-28","","0.02145833"
"COPACABANA - CIUDADELA EDUCATIVA LA VIDA","2024-09-27","","0.04379167"
"COPACABANA - CIUDADELA EDUCATIVA LA VIDA","2024-09-26","","0.01283333"
"COPACABANA - CIUDADELA EDUCATIVA LA VIDA","2024-09-25","","8.75E-4"
"COPACABANA - CIUDADELA EDUCATIVA LA VIDA","2024-09-24","","0.004375"
"COPACABANA - CIUDADELA EDUCATIVA LA VIDA","2024-09-23","","0.08554167"
"COPACABANA - CIUDADELA EDUCATIVA LA VIDA","2024-09-22","","0.019625"
"COPACABANA - CIUDADELA EDUCATIVA LA VIDA","2024-09-21","","0.00908333"
"COPACABANA - CIUDADELA EDUCATIVA LA VIDA","2024-09-20","","0.0275"
"COPACABANA - CIUDADELA EDUCATIVA LA VIDA","2024-09-19","","5.0E-4"
"COPACABANA - CIUDADELA EDUCATIVA LA VIDA","2024-09-18","","0.0"
"COPACABANA - CIUDADELA EDUCATIVA LA VIDA","2024-09-17","","0.04820833"
"COPACABANA - CIUDADELA EDUCATIVA LA VIDA","2024-09-16","","0.00429167"
"COPACABANA - CIUDADELA EDUCATIVA LA VIDA","2024-09-15","","8.333E-5"
"COPACABANA - CIUDADELA EDUCATIVA LA VIDA","2024-09-14","","0.0"
"COPACABANA - CIUDADELA EDUCATIVA LA VIDA","2024-09-13","","0.026625"
"COPACABANA - CIUDADELA EDUCATIVA LA VIDA","2024-09-12","","0.00754167"
"COPACABANA - CIUDADELA EDUCATIVA LA VIDA","2024-09-11","","0.0"
"COPACABANA - CIUDADELA EDUCATIVA LA VIDA","2024-09-10","","2.5E-4"
"COPACABANA - CIUDADELA EDUCATIVA LA VIDA","2024-09-09","","0.0"
"COPACABANA - CIUDADELA EDUCATIVA LA VIDA","2024-09-08","","0.0"
"COPACABANA - CIUDADELA EDUCATIVA LA VIDA","2024-09-07","","8.333E-5"
"COPACABANA - CIUDADELA EDUCATIVA LA VIDA","2024-09-06","","0.0"
"COPACABANA - CIUDADELA EDUCATIVA LA VIDA","2024-09-05","","0.08383333"
"COPACABANA - CIUDADELA EDUCATIVA LA VIDA","2024-09-04","","0.02066667"
"COPACABANA - CIUDADELA EDUCATIVA LA VIDA","2024-09-03","","0.01904167"
"COPACABANA - CIUDADELA EDUCATIVA LA VIDA","2024-09-02","","0.05041667"
"COPACABANA - CIUDADELA EDUCATIVA LA VIDA","2024-09-01","","0.201875"
"COPACABANA - CIUDADELA EDUCATIVA LA VIDA","2024-08-31","","0.0"
"COPACABANA - CIUDADELA EDUCATIVA LA VIDA","2024-08-30","","0.0"
"COPACABANA - CIUDADELA EDUCATIVA LA VIDA","2024-08-29","","0.00366667"
"COPACABANA - CIUDADELA EDUCATIVA LA VIDA","2024-08-28","","0.01875"
"COPACABANA - CIUDADELA EDUCATIVA LA VIDA","2024-08-27","","0.0"
"COPACABANA - CIUDADELA EDUCATIVA LA VIDA","2024-08-26","","0.0"
"COPACABANA - CIUDADELA EDUCATIVA LA VIDA","2024-08-25","","0.01979167"
"COPACABANA - CIUDADELA EDUCATIVA LA VIDA","2024-08-24","","0.05641667"
"COPACABANA - CIUDADELA EDUCATIVA LA VIDA","2024-08-23","","0.01783333"
"COPACABANA - CIUDADELA EDUCATIVA LA VIDA","2024-08-22","","0.00208333"
"COPACABANA - CIUDADELA EDUCATIVA LA VIDA","2024-08-21","","0.0"
"COPACABANA - CIUDADELA EDUCATIVA LA VIDA","2024-08-20","","8.333E-5"
"COPACABANA - CIUDADELA EDUCATIVA LA VIDA","2024-08-19","","4.167E-5"
"COPACABANA - CIUDADELA EDUCATIVA LA VIDA","2024-08-18","","0.0"
"COPACABANA - CIUDADELA EDUCATIVA LA VIDA","2024-08-17","","0.010625"
"COPACABANA - CIUDADELA EDUCATIVA LA VIDA","2024-08-16","","0.01641667"
"COPACABANA - CIUDADELA EDUCATIVA LA VIDA","2024-08-15","","0.0"
"COPACABANA - CIUDADELA EDUCATIVA LA VIDA","2024-08-14","","4.167E-5"
"COPACABANA - CIUDADELA EDUCATIVA LA VIDA","2024-08-13","","0.034875"
"COPACABANA - CIUDADELA EDUCATIVA LA VIDA","2024-08-12","","0.02920833"
"COPACABANA - CIUDADELA EDUCATIVA LA VIDA","2024-08-11","","0.10645833"
"COPACABANA - CIUDADELA EDUCATIVA LA VIDA","2024-08-10","","0.02020833"
"COPACABANA - CIUDADELA EDUCATIVA LA VIDA","2024-08-09","","0.05775"
"COPACABANA - CIUDADELA EDUCATIVA LA VIDA","2024-08-08","","0.0"
"COPACABANA - CIUDADELA EDUCATIVA LA VIDA","2024-08-07","","1.6667E-4"
"COPACABANA - CIUDADELA EDUCATIVA LA VIDA","2024-08-06","","0.068"
"COPACABANA - CIUDADELA EDUCATIVA LA VIDA","2024-08-05","","0.09283333"
"COPACABANA - CIUDADELA EDUCATIVA LA VIDA","2024-08-04","","0.0325"
"COPACABANA - CIUDADELA EDUCATIVA LA VIDA","2024-08-03","","0.01116667"
"COPACABANA - CIUDADELA EDUCATIVA LA VIDA","2024-08-02","","0.0"
"COPACABANA - CIUDADELA EDUCATIVA LA VIDA","2024-08-01","","0.0"
"COPACABANA - CIUDADELA EDUCATIVA LA VIDA","2024-07-31","","0.0"
"COPACABANA - CIUDADELA EDUCATIVA LA VIDA","2024-07-30","","0.0"
"COPACABANA - CIUDADELA EDUCATIVA LA VIDA","2024-07-29","","0.0"
"COPACABANA - CIUDADELA EDUCATIVA LA VIDA","2024-07-28","","5.0E-4"
"COPACABANA - CIUDADELA EDUCATIVA LA VIDA","2024-07-27","","0.09216667"
"COPACABANA - CIUDADELA EDUCATIVA LA VIDA","2024-07-26","","0.01629167"
"COPACABANA - CIUDADELA EDUCATIVA LA VIDA","2024-07-25","","0.0"
"COPACABANA - CIUDADELA EDUCATIVA LA VIDA","2024-07-24","","4.167E-5"
"COPACABANA - CIUDADELA EDUCATIVA LA VIDA","2024-07-23","","0.0"
"COPACABANA - CIUDADELA EDUCATIVA LA VIDA","2024-07-22","","4.167E-5"
"COPACABANA - CIUDADELA EDUCATIVA LA VIDA","2024-07-21","","0.005625"
"COPACABANA - CIUDADELA EDUCATIVA LA VIDA","2024-07-20","","4.167E-5"
"COPACABANA - CIUDADELA EDUCATIVA LA VIDA","2024-07-19","","8.333E-5"
"COPACABANA - CIUDADELA EDUCATIVA LA VIDA","2024-07-18","","4.167E-5"
"COPACABANA - CIUDADELA EDUCATIVA LA VIDA","2024-07-17","","0.0"
"COPACABANA - CIUDADELA EDUCATIVA LA VIDA","2024-07-16","","0.0"
"COPACABANA - CIUDADELA EDUCATIVA LA VIDA","2024-07-15","","4.167E-5"
"COPACABANA - CIUDADELA EDUCATIVA LA VIDA","2024-07-14","","4.167E-5"
"COPACABANA - CIUDADELA EDUCATIVA LA VIDA","2024-07-13","","1.6667E-4"
"COPACABANA - CIUDADELA EDUCATIVA LA VIDA","2024-07-12","","0.01308333"
"COPACABANA - CIUDADELA EDUCATIVA LA VIDA","2024-07-11","","0.0035"
"COPACABANA - CIUDADELA EDUCATIVA LA VIDA","2024-07-10","","0.0"
"COPACABANA - CIUDADELA EDUCATIVA LA VIDA","2024-07-09","","6.25E-4"
"COPACABANA - CIUDADELA EDUCATIVA LA VIDA","2024-07-08","","1.6667E-4"
"COPACABANA - CIUDADELA EDUCATIVA LA VIDA","2024-07-07","","3.3333E-4"
"COPACABANA - CIUDADELA EDUCATIVA LA VIDA","2024-07-06","","8.75E-4"
"COPACABANA - CIUDADELA EDUCATIVA LA VIDA","2024-07-05","","0.04079167"
"COPACABANA - CIUDADELA EDUCATIVA LA VIDA","2024-07-04","","0.01825"
"COPACABANA - CIUDADELA EDUCATIVA LA VIDA","2024-07-03","","4.1667E-4"
"COPACABANA - CIUDADELA EDUCATIVA LA VIDA","2024-06-04","","0.00345455"
"COPACABANA - CIUDADELA EDUCATIVA LA VIDA","2024-06-03","","0.044625"
"COPACABANA - CIUDADELA EDUCATIVA LA VIDA","2024-06-02","","0.01720833"
"COPACABANA - CIUDADELA EDUCATIVA LA VIDA","2024-06-01","","8.333E-5"
"COPACABANA - CIUDADELA EDUCATIVA LA VIDA","2024-05-31","","0.05047826"
"COPACABANA - CIUDADELA EDUCATIVA LA VIDA","2024-05-30","","0.15675"
"COPACABANA - CIUDADELA EDUCATIVA LA VIDA","2024-05-29","","0.07554167"
"COPACABANA - CIUDADELA EDUCATIVA LA VIDA","2024-05-28","","0.04854167"
"COPACABANA - CIUDADELA EDUCATIVA LA VIDA","2024-05-27","","0.00891667"
"COPACABANA - CIUDADELA EDUCATIVA LA VIDA","2024-05-26","","2.0833E-4"
"COPACABANA - CIUDADELA EDUCATIVA LA VIDA","2024-05-25","","1.6667E-4"
"COPACABANA - CIUDADELA EDUCATIVA LA VIDA","2024-05-24","","0.02641667"
"COPACABANA - CIUDADELA EDUCATIVA LA VIDA","2024-05-23","","0.048625"
"COPACABANA - CIUDADELA EDUCATIVA LA VIDA","2024-05-22","","0.014"
"COPACABANA - CIUDADELA EDUCATIVA LA VIDA","2024-05-21","","0.017625"
"COPACABANA - CIUDADELA EDUCATIVA LA VIDA","2024-05-20","","3.75E-4"
"COPACABANA - CIUDADELA EDUCATIVA LA VIDA","2024-05-19","","8.333E-5"
"COPACABANA - CIUDADELA EDUCATIVA LA VIDA","2024-05-18","","5.4167E-4"
"COPACABANA - CIUDADELA EDUCATIVA LA VIDA","2024-05-17","","6.6667E-4"
"COPACABANA - CIUDADELA EDUCATIVA LA VIDA","2024-05-16","","0.01079167"
"COPACABANA - CIUDADELA EDUCATIVA LA VIDA","2024-05-15","","0.106"
"COPACABANA - CIUDADELA EDUCATIVA LA VIDA","2024-05-14","","0.102"
"COPACABANA - CIUDADELA EDUCATIVA LA VIDA","2024-05-13","","4.167E-5"
"COPACABANA - CIUDADELA EDUCATIVA LA VIDA","2024-05-12","","0.01845833"
"COPACABANA - CIUDADELA EDUCATIVA LA VIDA","2024-05-11","","0.03116667"
"COPACABANA - CIUDADELA EDUCATIVA LA VIDA","2024-05-10","","0.05633333"
"COPACABANA - CIUDADELA EDUCATIVA LA VIDA","2024-05-09","","0.066125"
"COPACABANA - CIUDADELA EDUCATIVA LA VIDA","2024-05-08","","0.12029167"
"COPACABANA - CIUDADELA EDUCATIVA LA VIDA","2024-05-07","","0.073875"
"COPACABANA - CIUDADELA EDUCATIVA LA VIDA","2024-05-06","","0.006375"
"COPACABANA - CIUDADELA EDUCATIVA LA VIDA","2024-05-05","","0.0"
"COPACABANA - CIUDADELA EDUCATIVA LA VIDA","2024-05-04","","0.22133333"
"COPACABANA - CIUDADELA EDUCATIVA LA VIDA","2024-05-03","","0.00420833"
"COPACABANA - CIUDADELA EDUCATIVA LA VIDA","2024-05-02","","0.108125"
"COPACABANA - CIUDADELA EDUCATIVA LA VIDA","2024-05-01","","0.002875"
"COPACABANA - CIUDADELA EDUCATIVA LA VIDA","2024-04-30","","0.03730435"
"COPACABANA - CIUDADELA EDUCATIVA LA VIDA","2024-04-29","","0.03833333"
"COPACABANA - CIUDADELA EDUCATIVA LA VIDA","2024-04-28","","0.01875"
"COPACABANA - CIUDADELA EDUCATIVA LA VIDA","2024-04-27","","0.08204167"
"COPACABANA - CIUDADELA EDUCATIVA LA VIDA","2024-04-26","","0.02858333"
"COPACABANA - CIUDADELA EDUCATIVA LA VIDA","2024-04-25","","0.008125"
"COPACABANA - CIUDADELA EDUCATIVA LA VIDA","2024-04-24","","0.01370833"
"COPACABANA - CIUDADELA EDUCATIVA LA VIDA","2024-04-23","","0.00904167"
"COPACABANA - CIUDADELA EDUCATIVA LA VIDA","2024-04-22","","0.03675"
"COPACABANA - CIUDADELA EDUCATIVA LA VIDA","2024-04-21","","0.05225"
"COPACABANA - CIUDADELA EDUCATIVA LA VIDA","2024-04-20","","0.07725"
"COPACABANA - CIUDADELA EDUCATIVA LA VIDA","2024-04-19","","0.0"
"COPACABANA - CIUDADELA EDUCATIVA LA VIDA","2024-04-18","","0.07545833"
"COPACABANA - CIUDADELA EDUCATIVA LA VIDA","2024-04-17","","0.06795833"
"COPACABANA - CIUDADELA EDUCATIVA LA VIDA","2024-04-16","","0.0"
"COPACABANA - CIUDADELA EDUCATIVA LA VIDA","2024-04-15","","0.0"
"COPACABANA - CIUDADELA EDUCATIVA LA VIDA","2024-04-14","","4.167E-5"
"COPACABANA - CIUDADELA EDUCATIVA LA VIDA","2024-04-13","","0.0"
"COPACABANA - CIUDADELA EDUCATIVA LA VIDA","2024-04-12","","4.167E-5"
"COPACABANA - CIUDADELA EDUCATIVA LA VIDA","2024-04-11","","0.0"
"COPACABANA - CIUDADELA EDUCATIVA LA VIDA","2024-04-10","","0.0"
"COPACABANA - CIUDADELA EDUCATIVA LA VIDA","2024-04-09","","0.0"
"COPACABANA - CIUDADELA EDUCATIVA LA VIDA","2024-04-08","","0.0"
"COPACABANA - CIUDADELA EDUCATIVA LA VIDA","2024-04-07","","0.0"
"COPACABANA - CIUDADELA EDUCATIVA LA VIDA","2024-04-06","","0.004"
"COPACABANA - CIUDADELA EDUCATIVA LA VIDA","2024-04-05","","0.00183333"
"COPACABANA - CIUDADELA EDUCATIVA LA VIDA","2024-04-04","","0.10345833"
"COPACABANA - CIUDADELA EDUCATIVA LA VIDA","2024-04-03","","0.00254167"
"COPACABANA - CIUDADELA EDUCATIVA LA VIDA","2024-04-02","","0.02254167"
"COPACABANA - CIUDADELA EDUCATIVA LA VIDA","2024-04-01","","0.006"
"COPACABANA - CIUDADELA EDUCATIVA LA VIDA","2024-03-31","","0.04756522"
"COPACABANA - CIUDADELA EDUCATIVA LA VIDA","2024-03-30","","0.0"
"COPACABANA - CIUDADELA EDUCATIVA LA VIDA","2024-03-29","","1.6667E-4"
"COPACABANA - CIUDADELA EDUCATIVA LA VIDA","2024-03-28","","0.0"
"COPACABANA - CIUDADELA EDUCATIVA LA VIDA","2024-03-27","","2.0833E-4"
"COPACABANA - CIUDADELA EDUCATIVA LA VIDA","2024-03-26","","0.0"
"COPACABANA - CIUDADELA EDUCATIVA LA VIDA","2024-03-25","","0.0"
"COPACABANA - CIUDADELA EDUCATIVA LA VIDA","2024-03-24","","8.333E-5"
"COPACABANA - CIUDADELA EDUCATIVA LA VIDA","2024-03-23","","0.0"
"COPACABANA - CIUDADELA EDUCATIVA LA VIDA","2024-03-22","","1.6667E-4"
"COPACABANA - CIUDADELA EDUCATIVA LA VIDA","2024-03-21","","0.0"
"COPACABANA - CIUDADELA EDUCATIVA LA VIDA","2024-03-20","","3.75E-4"
"COPACABANA - CIUDADELA EDUCATIVA LA VIDA","2024-03-19","","0.006"
"COPACABANA - CIUDADELA EDUCATIVA LA VIDA","2024-03-18","","2.5E-4"
"COPACABANA - CIUDADELA EDUCATIVA LA VIDA","2024-03-17","","1.25E-4"
"COPACABANA - CIUDADELA EDUCATIVA LA VIDA","2024-03-16","","8.333E-5"
"COPACABANA - CIUDADELA EDUCATIVA LA VIDA","2024-03-15","","0.0"
"COPACABANA - CIUDADELA EDUCATIVA LA VIDA","2024-03-14","","8.75E-4"
"COPACABANA - CIUDADELA EDUCATIVA LA VIDA","2024-03-13","","1.25E-4"
"COPACABANA - CIUDADELA EDUCATIVA LA VIDA","2024-03-12","","0.0"
"COPACABANA - CIUDADELA EDUCATIVA LA VIDA","2024-03-11","","0.01858333"
"COPACABANA - CIUDADELA EDUCATIVA LA VIDA","2024-03-10","","0.0"
"COPACABANA - CIUDADELA EDUCATIVA LA VIDA","2024-03-09","","0.00404167"
"COPACABANA - CIUDADELA EDUCATIVA LA VIDA","2024-03-08","","2.0833E-4"
"COPACABANA - CIUDADELA EDUCATIVA LA VIDA","2024-03-07","","0.0"
"COPACABANA - CIUDADELA EDUCATIVA LA VIDA","2024-03-06","","0.0"
"COPACABANA - CIUDADELA EDUCATIVA LA VIDA","2024-03-05","","4.167E-5"
"COPACABANA - CIUDADELA EDUCATIVA LA VIDA","2024-03-04","","0.0"
"COPACABANA - CIUDADELA EDUCATIVA LA VIDA","2024-03-03","","0.001375"
"COPACABANA - CIUDADELA EDUCATIVA LA VIDA","2024-03-02","","0.00116667"
"COPACABANA - CIUDADELA EDUCATIVA LA VIDA","2024-03-01","","4.167E-5"
"COPACABANA - CIUDADELA EDUCATIVA LA VIDA","2024-02-29","","4.348E-5"
"COPACABANA - CIUDADELA EDUCATIVA LA VIDA","2024-02-28","","0.0"
"COPACABANA - CIUDADELA EDUCATIVA LA VIDA","2024-02-27","","0.0"
"COPACABANA - CIUDADELA EDUCATIVA LA VIDA","2024-02-26","","8.333E-5"
"COPACABANA - CIUDADELA EDUCATIVA LA VIDA","2024-02-25","","0.0"
"COPACABANA - CIUDADELA EDUCATIVA LA VIDA","2024-02-24","","0.0"
"COPACABANA - CIUDADELA EDUCATIVA LA VIDA","2024-02-23","","0.0"
"COPACABANA - CIUDADELA EDUCATIVA LA VIDA","2024-02-22","","1.25E-4"
"COPACABANA - CIUDADELA EDUCATIVA LA VIDA","2024-02-21","","0.0015"
"COPACABANA - CIUDADELA EDUCATIVA LA VIDA","2024-02-20","","4.167E-5"
"COPACABANA - CIUDADELA EDUCATIVA LA VIDA","2024-02-19","","4.5833E-4"
"COPACABANA - CIUDADELA EDUCATIVA LA VIDA","2024-02-18","","0.0"
"COPACABANA - CIUDADELA EDUCATIVA LA VIDA","2024-02-17","","0.0"
"COPACABANA - CIUDADELA EDUCATIVA LA VIDA","2024-02-16","","0.0"
"COPACABANA - CIUDADELA EDUCATIVA LA VIDA","2024-02-15","","4.167E-5"
"COPACABANA - CIUDADELA EDUCATIVA LA VIDA","2024-02-14","","8.333E-5"
"COPACABANA - CIUDADELA EDUCATIVA LA VIDA","2024-02-13","","0.0"
"COPACABANA - CIUDADELA EDUCATIVA LA VIDA","2024-02-12","","0.0"
"COPACABANA - CIUDADELA EDUCATIVA LA VIDA","2024-02-11","","0.00358333"
"COPACABANA - CIUDADELA EDUCATIVA LA VIDA","2024-02-10","","8.333E-5"
"COPACABANA - CIUDADELA EDUCATIVA LA VIDA","2024-02-09","","0.00208333"
"COPACABANA - CIUDADELA EDUCATIVA LA VIDA","2024-02-08","","2.5E-4"
"COPACABANA - CIUDADELA EDUCATIVA LA VIDA","2024-02-07","","0.00241667"
"COPACABANA - CIUDADELA EDUCATIVA LA VIDA","2024-02-06","","0.002625"
"COPACABANA - CIUDADELA EDUCATIVA LA VIDA","2024-02-05","","0.00583333"
"COPACABANA - CIUDADELA EDUCATIVA LA VIDA","2024-02-04","","1.25E-4"
"COPACABANA - CIUDADELA EDUCATIVA LA VIDA","2024-02-03","","0.05870833"
"COPACABANA - CIUDADELA EDUCATIVA LA VIDA","2024-02-02","","0.04904167"
"COPACABANA - CIUDADELA EDUCATIVA LA VIDA","2024-02-01","","0.006875"
"COPACABANA - CIUDADELA EDUCATIVA LA VIDA","2024-01-31","","0.0"
"COPACABANA - CIUDADELA EDUCATIVA LA VIDA","2024-01-30","","2.9167E-4"
"COPACABANA - CIUDADELA EDUCATIVA LA VIDA","2024-01-29","","4.167E-5"
"COPACABANA - CIUDADELA EDUCATIVA LA VIDA","2024-01-28","","0.0"
"COPACABANA - CIUDADELA EDUCATIVA LA VIDA","2024-01-27","","8.333E-5"
"COPACABANA - CIUDADELA EDUCATIVA LA VIDA","2024-01-26","","0.0"
"COPACABANA - CIUDADELA EDUCATIVA LA VIDA","2024-01-25","","0.0"
"COPACABANA - CIUDADELA EDUCATIVA LA VIDA","2024-01-24","","0.0"
"COPACABANA - CIUDADELA EDUCATIVA LA VIDA","2024-01-23","","4.348E-5"
"COPACABANA - CIUDADELA EDUCATIVA LA VIDA","2024-01-22","","0.0"
"COPACABANA - CIUDADELA EDUCATIVA LA VIDA","2024-01-21","","4.545E-5"
"COPACABANA - CIUDADELA EDUCATIVA LA VIDA","2024-01-20","","0.0"
"COPACABANA - CIUDADELA EDUCATIVA LA VIDA","2024-01-19","","4.167E-5"
"COPACABANA - CIUDADELA EDUCATIVA LA VIDA","2024-01-18","","0.0"
"COPACABANA - CIUDADELA EDUCATIVA LA VIDA","2024-01-17","","0.0"
"COPACABANA - CIUDADELA EDUCATIVA LA VIDA","2024-01-16","","0.0"
"COPACABANA - CIUDADELA EDUCATIVA LA VIDA","2024-01-15","","0.0"
"COPACABANA - CIUDADELA EDUCATIVA LA VIDA","2024-01-14","","0.0"
"COPACABANA - CIUDADELA EDUCATIVA LA VIDA","2024-01-13","","2.0833E-4"
"COPACABANA - CIUDADELA EDUCATIVA LA VIDA","2024-01-12","","0.001375"
"COPACABANA - CIUDADELA EDUCATIVA LA VIDA","2024-01-11","","1.6667E-4"
"COPACABANA - CIUDADELA EDUCATIVA LA VIDA","2024-01-10","","8.3333E-4"
"COPACABANA - CIUDADELA EDUCATIVA LA VIDA","2024-01-09","","0.0"
"COPACABANA - CIUDADELA EDUCATIVA LA VIDA","2024-01-08","","8.333E-5"
"COPACABANA - CIUDADELA EDUCATIVA LA VIDA","2024-01-07","","4.167E-5"
"COPACABANA - CIUDADELA EDUCATIVA LA VIDA","2024-01-06","","1.25E-4"
"COPACABANA - CIUDADELA EDUCATIVA LA VIDA","2024-01-05","","0.0"
"COPACABANA - CIUDADELA EDUCATIVA LA VIDA","2024-01-04","","0.0"
"COPACABANA - CIUDADELA EDUCATIVA LA VIDA","2024-01-03","","5.0E-4"
"COPACABANA - CIUDADELA EDUCATIVA LA VIDA","2024-01-02","","0.0"
"COPACABANA - CIUDADELA EDUCATIVA LA VIDA","2024-01-01","","1.25E-4"
"COPACABANA - CIUDADELA EDUCATIVA LA VIDA","2023-12-31","","8.696E-5"
"COPACABANA - CIUDADELA EDUCATIVA LA VIDA","2023-12-30","","6.25E-4"
"COPACABANA - CIUDADELA EDUCATIVA LA VIDA","2023-12-29","","0.00166667"
"COPACABANA - CIUDADELA EDUCATIVA LA VIDA","2023-12-28","","0.00966667"
"COPACABANA - CIUDADELA EDUCATIVA LA VIDA","2023-12-27","","4.167E-5"
"COPACABANA - CIUDADELA EDUCATIVA LA VIDA","2023-12-26","","8.333E-5"
"COPACABANA - CIUDADELA EDUCATIVA LA VIDA","2023-12-25","","8.333E-5"
"COPACABANA - CIUDADELA EDUCATIVA LA VIDA","2023-12-24","","4.167E-5"
"COPACABANA - CIUDADELA EDUCATIVA LA VIDA","2023-12-23","","0.0"
"COPACABANA - CIUDADELA EDUCATIVA LA VIDA","2023-12-22","","0.0"
"COPACABANA - CIUDADELA EDUCATIVA LA VIDA","2023-12-21","","0.001"
"COPACABANA - CIUDADELA EDUCATIVA LA VIDA","2023-12-20","","0.0"
"COPACABANA - CIUDADELA EDUCATIVA LA VIDA","2023-12-19","","0.0"
"COPACABANA - CIUDADELA EDUCATIVA LA VIDA","2023-12-18","","0.0"
"COPACABANA - CIUDADELA EDUCATIVA LA VIDA","2023-12-17","","0.00666667"
"COPACABANA - CIUDADELA EDUCATIVA LA VIDA","2023-12-16","","0.08745833"
"COPACABANA - CIUDADELA EDUCATIVA LA VIDA","2023-12-15","","8.696E-5"
"COPACABANA - CIUDADELA EDUCATIVA LA VIDA","2023-12-14","","0.0"
"COPACABANA - CIUDADELA EDUCATIVA LA VIDA","2023-12-13","","0.0"
"COPACABANA - CIUDADELA EDUCATIVA LA VIDA","2023-12-12","","0.00320833"
"COPACABANA - CIUDADELA EDUCATIVA LA VIDA","2023-12-11","","0.0"
"COPACABANA - CIUDADELA EDUCATIVA LA VIDA","2023-12-10","","4.167E-5"
"COPACABANA - CIUDADELA EDUCATIVA LA VIDA","2023-12-09","","0.0"
"COPACABANA - CIUDADELA EDUCATIVA LA VIDA","2023-12-08","","8.333E-5"
"COPACABANA - CIUDADELA EDUCATIVA LA VIDA","2023-12-07","","8.333E-5"
"COPACABANA - CIUDADELA EDUCATIVA LA VIDA","2023-12-06","","0.0"
"COPACABANA - CIUDADELA EDUCATIVA LA VIDA","2023-12-05","","0.0"
"COPACABANA - CIUDADELA EDUCATIVA LA VIDA","2023-12-04","","0.0"
"COPACABANA - CIUDADELA EDUCATIVA LA VIDA","2023-12-03","","4.167E-5"
"COPACABANA - CIUDADELA EDUCATIVA LA VIDA","2023-12-02","","1.25E-4"
"COPACABANA - CIUDADELA EDUCATIVA LA VIDA","2023-12-01","","0.0"
"COPACABANA - CIUDADELA EDUCATIVA LA VIDA","2023-11-30","","0.00595652"
"COPACABANA - CIUDADELA EDUCATIVA LA VIDA","2023-11-29","","2.0833E-4"
"COPACABANA - CIUDADELA EDUCATIVA LA VIDA","2023-11-28","","0.0"
"COPACABANA - CIUDADELA EDUCATIVA LA VIDA","2023-11-27","","0.0"
"COPACABANA - CIUDADELA EDUCATIVA LA VIDA","2023-11-26","","4.167E-5"
"COPACABANA - CIUDADELA EDUCATIVA LA VIDA","2023-11-25","","1.25E-4"
"COPACABANA - CIUDADELA EDUCATIVA LA VIDA","2023-11-24","","0.01420833"
"COPACABANA - CIUDADELA EDUCATIVA LA VIDA","2023-11-23","","0.0"
"COPACABANA - CIUDADELA EDUCATIVA LA VIDA","2023-11-22","","0.0"
"COPACABANA - CIUDADELA EDUCATIVA LA VIDA","2023-11-21","","5.8333E-4"
"COPACABANA - CIUDADELA EDUCATIVA LA VIDA","2023-11-20","","0.01283333"
"COPACABANA - CIUDADELA EDUCATIVA LA VIDA","2023-11-19","","0.07895833"
"COPACABANA - CIUDADELA EDUCATIVA LA VIDA","2023-11-18","","0.06383333"
"COPACABANA - CIUDADELA EDUCATIVA LA VIDA","2023-11-17","","0.1625"
"COPACABANA - CIUDADELA EDUCATIVA LA VIDA","2023-11-16","","0.01125"
"COPACABANA - CIUDADELA EDUCATIVA LA VIDA","2023-11-15","","0.01483333"
"COPACABANA - CIUDADELA EDUCATIVA LA VIDA","2023-11-14","","1.6667E-4"
"COPACABANA - CIUDADELA EDUCATIVA LA VIDA","2023-11-13","","3.75E-4"
"COPACABANA - CIUDADELA EDUCATIVA LA VIDA","2023-11-12","","0.00170833"
"COPACABANA - CIUDADELA EDUCATIVA LA VIDA","2023-11-11","","0.0"
"COPACABANA - CIUDADELA EDUCATIVA LA VIDA","2023-11-10","","4.5833E-4"
"COPACABANA - CIUDADELA EDUCATIVA LA VIDA","2023-11-09","","8.333E-5"
"COPACABANA - CIUDADELA EDUCATIVA LA VIDA","2023-11-08","","0.0"
"COPACABANA - CIUDADELA EDUCATIVA LA VIDA","2023-11-07","","0.0"
"COPACABANA - CIUDADELA EDUCATIVA LA VIDA","2023-11-06","","0.00679167"
"COPACABANA - CIUDADELA EDUCATIVA LA VIDA","2023-11-05","","0.00279167"
"COPACABANA - CIUDADELA EDUCATIVA LA VIDA","2023-11-04","","0.02345833"
"COPACABANA - CIUDADELA EDUCATIVA LA VIDA","2023-11-03","","0.002375"
"COPACABANA - CIUDADELA EDUCATIVA LA VIDA","2023-11-02","","0.074125"
"COPACABANA - CIUDADELA EDUCATIVA LA VIDA","2023-11-01","","0.02479167"
"COPACABANA - CIUDADELA EDUCATIVA LA VIDA","2023-10-31","","0.2226087"
"COPACABANA - CIUDADELA EDUCATIVA LA VIDA","2023-10-30","","0.02220833"
"COPACABANA - CIUDADELA EDUCATIVA LA VIDA","2023-10-29","","0.21433333"
"COPACABANA - CIUDADELA EDUCATIVA LA VIDA","2023-10-28","","0.00445833"
"COPACABANA - CIUDADELA EDUCATIVA LA VIDA","2023-10-27","","0.00804167"
"COPACABANA - CIUDADELA EDUCATIVA LA VIDA","2023-10-26","","0.05120833"
"COPACABANA - CIUDADELA EDUCATIVA LA VIDA","2023-10-25","","0.00916667"
"COPACABANA - CIUDADELA EDUCATIVA LA VIDA","2023-10-24","","0.01525"
"COPACABANA - CIUDADELA EDUCATIVA LA VIDA","2023-10-23","","0.08266667"
"COPACABANA - CIUDADELA EDUCATIVA LA VIDA","2023-10-22","","0.00229167"
"COPACABANA - CIUDADELA EDUCATIVA LA VIDA","2023-10-21","","0.00404167"
"COPACABANA - CIUDADELA EDUCATIVA LA VIDA","2023-10-20","","0.014875"
"COPACABANA - CIUDADELA EDUCATIVA LA VIDA","2023-10-19","","4.167E-5"
"COPACABANA - CIUDADELA EDUCATIVA LA VIDA","2023-10-18","","2.9167E-4"
"COPACABANA - CIUDADELA EDUCATIVA LA VIDA","2023-10-17","","4.167E-5"
"COPACABANA - CIUDADELA EDUCATIVA LA VIDA","2023-10-16","","0.01566667"
"COPACABANA - CIUDADELA EDUCATIVA LA VIDA","2023-10-15","","0.0"
"COPACABANA - CIUDADELA EDUCATIVA LA VIDA","2023-10-14","","0.00725"
"COPACABANA - CIUDADELA EDUCATIVA LA VIDA","2023-10-13","","0.01091667"
"COPACABANA - CIUDADELA EDUCATIVA LA VIDA","2023-10-12","","0.06066667"
"COPACABANA - CIUDADELA EDUCATIVA LA VIDA","2023-10-11","","4.7826E-4"
"COPACABANA - CIUDADELA EDUCATIVA LA VIDA","2023-10-10","","7.9167E-4"
"COPACABANA - CIUDADELA EDUCATIVA LA VIDA","2023-10-09","","4.167E-5"
"COPACABANA - CIUDADELA EDUCATIVA LA VIDA","2023-10-08","","0.00229167"
"COPACABANA - CIUDADELA EDUCATIVA LA VIDA","2023-10-07","","0.21966667"
"COPACABANA - CIUDADELA EDUCATIVA LA VIDA","2023-10-06","","0.00129167"
"COPACABANA - CIUDADELA EDUCATIVA LA VIDA","2023-10-05","","0.14658333"
"COPACABANA - CIUDADELA EDUCATIVA LA VIDA","2023-10-04","","0.04720833"
"COPACABANA - CIUDADELA EDUCATIVA LA VIDA","2023-10-03","","0.019125"
"COPACABANA - CIUDADELA EDUCATIVA LA VIDA","2023-10-02","","6.6667E-4"
"COPACABANA - CIUDADELA EDUCATIVA LA VIDA","2023-10-01","","0.070375"
"COPACABANA - CIUDADELA EDUCATIVA LA VIDA","2023-09-30","","4.348E-5"
"COPACABANA - CIUDADELA EDUCATIVA LA VIDA","2023-09-29","","4.1667E-4"
"COPACABANA - CIUDADELA EDUCATIVA LA VIDA","2023-09-28","","0.01666667"
"COPACABANA - CIUDADELA EDUCATIVA LA VIDA","2023-09-27","","0.0"
"COPACABANA - CIUDADELA EDUCATIVA LA VIDA","2023-09-26","","0.00920833"
"COPACABANA - CIUDADELA EDUCATIVA LA VIDA","2023-09-25","","2.0833E-4"
"COPACABANA - CIUDADELA EDUCATIVA LA VIDA","2023-09-24","","5.8333E-4"
"COPACABANA - CIUDADELA EDUCATIVA LA VIDA","2023-09-23","","5.8333E-4"
"COPACABANA - CIUDADELA EDUCATIVA LA VIDA","2023-09-22","","0.08875"
"COPACABANA - CIUDADELA EDUCATIVA LA VIDA","2023-09-21","","0.0"
"COPACABANA - CIUDADELA EDUCATIVA LA VIDA","2023-09-20","","0.0"
"COPACABANA - CIUDADELA EDUCATIVA LA VIDA","2023-09-19","","3.3333E-4"
"COPACABANA - CIUDADELA EDUCATIVA LA VIDA","2023-09-18","","0.0"
"COPACABANA - CIUDADELA EDUCATIVA LA VIDA","2023-09-17","","0.004"
"COPACABANA - CIUDADELA EDUCATIVA LA VIDA","2023-09-16","","2.0833E-4"
"COPACABANA - CIUDADELA EDUCATIVA LA VIDA","2023-09-15","","8.3333E-4"
"COPACABANA - CIUDADELA EDUCATIVA LA VIDA","2023-09-14","","0.03670833"
"COPACABANA - CIUDADELA EDUCATIVA LA VIDA","2023-09-13","","0.03108333"
"COPACABANA - CIUDADELA EDUCATIVA LA VIDA","2023-09-12","","0.02204167"
"COPACABANA - CIUDADELA EDUCATIVA LA VIDA","2023-09-11","","0.14766667"
"COPACABANA - CIUDADELA EDUCATIVA LA VIDA","2023-09-10","","0.04979167"
"COPACABANA - CIUDADELA EDUCATIVA LA VIDA","2023-09-09","","0.0"
"COPACABANA - CIUDADELA EDUCATIVA LA VIDA","2023-09-08","","0.0"
"COPACABANA - CIUDADELA EDUCATIVA LA VIDA","2023-09-07","","0.0"
"COPACABANA - CIUDADELA EDUCATIVA LA VIDA","2023-09-06","","1.25E-4"
"COPACABANA - CIUDADELA EDUCATIVA LA VIDA","2023-09-05","","1.6667E-4"
"COPACABANA - CIUDADELA EDUCATIVA LA VIDA","2023-09-04","","0.02691667"
"COPACABANA - CIUDADELA EDUCATIVA LA VIDA","2023-09-03","","0.01983333"
"COPACABANA - CIUDADELA EDUCATIVA LA VIDA","2023-09-02","","0.00104167"
"COPACABANA - CIUDADELA EDUCATIVA LA VIDA","2023-09-01","","0.0"
"COPACABANA - CIUDADELA EDUCATIVA LA VIDA","2023-08-31","","0.0"
"COPACABANA - CIUDADELA EDUCATIVA LA VIDA","2023-08-30","","1.25E-4"
"COPACABANA - CIUDADELA EDUCATIVA LA VIDA","2023-08-29","","0.05591667"
"COPACABANA - CIUDADELA EDUCATIVA LA VIDA","2023-08-28","","0.00295833"
"COPACABANA - CIUDADELA EDUCATIVA LA VIDA","2023-08-27","","0.0"
"COPACABANA - CIUDADELA EDUCATIVA LA VIDA","2023-08-26","","0.001375"
"COPACABANA - CIUDADELA EDUCATIVA LA VIDA","2023-08-25","","0.06245833"
"COPACABANA - CIUDADELA EDUCATIVA LA VIDA","2023-08-24","","0.00233333"
"COPACABANA - CIUDADELA EDUCATIVA LA VIDA","2023-08-23","","9.1667E-4"
"COPACABANA - CIUDADELA EDUCATIVA LA VIDA","2023-08-22","","0.05725"
"COPACABANA - CIUDADELA EDUCATIVA LA VIDA","2023-08-21","","0.10466667"
"COPACABANA - CIUDADELA EDUCATIVA LA VIDA","2023-08-20","","0.06125"
"COPACABANA - CIUDADELA EDUCATIVA LA VIDA","2023-08-19","","1.25E-4"
"COPACABANA - CIUDADELA EDUCATIVA LA VIDA","2023-08-18","","0.02758333"
"COPACABANA - CIUDADELA EDUCATIVA LA VIDA","2023-08-17","","0.00625"
"COPACABANA - CIUDADELA EDUCATIVA LA VIDA","2023-08-16","","0.00683333"
"COPACABANA - CIUDADELA EDUCATIVA LA VIDA","2023-08-15","","0.027125"
"COPACABANA - CIUDADELA EDUCATIVA LA VIDA","2023-08-14","","0.00191667"
"COPACABANA - CIUDADELA EDUCATIVA LA VIDA","2023-08-13","","8.333E-5"
"COPACABANA - CIUDADELA EDUCATIVA LA VIDA","2023-08-12","","5.8333E-4"
"COPACABANA - CIUDADELA EDUCATIVA LA VIDA","2023-08-11","","7.0833E-4"
"COPACABANA - CIUDADELA EDUCATIVA LA VIDA","2023-08-10","","0.0"
"COPACABANA - CIUDADELA EDUCATIVA LA VIDA","2023-08-09","","9.1667E-4"
"COPACABANA - CIUDADELA EDUCATIVA LA VIDA","2023-08-08","","4.167E-5"
"COPACABANA - CIUDADELA EDUCATIVA LA VIDA","2023-08-07","","0.0"
"COPACABANA - CIUDADELA EDUCATIVA LA VIDA","2023-08-06","","4.5833E-4"
"COPACABANA - CIUDADELA EDUCATIVA LA VIDA","2023-08-05","","4.167E-5"
"COPACABANA - CIUDADELA EDUCATIVA LA VIDA","2023-08-04","","0.0"
"COPACABANA - CIUDADELA EDUCATIVA LA VIDA","2023-08-03","","0.0"
"COPACABANA - CIUDADELA EDUCATIVA LA VIDA","2023-08-02","","8.333E-5"
"COPACABANA - CIUDADELA EDUCATIVA LA VIDA","2023-08-01","","0.0"
"COPACABANA - CIUDADELA EDUCATIVA LA VIDA","2023-07-31","","0.0"
"COPACABANA - CIUDADELA EDUCATIVA LA VIDA","2023-07-30","","4.167E-5"
"COPACABANA - CIUDADELA EDUCATIVA LA VIDA","2023-07-29","","1.6667E-4"
"COPACABANA - CIUDADELA EDUCATIVA LA VIDA","2023-07-28","","0.02416667"
"COPACABANA - CIUDADELA EDUCATIVA LA VIDA","2023-07-27","","0.01275"
"COPACABANA - CIUDADELA EDUCATIVA LA VIDA","2023-07-26","","0.003625"
"COPACABANA - CIUDADELA EDUCATIVA LA VIDA","2023-07-25","","8.333E-5"
"COPACABANA - CIUDADELA EDUCATIVA LA VIDA","2023-07-24","","0.0"
"COPACABANA - CIUDADELA EDUCATIVA LA VIDA","2023-07-23","","8.75E-4"
"COPACABANA - CIUDADELA EDUCATIVA LA VIDA","2023-07-22","","8.333E-5"
"COPACABANA - CIUDADELA EDUCATIVA LA VIDA","2023-07-21","","0.0"
"COPACABANA - CIUDADELA EDUCATIVA LA VIDA","2023-07-20","","1.6667E-4"
"COPACABANA - CIUDADELA EDUCATIVA LA VIDA","2023-07-19","","0.0"
"COPACABANA - CIUDADELA EDUCATIVA LA VIDA","2023-07-18","","0.0"
"COPACABANA - CIUDADELA EDUCATIVA LA VIDA","2023-07-17","","0.07341667"
"COPACABANA - CIUDADELA EDUCATIVA LA VIDA","2023-07-16","","0.07979167"
"COPACABANA - CIUDADELA EDUCATIVA LA VIDA","2023-07-15","","0.0"
"COPACABANA - CIUDADELA EDUCATIVA LA VIDA","2023-07-14","","7.9167E-4"
"COPACABANA - CIUDADELA EDUCATIVA LA VIDA","2023-07-13","","4.167E-5"
"COPACABANA - CIUDADELA EDUCATIVA LA VIDA","2023-07-12","","0.00575"
"COPACABANA - CIUDADELA EDUCATIVA LA VIDA","2023-07-11","","1.25E-4"
"COPACABANA - CIUDADELA EDUCATIVA LA VIDA","2023-07-10","","0.0"
"COPACABANA - CIUDADELA EDUCATIVA LA VIDA","2023-07-09","","2.5E-4"
"COPACABANA - CIUDADELA EDUCATIVA LA VIDA","2023-07-08","","0.0065"
"COPACABANA - CIUDADELA EDUCATIVA LA VIDA","2023-07-07","","0.00308333"
"COPACABANA - CIUDADELA EDUCATIVA LA VIDA","2023-07-06","","0.12179167"
"COPACABANA - CIUDADELA EDUCATIVA LA VIDA","2023-07-05","","0.0335"
"COPACABANA - CIUDADELA EDUCATIVA LA VIDA","2023-07-04","","0.00245833"
"COPACABANA - CIUDADELA EDUCATIVA LA VIDA","2023-07-03","","0.03879167"
"COPACABANA - CIUDADELA EDUCATIVA LA VIDA","2023-07-02","","0.01691667"
"COPACABANA - CIUDADELA EDUCATIVA LA VIDA","2023-07-01","","1.6667E-4"
"COPACABANA - CIUDADELA EDUCATIVA LA VIDA","2023-06-30","","0.0"
"COPACABANA - CIUDADELA EDUCATIVA LA VIDA","2023-06-29","","4.167E-5"
"COPACABANA - CIUDADELA EDUCATIVA LA VIDA","2023-06-28","","0.00904167"
"COPACABANA - CIUDADELA EDUCATIVA LA VIDA","2023-06-27","","0.0"
"COPACABANA - CIUDADELA EDUCATIVA LA VIDA","2023-06-26","","0.0125"
"COPACABANA - CIUDADELA EDUCATIVA LA VIDA","2023-06-25","","0.07308333"
"COPACABANA - CIUDADELA EDUCATIVA LA VIDA","2023-06-24","","0.05295833"
"COPACABANA - CIUDADELA EDUCATIVA LA VIDA","2023-06-23","","0.04345833"
"COPACABANA - CIUDADELA EDUCATIVA LA VIDA","2023-06-22","","1.6667E-4"
"COPACABANA - CIUDADELA EDUCATIVA LA VIDA","2023-06-21","","1.6667E-4"
"COPACABANA - CIUDADELA EDUCATIVA LA VIDA","2023-06-20","","0.0"
"COPACABANA - CIUDADELA EDUCATIVA LA VIDA","2023-06-19","","5.4167E-4"
"COPACABANA - CIUDADELA EDUCATIVA LA VIDA","2023-06-18","","6.25E-4"
"COPACABANA - CIUDADELA EDUCATIVA LA VIDA","2023-06-17","","0.00125"
"COPACABANA - CIUDADELA EDUCATIVA LA VIDA","2023-06-16","","3.75E-4"
"COPACABANA - CIUDADELA EDUCATIVA LA VIDA","2023-06-15","","2.5E-4"
"COPACABANA - CIUDADELA EDUCATIVA LA VIDA","2023-06-14","","1.6667E-4"
"COPACABANA - CIUDADELA EDUCATIVA LA VIDA","2023-06-13","","0.0"
"COPACABANA - CIUDADELA EDUCATIVA LA VIDA","2023-06-12","","3.3333E-4"
"COPACABANA - CIUDADELA EDUCATIVA LA VIDA","2023-06-11","","0.08329167"
"COPACABANA - CIUDADELA EDUCATIVA LA VIDA","2023-06-10","","0.00720833"
"COPACABANA - CIUDADELA EDUCATIVA LA VIDA","2023-06-09","","0.00195833"
"COPACABANA - CIUDADELA EDUCATIVA LA VIDA","2023-06-08","","0.06838462"
"COPACABANA - CIUDADELA EDUCATIVA LA VIDA","2023-05-25","","0.01953333"
"COPACABANA - CIUDADELA EDUCATIVA LA VIDA","2023-05-24","","9.091E-5"
"COPACABANA - CIUDADELA EDUCATIVA LA VIDA","2023-05-12","","0.00738462"
"COPACABANA - CIUDADELA EDUCATIVA LA VIDA","2023-05-11","","1.25E-4"
"COPACABANA - CIUDADELA EDUCATIVA LA VIDA","2023-05-10","","0.0"
"COPACABANA - CIUDADELA EDUCATIVA LA VIDA","2023-05-09","","4.167E-5"
"COPACABANA - CIUDADELA EDUCATIVA LA VIDA","2023-05-08","","8.75E-4"
"COPACABANA - CIUDADELA EDUCATIVA LA VIDA","2023-05-07","","0.0"
"COPACABANA - CIUDADELA EDUCATIVA LA VIDA","2023-05-06","","0.0"
"COPACABANA - CIUDADELA EDUCATIVA LA VIDA","2023-05-05","","0.0"
"COPACABANA - CIUDADELA EDUCATIVA LA VIDA","2023-05-04","","0.0"
"COPACABANA - CIUDADELA EDUCATIVA LA VIDA","2023-05-03","","1.6667E-4"
"COPACABANA - CIUDADELA EDUCATIVA LA VIDA","2023-05-02","","0.0"
"COPACABANA - CIUDADELA EDUCATIVA LA VIDA","2023-05-01","","0.0"
"COPACABANA - CIUDADELA EDUCATIVA LA VIDA","2023-04-30","","0.03173913"
"COPACABANA - CIUDADELA EDUCATIVA LA VIDA","2023-04-29","","0.00195833"
"COPACABANA - CIUDADELA EDUCATIVA LA VIDA","2023-04-28","","0.07008333"
"COPACABANA - CIUDADELA EDUCATIVA LA VIDA","2023-04-27","","0.0225"
"COPACABANA - CIUDADELA EDUCATIVA LA VIDA","2023-04-26","","0.33595833"
"COPACABANA - CIUDADELA EDUCATIVA LA VIDA","2023-04-25","","0.00445833"
"COPACABANA - CIUDADELA EDUCATIVA LA VIDA","2023-04-24","","0.01320833"
"COPACABANA - CIUDADELA EDUCATIVA LA VIDA","2023-04-23","","0.01316667"
"COPACABANA - CIUDADELA EDUCATIVA LA VIDA","2023-04-22","","0.133125"
"COPACABANA - CIUDADELA EDUCATIVA LA VIDA","2023-04-21","","0.02554167"
"COPACABANA - CIUDADELA EDUCATIVA LA VIDA","2023-04-20","","0.08775"
"COPACABANA - CIUDADELA EDUCATIVA LA VIDA","2023-04-19","","0.0"
"COPACABANA - CIUDADELA EDUCATIVA LA VIDA","2023-04-18","","5.0E-4"
"COPACABANA - CIUDADELA EDUCATIVA LA VIDA","2023-04-17","","0.023375"
"COPACABANA - CIUDADELA EDUCATIVA LA VIDA","2023-04-16","","0.029625"
"COPACABANA - CIUDADELA EDUCATIVA LA VIDA","2023-04-15","","0.00133333"
"COPACABANA - CIUDADELA EDUCATIVA LA VIDA","2023-04-14","","2.0833E-4"
"COPACABANA - CIUDADELA EDUCATIVA LA VIDA","2023-04-13","","0.001625"
"COPACABANA - CIUDADELA EDUCATIVA LA VIDA","2023-04-12","","0.0"
"COPACABANA - CIUDADELA EDUCATIVA LA VIDA","2023-04-11","","0.0205"
"COPACABANA - CIUDADELA EDUCATIVA LA VIDA","2023-04-10","","4.167E-5"
"COPACABANA - CIUDADELA EDUCATIVA LA VIDA","2023-04-09","","0.0"
"COPACABANA - CIUDADELA EDUCATIVA LA VIDA","2023-04-08","","0.0"
"COPACABANA - CIUDADELA EDUCATIVA LA VIDA","2023-04-07","","0.01595833"
"COPACABANA - CIUDADELA EDUCATIVA LA VIDA","2023-04-06","","0.01145833"
"COPACABANA - CIUDADELA EDUCATIVA LA VIDA","2023-04-05","","0.0"
"COPACABANA - CIUDADELA EDUCATIVA LA VIDA","2023-04-04","","0.00529167"
"COPACABANA - CIUDADELA EDUCATIVA LA VIDA","2023-04-03","","2.5E-4"
"COPACABANA - CIUDADELA EDUCATIVA LA VIDA","2023-04-02","","0.0095"
"COPACABANA - CIUDADELA EDUCATIVA LA VIDA","2023-04-01","","1.25E-4"
"COPACABANA - CIUDADELA EDUCATIVA LA VIDA","2023-03-31","","0.0046087"
"COPACABANA - CIUDADELA EDUCATIVA LA VIDA","2023-03-30","","0.01791667"
"COPACABANA - CIUDADELA EDUCATIVA LA VIDA","2023-03-29","","0.00970833"
"COPACABANA - CIUDADELA EDUCATIVA LA VIDA","2023-03-28","","0.08941667"
"COPACABANA - CIUDADELA EDUCATIVA LA VIDA","2023-03-27","","0.17404167"
"COPACABANA - CIUDADELA EDUCATIVA LA VIDA","2023-03-26","","0.0"
"COPACABANA - CIUDADELA EDUCATIVA LA VIDA","2023-03-25","","0.033"
"COPACABANA - CIUDADELA EDUCATIVA LA VIDA","2023-03-24","","0.14258333"
"COPACABANA - CIUDADELA EDUCATIVA LA VIDA","2023-03-23","","4.167E-5"
"COPACABANA - CIUDADELA EDUCATIVA LA VIDA","2023-03-22","","0.0"
"COPACABANA - CIUDADELA EDUCATIVA LA VIDA","2023-03-21","","2.0833E-4"
"COPACABANA - CIUDADELA EDUCATIVA LA VIDA","2023-03-20","","5.4167E-4"
"COPACABANA - CIUDADELA EDUCATIVA LA VIDA","2023-03-19","","0.0"
"COPACABANA - CIUDADELA EDUCATIVA LA VIDA","2023-03-18","","0.03608333"
"COPACABANA - CIUDADELA EDUCATIVA LA VIDA","2023-03-17","","0.00125"
"COPACABANA - CIUDADELA EDUCATIVA LA VIDA","2023-03-16","","0.245375"
"COPACABANA - CIUDADELA EDUCATIVA LA VIDA","2023-03-15","","0.00304167"
"COPACABANA - CIUDADELA EDUCATIVA LA VIDA","2023-03-14","","0.00470833"
"COPACABANA - CIUDADELA EDUCATIVA LA VIDA","2023-03-13","","0.10233333"
"COPACABANA - CIUDADELA EDUCATIVA LA VIDA","2023-03-12","","0.12729167"
"COPACABANA - CIUDADELA EDUCATIVA LA VIDA","2023-03-11","","0.12308333"
"COPACABANA - CIUDADELA EDUCATIVA LA VIDA","2023-03-10","","0.0"
"COPACABANA - CIUDADELA EDUCATIVA LA VIDA","2023-03-09","","2.5E-4"
"COPACABANA - CIUDADELA EDUCATIVA LA VIDA","2023-03-08","","0.152125"
"COPACABANA - CIUDADELA EDUCATIVA LA VIDA","2023-03-07","","0.00779167"
"COPACABANA - CIUDADELA EDUCATIVA LA VIDA","2023-03-06","","0.04366667"
"COPACABANA - CIUDADELA EDUCATIVA LA VIDA","2023-03-05","","0.064625"
"COPACABANA - CIUDADELA EDUCATIVA LA VIDA","2023-03-04","","5.4167E-4"
"COPACABANA - CIUDADELA EDUCATIVA LA VIDA","2023-03-03","","1.25E-4"
"COPACABANA - CIUDADELA EDUCATIVA LA VIDA","2023-03-02","","8.333E-5"
"COPACABANA - CIUDADELA EDUCATIVA LA VIDA","2023-03-01","","2.5E-4"
"COPACABANA - CIUDADELA EDUCATIVA LA VIDA","2023-02-28","","4.348E-5"
"COPACABANA - CIUDADELA EDUCATIVA LA VIDA","2023-02-27","","0.0"
"COPACABANA - CIUDADELA EDUCATIVA LA VIDA","2023-02-26","","1.6667E-4"
"COPACABANA - CIUDADELA EDUCATIVA LA VIDA","2023-02-25","","0.0"
"COPACABANA - CIUDADELA EDUCATIVA LA VIDA","2023-02-24","","0.0"
"COPACABANA - CIUDADELA EDUCATIVA LA VIDA","2023-02-23","","0.0"
"COPACABANA - CIUDADELA EDUCATIVA LA VIDA","2023-02-22","","0.0015"
"COPACABANA - CIUDADELA EDUCATIVA LA VIDA","2023-02-21","","0.001"
"COPACABANA - CIUDADELA EDUCATIVA LA VIDA","2023-02-20","","0.04375"
"COPACABANA - CIUDADELA EDUCATIVA LA VIDA","2023-02-19","","0.09545833"
"COPACABANA - CIUDADELA EDUCATIVA LA VIDA","2023-02-18","","0.0"
"COPACABANA - CIUDADELA EDUCATIVA LA VIDA","2023-02-17","","4.167E-5"
"COPACABANA - CIUDADELA EDUCATIVA LA VIDA","2023-02-16","","1.25E-4"
"COPACABANA - CIUDADELA EDUCATIVA LA VIDA","2023-02-15","","0.042125"
"COPACABANA - CIUDADELA EDUCATIVA LA VIDA","2023-02-14","","5.8333E-4"
"COPACABANA - CIUDADELA EDUCATIVA LA VIDA","2023-02-13","","5.8333E-4"
"COPACABANA - CIUDADELA EDUCATIVA LA VIDA","2023-02-12","","0.00670833"
"COPACABANA - CIUDADELA EDUCATIVA LA VIDA","2023-02-11","","0.0"
"COPACABANA - CIUDADELA EDUCATIVA LA VIDA","2023-02-10","","0.0"
"COPACABANA - CIUDADELA EDUCATIVA LA VIDA","2023-02-09","","0.05904167"
"COPACABANA - CIUDADELA EDUCATIVA LA VIDA","2023-02-08","","0.02145833"
"COPACABANA - CIUDADELA EDUCATIVA LA VIDA","2023-02-07","","0.0"
"COPACABANA - CIUDADELA EDUCATIVA LA VIDA","2023-02-06","","2.9167E-4"
"COPACABANA - CIUDADELA EDUCATIVA LA VIDA","2023-02-05","","5.0E-4"
"COPACABANA - CIUDADELA EDUCATIVA LA VIDA","2023-02-04","","2.0833E-4"
"COPACABANA - CIUDADELA EDUCATIVA LA VIDA","2023-02-03","","0.00145833"
"COPACABANA - CIUDADELA EDUCATIVA LA VIDA","2023-02-02","","8.333E-5"
"COPACABANA - CIUDADELA EDUCATIVA LA VIDA","2023-02-01","","7.9167E-4"
"COPACABANA - CIUDADELA EDUCATIVA LA VIDA","2023-01-31","","4.348E-5"
"COPACABANA - CIUDADELA EDUCATIVA LA VIDA","2023-01-30","","4.167E-5"
"COPACABANA - CIUDADELA EDUCATIVA LA VIDA","2023-01-29","","7.9167E-4"
"COPACABANA - CIUDADELA EDUCATIVA LA VIDA","2023-01-28","","0.0"
"COPACABANA - CIUDADELA EDUCATIVA LA VIDA","2023-01-27","","6.25E-4"
"COPACABANA - CIUDADELA EDUCATIVA LA VIDA","2023-01-26","","0.0"
"COPACABANA - CIUDADELA EDUCATIVA LA VIDA","2023-01-25","","0.0"
"COPACABANA - CIUDADELA EDUCATIVA LA VIDA","2023-01-24","","0.0"
"COPACABANA - CIUDADELA EDUCATIVA LA VIDA","2023-01-23","","0.0"
"COPACABANA - CIUDADELA EDUCATIVA LA VIDA","2023-01-22","","0.00241667"
"COPACABANA - CIUDADELA EDUCATIVA LA VIDA","2023-01-21","","4.167E-5"
"COPACABANA - CIUDADELA EDUCATIVA LA VIDA","2023-01-20","","0.0"
"COPACABANA - CIUDADELA EDUCATIVA LA VIDA","2023-01-19","","0.0"
"COPACABANA - CIUDADELA EDUCATIVA LA VIDA","2023-01-18","","0.00254167"
"COPACABANA - CIUDADELA EDUCATIVA LA VIDA","2023-01-17","","8.333E-5"
"COPACABANA - CIUDADELA EDUCATIVA LA VIDA","2023-01-16","","8.333E-5"
"COPACABANA - CIUDADELA EDUCATIVA LA VIDA","2023-01-15","","3.3333E-4"
"COPACABANA - CIUDADELA EDUCATIVA LA VIDA","2023-01-14","","1.7391E-4"
"COPACABANA - CIUDADELA EDUCATIVA LA VIDA","2023-01-13","","0.01858333"
"COPACABANA - CIUDADELA EDUCATIVA LA VIDA","2023-01-12","","0.00320833"
"COPACABANA - CIUDADELA EDUCATIVA LA VIDA","2023-01-11","","0.019125"
"COPACABANA - CIUDADELA EDUCATIVA LA VIDA","2023-01-10","","0.02566667"
"COPACABANA - CIUDADELA EDUCATIVA LA VIDA","2023-01-09","","0.035125"
"COPACABANA - CIUDADELA EDUCATIVA LA VIDA","2023-01-08","","0.032375"
"COPACABANA - CIUDADELA EDUCATIVA LA VIDA","2023-01-07","","0.09341667"
"COPACABANA - CIUDADELA EDUCATIVA LA VIDA","2023-01-06","","9.5833E-4"
"COPACABANA - CIUDADELA EDUCATIVA LA VIDA","2023-01-05","","0.01495833"
"COPACABANA - CIUDADELA EDUCATIVA LA VIDA","2023-01-04","","5.0E-4"
"COPACABANA - CIUDADELA EDUCATIVA LA VIDA","2023-01-03","","0.01345833"
"COPACABANA - CIUDADELA EDUCATIVA LA VIDA","2023-01-02","","7.9167E-4"
"COPACABANA - CIUDADELA EDUCATIVA LA VIDA","2023-01-01","","0.001375"
"COPACABANA - CIUDADELA EDUCATIVA LA VIDA","2022-12-31","","0.00256522"
"COPACABANA - CIUDADELA EDUCATIVA LA VIDA","2022-12-30","","0.0"
"COPACABANA - CIUDADELA EDUCATIVA LA VIDA","2022-12-29","","5.8333E-4"
"COPACABANA - CIUDADELA EDUCATIVA LA VIDA","2022-12-28","","8.75E-4"
"COPACABANA - CIUDADELA EDUCATIVA LA VIDA","2022-12-27","","5.0E-4"
"COPACABANA - CIUDADELA EDUCATIVA LA VIDA","2022-12-26","","0.00179167"
"COPACABANA - CIUDADELA EDUCATIVA LA VIDA","2022-12-25","","7.5E-4"
"COPACABANA - CIUDADELA EDUCATIVA LA VIDA","2022-12-24","","8.3333E-4"
"COPACABANA - CIUDADELA EDUCATIVA LA VIDA","2022-12-23","","8.333E-5"
"COPACABANA - CIUDADELA EDUCATIVA LA VIDA","2022-12-22","","2.9167E-4"
"COPACABANA - CIUDADELA EDUCATIVA LA VIDA","2022-12-21","","5.0E-4"
"COPACABANA - CIUDADELA EDUCATIVA LA VIDA","2022-12-20","","1.25E-4"
"COPACABANA - CIUDADELA EDUCATIVA LA VIDA","2022-12-19","","0.0"
"COPACABANA - CIUDADELA EDUCATIVA LA VIDA","2022-12-18","","0.00179167"
"COPACABANA - CIUDADELA EDUCATIVA LA VIDA","2022-12-17","","0.00158333"
"COPACABANA - CIUDADELA EDUCATIVA LA VIDA","2022-12-16","","7.5E-4"
"COPACABANA - CIUDADELA EDUCATIVA LA VIDA","2022-12-15","","2.0833E-4"
"COPACABANA - CIUDADELA EDUCATIVA LA VIDA","2022-12-14","","0.00554167"
"COPACABANA - CIUDADELA EDUCATIVA LA VIDA","2022-12-13","","0.00475"
"COPACABANA - CIUDADELA EDUCATIVA LA VIDA","2022-12-12","","0.02445833"
"COPACABANA - CIUDADELA EDUCATIVA LA VIDA","2022-12-11","","6.25E-4"
"COPACABANA - CIUDADELA EDUCATIVA LA VIDA","2022-12-10","","0.00191667"
"COPACABANA - CIUDADELA EDUCATIVA LA VIDA","2022-12-09","","8.333E-5"
"COPACABANA - CIUDADELA EDUCATIVA LA VIDA","2022-12-08","","8.3333E-4"
"COPACABANA - CIUDADELA EDUCATIVA LA VIDA","2022-12-07","","2.5E-4"
"COPACABANA - CIUDADELA EDUCATIVA LA VIDA","2022-12-06","","2.0833E-4"
"COPACABANA - CIUDADELA EDUCATIVA LA VIDA","2022-12-05","","2.9167E-4"
"COPACABANA - CIUDADELA EDUCATIVA LA VIDA","2022-12-04","","2.9167E-4"
"COPACABANA - CIUDADELA EDUCATIVA LA VIDA","2022-12-03","","6.6667E-4"
"COPACABANA - CIUDADELA EDUCATIVA LA VIDA","2022-12-02","","8.3333E-4"
"COPACABANA - CIUDADELA EDUCATIVA LA VIDA","2022-12-01","","0.0"
"COPACABANA - CIUDADELA EDUCATIVA LA VIDA","2022-11-30","","0.03865217"
"COPACABANA - CIUDADELA EDUCATIVA LA VIDA","2022-11-29","","0.028875"
"COPACABANA - CIUDADELA EDUCATIVA LA VIDA","2022-11-28","","0.00570833"
"COPACABANA - CIUDADELA EDUCATIVA LA VIDA","2022-11-27","","0.15754167"
"COPACABANA - CIUDADELA EDUCATIVA LA VIDA","2022-11-26","","4.167E-5"
"COPACABANA - CIUDADELA EDUCATIVA LA VIDA","2022-11-25","","5.0E-4"
"COPACABANA - CIUDADELA EDUCATIVA LA VIDA","2022-11-24","","0.04258333"
"COPACABANA - CIUDADELA EDUCATIVA LA VIDA","2022-11-23","","0.20695833"
"COPACABANA - CIUDADELA EDUCATIVA LA VIDA","2022-11-22","","0.102"
"COPACABANA - CIUDADELA EDUCATIVA LA VIDA","2022-11-21","","0.06958333"
"COPACABANA - CIUDADELA EDUCATIVA LA VIDA","2022-11-20","","0.01216667"
"COPACABANA - CIUDADELA EDUCATIVA LA VIDA","2022-11-19","","0.001875"
"COPACABANA - CIUDADELA EDUCATIVA LA VIDA","2022-11-18","","0.066125"
"COPACABANA - CIUDADELA EDUCATIVA LA VIDA","2022-11-17","","0.039625"
"COPACABANA - CIUDADELA EDUCATIVA LA VIDA","2022-11-16","","5.8333E-4"
"COPACABANA - CIUDADELA EDUCATIVA LA VIDA","2022-11-15","","9.1667E-4"
"COPACABANA - CIUDADELA EDUCATIVA LA VIDA","2022-11-14","","0.01029167"
"COPACABANA - CIUDADELA EDUCATIVA LA VIDA","2022-11-13","","0.009125"
"COPACABANA - CIUDADELA EDUCATIVA LA VIDA","2022-11-12","","0.041"
"COPACABANA - CIUDADELA EDUCATIVA LA VIDA","2022-11-11","","6.25E-4"
"COPACABANA - CIUDADELA EDUCATIVA LA VIDA","2022-11-10","","0.04395833"
"COPACABANA - CIUDADELA EDUCATIVA LA VIDA","2022-11-09","","0.020625"
"COPACABANA - CIUDADELA EDUCATIVA LA VIDA","2022-11-08","","0.04829167"
"COPACABANA - CIUDADELA EDUCATIVA LA VIDA","2022-11-07","","0.00495833"
"COPACABANA - CIUDADELA EDUCATIVA LA VIDA","2022-11-06","","0.00333333"
"COPACABANA - CIUDADELA EDUCATIVA LA VIDA","2022-11-05","","0.03641667"
"COPACABANA - CIUDADELA EDUCATIVA LA VIDA","2022-11-04","","0.00204167"
"COPACABANA - CIUDADELA EDUCATIVA LA VIDA","2022-11-03","","0.01616667"
"COPACABANA - CIUDADELA EDUCATIVA LA VIDA","2022-11-02","","0.01408333"
"COPACABANA - CIUDADELA EDUCATIVA LA VIDA","2022-11-01","","0.0"
"COPACABANA - CIUDADELA EDUCATIVA LA VIDA","2022-10-31","","0.0"
"COPACABANA - CIUDADELA EDUCATIVA LA VIDA","2022-10-30","","4.5833E-4"
"COPACABANA - CIUDADELA EDUCATIVA LA VIDA","2022-10-29","","8.3333E-4"
"COPACABANA - CIUDADELA EDUCATIVA LA VIDA","2022-10-28","","0.04870833"
"COPACABANA - CIUDADELA EDUCATIVA LA VIDA","2022-10-27","","0.05275"
"COPACABANA - CIUDADELA EDUCATIVA LA VIDA","2022-10-26","","0.038875"
"COPACABANA - CIUDADELA EDUCATIVA LA VIDA","2022-10-25","","0.0"
"COPACABANA - CIUDADELA EDUCATIVA LA VIDA","2022-10-24","","0.12391667"
"COPACABANA - CIUDADELA EDUCATIVA LA VIDA","2022-10-23","","0.06304167"
"COPACABANA - CIUDADELA EDUCATIVA LA VIDA","2022-10-22","","0.04116667"
"COPACABANA - CIUDADELA EDUCATIVA LA VIDA","2022-10-21","","0.00329167"
"COPACABANA - CIUDADELA EDUCATIVA LA VIDA","2022-10-20","","0.07195833"
"COPACABANA - CIUDADELA EDUCATIVA LA VIDA","2022-10-19","","0.01775"
"COPACABANA - CIUDADELA EDUCATIVA LA VIDA","2022-10-18","","0.00820833"
"COPACABANA - CIUDADELA EDUCATIVA LA VIDA","2022-10-17","","0.007375"
"COPACABANA - CIUDADELA EDUCATIVA LA VIDA","2022-10-16","","0.00858333"
"COPACABANA - CIUDADELA EDUCATIVA LA VIDA","2022-10-15","","0.02516667"
"COPACABANA - CIUDADELA EDUCATIVA LA VIDA","2022-10-14","","0.00158333"
"COPACABANA - CIUDADELA EDUCATIVA LA VIDA","2022-10-13","","0.06791667"
"COPACABANA - CIUDADELA EDUCATIVA LA VIDA","2022-10-12","","1.25E-4"
"COPACABANA - CIUDADELA EDUCATIVA LA VIDA","2022-10-11","","2.5E-4"
"COPACABANA - CIUDADELA EDUCATIVA LA VIDA","2022-10-10","","2.9167E-4"
"COPACABANA - CIUDADELA EDUCATIVA LA VIDA","2022-10-09","","0.0015"
"COPACABANA - CIUDADELA EDUCATIVA LA VIDA","2022-10-08","","0.01608333"
"COPACABANA - CIUDADELA EDUCATIVA LA VIDA","2022-10-07","","0.07195833"
"COPACABANA - CIUDADELA EDUCATIVA LA VIDA","2022-10-06","","0.07420833"
"COPACABANA - CIUDADELA EDUCATIVA LA VIDA","2022-10-05","","2.9167E-4"
"COPACABANA - CIUDADELA EDUCATIVA LA VIDA","2022-10-04","","0.0945"
"COPACABANA - CIUDADELA EDUCATIVA LA VIDA","2022-10-03","","1.25E-4"
"COPACABANA - CIUDADELA EDUCATIVA LA VIDA","2022-10-02","","1.25E-4"
"COPACABANA - CIUDADELA EDUCATIVA LA VIDA","2022-10-01","","0.00233333"
"COPACABANA - CIUDADELA EDUCATIVA LA VIDA","2022-09-30","","0.02225"
"COPACABANA - CIUDADELA EDUCATIVA LA VIDA","2022-09-29","","0.00675"
"COPACABANA - CIUDADELA EDUCATIVA LA VIDA","2022-09-28","","0.213"
"COPACABANA - CIUDADELA EDUCATIVA LA VIDA","2022-09-27","","0.00508333"
"COPACABANA - CIUDADELA EDUCATIVA LA VIDA","2022-09-26","","7.0833E-4"
"COPACABANA - CIUDADELA EDUCATIVA LA VIDA","2022-09-25","","0.04170833"
"COPACABANA - CIUDADELA EDUCATIVA LA VIDA","2022-09-24","","0.05695833"
"COPACABANA - CIUDADELA EDUCATIVA LA VIDA","2022-09-23","","0.03941667"
"COPACABANA - CIUDADELA EDUCATIVA LA VIDA","2022-09-22","","0.04970833"
"COPACABANA - CIUDADELA EDUCATIVA LA VIDA","2022-09-21","","0.05758333"
"COPACABANA - CIUDADELA EDUCATIVA LA VIDA","2022-09-20","","0.08233333"
"COPACABANA - CIUDADELA EDUCATIVA LA VIDA","2022-09-19","","0.01516667"
"COPACABANA - CIUDADELA EDUCATIVA LA VIDA","2022-09-18","","0.08608333"
"COPACABANA - CIUDADELA EDUCATIVA LA VIDA","2022-09-17","","5.4167E-4"
"COPACABANA - CIUDADELA EDUCATIVA LA VIDA","2022-09-16","","0.21058333"
"COPACABANA - CIUDADELA EDUCATIVA LA VIDA","2022-09-15","","0.11016667"
"COPACABANA - CIUDADELA EDUCATIVA LA VIDA","2022-09-14","","0.0125"
"COPACABANA - CIUDADELA EDUCATIVA LA VIDA","2022-09-13","","0.01670833"
"COPACABANA - CIUDADELA EDUCATIVA LA VIDA","2022-09-12","","0.01104167"
"COPACABANA - CIUDADELA EDUCATIVA LA VIDA","2022-09-11","","0.00441667"
"COPACABANA - CIUDADELA EDUCATIVA LA VIDA","2022-09-10","","0.00604167"
"COPACABANA - CIUDADELA EDUCATIVA LA VIDA","2022-09-09","","0.04629167"
"COPACABANA - CIUDADELA EDUCATIVA LA VIDA","2022-09-08","","0.02016667"
"COPACABANA - CIUDADELA EDUCATIVA LA VIDA","2022-09-07","","0.0085"
"COPACABANA - CIUDADELA EDUCATIVA LA VIDA","2022-09-06","","0.0505"
"COPACABANA - CIUDADELA EDUCATIVA LA VIDA","2022-09-05","","0.0"
"COPACABANA - CIUDADELA EDUCATIVA LA VIDA","2022-09-04","","0.02020833"
"COPACABANA - CIUDADELA EDUCATIVA LA VIDA","2022-09-03","","0.024125"
"COPACABANA - CIUDADELA EDUCATIVA LA VIDA","2022-09-02","","0.00433333"
"COPACABANA - CIUDADELA EDUCATIVA LA VIDA","2022-09-01","","0.00154167"
"COPACABANA - CIUDADELA EDUCATIVA LA VIDA","2022-08-31","","0.04347826"
"COPACABANA - CIUDADELA EDUCATIVA LA VIDA","2022-08-30","","3.3333E-4"
"COPACABANA - CIUDADELA EDUCATIVA LA VIDA","2022-08-29","","0.094875"
"COPACABANA - CIUDADELA EDUCATIVA LA VIDA","2022-08-28","","0.052625"
"COPACABANA - CIUDADELA EDUCATIVA LA VIDA","2022-08-27","","0.00741667"
"COPACABANA - CIUDADELA EDUCATIVA LA VIDA","2022-08-26","","0.00366667"
"COPACABANA - CIUDADELA EDUCATIVA LA VIDA","2022-08-25","","8.3333E-4"
"COPACABANA - CIUDADELA EDUCATIVA LA VIDA","2022-08-24","","0.0"
"COPACABANA - CIUDADELA EDUCATIVA LA VIDA","2022-08-23","","0.0185"
"COPACABANA - CIUDADELA EDUCATIVA LA VIDA","2022-08-22","","0.238125"
"COPACABANA - CIUDADELA EDUCATIVA LA VIDA","2022-08-21","","0.09170833"
"COPACABANA - CIUDADELA EDUCATIVA LA VIDA","2022-08-20","","0.01458333"
"COPACABANA - CIUDADELA EDUCATIVA LA VIDA","2022-08-19","","0.00383333"
"COPACABANA - CIUDADELA EDUCATIVA LA VIDA","2022-08-18","","4.167E-5"
"COPACABANA - CIUDADELA EDUCATIVA LA VIDA","2022-08-17","","0.0"
"COPACABANA - CIUDADELA EDUCATIVA LA VIDA","2022-08-16","","0.03916667"
"COPACABANA - CIUDADELA EDUCATIVA LA VIDA","2022-08-15","","0.06154167"
"COPACABANA - CIUDADELA EDUCATIVA LA VIDA","2022-08-14","","0.01970833"
"COPACABANA - CIUDADELA EDUCATIVA LA VIDA","2022-08-13","","0.01829167"
"COPACABANA - CIUDADELA EDUCATIVA LA VIDA","2022-08-12","","0.00408333"
"COPACABANA - CIUDADELA EDUCATIVA LA VIDA","2022-08-11","","4.1667E-4"
"COPACABANA - CIUDADELA EDUCATIVA LA VIDA","2022-08-10","","2.5E-4"
"COPACABANA - CIUDADELA EDUCATIVA LA VIDA","2022-08-09","","0.00454167"
"COPACABANA - CIUDADELA EDUCATIVA LA VIDA","2022-08-08","","0.026125"
"COPACABANA - CIUDADELA EDUCATIVA LA VIDA","2022-08-07","","9.1667E-4"
"COPACABANA - CIUDADELA EDUCATIVA LA VIDA","2022-08-06","","0.111"
"COPACABANA - CIUDADELA EDUCATIVA LA VIDA","2022-08-05","","0.07833333"
"COPACABANA - CIUDADELA EDUCATIVA LA VIDA","2022-08-04","","0.001375"
"COPACABANA - CIUDADELA EDUCATIVA LA VIDA","2022-08-03","","3.75E-4"
"COPACABANA - CIUDADELA EDUCATIVA LA VIDA","2022-08-02","","0.10566667"
"COPACABANA - CIUDADELA EDUCATIVA LA VIDA","2022-08-01","","0.11083333"
"COPACABANA - CIUDADELA EDUCATIVA LA VIDA","2022-07-31","","0.00165217"
"COPACABANA - CIUDADELA EDUCATIVA LA VIDA","2022-07-30","","3.75E-4"
"COPACABANA - CIUDADELA EDUCATIVA LA VIDA","2022-07-29","","4.1667E-4"
"COPACABANA - CIUDADELA EDUCATIVA LA VIDA","2022-07-28","","0.11741667"
"COPACABANA - CIUDADELA EDUCATIVA LA VIDA","2022-07-27","","0.17525"
"COPACABANA - CIUDADELA EDUCATIVA LA VIDA","2022-07-26","","0.00870833"
"COPACABANA - CIUDADELA EDUCATIVA LA VIDA","2022-07-25","","0.08775"
"COPACABANA - CIUDADELA EDUCATIVA LA VIDA","2022-07-24","","9.5833E-4"
"COPACABANA - CIUDADELA EDUCATIVA LA VIDA","2022-07-23","","0.03641667"
"COPACABANA - CIUDADELA EDUCATIVA LA VIDA","2022-07-22","","0.01975"
"COPACABANA - CIUDADELA EDUCATIVA LA VIDA","2022-07-21","","0.00145833"
"COPACABANA - CIUDADELA EDUCATIVA LA VIDA","2022-07-20","","0.00116667"
"COPACABANA - CIUDADELA EDUCATIVA LA VIDA","2022-07-19","","4.167E-5"
"COPACABANA - CIUDADELA EDUCATIVA LA VIDA","2022-07-18","","0.003875"
"COPACABANA - CIUDADELA EDUCATIVA LA VIDA","2022-07-17","","0.012125"
"COPACABANA - CIUDADELA EDUCATIVA LA VIDA","2022-07-16","","0.0"
"COPACABANA - CIUDADELA EDUCATIVA LA VIDA","2022-07-15","","8.333E-5"
"COPACABANA - CIUDADELA EDUCATIVA LA VIDA","2022-07-14","","0.00991667"
"COPACABANA - CIUDADELA EDUCATIVA LA VIDA","2022-07-13","","0.023125"
"COPACABANA - CIUDADELA EDUCATIVA LA VIDA","2022-07-12","","0.00216667"
"COPACABANA - CIUDADELA EDUCATIVA LA VIDA","2022-07-11","","0.045"
"COPACABANA - CIUDADELA EDUCATIVA LA VIDA","2022-07-10","","0.02625"
"COPACABANA - CIUDADELA EDUCATIVA LA VIDA","2022-07-09","","8.333E-5"
"COPACABANA - CIUDADELA EDUCATIVA LA VIDA","2022-07-08","","0.013125"
"COPACABANA - CIUDADELA EDUCATIVA LA VIDA","2022-07-07","","2.0833E-4"
"COPACABANA - CIUDADELA EDUCATIVA LA VIDA","2022-07-06","","0.00216667"
"COPACABANA - CIUDADELA EDUCATIVA LA VIDA","2022-07-05","","6.25E-4"
"COPACABANA - CIUDADELA EDUCATIVA LA VIDA","2022-07-04","","0.00591667"
"COPACABANA - CIUDADELA EDUCATIVA LA VIDA","2022-07-03","","4.1667E-4"
"COPACABANA - CIUDADELA EDUCATIVA LA VIDA","2022-07-02","","0.013"
"COPACABANA - CIUDADELA EDUCATIVA LA VIDA","2022-07-01","","0.03533333"
"COPACABANA - CIUDADELA EDUCATIVA LA VIDA","2022-06-30","","0.00891304"
"COPACABANA - CIUDADELA EDUCATIVA LA VIDA","2022-06-29","","0.11"
"COPACABANA - CIUDADELA EDUCATIVA LA VIDA","2022-06-28","","0.12895833"
"COPACABANA - CIUDADELA EDUCATIVA LA VIDA","2022-06-27","","0.00345833"
"COPACABANA - CIUDADELA EDUCATIVA LA VIDA","2022-06-26","","0.02358333"
"COPACABANA - CIUDADELA EDUCATIVA LA VIDA","2022-06-25","","0.11816667"
"COPACABANA - CIUDADELA EDUCATIVA LA VIDA","2022-06-24","","0.003125"
"COPACABANA - CIUDADELA EDUCATIVA LA VIDA","2022-06-23","","0.00575"
"COPACABANA - CIUDADELA EDUCATIVA LA VIDA","2022-06-22","","0.02316667"
"COPACABANA - CIUDADELA EDUCATIVA LA VIDA","2022-06-21","","0.00429167"
"COPACABANA - CIUDADELA EDUCATIVA LA VIDA","2022-06-20","","0.041375"
"COPACABANA - CIUDADELA EDUCATIVA LA VIDA","2022-06-19","","0.00570833"
"COPACABANA - CIUDADELA EDUCATIVA LA VIDA","2022-06-18","","0.06058333"
"COPACABANA - CIUDADELA EDUCATIVA LA VIDA","2022-06-17","","0.03720833"
"COPACABANA - CIUDADELA EDUCATIVA LA VIDA","2022-06-16","","0.037125"
"COPACABANA - CIUDADELA EDUCATIVA LA VIDA","2022-06-15","","0.11116667"
"COPACABANA - CIUDADELA EDUCATIVA LA VIDA","2022-06-14","","0.057625"
"COPACABANA - CIUDADELA EDUCATIVA LA VIDA","2022-06-13","","0.00216667"
"COPACABANA - CIUDADELA EDUCATIVA LA VIDA","2022-06-12","","0.0645"
"COPACABANA - CIUDADELA EDUCATIVA LA VIDA","2022-06-11","","0.18883333"
"COPACABANA - CIUDADELA EDUCATIVA LA VIDA","2022-06-10","","4.1667E-4"
"COPACABANA - CIUDADELA EDUCATIVA LA VIDA","2022-06-09","","0.01341667"
"COPACABANA - CIUDADELA EDUCATIVA LA VIDA","2022-06-08","","0.03720833"
"COPACABANA - CIUDADELA EDUCATIVA LA VIDA","2022-06-07","","0.01341667"
"COPACABANA - CIUDADELA EDUCATIVA LA VIDA","2022-06-06","","0.11429167"
"COPACABANA - CIUDADELA EDUCATIVA LA VIDA","2022-06-05","","0.03116667"
"COPACABANA - CIUDADELA EDUCATIVA LA VIDA","2022-06-04","","0.01104167"
"COPACABANA - CIUDADELA EDUCATIVA LA VIDA","2022-06-03","","0.01079167"
"COPACABANA - CIUDADELA EDUCATIVA LA VIDA","2022-06-02","","0.07708333"
"COPACABANA - CIUDADELA EDUCATIVA LA VIDA","2022-06-01","","0.04475"
"COPACABANA - CIUDADELA EDUCATIVA LA VIDA","2022-05-31","","0.02621739"
"COPACABANA - CIUDADELA EDUCATIVA LA VIDA","2022-05-30","","0.05866667"
"COPACABANA - CIUDADELA EDUCATIVA LA VIDA","2022-05-29","","0.03433333"
"COPACABANA - CIUDADELA EDUCATIVA LA VIDA","2022-05-28","","0.00504167"
"COPACABANA - CIUDADELA EDUCATIVA LA VIDA","2022-05-27","","5.8333E-4"
"COPACABANA - CIUDADELA EDUCATIVA LA VIDA","2022-05-26","","0.00108333"
"COPACABANA - CIUDADELA EDUCATIVA LA VIDA","2022-05-25","","1.25E-4"
"COPACABANA - CIUDADELA EDUCATIVA LA VIDA","2022-05-24","","0.0"
"COPACABANA - CIUDADELA EDUCATIVA LA VIDA","2022-05-23","","3.75E-4"
"COPACABANA - CIUDADELA EDUCATIVA LA VIDA","2022-05-22","","0.072625"
"COPACABANA - CIUDADELA EDUCATIVA LA VIDA","2022-05-21","","0.01733333"
"COPACABANA - CIUDADELA EDUCATIVA LA VIDA","2022-05-20","","0.12554167"
"COPACABANA - CIUDADELA EDUCATIVA LA VIDA","2022-05-19","","0.01195833"
"COPACABANA - CIUDADELA EDUCATIVA LA VIDA","2022-05-18","","0.03545833"
"COPACABANA - CIUDADELA EDUCATIVA LA VIDA","2022-05-17","","0.018"
"COPACABANA - CIUDADELA EDUCATIVA LA VIDA","2022-05-16","","0.04758333"
"COPACABANA - CIUDADELA EDUCATIVA LA VIDA","2022-05-15","","0.05054167"
"COPACABANA - CIUDADELA EDUCATIVA LA VIDA","2022-05-14","","0.05079167"
"COPACABANA - CIUDADELA EDUCATIVA LA VIDA","2022-05-13","","0.00466667"
"COPACABANA - CIUDADELA EDUCATIVA LA VIDA","2022-05-12","","0.01516667"
"COPACABANA - CIUDADELA EDUCATIVA LA VIDA","2022-05-11","","0.0915"
"COPACABANA - CIUDADELA EDUCATIVA LA VIDA","2022-05-10","","0.00447826"
"COPACABANA - CIUDADELA EDUCATIVA LA VIDA","2022-05-09","","0.0695"
"COPACABANA - CIUDADELA EDUCATIVA LA VIDA","2022-05-08","","0.03954167"
"COPACABANA - CIUDADELA EDUCATIVA LA VIDA","2022-05-07","","0.03916667"
"COPACABANA - CIUDADELA EDUCATIVA LA VIDA","2022-05-06","","0.11416667"
"COPACABANA - CIUDADELA EDUCATIVA LA VIDA","2022-05-05","","0.03025"
"COPACABANA - CIUDADELA EDUCATIVA LA VIDA","2022-05-04","","0.00816667"
"COPACABANA - CIUDADELA EDUCATIVA LA VIDA","2022-05-03","","0.0"
"COPACABANA - CIUDADELA EDUCATIVA LA VIDA","2022-05-02","","0.0"
"COPACABANA - CIUDADELA EDUCATIVA LA VIDA","2022-05-01","","0.0"
"COPACABANA - CIUDADELA EDUCATIVA LA VIDA","2022-04-30","","0.0"
"COPACABANA - CIUDADELA EDUCATIVA LA VIDA","2022-04-29","","0.01658333"
"COPACABANA - CIUDADELA EDUCATIVA LA VIDA","2022-04-28","","0.03370833"
"COPACABANA - CIUDADELA EDUCATIVA LA VIDA","2022-04-27","","0.14483333"
"COPACABANA - CIUDADELA EDUCATIVA LA VIDA","2022-04-26","","0.16825"
"COPACABANA - CIUDADELA EDUCATIVA LA VIDA","2022-04-25","","0.002"
"COPACABANA - CIUDADELA EDUCATIVA LA VIDA","2022-04-24","","2.0833E-4"
"COPACABANA - CIUDADELA EDUCATIVA LA VIDA","2022-04-23","","0.01379167"
"COPACABANA - CIUDADELA EDUCATIVA LA VIDA","2022-04-22","","0.03033333"
"COPACABANA - CIUDADELA EDUCATIVA LA VIDA","2022-04-21","","0.06275"
"COPACABANA - CIUDADELA EDUCATIVA LA VIDA","2022-04-20","","0.01520833"
"COPACABANA - CIUDADELA EDUCATIVA LA VIDA","2022-04-19","","0.03141667"
"COPACABANA - CIUDADELA EDUCATIVA LA VIDA","2022-04-18","","0.016375"
"COPACABANA - CIUDADELA EDUCATIVA LA VIDA","2022-04-17","","0.00566667"
"COPACABANA - CIUDADELA EDUCATIVA LA VIDA","2022-04-16","","2.5E-4"
"COPACABANA - CIUDADELA EDUCATIVA LA VIDA","2022-04-15","","1.25E-4"
"COPACABANA - CIUDADELA EDUCATIVA LA VIDA","2022-04-14","","1.6667E-4"
"COPACABANA - CIUDADELA EDUCATIVA LA VIDA","2022-04-13","","3.3333E-4"
"COPACABANA - CIUDADELA EDUCATIVA LA VIDA","2022-04-12","","0.00745833"
"COPACABANA - CIUDADELA EDUCATIVA LA VIDA","2022-04-11","","0.0"
"COPACABANA - CIUDADELA EDUCATIVA LA VIDA","2022-04-10","","2.0833E-4"
"COPACABANA - CIUDADELA EDUCATIVA LA VIDA","2022-04-09","","0.008625"
"COPACABANA - CIUDADELA EDUCATIVA LA VIDA","2022-04-08","","0.0195"
"COPACABANA - CIUDADELA EDUCATIVA LA VIDA","2022-04-07","","0.101875"
"COPACABANA - CIUDADELA EDUCATIVA LA VIDA","2022-04-06","","0.111625"
"COPACABANA - CIUDADELA EDUCATIVA LA VIDA","2022-04-05","","0.02383333"
"COPACABANA - CIUDADELA EDUCATIVA LA VIDA","2022-04-04","","0.01158333"
"COPACABANA - CIUDADELA EDUCATIVA LA VIDA","2022-04-03","","0.00920833"
"COPACABANA - CIUDADELA EDUCATIVA LA VIDA","2022-04-02","","0.00158333"
"COPACABANA - CIUDADELA EDUCATIVA LA VIDA","2022-04-01","","0.12179167"
"COPACABANA - CIUDADELA EDUCATIVA LA VIDA","2022-03-31","","0.10456522"
"COPACABANA - CIUDADELA EDUCATIVA LA VIDA","2022-03-30","","0.064875"
"COPACABANA - CIUDADELA EDUCATIVA LA VIDA","2022-03-29","","0.07354167"
"COPACABANA - CIUDADELA EDUCATIVA LA VIDA","2022-03-28","","0.004"
"COPACABANA - CIUDADELA EDUCATIVA LA VIDA","2022-03-27","","0.015"
"COPACABANA - CIUDADELA EDUCATIVA LA VIDA","2022-03-26","","0.01713043"
"COPACABANA - CIUDADELA EDUCATIVA LA VIDA","2022-03-25","","0.12620833"
"COPACABANA - CIUDADELA EDUCATIVA LA VIDA","2022-03-24","","0.00195833"
"COPACABANA - CIUDADELA EDUCATIVA LA VIDA","2022-03-23","","0.00766667"
"COPACABANA - CIUDADELA EDUCATIVA LA VIDA","2022-03-22","","0.01252174"
"COPACABANA - CIUDADELA EDUCATIVA LA VIDA","2022-03-21","","9.5833E-4"
"COPACABANA - CIUDADELA EDUCATIVA LA VIDA","2022-03-20","","0.04470833"
"COPACABANA - CIUDADELA EDUCATIVA LA VIDA","2022-03-19","","0.0"
"COPACABANA - CIUDADELA EDUCATIVA LA VIDA","2022-03-18","","0.00208333"
"COPACABANA - CIUDADELA EDUCATIVA LA VIDA","2022-03-17","","0.015125"
"COPACABANA - CIUDADELA EDUCATIVA LA VIDA","2022-03-16","","0.165125"
"COPACABANA - CIUDADELA EDUCATIVA LA VIDA","2022-03-15","","0.00116667"
"COPACABANA - CIUDADELA EDUCATIVA LA VIDA","2022-03-14","","0.13508333"
"COPACABANA - CIUDADELA EDUCATIVA LA VIDA","2022-03-13","","0.0"
"COPACABANA - CIUDADELA EDUCATIVA LA VIDA","2022-03-12","","0.02441667"
"COPACABANA - CIUDADELA EDUCATIVA LA VIDA","2022-03-11","","0.03429167"
"COPACABANA - CIUDADELA EDUCATIVA LA VIDA","2022-03-10","","0.0"
"COPACABANA - CIUDADELA EDUCATIVA LA VIDA","2022-03-09","","2.0833E-4"
"COPACABANA - CIUDADELA EDUCATIVA LA VIDA","2022-03-08","","0.0"
"COPACABANA - CIUDADELA EDUCATIVA LA VIDA","2022-03-07","","0.0"
"COPACABANA - CIUDADELA EDUCATIVA LA VIDA","2022-03-06","","0.05258333"
"COPACABANA - CIUDADELA EDUCATIVA LA VIDA","2022-03-05","","0.04366667"
"COPACABANA - CIUDADELA EDUCATIVA LA VIDA","2022-03-04","","4.5833E-4"
"COPACABANA - CIUDADELA EDUCATIVA LA VIDA","2022-03-03","","1.25E-4"
"COPACABANA - CIUDADELA EDUCATIVA LA VIDA","2022-03-02","","0.044125"
"COPACABANA - CIUDADELA EDUCATIVA LA VIDA","2022-03-01","","0.04220833"
"COPACABANA - CIUDADELA EDUCATIVA LA VIDA","2022-02-28","","0.11365217"
"COPACABANA - CIUDADELA EDUCATIVA LA VIDA","2022-02-27","","0.14475"
"COPACABANA - CIUDADELA EDUCATIVA LA VIDA","2022-02-26","","0.001"
"COPACABANA - CIUDADELA EDUCATIVA LA VIDA","2022-02-25","","0.0"
"COPACABANA - CIUDADELA EDUCATIVA LA VIDA","2022-02-24","","0.0"
"COPACABANA - CIUDADELA EDUCATIVA LA VIDA","2022-02-23","","4.167E-5"
"COPACABANA - CIUDADELA EDUCATIVA LA VIDA","2022-02-22","","0.006125"
"COPACABANA - CIUDADELA EDUCATIVA LA VIDA","2022-02-21","","0.010375"
"COPACABANA - CIUDADELA EDUCATIVA LA VIDA","2022-02-20","","0.01283333"
"COPACABANA - CIUDADELA EDUCATIVA LA VIDA","2022-02-19","","0.12783333"
"COPACABANA - CIUDADELA EDUCATIVA LA VIDA","2022-02-18","","0.01379167"
"COPACABANA - CIUDADELA EDUCATIVA LA VIDA","2022-02-17","","0.0"
"COPACABANA - CIUDADELA EDUCATIVA LA VIDA","2022-02-16","","0.0"
"COPACABANA - CIUDADELA EDUCATIVA LA VIDA","2022-02-15","","0.0"
"COPACABANA - CIUDADELA EDUCATIVA LA VIDA","2022-02-14","","0.00133333"
"COPACABANA - CIUDADELA EDUCATIVA LA VIDA","2022-02-13","","0.006625"
"COPACABANA - CIUDADELA EDUCATIVA LA VIDA","2022-02-12","","4.1667E-4"
"COPACABANA - CIUDADELA EDUCATIVA LA VIDA","2022-02-11","","4.167E-5"
"COPACABANA - CIUDADELA EDUCATIVA LA VIDA","2022-02-10","","0.0"
"COPACABANA - CIUDADELA EDUCATIVA LA VIDA","2022-02-09","","4.167E-5"
"COPACABANA - CIUDADELA EDUCATIVA LA VIDA","2022-02-08","","0.03979167"
"COPACABANA - CIUDADELA EDUCATIVA LA VIDA","2022-02-07","","0.02145833"
"COPACABANA - CIUDADELA EDUCATIVA LA VIDA","2022-02-06","","0.07854167"
"COPACABANA - CIUDADELA EDUCATIVA LA VIDA","2022-02-05","","0.00575"
"COPACABANA - CIUDADELA EDUCATIVA LA VIDA","2022-02-04","","0.06808333"
"COPACABANA - CIUDADELA EDUCATIVA LA VIDA","2022-02-03","","0.0"
"COPACABANA - CIUDADELA EDUCATIVA LA VIDA","2022-02-02","","0.0"
"COPACABANA - CIUDADELA EDUCATIVA LA VIDA","2022-02-01","","0.0"
"COPACABANA - CIUDADELA EDUCATIVA LA VIDA","2022-01-31","","0.0"
"COPACABANA - CIUDADELA EDUCATIVA LA VIDA","2022-01-30","","5.0E-4"
"COPACABANA - CIUDADELA EDUCATIVA LA VIDA","2022-01-29","","4.1667E-4"
"COPACABANA - CIUDADELA EDUCATIVA LA VIDA","2022-01-28","","6.25E-4"
"COPACABANA - CIUDADELA EDUCATIVA LA VIDA","2022-01-27","","8.333E-5"
"COPACABANA - CIUDADELA EDUCATIVA LA VIDA","2022-01-26","","1.6667E-4"
"COPACABANA - CIUDADELA EDUCATIVA LA VIDA","2022-01-25","","4.5833E-4"
"COPACABANA - CIUDADELA EDUCATIVA LA VIDA","2022-01-24","","0.0"
"COPACABANA - CIUDADELA EDUCATIVA LA VIDA","2022-01-23","","3.3333E-4"
"COPACABANA - CIUDADELA EDUCATIVA LA VIDA","2022-01-22","","8.333E-5"
"COPACABANA - CIUDADELA EDUCATIVA LA VIDA","2022-01-21","","8.333E-5"
"COPACABANA - CIUDADELA EDUCATIVA LA VIDA","2022-01-20","","0.0"
"COPACABANA - CIUDADELA EDUCATIVA LA VIDA","2022-01-19","","2.5E-4"
"COPACABANA - CIUDADELA EDUCATIVA LA VIDA","2022-01-18","","0.00429167"
"COPACABANA - CIUDADELA EDUCATIVA LA VIDA","2022-01-17","","4.167E-5"
"COPACABANA - CIUDADELA EDUCATIVA LA VIDA","2022-01-16","","5.8333E-4"
"COPACABANA - CIUDADELA EDUCATIVA LA VIDA","2022-01-15","","5.4167E-4"
"COPACABANA - CIUDADELA EDUCATIVA LA VIDA","2022-01-14","","0.00633333"
"COPACABANA - CIUDADELA EDUCATIVA LA VIDA","2022-01-13","","0.0215"
"COPACABANA - CIUDADELA EDUCATIVA LA VIDA","2022-01-12","","2.9167E-4"
"COPACABANA - CIUDADELA EDUCATIVA LA VIDA","2022-01-11","","2.0833E-4"
"COPACABANA - CIUDADELA EDUCATIVA LA VIDA","2022-01-10","","0.01508333"
"COPACABANA - CIUDADELA EDUCATIVA LA VIDA","2022-01-09","","1.6667E-4"
"COPACABANA - CIUDADELA EDUCATIVA LA VIDA","2022-01-08","","0.00104167"
"COPACABANA - CIUDADELA EDUCATIVA LA VIDA","2022-01-07","","0.008"
"COPACABANA - CIUDADELA EDUCATIVA LA VIDA","2022-01-06","","0.08579167"
"COPACABANA - CIUDADELA EDUCATIVA LA VIDA","2022-01-05","","3.75E-4"
"COPACABANA - CIUDADELA EDUCATIVA LA VIDA","2022-01-04","","1.25E-4"
"COPACABANA - CIUDADELA EDUCATIVA LA VIDA","2022-01-03","","8.75E-4"
"COPACABANA - CIUDADELA EDUCATIVA LA VIDA","2022-01-02","","0.01658333"
"COPACABANA - CIUDADELA EDUCATIVA LA VIDA","2022-01-01","","0.00120833"
"COPACABANA - CIUDADELA EDUCATIVA LA VIDA","2021-12-31","","0.00234783"
"COPACABANA - CIUDADELA EDUCATIVA LA VIDA","2021-12-30","","0.00325"
"COPACABANA - CIUDADELA EDUCATIVA LA VIDA","2021-12-29","","0.03091667"
"COPACABANA - CIUDADELA EDUCATIVA LA VIDA","2021-12-28","","8.3333E-4"
"COPACABANA - CIUDADELA EDUCATIVA LA VIDA","2021-12-27","","0.006875"
"COPACABANA - CIUDADELA EDUCATIVA LA VIDA","2021-12-26","","7.9167E-4"
"COPACABANA - CIUDADELA EDUCATIVA LA VIDA","2021-12-25","","8.3333E-4"
"COPACABANA - CIUDADELA EDUCATIVA LA VIDA","2021-12-24","","3.3333E-4"
"COPACABANA - CIUDADELA EDUCATIVA LA VIDA","2021-12-23","","7.0833E-4"
"COPACABANA - CIUDADELA EDUCATIVA LA VIDA","2021-12-22","","7.0833E-4"
"COPACABANA - CIUDADELA EDUCATIVA LA VIDA","2021-12-21","","3.3333E-4"
"COPACABANA - CIUDADELA EDUCATIVA LA VIDA","2021-12-20","","0.00933333"
"COPACABANA - CIUDADELA EDUCATIVA LA VIDA","2021-12-19","","7.9167E-4"
"COPACABANA - CIUDADELA EDUCATIVA LA VIDA","2021-12-18","","0.005625"
"COPACABANA - CIUDADELA EDUCATIVA LA VIDA","2021-12-17","","0.02920833"
"COPACABANA - CIUDADELA EDUCATIVA LA VIDA","2021-12-16","","2.0833E-4"
"COPACABANA - CIUDADELA EDUCATIVA LA VIDA","2021-12-15","","0.00183333"
"COPACABANA - CIUDADELA EDUCATIVA LA VIDA","2021-12-14","","1.6667E-4"
"COPACABANA - CIUDADELA EDUCATIVA LA VIDA","2021-12-13","","1.6667E-4"
"COPACABANA - CIUDADELA EDUCATIVA LA VIDA","2021-12-12","","4.167E-5"
"COPACABANA - CIUDADELA EDUCATIVA LA VIDA","2021-12-11","","4.167E-5"
"COPACABANA - CIUDADELA EDUCATIVA LA VIDA","2021-12-10","","3.3333E-4"
"COPACABANA - CIUDADELA EDUCATIVA LA VIDA","2021-12-09","","0.0"
"COPACABANA - CIUDADELA EDUCATIVA LA VIDA","2021-12-08","","8.75E-4"
"COPACABANA - CIUDADELA EDUCATIVA LA VIDA","2021-12-07","","4.5833E-4"
"COPACABANA - CIUDADELA EDUCATIVA LA VIDA","2021-12-06","","0.00245833"
"COPACABANA - CIUDADELA EDUCATIVA LA VIDA","2021-12-05","","7.9167E-4"
"COPACABANA - CIUDADELA EDUCATIVA LA VIDA","2021-12-04","","0.02241667"
"COPACABANA - CIUDADELA EDUCATIVA LA VIDA","2021-12-03","","0.01666667"
"COPACABANA - CIUDADELA EDUCATIVA LA VIDA","2021-12-02","","8.333E-5"
"COPACABANA - CIUDADELA EDUCATIVA LA VIDA","2021-12-01","","0.00591667"
"COPACABANA - CIUDADELA EDUCATIVA LA VIDA","2021-11-30","","0.00713043"
"COPACABANA - CIUDADELA EDUCATIVA LA VIDA","2021-11-29","","0.00375"
"COPACABANA - CIUDADELA EDUCATIVA LA VIDA","2021-11-28","","5.8333E-4"
"COPACABANA - CIUDADELA EDUCATIVA LA VIDA","2021-11-27","","0.03025"
"COPACABANA - CIUDADELA EDUCATIVA LA VIDA","2021-11-26","","0.03108333"
"COPACABANA - CIUDADELA EDUCATIVA LA VIDA","2021-11-25","","0.05029167"
"COPACABANA - CIUDADELA EDUCATIVA LA VIDA","2021-11-24","","0.09143478"
"COPACABANA - CIUDADELA EDUCATIVA LA VIDA","2021-11-23","","0.055125"
"COPACABANA - CIUDADELA EDUCATIVA LA VIDA","2021-11-22","","0.03579167"
"COPACABANA - CIUDADELA EDUCATIVA LA VIDA","2021-11-21","","8.3333E-4"
"COPACABANA - CIUDADELA EDUCATIVA LA VIDA","2021-11-20","","0.02204545"
"COPACABANA - CIUDADELA EDUCATIVA LA VIDA","2021-11-19","","0.18366667"
"COPACABANA - CIUDADELA EDUCATIVA LA VIDA","2021-11-18","","5.263E-5"
"COPACABANA - CIUDADELA EDUCATIVA LA VIDA","2021-11-17","","0.0"
"COPACABANA - CIUDADELA EDUCATIVA LA VIDA","2021-11-16","","0.0"
"COPACABANA - CIUDADELA EDUCATIVA LA VIDA","2021-11-15","","0.0045"
"COPACABANA - CIUDADELA EDUCATIVA LA VIDA","2021-11-14","","0.006875"
"COPACABANA - CIUDADELA EDUCATIVA LA VIDA","2021-11-13","","0.0295"
"COPACABANA - CIUDADELA EDUCATIVA LA VIDA","2021-11-12","","2.7778E-4"
"COPACABANA - CIUDADELA EDUCATIVA LA VIDA","2021-11-11","","0.0"
"COPACABANA - CIUDADELA EDUCATIVA LA VIDA","2021-11-10","","8.2609E-4"
"COPACABANA - CIUDADELA EDUCATIVA LA VIDA","2021-11-09","","0.08816667"
"COPACABANA - CIUDADELA EDUCATIVA LA VIDA","2021-11-08","","0.033375"
"COPACABANA - CIUDADELA EDUCATIVA LA VIDA","2021-11-07","","0.00341667"
"COPACABANA - CIUDADELA EDUCATIVA LA VIDA","2021-11-06","","0.00120833"
"COPACABANA - CIUDADELA EDUCATIVA LA VIDA","2021-11-05","","0.0"
"COPACABANA - CIUDADELA EDUCATIVA LA VIDA","2021-11-04","","0.06975"
"COPACABANA - CIUDADELA EDUCATIVA LA VIDA","2021-11-03","","0.01458333"
"COPACABANA - CIUDADELA EDUCATIVA LA VIDA","2021-11-02","","0.04081818"
"COPACABANA - CIUDADELA EDUCATIVA LA VIDA","2021-11-01","","0.0076087"
"COPACABANA - CIUDADELA EDUCATIVA LA VIDA","2021-10-31","","0.12665217"
"COPACABANA - CIUDADELA EDUCATIVA LA VIDA","2021-10-30","","0.07120833"
"COPACABANA - CIUDADELA EDUCATIVA LA VIDA","2021-10-29","","0.02925"
"COPACABANA - CIUDADELA EDUCATIVA LA VIDA","2021-10-28","","0.05791667"
"COPACABANA - CIUDADELA EDUCATIVA LA VIDA","2021-10-27","","0.03079167"
"COPACABANA - CIUDADELA EDUCATIVA LA VIDA","2021-10-26","","0.28233333"
"COPACABANA - CIUDADELA EDUCATIVA LA VIDA","2021-10-25","","0.0"
"COPACABANA - CIUDADELA EDUCATIVA LA VIDA","2021-10-24","","8.333E-5"
"COPACABANA - CIUDADELA EDUCATIVA LA VIDA","2021-10-23","","4.167E-5"
"COPACABANA - CIUDADELA EDUCATIVA LA VIDA","2021-10-22","","0.08433333"
"COPACABANA - CIUDADELA EDUCATIVA LA VIDA","2021-10-21","","0.01579167"
"COPACABANA - CIUDADELA EDUCATIVA LA VIDA","2021-10-20","","8.75E-4"
"COPACABANA - CIUDADELA EDUCATIVA LA VIDA","2021-10-19","","0.00833333"
"COPACABANA - CIUDADELA EDUCATIVA LA VIDA","2021-10-18","","3.75E-4"
"COPACABANA - CIUDADELA EDUCATIVA LA VIDA","2021-10-17","","0.03520833"
"COPACABANA - CIUDADELA EDUCATIVA LA VIDA","2021-10-16","","0.15720833"
"COPACABANA - CIUDADELA EDUCATIVA LA VIDA","2021-10-15","","0.00225"
"COPACABANA - CIUDADELA EDUCATIVA LA VIDA","2021-10-14","","0.02154167"
"COPACABANA - CIUDADELA EDUCATIVA LA VIDA","2021-10-13","","0.06208333"
"COPACABANA - CIUDADELA EDUCATIVA LA VIDA","2021-10-12","","3.75E-4"
"COPACABANA - CIUDADELA EDUCATIVA LA VIDA","2021-10-11","","0.066375"
"COPACABANA - CIUDADELA EDUCATIVA LA VIDA","2021-10-10","","0.01645833"
"COPACABANA - CIUDADELA EDUCATIVA LA VIDA","2021-10-09","","0.110375"
"COPACABANA - CIUDADELA EDUCATIVA LA VIDA","2021-10-08","","4.5833E-4"
"COPACABANA - CIUDADELA EDUCATIVA LA VIDA","2021-10-07","","0.0"
"COPACABANA - CIUDADELA EDUCATIVA LA VIDA","2021-10-06","","0.06033333"
"COPACABANA - CIUDADELA EDUCATIVA LA VIDA","2021-10-05","","0.04145833"
"COPACABANA - CIUDADELA EDUCATIVA LA VIDA","2021-10-04","","0.0"
"COPACABANA - CIUDADELA EDUCATIVA LA VIDA","2021-10-03","","4.5833E-4"
"COPACABANA - CIUDADELA EDUCATIVA LA VIDA","2021-10-02","","0.0245"
"COPACABANA - CIUDADELA EDUCATIVA LA VIDA","2021-10-01","","0.00104167"
"COPACABANA - CIUDADELA EDUCATIVA LA VIDA","2021-09-30","","0.01708696"
"COPACABANA - CIUDADELA EDUCATIVA LA VIDA","2021-09-29","","0.00604167"
"COPACABANA - CIUDADELA EDUCATIVA LA VIDA","2021-09-28","","0.01008333"
"COPACABANA - CIUDADELA EDUCATIVA LA VIDA","2021-09-27","","0.0"
"COPACABANA - CIUDADELA EDUCATIVA LA VIDA","2021-09-26","","2.0833E-4"
"COPACABANA - CIUDADELA EDUCATIVA LA VIDA","2021-09-25","","2.5E-4"
"COPACABANA - CIUDADELA EDUCATIVA LA VIDA","2021-09-24","","0.03266667"
"COPACABANA - CIUDADELA EDUCATIVA LA VIDA","2021-09-23","","0.101625"
"COPACABANA - CIUDADELA EDUCATIVA LA VIDA","2021-09-22","","0.1205"
"COPACABANA - CIUDADELA EDUCATIVA LA VIDA","2021-09-21","","0.04091667"
"COPACABANA - CIUDADELA EDUCATIVA LA VIDA","2021-09-20","","8.3333E-4"
"COPACABANA - CIUDADELA EDUCATIVA LA VIDA","2021-09-19","","0.06920833"
"COPACABANA - CIUDADELA EDUCATIVA LA VIDA","2021-09-18","","5.8333E-4"
"COPACABANA - CIUDADELA EDUCATIVA LA VIDA","2021-09-17","","0.0"
"COPACABANA - CIUDADELA EDUCATIVA LA VIDA","2021-09-16","","4.167E-5"
"COPACABANA - CIUDADELA EDUCATIVA LA VIDA","2021-09-15","","0.07"
"COPACABANA - CIUDADELA EDUCATIVA LA VIDA","2021-09-14","","0.00454167"
"COPACABANA - CIUDADELA EDUCATIVA LA VIDA","2021-09-13","","0.00241667"
"COPACABANA - CIUDADELA EDUCATIVA LA VIDA","2021-09-12","","0.01233333"
"COPACABANA - CIUDADELA EDUCATIVA LA VIDA","2021-09-11","","0.01504167"
"COPACABANA - CIUDADELA EDUCATIVA LA VIDA","2021-09-10","","0.014125"
"COPACABANA - CIUDADELA EDUCATIVA LA VIDA","2021-09-09","","0.01583333"
"COPACABANA - CIUDADELA EDUCATIVA LA VIDA","2021-09-08","","0.08495833"
"COPACABANA - CIUDADELA EDUCATIVA LA VIDA","2021-09-07","","0.15970833"
"COPACABANA - CIUDADELA EDUCATIVA LA VIDA","2021-09-06","","0.018875"
"COPACABANA - CIUDADELA EDUCATIVA LA VIDA","2021-09-05","","0.20620833"
"COPACABANA - CIUDADELA EDUCATIVA LA VIDA","2021-09-04","","0.02745833"
"COPACABANA - CIUDADELA EDUCATIVA LA VIDA","2021-09-03","","0.00216667"
"COPACABANA - CIUDADELA EDUCATIVA LA VIDA","2021-09-02","","0.00170833"
"COPACABANA - CIUDADELA EDUCATIVA LA VIDA","2021-09-01","","0.03945833"
"COPACABANA - CIUDADELA EDUCATIVA LA VIDA","2021-08-31","","0.03295652"
"COPACABANA - CIUDADELA EDUCATIVA LA VIDA","2021-08-30","","0.066125"
"COPACABANA - CIUDADELA EDUCATIVA LA VIDA","2021-08-29","","0.013375"
"COPACABANA - CIUDADELA EDUCATIVA LA VIDA","2021-08-28","","0.01804167"
"COPACABANA - CIUDADELA EDUCATIVA LA VIDA","2021-08-27","","0.006875"
"COPACABANA - CIUDADELA EDUCATIVA LA VIDA","2021-08-26","","0.00245833"
"COPACABANA - CIUDADELA EDUCATIVA LA VIDA","2021-08-25","","0.06654167"
"COPACABANA - CIUDADELA EDUCATIVA LA VIDA","2021-08-24","","0.03875"
"COPACABANA - CIUDADELA EDUCATIVA LA VIDA","2021-08-23","","0.26029167"
"COPACABANA - CIUDADELA EDUCATIVA LA VIDA","2021-08-22","","2.0833E-4"
"COPACABANA - CIUDADELA EDUCATIVA LA VIDA","2021-08-21","","0.0"
"COPACABANA - CIUDADELA EDUCATIVA LA VIDA","2021-08-20","","0.005"
"COPACABANA - CIUDADELA EDUCATIVA LA VIDA","2021-08-19","","0.05654167"
"COPACABANA - CIUDADELA EDUCATIVA LA VIDA","2021-08-18","","0.01554167"
"COPACABANA - CIUDADELA EDUCATIVA LA VIDA","2021-08-17","","0.07983333"
"COPACABANA - CIUDADELA EDUCATIVA LA VIDA","2021-08-16","","0.09625"
"COPACABANA - CIUDADELA EDUCATIVA LA VIDA","2021-08-15","","0.10675"
"COPACABANA - CIUDADELA EDUCATIVA LA VIDA","2021-08-14","","0.18408333"
"COPACABANA - CIUDADELA EDUCATIVA LA VIDA","2021-08-13","","0.054"
"COPACABANA - CIUDADELA EDUCATIVA LA VIDA","2021-08-12","","0.06275"
"COPACABANA - CIUDADELA EDUCATIVA LA VIDA","2021-08-11","","0.003"
"COPACABANA - CIUDADELA EDUCATIVA LA VIDA","2021-08-10","","0.05415"
"COPACABANA - CIUDADELA EDUCATIVA LA VIDA","2021-08-09","","0.0"
"COPACABANA - CIUDADELA EDUCATIVA LA VIDA","2021-08-08","","0.00894737"
"COPACABANA - CIUDADELA EDUCATIVA LA VIDA","2021-08-07","","5.882E-5"
"COPACABANA - CIUDADELA EDUCATIVA LA VIDA","2021-08-06","","4.167E-5"
"COPACABANA - CIUDADELA EDUCATIVA LA VIDA","2021-08-05","","0.0"
"COPACABANA - CIUDADELA EDUCATIVA LA VIDA","2021-08-04","","0.0"
"COPACABANA - CIUDADELA EDUCATIVA LA VIDA","2021-08-03","","0.0"
"COPACABANA - CIUDADELA EDUCATIVA LA VIDA","2021-08-02","","4.167E-5"
"COPACABANA - CIUDADELA EDUCATIVA LA VIDA","2021-08-01","","4.167E-5"
"COPACABANA - CIUDADELA EDUCATIVA LA VIDA","2021-07-31","","0.0"
"COPACABANA - CIUDADELA EDUCATIVA LA VIDA","2021-07-30","","0.11241667"
"COPACABANA - CIUDADELA EDUCATIVA LA VIDA","2021-07-29","","0.0045"
"COPACABANA - CIUDADELA EDUCATIVA LA VIDA","2021-07-28","","1.6667E-4"
"COPACABANA - CIUDADELA EDUCATIVA LA VIDA","2021-07-27","","0.05558333"
"COPACABANA - CIUDADELA EDUCATIVA LA VIDA","2021-07-26","","0.01895833"
"COPACABANA - CIUDADELA EDUCATIVA LA VIDA","2021-07-25","","0.04620833"
"COPACABANA - CIUDADELA EDUCATIVA LA VIDA","2021-07-24","","0.017"
"COPACABANA - CIUDADELA EDUCATIVA LA VIDA","2021-07-23","","4.167E-5"
"COPACABANA - CIUDADELA EDUCATIVA LA VIDA","2021-07-22","","0.0"
"COPACABANA - CIUDADELA EDUCATIVA LA VIDA","2021-07-21","","4.167E-5"
"COPACABANA - CIUDADELA EDUCATIVA LA VIDA","2021-07-20","","1.6667E-4"
"COPACABANA - CIUDADELA EDUCATIVA LA VIDA","2021-07-19","","4.167E-5"
"COPACABANA - CIUDADELA EDUCATIVA LA VIDA","2021-07-18","","0.06254167"
"COPACABANA - CIUDADELA EDUCATIVA LA VIDA","2021-07-17","","0.07141667"
"COPACABANA - CIUDADELA EDUCATIVA LA VIDA","2021-07-16","","0.08466667"
"COPACABANA - CIUDADELA EDUCATIVA LA VIDA","2021-07-15","","0.02516667"
"COPACABANA - CIUDADELA EDUCATIVA LA VIDA","2021-07-14","","0.0"
"COPACABANA - CIUDADELA EDUCATIVA LA VIDA","2021-07-13","","0.00491667"
"COPACABANA - CIUDADELA EDUCATIVA LA VIDA","2021-07-12","","0.00166667"
"COPACABANA - CIUDADELA EDUCATIVA LA VIDA","2021-07-11","","0.02395833"
"COPACABANA - CIUDADELA EDUCATIVA LA VIDA","2021-07-10","","0.00879167"
"COPACABANA - CIUDADELA EDUCATIVA LA VIDA","2021-07-09","","0.03945833"
"COPACABANA - CIUDADELA EDUCATIVA LA VIDA","2021-07-08","","0.01558333"
"COPACABANA - CIUDADELA EDUCATIVA LA VIDA","2021-07-07","","0.00383333"
"COPACABANA - CIUDADELA EDUCATIVA LA VIDA","2021-07-06","","1.25E-4"
"COPACABANA - CIUDADELA EDUCATIVA LA VIDA","2021-07-05","","0.00195833"
"COPACABANA - CIUDADELA EDUCATIVA LA VIDA","2021-07-04","","0.0015"
"COPACABANA - CIUDADELA EDUCATIVA LA VIDA","2021-07-03","","4.167E-5"
"COPACABANA - CIUDADELA EDUCATIVA LA VIDA","2021-07-02","","7.9167E-4"
"COPACABANA - CIUDADELA EDUCATIVA LA VIDA","2021-07-01","","0.0"
"COPACABANA - CIUDADELA EDUCATIVA LA VIDA","2021-06-30","","2.1739E-4"
"COPACABANA - CIUDADELA EDUCATIVA LA VIDA","2021-06-29","","0.00479167"
"COPACABANA - CIUDADELA EDUCATIVA LA VIDA","2021-06-28","","0.03166667"
"COPACABANA - CIUDADELA EDUCATIVA LA VIDA","2021-06-27","","0.02175"
"COPACABANA - CIUDADELA EDUCATIVA LA VIDA","2021-06-26","","0.00958333"
"COPACABANA - CIUDADELA EDUCATIVA LA VIDA","2021-06-25","","0.05308333"
"COPACABANA - CIUDADELA EDUCATIVA LA VIDA","2021-06-24","","0.10325"
"COPACABANA - CIUDADELA EDUCATIVA LA VIDA","2021-06-23","","0.08358333"
"COPACABANA - CIUDADELA EDUCATIVA LA VIDA","2021-06-22","","0.02416667"
"COPACABANA - CIUDADELA EDUCATIVA LA VIDA","2021-06-21","","0.00166667"
"COPACABANA - CIUDADELA EDUCATIVA LA VIDA","2021-06-20","","0.10170833"
"COPACABANA - CIUDADELA EDUCATIVA LA VIDA","2021-06-19","","0.04133333"
"COPACABANA - CIUDADELA EDUCATIVA LA VIDA","2021-06-18","","0.02433333"
"COPACABANA - CIUDADELA EDUCATIVA LA VIDA","2021-06-17","","0.03175"
"COPACABANA - CIUDADELA EDUCATIVA LA VIDA","2021-06-16","","0.00604167"
"COPACABANA - CIUDADELA EDUCATIVA LA VIDA","2021-06-15","","0.00558333"
"COPACABANA - CIUDADELA EDUCATIVA LA VIDA","2021-06-14","","0.05908333"
"COPACABANA - CIUDADELA EDUCATIVA LA VIDA","2021-06-13","","0.01454167"
"COPACABANA - CIUDADELA EDUCATIVA LA VIDA","2021-06-12","","0.00720833"
"COPACABANA - CIUDADELA EDUCATIVA LA VIDA","2021-06-11","","0.08054167"
"COPACABANA - CIUDADELA EDUCATIVA LA VIDA","2021-06-10","","2.5E-4"
"COPACABANA - CIUDADELA EDUCATIVA LA VIDA","2021-06-09","","0.01720833"
"COPACABANA - CIUDADELA EDUCATIVA LA VIDA","2021-06-08","","0.19441667"
"COPACABANA - CIUDADELA EDUCATIVA LA VIDA","2021-06-07","","0.01516667"
"COPACABANA - CIUDADELA EDUCATIVA LA VIDA","2021-06-06","","0.03370833"
"COPACABANA - CIUDADELA EDUCATIVA LA VIDA","2021-06-05","","2.9167E-4"
"COPACABANA - CIUDADELA EDUCATIVA LA VIDA","2021-06-04","","4.1667E-4"
"COPACABANA - CIUDADELA EDUCATIVA LA VIDA","2021-06-03","","0.00266667"
"COPACABANA - CIUDADELA EDUCATIVA LA VIDA","2021-06-02","","0.10895833"
"COPACABANA - CIUDADELA EDUCATIVA LA VIDA","2021-06-01","","0.10433333"
"COPACABANA - CIUDADELA EDUCATIVA LA VIDA","2021-05-31","","0.10991304"
"COPACABANA - CIUDADELA EDUCATIVA LA VIDA","2021-05-30","","0.03033333"
"COPACABANA - CIUDADELA EDUCATIVA LA VIDA","2021-05-29","","0.01058333"
"COPACABANA - CIUDADELA EDUCATIVA LA VIDA","2021-05-28","","0.00554167"
"COPACABANA - CIUDADELA EDUCATIVA LA VIDA","2021-05-27","","0.02875"
"COPACABANA - CIUDADELA EDUCATIVA LA VIDA","2021-05-26","","0.04979167"
"COPACABANA - CIUDADELA EDUCATIVA LA VIDA","2021-05-25","","0.033"
"COPACABANA - CIUDADELA EDUCATIVA LA VIDA","2021-05-24","","0.00758333"
"COPACABANA - CIUDADELA EDUCATIVA LA VIDA","2021-05-23","","0.01058333"
"COPACABANA - CIUDADELA EDUCATIVA LA VIDA","2021-05-22","","0.09154167"
"COPACABANA - CIUDADELA EDUCATIVA LA VIDA","2021-05-21","","0.0"
"COPACABANA - CIUDADELA EDUCATIVA LA VIDA","2021-05-20","","4.348E-5"
"COPACABANA - CIUDADELA EDUCATIVA LA VIDA","2021-05-19","","4.167E-5"
"COPACABANA - CIUDADELA EDUCATIVA LA VIDA","2021-05-18","","0.01254167"
"COPACABANA - CIUDADELA EDUCATIVA LA VIDA","2021-05-17","","0.08979167"
"COPACABANA - CIUDADELA EDUCATIVA LA VIDA","2021-05-16","","0.07691667"
"COPACABANA - CIUDADELA EDUCATIVA LA VIDA","2021-05-15","","0.01682609"
"COPACABANA - CIUDADELA EDUCATIVA LA VIDA","2021-05-14","","0.03075"
"COPACABANA - CIUDADELA EDUCATIVA LA VIDA","2021-05-13","","0.01241667"
"COPACABANA - CIUDADELA EDUCATIVA LA VIDA","2021-05-12","","0.00595833"
"COPACABANA - CIUDADELA EDUCATIVA LA VIDA","2021-05-11","","8.333E-5"
"COPACABANA - CIUDADELA EDUCATIVA LA VIDA","2021-05-10","","0.01143478"
"COPACABANA - CIUDADELA EDUCATIVA LA VIDA","2021-05-09","","0.004375"
"COPACABANA - CIUDADELA EDUCATIVA LA VIDA","2021-05-08","","0.02379167"
"COPACABANA - CIUDADELA EDUCATIVA LA VIDA","2021-05-07","","0.01379167"
"COPACABANA - CIUDADELA EDUCATIVA LA VIDA","2021-05-06","","0.04233333"
"COPACABANA - CIUDADELA EDUCATIVA LA VIDA","2021-05-05","","0.0343913"
"COPACABANA - CIUDADELA EDUCATIVA LA VIDA","2021-05-04","","0.11054167"
"COPACABANA - CIUDADELA EDUCATIVA LA VIDA","2021-05-03","","0.18133333"
"COPACABANA - CIUDADELA EDUCATIVA LA VIDA","2021-05-02","","0.2065"
"COPACABANA - CIUDADELA EDUCATIVA LA VIDA","2021-05-01","","6.25E-4"
"COPACABANA - CIUDADELA EDUCATIVA LA VIDA","2021-04-30","","0.00908333"
"COPACABANA - CIUDADELA EDUCATIVA LA VIDA","2021-04-29","","0.0225"
"COPACABANA - CIUDADELA EDUCATIVA LA VIDA","2021-04-28","","0.19145833"
"COPACABANA - CIUDADELA EDUCATIVA LA VIDA","2021-04-27","","0.047625"
"COPACABANA - CIUDADELA EDUCATIVA LA VIDA","2021-04-26","","0.12758333"
"COPACABANA - CIUDADELA EDUCATIVA LA VIDA","2021-04-25","","4.1667E-4"
"COPACABANA - CIUDADELA EDUCATIVA LA VIDA","2021-04-24","","9.1667E-4"
"COPACABANA - CIUDADELA EDUCATIVA LA VIDA","2021-04-23","","7.5E-4"
"COPACABANA - CIUDADELA EDUCATIVA LA VIDA","2021-04-22","","0.0"
"COPACABANA - CIUDADELA EDUCATIVA LA VIDA","2021-04-21","","0.0"
"COPACABANA - CIUDADELA EDUCATIVA LA VIDA","2021-04-20","","1.25E-4"
"COPACABANA - CIUDADELA EDUCATIVA LA VIDA","2021-04-19","","0.0"
"COPACABANA - CIUDADELA EDUCATIVA LA VIDA","2021-04-18","","0.0"
"COPACABANA - CIUDADELA EDUCATIVA LA VIDA","2021-04-17","","0.00125"
"COPACABANA - CIUDADELA EDUCATIVA LA VIDA","2021-04-16","","0.00804167"
"COPACABANA - CIUDADELA EDUCATIVA LA VIDA","2021-04-15","","0.05941667"
"COPACABANA - CIUDADELA EDUCATIVA LA VIDA","2021-04-14","","2.0833E-4"
"COPACABANA - CIUDADELA EDUCATIVA LA VIDA","2021-04-13","","0.0"
"COPACABANA - CIUDADELA EDUCATIVA LA VIDA","2021-04-12","","0.00154167"
"COPACABANA - CIUDADELA EDUCATIVA LA VIDA","2021-04-11","","0.00483333"
"COPACABANA - CIUDADELA EDUCATIVA LA VIDA","2021-04-10","","0.00233333"
"COPACABANA - CIUDADELA EDUCATIVA LA VIDA","2021-04-09","","0.02116667"
"COPACABANA - CIUDADELA EDUCATIVA LA VIDA","2021-04-08","","5.4167E-4"
"COPACABANA - CIUDADELA EDUCATIVA LA VIDA","2021-04-07","","8.3333E-4"
"COPACABANA - CIUDADELA EDUCATIVA LA VIDA","2021-04-06","","0.065375"
"COPACABANA - CIUDADELA EDUCATIVA LA VIDA","2021-04-05","","0.06170833"
"COPACABANA - CIUDADELA EDUCATIVA LA VIDA","2021-04-04","","0.001125"
"COPACABANA - CIUDADELA EDUCATIVA LA VIDA","2021-04-03","","0.06841667"
"COPACABANA - CIUDADELA EDUCATIVA LA VIDA","2021-04-02","","0.024375"
"COPACABANA - CIUDADELA EDUCATIVA LA VIDA","2021-04-01","","6.087E-4"
"COPACABANA - CIUDADELA EDUCATIVA LA VIDA","2021-03-31","","0.0"
"COPACABANA - CIUDADELA EDUCATIVA LA VIDA","2021-03-30","","4.1667E-4"
"COPACABANA - CIUDADELA EDUCATIVA LA VIDA","2021-03-29","","2.0833E-4"
"COPACABANA - CIUDADELA EDUCATIVA LA VIDA","2021-03-28","","0.00191667"
"COPACABANA - CIUDADELA EDUCATIVA LA VIDA","2021-03-27","","0.001125"
"COPACABANA - CIUDADELA EDUCATIVA LA VIDA","2021-03-26","","0.00158333"
"COPACABANA - CIUDADELA EDUCATIVA LA VIDA","2021-03-25","","0.01558333"
"COPACABANA - CIUDADELA EDUCATIVA LA VIDA","2021-03-24","","0.02141667"
"COPACABANA - CIUDADELA EDUCATIVA LA VIDA","2021-03-23","","0.06791667"
"COPACABANA - CIUDADELA EDUCATIVA LA VIDA","2021-03-22","","0.07804167"
"COPACABANA - CIUDADELA EDUCATIVA LA VIDA","2021-03-21","","0.04404167"
"COPACABANA - CIUDADELA EDUCATIVA LA VIDA","2021-03-20","","0.054375"
"COPACABANA - CIUDADELA EDUCATIVA LA VIDA","2021-03-19","","3.3333E-4"
"COPACABANA - CIUDADELA EDUCATIVA LA VIDA","2021-03-18","","0.077"
"COPACABANA - CIUDADELA EDUCATIVA LA VIDA","2021-03-17","","0.20183333"
"COPACABANA - CIUDADELA EDUCATIVA LA VIDA","2021-03-16","","0.001875"
"COPACABANA - CIUDADELA EDUCATIVA LA VIDA","2021-03-15","","0.02708333"
"COPACABANA - CIUDADELA EDUCATIVA LA VIDA","2021-03-14","","3.3333E-4"
"COPACABANA - CIUDADELA EDUCATIVA LA VIDA","2021-03-13","","4.5833E-4"
"COPACABANA - CIUDADELA EDUCATIVA LA VIDA","2021-03-12","","0.01945833"
"COPACABANA - CIUDADELA EDUCATIVA LA VIDA","2021-03-11","","0.14004167"
"COPACABANA - CIUDADELA EDUCATIVA LA VIDA","2021-03-10","","0.04820833"
"COPACABANA - CIUDADELA EDUCATIVA LA VIDA","2021-03-09","","5.0E-4"
"COPACABANA - CIUDADELA EDUCATIVA LA VIDA","2021-03-08","","0.11770833"
"COPACABANA - CIUDADELA EDUCATIVA LA VIDA","2021-03-07","","0.055375"
"COPACABANA - CIUDADELA EDUCATIVA LA VIDA","2021-03-06","","0.00491667"
"COPACABANA - CIUDADELA EDUCATIVA LA VIDA","2021-03-05","","0.00175"
"COPACABANA - CIUDADELA EDUCATIVA LA VIDA","2021-03-04","","0.015875"
"COPACABANA - CIUDADELA EDUCATIVA LA VIDA","2021-03-03","","4.167E-5"
"COPACABANA - CIUDADELA EDUCATIVA LA VIDA","2021-03-02","","1.6667E-4"
"COPACABANA - CIUDADELA EDUCATIVA LA VIDA","2021-03-01","","0.32395833"
"COPACABANA - CIUDADELA EDUCATIVA LA VIDA","2021-02-28","","0.15285106"
"COPACABANA - CIUDADELA EDUCATIVA LA VIDA","2021-02-27","","0.03008333"
"COPACABANA - CIUDADELA EDUCATIVA LA VIDA","2021-02-26","","0.00358333"
"COPACABANA - CIUDADELA EDUCATIVA LA VIDA","2021-02-25","","0.00383333"
"COPACABANA - CIUDADELA EDUCATIVA LA VIDA","2021-02-24","","4.167E-5"
"COPACABANA - CIUDADELA EDUCATIVA LA VIDA","2021-02-23","","0.0025"
"COPACABANA - CIUDADELA EDUCATIVA LA VIDA","2021-02-22","","2.0833E-4"
"COPACABANA - CIUDADELA EDUCATIVA LA VIDA","2021-02-21","","0.007875"
"COPACABANA - CIUDADELA EDUCATIVA LA VIDA","2021-02-20","","0.01608333"
"COPACABANA - CIUDADELA EDUCATIVA LA VIDA","2021-02-19","","0.00233333"
"COPACABANA - CIUDADELA EDUCATIVA LA VIDA","2021-02-18","","0.225875"
"COPACABANA - CIUDADELA EDUCATIVA LA VIDA","2021-02-17","","0.00275"
"COPACABANA - CIUDADELA EDUCATIVA LA VIDA","2021-02-16","","0.0"
"COPACABANA - CIUDADELA EDUCATIVA LA VIDA","2021-02-15","","0.0"
"COPACABANA - CIUDADELA EDUCATIVA LA VIDA","2021-02-14","","0.0"
"COPACABANA - CIUDADELA EDUCATIVA LA VIDA","2021-02-13","","0.002"
"COPACABANA - CIUDADELA EDUCATIVA LA VIDA","2021-02-12","","3.75E-4"
"COPACABANA - CIUDADELA EDUCATIVA LA VIDA","2021-02-11","","0.0"
"COPACABANA - CIUDADELA EDUCATIVA LA VIDA","2021-02-10","","0.0065"
"COPACABANA - CIUDADELA EDUCATIVA LA VIDA","2021-02-09","","0.03791667"
"COPACABANA - CIUDADELA EDUCATIVA LA VIDA","2021-02-08","","0.06195833"
"COPACABANA - CIUDADELA EDUCATIVA LA VIDA","2021-02-07","","4.167E-5"
"COPACABANA - CIUDADELA EDUCATIVA LA VIDA","2021-02-06","","0.00529167"
"COPACABANA - CIUDADELA EDUCATIVA LA VIDA","2021-02-05","","0.00108333"
"COPACABANA - CIUDADELA EDUCATIVA LA VIDA","2021-02-04","","0.00204167"
"COPACABANA - CIUDADELA EDUCATIVA LA VIDA","2021-02-03","","2.5E-4"
"COPACABANA - CIUDADELA EDUCATIVA LA VIDA","2021-02-02","","0.00308333"
"COPACABANA - CIUDADELA EDUCATIVA LA VIDA","2021-02-01","","0.0"
"COPACABANA - CIUDADELA EDUCATIVA LA VIDA","2021-01-31","","0.0"
"COPACABANA - CIUDADELA EDUCATIVA LA VIDA","2021-01-30","","0.0"
"COPACABANA - CIUDADELA EDUCATIVA LA VIDA","2021-01-29","","0.0"
"COPACABANA - CIUDADELA EDUCATIVA LA VIDA","2021-01-28","","0.0"
"COPACABANA - CIUDADELA EDUCATIVA LA VIDA","2021-01-27","","1.6667E-4"
"COPACABANA - CIUDADELA EDUCATIVA LA VIDA","2021-01-26","","8.333E-5"
"COPACABANA - CIUDADELA EDUCATIVA LA VIDA","2021-01-25","","0.0"
"COPACABANA - CIUDADELA EDUCATIVA LA VIDA","2021-01-24","","0.01941667"
"COPACABANA - CIUDADELA EDUCATIVA LA VIDA","2021-01-23","","0.00554167"
"COPACABANA - CIUDADELA EDUCATIVA LA VIDA","2021-01-22","","0.0015"
"COPACABANA - CIUDADELA EDUCATIVA LA VIDA","2021-01-21","","0.00104167"
"COPACABANA - CIUDADELA EDUCATIVA LA VIDA","2021-01-20","","0.0"
"COPACABANA - CIUDADELA EDUCATIVA LA VIDA","2021-01-19","","0.0"
"COPACABANA - CIUDADELA EDUCATIVA LA VIDA","2021-01-18","","0.0"
"COPACABANA - CIUDADELA EDUCATIVA LA VIDA","2021-01-17","","2.5E-4"
"COPACABANA - CIUDADELA EDUCATIVA LA VIDA","2021-01-16","","5.8333E-4"
"COPACABANA - CIUDADELA EDUCATIVA LA VIDA","2021-01-15","","0.0"
"COPACABANA - CIUDADELA EDUCATIVA LA VIDA","2021-01-14","","0.00170833"
"COPACABANA - CIUDADELA EDUCATIVA LA VIDA","2021-01-13","","9.1667E-4"
"COPACABANA - CIUDADELA EDUCATIVA LA VIDA","2021-01-12","","2.0833E-4"
"COPACABANA - CIUDADELA EDUCATIVA LA VIDA","2021-01-11","","0.07529167"
"COPACABANA - CIUDADELA EDUCATIVA LA VIDA","2021-01-10","","0.030875"
"COPACABANA - CIUDADELA EDUCATIVA LA VIDA","2021-01-09","","8.3333E-4"
"COPACABANA - CIUDADELA EDUCATIVA LA VIDA","2021-01-08","","0.0825"
"COPACABANA - CIUDADELA EDUCATIVA LA VIDA","2021-01-07","","0.0"
"COPACABANA - CIUDADELA EDUCATIVA LA VIDA","2021-01-06","","0.00145833"
"COPACABANA - CIUDADELA EDUCATIVA LA VIDA","2021-01-05","","0.0"
"COPACABANA - CIUDADELA EDUCATIVA LA VIDA","2021-01-04","","4.1667E-4"
"COPACABANA - CIUDADELA EDUCATIVA LA VIDA","2021-01-03","","0.0"
"COPACABANA - CIUDADELA EDUCATIVA LA VIDA","2021-01-02","","8.75E-4"
"COPACABANA - CIUDADELA EDUCATIVA LA VIDA","2021-01-01","","0.00166667"
"COPACABANA - CIUDADELA EDUCATIVA LA VIDA","2020-12-31","","1.25E-4"
"COPACABANA - CIUDADELA EDUCATIVA LA VIDA","2020-12-30","","1.25E-4"
"COPACABANA - CIUDADELA EDUCATIVA LA VIDA","2020-12-29","","1.6667E-4"
"COPACABANA - CIUDADELA EDUCATIVA LA VIDA","2020-12-28","","2.0833E-4"
"COPACABANA - CIUDADELA EDUCATIVA LA VIDA","2020-12-27","","0.01766667"
"COPACABANA - CIUDADELA EDUCATIVA LA VIDA","2020-12-26","","0.003125"
"COPACABANA - CIUDADELA EDUCATIVA LA VIDA","2020-12-25","","0.00533333"
"COPACABANA - CIUDADELA EDUCATIVA LA VIDA","2020-12-24","","0.0645"
"COPACABANA - CIUDADELA EDUCATIVA LA VIDA","2020-12-23","","8.333E-5"
"COPACABANA - CIUDADELA EDUCATIVA LA VIDA","2020-12-22","","8.3333E-4"
"COPACABANA - CIUDADELA EDUCATIVA LA VIDA","2020-12-21","","7.0833E-4"
"COPACABANA - CIUDADELA EDUCATIVA LA VIDA","2020-12-20","","0.12216667"
"COPACABANA - CIUDADELA EDUCATIVA LA VIDA","2020-12-19","","0.00154167"
"COPACABANA - CIUDADELA EDUCATIVA LA VIDA","2020-12-18","","0.02658333"
"COPACABANA - CIUDADELA EDUCATIVA LA VIDA","2020-12-17","","0.00304167"
"COPACABANA - CIUDADELA EDUCATIVA LA VIDA","2020-12-16","","0.00125"
"COPACABANA - CIUDADELA EDUCATIVA LA VIDA","2020-12-15","","4.5833E-4"
"COPACABANA - CIUDADELA EDUCATIVA LA VIDA","2020-12-14","","2.0833E-4"
"COPACABANA - CIUDADELA EDUCATIVA LA VIDA","2020-12-13","","5.4167E-4"
"COPACABANA - CIUDADELA EDUCATIVA LA VIDA","2020-12-12","","6.25E-4"
"COPACABANA - CIUDADELA EDUCATIVA LA VIDA","2020-12-11","","1.25E-4"
"COPACABANA - CIUDADELA EDUCATIVA LA VIDA","2020-12-10","","2.9167E-4"
"COPACABANA - CIUDADELA EDUCATIVA LA VIDA","2020-12-09","","2.0833E-4"
"COPACABANA - CIUDADELA EDUCATIVA LA VIDA","2020-12-08","","0.00891667"
"COPACABANA - CIUDADELA EDUCATIVA LA VIDA","2020-12-07","","5.8333E-4"
"COPACABANA - CIUDADELA EDUCATIVA LA VIDA","2020-12-06","","0.00766667"
"COPACABANA - CIUDADELA EDUCATIVA LA VIDA","2020-12-05","","1.25E-4"
"COPACABANA - CIUDADELA EDUCATIVA LA VIDA","2020-12-04","","0.0"
"COPACABANA - CIUDADELA EDUCATIVA LA VIDA","2020-12-03","","0.07754167"
"COPACABANA - CIUDADELA EDUCATIVA LA VIDA","2020-12-02","","0.04054167"
"COPACABANA - CIUDADELA EDUCATIVA LA VIDA","2020-12-01","","0.02229167"
"COPACABANA - CIUDADELA EDUCATIVA LA VIDA","2020-11-30","","0.14608333"
"COPACABANA - CIUDADELA EDUCATIVA LA VIDA","2020-11-29","","0.0"
"COPACABANA - CIUDADELA EDUCATIVA LA VIDA","2020-11-28","","0.01633333"
"COPACABANA - CIUDADELA EDUCATIVA LA VIDA","2020-11-27","","0.033875"
"COPACABANA - CIUDADELA EDUCATIVA LA VIDA","2020-11-26","","1.6667E-4"
"COPACABANA - CIUDADELA EDUCATIVA LA VIDA","2020-11-25","","2.0833E-4"
"COPACABANA - CIUDADELA EDUCATIVA LA VIDA","2020-11-24","","0.0"
"COPACABANA - CIUDADELA EDUCATIVA LA VIDA","2020-11-23","","4.167E-5"
"COPACABANA - CIUDADELA EDUCATIVA LA VIDA","2020-11-22","","6.6667E-4"
"COPACABANA - CIUDADELA EDUCATIVA LA VIDA","2020-11-21","","3.3333E-4"
"COPACABANA - CIUDADELA EDUCATIVA LA VIDA","2020-11-20","","0.021375"
"COPACABANA - CIUDADELA EDUCATIVA LA VIDA","2020-11-19","","0.0"
"COPACABANA - CIUDADELA EDUCATIVA LA VIDA","2020-11-18","","0.004"
"COPACABANA - CIUDADELA EDUCATIVA LA VIDA","2020-11-17","","0.012875"
"COPACABANA - CIUDADELA EDUCATIVA LA VIDA","2020-11-16","","0.00516667"
"COPACABANA - CIUDADELA EDUCATIVA LA VIDA","2020-11-15","","0.08025"
"COPACABANA - CIUDADELA EDUCATIVA LA VIDA","2020-11-14","","0.03104167"
"COPACABANA - CIUDADELA EDUCATIVA LA VIDA","2020-11-13","","0.24354167"
"COPACABANA - CIUDADELA EDUCATIVA LA VIDA","2020-11-12","","0.004625"
"COPACABANA - CIUDADELA EDUCATIVA LA VIDA","2020-11-11","","0.01366667"
"COPACABANA - CIUDADELA EDUCATIVA LA VIDA","2020-11-10","","0.04120833"
"COPACABANA - CIUDADELA EDUCATIVA LA VIDA","2020-11-09","","0.02691667"
"COPACABANA - CIUDADELA EDUCATIVA LA VIDA","2020-11-08","","2.0833E-4"
"COPACABANA - CIUDADELA EDUCATIVA LA VIDA","2020-11-07","","0.1405"
"COPACABANA - CIUDADELA EDUCATIVA LA VIDA","2020-11-06","","0.0175"
"COPACABANA - CIUDADELA EDUCATIVA LA VIDA","2020-11-05","","0.00633333"
"COPACABANA - CIUDADELA EDUCATIVA LA VIDA","2020-11-04","","0.00179167"
"COPACABANA - CIUDADELA EDUCATIVA LA VIDA","2020-11-03","","0.09808333"
"COPACABANA - CIUDADELA EDUCATIVA LA VIDA","2020-11-02","","0.00404167"
"COPACABANA - CIUDADELA EDUCATIVA LA VIDA","2020-11-01","","0.05483333"
"COPACABANA - CIUDADELA EDUCATIVA LA VIDA","2020-10-31","","0.10075"
"COPACABANA - CIUDADELA EDUCATIVA LA VIDA","2020-10-30","","0.00179167"
"COPACABANA - CIUDADELA EDUCATIVA LA VIDA","2020-10-29","","0.060875"
"COPACABANA - CIUDADELA EDUCATIVA LA VIDA","2020-10-28","","0.00379167"
"COPACABANA - CIUDADELA EDUCATIVA LA VIDA","2020-10-27","","0.18829167"
"COPACABANA - CIUDADELA EDUCATIVA LA VIDA","2020-10-26","","8.333E-5"
"COPACABANA - CIUDADELA EDUCATIVA LA VIDA","2020-10-25","","0.00379167"
"COPACABANA - CIUDADELA EDUCATIVA LA VIDA","2020-10-24","","0.07758333"
"COPACABANA - CIUDADELA EDUCATIVA LA VIDA","2020-10-23","","0.22958333"
"COPACABANA - CIUDADELA EDUCATIVA LA VIDA","2020-10-22","","3.3333E-4"
"COPACABANA - CIUDADELA EDUCATIVA LA VIDA","2020-10-21","","0.0"
"COPACABANA - CIUDADELA EDUCATIVA LA VIDA","2020-10-20","","0.0055"
"COPACABANA - CIUDADELA EDUCATIVA LA VIDA","2020-10-19","","0.00295833"
"COPACABANA - CIUDADELA EDUCATIVA LA VIDA","2020-10-18","","6.25E-4"
"COPACABANA - CIUDADELA EDUCATIVA LA VIDA","2020-10-17","","0.0"
"COPACABANA - CIUDADELA EDUCATIVA LA VIDA","2020-10-16","","0.0"
"COPACABANA - CIUDADELA EDUCATIVA LA VIDA","2020-10-15","","4.167E-5"
"COPACABANA - CIUDADELA EDUCATIVA LA VIDA","2020-10-14","","1.6667E-4"
"COPACABANA - CIUDADELA EDUCATIVA LA VIDA","2020-10-13","","0.05579167"
"COPACABANA - CIUDADELA EDUCATIVA LA VIDA","2020-10-12","","1.25E-4"
"COPACABANA - CIUDADELA EDUCATIVA LA VIDA","2020-10-11","","2.0833E-4"
"COPACABANA - CIUDADELA EDUCATIVA LA VIDA","2020-10-10","","0.0"
"COPACABANA - CIUDADELA EDUCATIVA LA VIDA","2020-10-09","","0.001875"
"COPACABANA - CIUDADELA EDUCATIVA LA VIDA","2020-10-08","","8.333E-5"
"COPACABANA - CIUDADELA EDUCATIVA LA VIDA","2020-10-07","","1.25E-4"
"COPACABANA - CIUDADELA EDUCATIVA LA VIDA","2020-10-06","","0.01783333"
"COPACABANA - CIUDADELA EDUCATIVA LA VIDA","2020-10-05","","0.011375"
"COPACABANA - CIUDADELA EDUCATIVA LA VIDA","2020-10-04","","0.06545833"
"COPACABANA - CIUDADELA EDUCATIVA LA VIDA","2020-10-03","","0.059625"
"COPACABANA - CIUDADELA EDUCATIVA LA VIDA","2020-10-02","","0.027125"
"COPACABANA - CIUDADELA EDUCATIVA LA VIDA","2020-10-01","","0.0"
"COPACABANA - CIUDADELA EDUCATIVA LA VIDA","2020-09-30","","0.10195833"
"COPACABANA - CIUDADELA EDUCATIVA LA VIDA","2020-09-29","","0.01120833"
"COPACABANA - CIUDADELA EDUCATIVA LA VIDA","2020-09-28","","2.9167E-4"
"COPACABANA - CIUDADELA EDUCATIVA LA VIDA","2020-09-27","","6.25E-4"
"COPACABANA - CIUDADELA EDUCATIVA LA VIDA","2020-09-26","","0.02745833"
"COPACABANA - CIUDADELA EDUCATIVA LA VIDA","2020-09-25","","1.25E-4"
"COPACABANA - CIUDADELA EDUCATIVA LA VIDA","2020-09-24","","0.01366667"
"COPACABANA - CIUDADELA EDUCATIVA LA VIDA","2020-09-23","","5.0E-4"
"COPACABANA - CIUDADELA EDUCATIVA LA VIDA","2020-09-22","","0.01083333"
"COPACABANA - CIUDADELA EDUCATIVA LA VIDA","2020-09-21","","0.00708333"
"COPACABANA - CIUDADELA EDUCATIVA LA VIDA","2020-09-20","","0.06083333"
"COPACABANA - CIUDADELA EDUCATIVA LA VIDA","2020-09-19","","0.00833333"
"COPACABANA - CIUDADELA EDUCATIVA LA VIDA","2020-09-18","","0.09254167"
"COPACABANA - CIUDADELA EDUCATIVA LA VIDA","2020-09-17","","8.75E-4"
"COPACABANA - CIUDADELA EDUCATIVA LA VIDA","2020-09-16","","0.017625"
"COPACABANA - CIUDADELA EDUCATIVA LA VIDA","2020-09-15","","0.011"
"COPACABANA - CIUDADELA EDUCATIVA LA VIDA","2020-09-14","","2.9167E-4"
"COPACABANA - CIUDADELA EDUCATIVA LA VIDA","2020-09-13","","0.01683333"
"COPACABANA - CIUDADELA EDUCATIVA LA VIDA","2020-09-12","","0.19475"
"COPACABANA - CIUDADELA EDUCATIVA LA VIDA","2020-09-11","","0.00183333"
"COPACABANA - CIUDADELA EDUCATIVA LA VIDA","2020-09-10","","0.05454167"
"COPACABANA - CIUDADELA EDUCATIVA LA VIDA","2020-09-09","","4.167E-5"
"COPACABANA - CIUDADELA EDUCATIVA LA VIDA","2020-09-08","","0.049"
"COPACABANA - CIUDADELA EDUCATIVA LA VIDA","2020-09-07","","0.060125"
"COPACABANA - CIUDADELA EDUCATIVA LA VIDA","2020-09-06","","0.05716667"
"COPACABANA - CIUDADELA EDUCATIVA LA VIDA","2020-09-05","","0.09020833"
"COPACABANA - CIUDADELA EDUCATIVA LA VIDA","2020-09-04","","0.10416667"
"COPACABANA - CIUDADELA EDUCATIVA LA VIDA","2020-09-03","","0.22733333"
"COPACABANA - CIUDADELA EDUCATIVA LA VIDA","2020-09-02","","0.003125"
"COPACABANA - CIUDADELA EDUCATIVA LA VIDA","2020-09-01","","0.20883333"
"COPACABANA - CIUDADELA EDUCATIVA LA VIDA","2020-08-31","","0.11804167"
"COPACABANA - CIUDADELA EDUCATIVA LA VIDA","2020-08-30","","0.00158333"
"COPACABANA - CIUDADELA EDUCATIVA LA VIDA","2020-08-29","","4.5833E-4"
"COPACABANA - CIUDADELA EDUCATIVA LA VIDA","2020-08-28","","0.04695833"
"COPACABANA - CIUDADELA EDUCATIVA LA VIDA","2020-08-27","","5.8333E-4"
"COPACABANA - CIUDADELA EDUCATIVA LA VIDA","2020-08-26","","0.02429167"
"COPACABANA - CIUDADELA EDUCATIVA LA VIDA","2020-08-25","","0.02920833"
"COPACABANA - CIUDADELA EDUCATIVA LA VIDA","2020-08-24","","0.04154167"
"COPACABANA - CIUDADELA EDUCATIVA LA VIDA","2020-08-23","","0.01866667"
"COPACABANA - CIUDADELA EDUCATIVA LA VIDA","2020-08-22","","0.03083333"
"COPACABANA - CIUDADELA EDUCATIVA LA VIDA","2020-08-21","","0.00258333"
"COPACABANA - CIUDADELA EDUCATIVA LA VIDA","2020-08-20","","0.1085"
"COPACABANA - CIUDADELA EDUCATIVA LA VIDA","2020-08-19","","0.08504167"
"COPACABANA - CIUDADELA EDUCATIVA LA VIDA","2020-08-18","","0.00283333"
"COPACABANA - CIUDADELA EDUCATIVA LA VIDA","2020-08-17","","0.06795833"
"COPACABANA - CIUDADELA EDUCATIVA LA VIDA","2020-08-16","","0.01"
"COPACABANA - CIUDADELA EDUCATIVA LA VIDA","2020-08-15","","0.047875"
"COPACABANA - CIUDADELA EDUCATIVA LA VIDA","2020-08-14","","0.02004167"
"COPACABANA - CIUDADELA EDUCATIVA LA VIDA","2020-08-13","","0.073125"
"COPACABANA - CIUDADELA EDUCATIVA LA VIDA","2020-08-12","","0.03916667"
"COPACABANA - CIUDADELA EDUCATIVA LA VIDA","2020-08-11","","0.03829167"
"COPACABANA - CIUDADELA EDUCATIVA LA VIDA","2020-08-10","","1.25E-4"
"COPACABANA - CIUDADELA EDUCATIVA LA VIDA","2020-08-09","","2.0833E-4"
"COPACABANA - CIUDADELA EDUCATIVA LA VIDA","2020-08-08","","8.333E-5"
"COPACABANA - CIUDADELA EDUCATIVA LA VIDA","2020-08-07","","0.0"
"COPACABANA - CIUDADELA EDUCATIVA LA VIDA","2020-08-06","","0.00191667"
"COPACABANA - CIUDADELA EDUCATIVA LA VIDA","2020-08-05","","4.167E-5"
"COPACABANA - CIUDADELA EDUCATIVA LA VIDA","2020-08-04","","0.00125"
"COPACABANA - CIUDADELA EDUCATIVA LA VIDA","2020-08-03","","1.6667E-4"
"COPACABANA - CIUDADELA EDUCATIVA LA VIDA","2020-08-02","","0.0"
"COPACABANA - CIUDADELA EDUCATIVA LA VIDA","2020-08-01","","0.00629167"
"COPACABANA - CIUDADELA EDUCATIVA LA VIDA","2020-07-31","","1.25E-4"
"COPACABANA - CIUDADELA EDUCATIVA LA VIDA","2020-07-30","","4.1667E-4"
"COPACABANA - CIUDADELA EDUCATIVA LA VIDA","2020-07-29","","0.00970833"
"COPACABANA - CIUDADELA EDUCATIVA LA VIDA","2020-07-28","","0.04216667"
"COPACABANA - CIUDADELA EDUCATIVA LA VIDA","2020-07-27","","0.06554167"
"COPACABANA - CIUDADELA EDUCATIVA LA VIDA","2020-07-26","","0.0045"
"COPACABANA - CIUDADELA EDUCATIVA LA VIDA","2020-07-25","","0.02391667"
"COPACABANA - CIUDADELA EDUCATIVA LA VIDA","2020-07-24","","0.20425"
"COPACABANA - CIUDADELA EDUCATIVA LA VIDA","2020-07-23","","0.09441667"
"COPACABANA - CIUDADELA EDUCATIVA LA VIDA","2020-07-22","","0.02316667"
"COPACABANA - CIUDADELA EDUCATIVA LA VIDA","2020-07-21","","0.02975"
"COPACABANA - CIUDADELA EDUCATIVA LA VIDA","2020-07-20","","0.00104167"
"COPACABANA - CIUDADELA EDUCATIVA LA VIDA","2020-07-19","","0.0"
"COPACABANA - CIUDADELA EDUCATIVA LA VIDA","2020-07-18","","1.25E-4"
"COPACABANA - CIUDADELA EDUCATIVA LA VIDA","2020-07-17","","4.167E-5"
"COPACABANA - CIUDADELA EDUCATIVA LA VIDA","2020-07-16","","3.75E-4"
"COPACABANA - CIUDADELA EDUCATIVA LA VIDA","2020-07-15","","4.167E-5"
"COPACABANA - CIUDADELA EDUCATIVA LA VIDA","2020-07-14","","0.06704167"
"COPACABANA - CIUDADELA EDUCATIVA LA VIDA","2020-07-13","","0.06529167"
"COPACABANA - CIUDADELA EDUCATIVA LA VIDA","2020-07-12","","0.05675"
"COPACABANA - CIUDADELA EDUCATIVA LA VIDA","2020-07-11","","0.06541667"
"COPACABANA - CIUDADELA EDUCATIVA LA VIDA","2020-07-10","","0.00575"
"COPACABANA - CIUDADELA EDUCATIVA LA VIDA","2020-07-09","","0.01995833"
"COPACABANA - CIUDADELA EDUCATIVA LA VIDA","2020-07-08","","0.08383333"
"COPACABANA - CIUDADELA EDUCATIVA LA VIDA","2020-07-07","","0.03466667"
"COPACABANA - CIUDADELA EDUCATIVA LA VIDA","2020-07-06","","0.00275"
"COPACABANA - CIUDADELA EDUCATIVA LA VIDA","2020-07-05","","0.02083333"
"COPACABANA - CIUDADELA EDUCATIVA LA VIDA","2020-07-04","","0.13079167"
"COPACABANA - CIUDADELA EDUCATIVA LA VIDA","2020-07-03","","0.03508333"
"COPACABANA - CIUDADELA EDUCATIVA LA VIDA","2020-07-02","","0.07629167"
"COPACABANA - CIUDADELA EDUCATIVA LA VIDA","2020-07-01","","0.14141667"
"COPACABANA - CIUDADELA EDUCATIVA LA VIDA","2020-06-30","","0.00208333"
"COPACABANA - CIUDADELA EDUCATIVA LA VIDA","2020-06-29","","2.9167E-4"
"COPACABANA - CIUDADELA EDUCATIVA LA VIDA","2020-06-28","","0.06070833"
"COPACABANA - CIUDADELA EDUCATIVA LA VIDA","2020-06-27","","0.034375"
"COPACABANA - CIUDADELA EDUCATIVA LA VIDA","2020-06-26","","0.028875"
"COPACABANA - CIUDADELA EDUCATIVA LA VIDA","2020-06-25","","0.005625"
"COPACABANA - CIUDADELA EDUCATIVA LA VIDA","2020-06-24","","1.25E-4"
"COPACABANA - CIUDADELA EDUCATIVA LA VIDA","2020-06-23","","0.003"
"COPACABANA - CIUDADELA EDUCATIVA LA VIDA","2020-06-22","","0.013"
"COPACABANA - CIUDADELA EDUCATIVA LA VIDA","2020-06-21","","0.00333333"
"COPACABANA - CIUDADELA EDUCATIVA LA VIDA","2020-06-20","","0.08491667"
"COPACABANA - CIUDADELA EDUCATIVA LA VIDA","2020-06-19","","0.02795833"
"COPACABANA - CIUDADELA EDUCATIVA LA VIDA","2020-06-18","","0.04041667"
"COPACABANA - CIUDADELA EDUCATIVA LA VIDA","2020-06-17","","0.02133333"
"COPACABANA - CIUDADELA EDUCATIVA LA VIDA","2020-06-16","","0.00420833"
"COPACABANA - CIUDADELA EDUCATIVA LA VIDA","2020-06-15","","0.005625"
"COPACABANA - CIUDADELA EDUCATIVA LA VIDA","2020-06-14","","0.01870833"
"COPACABANA - CIUDADELA EDUCATIVA LA VIDA","2020-06-13","","8.333E-5"
"COPACABANA - CIUDADELA EDUCATIVA LA VIDA","2020-06-12","","0.06283333"
"COPACABANA - CIUDADELA EDUCATIVA LA VIDA","2020-06-11","","0.06179167"
"COPACABANA - CIUDADELA EDUCATIVA LA VIDA","2020-06-10","","0.00858333"
"COPACABANA - CIUDADELA EDUCATIVA LA VIDA","2020-06-09","","0.006375"
"COPACABANA - CIUDADELA EDUCATIVA LA VIDA","2020-06-08","","2.0833E-4"
"COPACABANA - CIUDADELA EDUCATIVA LA VIDA","2020-06-07","","0.0"
"COPACABANA - CIUDADELA EDUCATIVA LA VIDA","2020-06-06","","0.01029167"
"COPACABANA - CIUDADELA EDUCATIVA LA VIDA","2020-06-05","","5.0E-4"
"COPACABANA - CIUDADELA EDUCATIVA LA VIDA","2020-06-04","","0.0"
"COPACABANA - CIUDADELA EDUCATIVA LA VIDA","2020-06-03","","0.01554167"
"COPACABANA - CIUDADELA EDUCATIVA LA VIDA","2020-06-02","","1.6667E-4"
"COPACABANA - CIUDADELA EDUCATIVA LA VIDA","2020-06-01","","0.00741667"
"COPACABANA - CIUDADELA EDUCATIVA LA VIDA","2020-05-31","","0.01170833"
"COPACABANA - CIUDADELA EDUCATIVA LA VIDA","2020-05-30","","0.11033333"
"COPACABANA - CIUDADELA EDUCATIVA LA VIDA","2020-05-29","","0.00941667"
"COPACABANA - CIUDADELA EDUCATIVA LA VIDA","2020-05-28","","0.00420833"
"COPACABANA - CIUDADELA EDUCATIVA LA VIDA","2020-05-27","","0.01320833"
"COPACABANA - CIUDADELA EDUCATIVA LA VIDA","2020-05-26","","0.0"
"COPACABANA - CIUDADELA EDUCATIVA LA VIDA","2020-05-25","","1.6667E-4"
"COPACABANA - CIUDADELA EDUCATIVA LA VIDA","2020-05-24","","0.002625"
"COPACABANA - CIUDADELA EDUCATIVA LA VIDA","2020-05-23","","0.0"
"COPACABANA - CIUDADELA EDUCATIVA LA VIDA","2020-05-22","","2.9167E-4"
"COPACABANA - CIUDADELA EDUCATIVA LA VIDA","2020-05-21","","0.0"
"COPACABANA - CIUDADELA EDUCATIVA LA VIDA","2020-05-20","","2.5E-4"
"COPACABANA - CIUDADELA EDUCATIVA LA VIDA","2020-05-19","","0.06541667"
"COPACABANA - CIUDADELA EDUCATIVA LA VIDA","2020-05-18","","0.00208333"
"COPACABANA - CIUDADELA EDUCATIVA LA VIDA","2020-05-17","","0.010125"
"COPACABANA - CIUDADELA EDUCATIVA LA VIDA","2020-05-16","","0.025125"
"COPACABANA - CIUDADELA EDUCATIVA LA VIDA","2020-05-15","","1.6667E-4"
"COPACABANA - CIUDADELA EDUCATIVA LA VIDA","2020-05-14","","0.0"
"COPACABANA - CIUDADELA EDUCATIVA LA VIDA","2020-05-13","","0.003875"
"COPACABANA - CIUDADELA EDUCATIVA LA VIDA","2020-05-12","","0.0"
"COPACABANA - CIUDADELA EDUCATIVA LA VIDA","2020-05-11","","4.167E-5"
"COPACABANA - CIUDADELA EDUCATIVA LA VIDA","2020-05-10","","8.333E-5"
"COPACABANA - CIUDADELA EDUCATIVA LA VIDA","2020-05-09","","0.0"
"COPACABANA - CIUDADELA EDUCATIVA LA VIDA","2020-05-08","","8.333E-5"
"COPACABANA - CIUDADELA EDUCATIVA LA VIDA","2020-05-07","","0.00108333"
"COPACABANA - CIUDADELA EDUCATIVA LA VIDA","2020-05-06","","0.00541667"
"COPACABANA - CIUDADELA EDUCATIVA LA VIDA","2020-05-05","","0.01295833"
"COPACABANA - CIUDADELA EDUCATIVA LA VIDA","2020-05-04","","0.00816667"
"COPACABANA - CIUDADELA EDUCATIVA LA VIDA","2020-05-03","","8.75E-4"
"COPACABANA - CIUDADELA EDUCATIVA LA VIDA","2020-05-02","","0.00116667"
"COPACABANA - CIUDADELA EDUCATIVA LA VIDA","2020-05-01","","0.00333333"
"COPACABANA - CIUDADELA EDUCATIVA LA VIDA","2020-04-30","","0.00520833"
"COPACABANA - CIUDADELA EDUCATIVA LA VIDA","2020-04-29","","0.022"
"COPACABANA - CIUDADELA EDUCATIVA LA VIDA","2020-04-28","","0.04220833"
"COPACABANA - CIUDADELA EDUCATIVA LA VIDA","2020-04-27","","0.01029167"
"COPACABANA - CIUDADELA EDUCATIVA LA VIDA","2020-04-26","","0.00179167"
"COPACABANA - CIUDADELA EDUCATIVA LA VIDA","2020-04-25","","0.0"
"COPACABANA - CIUDADELA EDUCATIVA LA VIDA","2020-04-24","","0.081125"
"COPACABANA - CIUDADELA EDUCATIVA LA VIDA","2020-04-23","","0.00741667"
"COPACABANA - CIUDADELA EDUCATIVA LA VIDA","2020-04-22","","0.03083333"
"COPACABANA - CIUDADELA EDUCATIVA LA VIDA","2020-04-21","","0.01808333"
"COPACABANA - CIUDADELA EDUCATIVA LA VIDA","2020-04-20","","0.04220833"
"COPACABANA - CIUDADELA EDUCATIVA LA VIDA","2020-04-19","","0.01016667"
"COPACABANA - CIUDADELA EDUCATIVA LA VIDA","2020-04-18","","0.00433333"
"COPACABANA - CIUDADELA EDUCATIVA LA VIDA","2020-04-17","","0.004625"
"COPACABANA - CIUDADELA EDUCATIVA LA VIDA","2020-04-16","","0.0"
"COPACABANA - CIUDADELA EDUCATIVA LA VIDA","2020-04-15","","0.0"
"COPACABANA - CIUDADELA EDUCATIVA LA VIDA","2020-04-14","","9.1667E-4"
"COPACABANA - CIUDADELA EDUCATIVA LA VIDA","2020-04-13","","0.02816667"
"COPACABANA - CIUDADELA EDUCATIVA LA VIDA","2020-04-12","","0.0"
"COPACABANA - CIUDADELA EDUCATIVA LA VIDA","2020-04-11","","0.02654167"
"COPACABANA - CIUDADELA EDUCATIVA LA VIDA","2020-04-10","","0.00154167"
"COPACABANA - CIUDADELA EDUCATIVA LA VIDA","2020-04-09","","0.04179167"
"COPACABANA - CIUDADELA EDUCATIVA LA VIDA","2020-04-08","","0.00570833"
"COPACABANA - CIUDADELA EDUCATIVA LA VIDA","2020-04-07","","0.0"
"COPACABANA - CIUDADELA EDUCATIVA LA VIDA","2020-04-06","","0.00366667"
"COPACABANA - CIUDADELA EDUCATIVA LA VIDA","2020-04-05","","0.01"
"COPACABANA - CIUDADELA EDUCATIVA LA VIDA","2020-04-04","","6.25E-4"
"COPACABANA - CIUDADELA EDUCATIVA LA VIDA","2020-04-03","","4.167E-5"
"COPACABANA - CIUDADELA EDUCATIVA LA VIDA","2020-04-02","","0.0"
"COPACABANA - CIUDADELA EDUCATIVA LA VIDA","2020-04-01","","0.03166667"
"COPACABANA - CIUDADELA EDUCATIVA LA VIDA","2020-03-31","","0.02345833"
"COPACABANA - CIUDADELA EDUCATIVA LA VIDA","2020-03-30","","0.001625"
"COPACABANA - CIUDADELA EDUCATIVA LA VIDA","2020-03-29","","0.02745833"
"COPACABANA - CIUDADELA EDUCATIVA LA VIDA","2020-03-28","","0.0"
"COPACABANA - CIUDADELA EDUCATIVA LA VIDA","2020-03-27","","4.167E-5"
"COPACABANA - CIUDADELA EDUCATIVA LA VIDA","2020-03-26","","2.5E-4"
"COPACABANA - CIUDADELA EDUCATIVA LA VIDA","2020-03-25","","1.25E-4"
"COPACABANA - CIUDADELA EDUCATIVA LA VIDA","2020-03-24","","0.0"
"COPACABANA - CIUDADELA EDUCATIVA LA VIDA","2020-03-23","","1.25E-4"
"COPACABANA - CIUDADELA EDUCATIVA LA VIDA","2020-03-22","","0.09233333"
"COPACABANA - CIUDADELA EDUCATIVA LA VIDA","2020-03-21","","0.036125"
"COPACABANA - CIUDADELA EDUCATIVA LA VIDA","2020-03-20","","4.167E-5"
"COPACABANA - CIUDADELA EDUCATIVA LA VIDA","2020-03-19","","0.01695833"
"COPACABANA - CIUDADELA EDUCATIVA LA VIDA","2020-03-18","","0.0"
"COPACABANA - CIUDADELA EDUCATIVA LA VIDA","2020-03-17","","4.167E-5"
"COPACABANA - CIUDADELA EDUCATIVA LA VIDA","2020-03-16","","0.0"
"COPACABANA - CIUDADELA EDUCATIVA LA VIDA","2020-03-15","","1.25E-4"
"COPACABANA - CIUDADELA EDUCATIVA LA VIDA","2020-03-14","","0.0"
"COPACABANA - CIUDADELA EDUCATIVA LA VIDA","2020-03-13","","0.0"
"COPACABANA - CIUDADELA EDUCATIVA LA VIDA","2020-03-12","","3.75E-4"
"COPACABANA - CIUDADELA EDUCATIVA LA VIDA","2020-03-11","","0.00366667"
"COPACABANA - CIUDADELA EDUCATIVA LA VIDA","2020-03-10","","0.30695833"
"COPACABANA - CIUDADELA EDUCATIVA LA VIDA","2020-03-09","","3.3333E-4"
"COPACABANA - CIUDADELA EDUCATIVA LA VIDA","2020-03-08","","4.167E-5"
"COPACABANA - CIUDADELA EDUCATIVA LA VIDA","2020-03-07","","5.8333E-4"
"COPACABANA - CIUDADELA EDUCATIVA LA VIDA","2020-03-06","","0.0"
"COPACABANA - CIUDADELA EDUCATIVA LA VIDA","2020-03-05","","1.25E-4"
"COPACABANA - CIUDADELA EDUCATIVA LA VIDA","2020-03-04","","0.00325"
"COPACABANA - CIUDADELA EDUCATIVA LA VIDA","2020-03-03","","0.00854167"
"COPACABANA - CIUDADELA EDUCATIVA LA VIDA","2020-03-02","","2.9167E-4"
"COPACABANA - CIUDADELA EDUCATIVA LA VIDA","2020-03-01","","4.167E-5"
"COPACABANA - CIUDADELA EDUCATIVA LA VIDA","2020-02-29","","0.0"
"COPACABANA - CIUDADELA EDUCATIVA LA VIDA","2020-02-28","","0.0"
"COPACABANA - CIUDADELA EDUCATIVA LA VIDA","2020-02-27","","0.0"
"COPACABANA - CIUDADELA EDUCATIVA LA VIDA","2020-02-26","","0.0"
"COPACABANA - CIUDADELA EDUCATIVA LA VIDA","2020-02-25","","0.0"
"COPACABANA - CIUDADELA EDUCATIVA LA VIDA","2020-02-24","","0.0"
"COPACABANA - CIUDADELA EDUCATIVA LA VIDA","2020-02-23","","0.0"
"COPACABANA - CIUDADELA EDUCATIVA LA VIDA","2020-02-22","","0.01141667"
"COPACABANA - CIUDADELA EDUCATIVA LA VIDA","2020-02-21","","0.0235"
"COPACABANA - CIUDADELA EDUCATIVA LA VIDA","2020-02-20","","0.02475"
"COPACABANA - CIUDADELA EDUCATIVA LA VIDA","2020-02-19","","8.3333E-4"
"COPACABANA - CIUDADELA EDUCATIVA LA VIDA","2020-02-18","","0.0"
"COPACABANA - CIUDADELA EDUCATIVA LA VIDA","2020-02-17","","0.00133333"
"COPACABANA - CIUDADELA EDUCATIVA LA VIDA","2020-02-16","","4.167E-5"
"COPACABANA - CIUDADELA EDUCATIVA LA VIDA","2020-02-15","","0.008875"
"COPACABANA - CIUDADELA EDUCATIVA LA VIDA","2020-02-14","","0.00245833"
"COPACABANA - CIUDADELA EDUCATIVA LA VIDA","2020-02-13","","0.0"
"COPACABANA - CIUDADELA EDUCATIVA LA VIDA","2020-02-12","","1.25E-4"
"COPACABANA - CIUDADELA EDUCATIVA LA VIDA","2020-02-11","","0.0"
"COPACABANA - CIUDADELA EDUCATIVA LA VIDA","2020-02-10","","1.6667E-4"
"COPACABANA - CIUDADELA EDUCATIVA LA VIDA","2020-02-09","","8.333E-5"
"COPACABANA - CIUDADELA EDUCATIVA LA VIDA","2020-02-08","","1.6667E-4"
"COPACABANA - CIUDADELA EDUCATIVA LA VIDA","2020-02-07","","4.167E-5"
"COPACABANA - CIUDADELA EDUCATIVA LA VIDA","2020-02-06","","0.0"
"COPACABANA - CIUDADELA EDUCATIVA LA VIDA","2020-02-05","","0.0"
"COPACABANA - CIUDADELA EDUCATIVA LA VIDA","2020-02-04","","0.0"
"COPACABANA - CIUDADELA EDUCATIVA LA VIDA","2020-02-03","","4.167E-5"
"COPACABANA - CIUDADELA EDUCATIVA LA VIDA","2020-02-02","","0.03229167"
"COPACABANA - CIUDADELA EDUCATIVA LA VIDA","2020-02-01","","8.333E-5"
"COPACABANA - CIUDADELA EDUCATIVA LA VIDA","2020-01-31","","0.0"
"COPACABANA - CIUDADELA EDUCATIVA LA VIDA","2020-01-30","","0.0"
"COPACABANA - CIUDADELA EDUCATIVA LA VIDA","2020-01-29","","0.0"
"COPACABANA - CIUDADELA EDUCATIVA LA VIDA","2020-01-28","","0.01754167"
"COPACABANA - CIUDADELA EDUCATIVA LA VIDA","2020-01-27","","0.0"
"COPACABANA - CIUDADELA EDUCATIVA LA VIDA","2020-01-26","","0.0"
"COPACABANA - CIUDADELA EDUCATIVA LA VIDA","2020-01-25","","0.0"
"COPACABANA - CIUDADELA EDUCATIVA LA VIDA","2020-01-24","","0.0"
"COPACABANA - CIUDADELA EDUCATIVA LA VIDA","2020-01-23","","0.0"
"COPACABANA - CIUDADELA EDUCATIVA LA VIDA","2020-01-22","","0.00895833"
"COPACABANA - CIUDADELA EDUCATIVA LA VIDA","2020-01-21","","0.19479167"
"COPACABANA - CIUDADELA EDUCATIVA LA VIDA","2020-01-20","","0.0"
"COPACABANA - CIUDADELA EDUCATIVA LA VIDA","2020-01-19","","0.0"
"COPACABANA - CIUDADELA EDUCATIVA LA VIDA","2020-01-18","","0.0"
"COPACABANA - CIUDADELA EDUCATIVA LA VIDA","2020-01-17","","0.0"
"COPACABANA - CIUDADELA EDUCATIVA LA VIDA","2020-01-16","","0.0"
"COPACABANA - CIUDADELA EDUCATIVA LA VIDA","2020-01-15","","0.0"
"COPACABANA - CIUDADELA EDUCATIVA LA VIDA","2020-01-14","","0.0"
"COPACABANA - CIUDADELA EDUCATIVA LA VIDA","2020-01-13","","0.0"
"COPACABANA - CIUDADELA EDUCATIVA LA VIDA","2020-01-12","","0.0"
"COPACABANA - CIUDADELA EDUCATIVA LA VIDA","2020-01-11","","0.0"
"COPACABANA - CIUDADELA EDUCATIVA LA VIDA","2020-01-10","","0.0"
"COPACABANA - CIUDADELA EDUCATIVA LA VIDA","2020-01-09","","0.0"
"COPACABANA - CIUDADELA EDUCATIVA LA VIDA","2020-01-08","","0.0"
"COPACABANA - CIUDADELA EDUCATIVA LA VIDA","2020-01-07","","0.0"
"COPACABANA - CIUDADELA EDUCATIVA LA VIDA","2020-01-06","","0.0"
"COPACABANA - CIUDADELA EDUCATIVA LA VIDA","2020-01-05","","0.0"
"COPACABANA - CIUDADELA EDUCATIVA LA VIDA","2020-01-04","","0.0"
"COPACABANA - CIUDADELA EDUCATIVA LA VIDA","2020-01-03","","0.0"
"COPACABANA - CIUDADELA EDUCATIVA LA VIDA","2020-01-02","","0.0"
"COPACABANA - CIUDADELA EDUCATIVA LA VIDA","2020-01-01","","0.00183333"
"COPACABANA - CIUDADELA EDUCATIVA LA VIDA","2019-12-31","","0.02804167"
"COPACABANA - CIUDADELA EDUCATIVA LA VIDA","2019-12-30","","0.03745833"
"COPACABANA - CIUDADELA EDUCATIVA LA VIDA","2019-12-29","","0.00229167"
"COPACABANA - CIUDADELA EDUCATIVA LA VIDA","2019-12-28","","1.25E-4"
"COPACABANA - CIUDADELA EDUCATIVA LA VIDA","2019-12-27","","0.0"
"COPACABANA - CIUDADELA EDUCATIVA LA VIDA","2019-12-26","","9.1667E-4"
"COPACABANA - CIUDADELA EDUCATIVA LA VIDA","2019-12-25","","0.00754167"
"COPACABANA - CIUDADELA EDUCATIVA LA VIDA","2019-12-24","","4.167E-5"
"COPACABANA - CIUDADELA EDUCATIVA LA VIDA","2019-12-23","","4.167E-5"
"COPACABANA - CIUDADELA EDUCATIVA LA VIDA","2019-12-22","","4.167E-5"
"COPACABANA - CIUDADELA EDUCATIVA LA VIDA","2019-12-21","","5.0E-4"
"COPACABANA - CIUDADELA EDUCATIVA LA VIDA","2019-12-20","","4.167E-5"
"COPACABANA - CIUDADELA EDUCATIVA LA VIDA","2019-12-19","","5.8333E-4"
"COPACABANA - CIUDADELA EDUCATIVA LA VIDA","2019-12-18","","7.9167E-4"
"COPACABANA - CIUDADELA EDUCATIVA LA VIDA","2019-12-17","","0.0"
"COPACABANA - CIUDADELA EDUCATIVA LA VIDA","2019-12-16","","0.02054167"
"COPACABANA - CIUDADELA EDUCATIVA LA VIDA","2019-12-15","","0.001"
"COPACABANA - CIUDADELA EDUCATIVA LA VIDA","2019-12-14","","0.104375"
"COPACABANA - CIUDADELA EDUCATIVA LA VIDA","2019-12-13","","0.00945833"
"COPACABANA - CIUDADELA EDUCATIVA LA VIDA","2019-12-12","","8.333E-5"
"COPACABANA - CIUDADELA EDUCATIVA LA VIDA","2019-12-11","","0.04520833"
"COPACABANA - CIUDADELA EDUCATIVA LA VIDA","2019-12-10","","3.3333E-4"
"COPACABANA - CIUDADELA EDUCATIVA LA VIDA","2019-12-09","","0.0"
"COPACABANA - CIUDADELA EDUCATIVA LA VIDA","2019-12-08","","0.0"
"COPACABANA - CIUDADELA EDUCATIVA LA VIDA","2019-12-07","","0.00183333"
"COPACABANA - CIUDADELA EDUCATIVA LA VIDA","2019-12-06","","0.001125"
"COPACABANA - CIUDADELA EDUCATIVA LA VIDA","2019-12-05","","1.25E-4"
"COPACABANA - CIUDADELA EDUCATIVA LA VIDA","2019-12-04","","0.03870833"
"COPACABANA - CIUDADELA EDUCATIVA LA VIDA","2019-12-03","","1.25E-4"
"COPACABANA - CIUDADELA EDUCATIVA LA VIDA","2019-12-02","","0.0"
"COPACABANA - CIUDADELA EDUCATIVA LA VIDA","2019-12-01","","2.0833E-4"
"COPACABANA - CIUDADELA EDUCATIVA LA VIDA","2019-11-30","","4.167E-5"
"COPACABANA - CIUDADELA EDUCATIVA LA VIDA","2019-11-29","","0.02654167"
"COPACABANA - CIUDADELA EDUCATIVA LA VIDA","2019-11-28","","0.008125"
"COPACABANA - CIUDADELA EDUCATIVA LA VIDA","2019-11-27","","7.0833E-4"
"COPACABANA - CIUDADELA EDUCATIVA LA VIDA","2019-11-26","","0.0"
"COPACABANA - CIUDADELA EDUCATIVA LA VIDA","2019-11-25","","0.0"
"COPACABANA - CIUDADELA EDUCATIVA LA VIDA","2019-11-24","","0.0"
"COPACABANA - CIUDADELA EDUCATIVA LA VIDA","2019-11-23","","0.00804167"
"COPACABANA - CIUDADELA EDUCATIVA LA VIDA","2019-11-22","","0.04145833"
"COPACABANA - CIUDADELA EDUCATIVA LA VIDA","2019-11-21","","4.167E-5"
"COPACABANA - CIUDADELA EDUCATIVA LA VIDA","2019-11-20","","0.00220833"
"COPACABANA - CIUDADELA EDUCATIVA LA VIDA","2019-11-19","","0.0025"
"COPACABANA - CIUDADELA EDUCATIVA LA VIDA","2019-11-18","","0.002625"
"COPACABANA - CIUDADELA EDUCATIVA LA VIDA","2019-11-15","","0.0065"
"COPACABANA - CIUDADELA EDUCATIVA LA VIDA","2019-11-14","","0.01654167"
"COPACABANA - CIUDADELA EDUCATIVA LA VIDA","2019-11-13","","0.00691667"
"COPACABANA - CIUDADELA EDUCATIVA LA VIDA","2019-11-12","","0.15383333"
"COPACABANA - CIUDADELA EDUCATIVA LA VIDA","2019-11-11","","0.02504167"
"COPACABANA - CIUDADELA EDUCATIVA LA VIDA","2019-11-10","","0.011125"
"COPACABANA - CIUDADELA EDUCATIVA LA VIDA","2019-11-09","","0.00141667"
"COPACABANA - CIUDADELA EDUCATIVA LA VIDA","2019-11-08","","0.04145833"
"COPACABANA - CIUDADELA EDUCATIVA LA VIDA","2019-11-07","","0.0"
"COPACABANA - CIUDADELA EDUCATIVA LA VIDA","2019-11-06","","0.0"
"COPACABANA - CIUDADELA EDUCATIVA LA VIDA","2019-11-05","","0.0"
"COPACABANA - CIUDADELA EDUCATIVA LA VIDA","2019-11-04","","0.0"
"COPACABANA - CIUDADELA EDUCATIVA LA VIDA","2019-11-03","","0.00104167"
"COPACABANA - CIUDADELA EDUCATIVA LA VIDA","2019-11-02","","0.0"
"COPACABANA - CIUDADELA EDUCATIVA LA VIDA","2019-11-01","","0.15408333"
"COPACABANA - CIUDADELA EDUCATIVA LA VIDA","2019-10-31","","0.08529167"
"COPACABANA - CIUDADELA EDUCATIVA LA VIDA","2019-10-30","","0.01295833"
"COPACABANA - CIUDADELA EDUCATIVA LA VIDA","2019-10-29","","0.0275"
"COPACABANA - CIUDADELA EDUCATIVA LA VIDA","2019-10-28","","0.0"
"COPACABANA - CIUDADELA EDUCATIVA LA VIDA","2019-10-27","","0.09895833"
"COPACABANA - CIUDADELA EDUCATIVA LA VIDA","2019-10-26","","0.01254167"
"COPACABANA - CIUDADELA EDUCATIVA LA VIDA","2019-10-25","","0.00766667"
"COPACABANA - CIUDADELA EDUCATIVA LA VIDA","2019-10-24","","0.05329167"
"COPACABANA - CIUDADELA EDUCATIVA LA VIDA","2019-10-23","","0.10516667"
"COPACABANA - CIUDADELA EDUCATIVA LA VIDA","2019-10-22","","0.07195833"
"COPACABANA - CIUDADELA EDUCATIVA LA VIDA","2019-10-21","","0.03275"
"COPACABANA - CIUDADELA EDUCATIVA LA VIDA","2019-10-20","","0.01504167"
"COPACABANA - CIUDADELA EDUCATIVA LA VIDA","2019-10-19","","0.009875"
"COPACABANA - CIUDADELA EDUCATIVA LA VIDA","2019-10-18","","0.02579167"
"COPACABANA - CIUDADELA EDUCATIVA LA VIDA","2019-10-17","","0.0"
"COPACABANA - CIUDADELA EDUCATIVA LA VIDA","2019-10-16","","3.3333E-4"
"COPACABANA - CIUDADELA EDUCATIVA LA VIDA","2019-10-15","","0.07841667"
"COPACABANA - CIUDADELA EDUCATIVA LA VIDA","2019-10-14","","0.030875"
"COPACABANA - CIUDADELA EDUCATIVA LA VIDA","2019-10-13","","0.02670833"
"COPACABANA - CIUDADELA EDUCATIVA LA VIDA","2019-10-12","","0.01941667"
"COPACABANA - CIUDADELA EDUCATIVA LA VIDA","2019-10-11","","0.00945833"
"COPACABANA - CIUDADELA EDUCATIVA LA VIDA","2019-10-10","","0.03608333"
"COPACABANA - CIUDADELA EDUCATIVA LA VIDA","2019-10-09","","1.25E-4"
"COPACABANA - CIUDADELA EDUCATIVA LA VIDA","2019-10-08","","0.01075"
"COPACABANA - CIUDADELA EDUCATIVA LA VIDA","2019-10-07","","0.00775"
"COPACABANA - CIUDADELA EDUCATIVA LA VIDA","2019-10-06","","1.6667E-4"
"COPACABANA - CIUDADELA EDUCATIVA LA VIDA","2019-10-05","","0.05429167"
"COPACABANA - CIUDADELA EDUCATIVA LA VIDA","2019-10-04","","0.0"
"COPACABANA - CIUDADELA EDUCATIVA LA VIDA","2019-10-03","","0.029125"
"COPACABANA - CIUDADELA EDUCATIVA LA VIDA","2019-10-02","","9.1667E-4"
"COPACABANA - CIUDADELA EDUCATIVA LA VIDA","2019-10-01","","0.024"
"COPACABANA - CIUDADELA EDUCATIVA LA VIDA","2019-09-30","","0.13095833"
"COPACABANA - CIUDADELA EDUCATIVA LA VIDA","2019-09-29","","2.5E-4"
"COPACABANA - CIUDADELA EDUCATIVA LA VIDA","2019-09-28","","0.008125"
"COPACABANA - CIUDADELA EDUCATIVA LA VIDA","2019-09-27","","1.25E-4"
"COPACABANA - CIUDADELA EDUCATIVA LA VIDA","2019-09-26","","0.05908333"
"COPACABANA - CIUDADELA EDUCATIVA LA VIDA","2019-09-25","","0.21425"
"COPACABANA - CIUDADELA EDUCATIVA LA VIDA","2019-09-24","","8.3333E-4"
"COPACABANA - CIUDADELA EDUCATIVA LA VIDA","2019-09-23","","0.06608333"
"COPACABANA - CIUDADELA EDUCATIVA LA VIDA","2019-09-22","","0.07179167"
"COPACABANA - CIUDADELA EDUCATIVA LA VIDA","2019-09-21","","4.1667E-4"
"COPACABANA - CIUDADELA EDUCATIVA LA VIDA","2019-09-20","","0.00420833"
"COPACABANA - CIUDADELA EDUCATIVA LA VIDA","2019-09-19","","0.03670833"
"COPACABANA - CIUDADELA EDUCATIVA LA VIDA","2019-09-18","","0.20754167"
"COPACABANA - CIUDADELA EDUCATIVA LA VIDA","2019-09-17","","0.009125"
"COPACABANA - CIUDADELA EDUCATIVA LA VIDA","2019-09-16","","0.07658333"
"COPACABANA - CIUDADELA EDUCATIVA LA VIDA","2019-09-15","","2.0833E-4"
"COPACABANA - CIUDADELA EDUCATIVA LA VIDA","2019-09-14","","8.333E-5"
"COPACABANA - CIUDADELA EDUCATIVA LA VIDA","2019-09-13","","0.054625"
"COPACABANA - CIUDADELA EDUCATIVA LA VIDA","2019-09-12","","0.01004167"
"COPACABANA - CIUDADELA EDUCATIVA LA VIDA","2019-09-11","","0.00179167"
"COPACABANA - CIUDADELA EDUCATIVA LA VIDA","2019-09-10","","9.5833E-4"
"COPACABANA - CIUDADELA EDUCATIVA LA VIDA","2019-09-09","","2.0833E-4"
"COPACABANA - CIUDADELA EDUCATIVA LA VIDA","2019-09-08","","2.5E-4"
"COPACABANA - CIUDADELA EDUCATIVA LA VIDA","2019-09-07","","2.9167E-4"
"COPACABANA - CIUDADELA EDUCATIVA LA VIDA","2019-09-06","","0.03241667"
"COPACABANA - CIUDADELA EDUCATIVA LA VIDA","2019-09-05","","0.0015"
"COPACABANA - CIUDADELA EDUCATIVA LA VIDA","2019-09-04","","0.0"
"COPACABANA - CIUDADELA EDUCATIVA LA VIDA","2019-09-03","","0.0"
"COPACABANA - CIUDADELA EDUCATIVA LA VIDA","2019-09-02","","4.167E-5"
"COPACABANA - CIUDADELA EDUCATIVA LA VIDA","2019-09-01","","0.01108333"
"COPACABANA - CIUDADELA EDUCATIVA LA VIDA","2019-08-31","","1.6667E-4"
"COPACABANA - CIUDADELA EDUCATIVA LA VIDA","2019-08-30","","0.0"
"COPACABANA - CIUDADELA EDUCATIVA LA VIDA","2019-08-29","","5.4167E-4"
"COPACABANA - CIUDADELA EDUCATIVA LA VIDA","2019-08-28","","8.333E-5"
"COPACABANA - CIUDADELA EDUCATIVA LA VIDA","2019-08-27","","4.167E-5"
"COPACABANA - CIUDADELA EDUCATIVA LA VIDA","2019-08-26","","0.0"
"COPACABANA - CIUDADELA EDUCATIVA LA VIDA","2019-08-25","","5.8333E-4"
"COPACABANA - CIUDADELA EDUCATIVA LA VIDA","2019-08-24","","1.6667E-4"
"COPACABANA - CIUDADELA EDUCATIVA LA VIDA","2019-08-23","","4.1667E-4"
"COPACABANA - CIUDADELA EDUCATIVA LA VIDA","2019-08-22","","0.0"
"COPACABANA - CIUDADELA EDUCATIVA LA VIDA","2019-08-21","","4.167E-5"
"COPACABANA - CIUDADELA EDUCATIVA LA VIDA","2019-08-20","","8.333E-5"
"COPACABANA - CIUDADELA EDUCATIVA LA VIDA","2019-08-19","","0.00191667"
"COPACABANA - CIUDADELA EDUCATIVA LA VIDA","2019-08-18","","0.015625"
"COPACABANA - CIUDADELA EDUCATIVA LA VIDA","2019-08-17","","0.015625"
"COPACABANA - CIUDADELA EDUCATIVA LA VIDA","2019-08-16","","0.01529167"
"COPACABANA - CIUDADELA EDUCATIVA LA VIDA","2019-08-15","","4.167E-5"
"COPACABANA - CIUDADELA EDUCATIVA LA VIDA","2019-08-14","","1.6667E-4"
"COPACABANA - CIUDADELA EDUCATIVA LA VIDA","2019-08-13","","8.333E-5"
"COPACABANA - CIUDADELA EDUCATIVA LA VIDA","2019-08-12","","0.0"
"COPACABANA - CIUDADELA EDUCATIVA LA VIDA","2019-08-11","","1.6667E-4"
"COPACABANA - CIUDADELA EDUCATIVA LA VIDA","2019-08-10","","0.0"
"COPACABANA - CIUDADELA EDUCATIVA LA VIDA","2019-08-09","","1.6667E-4"
"COPACABANA - CIUDADELA EDUCATIVA LA VIDA","2019-08-08","","0.0"
"COPACABANA - CIUDADELA EDUCATIVA LA VIDA","2019-08-07","","7.0833E-4"
"COPACABANA - CIUDADELA EDUCATIVA LA VIDA","2019-08-06","","1.6667E-4"
"COPACABANA - CIUDADELA EDUCATIVA LA VIDA","2019-08-05","","8.333E-5"
"COPACABANA - CIUDADELA EDUCATIVA LA VIDA","2019-08-04","","4.1667E-4"
"COPACABANA - CIUDADELA EDUCATIVA LA VIDA","2019-08-03","","4.1667E-4"
"COPACABANA - CIUDADELA EDUCATIVA LA VIDA","2019-08-02","","0.035"
"COPACABANA - CIUDADELA EDUCATIVA LA VIDA","2019-08-01","","0.0"
"COPACABANA - CIUDADELA EDUCATIVA LA VIDA","2019-07-31","","4.167E-5"
"COPACABANA - CIUDADELA EDUCATIVA LA VIDA","2019-07-30","","0.01016667"
"COPACABANA - CIUDADELA EDUCATIVA LA VIDA","2019-07-29","","4.167E-5"
"COPACABANA - CIUDADELA EDUCATIVA LA VIDA","2019-07-28","","6.25E-4"
"COPACABANA - CIUDADELA EDUCATIVA LA VIDA","2019-07-27","","0.00320833"
"COPACABANA - CIUDADELA EDUCATIVA LA VIDA","2019-07-26","","7.0833E-4"
"COPACABANA - CIUDADELA EDUCATIVA LA VIDA","2019-07-25","","0.01070833"
"COPACABANA - CIUDADELA EDUCATIVA LA VIDA","2019-07-24","","0.004875"
"COPACABANA - CIUDADELA EDUCATIVA LA VIDA","2019-07-23","","0.07775"
"COPACABANA - CIUDADELA EDUCATIVA LA VIDA","2019-07-22","","0.00145833"
"COPACABANA - CIUDADELA EDUCATIVA LA VIDA","2019-07-21","","0.01095833"
"COPACABANA - CIUDADELA EDUCATIVA LA VIDA","2019-07-20","","4.167E-5"
"COPACABANA - CIUDADELA EDUCATIVA LA VIDA","2019-07-19","","0.00125"
"COPACABANA - CIUDADELA EDUCATIVA LA VIDA","2019-07-18","","2.5E-4"
"COPACABANA - CIUDADELA EDUCATIVA LA VIDA","2019-07-17","","0.0"
"COPACABANA - CIUDADELA EDUCATIVA LA VIDA","2019-07-16","","0.01041667"
"COPACABANA - CIUDADELA EDUCATIVA LA VIDA","2019-07-15","","0.07408333"
"COPACABANA - CIUDADELA EDUCATIVA LA VIDA","2019-07-14","","0.13391667"
"COPACABANA - CIUDADELA EDUCATIVA LA VIDA","2019-07-13","","0.03504167"
"COPACABANA - CIUDADELA EDUCATIVA LA VIDA","2019-07-12","","1.6667E-4"
"COPACABANA - CIUDADELA EDUCATIVA LA VIDA","2019-07-11","","0.02583333"
"COPACABANA - CIUDADELA EDUCATIVA LA VIDA","2019-07-10","","8.75E-4"
"COPACABANA - CIUDADELA EDUCATIVA LA VIDA","2019-07-09","","0.01533333"
"COPACABANA - CIUDADELA EDUCATIVA LA VIDA","2019-07-08","","0.00129167"
"COPACABANA - CIUDADELA EDUCATIVA LA VIDA","2019-07-07","","0.0"
"COPACABANA - CIUDADELA EDUCATIVA LA VIDA","2019-07-06","","0.0"
"COPACABANA - CIUDADELA EDUCATIVA LA VIDA","2019-07-05","","0.163875"
"COPACABANA - CIUDADELA EDUCATIVA LA VIDA","2019-07-04","","7.5E-4"
"COPACABANA - CIUDADELA EDUCATIVA LA VIDA","2019-07-03","","0.09925"
"COPACABANA - CIUDADELA EDUCATIVA LA VIDA","2019-07-02","","0.05366667"
"COPACABANA - CIUDADELA EDUCATIVA LA VIDA","2019-07-01","","0.01091667"
"COPACABANA - CIUDADELA EDUCATIVA LA VIDA","2019-06-30","","0.0"
"COPACABANA - CIUDADELA EDUCATIVA LA VIDA","2019-06-29","","0.02116667"
"COPACABANA - CIUDADELA EDUCATIVA LA VIDA","2019-06-28","","0.0"
"COPACABANA - CIUDADELA EDUCATIVA LA VIDA","2019-06-27","","0.0"
"COPACABANA - CIUDADELA EDUCATIVA LA VIDA","2019-06-26","","0.0"
"COPACABANA - CIUDADELA EDUCATIVA LA VIDA","2019-06-25","","2.9167E-4"
"COPACABANA - CIUDADELA EDUCATIVA LA VIDA","2019-06-24","","0.00270833"
"COPACABANA - CIUDADELA EDUCATIVA LA VIDA","2019-06-23","","1.25E-4"
"COPACABANA - CIUDADELA EDUCATIVA LA VIDA","2019-06-22","","2.0833E-4"
"COPACABANA - CIUDADELA EDUCATIVA LA VIDA","2019-06-21","","8.333E-5"
"COPACABANA - CIUDADELA EDUCATIVA LA VIDA","2019-06-20","","0.0"
"COPACABANA - CIUDADELA EDUCATIVA LA VIDA","2019-06-19","","3.3333E-4"
"COPACABANA - CIUDADELA EDUCATIVA LA VIDA","2019-06-18","","8.333E-5"
"COPACABANA - CIUDADELA EDUCATIVA LA VIDA","2019-06-17","","4.167E-5"
"COPACABANA - CIUDADELA EDUCATIVA LA VIDA","2019-06-16","","0.00620833"
"COPACABANA - CIUDADELA EDUCATIVA LA VIDA","2019-06-15","","0.00316667"
"COPACABANA - CIUDADELA EDUCATIVA LA VIDA","2019-06-14","","0.00408333"
"COPACABANA - CIUDADELA EDUCATIVA LA VIDA","2019-06-13","","0.01566667"
"COPACABANA - CIUDADELA EDUCATIVA LA VIDA","2019-06-12","","0.04170833"
"COPACABANA - CIUDADELA EDUCATIVA LA VIDA","2019-06-11","","9.5833E-4"
"COPACABANA - CIUDADELA EDUCATIVA LA VIDA","2019-06-10","","2.0833E-4"
"COPACABANA - CIUDADELA EDUCATIVA LA VIDA","2019-06-09","","7.5E-4"
"COPACABANA - CIUDADELA EDUCATIVA LA VIDA","2019-06-08","","0.00491667"
"COPACABANA - CIUDADELA EDUCATIVA LA VIDA","2019-06-07","","0.10254167"
"COPACABANA - CIUDADELA EDUCATIVA LA VIDA","2019-06-06","","3.75E-4"
"COPACABANA - CIUDADELA EDUCATIVA LA VIDA","2019-06-05","","0.0"
"COPACABANA - CIUDADELA EDUCATIVA LA VIDA","2019-06-04","","0.008125"
"COPACABANA - CIUDADELA EDUCATIVA LA VIDA","2019-06-03","","4.167E-5"
"COPACABANA - CIUDADELA EDUCATIVA LA VIDA","2019-06-02","","0.00270833"
"COPACABANA - CIUDADELA EDUCATIVA LA VIDA","2019-06-01","","0.21275"
"COPACABANA - CIUDADELA EDUCATIVA LA VIDA","2019-05-31","","0.13754167"
"COPACABANA - CIUDADELA EDUCATIVA LA VIDA","2019-05-30","","0.01091667"
"COPACABANA - CIUDADELA EDUCATIVA LA VIDA","2019-05-29","","0.00195833"
"COPACABANA - CIUDADELA EDUCATIVA LA VIDA","2019-05-28","","0.067125"
"COPACABANA - CIUDADELA EDUCATIVA LA VIDA","2019-05-27","","0.03870833"
"COPACABANA - CIUDADELA EDUCATIVA LA VIDA","2019-05-26","","0.001375"
"COPACABANA - CIUDADELA EDUCATIVA LA VIDA","2019-05-25","","0.1505"
"COPACABANA - CIUDADELA EDUCATIVA LA VIDA","2019-05-24","","0.230625"
"COPACABANA - CIUDADELA EDUCATIVA LA VIDA","2019-05-23","","0.06008333"
"COPACABANA - CIUDADELA EDUCATIVA LA VIDA","2019-05-22","","0.098125"
"COPACABANA - CIUDADELA EDUCATIVA LA VIDA","2019-05-21","","0.036125"
"COPACABANA - CIUDADELA EDUCATIVA LA VIDA","2019-05-20","","0.01891667"
"COPACABANA - CIUDADELA EDUCATIVA LA VIDA","2019-05-19","","0.15754167"
"COPACABANA - CIUDADELA EDUCATIVA LA VIDA","2019-05-18","","0.00216667"
"COPACABANA - CIUDADELA EDUCATIVA LA VIDA","2019-05-17","","0.00816667"
"COPACABANA - CIUDADELA EDUCATIVA LA VIDA","2019-05-16","","8.333E-5"
"COPACABANA - CIUDADELA EDUCATIVA LA VIDA","2019-05-15","","4.167E-5"
"COPACABANA - CIUDADELA EDUCATIVA LA VIDA","2019-05-14","","0.02383333"
"COPACABANA - CIUDADELA EDUCATIVA LA VIDA","2019-05-13","","0.058625"
"COPACABANA - CIUDADELA EDUCATIVA LA VIDA","2019-05-12","","0.009625"
"COPACABANA - CIUDADELA EDUCATIVA LA VIDA","2019-05-11","","0.10891667"
"COPACABANA - CIUDADELA EDUCATIVA LA VIDA","2019-05-10","","0.007875"
"COPACABANA - CIUDADELA EDUCATIVA LA VIDA","2019-05-09","","0.14941667"
"COPACABANA - CIUDADELA EDUCATIVA LA VIDA","2019-05-08","","0.05466667"
"COPACABANA - CIUDADELA EDUCATIVA LA VIDA","2019-05-07","","4.167E-5"
"COPACABANA - CIUDADELA EDUCATIVA LA VIDA","2019-05-06","","0.0"
"COPACABANA - CIUDADELA EDUCATIVA LA VIDA","2019-05-05","","8.333E-5"
"COPACABANA - CIUDADELA EDUCATIVA LA VIDA","2019-05-04","","0.0"
"COPACABANA - CIUDADELA EDUCATIVA LA VIDA","2019-05-03","","8.333E-5"
"COPACABANA - CIUDADELA EDUCATIVA LA VIDA","2019-05-02","","0.0"
"COPACABANA - CIUDADELA EDUCATIVA LA VIDA","2019-05-01","","0.0"
"COPACABANA - CIUDADELA EDUCATIVA LA VIDA","2019-04-30","","2.0833E-4"
"COPACABANA - CIUDADELA EDUCATIVA LA VIDA","2019-04-29","","0.0"
"COPACABANA - CIUDADELA EDUCATIVA LA VIDA","2019-04-28","","1.25E-4"
"COPACABANA - CIUDADELA EDUCATIVA LA VIDA","2019-04-27","","1.6667E-4"
"COPACABANA - CIUDADELA EDUCATIVA LA VIDA","2019-04-26","","0.05108333"
"COPACABANA - CIUDADELA EDUCATIVA LA VIDA","2019-04-25","","0.0165"
"COPACABANA - CIUDADELA EDUCATIVA LA VIDA","2019-04-24","","0.00375"
"COPACABANA - CIUDADELA EDUCATIVA LA VIDA","2019-04-23","","0.00216667"
"COPACABANA - CIUDADELA EDUCATIVA LA VIDA","2019-04-22","","0.26895833"
"COPACABANA - CIUDADELA EDUCATIVA LA VIDA","2019-04-21","","0.05370833"
"COPACABANA - CIUDADELA EDUCATIVA LA VIDA","2019-04-20","","0.12533333"
"COPACABANA - CIUDADELA EDUCATIVA LA VIDA","2019-04-19","","0.0"
"COPACABANA - CIUDADELA EDUCATIVA LA VIDA","2019-04-18","","0.0"
"COPACABANA - CIUDADELA EDUCATIVA LA VIDA","2019-04-17","","0.0"
"COPACABANA - CIUDADELA EDUCATIVA LA VIDA","2019-04-16","","4.167E-5"
"COPACABANA - CIUDADELA EDUCATIVA LA VIDA","2019-04-15","","0.04166667"
"COPACABANA - CIUDADELA EDUCATIVA LA VIDA","2019-04-14","","0.00575"
"COPACABANA - CIUDADELA EDUCATIVA LA VIDA","2019-04-13","","0.01045833"
"COPACABANA - CIUDADELA EDUCATIVA LA VIDA","2019-04-12","","0.0"
"COPACABANA - CIUDADELA EDUCATIVA LA VIDA","2019-04-11","","0.00879167"
"COPACABANA - CIUDADELA EDUCATIVA LA VIDA","2019-04-10","","0.02754167"
"COPACABANA - CIUDADELA EDUCATIVA LA VIDA","2019-04-09","","3.3333E-4"
"COPACABANA - CIUDADELA EDUCATIVA LA VIDA","2019-04-08","","0.008125"
"COPACABANA - CIUDADELA EDUCATIVA LA VIDA","2019-04-07","","0.00195833"
"COPACABANA - CIUDADELA EDUCATIVA LA VIDA","2019-04-06","","0.11270833"
"COPACABANA - CIUDADELA EDUCATIVA LA VIDA","2019-04-05","","0.1765"
"COPACABANA - CIUDADELA EDUCATIVA LA VIDA","2019-04-04","","0.11491667"
"COPACABANA - CIUDADELA EDUCATIVA LA VIDA","2019-04-03","","4.167E-5"
"COPACABANA - CIUDADELA EDUCATIVA LA VIDA","2019-04-02","","0.0325"
"COPACABANA - CIUDADELA EDUCATIVA LA VIDA","2019-04-01","","0.07679167"
"COPACABANA - CIUDADELA EDUCATIVA LA VIDA","2019-03-31","","0.0145"
"COPACABANA - CIUDADELA EDUCATIVA LA VIDA","2019-03-30","","0.00979167"
"COPACABANA - CIUDADELA EDUCATIVA LA VIDA","2019-03-29","","0.04733333"
"COPACABANA - CIUDADELA EDUCATIVA LA VIDA","2019-03-28","","0.001375"
"COPACABANA - CIUDADELA EDUCATIVA LA VIDA","2019-03-27","","1.25E-4"
"COPACABANA - CIUDADELA EDUCATIVA LA VIDA","2019-03-26","","5.0E-4"
"COPACABANA - CIUDADELA EDUCATIVA LA VIDA","2019-03-25","","0.03704167"
"COPACABANA - CIUDADELA EDUCATIVA LA VIDA","2019-03-24","","0.02591667"
"COPACABANA - CIUDADELA EDUCATIVA LA VIDA","2019-03-23","","6.25E-4"
"COPACABANA - CIUDADELA EDUCATIVA LA VIDA","2019-03-22","","0.018"
"COPACABANA - CIUDADELA EDUCATIVA LA VIDA","2019-03-21","","0.22120833"
"COPACABANA - CIUDADELA EDUCATIVA LA VIDA","2019-03-20","","0.00166667"
"COPACABANA - CIUDADELA EDUCATIVA LA VIDA","2019-03-19","","0.06379167"
"COPACABANA - CIUDADELA EDUCATIVA LA VIDA","2019-03-18","","0.101"
"COPACABANA - CIUDADELA EDUCATIVA LA VIDA","2019-03-17","","0.02295833"
"COPACABANA - CIUDADELA EDUCATIVA LA VIDA","2019-03-16","","6.25E-4"
"COPACABANA - CIUDADELA EDUCATIVA LA VIDA","2019-03-15","","0.0"
"COPACABANA - CIUDADELA EDUCATIVA LA VIDA","2019-03-14","","1.6667E-4"
"COPACABANA - CIUDADELA EDUCATIVA LA VIDA","2019-03-13","","8.333E-5"
"COPACABANA - CIUDADELA EDUCATIVA LA VIDA","2019-03-12","","0.00908333"
"COPACABANA - CIUDADELA EDUCATIVA LA VIDA","2019-03-11","","0.056125"
"COPACABANA - CIUDADELA EDUCATIVA LA VIDA","2019-03-10","","0.01120833"
"COPACABANA - CIUDADELA EDUCATIVA LA VIDA","2019-03-09","","0.00145833"
"COPACABANA - CIUDADELA EDUCATIVA LA VIDA","2019-03-08","","1.25E-4"
"COPACABANA - CIUDADELA EDUCATIVA LA VIDA","2019-03-07","","2.5E-4"
"COPACABANA - CIUDADELA EDUCATIVA LA VIDA","2019-03-06","","0.01141667"
"COPACABANA - CIUDADELA EDUCATIVA LA VIDA","2019-03-05","","0.0"
"COPACABANA - CIUDADELA EDUCATIVA LA VIDA","2019-03-04","","4.167E-5"
"COPACABANA - CIUDADELA EDUCATIVA LA VIDA","2019-03-03","","0.14258333"
"COPACABANA - CIUDADELA EDUCATIVA LA VIDA","2019-03-02","","0.00758333"
"COPACABANA - CIUDADELA EDUCATIVA LA VIDA","2019-03-01","","0.05925"
"COPACABANA - CIUDADELA EDUCATIVA LA VIDA","2019-02-28","","0.00716667"
"COPACABANA - CIUDADELA EDUCATIVA LA VIDA","2019-02-27","","0.01525"
"COPACABANA - CIUDADELA EDUCATIVA LA VIDA","2019-02-26","","0.17129167"
"COPACABANA - CIUDADELA EDUCATIVA LA VIDA","2019-02-25","","4.167E-5"
"COPACABANA - CIUDADELA EDUCATIVA LA VIDA","2019-02-24","","1.6667E-4"
"COPACABANA - CIUDADELA EDUCATIVA LA VIDA","2019-02-23","","0.07683333"
"COPACABANA - CIUDADELA EDUCATIVA LA VIDA","2019-02-22","","1.25E-4"
"COPACABANA - CIUDADELA EDUCATIVA LA VIDA","2019-02-21","","4.167E-5"
"COPACABANA - CIUDADELA EDUCATIVA LA VIDA","2019-02-20","","0.06325"
"COPACABANA - CIUDADELA EDUCATIVA LA VIDA","2019-02-19","","0.06295833"
"COPACABANA - CIUDADELA EDUCATIVA LA VIDA","2019-02-18","","0.00220833"
"COPACABANA - CIUDADELA EDUCATIVA LA VIDA","2019-02-17","","0.00129167"
"COPACABANA - CIUDADELA EDUCATIVA LA VIDA","2019-02-16","","3.3333E-4"
"COPACABANA - CIUDADELA EDUCATIVA LA VIDA","2019-02-15","","1.25E-4"
"COPACABANA - CIUDADELA EDUCATIVA LA VIDA","2019-02-14","","0.00258333"
"COPACABANA - CIUDADELA EDUCATIVA LA VIDA","2019-02-13","","0.0"
"COPACABANA - CIUDADELA EDUCATIVA LA VIDA","2019-02-12","","6.25E-4"
"COPACABANA - CIUDADELA EDUCATIVA LA VIDA","2019-02-11","","0.001125"
"COPACABANA - CIUDADELA EDUCATIVA LA VIDA","2019-02-10","","0.00141667"
"COPACABANA - CIUDADELA EDUCATIVA LA VIDA","2019-02-09","","0.00145833"
"COPACABANA - CIUDADELA EDUCATIVA LA VIDA","2019-02-08","","8.333E-5"
"COPACABANA - CIUDADELA EDUCATIVA LA VIDA","2019-02-07","","0.0"
"COPACABANA - CIUDADELA EDUCATIVA LA VIDA","2019-02-06","","1.6667E-4"
"COPACABANA - CIUDADELA EDUCATIVA LA VIDA","2019-02-05","","0.0"
"COPACABANA - CIUDADELA EDUCATIVA LA VIDA","2019-02-04","","0.0"
"COPACABANA - CIUDADELA EDUCATIVA LA VIDA","2019-02-03","","0.0"
"COPACABANA - CIUDADELA EDUCATIVA LA VIDA","2019-02-02","","6.25E-4"
"COPACABANA - CIUDADELA EDUCATIVA LA VIDA","2019-02-01","","5.4167E-4"
"COPACABANA - CIUDADELA EDUCATIVA LA VIDA","2019-01-31","","0.0"
"COPACABANA - CIUDADELA EDUCATIVA LA VIDA","2019-01-30","","0.0"
"COPACABANA - CIUDADELA EDUCATIVA LA VIDA","2019-01-29","","0.0"
"COPACABANA - CIUDADELA EDUCATIVA LA VIDA","2019-01-28","","5.8333E-4"
"COPACABANA - CIUDADELA EDUCATIVA LA VIDA","2019-01-27","","8.333E-5"
"COPACABANA - CIUDADELA EDUCATIVA LA VIDA","2019-01-26","","4.167E-5"
"COPACABANA - CIUDADELA EDUCATIVA LA VIDA","2019-01-25","","3.75E-4"
"COPACABANA - CIUDADELA EDUCATIVA LA VIDA","2019-01-24","","0.0"
"COPACABANA - CIUDADELA EDUCATIVA LA VIDA","2019-01-23","","0.0"
"COPACABANA - CIUDADELA EDUCATIVA LA VIDA","2019-01-22","","8.333E-5"
"COPACABANA - CIUDADELA EDUCATIVA LA VIDA","2019-01-21","","1.6667E-4"
"COPACABANA - CIUDADELA EDUCATIVA LA VIDA","2019-01-20","","0.002375"
"COPACABANA - CIUDADELA EDUCATIVA LA VIDA","2019-01-19","","8.333E-5"
"COPACABANA - CIUDADELA EDUCATIVA LA VIDA","2019-01-18","","4.1667E-4"
"COPACABANA - CIUDADELA EDUCATIVA LA VIDA","2019-01-17","","0.00395833"
"COPACABANA - CIUDADELA EDUCATIVA LA VIDA","2019-01-16","","0.00629167"
"COPACABANA - CIUDADELA EDUCATIVA LA VIDA","2019-01-15","","0.0"
"COPACABANA - CIUDADELA EDUCATIVA LA VIDA","2019-01-14","","4.1667E-4"
"COPACABANA - CIUDADELA EDUCATIVA LA VIDA","2019-01-13","","1.6667E-4"
"COPACABANA - CIUDADELA EDUCATIVA LA VIDA","2019-01-12","","4.167E-5"
"COPACABANA - CIUDADELA EDUCATIVA LA VIDA","2019-01-11","","0.0"
"COPACABANA - CIUDADELA EDUCATIVA LA VIDA","2019-01-10","","9.1667E-4"
"COPACABANA - CIUDADELA EDUCATIVA LA VIDA","2019-01-09","","0.024"
"COPACABANA - CIUDADELA EDUCATIVA LA VIDA","2019-01-08","","0.17241667"
"COPACABANA - CIUDADELA EDUCATIVA LA VIDA","2019-01-07","","5.0E-4"
"COPACABANA - CIUDADELA EDUCATIVA LA VIDA","2019-01-06","","0.011625"
"COPACABANA - CIUDADELA EDUCATIVA LA VIDA","2019-01-05","","1.6667E-4"
"COPACABANA - CIUDADELA EDUCATIVA LA VIDA","2019-01-04","","2.0833E-4"
"COPACABANA - CIUDADELA EDUCATIVA LA VIDA","2019-01-03","","8.333E-5"
"COPACABANA - CIUDADELA EDUCATIVA LA VIDA","2019-01-02","","4.167E-5"
"COPACABANA - CIUDADELA EDUCATIVA LA VIDA","2019-01-01","","4.1667E-4"
