"Estacion","Fecha inicial","Fecha final","PM10"
"I.E. COLOMBIA - GIRARDOTA","2020-12-18","","42.3"
"I.E. COLOMBIA - GIRARDOTA","2020-12-17","","34.83333333"
"I.E. COLOMBIA - GIRARDOTA","2020-12-16","","39.86956522"
"I.E. COLOMBIA - GIRARDOTA","2020-12-15","","35.33333333"
"I.E. COLOMBIA - GIRARDOTA","2020-12-14","","34.16666667"
"I.E. COLOMBIA - GIRARDOTA","2020-12-13","","30.125"
"I.E. COLOMBIA - GIRARDOTA","2020-12-12","","31.625"
"I.E. COLOMBIA - GIRARDOTA","2020-12-11","","42.85714286"
"I.E. COLOMBIA - GIRARDOTA","2020-12-10","","33.91666667"
"I.E. COLOMBIA - GIRARDOTA","2020-12-09","","31.29166667"
"I.E. COLOMBIA - GIRARDOTA","2020-12-08","","29.29166667"
"I.E. COLOMBIA - GIRARDOTA","2020-12-07","","38.54166667"
"I.E. COLOMBIA - GIRARDOTA","2020-12-06","","24.75"
"I.E. COLOMBIA - GIRARDOTA","2020-12-05","","34.04347826"
"I.E. COLOMBIA - GIRARDOTA","2020-12-04","","33.75"
"I.E. COLOMBIA - GIRARDOTA","2020-12-03","","32.5"
"I.E. COLOMBIA - GIRARDOTA","2020-12-02","","40.54166667"
"I.E. COLOMBIA - GIRARDOTA","2020-12-01","","40.875"
"I.E. COLOMBIA - GIRARDOTA","2020-11-30","","31.375"
"I.E. COLOMBIA - GIRARDOTA","2020-11-29","","24.40909091"
"I.E. COLOMBIA - GIRARDOTA","2020-11-28","","27.52173913"
"I.E. COLOMBIA - GIRARDOTA","2020-11-27","","34.13043478"
"I.E. COLOMBIA - GIRARDOTA","2020-11-26","","28.58333333"
"I.E. COLOMBIA - GIRARDOTA","2020-11-25","","36.26086957"
"I.E. COLOMBIA - GIRARDOTA","2020-11-24","","41.17391304"
"I.E. COLOMBIA - GIRARDOTA","2020-11-23","","29.08695652"
"I.E. COLOMBIA - GIRARDOTA","2020-11-22","","22.27272727"
"I.E. COLOMBIA - GIRARDOTA","2020-11-21","","39.26086957"
"I.E. COLOMBIA - GIRARDOTA","2020-11-20","","42.95652174"
"I.E. COLOMBIA - GIRARDOTA","2020-11-19","","28.70833333"
"I.E. COLOMBIA - GIRARDOTA","2020-11-18","","29.09090909"
"I.E. COLOMBIA - GIRARDOTA","2020-11-17","","33.04166667"
"I.E. COLOMBIA - GIRARDOTA","2020-11-16","","20.66666667"
"I.E. COLOMBIA - GIRARDOTA","2020-11-15","","28.77272727"
"I.E. COLOMBIA - GIRARDOTA","2020-11-14","","28.08333333"
"I.E. COLOMBIA - GIRARDOTA","2020-11-13","","27.86363636"
"I.E. COLOMBIA - GIRARDOTA","2020-11-12","","41.5"
"I.E. COLOMBIA - GIRARDOTA","2020-11-11","","42.08695652"
"I.E. COLOMBIA - GIRARDOTA","2020-11-10","","42.60869565"
"I.E. COLOMBIA - GIRARDOTA","2020-11-09","","55.41666667"
"I.E. COLOMBIA - GIRARDOTA","2020-11-08","","30.66666667"
"I.E. COLOMBIA - GIRARDOTA","2020-11-07","","33.69565217"
"I.E. COLOMBIA - GIRARDOTA","2020-11-06","","26.5"
"I.E. COLOMBIA - GIRARDOTA","2020-11-05","","35.33333333"
"I.E. COLOMBIA - GIRARDOTA","2020-11-04","","27.26086957"
"I.E. COLOMBIA - GIRARDOTA","2020-11-03","","20.41666667"
"I.E. COLOMBIA - GIRARDOTA","2020-11-02","","25.42857143"
"I.E. COLOMBIA - GIRARDOTA","2020-11-01","","17.13043478"
"I.E. COLOMBIA - GIRARDOTA","2020-10-31","","19.95238095"
"I.E. COLOMBIA - GIRARDOTA","2020-10-30","","36.54166667"
"I.E. COLOMBIA - GIRARDOTA","2020-10-29","","31.20833333"
"I.E. COLOMBIA - GIRARDOTA","2020-10-28","","48.58333333"
"I.E. COLOMBIA - GIRARDOTA","2020-10-27","","41.46153846"
"I.E. COLOMBIA - GIRARDOTA","2020-10-26","","43.28571429"
"I.E. COLOMBIA - GIRARDOTA","2020-10-25","","39.77272727"
"I.E. COLOMBIA - GIRARDOTA","2020-10-24","","40.81818182"
"I.E. COLOMBIA - GIRARDOTA","2020-10-23","","37.20833333"
"I.E. COLOMBIA - GIRARDOTA","2020-10-22","","39.56521739"
"I.E. COLOMBIA - GIRARDOTA","2020-10-21","","34.58823529"
"I.E. COLOMBIA - GIRARDOTA","2020-10-20","","37.95833333"
"I.E. COLOMBIA - GIRARDOTA","2020-10-19","","50.79166667"
"I.E. COLOMBIA - GIRARDOTA","2020-10-18","","36.7826087"
"I.E. COLOMBIA - GIRARDOTA","2020-10-17","","42.08333333"
"I.E. COLOMBIA - GIRARDOTA","2020-10-16","","35.08333333"
"I.E. COLOMBIA - GIRARDOTA","2020-10-15","","31.20833333"
"I.E. COLOMBIA - GIRARDOTA","2020-10-14","","31.29166667"
"I.E. COLOMBIA - GIRARDOTA","2020-10-13","","39.54166667"
"I.E. COLOMBIA - GIRARDOTA","2020-10-12","","22.72727273"
"I.E. COLOMBIA - GIRARDOTA","2020-10-11","","25.54166667"
"I.E. COLOMBIA - GIRARDOTA","2020-10-10","","29.63636364"
"I.E. COLOMBIA - GIRARDOTA","2020-10-09","","33.77272727"
"I.E. COLOMBIA - GIRARDOTA","2020-10-08","","32.29166667"
"I.E. COLOMBIA - GIRARDOTA","2020-10-07","","37.34782609"
"I.E. COLOMBIA - GIRARDOTA","2020-10-06","","32.83333333"
"I.E. COLOMBIA - GIRARDOTA","2020-10-05","","32.54166667"
"I.E. COLOMBIA - GIRARDOTA","2020-10-04","","18.76190476"
"I.E. COLOMBIA - GIRARDOTA","2020-10-03","","44.52173913"
"I.E. COLOMBIA - GIRARDOTA","2020-10-02","","33.04347826"
"I.E. COLOMBIA - GIRARDOTA","2020-10-01","","24.82608696"
"I.E. COLOMBIA - GIRARDOTA","2020-09-30","","34.34782609"
"I.E. COLOMBIA - GIRARDOTA","2020-09-29","","51.08333333"
"I.E. COLOMBIA - GIRARDOTA","2020-09-28","","30.625"
"I.E. COLOMBIA - GIRARDOTA","2020-09-27","","24.125"
"I.E. COLOMBIA - GIRARDOTA","2020-09-26","","23.25"
"I.E. COLOMBIA - GIRARDOTA","2020-09-25","","30.08333333"
"I.E. COLOMBIA - GIRARDOTA","2020-09-24","","32.60869565"
"I.E. COLOMBIA - GIRARDOTA","2020-09-23","","33.625"
"I.E. COLOMBIA - GIRARDOTA","2020-09-22","","32.39130435"
"I.E. COLOMBIA - GIRARDOTA","2020-09-21","","38.375"
"I.E. COLOMBIA - GIRARDOTA","2020-09-20","","28.27272727"
"I.E. COLOMBIA - GIRARDOTA","2020-09-19","","32.41666667"
"I.E. COLOMBIA - GIRARDOTA","2020-09-18","","36.375"
"I.E. COLOMBIA - GIRARDOTA","2020-09-17","","38.0"
"I.E. COLOMBIA - GIRARDOTA","2020-09-16","","31.47826087"
"I.E. COLOMBIA - GIRARDOTA","2020-09-15","","44.40909091"
"I.E. COLOMBIA - GIRARDOTA","2020-09-14","","37.66666667"
"I.E. COLOMBIA - GIRARDOTA","2020-09-13","","27.36363636"
"I.E. COLOMBIA - GIRARDOTA","2020-09-12","","28.86956522"
"I.E. COLOMBIA - GIRARDOTA","2020-09-11","","35.0"
"I.E. COLOMBIA - GIRARDOTA","2020-09-10","","29.91666667"
"I.E. COLOMBIA - GIRARDOTA","2020-09-09","","47.54545455"
"I.E. COLOMBIA - GIRARDOTA","2020-09-08","","26.79166667"
"I.E. COLOMBIA - GIRARDOTA","2020-09-07","","25.83333333"
"I.E. COLOMBIA - GIRARDOTA","2020-09-06","","15.73913043"
"I.E. COLOMBIA - GIRARDOTA","2020-09-05","","28.76190476"
"I.E. COLOMBIA - GIRARDOTA","2020-09-04","","37.77272727"
"I.E. COLOMBIA - GIRARDOTA","2020-09-03","","38.23076923"
"I.E. COLOMBIA - GIRARDOTA","2020-09-02","","34.70833333"
"I.E. COLOMBIA - GIRARDOTA","2020-09-01","","37.54166667"
"I.E. COLOMBIA - GIRARDOTA","2020-08-31","","38.91666667"
"I.E. COLOMBIA - GIRARDOTA","2020-08-30","","28.29166667"
"I.E. COLOMBIA - GIRARDOTA","2020-08-29","","43.83333333"
"I.E. COLOMBIA - GIRARDOTA","2020-08-28","","31.63636364"
"I.E. COLOMBIA - GIRARDOTA","2020-08-27","","33.375"
"I.E. COLOMBIA - GIRARDOTA","2020-08-26","","26.47058824"
"I.E. COLOMBIA - GIRARDOTA","2020-08-25","","38.66666667"
"I.E. COLOMBIA - GIRARDOTA","2020-08-24","","51.26086957"
"I.E. COLOMBIA - GIRARDOTA","2020-08-23","","20.83333333"
"I.E. COLOMBIA - GIRARDOTA","2020-08-22","","25.16666667"
"I.E. COLOMBIA - GIRARDOTA","2020-08-21","","28.29166667"
"I.E. COLOMBIA - GIRARDOTA","2020-08-20","","26.58333333"
"I.E. COLOMBIA - GIRARDOTA","2020-08-19","","37.09090909"
"I.E. COLOMBIA - GIRARDOTA","2020-08-18","","30.91666667"
"I.E. COLOMBIA - GIRARDOTA","2020-08-17","","18.22727273"
"I.E. COLOMBIA - GIRARDOTA","2020-08-16","","20.63636364"
"I.E. COLOMBIA - GIRARDOTA","2020-08-15","","24.04347826"
"I.E. COLOMBIA - GIRARDOTA","2020-08-14","","28.58333333"
"I.E. COLOMBIA - GIRARDOTA","2020-08-13","","29.63636364"
"I.E. COLOMBIA - GIRARDOTA","2020-08-12","","16.76923077"
"I.E. COLOMBIA - GIRARDOTA","2020-08-11","","88.0"
"I.E. COLOMBIA - GIRARDOTA","2020-08-10","","46.20833333"
"I.E. COLOMBIA - GIRARDOTA","2020-08-09","","30.34782609"
"I.E. COLOMBIA - GIRARDOTA","2020-08-08","","34.41666667"
"I.E. COLOMBIA - GIRARDOTA","2020-08-07","","41.45833333"
"I.E. COLOMBIA - GIRARDOTA","2020-08-06","","58.20833333"
"I.E. COLOMBIA - GIRARDOTA","2020-08-05","","46.625"
"I.E. COLOMBIA - GIRARDOTA","2020-08-04","","41.54166667"
"I.E. COLOMBIA - GIRARDOTA","2020-08-03","","48.79166667"
"I.E. COLOMBIA - GIRARDOTA","2020-08-02","","31.40909091"
"I.E. COLOMBIA - GIRARDOTA","2020-08-01","","40.58333333"
"I.E. COLOMBIA - GIRARDOTA","2020-07-31","","40.26086957"
"I.E. COLOMBIA - GIRARDOTA","2020-07-30","","45.94444444"
"I.E. COLOMBIA - GIRARDOTA","2020-07-29","","32.60869565"
"I.E. COLOMBIA - GIRARDOTA","2020-07-28","","33.90909091"
"I.E. COLOMBIA - GIRARDOTA","2020-07-27","","21.90909091"
"I.E. COLOMBIA - GIRARDOTA","2020-07-26","","19.47619048"
"I.E. COLOMBIA - GIRARDOTA","2020-07-25","","29.375"
"I.E. COLOMBIA - GIRARDOTA","2020-07-24","","23.39130435"
"I.E. COLOMBIA - GIRARDOTA","2020-07-23","","30.13636364"
"I.E. COLOMBIA - GIRARDOTA","2020-07-22","","30.04166667"
"I.E. COLOMBIA - GIRARDOTA","2020-07-21","","30.41666667"
"I.E. COLOMBIA - GIRARDOTA","2020-07-20","","21.16666667"
"I.E. COLOMBIA - GIRARDOTA","2020-07-19","","22.95454545"
"I.E. COLOMBIA - GIRARDOTA","2020-07-18","","59.3"
"I.E. COLOMBIA - GIRARDOTA","2020-07-17","","37.34782609"
"I.E. COLOMBIA - GIRARDOTA","2020-07-16","","66.94736842"
"I.E. COLOMBIA - GIRARDOTA","2020-07-15","","36.54166667"
"I.E. COLOMBIA - GIRARDOTA","2020-07-14","","24.20833333"
"I.E. COLOMBIA - GIRARDOTA","2020-07-13","","25.25"
"I.E. COLOMBIA - GIRARDOTA","2020-07-12","","21.73913043"
"I.E. COLOMBIA - GIRARDOTA","2020-07-11","","24.29166667"
"I.E. COLOMBIA - GIRARDOTA","2020-07-10","","33.95652174"
"I.E. COLOMBIA - GIRARDOTA","2020-07-09","","31.2"
"I.E. COLOMBIA - GIRARDOTA","2020-07-08","","48.47826087"
"I.E. COLOMBIA - GIRARDOTA","2020-07-07","","44.17391304"
"I.E. COLOMBIA - GIRARDOTA","2020-07-06","","49.43478261"
"I.E. COLOMBIA - GIRARDOTA","2020-07-05","","24.875"
"I.E. COLOMBIA - GIRARDOTA","2020-07-04","","24.0"
"I.E. COLOMBIA - GIRARDOTA","2020-07-03","","27.54545455"
"I.E. COLOMBIA - GIRARDOTA","2020-07-02","","24.95833333"
"I.E. COLOMBIA - GIRARDOTA","2020-07-01","","30.73913043"
"I.E. COLOMBIA - GIRARDOTA","2020-06-30","","25.41666667"
"I.E. COLOMBIA - GIRARDOTA","2020-06-29","","25.04545455"
"I.E. COLOMBIA - GIRARDOTA","2020-06-28","","20.52380952"
"I.E. COLOMBIA - GIRARDOTA","2020-06-27","","23.26086957"
"I.E. COLOMBIA - GIRARDOTA","2020-06-26","","37.875"
"I.E. COLOMBIA - GIRARDOTA","2020-06-25","","80.34782609"
"I.E. COLOMBIA - GIRARDOTA","2020-06-24","","64.79166667"
"I.E. COLOMBIA - GIRARDOTA","2020-06-23","","37.91666667"
"I.E. COLOMBIA - GIRARDOTA","2020-06-22","","19.60869565"
"I.E. COLOMBIA - GIRARDOTA","2020-06-21","","21.36842105"
"I.E. COLOMBIA - GIRARDOTA","2020-06-20","","29.14285714"
"I.E. COLOMBIA - GIRARDOTA","2020-06-19","","44.5"
"I.E. COLOMBIA - GIRARDOTA","2020-06-18","","25.95833333"
"I.E. COLOMBIA - GIRARDOTA","2020-06-17","","38.2"
"I.E. COLOMBIA - GIRARDOTA","2020-06-16","","35.42857143"
"I.E. COLOMBIA - GIRARDOTA","2020-06-15","","23.30434783"
"I.E. COLOMBIA - GIRARDOTA","2020-06-14","","17.18181818"
"I.E. COLOMBIA - GIRARDOTA","2020-06-13","","29.79166667"
"I.E. COLOMBIA - GIRARDOTA","2020-06-12","","24.58333333"
"I.E. COLOMBIA - GIRARDOTA","2020-06-11","","34.0952381"
"I.E. COLOMBIA - GIRARDOTA","2020-06-10","","31.08333333"
"I.E. COLOMBIA - GIRARDOTA","2020-06-09","","42.22727273"
"I.E. COLOMBIA - GIRARDOTA","2020-06-08","","27.31818182"
"I.E. COLOMBIA - GIRARDOTA","2020-06-07","","25.59090909"
"I.E. COLOMBIA - GIRARDOTA","2020-06-06","","33.91666667"
"I.E. COLOMBIA - GIRARDOTA","2020-06-05","","35.56521739"
"I.E. COLOMBIA - GIRARDOTA","2020-06-04","","34.17391304"
"I.E. COLOMBIA - GIRARDOTA","2020-06-03","","36.875"
"I.E. COLOMBIA - GIRARDOTA","2020-06-02","","28.70833333"
"I.E. COLOMBIA - GIRARDOTA","2020-06-01","","17.125"
"I.E. COLOMBIA - GIRARDOTA","2020-05-27","","27.2"
"I.E. COLOMBIA - GIRARDOTA","2020-05-26","","30.125"
"I.E. COLOMBIA - GIRARDOTA","2020-05-25","","21.44444444"
"I.E. COLOMBIA - GIRARDOTA","2020-05-24","","21.56521739"
"I.E. COLOMBIA - GIRARDOTA","2020-05-23","","31.5"
"I.E. COLOMBIA - GIRARDOTA","2020-05-22","","35.41666667"
"I.E. COLOMBIA - GIRARDOTA","2020-05-21","","31.2173913"
"I.E. COLOMBIA - GIRARDOTA","2020-05-20","","32.18181818"
"I.E. COLOMBIA - GIRARDOTA","2020-05-19","","28.0"
"I.E. COLOMBIA - GIRARDOTA","2020-05-18","","22.08695652"
"I.E. COLOMBIA - GIRARDOTA","2020-05-17","","14.13043478"
"I.E. COLOMBIA - GIRARDOTA","2020-05-16","","23.30434783"
"I.E. COLOMBIA - GIRARDOTA","2020-05-15","","32.69565217"
"I.E. COLOMBIA - GIRARDOTA","2020-05-14","","33.25"
"I.E. COLOMBIA - GIRARDOTA","2020-05-13","","31.34782609"
"I.E. COLOMBIA - GIRARDOTA","2020-05-12","","36.91666667"
"I.E. COLOMBIA - GIRARDOTA","2020-05-11","","33.40909091"
"I.E. COLOMBIA - GIRARDOTA","2020-05-10","","22.23809524"
"I.E. COLOMBIA - GIRARDOTA","2020-05-09","","31.63636364"
"I.E. COLOMBIA - GIRARDOTA","2020-05-08","","29.33333333"
"I.E. COLOMBIA - GIRARDOTA","2020-05-07","","24.375"
"I.E. COLOMBIA - GIRARDOTA","2020-05-06","","20.95238095"
"I.E. COLOMBIA - GIRARDOTA","2020-05-05","","26.63636364"
"I.E. COLOMBIA - GIRARDOTA","2020-05-04","","24.125"
"I.E. COLOMBIA - GIRARDOTA","2020-05-03","","23.26086957"
"I.E. COLOMBIA - GIRARDOTA","2020-05-02","","16.0"
"I.E. COLOMBIA - GIRARDOTA","2020-04-30","","35.0"
"I.E. COLOMBIA - GIRARDOTA","2020-04-29","","36.33333333"
"I.E. COLOMBIA - GIRARDOTA","2020-04-28","","28.0"
"I.E. COLOMBIA - GIRARDOTA","2020-04-27","","34.5"
"I.E. COLOMBIA - GIRARDOTA","2020-04-26","","31.875"
"I.E. COLOMBIA - GIRARDOTA","2020-04-25","","37.58333333"
"I.E. COLOMBIA - GIRARDOTA","2020-04-24","","24.58333333"
"I.E. COLOMBIA - GIRARDOTA","2020-04-23","","20.39130435"
"I.E. COLOMBIA - GIRARDOTA","2020-04-22","","27.26086957"
"I.E. COLOMBIA - GIRARDOTA","2020-04-21","","28.05263158"
"I.E. COLOMBIA - GIRARDOTA","2020-04-20","","31.625"
"I.E. COLOMBIA - GIRARDOTA","2020-04-19","","31.04166667"
"I.E. COLOMBIA - GIRARDOTA","2020-04-18","","51.66666667"
"I.E. COLOMBIA - GIRARDOTA","2020-04-17","","53.70833333"
"I.E. COLOMBIA - GIRARDOTA","2020-04-16","","46.70833333"
"I.E. COLOMBIA - GIRARDOTA","2020-04-15","","40.54166667"
"I.E. COLOMBIA - GIRARDOTA","2020-04-14","","32.625"
"I.E. COLOMBIA - GIRARDOTA","2020-04-13","","20.95833333"
"I.E. COLOMBIA - GIRARDOTA","2020-04-12","","18.34782609"
"I.E. COLOMBIA - GIRARDOTA","2020-04-11","","12.95238095"
"I.E. COLOMBIA - GIRARDOTA","2020-04-10","","22.39130435"
"I.E. COLOMBIA - GIRARDOTA","2020-04-09","","19.13043478"
"I.E. COLOMBIA - GIRARDOTA","2020-04-08","","19.86956522"
"I.E. COLOMBIA - GIRARDOTA","2020-04-07","","18.73913043"
"I.E. COLOMBIA - GIRARDOTA","2020-04-06","","20.65"
"I.E. COLOMBIA - GIRARDOTA","2020-04-05","","25.25"
"I.E. COLOMBIA - GIRARDOTA","2020-04-04","","26.41666667"
"I.E. COLOMBIA - GIRARDOTA","2020-04-03","","31.54166667"
"I.E. COLOMBIA - GIRARDOTA","2020-04-02","","23.2173913"
"I.E. COLOMBIA - GIRARDOTA","2020-04-01","","22.40909091"
"I.E. COLOMBIA - GIRARDOTA","2020-03-31","","36.91666667"
"I.E. COLOMBIA - GIRARDOTA","2020-03-30","","67.70833333"
"I.E. COLOMBIA - GIRARDOTA","2020-03-29","","83.41666667"
"I.E. COLOMBIA - GIRARDOTA","2020-03-28","","70.66666667"
"I.E. COLOMBIA - GIRARDOTA","2020-03-27","","66.08333333"
"I.E. COLOMBIA - GIRARDOTA","2020-03-26","","77.18181818"
"I.E. COLOMBIA - GIRARDOTA","2020-03-25","","64.375"
"I.E. COLOMBIA - GIRARDOTA","2020-03-24","","67.58333333"
"I.E. COLOMBIA - GIRARDOTA","2020-03-23","","64.58333333"
"I.E. COLOMBIA - GIRARDOTA","2020-03-22","","53.79166667"
"I.E. COLOMBIA - GIRARDOTA","2020-03-21","","52.41666667"
"I.E. COLOMBIA - GIRARDOTA","2020-03-20","","74.625"
"I.E. COLOMBIA - GIRARDOTA","2020-03-19","","94.45833333"
"I.E. COLOMBIA - GIRARDOTA","2020-03-18","","93.41666667"
"I.E. COLOMBIA - GIRARDOTA","2020-03-17","","84.54166667"
"I.E. COLOMBIA - GIRARDOTA","2020-03-16","","73.56521739"
"I.E. COLOMBIA - GIRARDOTA","2020-03-15","","69.55"
"I.E. COLOMBIA - GIRARDOTA","2020-03-14","","71.54166667"
"I.E. COLOMBIA - GIRARDOTA","2020-03-13","","60.04166667"
"I.E. COLOMBIA - GIRARDOTA","2020-03-12","","64.58333333"
"I.E. COLOMBIA - GIRARDOTA","2020-03-11","","60.66666667"
"I.E. COLOMBIA - GIRARDOTA","2020-03-10","","71.29166667"
"I.E. COLOMBIA - GIRARDOTA","2020-03-09","","71.91666667"
"I.E. COLOMBIA - GIRARDOTA","2020-03-08","","75.95833333"
"I.E. COLOMBIA - GIRARDOTA","2020-03-07","","93.58333333"
"I.E. COLOMBIA - GIRARDOTA","2020-03-06","","89.70833333"
"I.E. COLOMBIA - GIRARDOTA","2020-03-05","","67.39130435"
"I.E. COLOMBIA - GIRARDOTA","2020-03-04","","68.95652174"
"I.E. COLOMBIA - GIRARDOTA","2020-03-03","","70.625"
"I.E. COLOMBIA - GIRARDOTA","2020-03-02","","59.0"
"I.E. COLOMBIA - GIRARDOTA","2020-03-01","","57.16666667"
"I.E. COLOMBIA - GIRARDOTA","2020-02-29","","74.79166667"
"I.E. COLOMBIA - GIRARDOTA","2020-02-28","","65.36363636"
"I.E. COLOMBIA - GIRARDOTA","2020-02-27","","66.38095238"
"I.E. COLOMBIA - GIRARDOTA","2020-02-26","","64.73913043"
"I.E. COLOMBIA - GIRARDOTA","2020-02-25","","56.31818182"
"I.E. COLOMBIA - GIRARDOTA","2020-02-24","","53.95454545"
"I.E. COLOMBIA - GIRARDOTA","2020-02-23","","43.75"
"I.E. COLOMBIA - GIRARDOTA","2020-02-22","","45.90909091"
"I.E. COLOMBIA - GIRARDOTA","2020-02-21","","69.125"
"I.E. COLOMBIA - GIRARDOTA","2020-02-20","","45.83333333"
"I.E. COLOMBIA - GIRARDOTA","2020-02-19","","58.83333333"
"I.E. COLOMBIA - GIRARDOTA","2020-02-18","","63.83333333"
"I.E. COLOMBIA - GIRARDOTA","2020-02-17","","38.85"
"I.E. COLOMBIA - GIRARDOTA","2020-02-16","","39.8"
"I.E. COLOMBIA - GIRARDOTA","2020-02-15","","54.25"
"I.E. COLOMBIA - GIRARDOTA","2020-02-14","","71.0"
"I.E. COLOMBIA - GIRARDOTA","2020-02-13","","81.375"
"I.E. COLOMBIA - GIRARDOTA","2020-02-12","","86.91666667"
"I.E. COLOMBIA - GIRARDOTA","2020-02-11","","66.7826087"
"I.E. COLOMBIA - GIRARDOTA","2020-02-10","","61.95833333"
"I.E. COLOMBIA - GIRARDOTA","2020-02-09","","54.33333333"
"I.E. COLOMBIA - GIRARDOTA","2020-02-08","","71.66666667"
"I.E. COLOMBIA - GIRARDOTA","2020-02-07","","84.66666667"
"I.E. COLOMBIA - GIRARDOTA","2020-02-06","","74.66666667"
"I.E. COLOMBIA - GIRARDOTA","2020-02-05","","59.375"
"I.E. COLOMBIA - GIRARDOTA","2020-02-04","","63.75"
"I.E. COLOMBIA - GIRARDOTA","2020-02-03","","51.95833333"
"I.E. COLOMBIA - GIRARDOTA","2020-02-02","","27.375"
"I.E. COLOMBIA - GIRARDOTA","2020-02-01","","44.91666667"
"I.E. COLOMBIA - GIRARDOTA","2020-01-31","","52.08333333"
"I.E. COLOMBIA - GIRARDOTA","2020-01-30","","68.54166667"
"I.E. COLOMBIA - GIRARDOTA","2020-01-29","","48.65217391"
"I.E. COLOMBIA - GIRARDOTA","2020-01-28","","35.16666667"
"I.E. COLOMBIA - GIRARDOTA","2020-01-27","","36.40909091"
"I.E. COLOMBIA - GIRARDOTA","2020-01-26","","27.56521739"
"I.E. COLOMBIA - GIRARDOTA","2020-01-25","","37.43478261"
"I.E. COLOMBIA - GIRARDOTA","2020-01-24","","51.70833333"
"I.E. COLOMBIA - GIRARDOTA","2020-01-23","","53.66666667"
"I.E. COLOMBIA - GIRARDOTA","2020-01-22","","39.41666667"
"I.E. COLOMBIA - GIRARDOTA","2020-01-21","","44.86956522"
"I.E. COLOMBIA - GIRARDOTA","2020-01-20","","52.875"
"I.E. COLOMBIA - GIRARDOTA","2020-01-19","","52.91304348"
"I.E. COLOMBIA - GIRARDOTA","2020-01-18","","67.16666667"
"I.E. COLOMBIA - GIRARDOTA","2020-01-17","","60.91304348"
"I.E. COLOMBIA - GIRARDOTA","2020-01-16","","56.625"
"I.E. COLOMBIA - GIRARDOTA","2020-01-15","","63.54166667"
"I.E. COLOMBIA - GIRARDOTA","2020-01-14","","65.40909091"
"I.E. COLOMBIA - GIRARDOTA","2020-01-13","","42.70833333"
"I.E. COLOMBIA - GIRARDOTA","2020-01-12","","36.125"
"I.E. COLOMBIA - GIRARDOTA","2020-01-11","","51.875"
"I.E. COLOMBIA - GIRARDOTA","2020-01-10","","55.86956522"
"I.E. COLOMBIA - GIRARDOTA","2020-01-09","","39.875"
"I.E. COLOMBIA - GIRARDOTA","2020-01-08","","38.875"
"I.E. COLOMBIA - GIRARDOTA","2020-01-07","","36.70833333"
"I.E. COLOMBIA - GIRARDOTA","2020-01-06","","27.375"
"I.E. COLOMBIA - GIRARDOTA","2020-01-05","","33.79166667"
"I.E. COLOMBIA - GIRARDOTA","2020-01-04","","32.875"
"I.E. COLOMBIA - GIRARDOTA","2020-01-03","","28.625"
"I.E. COLOMBIA - GIRARDOTA","2020-01-02","","22.125"
"I.E. COLOMBIA - GIRARDOTA","2020-01-01","","62.38095238"
"I.E. COLOMBIA - GIRARDOTA","2019-12-31","","33.76190476"
"I.E. COLOMBIA - GIRARDOTA","2019-12-30","","31.95833333"
"I.E. COLOMBIA - GIRARDOTA","2019-12-29","","39.95652174"
"I.E. COLOMBIA - GIRARDOTA","2019-12-28","","38.25"
"I.E. COLOMBIA - GIRARDOTA","2019-12-27","","33.45833333"
"I.E. COLOMBIA - GIRARDOTA","2019-12-26","","23.54166667"
"I.E. COLOMBIA - GIRARDOTA","2019-12-25","","23.85714286"
"I.E. COLOMBIA - GIRARDOTA","2019-12-24","","32.40909091"
"I.E. COLOMBIA - GIRARDOTA","2019-12-23","","33.04166667"
"I.E. COLOMBIA - GIRARDOTA","2019-12-22","","38.375"
"I.E. COLOMBIA - GIRARDOTA","2019-12-21","","54.52173913"
"I.E. COLOMBIA - GIRARDOTA","2019-12-20","","34.5"
"I.E. COLOMBIA - GIRARDOTA","2019-12-19","","38.23529412"
"I.E. COLOMBIA - GIRARDOTA","2019-12-18","","49.125"
"I.E. COLOMBIA - GIRARDOTA","2019-12-17","","50.54545455"
"I.E. COLOMBIA - GIRARDOTA","2019-12-16","","37.375"
"I.E. COLOMBIA - GIRARDOTA","2019-12-15","","31.29166667"
"I.E. COLOMBIA - GIRARDOTA","2019-12-14","","21.0"
"I.E. COLOMBIA - GIRARDOTA","2019-12-13","","49.45833333"
"I.E. COLOMBIA - GIRARDOTA","2019-12-12","","34.75"
"I.E. COLOMBIA - GIRARDOTA","2019-12-11","","49.33333333"
"I.E. COLOMBIA - GIRARDOTA","2019-12-10","","43.375"
"I.E. COLOMBIA - GIRARDOTA","2019-12-09","","33.20833333"
"I.E. COLOMBIA - GIRARDOTA","2019-12-08","","37.95833333"
"I.E. COLOMBIA - GIRARDOTA","2019-12-07","","50.29166667"
"I.E. COLOMBIA - GIRARDOTA","2019-12-06","","36.9"
"I.E. COLOMBIA - GIRARDOTA","2019-12-05","","57.33333333"
"I.E. COLOMBIA - GIRARDOTA","2019-12-04","","74.34782609"
"I.E. COLOMBIA - GIRARDOTA","2019-12-03","","69.75"
"I.E. COLOMBIA - GIRARDOTA","2019-12-02","","36.52173913"
"I.E. COLOMBIA - GIRARDOTA","2019-12-01","","29.17391304"
"I.E. COLOMBIA - GIRARDOTA","2019-11-30","","62.29166667"
"I.E. COLOMBIA - GIRARDOTA","2019-11-29","","82.04166667"
"I.E. COLOMBIA - GIRARDOTA","2019-11-28","","66.30434783"
"I.E. COLOMBIA - GIRARDOTA","2019-11-27","","51.20833333"
"I.E. COLOMBIA - GIRARDOTA","2019-11-26","","35.33333333"
"I.E. COLOMBIA - GIRARDOTA","2019-11-25","","37.58333333"
"I.E. COLOMBIA - GIRARDOTA","2019-11-24","","33.34782609"
"I.E. COLOMBIA - GIRARDOTA","2019-11-23","","53.56521739"
"I.E. COLOMBIA - GIRARDOTA","2019-11-22","","49.39130435"
"I.E. COLOMBIA - GIRARDOTA","2019-11-21","","36.70833333"
"I.E. COLOMBIA - GIRARDOTA","2019-11-20","","53.39130435"
"I.E. COLOMBIA - GIRARDOTA","2019-11-19","","47.33333333"
"I.E. COLOMBIA - GIRARDOTA","2019-11-18","","28.125"
"I.E. COLOMBIA - GIRARDOTA","2019-11-17","","26.27272727"
"I.E. COLOMBIA - GIRARDOTA","2019-11-16","","40.04761905"
"I.E. COLOMBIA - GIRARDOTA","2019-11-15","","44.25"
"I.E. COLOMBIA - GIRARDOTA","2019-11-14","","37.91666667"
"I.E. COLOMBIA - GIRARDOTA","2019-11-13","","58.91666667"
"I.E. COLOMBIA - GIRARDOTA","2019-11-12","","33.31818182"
"I.E. COLOMBIA - GIRARDOTA","2019-11-11","","21.13636364"
"I.E. COLOMBIA - GIRARDOTA","2019-11-10","","35.5"
"I.E. COLOMBIA - GIRARDOTA","2019-11-09","","53.20833333"
"I.E. COLOMBIA - GIRARDOTA","2019-11-08","","49.625"
"I.E. COLOMBIA - GIRARDOTA","2019-11-07","","49.1875"
"I.E. COLOMBIA - GIRARDOTA","2019-11-06","","35.125"
"I.E. COLOMBIA - GIRARDOTA","2019-11-05","","34.45833333"
"I.E. COLOMBIA - GIRARDOTA","2019-11-04","","22.58333333"
"I.E. COLOMBIA - GIRARDOTA","2019-11-03","","35.17391304"
"I.E. COLOMBIA - GIRARDOTA","2019-11-02","","48.91666667"
"I.E. COLOMBIA - GIRARDOTA","2019-11-01","","35.54166667"
"I.E. COLOMBIA - GIRARDOTA","2019-10-31","","36.75"
"I.E. COLOMBIA - GIRARDOTA","2019-10-30","","37.79166667"
"I.E. COLOMBIA - GIRARDOTA","2019-10-29","","25.95652174"
"I.E. COLOMBIA - GIRARDOTA","2019-10-28","","38.04347826"
"I.E. COLOMBIA - GIRARDOTA","2019-10-27","","19.65217391"
"I.E. COLOMBIA - GIRARDOTA","2019-10-26","","34.54166667"
"I.E. COLOMBIA - GIRARDOTA","2019-10-25","","86.83333333"
"I.E. COLOMBIA - GIRARDOTA","2019-10-24","","52.45833333"
"I.E. COLOMBIA - GIRARDOTA","2019-10-23","","27.125"
"I.E. COLOMBIA - GIRARDOTA","2019-10-22","","34.34782609"
"I.E. COLOMBIA - GIRARDOTA","2019-10-21","","27.26086957"
"I.E. COLOMBIA - GIRARDOTA","2019-10-20","","20.125"
"I.E. COLOMBIA - GIRARDOTA","2019-10-19","","33.91666667"
"I.E. COLOMBIA - GIRARDOTA","2019-10-18","","32.45454545"
"I.E. COLOMBIA - GIRARDOTA","2019-10-17","","50.33333333"
"I.E. COLOMBIA - GIRARDOTA","2019-10-16","","79.875"
"I.E. COLOMBIA - GIRARDOTA","2019-10-15","","34.33333333"
"I.E. COLOMBIA - GIRARDOTA","2019-10-14","","17.13043478"
"I.E. COLOMBIA - GIRARDOTA","2019-10-13","","23.875"
"I.E. COLOMBIA - GIRARDOTA","2019-10-12","","43.875"
"I.E. COLOMBIA - GIRARDOTA","2019-10-11","","49.41666667"
"I.E. COLOMBIA - GIRARDOTA","2019-10-10","","51.70833333"
"I.E. COLOMBIA - GIRARDOTA","2019-10-09","","58.86956522"
"I.E. COLOMBIA - GIRARDOTA","2019-10-08","","40.20833333"
"I.E. COLOMBIA - GIRARDOTA","2019-10-07","","31.13043478"
"I.E. COLOMBIA - GIRARDOTA","2019-10-06","","43.17391304"
"I.E. COLOMBIA - GIRARDOTA","2019-10-05","","33.45833333"
"I.E. COLOMBIA - GIRARDOTA","2019-10-04","","48.75"
"I.E. COLOMBIA - GIRARDOTA","2019-10-03","","38.16666667"
"I.E. COLOMBIA - GIRARDOTA","2019-10-02","","40.125"
"I.E. COLOMBIA - GIRARDOTA","2019-10-01","","37.54166667"
"I.E. COLOMBIA - GIRARDOTA","2019-09-30","","38.82608696"
"I.E. COLOMBIA - GIRARDOTA","2019-09-29","","33.69565217"
"I.E. COLOMBIA - GIRARDOTA","2019-09-28","","33.83333333"
"I.E. COLOMBIA - GIRARDOTA","2019-09-27","","44.25"
"I.E. COLOMBIA - GIRARDOTA","2019-09-26","","38.875"
"I.E. COLOMBIA - GIRARDOTA","2019-09-25","","40.95833333"
"I.E. COLOMBIA - GIRARDOTA","2019-09-24","","52.875"
"I.E. COLOMBIA - GIRARDOTA","2019-09-23","","34.75"
"I.E. COLOMBIA - GIRARDOTA","2019-09-22","","28.875"
"I.E. COLOMBIA - GIRARDOTA","2019-09-21","","40.75"
"I.E. COLOMBIA - GIRARDOTA","2019-09-20","","36.04166667"
"I.E. COLOMBIA - GIRARDOTA","2019-09-19","","32.59090909"
"I.E. COLOMBIA - GIRARDOTA","2019-09-18","","33.61904762"
"I.E. COLOMBIA - GIRARDOTA","2019-09-17","","35.0"
"I.E. COLOMBIA - GIRARDOTA","2019-09-16","","39.16666667"
"I.E. COLOMBIA - GIRARDOTA","2019-09-15","","36.41666667"
"I.E. COLOMBIA - GIRARDOTA","2019-09-14","","32.58333333"
"I.E. COLOMBIA - GIRARDOTA","2019-09-13","","35.2173913"
"I.E. COLOMBIA - GIRARDOTA","2019-09-12","","40.95833333"
"I.E. COLOMBIA - GIRARDOTA","2019-09-11","","57.25"
"I.E. COLOMBIA - GIRARDOTA","2019-09-10","","51.28571429"
"I.E. COLOMBIA - GIRARDOTA","2019-09-09","","73.8125"
"I.E. COLOMBIA - GIRARDOTA","2019-09-07","","39.1"
"I.E. COLOMBIA - GIRARDOTA","2019-09-06","","42.28571429"
"I.E. COLOMBIA - GIRARDOTA","2019-09-05","","38.125"
"I.E. COLOMBIA - GIRARDOTA","2019-09-04","","49.25"
"I.E. COLOMBIA - GIRARDOTA","2019-09-03","","40.5"
"I.E. COLOMBIA - GIRARDOTA","2019-09-02","","45.58333333"
"I.E. COLOMBIA - GIRARDOTA","2019-09-01","","29.83333333"
"I.E. COLOMBIA - GIRARDOTA","2019-08-31","","67.13636364"
"I.E. COLOMBIA - GIRARDOTA","2019-08-30","","91.16666667"
"I.E. COLOMBIA - GIRARDOTA","2019-08-29","","74.54166667"
"I.E. COLOMBIA - GIRARDOTA","2019-08-28","","92.54166667"
"I.E. COLOMBIA - GIRARDOTA","2019-08-27","","72.04166667"
"I.E. COLOMBIA - GIRARDOTA","2019-08-26","","56.77272727"
"I.E. COLOMBIA - GIRARDOTA","2019-08-25","","33.61111111"
"I.E. COLOMBIA - GIRARDOTA","2019-08-24","","59.7826087"
"I.E. COLOMBIA - GIRARDOTA","2019-08-23","","68.58333333"
"I.E. COLOMBIA - GIRARDOTA","2019-08-22","","74.625"
"I.E. COLOMBIA - GIRARDOTA","2019-08-21","","54.95833333"
"I.E. COLOMBIA - GIRARDOTA","2019-08-20","","44.79166667"
"I.E. COLOMBIA - GIRARDOTA","2019-08-19","","27.66666667"
"I.E. COLOMBIA - GIRARDOTA","2019-08-18","","37.82608696"
"I.E. COLOMBIA - GIRARDOTA","2019-08-17","","43.4375"
"I.E. COLOMBIA - GIRARDOTA","2019-08-16","","60.77272727"
"I.E. COLOMBIA - GIRARDOTA","2019-08-15","","74.33333333"
"I.E. COLOMBIA - GIRARDOTA","2019-08-14","","48.75"
"I.E. COLOMBIA - GIRARDOTA","2019-08-13","","48.08333333"
"I.E. COLOMBIA - GIRARDOTA","2019-08-12","","42.375"
"I.E. COLOMBIA - GIRARDOTA","2019-08-11","","32.31578947"
"I.E. COLOMBIA - GIRARDOTA","2019-08-10","","68.36363636"
"I.E. COLOMBIA - GIRARDOTA","2019-08-09","","55.625"
"I.E. COLOMBIA - GIRARDOTA","2019-08-08","","71.875"
"I.E. COLOMBIA - GIRARDOTA","2019-08-07","","66.29166667"
"I.E. COLOMBIA - GIRARDOTA","2019-08-06","","76.625"
"I.E. COLOMBIA - GIRARDOTA","2019-08-05","","48.13043478"
"I.E. COLOMBIA - GIRARDOTA","2019-08-04","","30.69565217"
"I.E. COLOMBIA - GIRARDOTA","2019-08-03","","39.58333333"
"I.E. COLOMBIA - GIRARDOTA","2019-08-02","","35.54166667"
"I.E. COLOMBIA - GIRARDOTA","2019-08-01","","41.44444444"
"I.E. COLOMBIA - GIRARDOTA","2019-07-30","","51.63636364"
"I.E. COLOMBIA - GIRARDOTA","2019-07-29","","60.90909091"
"I.E. COLOMBIA - GIRARDOTA","2019-07-28","","60.875"
"I.E. COLOMBIA - GIRARDOTA","2019-07-27","","55.33333333"
"I.E. COLOMBIA - GIRARDOTA","2019-07-26","","43.83333333"
"I.E. COLOMBIA - GIRARDOTA","2019-07-25","","39.0"
"I.E. COLOMBIA - GIRARDOTA","2019-07-24","","26.25"
"I.E. COLOMBIA - GIRARDOTA","2019-07-23","","30.08333333"
"I.E. COLOMBIA - GIRARDOTA","2019-07-22","","33.45833333"
"I.E. COLOMBIA - GIRARDOTA","2019-07-21","","25.04166667"
"I.E. COLOMBIA - GIRARDOTA","2019-07-20","","33.875"
"I.E. COLOMBIA - GIRARDOTA","2019-07-19","","44.75"
"I.E. COLOMBIA - GIRARDOTA","2019-07-18","","39.7826087"
"I.E. COLOMBIA - GIRARDOTA","2019-07-17","","41.5"
"I.E. COLOMBIA - GIRARDOTA","2019-07-16","","35.625"
"I.E. COLOMBIA - GIRARDOTA","2019-07-15","","31.04166667"
"I.E. COLOMBIA - GIRARDOTA","2019-07-14","","21.04166667"
"I.E. COLOMBIA - GIRARDOTA","2019-07-13","","27.54166667"
"I.E. COLOMBIA - GIRARDOTA","2019-07-12","","33.0"
"I.E. COLOMBIA - GIRARDOTA","2019-07-11","","32.83333333"
"I.E. COLOMBIA - GIRARDOTA","2019-07-10","","54.91666667"
"I.E. COLOMBIA - GIRARDOTA","2019-07-09","","42.875"
"I.E. COLOMBIA - GIRARDOTA","2019-07-08","","47.91666667"
"I.E. COLOMBIA - GIRARDOTA","2019-07-07","","26.16666667"
"I.E. COLOMBIA - GIRARDOTA","2019-07-06","","41.0"
"I.E. COLOMBIA - GIRARDOTA","2019-07-05","","30.41666667"
"I.E. COLOMBIA - GIRARDOTA","2019-07-04","","33.73913043"
"I.E. COLOMBIA - GIRARDOTA","2019-07-03","","30.45833333"
"I.E. COLOMBIA - GIRARDOTA","2019-07-02","","73.33333333"
"I.E. COLOMBIA - GIRARDOTA","2019-07-01","","31.22222222"
"I.E. COLOMBIA - GIRARDOTA","2019-06-30","","33.0"
"I.E. COLOMBIA - GIRARDOTA","2019-06-29","","37.5"
"I.E. COLOMBIA - GIRARDOTA","2019-06-28","","55.0"
"I.E. COLOMBIA - GIRARDOTA","2019-06-27","","50.33333333"
"I.E. COLOMBIA - GIRARDOTA","2019-06-26","","49.60869565"
"I.E. COLOMBIA - GIRARDOTA","2019-06-25","","52.23809524"
"I.E. COLOMBIA - GIRARDOTA","2019-06-24","","34.79166667"
"I.E. COLOMBIA - GIRARDOTA","2019-06-23","","34.91666667"
"I.E. COLOMBIA - GIRARDOTA","2019-06-22","","44.7826087"
"I.E. COLOMBIA - GIRARDOTA","2019-06-21","","64.31818182"
"I.E. COLOMBIA - GIRARDOTA","2019-06-20","","50.5"
"I.E. COLOMBIA - GIRARDOTA","2019-06-19","","47.08695652"
"I.E. COLOMBIA - GIRARDOTA","2019-06-18","","79.875"
"I.E. COLOMBIA - GIRARDOTA","2019-06-17","","37.75"
"I.E. COLOMBIA - GIRARDOTA","2019-06-16","","21.70833333"
"I.E. COLOMBIA - GIRARDOTA","2019-06-15","","31.45833333"
"I.E. COLOMBIA - GIRARDOTA","2019-06-14","","40.54166667"
"I.E. COLOMBIA - GIRARDOTA","2019-06-13","","32.70833333"
"I.E. COLOMBIA - GIRARDOTA","2019-06-12","","38.29166667"
"I.E. COLOMBIA - GIRARDOTA","2019-06-11","","40.43478261"
"I.E. COLOMBIA - GIRARDOTA","2019-06-10","","35.25"
"I.E. COLOMBIA - GIRARDOTA","2019-06-09","","24.2173913"
"I.E. COLOMBIA - GIRARDOTA","2019-06-08","","31.29166667"
"I.E. COLOMBIA - GIRARDOTA","2019-06-07","","31.58333333"
"I.E. COLOMBIA - GIRARDOTA","2019-06-06","","47.5"
"I.E. COLOMBIA - GIRARDOTA","2019-06-05","","37.20833333"
"I.E. COLOMBIA - GIRARDOTA","2019-06-04","","34.04166667"
"I.E. COLOMBIA - GIRARDOTA","2019-06-03","","25.29166667"
"I.E. COLOMBIA - GIRARDOTA","2019-06-02","","24.04166667"
"I.E. COLOMBIA - GIRARDOTA","2019-06-01","","21.08695652"
"I.E. COLOMBIA - GIRARDOTA","2019-05-31","","50.28571429"
"I.E. COLOMBIA - GIRARDOTA","2019-05-30","","36.375"
"I.E. COLOMBIA - GIRARDOTA","2019-05-29","","39.41666667"
"I.E. COLOMBIA - GIRARDOTA","2019-05-28","","42.58333333"
"I.E. COLOMBIA - GIRARDOTA","2019-05-27","","27.25"
"I.E. COLOMBIA - GIRARDOTA","2019-05-26","","22.91666667"
"I.E. COLOMBIA - GIRARDOTA","2019-05-25","","26.20833333"
"I.E. COLOMBIA - GIRARDOTA","2019-05-24","","37.29166667"
"I.E. COLOMBIA - GIRARDOTA","2019-05-23","","30.66666667"
"I.E. COLOMBIA - GIRARDOTA","2019-05-22","","30.65217391"
"I.E. COLOMBIA - GIRARDOTA","2019-05-21","","29.79166667"
"I.E. COLOMBIA - GIRARDOTA","2019-05-20","","31.5"
"I.E. COLOMBIA - GIRARDOTA","2019-05-19","","23.5"
"I.E. COLOMBIA - GIRARDOTA","2019-05-18","","28.875"
"I.E. COLOMBIA - GIRARDOTA","2019-05-17","","29.04347826"
"I.E. COLOMBIA - GIRARDOTA","2019-05-16","","41.84615385"
"I.E. COLOMBIA - GIRARDOTA","2019-05-15","","30.64705882"
"I.E. COLOMBIA - GIRARDOTA","2019-05-14","","24.77777778"
"I.E. COLOMBIA - GIRARDOTA","2019-05-10","","33.86666667"
"I.E. COLOMBIA - GIRARDOTA","2019-05-09","","45.16666667"
"I.E. COLOMBIA - GIRARDOTA","2019-05-08","","40.45833333"
"I.E. COLOMBIA - GIRARDOTA","2019-05-07","","39.0"
"I.E. COLOMBIA - GIRARDOTA","2019-05-06","","50.08333333"
"I.E. COLOMBIA - GIRARDOTA","2019-05-05","","33.125"
"I.E. COLOMBIA - GIRARDOTA","2019-05-04","","65.25"
"I.E. COLOMBIA - GIRARDOTA","2019-05-03","","53.54166667"
"I.E. COLOMBIA - GIRARDOTA","2019-05-02","","57.875"
"I.E. COLOMBIA - GIRARDOTA","2019-05-01","","47.04166667"
"I.E. COLOMBIA - GIRARDOTA","2019-04-30","","53.625"
"I.E. COLOMBIA - GIRARDOTA","2019-04-29","","47.13043478"
"I.E. COLOMBIA - GIRARDOTA","2019-04-28","","30.0"
"I.E. COLOMBIA - GIRARDOTA","2019-04-27","","38.58333333"
"I.E. COLOMBIA - GIRARDOTA","2019-04-26","","29.79166667"
"I.E. COLOMBIA - GIRARDOTA","2019-04-25","","34.58333333"
"I.E. COLOMBIA - GIRARDOTA","2019-04-24","","30.54166667"
"I.E. COLOMBIA - GIRARDOTA","2019-04-23","","37.16666667"
"I.E. COLOMBIA - GIRARDOTA","2019-04-22","","25.5"
"I.E. COLOMBIA - GIRARDOTA","2019-04-21","","22.5"
"I.E. COLOMBIA - GIRARDOTA","2019-04-20","","26.70833333"
"I.E. COLOMBIA - GIRARDOTA","2019-04-19","","23.54166667"
"I.E. COLOMBIA - GIRARDOTA","2019-04-18","","19.04166667"
"I.E. COLOMBIA - GIRARDOTA","2019-04-17","","38.375"
"I.E. COLOMBIA - GIRARDOTA","2019-04-16","","42.91666667"
"I.E. COLOMBIA - GIRARDOTA","2019-04-15","","32.66666667"
"I.E. COLOMBIA - GIRARDOTA","2019-04-14","","40.125"
"I.E. COLOMBIA - GIRARDOTA","2019-04-13","","45.08333333"
"I.E. COLOMBIA - GIRARDOTA","2019-04-12","","47.58333333"
"I.E. COLOMBIA - GIRARDOTA","2019-04-11","","41.45833333"
"I.E. COLOMBIA - GIRARDOTA","2019-04-10","","64.58333333"
"I.E. COLOMBIA - GIRARDOTA","2019-04-09","","62.0"
"I.E. COLOMBIA - GIRARDOTA","2019-04-08","","51.75"
"I.E. COLOMBIA - GIRARDOTA","2019-04-07","","45.58333333"
"I.E. COLOMBIA - GIRARDOTA","2019-04-06","","37.16666667"
"I.E. COLOMBIA - GIRARDOTA","2019-04-05","","34.95833333"
"I.E. COLOMBIA - GIRARDOTA","2019-04-04","","55.79166667"
"I.E. COLOMBIA - GIRARDOTA","2019-04-03","","51.20833333"
"I.E. COLOMBIA - GIRARDOTA","2019-04-02","","30.125"
"I.E. COLOMBIA - GIRARDOTA","2019-04-01","","31.53846154"
"I.E. COLOMBIA - GIRARDOTA","2019-03-31","","38.58333333"
"I.E. COLOMBIA - GIRARDOTA","2019-03-30","","41.20833333"
"I.E. COLOMBIA - GIRARDOTA","2019-03-29","","34.375"
"I.E. COLOMBIA - GIRARDOTA","2019-03-28","","75.54545455"
"I.E. COLOMBIA - GIRARDOTA","2019-03-27","","77.625"
"I.E. COLOMBIA - GIRARDOTA","2019-03-26","","58.75"
"I.E. COLOMBIA - GIRARDOTA","2019-03-25","","36.91666667"
"I.E. COLOMBIA - GIRARDOTA","2019-03-24","","42.60869565"
"I.E. COLOMBIA - GIRARDOTA","2019-03-23","","48.16666667"
"I.E. COLOMBIA - GIRARDOTA","2019-03-22","","49.33333333"
"I.E. COLOMBIA - GIRARDOTA","2019-03-21","","50.58333333"
"I.E. COLOMBIA - GIRARDOTA","2019-03-20","","53.04166667"
"I.E. COLOMBIA - GIRARDOTA","2019-03-19","","37.17391304"
"I.E. COLOMBIA - GIRARDOTA","2019-03-18","","57.86956522"
"I.E. COLOMBIA - GIRARDOTA","2019-03-17","","80.625"
"I.E. COLOMBIA - GIRARDOTA","2019-03-16","","83.20833333"
"I.E. COLOMBIA - GIRARDOTA","2019-03-15","","77.125"
"I.E. COLOMBIA - GIRARDOTA","2019-03-14","","80.08333333"
"I.E. COLOMBIA - GIRARDOTA","2019-03-13","","50.04166667"
"I.E. COLOMBIA - GIRARDOTA","2019-03-12","","47.5"
"I.E. COLOMBIA - GIRARDOTA","2019-03-11","","45.66666667"
"I.E. COLOMBIA - GIRARDOTA","2019-03-10","","38.04166667"
"I.E. COLOMBIA - GIRARDOTA","2019-03-09","","52.08333333"
"I.E. COLOMBIA - GIRARDOTA","2019-03-08","","55.82608696"
"I.E. COLOMBIA - GIRARDOTA","2019-03-07","","56.70833333"
"I.E. COLOMBIA - GIRARDOTA","2019-03-06","","60.43478261"
"I.E. COLOMBIA - GIRARDOTA","2019-03-05","","71.20833333"
"I.E. COLOMBIA - GIRARDOTA","2019-03-04","","50.29166667"
"I.E. COLOMBIA - GIRARDOTA","2019-03-03","","42.08333333"
"I.E. COLOMBIA - GIRARDOTA","2019-03-02","","51.75"
"I.E. COLOMBIA - GIRARDOTA","2019-03-01","","62.125"
"I.E. COLOMBIA - GIRARDOTA","2019-02-28","","49.63636364"
"I.E. COLOMBIA - GIRARDOTA","2019-02-27","","64.125"
"I.E. COLOMBIA - GIRARDOTA","2019-02-26","","69.20833333"
"I.E. COLOMBIA - GIRARDOTA","2019-02-25","","60.875"
"I.E. COLOMBIA - GIRARDOTA","2019-02-24","","48.625"
"I.E. COLOMBIA - GIRARDOTA","2019-02-23","","38.08333333"
"I.E. COLOMBIA - GIRARDOTA","2019-02-22","","43.95652174"
"I.E. COLOMBIA - GIRARDOTA","2019-02-21","","40.875"
"I.E. COLOMBIA - GIRARDOTA","2019-02-19","","56.54166667"
"I.E. COLOMBIA - GIRARDOTA","2019-02-18","","58.08333333"
"I.E. COLOMBIA - GIRARDOTA","2019-02-17","","48.625"
"I.E. COLOMBIA - GIRARDOTA","2019-02-16","","60.75"
"I.E. COLOMBIA - GIRARDOTA","2019-02-15","","68.125"
"I.E. COLOMBIA - GIRARDOTA","2019-02-14","","47.25"
"I.E. COLOMBIA - GIRARDOTA","2019-02-13","","69.375"
"I.E. COLOMBIA - GIRARDOTA","2019-02-12","","70.375"
"I.E. COLOMBIA - GIRARDOTA","2019-02-11","","53.125"
"I.E. COLOMBIA - GIRARDOTA","2019-02-10","","43.16666667"
"I.E. COLOMBIA - GIRARDOTA","2019-02-09","","59.875"
"I.E. COLOMBIA - GIRARDOTA","2019-02-08","","67.16666667"
"I.E. COLOMBIA - GIRARDOTA","2019-02-07","","62.375"
"I.E. COLOMBIA - GIRARDOTA","2019-02-06","","58.375"
"I.E. COLOMBIA - GIRARDOTA","2019-02-05","","54.83333333"
"I.E. COLOMBIA - GIRARDOTA","2019-02-04","","50.25"
"I.E. COLOMBIA - GIRARDOTA","2019-02-03","","39.58333333"
"I.E. COLOMBIA - GIRARDOTA","2019-02-02","","54.33333333"
"I.E. COLOMBIA - GIRARDOTA","2019-02-01","","42.29166667"
"I.E. COLOMBIA - GIRARDOTA","2019-01-31","","44.875"
"I.E. COLOMBIA - GIRARDOTA","2019-01-30","","48.83333333"
"I.E. COLOMBIA - GIRARDOTA","2019-01-29","","43.0"
"I.E. COLOMBIA - GIRARDOTA","2019-01-28","","46.45833333"
"I.E. COLOMBIA - GIRARDOTA","2019-01-27","","33.75"
"I.E. COLOMBIA - GIRARDOTA","2019-01-26","","39.375"
"I.E. COLOMBIA - GIRARDOTA","2019-01-25","","46.25"
"I.E. COLOMBIA - GIRARDOTA","2019-01-24","","47.875"
"I.E. COLOMBIA - GIRARDOTA","2019-01-23","","41.54166667"
"I.E. COLOMBIA - GIRARDOTA","2019-01-22","","36.95833333"
"I.E. COLOMBIA - GIRARDOTA","2019-01-21","","29.875"
"I.E. COLOMBIA - GIRARDOTA","2019-01-20","","37.875"
"I.E. COLOMBIA - GIRARDOTA","2019-01-19","","40.25"
"I.E. COLOMBIA - GIRARDOTA","2019-01-18","","47.04166667"
"I.E. COLOMBIA - GIRARDOTA","2019-01-17","","47.625"
"I.E. COLOMBIA - GIRARDOTA","2019-01-16","","37.91666667"
"I.E. COLOMBIA - GIRARDOTA","2019-01-15","","58.29166667"
"I.E. COLOMBIA - GIRARDOTA","2019-01-14","","40.25"
"I.E. COLOMBIA - GIRARDOTA","2019-01-13","","29.45833333"
"I.E. COLOMBIA - GIRARDOTA","2019-01-12","","31.25"
"I.E. COLOMBIA - GIRARDOTA","2019-01-11","","30.41666667"
"I.E. COLOMBIA - GIRARDOTA","2019-01-10","","31.375"
"I.E. COLOMBIA - GIRARDOTA","2019-01-09","","34.84615385"
"I.E. COLOMBIA - GIRARDOTA","2019-01-08","","36.20833333"
"I.E. COLOMBIA - GIRARDOTA","2019-01-07","","31.66666667"
"I.E. COLOMBIA - GIRARDOTA","2019-01-06","","35.95833333"
"I.E. COLOMBIA - GIRARDOTA","2019-01-05","","47.16666667"
"I.E. COLOMBIA - GIRARDOTA","2019-01-04","","48.54166667"
"I.E. COLOMBIA - GIRARDOTA","2019-01-03","","40.33333333"
"I.E. COLOMBIA - GIRARDOTA","2019-01-02","","32.45833333"
"I.E. COLOMBIA - GIRARDOTA","2019-01-01","","44.41666667"
"I.E. COLOMBIA - GIRARDOTA","2013-11-30","","19.00000191"
"I.E. COLOMBIA - GIRARDOTA","2013-11-29","","36.083335"
"I.E. COLOMBIA - GIRARDOTA","2013-11-28","","38.31818364"
"I.E. COLOMBIA - GIRARDOTA","2013-11-27","","44.34782758"
"I.E. COLOMBIA - GIRARDOTA","2013-11-26","","33.54545576"
"I.E. COLOMBIA - GIRARDOTA","2013-11-25","","38.45833472"
"I.E. COLOMBIA - GIRARDOTA","2013-11-24","","40.95652331"
"I.E. COLOMBIA - GIRARDOTA","2013-11-23","","37.26087143"
"I.E. COLOMBIA - GIRARDOTA","2013-11-22","","48.16666953"
"I.E. COLOMBIA - GIRARDOTA","2013-11-21","","34.22727446"
"I.E. COLOMBIA - GIRARDOTA","2013-11-20","","24.73913149"
"I.E. COLOMBIA - GIRARDOTA","2013-11-19","","37.22727429"
"I.E. COLOMBIA - GIRARDOTA","2013-11-18","","58.45833659"
"I.E. COLOMBIA - GIRARDOTA","2013-11-17","","33.58333445"
"I.E. COLOMBIA - GIRARDOTA","2013-11-16","","31.68181896"
"I.E. COLOMBIA - GIRARDOTA","2013-11-15","","31.73684356"
"I.E. COLOMBIA - GIRARDOTA","2013-11-14","","23.88888976"
"I.E. COLOMBIA - GIRARDOTA","2013-11-13","","40.05000186"
"I.E. COLOMBIA - GIRARDOTA","2013-11-12","","30.47826199"
"I.E. COLOMBIA - GIRARDOTA","2013-11-11","","27.52174023"
"I.E. COLOMBIA - GIRARDOTA","2013-11-10","","35.46666838"
"I.E. COLOMBIA - GIRARDOTA","2013-11-09","","29.54166778"
"I.E. COLOMBIA - GIRARDOTA","2013-11-08","","26.90909186"
"I.E. COLOMBIA - GIRARDOTA","2013-11-07","","31.66666782"
"I.E. COLOMBIA - GIRARDOTA","2013-11-06","","26.70833409"
"I.E. COLOMBIA - GIRARDOTA","2013-11-05","","32.80000138"
"I.E. COLOMBIA - GIRARDOTA","2013-11-04","","28.83333429"
"I.E. COLOMBIA - GIRARDOTA","2013-11-03","","21.04761987"
"I.E. COLOMBIA - GIRARDOTA","2013-11-02","","36.37500072"
"I.E. COLOMBIA - GIRARDOTA","2013-11-01","","40.08333445"
"I.E. COLOMBIA - GIRARDOTA","2013-10-31","","40.50000183"
"I.E. COLOMBIA - GIRARDOTA","2013-10-30","","56.85185538"
"I.E. COLOMBIA - GIRARDOTA","2013-10-29","","38.85000181"
"I.E. COLOMBIA - GIRARDOTA","2013-10-28","","30.85714531"
"I.E. COLOMBIA - GIRARDOTA","2013-10-22","","28.00000254"
"I.E. COLOMBIA - GIRARDOTA","2013-10-21","","33.90909256"
"I.E. COLOMBIA - GIRARDOTA","2013-10-20","","34.93750095"
"I.E. COLOMBIA - GIRARDOTA","2013-10-19","","40.3333354"
"I.E. COLOMBIA - GIRARDOTA","2013-10-18","","23.76470639"
"I.E. COLOMBIA - GIRARDOTA","2013-10-17","","20.80000127"
"I.E. COLOMBIA - GIRARDOTA","2013-10-16","","23.38888963"
"I.E. COLOMBIA - GIRARDOTA","2013-10-15","","28.17647182"
"I.E. COLOMBIA - GIRARDOTA","2013-10-14","","24.90000057"
"I.E. COLOMBIA - GIRARDOTA","2013-10-13","","43.16666857"
"I.E. COLOMBIA - GIRARDOTA","2013-10-12","","25.09523921"
"I.E. COLOMBIA - GIRARDOTA","2013-10-11","","26.52631694"
"I.E. COLOMBIA - GIRARDOTA","2013-10-10","","27.16666802"
"I.E. COLOMBIA - GIRARDOTA","2013-10-09","","28.10526381"
"I.E. COLOMBIA - GIRARDOTA","2013-10-08","","24.30000105"
"I.E. COLOMBIA - GIRARDOTA","2013-10-07","","25.17647149"
"I.E. COLOMBIA - GIRARDOTA","2013-10-06","","23.28571524"
"I.E. COLOMBIA - GIRARDOTA","2013-10-05","","44.85714449"
"I.E. COLOMBIA - GIRARDOTA","2013-10-04","","33.75000119"
"I.E. COLOMBIA - GIRARDOTA","2013-10-03","","36.40909234"
"I.E. COLOMBIA - GIRARDOTA","2013-10-02","","42.55555704"
"I.E. COLOMBIA - GIRARDOTA","2013-10-01","","29.60606234"
"I.E. COLOMBIA - GIRARDOTA","2013-09-30","","26.2631588"
"I.E. COLOMBIA - GIRARDOTA","2013-09-29","","33.73333499"
"I.E. COLOMBIA - GIRARDOTA","2013-09-28","","40.66666885"
"I.E. COLOMBIA - GIRARDOTA","2013-09-27","","43.66666798"
"I.E. COLOMBIA - GIRARDOTA","2013-09-26","","55.12500167"
"I.E. COLOMBIA - GIRARDOTA","2013-09-25","","24.23076963"
"I.E. COLOMBIA - GIRARDOTA","2013-09-24","","20.16666857"
"I.E. COLOMBIA - GIRARDOTA","2013-09-23","","35.00000165"
"I.E. COLOMBIA - GIRARDOTA","2013-09-22","","31.20000153"
"I.E. COLOMBIA - GIRARDOTA","2013-09-21","","40.28571574"
"I.E. COLOMBIA - GIRARDOTA","2013-09-20","","43.70588381"
"I.E. COLOMBIA - GIRARDOTA","2013-09-19","","35.20833484"
"I.E. COLOMBIA - GIRARDOTA","2013-09-18","","41.66666778"
"I.E. COLOMBIA - GIRARDOTA","2013-09-17","","40.95833536"
"I.E. COLOMBIA - GIRARDOTA","2013-09-16","","33.00000121"
"I.E. COLOMBIA - GIRARDOTA","2013-09-15","","30.75000064"
"I.E. COLOMBIA - GIRARDOTA","2013-09-14","","40.95833468"
"I.E. COLOMBIA - GIRARDOTA","2013-09-13","","45.95833643"
"I.E. COLOMBIA - GIRARDOTA","2013-09-12","","30.04545567"
"I.E. COLOMBIA - GIRARDOTA","2013-09-11","","35.17391462"
"I.E. COLOMBIA - GIRARDOTA","2013-09-10","","40.90476363"
"I.E. COLOMBIA - GIRARDOTA","2013-09-09","","28.23809642"
"I.E. COLOMBIA - GIRARDOTA","2013-09-08","","30.27272814"
"I.E. COLOMBIA - GIRARDOTA","2013-09-07","","30.47619138"
"I.E. COLOMBIA - GIRARDOTA","2013-09-06","","33.22727359"
"I.E. COLOMBIA - GIRARDOTA","2013-09-05","","34.85714476"
"I.E. COLOMBIA - GIRARDOTA","2013-09-02","","28.0"
"I.E. COLOMBIA - GIRARDOTA","2013-08-31","","64.08333619"
"I.E. COLOMBIA - GIRARDOTA","2013-08-30","","43.45454684"
"I.E. COLOMBIA - GIRARDOTA","2013-08-29","","33.00000123"
"I.E. COLOMBIA - GIRARDOTA","2013-08-28","","40.12500111"
"I.E. COLOMBIA - GIRARDOTA","2013-08-27","","32.08333453"
"I.E. COLOMBIA - GIRARDOTA","2013-08-26","","30.12500183"
"I.E. COLOMBIA - GIRARDOTA","2013-08-25","","29.34782775"
"I.E. COLOMBIA - GIRARDOTA","2013-08-24","","30.83333472"
"I.E. COLOMBIA - GIRARDOTA","2013-08-23","","38.9166677"
"I.E. COLOMBIA - GIRARDOTA","2013-08-22","","33.75000072"
"I.E. COLOMBIA - GIRARDOTA","2013-08-21","","29.33333462"
"I.E. COLOMBIA - GIRARDOTA","2013-08-20","","29.29166794"
"I.E. COLOMBIA - GIRARDOTA","2013-08-19","","27.00000091"
"I.E. COLOMBIA - GIRARDOTA","2013-08-18","","27.86956609"
"I.E. COLOMBIA - GIRARDOTA","2013-08-17","","39.00000207"
"I.E. COLOMBIA - GIRARDOTA","2013-08-16","","44.45833524"
"I.E. COLOMBIA - GIRARDOTA","2013-08-15","","59.33333564"
"I.E. COLOMBIA - GIRARDOTA","2013-08-14","","42.37500215"
"I.E. COLOMBIA - GIRARDOTA","2013-08-13","","46.79166826"
"I.E. COLOMBIA - GIRARDOTA","2013-08-12","","36.40000134"
"I.E. COLOMBIA - GIRARDOTA","2013-08-10","","35.82353031"
"I.E. COLOMBIA - GIRARDOTA","2013-08-09","","35.77272905"
"I.E. COLOMBIA - GIRARDOTA","2013-08-08","","47.08695918"
"I.E. COLOMBIA - GIRARDOTA","2013-08-07","","54.33333619"
"I.E. COLOMBIA - GIRARDOTA","2013-08-06","","50.79167008"
"I.E. COLOMBIA - GIRARDOTA","2013-08-05","","36.62500155"
"I.E. COLOMBIA - GIRARDOTA","2013-08-04","","38.87500151"
"I.E. COLOMBIA - GIRARDOTA","2013-08-03","","34.70833445"
"I.E. COLOMBIA - GIRARDOTA","2013-08-02","","36.66666822"
"I.E. COLOMBIA - GIRARDOTA","2013-08-01","","37.08333457"
"I.E. COLOMBIA - GIRARDOTA","2013-07-31","","35.84615443"
"I.E. COLOMBIA - GIRARDOTA","2013-07-30","","54.1250023"
"I.E. COLOMBIA - GIRARDOTA","2013-07-29","","53.60869789"
"I.E. COLOMBIA - GIRARDOTA","2013-07-28","","37.58333516"
"I.E. COLOMBIA - GIRARDOTA","2013-07-27","","43.4583356"
"I.E. COLOMBIA - GIRARDOTA","2013-07-26","","45.00000195"
"I.E. COLOMBIA - GIRARDOTA","2013-07-25","","29.20000095"
"I.E. COLOMBIA - GIRARDOTA","2013-07-23","","43.36363775"
"I.E. COLOMBIA - GIRARDOTA","2013-07-22","","34.17391429"
"I.E. COLOMBIA - GIRARDOTA","2013-07-21","","32.37500163"
"I.E. COLOMBIA - GIRARDOTA","2013-07-20","","36.50000127"
"I.E. COLOMBIA - GIRARDOTA","2013-07-19","","40.04348"
"I.E. COLOMBIA - GIRARDOTA","2013-07-18","","39.33333528"
"I.E. COLOMBIA - GIRARDOTA","2013-07-17","","37.17391466"
"I.E. COLOMBIA - GIRARDOTA","2013-07-16","","46.7727297"
"I.E. COLOMBIA - GIRARDOTA","2013-07-15","","53.91304481"
"I.E. COLOMBIA - GIRARDOTA","2013-07-14","","43.09091074"
"I.E. COLOMBIA - GIRARDOTA","2013-07-13","","51.75000262"
"I.E. COLOMBIA - GIRARDOTA","2013-07-12","","45.20833516"
"I.E. COLOMBIA - GIRARDOTA","2013-07-11","","44.08333556"
"I.E. COLOMBIA - GIRARDOTA","2013-07-10","","34.75000087"
"I.E. COLOMBIA - GIRARDOTA","2013-07-09","","32.58333484"
"I.E. COLOMBIA - GIRARDOTA","2013-07-08","","25.08333464"
"I.E. COLOMBIA - GIRARDOTA","2013-07-07","","31.5416677"
"I.E. COLOMBIA - GIRARDOTA","2013-07-06","","39.4782624"
"I.E. COLOMBIA - GIRARDOTA","2013-07-05","","40.70833524"
"I.E. COLOMBIA - GIRARDOTA","2013-07-04","","46.91304481"
"I.E. COLOMBIA - GIRARDOTA","2013-07-03","","41.87500143"
"I.E. COLOMBIA - GIRARDOTA","2013-07-02","","44.60869698"
"I.E. COLOMBIA - GIRARDOTA","2013-07-01","","26.65217549"
"I.E. COLOMBIA - GIRARDOTA","2013-06-30","","26.95238236"
"I.E. COLOMBIA - GIRARDOTA","2013-06-29","","34.0476205"
"I.E. COLOMBIA - GIRARDOTA","2013-06-28","","49.79166897"
"I.E. COLOMBIA - GIRARDOTA","2013-06-27","","37.16666818"
"I.E. COLOMBIA - GIRARDOTA","2013-06-26","","43.82608936"
"I.E. COLOMBIA - GIRARDOTA","2013-06-25","","38.76470779"
"I.E. COLOMBIA - GIRARDOTA","2013-06-24","","33.9090923"
"I.E. COLOMBIA - GIRARDOTA","2013-06-23","","31.66666774"
"I.E. COLOMBIA - GIRARDOTA","2013-06-22","","40.95454693"
"I.E. COLOMBIA - GIRARDOTA","2013-06-21","","38.78261002"
"I.E. COLOMBIA - GIRARDOTA","2013-06-20","","39.16666865"
"I.E. COLOMBIA - GIRARDOTA","2013-06-19","","47.4285737"
"I.E. COLOMBIA - GIRARDOTA","2013-06-18","","40.08333532"
"I.E. COLOMBIA - GIRARDOTA","2013-06-17","","42.3333346"
"I.E. COLOMBIA - GIRARDOTA","2013-06-16","","30.77777857"
"I.E. COLOMBIA - GIRARDOTA","2013-06-15","","43.70833449"
"I.E. COLOMBIA - GIRARDOTA","2013-06-14","","43.10000143"
"I.E. COLOMBIA - GIRARDOTA","2013-06-13","","36.66666826"
"I.E. COLOMBIA - GIRARDOTA","2013-06-12","","39.57142966"
"I.E. COLOMBIA - GIRARDOTA","2013-06-11","","39.6666679"
"I.E. COLOMBIA - GIRARDOTA","2013-06-10","","35.55555662"
"I.E. COLOMBIA - GIRARDOTA","2013-06-09","","36.50000163"
"I.E. COLOMBIA - GIRARDOTA","2013-06-08","","49.80000242"
"I.E. COLOMBIA - GIRARDOTA","2013-06-07","","46.22222339"
"I.E. COLOMBIA - GIRARDOTA","2013-06-06","","40.17391478"
"I.E. COLOMBIA - GIRARDOTA","2013-06-05","","53.43750334"
"I.E. COLOMBIA - GIRARDOTA","2013-06-04","","46.70000229"
"I.E. COLOMBIA - GIRARDOTA","2013-06-03","","38.05555672"
"I.E. COLOMBIA - GIRARDOTA","2013-06-02","","37.27778006"
"I.E. COLOMBIA - GIRARDOTA","2013-06-01","","36.54545598"
"I.E. COLOMBIA - GIRARDOTA","2013-05-31","","45.69565425"
"I.E. COLOMBIA - GIRARDOTA","2013-05-30","","39.50000183"
"I.E. COLOMBIA - GIRARDOTA","2013-05-29","","51.56521872"
"I.E. COLOMBIA - GIRARDOTA","2013-05-28","","37.04166802"
"I.E. COLOMBIA - GIRARDOTA","2013-05-27","","47.27273005"
"I.E. COLOMBIA - GIRARDOTA","2013-05-26","","38.89473765"
"I.E. COLOMBIA - GIRARDOTA","2013-05-25","","38.63636502"
"I.E. COLOMBIA - GIRARDOTA","2013-05-24","","34.50000147"
"I.E. COLOMBIA - GIRARDOTA","2013-05-23","","44.18182009"
"I.E. COLOMBIA - GIRARDOTA","2013-05-22","","36.25000123"
"I.E. COLOMBIA - GIRARDOTA","2013-05-21","","44.25000207"
"I.E. COLOMBIA - GIRARDOTA","2013-05-20","","35.04166826"
"I.E. COLOMBIA - GIRARDOTA","2013-05-19","","38.88235485"
"I.E. COLOMBIA - GIRARDOTA","2013-05-18","","38.23529614"
"I.E. COLOMBIA - GIRARDOTA","2013-05-17","","43.45833532"
"I.E. COLOMBIA - GIRARDOTA","2013-05-16","","62.30769422"
"I.E. COLOMBIA - GIRARDOTA","2013-05-15","","36.50000064"
"I.E. COLOMBIA - GIRARDOTA","2013-05-14","","42.0"
"I.E. COLOMBIA - GIRARDOTA","2013-05-13","","35.83333413"
"I.E. COLOMBIA - GIRARDOTA","2013-05-12","","35.00000191"
"I.E. COLOMBIA - GIRARDOTA","2013-05-11","","38.30000153"
"I.E. COLOMBIA - GIRARDOTA","2013-05-10","","43.33333492"
"I.E. COLOMBIA - GIRARDOTA","2013-05-09","","65.00000477"
"I.E. COLOMBIA - GIRARDOTA","2013-05-08","","48.66666773"
"I.E. COLOMBIA - GIRARDOTA","2013-05-07","","37.64705972"
"I.E. COLOMBIA - GIRARDOTA","2013-05-06","","45.27273109"
"I.E. COLOMBIA - GIRARDOTA","2013-05-05","","35.46666794"
"I.E. COLOMBIA - GIRARDOTA","2013-05-04","","52.0588251"
"I.E. COLOMBIA - GIRARDOTA","2013-05-03","","50.70588404"
"I.E. COLOMBIA - GIRARDOTA","2013-05-02","","56.66666857"
"I.E. COLOMBIA - GIRARDOTA","2013-05-01","","41.70833508"
"I.E. COLOMBIA - GIRARDOTA","2013-04-30","","51.33333524"
"I.E. COLOMBIA - GIRARDOTA","2013-04-29","","45.68421203"
"I.E. COLOMBIA - GIRARDOTA","2013-04-28","","49.75000191"
"I.E. COLOMBIA - GIRARDOTA","2013-04-27","","55.70588336"
"I.E. COLOMBIA - GIRARDOTA","2013-04-26","","45.85714422"
"I.E. COLOMBIA - GIRARDOTA","2013-04-23","","51.90000267"
"I.E. COLOMBIA - GIRARDOTA","2013-04-22","","47.0714313"
"I.E. COLOMBIA - GIRARDOTA","2013-04-21","","50.0000028"
"I.E. COLOMBIA - GIRARDOTA","2013-04-20","","63.20000153"
"I.E. COLOMBIA - GIRARDOTA","2013-04-19","","73.21428898"
"I.E. COLOMBIA - GIRARDOTA","2013-04-18","","59.00000235"
"I.E. COLOMBIA - GIRARDOTA","2013-04-17","","46.00000139"
"I.E. COLOMBIA - GIRARDOTA","2013-04-16","","66.53846535"
"I.E. COLOMBIA - GIRARDOTA","2013-04-15","","76.62500405"
"I.E. COLOMBIA - GIRARDOTA","2013-04-14","","68.61538843"
"I.E. COLOMBIA - GIRARDOTA","2013-04-13","","76.45454719"
"I.E. COLOMBIA - GIRARDOTA","2013-04-12","","74.00000205"
"I.E. COLOMBIA - GIRARDOTA","2013-04-11","","64.46154081"
"I.E. COLOMBIA - GIRARDOTA","2013-04-10","","55.91666889"
"I.E. COLOMBIA - GIRARDOTA","2013-04-09","","65.92308044"
"I.E. COLOMBIA - GIRARDOTA","2013-04-08","","60.769234"
"I.E. COLOMBIA - GIRARDOTA","2013-04-07","","56.25000254"
"I.E. COLOMBIA - GIRARDOTA","2013-04-06","","73.54545767"
"I.E. COLOMBIA - GIRARDOTA","2013-04-05","","71.18182269"
"I.E. COLOMBIA - GIRARDOTA","2013-04-04","","65.58333524"
"I.E. COLOMBIA - GIRARDOTA","2013-04-03","","44.15384762"
"I.E. COLOMBIA - GIRARDOTA","2013-04-02","","40.53846374"
"I.E. COLOMBIA - GIRARDOTA","2013-04-01","","45.63636537"
"I.E. COLOMBIA - GIRARDOTA","2013-03-31","","41.64285714"
"I.E. COLOMBIA - GIRARDOTA","2013-03-30","","43.5625"
"I.E. COLOMBIA - GIRARDOTA","2013-03-29","","44.16666667"
"I.E. COLOMBIA - GIRARDOTA","2013-03-28","","64.125"
"I.E. COLOMBIA - GIRARDOTA","2013-03-27","","70.28571429"
"I.E. COLOMBIA - GIRARDOTA","2013-03-26","","58.72222222"
"I.E. COLOMBIA - GIRARDOTA","2013-03-25","","47.70833333"
"I.E. COLOMBIA - GIRARDOTA","2013-03-24","","50.76190476"
"I.E. COLOMBIA - GIRARDOTA","2013-03-23","","54.16666667"
"I.E. COLOMBIA - GIRARDOTA","2013-03-22","","54.875"
"I.E. COLOMBIA - GIRARDOTA","2013-03-21","","49.70833333"
"I.E. COLOMBIA - GIRARDOTA","2013-03-20","","61.16666667"
"I.E. COLOMBIA - GIRARDOTA","2013-03-19","","59.41666667"
"I.E. COLOMBIA - GIRARDOTA","2013-03-18","","52.625"
"I.E. COLOMBIA - GIRARDOTA","2013-03-17","","46.0"
"I.E. COLOMBIA - GIRARDOTA","2013-03-16","","45.04166667"
"I.E. COLOMBIA - GIRARDOTA","2013-03-15","","47.13636364"
"I.E. COLOMBIA - GIRARDOTA","2013-03-14","","57.54166667"
"I.E. COLOMBIA - GIRARDOTA","2013-03-13","","53.0"
"I.E. COLOMBIA - GIRARDOTA","2013-03-12","","45.20833333"
"I.E. COLOMBIA - GIRARDOTA","2013-03-11","","45.58333333"
"I.E. COLOMBIA - GIRARDOTA","2013-03-10","","50.04166667"
"I.E. COLOMBIA - GIRARDOTA","2013-03-09","","72.41666667"
"I.E. COLOMBIA - GIRARDOTA","2013-03-08","","67.45833333"
"I.E. COLOMBIA - GIRARDOTA","2013-03-07","","57.29166667"
"I.E. COLOMBIA - GIRARDOTA","2013-03-06","","52.70833333"
"I.E. COLOMBIA - GIRARDOTA","2013-03-05","","46.875"
"I.E. COLOMBIA - GIRARDOTA","2013-03-04","","44.20833333"
"I.E. COLOMBIA - GIRARDOTA","2013-03-03","","39.83333333"
"I.E. COLOMBIA - GIRARDOTA","2013-03-02","","41.33333333"
"I.E. COLOMBIA - GIRARDOTA","2013-03-01","","39.875"
"I.E. COLOMBIA - GIRARDOTA","2013-02-28","","48.33333333"
"I.E. COLOMBIA - GIRARDOTA","2013-02-26","","53.81818182"
"I.E. COLOMBIA - GIRARDOTA","2013-02-25","","60.79166667"
"I.E. COLOMBIA - GIRARDOTA","2013-02-24","","47.16666667"
"I.E. COLOMBIA - GIRARDOTA","2013-02-23","","56.91666667"
"I.E. COLOMBIA - GIRARDOTA","2013-02-22","","43.125"
"I.E. COLOMBIA - GIRARDOTA","2013-02-21","","52.04166667"
"I.E. COLOMBIA - GIRARDOTA","2013-02-20","","53.80952381"
"I.E. COLOMBIA - GIRARDOTA","2013-02-19","","56.125"
"I.E. COLOMBIA - GIRARDOTA","2013-02-18","","59.08333333"
"I.E. COLOMBIA - GIRARDOTA","2013-02-17","","56.18181818"
"I.E. COLOMBIA - GIRARDOTA","2013-02-16","","73.0"
"I.E. COLOMBIA - GIRARDOTA","2013-02-15","","56.54166667"
"I.E. COLOMBIA - GIRARDOTA","2013-02-14","","58.79166667"
"I.E. COLOMBIA - GIRARDOTA","2013-02-13","","55.95833333"
"I.E. COLOMBIA - GIRARDOTA","2013-02-12","","45.54166667"
"I.E. COLOMBIA - GIRARDOTA","2013-02-11","","39.83333333"
"I.E. COLOMBIA - GIRARDOTA","2013-02-10","","38.75"
"I.E. COLOMBIA - GIRARDOTA","2013-02-09","","53.23809524"
"I.E. COLOMBIA - GIRARDOTA","2013-02-08","","53.13043478"
"I.E. COLOMBIA - GIRARDOTA","2013-02-07","","54.41666667"
"I.E. COLOMBIA - GIRARDOTA","2013-02-06","","54.125"
"I.E. COLOMBIA - GIRARDOTA","2013-02-05","","49.875"
"I.E. COLOMBIA - GIRARDOTA","2013-02-04","","50.75"
"I.E. COLOMBIA - GIRARDOTA","2013-02-03","","44.83333333"
"I.E. COLOMBIA - GIRARDOTA","2013-02-02","","51.65217391"
"I.E. COLOMBIA - GIRARDOTA","2013-02-01","","57.0"
"I.E. COLOMBIA - GIRARDOTA","2013-01-31","","55.04166667"
"I.E. COLOMBIA - GIRARDOTA","2013-01-30","","53.71428571"
"I.E. COLOMBIA - GIRARDOTA","2013-01-29","","55.75"
"I.E. COLOMBIA - GIRARDOTA","2013-01-28","","43.15384615"
"I.E. COLOMBIA - GIRARDOTA","2013-01-27","","59.57142857"
"I.E. COLOMBIA - GIRARDOTA","2013-01-25","","64.65"
"I.E. COLOMBIA - GIRARDOTA","2013-01-24","","57.58823529"
"I.E. COLOMBIA - GIRARDOTA","2013-01-23","","52.04347826"
"I.E. COLOMBIA - GIRARDOTA","2013-01-22","","41.07692308"
"I.E. COLOMBIA - GIRARDOTA","2013-01-21","","52.0"
"I.E. COLOMBIA - GIRARDOTA","2013-01-20","","47.20833333"
"I.E. COLOMBIA - GIRARDOTA","2013-01-19","","57.0"
"I.E. COLOMBIA - GIRARDOTA","2013-01-18","","67.75"
"I.E. COLOMBIA - GIRARDOTA","2013-01-17","","58.33333333"
"I.E. COLOMBIA - GIRARDOTA","2013-01-16","","58.95833333"
"I.E. COLOMBIA - GIRARDOTA","2013-01-15","","62.08333333"
"I.E. COLOMBIA - GIRARDOTA","2013-01-14","","58.66666667"
"I.E. COLOMBIA - GIRARDOTA","2013-01-13","","53.91666667"
"I.E. COLOMBIA - GIRARDOTA","2013-01-12","","52.83333333"
"I.E. COLOMBIA - GIRARDOTA","2013-01-11","","55.36363636"
"I.E. COLOMBIA - GIRARDOTA","2013-01-09","","55.0"
"I.E. COLOMBIA - GIRARDOTA","2013-01-08","","53.75"
"I.E. COLOMBIA - GIRARDOTA","2013-01-07","","42.66666667"
"I.E. COLOMBIA - GIRARDOTA","2013-01-06","","44.5"
"I.E. COLOMBIA - GIRARDOTA","2013-01-05","","52.75"
"I.E. COLOMBIA - GIRARDOTA","2013-01-04","","51.16666667"
"I.E. COLOMBIA - GIRARDOTA","2013-01-03","","46.91666667"
"I.E. COLOMBIA - GIRARDOTA","2013-01-02","","45.38709677"
"I.E. COLOMBIA - GIRARDOTA","2013-01-01","","51.43478261"
"I.E. COLOMBIA - GIRARDOTA","2012-12-31","","44.45833333"
"I.E. COLOMBIA - GIRARDOTA","2012-12-30","","40.16666667"
"I.E. COLOMBIA - GIRARDOTA","2012-12-29","","42.83333333"
"I.E. COLOMBIA - GIRARDOTA","2012-12-28","","43.16666667"
"I.E. COLOMBIA - GIRARDOTA","2012-12-27","","36.875"
"I.E. COLOMBIA - GIRARDOTA","2012-12-26","","34.70833333"
"I.E. COLOMBIA - GIRARDOTA","2012-12-25","","45.45833333"
"I.E. COLOMBIA - GIRARDOTA","2012-12-24","","53.08333333"
"I.E. COLOMBIA - GIRARDOTA","2012-12-23","","38.45833333"
"I.E. COLOMBIA - GIRARDOTA","2012-12-22","","44.47826087"
"I.E. COLOMBIA - GIRARDOTA","2012-12-21","","47.17391304"
"I.E. COLOMBIA - GIRARDOTA","2012-12-20","","49.16666667"
"I.E. COLOMBIA - GIRARDOTA","2012-12-19","","48.375"
"I.E. COLOMBIA - GIRARDOTA","2012-12-18","","50.58333333"
"I.E. COLOMBIA - GIRARDOTA","2012-12-17","","53.25"
"I.E. COLOMBIA - GIRARDOTA","2012-12-16","","40.16666667"
"I.E. COLOMBIA - GIRARDOTA","2012-12-15","","44.20833333"
"I.E. COLOMBIA - GIRARDOTA","2012-12-14","","59.54166667"
"I.E. COLOMBIA - GIRARDOTA","2012-12-13","","51.125"
"I.E. COLOMBIA - GIRARDOTA","2012-12-12","","54.0"
"I.E. COLOMBIA - GIRARDOTA","2012-12-11","","63.58333333"
"I.E. COLOMBIA - GIRARDOTA","2012-12-10","","45.375"
"I.E. COLOMBIA - GIRARDOTA","2012-12-09","","49.79166667"
"I.E. COLOMBIA - GIRARDOTA","2012-12-08","","45.875"
"I.E. COLOMBIA - GIRARDOTA","2012-12-07","","47.08333333"
"I.E. COLOMBIA - GIRARDOTA","2012-12-06","","41.83333333"
"I.E. COLOMBIA - GIRARDOTA","2012-12-05","","39.45833333"
"I.E. COLOMBIA - GIRARDOTA","2012-12-04","","36.0"
"I.E. COLOMBIA - GIRARDOTA","2012-12-03","","31.25"
"I.E. COLOMBIA - GIRARDOTA","2012-12-02","","40.75"
"I.E. COLOMBIA - GIRARDOTA","2012-12-01","","46.31818182"
"I.E. COLOMBIA - GIRARDOTA","2012-11-30","","38.20833333"
"I.E. COLOMBIA - GIRARDOTA","2012-11-29","","36.75"
"I.E. COLOMBIA - GIRARDOTA","2012-11-28","","51.625"
"I.E. COLOMBIA - GIRARDOTA","2012-11-27","","42.52173913"
"I.E. COLOMBIA - GIRARDOTA","2012-11-26","","40.04166667"
"I.E. COLOMBIA - GIRARDOTA","2012-11-25","","40.45833333"
"I.E. COLOMBIA - GIRARDOTA","2012-11-24","","41.29166667"
"I.E. COLOMBIA - GIRARDOTA","2012-11-23","","45.95833333"
"I.E. COLOMBIA - GIRARDOTA","2012-11-22","","45.45833333"
"I.E. COLOMBIA - GIRARDOTA","2012-11-21","","42.625"
"I.E. COLOMBIA - GIRARDOTA","2012-11-20","","36.66666667"
"I.E. COLOMBIA - GIRARDOTA","2012-11-19","","49.5"
"I.E. COLOMBIA - GIRARDOTA","2012-11-18","","40.58333333"
"I.E. COLOMBIA - GIRARDOTA","2012-11-17","","35.66666667"
"I.E. COLOMBIA - GIRARDOTA","2012-11-16","","32.95833333"
"I.E. COLOMBIA - GIRARDOTA","2012-11-15","","45.75"
"I.E. COLOMBIA - GIRARDOTA","2012-11-14","","57.66666667"
"I.E. COLOMBIA - GIRARDOTA","2012-11-13","","43.26086957"
"I.E. COLOMBIA - GIRARDOTA","2012-11-12","","39.625"
"I.E. COLOMBIA - GIRARDOTA","2012-11-11","","34.04166667"
"I.E. COLOMBIA - GIRARDOTA","2012-11-10","","42.29166667"
"I.E. COLOMBIA - GIRARDOTA","2012-11-09","","44.83333333"
"I.E. COLOMBIA - GIRARDOTA","2012-11-08","","44.125"
"I.E. COLOMBIA - GIRARDOTA","2012-11-07","","41.04166667"
"I.E. COLOMBIA - GIRARDOTA","2012-11-06","","45.7"
"I.E. COLOMBIA - GIRARDOTA","2012-11-01","","33.25"
"I.E. COLOMBIA - GIRARDOTA","2012-10-31","","31.29166667"
"I.E. COLOMBIA - GIRARDOTA","2012-10-30","","42.7826087"
"I.E. COLOMBIA - GIRARDOTA","2012-10-29","","33.45833333"
"I.E. COLOMBIA - GIRARDOTA","2012-10-28","","31.95833333"
"I.E. COLOMBIA - GIRARDOTA","2012-10-27","","29.83333333"
"I.E. COLOMBIA - GIRARDOTA","2012-10-26","","34.30434783"
"I.E. COLOMBIA - GIRARDOTA","2012-10-25","","32.0"
"I.E. COLOMBIA - GIRARDOTA","2012-10-24","","55.2173913"
"I.E. COLOMBIA - GIRARDOTA","2012-10-23","","46.29166667"
"I.E. COLOMBIA - GIRARDOTA","2012-10-22","","34.45833333"
"I.E. COLOMBIA - GIRARDOTA","2012-10-21","","23.08695652"
"I.E. COLOMBIA - GIRARDOTA","2012-10-20","","30.70833333"
"I.E. COLOMBIA - GIRARDOTA","2012-10-19","","36.65217391"
"I.E. COLOMBIA - GIRARDOTA","2012-10-18","","34.95652174"
"I.E. COLOMBIA - GIRARDOTA","2012-10-17","","38.66666667"
"I.E. COLOMBIA - GIRARDOTA","2012-10-16","","36.83333333"
"I.E. COLOMBIA - GIRARDOTA","2012-10-15","","36.26086957"
"I.E. COLOMBIA - GIRARDOTA","2012-10-14","","39.34782609"
"I.E. COLOMBIA - GIRARDOTA","2012-10-13","","40.91304348"
"I.E. COLOMBIA - GIRARDOTA","2012-10-12","","40.41666667"
"I.E. COLOMBIA - GIRARDOTA","2012-10-11","","45.29166667"
"I.E. COLOMBIA - GIRARDOTA","2012-10-10","","39.45833333"
"I.E. COLOMBIA - GIRARDOTA","2012-10-09","","42.66666667"
"I.E. COLOMBIA - GIRARDOTA","2012-10-08","","46.20833333"
"I.E. COLOMBIA - GIRARDOTA","2012-10-07","","26.95652174"
"I.E. COLOMBIA - GIRARDOTA","2012-10-06","","47.5"
"I.E. COLOMBIA - GIRARDOTA","2012-10-05","","44.16666667"
"I.E. COLOMBIA - GIRARDOTA","2012-10-04","","45.17391304"
"I.E. COLOMBIA - GIRARDOTA","2012-10-03","","34.66666667"
"I.E. COLOMBIA - GIRARDOTA","2012-10-02","","37.41666667"
"I.E. COLOMBIA - GIRARDOTA","2012-10-01","","38.08333333"
"I.E. COLOMBIA - GIRARDOTA","2012-09-30","","27.33333333"
"I.E. COLOMBIA - GIRARDOTA","2012-09-29","","35.83333333"
"I.E. COLOMBIA - GIRARDOTA","2012-09-28","","49.16666667"
"I.E. COLOMBIA - GIRARDOTA","2012-09-27","","37.70833333"
"I.E. COLOMBIA - GIRARDOTA","2012-09-26","","45.0"
"I.E. COLOMBIA - GIRARDOTA","2012-09-25","","49.0"
"I.E. COLOMBIA - GIRARDOTA","2012-09-24","","40.45833333"
"I.E. COLOMBIA - GIRARDOTA","2012-09-23","","28.20833333"
"I.E. COLOMBIA - GIRARDOTA","2012-09-22","","30.5"
"I.E. COLOMBIA - GIRARDOTA","2012-09-21","","30.375"
"I.E. COLOMBIA - GIRARDOTA","2012-09-20","","43.75"
"I.E. COLOMBIA - GIRARDOTA","2012-09-19","","32.95833333"
"I.E. COLOMBIA - GIRARDOTA","2012-09-18","","37.16666667"
"I.E. COLOMBIA - GIRARDOTA","2012-09-17","","45.5"
"I.E. COLOMBIA - GIRARDOTA","2012-09-16","","48.54166667"
"I.E. COLOMBIA - GIRARDOTA","2012-09-15","","55.58333333"
"I.E. COLOMBIA - GIRARDOTA","2012-09-14","","58.08333333"
"I.E. COLOMBIA - GIRARDOTA","2012-09-13","","41.08333333"
"I.E. COLOMBIA - GIRARDOTA","2012-09-12","","41.45833333"
"I.E. COLOMBIA - GIRARDOTA","2012-09-11","","39.33333333"
"I.E. COLOMBIA - GIRARDOTA","2012-09-10","","28.95833333"
"I.E. COLOMBIA - GIRARDOTA","2012-09-09","","30.58333333"
"I.E. COLOMBIA - GIRARDOTA","2012-09-08","","34.58333333"
"I.E. COLOMBIA - GIRARDOTA","2012-09-07","","46.29166667"
"I.E. COLOMBIA - GIRARDOTA","2012-09-06","","31.58333333"
"I.E. COLOMBIA - GIRARDOTA","2012-09-05","","37.16666667"
"I.E. COLOMBIA - GIRARDOTA","2012-09-04","","44.20833333"
"I.E. COLOMBIA - GIRARDOTA","2012-09-03","","43.625"
"I.E. COLOMBIA - GIRARDOTA","2012-09-02","","40.125"
"I.E. COLOMBIA - GIRARDOTA","2012-09-01","","42.67857143"
"I.E. COLOMBIA - GIRARDOTA","2012-08-31","","49.66666667"
"I.E. COLOMBIA - GIRARDOTA","2012-08-30","","63.5"
"I.E. COLOMBIA - GIRARDOTA","2012-08-29","","63.60416667"
"I.E. COLOMBIA - GIRARDOTA","2012-08-28","","55.66666667"
"I.E. COLOMBIA - GIRARDOTA","2012-08-27","","34.79166667"
"I.E. COLOMBIA - GIRARDOTA","2012-08-26","","24.35416667"
"I.E. COLOMBIA - GIRARDOTA","2012-08-25","","51.75"
"I.E. COLOMBIA - GIRARDOTA","2012-08-24","","52.83333333"
"I.E. COLOMBIA - GIRARDOTA","2012-08-23","","40.22916667"
"I.E. COLOMBIA - GIRARDOTA","2012-08-22","","38.3125"
"I.E. COLOMBIA - GIRARDOTA","2012-08-21","","39.4375"
"I.E. COLOMBIA - GIRARDOTA","2012-08-20","","25.72916667"
"I.E. COLOMBIA - GIRARDOTA","2012-08-19","","27.375"
"I.E. COLOMBIA - GIRARDOTA","2012-08-18","","33.16666667"
"I.E. COLOMBIA - GIRARDOTA","2012-08-17","","33.75"
"I.E. COLOMBIA - GIRARDOTA","2012-08-16","","41.33333333"
"I.E. COLOMBIA - GIRARDOTA","2012-08-15","","37.66666667"
"I.E. COLOMBIA - GIRARDOTA","2012-08-14","","32.22916667"
"I.E. COLOMBIA - GIRARDOTA","2012-08-13","","45.0"
"I.E. COLOMBIA - GIRARDOTA","2012-08-12","","27.8125"
"I.E. COLOMBIA - GIRARDOTA","2012-08-11","","40.52083333"
"I.E. COLOMBIA - GIRARDOTA","2012-08-10","","42.14583333"
"I.E. COLOMBIA - GIRARDOTA","2012-08-09","","37.5625"
"I.E. COLOMBIA - GIRARDOTA","2012-08-08","","55.66666667"
"I.E. COLOMBIA - GIRARDOTA","2012-08-07","","36.14583333"
"I.E. COLOMBIA - GIRARDOTA","2012-08-06","","33.35416667"
"I.E. COLOMBIA - GIRARDOTA","2012-08-05","","33.0625"
"I.E. COLOMBIA - GIRARDOTA","2012-08-04","","46.0"
"I.E. COLOMBIA - GIRARDOTA","2012-08-03","","43.375"
"I.E. COLOMBIA - GIRARDOTA","2012-08-02","","36.375"
"I.E. COLOMBIA - GIRARDOTA","2012-08-01","","52.20588235"
"I.E. COLOMBIA - GIRARDOTA","2012-07-31","","51.9375"
"I.E. COLOMBIA - GIRARDOTA","2012-07-30","","39.8125"
"I.E. COLOMBIA - GIRARDOTA","2012-07-29","","38.10416667"
"I.E. COLOMBIA - GIRARDOTA","2012-07-28","","43.08333333"
"I.E. COLOMBIA - GIRARDOTA","2012-07-27","","51.97916667"
"I.E. COLOMBIA - GIRARDOTA","2012-07-26","","65.85416667"
"I.E. COLOMBIA - GIRARDOTA","2012-07-25","","45.29166667"
"I.E. COLOMBIA - GIRARDOTA","2012-07-24","","34.20833333"
"I.E. COLOMBIA - GIRARDOTA","2012-07-23","","47.5"
"I.E. COLOMBIA - GIRARDOTA","2012-07-22","","31.64583333"
"I.E. COLOMBIA - GIRARDOTA","2012-07-21","","43.83333333"
"I.E. COLOMBIA - GIRARDOTA","2012-07-20","","40.33333333"
"I.E. COLOMBIA - GIRARDOTA","2012-07-19","","40.20833333"
"I.E. COLOMBIA - GIRARDOTA","2012-07-18","","41.10416667"
"I.E. COLOMBIA - GIRARDOTA","2012-07-17","","39.04166667"
"I.E. COLOMBIA - GIRARDOTA","2012-07-16","","37.27083333"
"I.E. COLOMBIA - GIRARDOTA","2012-07-15","","29.16666667"
"I.E. COLOMBIA - GIRARDOTA","2012-07-14","","35.375"
"I.E. COLOMBIA - GIRARDOTA","2012-07-13","","49.60416667"
"I.E. COLOMBIA - GIRARDOTA","2012-07-12","","32.25"
"I.E. COLOMBIA - GIRARDOTA","2012-07-11","","36.47916667"
"I.E. COLOMBIA - GIRARDOTA","2012-07-10","","42.0"
"I.E. COLOMBIA - GIRARDOTA","2012-07-09","","29.5"
"I.E. COLOMBIA - GIRARDOTA","2012-07-08","","41.10526316"
"I.E. COLOMBIA - GIRARDOTA","2012-07-07","","37.5625"
"I.E. COLOMBIA - GIRARDOTA","2012-07-06","","24.8"
"I.E. COLOMBIA - GIRARDOTA","2012-07-05","","27.0"
"I.E. COLOMBIA - GIRARDOTA","2012-06-29","","42.625"
"I.E. COLOMBIA - GIRARDOTA","2012-06-28","","28.0"
"I.E. COLOMBIA - GIRARDOTA","2012-06-27","","38.38461538"
"I.E. COLOMBIA - GIRARDOTA","2012-06-26","","36.0"
"I.E. COLOMBIA - GIRARDOTA","2012-06-04","","37.0"
"I.E. COLOMBIA - GIRARDOTA","2012-06-03","","30.6"
"I.E. COLOMBIA - GIRARDOTA","2012-06-02","","37.55555556"
"I.E. COLOMBIA - GIRARDOTA","2012-03-21","","13.0"
"I.E. COLOMBIA - GIRARDOTA","2012-03-20","","27.95833393"
"I.E. COLOMBIA - GIRARDOTA","2012-03-19","","26.04166774"
"I.E. COLOMBIA - GIRARDOTA","2012-03-18","","25.33333421"
"I.E. COLOMBIA - GIRARDOTA","2012-03-17","","27.30434907"
"I.E. COLOMBIA - GIRARDOTA","2012-03-16","","41.87500119"
"I.E. COLOMBIA - GIRARDOTA","2012-03-15","","43.4347841"
"I.E. COLOMBIA - GIRARDOTA","2012-03-14","","55.8750031"
"I.E. COLOMBIA - GIRARDOTA","2012-03-13","","29.41666778"
"I.E. COLOMBIA - GIRARDOTA","2012-03-12","","31.13043569"
"I.E. COLOMBIA - GIRARDOTA","2012-03-11","","32.83333468"
"I.E. COLOMBIA - GIRARDOTA","2012-03-10","","53.16666889"
"I.E. COLOMBIA - GIRARDOTA","2012-03-09","","40.75000167"
"I.E. COLOMBIA - GIRARDOTA","2012-03-08","","55.04166881"
"I.E. COLOMBIA - GIRARDOTA","2012-03-07","","49.37500191"
"I.E. COLOMBIA - GIRARDOTA","2012-03-06","","36.63636442"
"I.E. COLOMBIA - GIRARDOTA","2012-03-05","","27.20833468"
"I.E. COLOMBIA - GIRARDOTA","2012-03-04","","22.50000087"
"I.E. COLOMBIA - GIRARDOTA","2012-03-03","","43.58333508"
"I.E. COLOMBIA - GIRARDOTA","2012-03-02","","52.85714495"
"I.E. COLOMBIA - GIRARDOTA","2012-03-01","","58.90909342"
"I.E. COLOMBIA - GIRARDOTA","2012-02-29","","63.62500318"
"I.E. COLOMBIA - GIRARDOTA","2012-02-28","","65.33333715"
"I.E. COLOMBIA - GIRARDOTA","2012-02-27","","54.05263409"
"I.E. COLOMBIA - GIRARDOTA","2012-02-26","","46.95833564"
"I.E. COLOMBIA - GIRARDOTA","2012-02-25","","65.29166905"
"I.E. COLOMBIA - GIRARDOTA","2012-02-24","","68.37500286"
"I.E. COLOMBIA - GIRARDOTA","2012-02-23","","63.57895138"
"I.E. COLOMBIA - GIRARDOTA","2012-02-22","","59.04545663"
"I.E. COLOMBIA - GIRARDOTA","2012-02-21","","59.13043727"
"I.E. COLOMBIA - GIRARDOTA","2012-02-20","","51.27272901"
"I.E. COLOMBIA - GIRARDOTA","2012-02-18","","60.50000327"
"I.E. COLOMBIA - GIRARDOTA","2012-02-17","","59.20833556"
"I.E. COLOMBIA - GIRARDOTA","2012-02-16","","59.36363931"
"I.E. COLOMBIA - GIRARDOTA","2012-02-15","","52.34782766"
"I.E. COLOMBIA - GIRARDOTA","2012-02-14","","42.31250203"
"I.E. COLOMBIA - GIRARDOTA","2012-02-13","","52.37500223"
"I.E. COLOMBIA - GIRARDOTA","2012-02-12","","35.54166857"
"I.E. COLOMBIA - GIRARDOTA","2012-02-11","","52.58333548"
"I.E. COLOMBIA - GIRARDOTA","2012-02-10","","42.66666849"
"I.E. COLOMBIA - GIRARDOTA","2012-02-09","","55.25000246"
"I.E. COLOMBIA - GIRARDOTA","2012-02-08","","42.50000238"
"I.E. COLOMBIA - GIRARDOTA","2012-02-07","","48.66666921"
"I.E. COLOMBIA - GIRARDOTA","2012-02-06","","34.28571565"
"I.E. COLOMBIA - GIRARDOTA","2012-02-05","","29.25000147"
"I.E. COLOMBIA - GIRARDOTA","2012-02-04","","65.50000413"
"I.E. COLOMBIA - GIRARDOTA","2012-01-28","","37.75000127"
"I.E. COLOMBIA - GIRARDOTA","2012-01-27","","43.75000103"
"I.E. COLOMBIA - GIRARDOTA","2012-01-26","","46.37500167"
"I.E. COLOMBIA - GIRARDOTA","2012-01-25","","47.04166945"
"I.E. COLOMBIA - GIRARDOTA","2012-01-24","","48.2016687"
"I.E. COLOMBIA - GIRARDOTA","2012-01-23","","44.1916684"
"I.E. COLOMBIA - GIRARDOTA","2012-01-22","","32.04166794"
"I.E. COLOMBIA - GIRARDOTA","2012-01-21","","40.29166842"
"I.E. COLOMBIA - GIRARDOTA","2012-01-20","","43.16666842"
"I.E. COLOMBIA - GIRARDOTA","2012-01-19","","35.58333484"
"I.E. COLOMBIA - GIRARDOTA","2012-01-18","","36.79166754"
"I.E. COLOMBIA - GIRARDOTA","2012-01-17","","43.79166857"
"I.E. COLOMBIA - GIRARDOTA","2012-01-16","","42.95833572"
"I.E. COLOMBIA - GIRARDOTA","2012-01-15","","28.83333472"
"I.E. COLOMBIA - GIRARDOTA","2012-01-14","","33.66666754"
"I.E. COLOMBIA - GIRARDOTA","2012-01-13","","44.62500191"
"I.E. COLOMBIA - GIRARDOTA","2012-01-12","","36.20833476"
"I.E. COLOMBIA - GIRARDOTA","2012-01-11","","44.41666873"
"I.E. COLOMBIA - GIRARDOTA","2012-01-10","","37.79166842"
"I.E. COLOMBIA - GIRARDOTA","2012-01-09","","31.0416675"
"I.E. COLOMBIA - GIRARDOTA","2012-01-08","","30.83333437"
"I.E. COLOMBIA - GIRARDOTA","2012-01-07","","33.16666746"
"I.E. COLOMBIA - GIRARDOTA","2012-01-06","","39.87500223"
"I.E. COLOMBIA - GIRARDOTA","2012-01-05","","29.79166746"
"I.E. COLOMBIA - GIRARDOTA","2012-01-04","","34.66666818"
"I.E. COLOMBIA - GIRARDOTA","2012-01-03","","31.13043561"
"I.E. COLOMBIA - GIRARDOTA","2012-01-02","","41.00000175"
"I.E. COLOMBIA - GIRARDOTA","2012-01-01","","46.75000278"
"I.E. COLOMBIA - GIRARDOTA","2011-12-31","","39.58333429"
"I.E. COLOMBIA - GIRARDOTA","2011-12-30","","39.13043628"
"I.E. COLOMBIA - GIRARDOTA","2011-12-29","","32.62500103"
"I.E. COLOMBIA - GIRARDOTA","2011-12-28","","41.16666873"
"I.E. COLOMBIA - GIRARDOTA","2011-12-27","","36.45454684"
"I.E. COLOMBIA - GIRARDOTA","2011-12-26","","35.16666834"
"I.E. COLOMBIA - GIRARDOTA","2011-12-25","","27.58333445"
"I.E. COLOMBIA - GIRARDOTA","2011-12-24","","26.91666762"
"I.E. COLOMBIA - GIRARDOTA","2011-12-23","","34.04166818"
"I.E. COLOMBIA - GIRARDOTA","2011-12-22","","36.08333437"
"I.E. COLOMBIA - GIRARDOTA","2011-12-21","","31.33333484"
"I.E. COLOMBIA - GIRARDOTA","2011-12-20","","26.54166774"
"I.E. COLOMBIA - GIRARDOTA","2011-12-19","","25.0"
"I.E. COLOMBIA - GIRARDOTA","2011-12-18","","27.33333464"
"I.E. COLOMBIA - GIRARDOTA","2011-12-17","","31.66666762"
"I.E. COLOMBIA - GIRARDOTA","2011-12-16","","40.958335"
"I.E. COLOMBIA - GIRARDOTA","2011-12-15","","31.47826178"
"I.E. COLOMBIA - GIRARDOTA","2011-12-14","","32.13043644"
"I.E. COLOMBIA - GIRARDOTA","2011-12-13","","32.58333484"
"I.E. COLOMBIA - GIRARDOTA","2011-12-12","","29.70833433"
"I.E. COLOMBIA - GIRARDOTA","2011-12-11","","27.83333433"
"I.E. COLOMBIA - GIRARDOTA","2011-12-10","","34.91666802"
"I.E. COLOMBIA - GIRARDOTA","2011-12-09","","33.16666762"
"I.E. COLOMBIA - GIRARDOTA","2011-12-08","","31.75000151"
"I.E. COLOMBIA - GIRARDOTA","2011-12-07","","41.08333524"
"I.E. COLOMBIA - GIRARDOTA","2011-12-06","","42.20833524"
"I.E. COLOMBIA - GIRARDOTA","2011-12-05","","25.50000127"
"I.E. COLOMBIA - GIRARDOTA","2011-12-04","","25.33333397"
"I.E. COLOMBIA - GIRARDOTA","2011-12-03","","39.04166826"
"I.E. COLOMBIA - GIRARDOTA","2011-12-02","","35.50000191"
"I.E. COLOMBIA - GIRARDOTA","2011-12-01","","37.50000119"
"I.E. COLOMBIA - GIRARDOTA","2011-11-30","","40.87500119"
"I.E. COLOMBIA - GIRARDOTA","2011-11-29","","50.70833524"
"I.E. COLOMBIA - GIRARDOTA","2011-11-28","","42.95833532"
"I.E. COLOMBIA - GIRARDOTA","2011-11-27","","37.75000175"
"I.E. COLOMBIA - GIRARDOTA","2011-11-26","","30.04166778"
"I.E. COLOMBIA - GIRARDOTA","2011-11-25","","31.16666754"
"I.E. COLOMBIA - GIRARDOTA","2011-11-24","","37.12500151"
"I.E. COLOMBIA - GIRARDOTA","2011-11-23","","36.58333468"
"I.E. COLOMBIA - GIRARDOTA","2011-11-22","","40.20833484"
"I.E. COLOMBIA - GIRARDOTA","2011-11-21","","29.87500175"
"I.E. COLOMBIA - GIRARDOTA","2011-11-20","","25.91666774"
"I.E. COLOMBIA - GIRARDOTA","2011-11-19","","26.91666794"
"I.E. COLOMBIA - GIRARDOTA","2011-11-18","","27.75000179"
"I.E. COLOMBIA - GIRARDOTA","2011-11-17","","30.58333437"
"I.E. COLOMBIA - GIRARDOTA","2011-11-16","","48.70833524"
"I.E. COLOMBIA - GIRARDOTA","2011-11-15","","52.83333516"
"I.E. COLOMBIA - GIRARDOTA","2011-11-14","","24.5416675"
"I.E. COLOMBIA - GIRARDOTA","2011-11-13","","42.62500183"
"I.E. COLOMBIA - GIRARDOTA","2011-11-12","","38.37500183"
"I.E. COLOMBIA - GIRARDOTA","2011-11-11","","49.0000027"
"I.E. COLOMBIA - GIRARDOTA","2011-11-10","","38.00000207"
"I.E. COLOMBIA - GIRARDOTA","2011-11-09","","46.83333516"
"I.E. COLOMBIA - GIRARDOTA","2011-11-08","","40.04166842"
"I.E. COLOMBIA - GIRARDOTA","2011-11-07","","28.25000119"
"I.E. COLOMBIA - GIRARDOTA","2011-11-06","","25.94736983"
"I.E. COLOMBIA - GIRARDOTA","2011-11-05","","34.2916681"
"I.E. COLOMBIA - GIRARDOTA","2011-11-04","","40.25000207"
"I.E. COLOMBIA - GIRARDOTA","2011-11-03","","37.54166849"
"I.E. COLOMBIA - GIRARDOTA","2011-11-02","","34.4583346"
"I.E. COLOMBIA - GIRARDOTA","2011-11-01","","32.50000087"
"I.E. COLOMBIA - GIRARDOTA","2011-10-31","","34.50000151"
"I.E. COLOMBIA - GIRARDOTA","2011-10-30","","29.62500131"
"I.E. COLOMBIA - GIRARDOTA","2011-10-29","","39.95833524"
"I.E. COLOMBIA - GIRARDOTA","2011-10-28","","33.1666679"
"I.E. COLOMBIA - GIRARDOTA","2011-10-27","","32.75000111"
"I.E. COLOMBIA - GIRARDOTA","2011-10-26","","29.00000191"
"I.E. COLOMBIA - GIRARDOTA","2011-10-25","","32.00000124"
"I.E. COLOMBIA - GIRARDOTA","2011-10-24","","33.6666677"
"I.E. COLOMBIA - GIRARDOTA","2011-10-23","","24.37500087"
"I.E. COLOMBIA - GIRARDOTA","2011-10-22","","33.45833453"
"I.E. COLOMBIA - GIRARDOTA","2011-10-21","","39.958335"
"I.E. COLOMBIA - GIRARDOTA","2011-10-20","","37.12500167"
"I.E. COLOMBIA - GIRARDOTA","2011-10-19","","37.62500159"
"I.E. COLOMBIA - GIRARDOTA","2011-10-18","","35.04166802"
"I.E. COLOMBIA - GIRARDOTA","2011-10-17","","25.04166766"
"I.E. COLOMBIA - GIRARDOTA","2011-10-16","","26.04761959"
"I.E. COLOMBIA - GIRARDOTA","2011-10-15","","34.58333532"
"I.E. COLOMBIA - GIRARDOTA","2011-10-14","","45.0833346"
"I.E. COLOMBIA - GIRARDOTA","2011-10-13","","37.75000151"
"I.E. COLOMBIA - GIRARDOTA","2011-10-12","","31.37500155"
"I.E. COLOMBIA - GIRARDOTA","2011-10-11","","24.3333346"
"I.E. COLOMBIA - GIRARDOTA","2011-10-10","","35.91666834"
"I.E. COLOMBIA - GIRARDOTA","2011-10-09","","35.3333348"
"I.E. COLOMBIA - GIRARDOTA","2011-10-08","","35.75000159"
"I.E. COLOMBIA - GIRARDOTA","2011-10-07","","26.41666722"
"I.E. COLOMBIA - GIRARDOTA","2011-10-06","","33.75000187"
"I.E. COLOMBIA - GIRARDOTA","2011-10-05","","46.20833524"
"I.E. COLOMBIA - GIRARDOTA","2011-10-04","","39.16666826"
"I.E. COLOMBIA - GIRARDOTA","2011-10-03","","33.50000167"
"I.E. COLOMBIA - GIRARDOTA","2011-10-02","","35.54166798"
"I.E. COLOMBIA - GIRARDOTA","2011-10-01","","35.20833453"
"I.E. COLOMBIA - GIRARDOTA","2011-09-30","","32.20833437"
"I.E. COLOMBIA - GIRARDOTA","2011-09-29","","39.95833445"
"I.E. COLOMBIA - GIRARDOTA","2011-09-28","","35.45833484"
"I.E. COLOMBIA - GIRARDOTA","2011-09-27","","38.66666786"
"I.E. COLOMBIA - GIRARDOTA","2011-09-26","","36.34782725"
"I.E. COLOMBIA - GIRARDOTA","2011-09-25","","39.08695818"
"I.E. COLOMBIA - GIRARDOTA","2011-09-24","","37.66666814"
"I.E. COLOMBIA - GIRARDOTA","2011-09-23","","46.79166865"
"I.E. COLOMBIA - GIRARDOTA","2011-09-22","","38.82608845"
"I.E. COLOMBIA - GIRARDOTA","2011-09-21","","40.85714422"
"I.E. COLOMBIA - GIRARDOTA","2011-09-20","","32.2916677"
"I.E. COLOMBIA - GIRARDOTA","2011-09-19","","49.91666889"
"I.E. COLOMBIA - GIRARDOTA","2011-09-18","","25.37500099"
"I.E. COLOMBIA - GIRARDOTA","2011-09-17","","35.45833453"
"I.E. COLOMBIA - GIRARDOTA","2011-09-16","","38.25000159"
"I.E. COLOMBIA - GIRARDOTA","2011-09-15","","44.04166897"
"I.E. COLOMBIA - GIRARDOTA","2011-09-14","","37.95833516"
"I.E. COLOMBIA - GIRARDOTA","2011-09-13","","43.91666865"
"I.E. COLOMBIA - GIRARDOTA","2011-09-12","","30.04166818"
"I.E. COLOMBIA - GIRARDOTA","2011-09-11","","35.08333437"
"I.E. COLOMBIA - GIRARDOTA","2011-09-10","","42.54166826"
"I.E. COLOMBIA - GIRARDOTA","2011-09-09","","40.9166681"
"I.E. COLOMBIA - GIRARDOTA","2011-09-08","","42.79166849"
"I.E. COLOMBIA - GIRARDOTA","2011-09-07","","37.91666849"
"I.E. COLOMBIA - GIRARDOTA","2011-09-06","","38.75000095"
"I.E. COLOMBIA - GIRARDOTA","2011-09-05","","45.8333354"
"I.E. COLOMBIA - GIRARDOTA","2011-09-04","","32.12500127"
"I.E. COLOMBIA - GIRARDOTA","2011-09-03","","42.00000175"
"I.E. COLOMBIA - GIRARDOTA","2011-09-02","","39.00000127"
"I.E. COLOMBIA - GIRARDOTA","2011-09-01","","53.52941479"
"I.E. COLOMBIA - GIRARDOTA","2011-08-31","","41.45833429"
"I.E. COLOMBIA - GIRARDOTA","2011-08-30","","38.25000095"
"I.E. COLOMBIA - GIRARDOTA","2011-08-29","","34.25000111"
"I.E. COLOMBIA - GIRARDOTA","2011-08-28","","29.73077055"
"I.E. COLOMBIA - GIRARDOTA","2011-08-27","","37.87500151"
"I.E. COLOMBIA - GIRARDOTA","2011-08-26","","41.50000191"
"I.E. COLOMBIA - GIRARDOTA","2011-08-25","","47.87500223"
"I.E. COLOMBIA - GIRARDOTA","2011-08-24","","44.9166681"
"I.E. COLOMBIA - GIRARDOTA","2011-08-23","","32.90000148"
"I.E. COLOMBIA - GIRARDOTA","2011-08-22","","34.00000162"
"I.E. COLOMBIA - GIRARDOTA","2011-08-20","","57.72727585"
"I.E. COLOMBIA - GIRARDOTA","2011-08-19","","38.39750137"
"I.E. COLOMBIA - GIRARDOTA","2011-08-18","","29.43750095"
"I.E. COLOMBIA - GIRARDOTA","2011-08-17","","27.18678254"
"I.E. COLOMBIA - GIRARDOTA","2011-08-16","","28.32666777"
"I.E. COLOMBIA - GIRARDOTA","2011-08-15","","20.60111225"
"I.E. COLOMBIA - GIRARDOTA","2011-08-14","","22.44666751"
"I.E. COLOMBIA - GIRARDOTA","2011-08-13","","30.04000064"
"I.E. COLOMBIA - GIRARDOTA","2011-08-12","","31.04111201"
"I.E. COLOMBIA - GIRARDOTA","2011-08-11","","38.00111318"
"I.E. COLOMBIA - GIRARDOTA","2011-08-10","","43.4955572"
"I.E. COLOMBIA - GIRARDOTA","2011-08-09","","50.90444692"
"I.E. COLOMBIA - GIRARDOTA","2011-08-08","","45.15700642"
"I.E. COLOMBIA - GIRARDOTA","2011-08-07","","29.13889025"
"I.E. COLOMBIA - GIRARDOTA","2011-08-06","","39.35888988"
"I.E. COLOMBIA - GIRARDOTA","2011-08-05","","33.52174087"
"I.E. COLOMBIA - GIRARDOTA","2011-08-04","","46.66666961"
"I.E. COLOMBIA - GIRARDOTA","2011-08-03","","43.42105494"
"I.E. COLOMBIA - GIRARDOTA","2011-08-02","","35.08666837"
"I.E. COLOMBIA - GIRARDOTA","2011-08-01","","36.08444618"
"I.E. COLOMBIA - GIRARDOTA","2011-07-31","","35.45833468"
"I.E. COLOMBIA - GIRARDOTA","2011-07-30","","32.50000103"
"I.E. COLOMBIA - GIRARDOTA","2011-07-29","","38.41666873"
"I.E. COLOMBIA - GIRARDOTA","2011-07-28","","33.333335"
"I.E. COLOMBIA - GIRARDOTA","2011-07-27","","39.04166881"
"I.E. COLOMBIA - GIRARDOTA","2011-07-26","","42.66666842"
"I.E. COLOMBIA - GIRARDOTA","2011-07-25","","39.91666845"
"I.E. COLOMBIA - GIRARDOTA","2011-07-24","","32.12500123"
"I.E. COLOMBIA - GIRARDOTA","2011-07-23","","37.54166778"
"I.E. COLOMBIA - GIRARDOTA","2011-07-22","","37.54166806"
"I.E. COLOMBIA - GIRARDOTA","2011-07-21","","32.20833516"
"I.E. COLOMBIA - GIRARDOTA","2011-07-20","","26.75000075"
"I.E. COLOMBIA - GIRARDOTA","2011-07-19","","39.29166857"
"I.E. COLOMBIA - GIRARDOTA","2011-07-18","","26.69565325"
"I.E. COLOMBIA - GIRARDOTA","2011-07-17","","31.87500111"
"I.E. COLOMBIA - GIRARDOTA","2011-07-16","","32.20833437"
"I.E. COLOMBIA - GIRARDOTA","2011-07-15","","38.70833484"
"I.E. COLOMBIA - GIRARDOTA","2011-07-14","","49.2500027"
"I.E. COLOMBIA - GIRARDOTA","2011-07-13","","35.58333457"
"I.E. COLOMBIA - GIRARDOTA","2011-07-12","","42.50000207"
"I.E. COLOMBIA - GIRARDOTA","2011-07-11","","40.33333476"
"I.E. COLOMBIA - GIRARDOTA","2011-07-10","","31.54166734"
"I.E. COLOMBIA - GIRARDOTA","2011-07-09","","43.08333492"
"I.E. COLOMBIA - GIRARDOTA","2011-07-08","","51.45833572"
"I.E. COLOMBIA - GIRARDOTA","2011-07-07","","46.79166913"
"I.E. COLOMBIA - GIRARDOTA","2011-07-06","","32.3043489"
"I.E. COLOMBIA - GIRARDOTA","2011-07-05","","30.20833476"
"I.E. COLOMBIA - GIRARDOTA","2011-07-04","","27.08333449"
"I.E. COLOMBIA - GIRARDOTA","2011-07-03","","23.76190585"
"I.E. COLOMBIA - GIRARDOTA","2011-07-02","","36.0416681"
"I.E. COLOMBIA - GIRARDOTA","2011-07-01","","40.79166897"
"I.E. COLOMBIA - GIRARDOTA","2011-06-30","","43.08333472"
"I.E. COLOMBIA - GIRARDOTA","2011-06-29","","42.66666818"
"I.E. COLOMBIA - GIRARDOTA","2011-06-28","","34.7391324"
"I.E. COLOMBIA - GIRARDOTA","2011-06-27","","22.92166786"
"I.E. COLOMBIA - GIRARDOTA","2011-06-26","","20.08833412"
"I.E. COLOMBIA - GIRARDOTA","2011-06-25","","29.44000114"
"I.E. COLOMBIA - GIRARDOTA","2011-06-24","","32.44000153"
"I.E. COLOMBIA - GIRARDOTA","2011-06-23","","29.72000118"
"I.E. COLOMBIA - GIRARDOTA","2011-06-22","","28.92000092"
"I.E. COLOMBIA - GIRARDOTA","2011-06-21","","30.32000114"
"I.E. COLOMBIA - GIRARDOTA","2011-06-20","","33.88000099"
"I.E. COLOMBIA - GIRARDOTA","2011-06-19","","25.60000084"
"I.E. COLOMBIA - GIRARDOTA","2011-06-18","","30.2083346"
"I.E. COLOMBIA - GIRARDOTA","2011-06-17","","30.32000114"
"I.E. COLOMBIA - GIRARDOTA","2011-06-16","","35.96000137"
"I.E. COLOMBIA - GIRARDOTA","2011-06-15","","43.00000244"
"I.E. COLOMBIA - GIRARDOTA","2011-06-14","","38.28000214"
"I.E. COLOMBIA - GIRARDOTA","2011-06-13","","41.0416683"
"I.E. COLOMBIA - GIRARDOTA","2011-06-12","","28.12500095"
"I.E. COLOMBIA - GIRARDOTA","2011-06-11","","42.78166859"
"I.E. COLOMBIA - GIRARDOTA","2011-06-10","","44.03666862"
"I.E. COLOMBIA - GIRARDOTA","2011-06-09","","37.30833523"
"I.E. COLOMBIA - GIRARDOTA","2011-06-08","","36.74666832"
"I.E. COLOMBIA - GIRARDOTA","2011-06-07","","50.82246542"
"I.E. COLOMBIA - GIRARDOTA","2011-06-06","","25.61000107"
"I.E. COLOMBIA - GIRARDOTA","2011-06-05","","41.87000076"
"I.E. COLOMBIA - GIRARDOTA","2011-06-04","","37.9166681"
"I.E. COLOMBIA - GIRARDOTA","2011-06-03","","57.66666873"
"I.E. COLOMBIA - GIRARDOTA","2011-06-01","","29.72222386"
"I.E. COLOMBIA - GIRARDOTA","2011-05-31","","46.50000254"
"I.E. COLOMBIA - GIRARDOTA","2011-05-30","","42.08333532"
"I.E. COLOMBIA - GIRARDOTA","2011-05-29","","28.58333437"
"I.E. COLOMBIA - GIRARDOTA","2011-05-28","","40.29166873"
"I.E. COLOMBIA - GIRARDOTA","2011-05-27","","40.87500183"
"I.E. COLOMBIA - GIRARDOTA","2011-05-26","","32.62500103"
"I.E. COLOMBIA - GIRARDOTA","2011-05-25","","34.54166834"
"I.E. COLOMBIA - GIRARDOTA","2011-05-24","","35.50000119"
"I.E. COLOMBIA - GIRARDOTA","2011-05-23","","30.25000056"
"I.E. COLOMBIA - GIRARDOTA","2011-05-22","","25.3043489"
"I.E. COLOMBIA - GIRARDOTA","2011-05-21","","44.54166826"
"I.E. COLOMBIA - GIRARDOTA","2011-05-20","","44.20833492"
"I.E. COLOMBIA - GIRARDOTA","2011-05-19","","41.26268347"
"I.E. COLOMBIA - GIRARDOTA","2011-05-18","","33.60000126"
"I.E. COLOMBIA - GIRARDOTA","2011-05-17","","41.217393"
"I.E. COLOMBIA - GIRARDOTA","2011-05-16","","40.41666913"
"I.E. COLOMBIA - GIRARDOTA","2011-05-15","","39.29166802"
"I.E. COLOMBIA - GIRARDOTA","2011-05-14","","35.37500167"
"I.E. COLOMBIA - GIRARDOTA","2011-05-13","","57.16666881"
"I.E. COLOMBIA - GIRARDOTA","2011-05-12","","54.708335"
"I.E. COLOMBIA - GIRARDOTA","2011-05-11","","45.54166794"
"I.E. COLOMBIA - GIRARDOTA","2011-05-10","","35.37500135"
"I.E. COLOMBIA - GIRARDOTA","2011-05-09","","44.04166921"
"I.E. COLOMBIA - GIRARDOTA","2011-05-08","","32.87500151"
"I.E. COLOMBIA - GIRARDOTA","2011-05-07","","45.0869588"
"I.E. COLOMBIA - GIRARDOTA","2011-05-06","","44.04166778"
"I.E. COLOMBIA - GIRARDOTA","2011-05-05","","36.45833492"
"I.E. COLOMBIA - GIRARDOTA","2011-05-04","","42.87500159"
"I.E. COLOMBIA - GIRARDOTA","2011-05-03","","33.0"
"I.E. COLOMBIA - GIRARDOTA","2011-05-02","","34.39130534"
"I.E. COLOMBIA - GIRARDOTA","2011-05-01","","33.91666802"
"I.E. COLOMBIA - GIRARDOTA","2011-04-30","","38.00000103"
"I.E. COLOMBIA - GIRARDOTA","2011-04-29","","38.20833548"
"I.E. COLOMBIA - GIRARDOTA","2011-04-28","","37.12500159"
"I.E. COLOMBIA - GIRARDOTA","2011-04-27","","25.0416681"
"I.E. COLOMBIA - GIRARDOTA","2011-04-26","","40.79166881"
"I.E. COLOMBIA - GIRARDOTA","2011-04-25","","33.21739288"
"I.E. COLOMBIA - GIRARDOTA","2011-04-24","","29.16666746"
"I.E. COLOMBIA - GIRARDOTA","2011-04-23","","36.95833389"
"I.E. COLOMBIA - GIRARDOTA","2011-04-22","","15.79166706"
"I.E. COLOMBIA - GIRARDOTA","2011-04-21","","25.54166718"
"I.E. COLOMBIA - GIRARDOTA","2011-04-20","","29.40909186"
"I.E. COLOMBIA - GIRARDOTA","2011-04-19","","34.95833468"
"I.E. COLOMBIA - GIRARDOTA","2011-04-18","","49.00000223"
"I.E. COLOMBIA - GIRARDOTA","2011-04-17","","25.87500068"
"I.E. COLOMBIA - GIRARDOTA","2011-04-16","","32.69565333"
"I.E. COLOMBIA - GIRARDOTA","2011-04-15","","28.92307751"
"I.E. COLOMBIA - GIRARDOTA","2011-04-06","","40.60000286"
"I.E. COLOMBIA - GIRARDOTA","2011-04-05","","51.15000162"
"I.E. COLOMBIA - GIRARDOTA","2011-04-04","","41.2777799"
"I.E. COLOMBIA - GIRARDOTA","2011-04-03","","47.57143021"
"I.E. COLOMBIA - GIRARDOTA","2011-04-02","","44.68421314"
"I.E. COLOMBIA - GIRARDOTA","2011-04-01","","43.64706096"
"I.E. COLOMBIA - GIRARDOTA","2011-03-31","","41.12500226"
"I.E. COLOMBIA - GIRARDOTA","2011-03-30","","44.76190603"
"I.E. COLOMBIA - GIRARDOTA","2011-03-29","","41.94444572"
"I.E. COLOMBIA - GIRARDOTA","2011-03-28","","44.50000226"
"I.E. COLOMBIA - GIRARDOTA","2011-03-27","","42.46666819"
"I.E. COLOMBIA - GIRARDOTA","2011-03-26","","34.83333492"
"I.E. COLOMBIA - GIRARDOTA","2011-03-25","","34.13636468"
"I.E. COLOMBIA - GIRARDOTA","2011-03-24","","39.95454728"
"I.E. COLOMBIA - GIRARDOTA","2011-03-23","","30.70833421"
"I.E. COLOMBIA - GIRARDOTA","2011-03-22","","34.1666677"
"I.E. COLOMBIA - GIRARDOTA","2011-03-21","","34.16183696"
"I.E. COLOMBIA - GIRARDOTA","2011-03-20","","26.54166734"
"I.E. COLOMBIA - GIRARDOTA","2011-03-19","","34.72727429"
"I.E. COLOMBIA - GIRARDOTA","2011-03-18","","48.04545619"
"I.E. COLOMBIA - GIRARDOTA","2011-03-17","","58.52174154"
"I.E. COLOMBIA - GIRARDOTA","2011-03-16","","61.75000223"
"I.E. COLOMBIA - GIRARDOTA","2011-03-15","","68.76923312"
"I.E. COLOMBIA - GIRARDOTA","2011-03-14","","52.39394182"
"I.E. COLOMBIA - GIRARDOTA","2011-03-13","","42.09091042"
"I.E. COLOMBIA - GIRARDOTA","2011-03-12","","35.23684396"
"I.E. COLOMBIA - GIRARDOTA","2011-03-11","","41.68571674"
"I.E. COLOMBIA - GIRARDOTA","2011-03-10","","45.35135316"
"I.E. COLOMBIA - GIRARDOTA","2011-03-09","","41.31034595"
"I.E. COLOMBIA - GIRARDOTA","2011-03-08","","49.44117821"
"I.E. COLOMBIA - GIRARDOTA","2011-03-07","","45.71428768"
"I.E. COLOMBIA - GIRARDOTA","2011-03-06","","27.48484953"
"I.E. COLOMBIA - GIRARDOTA","2011-03-05","","35.81579098"
"I.E. COLOMBIA - GIRARDOTA","2011-03-04","","39.2647079"
"I.E. COLOMBIA - GIRARDOTA","2011-03-03","","33.00000142"
"I.E. COLOMBIA - GIRARDOTA","2011-03-02","","33.58333381"
"I.E. COLOMBIA - GIRARDOTA","2011-03-01","","48.86956679"
"I.E. COLOMBIA - GIRARDOTA","2011-02-28","","51.46154096"
"I.E. COLOMBIA - GIRARDOTA","2011-02-27","","45.60000191"
"I.E. COLOMBIA - GIRARDOTA","2011-02-26","","55.03225997"
"I.E. COLOMBIA - GIRARDOTA","2011-02-25","","55.0000024"
"I.E. COLOMBIA - GIRARDOTA","2011-02-24","","45.56097752"
"I.E. COLOMBIA - GIRARDOTA","2011-02-23","","59.76316071"
"I.E. COLOMBIA - GIRARDOTA","2011-02-22","","58.13158201"
"I.E. COLOMBIA - GIRARDOTA","2011-02-21","","45.47059037"
"I.E. COLOMBIA - GIRARDOTA","2011-02-20","","42.39473825"
"I.E. COLOMBIA - GIRARDOTA","2011-02-19","","48.17948962"
"I.E. COLOMBIA - GIRARDOTA","2011-02-18","","44.45000181"
"I.E. COLOMBIA - GIRARDOTA","2011-02-17","","43.70000151"
"I.E. COLOMBIA - GIRARDOTA","2011-02-16","","51.2706541"
"I.E. COLOMBIA - GIRARDOTA","2011-02-15","","53.57894938"
"I.E. COLOMBIA - GIRARDOTA","2011-02-14","","46.17500244"
"I.E. COLOMBIA - GIRARDOTA","2011-02-13","","48.57518315"
"I.E. COLOMBIA - GIRARDOTA","2011-02-12","","47.70561783"
"I.E. COLOMBIA - GIRARDOTA","2011-02-11","","41.13916855"
"I.E. COLOMBIA - GIRARDOTA","2011-02-10","","36.61416878"
"I.E. COLOMBIA - GIRARDOTA","2011-02-09","","41.45166809"
"I.E. COLOMBIA - GIRARDOTA","2011-02-08","","53.05333458"
"I.E. COLOMBIA - GIRARDOTA","2011-02-07","","45.13949474"
"I.E. COLOMBIA - GIRARDOTA","2011-02-06","","42.28695831"
"I.E. COLOMBIA - GIRARDOTA","2011-02-05","","45.55833458"
"I.E. COLOMBIA - GIRARDOTA","2011-02-04","","51.88000153"
"I.E. COLOMBIA - GIRARDOTA","2011-02-03","","45.80000244"
"I.E. COLOMBIA - GIRARDOTA","2011-02-02","","41.88000187"
"I.E. COLOMBIA - GIRARDOTA","2011-02-01","","45.28000145"
"I.E. COLOMBIA - GIRARDOTA","2011-01-31","","44.65217599"
"I.E. COLOMBIA - GIRARDOTA","2011-01-30","","38.00000127"
"I.E. COLOMBIA - GIRARDOTA","2011-01-29","","37.79166857"
"I.E. COLOMBIA - GIRARDOTA","2011-01-28","","38.708335"
"I.E. COLOMBIA - GIRARDOTA","2011-01-27","","29.87500099"
"I.E. COLOMBIA - GIRARDOTA","2011-01-26","","53.29166921"
"I.E. COLOMBIA - GIRARDOTA","2011-01-25","","45.79166834"
"I.E. COLOMBIA - GIRARDOTA","2011-01-24","","46.37500207"
"I.E. COLOMBIA - GIRARDOTA","2011-01-23","","32.00000127"
"I.E. COLOMBIA - GIRARDOTA","2011-01-22","","34.54166865"
"I.E. COLOMBIA - GIRARDOTA","2011-01-21","","43.12500151"
"I.E. COLOMBIA - GIRARDOTA","2011-01-20","","40.58333552"
"I.E. COLOMBIA - GIRARDOTA","2011-01-19","","37.82608779"
"I.E. COLOMBIA - GIRARDOTA","2011-01-18","","39.16666842"
"I.E. COLOMBIA - GIRARDOTA","2011-01-17","","36.29166849"
"I.E. COLOMBIA - GIRARDOTA","2011-01-16","","36.2916677"
"I.E. COLOMBIA - GIRARDOTA","2011-01-15","","35.83333484"
"I.E. COLOMBIA - GIRARDOTA","2011-01-14","","41.58333516"
"I.E. COLOMBIA - GIRARDOTA","2011-01-13","","44.6086969"
"I.E. COLOMBIA - GIRARDOTA","2011-01-12","","39.41176616"
"I.E. COLOMBIA - GIRARDOTA","2011-01-11","","31.17391478"
"I.E. COLOMBIA - GIRARDOTA","2011-01-10","","33.21739263"
"I.E. COLOMBIA - GIRARDOTA","2011-01-09","","20.83333405"
"I.E. COLOMBIA - GIRARDOTA","2011-01-08","","27.00000087"
"I.E. COLOMBIA - GIRARDOTA","2011-01-07","","29.54166794"
"I.E. COLOMBIA - GIRARDOTA","2011-01-06","","28.37500075"
"I.E. COLOMBIA - GIRARDOTA","2011-01-05","","29.70833433"
"I.E. COLOMBIA - GIRARDOTA","2011-01-04","","18.83333437"
"I.E. COLOMBIA - GIRARDOTA","2011-01-03","","27.42857279"
"I.E. COLOMBIA - GIRARDOTA","2011-01-02","","23.66666754"
"I.E. COLOMBIA - GIRARDOTA","2011-01-01","","41.20833568"
"I.E. COLOMBIA - GIRARDOTA","2010-12-31","","36.29411905"
"I.E. COLOMBIA - GIRARDOTA","2010-12-30","","29.20833449"
"I.E. COLOMBIA - GIRARDOTA","2010-12-29","","29.50000115"
"I.E. COLOMBIA - GIRARDOTA","2010-12-28","","26.08333425"
"I.E. COLOMBIA - GIRARDOTA","2010-12-27","","22.20833437"
"I.E. COLOMBIA - GIRARDOTA","2010-12-26","","15.91666746"
"I.E. COLOMBIA - GIRARDOTA","2010-12-25","","31.13043623"
"I.E. COLOMBIA - GIRARDOTA","2010-12-24","","24.16666782"
"I.E. COLOMBIA - GIRARDOTA","2010-12-23","","35.18181888"
"I.E. COLOMBIA - GIRARDOTA","2010-12-22","","25.37500107"
"I.E. COLOMBIA - GIRARDOTA","2010-12-21","","36.20833484"
"I.E. COLOMBIA - GIRARDOTA","2010-12-20","","32.95454628"
"I.E. COLOMBIA - GIRARDOTA","2010-12-19","","47.37500171"
"I.E. COLOMBIA - GIRARDOTA","2010-12-18","","47.87500223"
"I.E. COLOMBIA - GIRARDOTA","2010-12-17","","27.37500143"
"I.E. COLOMBIA - GIRARDOTA","2010-12-16","","31.79166786"
"I.E. COLOMBIA - GIRARDOTA","2010-12-15","","27.95833508"
"I.E. COLOMBIA - GIRARDOTA","2010-12-14","","52.00000223"
"I.E. COLOMBIA - GIRARDOTA","2010-12-13","","44.12500294"
"I.E. COLOMBIA - GIRARDOTA","2010-12-12","","29.75000111"
"I.E. COLOMBIA - GIRARDOTA","2010-12-11","","39.25000159"
"I.E. COLOMBIA - GIRARDOTA","2010-12-10","","32.54166778"
"I.E. COLOMBIA - GIRARDOTA","2010-12-09","","38.08333524"
"I.E. COLOMBIA - GIRARDOTA","2010-12-08","","37.62500135"
"I.E. COLOMBIA - GIRARDOTA","2010-12-07","","44.75000167"
"I.E. COLOMBIA - GIRARDOTA","2010-12-06","","41.79166881"
"I.E. COLOMBIA - GIRARDOTA","2010-12-05","","38.75000171"
"I.E. COLOMBIA - GIRARDOTA","2010-12-04","","32.95833516"
"I.E. COLOMBIA - GIRARDOTA","2010-12-03","","39.83333556"
"I.E. COLOMBIA - GIRARDOTA","2010-12-02","","33.50000135"
"I.E. COLOMBIA - GIRARDOTA","2010-12-01","","71.37500207"
"I.E. COLOMBIA - GIRARDOTA","2010-11-30","","63.65217665"
"I.E. COLOMBIA - GIRARDOTA","2010-11-29","","40.25000175"
"I.E. COLOMBIA - GIRARDOTA","2010-11-28","","34.70833476"
"I.E. COLOMBIA - GIRARDOTA","2010-11-27","","34.4166681"
"I.E. COLOMBIA - GIRARDOTA","2010-11-26","","41.16666746"
"I.E. COLOMBIA - GIRARDOTA","2010-11-25","","36.12500179"
"I.E. COLOMBIA - GIRARDOTA","2010-11-24","","43.25000199"
"I.E. COLOMBIA - GIRARDOTA","2010-11-23","","47.16666881"
"I.E. COLOMBIA - GIRARDOTA","2010-11-22","","41.41666853"
"I.E. COLOMBIA - GIRARDOTA","2010-11-21","","32.75000167"
"I.E. COLOMBIA - GIRARDOTA","2010-11-20","","32.91666786"
"I.E. COLOMBIA - GIRARDOTA","2010-11-19","","28.33333453"
"I.E. COLOMBIA - GIRARDOTA","2010-11-18","","31.62500167"
"I.E. COLOMBIA - GIRARDOTA","2010-11-17","","29.7916677"
"I.E. COLOMBIA - GIRARDOTA","2010-11-16","","26.54166794"
"I.E. COLOMBIA - GIRARDOTA","2010-11-15","","28.12500151"
"I.E. COLOMBIA - GIRARDOTA","2010-11-14","","27.45833445"
"I.E. COLOMBIA - GIRARDOTA","2010-11-13","","43.29166857"
"I.E. COLOMBIA - GIRARDOTA","2010-11-12","","39.58333484"
"I.E. COLOMBIA - GIRARDOTA","2010-11-11","","33.20833464"
"I.E. COLOMBIA - GIRARDOTA","2010-11-10","","30.83333405"
"I.E. COLOMBIA - GIRARDOTA","2010-11-09","","33.83333409"
"I.E. COLOMBIA - GIRARDOTA","2010-11-08","","61.83333484"
"I.E. COLOMBIA - GIRARDOTA","2010-11-07","","26.50000119"
"I.E. COLOMBIA - GIRARDOTA","2010-11-06","","33.20833449"
"I.E. COLOMBIA - GIRARDOTA","2010-11-05","","40.73913168"
"I.E. COLOMBIA - GIRARDOTA","2010-11-04","","45.83333508"
"I.E. COLOMBIA - GIRARDOTA","2010-11-03","","35.70833496"
"I.E. COLOMBIA - GIRARDOTA","2010-11-02","","34.79166814"
"I.E. COLOMBIA - GIRARDOTA","2010-11-01","","23.12500091"
"I.E. COLOMBIA - GIRARDOTA","2010-10-31","","19.70833437"
"I.E. COLOMBIA - GIRARDOTA","2010-10-30","","35.52174054"
"I.E. COLOMBIA - GIRARDOTA","2010-10-29","","38.5833346"
"I.E. COLOMBIA - GIRARDOTA","2010-10-28","","42.5833354"
"I.E. COLOMBIA - GIRARDOTA","2010-10-27","","35.4166681"
"I.E. COLOMBIA - GIRARDOTA","2010-10-26","","35.33333492"
"I.E. COLOMBIA - GIRARDOTA","2010-10-25","","42.12500191"
"I.E. COLOMBIA - GIRARDOTA","2010-10-24","","43.37500139"
"I.E. COLOMBIA - GIRARDOTA","2010-10-23","","47.70833548"
"I.E. COLOMBIA - GIRARDOTA","2010-10-22","","56.33333524"
"I.E. COLOMBIA - GIRARDOTA","2010-10-21","","36.45833524"
"I.E. COLOMBIA - GIRARDOTA","2010-10-20","","51.04166961"
"I.E. COLOMBIA - GIRARDOTA","2010-10-19","","40.25000151"
"I.E. COLOMBIA - GIRARDOTA","2010-10-18","","38.41666786"
"I.E. COLOMBIA - GIRARDOTA","2010-10-17","","38.33333484"
"I.E. COLOMBIA - GIRARDOTA","2010-10-16","","38.54166842"
"I.E. COLOMBIA - GIRARDOTA","2010-10-15","","39.26087081"
"I.E. COLOMBIA - GIRARDOTA","2010-10-14","","40.54166873"
"I.E. COLOMBIA - GIRARDOTA","2010-10-13","","40.30434957"
"I.E. COLOMBIA - GIRARDOTA","2010-10-12","","48.41666857"
"I.E. COLOMBIA - GIRARDOTA","2010-10-11","","34.66666766"
"I.E. COLOMBIA - GIRARDOTA","2010-10-10","","30.90909199"
"I.E. COLOMBIA - GIRARDOTA","2010-10-09","","28.33333496"
"I.E. COLOMBIA - GIRARDOTA","2010-10-08","","32.87500072"
"I.E. COLOMBIA - GIRARDOTA","2010-10-07","","41.79166881"
"I.E. COLOMBIA - GIRARDOTA","2010-10-06","","36.62500103"
"I.E. COLOMBIA - GIRARDOTA","2010-10-05","","36.00000171"
"I.E. COLOMBIA - GIRARDOTA","2010-10-04","","25.00000083"
"I.E. COLOMBIA - GIRARDOTA","2010-10-03","","42.41666889"
"I.E. COLOMBIA - GIRARDOTA","2010-10-02","","42.50000175"
"I.E. COLOMBIA - GIRARDOTA","2010-10-01","","56.95833596"
"I.E. COLOMBIA - GIRARDOTA","2010-09-30","","33.12500143"
"I.E. COLOMBIA - GIRARDOTA","2010-09-29","","46.70833532"
"I.E. COLOMBIA - GIRARDOTA","2010-09-28","","56.12500215"
"I.E. COLOMBIA - GIRARDOTA","2010-09-27","","33.04348004"
"I.E. COLOMBIA - GIRARDOTA","2010-09-26","","31.87500075"
"I.E. COLOMBIA - GIRARDOTA","2010-09-25","","29.83333484"
"I.E. COLOMBIA - GIRARDOTA","2010-09-24","","52.833335"
"I.E. COLOMBIA - GIRARDOTA","2010-09-23","","47.33333492"
"I.E. COLOMBIA - GIRARDOTA","2010-09-22","","63.66666961"
"I.E. COLOMBIA - GIRARDOTA","2010-09-21","","34.91666774"
"I.E. COLOMBIA - GIRARDOTA","2010-09-20","","36.79166849"
"I.E. COLOMBIA - GIRARDOTA","2010-09-19","","31.87500103"
"I.E. COLOMBIA - GIRARDOTA","2010-09-18","","43.4166681"
"I.E. COLOMBIA - GIRARDOTA","2010-09-17","","53.45833508"
"I.E. COLOMBIA - GIRARDOTA","2010-09-16","","52.75000207"
"I.E. COLOMBIA - GIRARDOTA","2010-09-15","","38.45454728"
"I.E. COLOMBIA - GIRARDOTA","2010-09-14","","46.08333564"
"I.E. COLOMBIA - GIRARDOTA","2010-09-13","","49.54166913"
"I.E. COLOMBIA - GIRARDOTA","2010-09-12","","30.66666774"
"I.E. COLOMBIA - GIRARDOTA","2010-09-11","","32.50000127"
"I.E. COLOMBIA - GIRARDOTA","2010-09-10","","56.29166929"
"I.E. COLOMBIA - GIRARDOTA","2010-09-09","","41.70833464"
"I.E. COLOMBIA - GIRARDOTA","2010-09-08","","38.75000183"
"I.E. COLOMBIA - GIRARDOTA","2010-09-07","","33.37500167"
"I.E. COLOMBIA - GIRARDOTA","2010-09-06","","39.75000215"
"I.E. COLOMBIA - GIRARDOTA","2010-09-05","","32.17391354"
"I.E. COLOMBIA - GIRARDOTA","2010-09-04","","34.50000119"
"I.E. COLOMBIA - GIRARDOTA","2010-09-03","","28.29166738"
"I.E. COLOMBIA - GIRARDOTA","2010-09-02","","37.583335"
"I.E. COLOMBIA - GIRARDOTA","2010-09-01","","51.70833492"
"I.E. COLOMBIA - GIRARDOTA","2010-08-31","","40.87500187"
"I.E. COLOMBIA - GIRARDOTA","2010-08-30","","31.00000111"
"I.E. COLOMBIA - GIRARDOTA","2010-08-29","","24.58333441"
"I.E. COLOMBIA - GIRARDOTA","2010-08-28","","28.83333453"
"I.E. COLOMBIA - GIRARDOTA","2010-08-27","","64.41667"
"I.E. COLOMBIA - GIRARDOTA","2010-08-26","","60.083335"
"I.E. COLOMBIA - GIRARDOTA","2010-08-25","","34.08333421"
"I.E. COLOMBIA - GIRARDOTA","2010-08-24","","49.16666897"
"I.E. COLOMBIA - GIRARDOTA","2010-08-23","","61.66666842"
"I.E. COLOMBIA - GIRARDOTA","2010-08-22","","45.79166842"
"I.E. COLOMBIA - GIRARDOTA","2010-08-21","","50.00000199"
"I.E. COLOMBIA - GIRARDOTA","2010-08-20","","48.50000095"
"I.E. COLOMBIA - GIRARDOTA","2010-08-19","","42.75000183"
"I.E. COLOMBIA - GIRARDOTA","2010-08-18","","44.41666929"
"I.E. COLOMBIA - GIRARDOTA","2010-08-17","","49.56521946"
"I.E. COLOMBIA - GIRARDOTA","2010-08-16","","30.9166681"
"I.E. COLOMBIA - GIRARDOTA","2010-08-15","","34.50000091"
"I.E. COLOMBIA - GIRARDOTA","2010-08-14","","38.3750023"
"I.E. COLOMBIA - GIRARDOTA","2010-08-13","","50.91666897"
"I.E. COLOMBIA - GIRARDOTA","2010-08-12","","64.83333683"
"I.E. COLOMBIA - GIRARDOTA","2010-08-11","","54.45833588"
"I.E. COLOMBIA - GIRARDOTA","2010-08-10","","46.58333564"
"I.E. COLOMBIA - GIRARDOTA","2010-08-09","","36.79166746"
"I.E. COLOMBIA - GIRARDOTA","2010-08-08","","37.40909238"
"I.E. COLOMBIA - GIRARDOTA","2010-08-07","","47.2083354"
"I.E. COLOMBIA - GIRARDOTA","2010-08-06","","40.91666802"
"I.E. COLOMBIA - GIRARDOTA","2010-08-05","","44.45833572"
"I.E. COLOMBIA - GIRARDOTA","2010-08-04","","46.5833354"
"I.E. COLOMBIA - GIRARDOTA","2010-08-03","","38.41666818"
"I.E. COLOMBIA - GIRARDOTA","2010-08-02","","44.58333556"
"I.E. COLOMBIA - GIRARDOTA","2010-08-01","","34.66666758"
"I.E. COLOMBIA - GIRARDOTA","2010-07-31","","58.87500207"
"I.E. COLOMBIA - GIRARDOTA","2010-07-30","","43.75000151"
"I.E. COLOMBIA - GIRARDOTA","2010-07-29","","34.29166778"
"I.E. COLOMBIA - GIRARDOTA","2010-07-28","","41.37500207"
"I.E. COLOMBIA - GIRARDOTA","2010-07-27","","36.54166778"
"I.E. COLOMBIA - GIRARDOTA","2010-07-26","","36.66666778"
"I.E. COLOMBIA - GIRARDOTA","2010-07-23","","39.95833492"
"I.E. COLOMBIA - GIRARDOTA","2010-07-22","","45.4583358"
"I.E. COLOMBIA - GIRARDOTA","2010-07-21","","34.60869698"
"I.E. COLOMBIA - GIRARDOTA","2010-07-20","","24.41666758"
"I.E. COLOMBIA - GIRARDOTA","2010-07-19","","43.37500234"
"I.E. COLOMBIA - GIRARDOTA","2010-07-18","","43.50000215"
"I.E. COLOMBIA - GIRARDOTA","2010-07-17","","36.04166834"
"I.E. COLOMBIA - GIRARDOTA","2010-07-16","","56.79166826"
"I.E. COLOMBIA - GIRARDOTA","2010-07-15","","49.83333568"
"I.E. COLOMBIA - GIRARDOTA","2010-07-14","","45.87500159"
"I.E. COLOMBIA - GIRARDOTA","2010-07-13","","46.25000175"
"I.E. COLOMBIA - GIRARDOTA","2010-07-12","","45.76190631"
"I.E. COLOMBIA - GIRARDOTA","2010-07-11","","23.34782671"
"I.E. COLOMBIA - GIRARDOTA","2010-07-10","","39.87500135"
"I.E. COLOMBIA - GIRARDOTA","2010-07-09","","41.33333508"
"I.E. COLOMBIA - GIRARDOTA","2010-07-08","","40.87500183"
"I.E. COLOMBIA - GIRARDOTA","2010-07-07","","63.40000298"
"I.E. COLOMBIA - GIRARDOTA","2010-07-06","","47.16666849"
"I.E. COLOMBIA - GIRARDOTA","2010-07-05","","27.79166746"
"I.E. COLOMBIA - GIRARDOTA","2010-07-04","","34.50000087"
"I.E. COLOMBIA - GIRARDOTA","2010-07-03","","42.7083358"
"I.E. COLOMBIA - GIRARDOTA","2010-07-02","","53.04166865"
"I.E. COLOMBIA - GIRARDOTA","2010-07-01","","42.50000159"
"I.E. COLOMBIA - GIRARDOTA","2010-06-30","","62.20833723"
"I.E. COLOMBIA - GIRARDOTA","2010-06-29","","41.16666818"
"I.E. COLOMBIA - GIRARDOTA","2010-06-28","","31.66666826"
"I.E. COLOMBIA - GIRARDOTA","2010-06-27","","25.12500111"
"I.E. COLOMBIA - GIRARDOTA","2010-06-26","","36.41666881"
"I.E. COLOMBIA - GIRARDOTA","2010-06-25","","36.00000064"
"I.E. COLOMBIA - GIRARDOTA","2010-06-24","","34.83333516"
"I.E. COLOMBIA - GIRARDOTA","2010-06-23","","39.21739247"
"I.E. COLOMBIA - GIRARDOTA","2010-06-22","","34.04347917"
"I.E. COLOMBIA - GIRARDOTA","2010-06-21","","41.83333528"
"I.E. COLOMBIA - GIRARDOTA","2010-06-20","","28.12500131"
"I.E. COLOMBIA - GIRARDOTA","2010-06-19","","33.33333437"
"I.E. COLOMBIA - GIRARDOTA","2010-06-18","","34.75000087"
"I.E. COLOMBIA - GIRARDOTA","2010-06-17","","38.91666909"
"I.E. COLOMBIA - GIRARDOTA","2010-06-16","","28.83333421"
"I.E. COLOMBIA - GIRARDOTA","2010-06-15","","34.54166826"
"I.E. COLOMBIA - GIRARDOTA","2010-06-14","","30.79166818"
"I.E. COLOMBIA - GIRARDOTA","2010-06-13","","36.62500179"
"I.E. COLOMBIA - GIRARDOTA","2010-06-12","","32.75000103"
"I.E. COLOMBIA - GIRARDOTA","2010-06-11","","45.37500191"
"I.E. COLOMBIA - GIRARDOTA","2010-06-10","","53.58333635"
"I.E. COLOMBIA - GIRARDOTA","2010-06-09","","37.3076948"
"I.E. COLOMBIA - GIRARDOTA","2010-06-08","","32.95000153"
"I.E. COLOMBIA - GIRARDOTA","2010-06-07","","33.87500175"
"I.E. COLOMBIA - GIRARDOTA","2010-06-06","","33.20833453"
"I.E. COLOMBIA - GIRARDOTA","2010-06-05","","36.45833584"
"I.E. COLOMBIA - GIRARDOTA","2010-06-04","","40.62500215"
"I.E. COLOMBIA - GIRARDOTA","2010-06-03","","39.66666794"
"I.E. COLOMBIA - GIRARDOTA","2010-06-02","","45.79166897"
"I.E. COLOMBIA - GIRARDOTA","2010-06-01","","52.2500023"
"I.E. COLOMBIA - GIRARDOTA","2010-05-31","","34.29166842"
"I.E. COLOMBIA - GIRARDOTA","2010-05-30","","36.00000143"
"I.E. COLOMBIA - GIRARDOTA","2010-05-29","","42.87500143"
"I.E. COLOMBIA - GIRARDOTA","2010-05-28","","60.33333611"
"I.E. COLOMBIA - GIRARDOTA","2010-05-27","","60.50000312"
"I.E. COLOMBIA - GIRARDOTA","2010-05-26","","39.91666889"
"I.E. COLOMBIA - GIRARDOTA","2010-05-25","","52.26087255"
"I.E. COLOMBIA - GIRARDOTA","2010-05-24","","56.16666865"
"I.E. COLOMBIA - GIRARDOTA","2010-05-23","","37.20833484"
"I.E. COLOMBIA - GIRARDOTA","2010-05-22","","82.58333747"
"I.E. COLOMBIA - GIRARDOTA","2010-05-21","","49.00000254"
"I.E. COLOMBIA - GIRARDOTA","2010-05-20","","33.79166782"
"I.E. COLOMBIA - GIRARDOTA","2010-05-19","","49.70833611"
"I.E. COLOMBIA - GIRARDOTA","2010-05-18","","40.82608862"
"I.E. COLOMBIA - GIRARDOTA","2010-05-17","","27.50000056"
"I.E. COLOMBIA - GIRARDOTA","2010-05-16","","30.79166754"
"I.E. COLOMBIA - GIRARDOTA","2010-05-15","","32.41666818"
"I.E. COLOMBIA - GIRARDOTA","2010-05-14","","37.50000171"
"I.E. COLOMBIA - GIRARDOTA","2010-05-13","","39.87500127"
"I.E. COLOMBIA - GIRARDOTA","2010-05-12","","30.62500143"
"I.E. COLOMBIA - GIRARDOTA","2010-05-11","","31.29166834"
"I.E. COLOMBIA - GIRARDOTA","2010-05-10","","31.25000087"
"I.E. COLOMBIA - GIRARDOTA","2010-05-09","","20.20833417"
"I.E. COLOMBIA - GIRARDOTA","2010-05-08","","28.95833472"
"I.E. COLOMBIA - GIRARDOTA","2010-05-07","","50.04166945"
"I.E. COLOMBIA - GIRARDOTA","2010-05-06","","40.12500207"
"I.E. COLOMBIA - GIRARDOTA","2010-05-05","","30.50000151"
"I.E. COLOMBIA - GIRARDOTA","2010-05-04","","35.12500087"
"I.E. COLOMBIA - GIRARDOTA","2010-05-03","","40.33333453"
"I.E. COLOMBIA - GIRARDOTA","2010-05-02","","34.2083348"
"I.E. COLOMBIA - GIRARDOTA","2010-05-01","","33.6666681"
"I.E. COLOMBIA - GIRARDOTA","2010-04-30","","37.8333346"
"I.E. COLOMBIA - GIRARDOTA","2010-04-29","","43.50000078"
"I.E. COLOMBIA - GIRARDOTA","2010-04-28","","49.00000199"
"I.E. COLOMBIA - GIRARDOTA","2010-04-27","","34.09091056"
"I.E. COLOMBIA - GIRARDOTA","2010-04-26","","30.47619157"
"I.E. COLOMBIA - GIRARDOTA","2010-04-25","","29.82608803"
"I.E. COLOMBIA - GIRARDOTA","2010-04-24","","66.31818494"
"I.E. COLOMBIA - GIRARDOTA","2010-04-23","","47.33333508"
"I.E. COLOMBIA - GIRARDOTA","2010-04-22","","42.20833468"
"I.E. COLOMBIA - GIRARDOTA","2010-04-21","","32.75000181"
"I.E. COLOMBIA - GIRARDOTA","2010-04-20","","46.3333354"
"I.E. COLOMBIA - GIRARDOTA","2010-04-19","","45.04762118"
"I.E. COLOMBIA - GIRARDOTA","2010-04-18","","34.0416681"
"I.E. COLOMBIA - GIRARDOTA","2010-04-17","","47.86956679"
"I.E. COLOMBIA - GIRARDOTA","2010-04-16","","46.27272883"
"I.E. COLOMBIA - GIRARDOTA","2010-04-15","","36.20833488"
"I.E. COLOMBIA - GIRARDOTA","2010-04-14","","38.91666865"
"I.E. COLOMBIA - GIRARDOTA","2010-04-13","","39.09091056"
"I.E. COLOMBIA - GIRARDOTA","2010-04-12","","48.79166937"
"I.E. COLOMBIA - GIRARDOTA","2010-04-11","","29.45833453"
"I.E. COLOMBIA - GIRARDOTA","2010-04-10","","44.75000159"
"I.E. COLOMBIA - GIRARDOTA","2010-04-09","","34.86363784"
"I.E. COLOMBIA - GIRARDOTA","2010-04-08","","46.08333508"
"I.E. COLOMBIA - GIRARDOTA","2010-04-07","","37.80952563"
"I.E. COLOMBIA - GIRARDOTA","2010-04-06","","48.16666842"
"I.E. COLOMBIA - GIRARDOTA","2010-04-05","","49.33333556"
"I.E. COLOMBIA - GIRARDOTA","2010-04-04","","45.708335"
"I.E. COLOMBIA - GIRARDOTA","2010-04-03","","34.83333508"
"I.E. COLOMBIA - GIRARDOTA","2010-04-02","","37.25000099"
"I.E. COLOMBIA - GIRARDOTA","2010-04-01","","47.16666865"
"I.E. COLOMBIA - GIRARDOTA","2010-03-31","","52.41666961"
"I.E. COLOMBIA - GIRARDOTA","2010-03-30","","46.45833572"
"I.E. COLOMBIA - GIRARDOTA","2010-03-29","","64.5217422"
"I.E. COLOMBIA - GIRARDOTA","2010-03-28","","65.34782824"
"I.E. COLOMBIA - GIRARDOTA","2010-03-27","","76.12500254"
"I.E. COLOMBIA - GIRARDOTA","2010-03-26","","89.87500397"
"I.E. COLOMBIA - GIRARDOTA","2010-03-25","","97.87500286"
"I.E. COLOMBIA - GIRARDOTA","2010-03-24","","77.58333651"
"I.E. COLOMBIA - GIRARDOTA","2010-03-23","","60.33333524"
"I.E. COLOMBIA - GIRARDOTA","2010-03-22","","37.04166778"
"I.E. COLOMBIA - GIRARDOTA","2010-03-21","","38.37500111"
"I.E. COLOMBIA - GIRARDOTA","2010-03-20","","42.83333453"
"I.E. COLOMBIA - GIRARDOTA","2010-03-19","","45.50000175"
"I.E. COLOMBIA - GIRARDOTA","2010-03-18","","64.33333604"
"I.E. COLOMBIA - GIRARDOTA","2010-03-17","","74.87500254"
"I.E. COLOMBIA - GIRARDOTA","2010-03-16","","80.80000362"
"I.E. COLOMBIA - GIRARDOTA","2010-03-15","","70.79166985"
"I.E. COLOMBIA - GIRARDOTA","2010-03-14","","55.54166794"
"I.E. COLOMBIA - GIRARDOTA","2010-03-13","","64.72727793"
"I.E. COLOMBIA - GIRARDOTA","2010-03-12","","49.44444582"
"I.E. COLOMBIA - GIRARDOTA","2010-03-11","","46.12500215"
"I.E. COLOMBIA - GIRARDOTA","2010-03-10","","60.43478427"
"I.E. COLOMBIA - GIRARDOTA","2010-03-09","","44.33333484"
"I.E. COLOMBIA - GIRARDOTA","2010-03-08","","43.3913065"
"I.E. COLOMBIA - GIRARDOTA","2010-03-07","","42.04348017"
"I.E. COLOMBIA - GIRARDOTA","2010-03-06","","45.08000137"
"I.E. COLOMBIA - GIRARDOTA","2010-03-05","","50.70833524"
"I.E. COLOMBIA - GIRARDOTA","2010-03-04","","47.25000183"
"I.E. COLOMBIA - GIRARDOTA","2010-03-03","","43.54166905"
"I.E. COLOMBIA - GIRARDOTA","2010-03-02","","67.41667032"
"I.E. COLOMBIA - GIRARDOTA","2010-03-01","","59.27272831"
"I.E. COLOMBIA - GIRARDOTA","2010-02-27","","64.66666953"
"I.E. COLOMBIA - GIRARDOTA","2010-02-26","","48.20833548"
"I.E. COLOMBIA - GIRARDOTA","2010-02-25","","45.33333492"
"I.E. COLOMBIA - GIRARDOTA","2010-02-24","","54.50000302"
"I.E. COLOMBIA - GIRARDOTA","2010-02-23","","57.5833354"
"I.E. COLOMBIA - GIRARDOTA","2010-02-22","","66.41666921"
"I.E. COLOMBIA - GIRARDOTA","2010-02-21","","50.95652381"
"I.E. COLOMBIA - GIRARDOTA","2010-02-20","","80.65217706"
"I.E. COLOMBIA - GIRARDOTA","2010-02-19","","100.4583381"
"I.E. COLOMBIA - GIRARDOTA","2010-02-18","","91.59091187"
"I.E. COLOMBIA - GIRARDOTA","2010-02-17","","93.75000429"
"I.E. COLOMBIA - GIRARDOTA","2010-02-16","","87.45833651"
"I.E. COLOMBIA - GIRARDOTA","2010-02-15","","88.54167175"
"I.E. COLOMBIA - GIRARDOTA","2010-02-14","","56.29166937"
"I.E. COLOMBIA - GIRARDOTA","2010-02-13","","83.62500191"
"I.E. COLOMBIA - GIRARDOTA","2010-02-12","","76.8750027"
"I.E. COLOMBIA - GIRARDOTA","2010-02-11","","76.45833762"
"I.E. COLOMBIA - GIRARDOTA","2010-02-10","","90.70833604"
"I.E. COLOMBIA - GIRARDOTA","2010-02-09","","90.41666969"
"I.E. COLOMBIA - GIRARDOTA","2010-02-08","","85.87500334"
"I.E. COLOMBIA - GIRARDOTA","2010-02-07","","59.54166857"
"I.E. COLOMBIA - GIRARDOTA","2010-02-06","","90.17391819"
"I.E. COLOMBIA - GIRARDOTA","2010-02-05","","93.12500413"
"I.E. COLOMBIA - GIRARDOTA","2010-02-04","","87.25000245"
"I.E. COLOMBIA - GIRARDOTA","2010-02-03","","91.87500308"
"I.E. COLOMBIA - GIRARDOTA","2010-02-02","","78.17391696"
"I.E. COLOMBIA - GIRARDOTA","2010-02-01","","77.04167033"
"I.E. COLOMBIA - GIRARDOTA","2010-01-31","","54.54166892"
"I.E. COLOMBIA - GIRARDOTA","2010-01-30","","65.31818618"
"I.E. COLOMBIA - GIRARDOTA","2010-01-29","","67.20833633"
"I.E. COLOMBIA - GIRARDOTA","2010-01-28","","69.83333558"
"I.E. COLOMBIA - GIRARDOTA","2010-01-27","","70.54167067"
"I.E. COLOMBIA - GIRARDOTA","2010-01-26","","56.2083365"
"I.E. COLOMBIA - GIRARDOTA","2010-01-25","","85.58333767"
"I.E. COLOMBIA - GIRARDOTA","2010-01-24","","50.66666975"
"I.E. COLOMBIA - GIRARDOTA","2010-01-23","","87.62500692"
"I.E. COLOMBIA - GIRARDOTA","2010-01-22","","105.1250055"
"I.E. COLOMBIA - GIRARDOTA","2010-01-21","","120.87500625"
"I.E. COLOMBIA - GIRARDOTA","2010-01-20","","86.25000567"
"I.E. COLOMBIA - GIRARDOTA","2010-01-19","","86.25000467"
"I.E. COLOMBIA - GIRARDOTA","2010-01-18","","69.04166992"
"I.E. COLOMBIA - GIRARDOTA","2010-01-17","","53.79166967"
"I.E. COLOMBIA - GIRARDOTA","2010-01-16","","63.16666983"
"I.E. COLOMBIA - GIRARDOTA","2010-01-15","","95.62500675"
"I.E. COLOMBIA - GIRARDOTA","2010-01-14","","88.000002"
"I.E. COLOMBIA - GIRARDOTA","2010-01-13","","88.92308185"
"I.E. COLOMBIA - GIRARDOTA","2010-01-11","","38.26315968"
"I.E. COLOMBIA - GIRARDOTA","2010-01-10","","43.12500183"
"I.E. COLOMBIA - GIRARDOTA","2010-01-09","","64.41667042"
"I.E. COLOMBIA - GIRARDOTA","2010-01-08","","60.50000292"
"I.E. COLOMBIA - GIRARDOTA","2010-01-07","","89.13043765"
"I.E. COLOMBIA - GIRARDOTA","2010-01-06","","74.29167133"
"I.E. COLOMBIA - GIRARDOTA","2010-01-05","","76.95833742"
"I.E. COLOMBIA - GIRARDOTA","2010-01-04","","64.1000018"
"I.E. COLOMBIA - GIRARDOTA","2010-01-03","","42.91666833"
"I.E. COLOMBIA - GIRARDOTA","2010-01-02","","46.41666958"
"I.E. COLOMBIA - GIRARDOTA","2010-01-01","","59.50000392"
"I.E. COLOMBIA - GIRARDOTA","2009-12-31","","64.70833758"
"I.E. COLOMBIA - GIRARDOTA","2009-12-30","","71.83333517"
"I.E. COLOMBIA - GIRARDOTA","2009-12-29","","89.5416735"
"I.E. COLOMBIA - GIRARDOTA","2009-12-28","","64.33333633"
"I.E. COLOMBIA - GIRARDOTA","2009-12-27","","32.00000122"
"I.E. COLOMBIA - GIRARDOTA","2009-12-26","","33.3333355"
"I.E. COLOMBIA - GIRARDOTA","2009-12-25","","33.37500175"
"I.E. COLOMBIA - GIRARDOTA","2009-12-24","","71.04166975"
"I.E. COLOMBIA - GIRARDOTA","2009-12-23","","63.34782887"
"I.E. COLOMBIA - GIRARDOTA","2009-12-22","","94.54740291"
"I.E. COLOMBIA - GIRARDOTA","2009-12-21","","54.1473365"
"I.E. COLOMBIA - GIRARDOTA","2009-12-20","","41.95767346"
"I.E. COLOMBIA - GIRARDOTA","2009-12-19","","76.06430775"
"I.E. COLOMBIA - GIRARDOTA","2009-12-18","","61.41229475"
"I.E. COLOMBIA - GIRARDOTA","2009-12-17","","136.39194413"
"I.E. COLOMBIA - GIRARDOTA","2009-12-16","","56.538467"
"I.E. COLOMBIA - GIRARDOTA","2009-12-15","","56.538467"
"I.E. COLOMBIA - GIRARDOTA","2009-11-26","","64.39727264"
"I.E. COLOMBIA - GIRARDOTA","2009-11-25","","72.79813258"
"I.E. COLOMBIA - GIRARDOTA","2009-11-24","","55.14448742"
"I.E. COLOMBIA - GIRARDOTA","2009-11-23","","62.38909454"
"I.E. COLOMBIA - GIRARDOTA","2009-11-22","","39.251121"
"I.E. COLOMBIA - GIRARDOTA","2009-11-21","","50.78958321"
"I.E. COLOMBIA - GIRARDOTA","2009-11-20","","70.16280379"
"I.E. COLOMBIA - GIRARDOTA","2009-11-19","","50.6267825"
"I.E. COLOMBIA - GIRARDOTA","2009-11-18","","49.09035646"
"I.E. COLOMBIA - GIRARDOTA","2009-11-17","","54.58486254"
"I.E. COLOMBIA - GIRARDOTA","2009-11-16","","29.37118629"
"I.E. COLOMBIA - GIRARDOTA","2009-11-15","","34.54009129"
"I.E. COLOMBIA - GIRARDOTA","2009-11-14","","30.368337"
"I.E. COLOMBIA - GIRARDOTA","2009-11-13","","95.51892767"
"I.E. COLOMBIA - GIRARDOTA","2009-11-12","","93.23972571"
"I.E. COLOMBIA - GIRARDOTA","2009-11-11","","50.07733296"
"I.E. COLOMBIA - GIRARDOTA","2009-11-10","","43.22955196"
"I.E. COLOMBIA - GIRARDOTA","2009-11-09","","38.48799546"
"I.E. COLOMBIA - GIRARDOTA","2009-11-08","","20.71225208"
"I.E. COLOMBIA - GIRARDOTA","2009-11-07","","77.59055908"
"I.E. COLOMBIA - GIRARDOTA","2009-11-06","","61.89052"
"I.E. COLOMBIA - GIRARDOTA","2009-11-05","","39.51567163"
"I.E. COLOMBIA - GIRARDOTA","2009-11-04","","28.07896"
"I.E. COLOMBIA - GIRARDOTA","2009-11-03","","42.06959904"
"I.E. COLOMBIA - GIRARDOTA","2009-11-02","","25.13838146"
"I.E. COLOMBIA - GIRARDOTA","2009-11-01","","37.35856896"
"I.E. COLOMBIA - GIRARDOTA","2009-10-31","","49.68050746"
"I.E. COLOMBIA - GIRARDOTA","2009-10-30","","47.00447846"
"I.E. COLOMBIA - GIRARDOTA","2009-10-29","","523.21530467"
"I.E. COLOMBIA - GIRARDOTA","2009-10-28","","39.89214654"
"I.E. COLOMBIA - GIRARDOTA","2009-10-27","","92.08995008"
"I.E. COLOMBIA - GIRARDOTA","2009-10-26","","49.62963188"
"I.E. COLOMBIA - GIRARDOTA","2009-10-25","","36.41229375"
"I.E. COLOMBIA - GIRARDOTA","2009-10-24","","38.29467058"
"I.E. COLOMBIA - GIRARDOTA","2009-10-23","","148.49095618"
"I.E. COLOMBIA - GIRARDOTA","2009-10-22","","42.55800029"
"I.E. COLOMBIA - GIRARDOTA","2009-10-21","","38.956047"
"I.E. COLOMBIA - GIRARDOTA","2009-10-20","","58.99064196"
"I.E. COLOMBIA - GIRARDOTA","2009-10-19","","39.19007113"
"I.E. COLOMBIA - GIRARDOTA","2009-10-18","","30.90761213"
"I.E. COLOMBIA - GIRARDOTA","2009-10-17","","65.68579838"
"I.E. COLOMBIA - GIRARDOTA","2009-10-16","","48.4391555"
"I.E. COLOMBIA - GIRARDOTA","2009-10-15","","39.59707175"
"I.E. COLOMBIA - GIRARDOTA","2009-10-14","","67.53765017"
"I.E. COLOMBIA - GIRARDOTA","2009-10-13","","45.41717783"
"I.E. COLOMBIA - GIRARDOTA","2009-10-12","","24.66015558"
"I.E. COLOMBIA - GIRARDOTA","2009-10-11","","40.30932175"
"I.E. COLOMBIA - GIRARDOTA","2009-10-10","","57.56614071"
"I.E. COLOMBIA - GIRARDOTA","2009-10-09","","63.79324779"
"I.E. COLOMBIA - GIRARDOTA","2009-10-08","","84.18396583"
"I.E. COLOMBIA - GIRARDOTA","2009-10-07","","164.53602163"
"I.E. COLOMBIA - GIRARDOTA","2009-10-06","","39.22059633"
"I.E. COLOMBIA - GIRARDOTA","2009-10-05","","755.30728613"
"I.E. COLOMBIA - GIRARDOTA","2009-10-04","","995.0"
"I.E. COLOMBIA - GIRARDOTA","2009-10-03","","995.0"
"I.E. COLOMBIA - GIRARDOTA","2009-10-02","","408.51241579"
"I.E. COLOMBIA - GIRARDOTA","2009-10-01","","81.11111571"
"I.E. COLOMBIA - GIRARDOTA","2009-09-30","","66.43875021"
"I.E. COLOMBIA - GIRARDOTA","2009-09-29","","57.07773871"
"I.E. COLOMBIA - GIRARDOTA","2009-09-28","","52.37688492"
"I.E. COLOMBIA - GIRARDOTA","2009-09-27","","37.70452004"
"I.E. COLOMBIA - GIRARDOTA","2009-09-26","","92.41555113"
"I.E. COLOMBIA - GIRARDOTA","2009-09-25","","79.44241321"
"I.E. COLOMBIA - GIRARDOTA","2009-09-24","","59.11195862"
"I.E. COLOMBIA - GIRARDOTA","2009-09-23","","83.79731588"
"I.E. COLOMBIA - GIRARDOTA","2009-09-22","","143.3516515"
"I.E. COLOMBIA - GIRARDOTA","2009-09-18","","96.25152825"
"I.E. COLOMBIA - GIRARDOTA","2009-09-17","","122.83882992"
"I.E. COLOMBIA - GIRARDOTA","2009-09-16","","82.98331475"
"I.E. COLOMBIA - GIRARDOTA","2009-09-15","","59.06186638"
"I.E. COLOMBIA - GIRARDOTA","2009-09-14","","48.51037988"
"I.E. COLOMBIA - GIRARDOTA","2009-09-13","","23.80501213"
"I.E. COLOMBIA - GIRARDOTA","2009-09-12","","48.4900315"
"I.E. COLOMBIA - GIRARDOTA","2009-09-11","","193.22082814"
"I.E. COLOMBIA - GIRARDOTA","2009-08-18","","33.29365156"
"I.E. COLOMBIA - GIRARDOTA","2009-08-17","","27.18355858"
"I.E. COLOMBIA - GIRARDOTA","2009-08-16","","29.09646067"
"I.E. COLOMBIA - GIRARDOTA","2009-08-15","","30.36833725"
"I.E. COLOMBIA - GIRARDOTA","2009-08-14","","41.65242363"
"I.E. COLOMBIA - GIRARDOTA","2009-08-13","","36.19861863"
"I.E. COLOMBIA - GIRARDOTA","2009-08-12","","49.74155738"
"I.E. COLOMBIA - GIRARDOTA","2009-08-11","","50.11803342"
"I.E. COLOMBIA - GIRARDOTA","2009-08-10","","39.14937158"
"I.E. COLOMBIA - GIRARDOTA","2009-08-09","","26.54253283"
"I.E. COLOMBIA - GIRARDOTA","2009-08-08","","27.41758392"
"I.E. COLOMBIA - GIRARDOTA","2009-08-07","","26.70533288"
"I.E. COLOMBIA - GIRARDOTA","2009-08-06","","29.95116146"
"I.E. COLOMBIA - GIRARDOTA","2009-08-05","","42.02889979"
"I.E. COLOMBIA - GIRARDOTA","2009-08-04","","52.36671029"
"I.E. COLOMBIA - GIRARDOTA","2009-08-03","","45.00000325"
"I.E. COLOMBIA - GIRARDOTA","2009-08-02","","31.08058779"
"I.E. COLOMBIA - GIRARDOTA","2009-08-01","","32.83068979"
"I.E. COLOMBIA - GIRARDOTA","2009-07-31","","75.16890738"
"I.E. COLOMBIA - GIRARDOTA","2009-07-30","","61.00529288"
"I.E. COLOMBIA - GIRARDOTA","2009-07-29","","68.06675154"
"I.E. COLOMBIA - GIRARDOTA","2009-07-28","","765.59422125"
"I.E. COLOMBIA - GIRARDOTA","2009-07-27","","673.388279"
"I.E. COLOMBIA - GIRARDOTA","2009-07-26","","34.58079104"
"I.E. COLOMBIA - GIRARDOTA","2009-07-25","","40.50264771"
"I.E. COLOMBIA - GIRARDOTA","2009-07-24","","39.34269638"
"I.E. COLOMBIA - GIRARDOTA","2009-07-23","","37.60277038"
"I.E. COLOMBIA - GIRARDOTA","2009-07-22","","38.61009575"
"I.E. COLOMBIA - GIRARDOTA","2009-07-21","","35.73056796"
"I.E. COLOMBIA - GIRARDOTA","2009-07-20","","28.32315986"
"I.E. COLOMBIA - GIRARDOTA","2009-07-19","","32.23036392"
"I.E. COLOMBIA - GIRARDOTA","2009-07-18","","44.22670192"
"I.E. COLOMBIA - GIRARDOTA","2009-07-17","","51.603584"
"I.E. COLOMBIA - GIRARDOTA","2009-07-16","","81.63003933"
"I.E. COLOMBIA - GIRARDOTA","2009-07-15","","52.3056595"
"I.E. COLOMBIA - GIRARDOTA","2009-07-14","","58.62434033"
"I.E. COLOMBIA - GIRARDOTA","2009-07-13","","46.14977929"
"I.E. COLOMBIA - GIRARDOTA","2009-07-12","","27.93650975"
"I.E. COLOMBIA - GIRARDOTA","2009-07-11","","28.86243521"
"I.E. COLOMBIA - GIRARDOTA","2009-07-10","","74.05983092"
"I.E. COLOMBIA - GIRARDOTA","2009-07-09","","74.36508183"
"I.E. COLOMBIA - GIRARDOTA","2009-07-08","","44.5217765"
"I.E. COLOMBIA - GIRARDOTA","2009-07-07","","77.34635904"
"I.E. COLOMBIA - GIRARDOTA","2009-07-06","","49.56283043"
"I.E. COLOMBIA - GIRARDOTA","2009-07-05","","36.51404363"
"I.E. COLOMBIA - GIRARDOTA","2009-07-04","","36.91086913"
"I.E. COLOMBIA - GIRARDOTA","2009-07-03","","37.68416992"
"I.E. COLOMBIA - GIRARDOTA","2009-07-02","","35.22181754"
"I.E. COLOMBIA - GIRARDOTA","2009-07-01","","37.05332004"
"I.E. COLOMBIA - GIRARDOTA","2009-06-30","","30.39886258"
"I.E. COLOMBIA - GIRARDOTA","2009-06-29","","28.52666042"
"I.E. COLOMBIA - GIRARDOTA","2009-06-28","","36.78876908"
"I.E. COLOMBIA - GIRARDOTA","2009-06-27","","36.422468"
"I.E. COLOMBIA - GIRARDOTA","2009-06-26","","49.609282"
"I.E. COLOMBIA - GIRARDOTA","2009-06-25","","44.57265113"
"I.E. COLOMBIA - GIRARDOTA","2009-06-24","","53.54701121"
"I.E. COLOMBIA - GIRARDOTA","2009-06-23","","38.78307117"
"I.E. COLOMBIA - GIRARDOTA","2009-06-22","","25.86080738"
"I.E. COLOMBIA - GIRARDOTA","2009-06-21","","20.55962629"
"I.E. COLOMBIA - GIRARDOTA","2009-06-20","","35.10989267"
"I.E. COLOMBIA - GIRARDOTA","2009-06-19","","37.59259554"
"I.E. COLOMBIA - GIRARDOTA","2009-06-18","","46.31257913"
"I.E. COLOMBIA - GIRARDOTA","2009-06-17","","38.35572013"
"I.E. COLOMBIA - GIRARDOTA","2009-06-16","","77.88563442"
"I.E. COLOMBIA - GIRARDOTA","2009-06-15","","29.91046188"
"I.E. COLOMBIA - GIRARDOTA","2009-06-14","","29.73748645"
"I.E. COLOMBIA - GIRARDOTA","2009-06-13","","115.16687346"
"I.E. COLOMBIA - GIRARDOTA","2009-06-12","","36.80911854"
"I.E. COLOMBIA - GIRARDOTA","2009-06-11","","48.91738117"
"I.E. COLOMBIA - GIRARDOTA","2009-06-10","","43.76572961"
"I.E. COLOMBIA - GIRARDOTA","2009-06-09","","70.16280158"
"I.E. COLOMBIA - GIRARDOTA","2009-06-08","","32.19276065"
"I.E. COLOMBIA - GIRARDOTA","2009-06-07","","15.78754654"
"I.E. COLOMBIA - GIRARDOTA","2009-06-06","","24.97558146"
"I.E. COLOMBIA - GIRARDOTA","2009-06-05","","42.94464963"
"I.E. COLOMBIA - GIRARDOTA","2009-06-04","","52.65161108"
"I.E. COLOMBIA - GIRARDOTA","2009-06-03","","60.23199375"
"I.E. COLOMBIA - GIRARDOTA","2009-06-02","","52.34636013"
"I.E. COLOMBIA - GIRARDOTA","2009-06-01","","80.40903725"
"I.E. COLOMBIA - GIRARDOTA","2009-05-31","","27.01058354"
"I.E. COLOMBIA - GIRARDOTA","2009-05-30","","41.91697342"
"I.E. COLOMBIA - GIRARDOTA","2009-05-29","","38.83394604"
"I.E. COLOMBIA - GIRARDOTA","2009-05-28","","55.78551392"
"I.E. COLOMBIA - GIRARDOTA","2009-05-27","","42.48677442"
"I.E. COLOMBIA - GIRARDOTA","2009-05-26","","36.70515648"
"I.E. COLOMBIA - GIRARDOTA","2009-05-25","","22.02482792"
"I.E. COLOMBIA - GIRARDOTA","2009-05-24","","24.23280546"
"I.E. COLOMBIA - GIRARDOTA","2009-05-23","","51.88848313"
"I.E. COLOMBIA - GIRARDOTA","2009-05-22","","45.33577775"
"I.E. COLOMBIA - GIRARDOTA","2009-05-21","","49.72120646"
"I.E. COLOMBIA - GIRARDOTA","2009-05-20","","41.70329958"
"I.E. COLOMBIA - GIRARDOTA","2009-05-19","","38.345546"
"I.E. COLOMBIA - GIRARDOTA","2009-05-18","","37.66381913"
"I.E. COLOMBIA - GIRARDOTA","2009-05-17","","27.72283443"
"I.E. COLOMBIA - GIRARDOTA","2009-05-16","","45.9869785"
"I.E. COLOMBIA - GIRARDOTA","2009-05-15","","36.18490396"
"I.E. COLOMBIA - GIRARDOTA","2009-05-14","","38.25397071"
"I.E. COLOMBIA - GIRARDOTA","2009-05-13","","34.464885"
"I.E. COLOMBIA - GIRARDOTA","2009-05-12","","36.11721775"
"I.E. COLOMBIA - GIRARDOTA","2009-05-11","","33.64469042"
"I.E. COLOMBIA - GIRARDOTA","2009-05-10","","26.45095802"
"I.E. COLOMBIA - GIRARDOTA","2009-05-09","","31.84371367"
"I.E. COLOMBIA - GIRARDOTA","2009-05-08","","38.88482121"
"I.E. COLOMBIA - GIRARDOTA","2009-05-07","","90.28897329"
"I.E. COLOMBIA - GIRARDOTA","2009-05-06","","45.43752817"
"I.E. COLOMBIA - GIRARDOTA","2009-05-05","","34.01099067"
"I.E. COLOMBIA - GIRARDOTA","2009-05-04","","24.3142059"
"I.E. COLOMBIA - GIRARDOTA","2009-05-03","","33.91941592"
"I.E. COLOMBIA - GIRARDOTA","2009-05-02","","43.42287575"
"I.E. COLOMBIA - GIRARDOTA","2009-05-01","","21.40415221"
"I.E. COLOMBIA - GIRARDOTA","2009-04-30","","43.40252583"
"I.E. COLOMBIA - GIRARDOTA","2009-04-29","","79.04558658"
"I.E. COLOMBIA - GIRARDOTA","2009-04-28","","63.05047067"
"I.E. COLOMBIA - GIRARDOTA","2009-04-27","","52.47586027"
"I.E. COLOMBIA - GIRARDOTA","2009-04-26","","77.37688358"
"I.E. COLOMBIA - GIRARDOTA","2009-04-25","","52.81440983"
"I.E. COLOMBIA - GIRARDOTA","2009-04-24","","50.99163076"
"I.E. COLOMBIA - GIRARDOTA","2009-04-23","","31.70126358"
"I.E. COLOMBIA - GIRARDOTA","2009-04-22","","45.915754"
"I.E. COLOMBIA - GIRARDOTA","2009-04-21","","35.17094238"
"I.E. COLOMBIA - GIRARDOTA","2009-04-20","","38.72202108"
"I.E. COLOMBIA - GIRARDOTA","2009-04-19","","35.4660175"
"I.E. COLOMBIA - GIRARDOTA","2009-04-18","","37.002445"
"I.E. COLOMBIA - GIRARDOTA","2009-04-17","","89.52584725"
"I.E. COLOMBIA - GIRARDOTA","2009-04-16","","45.44770375"
"I.E. COLOMBIA - GIRARDOTA","2009-04-15","","49.12088267"
"I.E. COLOMBIA - GIRARDOTA","2009-04-14","","42.96500117"
"I.E. COLOMBIA - GIRARDOTA","2009-04-13","","47.41147996"
"I.E. COLOMBIA - GIRARDOTA","2009-04-12","","29.5441615"
"I.E. COLOMBIA - GIRARDOTA","2009-04-11","","26.91900858"
"I.E. COLOMBIA - GIRARDOTA","2009-04-10","","34.36711704"
"I.E. COLOMBIA - GIRARDOTA","2009-04-09","","47.72690592"
"I.E. COLOMBIA - GIRARDOTA","2009-04-08","","186.7495225"
"I.E. COLOMBIA - GIRARDOTA","2009-02-28","","52.59637393"
"I.E. COLOMBIA - GIRARDOTA","2009-02-27","","57.63736504"
"I.E. COLOMBIA - GIRARDOTA","2009-02-26","","52.96703525"
"I.E. COLOMBIA - GIRARDOTA","2009-02-25","","50.54538367"
"I.E. COLOMBIA - GIRARDOTA","2009-02-24","","59.89621879"
"I.E. COLOMBIA - GIRARDOTA","2009-02-23","","52.83475963"
"I.E. COLOMBIA - GIRARDOTA","2009-02-22","","41.30647496"
"I.E. COLOMBIA - GIRARDOTA","2009-02-21","","90.62474867"
"I.E. COLOMBIA - GIRARDOTA","2009-02-20","","88.15221971"
"I.E. COLOMBIA - GIRARDOTA","2009-02-19","","56.65038958"
"I.E. COLOMBIA - GIRARDOTA","2009-02-18","","66.39804963"
"I.E. COLOMBIA - GIRARDOTA","2009-02-17","","95.95645438"
"I.E. COLOMBIA - GIRARDOTA","2009-02-16","","43.99267696"
"I.E. COLOMBIA - GIRARDOTA","2009-02-15","","40.31949833"
"I.E. COLOMBIA - GIRARDOTA","2009-02-14","","88.06064525"
"I.E. COLOMBIA - GIRARDOTA","2009-02-13","","43.88656419"
"I.E. COLOMBIA - GIRARDOTA","2009-02-12","","34.59096633"
"I.E. COLOMBIA - GIRARDOTA","2009-02-11","","41.04192346"
"I.E. COLOMBIA - GIRARDOTA","2009-02-10","","45.21367783"
"I.E. COLOMBIA - GIRARDOTA","2009-02-09","","39.30199704"
"I.E. COLOMBIA - GIRARDOTA","2009-02-08","","41.50997425"
"I.E. COLOMBIA - GIRARDOTA","2009-02-07","","42.75132471"
"I.E. COLOMBIA - GIRARDOTA","2009-02-06","","45.92592817"
"I.E. COLOMBIA - GIRARDOTA","2009-02-05","","44.91860229"
"I.E. COLOMBIA - GIRARDOTA","2009-02-04","","34.356941"
"I.E. COLOMBIA - GIRARDOTA","2009-02-03","","44.09442633"
"I.E. COLOMBIA - GIRARDOTA","2009-02-02","","42.39520017"
"I.E. COLOMBIA - GIRARDOTA","2009-02-01","","36.05616779"
"I.E. COLOMBIA - GIRARDOTA","2009-01-31","","45.74277808"
"I.E. COLOMBIA - GIRARDOTA","2009-01-30","","38.16239617"
"I.E. COLOMBIA - GIRARDOTA","2009-01-29","","59.18803785"
"I.E. COLOMBIA - GIRARDOTA","2009-01-28","","51.66882559"
"I.E. COLOMBIA - GIRARDOTA","2009-01-27","","53.79799611"
"I.E. COLOMBIA - GIRARDOTA","2009-01-26","","48.86650629"
"I.E. COLOMBIA - GIRARDOTA","2009-01-25","","76.54164848"
"I.E. COLOMBIA - GIRARDOTA","2009-01-24","","39.59707167"
"I.E. COLOMBIA - GIRARDOTA","2009-01-23","","48.5103805"
"I.E. COLOMBIA - GIRARDOTA","2009-01-22","","43.15832642"
"I.E. COLOMBIA - GIRARDOTA","2009-01-21","","47.19780475"
"I.E. COLOMBIA - GIRARDOTA","2009-01-20","","37.56206913"
"I.E. COLOMBIA - GIRARDOTA","2009-01-19","","42.8429005"
"I.E. COLOMBIA - GIRARDOTA","2009-01-18","","47.6455045"
"I.E. COLOMBIA - GIRARDOTA","2009-01-17","","44.17582621"
"I.E. COLOMBIA - GIRARDOTA","2009-01-16","","53.68946154"
"I.E. COLOMBIA - GIRARDOTA","2009-01-15","","65.29914846"
"I.E. COLOMBIA - GIRARDOTA","2009-01-14","","51.43060913"
"I.E. COLOMBIA - GIRARDOTA","2009-01-13","","41.72364971"
"I.E. COLOMBIA - GIRARDOTA","2009-01-12","","35.43549304"
"I.E. COLOMBIA - GIRARDOTA","2009-01-11","","36.61579379"
"I.E. COLOMBIA - GIRARDOTA","2009-01-10","","45.67155421"
"I.E. COLOMBIA - GIRARDOTA","2009-01-09","","59.06186575"
"I.E. COLOMBIA - GIRARDOTA","2009-01-08","","61.08669388"
"I.E. COLOMBIA - GIRARDOTA","2009-01-07","","46.79080467"
"I.E. COLOMBIA - GIRARDOTA","2009-01-06","","83.47171567"
"I.E. COLOMBIA - GIRARDOTA","2009-01-05","","41.92714954"
"I.E. COLOMBIA - GIRARDOTA","2009-01-04","","22.218153"
"I.E. COLOMBIA - GIRARDOTA","2009-01-03","","29.08186178"
"I.E. COLOMBIA - GIRARDOTA","2009-01-02","","33.41066521"
"I.E. COLOMBIA - GIRARDOTA","2009-01-01","","32.0777385"
"I.E. COLOMBIA - GIRARDOTA","2008-12-31","","25.76923225"
"I.E. COLOMBIA - GIRARDOTA","2008-12-30","","40.61457258"
"I.E. COLOMBIA - GIRARDOTA","2008-12-29","","32.87138996"
"I.E. COLOMBIA - GIRARDOTA","2008-12-28","","32.90191483"
"I.E. COLOMBIA - GIRARDOTA","2008-12-27","","39.05779696"
"I.E. COLOMBIA - GIRARDOTA","2008-12-26","","35.51398586"
"I.E. COLOMBIA - GIRARDOTA","2008-12-23","","39.200245"
"I.E. COLOMBIA - GIRARDOTA","2008-12-22","","38.64062142"
"I.E. COLOMBIA - GIRARDOTA","2008-12-21","","35.46601758"
"I.E. COLOMBIA - GIRARDOTA","2008-12-20","","50.07733229"
"I.E. COLOMBIA - GIRARDOTA","2008-12-19","","49.51770713"
"I.E. COLOMBIA - GIRARDOTA","2008-12-18","","62.01704474"
"I.E. COLOMBIA - GIRARDOTA","2008-12-17","","52.53570335"
"I.E. COLOMBIA - GIRARDOTA","2008-12-16","","49.9959335"
"I.E. COLOMBIA - GIRARDOTA","2008-12-15","","38.99674579"
"I.E. COLOMBIA - GIRARDOTA","2008-12-14","","33.08506479"
"I.E. COLOMBIA - GIRARDOTA","2008-12-13","","37.86732058"
"I.E. COLOMBIA - GIRARDOTA","2008-12-12","","50.86080896"
"I.E. COLOMBIA - GIRARDOTA","2008-12-11","","59.39764213"
"I.E. COLOMBIA - GIRARDOTA","2008-12-10","","39.10867138"
"I.E. COLOMBIA - GIRARDOTA","2008-12-09","","35.51689279"
"I.E. COLOMBIA - GIRARDOTA","2008-12-08","","25.72853217"
"I.E. COLOMBIA - GIRARDOTA","2008-12-07","","41.61172421"
"I.E. COLOMBIA - GIRARDOTA","2008-12-06","","38.88172539"
"I.E. COLOMBIA - GIRARDOTA","2008-12-05","","41.77452354"
"I.E. COLOMBIA - GIRARDOTA","2008-12-04","","60.59829458"
"I.E. COLOMBIA - GIRARDOTA","2008-12-03","","41.03705704"
"I.E. COLOMBIA - GIRARDOTA","2008-12-02","","43.66707642"
"I.E. COLOMBIA - GIRARDOTA","2008-12-01","","31.22303792"
"I.E. COLOMBIA - GIRARDOTA","2008-11-30","","28.18070975"
"I.E. COLOMBIA - GIRARDOTA","2008-11-29","","31.48758829"
"I.E. COLOMBIA - GIRARDOTA","2008-11-28","","32.22019021"
"I.E. COLOMBIA - GIRARDOTA","2008-11-27","","43.68079048"
"I.E. COLOMBIA - GIRARDOTA","2008-11-26","","54.22873592"
"I.E. COLOMBIA - GIRARDOTA","2008-11-25","","55.60606245"
"I.E. COLOMBIA - GIRARDOTA","2008-11-24","","52.42036032"
"I.E. COLOMBIA - GIRARDOTA","2008-11-23","","27.5954254"
"I.E. COLOMBIA - GIRARDOTA","2008-11-22","","26.34920768"
"I.E. COLOMBIA - GIRARDOTA","2008-11-21","","23.02752902"
"I.E. COLOMBIA - GIRARDOTA","2008-11-20","","15.757021"
"I.E. COLOMBIA - GIRARDOTA","2008-11-19","","30.41921171"
"I.E. COLOMBIA - GIRARDOTA","2008-11-18","","35.05901675"
"I.E. COLOMBIA - GIRARDOTA","2008-11-17","","33.13594"
"I.E. COLOMBIA - GIRARDOTA","2008-11-16","","36.73789354"
"I.E. COLOMBIA - GIRARDOTA","2008-11-15","","31.81318825"
"I.E. COLOMBIA - GIRARDOTA","2008-11-14","","55.93813871"
"I.E. COLOMBIA - GIRARDOTA","2008-11-13","","67.38502533"
"I.E. COLOMBIA - GIRARDOTA","2008-11-12","","45.11192783"
"I.E. COLOMBIA - GIRARDOTA","2008-11-11","","40.77737279"
"I.E. COLOMBIA - GIRARDOTA","2008-11-10","","34.07204033"
"I.E. COLOMBIA - GIRARDOTA","2008-11-09","","31.76231325"
"I.E. COLOMBIA - GIRARDOTA","2008-11-08","","32.74928979"
"I.E. COLOMBIA - GIRARDOTA","2008-11-07","","41.16402317"
"I.E. COLOMBIA - GIRARDOTA","2008-11-06","","31.74196346"
"I.E. COLOMBIA - GIRARDOTA","2008-11-05","","32.128614"
"I.E. COLOMBIA - GIRARDOTA","2008-11-04","","34.24501583"
"I.E. COLOMBIA - GIRARDOTA","2008-11-03","","21.09890229"
"I.E. COLOMBIA - GIRARDOTA","2008-11-02","","30.39841991"
"I.E. COLOMBIA - GIRARDOTA","2008-11-01","","36.56713122"
"I.E. COLOMBIA - GIRARDOTA","2008-10-31","","46.90272908"
"I.E. COLOMBIA - GIRARDOTA","2008-10-30","","34.01099088"
"I.E. COLOMBIA - GIRARDOTA","2008-10-29","","30.40903675"
"I.E. COLOMBIA - GIRARDOTA","2008-10-28","","24.41595592"
"I.E. COLOMBIA - GIRARDOTA","2008-10-27","","32.56613958"
"I.E. COLOMBIA - GIRARDOTA","2008-10-26","","25.52503213"
"I.E. COLOMBIA - GIRARDOTA","2008-10-25","","38.019945"
"I.E. COLOMBIA - GIRARDOTA","2008-10-24","","29.2411227"
"I.E. COLOMBIA - GIRARDOTA","2008-10-23","","39.42409663"
"I.E. COLOMBIA - GIRARDOTA","2008-10-22","","32.36263904"
"I.E. COLOMBIA - GIRARDOTA","2008-10-21","","34.93691733"
"I.E. COLOMBIA - GIRARDOTA","2008-10-20","","29.03541008"
"I.E. COLOMBIA - GIRARDOTA","2008-10-19","","28.08382617"
"I.E. COLOMBIA - GIRARDOTA","2008-10-18","","40.10582167"
"I.E. COLOMBIA - GIRARDOTA","2008-10-17","","35.781445"
"I.E. COLOMBIA - GIRARDOTA","2008-10-16","","33.55311604"
"I.E. COLOMBIA - GIRARDOTA","2008-10-15","","47.4542156"
"I.E. COLOMBIA - GIRARDOTA","2008-10-14","","32.34140422"
"I.E. COLOMBIA - GIRARDOTA","2008-10-13","","30.81249843"
"I.E. COLOMBIA - GIRARDOTA","2008-10-12","","19.86595661"
"I.E. COLOMBIA - GIRARDOTA","2008-10-11","","36.58526808"
"I.E. COLOMBIA - GIRARDOTA","2008-10-10","","44.78196614"
"I.E. COLOMBIA - GIRARDOTA","2008-10-04","","44.7924323"
"I.E. COLOMBIA - GIRARDOTA","2008-10-03","","42.37484946"
"I.E. COLOMBIA - GIRARDOTA","2008-10-02","","45.47822729"
"I.E. COLOMBIA - GIRARDOTA","2008-10-01","","39.28164688"
"I.E. COLOMBIA - GIRARDOTA","2008-09-30","","38.93569567"
"I.E. COLOMBIA - GIRARDOTA","2008-09-29","","38.18274517"
"I.E. COLOMBIA - GIRARDOTA","2008-09-28","","27.83475913"
"I.E. COLOMBIA - GIRARDOTA","2008-09-27","","36.91086867"
"I.E. COLOMBIA - GIRARDOTA","2008-09-26","","42.60887563"
"I.E. COLOMBIA - GIRARDOTA","2008-09-25","","42.74114941"
"I.E. COLOMBIA - GIRARDOTA","2008-09-24","","49.33455675"
"I.E. COLOMBIA - GIRARDOTA","2008-09-23","","41.58119879"
"I.E. COLOMBIA - GIRARDOTA","2008-09-22","","36.71754413"
"I.E. COLOMBIA - GIRARDOTA","2008-09-21","","32.12953909"
"I.E. COLOMBIA - GIRARDOTA","2008-09-20","","54.83923796"
"I.E. COLOMBIA - GIRARDOTA","2008-09-19","","52.41758563"
"I.E. COLOMBIA - GIRARDOTA","2008-09-18","","52.80423642"
"I.E. COLOMBIA - GIRARDOTA","2008-09-17","","49.77208254"
"I.E. COLOMBIA - GIRARDOTA","2008-09-16","","42.07977467"
"I.E. COLOMBIA - GIRARDOTA","2008-09-15","","50.39275696"
"I.E. COLOMBIA - GIRARDOTA","2008-09-14","","52.10215954"
"I.E. COLOMBIA - GIRARDOTA","2008-09-13","","66.11314958"
"I.E. COLOMBIA - GIRARDOTA","2008-09-12","","60.54122435"
"I.E. COLOMBIA - GIRARDOTA","2008-09-11","","68.50427675"
"I.E. COLOMBIA - GIRARDOTA","2008-09-10","","51.55270967"
"I.E. COLOMBIA - GIRARDOTA","2008-09-09","","46.92307854"
"I.E. COLOMBIA - GIRARDOTA","2008-09-08","","44.82702729"
"I.E. COLOMBIA - GIRARDOTA","2008-09-07","","37.002445"
"I.E. COLOMBIA - GIRARDOTA","2008-09-06","","34.49939075"
"I.E. COLOMBIA - GIRARDOTA","2008-09-05","","40.20757204"
"I.E. COLOMBIA - GIRARDOTA","2008-09-04","","58.94994108"
"I.E. COLOMBIA - GIRARDOTA","2008-09-03","","51.19658513"
"I.E. COLOMBIA - GIRARDOTA","2008-09-02","","53.50631063"
"I.E. COLOMBIA - GIRARDOTA","2008-09-01","","27.24460896"
"I.E. COLOMBIA - GIRARDOTA","2008-08-31","","28.05860971"
"I.E. COLOMBIA - GIRARDOTA","2008-08-30","","34.2551913"
"I.E. COLOMBIA - GIRARDOTA","2008-08-29","","50.6776587"
"I.E. COLOMBIA - GIRARDOTA","2008-08-28","","50.22110922"
"I.E. COLOMBIA - GIRARDOTA","2008-08-27","","60.70004271"
"I.E. COLOMBIA - GIRARDOTA","2008-08-26","","42.58648987"
"I.E. COLOMBIA - GIRARDOTA","2008-08-25","","44.51160213"
"I.E. COLOMBIA - GIRARDOTA","2008-08-24","","32.06756396"
"I.E. COLOMBIA - GIRARDOTA","2008-08-23","","43.80952625"
"I.E. COLOMBIA - GIRARDOTA","2008-08-22","","41.30647396"
"I.E. COLOMBIA - GIRARDOTA","2008-08-21","","53.82173604"
"I.E. COLOMBIA - GIRARDOTA","2008-08-20","","47.68065532"
"I.E. COLOMBIA - GIRARDOTA","2008-08-19","","34.51604141"
"I.E. COLOMBIA - GIRARDOTA","2008-08-18","","22.18392832"
"I.E. COLOMBIA - GIRARDOTA","2008-08-17","","33.43934141"
"I.E. COLOMBIA - GIRARDOTA","2008-08-16","","37.13471933"
"I.E. COLOMBIA - GIRARDOTA","2008-08-15","","34.316241"
"I.E. COLOMBIA - GIRARDOTA","2008-08-14","","40.11599717"
"I.E. COLOMBIA - GIRARDOTA","2008-08-13","","39.61742167"
"I.E. COLOMBIA - GIRARDOTA","2008-08-12","","35.46747086"
"I.E. COLOMBIA - GIRARDOTA","2008-08-11","","30.53113767"
"I.E. COLOMBIA - GIRARDOTA","2008-08-10","","30.02238708"
"I.E. COLOMBIA - GIRARDOTA","2008-08-09","","51.01343388"
"I.E. COLOMBIA - GIRARDOTA","2008-08-08","","49.68050642"
"I.E. COLOMBIA - GIRARDOTA","2008-08-07","","30.653236"
"I.E. COLOMBIA - GIRARDOTA","2008-08-06","","36.35124333"
"I.E. COLOMBIA - GIRARDOTA","2008-08-05","","32.62718958"
"I.E. COLOMBIA - GIRARDOTA","2008-08-04","","37.04314392"
"I.E. COLOMBIA - GIRARDOTA","2008-08-03","","25.03663104"
"I.E. COLOMBIA - GIRARDOTA","2008-08-02","","32.02686396"
"I.E. COLOMBIA - GIRARDOTA","2008-08-01","","39.85144721"
"I.E. COLOMBIA - GIRARDOTA","2008-07-31","","31.36548775"
"I.E. COLOMBIA - GIRARDOTA","2008-07-30","","33.35979029"
"I.E. COLOMBIA - GIRARDOTA","2008-07-29","","33.10541483"
"I.E. COLOMBIA - GIRARDOTA","2008-07-28","","31.2739136"
"I.E. COLOMBIA - GIRARDOTA","2008-07-27","","25.759057"
"I.E. COLOMBIA - GIRARDOTA","2008-07-26","","33.65486479"
"I.E. COLOMBIA - GIRARDOTA","2008-07-25","","44.70585136"
"I.E. COLOMBIA - GIRARDOTA","2008-07-24","","72.279206"
"I.E. COLOMBIA - GIRARDOTA","2008-07-23","","55.52096313"
"I.E. COLOMBIA - GIRARDOTA","2008-07-22","","48.56479557"
"I.E. COLOMBIA - GIRARDOTA","2008-07-21","","38.28449542"
"I.E. COLOMBIA - GIRARDOTA","2008-07-20","","24.60928117"
"I.E. COLOMBIA - GIRARDOTA","2008-07-19","","33.09524025"
"I.E. COLOMBIA - GIRARDOTA","2008-07-18","","51.2881585"
"I.E. COLOMBIA - GIRARDOTA","2008-07-17","","35.21164275"
"I.E. COLOMBIA - GIRARDOTA","2008-07-16","","40.56369742"
"I.E. COLOMBIA - GIRARDOTA","2008-07-15","","41.31664771"
"I.E. COLOMBIA - GIRARDOTA","2008-07-14","","29.71713654"
"I.E. COLOMBIA - GIRARDOTA","2008-07-13","","18.96214958"
"I.E. COLOMBIA - GIRARDOTA","2008-07-12","","29.33048588"
"I.E. COLOMBIA - GIRARDOTA","2008-07-11","","53.23158596"
"I.E. COLOMBIA - GIRARDOTA","2008-07-10","","38.34554442"
"I.E. COLOMBIA - GIRARDOTA","2008-07-09","","27.57020888"
"I.E. COLOMBIA - GIRARDOTA","2008-07-08","","33.23769008"
"I.E. COLOMBIA - GIRARDOTA","2008-07-07","","26.013432"
"I.E. COLOMBIA - GIRARDOTA","2008-07-06","","26.15588279"
"I.E. COLOMBIA - GIRARDOTA","2008-07-05","","25.31135643"
"I.E. COLOMBIA - GIRARDOTA","2008-07-04","","35.5982925"
"I.E. COLOMBIA - GIRARDOTA","2008-07-03","","34.682541"
"I.E. COLOMBIA - GIRARDOTA","2008-07-02","","33.81427394"
"I.E. COLOMBIA - GIRARDOTA","2008-07-01","","32.80016483"
"I.E. COLOMBIA - GIRARDOTA","2008-06-30","","23.57142958"
"I.E. COLOMBIA - GIRARDOTA","2008-06-29","","37.3952893"
"I.E. COLOMBIA - GIRARDOTA","2008-06-28","","34.34676688"
"I.E. COLOMBIA - GIRARDOTA","2008-06-27","","43.89313796"
"I.E. COLOMBIA - GIRARDOTA","2008-06-26","","37.21611892"
"I.E. COLOMBIA - GIRARDOTA","2008-06-25","","45.50875238"
"I.E. COLOMBIA - GIRARDOTA","2008-06-24","","25.73870675"
"I.E. COLOMBIA - GIRARDOTA","2008-06-23","","26.64428283"
"I.E. COLOMBIA - GIRARDOTA","2008-06-22","","29.48311154"
"I.E. COLOMBIA - GIRARDOTA","2008-06-21","","42.80219975"
"I.E. COLOMBIA - GIRARDOTA","2008-06-20","","40.665447"
"I.E. COLOMBIA - GIRARDOTA","2008-06-19","","36.45299354"
"I.E. COLOMBIA - GIRARDOTA","2008-06-18","","34.23130148"
"I.E. COLOMBIA - GIRARDOTA","2008-06-17","","53.30015557"
"I.E. COLOMBIA - GIRARDOTA","2008-06-16","","28.37049584"
"I.E. COLOMBIA - GIRARDOTA","2008-06-15","","43.00569979"
"I.E. COLOMBIA - GIRARDOTA","2008-06-14","","46.26170213"
"I.E. COLOMBIA - GIRARDOTA","2008-06-13","","34.70289133"
"I.E. COLOMBIA - GIRARDOTA","2008-06-12","","57.51526618"
"I.E. COLOMBIA - GIRARDOTA","2008-06-11","","51.60358429"
"I.E. COLOMBIA - GIRARDOTA","2008-06-10","","34.44851621"
"I.E. COLOMBIA - GIRARDOTA","2008-06-09","","28.98453508"
"I.E. COLOMBIA - GIRARDOTA","2008-06-08","","4.76801"
"I.E. COLOMBIA - GIRARDOTA","2008-06-07","","40.17704708"
"I.E. COLOMBIA - GIRARDOTA","2008-06-06","","40.13634683"
"I.E. COLOMBIA - GIRARDOTA","2008-06-05","","31.52386409"
"I.E. COLOMBIA - GIRARDOTA","2008-06-04","","35.77126713"
"I.E. COLOMBIA - GIRARDOTA","2008-06-03","","35.21164242"
"I.E. COLOMBIA - GIRARDOTA","2008-06-02","","24.01913029"
"I.E. COLOMBIA - GIRARDOTA","2008-06-01","","28.59788518"
"I.E. COLOMBIA - GIRARDOTA","2008-05-31","","48.85633233"
"I.E. COLOMBIA - GIRARDOTA","2008-05-30","","43.87057583"
"I.E. COLOMBIA - GIRARDOTA","2008-05-29","","46.33292817"
"I.E. COLOMBIA - GIRARDOTA","2008-05-28","","42.13065"
"I.E. COLOMBIA - GIRARDOTA","2008-05-27","","43.98250146"
"I.E. COLOMBIA - GIRARDOTA","2008-05-26","","29.11681063"
"I.E. COLOMBIA - GIRARDOTA","2008-05-25","","19.88807583"
"I.E. COLOMBIA - GIRARDOTA","2008-05-24","","29.58486133"
"I.E. COLOMBIA - GIRARDOTA","2008-05-23","","45.63085308"
"I.E. COLOMBIA - GIRARDOTA","2008-05-22","","62.08384438"
"I.E. COLOMBIA - GIRARDOTA","2008-05-21","","30.64306229"
"I.E. COLOMBIA - GIRARDOTA","2008-05-20","","28.43508529"
"I.E. COLOMBIA - GIRARDOTA","2008-05-19","","44.29659901"
"I.E. COLOMBIA - GIRARDOTA","2008-05-18","","44.7659765"
"I.E. COLOMBIA - GIRARDOTA","2008-05-17","","36.98209388"
"I.E. COLOMBIA - GIRARDOTA","2008-05-16","","35.38461754"
"I.E. COLOMBIA - GIRARDOTA","2008-05-15","","36.78876958"
"I.E. COLOMBIA - GIRARDOTA","2008-05-14","","44.61335225"
"I.E. COLOMBIA - GIRARDOTA","2008-05-13","","53.03472196"
"I.E. COLOMBIA - GIRARDOTA","2008-05-12","","39.73952183"
"I.E. COLOMBIA - GIRARDOTA","2008-05-11","","41.33699963"
"I.E. COLOMBIA - GIRARDOTA","2008-05-10","","58.34961654"
"I.E. COLOMBIA - GIRARDOTA","2008-05-09","","54.58486242"
"I.E. COLOMBIA - GIRARDOTA","2008-05-08","","71.11925567"
"I.E. COLOMBIA - GIRARDOTA","2008-05-07","","45.38665321"
"I.E. COLOMBIA - GIRARDOTA","2008-05-06","","40.97069846"
"I.E. COLOMBIA - GIRARDOTA","2008-05-05","","27.90598446"
"I.E. COLOMBIA - GIRARDOTA","2008-05-04","","24.61945608"
"I.E. COLOMBIA - GIRARDOTA","2008-05-03","","29.16768538"
"I.E. COLOMBIA - GIRARDOTA","2008-05-02","","40.91982308"
"I.E. COLOMBIA - GIRARDOTA","2008-05-01","","28.99471033"
"I.E. COLOMBIA - GIRARDOTA","2008-04-30","","46.73860274"
"I.E. COLOMBIA - GIRARDOTA","2008-04-29","","47.94058071"
"I.E. COLOMBIA - GIRARDOTA","2008-04-28","","60.08954317"
"I.E. COLOMBIA - GIRARDOTA","2008-04-27","","39.85144717"
"I.E. COLOMBIA - GIRARDOTA","2008-04-26","","38.49817063"
"I.E. COLOMBIA - GIRARDOTA","2008-04-25","","56.12128775"
"I.E. COLOMBIA - GIRARDOTA","2008-04-24","","39.77004663"
"I.E. COLOMBIA - GIRARDOTA","2008-04-23","","61.42246771"
"I.E. COLOMBIA - GIRARDOTA","2008-04-22","","94.11477858"
"I.E. COLOMBIA - GIRARDOTA","2008-04-21","","66.225074"
"I.E. COLOMBIA - GIRARDOTA","2008-04-20","","40.75702317"
"I.E. COLOMBIA - GIRARDOTA","2008-04-19","","66.61172396"
"I.E. COLOMBIA - GIRARDOTA","2008-04-18","","77.93252904"
"I.E. COLOMBIA - GIRARDOTA","2008-04-17","","84.46886838"
"I.E. COLOMBIA - GIRARDOTA","2008-04-16","","58.58364046"
"I.E. COLOMBIA - GIRARDOTA","2008-04-15","","51.68498442"
"I.E. COLOMBIA - GIRARDOTA","2008-04-14","","66.41840046"
"I.E. COLOMBIA - GIRARDOTA","2008-04-13","","133.21735"
"I.E. COLOMBIA - GIRARDOTA","2008-04-12","","68.86040138"
"I.E. COLOMBIA - GIRARDOTA","2008-04-11","","76.07448388"
"I.E. COLOMBIA - GIRARDOTA","2008-04-10","","64.69882325"
"I.E. COLOMBIA - GIRARDOTA","2008-04-09","","51.72106073"
"I.E. COLOMBIA - GIRARDOTA","2008-04-08","","75.71536794"
"I.E. COLOMBIA - GIRARDOTA","2008-04-07","","75.84045692"
"I.E. COLOMBIA - GIRARDOTA","2008-04-06","","47.48270513"
"I.E. COLOMBIA - GIRARDOTA","2008-04-05","","57.40333771"
"I.E. COLOMBIA - GIRARDOTA","2008-04-04","","56.64311933"
"I.E. COLOMBIA - GIRARDOTA","2008-04-03","","77.83476538"
"I.E. COLOMBIA - GIRARDOTA","2008-04-02","","48.25785636"
"I.E. COLOMBIA - GIRARDOTA","2008-01-17","","56.1721625"
"I.E. COLOMBIA - GIRARDOTA","2008-01-16","","54.32031167"
"I.E. COLOMBIA - GIRARDOTA","2008-01-15","","56.68091333"
"I.E. COLOMBIA - GIRARDOTA","2008-01-14","","50.7488825"
"I.E. COLOMBIA - GIRARDOTA","2008-01-13","","36.8192925"
"I.E. COLOMBIA - GIRARDOTA","2008-01-12","","42.93447375"
"I.E. COLOMBIA - GIRARDOTA","2008-01-11","","32.08791375"
"I.E. COLOMBIA - GIRARDOTA","2008-01-10","","45.67155042"
"I.E. COLOMBIA - GIRARDOTA","2008-01-09","","33.35978875"
"I.E. COLOMBIA - GIRARDOTA","2008-01-08","","45.13227625"
"I.E. COLOMBIA - GIRARDOTA","2008-01-07","","41.76434792"
"I.E. COLOMBIA - GIRARDOTA","2008-01-06","","39.70899542"
"I.E. COLOMBIA - GIRARDOTA","2008-01-05","","55.4599125"
"I.E. COLOMBIA - GIRARDOTA","2008-01-04","","38.121695"
"I.E. COLOMBIA - GIRARDOTA","2008-01-03","","39.68864542"
"I.E. COLOMBIA - GIRARDOTA","2008-01-02","","35.954415"
"I.E. COLOMBIA - GIRARDOTA","2008-01-01","","47.77910609"
