"Estacion","Fecha inicial","Fecha final","DViento"
"UNIVERSIDAD DE MEDELLÍN","2025-10-31","","220.9726087"
"UNIVERSIDAD DE MEDELLÍN","2025-10-30","","203.865"
"UNIVERSIDAD DE MEDELLÍN","2025-10-29","","198.71129167"
"UNIVERSIDAD DE MEDELLÍN","2025-10-28","","193.78345833"
"UNIVERSIDAD DE MEDELLÍN","2025-10-27","","214.01741667"
"UNIVERSIDAD DE MEDELLÍN","2025-10-26","","185.533125"
"UNIVERSIDAD DE MEDELLÍN","2025-10-25","","197.76308333"
"UNIVERSIDAD DE MEDELLÍN","2025-10-24","","197.20908333"
"UNIVERSIDAD DE MEDELLÍN","2025-10-23","","199.37095833"
"UNIVERSIDAD DE MEDELLÍN","2025-10-22","","194.69441667"
"UNIVERSIDAD DE MEDELLÍN","2025-10-21","","222.56329167"
"UNIVERSIDAD DE MEDELLÍN","2025-10-20","","185.62770833"
"UNIVERSIDAD DE MEDELLÍN","2025-10-19","","198.33454167"
"UNIVERSIDAD DE MEDELLÍN","2025-10-18","","163.58233333"
"UNIVERSIDAD DE MEDELLÍN","2025-10-17","","197.16266667"
"UNIVERSIDAD DE MEDELLÍN","2025-10-16","","175.900875"
"UNIVERSIDAD DE MEDELLÍN","2025-10-15","","212.05266667"
"UNIVERSIDAD DE MEDELLÍN","2025-10-14","","77.551625"
"UNIVERSIDAD DE MEDELLÍN","2025-10-13","","0.0"
"UNIVERSIDAD DE MEDELLÍN","2025-10-12","","0.0"
"UNIVERSIDAD DE MEDELLÍN","2025-10-11","","213.777625"
"UNIVERSIDAD DE MEDELLÍN","2025-10-10","","203.62070833"
"UNIVERSIDAD DE MEDELLÍN","2025-10-09","","198.28083333"
"UNIVERSIDAD DE MEDELLÍN","2025-10-08","","198.16595833"
"UNIVERSIDAD DE MEDELLÍN","2025-10-07","","194.95808333"
"UNIVERSIDAD DE MEDELLÍN","2025-10-06","","182.99070833"
"UNIVERSIDAD DE MEDELLÍN","2025-10-05","","203.80470833"
"UNIVERSIDAD DE MEDELLÍN","2025-10-04","","180.944375"
"UNIVERSIDAD DE MEDELLÍN","2025-10-03","","201.44908333"
"UNIVERSIDAD DE MEDELLÍN","2025-10-02","","230.01866667"
"UNIVERSIDAD DE MEDELLÍN","2025-10-01","","105.03491667"
"UNIVERSIDAD DE MEDELLÍN","2025-08-31","","199.50912926"
"UNIVERSIDAD DE MEDELLÍN","2025-08-30","","201.39019004"
"UNIVERSIDAD DE MEDELLÍN","2025-08-29","","186.59579064"
"UNIVERSIDAD DE MEDELLÍN","2025-08-28","","172.41790409"
"UNIVERSIDAD DE MEDELLÍN","2025-08-27","","177.38209919"
"UNIVERSIDAD DE MEDELLÍN","2025-08-26","","152.91767255"
"UNIVERSIDAD DE MEDELLÍN","2025-08-25","","219.9308163"
"UNIVERSIDAD DE MEDELLÍN","2025-08-24","","167.16446698"
"UNIVERSIDAD DE MEDELLÍN","2025-08-23","","202.00873317"
"UNIVERSIDAD DE MEDELLÍN","2025-08-22","","197.76826285"
"UNIVERSIDAD DE MEDELLÍN","2025-08-21","","211.73563919"
"UNIVERSIDAD DE MEDELLÍN","2025-08-20","","193.79262718"
"UNIVERSIDAD DE MEDELLÍN","2025-08-19","","193.32616521"
"UNIVERSIDAD DE MEDELLÍN","2025-08-18","","198.37045104"
"UNIVERSIDAD DE MEDELLÍN","2025-08-17","","173.8219008"
"UNIVERSIDAD DE MEDELLÍN","2025-08-16","","178.53962637"
"UNIVERSIDAD DE MEDELLÍN","2025-08-15","","218.04553242"
"UNIVERSIDAD DE MEDELLÍN","2025-08-14","","239.30172616"
"UNIVERSIDAD DE MEDELLÍN","2025-08-13","","181.01350416"
"UNIVERSIDAD DE MEDELLÍN","2025-08-12","","199.15495929"
"UNIVERSIDAD DE MEDELLÍN","2025-08-11","","154.65990254"
"UNIVERSIDAD DE MEDELLÍN","2025-08-10","","191.39759382"
"UNIVERSIDAD DE MEDELLÍN","2025-08-09","","172.4950503"
"UNIVERSIDAD DE MEDELLÍN","2025-08-08","","157.50671506"
"UNIVERSIDAD DE MEDELLÍN","2025-08-07","","176.68893069"
"UNIVERSIDAD DE MEDELLÍN","2025-08-06","","160.48342749"
"UNIVERSIDAD DE MEDELLÍN","2025-08-05","","195.85742035"
"UNIVERSIDAD DE MEDELLÍN","2025-08-04","","204.97279246"
"UNIVERSIDAD DE MEDELLÍN","2025-08-03","","174.65015104"
"UNIVERSIDAD DE MEDELLÍN","2025-08-02","","216.60859224"
"UNIVERSIDAD DE MEDELLÍN","2025-08-01","","143.78017221"
"UNIVERSIDAD DE MEDELLÍN","2025-07-31","","207.13423089"
"UNIVERSIDAD DE MEDELLÍN","2025-07-30","","169.49839002"
"UNIVERSIDAD DE MEDELLÍN","2025-07-29","","198.22591834"
"UNIVERSIDAD DE MEDELLÍN","2025-07-28","","175.42145454"
"UNIVERSIDAD DE MEDELLÍN","2025-07-27","","168.96550249"
"UNIVERSIDAD DE MEDELLÍN","2025-07-26","","189.96525007"
"UNIVERSIDAD DE MEDELLÍN","2025-07-25","","208.04313969"
"UNIVERSIDAD DE MEDELLÍN","2025-07-24","","154.7958579"
"UNIVERSIDAD DE MEDELLÍN","2025-07-23","","155.04298787"
"UNIVERSIDAD DE MEDELLÍN","2025-07-22","","198.41989091"
"UNIVERSIDAD DE MEDELLÍN","2025-07-21","","200.20405606"
"UNIVERSIDAD DE MEDELLÍN","2025-07-20","","123.15959575"
"UNIVERSIDAD DE MEDELLÍN","2025-07-19","","166.23317171"
"UNIVERSIDAD DE MEDELLÍN","2025-07-18","","191.51600504"
"UNIVERSIDAD DE MEDELLÍN","2025-07-17","","167.30798767"
"UNIVERSIDAD DE MEDELLÍN","2025-07-16","","160.41133863"
"UNIVERSIDAD DE MEDELLÍN","2025-07-15","","169.10855449"
"UNIVERSIDAD DE MEDELLÍN","2025-07-14","","147.84672266"
"UNIVERSIDAD DE MEDELLÍN","2025-07-13","","150.82040857"
"UNIVERSIDAD DE MEDELLÍN","2025-07-12","","140.56470703"
"UNIVERSIDAD DE MEDELLÍN","2025-07-11","","158.17366883"
"UNIVERSIDAD DE MEDELLÍN","2025-07-10","","186.4270179"
"UNIVERSIDAD DE MEDELLÍN","2025-07-09","","170.05289456"
"UNIVERSIDAD DE MEDELLÍN","2025-07-08","","155.90942566"
"UNIVERSIDAD DE MEDELLÍN","2025-07-07","","188.71678948"
"UNIVERSIDAD DE MEDELLÍN","2025-07-06","","175.35870063"
"UNIVERSIDAD DE MEDELLÍN","2025-07-05","","223.14636072"
"UNIVERSIDAD DE MEDELLÍN","2025-07-04","","185.83102489"
"UNIVERSIDAD DE MEDELLÍN","2025-07-03","","202.73160027"
"UNIVERSIDAD DE MEDELLÍN","2025-07-02","","162.74638579"
"UNIVERSIDAD DE MEDELLÍN","2025-07-01","","172.33337865"
"UNIVERSIDAD DE MEDELLÍN","2025-06-30","","194.12893481"
"UNIVERSIDAD DE MEDELLÍN","2025-06-29","","188.82786264"
"UNIVERSIDAD DE MEDELLÍN","2025-06-28","","205.87835812"
"UNIVERSIDAD DE MEDELLÍN","2025-06-27","","221.48486403"
"UNIVERSIDAD DE MEDELLÍN","2025-06-26","","163.88344925"
"UNIVERSIDAD DE MEDELLÍN","2025-06-25","","206.15654988"
"UNIVERSIDAD DE MEDELLÍN","2025-06-24","","189.38937228"
"UNIVERSIDAD DE MEDELLÍN","2025-06-23","","151.27015055"
"UNIVERSIDAD DE MEDELLÍN","2025-06-22","","180.04524247"
"UNIVERSIDAD DE MEDELLÍN","2025-06-21","","210.46778895"
"UNIVERSIDAD DE MEDELLÍN","2025-06-20","","187.23575576"
"UNIVERSIDAD DE MEDELLÍN","2025-06-19","","195.99799183"
"UNIVERSIDAD DE MEDELLÍN","2025-06-18","","204.48538072"
"UNIVERSIDAD DE MEDELLÍN","2025-06-17","","156.04151349"
"UNIVERSIDAD DE MEDELLÍN","2025-06-16","","208.0092949"
"UNIVERSIDAD DE MEDELLÍN","2025-05-28","","167.39843569"
"UNIVERSIDAD DE MEDELLÍN","2025-05-27","","185.82511966"
"UNIVERSIDAD DE MEDELLÍN","2025-05-26","","147.40427427"
"UNIVERSIDAD DE MEDELLÍN","2025-05-25","","176.48132574"
"UNIVERSIDAD DE MEDELLÍN","2025-05-24","","167.1497236"
"UNIVERSIDAD DE MEDELLÍN","2025-05-23","","207.83589781"
"UNIVERSIDAD DE MEDELLÍN","2025-05-22","","164.57230852"
"UNIVERSIDAD DE MEDELLÍN","2025-05-21","","188.91395742"
"UNIVERSIDAD DE MEDELLÍN","2025-05-20","","205.59294953"
"UNIVERSIDAD DE MEDELLÍN","2025-05-19","","181.97401876"
"UNIVERSIDAD DE MEDELLÍN","2025-05-18","","163.79726414"
"UNIVERSIDAD DE MEDELLÍN","2025-05-17","","149.59408286"
"UNIVERSIDAD DE MEDELLÍN","2025-05-16","","170.00216878"
"UNIVERSIDAD DE MEDELLÍN","2025-05-15","","201.50570904"
"UNIVERSIDAD DE MEDELLÍN","2025-05-14","","197.15036939"
"UNIVERSIDAD DE MEDELLÍN","2025-05-13","","209.88343274"
"UNIVERSIDAD DE MEDELLÍN","2025-05-12","","159.31518579"
"UNIVERSIDAD DE MEDELLÍN","2025-05-11","","196.48446218"
"UNIVERSIDAD DE MEDELLÍN","2025-05-10","","194.85085633"
"UNIVERSIDAD DE MEDELLÍN","2025-05-09","","188.46202724"
"UNIVERSIDAD DE MEDELLÍN","2025-05-08","","176.78270148"
"UNIVERSIDAD DE MEDELLÍN","2025-05-07","","203.16376968"
"UNIVERSIDAD DE MEDELLÍN","2025-05-06","","173.30149236"
"UNIVERSIDAD DE MEDELLÍN","2025-05-05","","169.49164603"
"UNIVERSIDAD DE MEDELLÍN","2025-05-04","","173.620082"
"UNIVERSIDAD DE MEDELLÍN","2025-05-03","","170.30824922"
"UNIVERSIDAD DE MEDELLÍN","2025-05-02","","163.08951733"
"UNIVERSIDAD DE MEDELLÍN","2025-05-01","","199.53522135"
"UNIVERSIDAD DE MEDELLÍN","2025-04-30","","175.11856353"
"UNIVERSIDAD DE MEDELLÍN","2025-04-29","","180.33994749"
"UNIVERSIDAD DE MEDELLÍN","2025-04-28","","184.85969782"
"UNIVERSIDAD DE MEDELLÍN","2025-04-27","","181.58329397"
"UNIVERSIDAD DE MEDELLÍN","2025-04-26","","215.53070212"
"UNIVERSIDAD DE MEDELLÍN","2025-04-25","","201.9768884"
"UNIVERSIDAD DE MEDELLÍN","2025-04-24","","160.78341934"
"UNIVERSIDAD DE MEDELLÍN","2025-04-23","","208.02368837"
"UNIVERSIDAD DE MEDELLÍN","2025-04-22","","214.38631075"
"UNIVERSIDAD DE MEDELLÍN","2025-04-21","","195.91049432"
"UNIVERSIDAD DE MEDELLÍN","2025-04-20","","201.8800757"
"UNIVERSIDAD DE MEDELLÍN","2025-04-19","","204.64441793"
"UNIVERSIDAD DE MEDELLÍN","2025-04-18","","180.83141606"
"UNIVERSIDAD DE MEDELLÍN","2025-04-17","","223.16663588"
"UNIVERSIDAD DE MEDELLÍN","2025-04-16","","177.26524913"
"UNIVERSIDAD DE MEDELLÍN","2025-04-15","","198.48822851"
"UNIVERSIDAD DE MEDELLÍN","2025-04-14","","185.99456088"
"UNIVERSIDAD DE MEDELLÍN","2025-04-13","","187.33072557"
"UNIVERSIDAD DE MEDELLÍN","2025-04-12","","181.52560893"
"UNIVERSIDAD DE MEDELLÍN","2025-04-11","","181.07614977"
"UNIVERSIDAD DE MEDELLÍN","2025-04-10","","199.19094694"
"UNIVERSIDAD DE MEDELLÍN","2025-04-09","","188.35813599"
"UNIVERSIDAD DE MEDELLÍN","2025-04-08","","211.72182454"
"UNIVERSIDAD DE MEDELLÍN","2025-04-07","","170.16112279"
"UNIVERSIDAD DE MEDELLÍN","2025-04-06","","203.18604486"
"UNIVERSIDAD DE MEDELLÍN","2025-04-05","","180.126549"
"UNIVERSIDAD DE MEDELLÍN","2025-04-04","","170.3840464"
"UNIVERSIDAD DE MEDELLÍN","2025-04-03","","173.02756457"
"UNIVERSIDAD DE MEDELLÍN","2025-04-02","","183.58630135"
"UNIVERSIDAD DE MEDELLÍN","2025-04-01","","159.38918295"
"UNIVERSIDAD DE MEDELLÍN","2025-03-31","","210.08883957"
"UNIVERSIDAD DE MEDELLÍN","2025-03-30","","212.01041964"
"UNIVERSIDAD DE MEDELLÍN","2025-03-29","","202.83870094"
"UNIVERSIDAD DE MEDELLÍN","2025-03-28","","202.26087919"
"UNIVERSIDAD DE MEDELLÍN","2025-03-27","","209.57556315"
"UNIVERSIDAD DE MEDELLÍN","2025-03-26","","205.69802283"
"UNIVERSIDAD DE MEDELLÍN","2025-03-25","","184.81719361"
"UNIVERSIDAD DE MEDELLÍN","2025-03-24","","179.58955805"
"UNIVERSIDAD DE MEDELLÍN","2025-03-23","","194.76069751"
"UNIVERSIDAD DE MEDELLÍN","2025-03-22","","182.17183857"
"UNIVERSIDAD DE MEDELLÍN","2025-03-21","","176.65736292"
"UNIVERSIDAD DE MEDELLÍN","2025-03-20","","156.64826381"
"UNIVERSIDAD DE MEDELLÍN","2025-03-19","","169.92626909"
"UNIVERSIDAD DE MEDELLÍN","2025-03-18","","179.35533959"
"UNIVERSIDAD DE MEDELLÍN","2025-03-17","","166.63084598"
"UNIVERSIDAD DE MEDELLÍN","2025-03-16","","176.14831103"
"UNIVERSIDAD DE MEDELLÍN","2025-03-15","","198.38612384"
"UNIVERSIDAD DE MEDELLÍN","2025-03-14","","251.08286475"
"UNIVERSIDAD DE MEDELLÍN","2025-03-13","","190.51815123"
"UNIVERSIDAD DE MEDELLÍN","2025-03-12","","170.3980914"
"UNIVERSIDAD DE MEDELLÍN","2025-03-11","","192.25624632"
"UNIVERSIDAD DE MEDELLÍN","2025-03-10","","210.86340935"
"UNIVERSIDAD DE MEDELLÍN","2025-03-09","","214.59607536"
"UNIVERSIDAD DE MEDELLÍN","2025-03-08","","218.25610157"
"UNIVERSIDAD DE MEDELLÍN","2025-03-07","","180.43821061"
"UNIVERSIDAD DE MEDELLÍN","2025-03-06","","190.40634372"
"UNIVERSIDAD DE MEDELLÍN","2025-03-05","","171.39474842"
"UNIVERSIDAD DE MEDELLÍN","2025-03-04","","217.11272376"
"UNIVERSIDAD DE MEDELLÍN","2025-03-03","","143.7624242"
"UNIVERSIDAD DE MEDELLÍN","2025-03-02","","182.60934089"
"UNIVERSIDAD DE MEDELLÍN","2025-03-01","","226.73854688"
"UNIVERSIDAD DE MEDELLÍN","2025-02-28","","207.70800249"
"UNIVERSIDAD DE MEDELLÍN","2025-02-27","","165.06756119"
"UNIVERSIDAD DE MEDELLÍN","2025-02-26","","219.38106141"
"UNIVERSIDAD DE MEDELLÍN","2025-02-25","","158.95308369"
"UNIVERSIDAD DE MEDELLÍN","2025-02-24","","197.25314042"
"UNIVERSIDAD DE MEDELLÍN","2025-02-23","","175.5328097"
"UNIVERSIDAD DE MEDELLÍN","2025-02-22","","155.35047251"
"UNIVERSIDAD DE MEDELLÍN","2025-02-21","","177.97397877"
"UNIVERSIDAD DE MEDELLÍN","2025-02-20","","163.32222964"
"UNIVERSIDAD DE MEDELLÍN","2025-02-19","","250.88286402"
"UNIVERSIDAD DE MEDELLÍN","2025-02-18","","178.31672114"
"UNIVERSIDAD DE MEDELLÍN","2025-02-16","","175.37997858"
"UNIVERSIDAD DE MEDELLÍN","2025-02-15","","187.35115075"
"UNIVERSIDAD DE MEDELLÍN","2025-02-14","","185.49235998"
"UNIVERSIDAD DE MEDELLÍN","2025-02-13","","239.71214601"
"UNIVERSIDAD DE MEDELLÍN","2025-02-12","","112.77774268"
"UNIVERSIDAD DE MEDELLÍN","2025-02-11","","207.56529353"
"UNIVERSIDAD DE MEDELLÍN","2025-02-10","","178.27616032"
"UNIVERSIDAD DE MEDELLÍN","2025-02-09","","192.98177072"
"UNIVERSIDAD DE MEDELLÍN","2025-02-08","","217.98441574"
"UNIVERSIDAD DE MEDELLÍN","2025-02-07","","160.64918755"
"UNIVERSIDAD DE MEDELLÍN","2025-02-06","","154.94274045"
"UNIVERSIDAD DE MEDELLÍN","2025-02-05","","200.596093"
"UNIVERSIDAD DE MEDELLÍN","2025-02-04","","222.97954208"
"UNIVERSIDAD DE MEDELLÍN","2025-02-03","","142.12225971"
"UNIVERSIDAD DE MEDELLÍN","2025-02-01","","173.29565226"
"UNIVERSIDAD DE MEDELLÍN","2025-01-31","","136.48543733"
"UNIVERSIDAD DE MEDELLÍN","2025-01-30","","103.46848613"
"UNIVERSIDAD DE MEDELLÍN","2025-01-29","","164.54015894"
"UNIVERSIDAD DE MEDELLÍN","2025-01-28","","152.78615355"
"UNIVERSIDAD DE MEDELLÍN","2025-01-27","","134.94448337"
"UNIVERSIDAD DE MEDELLÍN","2025-01-26","","169.65902679"
"UNIVERSIDAD DE MEDELLÍN","2025-01-25","","122.46339321"
"UNIVERSIDAD DE MEDELLÍN","2025-01-24","","260.67154418"
"UNIVERSIDAD DE MEDELLÍN","2025-01-23","","178.14018634"
"UNIVERSIDAD DE MEDELLÍN","2025-01-22","","187.89905964"
"UNIVERSIDAD DE MEDELLÍN","2025-01-21","","232.54065812"
"UNIVERSIDAD DE MEDELLÍN","2025-01-20","","272.08609362"
"UNIVERSIDAD DE MEDELLÍN","2025-01-18","","75.88231227"
"UNIVERSIDAD DE MEDELLÍN","2025-01-17","","173.2762134"
"UNIVERSIDAD DE MEDELLÍN","2025-01-16","","228.252665"
"UNIVERSIDAD DE MEDELLÍN","2025-01-15","","188.04793981"
"UNIVERSIDAD DE MEDELLÍN","2025-01-14","","187.59038248"
"UNIVERSIDAD DE MEDELLÍN","2025-01-13","","233.2148366"
"UNIVERSIDAD DE MEDELLÍN","2025-01-11","","144.0319499"
"UNIVERSIDAD DE MEDELLÍN","2025-01-10","","198.48105852"
"UNIVERSIDAD DE MEDELLÍN","2025-01-09","","186.08786807"
"UNIVERSIDAD DE MEDELLÍN","2025-01-08","","170.72135166"
"UNIVERSIDAD DE MEDELLÍN","2025-01-07","","186.27645871"
"UNIVERSIDAD DE MEDELLÍN","2025-01-04","","204.31086607"
"UNIVERSIDAD DE MEDELLÍN","2025-01-03","","199.02745695"
"UNIVERSIDAD DE MEDELLÍN","2025-01-02","","158.11271697"
"UNIVERSIDAD DE MEDELLÍN","2024-11-30","","193.61494833"
"UNIVERSIDAD DE MEDELLÍN","2024-11-29","","217.74118536"
"UNIVERSIDAD DE MEDELLÍN","2024-11-28","","179.98298623"
"UNIVERSIDAD DE MEDELLÍN","2024-11-27","","185.47170779"
"UNIVERSIDAD DE MEDELLÍN","2024-11-26","","197.08156849"
"UNIVERSIDAD DE MEDELLÍN","2024-11-25","","186.14720519"
"UNIVERSIDAD DE MEDELLÍN","2024-11-24","","174.03956255"
"UNIVERSIDAD DE MEDELLÍN","2024-11-23","","200.27474102"
"UNIVERSIDAD DE MEDELLÍN","2024-11-22","","212.08540927"
"UNIVERSIDAD DE MEDELLÍN","2024-11-21","","213.44050493"
"UNIVERSIDAD DE MEDELLÍN","2024-11-20","","196.87726817"
"UNIVERSIDAD DE MEDELLÍN","2024-11-19","","223.11512468"
"UNIVERSIDAD DE MEDELLÍN","2024-11-18","","188.40145148"
"UNIVERSIDAD DE MEDELLÍN","2024-11-17","","160.42057735"
"UNIVERSIDAD DE MEDELLÍN","2024-11-16","","211.4427407"
"UNIVERSIDAD DE MEDELLÍN","2024-11-15","","169.96251248"
"UNIVERSIDAD DE MEDELLÍN","2024-11-14","","218.66987196"
"UNIVERSIDAD DE MEDELLÍN","2024-11-13","","209.55612045"
"UNIVERSIDAD DE MEDELLÍN","2024-11-12","","208.76982494"
"UNIVERSIDAD DE MEDELLÍN","2024-11-11","","188.14630508"
"UNIVERSIDAD DE MEDELLÍN","2024-11-10","","214.20857507"
"UNIVERSIDAD DE MEDELLÍN","2024-11-09","","183.03065854"
"UNIVERSIDAD DE MEDELLÍN","2024-11-08","","216.58297372"
"UNIVERSIDAD DE MEDELLÍN","2024-11-07","","223.11682296"
"UNIVERSIDAD DE MEDELLÍN","2024-11-06","","185.38340877"
"UNIVERSIDAD DE MEDELLÍN","2024-11-05","","200.96593515"
"UNIVERSIDAD DE MEDELLÍN","2024-11-04","","203.17920176"
"UNIVERSIDAD DE MEDELLÍN","2024-11-03","","248.00520973"
"UNIVERSIDAD DE MEDELLÍN","2024-11-02","","234.70336663"
"UNIVERSIDAD DE MEDELLÍN","2024-11-01","","227.80773929"
"UNIVERSIDAD DE MEDELLÍN","2024-10-31","","203.37187698"
"UNIVERSIDAD DE MEDELLÍN","2024-10-30","","212.48322106"
"UNIVERSIDAD DE MEDELLÍN","2024-10-29","","224.24794289"
"UNIVERSIDAD DE MEDELLÍN","2024-10-28","","196.46104565"
"UNIVERSIDAD DE MEDELLÍN","2024-10-27","","136.31069768"
"UNIVERSIDAD DE MEDELLÍN","2024-10-26","","203.24578957"
"UNIVERSIDAD DE MEDELLÍN","2024-10-25","","210.55800912"
"UNIVERSIDAD DE MEDELLÍN","2024-10-24","","211.91770958"
"UNIVERSIDAD DE MEDELLÍN","2024-10-23","","153.55418152"
"UNIVERSIDAD DE MEDELLÍN","2024-10-22","","191.91453955"
"UNIVERSIDAD DE MEDELLÍN","2024-10-21","","195.04466026"
"UNIVERSIDAD DE MEDELLÍN","2024-10-20","","209.10328014"
"UNIVERSIDAD DE MEDELLÍN","2024-10-19","","192.11830889"
"UNIVERSIDAD DE MEDELLÍN","2024-10-18","","225.49799307"
"UNIVERSIDAD DE MEDELLÍN","2024-10-17","","196.18357894"
"UNIVERSIDAD DE MEDELLÍN","2024-10-16","","213.81001"
"UNIVERSIDAD DE MEDELLÍN","2024-10-15","","220.73519512"
"UNIVERSIDAD DE MEDELLÍN","2024-10-14","","233.30022524"
"UNIVERSIDAD DE MEDELLÍN","2024-10-13","","230.11877377"
"UNIVERSIDAD DE MEDELLÍN","2024-10-12","","198.64653795"
"UNIVERSIDAD DE MEDELLÍN","2024-10-11","","193.55743152"
"UNIVERSIDAD DE MEDELLÍN","2024-10-10","","203.92392724"
"UNIVERSIDAD DE MEDELLÍN","2024-10-09","","190.39442097"
"UNIVERSIDAD DE MEDELLÍN","2024-10-08","","210.33369806"
"UNIVERSIDAD DE MEDELLÍN","2024-10-07","","191.20525292"
"UNIVERSIDAD DE MEDELLÍN","2024-10-06","","209.68235599"
"UNIVERSIDAD DE MEDELLÍN","2024-10-05","","170.94629807"
"UNIVERSIDAD DE MEDELLÍN","2024-10-04","","188.87856128"
"UNIVERSIDAD DE MEDELLÍN","2024-10-03","","175.39867996"
"UNIVERSIDAD DE MEDELLÍN","2024-10-02","","169.55574608"
"UNIVERSIDAD DE MEDELLÍN","2024-10-01","","198.91583495"
"UNIVERSIDAD DE MEDELLÍN","2024-09-30","","208.82273392"
"UNIVERSIDAD DE MEDELLÍN","2024-09-29","","226.26755217"
"UNIVERSIDAD DE MEDELLÍN","2024-09-28","","221.55941347"
"UNIVERSIDAD DE MEDELLÍN","2024-09-27","","206.43983542"
"UNIVERSIDAD DE MEDELLÍN","2024-09-26","","185.55858811"
"UNIVERSIDAD DE MEDELLÍN","2024-09-25","","201.25486932"
"UNIVERSIDAD DE MEDELLÍN","2024-09-05","","210.09860642"
"UNIVERSIDAD DE MEDELLÍN","2024-09-04","","178.742158"
"UNIVERSIDAD DE MEDELLÍN","2024-09-03","","204.93573549"
"UNIVERSIDAD DE MEDELLÍN","2024-09-02","","187.27503153"
"UNIVERSIDAD DE MEDELLÍN","2024-09-01","","202.61101797"
"UNIVERSIDAD DE MEDELLÍN","2024-08-31","","229.64236484"
"UNIVERSIDAD DE MEDELLÍN","2024-08-30","","217.92285057"
"UNIVERSIDAD DE MEDELLÍN","2024-08-29","","224.40274235"
"UNIVERSIDAD DE MEDELLÍN","2024-08-28","","186.01467715"
"UNIVERSIDAD DE MEDELLÍN","2024-08-27","","177.25658297"
"UNIVERSIDAD DE MEDELLÍN","2024-08-26","","227.64738763"
"UNIVERSIDAD DE MEDELLÍN","2024-08-25","","152.09115771"
"UNIVERSIDAD DE MEDELLÍN","2024-08-24","","225.21180138"
"UNIVERSIDAD DE MEDELLÍN","2024-08-23","","143.40586709"
"UNIVERSIDAD DE MEDELLÍN","2024-08-22","","193.87136889"
"UNIVERSIDAD DE MEDELLÍN","2024-08-21","","174.6651202"
"UNIVERSIDAD DE MEDELLÍN","2024-08-20","","206.26571813"
"UNIVERSIDAD DE MEDELLÍN","2024-08-19","","178.76053724"
"UNIVERSIDAD DE MEDELLÍN","2024-08-18","","155.53822438"
"UNIVERSIDAD DE MEDELLÍN","2024-08-17","","190.11329442"
"UNIVERSIDAD DE MEDELLÍN","2024-08-16","","243.11274352"
"UNIVERSIDAD DE MEDELLÍN","2024-08-15","","203.22491188"
"UNIVERSIDAD DE MEDELLÍN","2024-08-14","","206.73859259"
"UNIVERSIDAD DE MEDELLÍN","2024-08-13","","195.40019459"
"UNIVERSIDAD DE MEDELLÍN","2024-08-12","","192.0865058"
"UNIVERSIDAD DE MEDELLÍN","2024-08-11","","209.716684"
"UNIVERSIDAD DE MEDELLÍN","2024-08-10","","191.66303467"
"UNIVERSIDAD DE MEDELLÍN","2024-08-09","","194.69330836"
"UNIVERSIDAD DE MEDELLÍN","2024-08-08","","210.55216541"
"UNIVERSIDAD DE MEDELLÍN","2024-08-07","","198.64034868"
"UNIVERSIDAD DE MEDELLÍN","2024-08-06","","174.03106946"
"UNIVERSIDAD DE MEDELLÍN","2024-08-05","","188.90211704"
"UNIVERSIDAD DE MEDELLÍN","2024-08-04","","142.47612219"
"UNIVERSIDAD DE MEDELLÍN","2024-08-03","","156.66264192"
"UNIVERSIDAD DE MEDELLÍN","2024-08-02","","159.6826178"
"UNIVERSIDAD DE MEDELLÍN","2024-08-01","","188.75181351"
"UNIVERSIDAD DE MEDELLÍN","2024-07-31","","159.27340545"
"UNIVERSIDAD DE MEDELLÍN","2024-07-30","","189.76047755"
"UNIVERSIDAD DE MEDELLÍN","2024-07-29","","156.28029101"
"UNIVERSIDAD DE MEDELLÍN","2024-07-28","","171.84138203"
"UNIVERSIDAD DE MEDELLÍN","2024-07-27","","159.85322928"
"UNIVERSIDAD DE MEDELLÍN","2024-07-26","","174.80556537"
"UNIVERSIDAD DE MEDELLÍN","2024-07-25","","191.66281045"
"UNIVERSIDAD DE MEDELLÍN","2024-07-24","","165.15630656"
"UNIVERSIDAD DE MEDELLÍN","2024-07-23","","210.37232115"
"UNIVERSIDAD DE MEDELLÍN","2024-07-22","","134.5218684"
"UNIVERSIDAD DE MEDELLÍN","2024-07-21","","178.8986339"
"UNIVERSIDAD DE MEDELLÍN","2024-07-20","","154.60303722"
"UNIVERSIDAD DE MEDELLÍN","2024-07-19","","163.52760836"
"UNIVERSIDAD DE MEDELLÍN","2024-07-18","","165.14548308"
"UNIVERSIDAD DE MEDELLÍN","2024-07-17","","215.41078924"
"UNIVERSIDAD DE MEDELLÍN","2024-07-16","","152.45119335"
"UNIVERSIDAD DE MEDELLÍN","2024-07-15","","150.44462941"
"UNIVERSIDAD DE MEDELLÍN","2024-07-14","","196.42781987"
"UNIVERSIDAD DE MEDELLÍN","2024-07-13","","161.76358725"
"UNIVERSIDAD DE MEDELLÍN","2024-07-12","","200.40222843"
"UNIVERSIDAD DE MEDELLÍN","2024-07-11","","208.70847127"
"UNIVERSIDAD DE MEDELLÍN","2024-07-10","","173.86437329"
"UNIVERSIDAD DE MEDELLÍN","2024-07-09","","238.70599249"
"UNIVERSIDAD DE MEDELLÍN","2024-07-08","","197.13225654"
"UNIVERSIDAD DE MEDELLÍN","2024-07-07","","176.98889837"
"UNIVERSIDAD DE MEDELLÍN","2024-07-06","","202.96306993"
"UNIVERSIDAD DE MEDELLÍN","2024-07-05","","225.03679669"
"UNIVERSIDAD DE MEDELLÍN","2024-07-04","","180.96193554"
"UNIVERSIDAD DE MEDELLÍN","2024-07-02","","196.48045318"
"UNIVERSIDAD DE MEDELLÍN","2024-07-01","","184.03618381"
"UNIVERSIDAD DE MEDELLÍN","2024-06-30","","202.80538103"
"UNIVERSIDAD DE MEDELLÍN","2024-06-29","","190.43119001"
"UNIVERSIDAD DE MEDELLÍN","2024-06-28","","191.33119095"
"UNIVERSIDAD DE MEDELLÍN","2024-06-27","","206.9650885"
"UNIVERSIDAD DE MEDELLÍN","2024-06-26","","178.53988451"
"UNIVERSIDAD DE MEDELLÍN","2024-05-31","","171.82378696"
"UNIVERSIDAD DE MEDELLÍN","2024-05-30","","173.19678825"
"UNIVERSIDAD DE MEDELLÍN","2024-05-29","","161.55224375"
"UNIVERSIDAD DE MEDELLÍN","2024-05-28","","194.32518742"
"UNIVERSIDAD DE MEDELLÍN","2024-05-27","","228.42215708"
"UNIVERSIDAD DE MEDELLÍN","2024-05-26","","196.84351596"
"UNIVERSIDAD DE MEDELLÍN","2024-05-25","","166.40296822"
"UNIVERSIDAD DE MEDELLÍN","2024-05-24","","165.31970315"
"UNIVERSIDAD DE MEDELLÍN","2024-05-23","","191.33971624"
"UNIVERSIDAD DE MEDELLÍN","2024-05-22","","193.59162714"
"UNIVERSIDAD DE MEDELLÍN","2024-05-21","","190.36944157"
"UNIVERSIDAD DE MEDELLÍN","2024-05-20","","210.02569509"
"UNIVERSIDAD DE MEDELLÍN","2024-05-19","","182.30129986"
"UNIVERSIDAD DE MEDELLÍN","2024-05-18","","125.46370325"
"UNIVERSIDAD DE MEDELLÍN","2024-05-17","","186.09126667"
"UNIVERSIDAD DE MEDELLÍN","2024-05-16","","192.20433885"
"UNIVERSIDAD DE MEDELLÍN","2024-05-15","","186.24234038"
"UNIVERSIDAD DE MEDELLÍN","2024-05-14","","182.07762133"
"UNIVERSIDAD DE MEDELLÍN","2024-05-13","","196.00321568"
"UNIVERSIDAD DE MEDELLÍN","2024-05-12","","175.94080776"
"UNIVERSIDAD DE MEDELLÍN","2024-05-11","","158.43423489"
"UNIVERSIDAD DE MEDELLÍN","2024-05-10","","164.47234685"
"UNIVERSIDAD DE MEDELLÍN","2024-05-09","","194.01485407"
"UNIVERSIDAD DE MEDELLÍN","2024-05-08","","208.3000724"
"UNIVERSIDAD DE MEDELLÍN","2024-05-07","","194.18087889"
"UNIVERSIDAD DE MEDELLÍN","2024-05-06","","216.68705341"
"UNIVERSIDAD DE MEDELLÍN","2024-05-05","","159.66556888"
"UNIVERSIDAD DE MEDELLÍN","2024-05-04","","163.66185"
"UNIVERSIDAD DE MEDELLÍN","2024-05-03","","154.39888336"
"UNIVERSIDAD DE MEDELLÍN","2024-05-02","","202.61243493"
"UNIVERSIDAD DE MEDELLÍN","2024-05-01","","183.75753787"
"UNIVERSIDAD DE MEDELLÍN","2024-04-30","","123.44502602"
"UNIVERSIDAD DE MEDELLÍN","2024-04-29","","141.9540504"
"UNIVERSIDAD DE MEDELLÍN","2024-04-28","","211.62735658"
"UNIVERSIDAD DE MEDELLÍN","2024-04-27","","200.66639193"
"UNIVERSIDAD DE MEDELLÍN","2024-04-26","","202.05182519"
"UNIVERSIDAD DE MEDELLÍN","2024-04-25","","229.50005719"
"UNIVERSIDAD DE MEDELLÍN","2024-04-24","","208.26871014"
"UNIVERSIDAD DE MEDELLÍN","2024-04-23","","193.53858604"
"UNIVERSIDAD DE MEDELLÍN","2024-04-22","","196.04665801"
"UNIVERSIDAD DE MEDELLÍN","2024-04-21","","175.13405547"
"UNIVERSIDAD DE MEDELLÍN","2024-04-20","","171.45747818"
"UNIVERSIDAD DE MEDELLÍN","2024-04-19","","196.23853481"
"UNIVERSIDAD DE MEDELLÍN","2024-04-18","","191.25381323"
"UNIVERSIDAD DE MEDELLÍN","2024-04-17","","122.16046023"
"UNIVERSIDAD DE MEDELLÍN","2024-04-16","","206.32536814"
"UNIVERSIDAD DE MEDELLÍN","2024-04-15","","159.94303064"
"UNIVERSIDAD DE MEDELLÍN","2024-04-14","","160.11844767"
"UNIVERSIDAD DE MEDELLÍN","2024-04-13","","182.54689027"
"UNIVERSIDAD DE MEDELLÍN","2024-04-12","","177.54060974"
"UNIVERSIDAD DE MEDELLÍN","2024-04-11","","185.51842026"
"UNIVERSIDAD DE MEDELLÍN","2024-04-10","","185.75899294"
"UNIVERSIDAD DE MEDELLÍN","2024-04-09","","161.42221621"
"UNIVERSIDAD DE MEDELLÍN","2024-04-08","","150.7140315"
"UNIVERSIDAD DE MEDELLÍN","2024-04-07","","143.11679448"
"UNIVERSIDAD DE MEDELLÍN","2024-04-06","","180.02300101"
"UNIVERSIDAD DE MEDELLÍN","2024-04-05","","157.41989377"
"UNIVERSIDAD DE MEDELLÍN","2024-04-04","","180.53231409"
"UNIVERSIDAD DE MEDELLÍN","2024-04-03","","176.65920763"
"UNIVERSIDAD DE MEDELLÍN","2024-04-02","","208.26193507"
"UNIVERSIDAD DE MEDELLÍN","2024-04-01","","213.49652669"
"UNIVERSIDAD DE MEDELLÍN","2024-03-31","","145.67583976"
"UNIVERSIDAD DE MEDELLÍN","2024-03-30","","157.21669831"
"UNIVERSIDAD DE MEDELLÍN","2024-03-29","","171.23347781"
"UNIVERSIDAD DE MEDELLÍN","2024-03-28","","155.62783746"
"UNIVERSIDAD DE MEDELLÍN","2024-03-27","","129.47687311"
"UNIVERSIDAD DE MEDELLÍN","2024-03-26","","196.58301249"
"UNIVERSIDAD DE MEDELLÍN","2024-03-25","","172.66605029"
"UNIVERSIDAD DE MEDELLÍN","2024-03-24","","170.46283134"
"UNIVERSIDAD DE MEDELLÍN","2024-03-23","","158.55428618"
"UNIVERSIDAD DE MEDELLÍN","2024-03-22","","183.79574511"
"UNIVERSIDAD DE MEDELLÍN","2024-03-21","","182.98526662"
"UNIVERSIDAD DE MEDELLÍN","2024-03-20","","181.48666213"
"UNIVERSIDAD DE MEDELLÍN","2024-03-19","","187.9710079"
"UNIVERSIDAD DE MEDELLÍN","2024-03-18","","162.51307503"
"UNIVERSIDAD DE MEDELLÍN","2024-03-17","","170.62284656"
"UNIVERSIDAD DE MEDELLÍN","2024-03-16","","188.04208691"
"UNIVERSIDAD DE MEDELLÍN","2024-03-15","","188.66958754"
"UNIVERSIDAD DE MEDELLÍN","2024-03-14","","130.25297331"
"UNIVERSIDAD DE MEDELLÍN","2024-03-13","","146.96764184"
"UNIVERSIDAD DE MEDELLÍN","2024-03-12","","166.83708351"
"UNIVERSIDAD DE MEDELLÍN","2024-03-11","","165.53118349"
"UNIVERSIDAD DE MEDELLÍN","2024-03-10","","177.20973125"
"UNIVERSIDAD DE MEDELLÍN","2024-03-09","","197.40776885"
"UNIVERSIDAD DE MEDELLÍN","2024-03-08","","175.35484016"
"UNIVERSIDAD DE MEDELLÍN","2024-03-07","","132.69455758"
"UNIVERSIDAD DE MEDELLÍN","2024-03-06","","163.79358054"
"UNIVERSIDAD DE MEDELLÍN","2024-03-05","","159.06933975"
"UNIVERSIDAD DE MEDELLÍN","2024-03-04","","160.99502615"
"UNIVERSIDAD DE MEDELLÍN","2024-03-03","","180.28774418"
"UNIVERSIDAD DE MEDELLÍN","2024-03-02","","159.27434521"
"UNIVERSIDAD DE MEDELLÍN","2024-03-01","","172.04414176"
"UNIVERSIDAD DE MEDELLÍN","2024-02-29","","168.67386496"
"UNIVERSIDAD DE MEDELLÍN","2024-02-28","","201.44995051"
"UNIVERSIDAD DE MEDELLÍN","2024-02-27","","181.44865934"
"UNIVERSIDAD DE MEDELLÍN","2024-02-26","","223.19109803"
"UNIVERSIDAD DE MEDELLÍN","2024-02-25","","196.28212416"
"UNIVERSIDAD DE MEDELLÍN","2024-02-24","","174.7598278"
"UNIVERSIDAD DE MEDELLÍN","2024-02-23","","131.71507207"
"UNIVERSIDAD DE MEDELLÍN","2024-02-22","","133.42715655"
"UNIVERSIDAD DE MEDELLÍN","2024-02-21","","200.03719472"
"UNIVERSIDAD DE MEDELLÍN","2024-02-20","","213.03594882"
"UNIVERSIDAD DE MEDELLÍN","2024-02-19","","182.25820331"
"UNIVERSIDAD DE MEDELLÍN","2024-02-18","","177.02573469"
"UNIVERSIDAD DE MEDELLÍN","2024-02-17","","196.27678405"
"UNIVERSIDAD DE MEDELLÍN","2024-02-16","","168.06205868"
"UNIVERSIDAD DE MEDELLÍN","2024-02-15","","152.81100552"
"UNIVERSIDAD DE MEDELLÍN","2024-02-14","","138.8143673"
"UNIVERSIDAD DE MEDELLÍN","2024-02-13","","145.31620023"
"UNIVERSIDAD DE MEDELLÍN","2024-02-12","","220.75601997"
"UNIVERSIDAD DE MEDELLÍN","2024-02-11","","173.08411858"
"UNIVERSIDAD DE MEDELLÍN","2024-02-10","","153.55717336"
"UNIVERSIDAD DE MEDELLÍN","2024-02-09","","99.14117475"
"UNIVERSIDAD DE MEDELLÍN","2024-02-08","","117.01177076"
"UNIVERSIDAD DE MEDELLÍN","2024-02-07","","130.27701234"
"UNIVERSIDAD DE MEDELLÍN","2024-02-06","","180.28295324"
"UNIVERSIDAD DE MEDELLÍN","2024-02-05","","230.74741631"
"UNIVERSIDAD DE MEDELLÍN","2024-02-04","","223.8544327"
"UNIVERSIDAD DE MEDELLÍN","2024-02-03","","177.06988875"
"UNIVERSIDAD DE MEDELLÍN","2024-02-02","","163.24173322"
"UNIVERSIDAD DE MEDELLÍN","2024-02-01","","188.75295962"
"UNIVERSIDAD DE MEDELLÍN","2024-01-31","","80.35211478"
"UNIVERSIDAD DE MEDELLÍN","2024-01-29","","131.29951817"
"UNIVERSIDAD DE MEDELLÍN","2024-01-28","","204.19533665"
"UNIVERSIDAD DE MEDELLÍN","2024-01-27","","186.53248555"
"UNIVERSIDAD DE MEDELLÍN","2024-01-26","","178.72180049"
"UNIVERSIDAD DE MEDELLÍN","2024-01-25","","174.54673957"
"UNIVERSIDAD DE MEDELLÍN","2024-01-24","","148.73417363"
"UNIVERSIDAD DE MEDELLÍN","2024-01-23","","179.31961941"
"UNIVERSIDAD DE MEDELLÍN","2024-01-22","","170.38840732"
"UNIVERSIDAD DE MEDELLÍN","2024-01-21","","176.79217869"
"UNIVERSIDAD DE MEDELLÍN","2024-01-20","","196.16687731"
"UNIVERSIDAD DE MEDELLÍN","2024-01-19","","152.0025918"
"UNIVERSIDAD DE MEDELLÍN","2024-01-18","","241.11846618"
"UNIVERSIDAD DE MEDELLÍN","2024-01-17","","171.04690345"
"UNIVERSIDAD DE MEDELLÍN","2024-01-16","","203.3611915"
"UNIVERSIDAD DE MEDELLÍN","2024-01-15","","162.11202928"
"UNIVERSIDAD DE MEDELLÍN","2024-01-14","","196.43168546"
"UNIVERSIDAD DE MEDELLÍN","2024-01-13","","219.98108705"
"UNIVERSIDAD DE MEDELLÍN","2024-01-12","","214.24929235"
"UNIVERSIDAD DE MEDELLÍN","2024-01-11","","205.25076349"
"UNIVERSIDAD DE MEDELLÍN","2024-01-10","","169.10497359"
"UNIVERSIDAD DE MEDELLÍN","2024-01-09","","218.1122371"
"UNIVERSIDAD DE MEDELLÍN","2024-01-08","","208.04900833"
"UNIVERSIDAD DE MEDELLÍN","2024-01-07","","180.2250472"
"UNIVERSIDAD DE MEDELLÍN","2024-01-06","","199.38517359"
"UNIVERSIDAD DE MEDELLÍN","2024-01-05","","205.6592387"
"UNIVERSIDAD DE MEDELLÍN","2024-01-04","","224.40517771"
"UNIVERSIDAD DE MEDELLÍN","2024-01-03","","196.80263425"
"UNIVERSIDAD DE MEDELLÍN","2024-01-02","","155.70851282"
"UNIVERSIDAD DE MEDELLÍN","2023-12-29","","257.00131693"
"UNIVERSIDAD DE MEDELLÍN","2023-12-28","","188.07408678"
"UNIVERSIDAD DE MEDELLÍN","2023-12-27","","228.85711551"
"UNIVERSIDAD DE MEDELLÍN","2023-12-26","","201.70644395"
"UNIVERSIDAD DE MEDELLÍN","2023-12-25","","187.59423804"
"UNIVERSIDAD DE MEDELLÍN","2023-12-24","","169.61858088"
"UNIVERSIDAD DE MEDELLÍN","2023-12-23","","128.8550188"
"UNIVERSIDAD DE MEDELLÍN","2023-12-22","","222.91317432"
"UNIVERSIDAD DE MEDELLÍN","2023-12-21","","176.53314749"
"UNIVERSIDAD DE MEDELLÍN","2023-12-20","","165.42702914"
"UNIVERSIDAD DE MEDELLÍN","2023-12-19","","147.88375808"
"UNIVERSIDAD DE MEDELLÍN","2023-12-18","","187.46380637"
"UNIVERSIDAD DE MEDELLÍN","2023-12-17","","175.26622012"
"UNIVERSIDAD DE MEDELLÍN","2023-12-16","","228.94473329"
"UNIVERSIDAD DE MEDELLÍN","2023-12-15","","196.08358542"
"UNIVERSIDAD DE MEDELLÍN","2023-12-14","","206.82690235"
"UNIVERSIDAD DE MEDELLÍN","2023-12-13","","212.02298245"
"UNIVERSIDAD DE MEDELLÍN","2023-12-12","","185.60217876"
"UNIVERSIDAD DE MEDELLÍN","2023-12-11","","169.20757429"
"UNIVERSIDAD DE MEDELLÍN","2023-12-10","","192.67841318"
"UNIVERSIDAD DE MEDELLÍN","2023-12-09","","185.75480769"
"UNIVERSIDAD DE MEDELLÍN","2023-12-08","","196.98766302"
"UNIVERSIDAD DE MEDELLÍN","2023-12-07","","210.73063177"
"UNIVERSIDAD DE MEDELLÍN","2023-12-06","","218.63373894"
"UNIVERSIDAD DE MEDELLÍN","2023-12-05","","168.93304889"
"UNIVERSIDAD DE MEDELLÍN","2023-12-04","","175.33798318"
"UNIVERSIDAD DE MEDELLÍN","2023-12-03","","173.93759401"
"UNIVERSIDAD DE MEDELLÍN","2023-12-02","","170.17781064"
"UNIVERSIDAD DE MEDELLÍN","2023-12-01","","168.34378172"
"UNIVERSIDAD DE MEDELLÍN","2023-11-30","","167.14560624"
"UNIVERSIDAD DE MEDELLÍN","2023-11-29","","215.56051443"
"UNIVERSIDAD DE MEDELLÍN","2023-11-28","","194.49959662"
"UNIVERSIDAD DE MEDELLÍN","2023-11-27","","200.04706716"
"UNIVERSIDAD DE MEDELLÍN","2023-11-26","","178.57667343"
"UNIVERSIDAD DE MEDELLÍN","2023-11-25","","232.69712364"
"UNIVERSIDAD DE MEDELLÍN","2023-11-24","","232.07520143"
"UNIVERSIDAD DE MEDELLÍN","2023-11-23","","229.54026917"
"UNIVERSIDAD DE MEDELLÍN","2023-11-22","","203.99517557"
"UNIVERSIDAD DE MEDELLÍN","2023-11-21","","195.64818447"
"UNIVERSIDAD DE MEDELLÍN","2023-11-20","","191.93998345"
"UNIVERSIDAD DE MEDELLÍN","2023-11-19","","191.25720573"
"UNIVERSIDAD DE MEDELLÍN","2023-11-18","","241.27146902"
"UNIVERSIDAD DE MEDELLÍN","2023-11-17","","213.59099303"
"UNIVERSIDAD DE MEDELLÍN","2023-11-16","","218.14329779"
"UNIVERSIDAD DE MEDELLÍN","2023-11-15","","199.56552369"
"UNIVERSIDAD DE MEDELLÍN","2023-11-14","","210.78621682"
"UNIVERSIDAD DE MEDELLÍN","2023-11-13","","173.44802776"
"UNIVERSIDAD DE MEDELLÍN","2023-11-12","","169.37375257"
"UNIVERSIDAD DE MEDELLÍN","2023-11-11","","216.46802891"
"UNIVERSIDAD DE MEDELLÍN","2023-11-10","","194.77786378"
"UNIVERSIDAD DE MEDELLÍN","2023-11-09","","261.31194933"
"UNIVERSIDAD DE MEDELLÍN","2023-11-08","","215.20562997"
"UNIVERSIDAD DE MEDELLÍN","2023-11-07","","184.59052598"
"UNIVERSIDAD DE MEDELLÍN","2023-11-06","","197.19712319"
"UNIVERSIDAD DE MEDELLÍN","2023-11-05","","171.7459081"
"UNIVERSIDAD DE MEDELLÍN","2023-11-04","","215.59403781"
"UNIVERSIDAD DE MEDELLÍN","2023-11-03","","210.62652546"
"UNIVERSIDAD DE MEDELLÍN","2023-11-02","","233.95784918"
"UNIVERSIDAD DE MEDELLÍN","2023-11-01","","207.54729508"
"UNIVERSIDAD DE MEDELLÍN","2023-10-31","","227.16207148"
"UNIVERSIDAD DE MEDELLÍN","2023-10-30","","196.25653463"
"UNIVERSIDAD DE MEDELLÍN","2023-10-29","","185.89221479"
"UNIVERSIDAD DE MEDELLÍN","2023-10-28","","214.14360157"
"UNIVERSIDAD DE MEDELLÍN","2023-10-27","","228.94458441"
"UNIVERSIDAD DE MEDELLÍN","2023-10-26","","237.5267678"
"UNIVERSIDAD DE MEDELLÍN","2023-10-25","","208.05233476"
"UNIVERSIDAD DE MEDELLÍN","2023-10-24","","208.60639705"
"UNIVERSIDAD DE MEDELLÍN","2023-10-23","","209.60569753"
"UNIVERSIDAD DE MEDELLÍN","2023-10-22","","191.82337119"
"UNIVERSIDAD DE MEDELLÍN","2023-10-21","","232.65353791"
"UNIVERSIDAD DE MEDELLÍN","2023-10-20","","192.27215016"
"UNIVERSIDAD DE MEDELLÍN","2023-10-19","","201.25033302"
"UNIVERSIDAD DE MEDELLÍN","2023-10-18","","180.10486497"
"UNIVERSIDAD DE MEDELLÍN","2023-10-17","","227.18821517"
"UNIVERSIDAD DE MEDELLÍN","2023-10-16","","121.42071311"
"UNIVERSIDAD DE MEDELLÍN","2023-10-15","","159.78699725"
"UNIVERSIDAD DE MEDELLÍN","2023-10-14","","162.18478131"
"UNIVERSIDAD DE MEDELLÍN","2023-10-13","","202.13901528"
"UNIVERSIDAD DE MEDELLÍN","2023-10-12","","211.48799559"
"UNIVERSIDAD DE MEDELLÍN","2023-10-11","","169.69096646"
"UNIVERSIDAD DE MEDELLÍN","2023-10-10","","173.50482771"
"UNIVERSIDAD DE MEDELLÍN","2023-10-09","","216.51203028"
"UNIVERSIDAD DE MEDELLÍN","2023-10-08","","234.88500369"
"UNIVERSIDAD DE MEDELLÍN","2023-10-07","","191.41978641"
"UNIVERSIDAD DE MEDELLÍN","2023-10-06","","224.07536291"
"UNIVERSIDAD DE MEDELLÍN","2023-10-05","","194.57402756"
"UNIVERSIDAD DE MEDELLÍN","2023-10-04","","224.82404192"
"UNIVERSIDAD DE MEDELLÍN","2023-10-03","","210.57571469"
"UNIVERSIDAD DE MEDELLÍN","2023-10-02","","201.76992121"
"UNIVERSIDAD DE MEDELLÍN","2023-10-01","","196.43960874"
"UNIVERSIDAD DE MEDELLÍN","2023-09-30","","179.05449556"
"UNIVERSIDAD DE MEDELLÍN","2023-09-29","","171.64328941"
"UNIVERSIDAD DE MEDELLÍN","2023-09-28","","162.91593589"
"UNIVERSIDAD DE MEDELLÍN","2023-09-27","","169.21545073"
"UNIVERSIDAD DE MEDELLÍN","2023-09-26","","147.91387142"
"UNIVERSIDAD DE MEDELLÍN","2023-09-25","","227.35604427"
"UNIVERSIDAD DE MEDELLÍN","2023-09-24","","201.46888598"
"UNIVERSIDAD DE MEDELLÍN","2023-09-23","","189.48334231"
"UNIVERSIDAD DE MEDELLÍN","2023-09-22","","184.9123002"
"UNIVERSIDAD DE MEDELLÍN","2023-09-21","","183.51850164"
"UNIVERSIDAD DE MEDELLÍN","2023-09-20","","188.90450034"
"UNIVERSIDAD DE MEDELLÍN","2023-09-19","","148.7338601"
"UNIVERSIDAD DE MEDELLÍN","2023-09-18","","201.11492845"
"UNIVERSIDAD DE MEDELLÍN","2023-09-17","","203.97505971"
"UNIVERSIDAD DE MEDELLÍN","2023-09-16","","176.00284109"
"UNIVERSIDAD DE MEDELLÍN","2023-09-15","","182.60188823"
"UNIVERSIDAD DE MEDELLÍN","2023-09-14","","207.24038481"
"UNIVERSIDAD DE MEDELLÍN","2023-09-13","","176.25874802"
"UNIVERSIDAD DE MEDELLÍN","2023-09-12","","176.92561669"
"UNIVERSIDAD DE MEDELLÍN","2023-09-11","","168.40174053"
"UNIVERSIDAD DE MEDELLÍN","2023-09-10","","165.41459055"
"UNIVERSIDAD DE MEDELLÍN","2023-09-09","","219.21334114"
"UNIVERSIDAD DE MEDELLÍN","2023-09-08","","155.48637403"
"UNIVERSIDAD DE MEDELLÍN","2023-09-07","","190.96783828"
"UNIVERSIDAD DE MEDELLÍN","2023-09-06","","174.19194338"
"UNIVERSIDAD DE MEDELLÍN","2023-09-05","","169.73460191"
"UNIVERSIDAD DE MEDELLÍN","2023-09-04","","159.34463022"
"UNIVERSIDAD DE MEDELLÍN","2023-09-03","","195.88921812"
"UNIVERSIDAD DE MEDELLÍN","2023-09-02","","207.96130466"
"UNIVERSIDAD DE MEDELLÍN","2023-09-01","","171.24986772"
"UNIVERSIDAD DE MEDELLÍN","2023-08-31","","182.58029438"
"UNIVERSIDAD DE MEDELLÍN","2023-08-30","","191.20646417"
"UNIVERSIDAD DE MEDELLÍN","2023-08-29","","224.37560501"
"UNIVERSIDAD DE MEDELLÍN","2023-08-28","","194.2345237"
"UNIVERSIDAD DE MEDELLÍN","2023-08-23","","193.64791061"
"UNIVERSIDAD DE MEDELLÍN","2023-08-22","","217.20814007"
"UNIVERSIDAD DE MEDELLÍN","2023-08-21","","196.33186699"
"UNIVERSIDAD DE MEDELLÍN","2023-08-20","","186.29711272"
"UNIVERSIDAD DE MEDELLÍN","2023-08-19","","198.77679665"
"UNIVERSIDAD DE MEDELLÍN","2023-08-18","","200.0048641"
"UNIVERSIDAD DE MEDELLÍN","2023-08-17","","208.57998182"
"UNIVERSIDAD DE MEDELLÍN","2023-08-16","","192.51767779"
"UNIVERSIDAD DE MEDELLÍN","2023-08-15","","198.24892653"
"UNIVERSIDAD DE MEDELLÍN","2023-08-14","","165.67304262"
"UNIVERSIDAD DE MEDELLÍN","2023-08-13","","207.63546532"
"UNIVERSIDAD DE MEDELLÍN","2023-08-12","","140.46300388"
"UNIVERSIDAD DE MEDELLÍN","2023-08-11","","172.13140874"
"UNIVERSIDAD DE MEDELLÍN","2023-08-10","","234.96897387"
"UNIVERSIDAD DE MEDELLÍN","2023-08-09","","208.44128291"
"UNIVERSIDAD DE MEDELLÍN","2023-08-08","","163.67586155"
"UNIVERSIDAD DE MEDELLÍN","2023-08-07","","149.66105352"
"UNIVERSIDAD DE MEDELLÍN","2023-08-06","","169.73505956"
"UNIVERSIDAD DE MEDELLÍN","2023-08-05","","139.8226802"
"UNIVERSIDAD DE MEDELLÍN","2023-08-04","","161.84261286"
"UNIVERSIDAD DE MEDELLÍN","2023-08-03","","174.68977483"
"UNIVERSIDAD DE MEDELLÍN","2023-08-02","","179.78163244"
"UNIVERSIDAD DE MEDELLÍN","2023-08-01","","177.86554522"
"UNIVERSIDAD DE MEDELLÍN","2023-07-31","","155.73668289"
"UNIVERSIDAD DE MEDELLÍN","2023-07-30","","180.25898708"
"UNIVERSIDAD DE MEDELLÍN","2023-07-29","","184.11306101"
"UNIVERSIDAD DE MEDELLÍN","2023-07-28","","143.84304636"
"UNIVERSIDAD DE MEDELLÍN","2023-07-27","","203.40235521"
"UNIVERSIDAD DE MEDELLÍN","2023-07-26","","208.58739699"
"UNIVERSIDAD DE MEDELLÍN","2023-07-25","","164.16287209"
"UNIVERSIDAD DE MEDELLÍN","2023-07-24","","174.57326853"
"UNIVERSIDAD DE MEDELLÍN","2023-07-23","","147.76198127"
"UNIVERSIDAD DE MEDELLÍN","2023-07-22","","193.77852651"
"UNIVERSIDAD DE MEDELLÍN","2023-07-21","","184.85974355"
"UNIVERSIDAD DE MEDELLÍN","2023-07-20","","190.52807838"
"UNIVERSIDAD DE MEDELLÍN","2023-07-19","","181.9328172"
"UNIVERSIDAD DE MEDELLÍN","2023-07-18","","177.20885133"
"UNIVERSIDAD DE MEDELLÍN","2023-07-17","","200.15140154"
"UNIVERSIDAD DE MEDELLÍN","2023-07-16","","206.23974044"
"UNIVERSIDAD DE MEDELLÍN","2023-07-15","","151.06726772"
"UNIVERSIDAD DE MEDELLÍN","2023-07-14","","204.21207077"
"UNIVERSIDAD DE MEDELLÍN","2023-07-13","","176.87518529"
"UNIVERSIDAD DE MEDELLÍN","2023-07-12","","185.75042987"
"UNIVERSIDAD DE MEDELLÍN","2023-07-11","","172.70529367"
"UNIVERSIDAD DE MEDELLÍN","2023-07-10","","195.52741031"
"UNIVERSIDAD DE MEDELLÍN","2023-07-09","","169.80381378"
"UNIVERSIDAD DE MEDELLÍN","2023-07-08","","157.02147461"
"UNIVERSIDAD DE MEDELLÍN","2023-07-07","","177.61161284"
"UNIVERSIDAD DE MEDELLÍN","2023-07-06","","208.5496549"
"UNIVERSIDAD DE MEDELLÍN","2023-07-05","","226.88552325"
"UNIVERSIDAD DE MEDELLÍN","2023-07-04","","154.30269685"
"UNIVERSIDAD DE MEDELLÍN","2023-07-03","","174.24673295"
"UNIVERSIDAD DE MEDELLÍN","2023-07-02","","184.206182"
"UNIVERSIDAD DE MEDELLÍN","2023-07-01","","224.44904641"
"UNIVERSIDAD DE MEDELLÍN","2023-06-30","","184.05105057"
"UNIVERSIDAD DE MEDELLÍN","2023-06-29","","169.95987471"
"UNIVERSIDAD DE MEDELLÍN","2023-06-28","","157.4310109"
"UNIVERSIDAD DE MEDELLÍN","2023-06-27","","179.07473965"
"UNIVERSIDAD DE MEDELLÍN","2023-06-26","","189.84001463"
"UNIVERSIDAD DE MEDELLÍN","2023-06-25","","173.95077543"
"UNIVERSIDAD DE MEDELLÍN","2023-06-24","","212.3705312"
"UNIVERSIDAD DE MEDELLÍN","2023-06-23","","176.88622221"
"UNIVERSIDAD DE MEDELLÍN","2023-06-22","","150.91121216"
"UNIVERSIDAD DE MEDELLÍN","2023-06-21","","177.66906946"
"UNIVERSIDAD DE MEDELLÍN","2023-06-20","","203.10105588"
"UNIVERSIDAD DE MEDELLÍN","2023-06-19","","182.25509788"
"UNIVERSIDAD DE MEDELLÍN","2023-06-18","","184.38700546"
"UNIVERSIDAD DE MEDELLÍN","2023-06-17","","241.14626154"
"UNIVERSIDAD DE MEDELLÍN","2023-06-16","","177.98897287"
"UNIVERSIDAD DE MEDELLÍN","2023-06-15","","219.76138179"
"UNIVERSIDAD DE MEDELLÍN","2023-06-14","","170.26604525"
"UNIVERSIDAD DE MEDELLÍN","2023-06-13","","205.6279447"
"UNIVERSIDAD DE MEDELLÍN","2023-06-12","","188.36345143"
"UNIVERSIDAD DE MEDELLÍN","2023-06-11","","155.53245812"
"UNIVERSIDAD DE MEDELLÍN","2023-06-10","","151.74980048"
"UNIVERSIDAD DE MEDELLÍN","2023-06-09","","164.12328001"
"UNIVERSIDAD DE MEDELLÍN","2023-06-08","","175.81356915"
"UNIVERSIDAD DE MEDELLÍN","2023-06-07","","214.34302455"
"UNIVERSIDAD DE MEDELLÍN","2023-06-06","","216.69705956"
"UNIVERSIDAD DE MEDELLÍN","2023-06-05","","244.19980108"
"UNIVERSIDAD DE MEDELLÍN","2023-06-04","","201.74312069"
"UNIVERSIDAD DE MEDELLÍN","2023-06-03","","221.88194"
"UNIVERSIDAD DE MEDELLÍN","2023-06-02","","223.24978754"
"UNIVERSIDAD DE MEDELLÍN","2023-06-01","","226.06363353"
"UNIVERSIDAD DE MEDELLÍN","2023-05-31","","192.83706995"
"UNIVERSIDAD DE MEDELLÍN","2023-05-30","","187.22750903"
"UNIVERSIDAD DE MEDELLÍN","2023-05-29","","195.26110124"
"UNIVERSIDAD DE MEDELLÍN","2023-05-28","","177.37357011"
"UNIVERSIDAD DE MEDELLÍN","2023-05-27","","219.25772412"
"UNIVERSIDAD DE MEDELLÍN","2023-05-26","","206.96736914"
"UNIVERSIDAD DE MEDELLÍN","2023-05-25","","198.93350113"
"UNIVERSIDAD DE MEDELLÍN","2023-05-24","","204.30671582"
"UNIVERSIDAD DE MEDELLÍN","2023-05-23","","188.69494151"
"UNIVERSIDAD DE MEDELLÍN","2023-05-22","","188.89787955"
"UNIVERSIDAD DE MEDELLÍN","2023-05-21","","205.52775798"
"UNIVERSIDAD DE MEDELLÍN","2023-05-20","","187.70380042"
"UNIVERSIDAD DE MEDELLÍN","2023-05-19","","163.45769439"
"UNIVERSIDAD DE MEDELLÍN","2023-05-18","","190.94385006"
"UNIVERSIDAD DE MEDELLÍN","2023-05-17","","182.17123719"
"UNIVERSIDAD DE MEDELLÍN","2023-04-27","","186.06086831"
"UNIVERSIDAD DE MEDELLÍN","2023-04-26","","196.63269112"
"UNIVERSIDAD DE MEDELLÍN","2023-04-25","","181.444866"
"UNIVERSIDAD DE MEDELLÍN","2023-04-24","","186.01230265"
"UNIVERSIDAD DE MEDELLÍN","2023-04-23","","188.0260343"
"UNIVERSIDAD DE MEDELLÍN","2023-04-22","","184.13207002"
"UNIVERSIDAD DE MEDELLÍN","2023-04-21","","219.58372124"
"UNIVERSIDAD DE MEDELLÍN","2023-04-20","","172.72581365"
"UNIVERSIDAD DE MEDELLÍN","2023-04-19","","191.13232502"
"UNIVERSIDAD DE MEDELLÍN","2023-04-18","","189.85456403"
"UNIVERSIDAD DE MEDELLÍN","2023-04-17","","171.78053649"
"UNIVERSIDAD DE MEDELLÍN","2023-04-16","","180.02742748"
"UNIVERSIDAD DE MEDELLÍN","2023-04-15","","211.20834108"
"UNIVERSIDAD DE MEDELLÍN","2023-04-14","","203.11848422"
"UNIVERSIDAD DE MEDELLÍN","2023-04-13","","225.57099014"
"UNIVERSIDAD DE MEDELLÍN","2023-04-12","","239.65499815"
"UNIVERSIDAD DE MEDELLÍN","2023-04-11","","201.27679551"
"UNIVERSIDAD DE MEDELLÍN","2023-04-10","","197.58978137"
"UNIVERSIDAD DE MEDELLÍN","2023-04-09","","163.66687235"
"UNIVERSIDAD DE MEDELLÍN","2023-04-08","","149.69518006"
"UNIVERSIDAD DE MEDELLÍN","2023-04-07","","200.01769068"
"UNIVERSIDAD DE MEDELLÍN","2023-04-06","","228.18778043"
"UNIVERSIDAD DE MEDELLÍN","2023-04-05","","176.09243619"
"UNIVERSIDAD DE MEDELLÍN","2023-04-04","","242.28514807"
"UNIVERSIDAD DE MEDELLÍN","2023-04-03","","179.13476775"
"UNIVERSIDAD DE MEDELLÍN","2023-04-02","","174.96534271"
"UNIVERSIDAD DE MEDELLÍN","2023-04-01","","209.78462087"
"UNIVERSIDAD DE MEDELLÍN","2023-03-31","","205.55140496"
"UNIVERSIDAD DE MEDELLÍN","2023-03-30","","167.08510519"
"UNIVERSIDAD DE MEDELLÍN","2023-03-29","","192.62780045"
"UNIVERSIDAD DE MEDELLÍN","2023-03-28","","190.71624653"
"UNIVERSIDAD DE MEDELLÍN","2023-03-27","","219.31090393"
"UNIVERSIDAD DE MEDELLÍN","2023-03-26","","144.22630473"
"UNIVERSIDAD DE MEDELLÍN","2023-03-25","","207.73632053"
"UNIVERSIDAD DE MEDELLÍN","2023-03-24","","191.94197614"
"UNIVERSIDAD DE MEDELLÍN","2023-03-23","","198.69092848"
"UNIVERSIDAD DE MEDELLÍN","2023-03-22","","223.29742664"
"UNIVERSIDAD DE MEDELLÍN","2023-03-21","","194.97842997"
"UNIVERSIDAD DE MEDELLÍN","2023-03-20","","207.75237068"
"UNIVERSIDAD DE MEDELLÍN","2023-03-19","","188.39212931"
"UNIVERSIDAD DE MEDELLÍN","2023-03-18","","191.70529456"
"UNIVERSIDAD DE MEDELLÍN","2023-03-17","","188.29091711"
"UNIVERSIDAD DE MEDELLÍN","2023-03-16","","203.26435684"
"UNIVERSIDAD DE MEDELLÍN","2023-03-15","","189.3142224"
"UNIVERSIDAD DE MEDELLÍN","2023-03-14","","187.59038408"
"UNIVERSIDAD DE MEDELLÍN","2023-03-13","","199.35883893"
"UNIVERSIDAD DE MEDELLÍN","2023-03-12","","163.84631978"
"UNIVERSIDAD DE MEDELLÍN","2023-03-11","","182.0119243"
"UNIVERSIDAD DE MEDELLÍN","2023-03-10","","193.78148083"
"UNIVERSIDAD DE MEDELLÍN","2023-03-09","","244.23899244"
"UNIVERSIDAD DE MEDELLÍN","2023-03-08","","175.61301725"
"UNIVERSIDAD DE MEDELLÍN","2023-03-07","","212.41963729"
"UNIVERSIDAD DE MEDELLÍN","2023-03-06","","139.77729359"
"UNIVERSIDAD DE MEDELLÍN","2023-03-05","","209.53123044"
"UNIVERSIDAD DE MEDELLÍN","2023-03-04","","170.04286514"
"UNIVERSIDAD DE MEDELLÍN","2023-03-03","","178.99316787"
"UNIVERSIDAD DE MEDELLÍN","2023-03-02","","185.61725385"
"UNIVERSIDAD DE MEDELLÍN","2023-03-01","","181.05242222"
"UNIVERSIDAD DE MEDELLÍN","2023-02-28","","149.8936287"
"UNIVERSIDAD DE MEDELLÍN","2023-02-27","","179.99595552"
"UNIVERSIDAD DE MEDELLÍN","2023-02-26","","178.70859245"
"UNIVERSIDAD DE MEDELLÍN","2023-02-25","","201.81427154"
"UNIVERSIDAD DE MEDELLÍN","2023-02-24","","183.12732338"
"UNIVERSIDAD DE MEDELLÍN","2023-02-23","","224.3079264"
"UNIVERSIDAD DE MEDELLÍN","2023-02-22","","199.18999882"
"UNIVERSIDAD DE MEDELLÍN","2023-02-21","","212.75755723"
"UNIVERSIDAD DE MEDELLÍN","2023-02-20","","214.66496713"
"UNIVERSIDAD DE MEDELLÍN","2023-02-19","","180.80351419"
"UNIVERSIDAD DE MEDELLÍN","2023-02-18","","163.25921175"
"UNIVERSIDAD DE MEDELLÍN","2023-02-17","","147.75472814"
"UNIVERSIDAD DE MEDELLÍN","2023-02-16","","177.88786668"
"UNIVERSIDAD DE MEDELLÍN","2023-02-15","","182.98826971"
"UNIVERSIDAD DE MEDELLÍN","2023-02-14","","170.34530505"
"UNIVERSIDAD DE MEDELLÍN","2023-02-13","","147.84603775"
"UNIVERSIDAD DE MEDELLÍN","2023-02-12","","222.54124932"
"UNIVERSIDAD DE MEDELLÍN","2023-02-11","","139.93774985"
"UNIVERSIDAD DE MEDELLÍN","2023-02-10","","182.24259984"
"UNIVERSIDAD DE MEDELLÍN","2023-02-09","","185.44626159"
"UNIVERSIDAD DE MEDELLÍN","2023-02-08","","221.5754541"
"UNIVERSIDAD DE MEDELLÍN","2023-02-07","","206.18768998"
"UNIVERSIDAD DE MEDELLÍN","2023-02-06","","197.45694354"
"UNIVERSIDAD DE MEDELLÍN","2023-02-05","","152.60222418"
"UNIVERSIDAD DE MEDELLÍN","2023-02-04","","221.88812041"
"UNIVERSIDAD DE MEDELLÍN","2023-02-03","","208.12188675"
"UNIVERSIDAD DE MEDELLÍN","2023-02-02","","159.90468152"
"UNIVERSIDAD DE MEDELLÍN","2023-02-01","","157.51313152"
"UNIVERSIDAD DE MEDELLÍN","2023-01-31","","193.26094637"
"UNIVERSIDAD DE MEDELLÍN","2023-01-30","","199.7744228"
"UNIVERSIDAD DE MEDELLÍN","2023-01-29","","214.05237191"
"UNIVERSIDAD DE MEDELLÍN","2023-01-28","","141.73411009"
"UNIVERSIDAD DE MEDELLÍN","2023-01-27","","176.64847873"
"UNIVERSIDAD DE MEDELLÍN","2023-01-26","","163.49541207"
"UNIVERSIDAD DE MEDELLÍN","2023-01-25","","192.2712553"
"UNIVERSIDAD DE MEDELLÍN","2023-01-24","","208.5018"
"UNIVERSIDAD DE MEDELLÍN","2023-01-23","","197.40543715"
"UNIVERSIDAD DE MEDELLÍN","2023-01-22","","182.86653627"
"UNIVERSIDAD DE MEDELLÍN","2023-01-21","","219.07209286"
"UNIVERSIDAD DE MEDELLÍN","2023-01-20","","169.05625477"
"UNIVERSIDAD DE MEDELLÍN","2023-01-19","","187.04801805"
"UNIVERSIDAD DE MEDELLÍN","2023-01-18","","217.83591408"
"UNIVERSIDAD DE MEDELLÍN","2023-01-17","","221.57818983"
"UNIVERSIDAD DE MEDELLÍN","2023-01-16","","203.32611752"
"UNIVERSIDAD DE MEDELLÍN","2023-01-15","","187.4985394"
"UNIVERSIDAD DE MEDELLÍN","2023-01-14","","188.36576321"
"UNIVERSIDAD DE MEDELLÍN","2023-01-13","","194.78321847"
"UNIVERSIDAD DE MEDELLÍN","2023-01-12","","177.20796821"
"UNIVERSIDAD DE MEDELLÍN","2023-01-11","","201.77010557"
"UNIVERSIDAD DE MEDELLÍN","2023-01-10","","192.88178514"
"UNIVERSIDAD DE MEDELLÍN","2023-01-09","","202.81451264"
"UNIVERSIDAD DE MEDELLÍN","2023-01-08","","192.12654621"
"UNIVERSIDAD DE MEDELLÍN","2023-01-07","","145.07746388"
"UNIVERSIDAD DE MEDELLÍN","2023-01-06","","192.01315408"
"UNIVERSIDAD DE MEDELLÍN","2023-01-05","","204.83271745"
"UNIVERSIDAD DE MEDELLÍN","2023-01-04","","221.04338319"
"UNIVERSIDAD DE MEDELLÍN","2023-01-03","","204.41533937"
"UNIVERSIDAD DE MEDELLÍN","2023-01-02","","197.83913651"
"UNIVERSIDAD DE MEDELLÍN","2023-01-01","","185.19581262"
"UNIVERSIDAD DE MEDELLÍN","2022-12-31","","203.22920294"
"UNIVERSIDAD DE MEDELLÍN","2022-12-30","","205.64908996"
"UNIVERSIDAD DE MEDELLÍN","2022-12-29","","183.88550646"
"UNIVERSIDAD DE MEDELLÍN","2022-12-28","","178.51713136"
"UNIVERSIDAD DE MEDELLÍN","2022-12-27","","220.41870737"
"UNIVERSIDAD DE MEDELLÍN","2022-12-26","","196.56885315"
"UNIVERSIDAD DE MEDELLÍN","2022-12-25","","196.52658177"
"UNIVERSIDAD DE MEDELLÍN","2022-12-24","","212.32033067"
"UNIVERSIDAD DE MEDELLÍN","2022-12-23","","231.94509883"
"UNIVERSIDAD DE MEDELLÍN","2022-12-22","","180.20141334"
"UNIVERSIDAD DE MEDELLÍN","2022-12-21","","222.70464401"
"UNIVERSIDAD DE MEDELLÍN","2022-12-20","","175.71402205"
"UNIVERSIDAD DE MEDELLÍN","2022-12-19","","201.62741354"
"UNIVERSIDAD DE MEDELLÍN","2022-12-18","","196.32182333"
"UNIVERSIDAD DE MEDELLÍN","2022-12-17","","201.77993702"
"UNIVERSIDAD DE MEDELLÍN","2022-12-16","","175.48767357"
"UNIVERSIDAD DE MEDELLÍN","2022-12-15","","213.70497532"
"UNIVERSIDAD DE MEDELLÍN","2022-12-14","","161.03328315"
"UNIVERSIDAD DE MEDELLÍN","2022-12-13","","196.87870055"
"UNIVERSIDAD DE MEDELLÍN","2022-12-12","","191.24597451"
"UNIVERSIDAD DE MEDELLÍN","2022-12-11","","201.8186828"
"UNIVERSIDAD DE MEDELLÍN","2022-12-10","","157.55573325"
"UNIVERSIDAD DE MEDELLÍN","2022-12-09","","173.60678771"
"UNIVERSIDAD DE MEDELLÍN","2022-12-08","","138.47886294"
"UNIVERSIDAD DE MEDELLÍN","2022-12-07","","173.69060131"
"UNIVERSIDAD DE MEDELLÍN","2022-12-06","","167.36668979"
"UNIVERSIDAD DE MEDELLÍN","2022-12-05","","172.2724831"
"UNIVERSIDAD DE MEDELLÍN","2022-12-04","","217.02069483"
"UNIVERSIDAD DE MEDELLÍN","2022-12-03","","201.03158405"
"UNIVERSIDAD DE MEDELLÍN","2022-12-02","","213.61898755"
"UNIVERSIDAD DE MEDELLÍN","2022-12-01","","198.35671468"
"UNIVERSIDAD DE MEDELLÍN","2022-11-30","","184.12886977"
"UNIVERSIDAD DE MEDELLÍN","2022-11-29","","201.28921727"
"UNIVERSIDAD DE MEDELLÍN","2022-11-28","","216.73438116"
"UNIVERSIDAD DE MEDELLÍN","2022-11-27","","206.9348078"
"UNIVERSIDAD DE MEDELLÍN","2022-11-26","","202.86716217"
"UNIVERSIDAD DE MEDELLÍN","2022-11-25","","180.15075766"
"UNIVERSIDAD DE MEDELLÍN","2022-11-24","","166.10544015"
"UNIVERSIDAD DE MEDELLÍN","2022-11-23","","214.26271601"
"UNIVERSIDAD DE MEDELLÍN","2022-11-22","","205.12487145"
"UNIVERSIDAD DE MEDELLÍN","2022-11-21","","163.39571109"
"UNIVERSIDAD DE MEDELLÍN","2022-11-20","","194.10662174"
"UNIVERSIDAD DE MEDELLÍN","2022-11-19","","206.22549973"
"UNIVERSIDAD DE MEDELLÍN","2022-11-18","","181.08466326"
"UNIVERSIDAD DE MEDELLÍN","2022-11-17","","206.51108225"
"UNIVERSIDAD DE MEDELLÍN","2022-11-16","","192.1826554"
"UNIVERSIDAD DE MEDELLÍN","2022-11-15","","214.54056572"
"UNIVERSIDAD DE MEDELLÍN","2022-11-14","","150.00893354"
"UNIVERSIDAD DE MEDELLÍN","2022-11-13","","173.43330603"
"UNIVERSIDAD DE MEDELLÍN","2022-11-12","","181.74890939"
"UNIVERSIDAD DE MEDELLÍN","2022-11-11","","168.4247396"
"UNIVERSIDAD DE MEDELLÍN","2022-11-10","","187.14577187"
"UNIVERSIDAD DE MEDELLÍN","2022-11-09","","183.2971636"
"UNIVERSIDAD DE MEDELLÍN","2022-11-08","","171.40779745"
"UNIVERSIDAD DE MEDELLÍN","2022-11-07","","198.33525971"
"UNIVERSIDAD DE MEDELLÍN","2022-11-06","","173.94606729"
"UNIVERSIDAD DE MEDELLÍN","2022-11-05","","205.54912248"
"UNIVERSIDAD DE MEDELLÍN","2022-11-04","","213.03805889"
"UNIVERSIDAD DE MEDELLÍN","2022-11-03","","207.6954229"
"UNIVERSIDAD DE MEDELLÍN","2022-11-02","","175.13659876"
"UNIVERSIDAD DE MEDELLÍN","2022-11-01","","199.57163328"
"UNIVERSIDAD DE MEDELLÍN","2022-10-31","","170.22467154"
"UNIVERSIDAD DE MEDELLÍN","2022-10-30","","177.53436322"
"UNIVERSIDAD DE MEDELLÍN","2022-10-29","","214.60754071"
"UNIVERSIDAD DE MEDELLÍN","2022-10-28","","202.24520229"
"UNIVERSIDAD DE MEDELLÍN","2022-10-27","","191.94747229"
"UNIVERSIDAD DE MEDELLÍN","2022-10-26","","204.76102997"
"UNIVERSIDAD DE MEDELLÍN","2022-10-25","","204.57852541"
"UNIVERSIDAD DE MEDELLÍN","2022-10-24","","198.56362662"
"UNIVERSIDAD DE MEDELLÍN","2022-10-23","","191.23459081"
"UNIVERSIDAD DE MEDELLÍN","2022-10-22","","160.01960654"
"UNIVERSIDAD DE MEDELLÍN","2022-10-21","","183.11786612"
"UNIVERSIDAD DE MEDELLÍN","2022-10-20","","193.14651171"
"UNIVERSIDAD DE MEDELLÍN","2022-10-19","","182.10940415"
"UNIVERSIDAD DE MEDELLÍN","2022-10-18","","166.2930053"
"UNIVERSIDAD DE MEDELLÍN","2022-10-17","","198.04266708"
"UNIVERSIDAD DE MEDELLÍN","2022-10-16","","187.5612063"
"UNIVERSIDAD DE MEDELLÍN","2022-10-15","","155.26423296"
"UNIVERSIDAD DE MEDELLÍN","2022-10-14","","202.23553835"
"UNIVERSIDAD DE MEDELLÍN","2022-10-13","","212.06619726"
"UNIVERSIDAD DE MEDELLÍN","2022-10-12","","205.43179048"
"UNIVERSIDAD DE MEDELLÍN","2022-10-11","","179.12596083"
"UNIVERSIDAD DE MEDELLÍN","2022-10-10","","188.81390188"
"UNIVERSIDAD DE MEDELLÍN","2022-10-09","","198.4612846"
"UNIVERSIDAD DE MEDELLÍN","2022-10-08","","219.78956059"
"UNIVERSIDAD DE MEDELLÍN","2022-10-07","","192.83227532"
"UNIVERSIDAD DE MEDELLÍN","2022-10-06","","185.89179112"
"UNIVERSIDAD DE MEDELLÍN","2022-10-05","","155.33484655"
"UNIVERSIDAD DE MEDELLÍN","2022-10-04","","166.84101446"
"UNIVERSIDAD DE MEDELLÍN","2022-10-03","","203.53663295"
"UNIVERSIDAD DE MEDELLÍN","2022-10-02","","144.01586638"
"UNIVERSIDAD DE MEDELLÍN","2022-10-01","","176.47884634"
"UNIVERSIDAD DE MEDELLÍN","2022-09-30","","180.97541834"
"UNIVERSIDAD DE MEDELLÍN","2022-09-29","","234.67552517"
"UNIVERSIDAD DE MEDELLÍN","2022-09-28","","178.17995914"
"UNIVERSIDAD DE MEDELLÍN","2022-09-27","","183.84323074"
"UNIVERSIDAD DE MEDELLÍN","2022-09-26","","199.46872541"
"UNIVERSIDAD DE MEDELLÍN","2022-09-25","","189.97405544"
"UNIVERSIDAD DE MEDELLÍN","2022-09-24","","189.03776518"
"UNIVERSIDAD DE MEDELLÍN","2022-09-23","","184.98845287"
"UNIVERSIDAD DE MEDELLÍN","2022-09-22","","172.83402015"
"UNIVERSIDAD DE MEDELLÍN","2022-09-21","","183.35107582"
"UNIVERSIDAD DE MEDELLÍN","2022-09-20","","198.64545311"
"UNIVERSIDAD DE MEDELLÍN","2022-09-19","","195.2433379"
"UNIVERSIDAD DE MEDELLÍN","2022-09-18","","166.58964948"
"UNIVERSIDAD DE MEDELLÍN","2022-09-17","","177.74779761"
"UNIVERSIDAD DE MEDELLÍN","2022-09-16","","174.66104231"
"UNIVERSIDAD DE MEDELLÍN","2022-09-15","","165.28554261"
"UNIVERSIDAD DE MEDELLÍN","2022-09-14","","199.56837539"
"UNIVERSIDAD DE MEDELLÍN","2022-09-13","","196.48403072"
"UNIVERSIDAD DE MEDELLÍN","2022-09-12","","186.30350833"
"UNIVERSIDAD DE MEDELLÍN","2022-09-11","","197.60441446"
"UNIVERSIDAD DE MEDELLÍN","2022-09-10","","154.76393562"
"UNIVERSIDAD DE MEDELLÍN","2022-09-09","","175.41594367"
"UNIVERSIDAD DE MEDELLÍN","2022-09-08","","217.01017926"
"UNIVERSIDAD DE MEDELLÍN","2022-09-07","","188.19616362"
"UNIVERSIDAD DE MEDELLÍN","2022-09-06","","156.96898063"
"UNIVERSIDAD DE MEDELLÍN","2022-09-05","","189.25065997"
"UNIVERSIDAD DE MEDELLÍN","2022-09-04","","202.24958021"
"UNIVERSIDAD DE MEDELLÍN","2022-09-03","","187.39746707"
"UNIVERSIDAD DE MEDELLÍN","2022-09-02","","195.7109038"
"UNIVERSIDAD DE MEDELLÍN","2022-09-01","","212.44480745"
"UNIVERSIDAD DE MEDELLÍN","2022-08-31","","175.67607758"
"UNIVERSIDAD DE MEDELLÍN","2022-08-30","","187.99752532"
"UNIVERSIDAD DE MEDELLÍN","2022-08-29","","169.5427778"
"UNIVERSIDAD DE MEDELLÍN","2022-08-28","","170.46596331"
"UNIVERSIDAD DE MEDELLÍN","2022-08-27","","184.38656388"
"UNIVERSIDAD DE MEDELLÍN","2022-08-26","","155.12300014"
"UNIVERSIDAD DE MEDELLÍN","2022-08-25","","155.85947264"
"UNIVERSIDAD DE MEDELLÍN","2022-08-24","","154.41563018"
"UNIVERSIDAD DE MEDELLÍN","2022-08-23","","161.48722092"
"UNIVERSIDAD DE MEDELLÍN","2022-08-22","","192.11190256"
"UNIVERSIDAD DE MEDELLÍN","2022-08-21","","194.34093554"
"UNIVERSIDAD DE MEDELLÍN","2022-08-20","","202.64836749"
"UNIVERSIDAD DE MEDELLÍN","2022-08-19","","178.35321896"
"UNIVERSIDAD DE MEDELLÍN","2022-08-18","","184.50478124"
"UNIVERSIDAD DE MEDELLÍN","2022-08-17","","229.43795775"
"UNIVERSIDAD DE MEDELLÍN","2022-08-16","","211.67678694"
"UNIVERSIDAD DE MEDELLÍN","2022-08-15","","179.57791507"
"UNIVERSIDAD DE MEDELLÍN","2022-08-14","","148.48484887"
"UNIVERSIDAD DE MEDELLÍN","2022-08-13","","193.53097397"
"UNIVERSIDAD DE MEDELLÍN","2022-08-12","","176.63587196"
"UNIVERSIDAD DE MEDELLÍN","2022-08-11","","198.18194231"
"UNIVERSIDAD DE MEDELLÍN","2022-08-10","","199.83988324"
"UNIVERSIDAD DE MEDELLÍN","2022-08-09","","181.74055901"
"UNIVERSIDAD DE MEDELLÍN","2022-08-08","","133.86411074"
"UNIVERSIDAD DE MEDELLÍN","2022-08-07","","189.62804562"
"UNIVERSIDAD DE MEDELLÍN","2022-08-06","","182.65806952"
"UNIVERSIDAD DE MEDELLÍN","2022-08-05","","186.09827021"
"UNIVERSIDAD DE MEDELLÍN","2022-08-04","","224.37900011"
"UNIVERSIDAD DE MEDELLÍN","2022-08-03","","175.23377811"
"UNIVERSIDAD DE MEDELLÍN","2022-08-02","","189.2311333"
"UNIVERSIDAD DE MEDELLÍN","2022-08-01","","187.69800659"
"UNIVERSIDAD DE MEDELLÍN","2022-07-31","","197.67773033"
"UNIVERSIDAD DE MEDELLÍN","2022-07-30","","147.7795195"
"UNIVERSIDAD DE MEDELLÍN","2022-07-29","","157.39582643"
"UNIVERSIDAD DE MEDELLÍN","2022-07-28","","152.18096851"
"UNIVERSIDAD DE MEDELLÍN","2022-07-27","","201.58111138"
"UNIVERSIDAD DE MEDELLÍN","2022-07-26","","156.82139158"
"UNIVERSIDAD DE MEDELLÍN","2022-07-25","","160.64702023"
"UNIVERSIDAD DE MEDELLÍN","2022-07-24","","161.47665318"
"UNIVERSIDAD DE MEDELLÍN","2022-07-23","","191.56104125"
"UNIVERSIDAD DE MEDELLÍN","2022-07-22","","162.96372173"
"UNIVERSIDAD DE MEDELLÍN","2022-07-21","","120.36217876"
"UNIVERSIDAD DE MEDELLÍN","2022-07-20","","197.97991621"
"UNIVERSIDAD DE MEDELLÍN","2022-07-19","","164.6935918"
"UNIVERSIDAD DE MEDELLÍN","2022-07-18","","162.03965015"
"UNIVERSIDAD DE MEDELLÍN","2022-07-17","","173.55303289"
"UNIVERSIDAD DE MEDELLÍN","2022-07-16","","186.21523132"
"UNIVERSIDAD DE MEDELLÍN","2022-07-15","","207.02535248"
"UNIVERSIDAD DE MEDELLÍN","2022-07-14","","199.62086034"
"UNIVERSIDAD DE MEDELLÍN","2022-07-13","","206.40795002"
"UNIVERSIDAD DE MEDELLÍN","2022-07-12","","152.54903284"
"UNIVERSIDAD DE MEDELLÍN","2022-07-11","","187.79503089"
"UNIVERSIDAD DE MEDELLÍN","2022-07-10","","152.0077059"
"UNIVERSIDAD DE MEDELLÍN","2022-07-09","","167.75291521"
"UNIVERSIDAD DE MEDELLÍN","2022-07-08","","197.32869569"
"UNIVERSIDAD DE MEDELLÍN","2022-07-07","","200.29359702"
"UNIVERSIDAD DE MEDELLÍN","2022-07-06","","184.84735513"
"UNIVERSIDAD DE MEDELLÍN","2022-07-05","","155.03640398"
"UNIVERSIDAD DE MEDELLÍN","2022-07-04","","183.72954799"
"UNIVERSIDAD DE MEDELLÍN","2022-07-03","","184.52569262"
"UNIVERSIDAD DE MEDELLÍN","2022-07-02","","187.93470596"
"UNIVERSIDAD DE MEDELLÍN","2022-07-01","","187.0616969"
"UNIVERSIDAD DE MEDELLÍN","2022-06-30","","194.43492327"
"UNIVERSIDAD DE MEDELLÍN","2022-06-29","","159.36116608"
"UNIVERSIDAD DE MEDELLÍN","2022-06-28","","175.29162771"
"UNIVERSIDAD DE MEDELLÍN","2022-06-27","","207.74350568"
"UNIVERSIDAD DE MEDELLÍN","2022-06-26","","178.69104744"
"UNIVERSIDAD DE MEDELLÍN","2022-06-25","","195.38642303"
"UNIVERSIDAD DE MEDELLÍN","2022-06-24","","188.28191696"
"UNIVERSIDAD DE MEDELLÍN","2022-06-23","","190.40317117"
"UNIVERSIDAD DE MEDELLÍN","2022-06-22","","180.76251936"
"UNIVERSIDAD DE MEDELLÍN","2022-06-21","","191.14048318"
"UNIVERSIDAD DE MEDELLÍN","2022-06-20","","190.44593626"
"UNIVERSIDAD DE MEDELLÍN","2022-06-19","","187.28427892"
"UNIVERSIDAD DE MEDELLÍN","2022-06-18","","205.97174237"
"UNIVERSIDAD DE MEDELLÍN","2022-06-17","","198.04292939"
"UNIVERSIDAD DE MEDELLÍN","2022-06-16","","153.43064786"
"UNIVERSIDAD DE MEDELLÍN","2022-06-15","","163.46140127"
"UNIVERSIDAD DE MEDELLÍN","2022-06-14","","187.0185609"
"UNIVERSIDAD DE MEDELLÍN","2022-06-13","","199.70108994"
"UNIVERSIDAD DE MEDELLÍN","2022-06-12","","184.53559381"
"UNIVERSIDAD DE MEDELLÍN","2022-06-11","","151.16270508"
"UNIVERSIDAD DE MEDELLÍN","2022-06-10","","169.77540145"
"UNIVERSIDAD DE MEDELLÍN","2022-06-09","","147.08768106"
"UNIVERSIDAD DE MEDELLÍN","2022-06-08","","202.31906471"
"UNIVERSIDAD DE MEDELLÍN","2022-06-07","","210.4461886"
"UNIVERSIDAD DE MEDELLÍN","2022-06-06","","214.78184796"
"UNIVERSIDAD DE MEDELLÍN","2022-06-05","","176.04660535"
"UNIVERSIDAD DE MEDELLÍN","2022-06-04","","209.86160237"
"UNIVERSIDAD DE MEDELLÍN","2022-06-03","","172.71188375"
"UNIVERSIDAD DE MEDELLÍN","2022-06-02","","180.29393293"
"UNIVERSIDAD DE MEDELLÍN","2022-06-01","","173.46006084"
"UNIVERSIDAD DE MEDELLÍN","2022-05-31","","210.87386025"
"UNIVERSIDAD DE MEDELLÍN","2022-05-30","","188.22514775"
"UNIVERSIDAD DE MEDELLÍN","2022-05-29","","179.65263622"
"UNIVERSIDAD DE MEDELLÍN","2022-05-28","","198.7409677"
"UNIVERSIDAD DE MEDELLÍN","2022-05-27","","208.92842065"
"UNIVERSIDAD DE MEDELLÍN","2022-05-26","","198.0572956"
"UNIVERSIDAD DE MEDELLÍN","2022-05-25","","226.53813344"
"UNIVERSIDAD DE MEDELLÍN","2022-05-24","","190.69902049"
"UNIVERSIDAD DE MEDELLÍN","2022-05-23","","193.80628194"
"UNIVERSIDAD DE MEDELLÍN","2022-05-22","","209.03075809"
"UNIVERSIDAD DE MEDELLÍN","2022-05-21","","177.89853755"
"UNIVERSIDAD DE MEDELLÍN","2022-05-20","","198.38125346"
"UNIVERSIDAD DE MEDELLÍN","2022-05-19","","179.8472524"
"UNIVERSIDAD DE MEDELLÍN","2022-05-18","","184.84167027"
"UNIVERSIDAD DE MEDELLÍN","2022-05-17","","190.71173938"
"UNIVERSIDAD DE MEDELLÍN","2022-05-16","","213.84064831"
"UNIVERSIDAD DE MEDELLÍN","2022-05-15","","207.32541846"
"UNIVERSIDAD DE MEDELLÍN","2022-05-14","","174.01620193"
"UNIVERSIDAD DE MEDELLÍN","2022-05-13","","186.5921618"
"UNIVERSIDAD DE MEDELLÍN","2022-05-12","","161.17288161"
"UNIVERSIDAD DE MEDELLÍN","2022-05-11","","200.37065027"
"UNIVERSIDAD DE MEDELLÍN","2022-05-10","","201.64836239"
"UNIVERSIDAD DE MEDELLÍN","2022-05-09","","201.31727829"
"UNIVERSIDAD DE MEDELLÍN","2022-05-08","","185.58127883"
"UNIVERSIDAD DE MEDELLÍN","2022-05-07","","179.91594026"
"UNIVERSIDAD DE MEDELLÍN","2022-05-06","","192.72514496"
"UNIVERSIDAD DE MEDELLÍN","2022-05-05","","194.79692165"
"UNIVERSIDAD DE MEDELLÍN","2022-05-04","","218.17084594"
"UNIVERSIDAD DE MEDELLÍN","2022-05-03","","160.86063252"
"UNIVERSIDAD DE MEDELLÍN","2022-05-02","","176.21831266"
"UNIVERSIDAD DE MEDELLÍN","2022-05-01","","175.77840893"
"UNIVERSIDAD DE MEDELLÍN","2022-04-30","","207.53907732"
"UNIVERSIDAD DE MEDELLÍN","2022-04-29","","176.2512038"
"UNIVERSIDAD DE MEDELLÍN","2022-04-28","","195.25686086"
"UNIVERSIDAD DE MEDELLÍN","2022-04-27","","190.45335748"
"UNIVERSIDAD DE MEDELLÍN","2022-04-26","","206.84526206"
"UNIVERSIDAD DE MEDELLÍN","2022-04-25","","185.67308085"
"UNIVERSIDAD DE MEDELLÍN","2022-04-24","","204.84625456"
"UNIVERSIDAD DE MEDELLÍN","2022-04-23","","157.01523496"
"UNIVERSIDAD DE MEDELLÍN","2022-04-22","","194.50598385"
"UNIVERSIDAD DE MEDELLÍN","2022-04-21","","157.98046744"
"UNIVERSIDAD DE MEDELLÍN","2022-04-20","","214.83435339"
"UNIVERSIDAD DE MEDELLÍN","2022-04-19","","197.62424744"
"UNIVERSIDAD DE MEDELLÍN","2022-04-18","","213.92097635"
"UNIVERSIDAD DE MEDELLÍN","2022-04-17","","216.43044071"
"UNIVERSIDAD DE MEDELLÍN","2022-04-16","","234.82686791"
"UNIVERSIDAD DE MEDELLÍN","2022-04-15","","192.65851708"
"UNIVERSIDAD DE MEDELLÍN","2022-04-14","","213.5098657"
"UNIVERSIDAD DE MEDELLÍN","2022-04-13","","194.21339283"
"UNIVERSIDAD DE MEDELLÍN","2022-04-12","","152.9003178"
"UNIVERSIDAD DE MEDELLÍN","2022-04-11","","215.35840531"
"UNIVERSIDAD DE MEDELLÍN","2022-04-10","","179.43840863"
"UNIVERSIDAD DE MEDELLÍN","2022-04-09","","142.32859461"
"UNIVERSIDAD DE MEDELLÍN","2022-04-08","","155.43539112"
"UNIVERSIDAD DE MEDELLÍN","2022-04-07","","166.82655377"
"UNIVERSIDAD DE MEDELLÍN","2022-04-06","","212.46668196"
"UNIVERSIDAD DE MEDELLÍN","2022-04-05","","207.5659509"
"UNIVERSIDAD DE MEDELLÍN","2022-04-04","","184.14975048"
"UNIVERSIDAD DE MEDELLÍN","2022-04-03","","196.7935774"
"UNIVERSIDAD DE MEDELLÍN","2022-04-02","","185.14928787"
"UNIVERSIDAD DE MEDELLÍN","2022-04-01","","157.17178372"
"UNIVERSIDAD DE MEDELLÍN","2022-03-31","","195.13051042"
"UNIVERSIDAD DE MEDELLÍN","2022-03-30","","192.21231725"
"UNIVERSIDAD DE MEDELLÍN","2022-03-29","","179.37927943"
"UNIVERSIDAD DE MEDELLÍN","2022-03-28","","176.65448073"
"UNIVERSIDAD DE MEDELLÍN","2022-03-27","","167.76845358"
"UNIVERSIDAD DE MEDELLÍN","2022-03-26","","191.21068091"
"UNIVERSIDAD DE MEDELLÍN","2022-03-25","","196.29736837"
"UNIVERSIDAD DE MEDELLÍN","2022-03-24","","192.84919761"
"UNIVERSIDAD DE MEDELLÍN","2022-03-23","","182.94229235"
"UNIVERSIDAD DE MEDELLÍN","2022-03-22","","201.96415571"
"UNIVERSIDAD DE MEDELLÍN","2022-03-21","","198.65962499"
"UNIVERSIDAD DE MEDELLÍN","2022-03-20","","175.73736968"
"UNIVERSIDAD DE MEDELLÍN","2022-03-19","","227.5466978"
"UNIVERSIDAD DE MEDELLÍN","2022-03-18","","232.62380247"
"UNIVERSIDAD DE MEDELLÍN","2022-03-17","","198.9857793"
"UNIVERSIDAD DE MEDELLÍN","2022-03-16","","155.95091103"
"UNIVERSIDAD DE MEDELLÍN","2022-03-15","","204.13234755"
"UNIVERSIDAD DE MEDELLÍN","2022-03-14","","195.27456191"
"UNIVERSIDAD DE MEDELLÍN","2022-03-13","","184.29429046"
"UNIVERSIDAD DE MEDELLÍN","2022-03-12","","202.0614538"
"UNIVERSIDAD DE MEDELLÍN","2022-03-11","","167.66525363"
"UNIVERSIDAD DE MEDELLÍN","2022-03-10","","215.36601175"
"UNIVERSIDAD DE MEDELLÍN","2022-03-09","","216.5630435"
"UNIVERSIDAD DE MEDELLÍN","2022-03-08","","162.35340601"
"UNIVERSIDAD DE MEDELLÍN","2022-03-07","","227.7646875"
"UNIVERSIDAD DE MEDELLÍN","2022-03-06","","237.05836338"
"UNIVERSIDAD DE MEDELLÍN","2022-03-05","","199.90407095"
"UNIVERSIDAD DE MEDELLÍN","2022-03-04","","161.80021555"
"UNIVERSIDAD DE MEDELLÍN","2022-03-03","","214.30690259"
"UNIVERSIDAD DE MEDELLÍN","2022-03-02","","222.28803804"
"UNIVERSIDAD DE MEDELLÍN","2022-03-01","","144.18928364"
"UNIVERSIDAD DE MEDELLÍN","2022-02-28","","181.96502013"
"UNIVERSIDAD DE MEDELLÍN","2022-02-27","","143.92138616"
"UNIVERSIDAD DE MEDELLÍN","2022-02-26","","113.83614173"
"UNIVERSIDAD DE MEDELLÍN","2022-02-25","","139.13245623"
"UNIVERSIDAD DE MEDELLÍN","2022-02-24","","172.37516881"
"UNIVERSIDAD DE MEDELLÍN","2022-02-23","","176.6292485"
"UNIVERSIDAD DE MEDELLÍN","2022-02-22","","194.47626089"
"UNIVERSIDAD DE MEDELLÍN","2022-02-21","","181.2456151"
"UNIVERSIDAD DE MEDELLÍN","2022-02-20","","192.18189072"
"UNIVERSIDAD DE MEDELLÍN","2022-02-19","","205.5878481"
"UNIVERSIDAD DE MEDELLÍN","2022-02-18","","164.74332751"
"UNIVERSIDAD DE MEDELLÍN","2022-02-17","","154.92445187"
"UNIVERSIDAD DE MEDELLÍN","2022-02-16","","184.11018989"
"UNIVERSIDAD DE MEDELLÍN","2022-02-15","","170.83608949"
"UNIVERSIDAD DE MEDELLÍN","2022-02-14","","183.03957276"
"UNIVERSIDAD DE MEDELLÍN","2022-02-13","","189.55390631"
"UNIVERSIDAD DE MEDELLÍN","2022-02-12","","218.30658044"
"UNIVERSIDAD DE MEDELLÍN","2022-02-11","","212.69273441"
"UNIVERSIDAD DE MEDELLÍN","2022-02-10","","209.9282634"
"UNIVERSIDAD DE MEDELLÍN","2022-02-09","","209.6712595"
"UNIVERSIDAD DE MEDELLÍN","2022-02-08","","170.71337099"
"UNIVERSIDAD DE MEDELLÍN","2022-02-07","","130.11143519"
"UNIVERSIDAD DE MEDELLÍN","2022-02-06","","225.773655"
"UNIVERSIDAD DE MEDELLÍN","2022-02-05","","201.51859218"
"UNIVERSIDAD DE MEDELLÍN","2022-02-04","","183.18513129"
"UNIVERSIDAD DE MEDELLÍN","2022-02-03","","199.13364354"
"UNIVERSIDAD DE MEDELLÍN","2022-02-02","","180.45745692"
"UNIVERSIDAD DE MEDELLÍN","2022-02-01","","181.38309209"
"UNIVERSIDAD DE MEDELLÍN","2022-01-31","","201.15138018"
"UNIVERSIDAD DE MEDELLÍN","2022-01-30","","183.32204489"
"UNIVERSIDAD DE MEDELLÍN","2022-01-29","","225.38240536"
"UNIVERSIDAD DE MEDELLÍN","2022-01-28","","199.37214581"
"UNIVERSIDAD DE MEDELLÍN","2022-01-27","","207.32797274"
"UNIVERSIDAD DE MEDELLÍN","2022-01-26","","189.76026088"
"UNIVERSIDAD DE MEDELLÍN","2022-01-25","","208.46805098"
"UNIVERSIDAD DE MEDELLÍN","2022-01-24","","186.73485211"
"UNIVERSIDAD DE MEDELLÍN","2022-01-23","","173.14111421"
"UNIVERSIDAD DE MEDELLÍN","2022-01-22","","223.42050054"
"UNIVERSIDAD DE MEDELLÍN","2022-01-21","","195.59456245"
"UNIVERSIDAD DE MEDELLÍN","2022-01-20","","175.59933641"
"UNIVERSIDAD DE MEDELLÍN","2022-01-19","","171.41893338"
"UNIVERSIDAD DE MEDELLÍN","2022-01-18","","181.01445474"
"UNIVERSIDAD DE MEDELLÍN","2022-01-17","","192.61751281"
"UNIVERSIDAD DE MEDELLÍN","2022-01-16","","161.41213375"
"UNIVERSIDAD DE MEDELLÍN","2022-01-15","","169.0909876"
"UNIVERSIDAD DE MEDELLÍN","2022-01-14","","150.66343183"
"UNIVERSIDAD DE MEDELLÍN","2022-01-13","","185.59239848"
"UNIVERSIDAD DE MEDELLÍN","2022-01-12","","176.48562276"
"UNIVERSIDAD DE MEDELLÍN","2022-01-11","","211.88625155"
"UNIVERSIDAD DE MEDELLÍN","2022-01-10","","138.17767676"
"UNIVERSIDAD DE MEDELLÍN","2022-01-09","","216.39830058"
"UNIVERSIDAD DE MEDELLÍN","2022-01-08","","191.84165183"
"UNIVERSIDAD DE MEDELLÍN","2022-01-07","","162.12324309"
"UNIVERSIDAD DE MEDELLÍN","2022-01-06","","183.76951936"
"UNIVERSIDAD DE MEDELLÍN","2022-01-05","","220.88774792"
"UNIVERSIDAD DE MEDELLÍN","2022-01-04","","220.4620634"
"UNIVERSIDAD DE MEDELLÍN","2022-01-03","","165.8491228"
"UNIVERSIDAD DE MEDELLÍN","2022-01-02","","176.78653155"
"UNIVERSIDAD DE MEDELLÍN","2022-01-01","","164.5246416"
"UNIVERSIDAD DE MEDELLÍN","2021-12-31","","194.54895278"
"UNIVERSIDAD DE MEDELLÍN","2021-12-30","","187.78895539"
"UNIVERSIDAD DE MEDELLÍN","2021-12-29","","198.08676474"
"UNIVERSIDAD DE MEDELLÍN","2021-12-28","","187.56956875"
"UNIVERSIDAD DE MEDELLÍN","2021-12-27","","179.22391529"
"UNIVERSIDAD DE MEDELLÍN","2021-12-26","","208.52466104"
"UNIVERSIDAD DE MEDELLÍN","2021-12-25","","151.74818595"
"UNIVERSIDAD DE MEDELLÍN","2021-12-24","","196.91788376"
"UNIVERSIDAD DE MEDELLÍN","2021-12-23","","172.19060356"
"UNIVERSIDAD DE MEDELLÍN","2021-12-22","","196.29053572"
"UNIVERSIDAD DE MEDELLÍN","2021-12-21","","212.87200929"
"UNIVERSIDAD DE MEDELLÍN","2021-12-20","","224.65055686"
"UNIVERSIDAD DE MEDELLÍN","2021-12-19","","228.843679"
"UNIVERSIDAD DE MEDELLÍN","2021-12-18","","217.23098585"
"UNIVERSIDAD DE MEDELLÍN","2021-12-17","","184.58693379"
"UNIVERSIDAD DE MEDELLÍN","2021-12-16","","199.05372871"
"UNIVERSIDAD DE MEDELLÍN","2021-12-15","","200.29346959"
"UNIVERSIDAD DE MEDELLÍN","2021-12-14","","187.62294871"
"UNIVERSIDAD DE MEDELLÍN","2021-12-13","","176.64840303"
"UNIVERSIDAD DE MEDELLÍN","2021-12-12","","197.65987705"
"UNIVERSIDAD DE MEDELLÍN","2021-12-11","","182.665522"
"UNIVERSIDAD DE MEDELLÍN","2021-12-10","","222.96312657"
"UNIVERSIDAD DE MEDELLÍN","2021-12-09","","223.3283709"
"UNIVERSIDAD DE MEDELLÍN","2021-12-08","","190.05545625"
"UNIVERSIDAD DE MEDELLÍN","2021-12-07","","192.42757152"
"UNIVERSIDAD DE MEDELLÍN","2021-12-06","","203.8144872"
"UNIVERSIDAD DE MEDELLÍN","2021-12-05","","189.22370288"
"UNIVERSIDAD DE MEDELLÍN","2021-12-04","","178.52468364"
"UNIVERSIDAD DE MEDELLÍN","2021-12-03","","195.26682974"
"UNIVERSIDAD DE MEDELLÍN","2021-12-02","","215.43911651"
"UNIVERSIDAD DE MEDELLÍN","2021-12-01","","206.22713125"
"UNIVERSIDAD DE MEDELLÍN","2021-11-30","","205.3773048"
"UNIVERSIDAD DE MEDELLÍN","2021-11-29","","199.75305486"
"UNIVERSIDAD DE MEDELLÍN","2021-11-28","","194.99874202"
"UNIVERSIDAD DE MEDELLÍN","2021-11-27","","195.13958348"
"UNIVERSIDAD DE MEDELLÍN","2021-11-26","","187.81226103"
"UNIVERSIDAD DE MEDELLÍN","2021-11-25","","202.12479465"
"UNIVERSIDAD DE MEDELLÍN","2021-11-24","","187.58810972"
"UNIVERSIDAD DE MEDELLÍN","2021-11-23","","189.00039557"
"UNIVERSIDAD DE MEDELLÍN","2021-11-22","","174.33911997"
"UNIVERSIDAD DE MEDELLÍN","2021-11-21","","178.9352679"
"UNIVERSIDAD DE MEDELLÍN","2021-11-20","","169.47995146"
"UNIVERSIDAD DE MEDELLÍN","2021-11-19","","189.84373863"
"UNIVERSIDAD DE MEDELLÍN","2021-11-18","","210.52425436"
"UNIVERSIDAD DE MEDELLÍN","2021-11-17","","210.39446768"
"UNIVERSIDAD DE MEDELLÍN","2021-11-16","","185.98393457"
"UNIVERSIDAD DE MEDELLÍN","2021-11-15","","186.12423775"
"UNIVERSIDAD DE MEDELLÍN","2021-11-14","","159.79902914"
"UNIVERSIDAD DE MEDELLÍN","2021-11-12","","228.12613083"
"UNIVERSIDAD DE MEDELLÍN","2021-11-11","","180.85705012"
"UNIVERSIDAD DE MEDELLÍN","2021-11-10","","184.24319753"
"UNIVERSIDAD DE MEDELLÍN","2021-11-09","","191.12117413"
"UNIVERSIDAD DE MEDELLÍN","2021-11-08","","203.87067375"
"UNIVERSIDAD DE MEDELLÍN","2021-11-07","","190.41798225"
"UNIVERSIDAD DE MEDELLÍN","2021-11-06","","202.09029649"
"UNIVERSIDAD DE MEDELLÍN","2021-11-05","","197.85667848"
"UNIVERSIDAD DE MEDELLÍN","2021-11-04","","194.06952503"
"UNIVERSIDAD DE MEDELLÍN","2021-11-03","","227.2722226"
"UNIVERSIDAD DE MEDELLÍN","2021-11-02","","203.31378811"
"UNIVERSIDAD DE MEDELLÍN","2021-11-01","","180.93021719"
"UNIVERSIDAD DE MEDELLÍN","2021-10-31","","170.83141493"
"UNIVERSIDAD DE MEDELLÍN","2021-10-30","","176.12107014"
"UNIVERSIDAD DE MEDELLÍN","2021-10-29","","206.66139689"
"UNIVERSIDAD DE MEDELLÍN","2021-10-28","","207.67508134"
"UNIVERSIDAD DE MEDELLÍN","2021-10-27","","178.63828355"
"UNIVERSIDAD DE MEDELLÍN","2021-10-26","","183.9072461"
"UNIVERSIDAD DE MEDELLÍN","2021-10-25","","176.80797979"
"UNIVERSIDAD DE MEDELLÍN","2021-10-24","","181.95160719"
"UNIVERSIDAD DE MEDELLÍN","2021-10-23","","190.23118413"
"UNIVERSIDAD DE MEDELLÍN","2021-10-22","","174.31189438"
"UNIVERSIDAD DE MEDELLÍN","2021-10-21","","204.68858717"
"UNIVERSIDAD DE MEDELLÍN","2021-10-20","","210.0668449"
"UNIVERSIDAD DE MEDELLÍN","2021-10-19","","158.62646805"
"UNIVERSIDAD DE MEDELLÍN","2021-10-18","","171.31512519"
"UNIVERSIDAD DE MEDELLÍN","2021-10-17","","189.58773789"
"UNIVERSIDAD DE MEDELLÍN","2021-10-16","","170.50374218"
"UNIVERSIDAD DE MEDELLÍN","2021-10-15","","198.14575476"
"UNIVERSIDAD DE MEDELLÍN","2021-10-14","","186.59826009"
"UNIVERSIDAD DE MEDELLÍN","2021-10-13","","148.92430529"
"UNIVERSIDAD DE MEDELLÍN","2021-10-12","","155.56226656"
"UNIVERSIDAD DE MEDELLÍN","2021-10-11","","169.93637968"
"UNIVERSIDAD DE MEDELLÍN","2021-10-10","","170.69836188"
"UNIVERSIDAD DE MEDELLÍN","2021-10-09","","186.00072578"
"UNIVERSIDAD DE MEDELLÍN","2021-10-08","","165.49882087"
"UNIVERSIDAD DE MEDELLÍN","2021-10-07","","167.24538763"
"UNIVERSIDAD DE MEDELLÍN","2021-10-06","","147.24329616"
"UNIVERSIDAD DE MEDELLÍN","2021-10-05","","169.39877092"
"UNIVERSIDAD DE MEDELLÍN","2021-10-04","","180.00452883"
"UNIVERSIDAD DE MEDELLÍN","2021-10-03","","191.36931582"
"UNIVERSIDAD DE MEDELLÍN","2021-10-02","","165.39098611"
"UNIVERSIDAD DE MEDELLÍN","2021-10-01","","186.28418554"
"UNIVERSIDAD DE MEDELLÍN","2021-09-30","","213.5695378"
"UNIVERSIDAD DE MEDELLÍN","2021-09-29","","182.17317876"
"UNIVERSIDAD DE MEDELLÍN","2021-09-28","","212.84469529"
"UNIVERSIDAD DE MEDELLÍN","2021-09-27","","164.39650424"
"UNIVERSIDAD DE MEDELLÍN","2021-09-26","","194.41337684"
"UNIVERSIDAD DE MEDELLÍN","2021-09-25","","188.13852047"
"UNIVERSIDAD DE MEDELLÍN","2021-09-24","","160.38409092"
"UNIVERSIDAD DE MEDELLÍN","2021-09-23","","182.06046044"
"UNIVERSIDAD DE MEDELLÍN","2021-09-22","","179.09555793"
"UNIVERSIDAD DE MEDELLÍN","2021-09-21","","182.50296547"
"UNIVERSIDAD DE MEDELLÍN","2021-09-20","","199.12810494"
"UNIVERSIDAD DE MEDELLÍN","2021-09-19","","199.59741946"
"UNIVERSIDAD DE MEDELLÍN","2021-09-18","","164.85445106"
"UNIVERSIDAD DE MEDELLÍN","2021-09-17","","171.21810529"
"UNIVERSIDAD DE MEDELLÍN","2021-09-16","","148.86652327"
"UNIVERSIDAD DE MEDELLÍN","2021-09-15","","156.29808341"
"UNIVERSIDAD DE MEDELLÍN","2021-09-14","","187.28324861"
"UNIVERSIDAD DE MEDELLÍN","2021-09-13","","198.74731735"
"UNIVERSIDAD DE MEDELLÍN","2021-09-12","","166.59334133"
"UNIVERSIDAD DE MEDELLÍN","2021-09-11","","167.24193032"
"UNIVERSIDAD DE MEDELLÍN","2021-09-10","","202.85241205"
"UNIVERSIDAD DE MEDELLÍN","2021-09-09","","157.93891709"
"UNIVERSIDAD DE MEDELLÍN","2021-09-08","","182.21619591"
"UNIVERSIDAD DE MEDELLÍN","2021-09-07","","162.01540677"
"UNIVERSIDAD DE MEDELLÍN","2021-09-06","","171.56585416"
"UNIVERSIDAD DE MEDELLÍN","2021-09-05","","152.01253167"
"UNIVERSIDAD DE MEDELLÍN","2021-09-04","","183.29570199"
"UNIVERSIDAD DE MEDELLÍN","2021-09-03","","178.60625279"
"UNIVERSIDAD DE MEDELLÍN","2021-09-02","","179.92531993"
"UNIVERSIDAD DE MEDELLÍN","2021-09-01","","178.44607842"
"UNIVERSIDAD DE MEDELLÍN","2021-08-31","","173.22017371"
"UNIVERSIDAD DE MEDELLÍN","2021-08-30","","178.70995936"
"UNIVERSIDAD DE MEDELLÍN","2021-08-29","","207.35744839"
"UNIVERSIDAD DE MEDELLÍN","2021-08-28","","186.34032568"
"UNIVERSIDAD DE MEDELLÍN","2021-08-27","","175.1395272"
"UNIVERSIDAD DE MEDELLÍN","2021-08-26","","166.77190803"
"UNIVERSIDAD DE MEDELLÍN","2021-08-25","","183.02705082"
"UNIVERSIDAD DE MEDELLÍN","2021-08-24","","170.39422887"
"UNIVERSIDAD DE MEDELLÍN","2021-08-23","","185.97647814"
"UNIVERSIDAD DE MEDELLÍN","2021-08-22","","207.42783974"
"UNIVERSIDAD DE MEDELLÍN","2021-08-21","","194.0477068"
"UNIVERSIDAD DE MEDELLÍN","2021-08-20","","173.17319885"
"UNIVERSIDAD DE MEDELLÍN","2021-08-19","","192.44580306"
"UNIVERSIDAD DE MEDELLÍN","2021-08-18","","163.52662841"
"UNIVERSIDAD DE MEDELLÍN","2021-08-17","","151.52020918"
"UNIVERSIDAD DE MEDELLÍN","2021-08-16","","166.52013537"
"UNIVERSIDAD DE MEDELLÍN","2021-08-15","","167.98807654"
"UNIVERSIDAD DE MEDELLÍN","2021-08-14","","178.31374959"
"UNIVERSIDAD DE MEDELLÍN","2021-08-13","","177.98562804"
"UNIVERSIDAD DE MEDELLÍN","2021-08-12","","173.17309906"
"UNIVERSIDAD DE MEDELLÍN","2021-08-04","","208.12449405"
"UNIVERSIDAD DE MEDELLÍN","2021-08-03","","211.71222538"
"UNIVERSIDAD DE MEDELLÍN","2021-08-02","","158.49416185"
"UNIVERSIDAD DE MEDELLÍN","2021-08-01","","174.56796679"
"UNIVERSIDAD DE MEDELLÍN","2021-07-28","","242.70071661"
"UNIVERSIDAD DE MEDELLÍN","2021-07-27","","177.3508837"
"UNIVERSIDAD DE MEDELLÍN","2021-07-26","","178.86162835"
"UNIVERSIDAD DE MEDELLÍN","2021-07-25","","165.23710616"
"UNIVERSIDAD DE MEDELLÍN","2021-07-24","","178.71697443"
"UNIVERSIDAD DE MEDELLÍN","2021-07-23","","162.13547412"
"UNIVERSIDAD DE MEDELLÍN","2021-07-22","","159.56222863"
"UNIVERSIDAD DE MEDELLÍN","2021-07-21","","136.50331991"
"UNIVERSIDAD DE MEDELLÍN","2021-07-20","","175.26332313"
"UNIVERSIDAD DE MEDELLÍN","2021-07-19","","166.12322032"
"UNIVERSIDAD DE MEDELLÍN","2021-07-18","","183.71102345"
"UNIVERSIDAD DE MEDELLÍN","2021-07-17","","156.23836477"
"UNIVERSIDAD DE MEDELLÍN","2021-07-16","","204.64287929"
"UNIVERSIDAD DE MEDELLÍN","2021-07-15","","156.63950072"
"UNIVERSIDAD DE MEDELLÍN","2021-07-14","","172.80739089"
"UNIVERSIDAD DE MEDELLÍN","2021-07-13","","179.71667255"
"UNIVERSIDAD DE MEDELLÍN","2021-07-12","","216.60095631"
"UNIVERSIDAD DE MEDELLÍN","2021-07-11","","140.264556"
"UNIVERSIDAD DE MEDELLÍN","2021-07-10","","200.38446659"
"UNIVERSIDAD DE MEDELLÍN","2021-07-09","","177.67379778"
"UNIVERSIDAD DE MEDELLÍN","2021-07-08","","134.95386179"
"UNIVERSIDAD DE MEDELLÍN","2021-07-07","","169.14860244"
"UNIVERSIDAD DE MEDELLÍN","2021-07-06","","213.48772021"
"UNIVERSIDAD DE MEDELLÍN","2021-07-05","","135.3420488"
"UNIVERSIDAD DE MEDELLÍN","2021-07-04","","147.43349462"
"UNIVERSIDAD DE MEDELLÍN","2021-07-03","","201.54780716"
"UNIVERSIDAD DE MEDELLÍN","2021-07-02","","190.91492931"
"UNIVERSIDAD DE MEDELLÍN","2021-07-01","","181.21408302"
"UNIVERSIDAD DE MEDELLÍN","2021-06-30","","210.46721047"
"UNIVERSIDAD DE MEDELLÍN","2021-06-29","","194.19185352"
"UNIVERSIDAD DE MEDELLÍN","2021-06-28","","169.89108986"
"UNIVERSIDAD DE MEDELLÍN","2021-06-27","","205.44199399"
"UNIVERSIDAD DE MEDELLÍN","2021-06-26","","180.49769832"
"UNIVERSIDAD DE MEDELLÍN","2021-06-25","","175.32748404"
"UNIVERSIDAD DE MEDELLÍN","2021-06-24","","178.67391"
"UNIVERSIDAD DE MEDELLÍN","2021-06-23","","202.87632373"
"UNIVERSIDAD DE MEDELLÍN","2021-06-22","","197.76796639"
"UNIVERSIDAD DE MEDELLÍN","2021-06-21","","212.17164427"
"UNIVERSIDAD DE MEDELLÍN","2021-06-20","","217.38243637"
"UNIVERSIDAD DE MEDELLÍN","2021-06-19","","166.74613644"
"UNIVERSIDAD DE MEDELLÍN","2021-06-18","","188.85371543"
"UNIVERSIDAD DE MEDELLÍN","2021-06-17","","222.39917219"
"UNIVERSIDAD DE MEDELLÍN","2021-06-16","","196.62834053"
"UNIVERSIDAD DE MEDELLÍN","2021-06-15","","172.6866619"
"UNIVERSIDAD DE MEDELLÍN","2021-06-14","","186.49125996"
"UNIVERSIDAD DE MEDELLÍN","2021-06-13","","214.1484976"
"UNIVERSIDAD DE MEDELLÍN","2021-06-12","","206.18993123"
"UNIVERSIDAD DE MEDELLÍN","2021-06-11","","151.75884112"
"UNIVERSIDAD DE MEDELLÍN","2021-06-10","","205.94672936"
"UNIVERSIDAD DE MEDELLÍN","2021-06-09","","183.14773902"
"UNIVERSIDAD DE MEDELLÍN","2021-06-08","","192.67185511"
"UNIVERSIDAD DE MEDELLÍN","2021-06-07","","209.75529914"
"UNIVERSIDAD DE MEDELLÍN","2021-06-06","","125.82866758"
"UNIVERSIDAD DE MEDELLÍN","2021-06-05","","197.12017971"
"UNIVERSIDAD DE MEDELLÍN","2021-06-04","","184.63805717"
"UNIVERSIDAD DE MEDELLÍN","2021-06-03","","178.55493069"
"UNIVERSIDAD DE MEDELLÍN","2021-06-02","","194.69854257"
"UNIVERSIDAD DE MEDELLÍN","2021-06-01","","183.13961644"
"UNIVERSIDAD DE MEDELLÍN","2021-05-31","","189.95734999"
"UNIVERSIDAD DE MEDELLÍN","2021-05-30","","191.45761069"
"UNIVERSIDAD DE MEDELLÍN","2021-05-29","","215.08250492"
"UNIVERSIDAD DE MEDELLÍN","2021-05-28","","209.18599923"
"UNIVERSIDAD DE MEDELLÍN","2021-05-27","","206.47352688"
"UNIVERSIDAD DE MEDELLÍN","2021-05-26","","207.08074045"
"UNIVERSIDAD DE MEDELLÍN","2021-05-25","","232.05491145"
"UNIVERSIDAD DE MEDELLÍN","2021-05-24","","149.45871712"
"UNIVERSIDAD DE MEDELLÍN","2021-05-23","","183.80638105"
"UNIVERSIDAD DE MEDELLÍN","2021-05-22","","188.15442732"
"UNIVERSIDAD DE MEDELLÍN","2021-05-21","","235.25717022"
"UNIVERSIDAD DE MEDELLÍN","2021-05-20","","136.70286911"
"UNIVERSIDAD DE MEDELLÍN","2021-05-19","","186.78539847"
"UNIVERSIDAD DE MEDELLÍN","2021-05-18","","178.3726868"
"UNIVERSIDAD DE MEDELLÍN","2021-05-17","","171.40134744"
"UNIVERSIDAD DE MEDELLÍN","2021-05-16","","188.17806187"
"UNIVERSIDAD DE MEDELLÍN","2021-05-15","","186.55624205"
"UNIVERSIDAD DE MEDELLÍN","2021-05-14","","187.43892463"
"UNIVERSIDAD DE MEDELLÍN","2021-05-13","","170.23207407"
"UNIVERSIDAD DE MEDELLÍN","2021-05-12","","195.64158911"
"UNIVERSIDAD DE MEDELLÍN","2021-05-11","","169.49921183"
"UNIVERSIDAD DE MEDELLÍN","2021-05-10","","220.60836956"
"UNIVERSIDAD DE MEDELLÍN","2021-05-09","","207.71338664"
"UNIVERSIDAD DE MEDELLÍN","2021-05-08","","183.55387363"
"UNIVERSIDAD DE MEDELLÍN","2021-05-07","","205.71613309"
"UNIVERSIDAD DE MEDELLÍN","2021-05-06","","203.00183089"
"UNIVERSIDAD DE MEDELLÍN","2021-05-05","","183.04245548"
"UNIVERSIDAD DE MEDELLÍN","2021-05-04","","191.1945583"
"UNIVERSIDAD DE MEDELLÍN","2021-05-03","","207.09458581"
"UNIVERSIDAD DE MEDELLÍN","2021-05-02","","203.34144351"
"UNIVERSIDAD DE MEDELLÍN","2021-05-01","","226.11577014"
"UNIVERSIDAD DE MEDELLÍN","2021-04-30","","217.95833333"
"UNIVERSIDAD DE MEDELLÍN","2021-04-29","","207.95833333"
"UNIVERSIDAD DE MEDELLÍN","2021-04-28","","216.45833333"
"UNIVERSIDAD DE MEDELLÍN","2021-04-27","","209.58333333"
"UNIVERSIDAD DE MEDELLÍN","2021-04-26","","198.91666667"
"UNIVERSIDAD DE MEDELLÍN","2021-04-25","","183.25"
"UNIVERSIDAD DE MEDELLÍN","2021-04-24","","167.70833333"
"UNIVERSIDAD DE MEDELLÍN","2021-04-23","","201.66666667"
"UNIVERSIDAD DE MEDELLÍN","2021-04-22","","218.25"
"UNIVERSIDAD DE MEDELLÍN","2021-04-21","","221.375"
"UNIVERSIDAD DE MEDELLÍN","2021-04-20","","172.16666667"
"UNIVERSIDAD DE MEDELLÍN","2021-04-19","","196.08333333"
"UNIVERSIDAD DE MEDELLÍN","2021-04-18","","171.45833333"
"UNIVERSIDAD DE MEDELLÍN","2021-04-17","","176.70833333"
"UNIVERSIDAD DE MEDELLÍN","2021-04-16","","185.70833333"
"UNIVERSIDAD DE MEDELLÍN","2021-04-15","","173.29166667"
"UNIVERSIDAD DE MEDELLÍN","2021-04-14","","212.33333333"
"UNIVERSIDAD DE MEDELLÍN","2021-04-13","","216.83333333"
"UNIVERSIDAD DE MEDELLÍN","2021-04-12","","184.125"
"UNIVERSIDAD DE MEDELLÍN","2021-04-11","","206.79166667"
"UNIVERSIDAD DE MEDELLÍN","2021-04-10","","200.125"
"UNIVERSIDAD DE MEDELLÍN","2021-04-09","","165.45"
"UNIVERSIDAD DE MEDELLÍN","2021-04-08","","184.04166667"
"UNIVERSIDAD DE MEDELLÍN","2021-04-07","","174.95833333"
"UNIVERSIDAD DE MEDELLÍN","2021-04-06","","192.04166667"
"UNIVERSIDAD DE MEDELLÍN","2021-04-05","","216.91666667"
"UNIVERSIDAD DE MEDELLÍN","2021-04-04","","194.79166667"
"UNIVERSIDAD DE MEDELLÍN","2021-04-03","","218.25"
"UNIVERSIDAD DE MEDELLÍN","2021-04-02","","226.83333333"
"UNIVERSIDAD DE MEDELLÍN","2021-04-01","","191.69565217"
"UNIVERSIDAD DE MEDELLÍN","2021-03-31","","198.95652174"
"UNIVERSIDAD DE MEDELLÍN","2021-03-30","","194.54166667"
"UNIVERSIDAD DE MEDELLÍN","2021-03-29","","189.30434783"
"UNIVERSIDAD DE MEDELLÍN","2021-03-28","","226.29166667"
"UNIVERSIDAD DE MEDELLÍN","2021-03-27","","185.41666667"
"UNIVERSIDAD DE MEDELLÍN","2021-03-26","","192.45833333"
"UNIVERSIDAD DE MEDELLÍN","2021-03-25","","174.95833333"
"UNIVERSIDAD DE MEDELLÍN","2021-03-24","","202.91666667"
"UNIVERSIDAD DE MEDELLÍN","2021-03-23","","185.125"
"UNIVERSIDAD DE MEDELLÍN","2021-03-22","","220.58333333"
"UNIVERSIDAD DE MEDELLÍN","2021-03-21","","194.54166667"
"UNIVERSIDAD DE MEDELLÍN","2021-03-20","","233.5"
"UNIVERSIDAD DE MEDELLÍN","2021-03-19","","187.91666667"
"UNIVERSIDAD DE MEDELLÍN","2021-03-18","","212.91666667"
"UNIVERSIDAD DE MEDELLÍN","2021-03-17","","203.20833333"
"UNIVERSIDAD DE MEDELLÍN","2021-03-16","","212.0"
"UNIVERSIDAD DE MEDELLÍN","2021-03-15","","195.54166667"
"UNIVERSIDAD DE MEDELLÍN","2021-03-14","","237.08333333"
"UNIVERSIDAD DE MEDELLÍN","2021-03-13","","169.95833333"
"UNIVERSIDAD DE MEDELLÍN","2021-03-12","","231.20833333"
"UNIVERSIDAD DE MEDELLÍN","2021-03-11","","234.16666667"
"UNIVERSIDAD DE MEDELLÍN","2021-03-10","","210.45833333"
"UNIVERSIDAD DE MEDELLÍN","2021-03-09","","159.08333333"
"UNIVERSIDAD DE MEDELLÍN","2021-03-08","","190.54166667"
"UNIVERSIDAD DE MEDELLÍN","2021-03-07","","128.45833333"
"UNIVERSIDAD DE MEDELLÍN","2021-03-06","","177.5"
"UNIVERSIDAD DE MEDELLÍN","2021-03-05","","195.91666667"
"UNIVERSIDAD DE MEDELLÍN","2021-03-04","","156.16666667"
"UNIVERSIDAD DE MEDELLÍN","2021-03-03","","187.16666667"
"UNIVERSIDAD DE MEDELLÍN","2021-03-02","","226.125"
"UNIVERSIDAD DE MEDELLÍN","2021-03-01","","219.16666667"
"UNIVERSIDAD DE MEDELLÍN","2021-02-28","","210.28937845"
"UNIVERSIDAD DE MEDELLÍN","2021-02-27","","188.13263791"
"UNIVERSIDAD DE MEDELLÍN","2021-02-26","","209.69664413"
"UNIVERSIDAD DE MEDELLÍN","2021-02-25","","176.2107065"
"UNIVERSIDAD DE MEDELLÍN","2021-02-24","","143.65565372"
"UNIVERSIDAD DE MEDELLÍN","2021-02-23","","170.51180226"
"UNIVERSIDAD DE MEDELLÍN","2021-02-22","","185.47254408"
"UNIVERSIDAD DE MEDELLÍN","2021-02-21","","220.09141459"
"UNIVERSIDAD DE MEDELLÍN","2021-02-20","","174.46299492"
"UNIVERSIDAD DE MEDELLÍN","2021-02-19","","195.7923629"
"UNIVERSIDAD DE MEDELLÍN","2021-02-18","","213.84238378"
"UNIVERSIDAD DE MEDELLÍN","2021-02-17","","234.10659011"
"UNIVERSIDAD DE MEDELLÍN","2021-02-16","","214.5269818"
"UNIVERSIDAD DE MEDELLÍN","2021-02-15","","223.40689679"
"UNIVERSIDAD DE MEDELLÍN","2021-02-14","","204.76777352"
"UNIVERSIDAD DE MEDELLÍN","2021-02-13","","225.40294858"
"UNIVERSIDAD DE MEDELLÍN","2021-02-12","","216.82041232"
"UNIVERSIDAD DE MEDELLÍN","2021-02-11","","230.15553492"
"UNIVERSIDAD DE MEDELLÍN","2021-02-10","","189.97834281"
"UNIVERSIDAD DE MEDELLÍN","2021-02-09","","193.29318819"
"UNIVERSIDAD DE MEDELLÍN","2021-02-08","","197.92951701"
"UNIVERSIDAD DE MEDELLÍN","2021-02-07","","189.60734847"
"UNIVERSIDAD DE MEDELLÍN","2021-02-06","","203.24658172"
"UNIVERSIDAD DE MEDELLÍN","2021-02-05","","175.15466918"
"UNIVERSIDAD DE MEDELLÍN","2021-02-04","","151.59770085"
"UNIVERSIDAD DE MEDELLÍN","2021-02-03","","153.11123019"
"UNIVERSIDAD DE MEDELLÍN","2021-02-02","","161.74334787"
"UNIVERSIDAD DE MEDELLÍN","2021-02-01","","163.4786058"
"UNIVERSIDAD DE MEDELLÍN","2021-01-31","","186.16666667"
"UNIVERSIDAD DE MEDELLÍN","2021-01-30","","156.75"
"UNIVERSIDAD DE MEDELLÍN","2021-01-29","","171.70833333"
"UNIVERSIDAD DE MEDELLÍN","2021-01-28","","151.70833333"
"UNIVERSIDAD DE MEDELLÍN","2021-01-27","","172.04166667"
"UNIVERSIDAD DE MEDELLÍN","2021-01-26","","219.25"
"UNIVERSIDAD DE MEDELLÍN","2021-01-25","","149.79166667"
"UNIVERSIDAD DE MEDELLÍN","2021-01-24","","164.77272727"
"UNIVERSIDAD DE MEDELLÍN","2021-01-23","","188.08333333"
"UNIVERSIDAD DE MEDELLÍN","2021-01-22","","182.20833333"
"UNIVERSIDAD DE MEDELLÍN","2021-01-21","","161.0"
"UNIVERSIDAD DE MEDELLÍN","2021-01-20","","173.20833333"
"UNIVERSIDAD DE MEDELLÍN","2021-01-19","","227.08333333"
"UNIVERSIDAD DE MEDELLÍN","2021-01-18","","170.25"
"UNIVERSIDAD DE MEDELLÍN","2021-01-17","","187.04166667"
"UNIVERSIDAD DE MEDELLÍN","2021-01-16","","196.125"
"UNIVERSIDAD DE MEDELLÍN","2021-01-15","","235.29166667"
"UNIVERSIDAD DE MEDELLÍN","2021-01-14","","163.04166667"
"UNIVERSIDAD DE MEDELLÍN","2021-01-13","","181.58333333"
"UNIVERSIDAD DE MEDELLÍN","2021-01-12","","168.79166667"
"UNIVERSIDAD DE MEDELLÍN","2021-01-11","","193.04166667"
"UNIVERSIDAD DE MEDELLÍN","2021-01-10","","154.70833333"
"UNIVERSIDAD DE MEDELLÍN","2021-01-09","","174.66666667"
"UNIVERSIDAD DE MEDELLÍN","2021-01-08","","176.125"
"UNIVERSIDAD DE MEDELLÍN","2021-01-07","","234.5"
"UNIVERSIDAD DE MEDELLÍN","2021-01-06","","179.75"
"UNIVERSIDAD DE MEDELLÍN","2021-01-05","","198.83333333"
"UNIVERSIDAD DE MEDELLÍN","2021-01-04","","192.58823529"
"UNIVERSIDAD DE MEDELLÍN","2021-01-03","","230.5"
"UNIVERSIDAD DE MEDELLÍN","2021-01-02","","183.0"
"UNIVERSIDAD DE MEDELLÍN","2021-01-01","","216.38461538"
"UNIVERSIDAD DE MEDELLÍN","2020-12-31","","204.92857143"
"UNIVERSIDAD DE MEDELLÍN","2020-12-30","","217.44444444"
"UNIVERSIDAD DE MEDELLÍN","2020-12-28","","194.0"
"UNIVERSIDAD DE MEDELLÍN","2020-12-26","","200.0"
"UNIVERSIDAD DE MEDELLÍN","2020-12-25","","228.125"
"UNIVERSIDAD DE MEDELLÍN","2020-12-24","","222.36363636"
"UNIVERSIDAD DE MEDELLÍN","2020-12-23","","138.375"
"UNIVERSIDAD DE MEDELLÍN","2020-12-22","","175.91304348"
"UNIVERSIDAD DE MEDELLÍN","2020-12-21","","203.91666667"
"UNIVERSIDAD DE MEDELLÍN","2020-12-20","","199.0"
"UNIVERSIDAD DE MEDELLÍN","2020-12-19","","215.625"
"UNIVERSIDAD DE MEDELLÍN","2020-12-18","","203.33333333"
"UNIVERSIDAD DE MEDELLÍN","2020-12-17","","223.375"
"UNIVERSIDAD DE MEDELLÍN","2020-12-16","","167.79166667"
"UNIVERSIDAD DE MEDELLÍN","2020-12-15","","216.5"
"UNIVERSIDAD DE MEDELLÍN","2020-12-14","","212.125"
"UNIVERSIDAD DE MEDELLÍN","2020-12-13","","231.91666667"
"UNIVERSIDAD DE MEDELLÍN","2020-12-12","","216.875"
"UNIVERSIDAD DE MEDELLÍN","2020-12-11","","217.75"
"UNIVERSIDAD DE MEDELLÍN","2020-12-10","","186.95833333"
"UNIVERSIDAD DE MEDELLÍN","2020-12-09","","201.66666667"
"UNIVERSIDAD DE MEDELLÍN","2020-12-08","","232.58333333"
"UNIVERSIDAD DE MEDELLÍN","2020-12-07","","205.33333333"
"UNIVERSIDAD DE MEDELLÍN","2020-12-06","","180.875"
"UNIVERSIDAD DE MEDELLÍN","2020-12-05","","186.25"
"UNIVERSIDAD DE MEDELLÍN","2020-12-04","","195.45833333"
"UNIVERSIDAD DE MEDELLÍN","2020-12-03","","174.875"
"UNIVERSIDAD DE MEDELLÍN","2020-12-02","","227.625"
"UNIVERSIDAD DE MEDELLÍN","2020-12-01","","195.83333333"
"UNIVERSIDAD DE MEDELLÍN","2020-11-30","","193.125"
"UNIVERSIDAD DE MEDELLÍN","2020-11-29","","207.66666667"
"UNIVERSIDAD DE MEDELLÍN","2020-11-28","","213.66666667"
"UNIVERSIDAD DE MEDELLÍN","2020-11-27","","214.79166667"
"UNIVERSIDAD DE MEDELLÍN","2020-11-26","","210.625"
"UNIVERSIDAD DE MEDELLÍN","2020-11-25","","186.16666667"
"UNIVERSIDAD DE MEDELLÍN","2020-11-24","","175.125"
"UNIVERSIDAD DE MEDELLÍN","2020-11-23","","175.25"
"UNIVERSIDAD DE MEDELLÍN","2020-11-22","","224.66666667"
"UNIVERSIDAD DE MEDELLÍN","2020-11-21","","216.58333333"
"UNIVERSIDAD DE MEDELLÍN","2020-11-20","","204.70833333"
"UNIVERSIDAD DE MEDELLÍN","2020-11-19","","213.83333333"
"UNIVERSIDAD DE MEDELLÍN","2020-11-18","","154.66666667"
"UNIVERSIDAD DE MEDELLÍN","2020-11-17","","216.5"
"UNIVERSIDAD DE MEDELLÍN","2020-11-16","","241.625"
"UNIVERSIDAD DE MEDELLÍN","2020-11-15","","212.0"
"UNIVERSIDAD DE MEDELLÍN","2020-11-14","","237.33333333"
"UNIVERSIDAD DE MEDELLÍN","2020-11-13","","217.79166667"
"UNIVERSIDAD DE MEDELLÍN","2020-11-12","","206.58333333"
"UNIVERSIDAD DE MEDELLÍN","2020-11-11","","204.82608696"
"UNIVERSIDAD DE MEDELLÍN","2020-11-10","","221.75"
"UNIVERSIDAD DE MEDELLÍN","2020-11-09","","178.45833333"
"UNIVERSIDAD DE MEDELLÍN","2020-11-08","","206.79166667"
"UNIVERSIDAD DE MEDELLÍN","2020-11-07","","245.20833333"
"UNIVERSIDAD DE MEDELLÍN","2020-11-06","","177.29166667"
"UNIVERSIDAD DE MEDELLÍN","2020-11-05","","198.54166667"
"UNIVERSIDAD DE MEDELLÍN","2020-11-04","","178.04166667"
"UNIVERSIDAD DE MEDELLÍN","2020-11-03","","229.75"
"UNIVERSIDAD DE MEDELLÍN","2020-10-26","","251.25"
"UNIVERSIDAD DE MEDELLÍN","2020-10-25","","199.125"
"UNIVERSIDAD DE MEDELLÍN","2020-10-24","","194.29166667"
"UNIVERSIDAD DE MEDELLÍN","2020-10-23","","224.5"
"UNIVERSIDAD DE MEDELLÍN","2020-10-22","","224.04166667"
"UNIVERSIDAD DE MEDELLÍN","2020-10-21","","202.04166667"
"UNIVERSIDAD DE MEDELLÍN","2020-10-20","","167.33333333"
"UNIVERSIDAD DE MEDELLÍN","2020-10-19","","216.375"
"UNIVERSIDAD DE MEDELLÍN","2020-10-18","","223.5"
"UNIVERSIDAD DE MEDELLÍN","2020-10-17","","204.70833333"
"UNIVERSIDAD DE MEDELLÍN","2020-10-16","","183.95833333"
"UNIVERSIDAD DE MEDELLÍN","2020-10-15","","200.58333333"
"UNIVERSIDAD DE MEDELLÍN","2020-10-14","","165.79166667"
"UNIVERSIDAD DE MEDELLÍN","2020-10-13","","186.66666667"
"UNIVERSIDAD DE MEDELLÍN","2020-10-12","","216.58333333"
"UNIVERSIDAD DE MEDELLÍN","2020-10-11","","209.25"
"UNIVERSIDAD DE MEDELLÍN","2020-10-10","","159.33333333"
"UNIVERSIDAD DE MEDELLÍN","2020-10-09","","192.66666667"
"UNIVERSIDAD DE MEDELLÍN","2020-10-08","","148.375"
"UNIVERSIDAD DE MEDELLÍN","2020-10-07","","183.16666667"
"UNIVERSIDAD DE MEDELLÍN","2020-10-06","","187.0"
"UNIVERSIDAD DE MEDELLÍN","2020-10-05","","216.0"
"UNIVERSIDAD DE MEDELLÍN","2020-10-04","","169.79166667"
"UNIVERSIDAD DE MEDELLÍN","2020-10-03","","204.45833333"
"UNIVERSIDAD DE MEDELLÍN","2020-10-02","","203.25"
"UNIVERSIDAD DE MEDELLÍN","2020-10-01","","195.58333333"
"UNIVERSIDAD DE MEDELLÍN","2020-09-30","","204.625"
"UNIVERSIDAD DE MEDELLÍN","2020-09-29","","215.20833333"
"UNIVERSIDAD DE MEDELLÍN","2020-09-28","","200.16666667"
"UNIVERSIDAD DE MEDELLÍN","2020-09-27","","209.79166667"
"UNIVERSIDAD DE MEDELLÍN","2020-09-26","","171.66666667"
"UNIVERSIDAD DE MEDELLÍN","2020-09-25","","216.95833333"
"UNIVERSIDAD DE MEDELLÍN","2020-09-24","","222.33333333"
"UNIVERSIDAD DE MEDELLÍN","2020-09-23","","218.91666667"
"UNIVERSIDAD DE MEDELLÍN","2020-09-22","","187.625"
"UNIVERSIDAD DE MEDELLÍN","2020-09-21","","196.0"
"UNIVERSIDAD DE MEDELLÍN","2020-09-20","","209.0"
"UNIVERSIDAD DE MEDELLÍN","2020-09-19","","192.20833333"
"UNIVERSIDAD DE MEDELLÍN","2020-09-18","","206.91666667"
"UNIVERSIDAD DE MEDELLÍN","2020-09-17","","245.41666667"
"UNIVERSIDAD DE MEDELLÍN","2020-09-16","","204.875"
"UNIVERSIDAD DE MEDELLÍN","2020-09-15","","200.375"
"UNIVERSIDAD DE MEDELLÍN","2020-09-14","","178.95833333"
"UNIVERSIDAD DE MEDELLÍN","2020-09-13","","195.79166667"
"UNIVERSIDAD DE MEDELLÍN","2020-09-12","","164.33333333"
"UNIVERSIDAD DE MEDELLÍN","2020-09-11","","194.04166667"
"UNIVERSIDAD DE MEDELLÍN","2020-09-10","","183.25"
"UNIVERSIDAD DE MEDELLÍN","2020-09-09","","191.58333333"
"UNIVERSIDAD DE MEDELLÍN","2020-09-08","","191.875"
"UNIVERSIDAD DE MEDELLÍN","2020-09-07","","190.04166667"
"UNIVERSIDAD DE MEDELLÍN","2020-09-06","","182.25"
"UNIVERSIDAD DE MEDELLÍN","2020-09-05","","197.25"
"UNIVERSIDAD DE MEDELLÍN","2020-09-04","","177.25"
"UNIVERSIDAD DE MEDELLÍN","2020-09-03","","205.0"
"UNIVERSIDAD DE MEDELLÍN","2020-09-02","","199.58333333"
"UNIVERSIDAD DE MEDELLÍN","2020-09-01","","196.20833333"
"UNIVERSIDAD DE MEDELLÍN","2020-08-31","","222.20833333"
"UNIVERSIDAD DE MEDELLÍN","2020-08-30","","200.04166667"
"UNIVERSIDAD DE MEDELLÍN","2020-08-29","","208.83333333"
"UNIVERSIDAD DE MEDELLÍN","2020-08-28","","191.58333333"
"UNIVERSIDAD DE MEDELLÍN","2020-08-27","","196.16666667"
"UNIVERSIDAD DE MEDELLÍN","2020-08-26","","172.45833333"
"UNIVERSIDAD DE MEDELLÍN","2020-08-25","","211.41666667"
"UNIVERSIDAD DE MEDELLÍN","2020-08-24","","200.625"
"UNIVERSIDAD DE MEDELLÍN","2020-08-23","","236.20833333"
"UNIVERSIDAD DE MEDELLÍN","2020-08-22","","197.25"
"UNIVERSIDAD DE MEDELLÍN","2020-08-21","","179.41666667"
"UNIVERSIDAD DE MEDELLÍN","2020-08-20","","166.125"
"UNIVERSIDAD DE MEDELLÍN","2020-08-19","","199.5"
"UNIVERSIDAD DE MEDELLÍN","2020-08-18","","183.20833333"
"UNIVERSIDAD DE MEDELLÍN","2020-08-17","","203.95833333"
"UNIVERSIDAD DE MEDELLÍN","2020-08-16","","170.91666667"
"UNIVERSIDAD DE MEDELLÍN","2020-08-15","","216.625"
"UNIVERSIDAD DE MEDELLÍN","2020-08-14","","183.5"
"UNIVERSIDAD DE MEDELLÍN","2020-08-13","","170.04166667"
"UNIVERSIDAD DE MEDELLÍN","2020-08-12","","183.70833333"
"UNIVERSIDAD DE MEDELLÍN","2020-08-11","","192.04166667"
"UNIVERSIDAD DE MEDELLÍN","2020-08-10","","172.83333333"
"UNIVERSIDAD DE MEDELLÍN","2020-08-09","","170.70833333"
"UNIVERSIDAD DE MEDELLÍN","2020-08-08","","171.29166667"
"UNIVERSIDAD DE MEDELLÍN","2020-08-07","","174.5"
"UNIVERSIDAD DE MEDELLÍN","2020-08-06","","170.125"
"UNIVERSIDAD DE MEDELLÍN","2020-08-05","","237.20833333"
"UNIVERSIDAD DE MEDELLÍN","2020-08-04","","128.625"
"UNIVERSIDAD DE MEDELLÍN","2020-08-03","","248.04166667"
"UNIVERSIDAD DE MEDELLÍN","2020-08-02","","190.25"
"UNIVERSIDAD DE MEDELLÍN","2020-08-01","","183.875"
"UNIVERSIDAD DE MEDELLÍN","2020-07-31","","200.95833333"
"UNIVERSIDAD DE MEDELLÍN","2020-07-30","","217.33333333"
"UNIVERSIDAD DE MEDELLÍN","2020-07-29","","192.41666667"
"UNIVERSIDAD DE MEDELLÍN","2020-07-28","","174.83333333"
"UNIVERSIDAD DE MEDELLÍN","2020-07-27","","177.70833333"
"UNIVERSIDAD DE MEDELLÍN","2020-07-26","","178.125"
"UNIVERSIDAD DE MEDELLÍN","2020-07-25","","204.79166667"
"UNIVERSIDAD DE MEDELLÍN","2020-07-24","","174.45833333"
"UNIVERSIDAD DE MEDELLÍN","2020-07-23","","193.08333333"
"UNIVERSIDAD DE MEDELLÍN","2020-07-22","","166.70833333"
"UNIVERSIDAD DE MEDELLÍN","2020-07-21","","171.20833333"
"UNIVERSIDAD DE MEDELLÍN","2020-07-20","","162.83333333"
"UNIVERSIDAD DE MEDELLÍN","2020-07-19","","175.375"
"UNIVERSIDAD DE MEDELLÍN","2020-07-18","","179.95833333"
"UNIVERSIDAD DE MEDELLÍN","2020-07-17","","167.75"
"UNIVERSIDAD DE MEDELLÍN","2020-07-16","","202.66666667"
"UNIVERSIDAD DE MEDELLÍN","2020-07-15","","219.29166667"
"UNIVERSIDAD DE MEDELLÍN","2020-07-14","","190.375"
"UNIVERSIDAD DE MEDELLÍN","2020-07-13","","137.875"
"UNIVERSIDAD DE MEDELLÍN","2020-07-12","","181.125"
"UNIVERSIDAD DE MEDELLÍN","2020-07-11","","177.29166667"
"UNIVERSIDAD DE MEDELLÍN","2020-07-10","","180.625"
"UNIVERSIDAD DE MEDELLÍN","2020-07-09","","170.29166667"
"UNIVERSIDAD DE MEDELLÍN","2020-07-08","","185.375"
"UNIVERSIDAD DE MEDELLÍN","2020-07-07","","172.79166667"
"UNIVERSIDAD DE MEDELLÍN","2020-07-06","","192.33333333"
"UNIVERSIDAD DE MEDELLÍN","2020-07-05","","184.25"
"UNIVERSIDAD DE MEDELLÍN","2020-07-04","","166.125"
"UNIVERSIDAD DE MEDELLÍN","2020-07-03","","170.33333333"
"UNIVERSIDAD DE MEDELLÍN","2020-07-02","","167.91666667"
"UNIVERSIDAD DE MEDELLÍN","2020-07-01","","221.0"
"UNIVERSIDAD DE MEDELLÍN","2020-06-30","","182.54166667"
"UNIVERSIDAD DE MEDELLÍN","2020-06-29","","183.75"
"UNIVERSIDAD DE MEDELLÍN","2020-06-28","","154.625"
"UNIVERSIDAD DE MEDELLÍN","2020-06-27","","163.25"
"UNIVERSIDAD DE MEDELLÍN","2020-06-26","","191.79166667"
"UNIVERSIDAD DE MEDELLÍN","2020-06-25","","201.54166667"
"UNIVERSIDAD DE MEDELLÍN","2020-06-24","","166.91666667"
"UNIVERSIDAD DE MEDELLÍN","2020-06-23","","185.29166667"
"UNIVERSIDAD DE MEDELLÍN","2020-06-22","","148.08333333"
"UNIVERSIDAD DE MEDELLÍN","2020-06-21","","169.66666667"
"UNIVERSIDAD DE MEDELLÍN","2020-06-20","","204.70833333"
"UNIVERSIDAD DE MEDELLÍN","2020-06-19","","210.66666667"
"UNIVERSIDAD DE MEDELLÍN","2020-06-18","","173.95652174"
"UNIVERSIDAD DE MEDELLÍN","2020-06-17","","211.29166667"
"UNIVERSIDAD DE MEDELLÍN","2020-06-16","","196.04166667"
"UNIVERSIDAD DE MEDELLÍN","2020-06-15","","206.91666667"
"UNIVERSIDAD DE MEDELLÍN","2020-06-14","","157.16666667"
"UNIVERSIDAD DE MEDELLÍN","2020-06-13","","175.33333333"
"UNIVERSIDAD DE MEDELLÍN","2020-06-12","","169.5"
"UNIVERSIDAD DE MEDELLÍN","2020-06-11","","220.91666667"
"UNIVERSIDAD DE MEDELLÍN","2020-06-10","","197.79166667"
"UNIVERSIDAD DE MEDELLÍN","2020-06-09","","200.79166667"
"UNIVERSIDAD DE MEDELLÍN","2020-06-08","","197.79166667"
"UNIVERSIDAD DE MEDELLÍN","2020-06-07","","184.33333333"
"UNIVERSIDAD DE MEDELLÍN","2020-06-06","","222.125"
"UNIVERSIDAD DE MEDELLÍN","2020-06-05","","180.0"
"UNIVERSIDAD DE MEDELLÍN","2020-06-04","","186.5"
"UNIVERSIDAD DE MEDELLÍN","2020-06-03","","201.70833333"
"UNIVERSIDAD DE MEDELLÍN","2020-06-02","","166.83333333"
"UNIVERSIDAD DE MEDELLÍN","2020-06-01","","187.25"
"UNIVERSIDAD DE MEDELLÍN","2020-05-31","","168.75"
"UNIVERSIDAD DE MEDELLÍN","2020-05-30","","194.75"
"UNIVERSIDAD DE MEDELLÍN","2020-05-29","","207.45833333"
"UNIVERSIDAD DE MEDELLÍN","2020-05-28","","182.08333333"
"UNIVERSIDAD DE MEDELLÍN","2020-05-27","","220.29166667"
"UNIVERSIDAD DE MEDELLÍN","2020-05-26","","159.45833333"
"UNIVERSIDAD DE MEDELLÍN","2020-05-25","","196.45833333"
"UNIVERSIDAD DE MEDELLÍN","2020-05-24","","178.33333333"
"UNIVERSIDAD DE MEDELLÍN","2020-05-23","","177.875"
"UNIVERSIDAD DE MEDELLÍN","2020-05-22","","213.79166667"
"UNIVERSIDAD DE MEDELLÍN","2020-05-21","","192.04166667"
"UNIVERSIDAD DE MEDELLÍN","2020-05-20","","174.70833333"
"UNIVERSIDAD DE MEDELLÍN","2020-05-19","","209.25"
"UNIVERSIDAD DE MEDELLÍN","2020-05-18","","232.91666667"
"UNIVERSIDAD DE MEDELLÍN","2020-05-17","","117.29166667"
"UNIVERSIDAD DE MEDELLÍN","2020-05-16","","183.0"
"UNIVERSIDAD DE MEDELLÍN","2020-05-15","","177.16666667"
"UNIVERSIDAD DE MEDELLÍN","2020-05-14","","197.20833333"
"UNIVERSIDAD DE MEDELLÍN","2020-05-13","","202.0"
"UNIVERSIDAD DE MEDELLÍN","2020-05-12","","149.04166667"
"UNIVERSIDAD DE MEDELLÍN","2020-05-11","","149.45833333"
"UNIVERSIDAD DE MEDELLÍN","2020-05-10","","182.54166667"
"UNIVERSIDAD DE MEDELLÍN","2020-05-09","","163.33333333"
"UNIVERSIDAD DE MEDELLÍN","2020-05-08","","162.375"
"UNIVERSIDAD DE MEDELLÍN","2020-05-07","","142.125"
"UNIVERSIDAD DE MEDELLÍN","2020-05-06","","196.5"
"UNIVERSIDAD DE MEDELLÍN","2020-05-05","","195.0"
"UNIVERSIDAD DE MEDELLÍN","2020-05-04","","122.07692308"
"UNIVERSIDAD DE MEDELLÍN","2020-05-03","","208.15384615"
"UNIVERSIDAD DE MEDELLÍN","2020-05-02","","192.625"
"UNIVERSIDAD DE MEDELLÍN","2020-05-01","","200.375"
"UNIVERSIDAD DE MEDELLÍN","2020-04-30","","174.875"
"UNIVERSIDAD DE MEDELLÍN","2020-04-29","","157.54166667"
"UNIVERSIDAD DE MEDELLÍN","2020-04-28","","135.875"
"UNIVERSIDAD DE MEDELLÍN","2020-04-27","","191.83333333"
"UNIVERSIDAD DE MEDELLÍN","2020-04-26","","191.41666667"
"UNIVERSIDAD DE MEDELLÍN","2020-04-25","","203.875"
"UNIVERSIDAD DE MEDELLÍN","2020-04-24","","211.04166667"
"UNIVERSIDAD DE MEDELLÍN","2020-04-23","","171.875"
"UNIVERSIDAD DE MEDELLÍN","2020-04-22","","176.83333333"
"UNIVERSIDAD DE MEDELLÍN","2020-04-21","","209.16666667"
"UNIVERSIDAD DE MEDELLÍN","2020-04-20","","225.125"
"UNIVERSIDAD DE MEDELLÍN","2020-04-19","","191.33333333"
"UNIVERSIDAD DE MEDELLÍN","2020-04-18","","193.125"
"UNIVERSIDAD DE MEDELLÍN","2020-04-17","","195.625"
"UNIVERSIDAD DE MEDELLÍN","2020-04-16","","175.95833333"
"UNIVERSIDAD DE MEDELLÍN","2020-04-15","","221.41666667"
"UNIVERSIDAD DE MEDELLÍN","2020-04-14","","208.70833333"
"UNIVERSIDAD DE MEDELLÍN","2020-04-13","","187.79166667"
"UNIVERSIDAD DE MEDELLÍN","2020-04-12","","177.25"
"UNIVERSIDAD DE MEDELLÍN","2020-04-11","","152.5"
"UNIVERSIDAD DE MEDELLÍN","2020-04-10","","164.66666667"
"UNIVERSIDAD DE MEDELLÍN","2020-04-09","","172.79166667"
"UNIVERSIDAD DE MEDELLÍN","2020-04-08","","165.625"
"UNIVERSIDAD DE MEDELLÍN","2020-04-07","","202.33333333"
"UNIVERSIDAD DE MEDELLÍN","2020-04-06","","162.79166667"
"UNIVERSIDAD DE MEDELLÍN","2020-04-05","","159.5"
"UNIVERSIDAD DE MEDELLÍN","2020-04-04","","152.375"
"UNIVERSIDAD DE MEDELLÍN","2020-04-03","","179.0"
"UNIVERSIDAD DE MEDELLÍN","2020-04-02","","150.0"
"UNIVERSIDAD DE MEDELLÍN","2020-04-01","","199.41666667"
"UNIVERSIDAD DE MEDELLÍN","2020-03-31","","200.375"
"UNIVERSIDAD DE MEDELLÍN","2020-03-30","","186.58333333"
"UNIVERSIDAD DE MEDELLÍN","2020-03-29","","188.20833333"
"UNIVERSIDAD DE MEDELLÍN","2020-03-28","","178.20833333"
"UNIVERSIDAD DE MEDELLÍN","2020-03-27","","192.04166667"
"UNIVERSIDAD DE MEDELLÍN","2020-03-26","","185.66666667"
"UNIVERSIDAD DE MEDELLÍN","2020-03-25","","150.75"
"UNIVERSIDAD DE MEDELLÍN","2020-03-24","","192.70833333"
"UNIVERSIDAD DE MEDELLÍN","2020-03-23","","175.20833333"
"UNIVERSIDAD DE MEDELLÍN","2020-03-22","","220.20833333"
"UNIVERSIDAD DE MEDELLÍN","2020-03-21","","207.58333333"
"UNIVERSIDAD DE MEDELLÍN","2020-03-20","","171.20833333"
"UNIVERSIDAD DE MEDELLÍN","2020-03-19","","168.16666667"
"UNIVERSIDAD DE MEDELLÍN","2020-03-18","","165.45833333"
"UNIVERSIDAD DE MEDELLÍN","2020-03-17","","190.66666667"
"UNIVERSIDAD DE MEDELLÍN","2020-03-16","","195.54166667"
"UNIVERSIDAD DE MEDELLÍN","2020-03-15","","206.79166667"
"UNIVERSIDAD DE MEDELLÍN","2020-03-14","","219.5"
"UNIVERSIDAD DE MEDELLÍN","2020-03-13","","173.04166667"
"UNIVERSIDAD DE MEDELLÍN","2020-03-12","","191.875"
"UNIVERSIDAD DE MEDELLÍN","2020-03-11","","173.375"
"UNIVERSIDAD DE MEDELLÍN","2020-03-10","","182.875"
"UNIVERSIDAD DE MEDELLÍN","2020-03-09","","172.70833333"
"UNIVERSIDAD DE MEDELLÍN","2020-03-08","","164.0"
"UNIVERSIDAD DE MEDELLÍN","2020-03-07","","190.95833333"
"UNIVERSIDAD DE MEDELLÍN","2020-03-06","","186.75"
"UNIVERSIDAD DE MEDELLÍN","2020-03-05","","182.33333333"
"UNIVERSIDAD DE MEDELLÍN","2020-03-04","","191.08333333"
"UNIVERSIDAD DE MEDELLÍN","2020-03-03","","189.08333333"
"UNIVERSIDAD DE MEDELLÍN","2020-03-02","","175.85714286"
"UNIVERSIDAD DE MEDELLÍN","2020-02-29","","168.52380952"
"UNIVERSIDAD DE MEDELLÍN","2020-02-28","","209.41666667"
"UNIVERSIDAD DE MEDELLÍN","2020-02-27","","228.83333333"
"UNIVERSIDAD DE MEDELLÍN","2020-02-26","","158.70833333"
"UNIVERSIDAD DE MEDELLÍN","2020-02-25","","195.0"
"UNIVERSIDAD DE MEDELLÍN","2020-02-24","","171.08333333"
"UNIVERSIDAD DE MEDELLÍN","2020-02-23","","165.375"
"UNIVERSIDAD DE MEDELLÍN","2020-02-22","","193.95833333"
"UNIVERSIDAD DE MEDELLÍN","2020-02-21","","195.41666667"
"UNIVERSIDAD DE MEDELLÍN","2020-02-20","","226.41666667"
"UNIVERSIDAD DE MEDELLÍN","2020-02-19","","157.29166667"
"UNIVERSIDAD DE MEDELLÍN","2020-02-18","","178.125"
"UNIVERSIDAD DE MEDELLÍN","2020-02-17","","138.20833333"
"UNIVERSIDAD DE MEDELLÍN","2020-02-16","","163.20833333"
"UNIVERSIDAD DE MEDELLÍN","2020-02-15","","169.16666667"
"UNIVERSIDAD DE MEDELLÍN","2020-02-14","","151.58333333"
"UNIVERSIDAD DE MEDELLÍN","2020-02-13","","174.25"
"UNIVERSIDAD DE MEDELLÍN","2020-02-12","","168.08333333"
"UNIVERSIDAD DE MEDELLÍN","2020-02-11","","165.29166667"
"UNIVERSIDAD DE MEDELLÍN","2020-02-10","","234.75"
"UNIVERSIDAD DE MEDELLÍN","2020-02-09","","170.20833333"
"UNIVERSIDAD DE MEDELLÍN","2020-02-08","","199.91666667"
"UNIVERSIDAD DE MEDELLÍN","2020-02-07","","213.70833333"
"UNIVERSIDAD DE MEDELLÍN","2020-02-06","","181.70833333"
"UNIVERSIDAD DE MEDELLÍN","2020-02-05","","177.29166667"
"UNIVERSIDAD DE MEDELLÍN","2020-02-04","","185.5"
"UNIVERSIDAD DE MEDELLÍN","2020-02-03","","189.625"
"UNIVERSIDAD DE MEDELLÍN","2020-02-02","","176.20833333"
"UNIVERSIDAD DE MEDELLÍN","2020-02-01","","159.70833333"
"UNIVERSIDAD DE MEDELLÍN","2020-01-31","","127.04166667"
"UNIVERSIDAD DE MEDELLÍN","2020-01-30","","212.16666667"
"UNIVERSIDAD DE MEDELLÍN","2020-01-29","","212.375"
"UNIVERSIDAD DE MEDELLÍN","2020-01-28","","187.125"
"UNIVERSIDAD DE MEDELLÍN","2020-01-27","","180.66666667"
"UNIVERSIDAD DE MEDELLÍN","2020-01-26","","216.95833333"
"UNIVERSIDAD DE MEDELLÍN","2020-01-25","","149.75"
"UNIVERSIDAD DE MEDELLÍN","2020-01-24","","198.5"
"UNIVERSIDAD DE MEDELLÍN","2020-01-23","","204.83333333"
"UNIVERSIDAD DE MEDELLÍN","2020-01-22","","213.83333333"
"UNIVERSIDAD DE MEDELLÍN","2020-01-21","","168.875"
"UNIVERSIDAD DE MEDELLÍN","2020-01-20","","220.33333333"
"UNIVERSIDAD DE MEDELLÍN","2020-01-19","","144.91666667"
"UNIVERSIDAD DE MEDELLÍN","2020-01-18","","182.79166667"
"UNIVERSIDAD DE MEDELLÍN","2020-01-17","","174.875"
"UNIVERSIDAD DE MEDELLÍN","2020-01-16","","147.79166667"
"UNIVERSIDAD DE MEDELLÍN","2020-01-15","","212.625"
"UNIVERSIDAD DE MEDELLÍN","2020-01-14","","195.75"
"UNIVERSIDAD DE MEDELLÍN","2020-01-13","","219.66666667"
"UNIVERSIDAD DE MEDELLÍN","2020-01-12","","206.625"
"UNIVERSIDAD DE MEDELLÍN","2020-01-11","","246.08333333"
"UNIVERSIDAD DE MEDELLÍN","2020-01-10","","225.70833333"
"UNIVERSIDAD DE MEDELLÍN","2020-01-09","","222.16666667"
"UNIVERSIDAD DE MEDELLÍN","2020-01-08","","258.79166667"
"UNIVERSIDAD DE MEDELLÍN","2020-01-07","","200.70833333"
"UNIVERSIDAD DE MEDELLÍN","2020-01-06","","229.45833333"
"UNIVERSIDAD DE MEDELLÍN","2020-01-05","","195.58333333"
"UNIVERSIDAD DE MEDELLÍN","2020-01-04","","236.91666667"
"UNIVERSIDAD DE MEDELLÍN","2020-01-03","","250.375"
"UNIVERSIDAD DE MEDELLÍN","2020-01-02","","186.95833333"
"UNIVERSIDAD DE MEDELLÍN","2020-01-01","","217.33333333"
"UNIVERSIDAD DE MEDELLÍN","2019-12-31","","282.875"
"UNIVERSIDAD DE MEDELLÍN","2019-12-30","","260.83333333"
"UNIVERSIDAD DE MEDELLÍN","2019-12-29","","258.08333333"
"UNIVERSIDAD DE MEDELLÍN","2019-12-28","","243.04166667"
"UNIVERSIDAD DE MEDELLÍN","2019-12-27","","282.08333333"
"UNIVERSIDAD DE MEDELLÍN","2019-12-26","","225.08333333"
"UNIVERSIDAD DE MEDELLÍN","2019-12-25","","202.375"
"UNIVERSIDAD DE MEDELLÍN","2019-12-24","","218.75"
"UNIVERSIDAD DE MEDELLÍN","2019-12-23","","230.08333333"
"UNIVERSIDAD DE MEDELLÍN","2019-12-22","","235.0"
"UNIVERSIDAD DE MEDELLÍN","2019-12-21","","225.54166667"
"UNIVERSIDAD DE MEDELLÍN","2019-12-20","","230.04166667"
"UNIVERSIDAD DE MEDELLÍN","2019-12-19","","223.91666667"
"UNIVERSIDAD DE MEDELLÍN","2019-12-18","","255.375"
"UNIVERSIDAD DE MEDELLÍN","2019-12-17","","270.08333333"
"UNIVERSIDAD DE MEDELLÍN","2019-12-16","","233.58333333"
"UNIVERSIDAD DE MEDELLÍN","2019-12-15","","199.83333333"
"UNIVERSIDAD DE MEDELLÍN","2019-12-14","","242.83333333"
"UNIVERSIDAD DE MEDELLÍN","2019-12-13","","276.45833333"
"UNIVERSIDAD DE MEDELLÍN","2019-12-12","","210.0"
"UNIVERSIDAD DE MEDELLÍN","2019-12-11","","243.20833333"
"UNIVERSIDAD DE MEDELLÍN","2019-12-10","","275.66666667"
"UNIVERSIDAD DE MEDELLÍN","2019-12-09","","194.375"
"UNIVERSIDAD DE MEDELLÍN","2019-12-08","","223.125"
"UNIVERSIDAD DE MEDELLÍN","2019-12-07","","258.83333333"
"UNIVERSIDAD DE MEDELLÍN","2019-12-06","","252.33333333"
"UNIVERSIDAD DE MEDELLÍN","2019-12-05","","214.625"
"UNIVERSIDAD DE MEDELLÍN","2019-12-04","","245.16666667"
"UNIVERSIDAD DE MEDELLÍN","2019-12-03","","252.5"
"UNIVERSIDAD DE MEDELLÍN","2019-12-02","","260.125"
"UNIVERSIDAD DE MEDELLÍN","2019-12-01","","186.29166667"
"UNIVERSIDAD DE MEDELLÍN","2019-11-30","","204.41666667"
"UNIVERSIDAD DE MEDELLÍN","2019-11-29","","269.29166667"
"UNIVERSIDAD DE MEDELLÍN","2019-11-28","","231.04166667"
"UNIVERSIDAD DE MEDELLÍN","2019-11-27","","254.58333333"
"UNIVERSIDAD DE MEDELLÍN","2019-11-26","","221.45833333"
"UNIVERSIDAD DE MEDELLÍN","2019-11-25","","230.625"
"UNIVERSIDAD DE MEDELLÍN","2019-11-24","","247.79166667"
"UNIVERSIDAD DE MEDELLÍN","2019-11-23","","259.04166667"
"UNIVERSIDAD DE MEDELLÍN","2019-11-22","","264.83333333"
"UNIVERSIDAD DE MEDELLÍN","2019-11-21","","256.125"
"UNIVERSIDAD DE MEDELLÍN","2019-11-20","","264.125"
"UNIVERSIDAD DE MEDELLÍN","2019-11-19","","243.79166667"
"UNIVERSIDAD DE MEDELLÍN","2019-11-18","","241.79166667"
"UNIVERSIDAD DE MEDELLÍN","2019-11-17","","198.04166667"
"UNIVERSIDAD DE MEDELLÍN","2019-11-16","","257.625"
"UNIVERSIDAD DE MEDELLÍN","2019-11-15","","249.08333333"
"UNIVERSIDAD DE MEDELLÍN","2019-11-14","","285.20833333"
"UNIVERSIDAD DE MEDELLÍN","2019-11-13","","271.125"
"UNIVERSIDAD DE MEDELLÍN","2019-11-12","","248.125"
"UNIVERSIDAD DE MEDELLÍN","2019-11-11","","245.375"
"UNIVERSIDAD DE MEDELLÍN","2019-11-10","","280.45833333"
"UNIVERSIDAD DE MEDELLÍN","2019-11-09","","278.04166667"
"UNIVERSIDAD DE MEDELLÍN","2019-11-08","","258.91666667"
"UNIVERSIDAD DE MEDELLÍN","2019-11-07","","226.125"
"UNIVERSIDAD DE MEDELLÍN","2019-11-06","","178.875"
"UNIVERSIDAD DE MEDELLÍN","2019-11-05","","238.16666667"
"UNIVERSIDAD DE MEDELLÍN","2019-11-04","","241.0"
"UNIVERSIDAD DE MEDELLÍN","2019-11-03","","262.33333333"
"UNIVERSIDAD DE MEDELLÍN","2019-11-02","","215.91666667"
"UNIVERSIDAD DE MEDELLÍN","2019-11-01","","254.91666667"
"UNIVERSIDAD DE MEDELLÍN","2019-10-31","","192.45833333"
"UNIVERSIDAD DE MEDELLÍN","2019-10-30","","218.70833333"
"UNIVERSIDAD DE MEDELLÍN","2019-10-29","","206.66666667"
"UNIVERSIDAD DE MEDELLÍN","2019-10-28","","253.875"
"UNIVERSIDAD DE MEDELLÍN","2019-10-27","","216.41666667"
"UNIVERSIDAD DE MEDELLÍN","2019-10-26","","228.16666667"
"UNIVERSIDAD DE MEDELLÍN","2019-10-25","","261.625"
"UNIVERSIDAD DE MEDELLÍN","2019-10-24","","256.54166667"
"UNIVERSIDAD DE MEDELLÍN","2019-10-23","","223.54166667"
"UNIVERSIDAD DE MEDELLÍN","2019-10-22","","222.54166667"
"UNIVERSIDAD DE MEDELLÍN","2019-10-21","","262.41666667"
"UNIVERSIDAD DE MEDELLÍN","2019-10-20","","215.625"
"UNIVERSIDAD DE MEDELLÍN","2019-10-19","","259.95833333"
"UNIVERSIDAD DE MEDELLÍN","2019-10-18","","231.0"
"UNIVERSIDAD DE MEDELLÍN","2019-10-17","","234.75"
"UNIVERSIDAD DE MEDELLÍN","2019-10-16","","256.33333333"
"UNIVERSIDAD DE MEDELLÍN","2019-10-15","","218.66666667"
"UNIVERSIDAD DE MEDELLÍN","2019-10-14","","181.875"
"UNIVERSIDAD DE MEDELLÍN","2019-10-13","","273.75"
"UNIVERSIDAD DE MEDELLÍN","2019-10-12","","245.79166667"
"UNIVERSIDAD DE MEDELLÍN","2019-10-11","","218.45833333"
"UNIVERSIDAD DE MEDELLÍN","2019-10-10","","255.33333333"
"UNIVERSIDAD DE MEDELLÍN","2019-10-09","","236.0"
"UNIVERSIDAD DE MEDELLÍN","2019-10-08","","252.41666667"
"UNIVERSIDAD DE MEDELLÍN","2019-10-07","","209.04166667"
"UNIVERSIDAD DE MEDELLÍN","2019-10-06","","246.54166667"
"UNIVERSIDAD DE MEDELLÍN","2019-10-05","","217.79166667"
"UNIVERSIDAD DE MEDELLÍN","2019-10-04","","220.625"
"UNIVERSIDAD DE MEDELLÍN","2019-10-03","","257.33333333"
"UNIVERSIDAD DE MEDELLÍN","2019-10-02","","197.58333333"
"UNIVERSIDAD DE MEDELLÍN","2019-10-01","","254.5"
"UNIVERSIDAD DE MEDELLÍN","2019-09-30","","244.875"
"UNIVERSIDAD DE MEDELLÍN","2019-09-29","","208.125"
"UNIVERSIDAD DE MEDELLÍN","2019-09-28","","186.625"
"UNIVERSIDAD DE MEDELLÍN","2019-09-27","","193.08333333"
"UNIVERSIDAD DE MEDELLÍN","2019-09-26","","249.04166667"
"UNIVERSIDAD DE MEDELLÍN","2019-09-25","","261.54166667"
"UNIVERSIDAD DE MEDELLÍN","2019-09-24","","259.875"
"UNIVERSIDAD DE MEDELLÍN","2019-09-23","","234.20833333"
"UNIVERSIDAD DE MEDELLÍN","2019-09-22","","238.70833333"
"UNIVERSIDAD DE MEDELLÍN","2019-09-21","","252.58333333"
"UNIVERSIDAD DE MEDELLÍN","2019-09-20","","257.70833333"
"UNIVERSIDAD DE MEDELLÍN","2019-09-19","","243.70833333"
"UNIVERSIDAD DE MEDELLÍN","2019-09-18","","274.20833333"
"UNIVERSIDAD DE MEDELLÍN","2019-09-17","","195.375"
"UNIVERSIDAD DE MEDELLÍN","2019-09-16","","180.66666667"
"UNIVERSIDAD DE MEDELLÍN","2019-09-15","","203.29166667"
"UNIVERSIDAD DE MEDELLÍN","2019-09-14","","191.29166667"
"UNIVERSIDAD DE MEDELLÍN","2019-09-13","","184.79166667"
"UNIVERSIDAD DE MEDELLÍN","2019-09-12","","189.83333333"
"UNIVERSIDAD DE MEDELLÍN","2019-09-11","","236.125"
"UNIVERSIDAD DE MEDELLÍN","2019-09-10","","210.75"
"UNIVERSIDAD DE MEDELLÍN","2019-09-09","","212.91666667"
"UNIVERSIDAD DE MEDELLÍN","2019-09-08","","231.91666667"
"UNIVERSIDAD DE MEDELLÍN","2019-09-07","","209.95833333"
"UNIVERSIDAD DE MEDELLÍN","2019-09-06","","225.5"
"UNIVERSIDAD DE MEDELLÍN","2019-09-05","","204.58333333"
"UNIVERSIDAD DE MEDELLÍN","2019-09-04","","204.70833333"
"UNIVERSIDAD DE MEDELLÍN","2019-09-03","","186.20833333"
"UNIVERSIDAD DE MEDELLÍN","2019-09-02","","198.34782609"
"UNIVERSIDAD DE MEDELLÍN","2019-09-01","","197.75"
"UNIVERSIDAD DE MEDELLÍN","2019-08-31","","194.04166667"
"UNIVERSIDAD DE MEDELLÍN","2019-08-30","","228.20833333"
"UNIVERSIDAD DE MEDELLÍN","2019-08-29","","240.20833333"
"UNIVERSIDAD DE MEDELLÍN","2019-08-28","","216.0"
"UNIVERSIDAD DE MEDELLÍN","2019-08-27","","246.20833333"
"UNIVERSIDAD DE MEDELLÍN","2019-08-26","","202.625"
"UNIVERSIDAD DE MEDELLÍN","2019-08-25","","224.875"
"UNIVERSIDAD DE MEDELLÍN","2019-08-24","","223.70833333"
"UNIVERSIDAD DE MEDELLÍN","2019-08-23","","212.41666667"
"UNIVERSIDAD DE MEDELLÍN","2019-08-22","","215.29166667"
"UNIVERSIDAD DE MEDELLÍN","2019-08-21","","242.29166667"
"UNIVERSIDAD DE MEDELLÍN","2019-08-20","","251.41666667"
"UNIVERSIDAD DE MEDELLÍN","2019-08-19","","248.20833333"
"UNIVERSIDAD DE MEDELLÍN","2019-08-18","","202.79166667"
"UNIVERSIDAD DE MEDELLÍN","2019-08-17","","226.375"
"UNIVERSIDAD DE MEDELLÍN","2019-08-16","","189.70833333"
"UNIVERSIDAD DE MEDELLÍN","2019-08-15","","249.375"
"UNIVERSIDAD DE MEDELLÍN","2019-08-14","","203.16666667"
"UNIVERSIDAD DE MEDELLÍN","2019-08-13","","182.375"
"UNIVERSIDAD DE MEDELLÍN","2019-08-12","","227.70833333"
"UNIVERSIDAD DE MEDELLÍN","2019-08-11","","213.58333333"
"UNIVERSIDAD DE MEDELLÍN","2019-08-10","","194.58333333"
"UNIVERSIDAD DE MEDELLÍN","2019-08-09","","214.58333333"
"UNIVERSIDAD DE MEDELLÍN","2019-08-08","","204.33333333"
"UNIVERSIDAD DE MEDELLÍN","2019-08-07","","215.75"
"UNIVERSIDAD DE MEDELLÍN","2019-08-06","","210.29166667"
"UNIVERSIDAD DE MEDELLÍN","2019-08-05","","198.29166667"
"UNIVERSIDAD DE MEDELLÍN","2019-08-04","","200.66666667"
"UNIVERSIDAD DE MEDELLÍN","2019-08-03","","280.375"
"UNIVERSIDAD DE MEDELLÍN","2019-08-02","","195.04166667"
"UNIVERSIDAD DE MEDELLÍN","2019-08-01","","258.54166667"
"UNIVERSIDAD DE MEDELLÍN","2019-07-31","","221.16666667"
"UNIVERSIDAD DE MEDELLÍN","2019-07-30","","192.79166667"
"UNIVERSIDAD DE MEDELLÍN","2019-07-29","","212.125"
"UNIVERSIDAD DE MEDELLÍN","2019-07-28","","213.5"
"UNIVERSIDAD DE MEDELLÍN","2019-07-27","","217.95833333"
"UNIVERSIDAD DE MEDELLÍN","2019-07-26","","211.58333333"
"UNIVERSIDAD DE MEDELLÍN","2019-07-25","","195.5"
"UNIVERSIDAD DE MEDELLÍN","2019-07-24","","210.625"
"UNIVERSIDAD DE MEDELLÍN","2019-07-23","","237.125"
"UNIVERSIDAD DE MEDELLÍN","2019-07-22","","232.58333333"
"UNIVERSIDAD DE MEDELLÍN","2019-07-21","","224.04166667"
"UNIVERSIDAD DE MEDELLÍN","2019-07-20","","241.625"
"UNIVERSIDAD DE MEDELLÍN","2019-07-19","","201.29166667"
"UNIVERSIDAD DE MEDELLÍN","2019-07-18","","250.125"
"UNIVERSIDAD DE MEDELLÍN","2019-07-17","","229.83333333"
"UNIVERSIDAD DE MEDELLÍN","2019-07-16","","220.08333333"
"UNIVERSIDAD DE MEDELLÍN","2019-07-15","","242.54166667"
"UNIVERSIDAD DE MEDELLÍN","2019-07-14","","223.625"
"UNIVERSIDAD DE MEDELLÍN","2019-07-13","","197.33333333"
"UNIVERSIDAD DE MEDELLÍN","2019-07-12","","220.75"
"UNIVERSIDAD DE MEDELLÍN","2019-07-11","","166.125"
"UNIVERSIDAD DE MEDELLÍN","2019-07-10","","187.66666667"
"UNIVERSIDAD DE MEDELLÍN","2019-07-09","","191.04166667"
"UNIVERSIDAD DE MEDELLÍN","2019-07-08","","199.16666667"
"UNIVERSIDAD DE MEDELLÍN","2019-07-07","","243.54166667"
"UNIVERSIDAD DE MEDELLÍN","2019-07-06","","237.58333333"
"UNIVERSIDAD DE MEDELLÍN","2019-07-05","","237.45833333"
"UNIVERSIDAD DE MEDELLÍN","2019-07-04","","241.875"
"UNIVERSIDAD DE MEDELLÍN","2019-07-03","","268.70833333"
"UNIVERSIDAD DE MEDELLÍN","2019-07-02","","206.83333333"
"UNIVERSIDAD DE MEDELLÍN","2019-07-01","","239.70833333"
"UNIVERSIDAD DE MEDELLÍN","2019-06-30","","198.58333333"
"UNIVERSIDAD DE MEDELLÍN","2019-06-29","","220.25"
"UNIVERSIDAD DE MEDELLÍN","2019-06-28","","228.54166667"
"UNIVERSIDAD DE MEDELLÍN","2019-06-27","","208.79166667"
"UNIVERSIDAD DE MEDELLÍN","2019-06-26","","234.29166667"
"UNIVERSIDAD DE MEDELLÍN","2019-06-25","","249.25"
"UNIVERSIDAD DE MEDELLÍN","2019-06-24","","236.75"
"UNIVERSIDAD DE MEDELLÍN","2019-06-23","","233.20833333"
"UNIVERSIDAD DE MEDELLÍN","2019-06-22","","240.75"
"UNIVERSIDAD DE MEDELLÍN","2019-06-21","","220.83333333"
"UNIVERSIDAD DE MEDELLÍN","2019-06-20","","269.54166667"
"UNIVERSIDAD DE MEDELLÍN","2019-06-19","","235.58333333"
"UNIVERSIDAD DE MEDELLÍN","2019-06-18","","216.0"
"UNIVERSIDAD DE MEDELLÍN","2019-06-17","","224.08333333"
"UNIVERSIDAD DE MEDELLÍN","2019-06-16","","219.54166667"
"UNIVERSIDAD DE MEDELLÍN","2019-06-15","","200.41666667"
"UNIVERSIDAD DE MEDELLÍN","2019-06-14","","223.5"
"UNIVERSIDAD DE MEDELLÍN","2019-06-13","","228.75"
"UNIVERSIDAD DE MEDELLÍN","2019-06-12","","227.66666667"
"UNIVERSIDAD DE MEDELLÍN","2019-06-11","","205.04166667"
"UNIVERSIDAD DE MEDELLÍN","2019-06-10","","228.66666667"
"UNIVERSIDAD DE MEDELLÍN","2019-06-09","","173.45833333"
"UNIVERSIDAD DE MEDELLÍN","2019-06-08","","257.5"
"UNIVERSIDAD DE MEDELLÍN","2019-06-07","","261.45833333"
"UNIVERSIDAD DE MEDELLÍN","2019-06-06","","281.45833333"
"UNIVERSIDAD DE MEDELLÍN","2019-06-05","","248.625"
"UNIVERSIDAD DE MEDELLÍN","2019-06-04","","234.20833333"
"UNIVERSIDAD DE MEDELLÍN","2019-06-03","","225.41666667"
"UNIVERSIDAD DE MEDELLÍN","2019-06-02","","250.58333333"
"UNIVERSIDAD DE MEDELLÍN","2019-06-01","","236.95833333"
"UNIVERSIDAD DE MEDELLÍN","2019-05-31","","237.25"
"UNIVERSIDAD DE MEDELLÍN","2019-05-30","","234.375"
"UNIVERSIDAD DE MEDELLÍN","2019-05-29","","238.54166667"
"UNIVERSIDAD DE MEDELLÍN","2019-05-28","","240.08333333"
"UNIVERSIDAD DE MEDELLÍN","2019-05-27","","213.875"
"UNIVERSIDAD DE MEDELLÍN","2019-05-26","","266.375"
"UNIVERSIDAD DE MEDELLÍN","2019-05-25","","272.04166667"
"UNIVERSIDAD DE MEDELLÍN","2019-05-24","","258.0"
"UNIVERSIDAD DE MEDELLÍN","2019-05-23","","244.16666667"
"UNIVERSIDAD DE MEDELLÍN","2019-05-22","","257.08333333"
"UNIVERSIDAD DE MEDELLÍN","2019-05-21","","267.45833333"
"UNIVERSIDAD DE MEDELLÍN","2019-05-20","","258.29166667"
"UNIVERSIDAD DE MEDELLÍN","2019-05-19","","257.45833333"
"UNIVERSIDAD DE MEDELLÍN","2019-05-18","","265.75"
"UNIVERSIDAD DE MEDELLÍN","2019-05-17","","255.20833333"
"UNIVERSIDAD DE MEDELLÍN","2019-05-16","","265.125"
"UNIVERSIDAD DE MEDELLÍN","2019-05-15","","256.58333333"
"UNIVERSIDAD DE MEDELLÍN","2019-05-14","","209.58333333"
"UNIVERSIDAD DE MEDELLÍN","2019-05-13","","211.33333333"
"UNIVERSIDAD DE MEDELLÍN","2019-05-12","","232.45833333"
"UNIVERSIDAD DE MEDELLÍN","2019-05-11","","228.33333333"
"UNIVERSIDAD DE MEDELLÍN","2019-05-10","","244.625"
"UNIVERSIDAD DE MEDELLÍN","2019-05-09","","223.125"
"UNIVERSIDAD DE MEDELLÍN","2019-05-08","","267.45833333"
"UNIVERSIDAD DE MEDELLÍN","2019-05-07","","223.41666667"
"UNIVERSIDAD DE MEDELLÍN","2019-05-06","","205.20833333"
"UNIVERSIDAD DE MEDELLÍN","2019-05-05","","205.20833333"
"UNIVERSIDAD DE MEDELLÍN","2019-05-04","","191.25"
"UNIVERSIDAD DE MEDELLÍN","2019-05-03","","206.25"
"UNIVERSIDAD DE MEDELLÍN","2019-05-02","","247.66666667"
"UNIVERSIDAD DE MEDELLÍN","2019-05-01","","216.95833333"
"UNIVERSIDAD DE MEDELLÍN","2019-04-30","","247.54166667"
"UNIVERSIDAD DE MEDELLÍN","2019-04-29","","247.45833333"
"UNIVERSIDAD DE MEDELLÍN","2019-04-28","","229.16666667"
"UNIVERSIDAD DE MEDELLÍN","2019-04-27","","217.83333333"
"UNIVERSIDAD DE MEDELLÍN","2019-04-26","","223.45833333"
"UNIVERSIDAD DE MEDELLÍN","2019-04-25","","257.0"
"UNIVERSIDAD DE MEDELLÍN","2019-04-24","","238.125"
"UNIVERSIDAD DE MEDELLÍN","2019-04-23","","268.45833333"
"UNIVERSIDAD DE MEDELLÍN","2019-04-22","","207.125"
"UNIVERSIDAD DE MEDELLÍN","2019-04-21","","283.875"
"UNIVERSIDAD DE MEDELLÍN","2019-04-20","","240.95833333"
"UNIVERSIDAD DE MEDELLÍN","2019-04-19","","231.375"
"UNIVERSIDAD DE MEDELLÍN","2019-04-18","","234.25"
"UNIVERSIDAD DE MEDELLÍN","2019-04-17","","263.54166667"
"UNIVERSIDAD DE MEDELLÍN","2019-04-16","","201.25"
"UNIVERSIDAD DE MEDELLÍN","2019-04-15","","177.41666667"
"UNIVERSIDAD DE MEDELLÍN","2019-04-14","","202.08333333"
"UNIVERSIDAD DE MEDELLÍN","2019-04-13","","196.83333333"
"UNIVERSIDAD DE MEDELLÍN","2019-04-12","","204.04166667"
"UNIVERSIDAD DE MEDELLÍN","2019-04-11","","231.33333333"
"UNIVERSIDAD DE MEDELLÍN","2019-04-10","","220.83333333"
"UNIVERSIDAD DE MEDELLÍN","2019-04-09","","292.5"
"UNIVERSIDAD DE MEDELLÍN","2019-04-08","","226.26086957"
"UNIVERSIDAD DE MEDELLÍN","2019-04-07","","228.66666667"
"UNIVERSIDAD DE MEDELLÍN","2019-04-06","","263.83333333"
"UNIVERSIDAD DE MEDELLÍN","2019-04-05","","240.29166667"
"UNIVERSIDAD DE MEDELLÍN","2019-04-04","","270.41666667"
"UNIVERSIDAD DE MEDELLÍN","2019-04-03","","249.625"
"UNIVERSIDAD DE MEDELLÍN","2019-04-02","","250.58333333"
"UNIVERSIDAD DE MEDELLÍN","2019-04-01","","254.16666667"
"UNIVERSIDAD DE MEDELLÍN","2019-03-31","","269.79166667"
"UNIVERSIDAD DE MEDELLÍN","2019-03-30","","179.75"
"UNIVERSIDAD DE MEDELLÍN","2019-03-29","","229.375"
"UNIVERSIDAD DE MEDELLÍN","2019-03-28","","177.54166667"
"UNIVERSIDAD DE MEDELLÍN","2019-03-27","","229.83333333"
"UNIVERSIDAD DE MEDELLÍN","2019-03-26","","209.20833333"
"UNIVERSIDAD DE MEDELLÍN","2019-03-25","","268.375"
"UNIVERSIDAD DE MEDELLÍN","2019-03-24","","254.04166667"
"UNIVERSIDAD DE MEDELLÍN","2019-03-23","","198.58333333"
"UNIVERSIDAD DE MEDELLÍN","2019-03-22","","257.125"
"UNIVERSIDAD DE MEDELLÍN","2019-03-21","","251.25"
"UNIVERSIDAD DE MEDELLÍN","2019-03-20","","275.875"
"UNIVERSIDAD DE MEDELLÍN","2019-03-19","","263.5"
"UNIVERSIDAD DE MEDELLÍN","2019-03-18","","253.79166667"
"UNIVERSIDAD DE MEDELLÍN","2019-03-17","","174.70833333"
"UNIVERSIDAD DE MEDELLÍN","2019-03-16","","172.70833333"
"UNIVERSIDAD DE MEDELLÍN","2019-03-15","","185.41666667"
"UNIVERSIDAD DE MEDELLÍN","2019-03-14","","224.91666667"
"UNIVERSIDAD DE MEDELLÍN","2019-03-13","","202.29166667"
"UNIVERSIDAD DE MEDELLÍN","2019-03-12","","267.625"
"UNIVERSIDAD DE MEDELLÍN","2019-03-11","","246.60869565"
"UNIVERSIDAD DE MEDELLÍN","2019-03-10","","220.16666667"
"UNIVERSIDAD DE MEDELLÍN","2019-03-09","","191.375"
"UNIVERSIDAD DE MEDELLÍN","2019-03-08","","208.95833333"
"UNIVERSIDAD DE MEDELLÍN","2019-03-07","","219.04166667"
"UNIVERSIDAD DE MEDELLÍN","2019-03-06","","183.125"
"UNIVERSIDAD DE MEDELLÍN","2019-03-05","","215.0"
"UNIVERSIDAD DE MEDELLÍN","2019-03-04","","192.25"
"UNIVERSIDAD DE MEDELLÍN","2019-03-03","","257.70833333"
"UNIVERSIDAD DE MEDELLÍN","2019-03-02","","197.25"
"UNIVERSIDAD DE MEDELLÍN","2019-03-01","","252.33333333"
"UNIVERSIDAD DE MEDELLÍN","2019-02-28","","269.91666667"
"UNIVERSIDAD DE MEDELLÍN","2019-02-27","","223.625"
"UNIVERSIDAD DE MEDELLÍN","2019-02-26","","259.33333333"
"UNIVERSIDAD DE MEDELLÍN","2019-02-25","","167.79166667"
"UNIVERSIDAD DE MEDELLÍN","2019-02-24","","215.45833333"
"UNIVERSIDAD DE MEDELLÍN","2019-02-23","","206.95833333"
"UNIVERSIDAD DE MEDELLÍN","2019-02-22","","194.91666667"
"UNIVERSIDAD DE MEDELLÍN","2019-02-21","","173.58333333"
"UNIVERSIDAD DE MEDELLÍN","2019-02-20","","299.5"
"UNIVERSIDAD DE MEDELLÍN","2019-02-19","","265.0"
"UNIVERSIDAD DE MEDELLÍN","2019-02-18","","244.20833333"
"UNIVERSIDAD DE MEDELLÍN","2019-02-17","","203.375"
"UNIVERSIDAD DE MEDELLÍN","2019-02-16","","228.58333333"
"UNIVERSIDAD DE MEDELLÍN","2019-02-15","","205.79166667"
"UNIVERSIDAD DE MEDELLÍN","2019-02-14","","137.83333333"
"UNIVERSIDAD DE MEDELLÍN","2019-02-13","","199.16666667"
"UNIVERSIDAD DE MEDELLÍN","2019-02-12","","169.91666667"
"UNIVERSIDAD DE MEDELLÍN","2019-02-11","","175.29166667"
"UNIVERSIDAD DE MEDELLÍN","2019-02-10","","173.04166667"
"UNIVERSIDAD DE MEDELLÍN","2019-02-09","","190.33333333"
"UNIVERSIDAD DE MEDELLÍN","2019-02-08","","184.25"
"UNIVERSIDAD DE MEDELLÍN","2019-02-07","","208.08333333"
"UNIVERSIDAD DE MEDELLÍN","2019-02-06","","193.04166667"
"UNIVERSIDAD DE MEDELLÍN","2019-02-05","","212.04166667"
"UNIVERSIDAD DE MEDELLÍN","2019-02-04","","220.04166667"
"UNIVERSIDAD DE MEDELLÍN","2019-02-03","","193.08333333"
"UNIVERSIDAD DE MEDELLÍN","2019-02-02","","137.33333333"
"UNIVERSIDAD DE MEDELLÍN","2019-02-01","","187.75"
"UNIVERSIDAD DE MEDELLÍN","2019-01-31","","174.91666667"
"UNIVERSIDAD DE MEDELLÍN","2019-01-30","","170.875"
"UNIVERSIDAD DE MEDELLÍN","2019-01-29","","182.91666667"
"UNIVERSIDAD DE MEDELLÍN","2019-01-28","","280.0"
"UNIVERSIDAD DE MEDELLÍN","2019-01-27","","252.0"
"UNIVERSIDAD DE MEDELLÍN","2019-01-26","","217.375"
"UNIVERSIDAD DE MEDELLÍN","2019-01-25","","221.04166667"
"UNIVERSIDAD DE MEDELLÍN","2019-01-24","","203.60869565"
"UNIVERSIDAD DE MEDELLÍN","2019-01-23","","226.85714286"
"UNIVERSIDAD DE MEDELLÍN","2019-01-22","","232.18181818"
"UNIVERSIDAD DE MEDELLÍN","2019-01-21","","165.8"
"UNIVERSIDAD DE MEDELLÍN","2019-01-20","","158.4"
"UNIVERSIDAD DE MEDELLÍN","2019-01-19","","189.61904762"
"UNIVERSIDAD DE MEDELLÍN","2019-01-18","","210.41666667"
"UNIVERSIDAD DE MEDELLÍN","2019-01-17","","207.70833333"
"UNIVERSIDAD DE MEDELLÍN","2019-01-16","","178.8"
"UNIVERSIDAD DE MEDELLÍN","2019-01-15","","232.0"
"UNIVERSIDAD DE MEDELLÍN","2019-01-14","","239.95238095"
"UNIVERSIDAD DE MEDELLÍN","2019-01-13","","218.06666667"
"UNIVERSIDAD DE MEDELLÍN","2019-01-12","","240.30769231"
"UNIVERSIDAD DE MEDELLÍN","2019-01-11","","224.28571429"
"UNIVERSIDAD DE MEDELLÍN","2019-01-10","","246.125"
"UNIVERSIDAD DE MEDELLÍN","2019-01-09","","247.16666667"
"UNIVERSIDAD DE MEDELLÍN","2019-01-08","","260.52173913"
"UNIVERSIDAD DE MEDELLÍN","2019-01-07","","253.75"
"UNIVERSIDAD DE MEDELLÍN","2019-01-06","","266.91666667"
"UNIVERSIDAD DE MEDELLÍN","2019-01-05","","230.54166667"
"UNIVERSIDAD DE MEDELLÍN","2019-01-04","","240.08333333"
"UNIVERSIDAD DE MEDELLÍN","2019-01-03","","262.66666667"
"UNIVERSIDAD DE MEDELLÍN","2019-01-02","","255.29166667"
"UNIVERSIDAD DE MEDELLÍN","2019-01-01","","243.83333333"
"UNIVERSIDAD DE MEDELLÍN","2015-12-31","","173.12083333"
"UNIVERSIDAD DE MEDELLÍN","2015-12-30","","150.80833333"
"UNIVERSIDAD DE MEDELLÍN","2015-12-29","","127.83333333"
"UNIVERSIDAD DE MEDELLÍN","2015-12-28","","179.13333333"
"UNIVERSIDAD DE MEDELLÍN","2015-12-27","","179.63333333"
"UNIVERSIDAD DE MEDELLÍN","2015-12-26","","175.87916667"
"UNIVERSIDAD DE MEDELLÍN","2015-12-25","","131.62916667"
"UNIVERSIDAD DE MEDELLÍN","2015-12-24","","166.2125"
"UNIVERSIDAD DE MEDELLÍN","2015-12-23","","129.2375"
"UNIVERSIDAD DE MEDELLÍN","2015-12-22","","242.725"
"UNIVERSIDAD DE MEDELLÍN","2015-12-21","","184.2625"
"UNIVERSIDAD DE MEDELLÍN","2015-12-20","","167.64583333"
"UNIVERSIDAD DE MEDELLÍN","2015-12-19","","167.14166667"
"UNIVERSIDAD DE MEDELLÍN","2015-12-18","","164.1"
"UNIVERSIDAD DE MEDELLÍN","2015-12-17","","160.45"
"UNIVERSIDAD DE MEDELLÍN","2015-12-16","","174.26666667"
"UNIVERSIDAD DE MEDELLÍN","2015-12-15","","145.07916667"
"UNIVERSIDAD DE MEDELLÍN","2015-12-14","","189.9"
"UNIVERSIDAD DE MEDELLÍN","2015-12-13","","160.42916667"
"UNIVERSIDAD DE MEDELLÍN","2015-12-12","","195.79583333"
"UNIVERSIDAD DE MEDELLÍN","2015-12-11","","196.31666667"
"UNIVERSIDAD DE MEDELLÍN","2015-12-10","","169.19166667"
"UNIVERSIDAD DE MEDELLÍN","2015-12-09","","192.38333333"
"UNIVERSIDAD DE MEDELLÍN","2015-12-08","","142.39166667"
"UNIVERSIDAD DE MEDELLÍN","2015-12-07","","149.70833333"
"UNIVERSIDAD DE MEDELLÍN","2015-12-06","","208.84583333"
"UNIVERSIDAD DE MEDELLÍN","2015-12-05","","156.5"
"UNIVERSIDAD DE MEDELLÍN","2015-12-04","","180.4125"
"UNIVERSIDAD DE MEDELLÍN","2015-12-03","","197.9"
"UNIVERSIDAD DE MEDELLÍN","2015-12-02","","182.80833333"
"UNIVERSIDAD DE MEDELLÍN","2015-12-01","","152.75416667"
"UNIVERSIDAD DE MEDELLÍN","2015-11-30","","197.6875"
"UNIVERSIDAD DE MEDELLÍN","2015-11-29","","185.88333333"
"UNIVERSIDAD DE MEDELLÍN","2015-11-28","","136.4"
"UNIVERSIDAD DE MEDELLÍN","2015-11-27","","105.24375"
"UNIVERSIDAD DE MEDELLÍN","2015-11-26","","212.75"
"UNIVERSIDAD DE MEDELLÍN","2015-11-25","","171.84583333"
"UNIVERSIDAD DE MEDELLÍN","2015-11-24","","172.23333333"
"UNIVERSIDAD DE MEDELLÍN","2015-11-23","","127.6875"
"UNIVERSIDAD DE MEDELLÍN","2015-11-22","","168.1875"
"UNIVERSIDAD DE MEDELLÍN","2015-11-21","","138.59166667"
"UNIVERSIDAD DE MEDELLÍN","2015-11-20","","168.24583333"
"UNIVERSIDAD DE MEDELLÍN","2015-11-19","","182.9625"
"UNIVERSIDAD DE MEDELLÍN","2015-11-18","","167.55833333"
"UNIVERSIDAD DE MEDELLÍN","2015-11-17","","188.55833333"
"UNIVERSIDAD DE MEDELLÍN","2015-11-16","","190.28333333"
"UNIVERSIDAD DE MEDELLÍN","2015-11-15","","172.9875"
"UNIVERSIDAD DE MEDELLÍN","2015-11-14","","206.94166667"
"UNIVERSIDAD DE MEDELLÍN","2015-11-13","","197.7375"
"UNIVERSIDAD DE MEDELLÍN","2015-11-12","","158.87083333"
"UNIVERSIDAD DE MEDELLÍN","2015-11-11","","172.79583333"
"UNIVERSIDAD DE MEDELLÍN","2015-11-10","","171.55416667"
"UNIVERSIDAD DE MEDELLÍN","2015-11-09","","158.925"
"UNIVERSIDAD DE MEDELLÍN","2015-11-08","","136.55"
"UNIVERSIDAD DE MEDELLÍN","2015-11-07","","163.30416667"
"UNIVERSIDAD DE MEDELLÍN","2015-11-06","","176.70416667"
"UNIVERSIDAD DE MEDELLÍN","2015-11-05","","184.8"
"UNIVERSIDAD DE MEDELLÍN","2015-11-04","","145.90416667"
"UNIVERSIDAD DE MEDELLÍN","2015-11-03","","143.53333333"
"UNIVERSIDAD DE MEDELLÍN","2015-11-02","","183.69166667"
"UNIVERSIDAD DE MEDELLÍN","2015-11-01","","190.32083333"
"UNIVERSIDAD DE MEDELLÍN","2015-10-31","","162.07083333"
"UNIVERSIDAD DE MEDELLÍN","2015-10-30","","175.24583333"
"UNIVERSIDAD DE MEDELLÍN","2015-10-29","","166.94583333"
"UNIVERSIDAD DE MEDELLÍN","2015-10-28","","199.72916667"
"UNIVERSIDAD DE MEDELLÍN","2015-10-27","","190.34166667"
"UNIVERSIDAD DE MEDELLÍN","2015-10-26","","190.38333333"
"UNIVERSIDAD DE MEDELLÍN","2015-10-25","","185.025"
"UNIVERSIDAD DE MEDELLÍN","2015-10-24","","185.85833333"
"UNIVERSIDAD DE MEDELLÍN","2015-10-23","","178.79166667"
"UNIVERSIDAD DE MEDELLÍN","2015-10-22","","192.14583333"
"UNIVERSIDAD DE MEDELLÍN","2015-10-21","","186.55"
"UNIVERSIDAD DE MEDELLÍN","2015-10-20","","195.875"
"UNIVERSIDAD DE MEDELLÍN","2015-10-19","","196.68333333"
"UNIVERSIDAD DE MEDELLÍN","2015-10-18","","172.02916667"
"UNIVERSIDAD DE MEDELLÍN","2015-10-17","","205.1625"
"UNIVERSIDAD DE MEDELLÍN","2015-10-16","","187.9375"
"UNIVERSIDAD DE MEDELLÍN","2015-10-15","","145.6625"
"UNIVERSIDAD DE MEDELLÍN","2015-10-14","","130.56666667"
"UNIVERSIDAD DE MEDELLÍN","2015-10-13","","134.39583333"
"UNIVERSIDAD DE MEDELLÍN","2015-10-12","","119.60833333"
"UNIVERSIDAD DE MEDELLÍN","2015-10-11","","176.2375"
"UNIVERSIDAD DE MEDELLÍN","2015-10-10","","137.55"
"UNIVERSIDAD DE MEDELLÍN","2015-10-09","","156.04583333"
"UNIVERSIDAD DE MEDELLÍN","2015-10-08","","130.33333333"
"UNIVERSIDAD DE MEDELLÍN","2015-10-07","","126.0625"
"UNIVERSIDAD DE MEDELLÍN","2015-10-06","","191.6125"
"UNIVERSIDAD DE MEDELLÍN","2015-10-05","","151.45416667"
"UNIVERSIDAD DE MEDELLÍN","2015-10-04","","198.8375"
"UNIVERSIDAD DE MEDELLÍN","2015-10-03","","202.1875"
"UNIVERSIDAD DE MEDELLÍN","2015-10-02","","160.41666667"
"UNIVERSIDAD DE MEDELLÍN","2015-10-01","","189.79166667"
"UNIVERSIDAD DE MEDELLÍN","2015-09-30","","200.1375"
"UNIVERSIDAD DE MEDELLÍN","2015-09-29","","161.55833333"
"UNIVERSIDAD DE MEDELLÍN","2015-09-28","","158.89583333"
"UNIVERSIDAD DE MEDELLÍN","2015-09-27","","144.57083333"
"UNIVERSIDAD DE MEDELLÍN","2015-09-26","","153.34166667"
"UNIVERSIDAD DE MEDELLÍN","2015-09-25","","154.45833333"
"UNIVERSIDAD DE MEDELLÍN","2015-09-24","","175.475"
"UNIVERSIDAD DE MEDELLÍN","2015-09-23","","204.10416667"
"UNIVERSIDAD DE MEDELLÍN","2015-09-22","","131.87083333"
"UNIVERSIDAD DE MEDELLÍN","2015-09-21","","164.99583333"
"UNIVERSIDAD DE MEDELLÍN","2015-09-20","","168.1625"
"UNIVERSIDAD DE MEDELLÍN","2015-09-19","","185.74166667"
"UNIVERSIDAD DE MEDELLÍN","2015-09-18","","195.18333333"
"UNIVERSIDAD DE MEDELLÍN","2015-09-17","","192.18333333"
"UNIVERSIDAD DE MEDELLÍN","2015-09-16","","186.0875"
"UNIVERSIDAD DE MEDELLÍN","2015-09-15","","175.85833333"
"UNIVERSIDAD DE MEDELLÍN","2015-09-14","","171.90416667"
"UNIVERSIDAD DE MEDELLÍN","2015-09-13","","159.9125"
"UNIVERSIDAD DE MEDELLÍN","2015-09-12","","149.18333333"
"UNIVERSIDAD DE MEDELLÍN","2015-09-11","","180.45833333"
"UNIVERSIDAD DE MEDELLÍN","2015-09-10","","165.9375"
"UNIVERSIDAD DE MEDELLÍN","2015-09-09","","170.80833333"
"UNIVERSIDAD DE MEDELLÍN","2015-09-08","","193.15"
"UNIVERSIDAD DE MEDELLÍN","2015-09-07","","148.69166667"
"UNIVERSIDAD DE MEDELLÍN","2015-09-06","","170.68333333"
"UNIVERSIDAD DE MEDELLÍN","2015-09-05","","191.31666667"
"UNIVERSIDAD DE MEDELLÍN","2015-09-04","","172.83333333"
"UNIVERSIDAD DE MEDELLÍN","2015-09-03","","164.62083333"
"UNIVERSIDAD DE MEDELLÍN","2015-09-02","","159.3375"
"UNIVERSIDAD DE MEDELLÍN","2015-09-01","","167.72083333"
"UNIVERSIDAD DE MEDELLÍN","2015-08-31","","123.87083333"
"UNIVERSIDAD DE MEDELLÍN","2015-08-30","","188.6375"
"UNIVERSIDAD DE MEDELLÍN","2015-08-29","","171.40833333"
"UNIVERSIDAD DE MEDELLÍN","2015-08-28","","139.55"
"UNIVERSIDAD DE MEDELLÍN","2015-08-27","","179.40416667"
"UNIVERSIDAD DE MEDELLÍN","2015-08-26","","187.39583333"
"UNIVERSIDAD DE MEDELLÍN","2015-08-25","","177.4"
"UNIVERSIDAD DE MEDELLÍN","2015-08-24","","171.65"
"UNIVERSIDAD DE MEDELLÍN","2015-08-23","","188.98333333"
"UNIVERSIDAD DE MEDELLÍN","2015-08-22","","214.2625"
"UNIVERSIDAD DE MEDELLÍN","2015-08-21","","204.1"
"UNIVERSIDAD DE MEDELLÍN","2015-08-20","","126.825"
"UNIVERSIDAD DE MEDELLÍN","2015-08-19","","129.8875"
"UNIVERSIDAD DE MEDELLÍN","2015-08-18","","175.55833333"
"UNIVERSIDAD DE MEDELLÍN","2015-08-17","","173.51666667"
"UNIVERSIDAD DE MEDELLÍN","2015-08-16","","154.3375"
"UNIVERSIDAD DE MEDELLÍN","2015-08-15","","149.15833333"
"UNIVERSIDAD DE MEDELLÍN","2015-08-14","","158.7"
"UNIVERSIDAD DE MEDELLÍN","2015-08-13","","201.5"
"UNIVERSIDAD DE MEDELLÍN","2015-08-12","","203.50416667"
"UNIVERSIDAD DE MEDELLÍN","2015-08-11","","180.3125"
"UNIVERSIDAD DE MEDELLÍN","2015-08-10","","145.30416667"
"UNIVERSIDAD DE MEDELLÍN","2015-08-09","","184.84166667"
"UNIVERSIDAD DE MEDELLÍN","2015-08-08","","149.50416667"
"UNIVERSIDAD DE MEDELLÍN","2015-08-07","","208.52916667"
"UNIVERSIDAD DE MEDELLÍN","2015-08-06","","148.30833333"
"UNIVERSIDAD DE MEDELLÍN","2015-08-05","","153.84166667"
"UNIVERSIDAD DE MEDELLÍN","2015-08-04","","168.85833333"
"UNIVERSIDAD DE MEDELLÍN","2015-08-03","","147.1625"
"UNIVERSIDAD DE MEDELLÍN","2015-08-02","","159.2375"
"UNIVERSIDAD DE MEDELLÍN","2015-08-01","","123.99583333"
"UNIVERSIDAD DE MEDELLÍN","2015-07-31","","157.8375"
"UNIVERSIDAD DE MEDELLÍN","2015-07-30","","150.575"
"UNIVERSIDAD DE MEDELLÍN","2015-07-29","","207.50833333"
"UNIVERSIDAD DE MEDELLÍN","2015-07-28","","146.68333333"
"UNIVERSIDAD DE MEDELLÍN","2015-07-27","","202.50833333"
"UNIVERSIDAD DE MEDELLÍN","2015-07-26","","173.38333333"
"UNIVERSIDAD DE MEDELLÍN","2015-07-25","","168.46666667"
"UNIVERSIDAD DE MEDELLÍN","2015-07-24","","136.85833333"
"UNIVERSIDAD DE MEDELLÍN","2015-07-23","","154.9125"
"UNIVERSIDAD DE MEDELLÍN","2015-07-22","","197.23333333"
"UNIVERSIDAD DE MEDELLÍN","2015-07-21","","174.83333333"
"UNIVERSIDAD DE MEDELLÍN","2015-07-20","","186.05833333"
"UNIVERSIDAD DE MEDELLÍN","2015-07-19","","214.66666667"
"UNIVERSIDAD DE MEDELLÍN","2015-07-18","","178.15"
"UNIVERSIDAD DE MEDELLÍN","2015-07-17","","167.96666667"
"UNIVERSIDAD DE MEDELLÍN","2015-07-16","","199.1625"
"UNIVERSIDAD DE MEDELLÍN","2015-07-15","","141.475"
"UNIVERSIDAD DE MEDELLÍN","2015-07-14","","158.56666667"
"UNIVERSIDAD DE MEDELLÍN","2015-07-13","","150.83333333"
"UNIVERSIDAD DE MEDELLÍN","2015-07-12","","141.4"
"UNIVERSIDAD DE MEDELLÍN","2015-07-11","","159.24166667"
"UNIVERSIDAD DE MEDELLÍN","2015-07-10","","113.00416667"
"UNIVERSIDAD DE MEDELLÍN","2015-07-09","","116.89583333"
"UNIVERSIDAD DE MEDELLÍN","2015-07-08","","154.75"
"UNIVERSIDAD DE MEDELLÍN","2015-07-07","","142.875"
"UNIVERSIDAD DE MEDELLÍN","2015-07-06","","186.50833333"
"UNIVERSIDAD DE MEDELLÍN","2015-07-05","","165.4875"
"UNIVERSIDAD DE MEDELLÍN","2015-07-04","","157.0375"
"UNIVERSIDAD DE MEDELLÍN","2015-07-03","","165.775"
"UNIVERSIDAD DE MEDELLÍN","2015-07-02","","140.6875"
"UNIVERSIDAD DE MEDELLÍN","2015-07-01","","160.0375"
"UNIVERSIDAD DE MEDELLÍN","2015-06-30","","168.58333333"
"UNIVERSIDAD DE MEDELLÍN","2015-06-29","","146.075"
"UNIVERSIDAD DE MEDELLÍN","2015-06-28","","150.82083333"
"UNIVERSIDAD DE MEDELLÍN","2015-06-27","","145.37916667"
"UNIVERSIDAD DE MEDELLÍN","2015-06-26","","150.63333333"
"UNIVERSIDAD DE MEDELLÍN","2015-06-25","","133.65833333"
"UNIVERSIDAD DE MEDELLÍN","2015-06-24","","178.6375"
"UNIVERSIDAD DE MEDELLÍN","2015-06-23","","168.96666667"
"UNIVERSIDAD DE MEDELLÍN","2015-06-22","","133.81111111"
"UNIVERSIDAD DE MEDELLÍN","2015-06-21","","129.71666667"
"UNIVERSIDAD DE MEDELLÍN","2015-06-20","","177.14166667"
"UNIVERSIDAD DE MEDELLÍN","2015-06-19","","164.65833333"
"UNIVERSIDAD DE MEDELLÍN","2015-06-18","","125.05652174"
"UNIVERSIDAD DE MEDELLÍN","2015-06-17","","164.40416667"
"UNIVERSIDAD DE MEDELLÍN","2015-06-16","","141.83333333"
"UNIVERSIDAD DE MEDELLÍN","2015-06-15","","159.75416667"
"UNIVERSIDAD DE MEDELLÍN","2015-06-14","","163.9125"
"UNIVERSIDAD DE MEDELLÍN","2015-06-13","","175.075"
"UNIVERSIDAD DE MEDELLÍN","2015-06-12","","174.775"
"UNIVERSIDAD DE MEDELLÍN","2015-06-11","","170.36956522"
"UNIVERSIDAD DE MEDELLÍN","2015-06-10","","193.1"
"UNIVERSIDAD DE MEDELLÍN","2015-06-09","","121.34166667"
"UNIVERSIDAD DE MEDELLÍN","2015-06-08","","149.95"
"UNIVERSIDAD DE MEDELLÍN","2015-06-07","","111.67916667"
"UNIVERSIDAD DE MEDELLÍN","2015-06-06","","163.25416667"
"UNIVERSIDAD DE MEDELLÍN","2015-06-05","","140.68333333"
"UNIVERSIDAD DE MEDELLÍN","2015-06-04","","140.86956522"
"UNIVERSIDAD DE MEDELLÍN","2015-06-03","","171.39166667"
"UNIVERSIDAD DE MEDELLÍN","2015-06-02","","138.49166667"
"UNIVERSIDAD DE MEDELLÍN","2015-06-01","","158.85833333"
"UNIVERSIDAD DE MEDELLÍN","2015-05-31","","206.02916667"
"UNIVERSIDAD DE MEDELLÍN","2015-05-30","","145.25833333"
"UNIVERSIDAD DE MEDELLÍN","2015-05-29","","151.33913043"
"UNIVERSIDAD DE MEDELLÍN","2015-05-28","","164.2173913"
"UNIVERSIDAD DE MEDELLÍN","2015-05-27","","206.0"
"UNIVERSIDAD DE MEDELLÍN","2015-05-26","","219.975"
"UNIVERSIDAD DE MEDELLÍN","2015-05-25","","177.41666667"
"UNIVERSIDAD DE MEDELLÍN","2015-05-24","","202.45416667"
"UNIVERSIDAD DE MEDELLÍN","2015-05-23","","145.62083333"
"UNIVERSIDAD DE MEDELLÍN","2015-05-22","","203.74166667"
"UNIVERSIDAD DE MEDELLÍN","2015-05-21","","169.49130435"
"UNIVERSIDAD DE MEDELLÍN","2015-05-20","","154.10833333"
"UNIVERSIDAD DE MEDELLÍN","2015-05-19","","170.76666667"
"UNIVERSIDAD DE MEDELLÍN","2015-05-18","","137.23333333"
"UNIVERSIDAD DE MEDELLÍN","2015-05-17","","187.97083333"
"UNIVERSIDAD DE MEDELLÍN","2015-05-16","","172.9625"
"UNIVERSIDAD DE MEDELLÍN","2015-05-15","","201.39166667"
"UNIVERSIDAD DE MEDELLÍN","2015-05-14","","173.67083333"
"UNIVERSIDAD DE MEDELLÍN","2015-05-13","","221.675"
"UNIVERSIDAD DE MEDELLÍN","2015-05-12","","173.925"
"UNIVERSIDAD DE MEDELLÍN","2015-05-11","","195.97083333"
"UNIVERSIDAD DE MEDELLÍN","2015-05-10","","158.27083333"
"UNIVERSIDAD DE MEDELLÍN","2015-05-09","","151.50416667"
"UNIVERSIDAD DE MEDELLÍN","2015-05-08","","184.84583333"
"UNIVERSIDAD DE MEDELLÍN","2015-05-07","","160.00833333"
"UNIVERSIDAD DE MEDELLÍN","2015-05-06","","163.00416667"
"UNIVERSIDAD DE MEDELLÍN","2015-05-05","","178.74166667"
"UNIVERSIDAD DE MEDELLÍN","2015-05-04","","121.14166667"
"UNIVERSIDAD DE MEDELLÍN","2015-05-03","","177.47083333"
"UNIVERSIDAD DE MEDELLÍN","2015-05-02","","202.82916667"
"UNIVERSIDAD DE MEDELLÍN","2015-05-01","","147.73333333"
"UNIVERSIDAD DE MEDELLÍN","2015-04-30","","205.45"
"UNIVERSIDAD DE MEDELLÍN","2015-04-29","","159.36363636"
"UNIVERSIDAD DE MEDELLÍN","2015-04-28","","190.6125"
"UNIVERSIDAD DE MEDELLÍN","2015-04-27","","161.33043478"
"UNIVERSIDAD DE MEDELLÍN","2015-04-26","","151.025"
"UNIVERSIDAD DE MEDELLÍN","2015-04-25","","183.95416667"
"UNIVERSIDAD DE MEDELLÍN","2015-04-24","","187.9"
"UNIVERSIDAD DE MEDELLÍN","2015-04-23","","176.39583333"
"UNIVERSIDAD DE MEDELLÍN","2015-04-22","","151.36666667"
"UNIVERSIDAD DE MEDELLÍN","2015-04-21","","186.6375"
"UNIVERSIDAD DE MEDELLÍN","2015-04-20","","197.76666667"
"UNIVERSIDAD DE MEDELLÍN","2015-04-19","","219.34583333"
"UNIVERSIDAD DE MEDELLÍN","2015-04-18","","185.1875"
"UNIVERSIDAD DE MEDELLÍN","2015-04-17","","187.375"
"UNIVERSIDAD DE MEDELLÍN","2015-04-16","","204.90416667"
"UNIVERSIDAD DE MEDELLÍN","2015-04-15","","224.79583333"
"UNIVERSIDAD DE MEDELLÍN","2015-04-14","","182.7125"
"UNIVERSIDAD DE MEDELLÍN","2015-04-13","","173.16666667"
"UNIVERSIDAD DE MEDELLÍN","2015-04-12","","180.35"
"UNIVERSIDAD DE MEDELLÍN","2015-04-11","","190.45416667"
"UNIVERSIDAD DE MEDELLÍN","2015-04-10","","203.13333333"
"UNIVERSIDAD DE MEDELLÍN","2015-04-09","","180.61666667"
"UNIVERSIDAD DE MEDELLÍN","2015-04-08","","168.675"
"UNIVERSIDAD DE MEDELLÍN","2015-04-07","","189.57916667"
"UNIVERSIDAD DE MEDELLÍN","2015-04-06","","223.765"
"UNIVERSIDAD DE MEDELLÍN","2015-04-05","","144.81304348"
"UNIVERSIDAD DE MEDELLÍN","2015-04-04","","193.22083333"
"UNIVERSIDAD DE MEDELLÍN","2015-04-03","","173.725"
"UNIVERSIDAD DE MEDELLÍN","2015-04-02","","204.56666667"
"UNIVERSIDAD DE MEDELLÍN","2015-04-01","","161.925"
"UNIVERSIDAD DE MEDELLÍN","2015-03-31","","206.14583333"
"UNIVERSIDAD DE MEDELLÍN","2015-03-30","","189.39166667"
"UNIVERSIDAD DE MEDELLÍN","2015-03-29","","180.6"
"UNIVERSIDAD DE MEDELLÍN","2015-03-28","","193.24583333"
"UNIVERSIDAD DE MEDELLÍN","2015-03-27","","150.15"
"UNIVERSIDAD DE MEDELLÍN","2015-03-26","","183.9875"
"UNIVERSIDAD DE MEDELLÍN","2015-03-25","","184.59166667"
"UNIVERSIDAD DE MEDELLÍN","2015-03-24","","141.37916667"
"UNIVERSIDAD DE MEDELLÍN","2015-03-23","","185.78333333"
"UNIVERSIDAD DE MEDELLÍN","2015-03-22","","244.275"
"UNIVERSIDAD DE MEDELLÍN","2015-03-21","","193.7875"
"UNIVERSIDAD DE MEDELLÍN","2015-03-20","","219.79583333"
"UNIVERSIDAD DE MEDELLÍN","2015-03-19","","215.29583333"
"UNIVERSIDAD DE MEDELLÍN","2015-03-18","","199.3625"
"UNIVERSIDAD DE MEDELLÍN","2015-03-17","","203.78333333"
"UNIVERSIDAD DE MEDELLÍN","2015-03-16","","159.53181818"
"UNIVERSIDAD DE MEDELLÍN","2015-03-15","","182.69583333"
"UNIVERSIDAD DE MEDELLÍN","2015-03-14","","209.275"
"UNIVERSIDAD DE MEDELLÍN","2015-03-13","","185.89166667"
"UNIVERSIDAD DE MEDELLÍN","2015-03-12","","127.9625"
"UNIVERSIDAD DE MEDELLÍN","2015-03-11","","165.2875"
"UNIVERSIDAD DE MEDELLÍN","2015-03-10","","129.49583333"
"UNIVERSIDAD DE MEDELLÍN","2015-03-09","","134.22083333"
"UNIVERSIDAD DE MEDELLÍN","2015-03-08","","133.275"
"UNIVERSIDAD DE MEDELLÍN","2015-03-07","","199.52083333"
"UNIVERSIDAD DE MEDELLÍN","2015-03-06","","138.09166667"
"UNIVERSIDAD DE MEDELLÍN","2015-03-05","","161.05"
"UNIVERSIDAD DE MEDELLÍN","2015-03-04","","184.20833333"
"UNIVERSIDAD DE MEDELLÍN","2015-03-03","","191.7125"
"UNIVERSIDAD DE MEDELLÍN","2015-03-02","","195.26666667"
"UNIVERSIDAD DE MEDELLÍN","2015-03-01","","190.075"
"UNIVERSIDAD DE MEDELLÍN","2015-02-28","","184.70833333"
"UNIVERSIDAD DE MEDELLÍN","2015-02-27","","193.0625"
"UNIVERSIDAD DE MEDELLÍN","2015-02-26","","166.8375"
"UNIVERSIDAD DE MEDELLÍN","2015-02-25","","147.41666667"
"UNIVERSIDAD DE MEDELLÍN","2015-02-24","","217.75416667"
"UNIVERSIDAD DE MEDELLÍN","2015-02-23","","182.62916667"
"UNIVERSIDAD DE MEDELLÍN","2015-02-22","","182.9625"
"UNIVERSIDAD DE MEDELLÍN","2015-02-21","","224.925"
"UNIVERSIDAD DE MEDELLÍN","2015-02-20","","210.67083333"
"UNIVERSIDAD DE MEDELLÍN","2015-02-19","","190.1875"
"UNIVERSIDAD DE MEDELLÍN","2015-02-18","","167.5875"
"UNIVERSIDAD DE MEDELLÍN","2015-02-17","","200.02083333"
"UNIVERSIDAD DE MEDELLÍN","2015-02-16","","164.69166667"
"UNIVERSIDAD DE MEDELLÍN","2015-02-15","","182.05416667"
"UNIVERSIDAD DE MEDELLÍN","2015-02-14","","206.15833333"
"UNIVERSIDAD DE MEDELLÍN","2015-02-13","","158.8875"
"UNIVERSIDAD DE MEDELLÍN","2015-02-12","","134.75454545"
"UNIVERSIDAD DE MEDELLÍN","2015-02-11","","123.74583333"
"UNIVERSIDAD DE MEDELLÍN","2015-02-10","","190.57083333"
"UNIVERSIDAD DE MEDELLÍN","2015-02-09","","198.2"
"UNIVERSIDAD DE MEDELLÍN","2015-02-08","","190.20416667"
"UNIVERSIDAD DE MEDELLÍN","2015-02-07","","194.175"
"UNIVERSIDAD DE MEDELLÍN","2015-02-06","","167.7"
"UNIVERSIDAD DE MEDELLÍN","2015-02-05","","190.18095238"
"UNIVERSIDAD DE MEDELLÍN","2015-02-04","","170.06666667"
"UNIVERSIDAD DE MEDELLÍN","2015-02-03","","140.37916667"
"UNIVERSIDAD DE MEDELLÍN","2015-02-02","","194.78333333"
"UNIVERSIDAD DE MEDELLÍN","2015-02-01","","195.65"
"UNIVERSIDAD DE MEDELLÍN","2015-01-31","","160.24583333"
"UNIVERSIDAD DE MEDELLÍN","2015-01-30","","153.80416667"
"UNIVERSIDAD DE MEDELLÍN","2015-01-29","","180.19166667"
"UNIVERSIDAD DE MEDELLÍN","2015-01-28","","163.25"
"UNIVERSIDAD DE MEDELLÍN","2015-01-27","","180.96666667"
"UNIVERSIDAD DE MEDELLÍN","2015-01-26","","175.075"
"UNIVERSIDAD DE MEDELLÍN","2015-01-25","","165.32916667"
"UNIVERSIDAD DE MEDELLÍN","2015-01-24","","191.42916667"
"UNIVERSIDAD DE MEDELLÍN","2015-01-23","","165.25416667"
"UNIVERSIDAD DE MEDELLÍN","2015-01-22","","157.32857143"
"UNIVERSIDAD DE MEDELLÍN","2015-01-21","","199.98333333"
"UNIVERSIDAD DE MEDELLÍN","2015-01-20","","158.7125"
"UNIVERSIDAD DE MEDELLÍN","2015-01-19","","193.44166667"
"UNIVERSIDAD DE MEDELLÍN","2015-01-18","","146.12916667"
"UNIVERSIDAD DE MEDELLÍN","2015-01-17","","167.97916667"
"UNIVERSIDAD DE MEDELLÍN","2015-01-16","","218.37916667"
"UNIVERSIDAD DE MEDELLÍN","2015-01-15","","193.37916667"
"UNIVERSIDAD DE MEDELLÍN","2015-01-14","","178.09166667"
"UNIVERSIDAD DE MEDELLÍN","2015-01-13","","154.11304348"
"UNIVERSIDAD DE MEDELLÍN","2015-01-12","","188.775"
"UNIVERSIDAD DE MEDELLÍN","2015-01-11","","150.1125"
"UNIVERSIDAD DE MEDELLÍN","2015-01-10","","145.88333333"
"UNIVERSIDAD DE MEDELLÍN","2015-01-09","","168.95833333"
"UNIVERSIDAD DE MEDELLÍN","2015-01-08","","186.88333333"
"UNIVERSIDAD DE MEDELLÍN","2015-01-07","","205.11304348"
"UNIVERSIDAD DE MEDELLÍN","2015-01-06","","164.22916667"
"UNIVERSIDAD DE MEDELLÍN","2015-01-05","","175.72083333"
"UNIVERSIDAD DE MEDELLÍN","2015-01-04","","139.72916667"
"UNIVERSIDAD DE MEDELLÍN","2015-01-03","","150.68333333"
"UNIVERSIDAD DE MEDELLÍN","2015-01-02","","154.64583333"
"UNIVERSIDAD DE MEDELLÍN","2015-01-01","","194.92083333"
"UNIVERSIDAD DE MEDELLÍN","2014-12-31","","189.64583333"
"UNIVERSIDAD DE MEDELLÍN","2014-12-30","","160.97083333"
"UNIVERSIDAD DE MEDELLÍN","2014-12-29","","184.95652174"
"UNIVERSIDAD DE MEDELLÍN","2014-12-28","","166.82083333"
"UNIVERSIDAD DE MEDELLÍN","2014-12-27","","207.1"
"UNIVERSIDAD DE MEDELLÍN","2014-12-26","","181.6375"
"UNIVERSIDAD DE MEDELLÍN","2014-12-25","","179.125"
"UNIVERSIDAD DE MEDELLÍN","2014-12-24","","178.20416667"
"UNIVERSIDAD DE MEDELLÍN","2014-12-23","","185.1"
"UNIVERSIDAD DE MEDELLÍN","2014-12-22","","194.39166667"
"UNIVERSIDAD DE MEDELLÍN","2014-12-21","","194.00833333"
"UNIVERSIDAD DE MEDELLÍN","2014-12-20","","203.77916667"
"UNIVERSIDAD DE MEDELLÍN","2014-12-19","","196.30416667"
"UNIVERSIDAD DE MEDELLÍN","2014-12-18","","187.30833333"
"UNIVERSIDAD DE MEDELLÍN","2014-12-17","","193.88333333"
"UNIVERSIDAD DE MEDELLÍN","2014-12-16","","165.54583333"
"UNIVERSIDAD DE MEDELLÍN","2014-12-15","","159.52083333"
"UNIVERSIDAD DE MEDELLÍN","2014-12-14","","169.82916667"
"UNIVERSIDAD DE MEDELLÍN","2014-12-13","","207.12083333"
"UNIVERSIDAD DE MEDELLÍN","2014-12-12","","191.22916667"
"UNIVERSIDAD DE MEDELLÍN","2014-12-11","","178.92083333"
"UNIVERSIDAD DE MEDELLÍN","2014-12-10","","180.40416667"
"UNIVERSIDAD DE MEDELLÍN","2014-12-09","","162.09583333"
"UNIVERSIDAD DE MEDELLÍN","2014-12-08","","162.4375"
"UNIVERSIDAD DE MEDELLÍN","2014-12-07","","195.41666667"
"UNIVERSIDAD DE MEDELLÍN","2014-12-06","","161.62083333"
"UNIVERSIDAD DE MEDELLÍN","2014-12-05","","117.12083333"
"UNIVERSIDAD DE MEDELLÍN","2014-12-04","","209.25"
"UNIVERSIDAD DE MEDELLÍN","2014-12-03","","206.1125"
"UNIVERSIDAD DE MEDELLÍN","2014-12-02","","211.8625"
"UNIVERSIDAD DE MEDELLÍN","2014-12-01","","151.42083333"
"UNIVERSIDAD DE MEDELLÍN","2014-11-30","","111.675"
"UNIVERSIDAD DE MEDELLÍN","2014-11-29","","191.5875"
"UNIVERSIDAD DE MEDELLÍN","2014-11-28","","130.69166667"
"UNIVERSIDAD DE MEDELLÍN","2014-11-27","","162.29166667"
"UNIVERSIDAD DE MEDELLÍN","2014-11-26","","214.85"
"UNIVERSIDAD DE MEDELLÍN","2014-11-25","","198.59166667"
"UNIVERSIDAD DE MEDELLÍN","2014-11-24","","165.92916667"
"UNIVERSIDAD DE MEDELLÍN","2014-11-23","","200.3625"
"UNIVERSIDAD DE MEDELLÍN","2014-11-22","","178.0125"
"UNIVERSIDAD DE MEDELLÍN","2014-11-21","","147.06666667"
"UNIVERSIDAD DE MEDELLÍN","2014-11-20","","190.19166667"
"UNIVERSIDAD DE MEDELLÍN","2014-11-19","","198.13333333"
"UNIVERSIDAD DE MEDELLÍN","2014-11-18","","199.84166667"
"UNIVERSIDAD DE MEDELLÍN","2014-11-17","","183.92916667"
"UNIVERSIDAD DE MEDELLÍN","2014-11-16","","180.33333333"
"UNIVERSIDAD DE MEDELLÍN","2014-11-15","","214.88333333"
"UNIVERSIDAD DE MEDELLÍN","2014-11-14","","215.99583333"
"UNIVERSIDAD DE MEDELLÍN","2014-11-13","","197.27083333"
"UNIVERSIDAD DE MEDELLÍN","2014-11-12","","221.275"
"UNIVERSIDAD DE MEDELLÍN","2014-11-11","","200.1"
"UNIVERSIDAD DE MEDELLÍN","2014-11-10","","184.025"
"UNIVERSIDAD DE MEDELLÍN","2014-11-09","","122.25416667"
"UNIVERSIDAD DE MEDELLÍN","2014-11-08","","183.40416667"
"UNIVERSIDAD DE MEDELLÍN","2014-11-07","","160.87083333"
"UNIVERSIDAD DE MEDELLÍN","2014-11-06","","164.7125"
"UNIVERSIDAD DE MEDELLÍN","2014-11-05","","168.975"
"UNIVERSIDAD DE MEDELLÍN","2014-11-04","","197.39166667"
"UNIVERSIDAD DE MEDELLÍN","2014-11-03","","188.95416667"
"UNIVERSIDAD DE MEDELLÍN","2014-11-02","","174.23333333"
"UNIVERSIDAD DE MEDELLÍN","2014-11-01","","162.57916667"
"UNIVERSIDAD DE MEDELLÍN","2014-10-31","","188.26666667"
"UNIVERSIDAD DE MEDELLÍN","2014-10-30","","186.60833333"
"UNIVERSIDAD DE MEDELLÍN","2014-10-29","","189.10833333"
"UNIVERSIDAD DE MEDELLÍN","2014-10-28","","194.75833333"
"UNIVERSIDAD DE MEDELLÍN","2014-10-27","","169.1173913"
"UNIVERSIDAD DE MEDELLÍN","2014-10-26","","179.83333333"
"UNIVERSIDAD DE MEDELLÍN","2014-10-25","","209.05"
"UNIVERSIDAD DE MEDELLÍN","2014-10-24","","133.37916667"
"UNIVERSIDAD DE MEDELLÍN","2014-10-23","","175.82608696"
"UNIVERSIDAD DE MEDELLÍN","2014-10-22","","164.44166667"
"UNIVERSIDAD DE MEDELLÍN","2014-10-21","","198.6875"
"UNIVERSIDAD DE MEDELLÍN","2014-10-20","","182.525"
"UNIVERSIDAD DE MEDELLÍN","2014-10-19","","175.2"
"UNIVERSIDAD DE MEDELLÍN","2014-10-18","","220.4875"
"UNIVERSIDAD DE MEDELLÍN","2014-10-17","","196.7625"
"UNIVERSIDAD DE MEDELLÍN","2014-10-16","","188.50833333"
"UNIVERSIDAD DE MEDELLÍN","2014-10-15","","187.67916667"
"UNIVERSIDAD DE MEDELLÍN","2014-10-14","","195.9625"
"UNIVERSIDAD DE MEDELLÍN","2014-10-13","","179.6"
"UNIVERSIDAD DE MEDELLÍN","2014-10-12","","199.19583333"
"UNIVERSIDAD DE MEDELLÍN","2014-10-11","","176.8"
"UNIVERSIDAD DE MEDELLÍN","2014-10-10","","170.26666667"
"UNIVERSIDAD DE MEDELLÍN","2014-10-09","","217.04166667"
"UNIVERSIDAD DE MEDELLÍN","2014-10-08","","167.32083333"
"UNIVERSIDAD DE MEDELLÍN","2014-10-07","","160.23333333"
"UNIVERSIDAD DE MEDELLÍN","2014-10-06","","209.58333333"
"UNIVERSIDAD DE MEDELLÍN","2014-10-05","","195.17916667"
"UNIVERSIDAD DE MEDELLÍN","2014-10-04","","191.06666667"
"UNIVERSIDAD DE MEDELLÍN","2014-10-03","","179.875"
"UNIVERSIDAD DE MEDELLÍN","2014-10-02","","199.0375"
"UNIVERSIDAD DE MEDELLÍN","2014-10-01","","169.99583333"
"UNIVERSIDAD DE MEDELLÍN","2014-09-30","","170.38333333"
"UNIVERSIDAD DE MEDELLÍN","2014-09-29","","188.46666667"
"UNIVERSIDAD DE MEDELLÍN","2014-09-28","","203.09166667"
"UNIVERSIDAD DE MEDELLÍN","2014-09-27","","165.65833333"
"UNIVERSIDAD DE MEDELLÍN","2014-09-26","","207.8625"
"UNIVERSIDAD DE MEDELLÍN","2014-09-25","","182.79583333"
"UNIVERSIDAD DE MEDELLÍN","2014-09-24","","222.4625"
"UNIVERSIDAD DE MEDELLÍN","2014-09-23","","213.45"
"UNIVERSIDAD DE MEDELLÍN","2014-09-22","","200.725"
"UNIVERSIDAD DE MEDELLÍN","2014-09-21","","178.5625"
"UNIVERSIDAD DE MEDELLÍN","2014-09-20","","182.27083333"
"UNIVERSIDAD DE MEDELLÍN","2014-09-19","","171.75"
"UNIVERSIDAD DE MEDELLÍN","2014-09-18","","175.40833333"
"UNIVERSIDAD DE MEDELLÍN","2014-09-17","","195.07916667"
"UNIVERSIDAD DE MEDELLÍN","2014-09-16","","158.31666667"
"UNIVERSIDAD DE MEDELLÍN","2014-09-15","","192.3625"
"UNIVERSIDAD DE MEDELLÍN","2014-09-14","","186.1375"
"UNIVERSIDAD DE MEDELLÍN","2014-09-13","","179.3625"
"UNIVERSIDAD DE MEDELLÍN","2014-09-12","","189.79166667"
"UNIVERSIDAD DE MEDELLÍN","2014-09-11","","179.09583333"
"UNIVERSIDAD DE MEDELLÍN","2014-09-10","","157.82916667"
"UNIVERSIDAD DE MEDELLÍN","2014-09-09","","167.3"
"UNIVERSIDAD DE MEDELLÍN","2014-09-08","","178.60833333"
"UNIVERSIDAD DE MEDELLÍN","2014-09-07","","183.12916667"
"UNIVERSIDAD DE MEDELLÍN","2014-09-06","","164.14166667"
"UNIVERSIDAD DE MEDELLÍN","2014-09-05","","176.52916667"
"UNIVERSIDAD DE MEDELLÍN","2014-09-04","","172.44583333"
"UNIVERSIDAD DE MEDELLÍN","2014-09-03","","129.97916667"
"UNIVERSIDAD DE MEDELLÍN","2014-09-02","","160.825"
"UNIVERSIDAD DE MEDELLÍN","2014-09-01","","184.52916667"
"UNIVERSIDAD DE MEDELLÍN","2014-08-31","","162.89166667"
"UNIVERSIDAD DE MEDELLÍN","2014-08-30","","157.1"
"UNIVERSIDAD DE MEDELLÍN","2014-08-29","","165.02083333"
"UNIVERSIDAD DE MEDELLÍN","2014-08-28","","165.55833333"
"UNIVERSIDAD DE MEDELLÍN","2014-08-27","","181.15416667"
"UNIVERSIDAD DE MEDELLÍN","2014-08-26","","179.94583333"
"UNIVERSIDAD DE MEDELLÍN","2014-08-25","","181.05833333"
"UNIVERSIDAD DE MEDELLÍN","2014-08-24","","166.77083333"
"UNIVERSIDAD DE MEDELLÍN","2014-08-23","","175.57083333"
"UNIVERSIDAD DE MEDELLÍN","2014-08-22","","218.3625"
"UNIVERSIDAD DE MEDELLÍN","2014-08-21","","174.91666667"
"UNIVERSIDAD DE MEDELLÍN","2014-08-20","","120.62083333"
"UNIVERSIDAD DE MEDELLÍN","2014-08-19","","138.19166667"
"UNIVERSIDAD DE MEDELLÍN","2014-08-18","","117.92083333"
"UNIVERSIDAD DE MEDELLÍN","2014-08-17","","143.49583333"
"UNIVERSIDAD DE MEDELLÍN","2014-08-16","","141.85833333"
"UNIVERSIDAD DE MEDELLÍN","2014-08-15","","158.50416667"
"UNIVERSIDAD DE MEDELLÍN","2014-08-14","","219.20833333"
"UNIVERSIDAD DE MEDELLÍN","2014-08-13","","201.71666667"
"UNIVERSIDAD DE MEDELLÍN","2014-08-12","","188.0125"
"UNIVERSIDAD DE MEDELLÍN","2014-08-11","","141.32916667"
"UNIVERSIDAD DE MEDELLÍN","2014-08-10","","142.5125"
"UNIVERSIDAD DE MEDELLÍN","2014-08-09","","143.5875"
"UNIVERSIDAD DE MEDELLÍN","2014-08-08","","132.44583333"
"UNIVERSIDAD DE MEDELLÍN","2014-08-07","","184.98333333"
"UNIVERSIDAD DE MEDELLÍN","2014-08-06","","164.33333333"
"UNIVERSIDAD DE MEDELLÍN","2014-08-05","","185.9"
"UNIVERSIDAD DE MEDELLÍN","2014-08-04","","137.19583333"
"UNIVERSIDAD DE MEDELLÍN","2014-08-03","","155.2625"
"UNIVERSIDAD DE MEDELLÍN","2014-08-02","","227.1875"
"UNIVERSIDAD DE MEDELLÍN","2014-08-01","","172.17083333"
"UNIVERSIDAD DE MEDELLÍN","2014-07-31","","161.27916667"
"UNIVERSIDAD DE MEDELLÍN","2014-07-30","","154.125"
"UNIVERSIDAD DE MEDELLÍN","2014-07-29","","155.02916667"
"UNIVERSIDAD DE MEDELLÍN","2014-07-28","","159.87916667"
"UNIVERSIDAD DE MEDELLÍN","2014-07-27","","153.23333333"
"UNIVERSIDAD DE MEDELLÍN","2014-07-26","","185.21666667"
"UNIVERSIDAD DE MEDELLÍN","2014-07-25","","189.12083333"
"UNIVERSIDAD DE MEDELLÍN","2014-07-24","","173.66666667"
"UNIVERSIDAD DE MEDELLÍN","2014-07-23","","154.39166667"
"UNIVERSIDAD DE MEDELLÍN","2014-07-22","","163.99583333"
"UNIVERSIDAD DE MEDELLÍN","2014-07-21","","188.34166667"
"UNIVERSIDAD DE MEDELLÍN","2014-07-20","","150.33333333"
"UNIVERSIDAD DE MEDELLÍN","2014-07-19","","190.825"
"UNIVERSIDAD DE MEDELLÍN","2014-07-18","","192.65833333"
"UNIVERSIDAD DE MEDELLÍN","2014-07-17","","161.74583333"
"UNIVERSIDAD DE MEDELLÍN","2014-07-16","","185.4875"
"UNIVERSIDAD DE MEDELLÍN","2014-07-15","","181.39583333"
"UNIVERSIDAD DE MEDELLÍN","2014-07-14","","172.11666667"
"UNIVERSIDAD DE MEDELLÍN","2014-07-13","","151.5625"
"UNIVERSIDAD DE MEDELLÍN","2014-07-12","","162.3"
"UNIVERSIDAD DE MEDELLÍN","2014-07-11","","149.37083333"
"UNIVERSIDAD DE MEDELLÍN","2014-07-10","","116.53333333"
"UNIVERSIDAD DE MEDELLÍN","2014-07-09","","156.2"
"UNIVERSIDAD DE MEDELLÍN","2014-07-08","","154.89583333"
"UNIVERSIDAD DE MEDELLÍN","2014-07-07","","182.55833333"
"UNIVERSIDAD DE MEDELLÍN","2014-07-06","","207.93333333"
"UNIVERSIDAD DE MEDELLÍN","2014-07-05","","192.725"
"UNIVERSIDAD DE MEDELLÍN","2014-07-04","","157.44166667"
"UNIVERSIDAD DE MEDELLÍN","2014-07-03","","155.49583333"
"UNIVERSIDAD DE MEDELLÍN","2014-07-02","","211.90416667"
"UNIVERSIDAD DE MEDELLÍN","2014-07-01","","143.175"
"UNIVERSIDAD DE MEDELLÍN","2014-06-30","","163.94583333"
"UNIVERSIDAD DE MEDELLÍN","2014-06-29","","189.4625"
"UNIVERSIDAD DE MEDELLÍN","2014-06-28","","149.97916667"
"UNIVERSIDAD DE MEDELLÍN","2014-06-27","","196.75416667"
"UNIVERSIDAD DE MEDELLÍN","2014-06-26","","134.05"
"UNIVERSIDAD DE MEDELLÍN","2014-06-25","","185.49166667"
"UNIVERSIDAD DE MEDELLÍN","2014-06-24","","218.58333333"
"UNIVERSIDAD DE MEDELLÍN","2014-06-23","","160.32916667"
"UNIVERSIDAD DE MEDELLÍN","2014-06-22","","129.99166667"
"UNIVERSIDAD DE MEDELLÍN","2014-06-21","","233.59166667"
"UNIVERSIDAD DE MEDELLÍN","2014-06-20","","176.125"
"UNIVERSIDAD DE MEDELLÍN","2014-06-19","","154.86666667"
"UNIVERSIDAD DE MEDELLÍN","2014-06-18","","149.76666667"
"UNIVERSIDAD DE MEDELLÍN","2014-06-17","","141.09583333"
"UNIVERSIDAD DE MEDELLÍN","2014-06-16","","181.30833333"
"UNIVERSIDAD DE MEDELLÍN","2014-06-15","","166.33333333"
"UNIVERSIDAD DE MEDELLÍN","2014-06-14","","165.15833333"
"UNIVERSIDAD DE MEDELLÍN","2014-06-13","","191.12916667"
"UNIVERSIDAD DE MEDELLÍN","2014-06-12","","163.76666667"
"UNIVERSIDAD DE MEDELLÍN","2014-06-11","","194.92916667"
"UNIVERSIDAD DE MEDELLÍN","2014-06-10","","173.14583333"
"UNIVERSIDAD DE MEDELLÍN","2014-06-09","","217.8375"
"UNIVERSIDAD DE MEDELLÍN","2014-06-08","","143.0125"
"UNIVERSIDAD DE MEDELLÍN","2014-06-07","","173.09583333"
"UNIVERSIDAD DE MEDELLÍN","2014-06-06","","191.9875"
"UNIVERSIDAD DE MEDELLÍN","2014-06-05","","148.83333333"
"UNIVERSIDAD DE MEDELLÍN","2014-06-04","","153.7375"
"UNIVERSIDAD DE MEDELLÍN","2014-06-03","","181.34583333"
"UNIVERSIDAD DE MEDELLÍN","2014-06-02","","193.78333333"
"UNIVERSIDAD DE MEDELLÍN","2014-06-01","","201.27083333"
"UNIVERSIDAD DE MEDELLÍN","2014-05-31","","176.40833333"
"UNIVERSIDAD DE MEDELLÍN","2014-05-30","","197.56666667"
"UNIVERSIDAD DE MEDELLÍN","2014-05-29","","169.39583333"
"UNIVERSIDAD DE MEDELLÍN","2014-05-28","","170.82083333"
"UNIVERSIDAD DE MEDELLÍN","2014-05-27","","130.57916667"
"UNIVERSIDAD DE MEDELLÍN","2014-05-26","","195.01666667"
"UNIVERSIDAD DE MEDELLÍN","2014-05-25","","208.85416667"
"UNIVERSIDAD DE MEDELLÍN","2014-05-24","","230.82083333"
"UNIVERSIDAD DE MEDELLÍN","2014-05-23","","165.85416667"
"UNIVERSIDAD DE MEDELLÍN","2014-05-22","","153.17083333"
"UNIVERSIDAD DE MEDELLÍN","2014-05-21","","134.86666667"
"UNIVERSIDAD DE MEDELLÍN","2014-05-20","","176.72916667"
"UNIVERSIDAD DE MEDELLÍN","2014-05-19","","223.1875"
"UNIVERSIDAD DE MEDELLÍN","2014-05-18","","195.23333333"
"UNIVERSIDAD DE MEDELLÍN","2014-05-17","","171.99166667"
"UNIVERSIDAD DE MEDELLÍN","2014-05-16","","219.8375"
"UNIVERSIDAD DE MEDELLÍN","2014-05-15","","147.11666667"
"UNIVERSIDAD DE MEDELLÍN","2014-05-14","","168.72916667"
"UNIVERSIDAD DE MEDELLÍN","2014-05-13","","114.80833333"
"UNIVERSIDAD DE MEDELLÍN","2014-05-12","","147.475"
"UNIVERSIDAD DE MEDELLÍN","2014-05-11","","167.60833333"
"UNIVERSIDAD DE MEDELLÍN","2014-05-10","","162.60833333"
"UNIVERSIDAD DE MEDELLÍN","2014-05-09","","187.97916667"
"UNIVERSIDAD DE MEDELLÍN","2014-05-08","","159.15"
"UNIVERSIDAD DE MEDELLÍN","2014-05-07","","195.2375"
"UNIVERSIDAD DE MEDELLÍN","2014-05-06","","202.53333333"
"UNIVERSIDAD DE MEDELLÍN","2014-05-05","","193.94583333"
"UNIVERSIDAD DE MEDELLÍN","2014-05-04","","201.1375"
"UNIVERSIDAD DE MEDELLÍN","2014-05-03","","205.52083333"
"UNIVERSIDAD DE MEDELLÍN","2014-05-02","","165.09166667"
"UNIVERSIDAD DE MEDELLÍN","2014-05-01","","177.00416667"
"UNIVERSIDAD DE MEDELLÍN","2014-04-30","","217.75"
"UNIVERSIDAD DE MEDELLÍN","2014-04-29","","162.94583333"
"UNIVERSIDAD DE MEDELLÍN","2014-04-28","","208.81666667"
"UNIVERSIDAD DE MEDELLÍN","2014-04-27","","186.63333333"
"UNIVERSIDAD DE MEDELLÍN","2014-04-26","","148.65833333"
"UNIVERSIDAD DE MEDELLÍN","2014-04-25","","168.2375"
"UNIVERSIDAD DE MEDELLÍN","2014-04-24","","166.29583333"
"UNIVERSIDAD DE MEDELLÍN","2014-04-23","","171.32083333"
"UNIVERSIDAD DE MEDELLÍN","2014-04-22","","179.6875"
"UNIVERSIDAD DE MEDELLÍN","2014-04-21","","196.84166667"
"UNIVERSIDAD DE MEDELLÍN","2014-04-20","","200.21666667"
"UNIVERSIDAD DE MEDELLÍN","2014-04-19","","212.16666667"
"UNIVERSIDAD DE MEDELLÍN","2014-04-18","","159.5"
"UNIVERSIDAD DE MEDELLÍN","2014-04-17","","219.27916667"
"UNIVERSIDAD DE MEDELLÍN","2014-04-16","","183.675"
"UNIVERSIDAD DE MEDELLÍN","2014-04-15","","212.075"
"UNIVERSIDAD DE MEDELLÍN","2014-04-14","","171.29166667"
"UNIVERSIDAD DE MEDELLÍN","2014-04-13","","193.52083333"
"UNIVERSIDAD DE MEDELLÍN","2014-04-12","","225.70416667"
"UNIVERSIDAD DE MEDELLÍN","2014-04-11","","215.7"
"UNIVERSIDAD DE MEDELLÍN","2014-04-10","","143.61666667"
"UNIVERSIDAD DE MEDELLÍN","2014-04-09","","200.75416667"
"UNIVERSIDAD DE MEDELLÍN","2014-04-08","","204.125"
"UNIVERSIDAD DE MEDELLÍN","2014-04-07","","163.33333333"
"UNIVERSIDAD DE MEDELLÍN","2014-04-06","","159.60869565"
"UNIVERSIDAD DE MEDELLÍN","2014-04-05","","160.09166667"
"UNIVERSIDAD DE MEDELLÍN","2014-04-04","","203.70416667"
"UNIVERSIDAD DE MEDELLÍN","2014-04-03","","164.1"
"UNIVERSIDAD DE MEDELLÍN","2014-04-02","","132.0375"
"UNIVERSIDAD DE MEDELLÍN","2014-04-01","","147.62916667"
"UNIVERSIDAD DE MEDELLÍN","2014-03-31","","187.69166667"
"UNIVERSIDAD DE MEDELLÍN","2014-03-30","","197.5875"
"UNIVERSIDAD DE MEDELLÍN","2014-03-29","","214.05833333"
"UNIVERSIDAD DE MEDELLÍN","2014-03-28","","163.05"
"UNIVERSIDAD DE MEDELLÍN","2014-03-27","","131.19166667"
"UNIVERSIDAD DE MEDELLÍN","2014-03-26","","217.42916667"
"UNIVERSIDAD DE MEDELLÍN","2014-03-25","","199.225"
"UNIVERSIDAD DE MEDELLÍN","2014-03-24","","243.87916667"
"UNIVERSIDAD DE MEDELLÍN","2014-03-23","","239.27083333"
"UNIVERSIDAD DE MEDELLÍN","2014-03-22","","168.225"
"UNIVERSIDAD DE MEDELLÍN","2014-03-21","","175.79166667"
"UNIVERSIDAD DE MEDELLÍN","2014-03-20","","148.83333333"
"UNIVERSIDAD DE MEDELLÍN","2014-03-19","","168.30416667"
"UNIVERSIDAD DE MEDELLÍN","2014-03-18","","183.7952381"
"UNIVERSIDAD DE MEDELLÍN","2014-03-17","","212.25833333"
"UNIVERSIDAD DE MEDELLÍN","2014-03-16","","157.27083333"
"UNIVERSIDAD DE MEDELLÍN","2014-03-15","","123.47083333"
"UNIVERSIDAD DE MEDELLÍN","2014-03-14","","109.61666667"
"UNIVERSIDAD DE MEDELLÍN","2014-03-13","","131.9375"
"UNIVERSIDAD DE MEDELLÍN","2014-03-12","","190.04166667"
"UNIVERSIDAD DE MEDELLÍN","2014-03-11","","179.75416667"
"UNIVERSIDAD DE MEDELLÍN","2014-03-10","","196.05416667"
"UNIVERSIDAD DE MEDELLÍN","2014-03-09","","138.3875"
"UNIVERSIDAD DE MEDELLÍN","2014-03-08","","180.52916667"
"UNIVERSIDAD DE MEDELLÍN","2014-03-07","","190.17083333"
"UNIVERSIDAD DE MEDELLÍN","2014-03-06","","181.78333333"
"UNIVERSIDAD DE MEDELLÍN","2014-03-05","","187.025"
"UNIVERSIDAD DE MEDELLÍN","2014-03-04","","191.10833333"
"UNIVERSIDAD DE MEDELLÍN","2014-03-03","","170.225"
"UNIVERSIDAD DE MEDELLÍN","2014-03-02","","188.95"
"UNIVERSIDAD DE MEDELLÍN","2014-03-01","","210.45416667"
"UNIVERSIDAD DE MEDELLÍN","2014-02-28","","159.22916667"
"UNIVERSIDAD DE MEDELLÍN","2014-02-27","","192.88333333"
"UNIVERSIDAD DE MEDELLÍN","2014-02-26","","146.29583333"
"UNIVERSIDAD DE MEDELLÍN","2014-02-25","","138.98333333"
"UNIVERSIDAD DE MEDELLÍN","2014-02-24","","163.59583333"
"UNIVERSIDAD DE MEDELLÍN","2014-02-23","","178.1375"
"UNIVERSIDAD DE MEDELLÍN","2014-02-22","","137.3625"
"UNIVERSIDAD DE MEDELLÍN","2014-02-21","","201.42083333"
"UNIVERSIDAD DE MEDELLÍN","2014-02-20","","198.00416667"
"UNIVERSIDAD DE MEDELLÍN","2014-02-19","","173.05833333"
"UNIVERSIDAD DE MEDELLÍN","2014-02-18","","181.45"
"UNIVERSIDAD DE MEDELLÍN","2014-02-17","","172.7125"
"UNIVERSIDAD DE MEDELLÍN","2014-02-16","","194.625"
"UNIVERSIDAD DE MEDELLÍN","2014-02-15","","195.4125"
"UNIVERSIDAD DE MEDELLÍN","2014-02-14","","169.82916667"
"UNIVERSIDAD DE MEDELLÍN","2014-02-13","","115.58333333"
"UNIVERSIDAD DE MEDELLÍN","2014-02-12","","161.69583333"
"UNIVERSIDAD DE MEDELLÍN","2014-02-11","","219.95833333"
"UNIVERSIDAD DE MEDELLÍN","2014-02-10","","212.32916667"
"UNIVERSIDAD DE MEDELLÍN","2014-02-09","","148.25833333"
"UNIVERSIDAD DE MEDELLÍN","2014-02-08","","171.0125"
"UNIVERSIDAD DE MEDELLÍN","2014-02-07","","176.25833333"
"UNIVERSIDAD DE MEDELLÍN","2014-02-06","","184.47916667"
"UNIVERSIDAD DE MEDELLÍN","2014-02-05","","181.39166667"
"UNIVERSIDAD DE MEDELLÍN","2014-02-04","","180.80833333"
"UNIVERSIDAD DE MEDELLÍN","2014-02-03","","166.06666667"
"UNIVERSIDAD DE MEDELLÍN","2014-02-02","","150.14583333"
"UNIVERSIDAD DE MEDELLÍN","2014-02-01","","124.70833333"
"UNIVERSIDAD DE MEDELLÍN","2014-01-31","","184.7875"
"UNIVERSIDAD DE MEDELLÍN","2014-01-30","","194.0625"
"UNIVERSIDAD DE MEDELLÍN","2014-01-29","","153.50833333"
"UNIVERSIDAD DE MEDELLÍN","2014-01-28","","141.95833333"
"UNIVERSIDAD DE MEDELLÍN","2014-01-27","","201.82916667"
"UNIVERSIDAD DE MEDELLÍN","2014-01-26","","176.75"
"UNIVERSIDAD DE MEDELLÍN","2014-01-25","","174.92916667"
"UNIVERSIDAD DE MEDELLÍN","2014-01-24","","178.05833333"
"UNIVERSIDAD DE MEDELLÍN","2014-01-23","","210.33333333"
"UNIVERSIDAD DE MEDELLÍN","2014-01-22","","166.8375"
"UNIVERSIDAD DE MEDELLÍN","2014-01-21","","138.0625"
"UNIVERSIDAD DE MEDELLÍN","2014-01-20","","172.17083333"
"UNIVERSIDAD DE MEDELLÍN","2014-01-19","","157.79166667"
"UNIVERSIDAD DE MEDELLÍN","2014-01-18","","145.725"
"UNIVERSIDAD DE MEDELLÍN","2014-01-17","","162.80833333"
"UNIVERSIDAD DE MEDELLÍN","2014-01-16","","179.15416667"
"UNIVERSIDAD DE MEDELLÍN","2014-01-15","","179.15"
"UNIVERSIDAD DE MEDELLÍN","2014-01-14","","173.89583333"
"UNIVERSIDAD DE MEDELLÍN","2014-01-13","","178.69166667"
"UNIVERSIDAD DE MEDELLÍN","2014-01-12","","132.73333333"
"UNIVERSIDAD DE MEDELLÍN","2014-01-11","","181.5375"
"UNIVERSIDAD DE MEDELLÍN","2014-01-10","","204.82916667"
"UNIVERSIDAD DE MEDELLÍN","2014-01-09","","191.16666667"
"UNIVERSIDAD DE MEDELLÍN","2014-01-08","","173.25416667"
"UNIVERSIDAD DE MEDELLÍN","2014-01-07","","183.6875"
"UNIVERSIDAD DE MEDELLÍN","2014-01-06","","181.54583333"
"UNIVERSIDAD DE MEDELLÍN","2014-01-05","","176.13333333"
"UNIVERSIDAD DE MEDELLÍN","2014-01-04","","143.61666667"
"UNIVERSIDAD DE MEDELLÍN","2014-01-03","","176.67083333"
"UNIVERSIDAD DE MEDELLÍN","2014-01-02","","154.39583333"
"UNIVERSIDAD DE MEDELLÍN","2014-01-01","","195.9"
"UNIVERSIDAD DE MEDELLÍN","2013-12-31","","219.50416667"
"UNIVERSIDAD DE MEDELLÍN","2013-12-30","","198.35416667"
"UNIVERSIDAD DE MEDELLÍN","2013-12-29","","175.06666667"
"UNIVERSIDAD DE MEDELLÍN","2013-12-28","","170.17916667"
"UNIVERSIDAD DE MEDELLÍN","2013-12-27","","168.18333333"
"UNIVERSIDAD DE MEDELLÍN","2013-12-26","","153.075"
"UNIVERSIDAD DE MEDELLÍN","2013-12-25","","176.54166667"
"UNIVERSIDAD DE MEDELLÍN","2013-12-24","","186.35833333"
"UNIVERSIDAD DE MEDELLÍN","2013-12-23","","193.50416667"
"UNIVERSIDAD DE MEDELLÍN","2013-12-22","","144.60416667"
"UNIVERSIDAD DE MEDELLÍN","2013-12-21","","184.26666667"
"UNIVERSIDAD DE MEDELLÍN","2013-12-20","","178.9625"
"UNIVERSIDAD DE MEDELLÍN","2013-12-19","","134.1625"
"UNIVERSIDAD DE MEDELLÍN","2013-12-18","","153.32916667"
"UNIVERSIDAD DE MEDELLÍN","2013-12-17","","166.92916667"
"UNIVERSIDAD DE MEDELLÍN","2013-12-16","","171.7"
"UNIVERSIDAD DE MEDELLÍN","2013-12-15","","158.44583333"
"UNIVERSIDAD DE MEDELLÍN","2013-12-14","","151.20833333"
"UNIVERSIDAD DE MEDELLÍN","2013-12-13","","156.74583333"
"UNIVERSIDAD DE MEDELLÍN","2013-12-12","","217.8625"
"UNIVERSIDAD DE MEDELLÍN","2013-12-11","","160.425"
"UNIVERSIDAD DE MEDELLÍN","2013-12-10","","183.125"
"UNIVERSIDAD DE MEDELLÍN","2013-12-09","","178.12916667"
"UNIVERSIDAD DE MEDELLÍN","2013-12-08","","178.95416667"
"UNIVERSIDAD DE MEDELLÍN","2013-12-07","","192.5"
"UNIVERSIDAD DE MEDELLÍN","2013-12-06","","192.94583333"
"UNIVERSIDAD DE MEDELLÍN","2013-12-05","","204.44583333"
"UNIVERSIDAD DE MEDELLÍN","2013-12-04","","194.88333333"
"UNIVERSIDAD DE MEDELLÍN","2013-12-03","","174.41666667"
"UNIVERSIDAD DE MEDELLÍN","2013-12-02","","172.47916667"
"UNIVERSIDAD DE MEDELLÍN","2013-12-01","","183.65"
"UNIVERSIDAD DE MEDELLÍN","2013-11-30","","220.01428571"
"UNIVERSIDAD DE MEDELLÍN","2013-11-29","","190.91666667"
"UNIVERSIDAD DE MEDELLÍN","2013-11-28","","221.94166667"
"UNIVERSIDAD DE MEDELLÍN","2013-11-27","","189.45833333"
"UNIVERSIDAD DE MEDELLÍN","2013-11-26","","207.45"
"UNIVERSIDAD DE MEDELLÍN","2013-11-25","","152.0625"
"UNIVERSIDAD DE MEDELLÍN","2013-11-24","","179.60833333"
"UNIVERSIDAD DE MEDELLÍN","2013-11-23","","171.99583333"
"UNIVERSIDAD DE MEDELLÍN","2013-11-22","","146.39583333"
"UNIVERSIDAD DE MEDELLÍN","2013-11-21","","140.78333333"
"UNIVERSIDAD DE MEDELLÍN","2013-11-20","","153.39583333"
"UNIVERSIDAD DE MEDELLÍN","2013-11-19","","202.0125"
"UNIVERSIDAD DE MEDELLÍN","2013-11-18","","197.35416667"
"UNIVERSIDAD DE MEDELLÍN","2013-11-17","","195.575"
"UNIVERSIDAD DE MEDELLÍN","2013-11-16","","172.48333333"
"UNIVERSIDAD DE MEDELLÍN","2013-11-15","","195.68333333"
"UNIVERSIDAD DE MEDELLÍN","2013-11-14","","219.21666667"
"UNIVERSIDAD DE MEDELLÍN","2013-11-13","","193.05"
"UNIVERSIDAD DE MEDELLÍN","2013-11-12","","189.51666667"
"UNIVERSIDAD DE MEDELLÍN","2013-11-11","","183.65833333"
"UNIVERSIDAD DE MEDELLÍN","2013-11-10","","170.0375"
"UNIVERSIDAD DE MEDELLÍN","2013-11-09","","159.625"
"UNIVERSIDAD DE MEDELLÍN","2013-11-08","","200.45833333"
"UNIVERSIDAD DE MEDELLÍN","2013-11-07","","200.7375"
"UNIVERSIDAD DE MEDELLÍN","2013-11-06","","157.99583333"
"UNIVERSIDAD DE MEDELLÍN","2013-11-05","","153.77083333"
"UNIVERSIDAD DE MEDELLÍN","2013-11-04","","191.72916667"
"UNIVERSIDAD DE MEDELLÍN","2013-11-03","","225.64583333"
"UNIVERSIDAD DE MEDELLÍN","2013-11-02","","206.12916667"
"UNIVERSIDAD DE MEDELLÍN","2013-11-01","","208.43333333"
"UNIVERSIDAD DE MEDELLÍN","2013-10-31","","212.9375"
"UNIVERSIDAD DE MEDELLÍN","2013-10-30","","190.50833333"
"UNIVERSIDAD DE MEDELLÍN","2013-10-29","","183.9173913"
"UNIVERSIDAD DE MEDELLÍN","2013-10-28","","172.0375"
"UNIVERSIDAD DE MEDELLÍN","2013-10-27","","154.77083333"
"UNIVERSIDAD DE MEDELLÍN","2013-10-26","","203.35416667"
"UNIVERSIDAD DE MEDELLÍN","2013-10-25","","174.64166667"
"UNIVERSIDAD DE MEDELLÍN","2013-10-24","","162.0625"
"UNIVERSIDAD DE MEDELLÍN","2013-10-23","","145.1125"
"UNIVERSIDAD DE MEDELLÍN","2013-10-22","","182.12083333"
"UNIVERSIDAD DE MEDELLÍN","2013-10-21","","154.575"
"UNIVERSIDAD DE MEDELLÍN","2013-10-20","","173.725"
"UNIVERSIDAD DE MEDELLÍN","2013-10-19","","186.8125"
"UNIVERSIDAD DE MEDELLÍN","2013-10-18","","154.85833333"
"UNIVERSIDAD DE MEDELLÍN","2013-10-17","","188.92916667"
"UNIVERSIDAD DE MEDELLÍN","2013-10-16","","134.87916667"
"UNIVERSIDAD DE MEDELLÍN","2013-10-15","","209.80416667"
"UNIVERSIDAD DE MEDELLÍN","2013-10-14","","154.95416667"
"UNIVERSIDAD DE MEDELLÍN","2013-10-13","","158.97916667"
"UNIVERSIDAD DE MEDELLÍN","2013-10-12","","163.29166667"
"UNIVERSIDAD DE MEDELLÍN","2013-10-11","","183.4125"
"UNIVERSIDAD DE MEDELLÍN","2013-10-10","","168.4625"
"UNIVERSIDAD DE MEDELLÍN","2013-10-09","","173.81666667"
"UNIVERSIDAD DE MEDELLÍN","2013-10-08","","161.45416667"
"UNIVERSIDAD DE MEDELLÍN","2013-10-07","","226.59166667"
"UNIVERSIDAD DE MEDELLÍN","2013-10-06","","171.09583333"
"UNIVERSIDAD DE MEDELLÍN","2013-10-05","","152.39583333"
"UNIVERSIDAD DE MEDELLÍN","2013-10-04","","154.1375"
"UNIVERSIDAD DE MEDELLÍN","2013-10-03","","173.58333333"
"UNIVERSIDAD DE MEDELLÍN","2013-10-02","","181.3375"
"UNIVERSIDAD DE MEDELLÍN","2013-10-01","","146.81666667"
"UNIVERSIDAD DE MEDELLÍN","2013-09-30","","177.69583333"
"UNIVERSIDAD DE MEDELLÍN","2013-09-29","","186.40833333"
"UNIVERSIDAD DE MEDELLÍN","2013-09-28","","194.6125"
"UNIVERSIDAD DE MEDELLÍN","2013-09-27","","153.44166667"
"UNIVERSIDAD DE MEDELLÍN","2013-09-26","","191.72916667"
"UNIVERSIDAD DE MEDELLÍN","2013-09-25","","218.02916667"
"UNIVERSIDAD DE MEDELLÍN","2013-09-24","","145.0375"
"UNIVERSIDAD DE MEDELLÍN","2013-09-23","","194.02083333"
"UNIVERSIDAD DE MEDELLÍN","2013-09-22","","183.77916667"
"UNIVERSIDAD DE MEDELLÍN","2013-09-21","","187.275"
"UNIVERSIDAD DE MEDELLÍN","2013-09-20","","166.25416667"
"UNIVERSIDAD DE MEDELLÍN","2013-09-19","","197.8"
"UNIVERSIDAD DE MEDELLÍN","2013-09-18","","189.65833333"
"UNIVERSIDAD DE MEDELLÍN","2013-09-17","","165.90416667"
"UNIVERSIDAD DE MEDELLÍN","2013-09-16","","156.94166667"
"UNIVERSIDAD DE MEDELLÍN","2013-09-15","","122.88333333"
"UNIVERSIDAD DE MEDELLÍN","2013-09-14","","175.75833333"
"UNIVERSIDAD DE MEDELLÍN","2013-09-13","","143.37916667"
"UNIVERSIDAD DE MEDELLÍN","2013-09-12","","172.0375"
"UNIVERSIDAD DE MEDELLÍN","2013-09-11","","180.39166667"
"UNIVERSIDAD DE MEDELLÍN","2013-09-10","","174.00416667"
"UNIVERSIDAD DE MEDELLÍN","2013-09-09","","171.13333333"
"UNIVERSIDAD DE MEDELLÍN","2013-09-08","","199.10416667"
"UNIVERSIDAD DE MEDELLÍN","2013-09-07","","195.57083333"
"UNIVERSIDAD DE MEDELLÍN","2013-09-06","","190.5"
"UNIVERSIDAD DE MEDELLÍN","2013-09-05","","190.74583333"
"UNIVERSIDAD DE MEDELLÍN","2013-09-04","","185.99583333"
"UNIVERSIDAD DE MEDELLÍN","2013-09-03","","200.93333333"
"UNIVERSIDAD DE MEDELLÍN","2013-09-02","","148.70416667"
"UNIVERSIDAD DE MEDELLÍN","2013-09-01","","119.6375"
"UNIVERSIDAD DE MEDELLÍN","2013-08-31","","170.85416667"
"UNIVERSIDAD DE MEDELLÍN","2013-08-30","","143.32083333"
"UNIVERSIDAD DE MEDELLÍN","2013-08-29","","172.9625"
"UNIVERSIDAD DE MEDELLÍN","2013-08-28","","161.29583333"
"UNIVERSIDAD DE MEDELLÍN","2013-08-27","","167.6375"
"UNIVERSIDAD DE MEDELLÍN","2013-08-26","","181.14166667"
"UNIVERSIDAD DE MEDELLÍN","2013-08-25","","187.275"
"UNIVERSIDAD DE MEDELLÍN","2013-08-24","","196.7375"
"UNIVERSIDAD DE MEDELLÍN","2013-08-23","","186.84166667"
"UNIVERSIDAD DE MEDELLÍN","2013-08-22","","156.8"
"UNIVERSIDAD DE MEDELLÍN","2013-08-21","","182.6875"
"UNIVERSIDAD DE MEDELLÍN","2013-08-20","","121.775"
"UNIVERSIDAD DE MEDELLÍN","2013-08-19","","150.075"
"UNIVERSIDAD DE MEDELLÍN","2013-08-18","","183.75416667"
"UNIVERSIDAD DE MEDELLÍN","2013-08-17","","164.6"
"UNIVERSIDAD DE MEDELLÍN","2013-08-16","","188.17916667"
"UNIVERSIDAD DE MEDELLÍN","2013-08-15","","185.49583333"
"UNIVERSIDAD DE MEDELLÍN","2013-08-14","","173.31666667"
"UNIVERSIDAD DE MEDELLÍN","2013-08-13","","180.58333333"
"UNIVERSIDAD DE MEDELLÍN","2013-08-12","","198.99583333"
"UNIVERSIDAD DE MEDELLÍN","2013-08-11","","189.675"
"UNIVERSIDAD DE MEDELLÍN","2013-08-10","","208.55"
"UNIVERSIDAD DE MEDELLÍN","2013-08-09","","198.7125"
"UNIVERSIDAD DE MEDELLÍN","2013-08-08","","186.6375"
"UNIVERSIDAD DE MEDELLÍN","2013-08-07","","127.40833333"
"UNIVERSIDAD DE MEDELLÍN","2013-08-06","","167.625"
"UNIVERSIDAD DE MEDELLÍN","2013-08-05","","132.79583333"
"UNIVERSIDAD DE MEDELLÍN","2013-08-04","","138.50416667"
"UNIVERSIDAD DE MEDELLÍN","2013-08-03","","156.86666667"
"UNIVERSIDAD DE MEDELLÍN","2013-08-02","","173.81666667"
"UNIVERSIDAD DE MEDELLÍN","2013-08-01","","152.11666667"
"UNIVERSIDAD DE MEDELLÍN","2013-07-31","","159.575"
"UNIVERSIDAD DE MEDELLÍN","2013-07-30","","187.89166667"
"UNIVERSIDAD DE MEDELLÍN","2013-07-29","","136.425"
"UNIVERSIDAD DE MEDELLÍN","2013-07-28","","159.925"
"UNIVERSIDAD DE MEDELLÍN","2013-07-27","","198.10416667"
"UNIVERSIDAD DE MEDELLÍN","2013-07-26","","225.95416667"
"UNIVERSIDAD DE MEDELLÍN","2013-07-25","","147.44166667"
"UNIVERSIDAD DE MEDELLÍN","2013-07-24","","143.55833333"
"UNIVERSIDAD DE MEDELLÍN","2013-07-23","","146.32916667"
"UNIVERSIDAD DE MEDELLÍN","2013-07-22","","183.3875"
"UNIVERSIDAD DE MEDELLÍN","2013-07-21","","151.49583333"
"UNIVERSIDAD DE MEDELLÍN","2013-07-20","","129.91666667"
"UNIVERSIDAD DE MEDELLÍN","2013-07-19","","182.575"
"UNIVERSIDAD DE MEDELLÍN","2013-07-18","","181.6625"
"UNIVERSIDAD DE MEDELLÍN","2013-07-17","","163.92916667"
"UNIVERSIDAD DE MEDELLÍN","2013-07-16","","167.0875"
"UNIVERSIDAD DE MEDELLÍN","2013-07-15","","189.64583333"
"UNIVERSIDAD DE MEDELLÍN","2013-07-14","","160.62083333"
"UNIVERSIDAD DE MEDELLÍN","2013-07-13","","168.8875"
"UNIVERSIDAD DE MEDELLÍN","2013-07-12","","153.35416667"
"UNIVERSIDAD DE MEDELLÍN","2013-07-11","","182.93333333"
"UNIVERSIDAD DE MEDELLÍN","2013-07-10","","198.40833333"
"UNIVERSIDAD DE MEDELLÍN","2013-07-09","","157.67083333"
"UNIVERSIDAD DE MEDELLÍN","2013-07-08","","168.3"
"UNIVERSIDAD DE MEDELLÍN","2013-07-07","","201.92916667"
"UNIVERSIDAD DE MEDELLÍN","2013-07-06","","177.63333333"
"UNIVERSIDAD DE MEDELLÍN","2013-07-05","","191.925"
"UNIVERSIDAD DE MEDELLÍN","2013-07-04","","179.45416667"
"UNIVERSIDAD DE MEDELLÍN","2013-07-03","","198.19166667"
"UNIVERSIDAD DE MEDELLÍN","2013-07-02","","193.8"
"UNIVERSIDAD DE MEDELLÍN","2013-07-01","","171.1625"
"UNIVERSIDAD DE MEDELLÍN","2013-06-30","","195.2875"
"UNIVERSIDAD DE MEDELLÍN","2013-06-29","","176.20833333"
"UNIVERSIDAD DE MEDELLÍN","2013-06-28","","207.17083333"
"UNIVERSIDAD DE MEDELLÍN","2013-06-27","","199.40416667"
"UNIVERSIDAD DE MEDELLÍN","2013-06-26","","170.90833333"
"UNIVERSIDAD DE MEDELLÍN","2013-06-25","","170.725"
"UNIVERSIDAD DE MEDELLÍN","2013-06-24","","198.93333333"
"UNIVERSIDAD DE MEDELLÍN","2013-06-23","","166.84166667"
"UNIVERSIDAD DE MEDELLÍN","2013-06-22","","180.6625"
"UNIVERSIDAD DE MEDELLÍN","2013-06-21","","154.89583333"
"UNIVERSIDAD DE MEDELLÍN","2013-06-20","","194.6375"
"UNIVERSIDAD DE MEDELLÍN","2013-06-19","","179.28333333"
"UNIVERSIDAD DE MEDELLÍN","2013-06-18","","208.73333333"
"UNIVERSIDAD DE MEDELLÍN","2013-06-17","","213.0375"
"UNIVERSIDAD DE MEDELLÍN","2013-06-16","","158.08333333"
"UNIVERSIDAD DE MEDELLÍN","2013-06-15","","159.75416667"
"UNIVERSIDAD DE MEDELLÍN","2013-06-14","","191.50833333"
"UNIVERSIDAD DE MEDELLÍN","2013-06-13","","155.5625"
"UNIVERSIDAD DE MEDELLÍN","2013-06-12","","233.0625"
"UNIVERSIDAD DE MEDELLÍN","2013-06-11","","185.40833333"
"UNIVERSIDAD DE MEDELLÍN","2013-06-10","","172.5125"
"UNIVERSIDAD DE MEDELLÍN","2013-06-09","","172.29583333"
"UNIVERSIDAD DE MEDELLÍN","2013-06-08","","191.77083333"
"UNIVERSIDAD DE MEDELLÍN","2013-06-07","","130.36666667"
"UNIVERSIDAD DE MEDELLÍN","2013-06-06","","158.87083333"
"UNIVERSIDAD DE MEDELLÍN","2013-06-05","","181.1125"
"UNIVERSIDAD DE MEDELLÍN","2013-06-04","","181.35833333"
"UNIVERSIDAD DE MEDELLÍN","2013-06-03","","138.30833333"
"UNIVERSIDAD DE MEDELLÍN","2013-06-02","","145.75"
"UNIVERSIDAD DE MEDELLÍN","2013-06-01","","174.15833333"
"UNIVERSIDAD DE MEDELLÍN","2013-05-31","","175.32916667"
"UNIVERSIDAD DE MEDELLÍN","2013-05-30","","177.5625"
"UNIVERSIDAD DE MEDELLÍN","2013-05-29","","182.55416667"
"UNIVERSIDAD DE MEDELLÍN","2013-05-28","","200.69583333"
"UNIVERSIDAD DE MEDELLÍN","2013-05-27","","192.84583333"
"UNIVERSIDAD DE MEDELLÍN","2013-05-26","","189.6875"
"UNIVERSIDAD DE MEDELLÍN","2013-05-25","","170.90833333"
"UNIVERSIDAD DE MEDELLÍN","2013-05-24","","153.48333333"
"UNIVERSIDAD DE MEDELLÍN","2013-05-23","","166.425"
"UNIVERSIDAD DE MEDELLÍN","2013-05-22","","148.23333333"
"UNIVERSIDAD DE MEDELLÍN","2013-05-21","","182.64583333"
"UNIVERSIDAD DE MEDELLÍN","2013-05-20","","151.25"
"UNIVERSIDAD DE MEDELLÍN","2013-05-19","","178.44583333"
"UNIVERSIDAD DE MEDELLÍN","2013-05-18","","186.79583333"
"UNIVERSIDAD DE MEDELLÍN","2013-05-17","","191.29166667"
"UNIVERSIDAD DE MEDELLÍN","2013-05-16","","182.70416667"
"UNIVERSIDAD DE MEDELLÍN","2013-05-15","","192.95416667"
"UNIVERSIDAD DE MEDELLÍN","2013-05-14","","152.39166667"
"UNIVERSIDAD DE MEDELLÍN","2013-05-13","","168.25"
"UNIVERSIDAD DE MEDELLÍN","2013-05-12","","176.65416667"
"UNIVERSIDAD DE MEDELLÍN","2013-05-11","","171.98333333"
"UNIVERSIDAD DE MEDELLÍN","2013-05-10","","143.5875"
"UNIVERSIDAD DE MEDELLÍN","2013-05-09","","203.53333333"
"UNIVERSIDAD DE MEDELLÍN","2013-05-08","","224.225"
"UNIVERSIDAD DE MEDELLÍN","2013-05-07","","169.1375"
"UNIVERSIDAD DE MEDELLÍN","2013-05-06","","164.8125"
"UNIVERSIDAD DE MEDELLÍN","2013-05-05","","209.29583333"
"UNIVERSIDAD DE MEDELLÍN","2013-05-04","","194.50833333"
"UNIVERSIDAD DE MEDELLÍN","2013-05-03","","193.17916667"
"UNIVERSIDAD DE MEDELLÍN","2013-05-02","","204.61666667"
"UNIVERSIDAD DE MEDELLÍN","2013-05-01","","200.40416667"
"UNIVERSIDAD DE MEDELLÍN","2013-04-30","","184.325"
"UNIVERSIDAD DE MEDELLÍN","2013-04-29","","141.65"
"UNIVERSIDAD DE MEDELLÍN","2013-04-28","","179.8875"
"UNIVERSIDAD DE MEDELLÍN","2013-04-27","","209.125"
"UNIVERSIDAD DE MEDELLÍN","2013-04-26","","189.89583333"
"UNIVERSIDAD DE MEDELLÍN","2013-04-25","","129.46666667"
"UNIVERSIDAD DE MEDELLÍN","2013-04-24","","195.04166667"
"UNIVERSIDAD DE MEDELLÍN","2013-04-23","","200.70416667"
"UNIVERSIDAD DE MEDELLÍN","2013-04-22","","175.6875"
"UNIVERSIDAD DE MEDELLÍN","2013-04-21","","199.48333333"
"UNIVERSIDAD DE MEDELLÍN","2013-04-20","","204.3"
"UNIVERSIDAD DE MEDELLÍN","2013-04-19","","177.16666667"
"UNIVERSIDAD DE MEDELLÍN","2013-04-18","","184.4"
"UNIVERSIDAD DE MEDELLÍN","2013-04-17","","167.95"
"UNIVERSIDAD DE MEDELLÍN","2013-04-16","","197.23333333"
"UNIVERSIDAD DE MEDELLÍN","2013-04-15","","171.9875"
"UNIVERSIDAD DE MEDELLÍN","2013-04-14","","188.07083333"
"UNIVERSIDAD DE MEDELLÍN","2013-04-13","","151.23333333"
"UNIVERSIDAD DE MEDELLÍN","2013-04-12","","166.675"
"UNIVERSIDAD DE MEDELLÍN","2013-04-11","","187.07916667"
"UNIVERSIDAD DE MEDELLÍN","2013-04-10","","140.49583333"
"UNIVERSIDAD DE MEDELLÍN","2013-04-09","","133.87916667"
"UNIVERSIDAD DE MEDELLÍN","2013-04-08","","182.47083333"
"UNIVERSIDAD DE MEDELLÍN","2013-04-07","","162.32173913"
"UNIVERSIDAD DE MEDELLÍN","2013-04-06","","184.59166667"
"UNIVERSIDAD DE MEDELLÍN","2013-04-05","","203.10833333"
"UNIVERSIDAD DE MEDELLÍN","2013-04-04","","181.9"
"UNIVERSIDAD DE MEDELLÍN","2013-04-03","","191.825"
"UNIVERSIDAD DE MEDELLÍN","2013-04-02","","179.15833333"
"UNIVERSIDAD DE MEDELLÍN","2013-04-01","","167.09166667"
