"Estacion","Fecha inicial","Fecha final","O3"
"Planta de Tratamiento de Aguas Residuales San Fernando - Cuarto de Control de Biodigestores.","2012-12-01","","1.0"
"Planta de Tratamiento de Aguas Residuales San Fernando - Cuarto de Control de Biodigestores.","2012-11-30","","3.70833333"
"Planta de Tratamiento de Aguas Residuales San Fernando - Cuarto de Control de Biodigestores.","2012-11-29","","5.54166667"
"Planta de Tratamiento de Aguas Residuales San Fernando - Cuarto de Control de Biodigestores.","2012-11-28","","9.33333333"
"Planta de Tratamiento de Aguas Residuales San Fernando - Cuarto de Control de Biodigestores.","2012-11-27","","7.16666667"
"Planta de Tratamiento de Aguas Residuales San Fernando - Cuarto de Control de Biodigestores.","2012-11-26","","9.16666667"
"Planta de Tratamiento de Aguas Residuales San Fernando - Cuarto de Control de Biodigestores.","2012-11-25","","10.625"
"Planta de Tratamiento de Aguas Residuales San Fernando - Cuarto de Control de Biodigestores.","2012-11-24","","12.58333333"
"Planta de Tratamiento de Aguas Residuales San Fernando - Cuarto de Control de Biodigestores.","2012-11-23","","7.125"
"Planta de Tratamiento de Aguas Residuales San Fernando - Cuarto de Control de Biodigestores.","2012-11-22","","5.75"
"Planta de Tratamiento de Aguas Residuales San Fernando - Cuarto de Control de Biodigestores.","2012-11-21","","7.33333333"
"Planta de Tratamiento de Aguas Residuales San Fernando - Cuarto de Control de Biodigestores.","2012-11-20","","11.375"
"Planta de Tratamiento de Aguas Residuales San Fernando - Cuarto de Control de Biodigestores.","2012-11-19","","9.625"
"Planta de Tratamiento de Aguas Residuales San Fernando - Cuarto de Control de Biodigestores.","2012-11-18","","3.75"
"Planta de Tratamiento de Aguas Residuales San Fernando - Cuarto de Control de Biodigestores.","2012-11-17","","4.45833333"
"Planta de Tratamiento de Aguas Residuales San Fernando - Cuarto de Control de Biodigestores.","2012-11-16","","9.04166667"
"Planta de Tratamiento de Aguas Residuales San Fernando - Cuarto de Control de Biodigestores.","2012-11-15","","3.33333333"
"Planta de Tratamiento de Aguas Residuales San Fernando - Cuarto de Control de Biodigestores.","2012-11-14","","10.29166667"
"Planta de Tratamiento de Aguas Residuales San Fernando - Cuarto de Control de Biodigestores.","2012-11-13","","6.875"
"Planta de Tratamiento de Aguas Residuales San Fernando - Cuarto de Control de Biodigestores.","2012-11-12","","6.0"
"Planta de Tratamiento de Aguas Residuales San Fernando - Cuarto de Control de Biodigestores.","2012-11-11","","5.875"
"Planta de Tratamiento de Aguas Residuales San Fernando - Cuarto de Control de Biodigestores.","2012-11-10","","8.5"
"Planta de Tratamiento de Aguas Residuales San Fernando - Cuarto de Control de Biodigestores.","2012-11-09","","8.66666667"
"Planta de Tratamiento de Aguas Residuales San Fernando - Cuarto de Control de Biodigestores.","2012-11-08","","6.83333333"
"Planta de Tratamiento de Aguas Residuales San Fernando - Cuarto de Control de Biodigestores.","2012-11-07","","7.0"
"Planta de Tratamiento de Aguas Residuales San Fernando - Cuarto de Control de Biodigestores.","2012-11-06","","1.0"
"Planta de Tratamiento de Aguas Residuales San Fernando - Cuarto de Control de Biodigestores.","2012-11-01","","4.0"
"Planta de Tratamiento de Aguas Residuales San Fernando - Cuarto de Control de Biodigestores.","2012-10-31","","7.29166667"
"Planta de Tratamiento de Aguas Residuales San Fernando - Cuarto de Control de Biodigestores.","2012-10-30","","6.375"
"Planta de Tratamiento de Aguas Residuales San Fernando - Cuarto de Control de Biodigestores.","2012-10-29","","9.125"
"Planta de Tratamiento de Aguas Residuales San Fernando - Cuarto de Control de Biodigestores.","2012-10-28","","10.375"
"Planta de Tratamiento de Aguas Residuales San Fernando - Cuarto de Control de Biodigestores.","2012-10-27","","8.75"
"Planta de Tratamiento de Aguas Residuales San Fernando - Cuarto de Control de Biodigestores.","2012-10-26","","7.83333333"
"Planta de Tratamiento de Aguas Residuales San Fernando - Cuarto de Control de Biodigestores.","2012-10-25","","6.58333333"
"Planta de Tratamiento de Aguas Residuales San Fernando - Cuarto de Control de Biodigestores.","2012-10-24","","3.0"
"Planta de Tratamiento de Aguas Residuales San Fernando - Cuarto de Control de Biodigestores.","2012-10-23","","3.125"
"Planta de Tratamiento de Aguas Residuales San Fernando - Cuarto de Control de Biodigestores.","2012-10-22","","3.875"
"Planta de Tratamiento de Aguas Residuales San Fernando - Cuarto de Control de Biodigestores.","2012-10-21","","5.95833333"
"Planta de Tratamiento de Aguas Residuales San Fernando - Cuarto de Control de Biodigestores.","2012-10-20","","8.91666667"
"Planta de Tratamiento de Aguas Residuales San Fernando - Cuarto de Control de Biodigestores.","2012-10-19","","5.95833333"
"Planta de Tratamiento de Aguas Residuales San Fernando - Cuarto de Control de Biodigestores.","2012-10-18","","3.75"
"Planta de Tratamiento de Aguas Residuales San Fernando - Cuarto de Control de Biodigestores.","2012-10-17","","2.22222222"
"Planta de Tratamiento de Aguas Residuales San Fernando - Cuarto de Control de Biodigestores.","2012-10-08","","2.55555556"
"Planta de Tratamiento de Aguas Residuales San Fernando - Cuarto de Control de Biodigestores.","2012-10-07","","10.0"
"Planta de Tratamiento de Aguas Residuales San Fernando - Cuarto de Control de Biodigestores.","2012-10-06","","8.29166667"
"Planta de Tratamiento de Aguas Residuales San Fernando - Cuarto de Control de Biodigestores.","2012-10-05","","7.75"
"Planta de Tratamiento de Aguas Residuales San Fernando - Cuarto de Control de Biodigestores.","2012-10-04","","7.20833333"
"Planta de Tratamiento de Aguas Residuales San Fernando - Cuarto de Control de Biodigestores.","2012-10-03","","11.16666667"
"Planta de Tratamiento de Aguas Residuales San Fernando - Cuarto de Control de Biodigestores.","2012-10-02","","10.125"
"Planta de Tratamiento de Aguas Residuales San Fernando - Cuarto de Control de Biodigestores.","2012-10-01","","9.83333333"
"Planta de Tratamiento de Aguas Residuales San Fernando - Cuarto de Control de Biodigestores.","2012-09-30","","11.79166667"
"Planta de Tratamiento de Aguas Residuales San Fernando - Cuarto de Control de Biodigestores.","2012-09-29","","10.54166667"
"Planta de Tratamiento de Aguas Residuales San Fernando - Cuarto de Control de Biodigestores.","2012-09-28","","6.125"
"Planta de Tratamiento de Aguas Residuales San Fernando - Cuarto de Control de Biodigestores.","2012-09-27","","11.04166667"
"Planta de Tratamiento de Aguas Residuales San Fernando - Cuarto de Control de Biodigestores.","2012-09-26","","6.79166667"
"Planta de Tratamiento de Aguas Residuales San Fernando - Cuarto de Control de Biodigestores.","2012-09-25","","9.54166667"
"Planta de Tratamiento de Aguas Residuales San Fernando - Cuarto de Control de Biodigestores.","2012-09-24","","5.5"
"Planta de Tratamiento de Aguas Residuales San Fernando - Cuarto de Control de Biodigestores.","2012-09-23","","14.29166667"
"Planta de Tratamiento de Aguas Residuales San Fernando - Cuarto de Control de Biodigestores.","2012-09-22","","11.29166667"
"Planta de Tratamiento de Aguas Residuales San Fernando - Cuarto de Control de Biodigestores.","2012-09-21","","14.20833333"
"Planta de Tratamiento de Aguas Residuales San Fernando - Cuarto de Control de Biodigestores.","2012-09-20","","7.79166667"
"Planta de Tratamiento de Aguas Residuales San Fernando - Cuarto de Control de Biodigestores.","2012-09-19","","11.45833333"
"Planta de Tratamiento de Aguas Residuales San Fernando - Cuarto de Control de Biodigestores.","2012-09-18","","9.125"
"Planta de Tratamiento de Aguas Residuales San Fernando - Cuarto de Control de Biodigestores.","2012-09-17","","8.70833333"
"Planta de Tratamiento de Aguas Residuales San Fernando - Cuarto de Control de Biodigestores.","2012-09-16","","10.66666667"
"Planta de Tratamiento de Aguas Residuales San Fernando - Cuarto de Control de Biodigestores.","2012-09-15","","10.375"
"Planta de Tratamiento de Aguas Residuales San Fernando - Cuarto de Control de Biodigestores.","2012-09-14","","13.91666667"
"Planta de Tratamiento de Aguas Residuales San Fernando - Cuarto de Control de Biodigestores.","2012-09-13","","9.5"
"Planta de Tratamiento de Aguas Residuales San Fernando - Cuarto de Control de Biodigestores.","2012-09-12","","9.83333333"
"Planta de Tratamiento de Aguas Residuales San Fernando - Cuarto de Control de Biodigestores.","2012-09-11","","12.25"
"Planta de Tratamiento de Aguas Residuales San Fernando - Cuarto de Control de Biodigestores.","2012-09-10","","11.79166667"
"Planta de Tratamiento de Aguas Residuales San Fernando - Cuarto de Control de Biodigestores.","2012-09-09","","10.29166667"
"Planta de Tratamiento de Aguas Residuales San Fernando - Cuarto de Control de Biodigestores.","2012-09-08","","8.83333333"
"Planta de Tratamiento de Aguas Residuales San Fernando - Cuarto de Control de Biodigestores.","2012-09-07","","10.04166667"
"Planta de Tratamiento de Aguas Residuales San Fernando - Cuarto de Control de Biodigestores.","2012-09-06","","11.16666667"
"Planta de Tratamiento de Aguas Residuales San Fernando - Cuarto de Control de Biodigestores.","2012-09-05","","7.16666667"
"Planta de Tratamiento de Aguas Residuales San Fernando - Cuarto de Control de Biodigestores.","2012-09-04","","9.33333333"
"Planta de Tratamiento de Aguas Residuales San Fernando - Cuarto de Control de Biodigestores.","2012-09-03","","10.33333333"
"Planta de Tratamiento de Aguas Residuales San Fernando - Cuarto de Control de Biodigestores.","2012-09-02","","11.25"
"Planta de Tratamiento de Aguas Residuales San Fernando - Cuarto de Control de Biodigestores.","2012-09-01","","1.91818571"
"Planta de Tratamiento de Aguas Residuales San Fernando - Cuarto de Control de Biodigestores.","2012-08-31","","9.35815417"
"Planta de Tratamiento de Aguas Residuales San Fernando - Cuarto de Control de Biodigestores.","2012-08-30","","9.453145"
"Planta de Tratamiento de Aguas Residuales San Fernando - Cuarto de Control de Biodigestores.","2012-08-29","","9.71741667"
"Planta de Tratamiento de Aguas Residuales San Fernando - Cuarto de Control de Biodigestores.","2012-08-28","","12.71054167"
"Planta de Tratamiento de Aguas Residuales San Fernando - Cuarto de Control de Biodigestores.","2012-08-27","","14.5"
"Planta de Tratamiento de Aguas Residuales San Fernando - Cuarto de Control de Biodigestores.","2012-08-26","","15.5"
"Planta de Tratamiento de Aguas Residuales San Fernando - Cuarto de Control de Biodigestores.","2012-08-25","","17.20833333"
"Planta de Tratamiento de Aguas Residuales San Fernando - Cuarto de Control de Biodigestores.","2012-08-24","","6.02673333"
"Planta de Tratamiento de Aguas Residuales San Fernando - Cuarto de Control de Biodigestores.","2012-08-23","","6.3637375"
"Planta de Tratamiento de Aguas Residuales San Fernando - Cuarto de Control de Biodigestores.","2012-08-22","","8.4280375"
"Planta de Tratamiento de Aguas Residuales San Fernando - Cuarto de Control de Biodigestores.","2012-08-21","","10.64015833"
"Planta de Tratamiento de Aguas Residuales San Fernando - Cuarto de Control de Biodigestores.","2012-08-20","","13.85658333"
"Planta de Tratamiento de Aguas Residuales San Fernando - Cuarto de Control de Biodigestores.","2012-08-19","","11.81844583"
"Planta de Tratamiento de Aguas Residuales San Fernando - Cuarto de Control de Biodigestores.","2012-08-18","","9.09950417"
"Planta de Tratamiento de Aguas Residuales San Fernando - Cuarto de Control de Biodigestores.","2012-08-17","","9.457925"
"Planta de Tratamiento de Aguas Residuales San Fernando - Cuarto de Control de Biodigestores.","2012-08-16","","7.42471667"
"Planta de Tratamiento de Aguas Residuales San Fernando - Cuarto de Control de Biodigestores.","2012-08-15","","7.13463333"
"Planta de Tratamiento de Aguas Residuales San Fernando - Cuarto de Control de Biodigestores.","2012-08-14","","3.47198889"
"Planta de Tratamiento de Aguas Residuales San Fernando - Cuarto de Control de Biodigestores.","2012-08-13","","6.83333333"
"Planta de Tratamiento de Aguas Residuales San Fernando - Cuarto de Control de Biodigestores.","2012-08-12","","15.41666667"
"Planta de Tratamiento de Aguas Residuales San Fernando - Cuarto de Control de Biodigestores.","2012-08-11","","18.91666667"
"Planta de Tratamiento de Aguas Residuales San Fernando - Cuarto de Control de Biodigestores.","2012-08-10","","11.75"
"Planta de Tratamiento de Aguas Residuales San Fernando - Cuarto de Control de Biodigestores.","2012-08-09","","17.45833333"
"Planta de Tratamiento de Aguas Residuales San Fernando - Cuarto de Control de Biodigestores.","2012-08-08","","9.125"
"Planta de Tratamiento de Aguas Residuales San Fernando - Cuarto de Control de Biodigestores.","2012-08-07","","13.45833333"
"Planta de Tratamiento de Aguas Residuales San Fernando - Cuarto de Control de Biodigestores.","2012-08-06","","13.79166667"
"Planta de Tratamiento de Aguas Residuales San Fernando - Cuarto de Control de Biodigestores.","2012-08-05","","9.625"
"Planta de Tratamiento de Aguas Residuales San Fernando - Cuarto de Control de Biodigestores.","2012-08-04","","15.91666667"
"Planta de Tratamiento de Aguas Residuales San Fernando - Cuarto de Control de Biodigestores.","2012-08-03","","7.95833333"
"Planta de Tratamiento de Aguas Residuales San Fernando - Cuarto de Control de Biodigestores.","2012-08-02","","15.83333333"
"Planta de Tratamiento de Aguas Residuales San Fernando - Cuarto de Control de Biodigestores.","2012-08-01","","10.01202083"
"Planta de Tratamiento de Aguas Residuales San Fernando - Cuarto de Control de Biodigestores.","2012-07-31","","5.4379875"
"Planta de Tratamiento de Aguas Residuales San Fernando - Cuarto de Control de Biodigestores.","2012-07-30","","7.78040833"
"Planta de Tratamiento de Aguas Residuales San Fernando - Cuarto de Control de Biodigestores.","2012-07-29","","10.458375"
"Planta de Tratamiento de Aguas Residuales San Fernando - Cuarto de Control de Biodigestores.","2012-07-28","","9.1721375"
"Planta de Tratamiento de Aguas Residuales San Fernando - Cuarto de Control de Biodigestores.","2012-07-27","","7.83691667"
"Planta de Tratamiento de Aguas Residuales San Fernando - Cuarto de Control de Biodigestores.","2012-07-26","","6.90815833"
"Planta de Tratamiento de Aguas Residuales San Fernando - Cuarto de Control de Biodigestores.","2012-07-25","","7.45538333"
"Planta de Tratamiento de Aguas Residuales San Fernando - Cuarto de Control de Biodigestores.","2012-07-24","","10.15905417"
"Planta de Tratamiento de Aguas Residuales San Fernando - Cuarto de Control de Biodigestores.","2012-07-23","","7.90867083"
"Planta de Tratamiento de Aguas Residuales San Fernando - Cuarto de Control de Biodigestores.","2012-07-22","","7.24463333"
"Planta de Tratamiento de Aguas Residuales San Fernando - Cuarto de Control de Biodigestores.","2012-07-21","","10.3209875"
"Planta de Tratamiento de Aguas Residuales San Fernando - Cuarto de Control de Biodigestores.","2012-07-20","","8.59355417"
"Planta de Tratamiento de Aguas Residuales San Fernando - Cuarto de Control de Biodigestores.","2012-07-19","","8.95990417"
"Planta de Tratamiento de Aguas Residuales San Fernando - Cuarto de Control de Biodigestores.","2012-07-18","","9.05795417"
"Planta de Tratamiento de Aguas Residuales San Fernando - Cuarto de Control de Biodigestores.","2012-07-17","","7.398675"
"Planta de Tratamiento de Aguas Residuales San Fernando - Cuarto de Control de Biodigestores.","2012-07-16","","8.58909583"
"Planta de Tratamiento de Aguas Residuales San Fernando - Cuarto de Control de Biodigestores.","2012-07-15","","8.150845"
"Planta de Tratamiento de Aguas Residuales San Fernando - Cuarto de Control de Biodigestores.","2012-07-14","","7.2961875"
"Planta de Tratamiento de Aguas Residuales San Fernando - Cuarto de Control de Biodigestores.","2012-07-13","","2.80895833"
"Planta de Tratamiento de Aguas Residuales San Fernando - Cuarto de Control de Biodigestores.","2012-07-12","","6.51280417"
"Planta de Tratamiento de Aguas Residuales San Fernando - Cuarto de Control de Biodigestores.","2012-07-11","","7.53470417"
"Planta de Tratamiento de Aguas Residuales San Fernando - Cuarto de Control de Biodigestores.","2012-07-10","","8.50658333"
"Planta de Tratamiento de Aguas Residuales San Fernando - Cuarto de Control de Biodigestores.","2012-07-09","","10.24543333"
"Planta de Tratamiento de Aguas Residuales San Fernando - Cuarto de Control de Biodigestores.","2012-07-08","","7.583275"
"Planta de Tratamiento de Aguas Residuales San Fernando - Cuarto de Control de Biodigestores.","2012-07-07","","9.01923333"
"Planta de Tratamiento de Aguas Residuales San Fernando - Cuarto de Control de Biodigestores.","2012-07-06","","8.82857083"
"Planta de Tratamiento de Aguas Residuales San Fernando - Cuarto de Control de Biodigestores.","2012-07-05","","7.97525"
"Planta de Tratamiento de Aguas Residuales San Fernando - Cuarto de Control de Biodigestores.","2012-07-04","","9.0409875"
"Planta de Tratamiento de Aguas Residuales San Fernando - Cuarto de Control de Biodigestores.","2012-07-03","","8.22514167"
"Planta de Tratamiento de Aguas Residuales San Fernando - Cuarto de Control de Biodigestores.","2012-07-02","","7.38245833"
"Planta de Tratamiento de Aguas Residuales San Fernando - Cuarto de Control de Biodigestores.","2012-07-01","","7.88359583"
"Planta de Tratamiento de Aguas Residuales San Fernando - Cuarto de Control de Biodigestores.","2012-06-30","","7.9667625"
"Planta de Tratamiento de Aguas Residuales San Fernando - Cuarto de Control de Biodigestores.","2012-06-29","","7.65373783"
"Planta de Tratamiento de Aguas Residuales San Fernando - Cuarto de Control de Biodigestores.","2012-06-28","","8.772075"
"Planta de Tratamiento de Aguas Residuales San Fernando - Cuarto de Control de Biodigestores.","2012-06-27","","10.80725"
"Planta de Tratamiento de Aguas Residuales San Fernando - Cuarto de Control de Biodigestores.","2012-06-26","","7.97855833"
"Planta de Tratamiento de Aguas Residuales San Fernando - Cuarto de Control de Biodigestores.","2012-06-25","","6.55880833"
"Planta de Tratamiento de Aguas Residuales San Fernando - Cuarto de Control de Biodigestores.","2012-06-24","","10.6571"
"Planta de Tratamiento de Aguas Residuales San Fernando - Cuarto de Control de Biodigestores.","2012-06-23","","7.00272125"
"Planta de Tratamiento de Aguas Residuales San Fernando - Cuarto de Control de Biodigestores.","2012-06-22","","8.76974583"
"Planta de Tratamiento de Aguas Residuales San Fernando - Cuarto de Control de Biodigestores.","2012-06-21","","8.77144167"
"Planta de Tratamiento de Aguas Residuales San Fernando - Cuarto de Control de Biodigestores.","2012-06-20","","9.42029167"
"Planta de Tratamiento de Aguas Residuales San Fernando - Cuarto de Control de Biodigestores.","2012-06-19","","8.53706667"
"Planta de Tratamiento de Aguas Residuales San Fernando - Cuarto de Control de Biodigestores.","2012-06-18","","10.9734"
"Planta de Tratamiento de Aguas Residuales San Fernando - Cuarto de Control de Biodigestores.","2012-06-17","","7.94269583"
"Planta de Tratamiento de Aguas Residuales San Fernando - Cuarto de Control de Biodigestores.","2012-06-16","","2.68302917"
"Planta de Tratamiento de Aguas Residuales San Fernando - Cuarto de Control de Biodigestores.","2012-06-15","","6.22973333"
"Planta de Tratamiento de Aguas Residuales San Fernando - Cuarto de Control de Biodigestores.","2012-06-14","","4.97075"
"Planta de Tratamiento de Aguas Residuales San Fernando - Cuarto de Control de Biodigestores.","2012-06-13","","3.6208625"
"Planta de Tratamiento de Aguas Residuales San Fernando - Cuarto de Control de Biodigestores.","2012-06-12","","3.85369583"
"Planta de Tratamiento de Aguas Residuales San Fernando - Cuarto de Control de Biodigestores.","2012-06-11","","7.59671667"
"Planta de Tratamiento de Aguas Residuales San Fernando - Cuarto de Control de Biodigestores.","2012-06-10","","8.75537083"
"Planta de Tratamiento de Aguas Residuales San Fernando - Cuarto de Control de Biodigestores.","2012-06-09","","7.45307167"
"Planta de Tratamiento de Aguas Residuales San Fernando - Cuarto de Control de Biodigestores.","2012-06-08","","7.81152292"
"Planta de Tratamiento de Aguas Residuales San Fernando - Cuarto de Control de Biodigestores.","2012-06-07","","11.04986957"
"Planta de Tratamiento de Aguas Residuales San Fernando - Cuarto de Control de Biodigestores.","2012-06-06","","7.22632083"
"Planta de Tratamiento de Aguas Residuales San Fernando - Cuarto de Control de Biodigestores.","2012-06-05","","12.78196087"
"Planta de Tratamiento de Aguas Residuales San Fernando - Cuarto de Control de Biodigestores.","2012-06-04","","7.50265217"
"Planta de Tratamiento de Aguas Residuales San Fernando - Cuarto de Control de Biodigestores.","2012-06-03","","9.53554167"
"Planta de Tratamiento de Aguas Residuales San Fernando - Cuarto de Control de Biodigestores.","2012-06-02","","7.14717917"
"Planta de Tratamiento de Aguas Residuales San Fernando - Cuarto de Control de Biodigestores.","2012-06-01","","5.98695"
"Planta de Tratamiento de Aguas Residuales San Fernando - Cuarto de Control de Biodigestores.","2012-05-31","","1.042"
"Planta de Tratamiento de Aguas Residuales San Fernando - Cuarto de Control de Biodigestores.","2011-06-30","","11.49816748"
"Planta de Tratamiento de Aguas Residuales San Fernando - Cuarto de Control de Biodigestores.","2011-06-29","","12.56059106"
"Planta de Tratamiento de Aguas Residuales San Fernando - Cuarto de Control de Biodigestores.","2011-06-28","","12.17115447"
"Planta de Tratamiento de Aguas Residuales San Fernando - Cuarto de Control de Biodigestores.","2011-06-27","","21.05626016"
"Planta de Tratamiento de Aguas Residuales San Fernando - Cuarto de Control de Biodigestores.","2011-06-26","","15.2604065"
"Planta de Tratamiento de Aguas Residuales San Fernando - Cuarto de Control de Biodigestores.","2011-06-25","","7.92788618"
"Planta de Tratamiento de Aguas Residuales San Fernando - Cuarto de Control de Biodigestores.","2011-06-24","","20.51025041"
"Planta de Tratamiento de Aguas Residuales San Fernando - Cuarto de Control de Biodigestores.","2011-06-23","","15.17911382"
"Planta de Tratamiento de Aguas Residuales San Fernando - Cuarto de Control de Biodigestores.","2011-06-22","","15.58802358"
"Planta de Tratamiento de Aguas Residuales San Fernando - Cuarto de Control de Biodigestores.","2011-06-21","","9.69587805"
"Planta de Tratamiento de Aguas Residuales San Fernando - Cuarto de Control de Biodigestores.","2011-06-20","","8.92195122"
"Planta de Tratamiento de Aguas Residuales San Fernando - Cuarto de Control de Biodigestores.","2011-06-19","","13.49337154"
"Planta de Tratamiento de Aguas Residuales San Fernando - Cuarto de Control de Biodigestores.","2011-06-18","","18.30756911"
"Planta de Tratamiento de Aguas Residuales San Fernando - Cuarto de Control de Biodigestores.","2011-06-17","","16.08660163"
"Planta de Tratamiento de Aguas Residuales San Fernando - Cuarto de Control de Biodigestores.","2011-06-16","","9.88576423"
"Planta de Tratamiento de Aguas Residuales San Fernando - Cuarto de Control de Biodigestores.","2011-06-15","","12.79507317"
"Planta de Tratamiento de Aguas Residuales San Fernando - Cuarto de Control de Biodigestores.","2011-06-14","","12.61830894"
"Planta de Tratamiento de Aguas Residuales San Fernando - Cuarto de Control de Biodigestores.","2011-06-13","","12.0527561"
"Planta de Tratamiento de Aguas Residuales San Fernando - Cuarto de Control de Biodigestores.","2011-06-12","","7.13142276"
"Planta de Tratamiento de Aguas Residuales San Fernando - Cuarto de Control de Biodigestores.","2011-06-11","","14.22056911"
"Planta de Tratamiento de Aguas Residuales San Fernando - Cuarto de Control de Biodigestores.","2011-06-10","","6.01345122"
"Planta de Tratamiento de Aguas Residuales San Fernando - Cuarto de Control de Biodigestores.","2011-06-09","","11.87691057"
"Planta de Tratamiento de Aguas Residuales San Fernando - Cuarto de Control de Biodigestores.","2011-06-08","","15.33707317"
"Planta de Tratamiento de Aguas Residuales San Fernando - Cuarto de Control de Biodigestores.","2011-06-07","","23.23862602"
"Planta de Tratamiento de Aguas Residuales San Fernando - Cuarto de Control de Biodigestores.","2011-06-06","","15.26977236"
"Planta de Tratamiento de Aguas Residuales San Fernando - Cuarto de Control de Biodigestores.","2011-06-05","","7.72009756"
"Planta de Tratamiento de Aguas Residuales San Fernando - Cuarto de Control de Biodigestores.","2011-06-04","","8.6904065"
"Planta de Tratamiento de Aguas Residuales San Fernando - Cuarto de Control de Biodigestores.","2011-06-03","","13.66038211"
"Planta de Tratamiento de Aguas Residuales San Fernando - Cuarto de Control de Biodigestores.","2011-06-02","","12.84020325"
"Planta de Tratamiento de Aguas Residuales San Fernando - Cuarto de Control de Biodigestores.","2011-06-01","","18.49339024"
"Planta de Tratamiento de Aguas Residuales San Fernando - Cuarto de Control de Biodigestores.","2011-05-31","","31.08713008"
"Planta de Tratamiento de Aguas Residuales San Fernando - Cuarto de Control de Biodigestores.","2011-05-30","","24.55073984"
"Planta de Tratamiento de Aguas Residuales San Fernando - Cuarto de Control de Biodigestores.","2011-05-29","","29.97505691"
"Planta de Tratamiento de Aguas Residuales San Fernando - Cuarto de Control de Biodigestores.","2011-05-28","","48.19252033"
"Planta de Tratamiento de Aguas Residuales San Fernando - Cuarto de Control de Biodigestores.","2011-05-27","","35.31314634"
"Planta de Tratamiento de Aguas Residuales San Fernando - Cuarto de Control de Biodigestores.","2011-05-26","","41.30857805"
"Planta de Tratamiento de Aguas Residuales San Fernando - Cuarto de Control de Biodigestores.","2011-05-25","","35.02999187"
"Planta de Tratamiento de Aguas Residuales San Fernando - Cuarto de Control de Biodigestores.","2011-05-24","","41.13676911"
"Planta de Tratamiento de Aguas Residuales San Fernando - Cuarto de Control de Biodigestores.","2011-05-23","","29.65051301"
"Planta de Tratamiento de Aguas Residuales San Fernando - Cuarto de Control de Biodigestores.","2011-05-22","","23.97545528"
"Planta de Tratamiento de Aguas Residuales San Fernando - Cuarto de Control de Biodigestores.","2011-05-21","","15.99456911"
"Planta de Tratamiento de Aguas Residuales San Fernando - Cuarto de Control de Biodigestores.","2011-05-20","","18.55528455"
"Planta de Tratamiento de Aguas Residuales San Fernando - Cuarto de Control de Biodigestores.","2011-05-19","","24.60170732"
"Planta de Tratamiento de Aguas Residuales San Fernando - Cuarto de Control de Biodigestores.","2011-05-18","","22.69996748"
"Planta de Tratamiento de Aguas Residuales San Fernando - Cuarto de Control de Biodigestores.","2011-05-17","","9.30589431"
"Planta de Tratamiento de Aguas Residuales San Fernando - Cuarto de Control de Biodigestores.","2011-05-16","","25.47764228"
"Planta de Tratamiento de Aguas Residuales San Fernando - Cuarto de Control de Biodigestores.","2011-05-15","","27.68120325"
"Planta de Tratamiento de Aguas Residuales San Fernando - Cuarto de Control de Biodigestores.","2011-05-14","","25.65618699"
"Planta de Tratamiento de Aguas Residuales San Fernando - Cuarto de Control de Biodigestores.","2011-05-13","","27.39539837"
"Planta de Tratamiento de Aguas Residuales San Fernando - Cuarto de Control de Biodigestores.","2011-05-12","","24.96656098"
"Planta de Tratamiento de Aguas Residuales San Fernando - Cuarto de Control de Biodigestores.","2011-05-11","","21.21626016"
"Planta de Tratamiento de Aguas Residuales San Fernando - Cuarto de Control de Biodigestores.","2011-05-10","","22.15241463"
"Planta de Tratamiento de Aguas Residuales San Fernando - Cuarto de Control de Biodigestores.","2011-05-09","","15.30438211"
"Planta de Tratamiento de Aguas Residuales San Fernando - Cuarto de Control de Biodigestores.","2011-05-08","","13.65902439"
"Planta de Tratamiento de Aguas Residuales San Fernando - Cuarto de Control de Biodigestores.","2011-05-07","","17.99236585"
"Planta de Tratamiento de Aguas Residuales San Fernando - Cuarto de Control de Biodigestores.","2011-05-06","","16.94197561"
"Planta de Tratamiento de Aguas Residuales San Fernando - Cuarto de Control de Biodigestores.","2011-05-05","","15.79327642"
"Planta de Tratamiento de Aguas Residuales San Fernando - Cuarto de Control de Biodigestores.","2011-05-04","","20.30143089"
"Planta de Tratamiento de Aguas Residuales San Fernando - Cuarto de Control de Biodigestores.","2011-05-03","","23.64110569"
"Planta de Tratamiento de Aguas Residuales San Fernando - Cuarto de Control de Biodigestores.","2011-05-02","","21.21646992"
"Planta de Tratamiento de Aguas Residuales San Fernando - Cuarto de Control de Biodigestores.","2011-05-01","","19.94685366"
"Planta de Tratamiento de Aguas Residuales San Fernando - Cuarto de Control de Biodigestores.","2011-04-30","","26.70658537"
"Planta de Tratamiento de Aguas Residuales San Fernando - Cuarto de Control de Biodigestores.","2011-04-29","","26.18130081"
"Planta de Tratamiento de Aguas Residuales San Fernando - Cuarto de Control de Biodigestores.","2011-04-28","","20.6302439"
"Planta de Tratamiento de Aguas Residuales San Fernando - Cuarto de Control de Biodigestores.","2011-04-27","","21.85365854"
"Planta de Tratamiento de Aguas Residuales San Fernando - Cuarto de Control de Biodigestores.","2011-04-26","","15.72796748"
"Planta de Tratamiento de Aguas Residuales San Fernando - Cuarto de Control de Biodigestores.","2011-04-25","","5.03634146"
"Planta de Tratamiento de Aguas Residuales San Fernando - Cuarto de Control de Biodigestores.","2011-04-24","","24.10926829"
"Planta de Tratamiento de Aguas Residuales San Fernando - Cuarto de Control de Biodigestores.","2011-04-23","","18.21764228"
"Planta de Tratamiento de Aguas Residuales San Fernando - Cuarto de Control de Biodigestores.","2011-04-22","","17.67301626"
"Planta de Tratamiento de Aguas Residuales San Fernando - Cuarto de Control de Biodigestores.","2011-04-21","","30.67682927"
"Planta de Tratamiento de Aguas Residuales San Fernando - Cuarto de Control de Biodigestores.","2011-04-20","","20.7243459"
"Planta de Tratamiento de Aguas Residuales San Fernando - Cuarto de Control de Biodigestores.","2011-04-19","","15.98926829"
"Planta de Tratamiento de Aguas Residuales San Fernando - Cuarto de Control de Biodigestores.","2011-04-18","","26.57560976"
"Planta de Tratamiento de Aguas Residuales San Fernando - Cuarto de Control de Biodigestores.","2011-04-17","","16.06414634"
"Planta de Tratamiento de Aguas Residuales San Fernando - Cuarto de Control de Biodigestores.","2011-04-16","","11.4496748"
"Planta de Tratamiento de Aguas Residuales San Fernando - Cuarto de Control de Biodigestores.","2011-04-15","","18.47357724"
"Planta de Tratamiento de Aguas Residuales San Fernando - Cuarto de Control de Biodigestores.","2011-04-14","","23.82365854"
"Planta de Tratamiento de Aguas Residuales San Fernando - Cuarto de Control de Biodigestores.","2011-04-13","","21.70804878"
"Planta de Tratamiento de Aguas Residuales San Fernando - Cuarto de Control de Biodigestores.","2011-04-12","","14.27955401"
"Planta de Tratamiento de Aguas Residuales San Fernando - Cuarto de Control de Biodigestores.","2011-04-11","","14.08558349"
"Planta de Tratamiento de Aguas Residuales San Fernando - Cuarto de Control de Biodigestores.","2011-04-10","","44.76058537"
"Planta de Tratamiento de Aguas Residuales San Fernando - Cuarto de Control de Biodigestores.","2011-04-09","","28.85429712"
"Planta de Tratamiento de Aguas Residuales San Fernando - Cuarto de Control de Biodigestores.","2011-04-08","","24.01646829"
"Planta de Tratamiento de Aguas Residuales San Fernando - Cuarto de Control de Biodigestores.","2011-04-07","","25.56487805"
"Planta de Tratamiento de Aguas Residuales San Fernando - Cuarto de Control de Biodigestores.","2010-11-30","","8.43942276"
"Planta de Tratamiento de Aguas Residuales San Fernando - Cuarto de Control de Biodigestores.","2010-11-29","","5.43018699"
"Planta de Tratamiento de Aguas Residuales San Fernando - Cuarto de Control de Biodigestores.","2010-11-28","","4.4700813"
"Planta de Tratamiento de Aguas Residuales San Fernando - Cuarto de Control de Biodigestores.","2010-11-27","","6.78762033"
"Planta de Tratamiento de Aguas Residuales San Fernando - Cuarto de Control de Biodigestores.","2010-11-26","","9.8142439"
"Planta de Tratamiento de Aguas Residuales San Fernando - Cuarto de Control de Biodigestores.","2010-11-25","","9.46365854"
"Planta de Tratamiento de Aguas Residuales San Fernando - Cuarto de Control de Biodigestores.","2010-11-24","","3.42237398"
"Planta de Tratamiento de Aguas Residuales San Fernando - Cuarto de Control de Biodigestores.","2010-11-23","","10.50252033"
"Planta de Tratamiento de Aguas Residuales San Fernando - Cuarto de Control de Biodigestores.","2010-11-22","","3.1758739"
"Planta de Tratamiento de Aguas Residuales San Fernando - Cuarto de Control de Biodigestores.","2010-11-21","","8.35846341"
"Planta de Tratamiento de Aguas Residuales San Fernando - Cuarto de Control de Biodigestores.","2010-11-20","","8.40533333"
"Planta de Tratamiento de Aguas Residuales San Fernando - Cuarto de Control de Biodigestores.","2010-11-19","","4.80300813"
"Planta de Tratamiento de Aguas Residuales San Fernando - Cuarto de Control de Biodigestores.","2010-11-18","","11.23321951"
"Planta de Tratamiento de Aguas Residuales San Fernando - Cuarto de Control de Biodigestores.","2010-11-17","","3.73910569"
"Planta de Tratamiento de Aguas Residuales San Fernando - Cuarto de Control de Biodigestores.","2010-11-16","","10.02665041"
"Planta de Tratamiento de Aguas Residuales San Fernando - Cuarto de Control de Biodigestores.","2010-11-15","","9.24804878"
"Planta de Tratamiento de Aguas Residuales San Fernando - Cuarto de Control de Biodigestores.","2010-11-14","","4.58171301"
"Planta de Tratamiento de Aguas Residuales San Fernando - Cuarto de Control de Biodigestores.","2010-11-13","","4.92776423"
"Planta de Tratamiento de Aguas Residuales San Fernando - Cuarto de Control de Biodigestores.","2010-11-12","","6.51164228"
"Planta de Tratamiento de Aguas Residuales San Fernando - Cuarto de Control de Biodigestores.","2010-11-11","","5.28616748"
"Planta de Tratamiento de Aguas Residuales San Fernando - Cuarto de Control de Biodigestores.","2010-11-10","","7.44270837"
"Planta de Tratamiento de Aguas Residuales San Fernando - Cuarto de Control de Biodigestores.","2010-11-09","","7.4562439"
"Planta de Tratamiento de Aguas Residuales San Fernando - Cuarto de Control de Biodigestores.","2010-11-08","","3.01896748"
"Planta de Tratamiento de Aguas Residuales San Fernando - Cuarto de Control de Biodigestores.","2010-11-07","","7.06734146"
"Planta de Tratamiento de Aguas Residuales San Fernando - Cuarto de Control de Biodigestores.","2010-11-06","","3.26837398"
"Planta de Tratamiento de Aguas Residuales San Fernando - Cuarto de Control de Biodigestores.","2010-11-05","","5.7218748"
"Planta de Tratamiento de Aguas Residuales San Fernando - Cuarto de Control de Biodigestores.","2010-11-04","","1.96926829"
"Planta de Tratamiento de Aguas Residuales San Fernando - Cuarto de Control de Biodigestores.","2010-11-03","","3.78028455"
"Planta de Tratamiento de Aguas Residuales San Fernando - Cuarto de Control de Biodigestores.","2010-11-02","","1.63197561"
"Planta de Tratamiento de Aguas Residuales San Fernando - Cuarto de Control de Biodigestores.","2010-11-01","","9.22130081"
"Planta de Tratamiento de Aguas Residuales San Fernando - Cuarto de Control de Biodigestores.","2010-10-31","","9.25934959"
"Planta de Tratamiento de Aguas Residuales San Fernando - Cuarto de Control de Biodigestores.","2010-10-30","","13.86235854"
"Planta de Tratamiento de Aguas Residuales San Fernando - Cuarto de Control de Biodigestores.","2010-10-29","","9.61612195"
"Planta de Tratamiento de Aguas Residuales San Fernando - Cuarto de Control de Biodigestores.","2010-10-01","","18.84357724"
"Planta de Tratamiento de Aguas Residuales San Fernando - Cuarto de Control de Biodigestores.","2010-09-30","","11.99186992"
"Planta de Tratamiento de Aguas Residuales San Fernando - Cuarto de Control de Biodigestores.","2010-09-29","","3.08034146"
"Planta de Tratamiento de Aguas Residuales San Fernando - Cuarto de Control de Biodigestores.","2010-09-28","","4.35398374"
"Planta de Tratamiento de Aguas Residuales San Fernando - Cuarto de Control de Biodigestores.","2010-09-27","","15.07500732"
"Planta de Tratamiento de Aguas Residuales San Fernando - Cuarto de Control de Biodigestores.","2010-09-26","","9.89398374"
"Planta de Tratamiento de Aguas Residuales San Fernando - Cuarto de Control de Biodigestores.","2010-09-25","","9.50772358"
"Planta de Tratamiento de Aguas Residuales San Fernando - Cuarto de Control de Biodigestores.","2010-09-24","","6.24324146"
"Planta de Tratamiento de Aguas Residuales San Fernando - Cuarto de Control de Biodigestores.","2010-09-23","","10.56053659"
"Planta de Tratamiento de Aguas Residuales San Fernando - Cuarto de Control de Biodigestores.","2010-09-22","","7.56074797"
"Planta de Tratamiento de Aguas Residuales San Fernando - Cuarto de Control de Biodigestores.","2010-09-21","","14.9946748"
"Planta de Tratamiento de Aguas Residuales San Fernando - Cuarto de Control de Biodigestores.","2010-09-20","","9.5687"
"Planta de Tratamiento de Aguas Residuales San Fernando - Cuarto de Control de Biodigestores.","2010-09-19","","13.17904878"
"Planta de Tratamiento de Aguas Residuales San Fernando - Cuarto de Control de Biodigestores.","2010-09-18","","15.21966667"
"Planta de Tratamiento de Aguas Residuales San Fernando - Cuarto de Control de Biodigestores.","2010-09-17","","11.66876179"
"Planta de Tratamiento de Aguas Residuales San Fernando - Cuarto de Control de Biodigestores.","2010-09-16","","9.60449024"
"Planta de Tratamiento de Aguas Residuales San Fernando - Cuarto de Control de Biodigestores.","2010-09-15","","15.12339837"
"Planta de Tratamiento de Aguas Residuales San Fernando - Cuarto de Control de Biodigestores.","2010-09-14","","18.19194309"
"Planta de Tratamiento de Aguas Residuales San Fernando - Cuarto de Control de Biodigestores.","2010-09-13","","11.43537398"
"Planta de Tratamiento de Aguas Residuales San Fernando - Cuarto de Control de Biodigestores.","2010-09-12","","11.06302439"
"Planta de Tratamiento de Aguas Residuales San Fernando - Cuarto de Control de Biodigestores.","2010-09-11","","17.27455285"
"Planta de Tratamiento de Aguas Residuales San Fernando - Cuarto de Control de Biodigestores.","2010-09-10","","6.9924065"
"Planta de Tratamiento de Aguas Residuales San Fernando - Cuarto de Control de Biodigestores.","2010-09-09","","20.57044715"
"Planta de Tratamiento de Aguas Residuales San Fernando - Cuarto de Control de Biodigestores.","2010-09-08","","8.03388618"
"Planta de Tratamiento de Aguas Residuales San Fernando - Cuarto de Control de Biodigestores.","2010-09-07","","13.08662602"
"Planta de Tratamiento de Aguas Residuales San Fernando - Cuarto de Control de Biodigestores.","2010-09-06","","8.04801463"
"Planta de Tratamiento de Aguas Residuales San Fernando - Cuarto de Control de Biodigestores.","2010-09-05","","14.52586992"
"Planta de Tratamiento de Aguas Residuales San Fernando - Cuarto de Control de Biodigestores.","2010-09-04","","9.94917073"
"Planta de Tratamiento de Aguas Residuales San Fernando - Cuarto de Control de Biodigestores.","2010-09-03","","12.49789837"
"Planta de Tratamiento de Aguas Residuales San Fernando - Cuarto de Control de Biodigestores.","2010-09-02","","10.96457724"
"Planta de Tratamiento de Aguas Residuales San Fernando - Cuarto de Control de Biodigestores.","2010-09-01","","4.5105935"
"Planta de Tratamiento de Aguas Residuales San Fernando - Cuarto de Control de Biodigestores.","2010-08-31","","13.0492439"
"Planta de Tratamiento de Aguas Residuales San Fernando - Cuarto de Control de Biodigestores.","2010-08-30","","15.14164228"
"Planta de Tratamiento de Aguas Residuales San Fernando - Cuarto de Control de Biodigestores.","2010-08-29","","13.97704065"
"Planta de Tratamiento de Aguas Residuales San Fernando - Cuarto de Control de Biodigestores.","2010-08-28","","16.5839978"
"Planta de Tratamiento de Aguas Residuales San Fernando - Cuarto de Control de Biodigestores.","2010-08-27","","14.0025374"
"Planta de Tratamiento de Aguas Residuales San Fernando - Cuarto de Control de Biodigestores.","2010-08-26","","6.94709756"
"Planta de Tratamiento de Aguas Residuales San Fernando - Cuarto de Control de Biodigestores.","2010-08-25","","15.63968943"
"Planta de Tratamiento de Aguas Residuales San Fernando - Cuarto de Control de Biodigestores.","2010-08-24","","12.77961789"
"Planta de Tratamiento de Aguas Residuales San Fernando - Cuarto de Control de Biodigestores.","2010-08-23","","22.51022764"
"Planta de Tratamiento de Aguas Residuales San Fernando - Cuarto de Control de Biodigestores.","2010-08-22","","22.98593496"
"Planta de Tratamiento de Aguas Residuales San Fernando - Cuarto de Control de Biodigestores.","2010-08-21","","11.38647154"
"Planta de Tratamiento de Aguas Residuales San Fernando - Cuarto de Control de Biodigestores.","2010-08-20","","13.31159106"
"Planta de Tratamiento de Aguas Residuales San Fernando - Cuarto de Control de Biodigestores.","2010-08-19","","12.00299187"
"Planta de Tratamiento de Aguas Residuales San Fernando - Cuarto de Control de Biodigestores.","2010-08-18","","16.70093821"
"Planta de Tratamiento de Aguas Residuales San Fernando - Cuarto de Control de Biodigestores.","2010-08-17","","21.27558537"
"Planta de Tratamiento de Aguas Residuales San Fernando - Cuarto de Control de Biodigestores.","2010-08-16","","8.63965854"
"Planta de Tratamiento de Aguas Residuales San Fernando - Cuarto de Control de Biodigestores.","2010-08-15","","17.61904878"
"Planta de Tratamiento de Aguas Residuales San Fernando - Cuarto de Control de Biodigestores.","2010-08-14","","13.25328862"
"Planta de Tratamiento de Aguas Residuales San Fernando - Cuarto de Control de Biodigestores.","2010-08-13","","5.13944472"
"Planta de Tratamiento de Aguas Residuales San Fernando - Cuarto de Control de Biodigestores.","2010-08-12","","6.6168822"
"Planta de Tratamiento de Aguas Residuales San Fernando - Cuarto de Control de Biodigestores.","2010-08-11","","19.81952114"
"Planta de Tratamiento de Aguas Residuales San Fernando - Cuarto de Control de Biodigestores.","2010-08-10","","14.03185122"
"Planta de Tratamiento de Aguas Residuales San Fernando - Cuarto de Control de Biodigestores.","2010-08-09","","11.04014634"
"Planta de Tratamiento de Aguas Residuales San Fernando - Cuarto de Control de Biodigestores.","2010-08-08","","12.27997805"
"Planta de Tratamiento de Aguas Residuales San Fernando - Cuarto de Control de Biodigestores.","2010-08-07","","20.48360976"
"Planta de Tratamiento de Aguas Residuales San Fernando - Cuarto de Control de Biodigestores.","2010-08-06","","14.92502439"
"Planta de Tratamiento de Aguas Residuales San Fernando - Cuarto de Control de Biodigestores.","2010-08-05","","16.60395285"
"Planta de Tratamiento de Aguas Residuales San Fernando - Cuarto de Control de Biodigestores.","2010-08-04","","19.25885366"
"Planta de Tratamiento de Aguas Residuales San Fernando - Cuarto de Control de Biodigestores.","2010-08-03","","11.36108943"
"Planta de Tratamiento de Aguas Residuales San Fernando - Cuarto de Control de Biodigestores.","2010-08-02","","13.03434959"
"Planta de Tratamiento de Aguas Residuales San Fernando - Cuarto de Control de Biodigestores.","2010-08-01","","8.37166667"
"Planta de Tratamiento de Aguas Residuales San Fernando - Cuarto de Control de Biodigestores.","2010-07-31","","8.2025065"
"Planta de Tratamiento de Aguas Residuales San Fernando - Cuarto de Control de Biodigestores.","2010-07-30","","11.84015447"
"Planta de Tratamiento de Aguas Residuales San Fernando - Cuarto de Control de Biodigestores.","2010-07-29","","13.72646341"
"Planta de Tratamiento de Aguas Residuales San Fernando - Cuarto de Control de Biodigestores.","2010-07-28","","6.20553659"
"Planta de Tratamiento de Aguas Residuales San Fernando - Cuarto de Control de Biodigestores.","2010-07-27","","11.18550407"
"Planta de Tratamiento de Aguas Residuales San Fernando - Cuarto de Control de Biodigestores.","2010-07-26","","16.66744715"
"Planta de Tratamiento de Aguas Residuales San Fernando - Cuarto de Control de Biodigestores.","2010-07-25","","17.47181301"
"Planta de Tratamiento de Aguas Residuales San Fernando - Cuarto de Control de Biodigestores.","2010-07-24","","16.81403252"
"Planta de Tratamiento de Aguas Residuales San Fernando - Cuarto de Control de Biodigestores.","2010-07-23","","15.51556829"
"Planta de Tratamiento de Aguas Residuales San Fernando - Cuarto de Control de Biodigestores.","2010-07-22","","14.00659837"
"Planta de Tratamiento de Aguas Residuales San Fernando - Cuarto de Control de Biodigestores.","2010-07-21","","12.37575854"
"Planta de Tratamiento de Aguas Residuales San Fernando - Cuarto de Control de Biodigestores.","2010-07-20","","11.6738374"
"Planta de Tratamiento de Aguas Residuales San Fernando - Cuarto de Control de Biodigestores.","2010-07-19","","14.3819187"
"Planta de Tratamiento de Aguas Residuales San Fernando - Cuarto de Control de Biodigestores.","2010-07-18","","12.99081301"
"Planta de Tratamiento de Aguas Residuales San Fernando - Cuarto de Control de Biodigestores.","2010-07-17","","17.57766504"
"Planta de Tratamiento de Aguas Residuales San Fernando - Cuarto de Control de Biodigestores.","2010-07-16","","7.22338211"
"Planta de Tratamiento de Aguas Residuales San Fernando - Cuarto de Control de Biodigestores.","2010-07-15","","3.64837398"
"Planta de Tratamiento de Aguas Residuales San Fernando - Cuarto de Control de Biodigestores.","2010-07-14","","7.8497561"
"Planta de Tratamiento de Aguas Residuales San Fernando - Cuarto de Control de Biodigestores.","2010-07-13","","13.17773984"
"Planta de Tratamiento de Aguas Residuales San Fernando - Cuarto de Control de Biodigestores.","2010-07-12","","11.8437052"
"Planta de Tratamiento de Aguas Residuales San Fernando - Cuarto de Control de Biodigestores.","2010-07-11","","9.0046748"
"Planta de Tratamiento de Aguas Residuales San Fernando - Cuarto de Control de Biodigestores.","2010-07-10","","6.89276911"
"Planta de Tratamiento de Aguas Residuales San Fernando - Cuarto de Control de Biodigestores.","2010-07-09","","6.8908"
"Planta de Tratamiento de Aguas Residuales San Fernando - Cuarto de Control de Biodigestores.","2010-07-08","","9.81809187"
"Planta de Tratamiento de Aguas Residuales San Fernando - Cuarto de Control de Biodigestores.","2010-07-07","","9.4918374"
"Planta de Tratamiento de Aguas Residuales San Fernando - Cuarto de Control de Biodigestores.","2010-07-06","","5.12871545"
"Planta de Tratamiento de Aguas Residuales San Fernando - Cuarto de Control de Biodigestores.","2010-07-05","","11.62143902"
"Planta de Tratamiento de Aguas Residuales San Fernando - Cuarto de Control de Biodigestores.","2010-07-04","","6.10091057"
"Planta de Tratamiento de Aguas Residuales San Fernando - Cuarto de Control de Biodigestores.","2010-07-03","","6.00160163"
"Planta de Tratamiento de Aguas Residuales San Fernando - Cuarto de Control de Biodigestores.","2010-07-02","","7.38928618"
"Planta de Tratamiento de Aguas Residuales San Fernando - Cuarto de Control de Biodigestores.","2010-07-01","","8.58887805"
"Planta de Tratamiento de Aguas Residuales San Fernando - Cuarto de Control de Biodigestores.","2010-06-30","","8.53515447"
"Planta de Tratamiento de Aguas Residuales San Fernando - Cuarto de Control de Biodigestores.","2010-06-29","","9.27254228"
"Planta de Tratamiento de Aguas Residuales San Fernando - Cuarto de Control de Biodigestores.","2010-06-28","","9.83286992"
"Planta de Tratamiento de Aguas Residuales San Fernando - Cuarto de Control de Biodigestores.","2010-06-27","","5.49715447"
"Planta de Tratamiento de Aguas Residuales San Fernando - Cuarto de Control de Biodigestores.","2010-06-26","","7.57430081"
"Planta de Tratamiento de Aguas Residuales San Fernando - Cuarto de Control de Biodigestores.","2010-06-25","","8.71919512"
"Planta de Tratamiento de Aguas Residuales San Fernando - Cuarto de Control de Biodigestores.","2010-06-24","","13.18189431"
"Planta de Tratamiento de Aguas Residuales San Fernando - Cuarto de Control de Biodigestores.","2010-06-23","","11.32249593"
"Planta de Tratamiento de Aguas Residuales San Fernando - Cuarto de Control de Biodigestores.","2010-06-22","","10.55634878"
"Planta de Tratamiento de Aguas Residuales San Fernando - Cuarto de Control de Biodigestores.","2010-06-21","","5.85977236"
"Planta de Tratamiento de Aguas Residuales San Fernando - Cuarto de Control de Biodigestores.","2010-06-20","","3.22853659"
"Planta de Tratamiento de Aguas Residuales San Fernando - Cuarto de Control de Biodigestores.","2010-06-19","","6.38693496"
"Planta de Tratamiento de Aguas Residuales San Fernando - Cuarto de Control de Biodigestores.","2010-06-18","","12.78480488"
"Planta de Tratamiento de Aguas Residuales San Fernando - Cuarto de Control de Biodigestores.","2010-06-17","","12.20600813"
"Planta de Tratamiento de Aguas Residuales San Fernando - Cuarto de Control de Biodigestores.","2010-06-16","","6.02302439"
"Planta de Tratamiento de Aguas Residuales San Fernando - Cuarto de Control de Biodigestores.","2010-06-15","","14.06092683"
"Planta de Tratamiento de Aguas Residuales San Fernando - Cuarto de Control de Biodigestores.","2010-06-14","","12.61830894"
"Planta de Tratamiento de Aguas Residuales San Fernando - Cuarto de Control de Biodigestores.","2010-06-13","","12.0527561"
"Planta de Tratamiento de Aguas Residuales San Fernando - Cuarto de Control de Biodigestores.","2010-06-12","","7.13142276"
"Planta de Tratamiento de Aguas Residuales San Fernando - Cuarto de Control de Biodigestores.","2010-06-11","","14.22056911"
"Planta de Tratamiento de Aguas Residuales San Fernando - Cuarto de Control de Biodigestores.","2010-06-10","","10.70206911"
"Planta de Tratamiento de Aguas Residuales San Fernando - Cuarto de Control de Biodigestores.","2010-06-09","","11.87691057"
"Planta de Tratamiento de Aguas Residuales San Fernando - Cuarto de Control de Biodigestores.","2010-06-08","","15.33707317"
"Planta de Tratamiento de Aguas Residuales San Fernando - Cuarto de Control de Biodigestores.","2010-06-07","","23.23862602"
"Planta de Tratamiento de Aguas Residuales San Fernando - Cuarto de Control de Biodigestores.","2010-06-06","","24.56248084"
"Planta de Tratamiento de Aguas Residuales San Fernando - Cuarto de Control de Biodigestores.","2010-06-02","","1.32378049"
"Planta de Tratamiento de Aguas Residuales San Fernando - Cuarto de Control de Biodigestores.","2010-06-01","","13.88965854"
"Planta de Tratamiento de Aguas Residuales San Fernando - Cuarto de Control de Biodigestores.","2010-05-31","","9.97179675"
"Planta de Tratamiento de Aguas Residuales San Fernando - Cuarto de Control de Biodigestores.","2010-05-30","","12.90870732"
"Planta de Tratamiento de Aguas Residuales San Fernando - Cuarto de Control de Biodigestores.","2010-05-29","","13.58564228"
"Planta de Tratamiento de Aguas Residuales San Fernando - Cuarto de Control de Biodigestores.","2010-05-28","","11.438"
"Planta de Tratamiento de Aguas Residuales San Fernando - Cuarto de Control de Biodigestores.","2010-05-27","","7.71739837"
"Planta de Tratamiento de Aguas Residuales San Fernando - Cuarto de Control de Biodigestores.","2010-05-26","","7.41606504"
"Planta de Tratamiento de Aguas Residuales San Fernando - Cuarto de Control de Biodigestores.","2010-05-25","","15.0864065"
"Planta de Tratamiento de Aguas Residuales San Fernando - Cuarto de Control de Biodigestores.","2010-05-24","","14.63615447"
"Planta de Tratamiento de Aguas Residuales San Fernando - Cuarto de Control de Biodigestores.","2010-05-23","","8.86158537"
"Planta de Tratamiento de Aguas Residuales San Fernando - Cuarto de Control de Biodigestores.","2010-05-22","","12.34813008"
"Planta de Tratamiento de Aguas Residuales San Fernando - Cuarto de Control de Biodigestores.","2010-05-21","","7.97843089"
"Planta de Tratamiento de Aguas Residuales San Fernando - Cuarto de Control de Biodigestores.","2010-05-20","","18.92898374"
"Planta de Tratamiento de Aguas Residuales San Fernando - Cuarto de Control de Biodigestores.","2010-05-19","","13.45265854"
"Planta de Tratamiento de Aguas Residuales San Fernando - Cuarto de Control de Biodigestores.","2010-05-18","","21.08010569"
"Planta de Tratamiento de Aguas Residuales San Fernando - Cuarto de Control de Biodigestores.","2010-05-17","","17.77821138"
"Planta de Tratamiento de Aguas Residuales San Fernando - Cuarto de Control de Biodigestores.","2010-05-16","","18.75788618"
"Planta de Tratamiento de Aguas Residuales San Fernando - Cuarto de Control de Biodigestores.","2010-05-15","","13.48292683"
"Planta de Tratamiento de Aguas Residuales San Fernando - Cuarto de Control de Biodigestores.","2010-05-14","","21.0119187"
"Planta de Tratamiento de Aguas Residuales San Fernando - Cuarto de Control de Biodigestores.","2010-05-13","","16.6442439"
"Planta de Tratamiento de Aguas Residuales San Fernando - Cuarto de Control de Biodigestores.","2010-05-12","","9.2894065"
"Planta de Tratamiento de Aguas Residuales San Fernando - Cuarto de Control de Biodigestores.","2010-05-11","","22.16495935"
"Planta de Tratamiento de Aguas Residuales San Fernando - Cuarto de Control de Biodigestores.","2010-05-10","","14.97601626"
"Planta de Tratamiento de Aguas Residuales San Fernando - Cuarto de Control de Biodigestores.","2010-05-09","","15.87658537"
"Planta de Tratamiento de Aguas Residuales San Fernando - Cuarto de Control de Biodigestores.","2010-05-08","","17.41711382"
"Planta de Tratamiento de Aguas Residuales San Fernando - Cuarto de Control de Biodigestores.","2010-05-07","","17.0317561"
"Planta de Tratamiento de Aguas Residuales San Fernando - Cuarto de Control de Biodigestores.","2010-05-06","","14.41445528"
"Planta de Tratamiento de Aguas Residuales San Fernando - Cuarto de Control de Biodigestores.","2010-05-05","","7.72009756"
"Planta de Tratamiento de Aguas Residuales San Fernando - Cuarto de Control de Biodigestores.","2010-05-04","","8.6904065"
"Planta de Tratamiento de Aguas Residuales San Fernando - Cuarto de Control de Biodigestores.","2010-05-03","","13.66038211"
"Planta de Tratamiento de Aguas Residuales San Fernando - Cuarto de Control de Biodigestores.","2010-05-02","","12.84020325"
"Planta de Tratamiento de Aguas Residuales San Fernando - Cuarto de Control de Biodigestores.","2010-05-01","","18.49339024"
"Planta de Tratamiento de Aguas Residuales San Fernando - Cuarto de Control de Biodigestores.","2010-04-30","","17.03962602"
"Planta de Tratamiento de Aguas Residuales San Fernando - Cuarto de Control de Biodigestores.","2010-04-29","","8.77481301"
"Planta de Tratamiento de Aguas Residuales San Fernando - Cuarto de Control de Biodigestores.","2010-04-28","","11.16235772"
"Planta de Tratamiento de Aguas Residuales San Fernando - Cuarto de Control de Biodigestores.","2010-04-27","","18.59842276"
"Planta de Tratamiento de Aguas Residuales San Fernando - Cuarto de Control de Biodigestores.","2010-04-26","","15.88720325"
"Planta de Tratamiento de Aguas Residuales San Fernando - Cuarto de Control de Biodigestores.","2010-04-25","","19.80414634"
"Planta de Tratamiento de Aguas Residuales San Fernando - Cuarto de Control de Biodigestores.","2010-04-24","","18.41821138"
"Planta de Tratamiento de Aguas Residuales San Fernando - Cuarto de Control de Biodigestores.","2010-04-23","","18.21764228"
"Planta de Tratamiento de Aguas Residuales San Fernando - Cuarto de Control de Biodigestores.","2010-04-22","","17.67301626"
"Planta de Tratamiento de Aguas Residuales San Fernando - Cuarto de Control de Biodigestores.","2010-04-21","","32.81489089"
"Planta de Tratamiento de Aguas Residuales San Fernando - Cuarto de Control de Biodigestores.","2010-04-20","","29.73146341"
"Planta de Tratamiento de Aguas Residuales San Fernando - Cuarto de Control de Biodigestores.","2010-04-19","","15.98926829"
"Planta de Tratamiento de Aguas Residuales San Fernando - Cuarto de Control de Biodigestores.","2010-04-18","","26.57560976"
"Planta de Tratamiento de Aguas Residuales San Fernando - Cuarto de Control de Biodigestores.","2010-04-17","","16.06414634"
"Planta de Tratamiento de Aguas Residuales San Fernando - Cuarto de Control de Biodigestores.","2010-04-16","","11.4496748"
"Planta de Tratamiento de Aguas Residuales San Fernando - Cuarto de Control de Biodigestores.","2010-04-15","","18.47357724"
"Planta de Tratamiento de Aguas Residuales San Fernando - Cuarto de Control de Biodigestores.","2010-04-14","","23.82365854"
"Planta de Tratamiento de Aguas Residuales San Fernando - Cuarto de Control de Biodigestores.","2010-04-13","","21.70804878"
"Planta de Tratamiento de Aguas Residuales San Fernando - Cuarto de Control de Biodigestores.","2010-04-12","","11.98589183"
"Planta de Tratamiento de Aguas Residuales San Fernando - Cuarto de Control de Biodigestores.","2010-04-11","","7.62969106"
"Planta de Tratamiento de Aguas Residuales San Fernando - Cuarto de Control de Biodigestores.","2010-04-10","","18.6502439"
"Planta de Tratamiento de Aguas Residuales San Fernando - Cuarto de Control de Biodigestores.","2010-04-09","","13.44629268"
"Planta de Tratamiento de Aguas Residuales San Fernando - Cuarto de Control de Biodigestores.","2010-04-08","","10.04985366"
"Planta de Tratamiento de Aguas Residuales San Fernando - Cuarto de Control de Biodigestores.","2010-04-07","","17.82471545"
"Planta de Tratamiento de Aguas Residuales San Fernando - Cuarto de Control de Biodigestores.","2010-04-06","","11.8362439"
"Planta de Tratamiento de Aguas Residuales San Fernando - Cuarto de Control de Biodigestores.","2010-04-05","","11.3552439"
"Planta de Tratamiento de Aguas Residuales San Fernando - Cuarto de Control de Biodigestores.","2010-04-04","","11.48398374"
"Planta de Tratamiento de Aguas Residuales San Fernando - Cuarto de Control de Biodigestores.","2010-04-03","","16.70447724"
"Planta de Tratamiento de Aguas Residuales San Fernando - Cuarto de Control de Biodigestores.","2010-04-02","","14.58074309"
"Planta de Tratamiento de Aguas Residuales San Fernando - Cuarto de Control de Biodigestores.","2010-04-01","","15.74634146"
"Planta de Tratamiento de Aguas Residuales San Fernando - Cuarto de Control de Biodigestores.","2010-03-31","","16.25439837"
"Planta de Tratamiento de Aguas Residuales San Fernando - Cuarto de Control de Biodigestores.","2010-03-30","","10.24382609"
"Planta de Tratamiento de Aguas Residuales San Fernando - Cuarto de Control de Biodigestores.","2010-03-29","","14.74915447"
"Planta de Tratamiento de Aguas Residuales San Fernando - Cuarto de Control de Biodigestores.","2010-03-28","","32.58276423"
"Planta de Tratamiento de Aguas Residuales San Fernando - Cuarto de Control de Biodigestores.","2010-03-27","","20.29173171"
"Planta de Tratamiento de Aguas Residuales San Fernando - Cuarto de Control de Biodigestores.","2010-03-26","","25.86148862"
"Planta de Tratamiento de Aguas Residuales San Fernando - Cuarto de Control de Biodigestores.","2010-03-25","","19.56915447"
"Planta de Tratamiento de Aguas Residuales San Fernando - Cuarto de Control de Biodigestores.","2010-03-24","","25.54618374"
"Planta de Tratamiento de Aguas Residuales San Fernando - Cuarto de Control de Biodigestores.","2010-03-23","","28.93506585"
"Planta de Tratamiento de Aguas Residuales San Fernando - Cuarto de Control de Biodigestores.","2010-03-22","","21.78680488"
"Planta de Tratamiento de Aguas Residuales San Fernando - Cuarto de Control de Biodigestores.","2010-03-21","","13.70696748"
"Planta de Tratamiento de Aguas Residuales San Fernando - Cuarto de Control de Biodigestores.","2010-03-20","","17.49973984"
"Planta de Tratamiento de Aguas Residuales San Fernando - Cuarto de Control de Biodigestores.","2010-03-19","","21.11677179"
"Planta de Tratamiento de Aguas Residuales San Fernando - Cuarto de Control de Biodigestores.","2010-03-18","","20.49403252"
"Planta de Tratamiento de Aguas Residuales San Fernando - Cuarto de Control de Biodigestores.","2010-03-17","","7.4983374"
"Planta de Tratamiento de Aguas Residuales San Fernando - Cuarto de Control de Biodigestores.","2010-03-16","","24.68089431"
"Planta de Tratamiento de Aguas Residuales San Fernando - Cuarto de Control de Biodigestores.","2010-03-15","","27.45356098"
"Planta de Tratamiento de Aguas Residuales San Fernando - Cuarto de Control de Biodigestores.","2010-03-14","","25.59114634"
"Planta de Tratamiento de Aguas Residuales San Fernando - Cuarto de Control de Biodigestores.","2010-03-13","","27.28157724"
"Planta de Tratamiento de Aguas Residuales San Fernando - Cuarto de Control de Biodigestores.","2010-03-12","","24.53634146"
"Planta de Tratamiento de Aguas Residuales San Fernando - Cuarto de Control de Biodigestores.","2010-03-11","","21.11056911"
"Planta de Tratamiento de Aguas Residuales San Fernando - Cuarto de Control de Biodigestores.","2010-03-10","","22.15241463"
"Planta de Tratamiento de Aguas Residuales San Fernando - Cuarto de Control de Biodigestores.","2010-03-09","","14.60568293"
"Planta de Tratamiento de Aguas Residuales San Fernando - Cuarto de Control de Biodigestores.","2010-03-08","","13.63463415"
"Planta de Tratamiento de Aguas Residuales San Fernando - Cuarto de Control de Biodigestores.","2010-03-07","","17.22536585"
"Planta de Tratamiento de Aguas Residuales San Fernando - Cuarto de Control de Biodigestores.","2010-03-06","","16.84441463"
"Planta de Tratamiento de Aguas Residuales San Fernando - Cuarto de Control de Biodigestores.","2010-03-05","","22.37864228"
"Planta de Tratamiento de Aguas Residuales San Fernando - Cuarto de Control de Biodigestores.","2010-03-04","","20.30143089"
"Planta de Tratamiento de Aguas Residuales San Fernando - Cuarto de Control de Biodigestores.","2010-03-03","","23.64110569"
"Planta de Tratamiento de Aguas Residuales San Fernando - Cuarto de Control de Biodigestores.","2010-03-02","","21.21646992"
"Planta de Tratamiento de Aguas Residuales San Fernando - Cuarto de Control de Biodigestores.","2010-03-01","","19.94685366"
"Planta de Tratamiento de Aguas Residuales San Fernando - Cuarto de Control de Biodigestores.","2010-02-28","","20.14161626"
"Planta de Tratamiento de Aguas Residuales San Fernando - Cuarto de Control de Biodigestores.","2010-02-27","","20.66796748"
"Planta de Tratamiento de Aguas Residuales San Fernando - Cuarto de Control de Biodigestores.","2010-02-26","","11.13254472"
"Planta de Tratamiento de Aguas Residuales San Fernando - Cuarto de Control de Biodigestores.","2010-02-25","","15.32013821"
"Planta de Tratamiento de Aguas Residuales San Fernando - Cuarto de Control de Biodigestores.","2010-02-24","","15.03933984"
"Planta de Tratamiento de Aguas Residuales San Fernando - Cuarto de Control de Biodigestores.","2010-02-23","","13.38324472"
"Planta de Tratamiento de Aguas Residuales San Fernando - Cuarto de Control de Biodigestores.","2010-02-22","","19.15402301"
"Planta de Tratamiento de Aguas Residuales San Fernando - Cuarto de Control de Biodigestores.","2010-02-21","","21.60618699"
"Planta de Tratamiento de Aguas Residuales San Fernando - Cuarto de Control de Biodigestores.","2010-02-20","","22.01382114"
"Planta de Tratamiento de Aguas Residuales San Fernando - Cuarto de Control de Biodigestores.","2010-02-19","","23.01354472"
"Planta de Tratamiento de Aguas Residuales San Fernando - Cuarto de Control de Biodigestores.","2010-02-18","","19.56349593"
"Planta de Tratamiento de Aguas Residuales San Fernando - Cuarto de Control de Biodigestores.","2010-02-17","","28.56360163"
"Planta de Tratamiento de Aguas Residuales San Fernando - Cuarto de Control de Biodigestores.","2010-02-16","","27.22882114"
"Planta de Tratamiento de Aguas Residuales San Fernando - Cuarto de Control de Biodigestores.","2010-02-15","","19.8195187"
"Planta de Tratamiento de Aguas Residuales San Fernando - Cuarto de Control de Biodigestores.","2010-02-14","","15.55887805"
"Planta de Tratamiento de Aguas Residuales San Fernando - Cuarto de Control de Biodigestores.","2010-02-13","","22.69779431"
"Planta de Tratamiento de Aguas Residuales San Fernando - Cuarto de Control de Biodigestores.","2010-02-12","","23.91739837"
"Planta de Tratamiento de Aguas Residuales San Fernando - Cuarto de Control de Biodigestores.","2010-02-11","","21.32480488"
"Planta de Tratamiento de Aguas Residuales San Fernando - Cuarto de Control de Biodigestores.","2010-02-10","","13.43589431"
"Planta de Tratamiento de Aguas Residuales San Fernando - Cuarto de Control de Biodigestores.","2010-02-09","","16.55197561"
"Planta de Tratamiento de Aguas Residuales San Fernando - Cuarto de Control de Biodigestores.","2010-02-08","","20.39379114"
"Planta de Tratamiento de Aguas Residuales San Fernando - Cuarto de Control de Biodigestores.","2010-02-07","","22.1297561"
"Planta de Tratamiento de Aguas Residuales San Fernando - Cuarto de Control de Biodigestores.","2010-02-06","","15.32695935"
"Planta de Tratamiento de Aguas Residuales San Fernando - Cuarto de Control de Biodigestores.","2010-02-05","","22.45705691"
"Planta de Tratamiento de Aguas Residuales San Fernando - Cuarto de Control de Biodigestores.","2010-02-04","","22.02865772"
"Planta de Tratamiento de Aguas Residuales San Fernando - Cuarto de Control de Biodigestores.","2010-02-03","","17.91450407"
"Planta de Tratamiento de Aguas Residuales San Fernando - Cuarto de Control de Biodigestores.","2010-02-02","","26.08529617"
"Planta de Tratamiento de Aguas Residuales San Fernando - Cuarto de Control de Biodigestores.","2010-01-27","","19.21142037"
"Planta de Tratamiento de Aguas Residuales San Fernando - Cuarto de Control de Biodigestores.","2010-01-26","","14.67443902"
"Planta de Tratamiento de Aguas Residuales San Fernando - Cuarto de Control de Biodigestores.","2010-01-25","","18.47691057"
"Planta de Tratamiento de Aguas Residuales San Fernando - Cuarto de Control de Biodigestores.","2010-01-24","","13.68447154"
"Planta de Tratamiento de Aguas Residuales San Fernando - Cuarto de Control de Biodigestores.","2010-01-23","","13.66573171"
"Planta de Tratamiento de Aguas Residuales San Fernando - Cuarto de Control de Biodigestores.","2010-01-22","","18.30325203"
"Planta de Tratamiento de Aguas Residuales San Fernando - Cuarto de Control de Biodigestores.","2010-01-21","","25.80334146"
"Planta de Tratamiento de Aguas Residuales San Fernando - Cuarto de Control de Biodigestores.","2010-01-20","","19.43765854"
"Planta de Tratamiento de Aguas Residuales San Fernando - Cuarto de Control de Biodigestores.","2010-01-19","","20.5096748"
"Planta de Tratamiento de Aguas Residuales San Fernando - Cuarto de Control de Biodigestores.","2010-01-18","","23.95121951"
"Planta de Tratamiento de Aguas Residuales San Fernando - Cuarto de Control de Biodigestores.","2010-01-17","","21.83713821"
"Planta de Tratamiento de Aguas Residuales San Fernando - Cuarto de Control de Biodigestores.","2010-01-16","","23.39211382"
"Planta de Tratamiento de Aguas Residuales San Fernando - Cuarto de Control de Biodigestores.","2010-01-15","","24.18105691"
"Planta de Tratamiento de Aguas Residuales San Fernando - Cuarto de Control de Biodigestores.","2010-01-14","","23.59810569"
"Planta de Tratamiento de Aguas Residuales San Fernando - Cuarto de Control de Biodigestores.","2010-01-13","","26.48552846"
"Planta de Tratamiento de Aguas Residuales San Fernando - Cuarto de Control de Biodigestores.","2010-01-12","","21.29799187"
"Planta de Tratamiento de Aguas Residuales San Fernando - Cuarto de Control de Biodigestores.","2010-01-11","","24.75178862"
"Planta de Tratamiento de Aguas Residuales San Fernando - Cuarto de Control de Biodigestores.","2010-01-10","","21.27229268"
"Planta de Tratamiento de Aguas Residuales San Fernando - Cuarto de Control de Biodigestores.","2010-01-09","","24.89788618"
"Planta de Tratamiento de Aguas Residuales San Fernando - Cuarto de Control de Biodigestores.","2010-01-08","","22.86219512"
"Planta de Tratamiento de Aguas Residuales San Fernando - Cuarto de Control de Biodigestores.","2010-01-07","","21.2805935"
"Planta de Tratamiento de Aguas Residuales San Fernando - Cuarto de Control de Biodigestores.","2010-01-06","","20.6424065"
"Planta de Tratamiento de Aguas Residuales San Fernando - Cuarto de Control de Biodigestores.","2010-01-05","","20.72593496"
"Planta de Tratamiento de Aguas Residuales San Fernando - Cuarto de Control de Biodigestores.","2010-01-04","","19.13404065"
"Planta de Tratamiento de Aguas Residuales San Fernando - Cuarto de Control de Biodigestores.","2010-01-03","","21.98873984"
"Planta de Tratamiento de Aguas Residuales San Fernando - Cuarto de Control de Biodigestores.","2010-01-02","","23.41133333"
"Planta de Tratamiento de Aguas Residuales San Fernando - Cuarto de Control de Biodigestores.","2010-01-01","","23.84686179"
"Planta de Tratamiento de Aguas Residuales San Fernando - Cuarto de Control de Biodigestores.","2009-12-31","","21.24302439"
"Planta de Tratamiento de Aguas Residuales San Fernando - Cuarto de Control de Biodigestores.","2009-12-30","","19.11939024"
"Planta de Tratamiento de Aguas Residuales San Fernando - Cuarto de Control de Biodigestores.","2009-12-29","","15.40178862"
"Planta de Tratamiento de Aguas Residuales San Fernando - Cuarto de Control de Biodigestores.","2009-12-28","","9.83123577"
"Planta de Tratamiento de Aguas Residuales San Fernando - Cuarto de Control de Biodigestores.","2009-12-27","","11.57004878"
"Planta de Tratamiento de Aguas Residuales San Fernando - Cuarto de Control de Biodigestores.","2009-12-26","","12.89695935"
"Planta de Tratamiento de Aguas Residuales San Fernando - Cuarto de Control de Biodigestores.","2009-12-25","","10.20791707"
"Planta de Tratamiento de Aguas Residuales San Fernando - Cuarto de Control de Biodigestores.","2009-12-24","","12.44266667"
"Planta de Tratamiento de Aguas Residuales San Fernando - Cuarto de Control de Biodigestores.","2009-12-23","","11.42270569"
"Planta de Tratamiento de Aguas Residuales San Fernando - Cuarto de Control de Biodigestores.","2009-12-22","","10.7073252"
"Planta de Tratamiento de Aguas Residuales San Fernando - Cuarto de Control de Biodigestores.","2009-12-21","","9.66256098"
"Planta de Tratamiento de Aguas Residuales San Fernando - Cuarto de Control de Biodigestores.","2009-12-20","","11.48756179"
"Planta de Tratamiento de Aguas Residuales San Fernando - Cuarto de Control de Biodigestores.","2009-12-19","","7.5831626"
"Planta de Tratamiento de Aguas Residuales San Fernando - Cuarto de Control de Biodigestores.","2009-12-18","","11.0345122"
"Planta de Tratamiento de Aguas Residuales San Fernando - Cuarto de Control de Biodigestores.","2009-12-17","","20.79266667"
"Planta de Tratamiento de Aguas Residuales San Fernando - Cuarto de Control de Biodigestores.","2009-12-16","","19.41318699"
"Planta de Tratamiento de Aguas Residuales San Fernando - Cuarto de Control de Biodigestores.","2009-12-15","","14.73047967"
"Planta de Tratamiento de Aguas Residuales San Fernando - Cuarto de Control de Biodigestores.","2009-12-14","","15.5841626"
"Planta de Tratamiento de Aguas Residuales San Fernando - Cuarto de Control de Biodigestores.","2009-12-13","","16.53898764"
"Planta de Tratamiento de Aguas Residuales San Fernando - Cuarto de Control de Biodigestores.","2009-12-12","","17.42013008"
"Planta de Tratamiento de Aguas Residuales San Fernando - Cuarto de Control de Biodigestores.","2009-12-11","","15.19922764"
"Planta de Tratamiento de Aguas Residuales San Fernando - Cuarto de Control de Biodigestores.","2009-12-10","","21.39728455"
"Planta de Tratamiento de Aguas Residuales San Fernando - Cuarto de Control de Biodigestores.","2009-12-09","","7.44520325"
"Planta de Tratamiento de Aguas Residuales San Fernando - Cuarto de Control de Biodigestores.","2009-12-08","","15.331"
"Planta de Tratamiento de Aguas Residuales San Fernando - Cuarto de Control de Biodigestores.","2009-12-07","","14.71786179"
"Planta de Tratamiento de Aguas Residuales San Fernando - Cuarto de Control de Biodigestores.","2009-12-06","","17.43015447"
"Planta de Tratamiento de Aguas Residuales San Fernando - Cuarto de Control de Biodigestores.","2009-12-05","","19.80034959"
"Planta de Tratamiento de Aguas Residuales San Fernando - Cuarto de Control de Biodigestores.","2009-12-04","","30.63822997"
"Planta de Tratamiento de Aguas Residuales San Fernando - Cuarto de Control de Biodigestores.","2009-11-23","","47.5035868"
"Planta de Tratamiento de Aguas Residuales San Fernando - Cuarto de Control de Biodigestores.","2009-11-22","","15.01852033"
"Planta de Tratamiento de Aguas Residuales San Fernando - Cuarto de Control de Biodigestores.","2009-11-21","","14.97161626"
"Planta de Tratamiento de Aguas Residuales San Fernando - Cuarto de Control de Biodigestores.","2009-11-20","","12.60855285"
"Planta de Tratamiento de Aguas Residuales San Fernando - Cuarto de Control de Biodigestores.","2009-11-19","","12.9018374"
"Planta de Tratamiento de Aguas Residuales San Fernando - Cuarto de Control de Biodigestores.","2009-11-18","","14.70560163"
"Planta de Tratamiento de Aguas Residuales San Fernando - Cuarto de Control de Biodigestores.","2009-11-17","","16.19541463"
"Planta de Tratamiento de Aguas Residuales San Fernando - Cuarto de Control de Biodigestores.","2009-11-16","","17.77046341"
"Planta de Tratamiento de Aguas Residuales San Fernando - Cuarto de Control de Biodigestores.","2009-11-15","","21.7135935"
"Planta de Tratamiento de Aguas Residuales San Fernando - Cuarto de Control de Biodigestores.","2009-11-14","","15.25069837"
"Planta de Tratamiento de Aguas Residuales San Fernando - Cuarto de Control de Biodigestores.","2009-11-13","","11.37658537"
"Planta de Tratamiento de Aguas Residuales San Fernando - Cuarto de Control de Biodigestores.","2009-11-12","","14.56600325"
"Planta de Tratamiento de Aguas Residuales San Fernando - Cuarto de Control de Biodigestores.","2009-11-11","","21.91224146"
"Planta de Tratamiento de Aguas Residuales San Fernando - Cuarto de Control de Biodigestores.","2009-11-10","","13.2702413"
"Planta de Tratamiento de Aguas Residuales San Fernando - Cuarto de Control de Biodigestores.","2009-11-09","","15.73937309"
"Planta de Tratamiento de Aguas Residuales San Fernando - Cuarto de Control de Biodigestores.","2009-11-08","","8.22883618"
"Planta de Tratamiento de Aguas Residuales San Fernando - Cuarto de Control de Biodigestores.","2009-11-07","","14.68029748"
"Planta de Tratamiento de Aguas Residuales San Fernando - Cuarto de Control de Biodigestores.","2009-11-06","","4.59671707"
"Planta de Tratamiento de Aguas Residuales San Fernando - Cuarto de Control de Biodigestores.","2009-11-05","","4.64845366"
"Planta de Tratamiento de Aguas Residuales San Fernando - Cuarto de Control de Biodigestores.","2009-11-04","","15.72630081"
"Planta de Tratamiento de Aguas Residuales San Fernando - Cuarto de Control de Biodigestores.","2009-11-03","","5.46522268"
"Planta de Tratamiento de Aguas Residuales San Fernando - Cuarto de Control de Biodigestores.","2009-11-02","","11.3314065"
"Planta de Tratamiento de Aguas Residuales San Fernando - Cuarto de Control de Biodigestores.","2009-11-01","","11.57271626"
"Planta de Tratamiento de Aguas Residuales San Fernando - Cuarto de Control de Biodigestores.","2009-10-31","","16.14936911"
"Planta de Tratamiento de Aguas Residuales San Fernando - Cuarto de Control de Biodigestores.","2009-10-30","","18.17775854"
"Planta de Tratamiento de Aguas Residuales San Fernando - Cuarto de Control de Biodigestores.","2009-10-29","","15.30273984"
"Planta de Tratamiento de Aguas Residuales San Fernando - Cuarto de Control de Biodigestores.","2009-10-28","","13.54266098"
"Planta de Tratamiento de Aguas Residuales San Fernando - Cuarto de Control de Biodigestores.","2009-10-27","","15.37171545"
"Planta de Tratamiento de Aguas Residuales San Fernando - Cuarto de Control de Biodigestores.","2009-10-26","","17.37727398"
"Planta de Tratamiento de Aguas Residuales San Fernando - Cuarto de Control de Biodigestores.","2009-10-25","","20.6260065"
"Planta de Tratamiento de Aguas Residuales San Fernando - Cuarto de Control de Biodigestores.","2009-10-24","","17.00693089"
"Planta de Tratamiento de Aguas Residuales San Fernando - Cuarto de Control de Biodigestores.","2009-10-23","","22.99193496"
"Planta de Tratamiento de Aguas Residuales San Fernando - Cuarto de Control de Biodigestores.","2009-10-22","","22.97830081"
"Planta de Tratamiento de Aguas Residuales San Fernando - Cuarto de Control de Biodigestores.","2009-10-21","","20.85955366"
"Planta de Tratamiento de Aguas Residuales San Fernando - Cuarto de Control de Biodigestores.","2009-10-20","","10.56536667"
"Planta de Tratamiento de Aguas Residuales San Fernando - Cuarto de Control de Biodigestores.","2009-10-19","","9.97472683"
"Planta de Tratamiento de Aguas Residuales San Fernando - Cuarto de Control de Biodigestores.","2009-10-18","","9.2289374"
"Planta de Tratamiento de Aguas Residuales San Fernando - Cuarto de Control de Biodigestores.","2009-10-17","","13.42346016"
"Planta de Tratamiento de Aguas Residuales San Fernando - Cuarto de Control de Biodigestores.","2009-10-16","","11.6316626"
"Planta de Tratamiento de Aguas Residuales San Fernando - Cuarto de Control de Biodigestores.","2009-10-15","","9.6392439"
"Planta de Tratamiento de Aguas Residuales San Fernando - Cuarto de Control de Biodigestores.","2009-10-14","","11.22800837"
"Planta de Tratamiento de Aguas Residuales San Fernando - Cuarto de Control de Biodigestores.","2009-10-13","","12.28210569"
"Planta de Tratamiento de Aguas Residuales San Fernando - Cuarto de Control de Biodigestores.","2009-10-12","","21.6045122"
"Planta de Tratamiento de Aguas Residuales San Fernando - Cuarto de Control de Biodigestores.","2009-10-11","","21.58561789"
"Planta de Tratamiento de Aguas Residuales San Fernando - Cuarto de Control de Biodigestores.","2009-10-10","","21.85418943"
"Planta de Tratamiento de Aguas Residuales San Fernando - Cuarto de Control de Biodigestores.","2009-10-09","","14.11635772"
"Planta de Tratamiento de Aguas Residuales San Fernando - Cuarto de Control de Biodigestores.","2009-10-08","","14.57995772"
"Planta de Tratamiento de Aguas Residuales San Fernando - Cuarto de Control de Biodigestores.","2009-10-07","","20.37467642"
"Planta de Tratamiento de Aguas Residuales San Fernando - Cuarto de Control de Biodigestores.","2009-10-06","","17.17918699"
"Planta de Tratamiento de Aguas Residuales San Fernando - Cuarto de Control de Biodigestores.","2009-10-05","","18.8949626"
"Planta de Tratamiento de Aguas Residuales San Fernando - Cuarto de Control de Biodigestores.","2009-10-04","","16.05974797"
"Planta de Tratamiento de Aguas Residuales San Fernando - Cuarto de Control de Biodigestores.","2009-10-03","","19.26093415"
"Planta de Tratamiento de Aguas Residuales San Fernando - Cuarto de Control de Biodigestores.","2009-10-02","","14.68886179"
"Planta de Tratamiento de Aguas Residuales San Fernando - Cuarto de Control de Biodigestores.","2009-10-01","","21.36652033"
"Planta de Tratamiento de Aguas Residuales San Fernando - Cuarto de Control de Biodigestores.","2009-09-30","","20.77358537"
"Planta de Tratamiento de Aguas Residuales San Fernando - Cuarto de Control de Biodigestores.","2009-09-29","","25.23211382"
"Planta de Tratamiento de Aguas Residuales San Fernando - Cuarto de Control de Biodigestores.","2009-09-28","","16.21437398"
"Planta de Tratamiento de Aguas Residuales San Fernando - Cuarto de Control de Biodigestores.","2009-09-27","","24.2139187"
"Planta de Tratamiento de Aguas Residuales San Fernando - Cuarto de Control de Biodigestores.","2009-09-26","","21.75143902"
"Planta de Tratamiento de Aguas Residuales San Fernando - Cuarto de Control de Biodigestores.","2009-09-25","","15.64310569"
"Planta de Tratamiento de Aguas Residuales San Fernando - Cuarto de Control de Biodigestores.","2009-09-24","","20.53412195"
"Planta de Tratamiento de Aguas Residuales San Fernando - Cuarto de Control de Biodigestores.","2009-09-23","","16.01318537"
"Planta de Tratamiento de Aguas Residuales San Fernando - Cuarto de Control de Biodigestores.","2009-09-22","","11.88470894"
"Planta de Tratamiento de Aguas Residuales San Fernando - Cuarto de Control de Biodigestores.","2009-09-21","","19.17325285"
"Planta de Tratamiento de Aguas Residuales San Fernando - Cuarto de Control de Biodigestores.","2009-09-20","","20.60978049"
"Planta de Tratamiento de Aguas Residuales San Fernando - Cuarto de Control de Biodigestores.","2009-09-19","","19.26774715"
"Planta de Tratamiento de Aguas Residuales San Fernando - Cuarto de Control de Biodigestores.","2009-09-18","","14.57355366"
"Planta de Tratamiento de Aguas Residuales San Fernando - Cuarto de Control de Biodigestores.","2009-09-17","","14.85047154"
"Planta de Tratamiento de Aguas Residuales San Fernando - Cuarto de Control de Biodigestores.","2009-09-16","","15.38360325"
"Planta de Tratamiento de Aguas Residuales San Fernando - Cuarto de Control de Biodigestores.","2009-09-15","","8.20999187"
"Planta de Tratamiento de Aguas Residuales San Fernando - Cuarto de Control de Biodigestores.","2009-09-14","","14.34552704"
"Planta de Tratamiento de Aguas Residuales San Fernando - Cuarto de Control de Biodigestores.","2009-09-13","","20.83227642"
"Planta de Tratamiento de Aguas Residuales San Fernando - Cuarto de Control de Biodigestores.","2009-09-12","","14.41886585"
"Planta de Tratamiento de Aguas Residuales San Fernando - Cuarto de Control de Biodigestores.","2009-09-11","","20.43691057"
"Planta de Tratamiento de Aguas Residuales San Fernando - Cuarto de Control de Biodigestores.","2009-09-10","","20.62211382"
"Planta de Tratamiento de Aguas Residuales San Fernando - Cuarto de Control de Biodigestores.","2009-09-09","","21.61068293"
"Planta de Tratamiento de Aguas Residuales San Fernando - Cuarto de Control de Biodigestores.","2009-09-08","","22.77731707"
"Planta de Tratamiento de Aguas Residuales San Fernando - Cuarto de Control de Biodigestores.","2009-09-07","","19.25508943"
"Planta de Tratamiento de Aguas Residuales San Fernando - Cuarto de Control de Biodigestores.","2009-09-06","","20.10417073"
"Planta de Tratamiento de Aguas Residuales San Fernando - Cuarto de Control de Biodigestores.","2009-09-05","","18.2032374"
"Planta de Tratamiento de Aguas Residuales San Fernando - Cuarto de Control de Biodigestores.","2009-09-04","","19.52796585"
"Planta de Tratamiento de Aguas Residuales San Fernando - Cuarto de Control de Biodigestores.","2009-09-03","","13.95786447"
"Planta de Tratamiento de Aguas Residuales San Fernando - Cuarto de Control de Biodigestores.","2009-09-02","","14.97766667"
"Planta de Tratamiento de Aguas Residuales San Fernando - Cuarto de Control de Biodigestores.","2009-09-01","","16.74199788"
"Planta de Tratamiento de Aguas Residuales San Fernando - Cuarto de Control de Biodigestores.","2009-08-31","","18.61573701"
"Planta de Tratamiento de Aguas Residuales San Fernando - Cuarto de Control de Biodigestores.","2009-08-30","","16.47451138"
"Planta de Tratamiento de Aguas Residuales San Fernando - Cuarto de Control de Biodigestores.","2009-08-29","","12.1429187"
"Planta de Tratamiento de Aguas Residuales San Fernando - Cuarto de Control de Biodigestores.","2009-08-28","","15.36711382"
"Planta de Tratamiento de Aguas Residuales San Fernando - Cuarto de Control de Biodigestores.","2009-08-27","","16.34237073"
"Planta de Tratamiento de Aguas Residuales San Fernando - Cuarto de Control de Biodigestores.","2009-08-26","","18.69930081"
"Planta de Tratamiento de Aguas Residuales San Fernando - Cuarto de Control de Biodigestores.","2009-08-25","","18.04796585"
"Planta de Tratamiento de Aguas Residuales San Fernando - Cuarto de Control de Biodigestores.","2009-08-24","","10.23560488"
"Planta de Tratamiento de Aguas Residuales San Fernando - Cuarto de Control de Biodigestores.","2009-08-23","","15.88633902"
"Planta de Tratamiento de Aguas Residuales San Fernando - Cuarto de Control de Biodigestores.","2009-08-22","","18.36664228"
"Planta de Tratamiento de Aguas Residuales San Fernando - Cuarto de Control de Biodigestores.","2009-08-21","","15.62873984"
"Planta de Tratamiento de Aguas Residuales San Fernando - Cuarto de Control de Biodigestores.","2009-08-20","","14.89035772"
"Planta de Tratamiento de Aguas Residuales San Fernando - Cuarto de Control de Biodigestores.","2009-08-19","","17.78690894"
"Planta de Tratamiento de Aguas Residuales San Fernando - Cuarto de Control de Biodigestores.","2009-08-18","","15.87121789"
"Planta de Tratamiento de Aguas Residuales San Fernando - Cuarto de Control de Biodigestores.","2009-08-17","","16.19569919"
"Planta de Tratamiento de Aguas Residuales San Fernando - Cuarto de Control de Biodigestores.","2009-08-16","","17.00892358"
"Planta de Tratamiento de Aguas Residuales San Fernando - Cuarto de Control de Biodigestores.","2009-08-15","","17.02893496"
"Planta de Tratamiento de Aguas Residuales San Fernando - Cuarto de Control de Biodigestores.","2009-08-14","","11.81256911"
"Planta de Tratamiento de Aguas Residuales San Fernando - Cuarto de Control de Biodigestores.","2009-08-13","","21.53642033"
"Planta de Tratamiento de Aguas Residuales San Fernando - Cuarto de Control de Biodigestores.","2009-08-12","","16.9379187"
"Planta de Tratamiento de Aguas Residuales San Fernando - Cuarto de Control de Biodigestores.","2009-08-11","","16.34647154"
"Planta de Tratamiento de Aguas Residuales San Fernando - Cuarto de Control de Biodigestores.","2009-08-10","","19.93737398"
"Planta de Tratamiento de Aguas Residuales San Fernando - Cuarto de Control de Biodigestores.","2009-08-09","","17.60723577"
"Planta de Tratamiento de Aguas Residuales San Fernando - Cuarto de Control de Biodigestores.","2009-08-08","","15.30018699"
"Planta de Tratamiento de Aguas Residuales San Fernando - Cuarto de Control de Biodigestores.","2009-08-07","","18.31994472"
"Planta de Tratamiento de Aguas Residuales San Fernando - Cuarto de Control de Biodigestores.","2009-08-06","","14.32445447"
"Planta de Tratamiento de Aguas Residuales San Fernando - Cuarto de Control de Biodigestores.","2009-08-05","","17.30832683"
"Planta de Tratamiento de Aguas Residuales San Fernando - Cuarto de Control de Biodigestores.","2009-08-04","","17.72857967"
"Planta de Tratamiento de Aguas Residuales San Fernando - Cuarto de Control de Biodigestores.","2009-08-03","","16.51952846"
"Planta de Tratamiento de Aguas Residuales San Fernando - Cuarto de Control de Biodigestores.","2009-08-02","","21.46004878"
"Planta de Tratamiento de Aguas Residuales San Fernando - Cuarto de Control de Biodigestores.","2009-08-01","","22.53881301"
"Planta de Tratamiento de Aguas Residuales San Fernando - Cuarto de Control de Biodigestores.","2009-07-31","","18.14945528"
"Planta de Tratamiento de Aguas Residuales San Fernando - Cuarto de Control de Biodigestores.","2009-07-30","","23.28635772"
"Planta de Tratamiento de Aguas Residuales San Fernando - Cuarto de Control de Biodigestores.","2009-07-29","","19.81602439"
"Planta de Tratamiento de Aguas Residuales San Fernando - Cuarto de Control de Biodigestores.","2009-07-28","","20.67904065"
"Planta de Tratamiento de Aguas Residuales San Fernando - Cuarto de Control de Biodigestores.","2009-07-27","","16.68922683"
"Planta de Tratamiento de Aguas Residuales San Fernando - Cuarto de Control de Biodigestores.","2009-07-26","","16.73547967"
"Planta de Tratamiento de Aguas Residuales San Fernando - Cuarto de Control de Biodigestores.","2009-07-25","","12.55164634"
"Planta de Tratamiento de Aguas Residuales San Fernando - Cuarto de Control de Biodigestores.","2009-07-24","","11.43652846"
"Planta de Tratamiento de Aguas Residuales San Fernando - Cuarto de Control de Biodigestores.","2009-07-23","","12.58098309"
"Planta de Tratamiento de Aguas Residuales San Fernando - Cuarto de Control de Biodigestores.","2009-07-22","","12.34067886"
"Planta de Tratamiento de Aguas Residuales San Fernando - Cuarto de Control de Biodigestores.","2009-07-21","","13.06722764"
"Planta de Tratamiento de Aguas Residuales San Fernando - Cuarto de Control de Biodigestores.","2009-07-20","","13.45035772"
"Planta de Tratamiento de Aguas Residuales San Fernando - Cuarto de Control de Biodigestores.","2009-07-19","","16.90080488"
"Planta de Tratamiento de Aguas Residuales San Fernando - Cuarto de Control de Biodigestores.","2009-07-18","","17.97237398"
"Planta de Tratamiento de Aguas Residuales San Fernando - Cuarto de Control de Biodigestores.","2009-07-17","","19.13386179"
"Planta de Tratamiento de Aguas Residuales San Fernando - Cuarto de Control de Biodigestores.","2009-07-16","","17.82435772"
"Planta de Tratamiento de Aguas Residuales San Fernando - Cuarto de Control de Biodigestores.","2009-07-15","","13.06987805"
"Planta de Tratamiento de Aguas Residuales San Fernando - Cuarto de Control de Biodigestores.","2009-07-14","","14.04917317"
"Planta de Tratamiento de Aguas Residuales San Fernando - Cuarto de Control de Biodigestores.","2009-07-13","","15.37605366"
"Planta de Tratamiento de Aguas Residuales San Fernando - Cuarto de Control de Biodigestores.","2009-07-12","","11.82502553"
"Planta de Tratamiento de Aguas Residuales San Fernando - Cuarto de Control de Biodigestores.","2009-07-11","","15.96837398"
"Planta de Tratamiento de Aguas Residuales San Fernando - Cuarto de Control de Biodigestores.","2009-07-10","","12.17038537"
"Planta de Tratamiento de Aguas Residuales San Fernando - Cuarto de Control de Biodigestores.","2009-07-09","","9.9255122"
"Planta de Tratamiento de Aguas Residuales San Fernando - Cuarto de Control de Biodigestores.","2009-07-08","","10.33452846"
"Planta de Tratamiento de Aguas Residuales San Fernando - Cuarto de Control de Biodigestores.","2009-07-07","","9.12337398"
"Planta de Tratamiento de Aguas Residuales San Fernando - Cuarto de Control de Biodigestores.","2009-07-06","","7.61200992"
"Planta de Tratamiento de Aguas Residuales San Fernando - Cuarto de Control de Biodigestores.","2009-07-05","","14.65796748"
"Planta de Tratamiento de Aguas Residuales San Fernando - Cuarto de Control de Biodigestores.","2009-07-04","","12.30622919"
"Planta de Tratamiento de Aguas Residuales San Fernando - Cuarto de Control de Biodigestores.","2009-07-03","","10.71003252"
"Planta de Tratamiento de Aguas Residuales San Fernando - Cuarto de Control de Biodigestores.","2009-07-02","","11.06465041"
"Planta de Tratamiento de Aguas Residuales San Fernando - Cuarto de Control de Biodigestores.","2009-07-01","","11.1995144"
"Planta de Tratamiento de Aguas Residuales San Fernando - Cuarto de Control de Biodigestores.","2009-06-30","","14.37185366"
"Planta de Tratamiento de Aguas Residuales San Fernando - Cuarto de Control de Biodigestores.","2009-06-29","","13.22035285"
"Planta de Tratamiento de Aguas Residuales San Fernando - Cuarto de Control de Biodigestores.","2009-06-28","","15.28498374"
"Planta de Tratamiento de Aguas Residuales San Fernando - Cuarto de Control de Biodigestores.","2009-06-27","","8.78269837"
"Planta de Tratamiento de Aguas Residuales San Fernando - Cuarto de Control de Biodigestores.","2009-06-26","","12.80986992"
"Planta de Tratamiento de Aguas Residuales San Fernando - Cuarto de Control de Biodigestores.","2009-06-25","","9.85276098"
"Planta de Tratamiento de Aguas Residuales San Fernando - Cuarto de Control de Biodigestores.","2009-06-24","","8.54426911"
"Planta de Tratamiento de Aguas Residuales San Fernando - Cuarto de Control de Biodigestores.","2009-06-23","","4.98464228"
"Planta de Tratamiento de Aguas Residuales San Fernando - Cuarto de Control de Biodigestores.","2009-06-22","","8.96163415"
"Planta de Tratamiento de Aguas Residuales San Fernando - Cuarto de Control de Biodigestores.","2009-06-21","","16.1078374"
"Planta de Tratamiento de Aguas Residuales San Fernando - Cuarto de Control de Biodigestores.","2009-06-20","","15.91289919"
"Planta de Tratamiento de Aguas Residuales San Fernando - Cuarto de Control de Biodigestores.","2009-06-19","","12.36458537"
"Planta de Tratamiento de Aguas Residuales San Fernando - Cuarto de Control de Biodigestores.","2009-06-18","","9.61569431"
"Planta de Tratamiento de Aguas Residuales San Fernando - Cuarto de Control de Biodigestores.","2009-06-17","","17.61310171"
"Planta de Tratamiento de Aguas Residuales San Fernando - Cuarto de Control de Biodigestores.","2009-06-16","","12.57380488"
"Planta de Tratamiento de Aguas Residuales San Fernando - Cuarto de Control de Biodigestores.","2009-06-15","","11.9918187"
"Planta de Tratamiento de Aguas Residuales San Fernando - Cuarto de Control de Biodigestores.","2009-06-14","","4.75699187"
"Planta de Tratamiento de Aguas Residuales San Fernando - Cuarto de Control de Biodigestores.","2009-06-13","","2.97556911"
"Planta de Tratamiento de Aguas Residuales San Fernando - Cuarto de Control de Biodigestores.","2009-06-12","","8.79317073"
"Planta de Tratamiento de Aguas Residuales San Fernando - Cuarto de Control de Biodigestores.","2009-06-11","","13.2304065"
"Planta de Tratamiento de Aguas Residuales San Fernando - Cuarto de Control de Biodigestores.","2009-06-10","","5.3163252"
"Planta de Tratamiento de Aguas Residuales San Fernando - Cuarto de Control de Biodigestores.","2009-06-09","","10.99825122"
"Planta de Tratamiento de Aguas Residuales San Fernando - Cuarto de Control de Biodigestores.","2009-06-08","","8.51117886"
"Planta de Tratamiento de Aguas Residuales San Fernando - Cuarto de Control de Biodigestores.","2009-06-07","","10.9180813"
"Planta de Tratamiento de Aguas Residuales San Fernando - Cuarto de Control de Biodigestores.","2009-06-06","","10.76994309"
"Planta de Tratamiento de Aguas Residuales San Fernando - Cuarto de Control de Biodigestores.","2009-06-05","","4.62749593"
"Planta de Tratamiento de Aguas Residuales San Fernando - Cuarto de Control de Biodigestores.","2009-06-04","","15.16926829"
"Planta de Tratamiento de Aguas Residuales San Fernando - Cuarto de Control de Biodigestores.","2009-06-03","","18.44952846"
"Planta de Tratamiento de Aguas Residuales San Fernando - Cuarto de Control de Biodigestores.","2009-06-02","","20.65009756"
"Planta de Tratamiento de Aguas Residuales San Fernando - Cuarto de Control de Biodigestores.","2009-06-01","","13.67903287"
"Planta de Tratamiento de Aguas Residuales San Fernando - Cuarto de Control de Biodigestores.","2009-05-31","","19.82761789"
"Planta de Tratamiento de Aguas Residuales San Fernando - Cuarto de Control de Biodigestores.","2009-05-30","","15.11178862"
"Planta de Tratamiento de Aguas Residuales San Fernando - Cuarto de Control de Biodigestores.","2009-05-29","","13.03442276"
"Planta de Tratamiento de Aguas Residuales San Fernando - Cuarto de Control de Biodigestores.","2009-05-28","","17.44321951"
"Planta de Tratamiento de Aguas Residuales San Fernando - Cuarto de Control de Biodigestores.","2009-05-27","","20.87043089"
"Planta de Tratamiento de Aguas Residuales San Fernando - Cuarto de Control de Biodigestores.","2009-05-26","","18.5154878"
"Planta de Tratamiento de Aguas Residuales San Fernando - Cuarto de Control de Biodigestores.","2009-05-25","","20.01529268"
"Planta de Tratamiento de Aguas Residuales San Fernando - Cuarto de Control de Biodigestores.","2009-05-24","","19.45590244"
"Planta de Tratamiento de Aguas Residuales San Fernando - Cuarto de Control de Biodigestores.","2009-05-23","","17.47537886"
"Planta de Tratamiento de Aguas Residuales San Fernando - Cuarto de Control de Biodigestores.","2009-05-22","","10.43319837"
"Planta de Tratamiento de Aguas Residuales San Fernando - Cuarto de Control de Biodigestores.","2009-05-21","","8.99573333"
"Planta de Tratamiento de Aguas Residuales San Fernando - Cuarto de Control de Biodigestores.","2009-05-20","","14.48472764"
"Planta de Tratamiento de Aguas Residuales San Fernando - Cuarto de Control de Biodigestores.","2009-05-19","","8.65477236"
"Planta de Tratamiento de Aguas Residuales San Fernando - Cuarto de Control de Biodigestores.","2009-05-18","","23.74245772"
"Planta de Tratamiento de Aguas Residuales San Fernando - Cuarto de Control de Biodigestores.","2009-05-17","","17.86242276"
"Planta de Tratamiento de Aguas Residuales San Fernando - Cuarto de Control de Biodigestores.","2009-05-16","","21.45180244"
"Planta de Tratamiento de Aguas Residuales San Fernando - Cuarto de Control de Biodigestores.","2009-05-15","","12.36184553"
"Planta de Tratamiento de Aguas Residuales San Fernando - Cuarto de Control de Biodigestores.","2009-05-14","","10.47178049"
"Planta de Tratamiento de Aguas Residuales San Fernando - Cuarto de Control de Biodigestores.","2009-05-13","","15.12702683"
"Planta de Tratamiento de Aguas Residuales San Fernando - Cuarto de Control de Biodigestores.","2009-05-12","","19.23838211"
"Planta de Tratamiento de Aguas Residuales San Fernando - Cuarto de Control de Biodigestores.","2009-05-11","","12.6375935"
"Planta de Tratamiento de Aguas Residuales San Fernando - Cuarto de Control de Biodigestores.","2009-05-10","","20.30079675"
"Planta de Tratamiento de Aguas Residuales San Fernando - Cuarto de Control de Biodigestores.","2009-05-09","","15.87764228"
"Planta de Tratamiento de Aguas Residuales San Fernando - Cuarto de Control de Biodigestores.","2009-05-08","","13.5451978"
"Planta de Tratamiento de Aguas Residuales San Fernando - Cuarto de Control de Biodigestores.","2009-05-07","","17.31251545"
"Planta de Tratamiento de Aguas Residuales San Fernando - Cuarto de Control de Biodigestores.","2009-05-06","","12.83141463"
"Planta de Tratamiento de Aguas Residuales San Fernando - Cuarto de Control de Biodigestores.","2009-05-05","","16.52791177"
"Planta de Tratamiento de Aguas Residuales San Fernando - Cuarto de Control de Biodigestores.","2009-05-04","","10.77229512"
"Planta de Tratamiento de Aguas Residuales San Fernando - Cuarto de Control de Biodigestores.","2009-05-03","","7.13257724"
"Planta de Tratamiento de Aguas Residuales San Fernando - Cuarto de Control de Biodigestores.","2009-05-02","","9.44226016"
"Planta de Tratamiento de Aguas Residuales San Fernando - Cuarto de Control de Biodigestores.","2009-05-01","","16.78914228"
"Planta de Tratamiento de Aguas Residuales San Fernando - Cuarto de Control de Biodigestores.","2009-04-30","","11.30045171"
"Planta de Tratamiento de Aguas Residuales San Fernando - Cuarto de Control de Biodigestores.","2009-04-29","","15.11397154"
"Planta de Tratamiento de Aguas Residuales San Fernando - Cuarto de Control de Biodigestores.","2009-04-28","","18.51969919"
"Planta de Tratamiento de Aguas Residuales San Fernando - Cuarto de Control de Biodigestores.","2009-04-27","","13.82504065"
"Planta de Tratamiento de Aguas Residuales San Fernando - Cuarto de Control de Biodigestores.","2009-04-26","","15.71061789"
"Planta de Tratamiento de Aguas Residuales San Fernando - Cuarto de Control de Biodigestores.","2009-04-25","","16.87821374"
"Planta de Tratamiento de Aguas Residuales San Fernando - Cuarto de Control de Biodigestores.","2009-04-24","","13.72400813"
"Planta de Tratamiento de Aguas Residuales San Fernando - Cuarto de Control de Biodigestores.","2009-04-23","","17.14606179"
"Planta de Tratamiento de Aguas Residuales San Fernando - Cuarto de Control de Biodigestores.","2009-04-22","","14.31085992"
"Planta de Tratamiento de Aguas Residuales San Fernando - Cuarto de Control de Biodigestores.","2009-04-21","","10.05117886"
"Planta de Tratamiento de Aguas Residuales San Fernando - Cuarto de Control de Biodigestores.","2009-04-20","","8.20315447"
"Planta de Tratamiento de Aguas Residuales San Fernando - Cuarto de Control de Biodigestores.","2009-04-19","","15.88199187"
"Planta de Tratamiento de Aguas Residuales San Fernando - Cuarto de Control de Biodigestores.","2009-04-18","","14.93543902"
"Planta de Tratamiento de Aguas Residuales San Fernando - Cuarto de Control de Biodigestores.","2009-04-17","","17.41619919"
"Planta de Tratamiento de Aguas Residuales San Fernando - Cuarto de Control de Biodigestores.","2009-04-16","","18.35609756"
"Planta de Tratamiento de Aguas Residuales San Fernando - Cuarto de Control de Biodigestores.","2009-04-15","","11.68978374"
"Planta de Tratamiento de Aguas Residuales San Fernando - Cuarto de Control de Biodigestores.","2009-04-14","","13.35888618"
"Planta de Tratamiento de Aguas Residuales San Fernando - Cuarto de Control de Biodigestores.","2009-04-13","","17.85174715"
"Planta de Tratamiento de Aguas Residuales San Fernando - Cuarto de Control de Biodigestores.","2009-04-12","","16.40357724"
"Planta de Tratamiento de Aguas Residuales San Fernando - Cuarto de Control de Biodigestores.","2009-04-11","","14.96297561"
"Planta de Tratamiento de Aguas Residuales San Fernando - Cuarto de Control de Biodigestores.","2009-04-10","","18.82048293"
"Planta de Tratamiento de Aguas Residuales San Fernando - Cuarto de Control de Biodigestores.","2009-04-09","","21.90085366"
"Planta de Tratamiento de Aguas Residuales San Fernando - Cuarto de Control de Biodigestores.","2009-04-08","","17.84601626"
"Planta de Tratamiento de Aguas Residuales San Fernando - Cuarto de Control de Biodigestores.","2009-04-07","","28.00350407"
"Planta de Tratamiento de Aguas Residuales San Fernando - Cuarto de Control de Biodigestores.","2009-04-06","","29.0508374"
"Planta de Tratamiento de Aguas Residuales San Fernando - Cuarto de Control de Biodigestores.","2009-04-05","","30.29756098"
"Planta de Tratamiento de Aguas Residuales San Fernando - Cuarto de Control de Biodigestores.","2009-04-04","","19.18966829"
"Planta de Tratamiento de Aguas Residuales San Fernando - Cuarto de Control de Biodigestores.","2009-04-03","","21.47829024"
"Planta de Tratamiento de Aguas Residuales San Fernando - Cuarto de Control de Biodigestores.","2009-04-02","","13.36927073"
"Planta de Tratamiento de Aguas Residuales San Fernando - Cuarto de Control de Biodigestores.","2009-04-01","","9.51002439"
"Planta de Tratamiento de Aguas Residuales San Fernando - Cuarto de Control de Biodigestores.","2009-03-31","","8.84802439"
"Planta de Tratamiento de Aguas Residuales San Fernando - Cuarto de Control de Biodigestores.","2009-03-30","","20.77776423"
"Planta de Tratamiento de Aguas Residuales San Fernando - Cuarto de Control de Biodigestores.","2009-03-29","","9.5164065"
"Planta de Tratamiento de Aguas Residuales San Fernando - Cuarto de Control de Biodigestores.","2009-03-28","","15.59329618"
"Planta de Tratamiento de Aguas Residuales San Fernando - Cuarto de Control de Biodigestores.","2009-03-27","","19.10795935"
"Planta de Tratamiento de Aguas Residuales San Fernando - Cuarto de Control de Biodigestores.","2009-03-26","","11.20951789"
"Planta de Tratamiento de Aguas Residuales San Fernando - Cuarto de Control de Biodigestores.","2009-03-25","","10.9230813"
"Planta de Tratamiento de Aguas Residuales San Fernando - Cuarto de Control de Biodigestores.","2009-03-24","","8.81658593"
"Planta de Tratamiento de Aguas Residuales San Fernando - Cuarto de Control de Biodigestores.","2009-03-23","","10.17089886"
"Planta de Tratamiento de Aguas Residuales San Fernando - Cuarto de Control de Biodigestores.","2009-03-22","","15.1682439"
"Planta de Tratamiento de Aguas Residuales San Fernando - Cuarto de Control de Biodigestores.","2009-03-21","","14.2491974"
"Planta de Tratamiento de Aguas Residuales San Fernando - Cuarto de Control de Biodigestores.","2009-03-20","","16.74911789"
"Planta de Tratamiento de Aguas Residuales San Fernando - Cuarto de Control de Biodigestores.","2009-03-19","","12.92058943"
"Planta de Tratamiento de Aguas Residuales San Fernando - Cuarto de Control de Biodigestores.","2009-03-18","","10.32286179"
"Planta de Tratamiento de Aguas Residuales San Fernando - Cuarto de Control de Biodigestores.","2009-03-17","","12.95911382"
"Planta de Tratamiento de Aguas Residuales San Fernando - Cuarto de Control de Biodigestores.","2009-03-16","","20.66695935"
"Planta de Tratamiento de Aguas Residuales San Fernando - Cuarto de Control de Biodigestores.","2009-03-15","","26.23845528"
"Planta de Tratamiento de Aguas Residuales San Fernando - Cuarto de Control de Biodigestores.","2009-03-14","","26.02305691"
"Planta de Tratamiento de Aguas Residuales San Fernando - Cuarto de Control de Biodigestores.","2009-03-13","","20.54475691"
"Planta de Tratamiento de Aguas Residuales San Fernando - Cuarto de Control de Biodigestores.","2009-03-12","","19.83809187"
"Planta de Tratamiento de Aguas Residuales San Fernando - Cuarto de Control de Biodigestores.","2009-03-11","","25.17121057"
"Planta de Tratamiento de Aguas Residuales San Fernando - Cuarto de Control de Biodigestores.","2009-03-10","","20.15906179"
"Planta de Tratamiento de Aguas Residuales San Fernando - Cuarto de Control de Biodigestores.","2009-03-09","","18.38298374"
"Planta de Tratamiento de Aguas Residuales San Fernando - Cuarto de Control de Biodigestores.","2009-03-08","","20.3953252"
"Planta de Tratamiento de Aguas Residuales San Fernando - Cuarto de Control de Biodigestores.","2009-03-07","","22.8513252"
"Planta de Tratamiento de Aguas Residuales San Fernando - Cuarto de Control de Biodigestores.","2009-03-06","","18.45118862"
"Planta de Tratamiento de Aguas Residuales San Fernando - Cuarto de Control de Biodigestores.","2009-03-05","","9.22313008"
"Planta de Tratamiento de Aguas Residuales San Fernando - Cuarto de Control de Biodigestores.","2009-03-04","","7.60474878"
"Planta de Tratamiento de Aguas Residuales San Fernando - Cuarto de Control de Biodigestores.","2009-03-03","","11.59063252"
"Planta de Tratamiento de Aguas Residuales San Fernando - Cuarto de Control de Biodigestores.","2009-03-02","","14.31722033"
"Planta de Tratamiento de Aguas Residuales San Fernando - Cuarto de Control de Biodigestores.","2009-03-01","","13.81073171"
"Planta de Tratamiento de Aguas Residuales San Fernando - Cuarto de Control de Biodigestores.","2009-02-28","","16.23265854"
"Planta de Tratamiento de Aguas Residuales San Fernando - Cuarto de Control de Biodigestores.","2009-02-27","","16.1469439"
"Planta de Tratamiento de Aguas Residuales San Fernando - Cuarto de Control de Biodigestores.","2009-02-26","","10.47506911"
"Planta de Tratamiento de Aguas Residuales San Fernando - Cuarto de Control de Biodigestores.","2009-02-25","","13.49800163"
"Planta de Tratamiento de Aguas Residuales San Fernando - Cuarto de Control de Biodigestores.","2009-02-24","","13.13385585"
"Planta de Tratamiento de Aguas Residuales San Fernando - Cuarto de Control de Biodigestores.","2009-02-23","","9.80659919"
"Planta de Tratamiento de Aguas Residuales San Fernando - Cuarto de Control de Biodigestores.","2009-02-22","","15.75749675"
"Planta de Tratamiento de Aguas Residuales San Fernando - Cuarto de Control de Biodigestores.","2009-02-21","","16.69685366"
"Planta de Tratamiento de Aguas Residuales San Fernando - Cuarto de Control de Biodigestores.","2009-02-20","","11.09187561"
"Planta de Tratamiento de Aguas Residuales San Fernando - Cuarto de Control de Biodigestores.","2009-02-19","","20.73080488"
"Planta de Tratamiento de Aguas Residuales San Fernando - Cuarto de Control de Biodigestores.","2009-02-18","","22.96012854"
"Planta de Tratamiento de Aguas Residuales San Fernando - Cuarto de Control de Biodigestores.","2009-02-17","","18.29003252"
"Planta de Tratamiento de Aguas Residuales San Fernando - Cuarto de Control de Biodigestores.","2009-02-16","","22.41852033"
"Planta de Tratamiento de Aguas Residuales San Fernando - Cuarto de Control de Biodigestores.","2009-02-15","","18.445"
"Planta de Tratamiento de Aguas Residuales San Fernando - Cuarto de Control de Biodigestores.","2009-02-14","","9.95479675"
"Planta de Tratamiento de Aguas Residuales San Fernando - Cuarto de Control de Biodigestores.","2009-02-13","","10.89734146"
"Planta de Tratamiento de Aguas Residuales San Fernando - Cuarto de Control de Biodigestores.","2009-02-12","","15.57962683"
"Planta de Tratamiento de Aguas Residuales San Fernando - Cuarto de Control de Biodigestores.","2009-02-11","","19.09946667"
"Planta de Tratamiento de Aguas Residuales San Fernando - Cuarto de Control de Biodigestores.","2009-02-10","","11.81225691"
"Planta de Tratamiento de Aguas Residuales San Fernando - Cuarto de Control de Biodigestores.","2009-02-09","","10.49933333"
"Planta de Tratamiento de Aguas Residuales San Fernando - Cuarto de Control de Biodigestores.","2009-02-08","","16.27109756"
"Planta de Tratamiento de Aguas Residuales San Fernando - Cuarto de Control de Biodigestores.","2009-02-07","","15.00499187"
"Planta de Tratamiento de Aguas Residuales San Fernando - Cuarto de Control de Biodigestores.","2009-02-06","","13.78685041"
"Planta de Tratamiento de Aguas Residuales San Fernando - Cuarto de Control de Biodigestores.","2009-02-05","","15.21803984"
"Planta de Tratamiento de Aguas Residuales San Fernando - Cuarto de Control de Biodigestores.","2009-02-04","","14.08668211"
"Planta de Tratamiento de Aguas Residuales San Fernando - Cuarto de Control de Biodigestores.","2009-02-03","","15.0936122"
"Planta de Tratamiento de Aguas Residuales San Fernando - Cuarto de Control de Biodigestores.","2009-02-02","","20.36039024"
"Planta de Tratamiento de Aguas Residuales San Fernando - Cuarto de Control de Biodigestores.","2009-02-01","","15.66354472"
"Planta de Tratamiento de Aguas Residuales San Fernando - Cuarto de Control de Biodigestores.","2009-01-31","","16.12563821"
"Planta de Tratamiento de Aguas Residuales San Fernando - Cuarto de Control de Biodigestores.","2009-01-30","","12.6974122"
"Planta de Tratamiento de Aguas Residuales San Fernando - Cuarto de Control de Biodigestores.","2009-01-29","","15.23674797"
"Planta de Tratamiento de Aguas Residuales San Fernando - Cuarto de Control de Biodigestores.","2009-01-28","","17.86514797"
"Planta de Tratamiento de Aguas Residuales San Fernando - Cuarto de Control de Biodigestores.","2009-01-27","","22.32503805"
"Planta de Tratamiento de Aguas Residuales San Fernando - Cuarto de Control de Biodigestores.","2009-01-26","","19.74670732"
"Planta de Tratamiento de Aguas Residuales San Fernando - Cuarto de Control de Biodigestores.","2009-01-25","","21.7476748"
"Planta de Tratamiento de Aguas Residuales San Fernando - Cuarto de Control de Biodigestores.","2009-01-24","","18.47662602"
"Planta de Tratamiento de Aguas Residuales San Fernando - Cuarto de Control de Biodigestores.","2009-01-23","","9.36104878"
"Planta de Tratamiento de Aguas Residuales San Fernando - Cuarto de Control de Biodigestores.","2009-01-22","","10.59571545"
"Planta de Tratamiento de Aguas Residuales San Fernando - Cuarto de Control de Biodigestores.","2009-01-21","","11.02426829"
"Planta de Tratamiento de Aguas Residuales San Fernando - Cuarto de Control de Biodigestores.","2009-01-20","","15.98214634"
"Planta de Tratamiento de Aguas Residuales San Fernando - Cuarto de Control de Biodigestores.","2009-01-19","","4.53464228"
"Planta de Tratamiento de Aguas Residuales San Fernando - Cuarto de Control de Biodigestores.","2009-01-18","","10.60626016"
"Planta de Tratamiento de Aguas Residuales San Fernando - Cuarto de Control de Biodigestores.","2009-01-17","","4.75463415"
"Planta de Tratamiento de Aguas Residuales San Fernando - Cuarto de Control de Biodigestores.","2009-01-16","","7.0532439"
"Planta de Tratamiento de Aguas Residuales San Fernando - Cuarto de Control de Biodigestores.","2009-01-15","","13.22664228"
"Planta de Tratamiento de Aguas Residuales San Fernando - Cuarto de Control de Biodigestores.","2009-01-14","","8.2632439"
"Planta de Tratamiento de Aguas Residuales San Fernando - Cuarto de Control de Biodigestores.","2009-01-13","","13.1880935"
"Planta de Tratamiento de Aguas Residuales San Fernando - Cuarto de Control de Biodigestores.","2009-01-12","","12.32504065"
"Planta de Tratamiento de Aguas Residuales San Fernando - Cuarto de Control de Biodigestores.","2009-01-11","","12.4824065"
"Planta de Tratamiento de Aguas Residuales San Fernando - Cuarto de Control de Biodigestores.","2009-01-10","","6.60126016"
"Planta de Tratamiento de Aguas Residuales San Fernando - Cuarto de Control de Biodigestores.","2009-01-09","","6.65"
"Planta de Tratamiento de Aguas Residuales San Fernando - Cuarto de Control de Biodigestores.","2009-01-08","","10.12626829"
"Planta de Tratamiento de Aguas Residuales San Fernando - Cuarto de Control de Biodigestores.","2009-01-07","","7.52260163"
"Planta de Tratamiento de Aguas Residuales San Fernando - Cuarto de Control de Biodigestores.","2009-01-06","","1.77721138"
"Planta de Tratamiento de Aguas Residuales San Fernando - Cuarto de Control de Biodigestores.","2009-01-05","","11.92549593"
"Planta de Tratamiento de Aguas Residuales San Fernando - Cuarto de Control de Biodigestores.","2009-01-04","","10.46341057"
"Planta de Tratamiento de Aguas Residuales San Fernando - Cuarto de Control de Biodigestores.","2009-01-03","","9.52478862"
"Planta de Tratamiento de Aguas Residuales San Fernando - Cuarto de Control de Biodigestores.","2009-01-02","","10.41259431"
"Planta de Tratamiento de Aguas Residuales San Fernando - Cuarto de Control de Biodigestores.","2009-01-01","","10.7180252"
"Planta de Tratamiento de Aguas Residuales San Fernando - Cuarto de Control de Biodigestores.","2008-12-31","","16.57790032"
"Planta de Tratamiento de Aguas Residuales San Fernando - Cuarto de Control de Biodigestores.","2008-12-30","","14.72942276"
"Planta de Tratamiento de Aguas Residuales San Fernando - Cuarto de Control de Biodigestores.","2008-12-29","","15.16847967"
"Planta de Tratamiento de Aguas Residuales San Fernando - Cuarto de Control de Biodigestores.","2008-12-28","","16.42083504"
"Planta de Tratamiento de Aguas Residuales San Fernando - Cuarto de Control de Biodigestores.","2008-12-27","","17.36674797"
"Planta de Tratamiento de Aguas Residuales San Fernando - Cuarto de Control de Biodigestores.","2008-12-26","","10.74861789"
"Planta de Tratamiento de Aguas Residuales San Fernando - Cuarto de Control de Biodigestores.","2008-12-25","","15.15430894"
"Planta de Tratamiento de Aguas Residuales San Fernando - Cuarto de Control de Biodigestores.","2008-12-24","","17.91682927"
"Planta de Tratamiento de Aguas Residuales San Fernando - Cuarto de Control de Biodigestores.","2008-12-23","","14.40691057"
"Planta de Tratamiento de Aguas Residuales San Fernando - Cuarto de Control de Biodigestores.","2008-12-22","","7.85852846"
"Planta de Tratamiento de Aguas Residuales San Fernando - Cuarto de Control de Biodigestores.","2008-12-21","","8.38504065"
"Planta de Tratamiento de Aguas Residuales San Fernando - Cuarto de Control de Biodigestores.","2008-12-20","","4.01173984"
"Planta de Tratamiento de Aguas Residuales San Fernando - Cuarto de Control de Biodigestores.","2008-12-19","","12.12876179"
"Planta de Tratamiento de Aguas Residuales San Fernando - Cuarto de Control de Biodigestores.","2008-12-18","","19.07506341"
"Planta de Tratamiento de Aguas Residuales San Fernando - Cuarto de Control de Biodigestores.","2008-12-17","","13.2203252"
"Planta de Tratamiento de Aguas Residuales San Fernando - Cuarto de Control de Biodigestores.","2008-12-16","","15.52731707"
"Planta de Tratamiento de Aguas Residuales San Fernando - Cuarto de Control de Biodigestores.","2008-12-15","","13.03642276"
"Planta de Tratamiento de Aguas Residuales San Fernando - Cuarto de Control de Biodigestores.","2008-12-14","","11.10311382"
"Planta de Tratamiento de Aguas Residuales San Fernando - Cuarto de Control de Biodigestores.","2008-12-13","","7.31341463"
"Planta de Tratamiento de Aguas Residuales San Fernando - Cuarto de Control de Biodigestores.","2008-12-12","","7.85707317"
"Planta de Tratamiento de Aguas Residuales San Fernando - Cuarto de Control de Biodigestores.","2008-12-11","","4.76195122"
"Planta de Tratamiento de Aguas Residuales San Fernando - Cuarto de Control de Biodigestores.","2008-12-10","","12.12180382"
"Planta de Tratamiento de Aguas Residuales San Fernando - Cuarto de Control de Biodigestores.","2008-12-09","","8.47593496"
"Planta de Tratamiento de Aguas Residuales San Fernando - Cuarto de Control de Biodigestores.","2008-12-08","","7.92654472"
"Planta de Tratamiento de Aguas Residuales San Fernando - Cuarto de Control de Biodigestores.","2008-12-07","","7.76260163"
"Planta de Tratamiento de Aguas Residuales San Fernando - Cuarto de Control de Biodigestores.","2008-12-06","","11.72804878"
"Planta de Tratamiento de Aguas Residuales San Fernando - Cuarto de Control de Biodigestores.","2008-12-05","","18.05609756"
"Planta de Tratamiento de Aguas Residuales San Fernando - Cuarto de Control de Biodigestores.","2008-12-04","","10.41861789"
"Planta de Tratamiento de Aguas Residuales San Fernando - Cuarto de Control de Biodigestores.","2008-12-03","","10.1664935"
"Planta de Tratamiento de Aguas Residuales San Fernando - Cuarto de Control de Biodigestores.","2008-12-02","","11.69407236"
"Planta de Tratamiento de Aguas Residuales San Fernando - Cuarto de Control de Biodigestores.","2008-12-01","","12.38520894"
"Planta de Tratamiento de Aguas Residuales San Fernando - Cuarto de Control de Biodigestores.","2007-12-31","","16.82443724"
"Planta de Tratamiento de Aguas Residuales San Fernando - Cuarto de Control de Biodigestores.","2007-12-30","","17.06984472"
"Planta de Tratamiento de Aguas Residuales San Fernando - Cuarto de Control de Biodigestores.","2007-12-29","","13.75520325"
"Planta de Tratamiento de Aguas Residuales San Fernando - Cuarto de Control de Biodigestores.","2007-12-28","","13.69162602"
"Planta de Tratamiento de Aguas Residuales San Fernando - Cuarto de Control de Biodigestores.","2007-12-27","","8.79968293"
"Planta de Tratamiento de Aguas Residuales San Fernando - Cuarto de Control de Biodigestores.","2007-12-26","","7.4974065"
"Planta de Tratamiento de Aguas Residuales San Fernando - Cuarto de Control de Biodigestores.","2007-12-25","","9.54190244"
"Planta de Tratamiento de Aguas Residuales San Fernando - Cuarto de Control de Biodigestores.","2007-12-24","","17.63213821"
"Planta de Tratamiento de Aguas Residuales San Fernando - Cuarto de Control de Biodigestores.","2007-12-23","","13.50870732"
"Planta de Tratamiento de Aguas Residuales San Fernando - Cuarto de Control de Biodigestores.","2007-12-22","","11.79601626"
"Planta de Tratamiento de Aguas Residuales San Fernando - Cuarto de Control de Biodigestores.","2007-12-21","","13.79398374"
"Planta de Tratamiento de Aguas Residuales San Fernando - Cuarto de Control de Biodigestores.","2007-12-20","","12.27308943"
"Planta de Tratamiento de Aguas Residuales San Fernando - Cuarto de Control de Biodigestores.","2007-12-19","","16.72106504"
"Planta de Tratamiento de Aguas Residuales San Fernando - Cuarto de Control de Biodigestores.","2007-12-18","","11.87221951"
"Planta de Tratamiento de Aguas Residuales San Fernando - Cuarto de Control de Biodigestores.","2007-12-17","","11.85317073"
"Planta de Tratamiento de Aguas Residuales San Fernando - Cuarto de Control de Biodigestores.","2007-12-16","","11.78855285"
"Planta de Tratamiento de Aguas Residuales San Fernando - Cuarto de Control de Biodigestores.","2007-12-15","","3.49152195"
"Planta de Tratamiento de Aguas Residuales San Fernando - Cuarto de Control de Biodigestores.","2007-12-14","","15.29934959"
"Planta de Tratamiento de Aguas Residuales San Fernando - Cuarto de Control de Biodigestores.","2007-12-13","","16.6498374"
"Planta de Tratamiento de Aguas Residuales San Fernando - Cuarto de Control de Biodigestores.","2007-12-12","","13.77864302"
"Planta de Tratamiento de Aguas Residuales San Fernando - Cuarto de Control de Biodigestores.","2007-12-11","","6.61990081"
"Planta de Tratamiento de Aguas Residuales San Fernando - Cuarto de Control de Biodigestores.","2007-12-10","","18.27439024"
"Planta de Tratamiento de Aguas Residuales San Fernando - Cuarto de Control de Biodigestores.","2007-12-09","","14.44058699"
"Planta de Tratamiento de Aguas Residuales San Fernando - Cuarto de Control de Biodigestores.","2007-12-08","","16.50752846"
"Planta de Tratamiento de Aguas Residuales San Fernando - Cuarto de Control de Biodigestores.","2007-12-07","","10.32898374"
"Planta de Tratamiento de Aguas Residuales San Fernando - Cuarto de Control de Biodigestores.","2007-12-06","","7.85878049"
"Planta de Tratamiento de Aguas Residuales San Fernando - Cuarto de Control de Biodigestores.","2007-12-05","","6.97069919"
"Planta de Tratamiento de Aguas Residuales San Fernando - Cuarto de Control de Biodigestores.","2007-12-04","","3.8364252"
"Planta de Tratamiento de Aguas Residuales San Fernando - Cuarto de Control de Biodigestores.","2007-12-03","","6.46054472"
"Planta de Tratamiento de Aguas Residuales San Fernando - Cuarto de Control de Biodigestores.","2007-12-02","","17.65850407"
"Planta de Tratamiento de Aguas Residuales San Fernando - Cuarto de Control de Biodigestores.","2007-12-01","","10.35266667"
"Planta de Tratamiento de Aguas Residuales San Fernando - Cuarto de Control de Biodigestores.","2007-11-30","","11.98419927"
"Planta de Tratamiento de Aguas Residuales San Fernando - Cuarto de Control de Biodigestores.","2007-11-29","","12.31889431"
"Planta de Tratamiento de Aguas Residuales San Fernando - Cuarto de Control de Biodigestores.","2007-11-28","","13.91228618"
"Planta de Tratamiento de Aguas Residuales San Fernando - Cuarto de Control de Biodigestores.","2007-11-27","","19.54155285"
"Planta de Tratamiento de Aguas Residuales San Fernando - Cuarto de Control de Biodigestores.","2007-11-26","","12.92556911"
"Planta de Tratamiento de Aguas Residuales San Fernando - Cuarto de Control de Biodigestores.","2007-11-25","","13.34113008"
"Planta de Tratamiento de Aguas Residuales San Fernando - Cuarto de Control de Biodigestores.","2007-11-24","","14.47739837"
"Planta de Tratamiento de Aguas Residuales San Fernando - Cuarto de Control de Biodigestores.","2007-11-23","","9.08796748"
"Planta de Tratamiento de Aguas Residuales San Fernando - Cuarto de Control de Biodigestores.","2007-11-22","","18.03869919"
"Planta de Tratamiento de Aguas Residuales San Fernando - Cuarto de Control de Biodigestores.","2007-11-21","","13.34566667"
"Planta de Tratamiento de Aguas Residuales San Fernando - Cuarto de Control de Biodigestores.","2007-11-20","","16.58756098"
"Planta de Tratamiento de Aguas Residuales San Fernando - Cuarto de Control de Biodigestores.","2007-11-19","","12.16184951"
"Planta de Tratamiento de Aguas Residuales San Fernando - Cuarto de Control de Biodigestores.","2007-11-18","","11.18113821"
"Planta de Tratamiento de Aguas Residuales San Fernando - Cuarto de Control de Biodigestores.","2007-11-17","","17.35162602"
"Planta de Tratamiento de Aguas Residuales San Fernando - Cuarto de Control de Biodigestores.","2007-11-16","","10.28909756"
"Planta de Tratamiento de Aguas Residuales San Fernando - Cuarto de Control de Biodigestores.","2007-11-15","","14.02652033"
"Planta de Tratamiento de Aguas Residuales San Fernando - Cuarto de Control de Biodigestores.","2007-11-14","","15.99577236"
"Planta de Tratamiento de Aguas Residuales San Fernando - Cuarto de Control de Biodigestores.","2007-11-13","","11.5101626"
"Planta de Tratamiento de Aguas Residuales San Fernando - Cuarto de Control de Biodigestores.","2007-11-12","","15.26"
"Planta de Tratamiento de Aguas Residuales San Fernando - Cuarto de Control de Biodigestores.","2007-11-11","","14.14388618"
"Planta de Tratamiento de Aguas Residuales San Fernando - Cuarto de Control de Biodigestores.","2007-11-10","","5.32406504"
"Planta de Tratamiento de Aguas Residuales San Fernando - Cuarto de Control de Biodigestores.","2007-11-09","","2.73804878"
"Planta de Tratamiento de Aguas Residuales San Fernando - Cuarto de Control de Biodigestores.","2007-11-08","","13.78539024"
"Planta de Tratamiento de Aguas Residuales San Fernando - Cuarto de Control de Biodigestores.","2007-11-07","","10.99186992"
"Planta de Tratamiento de Aguas Residuales San Fernando - Cuarto de Control de Biodigestores.","2007-11-06","","19.94201545"
"Planta de Tratamiento de Aguas Residuales San Fernando - Cuarto de Control de Biodigestores.","2007-11-05","","13.7902439"
"Planta de Tratamiento de Aguas Residuales San Fernando - Cuarto de Control de Biodigestores.","2007-11-04","","6.71280488"
"Planta de Tratamiento de Aguas Residuales San Fernando - Cuarto de Control de Biodigestores.","2007-11-03","","12.68569106"
"Planta de Tratamiento de Aguas Residuales San Fernando - Cuarto de Control de Biodigestores.","2007-11-02","","19.95479675"
"Planta de Tratamiento de Aguas Residuales San Fernando - Cuarto de Control de Biodigestores.","2007-11-01","","4.49362195"
"Planta de Tratamiento de Aguas Residuales San Fernando - Cuarto de Control de Biodigestores.","2007-10-31","","5.05799187"
"Planta de Tratamiento de Aguas Residuales San Fernando - Cuarto de Control de Biodigestores.","2007-10-30","","9.4210626"
"Planta de Tratamiento de Aguas Residuales San Fernando - Cuarto de Control de Biodigestores.","2007-10-29","","2.43428455"
"Planta de Tratamiento de Aguas Residuales San Fernando - Cuarto de Control de Biodigestores.","2007-10-28","","2.45123577"
"Planta de Tratamiento de Aguas Residuales San Fernando - Cuarto de Control de Biodigestores.","2007-10-27","","2.43248553"
"Planta de Tratamiento de Aguas Residuales San Fernando - Cuarto de Control de Biodigestores.","2007-10-26","","11.30344634"
"Planta de Tratamiento de Aguas Residuales San Fernando - Cuarto de Control de Biodigestores.","2007-10-25","","10.42247967"
"Planta de Tratamiento de Aguas Residuales San Fernando - Cuarto de Control de Biodigestores.","2007-10-24","","6.98028049"
"Planta de Tratamiento de Aguas Residuales San Fernando - Cuarto de Control de Biodigestores.","2007-10-23","","6.22795334"
"Planta de Tratamiento de Aguas Residuales San Fernando - Cuarto de Control de Biodigestores.","2007-10-22","","16.83354401"
"Planta de Tratamiento de Aguas Residuales San Fernando - Cuarto de Control de Biodigestores.","2007-10-21","","4.57784479"
"Planta de Tratamiento de Aguas Residuales San Fernando - Cuarto de Control de Biodigestores.","2007-10-20","","5.35373984"
"Planta de Tratamiento de Aguas Residuales San Fernando - Cuarto de Control de Biodigestores.","2007-10-19","","10.4734374"
"Planta de Tratamiento de Aguas Residuales San Fernando - Cuarto de Control de Biodigestores.","2007-10-18","","5.10886179"
"Planta de Tratamiento de Aguas Residuales San Fernando - Cuarto de Control de Biodigestores.","2007-10-17","","17.42299187"
"Planta de Tratamiento de Aguas Residuales San Fernando - Cuarto de Control de Biodigestores.","2007-10-16","","14.1463252"
"Planta de Tratamiento de Aguas Residuales San Fernando - Cuarto de Control de Biodigestores.","2007-10-15","","11.01780488"
"Planta de Tratamiento de Aguas Residuales San Fernando - Cuarto de Control de Biodigestores.","2007-10-14","","9.26355285"
"Planta de Tratamiento de Aguas Residuales San Fernando - Cuarto de Control de Biodigestores.","2007-10-13","","17.42"
"Planta de Tratamiento de Aguas Residuales San Fernando - Cuarto de Control de Biodigestores.","2007-10-12","","13.91869919"
"Planta de Tratamiento de Aguas Residuales San Fernando - Cuarto de Control de Biodigestores.","2007-10-11","","12.51125203"
"Planta de Tratamiento de Aguas Residuales San Fernando - Cuarto de Control de Biodigestores.","2007-10-10","","17.77162602"
"Planta de Tratamiento de Aguas Residuales San Fernando - Cuarto de Control de Biodigestores.","2007-10-09","","9.28727642"
"Planta de Tratamiento de Aguas Residuales San Fernando - Cuarto de Control de Biodigestores.","2007-10-08","","22.28429268"
"Planta de Tratamiento de Aguas Residuales San Fernando - Cuarto de Control de Biodigestores.","2007-10-07","","10.35096748"
"Planta de Tratamiento de Aguas Residuales San Fernando - Cuarto de Control de Biodigestores.","2007-10-06","","11.28562602"
"Planta de Tratamiento de Aguas Residuales San Fernando - Cuarto de Control de Biodigestores.","2007-10-05","","22.76093008"
"Planta de Tratamiento de Aguas Residuales San Fernando - Cuarto de Control de Biodigestores.","2007-10-04","","13.04278862"
"Planta de Tratamiento de Aguas Residuales San Fernando - Cuarto de Control de Biodigestores.","2007-10-03","","27.36450325"
"Planta de Tratamiento de Aguas Residuales San Fernando - Cuarto de Control de Biodigestores.","2007-10-02","","20.8502439"
"Planta de Tratamiento de Aguas Residuales San Fernando - Cuarto de Control de Biodigestores.","2007-10-01","","10.82552846"
"Planta de Tratamiento de Aguas Residuales San Fernando - Cuarto de Control de Biodigestores.","2007-09-30","","17.92656098"
"Planta de Tratamiento de Aguas Residuales San Fernando - Cuarto de Control de Biodigestores.","2007-09-29","","19.91276423"
"Planta de Tratamiento de Aguas Residuales San Fernando - Cuarto de Control de Biodigestores.","2007-09-28","","12.87105691"
"Planta de Tratamiento de Aguas Residuales San Fernando - Cuarto de Control de Biodigestores.","2007-09-27","","11.52826829"
"Planta de Tratamiento de Aguas Residuales San Fernando - Cuarto de Control de Biodigestores.","2007-09-26","","20.95243902"
"Planta de Tratamiento de Aguas Residuales San Fernando - Cuarto de Control de Biodigestores.","2007-09-25","","11.45228455"
"Planta de Tratamiento de Aguas Residuales San Fernando - Cuarto de Control de Biodigestores.","2007-09-24","","18.56778862"
"Planta de Tratamiento de Aguas Residuales San Fernando - Cuarto de Control de Biodigestores.","2007-09-23","","22.37802439"
"Planta de Tratamiento de Aguas Residuales San Fernando - Cuarto de Control de Biodigestores.","2007-09-22","","18.47793496"
"Planta de Tratamiento de Aguas Residuales San Fernando - Cuarto de Control de Biodigestores.","2007-09-21","","13.90893496"
"Planta de Tratamiento de Aguas Residuales San Fernando - Cuarto de Control de Biodigestores.","2007-09-20","","20.73770732"
"Planta de Tratamiento de Aguas Residuales San Fernando - Cuarto de Control de Biodigestores.","2007-09-19","","16.63310569"
"Planta de Tratamiento de Aguas Residuales San Fernando - Cuarto de Control de Biodigestores.","2007-09-18","","22.4208122"
"Planta de Tratamiento de Aguas Residuales San Fernando - Cuarto de Control de Biodigestores.","2007-09-17","","23.87133333"
"Planta de Tratamiento de Aguas Residuales San Fernando - Cuarto de Control de Biodigestores.","2007-09-16","","15.51395122"
"Planta de Tratamiento de Aguas Residuales San Fernando - Cuarto de Control de Biodigestores.","2007-09-15","","7.47617886"
"Planta de Tratamiento de Aguas Residuales San Fernando - Cuarto de Control de Biodigestores.","2007-09-14","","15.38850163"
"Planta de Tratamiento de Aguas Residuales San Fernando - Cuarto de Control de Biodigestores.","2007-09-13","","12.57452033"
"Planta de Tratamiento de Aguas Residuales San Fernando - Cuarto de Control de Biodigestores.","2007-09-12","","13.52478049"
"Planta de Tratamiento de Aguas Residuales San Fernando - Cuarto de Control de Biodigestores.","2007-09-11","","19.21498452"
"Planta de Tratamiento de Aguas Residuales San Fernando - Cuarto de Control de Biodigestores.","2007-09-10","","13.9250935"
"Planta de Tratamiento de Aguas Residuales San Fernando - Cuarto de Control de Biodigestores.","2007-09-09","","17.39175166"
"Planta de Tratamiento de Aguas Residuales San Fernando - Cuarto de Control de Biodigestores.","2007-09-08","","16.02727805"
"Planta de Tratamiento de Aguas Residuales San Fernando - Cuarto de Control de Biodigestores.","2007-09-07","","22.30598618"
"Planta de Tratamiento de Aguas Residuales San Fernando - Cuarto de Control de Biodigestores.","2007-09-06","","15.50113821"
"Planta de Tratamiento de Aguas Residuales San Fernando - Cuarto de Control de Biodigestores.","2007-09-05","","13.1204065"
"Planta de Tratamiento de Aguas Residuales San Fernando - Cuarto de Control de Biodigestores.","2007-09-04","","15.6899187"
"Planta de Tratamiento de Aguas Residuales San Fernando - Cuarto de Control de Biodigestores.","2007-09-03","","10.19113821"
"Planta de Tratamiento de Aguas Residuales San Fernando - Cuarto de Control de Biodigestores.","2007-09-02","","22.48385366"
"Planta de Tratamiento de Aguas Residuales San Fernando - Cuarto de Control de Biodigestores.","2007-09-01","","16.21556098"
"Planta de Tratamiento de Aguas Residuales San Fernando - Cuarto de Control de Biodigestores.","2007-08-31","","16.88504065"
"Planta de Tratamiento de Aguas Residuales San Fernando - Cuarto de Control de Biodigestores.","2007-08-30","","11.25699187"
"Planta de Tratamiento de Aguas Residuales San Fernando - Cuarto de Control de Biodigestores.","2007-08-29","","17.71720325"
"Planta de Tratamiento de Aguas Residuales San Fernando - Cuarto de Control de Biodigestores.","2007-08-28","","15.17084553"
"Planta de Tratamiento de Aguas Residuales San Fernando - Cuarto de Control de Biodigestores.","2007-08-27","","14.50103924"
"Planta de Tratamiento de Aguas Residuales San Fernando - Cuarto de Control de Biodigestores.","2007-08-26","","5.91658537"
"Planta de Tratamiento de Aguas Residuales San Fernando - Cuarto de Control de Biodigestores.","2007-08-25","","4.07882114"
"Planta de Tratamiento de Aguas Residuales San Fernando - Cuarto de Control de Biodigestores.","2007-08-24","","8.91231707"
"Planta de Tratamiento de Aguas Residuales San Fernando - Cuarto de Control de Biodigestores.","2007-08-23","","17.75495935"
"Planta de Tratamiento de Aguas Residuales San Fernando - Cuarto de Control de Biodigestores.","2007-08-22","","19.98162602"
"Planta de Tratamiento de Aguas Residuales San Fernando - Cuarto de Control de Biodigestores.","2007-08-21","","6.4404666"
"Planta de Tratamiento de Aguas Residuales San Fernando - Cuarto de Control de Biodigestores.","2007-08-20","","15.09872358"
"Planta de Tratamiento de Aguas Residuales San Fernando - Cuarto de Control de Biodigestores.","2007-08-19","","21.73081301"
"Planta de Tratamiento de Aguas Residuales San Fernando - Cuarto de Control de Biodigestores.","2007-08-18","","14.95649593"
"Planta de Tratamiento de Aguas Residuales San Fernando - Cuarto de Control de Biodigestores.","2007-08-17","","6.83493496"
"Planta de Tratamiento de Aguas Residuales San Fernando - Cuarto de Control de Biodigestores.","2007-08-16","","15.86455041"
"Planta de Tratamiento de Aguas Residuales San Fernando - Cuarto de Control de Biodigestores.","2007-08-15","","10.99877236"
"Planta de Tratamiento de Aguas Residuales San Fernando - Cuarto de Control de Biodigestores.","2007-08-14","","14.75917073"
"Planta de Tratamiento de Aguas Residuales San Fernando - Cuarto de Control de Biodigestores.","2007-08-13","","13.47465041"
"Planta de Tratamiento de Aguas Residuales San Fernando - Cuarto de Control de Biodigestores.","2007-08-12","","15.51186179"
"Planta de Tratamiento de Aguas Residuales San Fernando - Cuarto de Control de Biodigestores.","2007-08-11","","19.02369106"
"Planta de Tratamiento de Aguas Residuales San Fernando - Cuarto de Control de Biodigestores.","2007-08-10","","9.96944065"
"Planta de Tratamiento de Aguas Residuales San Fernando - Cuarto de Control de Biodigestores.","2007-08-09","","15.59194309"
"Planta de Tratamiento de Aguas Residuales San Fernando - Cuarto de Control de Biodigestores.","2007-08-08","","11.77595122"
"Planta de Tratamiento de Aguas Residuales San Fernando - Cuarto de Control de Biodigestores.","2007-08-07","","14.74390244"
"Planta de Tratamiento de Aguas Residuales San Fernando - Cuarto de Control de Biodigestores.","2007-08-06","","10.97873171"
"Planta de Tratamiento de Aguas Residuales San Fernando - Cuarto de Control de Biodigestores.","2007-08-05","","13.88365041"
"Planta de Tratamiento de Aguas Residuales San Fernando - Cuarto de Control de Biodigestores.","2007-08-04","","21.87720976"
"Planta de Tratamiento de Aguas Residuales San Fernando - Cuarto de Control de Biodigestores.","2007-08-03","","19.03435772"
"Planta de Tratamiento de Aguas Residuales San Fernando - Cuarto de Control de Biodigestores.","2007-08-02","","16.48690813"
"Planta de Tratamiento de Aguas Residuales San Fernando - Cuarto de Control de Biodigestores.","2007-08-01","","12.22841463"
"Planta de Tratamiento de Aguas Residuales San Fernando - Cuarto de Control de Biodigestores.","2007-07-31","","20.80934959"
"Planta de Tratamiento de Aguas Residuales San Fernando - Cuarto de Control de Biodigestores.","2007-07-30","","23.52120325"
"Planta de Tratamiento de Aguas Residuales San Fernando - Cuarto de Control de Biodigestores.","2007-07-29","","18.10123577"
"Planta de Tratamiento de Aguas Residuales San Fernando - Cuarto de Control de Biodigestores.","2007-07-28","","19.20873984"
"Planta de Tratamiento de Aguas Residuales San Fernando - Cuarto de Control de Biodigestores.","2007-07-27","","24.82264228"
"Planta de Tratamiento de Aguas Residuales San Fernando - Cuarto de Control de Biodigestores.","2007-07-26","","11.57840933"
"Planta de Tratamiento de Aguas Residuales San Fernando - Cuarto de Control de Biodigestores.","2007-07-25","","6.39918699"
"Planta de Tratamiento de Aguas Residuales San Fernando - Cuarto de Control de Biodigestores.","2007-07-24","","21.46300813"
"Planta de Tratamiento de Aguas Residuales San Fernando - Cuarto de Control de Biodigestores.","2007-07-23","","11.75618699"
"Planta de Tratamiento de Aguas Residuales San Fernando - Cuarto de Control de Biodigestores.","2007-07-22","","18.04426829"
"Planta de Tratamiento de Aguas Residuales San Fernando - Cuarto de Control de Biodigestores.","2007-07-21","","18.81890244"
"Planta de Tratamiento de Aguas Residuales San Fernando - Cuarto de Control de Biodigestores.","2007-07-20","","21.00229268"
"Planta de Tratamiento de Aguas Residuales San Fernando - Cuarto de Control de Biodigestores.","2007-07-19","","18.50138211"
"Planta de Tratamiento de Aguas Residuales San Fernando - Cuarto de Control de Biodigestores.","2007-07-18","","26.30526829"
"Planta de Tratamiento de Aguas Residuales San Fernando - Cuarto de Control de Biodigestores.","2007-07-17","","15.79025528"
"Planta de Tratamiento de Aguas Residuales San Fernando - Cuarto de Control de Biodigestores.","2007-07-16","","14.20193496"
"Planta de Tratamiento de Aguas Residuales San Fernando - Cuarto de Control de Biodigestores.","2007-07-15","","19.16231707"
"Planta de Tratamiento de Aguas Residuales San Fernando - Cuarto de Control de Biodigestores.","2007-07-14","","12.5155935"
"Planta de Tratamiento de Aguas Residuales San Fernando - Cuarto de Control de Biodigestores.","2007-07-13","","14.8452439"
"Planta de Tratamiento de Aguas Residuales San Fernando - Cuarto de Control de Biodigestores.","2007-07-12","","11.48697561"
"Planta de Tratamiento de Aguas Residuales San Fernando - Cuarto de Control de Biodigestores.","2007-07-11","","13.10276423"
"Planta de Tratamiento de Aguas Residuales San Fernando - Cuarto de Control de Biodigestores.","2007-07-10","","14.07914228"
"Planta de Tratamiento de Aguas Residuales San Fernando - Cuarto de Control de Biodigestores.","2007-07-09","","20.12257724"
"Planta de Tratamiento de Aguas Residuales San Fernando - Cuarto de Control de Biodigestores.","2007-07-08","","18.69774761"
"Planta de Tratamiento de Aguas Residuales San Fernando - Cuarto de Control de Biodigestores.","2007-07-07","","16.47186992"
"Planta de Tratamiento de Aguas Residuales San Fernando - Cuarto de Control de Biodigestores.","2007-07-06","","18.80219512"
"Planta de Tratamiento de Aguas Residuales San Fernando - Cuarto de Control de Biodigestores.","2007-07-05","","18.46435772"
"Planta de Tratamiento de Aguas Residuales San Fernando - Cuarto de Control de Biodigestores.","2007-07-04","","11.63408943"
"Planta de Tratamiento de Aguas Residuales San Fernando - Cuarto de Control de Biodigestores.","2007-07-03","","12.28761789"
"Planta de Tratamiento de Aguas Residuales San Fernando - Cuarto de Control de Biodigestores.","2007-07-02","","11.74893496"
"Planta de Tratamiento de Aguas Residuales San Fernando - Cuarto de Control de Biodigestores.","2007-07-01","","17.13075041"
"Planta de Tratamiento de Aguas Residuales San Fernando - Cuarto de Control de Biodigestores.","2007-06-30","","13.83605691"
"Planta de Tratamiento de Aguas Residuales San Fernando - Cuarto de Control de Biodigestores.","2007-06-29","","11.3996748"
"Planta de Tratamiento de Aguas Residuales San Fernando - Cuarto de Control de Biodigestores.","2007-06-28","","15.01331707"
"Planta de Tratamiento de Aguas Residuales San Fernando - Cuarto de Control de Biodigestores.","2007-06-27","","17.83477236"
"Planta de Tratamiento de Aguas Residuales San Fernando - Cuarto de Control de Biodigestores.","2007-06-26","","7.57599152"
"Planta de Tratamiento de Aguas Residuales San Fernando - Cuarto de Control de Biodigestores.","2007-06-25","","11.61830894"
"Planta de Tratamiento de Aguas Residuales San Fernando - Cuarto de Control de Biodigestores.","2007-06-24","","12.73017073"
"Planta de Tratamiento de Aguas Residuales San Fernando - Cuarto de Control de Biodigestores.","2007-06-23","","18.14623577"
"Planta de Tratamiento de Aguas Residuales San Fernando - Cuarto de Control de Biodigestores.","2007-06-22","","16.95750407"
"Planta de Tratamiento de Aguas Residuales San Fernando - Cuarto de Control de Biodigestores.","2007-06-21","","14.09089431"
"Planta de Tratamiento de Aguas Residuales San Fernando - Cuarto de Control de Biodigestores.","2007-06-20","","6.80742276"
"Planta de Tratamiento de Aguas Residuales San Fernando - Cuarto de Control de Biodigestores.","2007-06-19","","14.4093252"
"Planta de Tratamiento de Aguas Residuales San Fernando - Cuarto de Control de Biodigestores.","2007-06-18","","11.54112195"
"Planta de Tratamiento de Aguas Residuales San Fernando - Cuarto de Control de Biodigestores.","2007-06-17","","17.14092683"
"Planta de Tratamiento de Aguas Residuales San Fernando - Cuarto de Control de Biodigestores.","2007-06-16","","12.37655285"
"Planta de Tratamiento de Aguas Residuales San Fernando - Cuarto de Control de Biodigestores.","2007-06-15","","10.30733333"
"Planta de Tratamiento de Aguas Residuales San Fernando - Cuarto de Control de Biodigestores.","2007-06-14","","10.87913821"
"Planta de Tratamiento de Aguas Residuales San Fernando - Cuarto de Control de Biodigestores.","2007-06-13","","14.02853659"
"Planta de Tratamiento de Aguas Residuales San Fernando - Cuarto de Control de Biodigestores.","2007-06-12","","15.76637398"
"Planta de Tratamiento de Aguas Residuales San Fernando - Cuarto de Control de Biodigestores.","2007-06-11","","11.6980813"
"Planta de Tratamiento de Aguas Residuales San Fernando - Cuarto de Control de Biodigestores.","2007-06-10","","12.45700813"
"Planta de Tratamiento de Aguas Residuales San Fernando - Cuarto de Control de Biodigestores.","2007-06-09","","24.76928455"
"Planta de Tratamiento de Aguas Residuales San Fernando - Cuarto de Control de Biodigestores.","2007-06-08","","14.71625203"
"Planta de Tratamiento de Aguas Residuales San Fernando - Cuarto de Control de Biodigestores.","2007-06-07","","13.68736585"
"Planta de Tratamiento de Aguas Residuales San Fernando - Cuarto de Control de Biodigestores.","2007-06-06","","11.91639837"
"Planta de Tratamiento de Aguas Residuales San Fernando - Cuarto de Control de Biodigestores.","2007-06-05","","11.26986164"
"Planta de Tratamiento de Aguas Residuales San Fernando - Cuarto de Control de Biodigestores.","2007-06-04","","7.35161789"
"Planta de Tratamiento de Aguas Residuales San Fernando - Cuarto de Control de Biodigestores.","2007-06-03","","8.23728455"
"Planta de Tratamiento de Aguas Residuales San Fernando - Cuarto de Control de Biodigestores.","2007-06-02","","7.59878049"
"Planta de Tratamiento de Aguas Residuales San Fernando - Cuarto de Control de Biodigestores.","2007-06-01","","8.07601273"
"Planta de Tratamiento de Aguas Residuales San Fernando - Cuarto de Control de Biodigestores.","2007-05-31","","15.01873171"
"Planta de Tratamiento de Aguas Residuales San Fernando - Cuarto de Control de Biodigestores.","2007-05-30","","6.03568293"
"Planta de Tratamiento de Aguas Residuales San Fernando - Cuarto de Control de Biodigestores.","2007-05-29","","4.99377236"
"Planta de Tratamiento de Aguas Residuales San Fernando - Cuarto de Control de Biodigestores.","2007-05-28","","15.11517886"
"Planta de Tratamiento de Aguas Residuales San Fernando - Cuarto de Control de Biodigestores.","2007-05-27","","12.01468293"
"Planta de Tratamiento de Aguas Residuales San Fernando - Cuarto de Control de Biodigestores.","2007-05-26","","16.75726829"
"Planta de Tratamiento de Aguas Residuales San Fernando - Cuarto de Control de Biodigestores.","2007-05-25","","11.24635419"
"Planta de Tratamiento de Aguas Residuales San Fernando - Cuarto de Control de Biodigestores.","2007-05-24","","7.94582927"
"Planta de Tratamiento de Aguas Residuales San Fernando - Cuarto de Control de Biodigestores.","2007-05-23","","9.7128374"
"Planta de Tratamiento de Aguas Residuales San Fernando - Cuarto de Control de Biodigestores.","2007-05-22","","12.05658537"
"Planta de Tratamiento de Aguas Residuales San Fernando - Cuarto de Control de Biodigestores.","2007-05-21","","6.72333333"
"Planta de Tratamiento de Aguas Residuales San Fernando - Cuarto de Control de Biodigestores.","2007-05-20","","14.93788618"
"Planta de Tratamiento de Aguas Residuales San Fernando - Cuarto de Control de Biodigestores.","2007-05-19","","19.04601626"
"Planta de Tratamiento de Aguas Residuales San Fernando - Cuarto de Control de Biodigestores.","2007-05-18","","7.9343252"
"Planta de Tratamiento de Aguas Residuales San Fernando - Cuarto de Control de Biodigestores.","2007-05-17","","12.78763821"
"Planta de Tratamiento de Aguas Residuales San Fernando - Cuarto de Control de Biodigestores.","2007-05-16","","16.4349187"
"Planta de Tratamiento de Aguas Residuales San Fernando - Cuarto de Control de Biodigestores.","2007-05-15","","3.93441951"
"Planta de Tratamiento de Aguas Residuales San Fernando - Cuarto de Control de Biodigestores.","2007-05-12","","9.51853659"
"Planta de Tratamiento de Aguas Residuales San Fernando - Cuarto de Control de Biodigestores.","2007-05-11","","12.72165386"
"Planta de Tratamiento de Aguas Residuales San Fernando - Cuarto de Control de Biodigestores.","2007-05-10","","23.37558537"
"Planta de Tratamiento de Aguas Residuales San Fernando - Cuarto de Control de Biodigestores.","2007-05-09","","12.6601687"
"Planta de Tratamiento de Aguas Residuales San Fernando - Cuarto de Control de Biodigestores.","2007-05-08","","13.72682927"
"Planta de Tratamiento de Aguas Residuales San Fernando - Cuarto de Control de Biodigestores.","2007-05-07","","16.31230894"
"Planta de Tratamiento de Aguas Residuales San Fernando - Cuarto de Control de Biodigestores.","2007-05-06","","14.74609756"
"Planta de Tratamiento de Aguas Residuales San Fernando - Cuarto de Control de Biodigestores.","2007-05-05","","13.63175166"
"Planta de Tratamiento de Aguas Residuales San Fernando - Cuarto de Control de Biodigestores.","2007-05-04","","12.4517748"
"Planta de Tratamiento de Aguas Residuales San Fernando - Cuarto de Control de Biodigestores.","2007-05-03","","12.57089431"
"Planta de Tratamiento de Aguas Residuales San Fernando - Cuarto de Control de Biodigestores.","2007-05-02","","7.924"
"Planta de Tratamiento de Aguas Residuales San Fernando - Cuarto de Control de Biodigestores.","2007-05-01","","9.43960382"
"Planta de Tratamiento de Aguas Residuales San Fernando - Cuarto de Control de Biodigestores.","2007-04-30","","16.61831203"
"Planta de Tratamiento de Aguas Residuales San Fernando - Cuarto de Control de Biodigestores.","2007-04-29","","12.43643902"
"Planta de Tratamiento de Aguas Residuales San Fernando - Cuarto de Control de Biodigestores.","2007-04-28","","22.30881951"
"Planta de Tratamiento de Aguas Residuales San Fernando - Cuarto de Control de Biodigestores.","2007-04-27","","12.16097561"
"Planta de Tratamiento de Aguas Residuales San Fernando - Cuarto de Control de Biodigestores.","2007-04-26","","4.38594193"
"Planta de Tratamiento de Aguas Residuales San Fernando - Cuarto de Control de Biodigestores.","2007-04-25","","17.97611382"
"Planta de Tratamiento de Aguas Residuales San Fernando - Cuarto de Control de Biodigestores.","2007-04-24","","19.86355285"
"Planta de Tratamiento de Aguas Residuales San Fernando - Cuarto de Control de Biodigestores.","2007-04-23","","8.58266033"
"Planta de Tratamiento de Aguas Residuales San Fernando - Cuarto de Control de Biodigestores.","2007-04-22","","14.06552033"
"Planta de Tratamiento de Aguas Residuales San Fernando - Cuarto de Control de Biodigestores.","2007-04-21","","13.01333333"
"Planta de Tratamiento de Aguas Residuales San Fernando - Cuarto de Control de Biodigestores.","2007-04-20","","3.43005691"
"Planta de Tratamiento de Aguas Residuales San Fernando - Cuarto de Control de Biodigestores.","2007-04-19","","18.76596504"
"Planta de Tratamiento de Aguas Residuales San Fernando - Cuarto de Control de Biodigestores.","2007-04-18","","13.08853659"
"Planta de Tratamiento de Aguas Residuales San Fernando - Cuarto de Control de Biodigestores.","2007-04-17","","12.47607095"
"Planta de Tratamiento de Aguas Residuales San Fernando - Cuarto de Control de Biodigestores.","2007-04-16","","11.7160813"
"Planta de Tratamiento de Aguas Residuales San Fernando - Cuarto de Control de Biodigestores.","2007-04-15","","24.49691057"
"Planta de Tratamiento de Aguas Residuales San Fernando - Cuarto de Control de Biodigestores.","2007-04-14","","17.80298374"
"Planta de Tratamiento de Aguas Residuales San Fernando - Cuarto de Control de Biodigestores.","2007-04-13","","20.0600813"
"Planta de Tratamiento de Aguas Residuales San Fernando - Cuarto de Control de Biodigestores.","2007-04-12","","18.38616829"
"Planta de Tratamiento de Aguas Residuales San Fernando - Cuarto de Control de Biodigestores.","2007-04-11","","14.95180488"
"Planta de Tratamiento de Aguas Residuales San Fernando - Cuarto de Control de Biodigestores.","2007-04-10","","14.34130081"
"Planta de Tratamiento de Aguas Residuales San Fernando - Cuarto de Control de Biodigestores.","2007-04-09","","14.5363252"
"Planta de Tratamiento de Aguas Residuales San Fernando - Cuarto de Control de Biodigestores.","2007-04-08","","10.43538211"
"Planta de Tratamiento de Aguas Residuales San Fernando - Cuarto de Control de Biodigestores.","2007-04-07","","14.95284553"
"Planta de Tratamiento de Aguas Residuales San Fernando - Cuarto de Control de Biodigestores.","2007-04-06","","15.72960976"
"Planta de Tratamiento de Aguas Residuales San Fernando - Cuarto de Control de Biodigestores.","2007-04-05","","19.55270732"
"Planta de Tratamiento de Aguas Residuales San Fernando - Cuarto de Control de Biodigestores.","2007-04-04","","17.16128455"
"Planta de Tratamiento de Aguas Residuales San Fernando - Cuarto de Control de Biodigestores.","2007-04-03","","10.45577236"
"Planta de Tratamiento de Aguas Residuales San Fernando - Cuarto de Control de Biodigestores.","2007-04-02","","11.35943089"
"Planta de Tratamiento de Aguas Residuales San Fernando - Cuarto de Control de Biodigestores.","2007-04-01","","20.75073984"
"Planta de Tratamiento de Aguas Residuales San Fernando - Cuarto de Control de Biodigestores.","2007-03-31","","14.44099837"
"Planta de Tratamiento de Aguas Residuales San Fernando - Cuarto de Control de Biodigestores.","2007-03-30","","15.41589593"
"Planta de Tratamiento de Aguas Residuales San Fernando - Cuarto de Control de Biodigestores.","2007-03-29","","13.51395122"
"Planta de Tratamiento de Aguas Residuales San Fernando - Cuarto de Control de Biodigestores.","2007-03-28","","11.79444715"
"Planta de Tratamiento de Aguas Residuales San Fernando - Cuarto de Control de Biodigestores.","2007-03-27","","11.37687805"
"Planta de Tratamiento de Aguas Residuales San Fernando - Cuarto de Control de Biodigestores.","2007-03-26","","15.38625203"
"Planta de Tratamiento de Aguas Residuales San Fernando - Cuarto de Control de Biodigestores.","2007-03-25","","14.29971545"
"Planta de Tratamiento de Aguas Residuales San Fernando - Cuarto de Control de Biodigestores.","2007-03-24","","21.85101626"
"Planta de Tratamiento de Aguas Residuales San Fernando - Cuarto de Control de Biodigestores.","2007-03-23","","20.21522764"
"Planta de Tratamiento de Aguas Residuales San Fernando - Cuarto de Control de Biodigestores.","2007-03-22","","7.55065041"
"Planta de Tratamiento de Aguas Residuales San Fernando - Cuarto de Control de Biodigestores.","2007-03-21","","17.44373984"
"Planta de Tratamiento de Aguas Residuales San Fernando - Cuarto de Control de Biodigestores.","2007-03-20","","20.17526829"
"Planta de Tratamiento de Aguas Residuales San Fernando - Cuarto de Control de Biodigestores.","2007-03-19","","27.14317073"
"Planta de Tratamiento de Aguas Residuales San Fernando - Cuarto de Control de Biodigestores.","2007-03-18","","23.97138211"
"Planta de Tratamiento de Aguas Residuales San Fernando - Cuarto de Control de Biodigestores.","2007-03-17","","13.42384553"
"Planta de Tratamiento de Aguas Residuales San Fernando - Cuarto de Control de Biodigestores.","2007-03-16","","8.20235772"
"Planta de Tratamiento de Aguas Residuales San Fernando - Cuarto de Control de Biodigestores.","2007-03-15","","20.7574439"
"Planta de Tratamiento de Aguas Residuales San Fernando - Cuarto de Control de Biodigestores.","2007-03-14","","20.93002439"
"Planta de Tratamiento de Aguas Residuales San Fernando - Cuarto de Control de Biodigestores.","2007-03-13","","32.97504065"
"Planta de Tratamiento de Aguas Residuales San Fernando - Cuarto de Control de Biodigestores.","2007-03-12","","18.85910569"
"Planta de Tratamiento de Aguas Residuales San Fernando - Cuarto de Control de Biodigestores.","2007-03-11","","15.37753659"
"Planta de Tratamiento de Aguas Residuales San Fernando - Cuarto de Control de Biodigestores.","2007-03-10","","19.46674797"
"Planta de Tratamiento de Aguas Residuales San Fernando - Cuarto de Control de Biodigestores.","2007-03-09","","10.36926829"
"Planta de Tratamiento de Aguas Residuales San Fernando - Cuarto de Control de Biodigestores.","2007-03-08","","17.47164369"
"Planta de Tratamiento de Aguas Residuales San Fernando - Cuarto de Control de Biodigestores.","2007-03-07","","17.51742276"
"Planta de Tratamiento de Aguas Residuales San Fernando - Cuarto de Control de Biodigestores.","2007-03-06","","11.64585366"
"Planta de Tratamiento de Aguas Residuales San Fernando - Cuarto de Control de Biodigestores.","2007-03-05","","17.04676423"
"Planta de Tratamiento de Aguas Residuales San Fernando - Cuarto de Control de Biodigestores.","2007-03-04","","29.14349593"
"Planta de Tratamiento de Aguas Residuales San Fernando - Cuarto de Control de Biodigestores.","2007-03-03","","20.27373984"
"Planta de Tratamiento de Aguas Residuales San Fernando - Cuarto de Control de Biodigestores.","2007-03-02","","24.2789187"
"Planta de Tratamiento de Aguas Residuales San Fernando - Cuarto de Control de Biodigestores.","2007-03-01","","31.1184669"
"Planta de Tratamiento de Aguas Residuales San Fernando - Cuarto de Control de Biodigestores.","2007-02-27","","11.29963636"
"Planta de Tratamiento de Aguas Residuales San Fernando - Cuarto de Control de Biodigestores.","2007-02-26","","24.39666667"
"Planta de Tratamiento de Aguas Residuales San Fernando - Cuarto de Control de Biodigestores.","2007-02-25","","31.26577236"
"Planta de Tratamiento de Aguas Residuales San Fernando - Cuarto de Control de Biodigestores.","2007-02-24","","25.79339024"
"Planta de Tratamiento de Aguas Residuales San Fernando - Cuarto de Control de Biodigestores.","2007-02-23","","18.15808293"
"Planta de Tratamiento de Aguas Residuales San Fernando - Cuarto de Control de Biodigestores.","2007-02-22","","23.93170732"
"Planta de Tratamiento de Aguas Residuales San Fernando - Cuarto de Control de Biodigestores.","2007-02-21","","28.11156098"
"Planta de Tratamiento de Aguas Residuales San Fernando - Cuarto de Control de Biodigestores.","2007-02-20","","22.23278897"
"Planta de Tratamiento de Aguas Residuales San Fernando - Cuarto de Control de Biodigestores.","2007-02-19","","15.8198374"
"Planta de Tratamiento de Aguas Residuales San Fernando - Cuarto de Control de Biodigestores.","2007-02-18","","21.1003252"
"Planta de Tratamiento de Aguas Residuales San Fernando - Cuarto de Control de Biodigestores.","2007-02-17","","13.54776423"
"Planta de Tratamiento de Aguas Residuales San Fernando - Cuarto de Control de Biodigestores.","2007-02-16","","18.56453659"
"Planta de Tratamiento de Aguas Residuales San Fernando - Cuarto de Control de Biodigestores.","2007-02-15","","15.51749593"
"Planta de Tratamiento de Aguas Residuales San Fernando - Cuarto de Control de Biodigestores.","2007-02-14","","21.78860657"
"Planta de Tratamiento de Aguas Residuales San Fernando - Cuarto de Control de Biodigestores.","2007-02-13","","21.75601626"
"Planta de Tratamiento de Aguas Residuales San Fernando - Cuarto de Control de Biodigestores.","2007-02-12","","23.18457724"
"Planta de Tratamiento de Aguas Residuales San Fernando - Cuarto de Control de Biodigestores.","2007-02-11","","19.7362439"
"Planta de Tratamiento de Aguas Residuales San Fernando - Cuarto de Control de Biodigestores.","2007-02-10","","20.14552846"
"Planta de Tratamiento de Aguas Residuales San Fernando - Cuarto de Control de Biodigestores.","2007-02-09","","21.6726748"
"Planta de Tratamiento de Aguas Residuales San Fernando - Cuarto de Control de Biodigestores.","2007-02-08","","21.46113821"
"Planta de Tratamiento de Aguas Residuales San Fernando - Cuarto de Control de Biodigestores.","2007-02-07","","20.4001626"
"Planta de Tratamiento de Aguas Residuales San Fernando - Cuarto de Control de Biodigestores.","2007-02-06","","27.0548374"
"Planta de Tratamiento de Aguas Residuales San Fernando - Cuarto de Control de Biodigestores.","2007-02-05","","24.79699187"
"Planta de Tratamiento de Aguas Residuales San Fernando - Cuarto de Control de Biodigestores.","2007-02-04","","27.75768943"
"Planta de Tratamiento de Aguas Residuales San Fernando - Cuarto de Control de Biodigestores.","2007-02-03","","16.9603252"
"Planta de Tratamiento de Aguas Residuales San Fernando - Cuarto de Control de Biodigestores.","2007-02-02","","18.74934146"
"Planta de Tratamiento de Aguas Residuales San Fernando - Cuarto de Control de Biodigestores.","2007-02-01","","18.26480488"
"Planta de Tratamiento de Aguas Residuales San Fernando - Cuarto de Control de Biodigestores.","2007-01-31","","14.65078049"
"Planta de Tratamiento de Aguas Residuales San Fernando - Cuarto de Control de Biodigestores.","2007-01-30","","10.89103712"
"Planta de Tratamiento de Aguas Residuales San Fernando - Cuarto de Control de Biodigestores.","2007-01-29","","12.08947967"
"Planta de Tratamiento de Aguas Residuales San Fernando - Cuarto de Control de Biodigestores.","2007-01-28","","14.56777236"
"Planta de Tratamiento de Aguas Residuales San Fernando - Cuarto de Control de Biodigestores.","2007-01-27","","13.41211382"
"Planta de Tratamiento de Aguas Residuales San Fernando - Cuarto de Control de Biodigestores.","2007-01-26","","11.52902439"
"Planta de Tratamiento de Aguas Residuales San Fernando - Cuarto de Control de Biodigestores.","2007-01-25","","5.75402757"
"Planta de Tratamiento de Aguas Residuales San Fernando - Cuarto de Control de Biodigestores.","2007-01-24","","20.17649593"
"Planta de Tratamiento de Aguas Residuales San Fernando - Cuarto de Control de Biodigestores.","2007-01-23","","16.40712195"
"Planta de Tratamiento de Aguas Residuales San Fernando - Cuarto de Control de Biodigestores.","2007-01-22","","14.13791057"
"Planta de Tratamiento de Aguas Residuales San Fernando - Cuarto de Control de Biodigestores.","2007-01-21","","14.27803252"
"Planta de Tratamiento de Aguas Residuales San Fernando - Cuarto de Control de Biodigestores.","2007-01-20","","17.62813008"
"Planta de Tratamiento de Aguas Residuales San Fernando - Cuarto de Control de Biodigestores.","2007-01-19","","15.41968293"
"Planta de Tratamiento de Aguas Residuales San Fernando - Cuarto de Control de Biodigestores.","2007-01-18","","11.87643089"
"Planta de Tratamiento de Aguas Residuales San Fernando - Cuarto de Control de Biodigestores.","2007-01-17","","6.89480488"
"Planta de Tratamiento de Aguas Residuales San Fernando - Cuarto de Control de Biodigestores.","2007-01-16","","9.54239024"
"Planta de Tratamiento de Aguas Residuales San Fernando - Cuarto de Control de Biodigestores.","2007-01-15","","9.10438211"
"Planta de Tratamiento de Aguas Residuales San Fernando - Cuarto de Control de Biodigestores.","2007-01-14","","11.87979024"
"Planta de Tratamiento de Aguas Residuales San Fernando - Cuarto de Control de Biodigestores.","2007-01-13","","7.75017073"
"Planta de Tratamiento de Aguas Residuales San Fernando - Cuarto de Control de Biodigestores.","2007-01-12","","15.99631707"
"Planta de Tratamiento de Aguas Residuales San Fernando - Cuarto de Control de Biodigestores.","2007-01-11","","7.26130081"
"Planta de Tratamiento de Aguas Residuales San Fernando - Cuarto de Control de Biodigestores.","2007-01-10","","9.39869919"
"Planta de Tratamiento de Aguas Residuales San Fernando - Cuarto de Control de Biodigestores.","2007-01-09","","5.06707317"
"Planta de Tratamiento de Aguas Residuales San Fernando - Cuarto de Control de Biodigestores.","2007-01-08","","15.71495935"
"Planta de Tratamiento de Aguas Residuales San Fernando - Cuarto de Control de Biodigestores.","2007-01-07","","17.0143252"
"Planta de Tratamiento de Aguas Residuales San Fernando - Cuarto de Control de Biodigestores.","2007-01-06","","18.26593496"
"Planta de Tratamiento de Aguas Residuales San Fernando - Cuarto de Control de Biodigestores.","2007-01-05","","14.35300813"
"Planta de Tratamiento de Aguas Residuales San Fernando - Cuarto de Control de Biodigestores.","2007-01-04","","16.48333333"
"Planta de Tratamiento de Aguas Residuales San Fernando - Cuarto de Control de Biodigestores.","2007-01-03","","13.04723577"
"Planta de Tratamiento de Aguas Residuales San Fernando - Cuarto de Control de Biodigestores.","2007-01-02","","4.34654588"
"Planta de Tratamiento de Aguas Residuales San Fernando - Cuarto de Control de Biodigestores.","2007-01-01","","7.29404878"
"Planta de Tratamiento de Aguas Residuales San Fernando - Cuarto de Control de Biodigestores.","2006-09-11","","4.79187805"
"Planta de Tratamiento de Aguas Residuales San Fernando - Cuarto de Control de Biodigestores.","2006-09-10","","18.72552846"
"Planta de Tratamiento de Aguas Residuales San Fernando - Cuarto de Control de Biodigestores.","2006-09-09","","21.50696748"
"Planta de Tratamiento de Aguas Residuales San Fernando - Cuarto de Control de Biodigestores.","2006-09-08","","19.57715447"
"Planta de Tratamiento de Aguas Residuales San Fernando - Cuarto de Control de Biodigestores.","2006-09-07","","17.16534146"
"Planta de Tratamiento de Aguas Residuales San Fernando - Cuarto de Control de Biodigestores.","2006-09-06","","14.31647154"
"Planta de Tratamiento de Aguas Residuales San Fernando - Cuarto de Control de Biodigestores.","2006-09-05","","19.17407317"
"Planta de Tratamiento de Aguas Residuales San Fernando - Cuarto de Control de Biodigestores.","2006-09-04","","15.12389024"
"Planta de Tratamiento de Aguas Residuales San Fernando - Cuarto de Control de Biodigestores.","2006-09-03","","20.85261463"
"Planta de Tratamiento de Aguas Residuales San Fernando - Cuarto de Control de Biodigestores.","2006-09-02","","17.26355285"
"Planta de Tratamiento de Aguas Residuales San Fernando - Cuarto de Control de Biodigestores.","2006-09-01","","14.4072439"
"Planta de Tratamiento de Aguas Residuales San Fernando - Cuarto de Control de Biodigestores.","2006-08-31","","13.18739837"
"Planta de Tratamiento de Aguas Residuales San Fernando - Cuarto de Control de Biodigestores.","2006-08-30","","16.05187805"
"Planta de Tratamiento de Aguas Residuales San Fernando - Cuarto de Control de Biodigestores.","2006-08-29","","17.40109756"
"Planta de Tratamiento de Aguas Residuales San Fernando - Cuarto de Control de Biodigestores.","2006-08-28","","18.83103252"
"Planta de Tratamiento de Aguas Residuales San Fernando - Cuarto de Control de Biodigestores.","2006-08-27","","13.24355285"
"Planta de Tratamiento de Aguas Residuales San Fernando - Cuarto de Control de Biodigestores.","2006-08-26","","8.98162602"
"Planta de Tratamiento de Aguas Residuales San Fernando - Cuarto de Control de Biodigestores.","2006-08-25","","9.5004065"
"Planta de Tratamiento de Aguas Residuales San Fernando - Cuarto de Control de Biodigestores.","2006-08-24","","13.15450407"
"Planta de Tratamiento de Aguas Residuales San Fernando - Cuarto de Control de Biodigestores.","2006-08-23","","23.99031707"
"Planta de Tratamiento de Aguas Residuales San Fernando - Cuarto de Control de Biodigestores.","2006-08-22","","19.59656911"
"Planta de Tratamiento de Aguas Residuales San Fernando - Cuarto de Control de Biodigestores.","2006-08-21","","13.88273984"
"Planta de Tratamiento de Aguas Residuales San Fernando - Cuarto de Control de Biodigestores.","2006-08-20","","17.67154472"
"Planta de Tratamiento de Aguas Residuales San Fernando - Cuarto de Control de Biodigestores.","2006-08-19","","13.04560976"
"Planta de Tratamiento de Aguas Residuales San Fernando - Cuarto de Control de Biodigestores.","2006-08-18","","15.12544715"
"Planta de Tratamiento de Aguas Residuales San Fernando - Cuarto de Control de Biodigestores.","2006-08-17","","18.29181301"
"Planta de Tratamiento de Aguas Residuales San Fernando - Cuarto de Control de Biodigestores.","2006-08-16","","15.96688618"
"Planta de Tratamiento de Aguas Residuales San Fernando - Cuarto de Control de Biodigestores.","2006-08-15","","18.67439024"
"Planta de Tratamiento de Aguas Residuales San Fernando - Cuarto de Control de Biodigestores.","2006-08-14","","14.09365854"
"Planta de Tratamiento de Aguas Residuales San Fernando - Cuarto de Control de Biodigestores.","2006-08-13","","14.35617886"
"Planta de Tratamiento de Aguas Residuales San Fernando - Cuarto de Control de Biodigestores.","2006-08-12","","12.87926016"
"Planta de Tratamiento de Aguas Residuales San Fernando - Cuarto de Control de Biodigestores.","2006-08-11","","14.35528455"
"Planta de Tratamiento de Aguas Residuales San Fernando - Cuarto de Control de Biodigestores.","2006-08-10","","16.67161789"
"Planta de Tratamiento de Aguas Residuales San Fernando - Cuarto de Control de Biodigestores.","2006-08-09","","13.81833333"
"Planta de Tratamiento de Aguas Residuales San Fernando - Cuarto de Control de Biodigestores.","2006-08-08","","14.98746341"
"Planta de Tratamiento de Aguas Residuales San Fernando - Cuarto de Control de Biodigestores.","2006-08-07","","17.35313008"
"Planta de Tratamiento de Aguas Residuales San Fernando - Cuarto de Control de Biodigestores.","2006-08-06","","20.57150407"
"Planta de Tratamiento de Aguas Residuales San Fernando - Cuarto de Control de Biodigestores.","2006-08-05","","17.91188618"
"Planta de Tratamiento de Aguas Residuales San Fernando - Cuarto de Control de Biodigestores.","2006-08-04","","15.28544715"
"Planta de Tratamiento de Aguas Residuales San Fernando - Cuarto de Control de Biodigestores.","2006-08-03","","12.35707317"
"Planta de Tratamiento de Aguas Residuales San Fernando - Cuarto de Control de Biodigestores.","2006-08-02","","14.24965041"
"Planta de Tratamiento de Aguas Residuales San Fernando - Cuarto de Control de Biodigestores.","2006-08-01","","11.58199187"
"Planta de Tratamiento de Aguas Residuales San Fernando - Cuarto de Control de Biodigestores.","2006-07-31","","12.33364228"
"Planta de Tratamiento de Aguas Residuales San Fernando - Cuarto de Control de Biodigestores.","2006-07-30","","14.73362602"
"Planta de Tratamiento de Aguas Residuales San Fernando - Cuarto de Control de Biodigestores.","2006-07-29","","13.16715447"
"Planta de Tratamiento de Aguas Residuales San Fernando - Cuarto de Control de Biodigestores.","2006-07-28","","4.74602439"
"Planta de Tratamiento de Aguas Residuales San Fernando - Cuarto de Control de Biodigestores.","2006-07-27","","6.69997154"
"Planta de Tratamiento de Aguas Residuales San Fernando - Cuarto de Control de Biodigestores.","2006-07-26","","8.07121951"
"Planta de Tratamiento de Aguas Residuales San Fernando - Cuarto de Control de Biodigestores.","2006-07-25","","13.40389431"
"Planta de Tratamiento de Aguas Residuales San Fernando - Cuarto de Control de Biodigestores.","2006-07-24","","9.50368293"
"Planta de Tratamiento de Aguas Residuales San Fernando - Cuarto de Control de Biodigestores.","2006-07-23","","9.79085366"
"Planta de Tratamiento de Aguas Residuales San Fernando - Cuarto de Control de Biodigestores.","2006-07-22","","14.7060813"
"Planta de Tratamiento de Aguas Residuales San Fernando - Cuarto de Control de Biodigestores.","2006-07-21","","12.21868293"
"Planta de Tratamiento de Aguas Residuales San Fernando - Cuarto de Control de Biodigestores.","2006-07-20","","11.00569106"
"Planta de Tratamiento de Aguas Residuales San Fernando - Cuarto de Control de Biodigestores.","2006-07-19","","14.27669919"
"Planta de Tratamiento de Aguas Residuales San Fernando - Cuarto de Control de Biodigestores.","2006-07-18","","15.10711382"
"Planta de Tratamiento de Aguas Residuales San Fernando - Cuarto de Control de Biodigestores.","2006-07-17","","16.38731707"
"Planta de Tratamiento de Aguas Residuales San Fernando - Cuarto de Control de Biodigestores.","2006-07-16","","16.63814634"
"Planta de Tratamiento de Aguas Residuales San Fernando - Cuarto de Control de Biodigestores.","2006-07-15","","17.74514309"
"Planta de Tratamiento de Aguas Residuales San Fernando - Cuarto de Control de Biodigestores.","2006-07-14","","12.63373984"
"Planta de Tratamiento de Aguas Residuales San Fernando - Cuarto de Control de Biodigestores.","2006-07-13","","13.6895122"
"Planta de Tratamiento de Aguas Residuales San Fernando - Cuarto de Control de Biodigestores.","2006-07-12","","14.37786992"
"Planta de Tratamiento de Aguas Residuales San Fernando - Cuarto de Control de Biodigestores.","2006-07-11","","13.61550407"
"Planta de Tratamiento de Aguas Residuales San Fernando - Cuarto de Control de Biodigestores.","2006-07-10","","11.88765854"
"Planta de Tratamiento de Aguas Residuales San Fernando - Cuarto de Control de Biodigestores.","2006-07-09","","11.60543902"
"Planta de Tratamiento de Aguas Residuales San Fernando - Cuarto de Control de Biodigestores.","2006-07-08","","12.50851138"
"Planta de Tratamiento de Aguas Residuales San Fernando - Cuarto de Control de Biodigestores.","2006-07-07","","14.30609756"
"Planta de Tratamiento de Aguas Residuales San Fernando - Cuarto de Control de Biodigestores.","2006-07-06","","13.52652195"
"Planta de Tratamiento de Aguas Residuales San Fernando - Cuarto de Control de Biodigestores.","2006-07-05","","12.83317073"
"Planta de Tratamiento de Aguas Residuales San Fernando - Cuarto de Control de Biodigestores.","2006-07-04","","11.09092683"
"Planta de Tratamiento de Aguas Residuales San Fernando - Cuarto de Control de Biodigestores.","2006-07-03","","12.71261789"
"Planta de Tratamiento de Aguas Residuales San Fernando - Cuarto de Control de Biodigestores.","2006-07-02","","12.42888618"
"Planta de Tratamiento de Aguas Residuales San Fernando - Cuarto de Control de Biodigestores.","2006-07-01","","8.44652846"
"Planta de Tratamiento de Aguas Residuales San Fernando - Cuarto de Control de Biodigestores.","2006-06-30","","8.70612195"
"Planta de Tratamiento de Aguas Residuales San Fernando - Cuarto de Control de Biodigestores.","2006-06-29","","6.20605691"
"Planta de Tratamiento de Aguas Residuales San Fernando - Cuarto de Control de Biodigestores.","2006-06-28","","8.10804878"
"Planta de Tratamiento de Aguas Residuales San Fernando - Cuarto de Control de Biodigestores.","2006-06-27","","9.78660163"
"Planta de Tratamiento de Aguas Residuales San Fernando - Cuarto de Control de Biodigestores.","2006-06-26","","11.65005691"
"Planta de Tratamiento de Aguas Residuales San Fernando - Cuarto de Control de Biodigestores.","2006-06-25","","16.55350407"
"Planta de Tratamiento de Aguas Residuales San Fernando - Cuarto de Control de Biodigestores.","2006-06-24","","8.29731707"
"Planta de Tratamiento de Aguas Residuales San Fernando - Cuarto de Control de Biodigestores.","2006-06-23","","10.6346748"
"Planta de Tratamiento de Aguas Residuales San Fernando - Cuarto de Control de Biodigestores.","2006-06-22","","10.50260163"
"Planta de Tratamiento de Aguas Residuales San Fernando - Cuarto de Control de Biodigestores.","2006-06-21","","10.68817886"
"Planta de Tratamiento de Aguas Residuales San Fernando - Cuarto de Control de Biodigestores.","2006-06-20","","13.95143902"
"Planta de Tratamiento de Aguas Residuales San Fernando - Cuarto de Control de Biodigestores.","2006-06-19","","9.64334959"
"Planta de Tratamiento de Aguas Residuales San Fernando - Cuarto de Control de Biodigestores.","2006-06-18","","9.32531707"
"Planta de Tratamiento de Aguas Residuales San Fernando - Cuarto de Control de Biodigestores.","2006-06-17","","14.40629268"
"Planta de Tratamiento de Aguas Residuales San Fernando - Cuarto de Control de Biodigestores.","2006-06-16","","8.40543089"
"Planta de Tratamiento de Aguas Residuales San Fernando - Cuarto de Control de Biodigestores.","2006-06-15","","14.06430659"
"Planta de Tratamiento de Aguas Residuales San Fernando - Cuarto de Control de Biodigestores.","2006-06-14","","8.41943902"
"Planta de Tratamiento de Aguas Residuales San Fernando - Cuarto de Control de Biodigestores.","2006-06-13","","7.42109091"
"Planta de Tratamiento de Aguas Residuales San Fernando - Cuarto de Control de Biodigestores.","2006-06-12","","16.00441463"
"Planta de Tratamiento de Aguas Residuales San Fernando - Cuarto de Control de Biodigestores.","2006-06-11","","11.79109756"
"Planta de Tratamiento de Aguas Residuales San Fernando - Cuarto de Control de Biodigestores.","2006-06-10","","7.60739024"
"Planta de Tratamiento de Aguas Residuales San Fernando - Cuarto de Control de Biodigestores.","2006-06-09","","13.36552846"
"Planta de Tratamiento de Aguas Residuales San Fernando - Cuarto de Control de Biodigestores.","2006-06-08","","7.44707317"
"Planta de Tratamiento de Aguas Residuales San Fernando - Cuarto de Control de Biodigestores.","2006-06-07","","4.4804878"
"Planta de Tratamiento de Aguas Residuales San Fernando - Cuarto de Control de Biodigestores.","2006-06-06","","12.45808943"
"Planta de Tratamiento de Aguas Residuales San Fernando - Cuarto de Control de Biodigestores.","2006-06-05","","8.49407317"
"Planta de Tratamiento de Aguas Residuales San Fernando - Cuarto de Control de Biodigestores.","2006-06-04","","6.87642276"
"Planta de Tratamiento de Aguas Residuales San Fernando - Cuarto de Control de Biodigestores.","2006-06-03","","11.59691057"
"Planta de Tratamiento de Aguas Residuales San Fernando - Cuarto de Control de Biodigestores.","2006-06-02","","7.27065854"
"Planta de Tratamiento de Aguas Residuales San Fernando - Cuarto de Control de Biodigestores.","2006-06-01","","2.91909756"
"Planta de Tratamiento de Aguas Residuales San Fernando - Cuarto de Control de Biodigestores.","2006-05-31","","17.51791057"
"Planta de Tratamiento de Aguas Residuales San Fernando - Cuarto de Control de Biodigestores.","2006-05-30","","10.81413008"
"Planta de Tratamiento de Aguas Residuales San Fernando - Cuarto de Control de Biodigestores.","2006-05-29","","8.08685366"
"Planta de Tratamiento de Aguas Residuales San Fernando - Cuarto de Control de Biodigestores.","2006-05-28","","9.44076423"
"Planta de Tratamiento de Aguas Residuales San Fernando - Cuarto de Control de Biodigestores.","2006-05-27","","9.67390244"
"Planta de Tratamiento de Aguas Residuales San Fernando - Cuarto de Control de Biodigestores.","2006-05-26","","12.87893496"
"Planta de Tratamiento de Aguas Residuales San Fernando - Cuarto de Control de Biodigestores.","2006-05-25","","10.51495122"
"Planta de Tratamiento de Aguas Residuales San Fernando - Cuarto de Control de Biodigestores.","2006-05-24","","9.25845528"
"Planta de Tratamiento de Aguas Residuales San Fernando - Cuarto de Control de Biodigestores.","2006-05-23","","7.76658537"
"Planta de Tratamiento de Aguas Residuales San Fernando - Cuarto de Control de Biodigestores.","2006-05-22","","17.81544715"
"Planta de Tratamiento de Aguas Residuales San Fernando - Cuarto de Control de Biodigestores.","2006-05-21","","10.07666667"
"Planta de Tratamiento de Aguas Residuales San Fernando - Cuarto de Control de Biodigestores.","2006-05-20","","12.76146585"
"Planta de Tratamiento de Aguas Residuales San Fernando - Cuarto de Control de Biodigestores.","2006-05-19","","4.74285821"
"Planta de Tratamiento de Aguas Residuales San Fernando - Cuarto de Control de Biodigestores.","2006-05-18","","11.59496748"
"Planta de Tratamiento de Aguas Residuales San Fernando - Cuarto de Control de Biodigestores.","2006-05-17","","5.09730081"
"Planta de Tratamiento de Aguas Residuales San Fernando - Cuarto de Control de Biodigestores.","2006-05-16","","8.08528455"
"Planta de Tratamiento de Aguas Residuales San Fernando - Cuarto de Control de Biodigestores.","2006-05-15","","9.01907317"
"Planta de Tratamiento de Aguas Residuales San Fernando - Cuarto de Control de Biodigestores.","2006-05-14","","8.90595203"
"Planta de Tratamiento de Aguas Residuales San Fernando - Cuarto de Control de Biodigestores.","2006-05-13","","8.57876423"
"Planta de Tratamiento de Aguas Residuales San Fernando - Cuarto de Control de Biodigestores.","2006-05-12","","14.20341463"
"Planta de Tratamiento de Aguas Residuales San Fernando - Cuarto de Control de Biodigestores.","2006-05-11","","9.61465041"
"Planta de Tratamiento de Aguas Residuales San Fernando - Cuarto de Control de Biodigestores.","2006-05-10","","8.75195122"
"Planta de Tratamiento de Aguas Residuales San Fernando - Cuarto de Control de Biodigestores.","2006-05-09","","7.17264797"
"Planta de Tratamiento de Aguas Residuales San Fernando - Cuarto de Control de Biodigestores.","2006-05-08","","10.80813008"
"Planta de Tratamiento de Aguas Residuales San Fernando - Cuarto de Control de Biodigestores.","2006-05-07","","10.76256911"
"Planta de Tratamiento de Aguas Residuales San Fernando - Cuarto de Control de Biodigestores.","2006-05-06","","11.53395122"
"Planta de Tratamiento de Aguas Residuales San Fernando - Cuarto de Control de Biodigestores.","2006-05-05","","13.61417967"
"Planta de Tratamiento de Aguas Residuales San Fernando - Cuarto de Control de Biodigestores.","2006-05-04","","9.3411626"
"Planta de Tratamiento de Aguas Residuales San Fernando - Cuarto de Control de Biodigestores.","2006-05-03","","18.09146341"
"Planta de Tratamiento de Aguas Residuales San Fernando - Cuarto de Control de Biodigestores.","2006-05-02","","14.95914634"
"Planta de Tratamiento de Aguas Residuales San Fernando - Cuarto de Control de Biodigestores.","2006-05-01","","12.74513821"
"Planta de Tratamiento de Aguas Residuales San Fernando - Cuarto de Control de Biodigestores.","2006-04-30","","9.13979675"
"Planta de Tratamiento de Aguas Residuales San Fernando - Cuarto de Control de Biodigestores.","2006-04-29","","13.89993171"
"Planta de Tratamiento de Aguas Residuales San Fernando - Cuarto de Control de Biodigestores.","2006-04-28","","17.2676439"
"Planta de Tratamiento de Aguas Residuales San Fernando - Cuarto de Control de Biodigestores.","2006-04-27","","16.44804228"
"Planta de Tratamiento de Aguas Residuales San Fernando - Cuarto de Control de Biodigestores.","2006-04-26","","6.05626911"
"Planta de Tratamiento de Aguas Residuales San Fernando - Cuarto de Control de Biodigestores.","2006-04-25","","11.13121951"
"Planta de Tratamiento de Aguas Residuales San Fernando - Cuarto de Control de Biodigestores.","2006-04-24","","14.5715122"
"Planta de Tratamiento de Aguas Residuales San Fernando - Cuarto de Control de Biodigestores.","2006-04-23","","15.80268293"
"Planta de Tratamiento de Aguas Residuales San Fernando - Cuarto de Control de Biodigestores.","2006-04-22","","11.33780488"
"Planta de Tratamiento de Aguas Residuales San Fernando - Cuarto de Control de Biodigestores.","2006-04-21","","15.85659805"
"Planta de Tratamiento de Aguas Residuales San Fernando - Cuarto de Control de Biodigestores.","2006-04-20","","12.28140244"
"Planta de Tratamiento de Aguas Residuales San Fernando - Cuarto de Control de Biodigestores.","2006-04-19","","11.0905935"
"Planta de Tratamiento de Aguas Residuales San Fernando - Cuarto de Control de Biodigestores.","2006-04-18","","12.0597561"
"Planta de Tratamiento de Aguas Residuales San Fernando - Cuarto de Control de Biodigestores.","2006-04-17","","15.4290813"
"Planta de Tratamiento de Aguas Residuales San Fernando - Cuarto de Control de Biodigestores.","2006-04-16","","14.12646341"
"Planta de Tratamiento de Aguas Residuales San Fernando - Cuarto de Control de Biodigestores.","2006-04-15","","19.62576504"
"Planta de Tratamiento de Aguas Residuales San Fernando - Cuarto de Control de Biodigestores.","2006-04-14","","13.17276748"
"Planta de Tratamiento de Aguas Residuales San Fernando - Cuarto de Control de Biodigestores.","2006-04-13","","12.49698374"
"Planta de Tratamiento de Aguas Residuales San Fernando - Cuarto de Control de Biodigestores.","2006-04-12","","6.17837398"
"Planta de Tratamiento de Aguas Residuales San Fernando - Cuarto de Control de Biodigestores.","2006-04-11","","18.09982927"
"Planta de Tratamiento de Aguas Residuales San Fernando - Cuarto de Control de Biodigestores.","2006-04-10","","10.75131463"
"Planta de Tratamiento de Aguas Residuales San Fernando - Cuarto de Control de Biodigestores.","2006-04-09","","14.81560163"
"Planta de Tratamiento de Aguas Residuales San Fernando - Cuarto de Control de Biodigestores.","2006-04-08","","16.56014634"
"Planta de Tratamiento de Aguas Residuales San Fernando - Cuarto de Control de Biodigestores.","2006-04-07","","16.98789593"
"Planta de Tratamiento de Aguas Residuales San Fernando - Cuarto de Control de Biodigestores.","2006-04-06","","20.59982358"
"Planta de Tratamiento de Aguas Residuales San Fernando - Cuarto de Control de Biodigestores.","2006-04-05","","12.37348756"
"Planta de Tratamiento de Aguas Residuales San Fernando - Cuarto de Control de Biodigestores.","2006-04-04","","7.24675037"
"Planta de Tratamiento de Aguas Residuales San Fernando - Cuarto de Control de Biodigestores.","2006-04-03","","16.51138211"
"Planta de Tratamiento de Aguas Residuales San Fernando - Cuarto de Control de Biodigestores.","2006-04-02","","16.3836748"
"Planta de Tratamiento de Aguas Residuales San Fernando - Cuarto de Control de Biodigestores.","2006-04-01","","18.27853659"
"Planta de Tratamiento de Aguas Residuales San Fernando - Cuarto de Control de Biodigestores.","2006-03-31","","18.10285366"
"Planta de Tratamiento de Aguas Residuales San Fernando - Cuarto de Control de Biodigestores.","2006-03-30","","21.23704244"
"Planta de Tratamiento de Aguas Residuales San Fernando - Cuarto de Control de Biodigestores.","2006-03-29","","12.74658537"
"Planta de Tratamiento de Aguas Residuales San Fernando - Cuarto de Control de Biodigestores.","2006-03-28","","18.55"
"Planta de Tratamiento de Aguas Residuales San Fernando - Cuarto de Control de Biodigestores.","2006-03-27","","9.86678049"
"Planta de Tratamiento de Aguas Residuales San Fernando - Cuarto de Control de Biodigestores.","2006-03-26","","12.05388618"
"Planta de Tratamiento de Aguas Residuales San Fernando - Cuarto de Control de Biodigestores.","2006-03-25","","11.83811382"
"Planta de Tratamiento de Aguas Residuales San Fernando - Cuarto de Control de Biodigestores.","2006-03-24","","4.69574797"
"Planta de Tratamiento de Aguas Residuales San Fernando - Cuarto de Control de Biodigestores.","2006-03-23","","18.51512033"
"Planta de Tratamiento de Aguas Residuales San Fernando - Cuarto de Control de Biodigestores.","2006-03-22","","9.02178862"
"Planta de Tratamiento de Aguas Residuales San Fernando - Cuarto de Control de Biodigestores.","2006-03-21","","11.64146341"
"Planta de Tratamiento de Aguas Residuales San Fernando - Cuarto de Control de Biodigestores.","2006-03-20","","20.03856098"
"Planta de Tratamiento de Aguas Residuales San Fernando - Cuarto de Control de Biodigestores.","2006-03-19","","16.97054472"
"Planta de Tratamiento de Aguas Residuales San Fernando - Cuarto de Control de Biodigestores.","2006-03-18","","17.36843902"
"Planta de Tratamiento de Aguas Residuales San Fernando - Cuarto de Control de Biodigestores.","2006-03-17","","25.66792683"
"Planta de Tratamiento de Aguas Residuales San Fernando - Cuarto de Control de Biodigestores.","2006-03-16","","30.77580488"
"Planta de Tratamiento de Aguas Residuales San Fernando - Cuarto de Control de Biodigestores.","2006-03-15","","23.67596748"
"Planta de Tratamiento de Aguas Residuales San Fernando - Cuarto de Control de Biodigestores.","2006-03-14","","22.37520325"
"Planta de Tratamiento de Aguas Residuales San Fernando - Cuarto de Control de Biodigestores.","2006-03-13","","17.7408813"
"Planta de Tratamiento de Aguas Residuales San Fernando - Cuarto de Control de Biodigestores.","2006-03-12","","15.11401626"
"Planta de Tratamiento de Aguas Residuales San Fernando - Cuarto de Control de Biodigestores.","2006-03-11","","13.5897561"
"Planta de Tratamiento de Aguas Residuales San Fernando - Cuarto de Control de Biodigestores.","2006-03-10","","13.53684553"
"Planta de Tratamiento de Aguas Residuales San Fernando - Cuarto de Control de Biodigestores.","2006-03-09","","12.95979675"
"Planta de Tratamiento de Aguas Residuales San Fernando - Cuarto de Control de Biodigestores.","2006-03-08","","9.86856911"
"Planta de Tratamiento de Aguas Residuales San Fernando - Cuarto de Control de Biodigestores.","2006-03-07","","18.69747967"
"Planta de Tratamiento de Aguas Residuales San Fernando - Cuarto de Control de Biodigestores.","2006-03-06","","12.37195935"
"Planta de Tratamiento de Aguas Residuales San Fernando - Cuarto de Control de Biodigestores.","2006-03-05","","20.09716667"
"Planta de Tratamiento de Aguas Residuales San Fernando - Cuarto de Control de Biodigestores.","2006-03-04","","18.95284553"
"Planta de Tratamiento de Aguas Residuales San Fernando - Cuarto de Control de Biodigestores.","2006-03-03","","17.08185528"
"Planta de Tratamiento de Aguas Residuales San Fernando - Cuarto de Control de Biodigestores.","2006-03-02","","11.43437863"
"Planta de Tratamiento de Aguas Residuales San Fernando - Cuarto de Control de Biodigestores.","2006-03-01","","19.82904065"
"Planta de Tratamiento de Aguas Residuales San Fernando - Cuarto de Control de Biodigestores.","2006-02-28","","19.48406504"
"Planta de Tratamiento de Aguas Residuales San Fernando - Cuarto de Control de Biodigestores.","2006-02-27","","11.51515285"
"Planta de Tratamiento de Aguas Residuales San Fernando - Cuarto de Control de Biodigestores.","2006-02-26","","13.58898374"
"Planta de Tratamiento de Aguas Residuales San Fernando - Cuarto de Control de Biodigestores.","2006-02-25","","23.50113008"
"Planta de Tratamiento de Aguas Residuales San Fernando - Cuarto de Control de Biodigestores.","2006-02-24","","16.98219512"
"Planta de Tratamiento de Aguas Residuales San Fernando - Cuarto de Control de Biodigestores.","2006-02-23","","10.39214634"
"Planta de Tratamiento de Aguas Residuales San Fernando - Cuarto de Control de Biodigestores.","2006-02-22","","19.97227642"
"Planta de Tratamiento de Aguas Residuales San Fernando - Cuarto de Control de Biodigestores.","2006-02-21","","24.75366667"
"Planta de Tratamiento de Aguas Residuales San Fernando - Cuarto de Control de Biodigestores.","2006-02-20","","24.40447967"
"Planta de Tratamiento de Aguas Residuales San Fernando - Cuarto de Control de Biodigestores.","2006-02-19","","19.26034146"
"Planta de Tratamiento de Aguas Residuales San Fernando - Cuarto de Control de Biodigestores.","2006-02-18","","22.38390244"
"Planta de Tratamiento de Aguas Residuales San Fernando - Cuarto de Control de Biodigestores.","2006-02-17","","13.94569106"
"Planta de Tratamiento de Aguas Residuales San Fernando - Cuarto de Control de Biodigestores.","2006-02-16","","29.04854472"
"Planta de Tratamiento de Aguas Residuales San Fernando - Cuarto de Control de Biodigestores.","2006-02-15","","22.62873984"
"Planta de Tratamiento de Aguas Residuales San Fernando - Cuarto de Control de Biodigestores.","2006-02-14","","13.88655285"
"Planta de Tratamiento de Aguas Residuales San Fernando - Cuarto de Control de Biodigestores.","2006-02-13","","12.24043902"
"Planta de Tratamiento de Aguas Residuales San Fernando - Cuarto de Control de Biodigestores.","2006-02-12","","18.05319512"
"Planta de Tratamiento de Aguas Residuales San Fernando - Cuarto de Control de Biodigestores.","2006-02-11","","26.18018699"
"Planta de Tratamiento de Aguas Residuales San Fernando - Cuarto de Control de Biodigestores.","2006-02-10","","18.15421951"
"Planta de Tratamiento de Aguas Residuales San Fernando - Cuarto de Control de Biodigestores.","2006-02-09","","17.29979675"
"Planta de Tratamiento de Aguas Residuales San Fernando - Cuarto de Control de Biodigestores.","2006-02-08","","17.97675634"
"Planta de Tratamiento de Aguas Residuales San Fernando - Cuarto de Control de Biodigestores.","2006-02-07","","9.65728455"
"Planta de Tratamiento de Aguas Residuales San Fernando - Cuarto de Control de Biodigestores.","2006-02-06","","9.70496585"
"Planta de Tratamiento de Aguas Residuales San Fernando - Cuarto de Control de Biodigestores.","2006-02-05","","12.92463415"
"Planta de Tratamiento de Aguas Residuales San Fernando - Cuarto de Control de Biodigestores.","2006-02-04","","7.07495935"
"Planta de Tratamiento de Aguas Residuales San Fernando - Cuarto de Control de Biodigestores.","2006-02-03","","8.77"
"Planta de Tratamiento de Aguas Residuales San Fernando - Cuarto de Control de Biodigestores.","2006-02-02","","15.27934959"
"Planta de Tratamiento de Aguas Residuales San Fernando - Cuarto de Control de Biodigestores.","2006-02-01","","11.71445488"
"Planta de Tratamiento de Aguas Residuales San Fernando - Cuarto de Control de Biodigestores.","2006-01-31","","12.9501626"
"Planta de Tratamiento de Aguas Residuales San Fernando - Cuarto de Control de Biodigestores.","2006-01-30","","18.4376748"
"Planta de Tratamiento de Aguas Residuales San Fernando - Cuarto de Control de Biodigestores.","2006-01-29","","18.02313821"
"Planta de Tratamiento de Aguas Residuales San Fernando - Cuarto de Control de Biodigestores.","2006-01-28","","17.2435122"
"Planta de Tratamiento de Aguas Residuales San Fernando - Cuarto de Control de Biodigestores.","2006-01-27","","2.42017886"
"Planta de Tratamiento de Aguas Residuales San Fernando - Cuarto de Control de Biodigestores.","2006-01-26","","10.74307886"
"Planta de Tratamiento de Aguas Residuales San Fernando - Cuarto de Control de Biodigestores.","2006-01-25","","9.80615447"
"Planta de Tratamiento de Aguas Residuales San Fernando - Cuarto de Control de Biodigestores.","2006-01-24","","11.20646341"
"Planta de Tratamiento de Aguas Residuales San Fernando - Cuarto de Control de Biodigestores.","2006-01-23","","13.05818699"
"Planta de Tratamiento de Aguas Residuales San Fernando - Cuarto de Control de Biodigestores.","2006-01-22","","14.78430894"
"Planta de Tratamiento de Aguas Residuales San Fernando - Cuarto de Control de Biodigestores.","2006-01-21","","14.92002439"
"Planta de Tratamiento de Aguas Residuales San Fernando - Cuarto de Control de Biodigestores.","2006-01-20","","17.24964228"
"Planta de Tratamiento de Aguas Residuales San Fernando - Cuarto de Control de Biodigestores.","2006-01-19","","15.79857162"
"Planta de Tratamiento de Aguas Residuales San Fernando - Cuarto de Control de Biodigestores.","2006-01-18","","17.21204959"
"Planta de Tratamiento de Aguas Residuales San Fernando - Cuarto de Control de Biodigestores.","2006-01-17","","19.50781565"
"Planta de Tratamiento de Aguas Residuales San Fernando - Cuarto de Control de Biodigestores.","2006-01-16","","15.85154675"
"Planta de Tratamiento de Aguas Residuales San Fernando - Cuarto de Control de Biodigestores.","2006-01-15","","11.90863028"
"Planta de Tratamiento de Aguas Residuales San Fernando - Cuarto de Control de Biodigestores.","2006-01-14","","11.86609959"
"Planta de Tratamiento de Aguas Residuales San Fernando - Cuarto de Control de Biodigestores.","2006-01-13","","15.54314187"
"Planta de Tratamiento de Aguas Residuales San Fernando - Cuarto de Control de Biodigestores.","2006-01-12","","19.86868211"
"Planta de Tratamiento de Aguas Residuales San Fernando - Cuarto de Control de Biodigestores.","2006-01-11","","14.53600041"
"Planta de Tratamiento de Aguas Residuales San Fernando - Cuarto de Control de Biodigestores.","2006-01-10","","16.62871341"
"Planta de Tratamiento de Aguas Residuales San Fernando - Cuarto de Control de Biodigestores.","2006-01-09","","17.12900407"
"Planta de Tratamiento de Aguas Residuales San Fernando - Cuarto de Control de Biodigestores.","2006-01-08","","17.68043699"
"Planta de Tratamiento de Aguas Residuales San Fernando - Cuarto de Control de Biodigestores.","2006-01-07","","7.44024598"
"Planta de Tratamiento de Aguas Residuales San Fernando - Cuarto de Control de Biodigestores.","2006-01-06","","4.1230874"
"Planta de Tratamiento de Aguas Residuales San Fernando - Cuarto de Control de Biodigestores.","2006-01-05","","5.75790569"
"Planta de Tratamiento de Aguas Residuales San Fernando - Cuarto de Control de Biodigestores.","2006-01-04","","14.51457337"
"Planta de Tratamiento de Aguas Residuales San Fernando - Cuarto de Control de Biodigestores.","2006-01-03","","17.13363415"
"Planta de Tratamiento de Aguas Residuales San Fernando - Cuarto de Control de Biodigestores.","2005-12-26","","15.35258841"
"Planta de Tratamiento de Aguas Residuales San Fernando - Cuarto de Control de Biodigestores.","2005-12-25","","7.14284756"
"Planta de Tratamiento de Aguas Residuales San Fernando - Cuarto de Control de Biodigestores.","2005-12-24","","10.44648943"
"Planta de Tratamiento de Aguas Residuales San Fernando - Cuarto de Control de Biodigestores.","2005-12-23","","10.83003232"
"Planta de Tratamiento de Aguas Residuales San Fernando - Cuarto de Control de Biodigestores.","2005-12-22","","9.57011789"
"Planta de Tratamiento de Aguas Residuales San Fernando - Cuarto de Control de Biodigestores.","2005-12-21","","12.86097764"
"Planta de Tratamiento de Aguas Residuales San Fernando - Cuarto de Control de Biodigestores.","2005-12-20","","16.75820709"
"Planta de Tratamiento de Aguas Residuales San Fernando - Cuarto de Control de Biodigestores.","2005-12-19","","8.0063252"
"Planta de Tratamiento de Aguas Residuales San Fernando - Cuarto de Control de Biodigestores.","2005-12-18","","18.48925366"
"Planta de Tratamiento de Aguas Residuales San Fernando - Cuarto de Control de Biodigestores.","2005-12-17","","17.51262398"
"Planta de Tratamiento de Aguas Residuales San Fernando - Cuarto de Control de Biodigestores.","2005-12-16","","21.65524593"
"Planta de Tratamiento de Aguas Residuales San Fernando - Cuarto de Control de Biodigestores.","2005-12-15","","8.08303171"
"Planta de Tratamiento de Aguas Residuales San Fernando - Cuarto de Control de Biodigestores.","2005-12-14","","5.75635976"
"Planta de Tratamiento de Aguas Residuales San Fernando - Cuarto de Control de Biodigestores.","2005-12-13","","13.64873595"
"Planta de Tratamiento de Aguas Residuales San Fernando - Cuarto de Control de Biodigestores.","2005-12-12","","9.60531159"
"Planta de Tratamiento de Aguas Residuales San Fernando - Cuarto de Control de Biodigestores.","2005-12-11","","13.3345752"
"Planta de Tratamiento de Aguas Residuales San Fernando - Cuarto de Control de Biodigestores.","2005-12-10","","13.57854492"
"Planta de Tratamiento de Aguas Residuales San Fernando - Cuarto de Control de Biodigestores.","2005-12-09","","12.40525407"
"Planta de Tratamiento de Aguas Residuales San Fernando - Cuarto de Control de Biodigestores.","2005-12-08","","11.90592886"
"Planta de Tratamiento de Aguas Residuales San Fernando - Cuarto de Control de Biodigestores.","2005-12-07","","12.26318699"
"Planta de Tratamiento de Aguas Residuales San Fernando - Cuarto de Control de Biodigestores.","2005-12-06","","9.0106565"
"Planta de Tratamiento de Aguas Residuales San Fernando - Cuarto de Control de Biodigestores.","2005-12-05","","9.70607927"
"Planta de Tratamiento de Aguas Residuales San Fernando - Cuarto de Control de Biodigestores.","2005-12-04","","13.0448252"
"Planta de Tratamiento de Aguas Residuales San Fernando - Cuarto de Control de Biodigestores.","2005-12-03","","14.87312195"
"Planta de Tratamiento de Aguas Residuales San Fernando - Cuarto de Control de Biodigestores.","2005-12-02","","13.57267683"
"Planta de Tratamiento de Aguas Residuales San Fernando - Cuarto de Control de Biodigestores.","2005-12-01","","16.85481254"
"Planta de Tratamiento de Aguas Residuales San Fernando - Cuarto de Control de Biodigestores.","2005-11-30","","16.32165996"
"Planta de Tratamiento de Aguas Residuales San Fernando - Cuarto de Control de Biodigestores.","2005-11-29","","12.42014411"
"Planta de Tratamiento de Aguas Residuales San Fernando - Cuarto de Control de Biodigestores.","2005-11-28","","18.60223374"
"Planta de Tratamiento de Aguas Residuales San Fernando - Cuarto de Control de Biodigestores.","2005-11-27","","16.46370732"
"Planta de Tratamiento de Aguas Residuales San Fernando - Cuarto de Control de Biodigestores.","2005-11-26","","8.00121951"
"Planta de Tratamiento de Aguas Residuales San Fernando - Cuarto de Control de Biodigestores.","2005-11-25","","12.42863821"
"Planta de Tratamiento de Aguas Residuales San Fernando - Cuarto de Control de Biodigestores.","2005-11-24","","7.30316098"
"Planta de Tratamiento de Aguas Residuales San Fernando - Cuarto de Control de Biodigestores.","2005-11-23","","2.49795732"
"Planta de Tratamiento de Aguas Residuales San Fernando - Cuarto de Control de Biodigestores.","2005-11-22","","1.65872703"
"Planta de Tratamiento de Aguas Residuales San Fernando - Cuarto de Control de Biodigestores.","2005-11-21","","4.9280813"
"Planta de Tratamiento de Aguas Residuales San Fernando - Cuarto de Control de Biodigestores.","2005-11-20","","15.66641667"
"Planta de Tratamiento de Aguas Residuales San Fernando - Cuarto de Control de Biodigestores.","2005-11-19","","6.57018801"
"Planta de Tratamiento de Aguas Residuales San Fernando - Cuarto de Control de Biodigestores.","2005-11-18","","6.9715"
"Planta de Tratamiento de Aguas Residuales San Fernando - Cuarto de Control de Biodigestores.","2005-11-17","","13.57900813"
"Planta de Tratamiento de Aguas Residuales San Fernando - Cuarto de Control de Biodigestores.","2005-11-16","","5.93328821"
"Planta de Tratamiento de Aguas Residuales San Fernando - Cuarto de Control de Biodigestores.","2005-11-15","","4.65551809"
"Planta de Tratamiento de Aguas Residuales San Fernando - Cuarto de Control de Biodigestores.","2005-11-14","","2.73409959"
"Planta de Tratamiento de Aguas Residuales San Fernando - Cuarto de Control de Biodigestores.","2005-11-13","","6.24668293"
"Planta de Tratamiento de Aguas Residuales San Fernando - Cuarto de Control de Biodigestores.","2005-11-12","","4.20121911"
"Planta de Tratamiento de Aguas Residuales San Fernando - Cuarto de Control de Biodigestores.","2005-11-11","","6.89651301"
"Planta de Tratamiento de Aguas Residuales San Fernando - Cuarto de Control de Biodigestores.","2005-11-10","","14.51222175"
"Planta de Tratamiento de Aguas Residuales San Fernando - Cuarto de Control de Biodigestores.","2005-11-09","","26.37599338"
"Planta de Tratamiento de Aguas Residuales San Fernando - Cuarto de Control de Biodigestores.","2005-07-25","","6.95771122"
"Planta de Tratamiento de Aguas Residuales San Fernando - Cuarto de Control de Biodigestores.","2005-07-24","","13.28747764"
"Planta de Tratamiento de Aguas Residuales San Fernando - Cuarto de Control de Biodigestores.","2005-07-23","","12.52261484"
"Planta de Tratamiento de Aguas Residuales San Fernando - Cuarto de Control de Biodigestores.","2005-07-22","","13.6186935"
"Planta de Tratamiento de Aguas Residuales San Fernando - Cuarto de Control de Biodigestores.","2005-07-21","","9.79560142"
"Planta de Tratamiento de Aguas Residuales San Fernando - Cuarto de Control de Biodigestores.","2005-07-20","","12.47771083"
"Planta de Tratamiento de Aguas Residuales San Fernando - Cuarto de Control de Biodigestores.","2005-07-19","","10.97236992"
"Planta de Tratamiento de Aguas Residuales San Fernando - Cuarto de Control de Biodigestores.","2005-07-18","","18.14685949"
"Planta de Tratamiento de Aguas Residuales San Fernando - Cuarto de Control de Biodigestores.","2005-07-17","","13.0918252"
"Planta de Tratamiento de Aguas Residuales San Fernando - Cuarto de Control de Biodigestores.","2005-07-16","","14.11520041"
"Planta de Tratamiento de Aguas Residuales San Fernando - Cuarto de Control de Biodigestores.","2005-07-15","","11.10118089"
"Planta de Tratamiento de Aguas Residuales San Fernando - Cuarto de Control de Biodigestores.","2005-07-14","","3.8609937"
"Planta de Tratamiento de Aguas Residuales San Fernando - Cuarto de Control de Biodigestores.","2005-07-13","","13.67679157"
"Planta de Tratamiento de Aguas Residuales San Fernando - Cuarto de Control de Biodigestores.","2005-07-12","","12.18050449"
"Planta de Tratamiento de Aguas Residuales San Fernando - Cuarto de Control de Biodigestores.","2005-07-11","","27.22544657"
"Planta de Tratamiento de Aguas Residuales San Fernando - Cuarto de Control de Biodigestores.","2005-07-10","","13.41086317"
