"Estacion","Fecha inicial","Fecha final","PLiquida"
"MEDELLIN -TANQUE MIRAFLORES","2025-10-31","","0.03347826"
"MEDELLIN -TANQUE MIRAFLORES","2025-10-30","","0.00833333"
"MEDELLIN -TANQUE MIRAFLORES","2025-10-29","","0.0"
"MEDELLIN -TANQUE MIRAFLORES","2025-10-28","","0.03666667"
"MEDELLIN -TANQUE MIRAFLORES","2025-10-27","","0.18041667"
"MEDELLIN -TANQUE MIRAFLORES","2025-10-26","","0.06458333"
"MEDELLIN -TANQUE MIRAFLORES","2025-10-25","","0.12416667"
"MEDELLIN -TANQUE MIRAFLORES","2025-10-24","","0.13708333"
"MEDELLIN -TANQUE MIRAFLORES","2025-10-23","","0.06166667"
"MEDELLIN -TANQUE MIRAFLORES","2025-10-22","","0.16333333"
"MEDELLIN -TANQUE MIRAFLORES","2025-10-21","","0.01875"
"MEDELLIN -TANQUE MIRAFLORES","2025-10-20","","0.19458333"
"MEDELLIN -TANQUE MIRAFLORES","2025-10-19","","0.00916667"
"MEDELLIN -TANQUE MIRAFLORES","2025-10-18","","0.0025"
"MEDELLIN -TANQUE MIRAFLORES","2025-10-17","","0.03041667"
"MEDELLIN -TANQUE MIRAFLORES","2025-10-16","","0.00833333"
"MEDELLIN -TANQUE MIRAFLORES","2025-10-15","","0.16375"
"MEDELLIN -TANQUE MIRAFLORES","2025-10-14","","0.0"
"MEDELLIN -TANQUE MIRAFLORES","2025-10-13","","0.0"
"MEDELLIN -TANQUE MIRAFLORES","2025-10-12","","0.0"
"MEDELLIN -TANQUE MIRAFLORES","2025-10-11","","0.17458333"
"MEDELLIN -TANQUE MIRAFLORES","2025-10-10","","0.08625"
"MEDELLIN -TANQUE MIRAFLORES","2025-10-09","","0.05041667"
"MEDELLIN -TANQUE MIRAFLORES","2025-10-08","","0.03875"
"MEDELLIN -TANQUE MIRAFLORES","2025-10-07","","0.01333333"
"MEDELLIN -TANQUE MIRAFLORES","2025-10-06","","0.02916667"
"MEDELLIN -TANQUE MIRAFLORES","2025-10-05","","0.06458333"
"MEDELLIN -TANQUE MIRAFLORES","2025-10-04","","0.04666667"
"MEDELLIN -TANQUE MIRAFLORES","2025-10-03","","0.02583333"
"MEDELLIN -TANQUE MIRAFLORES","2025-10-02","","0.00375"
"MEDELLIN -TANQUE MIRAFLORES","2025-10-01","","0.11041667"
"MEDELLIN -TANQUE MIRAFLORES","2025-09-30","","0.0"
"MEDELLIN -TANQUE MIRAFLORES","2025-09-29","","0.0"
"MEDELLIN -TANQUE MIRAFLORES","2025-09-28","","0.0"
"MEDELLIN -TANQUE MIRAFLORES","2025-09-27","","0.0"
"MEDELLIN -TANQUE MIRAFLORES","2025-09-26","","0.0"
"MEDELLIN -TANQUE MIRAFLORES","2025-09-25","","0.0"
"MEDELLIN -TANQUE MIRAFLORES","2025-09-24","","0.00333333"
"MEDELLIN -TANQUE MIRAFLORES","2025-09-23","","0.01125"
"MEDELLIN -TANQUE MIRAFLORES","2025-09-22","","0.0025"
"MEDELLIN -TANQUE MIRAFLORES","2025-09-21","","0.0"
"MEDELLIN -TANQUE MIRAFLORES","2025-09-20","","0.00375"
"MEDELLIN -TANQUE MIRAFLORES","2025-09-19","","0.01041667"
"MEDELLIN -TANQUE MIRAFLORES","2025-09-18","","0.08625"
"MEDELLIN -TANQUE MIRAFLORES","2025-09-17","","0.10083333"
"MEDELLIN -TANQUE MIRAFLORES","2025-09-16","","4.1667E-4"
"MEDELLIN -TANQUE MIRAFLORES","2025-09-15","","0.00666667"
"MEDELLIN -TANQUE MIRAFLORES","2025-09-14","","0.00166667"
"MEDELLIN -TANQUE MIRAFLORES","2025-09-13","","4.1667E-4"
"MEDELLIN -TANQUE MIRAFLORES","2025-09-12","","0.0"
"MEDELLIN -TANQUE MIRAFLORES","2025-09-11","","0.01708333"
"MEDELLIN -TANQUE MIRAFLORES","2025-09-10","","0.00125"
"MEDELLIN -TANQUE MIRAFLORES","2025-09-09","","0.04041667"
"MEDELLIN -TANQUE MIRAFLORES","2025-09-08","","0.02041667"
"MEDELLIN -TANQUE MIRAFLORES","2025-09-07","","0.21791667"
"MEDELLIN -TANQUE MIRAFLORES","2025-09-06","","0.15916667"
"MEDELLIN -TANQUE MIRAFLORES","2025-09-05","","0.00375"
"MEDELLIN -TANQUE MIRAFLORES","2025-09-04","","0.04458333"
"MEDELLIN -TANQUE MIRAFLORES","2025-09-03","","0.15166667"
"MEDELLIN -TANQUE MIRAFLORES","2025-09-02","","0.03416667"
"MEDELLIN -TANQUE MIRAFLORES","2025-09-01","","0.12166667"
"MEDELLIN -TANQUE MIRAFLORES","2025-08-31","","0.01608696"
"MEDELLIN -TANQUE MIRAFLORES","2025-08-30","","0.02833333"
"MEDELLIN -TANQUE MIRAFLORES","2025-08-29","","0.0125"
"MEDELLIN -TANQUE MIRAFLORES","2025-08-28","","0.02333333"
"MEDELLIN -TANQUE MIRAFLORES","2025-08-27","","0.00666667"
"MEDELLIN -TANQUE MIRAFLORES","2025-08-26","","0.00416667"
"MEDELLIN -TANQUE MIRAFLORES","2025-08-25","","0.00958333"
"MEDELLIN -TANQUE MIRAFLORES","2025-08-24","","0.00458333"
"MEDELLIN -TANQUE MIRAFLORES","2025-08-23","","0.03291667"
"MEDELLIN -TANQUE MIRAFLORES","2025-08-22","","0.1225"
"MEDELLIN -TANQUE MIRAFLORES","2025-08-21","","0.19375"
"MEDELLIN -TANQUE MIRAFLORES","2025-08-20","","0.0225"
"MEDELLIN -TANQUE MIRAFLORES","2025-08-19","","0.00208333"
"MEDELLIN -TANQUE MIRAFLORES","2025-08-18","","0.15666667"
"MEDELLIN -TANQUE MIRAFLORES","2025-08-17","","0.14333333"
"MEDELLIN -TANQUE MIRAFLORES","2025-08-16","","0.115"
"MEDELLIN -TANQUE MIRAFLORES","2025-08-15","","0.15541667"
"MEDELLIN -TANQUE MIRAFLORES","2025-08-14","","0.07125"
"MEDELLIN -TANQUE MIRAFLORES","2025-08-13","","0.02"
"MEDELLIN -TANQUE MIRAFLORES","2025-08-12","","0.0"
"MEDELLIN -TANQUE MIRAFLORES","2025-08-11","","0.17875"
"MEDELLIN -TANQUE MIRAFLORES","2025-08-10","","0.15666667"
"MEDELLIN -TANQUE MIRAFLORES","2025-08-09","","0.04291667"
"MEDELLIN -TANQUE MIRAFLORES","2025-08-08","","0.07375"
"MEDELLIN -TANQUE MIRAFLORES","2025-08-07","","0.12416667"
"MEDELLIN -TANQUE MIRAFLORES","2025-08-06","","0.00208333"
"MEDELLIN -TANQUE MIRAFLORES","2025-08-05","","4.1667E-4"
"MEDELLIN -TANQUE MIRAFLORES","2025-08-04","","0.0"
"MEDELLIN -TANQUE MIRAFLORES","2025-08-03","","0.01125"
"MEDELLIN -TANQUE MIRAFLORES","2025-08-02","","0.00958333"
"MEDELLIN -TANQUE MIRAFLORES","2025-08-01","","0.01458333"
"MEDELLIN -TANQUE MIRAFLORES","2025-07-31","","0.0"
"MEDELLIN -TANQUE MIRAFLORES","2025-07-30","","0.07708333"
"MEDELLIN -TANQUE MIRAFLORES","2025-07-29","","0.03791667"
"MEDELLIN -TANQUE MIRAFLORES","2025-07-28","","0.07791667"
"MEDELLIN -TANQUE MIRAFLORES","2025-07-27","","0.02208333"
"MEDELLIN -TANQUE MIRAFLORES","2025-07-26","","0.20291667"
"MEDELLIN -TANQUE MIRAFLORES","2025-07-25","","0.025"
"MEDELLIN -TANQUE MIRAFLORES","2025-07-24","","0.0"
"MEDELLIN -TANQUE MIRAFLORES","2025-07-23","","0.0"
"MEDELLIN -TANQUE MIRAFLORES","2025-07-22","","0.0025"
"MEDELLIN -TANQUE MIRAFLORES","2025-07-21","","0.00791667"
"MEDELLIN -TANQUE MIRAFLORES","2025-07-20","","0.0"
"MEDELLIN -TANQUE MIRAFLORES","2025-07-19","","0.00333333"
"MEDELLIN -TANQUE MIRAFLORES","2025-07-18","","0.00583333"
"MEDELLIN -TANQUE MIRAFLORES","2025-07-17","","0.00875"
"MEDELLIN -TANQUE MIRAFLORES","2025-07-16","","4.1667E-4"
"MEDELLIN -TANQUE MIRAFLORES","2025-07-15","","4.1667E-4"
"MEDELLIN -TANQUE MIRAFLORES","2025-07-14","","0.00791667"
"MEDELLIN -TANQUE MIRAFLORES","2025-07-13","","0.0"
"MEDELLIN -TANQUE MIRAFLORES","2025-07-12","","0.00833333"
"MEDELLIN -TANQUE MIRAFLORES","2025-07-11","","0.01833333"
"MEDELLIN -TANQUE MIRAFLORES","2025-07-10","","8.3333E-4"
"MEDELLIN -TANQUE MIRAFLORES","2025-07-09","","0.03875"
"MEDELLIN -TANQUE MIRAFLORES","2025-07-08","","0.0"
"MEDELLIN -TANQUE MIRAFLORES","2025-07-07","","0.02375"
"MEDELLIN -TANQUE MIRAFLORES","2025-07-06","","0.0"
"MEDELLIN -TANQUE MIRAFLORES","2025-07-05","","0.0"
"MEDELLIN -TANQUE MIRAFLORES","2025-07-04","","0.03"
"MEDELLIN -TANQUE MIRAFLORES","2025-07-03","","0.02875"
"MEDELLIN -TANQUE MIRAFLORES","2025-07-02","","0.00291667"
"MEDELLIN -TANQUE MIRAFLORES","2025-07-01","","0.0"
"MEDELLIN -TANQUE MIRAFLORES","2025-06-30","","0.0"
"MEDELLIN -TANQUE MIRAFLORES","2025-06-29","","0.0"
"MEDELLIN -TANQUE MIRAFLORES","2025-06-28","","0.03416667"
"MEDELLIN -TANQUE MIRAFLORES","2025-06-27","","0.09541667"
"MEDELLIN -TANQUE MIRAFLORES","2025-06-26","","0.01833333"
"MEDELLIN -TANQUE MIRAFLORES","2025-06-25","","0.015"
"MEDELLIN -TANQUE MIRAFLORES","2025-06-24","","0.12125"
"MEDELLIN -TANQUE MIRAFLORES","2025-06-23","","0.45375"
"MEDELLIN -TANQUE MIRAFLORES","2025-06-22","","0.39666667"
"MEDELLIN -TANQUE MIRAFLORES","2025-06-21","","0.01125"
"MEDELLIN -TANQUE MIRAFLORES","2025-06-20","","0.01583333"
"MEDELLIN -TANQUE MIRAFLORES","2025-06-19","","0.00166667"
"MEDELLIN -TANQUE MIRAFLORES","2025-06-18","","0.02583333"
"MEDELLIN -TANQUE MIRAFLORES","2025-06-17","","0.33"
"MEDELLIN -TANQUE MIRAFLORES","2025-05-28","","0.082"
"MEDELLIN -TANQUE MIRAFLORES","2025-05-27","","0.17125"
"MEDELLIN -TANQUE MIRAFLORES","2025-05-26","","0.00208333"
"MEDELLIN -TANQUE MIRAFLORES","2025-05-25","","0.0"
"MEDELLIN -TANQUE MIRAFLORES","2025-05-24","","0.02666667"
"MEDELLIN -TANQUE MIRAFLORES","2025-05-23","","0.02916667"
"MEDELLIN -TANQUE MIRAFLORES","2025-05-22","","0.05541667"
"MEDELLIN -TANQUE MIRAFLORES","2025-05-21","","0.09208333"
"MEDELLIN -TANQUE MIRAFLORES","2025-05-20","","0.21416667"
"MEDELLIN -TANQUE MIRAFLORES","2025-05-19","","0.27541667"
"MEDELLIN -TANQUE MIRAFLORES","2025-05-18","","0.11083333"
"MEDELLIN -TANQUE MIRAFLORES","2025-05-17","","0.26291667"
"MEDELLIN -TANQUE MIRAFLORES","2025-05-16","","0.10458333"
"MEDELLIN -TANQUE MIRAFLORES","2025-05-15","","0.19333333"
"MEDELLIN -TANQUE MIRAFLORES","2025-05-14","","0.01916667"
"MEDELLIN -TANQUE MIRAFLORES","2025-05-13","","0.00208333"
"MEDELLIN -TANQUE MIRAFLORES","2025-05-12","","0.00208333"
"MEDELLIN -TANQUE MIRAFLORES","2025-05-11","","0.0"
"MEDELLIN -TANQUE MIRAFLORES","2025-05-10","","0.0"
"MEDELLIN -TANQUE MIRAFLORES","2025-05-09","","0.0025"
"MEDELLIN -TANQUE MIRAFLORES","2025-05-08","","0.23625"
"MEDELLIN -TANQUE MIRAFLORES","2025-05-07","","0.12541667"
"MEDELLIN -TANQUE MIRAFLORES","2025-05-06","","0.27333333"
"MEDELLIN -TANQUE MIRAFLORES","2025-05-05","","0.47666667"
"MEDELLIN -TANQUE MIRAFLORES","2025-05-04","","0.19208333"
"MEDELLIN -TANQUE MIRAFLORES","2025-05-03","","0.04"
"MEDELLIN -TANQUE MIRAFLORES","2025-05-02","","0.08708333"
"MEDELLIN -TANQUE MIRAFLORES","2025-05-01","","0.07208333"
"MEDELLIN -TANQUE MIRAFLORES","2025-04-30","","0.19869565"
"MEDELLIN -TANQUE MIRAFLORES","2025-04-29","","0.34208333"
"MEDELLIN -TANQUE MIRAFLORES","2025-04-28","","0.21916667"
"MEDELLIN -TANQUE MIRAFLORES","2025-04-27","","0.15333333"
"MEDELLIN -TANQUE MIRAFLORES","2025-04-26","","0.15916667"
"MEDELLIN -TANQUE MIRAFLORES","2025-04-25","","0.10583333"
"MEDELLIN -TANQUE MIRAFLORES","2025-04-24","","0.33291667"
"MEDELLIN -TANQUE MIRAFLORES","2025-04-23","","0.00458333"
"MEDELLIN -TANQUE MIRAFLORES","2025-04-22","","0.10833333"
"MEDELLIN -TANQUE MIRAFLORES","2025-04-21","","0.00333333"
"MEDELLIN -TANQUE MIRAFLORES","2025-04-20","","0.01875"
"MEDELLIN -TANQUE MIRAFLORES","2025-04-19","","0.03666667"
"MEDELLIN -TANQUE MIRAFLORES","2025-04-18","","0.01"
"MEDELLIN -TANQUE MIRAFLORES","2025-04-17","","0.06291667"
"MEDELLIN -TANQUE MIRAFLORES","2025-04-16","","0.0"
"MEDELLIN -TANQUE MIRAFLORES","2025-04-15","","0.0"
"MEDELLIN -TANQUE MIRAFLORES","2025-04-14","","0.08583333"
"MEDELLIN -TANQUE MIRAFLORES","2025-04-13","","0.01333333"
"MEDELLIN -TANQUE MIRAFLORES","2025-04-12","","0.10166667"
"MEDELLIN -TANQUE MIRAFLORES","2025-04-11","","0.1675"
"MEDELLIN -TANQUE MIRAFLORES","2025-04-10","","0.43583333"
"MEDELLIN -TANQUE MIRAFLORES","2025-04-09","","0.08166667"
"MEDELLIN -TANQUE MIRAFLORES","2025-04-08","","0.01625"
"MEDELLIN -TANQUE MIRAFLORES","2025-04-07","","0.15625"
"MEDELLIN -TANQUE MIRAFLORES","2025-04-06","","0.12041667"
"MEDELLIN -TANQUE MIRAFLORES","2025-04-05","","0.01541667"
"MEDELLIN -TANQUE MIRAFLORES","2025-04-04","","0.38833333"
"MEDELLIN -TANQUE MIRAFLORES","2025-04-03","","0.14916667"
"MEDELLIN -TANQUE MIRAFLORES","2025-04-02","","0.08291667"
"MEDELLIN -TANQUE MIRAFLORES","2025-04-01","","0.09583333"
"MEDELLIN -TANQUE MIRAFLORES","2025-03-31","","0.01478261"
"MEDELLIN -TANQUE MIRAFLORES","2025-03-30","","0.10458333"
"MEDELLIN -TANQUE MIRAFLORES","2025-03-29","","0.03083333"
"MEDELLIN -TANQUE MIRAFLORES","2025-03-28","","0.08125"
"MEDELLIN -TANQUE MIRAFLORES","2025-03-27","","0.24875"
"MEDELLIN -TANQUE MIRAFLORES","2025-03-26","","0.0"
"MEDELLIN -TANQUE MIRAFLORES","2025-03-25","","0.0125"
"MEDELLIN -TANQUE MIRAFLORES","2025-03-24","","0.0"
"MEDELLIN -TANQUE MIRAFLORES","2025-03-23","","0.0"
"MEDELLIN -TANQUE MIRAFLORES","2025-03-22","","0.02"
"MEDELLIN -TANQUE MIRAFLORES","2025-03-21","","0.0725"
"MEDELLIN -TANQUE MIRAFLORES","2025-03-20","","0.03625"
"MEDELLIN -TANQUE MIRAFLORES","2025-03-19","","0.0"
"MEDELLIN -TANQUE MIRAFLORES","2025-03-18","","0.01458333"
"MEDELLIN -TANQUE MIRAFLORES","2025-03-17","","0.07083333"
"MEDELLIN -TANQUE MIRAFLORES","2025-03-16","","0.20458333"
"MEDELLIN -TANQUE MIRAFLORES","2025-03-15","","0.0025"
"MEDELLIN -TANQUE MIRAFLORES","2025-03-14","","0.09833333"
"MEDELLIN -TANQUE MIRAFLORES","2025-03-13","","0.15916667"
"MEDELLIN -TANQUE MIRAFLORES","2025-03-12","","0.0"
"MEDELLIN -TANQUE MIRAFLORES","2025-03-11","","0.075"
"MEDELLIN -TANQUE MIRAFLORES","2025-03-10","","0.0"
"MEDELLIN -TANQUE MIRAFLORES","2025-03-09","","0.0"
"MEDELLIN -TANQUE MIRAFLORES","2025-03-08","","0.0"
"MEDELLIN -TANQUE MIRAFLORES","2025-03-07","","0.00125"
"MEDELLIN -TANQUE MIRAFLORES","2025-03-06","","0.02666667"
"MEDELLIN -TANQUE MIRAFLORES","2025-03-05","","0.065"
"MEDELLIN -TANQUE MIRAFLORES","2025-03-04","","0.10833333"
"MEDELLIN -TANQUE MIRAFLORES","2025-03-03","","0.04125"
"MEDELLIN -TANQUE MIRAFLORES","2025-03-02","","0.00583333"
"MEDELLIN -TANQUE MIRAFLORES","2025-03-01","","0.00833333"
"MEDELLIN -TANQUE MIRAFLORES","2025-02-28","","0.11173913"
"MEDELLIN -TANQUE MIRAFLORES","2025-02-27","","0.00291667"
"MEDELLIN -TANQUE MIRAFLORES","2025-02-26","","0.0"
"MEDELLIN -TANQUE MIRAFLORES","2025-02-25","","0.07041667"
"MEDELLIN -TANQUE MIRAFLORES","2025-02-24","","0.21583333"
"MEDELLIN -TANQUE MIRAFLORES","2025-02-23","","0.01833333"
"MEDELLIN -TANQUE MIRAFLORES","2025-02-22","","0.06333333"
"MEDELLIN -TANQUE MIRAFLORES","2025-02-21","","0.05916667"
"MEDELLIN -TANQUE MIRAFLORES","2025-02-20","","0.01833333"
"MEDELLIN -TANQUE MIRAFLORES","2025-02-19","","0.03625"
"MEDELLIN -TANQUE MIRAFLORES","2025-02-18","","0.05625"
"MEDELLIN -TANQUE MIRAFLORES","2025-02-17","","0.14791667"
"MEDELLIN -TANQUE MIRAFLORES","2025-02-16","","0.25791667"
"MEDELLIN -TANQUE MIRAFLORES","2025-02-15","","0.11291667"
"MEDELLIN -TANQUE MIRAFLORES","2025-02-14","","0.04"
"MEDELLIN -TANQUE MIRAFLORES","2025-02-13","","0.12190476"
"MEDELLIN -TANQUE MIRAFLORES","2025-02-12","","0.16958333"
"MEDELLIN -TANQUE MIRAFLORES","2025-02-11","","0.10142857"
"MEDELLIN -TANQUE MIRAFLORES","2025-02-10","","0.08583333"
"MEDELLIN -TANQUE MIRAFLORES","2025-02-09","","0.05375"
"MEDELLIN -TANQUE MIRAFLORES","2025-02-08","","0.11708333"
"MEDELLIN -TANQUE MIRAFLORES","2025-02-07","","0.08166667"
"MEDELLIN -TANQUE MIRAFLORES","2025-02-06","","0.00833333"
"MEDELLIN -TANQUE MIRAFLORES","2025-02-05","","0.09583333"
"MEDELLIN -TANQUE MIRAFLORES","2025-02-04","","0.21125"
"MEDELLIN -TANQUE MIRAFLORES","2025-02-03","","0.0075"
"MEDELLIN -TANQUE MIRAFLORES","2025-02-02","","0.00416667"
"MEDELLIN -TANQUE MIRAFLORES","2025-02-01","","0.0"
"MEDELLIN -TANQUE MIRAFLORES","2025-01-31","","0.00217391"
"MEDELLIN -TANQUE MIRAFLORES","2025-01-30","","0.13708333"
"MEDELLIN -TANQUE MIRAFLORES","2025-01-29","","0.00208333"
"MEDELLIN -TANQUE MIRAFLORES","2025-01-28","","0.0"
"MEDELLIN -TANQUE MIRAFLORES","2025-01-27","","0.0"
"MEDELLIN -TANQUE MIRAFLORES","2025-01-26","","0.03583333"
"MEDELLIN -TANQUE MIRAFLORES","2025-01-25","","0.03166667"
"MEDELLIN -TANQUE MIRAFLORES","2025-01-24","","0.0"
"MEDELLIN -TANQUE MIRAFLORES","2025-01-23","","0.0"
"MEDELLIN -TANQUE MIRAFLORES","2025-01-22","","0.0"
"MEDELLIN -TANQUE MIRAFLORES","2025-01-21","","8.3333E-4"
"MEDELLIN -TANQUE MIRAFLORES","2025-01-20","","0.0"
"MEDELLIN -TANQUE MIRAFLORES","2025-01-19","","0.00208333"
"MEDELLIN -TANQUE MIRAFLORES","2025-01-18","","0.0"
"MEDELLIN -TANQUE MIRAFLORES","2025-01-17","","0.0"
"MEDELLIN -TANQUE MIRAFLORES","2025-01-16","","8.3333E-4"
"MEDELLIN -TANQUE MIRAFLORES","2025-01-15","","0.0"
"MEDELLIN -TANQUE MIRAFLORES","2025-01-14","","0.0"
"MEDELLIN -TANQUE MIRAFLORES","2025-01-13","","0.0"
"MEDELLIN -TANQUE MIRAFLORES","2025-01-12","","0.0"
"MEDELLIN -TANQUE MIRAFLORES","2025-01-11","","8.3333E-4"
"MEDELLIN -TANQUE MIRAFLORES","2025-01-10","","0.0"
"MEDELLIN -TANQUE MIRAFLORES","2025-01-09","","0.03125"
"MEDELLIN -TANQUE MIRAFLORES","2025-01-08","","0.0"
"MEDELLIN -TANQUE MIRAFLORES","2025-01-07","","0.05583333"
"MEDELLIN -TANQUE MIRAFLORES","2025-01-06","","0.0"
"MEDELLIN -TANQUE MIRAFLORES","2025-01-05","","0.09708333"
"MEDELLIN -TANQUE MIRAFLORES","2025-01-04","","0.23208333"
"MEDELLIN -TANQUE MIRAFLORES","2025-01-03","","0.09083333"
"MEDELLIN -TANQUE MIRAFLORES","2025-01-02","","0.0375"
"MEDELLIN -TANQUE MIRAFLORES","2025-01-01","","0.0"
"MEDELLIN -TANQUE MIRAFLORES","2024-12-31","","0.0"
"MEDELLIN -TANQUE MIRAFLORES","2024-12-30","","0.10125"
"MEDELLIN -TANQUE MIRAFLORES","2024-12-29","","0.0"
"MEDELLIN -TANQUE MIRAFLORES","2024-12-28","","0.01708333"
"MEDELLIN -TANQUE MIRAFLORES","2024-12-27","","0.0425"
"MEDELLIN -TANQUE MIRAFLORES","2024-12-26","","0.14083333"
"MEDELLIN -TANQUE MIRAFLORES","2024-12-25","","0.05125"
"MEDELLIN -TANQUE MIRAFLORES","2024-12-24","","0.08708333"
"MEDELLIN -TANQUE MIRAFLORES","2024-12-23","","0.10666667"
"MEDELLIN -TANQUE MIRAFLORES","2024-12-22","","0.02875"
"MEDELLIN -TANQUE MIRAFLORES","2024-12-21","","0.07958333"
"MEDELLIN -TANQUE MIRAFLORES","2024-12-20","","0.0"
"MEDELLIN -TANQUE MIRAFLORES","2024-12-19","","0.04041667"
"MEDELLIN -TANQUE MIRAFLORES","2024-12-18","","0.0"
"MEDELLIN -TANQUE MIRAFLORES","2024-12-17","","0.00208333"
"MEDELLIN -TANQUE MIRAFLORES","2024-12-16","","0.00375"
"MEDELLIN -TANQUE MIRAFLORES","2024-12-15","","0.47333333"
"MEDELLIN -TANQUE MIRAFLORES","2024-12-14","","0.09375"
"MEDELLIN -TANQUE MIRAFLORES","2024-12-13","","0.0"
"MEDELLIN -TANQUE MIRAFLORES","2024-12-12","","0.0"
"MEDELLIN -TANQUE MIRAFLORES","2024-12-11","","0.0"
"MEDELLIN -TANQUE MIRAFLORES","2024-12-10","","0.02208333"
"MEDELLIN -TANQUE MIRAFLORES","2024-12-09","","0.0"
"MEDELLIN -TANQUE MIRAFLORES","2024-12-08","","0.0"
"MEDELLIN -TANQUE MIRAFLORES","2024-12-07","","0.0"
"MEDELLIN -TANQUE MIRAFLORES","2024-12-06","","0.0"
"MEDELLIN -TANQUE MIRAFLORES","2024-12-05","","0.01208333"
"MEDELLIN -TANQUE MIRAFLORES","2024-12-04","","0.0"
"MEDELLIN -TANQUE MIRAFLORES","2024-12-03","","0.00208333"
"MEDELLIN -TANQUE MIRAFLORES","2024-12-02","","0.00291667"
"MEDELLIN -TANQUE MIRAFLORES","2024-12-01","","0.00291667"
"MEDELLIN -TANQUE MIRAFLORES","2024-11-30","","0.0"
"MEDELLIN -TANQUE MIRAFLORES","2024-11-29","","0.03416667"
"MEDELLIN -TANQUE MIRAFLORES","2024-11-28","","0.0"
"MEDELLIN -TANQUE MIRAFLORES","2024-11-27","","0.1225"
"MEDELLIN -TANQUE MIRAFLORES","2024-11-26","","8.3333E-4"
"MEDELLIN -TANQUE MIRAFLORES","2024-11-25","","0.0075"
"MEDELLIN -TANQUE MIRAFLORES","2024-11-24","","0.00375"
"MEDELLIN -TANQUE MIRAFLORES","2024-11-23","","0.14125"
"MEDELLIN -TANQUE MIRAFLORES","2024-11-22","","0.19"
"MEDELLIN -TANQUE MIRAFLORES","2024-11-21","","0.0675"
"MEDELLIN -TANQUE MIRAFLORES","2024-11-20","","0.17708333"
"MEDELLIN -TANQUE MIRAFLORES","2024-11-19","","0.07916667"
"MEDELLIN -TANQUE MIRAFLORES","2024-11-18","","0.05583333"
"MEDELLIN -TANQUE MIRAFLORES","2024-11-17","","0.02541667"
"MEDELLIN -TANQUE MIRAFLORES","2024-11-16","","0.0275"
"MEDELLIN -TANQUE MIRAFLORES","2024-11-15","","0.06416667"
"MEDELLIN -TANQUE MIRAFLORES","2024-11-14","","0.10041667"
"MEDELLIN -TANQUE MIRAFLORES","2024-11-13","","0.01708333"
"MEDELLIN -TANQUE MIRAFLORES","2024-11-12","","0.06166667"
"MEDELLIN -TANQUE MIRAFLORES","2024-11-11","","0.23458333"
"MEDELLIN -TANQUE MIRAFLORES","2024-11-10","","0.06875"
"MEDELLIN -TANQUE MIRAFLORES","2024-11-09","","0.14166667"
"MEDELLIN -TANQUE MIRAFLORES","2024-11-08","","0.215"
"MEDELLIN -TANQUE MIRAFLORES","2024-11-07","","0.17458333"
"MEDELLIN -TANQUE MIRAFLORES","2024-11-06","","0.0"
"MEDELLIN -TANQUE MIRAFLORES","2024-11-05","","0.02416667"
"MEDELLIN -TANQUE MIRAFLORES","2024-11-04","","0.16"
"MEDELLIN -TANQUE MIRAFLORES","2024-11-03","","0.12416667"
"MEDELLIN -TANQUE MIRAFLORES","2024-11-02","","0.0"
"MEDELLIN -TANQUE MIRAFLORES","2024-11-01","","0.13083333"
"MEDELLIN -TANQUE MIRAFLORES","2024-10-31","","0.00478261"
"MEDELLIN -TANQUE MIRAFLORES","2024-10-30","","0.16958333"
"MEDELLIN -TANQUE MIRAFLORES","2024-10-29","","0.0"
"MEDELLIN -TANQUE MIRAFLORES","2024-10-28","","0.0"
"MEDELLIN -TANQUE MIRAFLORES","2024-10-27","","0.00708333"
"MEDELLIN -TANQUE MIRAFLORES","2024-10-26","","0.01125"
"MEDELLIN -TANQUE MIRAFLORES","2024-10-25","","0.02041667"
"MEDELLIN -TANQUE MIRAFLORES","2024-10-24","","0.05625"
"MEDELLIN -TANQUE MIRAFLORES","2024-10-23","","0.00875"
"MEDELLIN -TANQUE MIRAFLORES","2024-10-22","","0.08833333"
"MEDELLIN -TANQUE MIRAFLORES","2024-10-21","","0.22166667"
"MEDELLIN -TANQUE MIRAFLORES","2024-10-20","","0.32791667"
"MEDELLIN -TANQUE MIRAFLORES","2024-10-19","","0.03666667"
"MEDELLIN -TANQUE MIRAFLORES","2024-10-18","","0.0"
"MEDELLIN -TANQUE MIRAFLORES","2024-10-17","","0.0"
"MEDELLIN -TANQUE MIRAFLORES","2024-10-16","","0.04166667"
"MEDELLIN -TANQUE MIRAFLORES","2024-10-15","","0.04791667"
"MEDELLIN -TANQUE MIRAFLORES","2024-10-14","","0.0"
"MEDELLIN -TANQUE MIRAFLORES","2024-10-13","","0.0525"
"MEDELLIN -TANQUE MIRAFLORES","2024-10-12","","0.0"
"MEDELLIN -TANQUE MIRAFLORES","2024-10-11","","8.3333E-4"
"MEDELLIN -TANQUE MIRAFLORES","2024-10-10","","0.24"
"MEDELLIN -TANQUE MIRAFLORES","2024-10-09","","0.02583333"
"MEDELLIN -TANQUE MIRAFLORES","2024-10-08","","0.15416667"
"MEDELLIN -TANQUE MIRAFLORES","2024-10-07","","0.26583333"
"MEDELLIN -TANQUE MIRAFLORES","2024-10-06","","0.0"
"MEDELLIN -TANQUE MIRAFLORES","2024-10-05","","0.18125"
"MEDELLIN -TANQUE MIRAFLORES","2024-10-04","","0.01791667"
"MEDELLIN -TANQUE MIRAFLORES","2024-10-03","","0.00125"
"MEDELLIN -TANQUE MIRAFLORES","2024-10-02","","0.03416667"
"MEDELLIN -TANQUE MIRAFLORES","2024-10-01","","0.07541667"
"MEDELLIN -TANQUE MIRAFLORES","2024-09-30","","0.06304348"
"MEDELLIN -TANQUE MIRAFLORES","2024-09-29","","0.18541667"
"MEDELLIN -TANQUE MIRAFLORES","2024-09-28","","0.19416667"
"MEDELLIN -TANQUE MIRAFLORES","2024-09-27","","0.14666667"
"MEDELLIN -TANQUE MIRAFLORES","2024-09-26","","0.05041667"
"MEDELLIN -TANQUE MIRAFLORES","2024-09-25","","0.04875"
"MEDELLIN -TANQUE MIRAFLORES","2024-09-24","","0.02666667"
"MEDELLIN -TANQUE MIRAFLORES","2024-09-23","","0.075"
"MEDELLIN -TANQUE MIRAFLORES","2024-09-22","","0.12458333"
"MEDELLIN -TANQUE MIRAFLORES","2024-09-21","","0.00416667"
"MEDELLIN -TANQUE MIRAFLORES","2024-09-20","","0.02333333"
"MEDELLIN -TANQUE MIRAFLORES","2024-09-19","","0.00583333"
"MEDELLIN -TANQUE MIRAFLORES","2024-09-18","","0.0"
"MEDELLIN -TANQUE MIRAFLORES","2024-09-17","","0.11333333"
"MEDELLIN -TANQUE MIRAFLORES","2024-09-16","","0.05041667"
"MEDELLIN -TANQUE MIRAFLORES","2024-09-15","","0.00458333"
"MEDELLIN -TANQUE MIRAFLORES","2024-09-14","","0.0"
"MEDELLIN -TANQUE MIRAFLORES","2024-09-13","","0.09333333"
"MEDELLIN -TANQUE MIRAFLORES","2024-09-12","","0.0425"
"MEDELLIN -TANQUE MIRAFLORES","2024-09-11","","0.0"
"MEDELLIN -TANQUE MIRAFLORES","2024-09-10","","0.0"
"MEDELLIN -TANQUE MIRAFLORES","2024-09-09","","0.0"
"MEDELLIN -TANQUE MIRAFLORES","2024-09-08","","0.0"
"MEDELLIN -TANQUE MIRAFLORES","2024-09-07","","0.035"
"MEDELLIN -TANQUE MIRAFLORES","2024-09-06","","0.0"
"MEDELLIN -TANQUE MIRAFLORES","2024-09-05","","0.1725"
"MEDELLIN -TANQUE MIRAFLORES","2024-09-04","","0.03208333"
"MEDELLIN -TANQUE MIRAFLORES","2024-09-03","","0.13791667"
"MEDELLIN -TANQUE MIRAFLORES","2024-09-02","","0.06625"
"MEDELLIN -TANQUE MIRAFLORES","2024-09-01","","0.38791667"
"MEDELLIN -TANQUE MIRAFLORES","2024-08-31","","0.0"
"MEDELLIN -TANQUE MIRAFLORES","2024-08-30","","0.0"
"MEDELLIN -TANQUE MIRAFLORES","2024-08-29","","0.02291667"
"MEDELLIN -TANQUE MIRAFLORES","2024-08-28","","0.03375"
"MEDELLIN -TANQUE MIRAFLORES","2024-08-27","","0.00333333"
"MEDELLIN -TANQUE MIRAFLORES","2024-08-26","","4.1667E-4"
"MEDELLIN -TANQUE MIRAFLORES","2024-08-25","","0.07458333"
"MEDELLIN -TANQUE MIRAFLORES","2024-08-24","","0.16166667"
"MEDELLIN -TANQUE MIRAFLORES","2024-08-23","","0.0875"
"MEDELLIN -TANQUE MIRAFLORES","2024-08-22","","0.02083333"
"MEDELLIN -TANQUE MIRAFLORES","2024-08-21","","4.1667E-4"
"MEDELLIN -TANQUE MIRAFLORES","2024-08-20","","0.00125"
"MEDELLIN -TANQUE MIRAFLORES","2024-08-19","","0.0"
"MEDELLIN -TANQUE MIRAFLORES","2024-08-18","","0.0"
"MEDELLIN -TANQUE MIRAFLORES","2024-08-17","","0.04083333"
"MEDELLIN -TANQUE MIRAFLORES","2024-08-16","","0.05708333"
"MEDELLIN -TANQUE MIRAFLORES","2024-08-15","","0.0"
"MEDELLIN -TANQUE MIRAFLORES","2024-08-14","","0.0"
"MEDELLIN -TANQUE MIRAFLORES","2024-08-13","","0.06333333"
"MEDELLIN -TANQUE MIRAFLORES","2024-08-12","","0.09458333"
"MEDELLIN -TANQUE MIRAFLORES","2024-08-11","","0.11333333"
"MEDELLIN -TANQUE MIRAFLORES","2024-08-10","","0.0925"
"MEDELLIN -TANQUE MIRAFLORES","2024-08-09","","0.12666667"
"MEDELLIN -TANQUE MIRAFLORES","2024-08-08","","0.00666667"
"MEDELLIN -TANQUE MIRAFLORES","2024-08-07","","0.05666667"
"MEDELLIN -TANQUE MIRAFLORES","2024-08-06","","0.16875"
"MEDELLIN -TANQUE MIRAFLORES","2024-08-05","","0.43"
"MEDELLIN -TANQUE MIRAFLORES","2024-08-04","","0.13"
"MEDELLIN -TANQUE MIRAFLORES","2024-08-03","","0.04291667"
"MEDELLIN -TANQUE MIRAFLORES","2024-08-02","","8.3333E-4"
"MEDELLIN -TANQUE MIRAFLORES","2024-08-01","","0.00125"
"MEDELLIN -TANQUE MIRAFLORES","2024-07-31","","8.6957E-4"
"MEDELLIN -TANQUE MIRAFLORES","2024-07-30","","0.0"
"MEDELLIN -TANQUE MIRAFLORES","2024-07-29","","0.0"
"MEDELLIN -TANQUE MIRAFLORES","2024-07-28","","0.0025"
"MEDELLIN -TANQUE MIRAFLORES","2024-07-27","","0.16791667"
"MEDELLIN -TANQUE MIRAFLORES","2024-07-26","","0.07291667"
"MEDELLIN -TANQUE MIRAFLORES","2024-07-25","","0.0"
"MEDELLIN -TANQUE MIRAFLORES","2024-07-24","","0.0"
"MEDELLIN -TANQUE MIRAFLORES","2024-07-23","","0.0"
"MEDELLIN -TANQUE MIRAFLORES","2024-07-22","","8.3333E-4"
"MEDELLIN -TANQUE MIRAFLORES","2024-07-21","","0.02791667"
"MEDELLIN -TANQUE MIRAFLORES","2024-07-20","","0.0"
"MEDELLIN -TANQUE MIRAFLORES","2024-07-19","","0.00416667"
"MEDELLIN -TANQUE MIRAFLORES","2024-07-18","","0.005"
"MEDELLIN -TANQUE MIRAFLORES","2024-07-17","","0.0"
"MEDELLIN -TANQUE MIRAFLORES","2024-07-16","","0.0"
"MEDELLIN -TANQUE MIRAFLORES","2024-07-15","","0.0"
"MEDELLIN -TANQUE MIRAFLORES","2024-07-14","","0.00125"
"MEDELLIN -TANQUE MIRAFLORES","2024-07-13","","0.0"
"MEDELLIN -TANQUE MIRAFLORES","2024-07-12","","0.10083333"
"MEDELLIN -TANQUE MIRAFLORES","2024-07-11","","0.00833333"
"MEDELLIN -TANQUE MIRAFLORES","2024-07-10","","0.0"
"MEDELLIN -TANQUE MIRAFLORES","2024-07-09","","4.3478E-4"
"MEDELLIN -TANQUE MIRAFLORES","2024-07-08","","8.3333E-4"
"MEDELLIN -TANQUE MIRAFLORES","2024-07-07","","0.0"
"MEDELLIN -TANQUE MIRAFLORES","2024-07-06","","4.1667E-4"
"MEDELLIN -TANQUE MIRAFLORES","2024-07-05","","0.22541667"
"MEDELLIN -TANQUE MIRAFLORES","2024-07-04","","0.05125"
"MEDELLIN -TANQUE MIRAFLORES","2024-07-03","","0.14083333"
"MEDELLIN -TANQUE MIRAFLORES","2024-07-02","","0.18333333"
"MEDELLIN -TANQUE MIRAFLORES","2024-07-01","","8.3333E-4"
"MEDELLIN -TANQUE MIRAFLORES","2024-06-30","","0.28565217"
"MEDELLIN -TANQUE MIRAFLORES","2024-06-29","","0.03166667"
"MEDELLIN -TANQUE MIRAFLORES","2024-06-28","","0.17708333"
"MEDELLIN -TANQUE MIRAFLORES","2024-06-27","","0.19208333"
"MEDELLIN -TANQUE MIRAFLORES","2024-06-26","","0.27916667"
"MEDELLIN -TANQUE MIRAFLORES","2024-06-25","","0.525"
"MEDELLIN -TANQUE MIRAFLORES","2024-05-31","","0.25928571"
"MEDELLIN -TANQUE MIRAFLORES","2024-05-30","","0.12875"
"MEDELLIN -TANQUE MIRAFLORES","2024-05-29","","0.16833333"
"MEDELLIN -TANQUE MIRAFLORES","2024-05-28","","0.09208333"
"MEDELLIN -TANQUE MIRAFLORES","2024-05-27","","0.11208333"
"MEDELLIN -TANQUE MIRAFLORES","2024-05-26","","0.0"
"MEDELLIN -TANQUE MIRAFLORES","2024-05-25","","0.04791667"
"MEDELLIN -TANQUE MIRAFLORES","2024-05-24","","0.10041667"
"MEDELLIN -TANQUE MIRAFLORES","2024-05-23","","0.34333333"
"MEDELLIN -TANQUE MIRAFLORES","2024-05-22","","0.02166667"
"MEDELLIN -TANQUE MIRAFLORES","2024-05-21","","0.13541667"
"MEDELLIN -TANQUE MIRAFLORES","2024-05-20","","0.0525"
"MEDELLIN -TANQUE MIRAFLORES","2024-05-19","","0.0"
"MEDELLIN -TANQUE MIRAFLORES","2024-05-18","","4.1667E-4"
"MEDELLIN -TANQUE MIRAFLORES","2024-05-17","","0.01333333"
"MEDELLIN -TANQUE MIRAFLORES","2024-05-16","","0.12958333"
"MEDELLIN -TANQUE MIRAFLORES","2024-05-15","","0.40208333"
"MEDELLIN -TANQUE MIRAFLORES","2024-05-14","","0.16208333"
"MEDELLIN -TANQUE MIRAFLORES","2024-05-13","","0.0"
"MEDELLIN -TANQUE MIRAFLORES","2024-05-12","","0.15916667"
"MEDELLIN -TANQUE MIRAFLORES","2024-05-11","","0.08541667"
"MEDELLIN -TANQUE MIRAFLORES","2024-05-10","","0.03791667"
"MEDELLIN -TANQUE MIRAFLORES","2024-05-09","","0.30708333"
"MEDELLIN -TANQUE MIRAFLORES","2024-05-08","","0.25333333"
"MEDELLIN -TANQUE MIRAFLORES","2024-05-07","","0.18666667"
"MEDELLIN -TANQUE MIRAFLORES","2024-05-06","","0.04541667"
"MEDELLIN -TANQUE MIRAFLORES","2024-05-05","","0.0"
"MEDELLIN -TANQUE MIRAFLORES","2024-05-04","","0.53791667"
"MEDELLIN -TANQUE MIRAFLORES","2024-05-03","","0.015"
"MEDELLIN -TANQUE MIRAFLORES","2024-05-02","","0.28083333"
"MEDELLIN -TANQUE MIRAFLORES","2024-05-01","","0.04333333"
"MEDELLIN -TANQUE MIRAFLORES","2024-04-30","","0.06347826"
"MEDELLIN -TANQUE MIRAFLORES","2024-04-29","","0.08"
"MEDELLIN -TANQUE MIRAFLORES","2024-04-28","","0.10375"
"MEDELLIN -TANQUE MIRAFLORES","2024-04-27","","0.10458333"
"MEDELLIN -TANQUE MIRAFLORES","2024-04-26","","0.21708333"
"MEDELLIN -TANQUE MIRAFLORES","2024-04-25","","0.06041667"
"MEDELLIN -TANQUE MIRAFLORES","2024-04-24","","0.09833333"
"MEDELLIN -TANQUE MIRAFLORES","2024-04-23","","0.07958333"
"MEDELLIN -TANQUE MIRAFLORES","2024-04-22","","0.44916667"
"MEDELLIN -TANQUE MIRAFLORES","2024-04-21","","0.21208333"
"MEDELLIN -TANQUE MIRAFLORES","2024-04-20","","0.19"
"MEDELLIN -TANQUE MIRAFLORES","2024-04-19","","0.1025"
"MEDELLIN -TANQUE MIRAFLORES","2024-04-18","","0.24958333"
"MEDELLIN -TANQUE MIRAFLORES","2024-04-17","","0.00333333"
"MEDELLIN -TANQUE MIRAFLORES","2024-04-16","","8.3333E-4"
"MEDELLIN -TANQUE MIRAFLORES","2024-04-15","","0.00583333"
"MEDELLIN -TANQUE MIRAFLORES","2024-04-14","","0.00125"
"MEDELLIN -TANQUE MIRAFLORES","2024-04-13","","4.1667E-4"
"MEDELLIN -TANQUE MIRAFLORES","2024-04-12","","4.1667E-4"
"MEDELLIN -TANQUE MIRAFLORES","2024-04-11","","0.0026087"
"MEDELLIN -TANQUE MIRAFLORES","2024-04-10","","0.00291667"
"MEDELLIN -TANQUE MIRAFLORES","2024-04-09","","0.0025"
"MEDELLIN -TANQUE MIRAFLORES","2024-04-08","","8.3333E-4"
"MEDELLIN -TANQUE MIRAFLORES","2024-04-07","","0.0"
"MEDELLIN -TANQUE MIRAFLORES","2024-04-06","","0.04958333"
"MEDELLIN -TANQUE MIRAFLORES","2024-04-05","","0.01458333"
"MEDELLIN -TANQUE MIRAFLORES","2024-04-04","","0.28083333"
"MEDELLIN -TANQUE MIRAFLORES","2024-04-03","","0.07916667"
"MEDELLIN -TANQUE MIRAFLORES","2024-04-02","","0.17375"
"MEDELLIN -TANQUE MIRAFLORES","2024-04-01","","0.09916667"
"MEDELLIN -TANQUE MIRAFLORES","2024-03-31","","0.16130435"
"MEDELLIN -TANQUE MIRAFLORES","2024-03-30","","0.0"
"MEDELLIN -TANQUE MIRAFLORES","2024-03-29","","0.0"
"MEDELLIN -TANQUE MIRAFLORES","2024-03-28","","0.0"
"MEDELLIN -TANQUE MIRAFLORES","2024-03-27","","0.01375"
"MEDELLIN -TANQUE MIRAFLORES","2024-03-26","","0.0"
"MEDELLIN -TANQUE MIRAFLORES","2024-03-25","","0.01458333"
"MEDELLIN -TANQUE MIRAFLORES","2024-03-24","","0.0"
"MEDELLIN -TANQUE MIRAFLORES","2024-03-23","","0.0"
"MEDELLIN -TANQUE MIRAFLORES","2024-03-22","","0.0"
"MEDELLIN -TANQUE MIRAFLORES","2024-03-21","","4.1667E-4"
"MEDELLIN -TANQUE MIRAFLORES","2024-03-20","","0.06083333"
"MEDELLIN -TANQUE MIRAFLORES","2024-03-19","","0.04541667"
"MEDELLIN -TANQUE MIRAFLORES","2024-03-18","","0.00583333"
"MEDELLIN -TANQUE MIRAFLORES","2024-03-17","","0.0"
"MEDELLIN -TANQUE MIRAFLORES","2024-03-16","","4.1667E-4"
"MEDELLIN -TANQUE MIRAFLORES","2024-03-15","","0.0"
"MEDELLIN -TANQUE MIRAFLORES","2024-03-14","","0.0"
"MEDELLIN -TANQUE MIRAFLORES","2024-03-13","","0.0"
"MEDELLIN -TANQUE MIRAFLORES","2024-03-12","","0.00125"
"MEDELLIN -TANQUE MIRAFLORES","2024-03-11","","0.0275"
"MEDELLIN -TANQUE MIRAFLORES","2024-03-10","","0.0"
"MEDELLIN -TANQUE MIRAFLORES","2024-03-09","","0.03875"
"MEDELLIN -TANQUE MIRAFLORES","2024-03-08","","0.0025"
"MEDELLIN -TANQUE MIRAFLORES","2024-03-07","","0.0"
"MEDELLIN -TANQUE MIRAFLORES","2024-03-06","","0.0"
"MEDELLIN -TANQUE MIRAFLORES","2024-03-05","","4.1667E-4"
"MEDELLIN -TANQUE MIRAFLORES","2024-03-04","","0.00166667"
"MEDELLIN -TANQUE MIRAFLORES","2024-03-03","","0.10166667"
"MEDELLIN -TANQUE MIRAFLORES","2024-03-02","","0.04958333"
"MEDELLIN -TANQUE MIRAFLORES","2024-03-01","","0.0"
"MEDELLIN -TANQUE MIRAFLORES","2024-02-29","","0.0"
"MEDELLIN -TANQUE MIRAFLORES","2024-02-28","","0.0"
"MEDELLIN -TANQUE MIRAFLORES","2024-02-27","","8.3333E-4"
"MEDELLIN -TANQUE MIRAFLORES","2024-02-26","","0.01333333"
"MEDELLIN -TANQUE MIRAFLORES","2024-02-25","","0.0"
"MEDELLIN -TANQUE MIRAFLORES","2024-02-24","","0.0"
"MEDELLIN -TANQUE MIRAFLORES","2024-02-23","","0.0"
"MEDELLIN -TANQUE MIRAFLORES","2024-02-22","","4.1667E-4"
"MEDELLIN -TANQUE MIRAFLORES","2024-02-21","","0.05"
"MEDELLIN -TANQUE MIRAFLORES","2024-02-20","","0.0"
"MEDELLIN -TANQUE MIRAFLORES","2024-02-19","","0.0"
"MEDELLIN -TANQUE MIRAFLORES","2024-02-18","","0.0"
"MEDELLIN -TANQUE MIRAFLORES","2024-02-17","","4.1667E-4"
"MEDELLIN -TANQUE MIRAFLORES","2024-02-16","","4.1667E-4"
"MEDELLIN -TANQUE MIRAFLORES","2024-02-15","","0.0"
"MEDELLIN -TANQUE MIRAFLORES","2024-02-14","","0.00875"
"MEDELLIN -TANQUE MIRAFLORES","2024-02-13","","0.0"
"MEDELLIN -TANQUE MIRAFLORES","2024-02-12","","0.00208333"
"MEDELLIN -TANQUE MIRAFLORES","2024-02-11","","0.00541667"
"MEDELLIN -TANQUE MIRAFLORES","2024-02-10","","0.00125"
"MEDELLIN -TANQUE MIRAFLORES","2024-02-09","","4.1667E-4"
"MEDELLIN -TANQUE MIRAFLORES","2024-02-08","","0.04708333"
"MEDELLIN -TANQUE MIRAFLORES","2024-02-07","","0.0"
"MEDELLIN -TANQUE MIRAFLORES","2024-02-06","","0.03583333"
"MEDELLIN -TANQUE MIRAFLORES","2024-02-05","","0.00416667"
"MEDELLIN -TANQUE MIRAFLORES","2024-02-04","","0.05833333"
"MEDELLIN -TANQUE MIRAFLORES","2024-02-03","","0.235"
"MEDELLIN -TANQUE MIRAFLORES","2024-02-02","","0.10541667"
"MEDELLIN -TANQUE MIRAFLORES","2024-02-01","","0.03041667"
"MEDELLIN -TANQUE MIRAFLORES","2024-01-31","","0.0"
"MEDELLIN -TANQUE MIRAFLORES","2024-01-30","","0.04791667"
"MEDELLIN -TANQUE MIRAFLORES","2024-01-29","","0.0"
"MEDELLIN -TANQUE MIRAFLORES","2024-01-28","","0.0"
"MEDELLIN -TANQUE MIRAFLORES","2024-01-27","","0.0"
"MEDELLIN -TANQUE MIRAFLORES","2024-01-26","","0.0"
"MEDELLIN -TANQUE MIRAFLORES","2024-01-25","","0.0"
"MEDELLIN -TANQUE MIRAFLORES","2024-01-24","","0.0"
"MEDELLIN -TANQUE MIRAFLORES","2024-01-23","","0.0"
"MEDELLIN -TANQUE MIRAFLORES","2024-01-22","","0.0"
"MEDELLIN -TANQUE MIRAFLORES","2024-01-21","","4.1667E-4"
"MEDELLIN -TANQUE MIRAFLORES","2024-01-20","","0.0"
"MEDELLIN -TANQUE MIRAFLORES","2024-01-19","","0.0"
"MEDELLIN -TANQUE MIRAFLORES","2024-01-18","","0.00333333"
"MEDELLIN -TANQUE MIRAFLORES","2024-01-17","","0.0"
"MEDELLIN -TANQUE MIRAFLORES","2024-01-16","","0.0"
"MEDELLIN -TANQUE MIRAFLORES","2024-01-15","","0.0"
"MEDELLIN -TANQUE MIRAFLORES","2024-01-14","","0.0"
"MEDELLIN -TANQUE MIRAFLORES","2024-01-13","","0.0"
"MEDELLIN -TANQUE MIRAFLORES","2024-01-12","","0.0"
"MEDELLIN -TANQUE MIRAFLORES","2024-01-11","","0.00291667"
"MEDELLIN -TANQUE MIRAFLORES","2024-01-10","","0.00166667"
"MEDELLIN -TANQUE MIRAFLORES","2024-01-09","","0.0"
"MEDELLIN -TANQUE MIRAFLORES","2024-01-08","","0.0"
"MEDELLIN -TANQUE MIRAFLORES","2024-01-07","","0.00166667"
"MEDELLIN -TANQUE MIRAFLORES","2024-01-06","","0.0"
"MEDELLIN -TANQUE MIRAFLORES","2024-01-05","","0.0"
"MEDELLIN -TANQUE MIRAFLORES","2024-01-04","","0.0"
"MEDELLIN -TANQUE MIRAFLORES","2024-01-03","","0.0"
"MEDELLIN -TANQUE MIRAFLORES","2024-01-02","","0.0"
"MEDELLIN -TANQUE MIRAFLORES","2024-01-01","","0.0"
"MEDELLIN -TANQUE MIRAFLORES","2023-12-31","","0.0"
"MEDELLIN -TANQUE MIRAFLORES","2023-12-30","","0.05208333"
"MEDELLIN -TANQUE MIRAFLORES","2023-12-29","","0.01291667"
"MEDELLIN -TANQUE MIRAFLORES","2023-12-28","","0.06291667"
"MEDELLIN -TANQUE MIRAFLORES","2023-12-27","","0.0"
"MEDELLIN -TANQUE MIRAFLORES","2023-12-26","","0.09291667"
"MEDELLIN -TANQUE MIRAFLORES","2023-12-25","","0.0"
"MEDELLIN -TANQUE MIRAFLORES","2023-12-24","","0.0"
"MEDELLIN -TANQUE MIRAFLORES","2023-12-23","","0.0"
"MEDELLIN -TANQUE MIRAFLORES","2023-12-22","","0.0"
"MEDELLIN -TANQUE MIRAFLORES","2023-12-21","","0.00333333"
"MEDELLIN -TANQUE MIRAFLORES","2023-12-20","","0.0"
"MEDELLIN -TANQUE MIRAFLORES","2023-12-19","","0.0"
"MEDELLIN -TANQUE MIRAFLORES","2023-12-18","","0.02291667"
"MEDELLIN -TANQUE MIRAFLORES","2023-12-17","","0.055"
"MEDELLIN -TANQUE MIRAFLORES","2023-12-16","","0.3125"
"MEDELLIN -TANQUE MIRAFLORES","2023-12-15","","0.04826087"
"MEDELLIN -TANQUE MIRAFLORES","2023-12-14","","0.0"
"MEDELLIN -TANQUE MIRAFLORES","2023-12-13","","0.0"
"MEDELLIN -TANQUE MIRAFLORES","2023-12-12","","0.01291667"
"MEDELLIN -TANQUE MIRAFLORES","2023-12-11","","8.3333E-4"
"MEDELLIN -TANQUE MIRAFLORES","2023-12-10","","0.0"
"MEDELLIN -TANQUE MIRAFLORES","2023-12-09","","0.0"
"MEDELLIN -TANQUE MIRAFLORES","2023-12-08","","0.0"
"MEDELLIN -TANQUE MIRAFLORES","2023-12-07","","0.03166667"
"MEDELLIN -TANQUE MIRAFLORES","2023-12-06","","4.1667E-4"
"MEDELLIN -TANQUE MIRAFLORES","2023-12-05","","4.1667E-4"
"MEDELLIN -TANQUE MIRAFLORES","2023-12-04","","0.0"
"MEDELLIN -TANQUE MIRAFLORES","2023-12-03","","0.0"
"MEDELLIN -TANQUE MIRAFLORES","2023-12-02","","0.0"
"MEDELLIN -TANQUE MIRAFLORES","2023-12-01","","0.0"
"MEDELLIN -TANQUE MIRAFLORES","2023-11-30","","0.00695652"
"MEDELLIN -TANQUE MIRAFLORES","2023-11-29","","0.0"
"MEDELLIN -TANQUE MIRAFLORES","2023-11-28","","0.0"
"MEDELLIN -TANQUE MIRAFLORES","2023-11-27","","0.0"
"MEDELLIN -TANQUE MIRAFLORES","2023-11-26","","8.3333E-4"
"MEDELLIN -TANQUE MIRAFLORES","2023-11-25","","4.1667E-4"
"MEDELLIN -TANQUE MIRAFLORES","2023-11-24","","0.05833333"
"MEDELLIN -TANQUE MIRAFLORES","2023-11-23","","0.0"
"MEDELLIN -TANQUE MIRAFLORES","2023-11-22","","0.00916667"
"MEDELLIN -TANQUE MIRAFLORES","2023-11-21","","0.13958333"
"MEDELLIN -TANQUE MIRAFLORES","2023-11-20","","0.03333333"
"MEDELLIN -TANQUE MIRAFLORES","2023-11-19","","0.0675"
"MEDELLIN -TANQUE MIRAFLORES","2023-11-18","","0.20416667"
"MEDELLIN -TANQUE MIRAFLORES","2023-11-17","","0.53208333"
"MEDELLIN -TANQUE MIRAFLORES","2023-11-16","","0.07583333"
"MEDELLIN -TANQUE MIRAFLORES","2023-11-15","","0.17583333"
"MEDELLIN -TANQUE MIRAFLORES","2023-11-14","","0.00291667"
"MEDELLIN -TANQUE MIRAFLORES","2023-11-13","","0.0"
"MEDELLIN -TANQUE MIRAFLORES","2023-11-12","","0.0"
"MEDELLIN -TANQUE MIRAFLORES","2023-11-11","","0.00958333"
"MEDELLIN -TANQUE MIRAFLORES","2023-11-10","","0.0"
"MEDELLIN -TANQUE MIRAFLORES","2023-11-09","","0.0"
"MEDELLIN -TANQUE MIRAFLORES","2023-11-08","","0.0025"
"MEDELLIN -TANQUE MIRAFLORES","2023-11-07","","0.0025"
"MEDELLIN -TANQUE MIRAFLORES","2023-11-06","","0.04166667"
"MEDELLIN -TANQUE MIRAFLORES","2023-11-05","","0.01708333"
"MEDELLIN -TANQUE MIRAFLORES","2023-11-04","","0.09833333"
"MEDELLIN -TANQUE MIRAFLORES","2023-11-03","","0.01666667"
"MEDELLIN -TANQUE MIRAFLORES","2023-11-02","","0.22625"
"MEDELLIN -TANQUE MIRAFLORES","2023-11-01","","0.11625"
"MEDELLIN -TANQUE MIRAFLORES","2023-10-31","","0.23217391"
"MEDELLIN -TANQUE MIRAFLORES","2023-10-30","","0.27291667"
"MEDELLIN -TANQUE MIRAFLORES","2023-10-29","","0.19083333"
"MEDELLIN -TANQUE MIRAFLORES","2023-10-28","","0.00375"
"MEDELLIN -TANQUE MIRAFLORES","2023-10-27","","0.0375"
"MEDELLIN -TANQUE MIRAFLORES","2023-10-26","","0.1575"
"MEDELLIN -TANQUE MIRAFLORES","2023-10-25","","0.05"
"MEDELLIN -TANQUE MIRAFLORES","2023-10-24","","0.06583333"
"MEDELLIN -TANQUE MIRAFLORES","2023-10-23","","0.17125"
"MEDELLIN -TANQUE MIRAFLORES","2023-10-22","","0.00166667"
"MEDELLIN -TANQUE MIRAFLORES","2023-10-21","","0.15375"
"MEDELLIN -TANQUE MIRAFLORES","2023-10-20","","0.09333333"
"MEDELLIN -TANQUE MIRAFLORES","2023-10-19","","0.00208333"
"MEDELLIN -TANQUE MIRAFLORES","2023-10-18","","0.0"
"MEDELLIN -TANQUE MIRAFLORES","2023-10-17","","0.09916667"
"MEDELLIN -TANQUE MIRAFLORES","2023-10-16","","0.04375"
"MEDELLIN -TANQUE MIRAFLORES","2023-10-15","","0.0"
"MEDELLIN -TANQUE MIRAFLORES","2023-10-14","","0.02041667"
"MEDELLIN -TANQUE MIRAFLORES","2023-10-13","","0.1125"
"MEDELLIN -TANQUE MIRAFLORES","2023-10-12","","0.00666667"
"MEDELLIN -TANQUE MIRAFLORES","2023-10-11","","0.00416667"
"MEDELLIN -TANQUE MIRAFLORES","2023-10-10","","0.02791667"
"MEDELLIN -TANQUE MIRAFLORES","2023-10-09","","0.00208333"
"MEDELLIN -TANQUE MIRAFLORES","2023-10-08","","0.0625"
"MEDELLIN -TANQUE MIRAFLORES","2023-10-07","","0.35333333"
"MEDELLIN -TANQUE MIRAFLORES","2023-10-06","","0.04041667"
"MEDELLIN -TANQUE MIRAFLORES","2023-10-05","","0.15916667"
"MEDELLIN -TANQUE MIRAFLORES","2023-10-04","","0.26958333"
"MEDELLIN -TANQUE MIRAFLORES","2023-10-03","","0.10291667"
"MEDELLIN -TANQUE MIRAFLORES","2023-10-02","","0.14958333"
"MEDELLIN -TANQUE MIRAFLORES","2023-10-01","","0.16166667"
"MEDELLIN -TANQUE MIRAFLORES","2023-09-30","","0.0"
"MEDELLIN -TANQUE MIRAFLORES","2023-09-29","","4.1667E-4"
"MEDELLIN -TANQUE MIRAFLORES","2023-09-28","","0.02041667"
"MEDELLIN -TANQUE MIRAFLORES","2023-09-27","","0.0"
"MEDELLIN -TANQUE MIRAFLORES","2023-09-26","","0.02916667"
"MEDELLIN -TANQUE MIRAFLORES","2023-09-25","","0.00166667"
"MEDELLIN -TANQUE MIRAFLORES","2023-09-24","","0.03208333"
"MEDELLIN -TANQUE MIRAFLORES","2023-09-23","","0.01708333"
"MEDELLIN -TANQUE MIRAFLORES","2023-09-22","","0.0375"
"MEDELLIN -TANQUE MIRAFLORES","2023-09-21","","8.3333E-4"
"MEDELLIN -TANQUE MIRAFLORES","2023-09-20","","0.0"
"MEDELLIN -TANQUE MIRAFLORES","2023-09-19","","0.00833333"
"MEDELLIN -TANQUE MIRAFLORES","2023-09-18","","0.0"
"MEDELLIN -TANQUE MIRAFLORES","2023-09-17","","0.1375"
"MEDELLIN -TANQUE MIRAFLORES","2023-09-16","","0.0"
"MEDELLIN -TANQUE MIRAFLORES","2023-09-15","","0.005"
"MEDELLIN -TANQUE MIRAFLORES","2023-09-14","","0.0775"
"MEDELLIN -TANQUE MIRAFLORES","2023-09-13","","0.06833333"
"MEDELLIN -TANQUE MIRAFLORES","2023-09-12","","0.02125"
"MEDELLIN -TANQUE MIRAFLORES","2023-09-11","","0.24"
"MEDELLIN -TANQUE MIRAFLORES","2023-09-10","","0.10208333"
"MEDELLIN -TANQUE MIRAFLORES","2023-09-09","","0.00208333"
"MEDELLIN -TANQUE MIRAFLORES","2023-09-08","","0.0"
"MEDELLIN -TANQUE MIRAFLORES","2023-09-07","","0.0"
"MEDELLIN -TANQUE MIRAFLORES","2023-09-06","","4.1667E-4"
"MEDELLIN -TANQUE MIRAFLORES","2023-09-05","","0.0"
"MEDELLIN -TANQUE MIRAFLORES","2023-09-04","","0.10208333"
"MEDELLIN -TANQUE MIRAFLORES","2023-09-03","","0.08166667"
"MEDELLIN -TANQUE MIRAFLORES","2023-09-02","","0.00208333"
"MEDELLIN -TANQUE MIRAFLORES","2023-09-01","","0.00166667"
"MEDELLIN -TANQUE MIRAFLORES","2023-08-31","","0.0"
"MEDELLIN -TANQUE MIRAFLORES","2023-08-30","","0.00458333"
"MEDELLIN -TANQUE MIRAFLORES","2023-08-29","","0.11208333"
"MEDELLIN -TANQUE MIRAFLORES","2023-08-28","","0.02541667"
"MEDELLIN -TANQUE MIRAFLORES","2023-08-27","","0.0"
"MEDELLIN -TANQUE MIRAFLORES","2023-08-26","","0.0"
"MEDELLIN -TANQUE MIRAFLORES","2023-08-25","","0.09208333"
"MEDELLIN -TANQUE MIRAFLORES","2023-08-24","","0.03375"
"MEDELLIN -TANQUE MIRAFLORES","2023-08-23","","0.02416667"
"MEDELLIN -TANQUE MIRAFLORES","2023-08-22","","0.24083333"
"MEDELLIN -TANQUE MIRAFLORES","2023-08-21","","0.14666667"
"MEDELLIN -TANQUE MIRAFLORES","2023-08-20","","0.14708333"
"MEDELLIN -TANQUE MIRAFLORES","2023-08-19","","0.04333333"
"MEDELLIN -TANQUE MIRAFLORES","2023-08-18","","0.1425"
"MEDELLIN -TANQUE MIRAFLORES","2023-08-17","","0.00666667"
"MEDELLIN -TANQUE MIRAFLORES","2023-08-16","","8.3333E-4"
"MEDELLIN -TANQUE MIRAFLORES","2023-08-15","","0.03791667"
"MEDELLIN -TANQUE MIRAFLORES","2023-08-14","","0.00208333"
"MEDELLIN -TANQUE MIRAFLORES","2023-08-13","","0.00666667"
"MEDELLIN -TANQUE MIRAFLORES","2023-08-12","","0.00208333"
"MEDELLIN -TANQUE MIRAFLORES","2023-08-11","","0.06291667"
"MEDELLIN -TANQUE MIRAFLORES","2023-08-10","","0.01916667"
"MEDELLIN -TANQUE MIRAFLORES","2023-08-09","","0.00304348"
"MEDELLIN -TANQUE MIRAFLORES","2023-08-08","","8.3333E-4"
"MEDELLIN -TANQUE MIRAFLORES","2023-08-07","","0.0"
"MEDELLIN -TANQUE MIRAFLORES","2023-08-06","","0.00125"
"MEDELLIN -TANQUE MIRAFLORES","2023-08-05","","0.01166667"
"MEDELLIN -TANQUE MIRAFLORES","2023-08-04","","0.00791667"
"MEDELLIN -TANQUE MIRAFLORES","2023-08-03","","0.00541667"
"MEDELLIN -TANQUE MIRAFLORES","2023-08-02","","0.00666667"
"MEDELLIN -TANQUE MIRAFLORES","2023-08-01","","0.00625"
"MEDELLIN -TANQUE MIRAFLORES","2023-07-31","","4.3478E-4"
"MEDELLIN -TANQUE MIRAFLORES","2023-07-30","","4.1667E-4"
"MEDELLIN -TANQUE MIRAFLORES","2023-07-29","","0.0025"
"MEDELLIN -TANQUE MIRAFLORES","2023-07-28","","0.09958333"
"MEDELLIN -TANQUE MIRAFLORES","2023-07-27","","0.05166667"
"MEDELLIN -TANQUE MIRAFLORES","2023-07-26","","0.08333333"
"MEDELLIN -TANQUE MIRAFLORES","2023-07-25","","0.0"
"MEDELLIN -TANQUE MIRAFLORES","2023-07-24","","8.3333E-4"
"MEDELLIN -TANQUE MIRAFLORES","2023-07-23","","4.1667E-4"
"MEDELLIN -TANQUE MIRAFLORES","2023-07-22","","0.00166667"
"MEDELLIN -TANQUE MIRAFLORES","2023-07-21","","0.00125"
"MEDELLIN -TANQUE MIRAFLORES","2023-07-20","","0.005"
"MEDELLIN -TANQUE MIRAFLORES","2023-07-19","","0.00125"
"MEDELLIN -TANQUE MIRAFLORES","2023-07-18","","4.1667E-4"
"MEDELLIN -TANQUE MIRAFLORES","2023-07-17","","0.125"
"MEDELLIN -TANQUE MIRAFLORES","2023-07-16","","0.0625"
"MEDELLIN -TANQUE MIRAFLORES","2023-07-15","","0.00458333"
"MEDELLIN -TANQUE MIRAFLORES","2023-07-14","","0.01625"
"MEDELLIN -TANQUE MIRAFLORES","2023-07-13","","0.01833333"
"MEDELLIN -TANQUE MIRAFLORES","2023-07-12","","0.00583333"
"MEDELLIN -TANQUE MIRAFLORES","2023-07-11","","0.0"
"MEDELLIN -TANQUE MIRAFLORES","2023-07-10","","8.3333E-4"
"MEDELLIN -TANQUE MIRAFLORES","2023-07-09","","0.0"
"MEDELLIN -TANQUE MIRAFLORES","2023-07-08","","0.10416667"
"MEDELLIN -TANQUE MIRAFLORES","2023-07-07","","0.11416667"
"MEDELLIN -TANQUE MIRAFLORES","2023-07-06","","0.1625"
"MEDELLIN -TANQUE MIRAFLORES","2023-07-05","","0.20958333"
"MEDELLIN -TANQUE MIRAFLORES","2023-07-04","","0.05708333"
"MEDELLIN -TANQUE MIRAFLORES","2023-07-03","","0.23083333"
"MEDELLIN -TANQUE MIRAFLORES","2023-07-02","","0.28291667"
"MEDELLIN -TANQUE MIRAFLORES","2023-07-01","","0.0"
"MEDELLIN -TANQUE MIRAFLORES","2023-06-30","","4.3478E-4"
"MEDELLIN -TANQUE MIRAFLORES","2023-06-29","","0.0"
"MEDELLIN -TANQUE MIRAFLORES","2023-06-28","","0.05833333"
"MEDELLIN -TANQUE MIRAFLORES","2023-06-27","","0.0"
"MEDELLIN -TANQUE MIRAFLORES","2023-06-26","","0.1"
"MEDELLIN -TANQUE MIRAFLORES","2023-06-25","","0.3175"
"MEDELLIN -TANQUE MIRAFLORES","2023-06-24","","0.1"
"MEDELLIN -TANQUE MIRAFLORES","2023-06-23","","0.135"
"MEDELLIN -TANQUE MIRAFLORES","2023-06-22","","0.00791667"
"MEDELLIN -TANQUE MIRAFLORES","2023-06-21","","0.0025"
"MEDELLIN -TANQUE MIRAFLORES","2023-06-20","","0.00125"
"MEDELLIN -TANQUE MIRAFLORES","2023-06-19","","0.00791667"
"MEDELLIN -TANQUE MIRAFLORES","2023-06-18","","0.0"
"MEDELLIN -TANQUE MIRAFLORES","2023-06-17","","0.0025"
"MEDELLIN -TANQUE MIRAFLORES","2023-06-16","","0.01291667"
"MEDELLIN -TANQUE MIRAFLORES","2023-06-15","","8.3333E-4"
"MEDELLIN -TANQUE MIRAFLORES","2023-06-14","","0.0025"
"MEDELLIN -TANQUE MIRAFLORES","2023-06-13","","4.1667E-4"
"MEDELLIN -TANQUE MIRAFLORES","2023-06-12","","0.0"
"MEDELLIN -TANQUE MIRAFLORES","2023-06-11","","0.15958333"
"MEDELLIN -TANQUE MIRAFLORES","2023-06-10","","0.00708333"
"MEDELLIN -TANQUE MIRAFLORES","2023-06-09","","0.0575"
"MEDELLIN -TANQUE MIRAFLORES","2023-06-08","","0.14625"
"MEDELLIN -TANQUE MIRAFLORES","2023-06-07","","8.3333E-4"
"MEDELLIN -TANQUE MIRAFLORES","2023-06-06","","0.05666667"
"MEDELLIN -TANQUE MIRAFLORES","2023-06-05","","0.03"
"MEDELLIN -TANQUE MIRAFLORES","2023-06-04","","0.0"
"MEDELLIN -TANQUE MIRAFLORES","2023-06-03","","4.1667E-4"
"MEDELLIN -TANQUE MIRAFLORES","2023-06-02","","0.01625"
"MEDELLIN -TANQUE MIRAFLORES","2023-06-01","","0.15875"
"MEDELLIN -TANQUE MIRAFLORES","2023-05-31","","0.02782609"
"MEDELLIN -TANQUE MIRAFLORES","2023-05-30","","0.09416667"
"MEDELLIN -TANQUE MIRAFLORES","2023-05-29","","0.15208333"
"MEDELLIN -TANQUE MIRAFLORES","2023-05-28","","0.28708333"
"MEDELLIN -TANQUE MIRAFLORES","2023-05-27","","0.24791667"
"MEDELLIN -TANQUE MIRAFLORES","2023-05-26","","0.10291667"
"MEDELLIN -TANQUE MIRAFLORES","2023-05-25","","0.26458333"
"MEDELLIN -TANQUE MIRAFLORES","2023-05-24","","0.005"
"MEDELLIN -TANQUE MIRAFLORES","2023-05-23","","0.22583333"
"MEDELLIN -TANQUE MIRAFLORES","2023-05-22","","0.17291667"
"MEDELLIN -TANQUE MIRAFLORES","2023-05-21","","0.20833333"
"MEDELLIN -TANQUE MIRAFLORES","2023-05-20","","0.2225"
"MEDELLIN -TANQUE MIRAFLORES","2023-05-19","","0.02041667"
"MEDELLIN -TANQUE MIRAFLORES","2023-05-18","","0.0"
"MEDELLIN -TANQUE MIRAFLORES","2023-05-17","","0.28333333"
"MEDELLIN -TANQUE MIRAFLORES","2023-05-16","","0.31666667"
"MEDELLIN -TANQUE MIRAFLORES","2023-05-15","","0.0"
"MEDELLIN -TANQUE MIRAFLORES","2023-04-27","","0.00266667"
"MEDELLIN -TANQUE MIRAFLORES","2023-04-26","","0.03875"
"MEDELLIN -TANQUE MIRAFLORES","2023-04-25","","0.04375"
"MEDELLIN -TANQUE MIRAFLORES","2023-04-24","","0.00166667"
"MEDELLIN -TANQUE MIRAFLORES","2023-04-23","","0.01125"
"MEDELLIN -TANQUE MIRAFLORES","2023-04-22","","0.06375"
"MEDELLIN -TANQUE MIRAFLORES","2023-04-21","","0.09333333"
"MEDELLIN -TANQUE MIRAFLORES","2023-04-20","","0.15625"
"MEDELLIN -TANQUE MIRAFLORES","2023-04-19","","0.0"
"MEDELLIN -TANQUE MIRAFLORES","2023-04-18","","0.00875"
"MEDELLIN -TANQUE MIRAFLORES","2023-04-17","","0.02958333"
"MEDELLIN -TANQUE MIRAFLORES","2023-04-16","","0.255"
"MEDELLIN -TANQUE MIRAFLORES","2023-04-15","","0.03083333"
"MEDELLIN -TANQUE MIRAFLORES","2023-04-14","","0.00666667"
"MEDELLIN -TANQUE MIRAFLORES","2023-04-13","","0.00458333"
"MEDELLIN -TANQUE MIRAFLORES","2023-04-12","","0.0"
"MEDELLIN -TANQUE MIRAFLORES","2023-04-11","","0.02958333"
"MEDELLIN -TANQUE MIRAFLORES","2023-04-10","","8.3333E-4"
"MEDELLIN -TANQUE MIRAFLORES","2023-04-09","","0.03291667"
"MEDELLIN -TANQUE MIRAFLORES","2023-04-08","","0.06166667"
"MEDELLIN -TANQUE MIRAFLORES","2023-04-07","","0.03333333"
"MEDELLIN -TANQUE MIRAFLORES","2023-04-06","","0.00791667"
"MEDELLIN -TANQUE MIRAFLORES","2023-04-05","","4.1667E-4"
"MEDELLIN -TANQUE MIRAFLORES","2023-04-04","","0.00416667"
"MEDELLIN -TANQUE MIRAFLORES","2023-04-03","","0.02083333"
"MEDELLIN -TANQUE MIRAFLORES","2023-04-02","","0.105"
"MEDELLIN -TANQUE MIRAFLORES","2023-04-01","","0.0"
"MEDELLIN -TANQUE MIRAFLORES","2023-03-31","","0.0026087"
"MEDELLIN -TANQUE MIRAFLORES","2023-03-30","","0.00875"
"MEDELLIN -TANQUE MIRAFLORES","2023-03-29","","0.03291667"
"MEDELLIN -TANQUE MIRAFLORES","2023-03-28","","0.08125"
"MEDELLIN -TANQUE MIRAFLORES","2023-03-27","","0.12083333"
"MEDELLIN -TANQUE MIRAFLORES","2023-03-26","","0.01375"
"MEDELLIN -TANQUE MIRAFLORES","2023-03-25","","0.27541667"
"MEDELLIN -TANQUE MIRAFLORES","2023-03-24","","0.03066667"
"MEDELLIN -TANQUE MIRAFLORES","2023-03-15","","0.04285714"
"MEDELLIN -TANQUE MIRAFLORES","2023-03-14","","0.0475"
"MEDELLIN -TANQUE MIRAFLORES","2023-03-13","","0.22083333"
"MEDELLIN -TANQUE MIRAFLORES","2023-03-12","","0.29541667"
"MEDELLIN -TANQUE MIRAFLORES","2023-03-11","","0.2275"
"MEDELLIN -TANQUE MIRAFLORES","2023-03-10","","0.06916667"
"MEDELLIN -TANQUE MIRAFLORES","2023-03-09","","0.10458333"
"MEDELLIN -TANQUE MIRAFLORES","2023-03-08","","0.15291667"
"MEDELLIN -TANQUE MIRAFLORES","2023-03-07","","0.20208333"
"MEDELLIN -TANQUE MIRAFLORES","2023-03-06","","0.1575"
"MEDELLIN -TANQUE MIRAFLORES","2023-03-05","","0.18458333"
"MEDELLIN -TANQUE MIRAFLORES","2023-03-04","","0.02208333"
"MEDELLIN -TANQUE MIRAFLORES","2023-03-03","","0.0"
"MEDELLIN -TANQUE MIRAFLORES","2023-03-02","","0.0"
"MEDELLIN -TANQUE MIRAFLORES","2023-03-01","","0.0"
"MEDELLIN -TANQUE MIRAFLORES","2023-02-28","","0.00652174"
"MEDELLIN -TANQUE MIRAFLORES","2023-02-27","","0.0"
"MEDELLIN -TANQUE MIRAFLORES","2023-02-26","","0.0325"
"MEDELLIN -TANQUE MIRAFLORES","2023-02-25","","0.0"
"MEDELLIN -TANQUE MIRAFLORES","2023-02-24","","0.0"
"MEDELLIN -TANQUE MIRAFLORES","2023-02-23","","0.01208333"
"MEDELLIN -TANQUE MIRAFLORES","2023-02-22","","0.01083333"
"MEDELLIN -TANQUE MIRAFLORES","2023-02-21","","0.02916667"
"MEDELLIN -TANQUE MIRAFLORES","2023-02-20","","0.24666667"
"MEDELLIN -TANQUE MIRAFLORES","2023-02-18","","0.0"
"MEDELLIN -TANQUE MIRAFLORES","2023-02-17","","0.03916667"
"MEDELLIN -TANQUE MIRAFLORES","2023-02-16","","0.11333333"
"MEDELLIN -TANQUE MIRAFLORES","2023-02-15","","0.01916667"
"MEDELLIN -TANQUE MIRAFLORES","2023-02-14","","0.00125"
"MEDELLIN -TANQUE MIRAFLORES","2023-02-13","","0.00833333"
"MEDELLIN -TANQUE MIRAFLORES","2023-02-12","","0.06583333"
"MEDELLIN -TANQUE MIRAFLORES","2023-02-11","","0.0"
"MEDELLIN -TANQUE MIRAFLORES","2023-02-10","","0.0"
"MEDELLIN -TANQUE MIRAFLORES","2023-02-09","","0.0"
"MEDELLIN -TANQUE MIRAFLORES","2023-02-08","","0.01083333"
"MEDELLIN -TANQUE MIRAFLORES","2023-02-07","","0.0"
"MEDELLIN -TANQUE MIRAFLORES","2023-02-06","","0.01708333"
"MEDELLIN -TANQUE MIRAFLORES","2023-02-05","","0.0"
"MEDELLIN -TANQUE MIRAFLORES","2023-02-04","","0.0"
"MEDELLIN -TANQUE MIRAFLORES","2023-02-03","","0.06708333"
"MEDELLIN -TANQUE MIRAFLORES","2023-02-02","","0.0"
"MEDELLIN -TANQUE MIRAFLORES","2023-02-01","","0.0"
"MEDELLIN -TANQUE MIRAFLORES","2023-01-31","","0.0"
"MEDELLIN -TANQUE MIRAFLORES","2023-01-30","","0.0"
"MEDELLIN -TANQUE MIRAFLORES","2023-01-29","","0.0"
"MEDELLIN -TANQUE MIRAFLORES","2023-01-28","","0.0"
"MEDELLIN -TANQUE MIRAFLORES","2023-01-27","","0.0"
"MEDELLIN -TANQUE MIRAFLORES","2023-01-26","","0.00142857"
"MEDELLIN -TANQUE MIRAFLORES","2023-01-25","","0.00333333"
"MEDELLIN -TANQUE MIRAFLORES","2023-01-24","","0.0"
"MEDELLIN -TANQUE MIRAFLORES","2023-01-23","","4.1667E-4"
"MEDELLIN -TANQUE MIRAFLORES","2023-01-22","","0.00916667"
"MEDELLIN -TANQUE MIRAFLORES","2023-01-21","","0.00416667"
"MEDELLIN -TANQUE MIRAFLORES","2023-01-20","","0.0"
"MEDELLIN -TANQUE MIRAFLORES","2023-01-19","","0.0"
"MEDELLIN -TANQUE MIRAFLORES","2023-01-18","","0.05875"
"MEDELLIN -TANQUE MIRAFLORES","2023-01-17","","0.13791667"
"MEDELLIN -TANQUE MIRAFLORES","2023-01-16","","0.00541667"
"MEDELLIN -TANQUE MIRAFLORES","2023-01-15","","8.3333E-4"
"MEDELLIN -TANQUE MIRAFLORES","2023-01-14","","0.26375"
"MEDELLIN -TANQUE MIRAFLORES","2023-01-13","","0.12125"
"MEDELLIN -TANQUE MIRAFLORES","2023-01-12","","0.005"
"MEDELLIN -TANQUE MIRAFLORES","2023-01-11","","0.08958333"
"MEDELLIN -TANQUE MIRAFLORES","2023-01-10","","7.1429E-4"
"MEDELLIN -TANQUE MIRAFLORES","2023-01-05","","0.18894737"
"MEDELLIN -TANQUE MIRAFLORES","2023-01-04","","0.00625"
"MEDELLIN -TANQUE MIRAFLORES","2023-01-03","","0.20833333"
"MEDELLIN -TANQUE MIRAFLORES","2023-01-02","","0.09708333"
"MEDELLIN -TANQUE MIRAFLORES","2023-01-01","","0.06541667"
"MEDELLIN -TANQUE MIRAFLORES","2022-12-31","","0.00521739"
"MEDELLIN -TANQUE MIRAFLORES","2022-12-30","","0.02458333"
"MEDELLIN -TANQUE MIRAFLORES","2022-12-29","","0.00708333"
"MEDELLIN -TANQUE MIRAFLORES","2022-12-28","","0.00125"
"MEDELLIN -TANQUE MIRAFLORES","2022-12-27","","0.11333333"
"MEDELLIN -TANQUE MIRAFLORES","2022-12-26","","0.01958333"
"MEDELLIN -TANQUE MIRAFLORES","2022-12-25","","0.00375"
"MEDELLIN -TANQUE MIRAFLORES","2022-12-24","","0.0"
"MEDELLIN -TANQUE MIRAFLORES","2022-12-23","","0.00541667"
"MEDELLIN -TANQUE MIRAFLORES","2022-12-22","","0.0"
"MEDELLIN -TANQUE MIRAFLORES","2022-12-21","","4.1667E-4"
"MEDELLIN -TANQUE MIRAFLORES","2022-12-20","","4.1667E-4"
"MEDELLIN -TANQUE MIRAFLORES","2022-12-19","","0.0"
"MEDELLIN -TANQUE MIRAFLORES","2022-12-18","","0.00833333"
"MEDELLIN -TANQUE MIRAFLORES","2022-12-17","","0.03791667"
"MEDELLIN -TANQUE MIRAFLORES","2022-12-16","","0.01"
"MEDELLIN -TANQUE MIRAFLORES","2022-12-15","","0.0"
"MEDELLIN -TANQUE MIRAFLORES","2022-12-14","","0.00916667"
"MEDELLIN -TANQUE MIRAFLORES","2022-12-13","","0.01416667"
"MEDELLIN -TANQUE MIRAFLORES","2022-12-12","","0.00916667"
"MEDELLIN -TANQUE MIRAFLORES","2022-12-11","","0.01208333"
"MEDELLIN -TANQUE MIRAFLORES","2022-12-10","","0.02041667"
"MEDELLIN -TANQUE MIRAFLORES","2022-12-09","","0.01"
"MEDELLIN -TANQUE MIRAFLORES","2022-12-08","","0.03666667"
"MEDELLIN -TANQUE MIRAFLORES","2022-12-07","","4.1667E-4"
"MEDELLIN -TANQUE MIRAFLORES","2022-12-06","","0.035"
"MEDELLIN -TANQUE MIRAFLORES","2022-12-05","","0.01333333"
"MEDELLIN -TANQUE MIRAFLORES","2022-12-04","","0.03541667"
"MEDELLIN -TANQUE MIRAFLORES","2022-12-03","","0.00125"
"MEDELLIN -TANQUE MIRAFLORES","2022-12-02","","0.0025"
"MEDELLIN -TANQUE MIRAFLORES","2022-12-01","","0.0"
"MEDELLIN -TANQUE MIRAFLORES","2022-11-30","","0.07956522"
"MEDELLIN -TANQUE MIRAFLORES","2022-11-29","","0.04083333"
"MEDELLIN -TANQUE MIRAFLORES","2022-11-28","","0.15958333"
"MEDELLIN -TANQUE MIRAFLORES","2022-11-27","","0.13083333"
"MEDELLIN -TANQUE MIRAFLORES","2022-11-26","","0.02583333"
"MEDELLIN -TANQUE MIRAFLORES","2022-11-25","","0.00791667"
"MEDELLIN -TANQUE MIRAFLORES","2022-11-24","","0.05375"
"MEDELLIN -TANQUE MIRAFLORES","2022-11-23","","0.30291667"
"MEDELLIN -TANQUE MIRAFLORES","2022-11-22","","0.07125"
"MEDELLIN -TANQUE MIRAFLORES","2022-11-21","","0.20916667"
"MEDELLIN -TANQUE MIRAFLORES","2022-11-20","","0.17208333"
"MEDELLIN -TANQUE MIRAFLORES","2022-11-19","","0.0"
"MEDELLIN -TANQUE MIRAFLORES","2022-11-18","","0.18958333"
"MEDELLIN -TANQUE MIRAFLORES","2022-11-17","","0.00166667"
"MEDELLIN -TANQUE MIRAFLORES","2022-11-16","","0.02291667"
"MEDELLIN -TANQUE MIRAFLORES","2022-11-15","","0.01708333"
"MEDELLIN -TANQUE MIRAFLORES","2022-11-14","","0.08125"
"MEDELLIN -TANQUE MIRAFLORES","2022-11-13","","0.01833333"
"MEDELLIN -TANQUE MIRAFLORES","2022-11-12","","0.30166667"
"MEDELLIN -TANQUE MIRAFLORES","2022-11-11","","0.05"
"MEDELLIN -TANQUE MIRAFLORES","2022-11-08","","0.23428571"
"MEDELLIN -TANQUE MIRAFLORES","2022-11-07","","0.05625"
"MEDELLIN -TANQUE MIRAFLORES","2022-11-06","","0.00875"
"MEDELLIN -TANQUE MIRAFLORES","2022-11-05","","0.08625"
"MEDELLIN -TANQUE MIRAFLORES","2022-11-04","","0.04833333"
"MEDELLIN -TANQUE MIRAFLORES","2022-11-03","","0.12458333"
"MEDELLIN -TANQUE MIRAFLORES","2022-11-02","","0.04958333"
"MEDELLIN -TANQUE MIRAFLORES","2022-11-01","","0.00208333"
"MEDELLIN -TANQUE MIRAFLORES","2022-10-31","","0.01083333"
"MEDELLIN -TANQUE MIRAFLORES","2022-10-30","","0.0"
"MEDELLIN -TANQUE MIRAFLORES","2022-10-29","","0.06791667"
"MEDELLIN -TANQUE MIRAFLORES","2022-10-28","","0.43041667"
"MEDELLIN -TANQUE MIRAFLORES","2022-10-27","","0.07875"
"MEDELLIN -TANQUE MIRAFLORES","2022-10-26","","0.09875"
"MEDELLIN -TANQUE MIRAFLORES","2022-10-25","","0.00625"
"MEDELLIN -TANQUE MIRAFLORES","2022-10-24","","0.28083333"
"MEDELLIN -TANQUE MIRAFLORES","2022-10-23","","0.28625"
"MEDELLIN -TANQUE MIRAFLORES","2022-10-22","","0.28541667"
"MEDELLIN -TANQUE MIRAFLORES","2022-10-21","","0.01375"
"MEDELLIN -TANQUE MIRAFLORES","2022-10-20","","0.12541667"
"MEDELLIN -TANQUE MIRAFLORES","2022-10-19","","0.17416667"
"MEDELLIN -TANQUE MIRAFLORES","2022-10-18","","0.16875"
"MEDELLIN -TANQUE MIRAFLORES","2022-10-17","","0.03541667"
"MEDELLIN -TANQUE MIRAFLORES","2022-10-16","","0.0"
"MEDELLIN -TANQUE MIRAFLORES","2022-10-15","","0.075"
"MEDELLIN -TANQUE MIRAFLORES","2022-10-14","","0.07708333"
"MEDELLIN -TANQUE MIRAFLORES","2022-10-13","","0.10416667"
"MEDELLIN -TANQUE MIRAFLORES","2022-10-12","","0.00916667"
"MEDELLIN -TANQUE MIRAFLORES","2022-10-11","","0.0"
"MEDELLIN -TANQUE MIRAFLORES","2022-10-10","","0.01166667"
"MEDELLIN -TANQUE MIRAFLORES","2022-10-09","","0.04583333"
"MEDELLIN -TANQUE MIRAFLORES","2022-10-08","","0.09708333"
"MEDELLIN -TANQUE MIRAFLORES","2022-10-07","","0.18458333"
"MEDELLIN -TANQUE MIRAFLORES","2022-10-06","","0.09458333"
"MEDELLIN -TANQUE MIRAFLORES","2022-10-05","","0.04875"
"MEDELLIN -TANQUE MIRAFLORES","2022-10-04","","0.12958333"
"MEDELLIN -TANQUE MIRAFLORES","2022-10-03","","4.1667E-4"
"MEDELLIN -TANQUE MIRAFLORES","2022-10-02","","0.00208333"
"MEDELLIN -TANQUE MIRAFLORES","2022-10-01","","0.01291667"
"MEDELLIN -TANQUE MIRAFLORES","2022-09-30","","0.07666667"
"MEDELLIN -TANQUE MIRAFLORES","2022-09-29","","0.08833333"
"MEDELLIN -TANQUE MIRAFLORES","2022-09-28","","0.16833333"
"MEDELLIN -TANQUE MIRAFLORES","2022-09-27","","0.02875"
"MEDELLIN -TANQUE MIRAFLORES","2022-09-26","","8.3333E-4"
"MEDELLIN -TANQUE MIRAFLORES","2022-09-25","","0.05708333"
"MEDELLIN -TANQUE MIRAFLORES","2022-09-24","","0.11333333"
"MEDELLIN -TANQUE MIRAFLORES","2022-09-23","","0.33285714"
"MEDELLIN -TANQUE MIRAFLORES","2022-09-19","","0.10375"
"MEDELLIN -TANQUE MIRAFLORES","2022-09-18","","0.21"
"MEDELLIN -TANQUE MIRAFLORES","2022-09-17","","0.02125"
"MEDELLIN -TANQUE MIRAFLORES","2022-09-16","","0.30875"
"MEDELLIN -TANQUE MIRAFLORES","2022-09-15","","0.0275"
"MEDELLIN -TANQUE MIRAFLORES","2022-09-14","","0.15583333"
"MEDELLIN -TANQUE MIRAFLORES","2022-09-13","","0.18625"
"MEDELLIN -TANQUE MIRAFLORES","2022-09-12","","0.07875"
"MEDELLIN -TANQUE MIRAFLORES","2022-09-11","","0.00583333"
"MEDELLIN -TANQUE MIRAFLORES","2022-09-10","","0.01541667"
"MEDELLIN -TANQUE MIRAFLORES","2022-09-09","","0.09625"
"MEDELLIN -TANQUE MIRAFLORES","2022-09-08","","0.045"
"MEDELLIN -TANQUE MIRAFLORES","2022-09-07","","0.03416667"
"MEDELLIN -TANQUE MIRAFLORES","2022-09-06","","0.11166667"
"MEDELLIN -TANQUE MIRAFLORES","2022-09-05","","0.0"
"MEDELLIN -TANQUE MIRAFLORES","2022-09-04","","0.13291667"
"MEDELLIN -TANQUE MIRAFLORES","2022-09-03","","0.0675"
"MEDELLIN -TANQUE MIRAFLORES","2022-09-02","","0.01416667"
"MEDELLIN -TANQUE MIRAFLORES","2022-09-01","","0.04125"
"MEDELLIN -TANQUE MIRAFLORES","2022-08-31","","0.12608696"
"MEDELLIN -TANQUE MIRAFLORES","2022-08-30","","0.02"
"MEDELLIN -TANQUE MIRAFLORES","2022-08-29","","0.24136364"
"MEDELLIN -TANQUE MIRAFLORES","2022-08-28","","0.26541667"
"MEDELLIN -TANQUE MIRAFLORES","2022-08-27","","0.0525"
"MEDELLIN -TANQUE MIRAFLORES","2022-08-26","","0.03541667"
"MEDELLIN -TANQUE MIRAFLORES","2022-08-25","","0.00208333"
"MEDELLIN -TANQUE MIRAFLORES","2022-08-24","","8.3333E-4"
"MEDELLIN -TANQUE MIRAFLORES","2022-08-21","","0.44291667"
"MEDELLIN -TANQUE MIRAFLORES","2022-08-20","","0.03625"
"MEDELLIN -TANQUE MIRAFLORES","2022-08-19","","0.03875"
"MEDELLIN -TANQUE MIRAFLORES","2022-08-18","","0.0025"
"MEDELLIN -TANQUE MIRAFLORES","2022-08-17","","0.0"
"MEDELLIN -TANQUE MIRAFLORES","2022-08-16","","0.1475"
"MEDELLIN -TANQUE MIRAFLORES","2022-08-15","","0.22208333"
"MEDELLIN -TANQUE MIRAFLORES","2022-08-14","","0.16083333"
"MEDELLIN -TANQUE MIRAFLORES","2022-08-13","","0.15708333"
"MEDELLIN -TANQUE MIRAFLORES","2022-08-12","","0.0425"
"MEDELLIN -TANQUE MIRAFLORES","2022-08-11","","0.0"
"MEDELLIN -TANQUE MIRAFLORES","2022-08-10","","0.0"
"MEDELLIN -TANQUE MIRAFLORES","2022-08-09","","0.00875"
"MEDELLIN -TANQUE MIRAFLORES","2022-08-08","","0.01083333"
"MEDELLIN -TANQUE MIRAFLORES","2022-08-07","","0.0"
"MEDELLIN -TANQUE MIRAFLORES","2022-08-06","","0.27583333"
"MEDELLIN -TANQUE MIRAFLORES","2022-08-05","","0.39125"
"MEDELLIN -TANQUE MIRAFLORES","2022-08-04","","0.02583333"
"MEDELLIN -TANQUE MIRAFLORES","2022-08-03","","0.02916667"
"MEDELLIN -TANQUE MIRAFLORES","2022-08-02","","0.27375"
"MEDELLIN -TANQUE MIRAFLORES","2022-08-01","","0.26666667"
"MEDELLIN -TANQUE MIRAFLORES","2022-07-31","","0.03882353"
"MEDELLIN -TANQUE MIRAFLORES","2022-07-30","","0.0"
"MEDELLIN -TANQUE MIRAFLORES","2022-07-29","","0.04416667"
"MEDELLIN -TANQUE MIRAFLORES","2022-07-28","","0.45875"
"MEDELLIN -TANQUE MIRAFLORES","2022-07-27","","0.215"
"MEDELLIN -TANQUE MIRAFLORES","2022-07-26","","0.02375"
"MEDELLIN -TANQUE MIRAFLORES","2022-07-25","","0.4875"
"MEDELLIN -TANQUE MIRAFLORES","2022-07-24","","0.02208333"
"MEDELLIN -TANQUE MIRAFLORES","2022-07-23","","0.13791667"
"MEDELLIN -TANQUE MIRAFLORES","2022-07-22","","0.10958333"
"MEDELLIN -TANQUE MIRAFLORES","2022-07-21","","0.0"
"MEDELLIN -TANQUE MIRAFLORES","2022-07-20","","0.00916667"
"MEDELLIN -TANQUE MIRAFLORES","2022-07-19","","4.1667E-4"
"MEDELLIN -TANQUE MIRAFLORES","2022-07-18","","0.04666667"
"MEDELLIN -TANQUE MIRAFLORES","2022-07-17","","0.07958333"
"MEDELLIN -TANQUE MIRAFLORES","2022-07-16","","0.02541667"
"MEDELLIN -TANQUE MIRAFLORES","2022-07-15","","0.01791667"
"MEDELLIN -TANQUE MIRAFLORES","2022-07-14","","0.0675"
"MEDELLIN -TANQUE MIRAFLORES","2022-07-13","","0.08541667"
"MEDELLIN -TANQUE MIRAFLORES","2022-07-12","","0.00125"
"MEDELLIN -TANQUE MIRAFLORES","2022-07-11","","0.20791667"
"MEDELLIN -TANQUE MIRAFLORES","2022-07-10","","0.04791667"
"MEDELLIN -TANQUE MIRAFLORES","2022-07-09","","0.0"
"MEDELLIN -TANQUE MIRAFLORES","2022-07-08","","0.0075"
"MEDELLIN -TANQUE MIRAFLORES","2022-07-07","","0.0"
"MEDELLIN -TANQUE MIRAFLORES","2022-07-06","","0.02541667"
"MEDELLIN -TANQUE MIRAFLORES","2022-07-05","","0.00291667"
"MEDELLIN -TANQUE MIRAFLORES","2022-07-04","","0.03583333"
"MEDELLIN -TANQUE MIRAFLORES","2022-07-03","","0.00583333"
"MEDELLIN -TANQUE MIRAFLORES","2022-07-02","","0.07916667"
"MEDELLIN -TANQUE MIRAFLORES","2022-07-01","","0.20958333"
"MEDELLIN -TANQUE MIRAFLORES","2022-06-30","","0.05608696"
"MEDELLIN -TANQUE MIRAFLORES","2022-06-29","","0.21083333"
"MEDELLIN -TANQUE MIRAFLORES","2022-06-28","","0.24375"
"MEDELLIN -TANQUE MIRAFLORES","2022-06-27","","0.12833333"
"MEDELLIN -TANQUE MIRAFLORES","2022-06-26","","0.14583333"
"MEDELLIN -TANQUE MIRAFLORES","2022-06-25","","0.24208333"
"MEDELLIN -TANQUE MIRAFLORES","2022-06-24","","0.03083333"
"MEDELLIN -TANQUE MIRAFLORES","2022-06-23","","0.03541667"
"MEDELLIN -TANQUE MIRAFLORES","2022-06-22","","0.09416667"
"MEDELLIN -TANQUE MIRAFLORES","2022-06-21","","0.05125"
"MEDELLIN -TANQUE MIRAFLORES","2022-06-20","","0.0325"
"MEDELLIN -TANQUE MIRAFLORES","2022-06-19","","0.13875"
"MEDELLIN -TANQUE MIRAFLORES","2022-06-18","","0.17375"
"MEDELLIN -TANQUE MIRAFLORES","2022-06-17","","0.20461538"
"MEDELLIN -TANQUE MIRAFLORES","2022-06-16","","0.06333333"
"MEDELLIN -TANQUE MIRAFLORES","2022-06-15","","0.15333333"
"MEDELLIN -TANQUE MIRAFLORES","2022-06-14","","0.29227273"
"MEDELLIN -TANQUE MIRAFLORES","2022-06-13","","0.02428571"
"MEDELLIN -TANQUE MIRAFLORES","2022-06-12","","0.07166667"
"MEDELLIN -TANQUE MIRAFLORES","2022-06-11","","0.25916667"
"MEDELLIN -TANQUE MIRAFLORES","2022-06-10","","0.02"
"MEDELLIN -TANQUE MIRAFLORES","2022-06-09","","0.0725"
"MEDELLIN -TANQUE MIRAFLORES","2022-06-08","","0.10958333"
"MEDELLIN -TANQUE MIRAFLORES","2022-06-07","","0.05541667"
"MEDELLIN -TANQUE MIRAFLORES","2022-06-06","","0.13875"
"MEDELLIN -TANQUE MIRAFLORES","2022-06-05","","0.04333333"
"MEDELLIN -TANQUE MIRAFLORES","2022-06-04","","0.05583333"
"MEDELLIN -TANQUE MIRAFLORES","2022-06-03","","0.08458333"
"MEDELLIN -TANQUE MIRAFLORES","2022-06-02","","0.65923077"
"MEDELLIN -TANQUE MIRAFLORES","2022-05-25","","0.00142857"
"MEDELLIN -TANQUE MIRAFLORES","2022-05-24","","0.05083333"
"MEDELLIN -TANQUE MIRAFLORES","2022-05-23","","0.0"
"MEDELLIN -TANQUE MIRAFLORES","2022-05-22","","0.02125"
"MEDELLIN -TANQUE MIRAFLORES","2022-05-21","","0.21208333"
"MEDELLIN -TANQUE MIRAFLORES","2022-05-20","","0.0825"
"MEDELLIN -TANQUE MIRAFLORES","2022-05-19","","0.05"
"MEDELLIN -TANQUE MIRAFLORES","2022-05-18","","0.2025"
"MEDELLIN -TANQUE MIRAFLORES","2022-05-17","","0.16208333"
"MEDELLIN -TANQUE MIRAFLORES","2022-05-16","","0.07416667"
"MEDELLIN -TANQUE MIRAFLORES","2022-05-15","","0.12375"
"MEDELLIN -TANQUE MIRAFLORES","2022-05-14","","0.08541667"
"MEDELLIN -TANQUE MIRAFLORES","2022-05-13","","0.01875"
"MEDELLIN -TANQUE MIRAFLORES","2022-05-12","","0.085"
"MEDELLIN -TANQUE MIRAFLORES","2022-05-11","","0.13375"
"MEDELLIN -TANQUE MIRAFLORES","2022-05-10","","0.03458333"
"MEDELLIN -TANQUE MIRAFLORES","2022-05-09","","0.02041667"
"MEDELLIN -TANQUE MIRAFLORES","2022-05-08","","0.01083333"
"MEDELLIN -TANQUE MIRAFLORES","2022-05-07","","0.42583333"
"MEDELLIN -TANQUE MIRAFLORES","2022-05-06","","0.24125"
"MEDELLIN -TANQUE MIRAFLORES","2022-05-05","","0.14791667"
"MEDELLIN -TANQUE MIRAFLORES","2022-05-04","","0.01125"
"MEDELLIN -TANQUE MIRAFLORES","2022-05-03","","0.00125"
"MEDELLIN -TANQUE MIRAFLORES","2022-05-02","","0.03166667"
"MEDELLIN -TANQUE MIRAFLORES","2022-05-01","","0.0"
"MEDELLIN -TANQUE MIRAFLORES","2022-04-30","","0.02043478"
"MEDELLIN -TANQUE MIRAFLORES","2022-04-29","","0.02708333"
"MEDELLIN -TANQUE MIRAFLORES","2022-04-28","","0.14458333"
"MEDELLIN -TANQUE MIRAFLORES","2022-04-27","","0.06833333"
"MEDELLIN -TANQUE MIRAFLORES","2022-04-26","","0.07666667"
"MEDELLIN -TANQUE MIRAFLORES","2022-04-25","","0.10791667"
"MEDELLIN -TANQUE MIRAFLORES","2022-04-24","","0.08416667"
"MEDELLIN -TANQUE MIRAFLORES","2022-04-23","","0.06291667"
"MEDELLIN -TANQUE MIRAFLORES","2022-04-22","","0.11958333"
"MEDELLIN -TANQUE MIRAFLORES","2022-04-21","","0.1975"
"MEDELLIN -TANQUE MIRAFLORES","2022-04-20","","0.34307692"
"MEDELLIN -TANQUE MIRAFLORES","2022-04-10","","0.044"
"MEDELLIN -TANQUE MIRAFLORES","2022-04-09","","0.06291667"
"MEDELLIN -TANQUE MIRAFLORES","2022-04-08","","0.05111111"
"MEDELLIN -TANQUE MIRAFLORES","2022-04-07","","0.42666667"
"MEDELLIN -TANQUE MIRAFLORES","2022-04-06","","0.18916667"
"MEDELLIN -TANQUE MIRAFLORES","2022-04-05","","0.175"
"MEDELLIN -TANQUE MIRAFLORES","2022-04-04","","0.24"
"MEDELLIN -TANQUE MIRAFLORES","2022-04-03","","0.01636364"
"MEDELLIN -TANQUE MIRAFLORES","2022-04-02","","0.00625"
"MEDELLIN -TANQUE MIRAFLORES","2022-04-01","","0.21636364"
"MEDELLIN -TANQUE MIRAFLORES","2022-03-31","","0.11294118"
"MEDELLIN -TANQUE MIRAFLORES","2022-03-30","","0.1725"
"MEDELLIN -TANQUE MIRAFLORES","2022-03-29","","0.26222222"
"MEDELLIN -TANQUE MIRAFLORES","2022-03-28","","0.02571429"
"MEDELLIN -TANQUE MIRAFLORES","2022-03-27","","0.385"
"MEDELLIN -TANQUE MIRAFLORES","2022-03-26","","0.01357143"
"MEDELLIN -TANQUE MIRAFLORES","2022-03-25","","0.04944444"
"MEDELLIN -TANQUE MIRAFLORES","2022-03-24","","0.0"
"MEDELLIN -TANQUE MIRAFLORES","2022-03-23","","0.05291667"
"MEDELLIN -TANQUE MIRAFLORES","2022-03-22","","0.04222222"
"MEDELLIN -TANQUE MIRAFLORES","2022-03-21","","0.04888889"
"MEDELLIN -TANQUE MIRAFLORES","2022-03-20","","0.016"
"MEDELLIN -TANQUE MIRAFLORES","2022-03-19","","0.03"
"MEDELLIN -TANQUE MIRAFLORES","2022-03-18","","0.02764706"
"MEDELLIN -TANQUE MIRAFLORES","2022-03-17","","0.0155"
"MEDELLIN -TANQUE MIRAFLORES","2022-03-16","","0.17958333"
"MEDELLIN -TANQUE MIRAFLORES","2022-03-15","","0.0247619"
"MEDELLIN -TANQUE MIRAFLORES","2022-03-14","","0.12958333"
"MEDELLIN -TANQUE MIRAFLORES","2022-03-13","","0.0"
"MEDELLIN -TANQUE MIRAFLORES","2022-03-12","","0.06125"
"MEDELLIN -TANQUE MIRAFLORES","2022-03-11","","0.04041667"
"MEDELLIN -TANQUE MIRAFLORES","2022-03-10","","0.0"
"MEDELLIN -TANQUE MIRAFLORES","2022-03-09","","0.00333333"
"MEDELLIN -TANQUE MIRAFLORES","2022-03-08","","0.0"
"MEDELLIN -TANQUE MIRAFLORES","2022-03-07","","0.0075"
"MEDELLIN -TANQUE MIRAFLORES","2022-03-06","","0.17291667"
"MEDELLIN -TANQUE MIRAFLORES","2022-03-05","","0.28291667"
"MEDELLIN -TANQUE MIRAFLORES","2022-03-04","","0.0575"
"MEDELLIN -TANQUE MIRAFLORES","2022-03-03","","0.02375"
"MEDELLIN -TANQUE MIRAFLORES","2022-03-02","","0.19625"
"MEDELLIN -TANQUE MIRAFLORES","2022-03-01","","0.07083333"
"MEDELLIN -TANQUE MIRAFLORES","2022-02-28","","0.20695652"
"MEDELLIN -TANQUE MIRAFLORES","2022-02-27","","0.17708333"
"MEDELLIN -TANQUE MIRAFLORES","2022-02-26","","0.00333333"
"MEDELLIN -TANQUE MIRAFLORES","2022-02-25","","0.00666667"
"MEDELLIN -TANQUE MIRAFLORES","2022-02-24","","0.0"
"MEDELLIN -TANQUE MIRAFLORES","2022-02-23","","0.0"
"MEDELLIN -TANQUE MIRAFLORES","2022-02-21","","0.12875"
"MEDELLIN -TANQUE MIRAFLORES","2022-02-20","","0.02583333"
"MEDELLIN -TANQUE MIRAFLORES","2022-02-19","","0.16708333"
"MEDELLIN -TANQUE MIRAFLORES","2022-02-18","","0.15166667"
"MEDELLIN -TANQUE MIRAFLORES","2022-02-17","","0.00625"
"MEDELLIN -TANQUE MIRAFLORES","2022-02-16","","0.0"
"MEDELLIN -TANQUE MIRAFLORES","2022-02-15","","0.00208333"
"MEDELLIN -TANQUE MIRAFLORES","2022-02-14","","0.11541667"
"MEDELLIN -TANQUE MIRAFLORES","2022-02-13","","0.10166667"
"MEDELLIN -TANQUE MIRAFLORES","2022-02-12","","0.0"
"MEDELLIN -TANQUE MIRAFLORES","2022-02-11","","0.0"
"MEDELLIN -TANQUE MIRAFLORES","2022-02-08","","0.112"
"MEDELLIN -TANQUE MIRAFLORES","2022-02-07","","0.0475"
"MEDELLIN -TANQUE MIRAFLORES","2022-02-06","","0.04333333"
"MEDELLIN -TANQUE MIRAFLORES","2022-02-05","","0.10875"
"MEDELLIN -TANQUE MIRAFLORES","2022-02-04","","0.145"
"MEDELLIN -TANQUE MIRAFLORES","2022-02-03","","0.0"
"MEDELLIN -TANQUE MIRAFLORES","2022-02-02","","4.1667E-4"
"MEDELLIN -TANQUE MIRAFLORES","2022-02-01","","0.0"
"MEDELLIN -TANQUE MIRAFLORES","2022-01-31","","0.0"
"MEDELLIN -TANQUE MIRAFLORES","2022-01-30","","0.0"
"MEDELLIN -TANQUE MIRAFLORES","2022-01-29","","0.0"
"MEDELLIN -TANQUE MIRAFLORES","2022-01-28","","0.0"
"MEDELLIN -TANQUE MIRAFLORES","2022-01-27","","0.00125"
"MEDELLIN -TANQUE MIRAFLORES","2022-01-26","","0.0"
"MEDELLIN -TANQUE MIRAFLORES","2022-01-25","","0.05125"
"MEDELLIN -TANQUE MIRAFLORES","2022-01-24","","0.00125"
"MEDELLIN -TANQUE MIRAFLORES","2022-01-23","","0.0"
"MEDELLIN -TANQUE MIRAFLORES","2022-01-22","","0.00916667"
"MEDELLIN -TANQUE MIRAFLORES","2022-01-21","","0.0"
"MEDELLIN -TANQUE MIRAFLORES","2022-01-20","","0.00583333"
"MEDELLIN -TANQUE MIRAFLORES","2022-01-19","","0.00125"
"MEDELLIN -TANQUE MIRAFLORES","2022-01-18","","0.00916667"
"MEDELLIN -TANQUE MIRAFLORES","2022-01-17","","0.01291667"
"MEDELLIN -TANQUE MIRAFLORES","2022-01-16","","0.0"
"MEDELLIN -TANQUE MIRAFLORES","2022-01-15","","8.3333E-4"
"MEDELLIN -TANQUE MIRAFLORES","2022-01-14","","0.01375"
"MEDELLIN -TANQUE MIRAFLORES","2022-01-13","","0.06125"
"MEDELLIN -TANQUE MIRAFLORES","2022-01-12","","0.0725"
"MEDELLIN -TANQUE MIRAFLORES","2022-01-11","","0.02083333"
"MEDELLIN -TANQUE MIRAFLORES","2022-01-10","","0.01958333"
"MEDELLIN -TANQUE MIRAFLORES","2022-01-09","","0.0"
"MEDELLIN -TANQUE MIRAFLORES","2022-01-08","","0.01208333"
"MEDELLIN -TANQUE MIRAFLORES","2022-01-07","","0.165"
"MEDELLIN -TANQUE MIRAFLORES","2022-01-06","","0.34"
"MEDELLIN -TANQUE MIRAFLORES","2022-01-05","","0.0"
"MEDELLIN -TANQUE MIRAFLORES","2022-01-04","","0.0"
"MEDELLIN -TANQUE MIRAFLORES","2022-01-03","","0.00166667"
"MEDELLIN -TANQUE MIRAFLORES","2022-01-02","","0.09583333"
"MEDELLIN -TANQUE MIRAFLORES","2022-01-01","","0.10541667"
"MEDELLIN -TANQUE MIRAFLORES","2021-12-31","","0.00304348"
"MEDELLIN -TANQUE MIRAFLORES","2021-12-30","","0.05416667"
"MEDELLIN -TANQUE MIRAFLORES","2021-12-29","","0.15666667"
"MEDELLIN -TANQUE MIRAFLORES","2021-12-28","","0.00291667"
"MEDELLIN -TANQUE MIRAFLORES","2021-12-27","","0.10166667"
"MEDELLIN -TANQUE MIRAFLORES","2021-12-26","","0.01458333"
"MEDELLIN -TANQUE MIRAFLORES","2021-12-25","","0.00125"
"MEDELLIN -TANQUE MIRAFLORES","2021-12-24","","0.0"
"MEDELLIN -TANQUE MIRAFLORES","2021-12-23","","8.3333E-4"
"MEDELLIN -TANQUE MIRAFLORES","2021-12-22","","0.06583333"
"MEDELLIN -TANQUE MIRAFLORES","2021-12-21","","0.00166667"
"MEDELLIN -TANQUE MIRAFLORES","2021-12-20","","0.05833333"
"MEDELLIN -TANQUE MIRAFLORES","2021-12-19","","0.01083333"
"MEDELLIN -TANQUE MIRAFLORES","2021-12-18","","0.05291667"
"MEDELLIN -TANQUE MIRAFLORES","2021-12-17","","0.15791667"
"MEDELLIN -TANQUE MIRAFLORES","2021-12-16","","0.0"
"MEDELLIN -TANQUE MIRAFLORES","2021-12-15","","0.00166667"
"MEDELLIN -TANQUE MIRAFLORES","2021-12-14","","0.0"
"MEDELLIN -TANQUE MIRAFLORES","2021-12-13","","0.00875"
"MEDELLIN -TANQUE MIRAFLORES","2021-12-12","","0.02"
"MEDELLIN -TANQUE MIRAFLORES","2021-12-11","","0.05666667"
"MEDELLIN -TANQUE MIRAFLORES","2021-12-10","","4.1667E-4"
"MEDELLIN -TANQUE MIRAFLORES","2021-12-09","","0.0"
"MEDELLIN -TANQUE MIRAFLORES","2021-12-08","","0.0"
"MEDELLIN -TANQUE MIRAFLORES","2021-12-07","","0.0"
"MEDELLIN -TANQUE MIRAFLORES","2021-12-06","","0.02375"
"MEDELLIN -TANQUE MIRAFLORES","2021-12-05","","0.00125"
"MEDELLIN -TANQUE MIRAFLORES","2021-12-04","","0.10208333"
"MEDELLIN -TANQUE MIRAFLORES","2021-12-03","","0.08208333"
"MEDELLIN -TANQUE MIRAFLORES","2021-12-02","","0.0"
"MEDELLIN -TANQUE MIRAFLORES","2021-12-01","","0.07583333"
"MEDELLIN -TANQUE MIRAFLORES","2021-11-30","","0.15782609"
"MEDELLIN -TANQUE MIRAFLORES","2021-11-29","","0.01041667"
"MEDELLIN -TANQUE MIRAFLORES","2021-11-28","","0.0"
"MEDELLIN -TANQUE MIRAFLORES","2021-11-27","","0.09291667"
"MEDELLIN -TANQUE MIRAFLORES","2021-11-26","","0.03222222"
"MEDELLIN -TANQUE MIRAFLORES","2021-11-04","","0.0075"
"MEDELLIN -TANQUE MIRAFLORES","2021-11-02","","0.0"
"MEDELLIN -TANQUE MIRAFLORES","2021-10-11","","0.03826087"
"MEDELLIN -TANQUE MIRAFLORES","2021-10-10","","0.08708333"
"MEDELLIN -TANQUE MIRAFLORES","2021-10-09","","0.03208333"
"MEDELLIN -TANQUE MIRAFLORES","2021-10-08","","0.0"
"MEDELLIN -TANQUE MIRAFLORES","2021-10-07","","8.3333E-4"
"MEDELLIN -TANQUE MIRAFLORES","2021-10-06","","0.08333333"
"MEDELLIN -TANQUE MIRAFLORES","2021-10-05","","0.0725"
"MEDELLIN -TANQUE MIRAFLORES","2021-10-04","","0.005"
"MEDELLIN -TANQUE MIRAFLORES","2021-10-03","","0.01875"
"MEDELLIN -TANQUE MIRAFLORES","2021-10-02","","0.05875"
"MEDELLIN -TANQUE MIRAFLORES","2021-10-01","","0.005"
"MEDELLIN -TANQUE MIRAFLORES","2021-09-30","","0.09695652"
"MEDELLIN -TANQUE MIRAFLORES","2021-09-29","","0.0925"
"MEDELLIN -TANQUE MIRAFLORES","2021-09-28","","0.09416667"
"MEDELLIN -TANQUE MIRAFLORES","2021-09-27","","0.00375"
"MEDELLIN -TANQUE MIRAFLORES","2021-09-26","","0.0"
"MEDELLIN -TANQUE MIRAFLORES","2021-09-25","","0.00458333"
"MEDELLIN -TANQUE MIRAFLORES","2021-09-24","","0.1"
"MEDELLIN -TANQUE MIRAFLORES","2021-09-23","","0.50761905"
"MEDELLIN -TANQUE MIRAFLORES","2021-09-22","","1.17"
"MEDELLIN -TANQUE MIRAFLORES","2021-09-21","","0.24125"
"MEDELLIN -TANQUE MIRAFLORES","2021-09-20","","0.019375"
"MEDELLIN -TANQUE MIRAFLORES","2021-09-19","","0.195"
"MEDELLIN -TANQUE MIRAFLORES","2021-09-18","","0.00333333"
"MEDELLIN -TANQUE MIRAFLORES","2021-09-17","","0.00416667"
"MEDELLIN -TANQUE MIRAFLORES","2021-09-16","","0.00782609"
"MEDELLIN -TANQUE MIRAFLORES","2021-09-15","","0.20208333"
"MEDELLIN -TANQUE MIRAFLORES","2021-09-14","","0.03125"
"MEDELLIN -TANQUE MIRAFLORES","2021-09-13","","0.01208333"
"MEDELLIN -TANQUE MIRAFLORES","2021-09-12","","0.095"
"MEDELLIN -TANQUE MIRAFLORES","2021-09-11","","0.07583333"
"MEDELLIN -TANQUE MIRAFLORES","2021-09-10","","0.08"
"MEDELLIN -TANQUE MIRAFLORES","2021-09-09","","0.01208333"
"MEDELLIN -TANQUE MIRAFLORES","2021-09-08","","0.15041667"
"MEDELLIN -TANQUE MIRAFLORES","2021-09-07","","0.14416667"
"MEDELLIN -TANQUE MIRAFLORES","2021-09-06","","0.07791667"
"MEDELLIN -TANQUE MIRAFLORES","2021-09-05","","0.17416667"
"MEDELLIN -TANQUE MIRAFLORES","2021-09-04","","0.06125"
"MEDELLIN -TANQUE MIRAFLORES","2021-09-03","","0.01208333"
"MEDELLIN -TANQUE MIRAFLORES","2021-09-02","","0.01041667"
"MEDELLIN -TANQUE MIRAFLORES","2021-09-01","","0.11291667"
"MEDELLIN -TANQUE MIRAFLORES","2021-08-31","","0.30826087"
"MEDELLIN -TANQUE MIRAFLORES","2021-08-30","","0.30541667"
"MEDELLIN -TANQUE MIRAFLORES","2021-08-29","","0.00625"
"MEDELLIN -TANQUE MIRAFLORES","2021-08-28","","0.03625"
"MEDELLIN -TANQUE MIRAFLORES","2021-08-27","","0.03083333"
"MEDELLIN -TANQUE MIRAFLORES","2021-08-26","","0.01666667"
"MEDELLIN -TANQUE MIRAFLORES","2021-08-25","","0.1175"
"MEDELLIN -TANQUE MIRAFLORES","2021-08-24","","0.05166667"
"MEDELLIN -TANQUE MIRAFLORES","2021-08-23","","0.19125"
"MEDELLIN -TANQUE MIRAFLORES","2021-08-22","","0.00125"
"MEDELLIN -TANQUE MIRAFLORES","2021-08-21","","0.01166667"
"MEDELLIN -TANQUE MIRAFLORES","2021-08-20","","0.06166667"
"MEDELLIN -TANQUE MIRAFLORES","2021-08-19","","0.06041667"
"MEDELLIN -TANQUE MIRAFLORES","2021-08-18","","0.09625"
"MEDELLIN -TANQUE MIRAFLORES","2021-08-17","","0.24041667"
"MEDELLIN -TANQUE MIRAFLORES","2021-08-16","","0.11833333"
"MEDELLIN -TANQUE MIRAFLORES","2021-08-15","","0.18833333"
"MEDELLIN -TANQUE MIRAFLORES","2021-08-14","","0.31458333"
"MEDELLIN -TANQUE MIRAFLORES","2021-08-13","","0.13375"
"MEDELLIN -TANQUE MIRAFLORES","2021-08-12","","0.18727273"
"MEDELLIN -TANQUE MIRAFLORES","2021-08-11","","0.0"
"MEDELLIN -TANQUE MIRAFLORES","2021-08-04","","0.005"
"MEDELLIN -TANQUE MIRAFLORES","2021-07-28","","0.03294118"
"MEDELLIN -TANQUE MIRAFLORES","2021-07-27","","0.20541667"
"MEDELLIN -TANQUE MIRAFLORES","2021-07-26","","0.00875"
"MEDELLIN -TANQUE MIRAFLORES","2021-07-25","","0.19833333"
"MEDELLIN -TANQUE MIRAFLORES","2021-07-24","","0.16"
"MEDELLIN -TANQUE MIRAFLORES","2021-07-23","","0.00375"
"MEDELLIN -TANQUE MIRAFLORES","2021-07-22","","0.00333333"
"MEDELLIN -TANQUE MIRAFLORES","2021-07-21","","0.02642857"
"MEDELLIN -TANQUE MIRAFLORES","2021-07-20","","0.0075"
"MEDELLIN -TANQUE MIRAFLORES","2021-07-19","","0.00875"
"MEDELLIN -TANQUE MIRAFLORES","2021-07-18","","0.12428571"
"MEDELLIN -TANQUE MIRAFLORES","2021-07-17","","0.17416667"
"MEDELLIN -TANQUE MIRAFLORES","2021-07-16","","0.24166667"
"MEDELLIN -TANQUE MIRAFLORES","2021-07-15","","0.09666667"
"MEDELLIN -TANQUE MIRAFLORES","2021-07-14","","4.1667E-4"
"MEDELLIN -TANQUE MIRAFLORES","2021-07-13","","0.00791667"
"MEDELLIN -TANQUE MIRAFLORES","2021-07-12","","0.01666667"
"MEDELLIN -TANQUE MIRAFLORES","2021-07-11","","0.08958333"
"MEDELLIN -TANQUE MIRAFLORES","2021-07-10","","0.03583333"
"MEDELLIN -TANQUE MIRAFLORES","2021-07-09","","0.10913043"
"MEDELLIN -TANQUE MIRAFLORES","2021-07-08","","0.02041667"
"MEDELLIN -TANQUE MIRAFLORES","2021-07-07","","0.00583333"
"MEDELLIN -TANQUE MIRAFLORES","2021-07-06","","0.00208333"
"MEDELLIN -TANQUE MIRAFLORES","2021-07-05","","0.00625"
"MEDELLIN -TANQUE MIRAFLORES","2021-07-04","","4.1667E-4"
"MEDELLIN -TANQUE MIRAFLORES","2021-07-03","","0.00166667"
"MEDELLIN -TANQUE MIRAFLORES","2021-07-02","","0.02958333"
"MEDELLIN -TANQUE MIRAFLORES","2021-07-01","","0.00333333"
"MEDELLIN -TANQUE MIRAFLORES","2021-06-30","","0.0"
"MEDELLIN -TANQUE MIRAFLORES","2021-06-29","","0.03958333"
"MEDELLIN -TANQUE MIRAFLORES","2021-06-28","","0.18333333"
"MEDELLIN -TANQUE MIRAFLORES","2021-06-27","","0.05375"
"MEDELLIN -TANQUE MIRAFLORES","2021-06-26","","0.0125"
"MEDELLIN -TANQUE MIRAFLORES","2021-06-25","","0.04916667"
"MEDELLIN -TANQUE MIRAFLORES","2021-06-24","","0.23125"
"MEDELLIN -TANQUE MIRAFLORES","2021-06-23","","0.10666667"
"MEDELLIN -TANQUE MIRAFLORES","2021-06-22","","0.06208333"
"MEDELLIN -TANQUE MIRAFLORES","2021-06-21","","0.00791667"
"MEDELLIN -TANQUE MIRAFLORES","2021-06-20","","0.18875"
"MEDELLIN -TANQUE MIRAFLORES","2021-06-19","","0.04916667"
"MEDELLIN -TANQUE MIRAFLORES","2021-06-18","","0.04041667"
"MEDELLIN -TANQUE MIRAFLORES","2021-06-17","","0.06291667"
"MEDELLIN -TANQUE MIRAFLORES","2021-06-16","","0.065"
"MEDELLIN -TANQUE MIRAFLORES","2021-06-15","","0.1475"
"MEDELLIN -TANQUE MIRAFLORES","2021-06-14","","0.20625"
"MEDELLIN -TANQUE MIRAFLORES","2021-06-13","","0.07083333"
"MEDELLIN -TANQUE MIRAFLORES","2021-06-12","","0.2125"
"MEDELLIN -TANQUE MIRAFLORES","2021-06-11","","0.46"
"MEDELLIN -TANQUE MIRAFLORES","2021-06-10","","0.01166667"
"MEDELLIN -TANQUE MIRAFLORES","2021-06-09","","0.1725"
"MEDELLIN -TANQUE MIRAFLORES","2021-06-08","","0.47166667"
"MEDELLIN -TANQUE MIRAFLORES","2021-06-07","","0.1625"
"MEDELLIN -TANQUE MIRAFLORES","2021-06-06","","0.09208333"
"MEDELLIN -TANQUE MIRAFLORES","2021-06-05","","0.00666667"
"MEDELLIN -TANQUE MIRAFLORES","2021-06-04","","0.0025"
"MEDELLIN -TANQUE MIRAFLORES","2021-06-03","","0.05"
"MEDELLIN -TANQUE MIRAFLORES","2021-06-02","","0.02041667"
"MEDELLIN -TANQUE MIRAFLORES","2021-06-01","","0.50708333"
"MEDELLIN -TANQUE MIRAFLORES","2021-05-31","","0.26956522"
"MEDELLIN -TANQUE MIRAFLORES","2021-05-30","","0.11208333"
"MEDELLIN -TANQUE MIRAFLORES","2021-05-29","","0.08041667"
"MEDELLIN -TANQUE MIRAFLORES","2021-05-28","","0.02333333"
"MEDELLIN -TANQUE MIRAFLORES","2021-05-27","","0.12583333"
"MEDELLIN -TANQUE MIRAFLORES","2021-05-26","","0.06875"
"MEDELLIN -TANQUE MIRAFLORES","2021-05-25","","0.07826087"
"MEDELLIN -TANQUE MIRAFLORES","2021-05-24","","0.07333333"
"MEDELLIN -TANQUE MIRAFLORES","2021-05-23","","0.0"
"MEDELLIN -TANQUE MIRAFLORES","2021-05-21","","0.0"
"MEDELLIN -TANQUE MIRAFLORES","2021-05-20","","4.3478E-4"
"MEDELLIN -TANQUE MIRAFLORES","2021-05-19","","0.01375"
"MEDELLIN -TANQUE MIRAFLORES","2021-05-18","","0.15916667"
"MEDELLIN -TANQUE MIRAFLORES","2021-05-17","","0.33041667"
"MEDELLIN -TANQUE MIRAFLORES","2021-05-16","","0.23666667"
"MEDELLIN -TANQUE MIRAFLORES","2021-05-15","","0.03434783"
"MEDELLIN -TANQUE MIRAFLORES","2021-05-14","","0.04125"
"MEDELLIN -TANQUE MIRAFLORES","2021-05-13","","0.04208333"
"MEDELLIN -TANQUE MIRAFLORES","2021-05-12","","0.04291667"
"MEDELLIN -TANQUE MIRAFLORES","2021-05-11","","0.0075"
"MEDELLIN -TANQUE MIRAFLORES","2021-05-10","","0.06869565"
"MEDELLIN -TANQUE MIRAFLORES","2021-05-09","","0.06708333"
"MEDELLIN -TANQUE MIRAFLORES","2021-05-08","","0.11375"
"MEDELLIN -TANQUE MIRAFLORES","2021-05-07","","0.0"
"MEDELLIN -TANQUE MIRAFLORES","2021-05-06","","0.25166667"
"MEDELLIN -TANQUE MIRAFLORES","2021-05-05","","0.06304348"
"MEDELLIN -TANQUE MIRAFLORES","2021-05-04","","0.10958333"
"MEDELLIN -TANQUE MIRAFLORES","2021-05-03","","0.21375"
"MEDELLIN -TANQUE MIRAFLORES","2021-05-02","","0.36916667"
"MEDELLIN -TANQUE MIRAFLORES","2021-05-01","","0.02458333"
"MEDELLIN -TANQUE MIRAFLORES","2021-04-30","","0.1725"
"MEDELLIN -TANQUE MIRAFLORES","2021-04-29","","0.10833333"
"MEDELLIN -TANQUE MIRAFLORES","2021-04-28","","0.25333333"
"MEDELLIN -TANQUE MIRAFLORES","2021-04-27","","0.07375"
"MEDELLIN -TANQUE MIRAFLORES","2021-04-26","","0.07041667"
"MEDELLIN -TANQUE MIRAFLORES","2021-04-25","","0.02208333"
"MEDELLIN -TANQUE MIRAFLORES","2021-04-24","","0.01833333"
"MEDELLIN -TANQUE MIRAFLORES","2021-04-23","","0.02833333"
"MEDELLIN -TANQUE MIRAFLORES","2021-04-22","","4.1667E-4"
"MEDELLIN -TANQUE MIRAFLORES","2021-04-21","","0.00166667"
"MEDELLIN -TANQUE MIRAFLORES","2021-04-20","","0.00208333"
"MEDELLIN -TANQUE MIRAFLORES","2021-04-19","","4.1667E-4"
"MEDELLIN -TANQUE MIRAFLORES","2021-04-18","","0.00166667"
"MEDELLIN -TANQUE MIRAFLORES","2021-04-17","","0.00583333"
"MEDELLIN -TANQUE MIRAFLORES","2021-04-16","","0.05166667"
"MEDELLIN -TANQUE MIRAFLORES","2021-04-15","","0.12125"
"MEDELLIN -TANQUE MIRAFLORES","2021-04-14","","0.0"
"MEDELLIN -TANQUE MIRAFLORES","2021-04-13","","0.0"
"MEDELLIN -TANQUE MIRAFLORES","2021-04-12","","8.3333E-4"
"MEDELLIN -TANQUE MIRAFLORES","2021-04-11","","0.08583333"
"MEDELLIN -TANQUE MIRAFLORES","2021-04-10","","0.04166667"
"MEDELLIN -TANQUE MIRAFLORES","2021-04-09","","0.15875"
"MEDELLIN -TANQUE MIRAFLORES","2021-04-08","","0.00833333"
"MEDELLIN -TANQUE MIRAFLORES","2021-04-07","","0.00583333"
"MEDELLIN -TANQUE MIRAFLORES","2021-04-06","","0.13458333"
"MEDELLIN -TANQUE MIRAFLORES","2021-04-05","","0.24416667"
"MEDELLIN -TANQUE MIRAFLORES","2021-04-04","","0.05916667"
"MEDELLIN -TANQUE MIRAFLORES","2021-04-03","","0.04666667"
"MEDELLIN -TANQUE MIRAFLORES","2021-04-02","","0.24125"
"MEDELLIN -TANQUE MIRAFLORES","2021-04-01","","0.02"
"MEDELLIN -TANQUE MIRAFLORES","2021-03-31","","0.0"
"MEDELLIN -TANQUE MIRAFLORES","2021-03-30","","0.00791667"
"MEDELLIN -TANQUE MIRAFLORES","2021-03-29","","0.0"
"MEDELLIN -TANQUE MIRAFLORES","2021-03-28","","0.03375"
"MEDELLIN -TANQUE MIRAFLORES","2021-03-27","","0.0575"
"MEDELLIN -TANQUE MIRAFLORES","2021-03-26","","0.03083333"
"MEDELLIN -TANQUE MIRAFLORES","2021-03-25","","0.00166667"
"MEDELLIN -TANQUE MIRAFLORES","2021-03-24","","0.14916667"
"MEDELLIN -TANQUE MIRAFLORES","2021-03-23","","0.25625"
"MEDELLIN -TANQUE MIRAFLORES","2021-03-22","","0.34791667"
"MEDELLIN -TANQUE MIRAFLORES","2021-03-21","","0.10083333"
"MEDELLIN -TANQUE MIRAFLORES","2021-03-20","","0.17208333"
"MEDELLIN -TANQUE MIRAFLORES","2021-03-19","","0.14291667"
"MEDELLIN -TANQUE MIRAFLORES","2021-03-18","","0.37875"
"MEDELLIN -TANQUE MIRAFLORES","2021-03-17","","0.22791667"
"MEDELLIN -TANQUE MIRAFLORES","2021-03-16","","0.16666667"
"MEDELLIN -TANQUE MIRAFLORES","2021-03-15","","0.2775"
"MEDELLIN -TANQUE MIRAFLORES","2021-03-14","","0.00333333"
"MEDELLIN -TANQUE MIRAFLORES","2021-03-13","","0.02166667"
"MEDELLIN -TANQUE MIRAFLORES","2021-03-12","","0.2025"
"MEDELLIN -TANQUE MIRAFLORES","2021-03-11","","0.14625"
"MEDELLIN -TANQUE MIRAFLORES","2021-03-10","","0.05708333"
"MEDELLIN -TANQUE MIRAFLORES","2021-03-09","","0.0125"
"MEDELLIN -TANQUE MIRAFLORES","2021-03-08","","0.1425"
"MEDELLIN -TANQUE MIRAFLORES","2021-03-07","","0.15416667"
"MEDELLIN -TANQUE MIRAFLORES","2021-03-06","","0.06791667"
"MEDELLIN -TANQUE MIRAFLORES","2021-03-05","","0.01666667"
"MEDELLIN -TANQUE MIRAFLORES","2021-03-04","","0.06166667"
"MEDELLIN -TANQUE MIRAFLORES","2021-03-03","","0.00416667"
"MEDELLIN -TANQUE MIRAFLORES","2021-03-02","","0.04041667"
"MEDELLIN -TANQUE MIRAFLORES","2021-03-01","","0.23625"
"MEDELLIN -TANQUE MIRAFLORES","2021-02-28","","0.14723404"
"MEDELLIN -TANQUE MIRAFLORES","2021-02-27","","0.03708333"
"MEDELLIN -TANQUE MIRAFLORES","2021-02-26","","0.00625"
"MEDELLIN -TANQUE MIRAFLORES","2021-02-25","","0.01375"
"MEDELLIN -TANQUE MIRAFLORES","2021-02-24","","0.0"
"MEDELLIN -TANQUE MIRAFLORES","2021-02-23","","0.03333333"
"MEDELLIN -TANQUE MIRAFLORES","2021-02-22","","0.0"
"MEDELLIN -TANQUE MIRAFLORES","2021-02-21","","0.09"
"MEDELLIN -TANQUE MIRAFLORES","2021-02-20","","0.10083333"
"MEDELLIN -TANQUE MIRAFLORES","2021-02-19","","0.11875"
"MEDELLIN -TANQUE MIRAFLORES","2021-02-18","","0.26083333"
"MEDELLIN -TANQUE MIRAFLORES","2021-02-17","","0.0425"
"MEDELLIN -TANQUE MIRAFLORES","2021-02-16","","0.0"
"MEDELLIN -TANQUE MIRAFLORES","2021-02-15","","0.0"
"MEDELLIN -TANQUE MIRAFLORES","2021-02-14","","0.00208333"
"MEDELLIN -TANQUE MIRAFLORES","2021-02-13","","0.0225"
"MEDELLIN -TANQUE MIRAFLORES","2021-02-12","","0.02583333"
"MEDELLIN -TANQUE MIRAFLORES","2021-02-11","","0.0"
"MEDELLIN -TANQUE MIRAFLORES","2021-02-10","","0.02416667"
"MEDELLIN -TANQUE MIRAFLORES","2021-02-09","","0.06875"
"MEDELLIN -TANQUE MIRAFLORES","2021-02-08","","0.0"
"MEDELLIN -TANQUE MIRAFLORES","2021-02-07","","0.0"
"MEDELLIN -TANQUE MIRAFLORES","2021-02-06","","0.01208333"
"MEDELLIN -TANQUE MIRAFLORES","2021-02-05","","0.00958333"
"MEDELLIN -TANQUE MIRAFLORES","2021-02-04","","4.1667E-4"
"MEDELLIN -TANQUE MIRAFLORES","2021-02-03","","0.01166667"
"MEDELLIN -TANQUE MIRAFLORES","2021-02-02","","0.02833333"
"MEDELLIN -TANQUE MIRAFLORES","2021-02-01","","0.0"
"MEDELLIN -TANQUE MIRAFLORES","2021-01-31","","0.0"
"MEDELLIN -TANQUE MIRAFLORES","2021-01-30","","0.0025"
"MEDELLIN -TANQUE MIRAFLORES","2021-01-29","","8.3333E-4"
"MEDELLIN -TANQUE MIRAFLORES","2021-01-28","","0.0"
"MEDELLIN -TANQUE MIRAFLORES","2021-01-27","","0.0"
"MEDELLIN -TANQUE MIRAFLORES","2021-01-26","","0.00833333"
"MEDELLIN -TANQUE MIRAFLORES","2021-01-25","","8.3333E-4"
"MEDELLIN -TANQUE MIRAFLORES","2021-01-24","","0.02291667"
"MEDELLIN -TANQUE MIRAFLORES","2021-01-23","","0.01208333"
"MEDELLIN -TANQUE MIRAFLORES","2021-01-22","","0.00666667"
"MEDELLIN -TANQUE MIRAFLORES","2021-01-21","","8.3333E-4"
"MEDELLIN -TANQUE MIRAFLORES","2021-01-20","","0.0"
"MEDELLIN -TANQUE MIRAFLORES","2021-01-19","","0.0"
"MEDELLIN -TANQUE MIRAFLORES","2021-01-18","","0.0"
"MEDELLIN -TANQUE MIRAFLORES","2021-01-17","","0.0"
"MEDELLIN -TANQUE MIRAFLORES","2021-01-16","","0.0"
"MEDELLIN -TANQUE MIRAFLORES","2021-01-15","","4.1667E-4"
"MEDELLIN -TANQUE MIRAFLORES","2021-01-14","","0.03291667"
"MEDELLIN -TANQUE MIRAFLORES","2021-01-13","","0.0"
"MEDELLIN -TANQUE MIRAFLORES","2021-01-12","","4.1667E-4"
"MEDELLIN -TANQUE MIRAFLORES","2021-01-11","","0.24208333"
"MEDELLIN -TANQUE MIRAFLORES","2021-01-10","","0.07333333"
"MEDELLIN -TANQUE MIRAFLORES","2021-01-09","","0.02083333"
"MEDELLIN -TANQUE MIRAFLORES","2021-01-08","","0.06541667"
"MEDELLIN -TANQUE MIRAFLORES","2021-01-07","","0.0"
"MEDELLIN -TANQUE MIRAFLORES","2021-01-06","","0.27958333"
"MEDELLIN -TANQUE MIRAFLORES","2021-01-05","","0.0"
"MEDELLIN -TANQUE MIRAFLORES","2021-01-04","","0.0"
"MEDELLIN -TANQUE MIRAFLORES","2021-01-03","","0.01291667"
"MEDELLIN -TANQUE MIRAFLORES","2021-01-02","","0.01208333"
"MEDELLIN -TANQUE MIRAFLORES","2021-01-01","","0.0"
"MEDELLIN -TANQUE MIRAFLORES","2020-12-31","","4.1667E-4"
"MEDELLIN -TANQUE MIRAFLORES","2020-12-30","","0.0475"
"MEDELLIN -TANQUE MIRAFLORES","2020-12-29","","0.0"
"MEDELLIN -TANQUE MIRAFLORES","2020-12-28","","0.04041667"
"MEDELLIN -TANQUE MIRAFLORES","2020-12-27","","0.18041667"
"MEDELLIN -TANQUE MIRAFLORES","2020-12-26","","0.08958333"
"MEDELLIN -TANQUE MIRAFLORES","2020-12-25","","0.2475"
"MEDELLIN -TANQUE MIRAFLORES","2020-12-24","","0.04375"
"MEDELLIN -TANQUE MIRAFLORES","2020-12-23","","0.0"
"MEDELLIN -TANQUE MIRAFLORES","2020-12-22","","0.0"
"MEDELLIN -TANQUE MIRAFLORES","2020-12-21","","0.00125"
"MEDELLIN -TANQUE MIRAFLORES","2020-12-20","","0.06583333"
"MEDELLIN -TANQUE MIRAFLORES","2020-12-19","","0.02291667"
"MEDELLIN -TANQUE MIRAFLORES","2020-12-18","","0.05416667"
"MEDELLIN -TANQUE MIRAFLORES","2020-12-17","","0.0"
"MEDELLIN -TANQUE MIRAFLORES","2020-12-16","","0.0"
"MEDELLIN -TANQUE MIRAFLORES","2020-12-15","","0.035"
"MEDELLIN -TANQUE MIRAFLORES","2020-12-14","","0.0"
"MEDELLIN -TANQUE MIRAFLORES","2020-12-11","","0.0"
"MEDELLIN -TANQUE MIRAFLORES","2020-12-10","","8.3333E-4"
"MEDELLIN -TANQUE MIRAFLORES","2020-12-09","","0.0225"
"MEDELLIN -TANQUE MIRAFLORES","2020-12-08","","0.01166667"
"MEDELLIN -TANQUE MIRAFLORES","2020-12-07","","0.0"
"MEDELLIN -TANQUE MIRAFLORES","2020-12-06","","0.04916667"
"MEDELLIN -TANQUE MIRAFLORES","2020-12-05","","0.0"
"MEDELLIN -TANQUE MIRAFLORES","2020-12-04","","0.0"
"MEDELLIN -TANQUE MIRAFLORES","2020-12-03","","0.06625"
"MEDELLIN -TANQUE MIRAFLORES","2020-12-02","","0.17333333"
"MEDELLIN -TANQUE MIRAFLORES","2020-12-01","","0.07083333"
"MEDELLIN -TANQUE MIRAFLORES","2020-11-30","","0.14"
"MEDELLIN -TANQUE MIRAFLORES","2020-11-29","","0.00625"
"MEDELLIN -TANQUE MIRAFLORES","2020-11-28","","0.11208333"
"MEDELLIN -TANQUE MIRAFLORES","2020-11-27","","0.20583333"
"MEDELLIN -TANQUE MIRAFLORES","2020-11-26","","0.0325"
"MEDELLIN -TANQUE MIRAFLORES","2020-11-25","","0.0"
"MEDELLIN -TANQUE MIRAFLORES","2020-11-24","","0.00666667"
"MEDELLIN -TANQUE MIRAFLORES","2020-11-23","","0.0"
"MEDELLIN -TANQUE MIRAFLORES","2020-11-22","","0.04958333"
"MEDELLIN -TANQUE MIRAFLORES","2020-11-21","","0.04333333"
"MEDELLIN -TANQUE MIRAFLORES","2020-11-20","","0.08458333"
"MEDELLIN -TANQUE MIRAFLORES","2020-11-19","","0.00208333"
"MEDELLIN -TANQUE MIRAFLORES","2020-11-18","","0.08125"
"MEDELLIN -TANQUE MIRAFLORES","2020-11-17","","0.35375"
"MEDELLIN -TANQUE MIRAFLORES","2020-11-16","","0.07541667"
"MEDELLIN -TANQUE MIRAFLORES","2020-11-15","","0.115"
"MEDELLIN -TANQUE MIRAFLORES","2020-11-14","","0.165"
"MEDELLIN -TANQUE MIRAFLORES","2020-11-13","","0.3275"
"MEDELLIN -TANQUE MIRAFLORES","2020-11-12","","0.0525"
"MEDELLIN -TANQUE MIRAFLORES","2020-11-11","","0.10041667"
"MEDELLIN -TANQUE MIRAFLORES","2020-11-10","","0.11583333"
"MEDELLIN -TANQUE MIRAFLORES","2020-11-09","","0.10708333"
"MEDELLIN -TANQUE MIRAFLORES","2020-11-08","","0.08125"
"MEDELLIN -TANQUE MIRAFLORES","2020-11-07","","0.16291667"
"MEDELLIN -TANQUE MIRAFLORES","2020-11-06","","0.15958333"
"MEDELLIN -TANQUE MIRAFLORES","2020-11-05","","0.04083333"
"MEDELLIN -TANQUE MIRAFLORES","2020-11-04","","0.1025"
"MEDELLIN -TANQUE MIRAFLORES","2020-11-03","","0.25375"
"MEDELLIN -TANQUE MIRAFLORES","2020-11-02","","4.1667E-4"
"MEDELLIN -TANQUE MIRAFLORES","2020-11-01","","0.08916667"
"MEDELLIN -TANQUE MIRAFLORES","2020-10-31","","0.26"
"MEDELLIN -TANQUE MIRAFLORES","2020-10-30","","0.05583333"
"MEDELLIN -TANQUE MIRAFLORES","2020-10-29","","0.14958333"
"MEDELLIN -TANQUE MIRAFLORES","2020-10-28","","0.03041667"
"MEDELLIN -TANQUE MIRAFLORES","2020-10-27","","0.07041667"
"MEDELLIN -TANQUE MIRAFLORES","2020-10-26","","0.0075"
"MEDELLIN -TANQUE MIRAFLORES","2020-10-25","","0.19625"
"MEDELLIN -TANQUE MIRAFLORES","2020-10-24","","0.11375"
"MEDELLIN -TANQUE MIRAFLORES","2020-10-23","","0.08083333"
"MEDELLIN -TANQUE MIRAFLORES","2020-10-22","","0.11208333"
"MEDELLIN -TANQUE MIRAFLORES","2020-10-21","","0.00208333"
"MEDELLIN -TANQUE MIRAFLORES","2020-10-20","","0.1075"
"MEDELLIN -TANQUE MIRAFLORES","2020-10-19","","0.06791667"
"MEDELLIN -TANQUE MIRAFLORES","2020-10-18","","0.03416667"
"MEDELLIN -TANQUE MIRAFLORES","2020-10-17","","0.0"
"MEDELLIN -TANQUE MIRAFLORES","2020-10-16","","0.00708333"
"MEDELLIN -TANQUE MIRAFLORES","2020-10-15","","0.00333333"
"MEDELLIN -TANQUE MIRAFLORES","2020-10-14","","0.00916667"
"MEDELLIN -TANQUE MIRAFLORES","2020-10-13","","0.1825"
"MEDELLIN -TANQUE MIRAFLORES","2020-10-12","","0.01333333"
"MEDELLIN -TANQUE MIRAFLORES","2020-10-11","","0.0"
"MEDELLIN -TANQUE MIRAFLORES","2020-10-10","","0.00125"
"MEDELLIN -TANQUE MIRAFLORES","2020-10-09","","0.01083333"
"MEDELLIN -TANQUE MIRAFLORES","2020-10-08","","0.0"
"MEDELLIN -TANQUE MIRAFLORES","2020-10-07","","0.0"
"MEDELLIN -TANQUE MIRAFLORES","2020-10-06","","0.06791667"
"MEDELLIN -TANQUE MIRAFLORES","2020-10-05","","0.08166667"
"MEDELLIN -TANQUE MIRAFLORES","2020-10-04","","0.21791667"
"MEDELLIN -TANQUE MIRAFLORES","2020-10-03","","0.09666667"
"MEDELLIN -TANQUE MIRAFLORES","2020-10-02","","0.12041667"
"MEDELLIN -TANQUE MIRAFLORES","2020-10-01","","0.015"
"MEDELLIN -TANQUE MIRAFLORES","2020-09-30","","0.01833333"
"MEDELLIN -TANQUE MIRAFLORES","2020-09-29","","0.0"
"MEDELLIN -TANQUE MIRAFLORES","2020-09-28","","0.0"
"MEDELLIN -TANQUE MIRAFLORES","2020-09-27","","0.0"
"MEDELLIN -TANQUE MIRAFLORES","2020-09-26","","0.0"
"MEDELLIN -TANQUE MIRAFLORES","2020-09-25","","4.1667E-4"
"MEDELLIN -TANQUE MIRAFLORES","2020-09-24","","0.05416667"
"MEDELLIN -TANQUE MIRAFLORES","2020-09-23","","8.3333E-4"
"MEDELLIN -TANQUE MIRAFLORES","2020-09-22","","0.04"
"MEDELLIN -TANQUE MIRAFLORES","2020-09-21","","0.10125"
"MEDELLIN -TANQUE MIRAFLORES","2020-09-20","","0.13458333"
"MEDELLIN -TANQUE MIRAFLORES","2020-09-19","","0.08666667"
"MEDELLIN -TANQUE MIRAFLORES","2020-09-18","","0.33041667"
"MEDELLIN -TANQUE MIRAFLORES","2020-09-17","","0.00791667"
"MEDELLIN -TANQUE MIRAFLORES","2020-09-16","","0.15"
"MEDELLIN -TANQUE MIRAFLORES","2020-09-15","","0.08958333"
"MEDELLIN -TANQUE MIRAFLORES","2020-09-14","","0.00125"
"MEDELLIN -TANQUE MIRAFLORES","2020-09-13","","0.055"
"MEDELLIN -TANQUE MIRAFLORES","2020-09-12","","0.20666667"
"MEDELLIN -TANQUE MIRAFLORES","2020-09-11","","0.14666667"
"MEDELLIN -TANQUE MIRAFLORES","2020-09-10","","0.11666667"
"MEDELLIN -TANQUE MIRAFLORES","2020-09-09","","8.3333E-4"
"MEDELLIN -TANQUE MIRAFLORES","2020-09-08","","0.1925"
"MEDELLIN -TANQUE MIRAFLORES","2020-09-07","","0.31041667"
"MEDELLIN -TANQUE MIRAFLORES","2020-09-06","","0.0625"
"MEDELLIN -TANQUE MIRAFLORES","2020-09-05","","0.15208333"
"MEDELLIN -TANQUE MIRAFLORES","2020-09-04","","0.16541667"
"MEDELLIN -TANQUE MIRAFLORES","2020-09-03","","0.13333333"
"MEDELLIN -TANQUE MIRAFLORES","2020-09-02","","0.12208333"
"MEDELLIN -TANQUE MIRAFLORES","2020-09-01","","0.40083333"
"MEDELLIN -TANQUE MIRAFLORES","2020-08-31","","0.055"
"MEDELLIN -TANQUE MIRAFLORES","2020-08-30","","0.02875"
"MEDELLIN -TANQUE MIRAFLORES","2020-08-29","","0.0"
"MEDELLIN -TANQUE MIRAFLORES","2020-08-28","","0.04541667"
"MEDELLIN -TANQUE MIRAFLORES","2020-08-27","","4.1667E-4"
"MEDELLIN -TANQUE MIRAFLORES","2020-08-26","","0.05833333"
"MEDELLIN -TANQUE MIRAFLORES","2020-08-25","","0.10291667"
"MEDELLIN -TANQUE MIRAFLORES","2020-08-24","","0.13333333"
"MEDELLIN -TANQUE MIRAFLORES","2020-08-23","","0.01083333"
"MEDELLIN -TANQUE MIRAFLORES","2020-08-22","","0.08041667"
"MEDELLIN -TANQUE MIRAFLORES","2020-08-21","","0.03125"
"MEDELLIN -TANQUE MIRAFLORES","2020-08-20","","0.21"
"MEDELLIN -TANQUE MIRAFLORES","2020-08-19","","0.155"
"MEDELLIN -TANQUE MIRAFLORES","2020-08-18","","0.02583333"
"MEDELLIN -TANQUE MIRAFLORES","2020-08-17","","0.22416667"
"MEDELLIN -TANQUE MIRAFLORES","2020-08-16","","0.01291667"
"MEDELLIN -TANQUE MIRAFLORES","2020-08-15","","0.17166667"
"MEDELLIN -TANQUE MIRAFLORES","2020-08-14","","0.0625"
"MEDELLIN -TANQUE MIRAFLORES","2020-08-13","","0.25416667"
"MEDELLIN -TANQUE MIRAFLORES","2020-08-12","","0.10208333"
"MEDELLIN -TANQUE MIRAFLORES","2020-08-11","","0.02291667"
"MEDELLIN -TANQUE MIRAFLORES","2020-08-10","","0.0"
"MEDELLIN -TANQUE MIRAFLORES","2020-08-09","","0.0"
"MEDELLIN -TANQUE MIRAFLORES","2020-08-08","","0.0"
"MEDELLIN -TANQUE MIRAFLORES","2020-08-07","","0.00125"
"MEDELLIN -TANQUE MIRAFLORES","2020-08-06","","0.0"
"MEDELLIN -TANQUE MIRAFLORES","2020-08-05","","0.0"
"MEDELLIN -TANQUE MIRAFLORES","2020-08-04","","0.0"
"MEDELLIN -TANQUE MIRAFLORES","2020-08-03","","0.0"
"MEDELLIN -TANQUE MIRAFLORES","2020-08-02","","0.0"
"MEDELLIN -TANQUE MIRAFLORES","2020-08-01","","0.03875"
"MEDELLIN -TANQUE MIRAFLORES","2020-07-31","","0.0"
"MEDELLIN -TANQUE MIRAFLORES","2020-07-30","","0.06916667"
"MEDELLIN -TANQUE MIRAFLORES","2020-07-29","","0.01625"
"MEDELLIN -TANQUE MIRAFLORES","2020-07-28","","0.16916667"
"MEDELLIN -TANQUE MIRAFLORES","2020-07-27","","0.17666667"
"MEDELLIN -TANQUE MIRAFLORES","2020-07-26","","0.08416667"
"MEDELLIN -TANQUE MIRAFLORES","2020-07-25","","0.05"
"MEDELLIN -TANQUE MIRAFLORES","2020-07-24","","0.34375"
"MEDELLIN -TANQUE MIRAFLORES","2020-07-23","","0.22666667"
"MEDELLIN -TANQUE MIRAFLORES","2020-07-22","","0.12416667"
"MEDELLIN -TANQUE MIRAFLORES","2020-07-21","","0.06416667"
"MEDELLIN -TANQUE MIRAFLORES","2020-07-20","","0.00541667"
"MEDELLIN -TANQUE MIRAFLORES","2020-07-19","","0.0"
"MEDELLIN -TANQUE MIRAFLORES","2020-07-18","","0.00208333"
"MEDELLIN -TANQUE MIRAFLORES","2020-07-17","","0.0"
"MEDELLIN -TANQUE MIRAFLORES","2020-07-16","","0.00166667"
"MEDELLIN -TANQUE MIRAFLORES","2020-07-15","","0.0"
"MEDELLIN -TANQUE MIRAFLORES","2020-07-14","","0.11583333"
"MEDELLIN -TANQUE MIRAFLORES","2020-07-13","","0.13166667"
"MEDELLIN -TANQUE MIRAFLORES","2020-07-12","","0.095"
"MEDELLIN -TANQUE MIRAFLORES","2020-07-11","","0.22333333"
"MEDELLIN -TANQUE MIRAFLORES","2020-07-10","","0.0725"
"MEDELLIN -TANQUE MIRAFLORES","2020-07-09","","0.08333333"
"MEDELLIN -TANQUE MIRAFLORES","2020-07-08","","0.26166667"
"MEDELLIN -TANQUE MIRAFLORES","2020-07-07","","0.09625"
"MEDELLIN -TANQUE MIRAFLORES","2020-07-06","","0.035"
"MEDELLIN -TANQUE MIRAFLORES","2020-07-05","","0.13208333"
"MEDELLIN -TANQUE MIRAFLORES","2020-07-04","","0.29916667"
"MEDELLIN -TANQUE MIRAFLORES","2020-07-03","","0.08875"
"MEDELLIN -TANQUE MIRAFLORES","2020-07-02","","0.18083333"
"MEDELLIN -TANQUE MIRAFLORES","2020-07-01","","0.30041667"
"MEDELLIN -TANQUE MIRAFLORES","2020-06-30","","0.00541667"
"MEDELLIN -TANQUE MIRAFLORES","2020-06-29","","0.01208333"
"MEDELLIN -TANQUE MIRAFLORES","2020-06-28","","0.1875"
"MEDELLIN -TANQUE MIRAFLORES","2020-06-27","","0.07458333"
"MEDELLIN -TANQUE MIRAFLORES","2020-06-26","","0.12"
"MEDELLIN -TANQUE MIRAFLORES","2020-06-25","","0.03375"
"MEDELLIN -TANQUE MIRAFLORES","2020-06-24","","4.1667E-4"
"MEDELLIN -TANQUE MIRAFLORES","2020-06-23","","0.0"
"MEDELLIN -TANQUE MIRAFLORES","2020-06-22","","0.06083333"
"MEDELLIN -TANQUE MIRAFLORES","2020-06-21","","0.01291667"
"MEDELLIN -TANQUE MIRAFLORES","2020-06-20","","0.18"
"MEDELLIN -TANQUE MIRAFLORES","2020-06-19","","0.07"
"MEDELLIN -TANQUE MIRAFLORES","2020-06-18","","0.13916667"
"MEDELLIN -TANQUE MIRAFLORES","2020-06-17","","0.08541667"
"MEDELLIN -TANQUE MIRAFLORES","2020-06-16","","0.02541667"
"MEDELLIN -TANQUE MIRAFLORES","2020-06-15","","0.0475"
"MEDELLIN -TANQUE MIRAFLORES","2020-06-14","","0.03333333"
"MEDELLIN -TANQUE MIRAFLORES","2020-06-13","","0.0"
"MEDELLIN -TANQUE MIRAFLORES","2020-06-12","","0.0"
"MEDELLIN -TANQUE MIRAFLORES","2020-06-11","","0.0"
"MEDELLIN -TANQUE MIRAFLORES","2020-06-10","","0.00125"
"MEDELLIN -TANQUE MIRAFLORES","2020-06-09","","0.02833333"
"MEDELLIN -TANQUE MIRAFLORES","2020-06-08","","0.0"
"MEDELLIN -TANQUE MIRAFLORES","2020-06-07","","0.0"
"MEDELLIN -TANQUE MIRAFLORES","2020-06-06","","0.035"
"MEDELLIN -TANQUE MIRAFLORES","2020-06-05","","0.0"
"MEDELLIN -TANQUE MIRAFLORES","2020-06-04","","0.0"
"MEDELLIN -TANQUE MIRAFLORES","2020-06-03","","0.26125"
"MEDELLIN -TANQUE MIRAFLORES","2020-06-02","","0.0"
"MEDELLIN -TANQUE MIRAFLORES","2020-06-01","","0.01916667"
"MEDELLIN -TANQUE MIRAFLORES","2020-05-31","","0.00291667"
"MEDELLIN -TANQUE MIRAFLORES","2020-05-30","","0.35625"
"MEDELLIN -TANQUE MIRAFLORES","2020-05-29","","0.14833333"
"MEDELLIN -TANQUE MIRAFLORES","2020-05-28","","0.14958333"
"MEDELLIN -TANQUE MIRAFLORES","2020-05-27","","0.12541667"
"MEDELLIN -TANQUE MIRAFLORES","2020-05-26","","0.01458333"
"MEDELLIN -TANQUE MIRAFLORES","2020-05-25","","0.0"
"MEDELLIN -TANQUE MIRAFLORES","2020-05-24","","0.03041667"
"MEDELLIN -TANQUE MIRAFLORES","2020-05-23","","0.0"
"MEDELLIN -TANQUE MIRAFLORES","2020-05-22","","0.01416667"
"MEDELLIN -TANQUE MIRAFLORES","2020-05-21","","0.0"
"MEDELLIN -TANQUE MIRAFLORES","2020-05-20","","0.0"
"MEDELLIN -TANQUE MIRAFLORES","2020-05-19","","0.07333333"
"MEDELLIN -TANQUE MIRAFLORES","2020-05-18","","0.07208333"
"MEDELLIN -TANQUE MIRAFLORES","2020-05-17","","8.3333E-4"
"MEDELLIN -TANQUE MIRAFLORES","2020-05-16","","0.03625"
"MEDELLIN -TANQUE MIRAFLORES","2020-05-15","","0.08583333"
"MEDELLIN -TANQUE MIRAFLORES","2020-05-14","","0.0"
"MEDELLIN -TANQUE MIRAFLORES","2020-05-13","","0.0175"
"MEDELLIN -TANQUE MIRAFLORES","2020-05-12","","0.01333333"
"MEDELLIN -TANQUE MIRAFLORES","2020-05-11","","0.0025"
"MEDELLIN -TANQUE MIRAFLORES","2020-05-10","","0.0"
"MEDELLIN -TANQUE MIRAFLORES","2020-05-09","","0.0"
"MEDELLIN -TANQUE MIRAFLORES","2020-05-08","","0.0"
"MEDELLIN -TANQUE MIRAFLORES","2020-05-07","","0.0"
"MEDELLIN -TANQUE MIRAFLORES","2020-05-06","","0.02083333"
"MEDELLIN -TANQUE MIRAFLORES","2020-05-05","","0.05875"
"MEDELLIN -TANQUE MIRAFLORES","2020-05-04","","0.03833333"
"MEDELLIN -TANQUE MIRAFLORES","2020-05-03","","0.0"
"MEDELLIN -TANQUE MIRAFLORES","2020-05-02","","0.0"
"MEDELLIN -TANQUE MIRAFLORES","2020-05-01","","0.01291667"
"MEDELLIN -TANQUE MIRAFLORES","2020-04-30","","8.3333E-4"
"MEDELLIN -TANQUE MIRAFLORES","2020-04-29","","0.0"
"MEDELLIN -TANQUE MIRAFLORES","2020-04-28","","0.16291667"
"MEDELLIN -TANQUE MIRAFLORES","2020-04-27","","0.00875"
"MEDELLIN -TANQUE MIRAFLORES","2020-04-26","","0.0125"
"MEDELLIN -TANQUE MIRAFLORES","2020-04-25","","0.0"
"MEDELLIN -TANQUE MIRAFLORES","2020-04-24","","0.01583333"
"MEDELLIN -TANQUE MIRAFLORES","2020-04-23","","0.03375"
"MEDELLIN -TANQUE MIRAFLORES","2020-04-22","","0.07708333"
"MEDELLIN -TANQUE MIRAFLORES","2020-04-21","","0.08125"
"MEDELLIN -TANQUE MIRAFLORES","2020-04-20","","0.03416667"
"MEDELLIN -TANQUE MIRAFLORES","2020-04-19","","0.04875"
"MEDELLIN -TANQUE MIRAFLORES","2020-04-18","","0.03916667"
"MEDELLIN -TANQUE MIRAFLORES","2020-04-17","","0.0"
"MEDELLIN -TANQUE MIRAFLORES","2020-04-16","","0.0"
"MEDELLIN -TANQUE MIRAFLORES","2020-04-15","","0.03666667"
"MEDELLIN -TANQUE MIRAFLORES","2020-04-14","","0.07125"
"MEDELLIN -TANQUE MIRAFLORES","2020-04-13","","0.03958333"
"MEDELLIN -TANQUE MIRAFLORES","2020-04-12","","0.02708333"
"MEDELLIN -TANQUE MIRAFLORES","2020-04-11","","0.05333333"
"MEDELLIN -TANQUE MIRAFLORES","2020-04-10","","0.01708333"
"MEDELLIN -TANQUE MIRAFLORES","2020-04-09","","0.09708333"
"MEDELLIN -TANQUE MIRAFLORES","2020-04-08","","0.0"
"MEDELLIN -TANQUE MIRAFLORES","2020-04-07","","0.0"
"MEDELLIN -TANQUE MIRAFLORES","2020-04-06","","0.00333333"
"MEDELLIN -TANQUE MIRAFLORES","2020-04-05","","0.02333333"
"MEDELLIN -TANQUE MIRAFLORES","2020-04-04","","0.03875"
"MEDELLIN -TANQUE MIRAFLORES","2020-04-03","","0.0"
"MEDELLIN -TANQUE MIRAFLORES","2020-04-02","","0.0"
"MEDELLIN -TANQUE MIRAFLORES","2020-04-01","","0.13833333"
"MEDELLIN -TANQUE MIRAFLORES","2020-03-31","","0.24416667"
"MEDELLIN -TANQUE MIRAFLORES","2020-03-30","","0.07541667"
"MEDELLIN -TANQUE MIRAFLORES","2020-03-29","","0.18208333"
"MEDELLIN -TANQUE MIRAFLORES","2020-03-28","","0.0"
"MEDELLIN -TANQUE MIRAFLORES","2020-03-27","","0.0"
"MEDELLIN -TANQUE MIRAFLORES","2020-03-26","","0.0"
"MEDELLIN -TANQUE MIRAFLORES","2020-03-25","","0.0"
"MEDELLIN -TANQUE MIRAFLORES","2020-03-24","","0.0"
"MEDELLIN -TANQUE MIRAFLORES","2020-03-23","","0.0"
"MEDELLIN -TANQUE MIRAFLORES","2020-03-22","","8.3333E-4"
"MEDELLIN -TANQUE MIRAFLORES","2020-03-21","","0.05791667"
"MEDELLIN -TANQUE MIRAFLORES","2020-03-20","","0.05625"
"MEDELLIN -TANQUE MIRAFLORES","2020-03-19","","0.10875"
"MEDELLIN -TANQUE MIRAFLORES","2020-03-18","","0.0"
"MEDELLIN -TANQUE MIRAFLORES","2020-03-17","","0.0"
"MEDELLIN -TANQUE MIRAFLORES","2020-03-16","","0.0"
"MEDELLIN -TANQUE MIRAFLORES","2020-03-15","","0.0"
"MEDELLIN -TANQUE MIRAFLORES","2020-03-14","","0.0"
"MEDELLIN -TANQUE MIRAFLORES","2020-03-13","","0.06125"
"MEDELLIN -TANQUE MIRAFLORES","2020-03-12","","4.1667E-4"
"MEDELLIN -TANQUE MIRAFLORES","2020-03-11","","0.03708333"
"MEDELLIN -TANQUE MIRAFLORES","2020-03-10","","0.15125"
"MEDELLIN -TANQUE MIRAFLORES","2020-03-09","","0.00458333"
"MEDELLIN -TANQUE MIRAFLORES","2020-03-08","","0.0"
"MEDELLIN -TANQUE MIRAFLORES","2020-03-07","","4.1667E-4"
"MEDELLIN -TANQUE MIRAFLORES","2020-03-06","","0.0"
"MEDELLIN -TANQUE MIRAFLORES","2020-03-05","","0.0"
"MEDELLIN -TANQUE MIRAFLORES","2020-03-04","","0.04375"
"MEDELLIN -TANQUE MIRAFLORES","2020-03-03","","0.03708333"
"MEDELLIN -TANQUE MIRAFLORES","2020-03-02","","0.0"
"MEDELLIN -TANQUE MIRAFLORES","2020-03-01","","4.1667E-4"
"MEDELLIN -TANQUE MIRAFLORES","2020-02-29","","0.00291667"
"MEDELLIN -TANQUE MIRAFLORES","2020-02-28","","4.1667E-4"
"MEDELLIN -TANQUE MIRAFLORES","2020-02-27","","0.0025"
"MEDELLIN -TANQUE MIRAFLORES","2020-02-26","","0.0"
"MEDELLIN -TANQUE MIRAFLORES","2020-02-25","","0.01291667"
"MEDELLIN -TANQUE MIRAFLORES","2020-02-24","","0.02541667"
"MEDELLIN -TANQUE MIRAFLORES","2020-02-23","","0.0"
"MEDELLIN -TANQUE MIRAFLORES","2020-02-22","","0.26"
"MEDELLIN -TANQUE MIRAFLORES","2020-02-21","","0.12375"
"MEDELLIN -TANQUE MIRAFLORES","2020-02-20","","0.00875"
"MEDELLIN -TANQUE MIRAFLORES","2020-02-19","","0.0"
"MEDELLIN -TANQUE MIRAFLORES","2020-02-18","","4.1667E-4"
"MEDELLIN -TANQUE MIRAFLORES","2020-02-17","","0.00125"
"MEDELLIN -TANQUE MIRAFLORES","2020-02-16","","0.0"
"MEDELLIN -TANQUE MIRAFLORES","2020-02-15","","0.04541667"
"MEDELLIN -TANQUE MIRAFLORES","2020-02-14","","0.01291667"
"MEDELLIN -TANQUE MIRAFLORES","2020-02-13","","0.0"
"MEDELLIN -TANQUE MIRAFLORES","2020-02-12","","0.0"
"MEDELLIN -TANQUE MIRAFLORES","2020-02-11","","0.0"
"MEDELLIN -TANQUE MIRAFLORES","2020-02-10","","0.0"
"MEDELLIN -TANQUE MIRAFLORES","2020-02-09","","0.0"
"MEDELLIN -TANQUE MIRAFLORES","2020-02-08","","0.0"
"MEDELLIN -TANQUE MIRAFLORES","2020-02-07","","0.04041667"
"MEDELLIN -TANQUE MIRAFLORES","2020-02-06","","0.0"
"MEDELLIN -TANQUE MIRAFLORES","2020-02-05","","0.0"
"MEDELLIN -TANQUE MIRAFLORES","2020-02-04","","4.1667E-4"
"MEDELLIN -TANQUE MIRAFLORES","2020-02-03","","0.0"
"MEDELLIN -TANQUE MIRAFLORES","2020-02-02","","0.08708333"
"MEDELLIN -TANQUE MIRAFLORES","2020-02-01","","8.3333E-4"
"MEDELLIN -TANQUE MIRAFLORES","2020-01-31","","0.0"
"MEDELLIN -TANQUE MIRAFLORES","2020-01-30","","0.0"
"MEDELLIN -TANQUE MIRAFLORES","2020-01-29","","0.0"
"MEDELLIN -TANQUE MIRAFLORES","2020-01-28","","0.01708333"
"MEDELLIN -TANQUE MIRAFLORES","2020-01-27","","0.01625"
"MEDELLIN -TANQUE MIRAFLORES","2020-01-26","","0.00791667"
"MEDELLIN -TANQUE MIRAFLORES","2020-01-25","","0.0"
"MEDELLIN -TANQUE MIRAFLORES","2020-01-24","","0.0"
"MEDELLIN -TANQUE MIRAFLORES","2020-01-23","","0.0"
"MEDELLIN -TANQUE MIRAFLORES","2020-01-22","","0.09541667"
"MEDELLIN -TANQUE MIRAFLORES","2020-01-21","","0.46666667"
"MEDELLIN -TANQUE MIRAFLORES","2020-01-20","","0.0525"
"MEDELLIN -TANQUE MIRAFLORES","2020-01-19","","0.0"
"MEDELLIN -TANQUE MIRAFLORES","2020-01-18","","0.0"
"MEDELLIN -TANQUE MIRAFLORES","2020-01-17","","4.1667E-4"
"MEDELLIN -TANQUE MIRAFLORES","2020-01-16","","0.0"
"MEDELLIN -TANQUE MIRAFLORES","2020-01-15","","0.0"
"MEDELLIN -TANQUE MIRAFLORES","2020-01-14","","0.0"
"MEDELLIN -TANQUE MIRAFLORES","2020-01-13","","0.0"
"MEDELLIN -TANQUE MIRAFLORES","2020-01-12","","0.0"
"MEDELLIN -TANQUE MIRAFLORES","2020-01-11","","4.1667E-4"
"MEDELLIN -TANQUE MIRAFLORES","2020-01-10","","0.0"
"MEDELLIN -TANQUE MIRAFLORES","2020-01-09","","0.0"
"MEDELLIN -TANQUE MIRAFLORES","2020-01-08","","0.0"
"MEDELLIN -TANQUE MIRAFLORES","2020-01-07","","0.0"
"MEDELLIN -TANQUE MIRAFLORES","2020-01-06","","0.0"
"MEDELLIN -TANQUE MIRAFLORES","2020-01-05","","0.0"
"MEDELLIN -TANQUE MIRAFLORES","2020-01-04","","0.0"
"MEDELLIN -TANQUE MIRAFLORES","2020-01-03","","0.0"
"MEDELLIN -TANQUE MIRAFLORES","2020-01-02","","0.0"
"MEDELLIN -TANQUE MIRAFLORES","2020-01-01","","0.03333333"
"MEDELLIN -TANQUE MIRAFLORES","2019-12-31","","0.18208333"
"MEDELLIN -TANQUE MIRAFLORES","2019-12-30","","0.02625"
"MEDELLIN -TANQUE MIRAFLORES","2019-12-29","","0.06541667"
"MEDELLIN -TANQUE MIRAFLORES","2019-12-28","","0.0075"
"MEDELLIN -TANQUE MIRAFLORES","2019-12-27","","0.0"
"MEDELLIN -TANQUE MIRAFLORES","2019-12-26","","0.00666667"
"MEDELLIN -TANQUE MIRAFLORES","2019-12-25","","0.01333333"
"MEDELLIN -TANQUE MIRAFLORES","2019-12-24","","8.3333E-4"
"MEDELLIN -TANQUE MIRAFLORES","2019-12-23","","0.00208333"
"MEDELLIN -TANQUE MIRAFLORES","2019-12-22","","0.00833333"
"MEDELLIN -TANQUE MIRAFLORES","2019-12-21","","0.00166667"
"MEDELLIN -TANQUE MIRAFLORES","2019-12-20","","0.00291667"
"MEDELLIN -TANQUE MIRAFLORES","2019-12-19","","0.01666667"
"MEDELLIN -TANQUE MIRAFLORES","2019-12-18","","0.00791667"
"MEDELLIN -TANQUE MIRAFLORES","2019-12-17","","0.01458333"
"MEDELLIN -TANQUE MIRAFLORES","2019-12-16","","0.02416667"
"MEDELLIN -TANQUE MIRAFLORES","2019-12-15","","0.05333333"
"MEDELLIN -TANQUE MIRAFLORES","2019-12-14","","0.22458333"
"MEDELLIN -TANQUE MIRAFLORES","2019-12-13","","0.01875"
"MEDELLIN -TANQUE MIRAFLORES","2019-12-12","","0.1175"
"MEDELLIN -TANQUE MIRAFLORES","2019-12-11","","0.01833333"
"MEDELLIN -TANQUE MIRAFLORES","2019-12-10","","8.3333E-4"
"MEDELLIN -TANQUE MIRAFLORES","2019-12-09","","0.0"
"MEDELLIN -TANQUE MIRAFLORES","2019-12-08","","0.01833333"
"MEDELLIN -TANQUE MIRAFLORES","2019-12-07","","0.02125"
"MEDELLIN -TANQUE MIRAFLORES","2019-12-06","","0.00375"
"MEDELLIN -TANQUE MIRAFLORES","2019-12-05","","0.0"
"MEDELLIN -TANQUE MIRAFLORES","2019-12-04","","0.0"
"MEDELLIN -TANQUE MIRAFLORES","2019-12-03","","0.0"
"MEDELLIN -TANQUE MIRAFLORES","2019-12-02","","0.0"
"MEDELLIN -TANQUE MIRAFLORES","2019-12-01","","4.1667E-4"
"MEDELLIN -TANQUE MIRAFLORES","2019-11-30","","0.0"
"MEDELLIN -TANQUE MIRAFLORES","2019-11-29","","0.04416667"
"MEDELLIN -TANQUE MIRAFLORES","2019-11-28","","0.13083333"
"MEDELLIN -TANQUE MIRAFLORES","2019-11-27","","0.00583333"
"MEDELLIN -TANQUE MIRAFLORES","2019-11-26","","0.01625"
"MEDELLIN -TANQUE MIRAFLORES","2019-11-25","","0.0"
"MEDELLIN -TANQUE MIRAFLORES","2019-11-24","","0.0"
"MEDELLIN -TANQUE MIRAFLORES","2019-11-23","","0.09375"
"MEDELLIN -TANQUE MIRAFLORES","2019-11-22","","0.055"
"MEDELLIN -TANQUE MIRAFLORES","2019-11-21","","0.02333333"
"MEDELLIN -TANQUE MIRAFLORES","2019-11-20","","0.02375"
"MEDELLIN -TANQUE MIRAFLORES","2019-11-19","","0.04291667"
"MEDELLIN -TANQUE MIRAFLORES","2019-11-18","","0.02041667"
"MEDELLIN -TANQUE MIRAFLORES","2019-11-17","","0.2225"
"MEDELLIN -TANQUE MIRAFLORES","2019-11-16","","0.0"
"MEDELLIN -TANQUE MIRAFLORES","2019-11-15","","0.01083333"
"MEDELLIN -TANQUE MIRAFLORES","2019-11-14","","0.14375"
"MEDELLIN -TANQUE MIRAFLORES","2019-11-13","","0.0575"
"MEDELLIN -TANQUE MIRAFLORES","2019-11-12","","0.33916667"
"MEDELLIN -TANQUE MIRAFLORES","2019-11-11","","0.21875"
"MEDELLIN -TANQUE MIRAFLORES","2019-11-10","","0.21666667"
"MEDELLIN -TANQUE MIRAFLORES","2019-11-09","","0.04125"
"MEDELLIN -TANQUE MIRAFLORES","2019-11-08","","0.13708333"
"MEDELLIN -TANQUE MIRAFLORES","2019-11-07","","0.0"
"MEDELLIN -TANQUE MIRAFLORES","2019-11-06","","0.0"
"MEDELLIN -TANQUE MIRAFLORES","2019-11-05","","0.01"
"MEDELLIN -TANQUE MIRAFLORES","2019-11-04","","0.015"
"MEDELLIN -TANQUE MIRAFLORES","2019-11-03","","0.05708333"
"MEDELLIN -TANQUE MIRAFLORES","2019-11-02","","0.0175"
"MEDELLIN -TANQUE MIRAFLORES","2019-11-01","","0.05125"
"MEDELLIN -TANQUE MIRAFLORES","2019-10-31","","0.19083333"
"MEDELLIN -TANQUE MIRAFLORES","2019-10-30","","0.14458333"
"MEDELLIN -TANQUE MIRAFLORES","2019-10-29","","0.10083333"
"MEDELLIN -TANQUE MIRAFLORES","2019-10-28","","0.01541667"
"MEDELLIN -TANQUE MIRAFLORES","2019-10-27","","0.18583333"
"MEDELLIN -TANQUE MIRAFLORES","2019-10-26","","0.10041667"
"MEDELLIN -TANQUE MIRAFLORES","2019-10-25","","0.07166667"
"MEDELLIN -TANQUE MIRAFLORES","2019-10-24","","0.23208333"
"MEDELLIN -TANQUE MIRAFLORES","2019-10-23","","0.26375"
"MEDELLIN -TANQUE MIRAFLORES","2019-10-22","","0.09916667"
"MEDELLIN -TANQUE MIRAFLORES","2019-10-21","","0.0225"
"MEDELLIN -TANQUE MIRAFLORES","2019-10-20","","0.0"
"MEDELLIN -TANQUE MIRAFLORES","2019-10-19","","0.05208333"
"MEDELLIN -TANQUE MIRAFLORES","2019-10-18","","0.11791667"
"MEDELLIN -TANQUE MIRAFLORES","2019-10-17","","0.07916667"
"MEDELLIN -TANQUE MIRAFLORES","2019-10-16","","0.00541667"
"MEDELLIN -TANQUE MIRAFLORES","2019-10-15","","0.00833333"
"MEDELLIN -TANQUE MIRAFLORES","2019-10-14","","0.14041667"
"MEDELLIN -TANQUE MIRAFLORES","2019-10-13","","0.08125"
"MEDELLIN -TANQUE MIRAFLORES","2019-10-12","","0.06291667"
"MEDELLIN -TANQUE MIRAFLORES","2019-10-11","","0.02916667"
"MEDELLIN -TANQUE MIRAFLORES","2019-10-10","","0.01583333"
"MEDELLIN -TANQUE MIRAFLORES","2019-10-09","","0.0"
"MEDELLIN -TANQUE MIRAFLORES","2019-10-08","","0.00791667"
"MEDELLIN -TANQUE MIRAFLORES","2019-10-07","","0.07"
"MEDELLIN -TANQUE MIRAFLORES","2019-10-06","","0.0"
"MEDELLIN -TANQUE MIRAFLORES","2019-10-05","","4.1667E-4"
"MEDELLIN -TANQUE MIRAFLORES","2019-10-04","","0.0"
"MEDELLIN -TANQUE MIRAFLORES","2019-10-03","","0.03958333"
"MEDELLIN -TANQUE MIRAFLORES","2019-10-02","","0.04791667"
"MEDELLIN -TANQUE MIRAFLORES","2019-10-01","","0.05375"
"MEDELLIN -TANQUE MIRAFLORES","2019-09-30","","0.55875"
"MEDELLIN -TANQUE MIRAFLORES","2019-09-29","","0.12041667"
"MEDELLIN -TANQUE MIRAFLORES","2019-09-28","","0.04"
"MEDELLIN -TANQUE MIRAFLORES","2019-09-27","","0.0"
"MEDELLIN -TANQUE MIRAFLORES","2019-09-26","","0.25541667"
"MEDELLIN -TANQUE MIRAFLORES","2019-09-25","","0.24958333"
"MEDELLIN -TANQUE MIRAFLORES","2019-09-24","","0.02916667"
"MEDELLIN -TANQUE MIRAFLORES","2019-09-23","","0.16"
"MEDELLIN -TANQUE MIRAFLORES","2019-09-22","","0.03791667"
"MEDELLIN -TANQUE MIRAFLORES","2019-09-21","","0.00416667"
"MEDELLIN -TANQUE MIRAFLORES","2019-09-20","","0.05125"
"MEDELLIN -TANQUE MIRAFLORES","2019-09-19","","0.1425"
"MEDELLIN -TANQUE MIRAFLORES","2019-09-18","","0.28333333"
"MEDELLIN -TANQUE MIRAFLORES","2019-09-17","","0.03791667"
"MEDELLIN -TANQUE MIRAFLORES","2019-09-16","","0.11625"
"MEDELLIN -TANQUE MIRAFLORES","2019-09-15","","0.00208333"
"MEDELLIN -TANQUE MIRAFLORES","2019-09-14","","0.0025"
"MEDELLIN -TANQUE MIRAFLORES","2019-09-13","","0.16291667"
"MEDELLIN -TANQUE MIRAFLORES","2019-09-12","","0.08083333"
"MEDELLIN -TANQUE MIRAFLORES","2019-09-11","","0.02041667"
"MEDELLIN -TANQUE MIRAFLORES","2019-09-10","","0.00791667"
"MEDELLIN -TANQUE MIRAFLORES","2019-09-09","","0.0"
"MEDELLIN -TANQUE MIRAFLORES","2019-09-08","","0.0"
"MEDELLIN -TANQUE MIRAFLORES","2019-09-07","","0.0"
"MEDELLIN -TANQUE MIRAFLORES","2019-09-06","","0.06125"
"MEDELLIN -TANQUE MIRAFLORES","2019-09-05","","0.0125"
"MEDELLIN -TANQUE MIRAFLORES","2019-09-04","","0.0075"
"MEDELLIN -TANQUE MIRAFLORES","2019-09-03","","0.0"
"MEDELLIN -TANQUE MIRAFLORES","2019-09-02","","0.00333333"
"MEDELLIN -TANQUE MIRAFLORES","2019-09-01","","0.01833333"
"MEDELLIN -TANQUE MIRAFLORES","2019-08-31","","0.01333333"
"MEDELLIN -TANQUE MIRAFLORES","2019-08-30","","0.0"
"MEDELLIN -TANQUE MIRAFLORES","2019-08-29","","0.0"
"MEDELLIN -TANQUE MIRAFLORES","2019-08-28","","0.0"
"MEDELLIN -TANQUE MIRAFLORES","2019-08-27","","0.0"
"MEDELLIN -TANQUE MIRAFLORES","2019-08-26","","0.0"
"MEDELLIN -TANQUE MIRAFLORES","2019-08-25","","0.0"
"MEDELLIN -TANQUE MIRAFLORES","2019-08-24","","0.0"
"MEDELLIN -TANQUE MIRAFLORES","2019-08-23","","0.0"
"MEDELLIN -TANQUE MIRAFLORES","2019-08-22","","0.0"
"MEDELLIN -TANQUE MIRAFLORES","2019-08-21","","0.0"
"MEDELLIN -TANQUE MIRAFLORES","2019-08-20","","0.0"
"MEDELLIN -TANQUE MIRAFLORES","2019-08-19","","0.01208333"
"MEDELLIN -TANQUE MIRAFLORES","2019-08-18","","0.05416667"
"MEDELLIN -TANQUE MIRAFLORES","2019-08-17","","0.0075"
"MEDELLIN -TANQUE MIRAFLORES","2019-08-16","","0.06666667"
"MEDELLIN -TANQUE MIRAFLORES","2019-08-15","","0.0"
"MEDELLIN -TANQUE MIRAFLORES","2019-08-14","","0.0"
"MEDELLIN -TANQUE MIRAFLORES","2019-08-13","","0.00125"
"MEDELLIN -TANQUE MIRAFLORES","2019-08-12","","0.00666667"
"MEDELLIN -TANQUE MIRAFLORES","2019-08-11","","0.0"
"MEDELLIN -TANQUE MIRAFLORES","2019-08-10","","0.0"
"MEDELLIN -TANQUE MIRAFLORES","2019-08-09","","0.0"
"MEDELLIN -TANQUE MIRAFLORES","2019-08-08","","0.0"
"MEDELLIN -TANQUE MIRAFLORES","2019-08-07","","0.00333333"
"MEDELLIN -TANQUE MIRAFLORES","2019-08-06","","0.0"
"MEDELLIN -TANQUE MIRAFLORES","2019-08-05","","0.0"
"MEDELLIN -TANQUE MIRAFLORES","2019-08-04","","0.0"
"MEDELLIN -TANQUE MIRAFLORES","2019-08-03","","0.01083333"
"MEDELLIN -TANQUE MIRAFLORES","2019-08-02","","0.18541667"
"MEDELLIN -TANQUE MIRAFLORES","2019-08-01","","0.01708333"
"MEDELLIN -TANQUE MIRAFLORES","2019-07-31","","0.0"
"MEDELLIN -TANQUE MIRAFLORES","2019-07-30","","0.02875"
"MEDELLIN -TANQUE MIRAFLORES","2019-07-29","","0.0"
"MEDELLIN -TANQUE MIRAFLORES","2019-07-28","","0.0"
"MEDELLIN -TANQUE MIRAFLORES","2019-07-27","","0.01583333"
"MEDELLIN -TANQUE MIRAFLORES","2019-07-26","","0.00125"
"MEDELLIN -TANQUE MIRAFLORES","2019-07-25","","0.0075"
"MEDELLIN -TANQUE MIRAFLORES","2019-07-24","","0.0"
"MEDELLIN -TANQUE MIRAFLORES","2019-07-23","","0.21666667"
"MEDELLIN -TANQUE MIRAFLORES","2019-07-22","","0.02958333"
"MEDELLIN -TANQUE MIRAFLORES","2019-07-21","","0.0025"
"MEDELLIN -TANQUE MIRAFLORES","2019-07-20","","0.0"
"MEDELLIN -TANQUE MIRAFLORES","2019-07-19","","0.0"
"MEDELLIN -TANQUE MIRAFLORES","2019-07-18","","0.0"
"MEDELLIN -TANQUE MIRAFLORES","2019-07-17","","0.0"
"MEDELLIN -TANQUE MIRAFLORES","2019-07-16","","0.0325"
"MEDELLIN -TANQUE MIRAFLORES","2019-07-15","","0.16625"
"MEDELLIN -TANQUE MIRAFLORES","2019-07-14","","0.18208333"
"MEDELLIN -TANQUE MIRAFLORES","2019-07-13","","0.12791667"
"MEDELLIN -TANQUE MIRAFLORES","2019-07-12","","0.02416667"
"MEDELLIN -TANQUE MIRAFLORES","2019-07-11","","0.07416667"
"MEDELLIN -TANQUE MIRAFLORES","2019-07-10","","0.0"
"MEDELLIN -TANQUE MIRAFLORES","2019-07-09","","0.01875"
"MEDELLIN -TANQUE MIRAFLORES","2019-07-08","","0.01041667"
"MEDELLIN -TANQUE MIRAFLORES","2019-07-07","","0.0"
"MEDELLIN -TANQUE MIRAFLORES","2019-07-06","","0.0"
"MEDELLIN -TANQUE MIRAFLORES","2019-07-05","","0.20291667"
"MEDELLIN -TANQUE MIRAFLORES","2019-07-04","","0.04541667"
"MEDELLIN -TANQUE MIRAFLORES","2019-07-03","","0.19416667"
"MEDELLIN -TANQUE MIRAFLORES","2019-07-02","","0.06541667"
"MEDELLIN -TANQUE MIRAFLORES","2019-07-01","","0.05791667"
"MEDELLIN -TANQUE MIRAFLORES","2019-06-30","","0.00291667"
"MEDELLIN -TANQUE MIRAFLORES","2019-06-29","","0.0"
"MEDELLIN -TANQUE MIRAFLORES","2019-06-28","","0.0"
"MEDELLIN -TANQUE MIRAFLORES","2019-06-27","","0.0"
"MEDELLIN -TANQUE MIRAFLORES","2019-06-26","","0.0"
"MEDELLIN -TANQUE MIRAFLORES","2019-06-25","","0.13166667"
"MEDELLIN -TANQUE MIRAFLORES","2019-06-24","","0.065"
"MEDELLIN -TANQUE MIRAFLORES","2019-06-23","","0.0025"
"MEDELLIN -TANQUE MIRAFLORES","2019-06-22","","0.0"
"MEDELLIN -TANQUE MIRAFLORES","2019-06-21","","0.0"
"MEDELLIN -TANQUE MIRAFLORES","2019-06-20","","0.0"
"MEDELLIN -TANQUE MIRAFLORES","2019-06-19","","0.0"
"MEDELLIN -TANQUE MIRAFLORES","2019-06-18","","0.0"
"MEDELLIN -TANQUE MIRAFLORES","2019-06-17","","0.0"
"MEDELLIN -TANQUE MIRAFLORES","2019-06-16","","0.04416667"
"MEDELLIN -TANQUE MIRAFLORES","2019-06-15","","0.07625"
"MEDELLIN -TANQUE MIRAFLORES","2019-06-14","","0.04166667"
"MEDELLIN -TANQUE MIRAFLORES","2019-06-13","","0.13625"
"MEDELLIN -TANQUE MIRAFLORES","2019-06-12","","0.08708333"
"MEDELLIN -TANQUE MIRAFLORES","2019-06-11","","0.00125"
"MEDELLIN -TANQUE MIRAFLORES","2019-06-10","","0.00208333"
"MEDELLIN -TANQUE MIRAFLORES","2019-06-09","","0.01666667"
"MEDELLIN -TANQUE MIRAFLORES","2019-06-08","","0.05791667"
"MEDELLIN -TANQUE MIRAFLORES","2019-06-07","","0.32833333"
"MEDELLIN -TANQUE MIRAFLORES","2019-06-06","","0.03"
"MEDELLIN -TANQUE MIRAFLORES","2019-06-05","","0.0175"
"MEDELLIN -TANQUE MIRAFLORES","2019-06-04","","0.03583333"
"MEDELLIN -TANQUE MIRAFLORES","2019-06-03","","0.0"
"MEDELLIN -TANQUE MIRAFLORES","2019-06-02","","0.015"
"MEDELLIN -TANQUE MIRAFLORES","2019-06-01","","0.25208333"
"MEDELLIN -TANQUE MIRAFLORES","2019-05-31","","0.16083333"
"MEDELLIN -TANQUE MIRAFLORES","2019-05-30","","0.16"
"MEDELLIN -TANQUE MIRAFLORES","2019-05-29","","0.10916667"
"MEDELLIN -TANQUE MIRAFLORES","2019-05-28","","0.18583333"
"MEDELLIN -TANQUE MIRAFLORES","2019-05-27","","0.16291667"
"MEDELLIN -TANQUE MIRAFLORES","2019-05-26","","0.17791667"
"MEDELLIN -TANQUE MIRAFLORES","2019-05-25","","0.25875"
"MEDELLIN -TANQUE MIRAFLORES","2019-05-24","","0.07208333"
"MEDELLIN -TANQUE MIRAFLORES","2019-05-23","","0.23083333"
"MEDELLIN -TANQUE MIRAFLORES","2019-05-22","","0.30041667"
"MEDELLIN -TANQUE MIRAFLORES","2019-05-21","","0.10583333"
"MEDELLIN -TANQUE MIRAFLORES","2019-05-20","","0.05041667"
"MEDELLIN -TANQUE MIRAFLORES","2019-05-19","","0.25"
"MEDELLIN -TANQUE MIRAFLORES","2019-05-18","","0.02666667"
"MEDELLIN -TANQUE MIRAFLORES","2019-05-17","","0.12"
"MEDELLIN -TANQUE MIRAFLORES","2019-05-16","","0.01458333"
"MEDELLIN -TANQUE MIRAFLORES","2019-05-15","","0.01125"
"MEDELLIN -TANQUE MIRAFLORES","2019-05-14","","0.08125"
"MEDELLIN -TANQUE MIRAFLORES","2019-05-13","","0.11541667"
"MEDELLIN -TANQUE MIRAFLORES","2019-05-12","","0.015"
"MEDELLIN -TANQUE MIRAFLORES","2019-05-11","","0.18625"
"MEDELLIN -TANQUE MIRAFLORES","2019-05-10","","0.12375"
"MEDELLIN -TANQUE MIRAFLORES","2019-05-09","","0.35458333"
"MEDELLIN -TANQUE MIRAFLORES","2019-05-08","","0.18291667"
"MEDELLIN -TANQUE MIRAFLORES","2019-05-07","","8.3333E-4"
"MEDELLIN -TANQUE MIRAFLORES","2019-05-06","","0.0"
"MEDELLIN -TANQUE MIRAFLORES","2019-05-05","","0.0"
"MEDELLIN -TANQUE MIRAFLORES","2019-05-04","","0.0"
"MEDELLIN -TANQUE MIRAFLORES","2019-05-03","","0.0"
"MEDELLIN -TANQUE MIRAFLORES","2019-05-02","","0.0"
"MEDELLIN -TANQUE MIRAFLORES","2019-05-01","","0.0"
"MEDELLIN -TANQUE MIRAFLORES","2019-04-30","","0.0"
"MEDELLIN -TANQUE MIRAFLORES","2019-04-29","","0.0"
"MEDELLIN -TANQUE MIRAFLORES","2019-04-28","","0.00125"
"MEDELLIN -TANQUE MIRAFLORES","2019-04-27","","0.0"
"MEDELLIN -TANQUE MIRAFLORES","2019-04-26","","0.36208333"
"MEDELLIN -TANQUE MIRAFLORES","2019-04-25","","0.02708333"
"MEDELLIN -TANQUE MIRAFLORES","2019-04-24","","0.19875"
"MEDELLIN -TANQUE MIRAFLORES","2019-04-23","","0.10916667"
"MEDELLIN -TANQUE MIRAFLORES","2019-04-22","","0.31958333"
"MEDELLIN -TANQUE MIRAFLORES","2019-04-21","","0.22708333"
"MEDELLIN -TANQUE MIRAFLORES","2019-04-20","","0.26625"
"MEDELLIN -TANQUE MIRAFLORES","2019-04-19","","0.14083333"
"MEDELLIN -TANQUE MIRAFLORES","2019-04-18","","0.22916667"
"MEDELLIN -TANQUE MIRAFLORES","2019-04-17","","0.0925"
"MEDELLIN -TANQUE MIRAFLORES","2019-04-16","","0.0"
"MEDELLIN -TANQUE MIRAFLORES","2019-04-15","","0.03833333"
"MEDELLIN -TANQUE MIRAFLORES","2019-04-14","","0.09666667"
"MEDELLIN -TANQUE MIRAFLORES","2019-04-13","","0.0975"
"MEDELLIN -TANQUE MIRAFLORES","2019-04-12","","0.0"
"MEDELLIN -TANQUE MIRAFLORES","2019-04-11","","0.04125"
"MEDELLIN -TANQUE MIRAFLORES","2019-04-10","","0.11041667"
"MEDELLIN -TANQUE MIRAFLORES","2019-04-09","","0.08541667"
"MEDELLIN -TANQUE MIRAFLORES","2019-04-08","","8.3333E-4"
"MEDELLIN -TANQUE MIRAFLORES","2019-04-07","","0.0"
"MEDELLIN -TANQUE MIRAFLORES","2019-04-06","","0.0"
"MEDELLIN -TANQUE MIRAFLORES","2019-04-05","","0.0"
"MEDELLIN -TANQUE MIRAFLORES","2019-04-04","","0.0"
"MEDELLIN -TANQUE MIRAFLORES","2019-04-03","","0.0"
"MEDELLIN -TANQUE MIRAFLORES","2019-04-02","","0.0"
"MEDELLIN -TANQUE MIRAFLORES","2019-04-01","","0.0"
"MEDELLIN -TANQUE MIRAFLORES","2019-03-31","","0.0"
"MEDELLIN -TANQUE MIRAFLORES","2019-03-30","","0.0"
"MEDELLIN -TANQUE MIRAFLORES","2019-03-29","","0.12875"
"MEDELLIN -TANQUE MIRAFLORES","2019-03-28","","4.1667E-4"
"MEDELLIN -TANQUE MIRAFLORES","2019-03-27","","0.0"
"MEDELLIN -TANQUE MIRAFLORES","2019-03-26","","0.0"
"MEDELLIN -TANQUE MIRAFLORES","2019-03-25","","0.44166667"
"MEDELLIN -TANQUE MIRAFLORES","2019-03-24","","0.18833333"
"MEDELLIN -TANQUE MIRAFLORES","2019-03-23","","0.01875"
"MEDELLIN -TANQUE MIRAFLORES","2019-03-22","","0.09125"
"MEDELLIN -TANQUE MIRAFLORES","2019-03-21","","0.0675"
"MEDELLIN -TANQUE MIRAFLORES","2019-03-20","","0.07375"
"MEDELLIN -TANQUE MIRAFLORES","2019-03-19","","0.15666667"
"MEDELLIN -TANQUE MIRAFLORES","2019-03-18","","0.07333333"
"MEDELLIN -TANQUE MIRAFLORES","2019-03-17","","0.0"
"MEDELLIN -TANQUE MIRAFLORES","2019-03-16","","0.01"
"MEDELLIN -TANQUE MIRAFLORES","2019-03-15","","0.0"
"MEDELLIN -TANQUE MIRAFLORES","2019-03-14","","0.0"
"MEDELLIN -TANQUE MIRAFLORES","2019-03-13","","0.0"
"MEDELLIN -TANQUE MIRAFLORES","2019-03-12","","0.02041667"
"MEDELLIN -TANQUE MIRAFLORES","2019-03-11","","0.01125"
"MEDELLIN -TANQUE MIRAFLORES","2019-03-10","","0.02083333"
"MEDELLIN -TANQUE MIRAFLORES","2019-03-09","","0.00625"
"MEDELLIN -TANQUE MIRAFLORES","2019-03-08","","8.3333E-4"
"MEDELLIN -TANQUE MIRAFLORES","2019-03-07","","0.00166667"
"MEDELLIN -TANQUE MIRAFLORES","2019-03-06","","0.03416667"
"MEDELLIN -TANQUE MIRAFLORES","2019-03-05","","0.0"
"MEDELLIN -TANQUE MIRAFLORES","2019-03-04","","0.0"
"MEDELLIN -TANQUE MIRAFLORES","2019-03-03","","0.12041667"
"MEDELLIN -TANQUE MIRAFLORES","2019-03-02","","0.0875"
"MEDELLIN -TANQUE MIRAFLORES","2019-03-01","","0.03"
"MEDELLIN -TANQUE MIRAFLORES","2019-02-28","","0.08666667"
"MEDELLIN -TANQUE MIRAFLORES","2019-02-27","","0.87142857"
