"Estacion","Fecha inicial","Fecha final","HAire10"
"MEDELLÍN - SANTA ELENA","2025-10-31","","82.16269565"
"MEDELLÍN - SANTA ELENA","2025-10-30","","84.85158333"
"MEDELLÍN - SANTA ELENA","2025-10-29","","85.95291667"
"MEDELLÍN - SANTA ELENA","2025-10-28","","88.23125"
"MEDELLÍN - SANTA ELENA","2025-10-27","","88.44933333"
"MEDELLÍN - SANTA ELENA","2025-10-26","","90.54670833"
"MEDELLÍN - SANTA ELENA","2025-10-25","","83.52908333"
"MEDELLÍN - SANTA ELENA","2025-10-24","","90.727"
"MEDELLÍN - SANTA ELENA","2025-10-23","","89.15629167"
"MEDELLÍN - SANTA ELENA","2025-10-22","","91.02908333"
"MEDELLÍN - SANTA ELENA","2025-10-21","","89.98945833"
"MEDELLÍN - SANTA ELENA","2025-10-20","","86.58545833"
"MEDELLÍN - SANTA ELENA","2025-10-19","","84.28483333"
"MEDELLÍN - SANTA ELENA","2025-10-18","","85.19625"
"MEDELLÍN - SANTA ELENA","2025-10-17","","88.920875"
"MEDELLÍN - SANTA ELENA","2025-10-16","","85.25995833"
"MEDELLÍN - SANTA ELENA","2025-10-15","","87.853375"
"MEDELLÍN - SANTA ELENA","2025-10-14","","27.64475"
"MEDELLÍN - SANTA ELENA","2025-10-13","","0.0"
"MEDELLÍN - SANTA ELENA","2025-10-12","","0.0"
"MEDELLÍN - SANTA ELENA","2025-10-11","","84.515625"
"MEDELLÍN - SANTA ELENA","2025-10-10","","91.219625"
"MEDELLÍN - SANTA ELENA","2025-10-09","","84.26958333"
"MEDELLÍN - SANTA ELENA","2025-10-08","","87.39379167"
"MEDELLÍN - SANTA ELENA","2025-10-07","","84.938"
"MEDELLÍN - SANTA ELENA","2025-10-06","","86.03020833"
"MEDELLÍN - SANTA ELENA","2025-10-05","","82.69833333"
"MEDELLÍN - SANTA ELENA","2025-10-04","","85.21408333"
"MEDELLÍN - SANTA ELENA","2025-10-03","","84.72375"
"MEDELLÍN - SANTA ELENA","2025-10-02","","83.91091667"
"MEDELLÍN - SANTA ELENA","2025-10-01","","84.83295833"
"MEDELLÍN - SANTA ELENA","2025-09-30","","0.0"
"MEDELLÍN - SANTA ELENA","2025-09-29","","0.0"
"MEDELLÍN - SANTA ELENA","2025-09-28","","0.0"
"MEDELLÍN - SANTA ELENA","2025-09-27","","0.0"
"MEDELLÍN - SANTA ELENA","2025-09-26","","0.0"
"MEDELLÍN - SANTA ELENA","2025-09-25","","0.0"
"MEDELLÍN - SANTA ELENA","2025-09-24","","38.06508333"
"MEDELLÍN - SANTA ELENA","2025-09-23","","81.94208333"
"MEDELLÍN - SANTA ELENA","2025-09-22","","85.49775"
"MEDELLÍN - SANTA ELENA","2025-09-21","","79.492375"
"MEDELLÍN - SANTA ELENA","2025-09-20","","85.17233333"
"MEDELLÍN - SANTA ELENA","2025-09-19","","87.76579167"
"MEDELLÍN - SANTA ELENA","2025-09-18","","92.55158333"
"MEDELLÍN - SANTA ELENA","2025-09-17","","84.40170833"
"MEDELLÍN - SANTA ELENA","2025-09-16","","79.88191667"
"MEDELLÍN - SANTA ELENA","2025-09-15","","81.69408333"
"MEDELLÍN - SANTA ELENA","2025-09-14","","81.65991667"
"MEDELLÍN - SANTA ELENA","2025-09-13","","80.20683333"
"MEDELLÍN - SANTA ELENA","2025-09-12","","79.99279167"
"MEDELLÍN - SANTA ELENA","2025-09-11","","82.12854167"
"MEDELLÍN - SANTA ELENA","2025-09-10","","82.855375"
"MEDELLÍN - SANTA ELENA","2025-09-09","","83.17445833"
"MEDELLÍN - SANTA ELENA","2025-09-08","","84.71766667"
"MEDELLÍN - SANTA ELENA","2025-09-07","","87.41725"
"MEDELLÍN - SANTA ELENA","2025-09-06","","85.25395833"
"MEDELLÍN - SANTA ELENA","2025-09-05","","85.76245833"
"MEDELLÍN - SANTA ELENA","2025-09-04","","85.317875"
"MEDELLÍN - SANTA ELENA","2025-09-03","","83.62120833"
"MEDELLÍN - SANTA ELENA","2025-09-02","","80.60945833"
"MEDELLÍN - SANTA ELENA","2025-09-01","","85.99133333"
"MEDELLÍN - SANTA ELENA","2025-08-31","","86.53779214"
"MEDELLÍN - SANTA ELENA","2025-08-30","","81.023125"
"MEDELLÍN - SANTA ELENA","2025-08-29","","73.65454861"
"MEDELLÍN - SANTA ELENA","2025-08-28","","76.80195139"
"MEDELLÍN - SANTA ELENA","2025-08-27","","80.15801389"
"MEDELLÍN - SANTA ELENA","2025-08-26","","78.98725695"
"MEDELLÍN - SANTA ELENA","2025-08-25","","86.03066667"
"MEDELLÍN - SANTA ELENA","2025-08-24","","81.0471875"
"MEDELLÍN - SANTA ELENA","2025-08-23","","81.82951389"
"MEDELLÍN - SANTA ELENA","2025-08-22","","89.85822917"
"MEDELLÍN - SANTA ELENA","2025-08-21","","80.37011111"
"MEDELLÍN - SANTA ELENA","2025-08-20","","84.72665972"
"MEDELLÍN - SANTA ELENA","2025-08-19","","80.44520139"
"MEDELLÍN - SANTA ELENA","2025-08-18","","84.91249258"
"MEDELLÍN - SANTA ELENA","2025-08-17","","90.01827778"
"MEDELLÍN - SANTA ELENA","2025-08-16","","89.01021528"
"MEDELLÍN - SANTA ELENA","2025-08-15","","89.427375"
"MEDELLÍN - SANTA ELENA","2025-08-14","","82.28987524"
"MEDELLÍN - SANTA ELENA","2025-08-13","","83.51988194"
"MEDELLÍN - SANTA ELENA","2025-08-12","","82.11804861"
"MEDELLÍN - SANTA ELENA","2025-08-11","","82.13582346"
"MEDELLÍN - SANTA ELENA","2025-08-10","","87.91664583"
"MEDELLÍN - SANTA ELENA","2025-08-09","","86.22868056"
"MEDELLÍN - SANTA ELENA","2025-08-08","","85.68169231"
"MEDELLÍN - SANTA ELENA","2025-07-16","","82.89870455"
"MEDELLÍN - SANTA ELENA","2025-07-15","","77.63952083"
"MEDELLÍN - SANTA ELENA","2025-07-14","","83.34494444"
"MEDELLÍN - SANTA ELENA","2025-07-13","","83.95458592"
"MEDELLÍN - SANTA ELENA","2025-07-12","","83.9467943"
"MEDELLÍN - SANTA ELENA","2025-07-11","","86.80438601"
"MEDELLÍN - SANTA ELENA","2025-07-10","","80.99134794"
"MEDELLÍN - SANTA ELENA","2025-07-09","","86.28888194"
"MEDELLÍN - SANTA ELENA","2025-07-08","","82.08152083"
"MEDELLÍN - SANTA ELENA","2025-07-07","","81.00490972"
"MEDELLÍN - SANTA ELENA","2025-07-06","","86.84498611"
"MEDELLÍN - SANTA ELENA","2025-07-05","","83.02884722"
"MEDELLÍN - SANTA ELENA","2025-07-04","","79.4339299"
"MEDELLÍN - SANTA ELENA","2025-07-02","","73.14462938"
"MEDELLÍN - SANTA ELENA","2025-06-28","","81.67077888"
"MEDELLÍN - SANTA ELENA","2025-06-27","","86.29912506"
"MEDELLÍN - SANTA ELENA","2025-06-26","","82.61034596"
"MEDELLÍN - SANTA ELENA","2025-06-25","","79.57280556"
"MEDELLÍN - SANTA ELENA","2025-06-24","","90.412225"
"MEDELLÍN - SANTA ELENA","2025-06-19","","73.41872127"
"MEDELLÍN - SANTA ELENA","2025-06-18","","81.17126885"
"MEDELLÍN - SANTA ELENA","2025-06-17","","82.86990572"
"MEDELLÍN - SANTA ELENA","2025-06-15","","87.01006095"
"MEDELLÍN - SANTA ELENA","2025-06-14","","90.35199734"
"MEDELLÍN - SANTA ELENA","2025-06-13","","90.76778056"
"MEDELLÍN - SANTA ELENA","2025-06-12","","86.25320732"
"MEDELLÍN - SANTA ELENA","2025-06-11","","89.21796977"
"MEDELLÍN - SANTA ELENA","2025-06-10","","87.37474388"
"MEDELLÍN - SANTA ELENA","2025-06-09","","88.62934091"
"MEDELLÍN - SANTA ELENA","2025-06-08","","81.36309722"
"MEDELLÍN - SANTA ELENA","2025-06-07","","78.44069059"
"MEDELLÍN - SANTA ELENA","2025-06-06","","88.03310967"
"MEDELLÍN - SANTA ELENA","2025-06-05","","86.15574306"
"MEDELLÍN - SANTA ELENA","2025-06-04","","86.10866499"
"MEDELLÍN - SANTA ELENA","2025-06-03","","79.92714583"
"MEDELLÍN - SANTA ELENA","2025-06-02","","84.11924306"
"MEDELLÍN - SANTA ELENA","2025-06-01","","87.72710417"
"MEDELLÍN - SANTA ELENA","2025-05-31","","80.52584058"
"MEDELLÍN - SANTA ELENA","2025-05-30","","85.02723611"
"MEDELLÍN - SANTA ELENA","2025-05-29","","79.79847222"
"MEDELLÍN - SANTA ELENA","2025-05-28","","82.69474306"
"MEDELLÍN - SANTA ELENA","2025-05-27","","89.86282331"
"MEDELLÍN - SANTA ELENA","2025-05-26","","86.567875"
"MEDELLÍN - SANTA ELENA","2025-05-25","","79.58937463"
"MEDELLÍN - SANTA ELENA","2025-05-24","","82.81743056"
"MEDELLÍN - SANTA ELENA","2025-05-23","","83.43088194"
"MEDELLÍN - SANTA ELENA","2025-05-22","","86.60703472"
"MEDELLÍN - SANTA ELENA","2025-05-21","","86.5294375"
"MEDELLÍN - SANTA ELENA","2025-05-20","","90.06920833"
"MEDELLÍN - SANTA ELENA","2025-05-19","","86.18167819"
"MEDELLÍN - SANTA ELENA","2025-05-10","","79.8797514"
"MEDELLÍN - SANTA ELENA","2025-05-09","","86.46414468"
"MEDELLÍN - SANTA ELENA","2025-05-08","","90.97150883"
"MEDELLÍN - SANTA ELENA","2025-05-07","","90.92611111"
"MEDELLÍN - SANTA ELENA","2025-05-06","","89.78230556"
"MEDELLÍN - SANTA ELENA","2025-05-05","","89.01188889"
"MEDELLÍN - SANTA ELENA","2025-05-04","","91.12495685"
"MEDELLÍN - SANTA ELENA","2025-05-03","","88.34929415"
"MEDELLÍN - SANTA ELENA","2025-05-02","","91.04852778"
"MEDELLÍN - SANTA ELENA","2025-05-01","","89.62192361"
"MEDELLÍN - SANTA ELENA","2025-04-30","","87.68577019"
"MEDELLÍN - SANTA ELENA","2025-04-29","","90.3635376"
"MEDELLÍN - SANTA ELENA","2025-04-28","","90.42714583"
"MEDELLÍN - SANTA ELENA","2025-04-27","","91.05152155"
"MEDELLÍN - SANTA ELENA","2025-04-26","","88.12099306"
"MEDELLÍN - SANTA ELENA","2025-04-25","","88.0120625"
"MEDELLÍN - SANTA ELENA","2025-04-24","","89.82770351"
"MEDELLÍN - SANTA ELENA","2025-04-23","","86.80539395"
"MEDELLÍN - SANTA ELENA","2025-04-22","","90.32818303"
"MEDELLÍN - SANTA ELENA","2025-04-21","","88.19586806"
"MEDELLÍN - SANTA ELENA","2025-04-20","","83.89507131"
"MEDELLÍN - SANTA ELENA","2025-04-19","","82.16995373"
"MEDELLÍN - SANTA ELENA","2025-04-18","","82.26370926"
"MEDELLÍN - SANTA ELENA","2025-04-17","","89.93077778"
"MEDELLÍN - SANTA ELENA","2025-04-16","","83.35507022"
"MEDELLÍN - SANTA ELENA","2025-04-15","","80.10720421"
"MEDELLÍN - SANTA ELENA","2025-04-14","","78.0137944"
"MEDELLÍN - SANTA ELENA","2025-04-13","","80.76291667"
"MEDELLÍN - SANTA ELENA","2025-04-12","","85.06853316"
"MEDELLÍN - SANTA ELENA","2025-04-11","","86.48080914"
"MEDELLÍN - SANTA ELENA","2025-04-10","","90.98101197"
"MEDELLÍN - SANTA ELENA","2025-04-09","","87.76769444"
"MEDELLÍN - SANTA ELENA","2025-04-08","","89.86033333"
"MEDELLÍN - SANTA ELENA","2025-04-07","","85.40358333"
"MEDELLÍN - SANTA ELENA","2025-04-06","","89.06002778"
"MEDELLÍN - SANTA ELENA","2025-04-05","","86.95039583"
"MEDELLÍN - SANTA ELENA","2025-04-04","","88.74252754"
"MEDELLÍN - SANTA ELENA","2025-04-03","","89.26433333"
"MEDELLÍN - SANTA ELENA","2025-04-02","","90.70678472"
"MEDELLÍN - SANTA ELENA","2025-04-01","","88.48382639"
"MEDELLÍN - SANTA ELENA","2025-03-31","","90.41035507"
"MEDELLÍN - SANTA ELENA","2025-03-30","","89.97370953"
"MEDELLÍN - SANTA ELENA","2025-03-29","","88.39981255"
"MEDELLÍN - SANTA ELENA","2025-03-28","","89.93251924"
"MEDELLÍN - SANTA ELENA","2025-03-27","","85.68959076"
"MEDELLÍN - SANTA ELENA","2025-03-26","","86.09070186"
"MEDELLÍN - SANTA ELENA","2025-03-25","","85.44559028"
"MEDELLÍN - SANTA ELENA","2025-03-24","","79.12516667"
"MEDELLÍN - SANTA ELENA","2025-03-23","","80.68104861"
"MEDELLÍN - SANTA ELENA","2025-03-22","","84.83791667"
"MEDELLÍN - SANTA ELENA","2025-03-21","","83.60425503"
"MEDELLÍN - SANTA ELENA","2025-03-20","","87.95926083"
"MEDELLÍN - SANTA ELENA","2025-03-19","","87.21347222"
"MEDELLÍN - SANTA ELENA","2025-03-18","","89.98125694"
"MEDELLÍN - SANTA ELENA","2025-03-17","","89.34040088"
"MEDELLÍN - SANTA ELENA","2025-03-16","","85.85701919"
"MEDELLÍN - SANTA ELENA","2025-03-15","","88.62543056"
"MEDELLÍN - SANTA ELENA","2025-03-14","","90.19213889"
"MEDELLÍN - SANTA ELENA","2025-03-13","","87.27238194"
"MEDELLÍN - SANTA ELENA","2025-03-12","","87.70915972"
"MEDELLÍN - SANTA ELENA","2025-03-11","","86.01219325"
"MEDELLÍN - SANTA ELENA","2025-03-10","","84.32036111"
"MEDELLÍN - SANTA ELENA","2025-03-09","","85.93752083"
"MEDELLÍN - SANTA ELENA","2025-03-08","","86.41258369"
"MEDELLÍN - SANTA ELENA","2025-03-07","","88.76029861"
"MEDELLÍN - SANTA ELENA","2025-03-06","","89.43182639"
"MEDELLÍN - SANTA ELENA","2025-03-05","","91.05767361"
"MEDELLÍN - SANTA ELENA","2025-03-04","","89.20475"
"MEDELLÍN - SANTA ELENA","2025-03-03","","88.55902083"
"MEDELLÍN - SANTA ELENA","2025-03-02","","84.27384722"
"MEDELLÍN - SANTA ELENA","2025-03-01","","88.85713889"
"MEDELLÍN - SANTA ELENA","2025-02-28","","89.14505072"
"MEDELLÍN - SANTA ELENA","2025-02-27","","87.84471528"
"MEDELLÍN - SANTA ELENA","2025-02-26","","86.18194445"
"MEDELLÍN - SANTA ELENA","2025-02-25","","88.67370761"
"MEDELLÍN - SANTA ELENA","2025-02-24","","86.67610417"
"MEDELLÍN - SANTA ELENA","2025-02-23","","88.41840613"
"MEDELLÍN - SANTA ELENA","2025-02-22","","90.04097222"
"MEDELLÍN - SANTA ELENA","2025-02-21","","87.88317361"
"MEDELLÍN - SANTA ELENA","2025-02-20","","85.69001389"
"MEDELLÍN - SANTA ELENA","2025-02-19","","88.40756944"
"MEDELLÍN - SANTA ELENA","2025-02-18","","88.28396528"
"MEDELLÍN - SANTA ELENA","2025-02-17","","87.99157639"
"MEDELLÍN - SANTA ELENA","2025-02-16","","90.42027083"
"MEDELLÍN - SANTA ELENA","2025-02-15","","88.09429167"
"MEDELLÍN - SANTA ELENA","2025-02-14","","88.94541667"
"MEDELLÍN - SANTA ELENA","2025-02-13","","88.06033597"
"MEDELLÍN - SANTA ELENA","2025-02-12","","88.19842361"
"MEDELLÍN - SANTA ELENA","2025-02-11","","91.15391667"
"MEDELLÍN - SANTA ELENA","2025-02-10","","88.037875"
"MEDELLÍN - SANTA ELENA","2025-02-09","","90.85704861"
"MEDELLÍN - SANTA ELENA","2025-02-08","","89.82606944"
"MEDELLÍN - SANTA ELENA","2025-02-07","","87.31097222"
"MEDELLÍN - SANTA ELENA","2025-02-06","","89.56034028"
"MEDELLÍN - SANTA ELENA","2025-02-05","","90.74059028"
"MEDELLÍN - SANTA ELENA","2025-02-04","","89.096125"
"MEDELLÍN - SANTA ELENA","2025-02-03","","88.16347917"
"MEDELLÍN - SANTA ELENA","2025-02-02","","84.86138889"
"MEDELLÍN - SANTA ELENA","2025-02-01","","80.58210417"
"MEDELLÍN - SANTA ELENA","2025-01-31","","83.81815942"
"MEDELLÍN - SANTA ELENA","2025-01-30","","81.26225"
"MEDELLÍN - SANTA ELENA","2025-01-29","","80.55202083"
"MEDELLÍN - SANTA ELENA","2025-01-28","","85.73224306"
"MEDELLÍN - SANTA ELENA","2025-01-27","","86.48565972"
"MEDELLÍN - SANTA ELENA","2025-01-26","","82.81515972"
"MEDELLÍN - SANTA ELENA","2025-01-25","","87.93463889"
"MEDELLÍN - SANTA ELENA","2025-01-24","","86.63325"
"MEDELLÍN - SANTA ELENA","2025-01-23","","79.29770139"
"MEDELLÍN - SANTA ELENA","2025-01-22","","79.02007639"
"MEDELLÍN - SANTA ELENA","2025-01-21","","80.62175"
"MEDELLÍN - SANTA ELENA","2025-01-20","","83.53742361"
"MEDELLÍN - SANTA ELENA","2025-01-19","","82.42978472"
"MEDELLÍN - SANTA ELENA","2025-01-18","","77.65973611"
"MEDELLÍN - SANTA ELENA","2025-01-17","","84.62890972"
"MEDELLÍN - SANTA ELENA","2025-01-16","","83.15194444"
"MEDELLÍN - SANTA ELENA","2025-01-15","","78.136375"
"MEDELLÍN - SANTA ELENA","2025-01-14","","82.50801185"
"MEDELLÍN - SANTA ELENA","2025-01-13","","70.42610417"
"MEDELLÍN - SANTA ELENA","2025-01-12","","83.50646528"
"MEDELLÍN - SANTA ELENA","2025-01-11","","83.74535417"
"MEDELLÍN - SANTA ELENA","2025-01-10","","86.14486257"
"MEDELLÍN - SANTA ELENA","2025-01-09","","88.03911805"
"MEDELLÍN - SANTA ELENA","2025-01-08","","88.42083413"
"MEDELLÍN - SANTA ELENA","2025-01-07","","89.16114218"
"MEDELLÍN - SANTA ELENA","2025-01-06","","83.22189583"
"MEDELLÍN - SANTA ELENA","2025-01-05","","89.39642361"
"MEDELLÍN - SANTA ELENA","2025-01-04","","89.57090972"
"MEDELLÍN - SANTA ELENA","2025-01-03","","90.65568056"
"MEDELLÍN - SANTA ELENA","2025-01-02","","86.67420139"
"MEDELLÍN - SANTA ELENA","2025-01-01","","88.81449306"
"MEDELLÍN - SANTA ELENA","2024-12-31","","89.11584058"
"MEDELLÍN - SANTA ELENA","2024-12-30","","91.23045139"
"MEDELLÍN - SANTA ELENA","2024-12-29","","87.55997917"
"MEDELLÍN - SANTA ELENA","2024-12-28","","87.39947893"
"MEDELLÍN - SANTA ELENA","2024-12-27","","90.80954861"
"MEDELLÍN - SANTA ELENA","2024-12-26","","90.89473611"
"MEDELLÍN - SANTA ELENA","2024-12-25","","86.86126608"
"MEDELLÍN - SANTA ELENA","2024-12-24","","88.67711557"
"MEDELLÍN - SANTA ELENA","2024-12-23","","86.73077778"
"MEDELLÍN - SANTA ELENA","2024-12-22","","85.80593056"
"MEDELLÍN - SANTA ELENA","2024-12-21","","88.50194444"
"MEDELLÍN - SANTA ELENA","2024-12-20","","86.54968056"
"MEDELLÍN - SANTA ELENA","2024-12-19","","85.95917361"
"MEDELLÍN - SANTA ELENA","2024-12-18","","83.4070073"
"MEDELLÍN - SANTA ELENA","2024-12-17","","88.33661111"
"MEDELLÍN - SANTA ELENA","2024-12-16","","91.31847917"
"MEDELLÍN - SANTA ELENA","2024-12-15","","89.74977778"
"MEDELLÍN - SANTA ELENA","2024-12-14","","86.92697222"
"MEDELLÍN - SANTA ELENA","2024-12-13","","85.2930625"
"MEDELLÍN - SANTA ELENA","2024-12-12","","85.33074306"
"MEDELLÍN - SANTA ELENA","2024-12-11","","86.32440278"
"MEDELLÍN - SANTA ELENA","2024-12-10","","85.25753196"
"MEDELLÍN - SANTA ELENA","2024-12-09","","83.80592769"
"MEDELLÍN - SANTA ELENA","2024-12-08","","70.511875"
"MEDELLÍN - SANTA ELENA","2024-12-07","","82.18713889"
"MEDELLÍN - SANTA ELENA","2024-12-06","","81.94383333"
"MEDELLÍN - SANTA ELENA","2024-12-05","","85.56050694"
"MEDELLÍN - SANTA ELENA","2024-12-04","","83.05332639"
"MEDELLÍN - SANTA ELENA","2024-12-03","","86.41522917"
"MEDELLÍN - SANTA ELENA","2024-12-02","","84.96813195"
"MEDELLÍN - SANTA ELENA","2024-12-01","","83.76317803"
"MEDELLÍN - SANTA ELENA","2024-11-30","","81.24961594"
"MEDELLÍN - SANTA ELENA","2024-11-29","","86.29334028"
"MEDELLÍN - SANTA ELENA","2024-11-28","","84.52510417"
"MEDELLÍN - SANTA ELENA","2024-11-27","","86.34442361"
"MEDELLÍN - SANTA ELENA","2024-11-26","","81.58129167"
"MEDELLÍN - SANTA ELENA","2024-11-25","","83.78702778"
"MEDELLÍN - SANTA ELENA","2024-11-24","","86.8523125"
"MEDELLÍN - SANTA ELENA","2024-11-23","","88.73704167"
"MEDELLÍN - SANTA ELENA","2024-11-22","","90.93879167"
"MEDELLÍN - SANTA ELENA","2024-11-21","","88.39550635"
"MEDELLÍN - SANTA ELENA","2024-11-20","","87.83260417"
"MEDELLÍN - SANTA ELENA","2024-11-19","","89.08078472"
"MEDELLÍN - SANTA ELENA","2024-11-18","","84.82610417"
"MEDELLÍN - SANTA ELENA","2024-11-17","","87.65942361"
"MEDELLÍN - SANTA ELENA","2024-11-16","","89.19315278"
"MEDELLÍN - SANTA ELENA","2024-11-15","","89.65752083"
"MEDELLÍN - SANTA ELENA","2024-11-14","","90.21107312"
"MEDELLÍN - SANTA ELENA","2024-11-13","","89.38625"
"MEDELLÍN - SANTA ELENA","2024-11-12","","88.1233125"
"MEDELLÍN - SANTA ELENA","2024-11-11","","89.27254861"
"MEDELLÍN - SANTA ELENA","2024-11-10","","90.00402083"
"MEDELLÍN - SANTA ELENA","2024-11-09","","88.74681944"
"MEDELLÍN - SANTA ELENA","2024-11-08","","91.49821037"
"MEDELLÍN - SANTA ELENA","2024-11-07","","87.2355139"
"MEDELLÍN - SANTA ELENA","2024-11-06","","84.424"
"MEDELLÍN - SANTA ELENA","2024-11-05","","80.53851389"
"MEDELLÍN - SANTA ELENA","2024-11-04","","89.74409028"
"MEDELLÍN - SANTA ELENA","2024-11-03","","87.18321528"
"MEDELLÍN - SANTA ELENA","2024-11-02","","85.32895187"
"MEDELLÍN - SANTA ELENA","2024-11-01","","89.71940278"
"MEDELLÍN - SANTA ELENA","2024-10-31","","83.56277861"
"MEDELLÍN - SANTA ELENA","2024-10-30","","84.23869445"
"MEDELLÍN - SANTA ELENA","2024-10-29","","81.83938194"
"MEDELLÍN - SANTA ELENA","2024-10-28","","82.94795833"
"MEDELLÍN - SANTA ELENA","2024-10-27","","86.02082639"
"MEDELLÍN - SANTA ELENA","2024-10-26","","82.44097917"
"MEDELLÍN - SANTA ELENA","2024-10-25","","80.51275311"
"MEDELLÍN - SANTA ELENA","2024-10-24","","86.1358125"
"MEDELLÍN - SANTA ELENA","2024-10-23","","86.50571199"
"MEDELLÍN - SANTA ELENA","2024-10-22","","89.04868056"
"MEDELLÍN - SANTA ELENA","2024-10-21","","84.94618056"
"MEDELLÍN - SANTA ELENA","2024-10-20","","87.60318998"
"MEDELLÍN - SANTA ELENA","2024-10-19","","82.60982639"
"MEDELLÍN - SANTA ELENA","2024-10-18","","80.38323313"
"MEDELLÍN - SANTA ELENA","2024-10-17","","84.859"
"MEDELLÍN - SANTA ELENA","2024-10-16","","86.23170833"
"MEDELLÍN - SANTA ELENA","2024-10-15","","84.80615972"
"MEDELLÍN - SANTA ELENA","2024-10-14","","80.25329167"
"MEDELLÍN - SANTA ELENA","2024-10-13","","79.6009375"
"MEDELLÍN - SANTA ELENA","2024-10-12","","79.22656944"
"MEDELLÍN - SANTA ELENA","2024-10-11","","81.38581944"
"MEDELLÍN - SANTA ELENA","2024-10-10","","87.35713195"
"MEDELLÍN - SANTA ELENA","2024-10-09","","84.21082639"
"MEDELLÍN - SANTA ELENA","2024-10-08","","89.64792361"
"MEDELLÍN - SANTA ELENA","2024-10-07","","88.90636806"
"MEDELLÍN - SANTA ELENA","2024-10-06","","85.48191667"
"MEDELLÍN - SANTA ELENA","2024-10-05","","82.94880268"
"MEDELLÍN - SANTA ELENA","2024-10-04","","84.01796785"
"MEDELLÍN - SANTA ELENA","2024-10-03","","79.9854375"
"MEDELLÍN - SANTA ELENA","2024-10-02","","87.91686111"
"MEDELLÍN - SANTA ELENA","2024-10-01","","87.44459722"
"MEDELLÍN - SANTA ELENA","2024-09-30","","87.20331884"
"MEDELLÍN - SANTA ELENA","2024-09-29","","87.5385836"
"MEDELLÍN - SANTA ELENA","2024-09-28","","88.88540278"
"MEDELLÍN - SANTA ELENA","2024-09-27","","85.98534722"
"MEDELLÍN - SANTA ELENA","2024-09-26","","79.70272222"
"MEDELLÍN - SANTA ELENA","2024-09-25","","81.25093056"
"MEDELLÍN - SANTA ELENA","2024-09-24","","78.43696932"
"MEDELLÍN - SANTA ELENA","2024-09-23","","81.13676389"
"MEDELLÍN - SANTA ELENA","2024-09-22","","83.2852716"
"MEDELLÍN - SANTA ELENA","2024-09-21","","80.41213194"
"MEDELLÍN - SANTA ELENA","2024-09-20","","76.38004803"
"MEDELLÍN - SANTA ELENA","2024-09-19","","79.38693056"
"MEDELLÍN - SANTA ELENA","2024-09-18","","74.23988194"
"MEDELLÍN - SANTA ELENA","2024-09-17","","76.32897917"
"MEDELLÍN - SANTA ELENA","2024-09-16","","78.70151634"
"MEDELLÍN - SANTA ELENA","2024-09-15","","77.44031944"
"MEDELLÍN - SANTA ELENA","2024-09-14","","80.53125695"
"MEDELLÍN - SANTA ELENA","2024-09-13","","80.15754167"
"MEDELLÍN - SANTA ELENA","2024-09-12","","80.22136692"
"MEDELLÍN - SANTA ELENA","2024-09-11","","76.08033333"
"MEDELLÍN - SANTA ELENA","2024-09-10","","78.68514583"
"MEDELLÍN - SANTA ELENA","2024-09-09","","70.44718384"
"MEDELLÍN - SANTA ELENA","2024-09-08","","77.05804167"
"MEDELLÍN - SANTA ELENA","2024-09-07","","79.30917361"
"MEDELLÍN - SANTA ELENA","2024-09-06","","76.912875"
"MEDELLÍN - SANTA ELENA","2024-09-05","","78.96798611"
"MEDELLÍN - SANTA ELENA","2024-09-04","","69.44513095"
"MEDELLÍN - SANTA ELENA","2024-07-19","","80.74166667"
"MEDELLÍN - SANTA ELENA","2024-07-18","","77.84159722"
"MEDELLÍN - SANTA ELENA","2024-07-17","","74.98597081"
"MEDELLÍN - SANTA ELENA","2024-07-16","","76.154"
"MEDELLÍN - SANTA ELENA","2024-07-15","","78.35942361"
"MEDELLÍN - SANTA ELENA","2024-07-14","","79.71649306"
"MEDELLÍN - SANTA ELENA","2024-07-13","","79.9106538"
"MEDELLÍN - SANTA ELENA","2024-07-12","","84.6403428"
"MEDELLÍN - SANTA ELENA","2024-07-11","","77.69240972"
"MEDELLÍN - SANTA ELENA","2024-07-10","","81.64953472"
"MEDELLÍN - SANTA ELENA","2024-07-09","","78.77234669"
"MEDELLÍN - SANTA ELENA","2024-07-08","","76.39930944"
"MEDELLÍN - SANTA ELENA","2024-07-07","","79.59481945"
"MEDELLÍN - SANTA ELENA","2024-07-06","","78.48726389"
"MEDELLÍN - SANTA ELENA","2024-07-05","","92.16670833"
"MEDELLÍN - SANTA ELENA","2024-07-04","","90.24970833"
"MEDELLÍN - SANTA ELENA","2024-07-03","","87.58986111"
"MEDELLÍN - SANTA ELENA","2024-07-02","","86.27736805"
"MEDELLÍN - SANTA ELENA","2024-07-01","","84.52752083"
"MEDELLÍN - SANTA ELENA","2024-06-30","","86.30711701"
"MEDELLÍN - SANTA ELENA","2024-06-29","","87.61593056"
"MEDELLÍN - SANTA ELENA","2024-06-28","","89.09044444"
"MEDELLÍN - SANTA ELENA","2024-06-27","","87.91126389"
"MEDELLÍN - SANTA ELENA","2024-06-26","","85.47769526"
"MEDELLÍN - SANTA ELENA","2024-06-25","","85.03803366"
"MEDELLÍN - SANTA ELENA","2024-06-24","","83.52936111"
"MEDELLÍN - SANTA ELENA","2024-06-23","","85.3979375"
"MEDELLÍN - SANTA ELENA","2024-06-22","","87.39013889"
"MEDELLÍN - SANTA ELENA","2024-06-21","","84.91429167"
"MEDELLÍN - SANTA ELENA","2024-06-20","","84.95643792"
"MEDELLÍN - SANTA ELENA","2024-06-19","","84.1853125"
"MEDELLÍN - SANTA ELENA","2024-06-18","","85.45374306"
"MEDELLÍN - SANTA ELENA","2024-06-17","","79.50677083"
"MEDELLÍN - SANTA ELENA","2024-06-16","","86.88459028"
"MEDELLÍN - SANTA ELENA","2024-06-15","","88.58383333"
"MEDELLÍN - SANTA ELENA","2024-06-14","","88.44284722"
"MEDELLÍN - SANTA ELENA","2024-06-13","","83.44517835"
"MEDELLÍN - SANTA ELENA","2024-06-12","","81.30015278"
"MEDELLÍN - SANTA ELENA","2024-06-11","","85.27709028"
"MEDELLÍN - SANTA ELENA","2024-06-10","","87.14803472"
"MEDELLÍN - SANTA ELENA","2024-06-09","","84.60140972"
"MEDELLÍN - SANTA ELENA","2024-06-08","","83.10997222"
"MEDELLÍN - SANTA ELENA","2024-06-07","","81.70911949"
"MEDELLÍN - SANTA ELENA","2024-06-06","","83.35499306"
"MEDELLÍN - SANTA ELENA","2024-06-05","","84.81972222"
"MEDELLÍN - SANTA ELENA","2024-06-04","","88.11785417"
"MEDELLÍN - SANTA ELENA","2024-06-03","","81.41110417"
"MEDELLÍN - SANTA ELENA","2024-06-02","","84.41734722"
"MEDELLÍN - SANTA ELENA","2024-06-01","","76.82684722"
"MEDELLÍN - SANTA ELENA","2024-05-31","","85.23371739"
"MEDELLÍN - SANTA ELENA","2024-05-30","","86.32947917"
"MEDELLÍN - SANTA ELENA","2024-05-29","","88.835125"
"MEDELLÍN - SANTA ELENA","2024-05-28","","82.01563194"
"MEDELLÍN - SANTA ELENA","2024-05-27","","86.09197222"
"MEDELLÍN - SANTA ELENA","2024-05-26","","81.69574305"
"MEDELLÍN - SANTA ELENA","2024-05-25","","86.93672222"
"MEDELLÍN - SANTA ELENA","2024-05-24","","84.85888889"
"MEDELLÍN - SANTA ELENA","2024-05-23","","84.75890972"
"MEDELLÍN - SANTA ELENA","2024-05-22","","83.72559722"
"MEDELLÍN - SANTA ELENA","2024-05-21","","86.18430556"
"MEDELLÍN - SANTA ELENA","2024-05-20","","81.05844444"
"MEDELLÍN - SANTA ELENA","2024-05-19","","76.11230556"
"MEDELLÍN - SANTA ELENA","2024-05-18","","83.00030556"
"MEDELLÍN - SANTA ELENA","2024-05-17","","83.03626389"
"MEDELLÍN - SANTA ELENA","2024-05-16","","88.80179167"
"MEDELLÍN - SANTA ELENA","2024-05-15","","88.10935417"
"MEDELLÍN - SANTA ELENA","2024-05-14","","85.17822917"
"MEDELLÍN - SANTA ELENA","2024-05-13","","75.31158333"
"MEDELLÍN - SANTA ELENA","2024-05-12","","87.38614583"
"MEDELLÍN - SANTA ELENA","2024-05-11","","85.87195833"
"MEDELLÍN - SANTA ELENA","2024-05-10","","84.63303472"
"MEDELLÍN - SANTA ELENA","2024-05-09","","91.09594444"
"MEDELLÍN - SANTA ELENA","2024-05-08","","84.67491667"
"MEDELLÍN - SANTA ELENA","2024-05-07","","81.88678472"
"MEDELLÍN - SANTA ELENA","2024-05-06","","84.21111806"
"MEDELLÍN - SANTA ELENA","2024-05-05","","85.59713889"
"MEDELLÍN - SANTA ELENA","2024-05-04","","89.53654167"
"MEDELLÍN - SANTA ELENA","2024-05-03","","86.73048611"
"MEDELLÍN - SANTA ELENA","2024-05-02","","89.42079861"
"MEDELLÍN - SANTA ELENA","2024-05-01","","84.77994444"
"MEDELLÍN - SANTA ELENA","2024-04-30","","86.48407875"
"MEDELLÍN - SANTA ELENA","2024-04-29","","85.73873611"
"MEDELLÍN - SANTA ELENA","2024-04-28","","89.00570139"
"MEDELLÍN - SANTA ELENA","2024-04-27","","87.75221351"
"MEDELLÍN - SANTA ELENA","2024-04-26","","87.3355625"
"MEDELLÍN - SANTA ELENA","2024-04-25","","82.06745139"
"MEDELLÍN - SANTA ELENA","2024-04-24","","83.52347917"
"MEDELLÍN - SANTA ELENA","2024-04-23","","87.43005556"
"MEDELLÍN - SANTA ELENA","2024-04-22","","88.58501389"
"MEDELLÍN - SANTA ELENA","2024-04-21","","88.26048909"
"MEDELLÍN - SANTA ELENA","2024-04-20","","85.36561504"
"MEDELLÍN - SANTA ELENA","2024-04-19","","86.05740972"
"MEDELLÍN - SANTA ELENA","2024-04-18","","85.62966508"
"MEDELLÍN - SANTA ELENA","2024-04-17","","85.8978092"
"MEDELLÍN - SANTA ELENA","2024-04-16","","84.4417807"
"MEDELLÍN - SANTA ELENA","2024-04-15","","81.42904167"
"MEDELLÍN - SANTA ELENA","2024-04-14","","83.45414078"
"MEDELLÍN - SANTA ELENA","2024-04-13","","81.51823611"
"MEDELLÍN - SANTA ELENA","2024-04-12","","80.48986111"
"MEDELLÍN - SANTA ELENA","2024-04-11","","83.35847716"
"MEDELLÍN - SANTA ELENA","2024-04-10","","71.82230556"
"MEDELLÍN - SANTA ELENA","2024-04-09","","77.9793125"
"MEDELLÍN - SANTA ELENA","2024-04-08","","81.57214583"
"MEDELLÍN - SANTA ELENA","2024-04-07","","80.59600695"
"MEDELLÍN - SANTA ELENA","2024-04-06","","84.37443056"
"MEDELLÍN - SANTA ELENA","2024-04-05","","81.48717361"
"MEDELLÍN - SANTA ELENA","2024-04-04","","89.78051389"
"MEDELLÍN - SANTA ELENA","2024-04-03","","88.19685417"
"MEDELLÍN - SANTA ELENA","2024-04-02","","86.70669444"
"MEDELLÍN - SANTA ELENA","2024-04-01","","86.31526577"
"MEDELLÍN - SANTA ELENA","2024-03-31","","88.08071015"
"MEDELLÍN - SANTA ELENA","2024-03-30","","83.65964583"
"MEDELLÍN - SANTA ELENA","2024-03-29","","82.99398611"
"MEDELLÍN - SANTA ELENA","2024-03-28","","84.82877083"
"MEDELLÍN - SANTA ELENA","2024-03-27","","84.99465278"
"MEDELLÍN - SANTA ELENA","2024-03-26","","84.00951389"
"MEDELLÍN - SANTA ELENA","2024-03-25","","82.11236111"
"MEDELLÍN - SANTA ELENA","2024-03-24","","82.06975695"
"MEDELLÍN - SANTA ELENA","2024-03-23","","84.41792361"
"MEDELLÍN - SANTA ELENA","2024-03-22","","77.12386806"
"MEDELLÍN - SANTA ELENA","2024-03-21","","81.21944445"
"MEDELLÍN - SANTA ELENA","2024-03-20","","86.00386806"
"MEDELLÍN - SANTA ELENA","2024-03-19","","79.52861153"
"MEDELLÍN - SANTA ELENA","2024-03-18","","76.71061854"
"MEDELLÍN - SANTA ELENA","2024-03-17","","83.95654861"
"MEDELLÍN - SANTA ELENA","2024-03-16","","79.59365493"
"MEDELLÍN - SANTA ELENA","2024-03-15","","75.12619444"
"MEDELLÍN - SANTA ELENA","2024-03-14","","83.75425377"
"MEDELLÍN - SANTA ELENA","2024-03-13","","82.02127778"
"MEDELLÍN - SANTA ELENA","2024-03-12","","81.52154861"
"MEDELLÍN - SANTA ELENA","2024-03-11","","85.48335417"
"MEDELLÍN - SANTA ELENA","2024-03-10","","77.75743056"
"MEDELLÍN - SANTA ELENA","2024-03-09","","85.21991667"
"MEDELLÍN - SANTA ELENA","2024-03-08","","82.38887688"
"MEDELLÍN - SANTA ELENA","2024-03-07","","80.46345833"
"MEDELLÍN - SANTA ELENA","2024-03-06","","83.67174306"
"MEDELLÍN - SANTA ELENA","2024-03-05","","83.51491667"
"MEDELLÍN - SANTA ELENA","2024-03-04","","84.463125"
"MEDELLÍN - SANTA ELENA","2024-03-03","","80.78621528"
"MEDELLÍN - SANTA ELENA","2024-03-02","","75.49225387"
"MEDELLÍN - SANTA ELENA","2024-03-01","","81.49692361"
"MEDELLÍN - SANTA ELENA","2024-02-29","","80.13834058"
"MEDELLÍN - SANTA ELENA","2024-02-28","","81.79704861"
"MEDELLÍN - SANTA ELENA","2024-02-27","","81.64054167"
"MEDELLÍN - SANTA ELENA","2024-02-26","","81.1906875"
"MEDELLÍN - SANTA ELENA","2024-02-25","","82.04309028"
"MEDELLÍN - SANTA ELENA","2024-02-24","","82.21649306"
"MEDELLÍN - SANTA ELENA","2024-02-23","","81.87146528"
"MEDELLÍN - SANTA ELENA","2024-02-22","","85.20790278"
"MEDELLÍN - SANTA ELENA","2024-02-21","","76.24805556"
"MEDELLÍN - SANTA ELENA","2024-02-20","","78.57800694"
"MEDELLÍN - SANTA ELENA","2024-02-19","","82.17676256"
"MEDELLÍN - SANTA ELENA","2024-02-18","","78.78711111"
"MEDELLÍN - SANTA ELENA","2024-02-17","","81.94634028"
"MEDELLÍN - SANTA ELENA","2024-02-16","","79.54020833"
"MEDELLÍN - SANTA ELENA","2024-02-15","","79.40093056"
"MEDELLÍN - SANTA ELENA","2024-02-14","","83.48039583"
"MEDELLÍN - SANTA ELENA","2024-02-13","","86.11248333"
"MEDELLÍN - SANTA ELENA","2024-02-12","","83.63665918"
"MEDELLÍN - SANTA ELENA","2024-02-11","","80.365375"
"MEDELLÍN - SANTA ELENA","2024-02-10","","81.46052778"
"MEDELLÍN - SANTA ELENA","2024-02-09","","90.14572727"
"MEDELLÍN - SANTA ELENA","2024-02-08","","89.30586319"
"MEDELLÍN - SANTA ELENA","2024-02-07","","87.56862312"
"MEDELLÍN - SANTA ELENA","2024-02-06","","85.45080556"
"MEDELLÍN - SANTA ELENA","2024-02-05","","87.02204861"
"MEDELLÍN - SANTA ELENA","2024-02-04","","86.11881944"
"MEDELLÍN - SANTA ELENA","2024-02-03","","87.84760417"
"MEDELLÍN - SANTA ELENA","2024-02-02","","86.97414583"
"MEDELLÍN - SANTA ELENA","2024-02-01","","88.97941667"
"MEDELLÍN - SANTA ELENA","2024-01-31","","83.00721429"
"MEDELLÍN - SANTA ELENA","2024-01-30","","85.84355556"
"MEDELLÍN - SANTA ELENA","2024-01-29","","83.8884375"
"MEDELLÍN - SANTA ELENA","2024-01-28","","83.44758333"
"MEDELLÍN - SANTA ELENA","2024-01-27","","84.18093056"
"MEDELLÍN - SANTA ELENA","2024-01-26","","84.03500694"
"MEDELLÍN - SANTA ELENA","2024-01-25","","75.47204167"
"MEDELLÍN - SANTA ELENA","2024-01-24","","68.75251389"
"MEDELLÍN - SANTA ELENA","2024-01-23","","58.22409028"
"MEDELLÍN - SANTA ELENA","2024-01-22","","77.52172917"
"MEDELLÍN - SANTA ELENA","2024-01-21","","84.18463195"
"MEDELLÍN - SANTA ELENA","2024-01-20","","81.64595939"
"MEDELLÍN - SANTA ELENA","2024-01-19","","75.42527083"
"MEDELLÍN - SANTA ELENA","2024-01-18","","73.36985417"
"MEDELLÍN - SANTA ELENA","2024-01-17","","75.56239583"
"MEDELLÍN - SANTA ELENA","2024-01-16","","73.27074306"
"MEDELLÍN - SANTA ELENA","2024-01-15","","77.00763195"
"MEDELLÍN - SANTA ELENA","2024-01-14","","82.45295833"
"MEDELLÍN - SANTA ELENA","2024-01-13","","84.00875694"
"MEDELLÍN - SANTA ELENA","2024-01-12","","83.4049375"
"MEDELLÍN - SANTA ELENA","2024-01-11","","83.8890625"
"MEDELLÍN - SANTA ELENA","2024-01-10","","85.11038194"
"MEDELLÍN - SANTA ELENA","2024-01-09","","84.2235"
"MEDELLÍN - SANTA ELENA","2024-01-08","","80.63284722"
"MEDELLÍN - SANTA ELENA","2024-01-07","","81.50469444"
"MEDELLÍN - SANTA ELENA","2024-01-06","","75.15456522"
"MEDELLÍN - SANTA ELENA","2024-01-05","","82.09059209"
"MEDELLÍN - SANTA ELENA","2024-01-04","","82.68294444"
"MEDELLÍN - SANTA ELENA","2024-01-03","","80.20222917"
"MEDELLÍN - SANTA ELENA","2024-01-02","","85.27338889"
"MEDELLÍN - SANTA ELENA","2024-01-01","","83.61265972"
"MEDELLÍN - SANTA ELENA","2023-12-31","","82.59532609"
"MEDELLÍN - SANTA ELENA","2023-12-30","","85.254375"
"MEDELLÍN - SANTA ELENA","2023-12-29","","86.10199306"
"MEDELLÍN - SANTA ELENA","2023-12-28","","86.94230555"
"MEDELLÍN - SANTA ELENA","2023-12-27","","83.68854717"
"MEDELLÍN - SANTA ELENA","2023-12-26","","84.59948611"
"MEDELLÍN - SANTA ELENA","2023-12-25","","85.87189583"
"MEDELLÍN - SANTA ELENA","2023-12-24","","84.69369444"
"MEDELLÍN - SANTA ELENA","2023-12-23","","84.71669445"
"MEDELLÍN - SANTA ELENA","2023-12-22","","84.3183125"
"MEDELLÍN - SANTA ELENA","2023-12-21","","84.35365972"
"MEDELLÍN - SANTA ELENA","2023-12-20","","83.40479167"
"MEDELLÍN - SANTA ELENA","2023-12-19","","84.04463194"
"MEDELLÍN - SANTA ELENA","2023-12-18","","85.93292361"
"MEDELLÍN - SANTA ELENA","2023-12-17","","87.55305556"
"MEDELLÍN - SANTA ELENA","2023-12-16","","88.73034028"
"MEDELLÍN - SANTA ELENA","2023-12-15","","88.18453623"
"MEDELLÍN - SANTA ELENA","2023-12-14","","84.89403472"
"MEDELLÍN - SANTA ELENA","2023-12-13","","81.73152778"
"MEDELLÍN - SANTA ELENA","2023-12-12","","78.55247917"
"MEDELLÍN - SANTA ELENA","2023-12-11","","81.45189583"
"MEDELLÍN - SANTA ELENA","2023-12-10","","83.32177083"
"MEDELLÍN - SANTA ELENA","2023-12-09","","80.95068056"
"MEDELLÍN - SANTA ELENA","2023-12-08","","85.157375"
"MEDELLÍN - SANTA ELENA","2023-12-07","","86.08911806"
"MEDELLÍN - SANTA ELENA","2023-12-06","","85.78354167"
"MEDELLÍN - SANTA ELENA","2023-12-05","","80.69558333"
"MEDELLÍN - SANTA ELENA","2023-12-04","","83.94951389"
"MEDELLÍN - SANTA ELENA","2023-12-03","","84.28165972"
"MEDELLÍN - SANTA ELENA","2023-12-02","","81.72291667"
"MEDELLÍN - SANTA ELENA","2023-12-01","","75.82835417"
"MEDELLÍN - SANTA ELENA","2023-11-30","","84.25384783"
"MEDELLÍN - SANTA ELENA","2023-11-29","","75.23495833"
"MEDELLÍN - SANTA ELENA","2023-11-28","","80.91484028"
"MEDELLÍN - SANTA ELENA","2023-11-27","","79.13563889"
"MEDELLÍN - SANTA ELENA","2023-11-26","","83.11713195"
"MEDELLÍN - SANTA ELENA","2023-11-25","","83.79142006"
"MEDELLÍN - SANTA ELENA","2023-11-24","","83.04409028"
"MEDELLÍN - SANTA ELENA","2023-11-23","","84.61130556"
"MEDELLÍN - SANTA ELENA","2023-11-22","","85.64794444"
"MEDELLÍN - SANTA ELENA","2023-11-21","","87.30861806"
"MEDELLÍN - SANTA ELENA","2023-11-20","","89.61615278"
"MEDELLÍN - SANTA ELENA","2023-11-19","","89.04275695"
"MEDELLÍN - SANTA ELENA","2023-11-18","","86.95610417"
"MEDELLÍN - SANTA ELENA","2023-11-17","","85.79165972"
"MEDELLÍN - SANTA ELENA","2023-11-16","","85.11095833"
"MEDELLÍN - SANTA ELENA","2023-11-15","","87.48713194"
"MEDELLÍN - SANTA ELENA","2023-11-14","","83.87099306"
"MEDELLÍN - SANTA ELENA","2023-11-13","","81.93854167"
"MEDELLÍN - SANTA ELENA","2023-11-12","","83.82657969"
"MEDELLÍN - SANTA ELENA","2023-11-11","","81.52698011"
"MEDELLÍN - SANTA ELENA","2023-11-10","","81.3486875"
"MEDELLÍN - SANTA ELENA","2023-11-09","","83.3284076"
"MEDELLÍN - SANTA ELENA","2023-11-08","","84.87045139"
"MEDELLÍN - SANTA ELENA","2023-11-07","","85.66655556"
"MEDELLÍN - SANTA ELENA","2023-11-06","","87.02688889"
"MEDELLÍN - SANTA ELENA","2023-11-05","","85.79917361"
"MEDELLÍN - SANTA ELENA","2023-11-04","","85.88396528"
"MEDELLÍN - SANTA ELENA","2023-11-03","","86.29722917"
"MEDELLÍN - SANTA ELENA","2023-11-02","","87.77056061"
"MEDELLÍN - SANTA ELENA","2023-11-01","","86.39917593"
"MEDELLÍN - SANTA ELENA","2023-10-31","","86.03215217"
"MEDELLÍN - SANTA ELENA","2023-10-30","","87.39918056"
"MEDELLÍN - SANTA ELENA","2023-10-29","","83.73033333"
"MEDELLÍN - SANTA ELENA","2023-10-28","","88.1140625"
"MEDELLÍN - SANTA ELENA","2023-10-27","","89.51427083"
"MEDELLÍN - SANTA ELENA","2023-10-26","","88.55300694"
"MEDELLÍN - SANTA ELENA","2023-10-25","","88.66111111"
"MEDELLÍN - SANTA ELENA","2023-10-24","","87.74836111"
"MEDELLÍN - SANTA ELENA","2023-10-23","","80.18801389"
"MEDELLÍN - SANTA ELENA","2023-10-22","","86.96278472"
"MEDELLÍN - SANTA ELENA","2023-10-21","","88.95702083"
"MEDELLÍN - SANTA ELENA","2023-10-20","","86.58619444"
"MEDELLÍN - SANTA ELENA","2023-10-19","","82.16536111"
"MEDELLÍN - SANTA ELENA","2023-10-18","","82.97406944"
"MEDELLÍN - SANTA ELENA","2023-10-17","","86.31906944"
"MEDELLÍN - SANTA ELENA","2023-10-16","","85.0628125"
"MEDELLÍN - SANTA ELENA","2023-10-15","","81.13741667"
"MEDELLÍN - SANTA ELENA","2023-10-14","","82.08797917"
"MEDELLÍN - SANTA ELENA","2023-10-13","","81.35134028"
"MEDELLÍN - SANTA ELENA","2023-10-12","","79.22435417"
"MEDELLÍN - SANTA ELENA","2023-10-11","","84.84818056"
"MEDELLÍN - SANTA ELENA","2023-10-10","","82.05836111"
"MEDELLÍN - SANTA ELENA","2023-10-09","","80.85568056"
"MEDELLÍN - SANTA ELENA","2023-10-08","","84.76507759"
"MEDELLÍN - SANTA ELENA","2023-10-07","","83.73129167"
"MEDELLÍN - SANTA ELENA","2023-10-06","","86.22806944"
"MEDELLÍN - SANTA ELENA","2023-10-05","","85.66139583"
"MEDELLÍN - SANTA ELENA","2023-10-04","","89.5579375"
"MEDELLÍN - SANTA ELENA","2023-10-03","","84.254375"
"MEDELLÍN - SANTA ELENA","2023-10-02","","80.95477778"
"MEDELLÍN - SANTA ELENA","2023-10-01","","77.92994444"
"MEDELLÍN - SANTA ELENA","2023-09-30","","78.36817391"
"MEDELLÍN - SANTA ELENA","2023-09-29","","82.42336111"
"MEDELLÍN - SANTA ELENA","2023-09-28","","83.61453472"
"MEDELLÍN - SANTA ELENA","2023-09-27","","82.65776389"
"MEDELLÍN - SANTA ELENA","2023-09-26","","78.62784722"
"MEDELLÍN - SANTA ELENA","2023-09-25","","78.67533333"
"MEDELLÍN - SANTA ELENA","2023-09-24","","82.97331944"
"MEDELLÍN - SANTA ELENA","2023-09-23","","75.37809722"
"MEDELLÍN - SANTA ELENA","2023-09-22","","76.13856944"
"MEDELLÍN - SANTA ELENA","2023-09-21","","72.87959028"
"MEDELLÍN - SANTA ELENA","2023-09-20","","72.66273611"
"MEDELLÍN - SANTA ELENA","2023-09-19","","76.11806944"
"MEDELLÍN - SANTA ELENA","2023-09-18","","74.24091667"
"MEDELLÍN - SANTA ELENA","2023-09-17","","81.91039583"
"MEDELLÍN - SANTA ELENA","2023-09-16","","76.61429167"
"MEDELLÍN - SANTA ELENA","2023-09-15","","78.24894068"
"MEDELLÍN - SANTA ELENA","2023-09-14","","79.75319444"
"MEDELLÍN - SANTA ELENA","2023-09-13","","77.80761111"
"MEDELLÍN - SANTA ELENA","2023-09-12","","79.25525"
"MEDELLÍN - SANTA ELENA","2023-09-11","","78.28357639"
"MEDELLÍN - SANTA ELENA","2023-09-10","","82.97109722"
"MEDELLÍN - SANTA ELENA","2023-09-09","","80.134875"
"MEDELLÍN - SANTA ELENA","2023-09-08","","81.36925"
"MEDELLÍN - SANTA ELENA","2023-09-07","","74.39099306"
"MEDELLÍN - SANTA ELENA","2023-09-06","","69.74173917"
"MEDELLÍN - SANTA ELENA","2023-09-05","","78.91701763"
"MEDELLÍN - SANTA ELENA","2023-09-04","","80.6276087"
"MEDELLÍN - SANTA ELENA","2023-09-03","","77.62118056"
"MEDELLÍN - SANTA ELENA","2023-09-02","","79.77005556"
"MEDELLÍN - SANTA ELENA","2023-09-01","","75.56471081"
"MEDELLÍN - SANTA ELENA","2023-08-31","","66.42794203"
"MEDELLÍN - SANTA ELENA","2023-08-30","","75.61326389"
"MEDELLÍN - SANTA ELENA","2023-08-29","","78.50262886"
"MEDELLÍN - SANTA ELENA","2023-08-28","","76.16097917"
"MEDELLÍN - SANTA ELENA","2023-08-27","","76.45518056"
"MEDELLÍN - SANTA ELENA","2023-08-26","","73.22899306"
"MEDELLÍN - SANTA ELENA","2023-08-25","","79.80884722"
"MEDELLÍN - SANTA ELENA","2023-08-24","","83.10813889"
"MEDELLÍN - SANTA ELENA","2023-08-23","","78.28906668"
"MEDELLÍN - SANTA ELENA","2023-08-22","","86.29467361"
"MEDELLÍN - SANTA ELENA","2023-08-21","","88.5383125"
"MEDELLÍN - SANTA ELENA","2023-08-20","","86.23357933"
"MEDELLÍN - SANTA ELENA","2023-08-19","","85.21053472"
"MEDELLÍN - SANTA ELENA","2023-08-18","","83.12260417"
"MEDELLÍN - SANTA ELENA","2023-08-17","","79.49395139"
"MEDELLÍN - SANTA ELENA","2023-08-16","","82.66594445"
"MEDELLÍN - SANTA ELENA","2023-08-15","","79.94506522"
"MEDELLÍN - SANTA ELENA","2023-08-14","","75.78778472"
"MEDELLÍN - SANTA ELENA","2023-08-13","","79.09299388"
"MEDELLÍN - SANTA ELENA","2023-08-12","","80.18472771"
"MEDELLÍN - SANTA ELENA","2023-08-11","","80.8089375"
"MEDELLÍN - SANTA ELENA","2023-08-10","","78.32560341"
"MEDELLÍN - SANTA ELENA","2023-08-09","","76.88760047"
"MEDELLÍN - SANTA ELENA","2023-08-08","","70.90597187"
"MEDELLÍN - SANTA ELENA","2023-08-07","","79.255"
"MEDELLÍN - SANTA ELENA","2023-08-06","","79.76576389"
"MEDELLÍN - SANTA ELENA","2023-08-05","","77.60681944"
"MEDELLÍN - SANTA ELENA","2023-08-04","","76.50479861"
"MEDELLÍN - SANTA ELENA","2023-08-03","","74.98763194"
"MEDELLÍN - SANTA ELENA","2023-08-02","","71.77995139"
"MEDELLÍN - SANTA ELENA","2023-08-01","","76.290375"
"MEDELLÍN - SANTA ELENA","2023-07-31","","76.51923188"
"MEDELLÍN - SANTA ELENA","2023-07-30","","79.00422222"
"MEDELLÍN - SANTA ELENA","2023-07-29","","75.23627083"
"MEDELLÍN - SANTA ELENA","2023-07-28","","80.62459028"
"MEDELLÍN - SANTA ELENA","2023-07-27","","82.70952248"
"MEDELLÍN - SANTA ELENA","2023-07-26","","87.61492361"
"MEDELLÍN - SANTA ELENA","2023-07-25","","80.31242361"
"MEDELLÍN - SANTA ELENA","2023-07-24","","74.80370233"
"MEDELLÍN - SANTA ELENA","2023-07-23","","73.99434852"
"MEDELLÍN - SANTA ELENA","2023-07-22","","75.57801389"
"MEDELLÍN - SANTA ELENA","2023-07-21","","75.52470139"
"MEDELLÍN - SANTA ELENA","2023-07-20","","70.74700694"
"MEDELLÍN - SANTA ELENA","2023-07-19","","75.44047222"
"MEDELLÍN - SANTA ELENA","2023-07-18","","77.4386875"
"MEDELLÍN - SANTA ELENA","2023-07-17","","81.63221528"
"MEDELLÍN - SANTA ELENA","2023-07-16","","78.1291875"
"MEDELLÍN - SANTA ELENA","2023-07-15","","79.53194445"
"MEDELLÍN - SANTA ELENA","2023-07-14","","80.24091667"
"MEDELLÍN - SANTA ELENA","2023-07-13","","72.6889375"
"MEDELLÍN - SANTA ELENA","2023-07-12","","79.21358333"
"MEDELLÍN - SANTA ELENA","2023-07-11","","77.29400695"
"MEDELLÍN - SANTA ELENA","2023-07-10","","77.61958333"
"MEDELLÍN - SANTA ELENA","2023-07-09","","80.41570833"
"MEDELLÍN - SANTA ELENA","2023-07-08","","83.0038125"
"MEDELLÍN - SANTA ELENA","2023-07-07","","86.84014583"
"MEDELLÍN - SANTA ELENA","2023-07-06","","82.57574305"
"MEDELLÍN - SANTA ELENA","2023-07-05","","82.49277778"
"MEDELLÍN - SANTA ELENA","2023-07-04","","86.1093956"
"MEDELLÍN - SANTA ELENA","2023-07-03","","84.84052778"
"MEDELLÍN - SANTA ELENA","2023-07-02","","86.29918056"
"MEDELLÍN - SANTA ELENA","2023-07-01","","76.95917361"
"MEDELLÍN - SANTA ELENA","2023-06-30","","76.40551449"
"MEDELLÍN - SANTA ELENA","2023-06-29","","79.32403472"
"MEDELLÍN - SANTA ELENA","2023-06-28","","79.64586111"
"MEDELLÍN - SANTA ELENA","2023-06-27","","83.32484028"
"MEDELLÍN - SANTA ELENA","2023-06-26","","86.12852083"
"MEDELLÍN - SANTA ELENA","2023-06-25","","86.591375"
"MEDELLÍN - SANTA ELENA","2023-06-24","","82.6011875"
"MEDELLÍN - SANTA ELENA","2023-06-23","","81.74940972"
"MEDELLÍN - SANTA ELENA","2023-06-22","","80.87313194"
"MEDELLÍN - SANTA ELENA","2023-06-21","","76.39973611"
"MEDELLÍN - SANTA ELENA","2023-06-20","","72.98441702"
"MEDELLÍN - SANTA ELENA","2023-06-19","","69.37527778"
"MEDELLÍN - SANTA ELENA","2023-06-18","","74.20626224"
"MEDELLÍN - SANTA ELENA","2023-06-17","","78.77535417"
"MEDELLÍN - SANTA ELENA","2023-06-16","","79.52688194"
"MEDELLÍN - SANTA ELENA","2023-06-15","","78.57429167"
"MEDELLÍN - SANTA ELENA","2023-06-14","","80.94240972"
"MEDELLÍN - SANTA ELENA","2023-06-13","","73.09910417"
"MEDELLÍN - SANTA ELENA","2023-06-12","","77.18006944"
"MEDELLÍN - SANTA ELENA","2023-06-11","","80.27262565"
"MEDELLÍN - SANTA ELENA","2023-06-10","","82.93872222"
"MEDELLÍN - SANTA ELENA","2023-06-09","","81.87503472"
"MEDELLÍN - SANTA ELENA","2023-06-08","","87.0110727"
"MEDELLÍN - SANTA ELENA","2023-05-24","","82.80575578"
"MEDELLÍN - SANTA ELENA","2023-05-23","","87.61772128"
"MEDELLÍN - SANTA ELENA","2023-05-22","","85.44198611"
"MEDELLÍN - SANTA ELENA","2023-05-21","","89.52997222"
"MEDELLÍN - SANTA ELENA","2023-05-20","","83.9466875"
"MEDELLÍN - SANTA ELENA","2023-05-19","","82.29797917"
"MEDELLÍN - SANTA ELENA","2023-05-18","","74.63384722"
"MEDELLÍN - SANTA ELENA","2023-05-17","","76.03641667"
"MEDELLÍN - SANTA ELENA","2023-05-16","","81.87144564"
"MEDELLÍN - SANTA ELENA","2023-05-15","","84.00670833"
"MEDELLÍN - SANTA ELENA","2023-05-14","","81.77602778"
"MEDELLÍN - SANTA ELENA","2023-05-13","","85.26877778"
"MEDELLÍN - SANTA ELENA","2023-05-12","","85.12269444"
"MEDELLÍN - SANTA ELENA","2023-05-11","","83.12938194"
"MEDELLÍN - SANTA ELENA","2023-05-10","","86.41159722"
"MEDELLÍN - SANTA ELENA","2023-05-09","","79.48909028"
"MEDELLÍN - SANTA ELENA","2023-05-08","","80.49836806"
"MEDELLÍN - SANTA ELENA","2023-05-07","","75.76485417"
"MEDELLÍN - SANTA ELENA","2023-05-06","","77.53430556"
"MEDELLÍN - SANTA ELENA","2023-05-05","","78.98655556"
"MEDELLÍN - SANTA ELENA","2023-05-04","","78.66991684"
"MEDELLÍN - SANTA ELENA","2023-05-03","","75.22615278"
"MEDELLÍN - SANTA ELENA","2023-05-02","","79.42111111"
"MEDELLÍN - SANTA ELENA","2023-05-01","","76.22979167"
"MEDELLÍN - SANTA ELENA","2023-04-30","","85.04632609"
"MEDELLÍN - SANTA ELENA","2023-04-29","","83.67209722"
"MEDELLÍN - SANTA ELENA","2023-04-28","","79.65514583"
"MEDELLÍN - SANTA ELENA","2023-04-27","","84.46307639"
"MEDELLÍN - SANTA ELENA","2023-04-26","","84.14371528"
"MEDELLÍN - SANTA ELENA","2023-04-25","","85.52152083"
"MEDELLÍN - SANTA ELENA","2023-04-24","","83.65742361"
"MEDELLÍN - SANTA ELENA","2023-04-23","","83.0405625"
"MEDELLÍN - SANTA ELENA","2023-04-22","","87.10977083"
"MEDELLÍN - SANTA ELENA","2023-04-21","","85.5943125"
"MEDELLÍN - SANTA ELENA","2023-04-20","","88.25677778"
"MEDELLÍN - SANTA ELENA","2023-04-19","","82.50449306"
"MEDELLÍN - SANTA ELENA","2023-04-18","","85.19225694"
"MEDELLÍN - SANTA ELENA","2023-04-17","","85.91979861"
"MEDELLÍN - SANTA ELENA","2023-04-16","","84.32794444"
"MEDELLÍN - SANTA ELENA","2023-04-15","","83.31652083"
"MEDELLÍN - SANTA ELENA","2023-04-14","","84.12640278"
"MEDELLÍN - SANTA ELENA","2023-04-13","","81.97331944"
"MEDELLÍN - SANTA ELENA","2023-04-12","","83.3525625"
"MEDELLÍN - SANTA ELENA","2023-04-11","","83.52928472"
"MEDELLÍN - SANTA ELENA","2023-04-10","","84.88424306"
"MEDELLÍN - SANTA ELENA","2023-04-09","","83.1183125"
"MEDELLÍN - SANTA ELENA","2023-04-08","","86.43025"
"MEDELLÍN - SANTA ELENA","2023-04-07","","84.60711111"
"MEDELLÍN - SANTA ELENA","2023-04-06","","84.76879861"
"MEDELLÍN - SANTA ELENA","2023-04-05","","83.19588194"
"MEDELLÍN - SANTA ELENA","2023-04-04","","83.19019444"
"MEDELLÍN - SANTA ELENA","2023-04-03","","79.95040972"
"MEDELLÍN - SANTA ELENA","2023-04-02","","86.47668056"
"MEDELLÍN - SANTA ELENA","2023-04-01","","83.74406944"
"MEDELLÍN - SANTA ELENA","2023-03-31","","84.30403623"
"MEDELLÍN - SANTA ELENA","2023-03-30","","84.142875"
"MEDELLÍN - SANTA ELENA","2023-03-29","","85.47540278"
"MEDELLÍN - SANTA ELENA","2023-03-28","","81.66054545"
"MEDELLÍN - SANTA ELENA","2023-03-27","","81.82711806"
"MEDELLÍN - SANTA ELENA","2023-03-26","","85.01857639"
"MEDELLÍN - SANTA ELENA","2023-03-25","","86.20045139"
"MEDELLÍN - SANTA ELENA","2023-03-24","","84.62680556"
"MEDELLÍN - SANTA ELENA","2023-03-23","","86.71759028"
"MEDELLÍN - SANTA ELENA","2023-03-22","","79.65732345"
"MEDELLÍN - SANTA ELENA","2023-03-21","","79.05626389"
"MEDELLÍN - SANTA ELENA","2023-03-20","","81.94480556"
"MEDELLÍN - SANTA ELENA","2023-03-19","","83.58711806"
"MEDELLÍN - SANTA ELENA","2023-03-18","","86.74118056"
"MEDELLÍN - SANTA ELENA","2023-03-17","","86.42280556"
"MEDELLÍN - SANTA ELENA","2023-03-16","","85.82427492"
"MEDELLÍN - SANTA ELENA","2023-03-15","","87.91727104"
"MEDELLÍN - SANTA ELENA","2023-03-14","","86.52609028"
"MEDELLÍN - SANTA ELENA","2023-03-13","","87.71983333"
"MEDELLÍN - SANTA ELENA","2023-03-12","","86.82213889"
"MEDELLÍN - SANTA ELENA","2023-03-11","","86.28865972"
"MEDELLÍN - SANTA ELENA","2023-03-10","","87.0146496"
"MEDELLÍN - SANTA ELENA","2023-03-09","","86.4320625"
"MEDELLÍN - SANTA ELENA","2023-03-08","","87.11765278"
"MEDELLÍN - SANTA ELENA","2023-03-07","","86.17462692"
"MEDELLÍN - SANTA ELENA","2023-03-06","","83.83769444"
"MEDELLÍN - SANTA ELENA","2023-03-05","","85.46088195"
"MEDELLÍN - SANTA ELENA","2023-03-04","","82.56838889"
"MEDELLÍN - SANTA ELENA","2023-03-03","","82.63632639"
"MEDELLÍN - SANTA ELENA","2023-03-02","","83.59772669"
"MEDELLÍN - SANTA ELENA","2023-03-01","","83.36627778"
"MEDELLÍN - SANTA ELENA","2023-02-28","","79.87026812"
"MEDELLÍN - SANTA ELENA","2023-02-27","","83.14920139"
"MEDELLÍN - SANTA ELENA","2023-02-26","","84.39403472"
"MEDELLÍN - SANTA ELENA","2023-02-25","","81.96764371"
"MEDELLÍN - SANTA ELENA","2023-02-24","","82.31927083"
"MEDELLÍN - SANTA ELENA","2023-02-23","","81.48679861"
"MEDELLÍN - SANTA ELENA","2023-02-22","","81.28011111"
"MEDELLÍN - SANTA ELENA","2023-02-21","","84.00547917"
"MEDELLÍN - SANTA ELENA","2023-02-20","","85.80027083"
"MEDELLÍN - SANTA ELENA","2023-02-19","","84.58216714"
"MEDELLÍN - SANTA ELENA","2023-02-18","","81.04869444"
"MEDELLÍN - SANTA ELENA","2023-02-17","","84.0875625"
"MEDELLÍN - SANTA ELENA","2023-02-16","","87.86368896"
"MEDELLÍN - SANTA ELENA","2023-02-15","","85.10554861"
"MEDELLÍN - SANTA ELENA","2023-02-14","","85.24976389"
"MEDELLÍN - SANTA ELENA","2023-02-13","","85.44109428"
"MEDELLÍN - SANTA ELENA","2023-02-12","","89.12009154"
"MEDELLÍN - SANTA ELENA","2023-02-11","","85.29874306"
"MEDELLÍN - SANTA ELENA","2023-02-10","","81.98959028"
"MEDELLÍN - SANTA ELENA","2023-02-09","","78.2731875"
"MEDELLÍN - SANTA ELENA","2023-02-08","","79.59506944"
"MEDELLÍN - SANTA ELENA","2023-02-07","","80.35711806"
"MEDELLÍN - SANTA ELENA","2023-02-06","","84.12757639"
"MEDELLÍN - SANTA ELENA","2023-02-05","","78.31629861"
"MEDELLÍN - SANTA ELENA","2023-02-04","","85.32700695"
"MEDELLÍN - SANTA ELENA","2023-02-03","","83.66872222"
"MEDELLÍN - SANTA ELENA","2023-02-02","","79.5202925"
"MEDELLÍN - SANTA ELENA","2023-01-31","","75.06345856"
"MEDELLÍN - SANTA ELENA","2023-01-30","","81.98625"
"MEDELLÍN - SANTA ELENA","2023-01-29","","78.07861594"
"MEDELLÍN - SANTA ELENA","2023-01-28","","73.66075359"
"MEDELLÍN - SANTA ELENA","2023-01-27","","69.0537094"
"MEDELLÍN - SANTA ELENA","2023-01-26","","78.27222549"
"MEDELLÍN - SANTA ELENA","2023-01-25","","77.63659722"
"MEDELLÍN - SANTA ELENA","2023-01-24","","80.32217361"
"MEDELLÍN - SANTA ELENA","2023-01-23","","76.76954198"
"MEDELLÍN - SANTA ELENA","2023-01-22","","85.193"
"MEDELLÍN - SANTA ELENA","2023-01-21","","82.50634353"
"MEDELLÍN - SANTA ELENA","2023-01-20","","80.94934103"
"MEDELLÍN - SANTA ELENA","2023-01-19","","74.95766667"
"MEDELLÍN - SANTA ELENA","2023-01-18","","85.19758333"
"MEDELLÍN - SANTA ELENA","2023-01-17","","86.07007971"
"MEDELLÍN - SANTA ELENA","2023-01-16","","83.67507576"
"MEDELLÍN - SANTA ELENA","2023-01-15","","83.86448611"
"MEDELLÍN - SANTA ELENA","2023-01-14","","84.77304073"
"MEDELLÍN - SANTA ELENA","2023-01-13","","85.10366523"
"MEDELLÍN - SANTA ELENA","2023-01-12","","83.58026389"
"MEDELLÍN - SANTA ELENA","2023-01-11","","85.43243056"
"MEDELLÍN - SANTA ELENA","2023-01-10","","86.91840619"
"MEDELLÍN - SANTA ELENA","2023-01-09","","86.79338889"
"MEDELLÍN - SANTA ELENA","2023-01-08","","83.49432922"
"MEDELLÍN - SANTA ELENA","2023-01-07","","86.97788194"
"MEDELLÍN - SANTA ELENA","2023-01-06","","86.78308258"
"MEDELLÍN - SANTA ELENA","2023-01-05","","85.36257456"
"MEDELLÍN - SANTA ELENA","2023-01-04","","80.79429162"
"MEDELLÍN - SANTA ELENA","2023-01-03","","86.20786805"
"MEDELLÍN - SANTA ELENA","2023-01-02","","82.54591667"
"MEDELLÍN - SANTA ELENA","2023-01-01","","83.20580556"
"MEDELLÍN - SANTA ELENA","2022-12-31","","83.87403298"
"MEDELLÍN - SANTA ELENA","2022-12-30","","82.96487821"
"MEDELLÍN - SANTA ELENA","2022-12-29","","84.20876389"
"MEDELLÍN - SANTA ELENA","2022-12-28","","82.75188194"
"MEDELLÍN - SANTA ELENA","2022-12-27","","86.80091667"
"MEDELLÍN - SANTA ELENA","2022-12-26","","85.70952738"
"MEDELLÍN - SANTA ELENA","2022-12-25","","83.78325"
"MEDELLÍN - SANTA ELENA","2022-12-24","","84.90815278"
"MEDELLÍN - SANTA ELENA","2022-12-23","","83.3501875"
"MEDELLÍN - SANTA ELENA","2022-12-22","","82.38061111"
"MEDELLÍN - SANTA ELENA","2022-12-21","","83.59222917"
"MEDELLÍN - SANTA ELENA","2022-12-20","","81.71738889"
"MEDELLÍN - SANTA ELENA","2022-12-19","","83.30364583"
"MEDELLÍN - SANTA ELENA","2022-12-18","","85.31073611"
"MEDELLÍN - SANTA ELENA","2022-12-17","","84.720875"
"MEDELLÍN - SANTA ELENA","2022-12-16","","82.21576389"
"MEDELLÍN - SANTA ELENA","2022-12-15","","77.44756944"
"MEDELLÍN - SANTA ELENA","2022-12-14","","83.87259722"
"MEDELLÍN - SANTA ELENA","2022-12-13","","85.82722917"
"MEDELLÍN - SANTA ELENA","2022-12-12","","86.26058333"
"MEDELLÍN - SANTA ELENA","2022-12-11","","84.07779861"
"MEDELLÍN - SANTA ELENA","2022-12-10","","86.2103125"
"MEDELLÍN - SANTA ELENA","2022-12-09","","86.06165972"
"MEDELLÍN - SANTA ELENA","2022-12-08","","84.101875"
"MEDELLÍN - SANTA ELENA","2022-12-07","","83.93622222"
"MEDELLÍN - SANTA ELENA","2022-12-06","","85.55097222"
"MEDELLÍN - SANTA ELENA","2022-12-05","","84.50990972"
"MEDELLÍN - SANTA ELENA","2022-12-04","","87.18696528"
"MEDELLÍN - SANTA ELENA","2022-12-03","","81.50042361"
"MEDELLÍN - SANTA ELENA","2022-12-02","","79.68026389"
"MEDELLÍN - SANTA ELENA","2022-12-01","","79.35154167"
"MEDELLÍN - SANTA ELENA","2022-11-30","","85.65607971"
"MEDELLÍN - SANTA ELENA","2022-11-29","","86.37322917"
"MEDELLÍN - SANTA ELENA","2022-11-28","","86.12318056"
"MEDELLÍN - SANTA ELENA","2022-11-27","","84.29107639"
"MEDELLÍN - SANTA ELENA","2022-11-26","","86.86338889"
"MEDELLÍN - SANTA ELENA","2022-11-25","","83.88477778"
"MEDELLÍN - SANTA ELENA","2022-11-24","","85.60739583"
"MEDELLÍN - SANTA ELENA","2022-11-23","","84.80668056"
"MEDELLÍN - SANTA ELENA","2022-11-22","","81.15549306"
"MEDELLÍN - SANTA ELENA","2022-11-21","","84.63211111"
"MEDELLÍN - SANTA ELENA","2022-11-20","","84.09625247"
"MEDELLÍN - SANTA ELENA","2022-11-19","","82.14138194"
"MEDELLÍN - SANTA ELENA","2022-11-18","","86.11370139"
"MEDELLÍN - SANTA ELENA","2022-11-17","","82.37320139"
"MEDELLÍN - SANTA ELENA","2022-11-16","","82.4135886"
"MEDELLÍN - SANTA ELENA","2022-11-15","","89.42762712"
"MEDELLÍN - SANTA ELENA","2022-11-12","","83.97904876"
"MEDELLÍN - SANTA ELENA","2022-11-11","","86.01554861"
"MEDELLÍN - SANTA ELENA","2022-11-10","","83.13138889"
"MEDELLÍN - SANTA ELENA","2022-11-08","","83.44975522"
"MEDELLÍN - SANTA ELENA","2022-11-07","","86.04791208"
"MEDELLÍN - SANTA ELENA","2022-11-06","","86.25075035"
"MEDELLÍN - SANTA ELENA","2022-11-05","","85.00532639"
"MEDELLÍN - SANTA ELENA","2022-11-04","","88.63892361"
"MEDELLÍN - SANTA ELENA","2022-11-03","","83.99265278"
"MEDELLÍN - SANTA ELENA","2022-11-02","","82.83984134"
"MEDELLÍN - SANTA ELENA","2022-11-01","","80.94249306"
"MEDELLÍN - SANTA ELENA","2022-10-31","","83.10361806"
"MEDELLÍN - SANTA ELENA","2022-10-30","","80.59456156"
"MEDELLÍN - SANTA ELENA","2022-10-29","","84.13990972"
"MEDELLÍN - SANTA ELENA","2022-10-28","","89.95001342"
"MEDELLÍN - SANTA ELENA","2022-10-27","","86.68871057"
"MEDELLÍN - SANTA ELENA","2022-10-26","","86.72482639"
"MEDELLÍN - SANTA ELENA","2022-10-25","","82.20697222"
"MEDELLÍN - SANTA ELENA","2022-10-24","","85.81281944"
"MEDELLÍN - SANTA ELENA","2022-10-23","","83.38355556"
"MEDELLÍN - SANTA ELENA","2022-10-22","","83.67175694"
"MEDELLÍN - SANTA ELENA","2022-10-21","","85.21013194"
"MEDELLÍN - SANTA ELENA","2022-10-20","","88.0549375"
"MEDELLÍN - SANTA ELENA","2022-10-19","","86.57077778"
"MEDELLÍN - SANTA ELENA","2022-10-18","","85.38820139"
"MEDELLÍN - SANTA ELENA","2022-10-17","","83.66099306"
"MEDELLÍN - SANTA ELENA","2022-10-16","","83.03451389"
"MEDELLÍN - SANTA ELENA","2022-10-15","","83.07111111"
"MEDELLÍN - SANTA ELENA","2022-10-14","","85.35692867"
"MEDELLÍN - SANTA ELENA","2022-10-13","","84.48526587"
"MEDELLÍN - SANTA ELENA","2022-10-12","","80.79653472"
"MEDELLÍN - SANTA ELENA","2022-10-11","","80.85428825"
"MEDELLÍN - SANTA ELENA","2022-10-10","","79.0021323"
"MEDELLÍN - SANTA ELENA","2022-10-09","","86.00069444"
"MEDELLÍN - SANTA ELENA","2022-10-08","","85.20463194"
"MEDELLÍN - SANTA ELENA","2022-10-07","","81.84343333"
"MEDELLÍN - SANTA ELENA","2022-10-06","","86.01984722"
"MEDELLÍN - SANTA ELENA","2022-10-05","","80.89047222"
"MEDELLÍN - SANTA ELENA","2022-10-04","","81.28175773"
"MEDELLÍN - SANTA ELENA","2022-10-03","","79.16546408"
"MEDELLÍN - SANTA ELENA","2022-10-02","","79.54805285"
"MEDELLÍN - SANTA ELENA","2022-10-01","","84.83104167"
"MEDELLÍN - SANTA ELENA","2022-09-30","","86.15861806"
"MEDELLÍN - SANTA ELENA","2022-09-29","","84.53558928"
"MEDELLÍN - SANTA ELENA","2022-09-25","","80.08442222"
"MEDELLÍN - SANTA ELENA","2022-09-24","","85.574625"
"MEDELLÍN - SANTA ELENA","2022-09-23","","80.72874306"
"MEDELLÍN - SANTA ELENA","2022-09-22","","84.69135417"
"MEDELLÍN - SANTA ELENA","2022-09-21","","84.23507015"
"MEDELLÍN - SANTA ELENA","2022-09-20","","86.57659028"
"MEDELLÍN - SANTA ELENA","2022-09-19","","84.52625"
"MEDELLÍN - SANTA ELENA","2022-09-18","","84.94727083"
"MEDELLÍN - SANTA ELENA","2022-09-17","","82.24098611"
"MEDELLÍN - SANTA ELENA","2022-09-16","","81.13313657"
"MEDELLÍN - SANTA ELENA","2022-09-15","","82.22982404"
"MEDELLÍN - SANTA ELENA","2022-09-14","","89.4226076"
"MEDELLÍN - SANTA ELENA","2022-09-13","","82.72350899"
"MEDELLÍN - SANTA ELENA","2022-09-12","","83.26283333"
"MEDELLÍN - SANTA ELENA","2022-09-11","","72.81020833"
"MEDELLÍN - SANTA ELENA","2022-09-10","","77.80272917"
"MEDELLÍN - SANTA ELENA","2022-09-09","","80.06967361"
"MEDELLÍN - SANTA ELENA","2022-09-08","","81.52658333"
"MEDELLÍN - SANTA ELENA","2022-09-07","","78.18475"
"MEDELLÍN - SANTA ELENA","2022-09-06","","78.80597222"
"MEDELLÍN - SANTA ELENA","2022-09-05","","80.17354167"
"MEDELLÍN - SANTA ELENA","2022-09-04","","83.79927083"
"MEDELLÍN - SANTA ELENA","2022-09-03","","83.11063889"
"MEDELLÍN - SANTA ELENA","2022-09-02","","84.44366667"
"MEDELLÍN - SANTA ELENA","2022-09-01","","86.7"
"MEDELLÍN - SANTA ELENA","2022-08-31","","79.27494927"
"MEDELLÍN - SANTA ELENA","2022-08-30","","78.43192288"
"MEDELLÍN - SANTA ELENA","2022-08-29","","83.3004721"
"MEDELLÍN - SANTA ELENA","2022-08-28","","81.9511875"
"MEDELLÍN - SANTA ELENA","2022-08-27","","83.52413622"
"MEDELLÍN - SANTA ELENA","2022-08-26","","79.90845857"
"MEDELLÍN - SANTA ELENA","2022-08-25","","77.37042361"
"MEDELLÍN - SANTA ELENA","2022-08-24","","78.21187947"
"MEDELLÍN - SANTA ELENA","2022-08-23","","77.90586217"
"MEDELLÍN - SANTA ELENA","2022-08-22","","88.10120833"
"MEDELLÍN - SANTA ELENA","2022-08-21","","85.31886806"
"MEDELLÍN - SANTA ELENA","2022-08-20","","78.14829838"
"MEDELLÍN - SANTA ELENA","2022-08-19","","77.04097222"
"MEDELLÍN - SANTA ELENA","2022-08-18","","81.47277778"
"MEDELLÍN - SANTA ELENA","2022-08-17","","72.66433333"
"MEDELLÍN - SANTA ELENA","2022-08-16","","82.90857392"
"MEDELLÍN - SANTA ELENA","2022-08-15","","84.26178778"
"MEDELLÍN - SANTA ELENA","2022-08-14","","79.71418138"
"MEDELLÍN - SANTA ELENA","2022-08-13","","85.67671855"
"MEDELLÍN - SANTA ELENA","2022-08-12","","78.16874328"
"MEDELLÍN - SANTA ELENA","2022-08-11","","76.1680625"
"MEDELLÍN - SANTA ELENA","2022-08-10","","74.10454861"
"MEDELLÍN - SANTA ELENA","2022-08-09","","80.19103209"
"MEDELLÍN - SANTA ELENA","2022-08-08","","73.14120139"
"MEDELLÍN - SANTA ELENA","2022-08-07","","78.68034722"
"MEDELLÍN - SANTA ELENA","2022-08-06","","84.21928359"
"MEDELLÍN - SANTA ELENA","2022-08-05","","84.00140972"
"MEDELLÍN - SANTA ELENA","2022-08-04","","82.41484722"
"MEDELLÍN - SANTA ELENA","2022-08-03","","80.48767361"
"MEDELLÍN - SANTA ELENA","2022-08-02","","82.82188194"
"MEDELLÍN - SANTA ELENA","2022-08-01","","82.68865431"
"MEDELLÍN - SANTA ELENA","2022-07-31","","81.24069565"
"MEDELLÍN - SANTA ELENA","2022-07-30","","78.778625"
"MEDELLÍN - SANTA ELENA","2022-07-29","","79.75494444"
"MEDELLÍN - SANTA ELENA","2022-07-28","","84.29163194"
"MEDELLÍN - SANTA ELENA","2022-07-27","","83.30019445"
"MEDELLÍN - SANTA ELENA","2022-07-26","","83.33694444"
"MEDELLÍN - SANTA ELENA","2022-07-25","","84.64629861"
"MEDELLÍN - SANTA ELENA","2022-07-24","","82.50065278"
"MEDELLÍN - SANTA ELENA","2022-07-23","","86.45013194"
"MEDELLÍN - SANTA ELENA","2022-07-22","","83.00111806"
"MEDELLÍN - SANTA ELENA","2022-07-21","","78.58077778"
"MEDELLÍN - SANTA ELENA","2022-07-20","","76.59794609"
"MEDELLÍN - SANTA ELENA","2022-07-19","","74.02177778"
"MEDELLÍN - SANTA ELENA","2022-07-18","","79.50097917"
"MEDELLÍN - SANTA ELENA","2022-07-17","","78.55806944"
"MEDELLÍN - SANTA ELENA","2022-07-16","","81.77231944"
"MEDELLÍN - SANTA ELENA","2022-07-15","","82.640375"
"MEDELLÍN - SANTA ELENA","2022-07-14","","83.18106944"
"MEDELLÍN - SANTA ELENA","2022-07-13","","79.29113889"
"MEDELLÍN - SANTA ELENA","2022-07-12","","79.66330826"
"MEDELLÍN - SANTA ELENA","2022-07-11","","85.14400459"
"MEDELLÍN - SANTA ELENA","2022-07-10","","77.63975803"
"MEDELLÍN - SANTA ELENA","2022-07-09","","71.84305556"
"MEDELLÍN - SANTA ELENA","2022-07-08","","77.44244444"
"MEDELLÍN - SANTA ELENA","2022-07-07","","79.39550365"
"MEDELLÍN - SANTA ELENA","2022-07-06","","80.96983357"
"MEDELLÍN - SANTA ELENA","2022-07-05","","79.47447917"
"MEDELLÍN - SANTA ELENA","2022-07-04","","81.06415278"
"MEDELLÍN - SANTA ELENA","2022-07-03","","79.211375"
"MEDELLÍN - SANTA ELENA","2022-07-02","","82.98811806"
"MEDELLÍN - SANTA ELENA","2022-07-01","","82.59392361"
"MEDELLÍN - SANTA ELENA","2022-06-30","","85.50251449"
"MEDELLÍN - SANTA ELENA","2022-06-29","","83.10948199"
"MEDELLÍN - SANTA ELENA","2022-06-28","","83.23063768"
"MEDELLÍN - SANTA ELENA","2022-06-27","","84.71067391"
"MEDELLÍN - SANTA ELENA","2022-06-26","","85.14480556"
"MEDELLÍN - SANTA ELENA","2022-06-25","","82.06465278"
"MEDELLÍN - SANTA ELENA","2022-06-24","","80.97180556"
"MEDELLÍN - SANTA ELENA","2022-06-23","","78.76334028"
"MEDELLÍN - SANTA ELENA","2022-06-22","","77.08120139"
"MEDELLÍN - SANTA ELENA","2022-06-21","","81.63585417"
"MEDELLÍN - SANTA ELENA","2022-06-20","","83.15427083"
"MEDELLÍN - SANTA ELENA","2022-06-19","","84.46429861"
"MEDELLÍN - SANTA ELENA","2022-06-18","","86.33734028"
"MEDELLÍN - SANTA ELENA","2022-06-17","","87.33062893"
"MEDELLÍN - SANTA ELENA","2022-06-16","","81.96715972"
"MEDELLÍN - SANTA ELENA","2022-06-15","","84.66815972"
"MEDELLÍN - SANTA ELENA","2022-06-14","","87.18811111"
"MEDELLÍN - SANTA ELENA","2022-06-13","","82.87624306"
"MEDELLÍN - SANTA ELENA","2022-06-12","","84.03771528"
"MEDELLÍN - SANTA ELENA","2022-06-11","","85.00340972"
"MEDELLÍN - SANTA ELENA","2022-06-10","","83.31433333"
"MEDELLÍN - SANTA ELENA","2022-06-09","","85.43668056"
"MEDELLÍN - SANTA ELENA","2022-06-08","","83.867375"
"MEDELLÍN - SANTA ELENA","2022-06-07","","85.90151389"
"MEDELLÍN - SANTA ELENA","2022-06-06","","83.21435982"
"MEDELLÍN - SANTA ELENA","2022-06-05","","83.78427083"
"MEDELLÍN - SANTA ELENA","2022-06-04","","83.12423611"
"MEDELLÍN - SANTA ELENA","2022-06-03","","85.92529167"
"MEDELLÍN - SANTA ELENA","2022-06-02","","83.91615278"
"MEDELLÍN - SANTA ELENA","2022-06-01","","81.39329861"
"MEDELLÍN - SANTA ELENA","2022-05-31","","86.93403973"
"MEDELLÍN - SANTA ELENA","2022-05-30","","82.26479167"
"MEDELLÍN - SANTA ELENA","2022-05-29","","83.19003472"
"MEDELLÍN - SANTA ELENA","2022-05-28","","79.903375"
"MEDELLÍN - SANTA ELENA","2022-05-27","","80.92259722"
"MEDELLÍN - SANTA ELENA","2022-05-26","","82.97563347"
"MEDELLÍN - SANTA ELENA","2022-05-25","","82.05044664"
"MEDELLÍN - SANTA ELENA","2022-05-24","","80.57309028"
"MEDELLÍN - SANTA ELENA","2022-05-23","","76.52263889"
"MEDELLÍN - SANTA ELENA","2022-05-22","","80.41206945"
"MEDELLÍN - SANTA ELENA","2022-05-21","","83.75015972"
"MEDELLÍN - SANTA ELENA","2022-05-20","","81.50058333"
"MEDELLÍN - SANTA ELENA","2022-05-19","","82.32777778"
"MEDELLÍN - SANTA ELENA","2022-05-18","","85.1565625"
"MEDELLÍN - SANTA ELENA","2022-05-17","","86.26907639"
"MEDELLÍN - SANTA ELENA","2022-05-16","","81.97169444"
"MEDELLÍN - SANTA ELENA","2022-05-15","","79.28813194"
"MEDELLÍN - SANTA ELENA","2022-05-14","","82.21340972"
"MEDELLÍN - SANTA ELENA","2022-05-13","","84.78930023"
"MEDELLÍN - SANTA ELENA","2022-05-12","","85.73617966"
"MEDELLÍN - SANTA ELENA","2022-05-11","","87.03632639"
"MEDELLÍN - SANTA ELENA","2022-05-10","","84.34383238"
"MEDELLÍN - SANTA ELENA","2022-05-09","","83.12347222"
"MEDELLÍN - SANTA ELENA","2022-05-08","","77.00786405"
"MEDELLÍN - SANTA ELENA","2022-05-07","","82.46660153"
"MEDELLÍN - SANTA ELENA","2022-05-06","","88.99088889"
"MEDELLÍN - SANTA ELENA","2022-05-05","","83.81388195"
"MEDELLÍN - SANTA ELENA","2022-05-04","","80.57686806"
"MEDELLÍN - SANTA ELENA","2022-05-03","","76.09043056"
"MEDELLÍN - SANTA ELENA","2022-05-02","","81.46053472"
"MEDELLÍN - SANTA ELENA","2022-05-01","","73.16754167"
"MEDELLÍN - SANTA ELENA","2022-04-30","","80.73931884"
"MEDELLÍN - SANTA ELENA","2022-04-29","","82.59414583"
"MEDELLÍN - SANTA ELENA","2022-04-28","","86.24626389"
"MEDELLÍN - SANTA ELENA","2022-04-27","","80.9430641"
"MEDELLÍN - SANTA ELENA","2022-04-24","","87.83714513"
"MEDELLÍN - SANTA ELENA","2022-04-23","","84.62423611"
"MEDELLÍN - SANTA ELENA","2022-04-22","","85.71678002"
"MEDELLÍN - SANTA ELENA","2022-04-21","","86.41745833"
"MEDELLÍN - SANTA ELENA","2022-04-20","","87.69684722"
"MEDELLÍN - SANTA ELENA","2022-04-19","","87.4768125"
"MEDELLÍN - SANTA ELENA","2022-04-18","","88.17517361"
"MEDELLÍN - SANTA ELENA","2022-04-17","","84.84009722"
"MEDELLÍN - SANTA ELENA","2022-04-16","","86.91365972"
"MEDELLÍN - SANTA ELENA","2022-04-15","","80.04009028"
"MEDELLÍN - SANTA ELENA","2022-04-14","","80.98111805"
"MEDELLÍN - SANTA ELENA","2022-04-13","","80.88538806"
"MEDELLÍN - SANTA ELENA","2022-04-12","","77.12739931"
"MEDELLÍN - SANTA ELENA","2022-04-08","","89.89695834"
"MEDELLÍN - SANTA ELENA","2022-04-07","","83.99344445"
"MEDELLÍN - SANTA ELENA","2022-04-06","","81.8069375"
"MEDELLÍN - SANTA ELENA","2022-04-05","","81.5499375"
"MEDELLÍN - SANTA ELENA","2022-04-04","","81.81720833"
"MEDELLÍN - SANTA ELENA","2022-04-03","","86.97894444"
"MEDELLÍN - SANTA ELENA","2022-04-02","","82.81340278"
"MEDELLÍN - SANTA ELENA","2022-04-01","","83.54007639"
"MEDELLÍN - SANTA ELENA","2022-03-31","","88.4313116"
"MEDELLÍN - SANTA ELENA","2022-03-30","","84.74595233"
"MEDELLÍN - SANTA ELENA","2022-03-29","","83.339875"
"MEDELLÍN - SANTA ELENA","2022-03-28","","84.68956944"
"MEDELLÍN - SANTA ELENA","2022-03-27","","88.99338889"
"MEDELLÍN - SANTA ELENA","2022-03-26","","85.0999058"
"MEDELLÍN - SANTA ELENA","2022-03-25","","86.55479861"
"MEDELLÍN - SANTA ELENA","2022-03-24","","84.2229375"
"MEDELLÍN - SANTA ELENA","2022-03-23","","86.46754167"
"MEDELLÍN - SANTA ELENA","2022-03-22","","85.853125"
"MEDELLÍN - SANTA ELENA","2022-03-21","","85.51502083"
"MEDELLÍN - SANTA ELENA","2022-03-20","","84.34294032"
"MEDELLÍN - SANTA ELENA","2022-03-19","","84.18384722"
"MEDELLÍN - SANTA ELENA","2022-03-18","","85.90290278"
"MEDELLÍN - SANTA ELENA","2022-03-17","","85.29884722"
"MEDELLÍN - SANTA ELENA","2022-03-16","","86.11801236"
"MEDELLÍN - SANTA ELENA","2022-03-15","","84.41570833"
"MEDELLÍN - SANTA ELENA","2022-03-14","","79.30554861"
"MEDELLÍN - SANTA ELENA","2022-03-13","","83.55590972"
"MEDELLÍN - SANTA ELENA","2022-03-12","","76.53929167"
"MEDELLÍN - SANTA ELENA","2022-03-11","","84.07461111"
"MEDELLÍN - SANTA ELENA","2022-03-10","","79.06130556"
"MEDELLÍN - SANTA ELENA","2022-03-09","","84.07311806"
"MEDELLÍN - SANTA ELENA","2022-03-08","","80.1005625"
"MEDELLÍN - SANTA ELENA","2022-03-07","","85.6704375"
"MEDELLÍN - SANTA ELENA","2022-03-06","","91.677"
"MEDELLÍN - SANTA ELENA","2022-03-05","","90.34025"
"MEDELLÍN - SANTA ELENA","2022-03-04","","86.89584722"
"MEDELLÍN - SANTA ELENA","2022-03-03","","82.13766667"
"MEDELLÍN - SANTA ELENA","2022-03-02","","88.73514583"
"MEDELLÍN - SANTA ELENA","2022-03-01","","85.7543125"
"MEDELLÍN - SANTA ELENA","2022-02-28","","90.31331159"
"MEDELLÍN - SANTA ELENA","2022-02-27","","89.11105556"
"MEDELLÍN - SANTA ELENA","2022-02-26","","86.75955555"
"MEDELLÍN - SANTA ELENA","2022-02-25","","85.10583333"
"MEDELLÍN - SANTA ELENA","2022-02-24","","84.48108333"
"MEDELLÍN - SANTA ELENA","2022-02-23","","80.18635462"
"MEDELLÍN - SANTA ELENA","2022-02-11","","86.22730303"
"MEDELLÍN - SANTA ELENA","2022-02-10","","88.15023611"
"MEDELLÍN - SANTA ELENA","2022-02-09","","86.33313194"
"MEDELLÍN - SANTA ELENA","2022-02-08","","89.00140972"
"MEDELLÍN - SANTA ELENA","2022-02-07","","90.08636111"
"MEDELLÍN - SANTA ELENA","2022-02-06","","87.30509028"
"MEDELLÍN - SANTA ELENA","2022-02-05","","87.4219375"
"MEDELLÍN - SANTA ELENA","2022-02-04","","88.11954861"
"MEDELLÍN - SANTA ELENA","2022-02-03","","84.18309722"
"MEDELLÍN - SANTA ELENA","2022-02-02","","83.83323611"
"MEDELLÍN - SANTA ELENA","2022-02-01","","82.02040972"
"MEDELLÍN - SANTA ELENA","2022-01-31","","80.10036957"
"MEDELLÍN - SANTA ELENA","2022-01-30","","81.21703472"
"MEDELLÍN - SANTA ELENA","2022-01-29","","82.73538194"
"MEDELLÍN - SANTA ELENA","2022-01-28","","81.76479167"
"MEDELLÍN - SANTA ELENA","2022-01-27","","83.45708333"
"MEDELLÍN - SANTA ELENA","2022-01-26","","83.96492361"
"MEDELLÍN - SANTA ELENA","2022-01-25","","84.01251923"
"MEDELLÍN - SANTA ELENA","2022-01-13","","87.2405"
"MEDELLÍN - SANTA ELENA","2022-01-12","","87.11029861"
"MEDELLÍN - SANTA ELENA","2022-01-11","","89.01817361"
"MEDELLÍN - SANTA ELENA","2022-01-10","","88.41754861"
"MEDELLÍN - SANTA ELENA","2022-01-09","","87.09009722"
"MEDELLÍN - SANTA ELENA","2022-01-08","","88.60014583"
"MEDELLÍN - SANTA ELENA","2022-01-07","","89.77768055"
"MEDELLÍN - SANTA ELENA","2022-01-06","","90.06578472"
"MEDELLÍN - SANTA ELENA","2022-01-05","","84.40396779"
"MEDELLÍN - SANTA ELENA","2022-01-04","","83.33528472"
"MEDELLÍN - SANTA ELENA","2022-01-03","","85.74286111"
"MEDELLÍN - SANTA ELENA","2022-01-02","","89.93809028"
"MEDELLÍN - SANTA ELENA","2022-01-01","","89.8465"
"MEDELLÍN - SANTA ELENA","2021-12-31","","84.11552174"
"MEDELLÍN - SANTA ELENA","2021-12-30","","86.33752083"
"MEDELLÍN - SANTA ELENA","2021-12-29","","90.11788194"
"MEDELLÍN - SANTA ELENA","2021-12-28","","86.40419444"
"MEDELLÍN - SANTA ELENA","2021-12-27","","89.84670139"
"MEDELLÍN - SANTA ELENA","2021-12-26","","84.98847917"
"MEDELLÍN - SANTA ELENA","2021-12-25","","85.73972917"
"MEDELLÍN - SANTA ELENA","2021-12-24","","86.57151389"
"MEDELLÍN - SANTA ELENA","2021-12-23","","85.81471528"
"MEDELLÍN - SANTA ELENA","2021-12-22","","86.74822917"
"MEDELLÍN - SANTA ELENA","2021-12-21","","88.43486806"
"MEDELLÍN - SANTA ELENA","2021-12-20","","87.474625"
"MEDELLÍN - SANTA ELENA","2021-12-19","","84.73325"
"MEDELLÍN - SANTA ELENA","2021-12-18","","84.1359375"
"MEDELLÍN - SANTA ELENA","2021-12-17","","86.84670833"
"MEDELLÍN - SANTA ELENA","2021-12-16","","86.67516667"
"MEDELLÍN - SANTA ELENA","2021-12-15","","85.916625"
"MEDELLÍN - SANTA ELENA","2021-12-14","","86.19473611"
"MEDELLÍN - SANTA ELENA","2021-12-13","","80.20061358"
"MEDELLÍN - SANTA ELENA","2021-12-12","","90.36270139"
"MEDELLÍN - SANTA ELENA","2021-12-11","","88.67898611"
"MEDELLÍN - SANTA ELENA","2021-12-10","","84.91854861"
"MEDELLÍN - SANTA ELENA","2021-12-09","","85.65567361"
"MEDELLÍN - SANTA ELENA","2021-12-08","","87.01886806"
"MEDELLÍN - SANTA ELENA","2021-12-07","","84.077"
"MEDELLÍN - SANTA ELENA","2021-12-06","","87.53696175"
"MEDELLÍN - SANTA ELENA","2021-12-05","","84.29672917"
"MEDELLÍN - SANTA ELENA","2021-12-04","","87.05993056"
"MEDELLÍN - SANTA ELENA","2021-12-03","","88.356625"
"MEDELLÍN - SANTA ELENA","2021-12-02","","84.36925"
"MEDELLÍN - SANTA ELENA","2021-12-01","","87.23633251"
"MEDELLÍN - SANTA ELENA","2021-11-30","","86.15969565"
"MEDELLÍN - SANTA ELENA","2021-11-29","","86.78656944"
"MEDELLÍN - SANTA ELENA","2021-11-28","","86.58333333"
"MEDELLÍN - SANTA ELENA","2021-11-27","","84.67105556"
"MEDELLÍN - SANTA ELENA","2021-11-26","","90.78684499"
"MEDELLÍN - SANTA ELENA","2021-11-25","","89.62323611"
"MEDELLÍN - SANTA ELENA","2021-11-24","","88.73850658"
"MEDELLÍN - SANTA ELENA","2021-11-23","","90.4298125"
"MEDELLÍN - SANTA ELENA","2021-11-22","","90.22434064"
"MEDELLÍN - SANTA ELENA","2021-11-21","","88.9144375"
"MEDELLÍN - SANTA ELENA","2021-11-20","","88.122375"
"MEDELLÍN - SANTA ELENA","2021-11-19","","85.73830556"
"MEDELLÍN - SANTA ELENA","2021-11-18","","80.36175847"
"MEDELLÍN - SANTA ELENA","2021-11-17","","87.34794444"
"MEDELLÍN - SANTA ELENA","2021-11-16","","86.02747222"
"MEDELLÍN - SANTA ELENA","2021-11-15","","91.16538889"
"MEDELLÍN - SANTA ELENA","2021-11-14","","87.66347917"
"MEDELLÍN - SANTA ELENA","2021-11-13","","90.34673611"
"MEDELLÍN - SANTA ELENA","2021-11-12","","86.47092361"
"MEDELLÍN - SANTA ELENA","2021-11-11","","86.21289583"
"MEDELLÍN - SANTA ELENA","2021-11-10","","89.65238889"
"MEDELLÍN - SANTA ELENA","2021-11-09","","90.36040972"
"MEDELLÍN - SANTA ELENA","2021-11-08","","88.66230556"
"MEDELLÍN - SANTA ELENA","2021-11-07","","84.249125"
"MEDELLÍN - SANTA ELENA","2021-11-06","","82.98772917"
"MEDELLÍN - SANTA ELENA","2021-11-05","","85.87488889"
"MEDELLÍN - SANTA ELENA","2021-11-04","","90.58974306"
"MEDELLÍN - SANTA ELENA","2021-11-03","","90.62534722"
"MEDELLÍN - SANTA ELENA","2021-11-02","","89.88129167"
"MEDELLÍN - SANTA ELENA","2021-11-01","","88.78806944"
"MEDELLÍN - SANTA ELENA","2021-10-31","","89.23651449"
"MEDELLÍN - SANTA ELENA","2021-10-30","","88.74759722"
"MEDELLÍN - SANTA ELENA","2021-10-29","","89.22206944"
"MEDELLÍN - SANTA ELENA","2021-10-28","","84.13311805"
"MEDELLÍN - SANTA ELENA","2021-10-27","","85.44934028"
"MEDELLÍN - SANTA ELENA","2021-10-26","","89.10111806"
"MEDELLÍN - SANTA ELENA","2021-10-25","","86.12333333"
"MEDELLÍN - SANTA ELENA","2021-10-24","","87.06589583"
"MEDELLÍN - SANTA ELENA","2021-10-23","","88.37084028"
"MEDELLÍN - SANTA ELENA","2021-10-22","","86.28168056"
"MEDELLÍN - SANTA ELENA","2021-10-21","","85.83613889"
"MEDELLÍN - SANTA ELENA","2021-10-20","","77.53976134"
"MEDELLÍN - SANTA ELENA","2021-10-19","","92.47560454"
"MEDELLÍN - SANTA ELENA","2021-10-18","","85.03092257"
"MEDELLÍN - SANTA ELENA","2021-10-17","","85.87156829"
"MEDELLÍN - SANTA ELENA","2021-10-16","","87.73124316"
"MEDELLÍN - SANTA ELENA","2021-10-15","","83.38833255"
"MEDELLÍN - SANTA ELENA","2021-10-14","","88.74351449"
"MEDELLÍN - SANTA ELENA","2021-10-13","","88.04502912"
"MEDELLÍN - SANTA ELENA","2021-10-12","","83.64139841"
"MEDELLÍN - SANTA ELENA","2021-10-11","","86.43705722"
"MEDELLÍN - SANTA ELENA","2021-10-10","","89.16024307"
"MEDELLÍN - SANTA ELENA","2021-10-09","","87.51305228"
"MEDELLÍN - SANTA ELENA","2021-10-08","","84.9108077"
"MEDELLÍN - SANTA ELENA","2021-10-07","","84.41190343"
"MEDELLÍN - SANTA ELENA","2021-10-06","","85.97954379"
"MEDELLÍN - SANTA ELENA","2021-10-05","","88.07513889"
"MEDELLÍN - SANTA ELENA","2021-10-04","","81.43270139"
"MEDELLÍN - SANTA ELENA","2021-10-03","","81.53159028"
"MEDELLÍN - SANTA ELENA","2021-10-02","","84.51502083"
"MEDELLÍN - SANTA ELENA","2021-10-01","","88.05536099"
"MEDELLÍN - SANTA ELENA","2021-09-30","","87.72668303"
"MEDELLÍN - SANTA ELENA","2021-09-29","","86.118562"
"MEDELLÍN - SANTA ELENA","2021-09-28","","90.23180117"
"MEDELLÍN - SANTA ELENA","2021-09-27","","91.3862609"
"MEDELLÍN - SANTA ELENA","2021-09-26","","80.94672704"
"MEDELLÍN - SANTA ELENA","2021-09-25","","86.74717732"
"MEDELLÍN - SANTA ELENA","2021-09-24","","93.81521678"
"MEDELLÍN - SANTA ELENA","2021-09-23","","87.62991385"
"MEDELLÍN - SANTA ELENA","2021-09-22","","86.5186351"
"MEDELLÍN - SANTA ELENA","2021-09-21","","86.60802183"
"MEDELLÍN - SANTA ELENA","2021-09-20","","88.30783474"
"MEDELLÍN - SANTA ELENA","2021-09-19","","85.73066454"
"MEDELLÍN - SANTA ELENA","2021-09-18","","91.06927608"
"MEDELLÍN - SANTA ELENA","2021-09-17","","80.66645003"
"MEDELLÍN - SANTA ELENA","2021-09-16","","91.79814268"
"MEDELLÍN - SANTA ELENA","2021-09-15","","87.53260562"
"MEDELLÍN - SANTA ELENA","2021-09-14","","87.78422196"
"MEDELLÍN - SANTA ELENA","2021-09-13","","80.90598367"
"MEDELLÍN - SANTA ELENA","2021-09-12","","91.23875884"
"MEDELLÍN - SANTA ELENA","2021-09-11","","86.28483205"
"MEDELLÍN - SANTA ELENA","2021-09-10","","87.55681975"
"MEDELLÍN - SANTA ELENA","2021-09-09","","83.65029179"
"MEDELLÍN - SANTA ELENA","2021-09-08","","89.28321739"
"MEDELLÍN - SANTA ELENA","2021-09-07","","90.22229167"
"MEDELLÍN - SANTA ELENA","2021-09-06","","89.2500625"
"MEDELLÍN - SANTA ELENA","2021-09-05","","83.49289583"
"MEDELLÍN - SANTA ELENA","2021-09-04","","83.58155556"
"MEDELLÍN - SANTA ELENA","2021-09-03","","82.76708333"
"MEDELLÍN - SANTA ELENA","2021-09-02","","79.04288194"
"MEDELLÍN - SANTA ELENA","2021-09-01","","88.93741667"
"MEDELLÍN - SANTA ELENA","2021-08-31","","89.98473096"
"MEDELLÍN - SANTA ELENA","2021-08-30","","90.47461531"
"MEDELLÍN - SANTA ELENA","2021-08-29","","87.1199975"
"MEDELLÍN - SANTA ELENA","2021-08-28","","89.8990877"
"MEDELLÍN - SANTA ELENA","2021-08-27","","87.55442363"
"MEDELLÍN - SANTA ELENA","2021-08-26","","86.93531641"
"MEDELLÍN - SANTA ELENA","2021-08-25","","91.47413601"
"MEDELLÍN - SANTA ELENA","2021-08-24","","89.45203257"
"MEDELLÍN - SANTA ELENA","2021-08-23","","87.23590593"
"MEDELLÍN - SANTA ELENA","2021-08-22","","84.49338405"
"MEDELLÍN - SANTA ELENA","2021-08-21","","90.77476809"
"MEDELLÍN - SANTA ELENA","2021-08-20","","89.53137198"
"MEDELLÍN - SANTA ELENA","2021-08-19","","87.93327358"
"MEDELLÍN - SANTA ELENA","2021-08-18","","90.20447307"
"MEDELLÍN - SANTA ELENA","2021-08-17","","88.18818907"
"MEDELLÍN - SANTA ELENA","2021-08-16","","90.96990983"
"MEDELLÍN - SANTA ELENA","2021-08-15","","81.99285961"
"MEDELLÍN - SANTA ELENA","2021-08-14","","91.92700292"
"MEDELLÍN - SANTA ELENA","2021-08-13","","86.92024609"
"MEDELLÍN - SANTA ELENA","2021-08-12","","87.43697502"
"MEDELLÍN - SANTA ELENA","2021-08-11","","86.05073855"
"MEDELLÍN - SANTA ELENA","2021-08-10","","85.40665696"
"MEDELLÍN - SANTA ELENA","2021-08-09","","85.72707816"
"MEDELLÍN - SANTA ELENA","2021-08-08","","88.88960449"
"MEDELLÍN - SANTA ELENA","2021-08-07","","80.87677465"
"MEDELLÍN - SANTA ELENA","2021-08-06","","75.1007635"
"MEDELLÍN - SANTA ELENA","2021-08-05","","73.55832587"
"MEDELLÍN - SANTA ELENA","2021-08-04","","79.92615468"
"MEDELLÍN - SANTA ELENA","2021-08-03","","82.00476276"
"MEDELLÍN - SANTA ELENA","2021-08-02","","77.55471369"
"MEDELLÍN - SANTA ELENA","2021-08-01","","77.05703472"
"MEDELLÍN - SANTA ELENA","2021-07-31","","92.56541146"
"MEDELLÍN - SANTA ELENA","2021-07-30","","82.17384694"
"MEDELLÍN - SANTA ELENA","2021-07-29","","84.1727665"
"MEDELLÍN - SANTA ELENA","2021-07-20","","73.52601539"
"MEDELLÍN - SANTA ELENA","2021-07-19","","82.0628072"
"MEDELLÍN - SANTA ELENA","2021-07-18","","82.00857598"
"MEDELLÍN - SANTA ELENA","2021-07-17","","80.76609781"
"MEDELLÍN - SANTA ELENA","2021-07-16","","81.70288171"
"MEDELLÍN - SANTA ELENA","2021-07-15","","79.10839383"
"MEDELLÍN - SANTA ELENA","2021-07-14","","77.95069739"
"MEDELLÍN - SANTA ELENA","2021-07-13","","83.01507557"
"MEDELLÍN - SANTA ELENA","2021-07-12","","80.50871139"
"MEDELLÍN - SANTA ELENA","2021-07-11","","85.72474806"
"MEDELLÍN - SANTA ELENA","2021-07-10","","86.89333416"
"MEDELLÍN - SANTA ELENA","2021-07-09","","83.51772653"
"MEDELLÍN - SANTA ELENA","2021-07-08","","79.37160485"
"MEDELLÍN - SANTA ELENA","2021-07-07","","80.00006664"
"MEDELLÍN - SANTA ELENA","2021-07-06","","78.62193169"
"MEDELLÍN - SANTA ELENA","2021-07-05","","82.79161158"
"MEDELLÍN - SANTA ELENA","2021-07-04","","77.20029296"
"MEDELLÍN - SANTA ELENA","2021-07-03","","80.69978802"
"MEDELLÍN - SANTA ELENA","2021-07-02","","84.64692232"
"MEDELLÍN - SANTA ELENA","2021-07-01","","85.19218056"
"MEDELLÍN - SANTA ELENA","2021-06-30","","82.61035986"
"MEDELLÍN - SANTA ELENA","2021-06-29","","80.83448434"
"MEDELLÍN - SANTA ELENA","2021-06-28","","81.49703402"
"MEDELLÍN - SANTA ELENA","2021-06-27","","88.38560062"
"MEDELLÍN - SANTA ELENA","2021-06-26","","88.79674294"
"MEDELLÍN - SANTA ELENA","2021-06-25","","87.00904673"
"MEDELLÍN - SANTA ELENA","2021-06-24","","86.93989854"
"MEDELLÍN - SANTA ELENA","2021-06-23","","87.88355226"
"MEDELLÍN - SANTA ELENA","2021-06-22","","91.32584145"
"MEDELLÍN - SANTA ELENA","2021-06-21","","76.7298877"
"MEDELLÍN - SANTA ELENA","2021-06-20","","85.72563889"
"MEDELLÍN - SANTA ELENA","2021-06-19","","85.10450694"
"MEDELLÍN - SANTA ELENA","2021-06-18","","84.78325694"
"MEDELLÍN - SANTA ELENA","2021-06-17","","83.76522917"
"MEDELLÍN - SANTA ELENA","2021-06-16","","84.15301389"
"MEDELLÍN - SANTA ELENA","2021-06-15","","89.43866667"
"MEDELLÍN - SANTA ELENA","2021-06-14","","93.17357639"
"MEDELLÍN - SANTA ELENA","2021-06-13","","90.87347917"
"MEDELLÍN - SANTA ELENA","2021-06-12","","90.01590207"
"MEDELLÍN - SANTA ELENA","2021-06-11","","88.27932639"
"MEDELLÍN - SANTA ELENA","2021-06-10","","91.51786806"
"MEDELLÍN - SANTA ELENA","2021-06-09","","94.00640972"
"MEDELLÍN - SANTA ELENA","2021-06-08","","91.82826389"
"MEDELLÍN - SANTA ELENA","2021-06-07","","88.16765772"
"MEDELLÍN - SANTA ELENA","2021-06-06","","89.61279167"
"MEDELLÍN - SANTA ELENA","2021-06-05","","83.50570221"
"MEDELLÍN - SANTA ELENA","2021-06-04","","82.17011806"
"MEDELLÍN - SANTA ELENA","2021-06-03","","85.68570139"
"MEDELLÍN - SANTA ELENA","2021-06-02","","84.37000695"
"MEDELLÍN - SANTA ELENA","2021-06-01","","90.14595833"
"MEDELLÍN - SANTA ELENA","2021-05-31","","89.08811617"
"MEDELLÍN - SANTA ELENA","2021-05-30","","92.83473051"
"MEDELLÍN - SANTA ELENA","2021-05-29","","95.84736597"
"MEDELLÍN - SANTA ELENA","2021-05-26","","84.96427611"
"MEDELLÍN - SANTA ELENA","2021-05-25","","86.46788626"
"MEDELLÍN - SANTA ELENA","2021-05-24","","87.16275043"
"MEDELLÍN - SANTA ELENA","2021-05-23","","83.05206024"
"MEDELLÍN - SANTA ELENA","2021-05-21","","92.46704576"
"MEDELLÍN - SANTA ELENA","2021-05-20","","86.29370715"
"MEDELLÍN - SANTA ELENA","2021-05-19","","85.92024028"
"MEDELLÍN - SANTA ELENA","2021-05-18","","92.57377217"
"MEDELLÍN - SANTA ELENA","2021-05-17","","90.2461468"
"MEDELLÍN - SANTA ELENA","2021-05-16","","87.38893159"
"MEDELLÍN - SANTA ELENA","2021-05-15","","89.03333752"
"MEDELLÍN - SANTA ELENA","2021-05-14","","86.62824954"
"MEDELLÍN - SANTA ELENA","2021-05-13","","80.54410616"
"MEDELLÍN - SANTA ELENA","2021-05-12","","79.09690338"
"MEDELLÍN - SANTA ELENA","2021-05-11","","85.13868954"
"MEDELLÍN - SANTA ELENA","2021-05-10","","80.86330976"
"MEDELLÍN - SANTA ELENA","2021-05-09","","86.78823529"
"MEDELLÍN - SANTA ELENA","2021-05-08","","96.261"
"MEDELLÍN - SANTA ELENA","2021-05-07","","94.05136346"
"MEDELLÍN - SANTA ELENA","2021-05-06","","88.31195183"
"MEDELLÍN - SANTA ELENA","2021-05-05","","91.43750741"
"MEDELLÍN - SANTA ELENA","2021-05-04","","89.12471287"
"MEDELLÍN - SANTA ELENA","2021-05-03","","89.16392626"
"MEDELLÍN - SANTA ELENA","2021-05-02","","90.82372192"
"MEDELLÍN - SANTA ELENA","2021-05-01","","91.08623963"
"MEDELLÍN - SANTA ELENA","2021-04-30","","93.22568182"
"MEDELLÍN - SANTA ELENA","2021-04-29","","92.90968085"
"MEDELLÍN - SANTA ELENA","2021-04-28","","93.6246131"
"MEDELLÍN - SANTA ELENA","2021-04-27","","93.42960664"
"MEDELLÍN - SANTA ELENA","2021-04-26","","90.25257366"
"MEDELLÍN - SANTA ELENA","2021-04-25","","88.18717727"
"MEDELLÍN - SANTA ELENA","2021-04-24","","89.00668387"
"MEDELLÍN - SANTA ELENA","2021-04-23","","92.17295052"
"MEDELLÍN - SANTA ELENA","2021-04-22","","86.51070104"
"MEDELLÍN - SANTA ELENA","2021-04-21","","85.27506406"
"MEDELLÍN - SANTA ELENA","2021-04-20","","85.49332461"
"MEDELLÍN - SANTA ELENA","2021-04-19","","77.09325123"
"MEDELLÍN - SANTA ELENA","2021-04-18","","80.92021952"
"MEDELLÍN - SANTA ELENA","2021-04-17","","83.28255847"
"MEDELLÍN - SANTA ELENA","2021-04-16","","91.4745924"
"MEDELLÍN - SANTA ELENA","2021-04-15","","83.6238032"
"MEDELLÍN - SANTA ELENA","2021-04-14","","86.4898727"
"MEDELLÍN - SANTA ELENA","2021-04-13","","79.75507714"
"MEDELLÍN - SANTA ELENA","2021-04-12","","84.59758615"
"MEDELLÍN - SANTA ELENA","2021-04-11","","87.56696636"
"MEDELLÍN - SANTA ELENA","2021-04-10","","86.50840341"
"MEDELLÍN - SANTA ELENA","2021-04-09","","88.45385202"
"MEDELLÍN - SANTA ELENA","2021-04-08","","84.55116101"
"MEDELLÍN - SANTA ELENA","2021-04-07","","87.52874403"
"MEDELLÍN - SANTA ELENA","2021-04-06","","80.50290534"
"MEDELLÍN - SANTA ELENA","2021-04-05","","82.50668083"
"MEDELLÍN - SANTA ELENA","2021-03-31","","81.15526495"
"MEDELLÍN - SANTA ELENA","2021-03-30","","82.57158029"
"MEDELLÍN - SANTA ELENA","2021-03-29","","88.21693736"
"MEDELLÍN - SANTA ELENA","2021-03-28","","90.80383177"
"MEDELLÍN - SANTA ELENA","2021-03-27","","87.07525955"
"MEDELLÍN - SANTA ELENA","2021-03-26","","88.49979547"
"MEDELLÍN - SANTA ELENA","2021-03-25","","88.62069901"
"MEDELLÍN - SANTA ELENA","2021-03-24","","92.56510687"
"MEDELLÍN - SANTA ELENA","2021-03-23","","91.66021597"
"MEDELLÍN - SANTA ELENA","2021-03-22","","94.18484971"
"MEDELLÍN - SANTA ELENA","2021-03-21","","89.91925694"
"MEDELLÍN - SANTA ELENA","2021-03-20","","89.67402712"
"MEDELLÍN - SANTA ELENA","2021-03-19","","88.36062818"
"MEDELLÍN - SANTA ELENA","2021-03-18","","89.5016643"
"MEDELLÍN - SANTA ELENA","2021-03-17","","90.04301849"
"MEDELLÍN - SANTA ELENA","2021-03-16","","87.79125094"
"MEDELLÍN - SANTA ELENA","2021-03-15","","89.09594987"
"MEDELLÍN - SANTA ELENA","2021-03-14","","90.92986852"
"MEDELLÍN - SANTA ELENA","2021-03-13","","92.77566315"
"MEDELLÍN - SANTA ELENA","2021-03-12","","94.84754874"
"MEDELLÍN - SANTA ELENA","2021-03-11","","92.88243444"
"MEDELLÍN - SANTA ELENA","2021-03-10","","91.74876085"
"MEDELLÍN - SANTA ELENA","2021-03-09","","89.80702856"
"MEDELLÍN - SANTA ELENA","2021-03-08","","87.216054"
"MEDELLÍN - SANTA ELENA","2021-03-07","","90.28098564"
"MEDELLÍN - SANTA ELENA","2021-03-06","","90.2829036"
"MEDELLÍN - SANTA ELENA","2021-03-05","","88.96374423"
"MEDELLÍN - SANTA ELENA","2021-03-04","","88.68827436"
"MEDELLÍN - SANTA ELENA","2021-03-03","","85.60853311"
"MEDELLÍN - SANTA ELENA","2021-03-02","","87.34908839"
"MEDELLÍN - SANTA ELENA","2021-03-01","","87.87345916"
"MEDELLÍN - SANTA ELENA","2021-02-28","","89.69731788"
"MEDELLÍN - SANTA ELENA","2021-02-27","","91.0142996"
"MEDELLÍN - SANTA ELENA","2021-02-26","","86.5251163"
"MEDELLÍN - SANTA ELENA","2021-02-25","","86.90443526"
"MEDELLÍN - SANTA ELENA","2021-02-24","","88.46831073"
"MEDELLÍN - SANTA ELENA","2021-02-23","","92.12619244"
"MEDELLÍN - SANTA ELENA","2021-02-22","","89.25815539"
"MEDELLÍN - SANTA ELENA","2021-02-21","","90.82478258"
"MEDELLÍN - SANTA ELENA","2021-02-20","","86.97976707"
"MEDELLÍN - SANTA ELENA","2021-02-19","","91.28142129"
"MEDELLÍN - SANTA ELENA","2021-02-18","","93.13737971"
"MEDELLÍN - SANTA ELENA","2021-02-17","","84.20831003"
"MEDELLÍN - SANTA ELENA","2021-02-16","","82.32405603"
"MEDELLÍN - SANTA ELENA","2021-02-15","","80.27959658"
"MEDELLÍN - SANTA ELENA","2021-02-14","","88.96438245"
"MEDELLÍN - SANTA ELENA","2021-02-13","","85.19211099"
"MEDELLÍN - SANTA ELENA","2021-02-12","","87.31314113"
"MEDELLÍN - SANTA ELENA","2021-02-11","","86.78010746"
"MEDELLÍN - SANTA ELENA","2021-02-10","","86.04413726"
"MEDELLÍN - SANTA ELENA","2021-02-09","","91.8020125"
"MEDELLÍN - SANTA ELENA","2021-02-08","","91.87202401"
"MEDELLÍN - SANTA ELENA","2021-02-07","","84.8645472"
"MEDELLÍN - SANTA ELENA","2021-02-06","","81.81702338"
"MEDELLÍN - SANTA ELENA","2021-02-05","","86.13084463"
"MEDELLÍN - SANTA ELENA","2021-02-04","","83.91033815"
"MEDELLÍN - SANTA ELENA","2021-02-03","","90.09693881"
"MEDELLÍN - SANTA ELENA","2021-02-02","","83.37158477"
"MEDELLÍN - SANTA ELENA","2021-02-01","","84.92517438"
"MEDELLÍN - SANTA ELENA","2021-01-31","","82.52548"
"MEDELLÍN - SANTA ELENA","2021-01-30","","82.32259909"
"MEDELLÍN - SANTA ELENA","2021-01-29","","86.72417178"
"MEDELLÍN - SANTA ELENA","2021-01-28","","87.9220661"
"MEDELLÍN - SANTA ELENA","2021-01-27","","86.74299695"
"MEDELLÍN - SANTA ELENA","2021-01-26","","89.98557206"
"MEDELLÍN - SANTA ELENA","2021-01-25","","87.29912057"
"MEDELLÍN - SANTA ELENA","2021-01-24","","84.46705012"
"MEDELLÍN - SANTA ELENA","2021-01-23","","87.90131919"
"MEDELLÍN - SANTA ELENA","2021-01-22","","85.98904616"
"MEDELLÍN - SANTA ELENA","2021-01-21","","87.09728493"
"MEDELLÍN - SANTA ELENA","2021-01-20","","82.39537515"
"MEDELLÍN - SANTA ELENA","2021-01-19","","84.70092069"
"MEDELLÍN - SANTA ELENA","2021-01-18","","84.30804822"
"MEDELLÍN - SANTA ELENA","2021-01-17","","80.58276723"
"MEDELLÍN - SANTA ELENA","2021-01-16","","86.13580154"
"MEDELLÍN - SANTA ELENA","2021-01-15","","84.27378168"
"MEDELLÍN - SANTA ELENA","2021-01-14","","83.21962491"
"MEDELLÍN - SANTA ELENA","2021-01-13","","80.75492139"
"MEDELLÍN - SANTA ELENA","2021-01-12","","81.77239314"
"MEDELLÍN - SANTA ELENA","2021-01-11","","89.1617857"
"MEDELLÍN - SANTA ELENA","2021-01-10","","86.41429731"
"MEDELLÍN - SANTA ELENA","2021-01-09","","87.77096912"
"MEDELLÍN - SANTA ELENA","2021-01-08","","93.60078429"
"MEDELLÍN - SANTA ELENA","2021-01-07","","89.83030055"
"MEDELLÍN - SANTA ELENA","2021-01-06","","87.21608288"
"MEDELLÍN - SANTA ELENA","2021-01-05","","87.36546867"
"MEDELLÍN - SANTA ELENA","2021-01-04","","82.79799146"
"MEDELLÍN - SANTA ELENA","2021-01-03","","88.77095238"
"MEDELLÍN - SANTA ELENA","2021-01-02","","90.02416922"
"MEDELLÍN - SANTA ELENA","2021-01-01","","89.74965403"
"MEDELLÍN - SANTA ELENA","2020-12-31","","89.24036168"
"MEDELLÍN - SANTA ELENA","2020-12-30","","89.86782459"
"MEDELLÍN - SANTA ELENA","2020-12-29","","86.2686069"
"MEDELLÍN - SANTA ELENA","2020-12-28","","90.18995008"
"MEDELLÍN - SANTA ELENA","2020-12-27","","94.45855771"
"MEDELLÍN - SANTA ELENA","2020-12-26","","91.11087895"
"MEDELLÍN - SANTA ELENA","2020-12-25","","90.59940113"
"MEDELLÍN - SANTA ELENA","2020-12-24","","89.53981873"
"MEDELLÍN - SANTA ELENA","2020-12-23","","87.79106263"
"MEDELLÍN - SANTA ELENA","2020-12-22","","89.34264992"
"MEDELLÍN - SANTA ELENA","2020-12-21","","90.23045339"
"MEDELLÍN - SANTA ELENA","2020-12-20","","91.62678623"
"MEDELLÍN - SANTA ELENA","2020-12-19","","88.59096607"
"MEDELLÍN - SANTA ELENA","2020-12-18","","92.44547818"
"MEDELLÍN - SANTA ELENA","2020-12-17","","90.13441281"
"MEDELLÍN - SANTA ELENA","2020-12-16","","88.9098944"
"MEDELLÍN - SANTA ELENA","2020-12-15","","89.8835541"
"MEDELLÍN - SANTA ELENA","2020-12-14","","89.01120601"
"MEDELLÍN - SANTA ELENA","2020-12-13","","84.53025222"
"MEDELLÍN - SANTA ELENA","2020-12-12","","88.33079265"
"MEDELLÍN - SANTA ELENA","2020-12-11","","85.91050061"
"MEDELLÍN - SANTA ELENA","2020-12-10","","85.23222658"
"MEDELLÍN - SANTA ELENA","2020-12-09","","90.24504449"
"MEDELLÍN - SANTA ELENA","2020-12-08","","88.8907895"
"MEDELLÍN - SANTA ELENA","2020-12-07","","88.57421441"
"MEDELLÍN - SANTA ELENA","2020-12-06","","85.77280085"
"MEDELLÍN - SANTA ELENA","2020-12-05","","86.81003048"
"MEDELLÍN - SANTA ELENA","2020-12-04","","88.82681079"
"MEDELLÍN - SANTA ELENA","2020-12-03","","89.64872473"
"MEDELLÍN - SANTA ELENA","2020-12-02","","91.09728508"
"MEDELLÍN - SANTA ELENA","2020-12-01","","86.16403318"
"MEDELLÍN - SANTA ELENA","2020-11-30","","93.56254668"
"MEDELLÍN - SANTA ELENA","2020-11-29","","86.33781827"
"MEDELLÍN - SANTA ELENA","2020-11-28","","87.31013278"
"MEDELLÍN - SANTA ELENA","2020-11-27","","90.63329989"
"MEDELLÍN - SANTA ELENA","2020-11-26","","89.7797673"
"MEDELLÍN - SANTA ELENA","2020-11-25","","87.72882109"
"MEDELLÍN - SANTA ELENA","2020-11-24","","89.35457239"
"MEDELLÍN - SANTA ELENA","2020-11-23","","89.00948705"
"MEDELLÍN - SANTA ELENA","2020-11-22","","89.57362337"
"MEDELLÍN - SANTA ELENA","2020-11-21","","89.73536299"
"MEDELLÍN - SANTA ELENA","2020-11-20","","90.4719308"
"MEDELLÍN - SANTA ELENA","2020-11-19","","90.70555092"
"MEDELLÍN - SANTA ELENA","2020-11-18","","94.20124075"
"MEDELLÍN - SANTA ELENA","2020-11-17","","93.46861902"
"MEDELLÍN - SANTA ELENA","2020-11-16","","89.79746029"
"MEDELLÍN - SANTA ELENA","2020-11-15","","89.14470476"
"MEDELLÍN - SANTA ELENA","2020-11-14","","93.49197105"
"MEDELLÍN - SANTA ELENA","2020-11-13","","92.54383092"
"MEDELLÍN - SANTA ELENA","2020-11-12","","93.90030598"
"MEDELLÍN - SANTA ELENA","2020-11-11","","95.0613586"
"MEDELLÍN - SANTA ELENA","2020-11-10","","91.64174688"
"MEDELLÍN - SANTA ELENA","2020-11-09","","93.36917418"
"MEDELLÍN - SANTA ELENA","2020-11-08","","90.80604929"
"MEDELLÍN - SANTA ELENA","2020-11-07","","88.47201176"
"MEDELLÍN - SANTA ELENA","2020-11-06","","93.21752005"
"MEDELLÍN - SANTA ELENA","2020-11-05","","90.62880726"
"MEDELLÍN - SANTA ELENA","2020-11-04","","92.77096229"
"MEDELLÍN - SANTA ELENA","2020-11-03","","91.46196704"
"MEDELLÍN - SANTA ELENA","2020-11-02","","83.5189024"
"MEDELLÍN - SANTA ELENA","2020-11-01","","92.57869343"
"MEDELLÍN - SANTA ELENA","2020-10-31","","94.88083959"
"MEDELLÍN - SANTA ELENA","2020-10-30","","94.87396332"
"MEDELLÍN - SANTA ELENA","2020-10-29","","92.84977157"
"MEDELLÍN - SANTA ELENA","2020-10-28","","90.92836429"
"MEDELLÍN - SANTA ELENA","2020-10-27","","89.14635487"
"MEDELLÍN - SANTA ELENA","2020-10-26","","91.45417094"
"MEDELLÍN - SANTA ELENA","2020-10-25","","91.53354209"
"MEDELLÍN - SANTA ELENA","2020-10-24","","94.42025827"
"MEDELLÍN - SANTA ELENA","2020-10-23","","84.50207829"
"MEDELLÍN - SANTA ELENA","2020-10-22","","86.06440579"
"MEDELLÍN - SANTA ELENA","2020-10-21","","91.4392856"
"MEDELLÍN - SANTA ELENA","2020-10-20","","87.38988192"
"MEDELLÍN - SANTA ELENA","2020-10-19","","91.32105434"
"MEDELLÍN - SANTA ELENA","2020-10-18","","88.75851077"
"MEDELLÍN - SANTA ELENA","2020-10-17","","82.98594705"
"MEDELLÍN - SANTA ELENA","2020-10-16","","87.3456722"
"MEDELLÍN - SANTA ELENA","2020-10-15","","87.12381"
"MEDELLÍN - SANTA ELENA","2020-10-14","","86.98742232"
"MEDELLÍN - SANTA ELENA","2020-10-13","","91.46328277"
"MEDELLÍN - SANTA ELENA","2020-10-12","","84.21592762"
"MEDELLÍN - SANTA ELENA","2020-10-11","","78.17507886"
"MEDELLÍN - SANTA ELENA","2020-10-10","","82.4114054"
"MEDELLÍN - SANTA ELENA","2020-10-09","","79.47447752"
"MEDELLÍN - SANTA ELENA","2020-10-08","","83.04477403"
"MEDELLÍN - SANTA ELENA","2020-10-07","","87.06076462"
"MEDELLÍN - SANTA ELENA","2020-10-06","","89.40125477"
"MEDELLÍN - SANTA ELENA","2020-10-05","","86.32284986"
"MEDELLÍN - SANTA ELENA","2020-10-04","","85.91136828"
"MEDELLÍN - SANTA ELENA","2020-10-03","","90.82873476"
"MEDELLÍN - SANTA ELENA","2020-10-02","","87.90932415"
"MEDELLÍN - SANTA ELENA","2020-10-01","","83.23261135"
"MEDELLÍN - SANTA ELENA","2020-09-30","","86.12728566"
"MEDELLÍN - SANTA ELENA","2020-09-29","","86.3421499"
"MEDELLÍN - SANTA ELENA","2020-09-28","","83.90104331"
"MEDELLÍN - SANTA ELENA","2020-09-27","","82.86547683"
"MEDELLÍN - SANTA ELENA","2020-09-26","","86.52939039"
"MEDELLÍN - SANTA ELENA","2020-09-25","","72.8032048"
"MEDELLÍN - SANTA ELENA","2020-09-24","","82.1048577"
"MEDELLÍN - SANTA ELENA","2020-09-23","","84.81250471"
"MEDELLÍN - SANTA ELENA","2020-09-22","","79.43532883"
"MEDELLÍN - SANTA ELENA","2020-09-21","","88.03136453"
"MEDELLÍN - SANTA ELENA","2020-09-20","","91.08119529"
"MEDELLÍN - SANTA ELENA","2020-09-19","","91.45578211"
"MEDELLÍN - SANTA ELENA","2020-09-18","","94.13992"
"MEDELLÍN - SANTA ELENA","2020-09-17","","91.3857086"
"MEDELLÍN - SANTA ELENA","2020-09-16","","88.87483664"
"MEDELLÍN - SANTA ELENA","2020-09-15","","84.22850916"
"MEDELLÍN - SANTA ELENA","2020-09-14","","76.8308792"
"MEDELLÍN - SANTA ELENA","2020-09-13","","83.42675326"
"MEDELLÍN - SANTA ELENA","2020-09-12","","84.41016723"
"MEDELLÍN - SANTA ELENA","2020-09-11","","86.11807721"
"MEDELLÍN - SANTA ELENA","2020-09-10","","83.67463729"
"MEDELLÍN - SANTA ELENA","2020-09-09","","88.47220708"
"MEDELLÍN - SANTA ELENA","2020-09-07","","88.70883333"
"MEDELLÍN - SANTA ELENA","2020-09-06","","77.96603472"
"MEDELLÍN - SANTA ELENA","2020-09-05","","86.01656389"
"MEDELLÍN - SANTA ELENA","2020-09-04","","88.6638635"
"MEDELLÍN - SANTA ELENA","2020-09-03","","90.11992372"
"MEDELLÍN - SANTA ELENA","2020-09-02","","90.59555556"
"MEDELLÍN - SANTA ELENA","2020-09-01","","90.04036051"
"MEDELLÍN - SANTA ELENA","2020-08-31","","84.73552212"
"MEDELLÍN - SANTA ELENA","2020-08-30","","89.59198926"
"MEDELLÍN - SANTA ELENA","2020-08-29","","82.35978804"
"MEDELLÍN - SANTA ELENA","2020-08-28","","85.75257639"
"MEDELLÍN - SANTA ELENA","2020-08-27","","89.9219375"
"MEDELLÍN - SANTA ELENA","2020-08-26","","93.16947224"
"MEDELLÍN - SANTA ELENA","2020-08-25","","91.97145833"
"MEDELLÍN - SANTA ELENA","2020-08-24","","91.26919689"
"MEDELLÍN - SANTA ELENA","2020-08-23","","92.12600577"
"MEDELLÍN - SANTA ELENA","2020-08-22","","88.18812888"
"MEDELLÍN - SANTA ELENA","2020-08-21","","88.16124068"
"MEDELLÍN - SANTA ELENA","2020-08-20","","85.84329861"
"MEDELLÍN - SANTA ELENA","2020-08-19","","94.10158333"
"MEDELLÍN - SANTA ELENA","2020-08-18","","88.43931944"
"MEDELLÍN - SANTA ELENA","2020-08-17","","90.26948661"
"MEDELLÍN - SANTA ELENA","2020-08-16","","89.13715289"
"MEDELLÍN - SANTA ELENA","2020-08-15","","86.58591196"
"MEDELLÍN - SANTA ELENA","2020-08-14","","85.77344444"
"MEDELLÍN - SANTA ELENA","2020-08-13","","85.71995141"
"MEDELLÍN - SANTA ELENA","2020-08-12","","78.53467361"
"MEDELLÍN - SANTA ELENA","2020-08-11","","83.87761111"
"MEDELLÍN - SANTA ELENA","2020-08-10","","77.99657639"
"MEDELLÍN - SANTA ELENA","2020-08-09","","74.52088194"
"MEDELLÍN - SANTA ELENA","2020-08-08","","77.56388889"
"MEDELLÍN - SANTA ELENA","2020-08-07","","84.63732099"
"MEDELLÍN - SANTA ELENA","2020-08-06","","77.66114583"
"MEDELLÍN - SANTA ELENA","2020-08-05","","77.93039121"
"MEDELLÍN - SANTA ELENA","2020-08-04","","76.81896528"
"MEDELLÍN - SANTA ELENA","2020-08-03","","76.29222917"
"MEDELLÍN - SANTA ELENA","2020-08-02","","67.32475694"
"MEDELLÍN - SANTA ELENA","2020-08-01","","72.04365278"
"MEDELLÍN - SANTA ELENA","2020-07-31","","82.90696032"
"MEDELLÍN - SANTA ELENA","2020-07-30","","88.33771957"
"MEDELLÍN - SANTA ELENA","2020-07-29","","84.01316445"
"MEDELLÍN - SANTA ELENA","2020-07-28","","80.83103698"
"MEDELLÍN - SANTA ELENA","2020-07-27","","84.68983387"
"MEDELLÍN - SANTA ELENA","2020-07-26","","82.53113697"
"MEDELLÍN - SANTA ELENA","2020-07-25","","91.97437557"
"MEDELLÍN - SANTA ELENA","2020-07-24","","89.24132782"
"MEDELLÍN - SANTA ELENA","2020-07-23","","95.46829108"
"MEDELLÍN - SANTA ELENA","2020-07-22","","87.94468255"
"MEDELLÍN - SANTA ELENA","2020-07-21","","81.63757818"
"MEDELLÍN - SANTA ELENA","2020-07-20","","82.54826894"
"MEDELLÍN - SANTA ELENA","2020-07-19","","78.44436154"
"MEDELLÍN - SANTA ELENA","2020-07-18","","75.57630544"
"MEDELLÍN - SANTA ELENA","2020-07-17","","80.98163825"
"MEDELLÍN - SANTA ELENA","2020-07-16","","76.79602901"
"MEDELLÍN - SANTA ELENA","2020-07-15","","83.11927994"
"MEDELLÍN - SANTA ELENA","2020-07-14","","79.37696437"
"MEDELLÍN - SANTA ELENA","2020-07-13","","75.84918313"
"MEDELLÍN - SANTA ELENA","2020-07-12","","91.25844976"
"MEDELLÍN - SANTA ELENA","2020-07-11","","88.02238293"
"MEDELLÍN - SANTA ELENA","2020-07-10","","84.47528025"
"MEDELLÍN - SANTA ELENA","2020-07-09","","80.32204174"
"MEDELLÍN - SANTA ELENA","2020-07-08","","89.64682862"
"MEDELLÍN - SANTA ELENA","2020-07-07","","87.23739002"
"MEDELLÍN - SANTA ELENA","2020-07-06","","87.44826818"
"MEDELLÍN - SANTA ELENA","2020-07-05","","91.11310417"
"MEDELLÍN - SANTA ELENA","2020-07-04","","91.17720878"
"MEDELLÍN - SANTA ELENA","2020-07-03","","83.39132986"
"MEDELLÍN - SANTA ELENA","2020-07-02","","85.59859616"
"MEDELLÍN - SANTA ELENA","2020-07-01","","85.81869962"
"MEDELLÍN - SANTA ELENA","2020-06-30","","84.43908922"
"MEDELLÍN - SANTA ELENA","2020-06-29","","84.07814291"
"MEDELLÍN - SANTA ELENA","2020-06-28","","92.26376681"
"MEDELLÍN - SANTA ELENA","2020-06-27","","84.26020839"
"MEDELLÍN - SANTA ELENA","2020-06-26","","84.42879967"
"MEDELLÍN - SANTA ELENA","2020-06-25","","80.71625"
"MEDELLÍN - SANTA ELENA","2020-06-24","","79.21842361"
"MEDELLÍN - SANTA ELENA","2020-06-23","","76.44209722"
"MEDELLÍN - SANTA ELENA","2020-06-22","","83.85090972"
"MEDELLÍN - SANTA ELENA","2020-06-21","","80.04720833"
"MEDELLÍN - SANTA ELENA","2020-06-20","","88.82831119"
"MEDELLÍN - SANTA ELENA","2020-06-19","","80.40573611"
"MEDELLÍN - SANTA ELENA","2020-06-18","","88.34065972"
"MEDELLÍN - SANTA ELENA","2020-06-17","","91.46138889"
"MEDELLÍN - SANTA ELENA","2020-06-16","","79.34464583"
"MEDELLÍN - SANTA ELENA","2020-06-15","","87.32020833"
"MEDELLÍN - SANTA ELENA","2020-06-14","","86.35554178"
"MEDELLÍN - SANTA ELENA","2020-06-13","","84.77506945"
"MEDELLÍN - SANTA ELENA","2020-06-12","","90.35842361"
"MEDELLÍN - SANTA ELENA","2020-06-11","","89.60185417"
"MEDELLÍN - SANTA ELENA","2020-06-10","","94.42209879"
"MEDELLÍN - SANTA ELENA","2020-06-09","","90.2722561"
"MEDELLÍN - SANTA ELENA","2020-06-08","","81.66475"
"MEDELLÍN - SANTA ELENA","2020-06-07","","69.42850777"
"MEDELLÍN - SANTA ELENA","2020-06-06","","84.3816875"
"MEDELLÍN - SANTA ELENA","2020-06-05","","82.94936065"
"MEDELLÍN - SANTA ELENA","2020-06-04","","80.75026389"
"MEDELLÍN - SANTA ELENA","2020-06-03","","91.13768056"
"MEDELLÍN - SANTA ELENA","2020-06-02","","84.54791396"
"MEDELLÍN - SANTA ELENA","2020-06-01","","83.83295365"
"MEDELLÍN - SANTA ELENA","2020-05-31","","87.75314648"
"MEDELLÍN - SANTA ELENA","2020-05-30","","95.2886215"
"MEDELLÍN - SANTA ELENA","2020-05-29","","93.6863663"
"MEDELLÍN - SANTA ELENA","2020-05-28","","91.4191416"
"MEDELLÍN - SANTA ELENA","2020-05-27","","91.18421844"
"MEDELLÍN - SANTA ELENA","2020-05-26","","83.98326389"
"MEDELLÍN - SANTA ELENA","2020-05-25","","76.50604861"
"MEDELLÍN - SANTA ELENA","2020-05-24","","82.36719444"
"MEDELLÍN - SANTA ELENA","2020-05-23","","80.88999347"
"MEDELLÍN - SANTA ELENA","2020-05-22","","81.54271834"
"MEDELLÍN - SANTA ELENA","2020-05-21","","80.51640266"
"MEDELLÍN - SANTA ELENA","2020-05-20","","78.16149306"
"MEDELLÍN - SANTA ELENA","2020-05-19","","91.8960625"
"MEDELLÍN - SANTA ELENA","2020-05-18","","77.39858331"
"MEDELLÍN - SANTA ELENA","2020-05-17","","82.22720139"
"MEDELLÍN - SANTA ELENA","2020-05-16","","83.55889565"
"MEDELLÍN - SANTA ELENA","2020-05-15","","85.03671788"
"MEDELLÍN - SANTA ELENA","2020-05-14","","83.11728495"
"MEDELLÍN - SANTA ELENA","2020-05-13","","86.8596792"
"MEDELLÍN - SANTA ELENA","2020-05-12","","86.39476078"
"MEDELLÍN - SANTA ELENA","2020-05-11","","89.75116078"
"MEDELLÍN - SANTA ELENA","2020-05-10","","79.86866174"
"MEDELLÍN - SANTA ELENA","2020-05-09","","75.47168056"
"MEDELLÍN - SANTA ELENA","2020-05-08","","75.77634722"
"MEDELLÍN - SANTA ELENA","2020-05-07","","81.51614025"
"MEDELLÍN - SANTA ELENA","2020-05-06","","79.98902778"
"MEDELLÍN - SANTA ELENA","2020-05-05","","77.24613889"
"MEDELLÍN - SANTA ELENA","2020-05-04","","80.517499"
"MEDELLÍN - SANTA ELENA","2020-05-03","","88.08562568"
"MEDELLÍN - SANTA ELENA","2020-05-02","","83.94158516"
"MEDELLÍN - SANTA ELENA","2020-05-01","","89.38470336"
"MEDELLÍN - SANTA ELENA","2020-04-30","","89.52707178"
"MEDELLÍN - SANTA ELENA","2020-04-29","","87.34289608"
"MEDELLÍN - SANTA ELENA","2020-04-28","","81.30439133"
"MEDELLÍN - SANTA ELENA","2020-04-27","","85.49894736"
"MEDELLÍN - SANTA ELENA","2020-04-26","","82.22443385"
"MEDELLÍN - SANTA ELENA","2020-04-25","","87.59099272"
"MEDELLÍN - SANTA ELENA","2020-04-24","","89.77325989"
"MEDELLÍN - SANTA ELENA","2020-04-23","","86.25747325"
"MEDELLÍN - SANTA ELENA","2020-04-22","","85.6020261"
"MEDELLÍN - SANTA ELENA","2020-04-21","","91.98934252"
"MEDELLÍN - SANTA ELENA","2020-04-20","","89.43580322"
"MEDELLÍN - SANTA ELENA","2020-04-19","","92.13883097"
"MEDELLÍN - SANTA ELENA","2020-04-18","","94.62641809"
"MEDELLÍN - SANTA ELENA","2020-04-17","","87.98257663"
"MEDELLÍN - SANTA ELENA","2020-04-16","","85.96938046"
"MEDELLÍN - SANTA ELENA","2020-04-15","","86.19143655"
"MEDELLÍN - SANTA ELENA","2020-04-14","","91.58900014"
"MEDELLÍN - SANTA ELENA","2020-04-13","","93.99222005"
"MEDELLÍN - SANTA ELENA","2020-04-12","","87.91032062"
"MEDELLÍN - SANTA ELENA","2020-04-11","","88.07263179"
"MEDELLÍN - SANTA ELENA","2020-04-10","","85.77464567"
"MEDELLÍN - SANTA ELENA","2020-04-09","","87.29351871"
"MEDELLÍN - SANTA ELENA","2020-04-08","","83.65751222"
"MEDELLÍN - SANTA ELENA","2020-04-07","","82.29857306"
"MEDELLÍN - SANTA ELENA","2020-04-06","","87.48221142"
"MEDELLÍN - SANTA ELENA","2020-04-05","","88.23175011"
"MEDELLÍN - SANTA ELENA","2020-04-04","","86.97621208"
"MEDELLÍN - SANTA ELENA","2020-04-03","","86.18148001"
"MEDELLÍN - SANTA ELENA","2020-04-02","","85.92638681"
"MEDELLÍN - SANTA ELENA","2020-04-01","","91.58446692"
"MEDELLÍN - SANTA ELENA","2020-03-31","","86.89049153"
"MEDELLÍN - SANTA ELENA","2020-03-30","","90.2978838"
"MEDELLÍN - SANTA ELENA","2020-03-29","","90.66032177"
"MEDELLÍN - SANTA ELENA","2020-03-28","","83.51592487"
"MEDELLÍN - SANTA ELENA","2020-03-27","","85.83217683"
"MEDELLÍN - SANTA ELENA","2020-03-26","","84.96397474"
"MEDELLÍN - SANTA ELENA","2020-03-25","","84.71642307"
"MEDELLÍN - SANTA ELENA","2020-03-24","","86.45260014"
"MEDELLÍN - SANTA ELENA","2020-03-23","","84.68910381"
"MEDELLÍN - SANTA ELENA","2020-03-22","","81.29290926"
"MEDELLÍN - SANTA ELENA","2020-03-21","","89.61275647"
"MEDELLÍN - SANTA ELENA","2020-03-20","","91.12004428"
"MEDELLÍN - SANTA ELENA","2020-03-19","","85.83157403"
"MEDELLÍN - SANTA ELENA","2020-03-18","","84.62902099"
"MEDELLÍN - SANTA ELENA","2020-03-17","","81.85748952"
"MEDELLÍN - SANTA ELENA","2020-03-16","","84.83369102"
"MEDELLÍN - SANTA ELENA","2020-03-15","","88.63698347"
"MEDELLÍN - SANTA ELENA","2020-03-14","","91.78239655"
"MEDELLÍN - SANTA ELENA","2020-03-13","","93.03918257"
"MEDELLÍN - SANTA ELENA","2020-03-12","","87.65688864"
"MEDELLÍN - SANTA ELENA","2020-03-11","","92.23962128"
"MEDELLÍN - SANTA ELENA","2020-03-10","","88.6564629"
"MEDELLÍN - SANTA ELENA","2020-03-09","","85.43357411"
"MEDELLÍN - SANTA ELENA","2020-03-08","","90.61870289"
"MEDELLÍN - SANTA ELENA","2020-03-07","","91.11766392"
"MEDELLÍN - SANTA ELENA","2020-03-06","","86.50409179"
"MEDELLÍN - SANTA ELENA","2020-03-05","","76.86725712"
"MEDELLÍN - SANTA ELENA","2020-03-04","","87.86621256"
"MEDELLÍN - SANTA ELENA","2020-03-03","","87.09920704"
"MEDELLÍN - SANTA ELENA","2020-03-02","","83.14761451"
"MEDELLÍN - SANTA ELENA","2020-03-01","","87.48891587"
"MEDELLÍN - SANTA ELENA","2020-02-29","","89.6387581"
"MEDELLÍN - SANTA ELENA","2020-02-28","","84.54996687"
"MEDELLÍN - SANTA ELENA","2020-02-27","","83.84254844"
"MEDELLÍN - SANTA ELENA","2020-02-26","","84.18537064"
"MEDELLÍN - SANTA ELENA","2020-02-25","","87.73916101"
"MEDELLÍN - SANTA ELENA","2020-02-24","","90.18844017"
"MEDELLÍN - SANTA ELENA","2020-02-23","","90.13950418"
"MEDELLÍN - SANTA ELENA","2020-02-22","","92.6711014"
"MEDELLÍN - SANTA ELENA","2020-02-21","","89.74680401"
"MEDELLÍN - SANTA ELENA","2020-02-20","","83.86257067"
"MEDELLÍN - SANTA ELENA","2020-02-19","","74.7866334"
"MEDELLÍN - SANTA ELENA","2020-02-18","","67.7461396"
"MEDELLÍN - SANTA ELENA","2020-02-17","","81.02770165"
"MEDELLÍN - SANTA ELENA","2020-02-16","","83.8729681"
"MEDELLÍN - SANTA ELENA","2020-02-15","","84.89692519"
"MEDELLÍN - SANTA ELENA","2020-02-14","","88.41365687"
"MEDELLÍN - SANTA ELENA","2020-02-13","","85.15178397"
"MEDELLÍN - SANTA ELENA","2020-02-12","","78.13115977"
"MEDELLÍN - SANTA ELENA","2020-02-11","","72.04730626"
"MEDELLÍN - SANTA ELENA","2020-02-10","","83.58390025"
"MEDELLÍN - SANTA ELENA","2020-02-09","","81.84722917"
"MEDELLÍN - SANTA ELENA","2020-02-08","","85.4661875"
"MEDELLÍN - SANTA ELENA","2020-02-07","","87.11176624"
"MEDELLÍN - SANTA ELENA","2020-02-06","","69.72329046"
"MEDELLÍN - SANTA ELENA","2020-02-05","","75.62818056"
"MEDELLÍN - SANTA ELENA","2020-02-04","","72.16057741"
"MEDELLÍN - SANTA ELENA","2020-02-03","","79.23280928"
"MEDELLÍN - SANTA ELENA","2020-02-02","","89.52647222"
"MEDELLÍN - SANTA ELENA","2020-02-01","","77.87361926"
"MEDELLÍN - SANTA ELENA","2020-01-31","","79.19086225"
"MEDELLÍN - SANTA ELENA","2020-01-30","","84.43804857"
"MEDELLÍN - SANTA ELENA","2020-01-29","","87.02126157"
"MEDELLÍN - SANTA ELENA","2020-01-28","","87.93246147"
"MEDELLÍN - SANTA ELENA","2020-01-27","","88.68497663"
"MEDELLÍN - SANTA ELENA","2020-01-26","","89.82668546"
"MEDELLÍN - SANTA ELENA","2020-01-25","","84.65910417"
"MEDELLÍN - SANTA ELENA","2020-01-23","","85.50483248"
"MEDELLÍN - SANTA ELENA","2020-01-22","","92.95995833"
"MEDELLÍN - SANTA ELENA","2020-01-21","","88.95538624"
"MEDELLÍN - SANTA ELENA","2020-01-20","","91.57301648"
"MEDELLÍN - SANTA ELENA","2020-01-19","","78.12638194"
"MEDELLÍN - SANTA ELENA","2020-01-18","","70.9328125"
"MEDELLÍN - SANTA ELENA","2020-01-17","","73.65984028"
"MEDELLÍN - SANTA ELENA","2020-01-16","","79.87570674"
"MEDELLÍN - SANTA ELENA","2020-01-15","","84.12422485"
"MEDELLÍN - SANTA ELENA","2020-01-14","","74.17168716"
"MEDELLÍN - SANTA ELENA","2020-01-13","","77.86230072"
"MEDELLÍN - SANTA ELENA","2020-01-12","","76.30465"
"MEDELLÍN - SANTA ELENA","2020-01-11","","77.97780824"
"MEDELLÍN - SANTA ELENA","2020-01-10","","75.13946"
"MEDELLÍN - SANTA ELENA","2020-01-09","","82.073182"
"MEDELLÍN - SANTA ELENA","2020-01-08","","86.93743099"
"MEDELLÍN - SANTA ELENA","2020-01-07","","85.22805797"
"MEDELLÍN - SANTA ELENA","2020-01-06","","88.83338376"
"MEDELLÍN - SANTA ELENA","2020-01-05","","84.78708625"
"MEDELLÍN - SANTA ELENA","2020-01-04","","81.56004754"
"MEDELLÍN - SANTA ELENA","2020-01-03","","87.51913646"
"MEDELLÍN - SANTA ELENA","2020-01-02","","89.47591667"
"MEDELLÍN - SANTA ELENA","2020-01-01","","96.71608014"
"MEDELLÍN - SANTA ELENA","2019-12-31","","98.95395148"
"MEDELLÍN - SANTA ELENA","2019-12-30","","97.03949858"
"MEDELLÍN - SANTA ELENA","2019-12-29","","90.61801871"
"MEDELLÍN - SANTA ELENA","2019-12-28","","83.4680191"
"MEDELLÍN - SANTA ELENA","2019-12-27","","88.55631205"
"MEDELLÍN - SANTA ELENA","2019-12-26","","84.72839796"
"MEDELLÍN - SANTA ELENA","2019-12-25","","87.07041204"
"MEDELLÍN - SANTA ELENA","2019-12-24","","81.14693112"
"MEDELLÍN - SANTA ELENA","2019-12-23","","86.13206304"
"MEDELLÍN - SANTA ELENA","2019-12-22","","87.04743137"
"MEDELLÍN - SANTA ELENA","2019-12-21","","87.89887305"
"MEDELLÍN - SANTA ELENA","2019-12-20","","86.42547319"
"MEDELLÍN - SANTA ELENA","2019-12-19","","88.95743965"
"MEDELLÍN - SANTA ELENA","2019-12-18","","90.10476799"
"MEDELLÍN - SANTA ELENA","2019-12-17","","90.15558734"
"MEDELLÍN - SANTA ELENA","2019-12-16","","89.55612913"
"MEDELLÍN - SANTA ELENA","2019-12-15","","93.90852619"
"MEDELLÍN - SANTA ELENA","2019-12-14","","98.18278571"
"MEDELLÍN - SANTA ELENA","2019-12-13","","96.90872143"
"MEDELLÍN - SANTA ELENA","2019-12-12","","90.38236956"
"MEDELLÍN - SANTA ELENA","2019-12-11","","95.30098988"
"MEDELLÍN - SANTA ELENA","2019-12-10","","89.67564081"
"MEDELLÍN - SANTA ELENA","2019-12-09","","83.11464445"
"MEDELLÍN - SANTA ELENA","2019-12-08","","91.8993215"
"MEDELLÍN - SANTA ELENA","2019-12-07","","93.75036149"
"MEDELLÍN - SANTA ELENA","2019-12-06","","90.08682568"
"MEDELLÍN - SANTA ELENA","2019-12-05","","83.44715495"
"MEDELLÍN - SANTA ELENA","2019-12-04","","88.40250421"
"MEDELLÍN - SANTA ELENA","2019-12-03","","83.32516667"
"MEDELLÍN - SANTA ELENA","2019-12-02","","84.45592296"
"MEDELLÍN - SANTA ELENA","2019-12-01","","86.09297619"
"MEDELLÍN - SANTA ELENA","2019-11-30","","91.93508794"
"MEDELLÍN - SANTA ELENA","2019-11-29","","96.42461908"
"MEDELLÍN - SANTA ELENA","2019-11-28","","86.14023783"
"MEDELLÍN - SANTA ELENA","2019-11-27","","80.55866064"
"MEDELLÍN - SANTA ELENA","2019-11-26","","91.11673333"
"MEDELLÍN - SANTA ELENA","2019-11-25","","89.34381746"
"MEDELLÍN - SANTA ELENA","2019-11-24","","90.96181923"
"MEDELLÍN - SANTA ELENA","2019-11-23","","91.19780952"
"MEDELLÍN - SANTA ELENA","2019-11-22","","92.81764086"
"MEDELLÍN - SANTA ELENA","2019-11-21","","92.17100202"
"MEDELLÍN - SANTA ELENA","2019-11-20","","94.15364744"
"MEDELLÍN - SANTA ELENA","2019-11-19","","96.60702983"
"MEDELLÍN - SANTA ELENA","2019-11-18","","89.42650884"
"MEDELLÍN - SANTA ELENA","2019-11-17","","93.10744199"
"MEDELLÍN - SANTA ELENA","2019-11-16","","91.41568493"
"MEDELLÍN - SANTA ELENA","2019-11-15","","93.8550011"
"MEDELLÍN - SANTA ELENA","2019-11-14","","98.34902771"
"MEDELLÍN - SANTA ELENA","2019-11-13","","97.61994753"
"MEDELLÍN - SANTA ELENA","2019-11-12","","98.64213472"
"MEDELLÍN - SANTA ELENA","2019-11-11","","94.52312434"
"MEDELLÍN - SANTA ELENA","2019-11-10","","93.99186708"
"MEDELLÍN - SANTA ELENA","2019-11-09","","93.27717514"
"MEDELLÍN - SANTA ELENA","2019-11-08","","89.29264453"
"MEDELLÍN - SANTA ELENA","2019-11-07","","78.9737134"
"MEDELLÍN - SANTA ELENA","2019-11-06","","79.41375997"
"MEDELLÍN - SANTA ELENA","2019-11-05","","89.47246411"
"MEDELLÍN - SANTA ELENA","2019-11-04","","88.85300649"
"MEDELLÍN - SANTA ELENA","2019-11-03","","94.0428873"
"MEDELLÍN - SANTA ELENA","2019-11-02","","93.32486801"
"MEDELLÍN - SANTA ELENA","2019-11-01","","88.50972982"
"MEDELLÍN - SANTA ELENA","2019-10-31","","82.98943351"
"MEDELLÍN - SANTA ELENA","2019-10-30","","85.34225631"
"MEDELLÍN - SANTA ELENA","2019-10-29","","85.848291"
"MEDELLÍN - SANTA ELENA","2019-10-28","","79.86883033"
"MEDELLÍN - SANTA ELENA","2019-10-27","","87.35925091"
"MEDELLÍN - SANTA ELENA","2019-10-26","","89.08000179"
"MEDELLÍN - SANTA ELENA","2019-10-25","","96.17622882"
"MEDELLÍN - SANTA ELENA","2019-10-24","","97.80644589"
"MEDELLÍN - SANTA ELENA","2019-10-23","","91.74662309"
"MEDELLÍN - SANTA ELENA","2019-10-22","","93.3094372"
"MEDELLÍN - SANTA ELENA","2019-10-21","","93.91278602"
"MEDELLÍN - SANTA ELENA","2019-10-20","","87.88891123"
"MEDELLÍN - SANTA ELENA","2019-10-19","","90.80626064"
"MEDELLÍN - SANTA ELENA","2019-10-18","","88.84976061"
"MEDELLÍN - SANTA ELENA","2019-10-17","","89.27970565"
"MEDELLÍN - SANTA ELENA","2019-10-16","","85.93841885"
"MEDELLÍN - SANTA ELENA","2019-10-15","","86.70610377"
"MEDELLÍN - SANTA ELENA","2019-10-14","","88.4478319"
"MEDELLÍN - SANTA ELENA","2019-10-13","","85.85298"
"MEDELLÍN - SANTA ELENA","2019-10-12","","87.28819393"
"MEDELLÍN - SANTA ELENA","2019-10-11","","97.69779471"
"MEDELLÍN - SANTA ELENA","2019-10-10","","93.06973129"
"MEDELLÍN - SANTA ELENA","2019-10-09","","82.96232346"
"MEDELLÍN - SANTA ELENA","2019-10-08","","88.80137831"
"MEDELLÍN - SANTA ELENA","2019-10-07","","84.03134592"
"MEDELLÍN - SANTA ELENA","2019-10-06","","89.46609429"
"MEDELLÍN - SANTA ELENA","2019-10-05","","86.61479309"
"MEDELLÍN - SANTA ELENA","2019-10-04","","78.32706667"
"MEDELLÍN - SANTA ELENA","2019-10-03","","89.72477812"
"MEDELLÍN - SANTA ELENA","2019-10-02","","89.02503351"
"MEDELLÍN - SANTA ELENA","2019-10-01","","87.1764864"
"MEDELLÍN - SANTA ELENA","2019-09-30","","95.719594"
"MEDELLÍN - SANTA ELENA","2019-09-29","","89.62100267"
"MEDELLÍN - SANTA ELENA","2019-09-28","","87.3569378"
"MEDELLÍN - SANTA ELENA","2019-09-27","","79.81849472"
"MEDELLÍN - SANTA ELENA","2019-09-26","","94.21340709"
"MEDELLÍN - SANTA ELENA","2019-09-25","","91.94676199"
"MEDELLÍN - SANTA ELENA","2019-09-24","","89.65419405"
"MEDELLÍN - SANTA ELENA","2019-09-23","","90.91398563"
"MEDELLÍN - SANTA ELENA","2019-09-22","","84.88701818"
"MEDELLÍN - SANTA ELENA","2019-09-21","","88.10131746"
"MEDELLÍN - SANTA ELENA","2019-09-20","","97.04902741"
"MEDELLÍN - SANTA ELENA","2019-09-19","","93.77787923"
"MEDELLÍN - SANTA ELENA","2019-09-18","","98.63208857"
"MEDELLÍN - SANTA ELENA","2019-09-17","","89.07350317"
"MEDELLÍN - SANTA ELENA","2019-09-16","","85.59642121"
"MEDELLÍN - SANTA ELENA","2019-09-15","","72.522583"
"MEDELLÍN - SANTA ELENA","2019-09-14","","82.35447917"
"MEDELLÍN - SANTA ELENA","2019-09-13","","85.3902298"
"MEDELLÍN - SANTA ELENA","2019-09-12","","86.12661457"
"MEDELLÍN - SANTA ELENA","2019-09-11","","81.91375664"
"MEDELLÍN - SANTA ELENA","2019-09-10","","80.37842561"
"MEDELLÍN - SANTA ELENA","2019-09-09","","79.26023832"
"MEDELLÍN - SANTA ELENA","2019-09-08","","77.18016292"
"MEDELLÍN - SANTA ELENA","2019-09-07","","85.83456983"
"MEDELLÍN - SANTA ELENA","2019-09-06","","84.8411864"
"MEDELLÍN - SANTA ELENA","2019-09-05","","80.71488657"
"MEDELLÍN - SANTA ELENA","2019-09-04","","76.63132686"
"MEDELLÍN - SANTA ELENA","2019-09-03","","67.03779621"
"MEDELLÍN - SANTA ELENA","2019-09-02","","78.88257964"
"MEDELLÍN - SANTA ELENA","2019-09-01","","83.46424018"
"MEDELLÍN - SANTA ELENA","2019-08-31","","80.43455795"
"MEDELLÍN - SANTA ELENA","2019-08-30","","78.21413163"
"MEDELLÍN - SANTA ELENA","2019-08-29","","74.85271184"
"MEDELLÍN - SANTA ELENA","2019-08-28","","82.73822377"
"MEDELLÍN - SANTA ELENA","2019-08-27","","75.44841501"
"MEDELLÍN - SANTA ELENA","2019-08-26","","77.72420752"
"MEDELLÍN - SANTA ELENA","2019-08-25","","70.77733647"
"MEDELLÍN - SANTA ELENA","2019-08-24","","76.77556326"
"MEDELLÍN - SANTA ELENA","2019-08-23","","84.82005322"
"MEDELLÍN - SANTA ELENA","2019-08-22","","81.21118168"
"MEDELLÍN - SANTA ELENA","2019-08-21","","75.09376534"
"MEDELLÍN - SANTA ELENA","2019-08-20","","77.98441369"
"MEDELLÍN - SANTA ELENA","2019-08-19","","72.71291475"
"MEDELLÍN - SANTA ELENA","2019-08-18","","83.91282007"
"MEDELLÍN - SANTA ELENA","2019-08-17","","89.82548644"
"MEDELLÍN - SANTA ELENA","2019-08-16","","91.63063358"
"MEDELLÍN - SANTA ELENA","2019-08-15","","73.51602079"
"MEDELLÍN - SANTA ELENA","2019-08-14","","85.1044844"
"MEDELLÍN - SANTA ELENA","2019-08-13","","89.15699361"
"MEDELLÍN - SANTA ELENA","2019-08-12","","76.10757213"
"MEDELLÍN - SANTA ELENA","2019-08-11","","79.93369176"
"MEDELLÍN - SANTA ELENA","2019-08-10","","81.69898422"
"MEDELLÍN - SANTA ELENA","2019-08-09","","75.63139458"
"MEDELLÍN - SANTA ELENA","2019-08-08","","79.77380336"
"MEDELLÍN - SANTA ELENA","2019-08-07","","80.27863624"
"MEDELLÍN - SANTA ELENA","2019-08-06","","74.94333862"
"MEDELLÍN - SANTA ELENA","2019-08-05","","81.47619209"
"MEDELLÍN - SANTA ELENA","2019-08-04","","86.67231446"
"MEDELLÍN - SANTA ELENA","2019-08-03","","90.68131714"
"MEDELLÍN - SANTA ELENA","2019-08-02","","89.30050498"
"MEDELLÍN - SANTA ELENA","2019-08-01","","85.9686329"
"MEDELLÍN - SANTA ELENA","2019-07-31","","74.45910883"
"MEDELLÍN - SANTA ELENA","2019-07-30","","85.21949206"
"MEDELLÍN - SANTA ELENA","2019-07-29","","80.74852632"
"MEDELLÍN - SANTA ELENA","2019-07-28","","83.56198296"
"MEDELLÍN - SANTA ELENA","2019-07-27","","83.92848611"
"MEDELLÍN - SANTA ELENA","2019-07-26","","80.45323611"
"MEDELLÍN - SANTA ELENA","2019-07-25","","76.40150905"
"MEDELLÍN - SANTA ELENA","2019-07-24","","86.69372068"
"MEDELLÍN - SANTA ELENA","2019-07-23","","91.33972306"
"MEDELLÍN - SANTA ELENA","2019-07-22","","89.95228146"
"MEDELLÍN - SANTA ELENA","2019-07-21","","80.36951059"
"MEDELLÍN - SANTA ELENA","2019-07-20","","77.45645543"
"MEDELLÍN - SANTA ELENA","2019-07-19","","82.36049242"
"MEDELLÍN - SANTA ELENA","2019-07-18","","74.98863072"
"MEDELLÍN - SANTA ELENA","2019-07-17","","83.12461594"
"MEDELLÍN - SANTA ELENA","2019-07-16","","90.20083564"
"MEDELLÍN - SANTA ELENA","2019-07-15","","85.03710417"
"MEDELLÍN - SANTA ELENA","2019-07-14","","85.39425455"
"MEDELLÍN - SANTA ELENA","2019-07-13","","93.32781019"
"MEDELLÍN - SANTA ELENA","2019-07-12","","87.34583985"
"MEDELLÍN - SANTA ELENA","2019-07-11","","86.84285417"
"MEDELLÍN - SANTA ELENA","2019-07-10","","84.1755"
"MEDELLÍN - SANTA ELENA","2019-07-09","","92.48236806"
"MEDELLÍN - SANTA ELENA","2019-07-08","","78.6515401"
"MEDELLÍN - SANTA ELENA","2019-07-07","","72.05933792"
"MEDELLÍN - SANTA ELENA","2019-07-06","","76.90335705"
"MEDELLÍN - SANTA ELENA","2019-07-05","","83.42752899"
"MEDELLÍN - SANTA ELENA","2019-07-04","","88.2072193"
"MEDELLÍN - SANTA ELENA","2019-07-03","","87.67078185"
"MEDELLÍN - SANTA ELENA","2019-07-02","","86.53855342"
"MEDELLÍN - SANTA ELENA","2019-07-01","","86.56336111"
"MEDELLÍN - SANTA ELENA","2019-06-30","","78.74073611"
"MEDELLÍN - SANTA ELENA","2019-06-29","","79.88780992"
"MEDELLÍN - SANTA ELENA","2019-06-28","","87.52676569"
"MEDELLÍN - SANTA ELENA","2019-06-27","","86.26758011"
"MEDELLÍN - SANTA ELENA","2019-06-26","","74.62602914"
"MEDELLÍN - SANTA ELENA","2019-06-25","","88.21289116"
"MEDELLÍN - SANTA ELENA","2019-06-24","","81.82388889"
"MEDELLÍN - SANTA ELENA","2019-06-23","","85.22866171"
"MEDELLÍN - SANTA ELENA","2019-06-22","","80.83530631"
"MEDELLÍN - SANTA ELENA","2019-06-21","","79.67220542"
"MEDELLÍN - SANTA ELENA","2019-06-20","","81.55856313"
"MEDELLÍN - SANTA ELENA","2019-06-19","","81.62029714"
"MEDELLÍN - SANTA ELENA","2019-06-18","","79.53797222"
"MEDELLÍN - SANTA ELENA","2019-06-17","","83.68977048"
"MEDELLÍN - SANTA ELENA","2019-06-16","","86.19725328"
"MEDELLÍN - SANTA ELENA","2019-06-15","","90.4813125"
"MEDELLÍN - SANTA ELENA","2019-06-14","","90.01096528"
"MEDELLÍN - SANTA ELENA","2019-06-13","","94.14631944"
"MEDELLÍN - SANTA ELENA","2019-06-12","","83.35000132"
"MEDELLÍN - SANTA ELENA","2019-06-07","","93.9464697"
"MEDELLÍN - SANTA ELENA","2019-06-06","","87.88395765"
"MEDELLÍN - SANTA ELENA","2019-06-05","","79.85763309"
"MEDELLÍN - SANTA ELENA","2019-06-04","","84.56413889"
"MEDELLÍN - SANTA ELENA","2019-06-03","","89.58867361"
"MEDELLÍN - SANTA ELENA","2019-06-02","","94.58854348"
"MEDELLÍN - SANTA ELENA","2019-06-01","","95.80036805"
"MEDELLÍN - SANTA ELENA","2019-05-31","","95.42165849"
"MEDELLÍN - SANTA ELENA","2019-05-30","","98.37950455"
"MEDELLÍN - SANTA ELENA","2019-05-29","","90.64537725"
"MEDELLÍN - SANTA ELENA","2019-05-28","","96.06545176"
"MEDELLÍN - SANTA ELENA","2019-05-27","","88.7173125"
"MEDELLÍN - SANTA ELENA","2019-05-26","","87.67245139"
"MEDELLÍN - SANTA ELENA","2019-05-25","","95.02277922"
"MEDELLÍN - SANTA ELENA","2019-05-24","","88.661375"
"MEDELLÍN - SANTA ELENA","2019-05-23","","95.90027778"
"MEDELLÍN - SANTA ELENA","2019-05-22","","91.66842361"
"MEDELLÍN - SANTA ELENA","2019-05-21","","91.01970358"
"MEDELLÍN - SANTA ELENA","2019-05-20","","88.92452495"
"MEDELLÍN - SANTA ELENA","2019-05-19","","96.19607246"
"MEDELLÍN - SANTA ELENA","2019-05-18","","95.64990393"
"MEDELLÍN - SANTA ELENA","2019-05-17","","94.00057435"
"MEDELLÍN - SANTA ELENA","2019-05-16","","90.05235862"
"MEDELLÍN - SANTA ELENA","2019-05-15","","88.93255556"
"MEDELLÍN - SANTA ELENA","2019-05-14","","82.85218056"
"MEDELLÍN - SANTA ELENA","2019-05-13","","93.49750265"
"MEDELLÍN - SANTA ELENA","2019-05-12","","85.3399219"
"MEDELLÍN - SANTA ELENA","2019-05-11","","95.99912549"
"MEDELLÍN - SANTA ELENA","2019-05-10","","93.57590052"
"MEDELLÍN - SANTA ELENA","2019-05-09","","93.82492236"
"MEDELLÍN - SANTA ELENA","2019-05-08","","93.78759156"
"MEDELLÍN - SANTA ELENA","2019-05-07","","80.11593518"
"MEDELLÍN - SANTA ELENA","2019-05-06","","76.74103699"
"MEDELLÍN - SANTA ELENA","2019-05-05","","76.84826948"
"MEDELLÍN - SANTA ELENA","2019-05-04","","86.74601708"
"MEDELLÍN - SANTA ELENA","2019-05-03","","83.65459988"
"MEDELLÍN - SANTA ELENA","2019-05-02","","75.61378888"
"MEDELLÍN - SANTA ELENA","2019-05-01","","65.94974563"
"MEDELLÍN - SANTA ELENA","2019-04-30","","75.90031087"
"MEDELLÍN - SANTA ELENA","2019-04-29","","81.44774394"
"MEDELLÍN - SANTA ELENA","2019-04-28","","87.93973611"
"MEDELLÍN - SANTA ELENA","2019-04-27","","92.61419445"
"MEDELLÍN - SANTA ELENA","2019-04-26","","92.29172222"
"MEDELLÍN - SANTA ELENA","2019-04-25","","95.73376389"
"MEDELLÍN - SANTA ELENA","2019-04-24","","99.07226935"
"MEDELLÍN - SANTA ELENA","2019-04-23","","90.18508036"
"MEDELLÍN - SANTA ELENA","2019-04-22","","93.72593209"
"MEDELLÍN - SANTA ELENA","2019-04-21","","96.15696528"
"MEDELLÍN - SANTA ELENA","2019-04-20","","92.36570297"
"MEDELLÍN - SANTA ELENA","2019-04-19","","94.31855614"
"MEDELLÍN - SANTA ELENA","2019-04-18","","94.76465278"
"MEDELLÍN - SANTA ELENA","2019-04-17","","95.56617675"
"MEDELLÍN - SANTA ELENA","2019-04-16","","82.39236553"
"MEDELLÍN - SANTA ELENA","2019-04-15","","85.84758333"
"MEDELLÍN - SANTA ELENA","2019-04-14","","87.49430353"
"MEDELLÍN - SANTA ELENA","2019-04-13","","83.08462325"
"MEDELLÍN - SANTA ELENA","2019-04-12","","87.58948333"
"MEDELLÍN - SANTA ELENA","2019-04-11","","89.15674094"
"MEDELLÍN - SANTA ELENA","2019-04-10","","94.24531165"
"MEDELLÍN - SANTA ELENA","2019-04-09","","93.20462483"
"MEDELLÍN - SANTA ELENA","2019-04-08","","91.09296477"
"MEDELLÍN - SANTA ELENA","2019-04-07","","94.66698611"
"MEDELLÍN - SANTA ELENA","2019-04-06","","93.25613889"
"MEDELLÍN - SANTA ELENA","2019-04-05","","96.11725694"
"MEDELLÍN - SANTA ELENA","2019-04-04","","94.65892961"
"MEDELLÍN - SANTA ELENA","2019-04-03","","90.14219238"
"MEDELLÍN - SANTA ELENA","2019-04-02","","88.08189221"
"MEDELLÍN - SANTA ELENA","2019-04-01","","89.86917361"
"MEDELLÍN - SANTA ELENA","2019-03-31","","81.48772486"
"MEDELLÍN - SANTA ELENA","2019-03-30","","83.69540606"
"MEDELLÍN - SANTA ELENA","2019-03-29","","93.51293737"
"MEDELLÍN - SANTA ELENA","2019-03-28","","85.79922792"
"MEDELLÍN - SANTA ELENA","2019-03-27","","87.03839464"
"MEDELLÍN - SANTA ELENA","2019-03-26","","94.4146806"
"MEDELLÍN - SANTA ELENA","2019-03-25","","88.38938311"
"MEDELLÍN - SANTA ELENA","2019-03-24","","87.8837409"
"MEDELLÍN - SANTA ELENA","2019-03-23","","87.44280877"
"MEDELLÍN - SANTA ELENA","2019-03-22","","89.92528102"
"MEDELLÍN - SANTA ELENA","2019-03-21","","91.88672979"
"MEDELLÍN - SANTA ELENA","2019-03-20","","90.65982408"
"MEDELLÍN - SANTA ELENA","2019-03-19","","92.91426766"
"MEDELLÍN - SANTA ELENA","2019-03-18","","94.75252435"
"MEDELLÍN - SANTA ELENA","2019-03-17","","83.64959297"
"MEDELLÍN - SANTA ELENA","2019-03-16","","90.98206148"
"MEDELLÍN - SANTA ELENA","2019-03-15","","88.49450794"
"MEDELLÍN - SANTA ELENA","2019-03-14","","87.08328663"
"MEDELLÍN - SANTA ELENA","2019-03-13","","80.25079943"
"MEDELLÍN - SANTA ELENA","2019-03-12","","84.07215436"
"MEDELLÍN - SANTA ELENA","2019-03-10","","85.57813647"
"MEDELLÍN - SANTA ELENA","2019-03-09","","82.06028446"
"MEDELLÍN - SANTA ELENA","2019-03-08","","85.61118835"
"MEDELLÍN - SANTA ELENA","2019-03-07","","87.0750811"
"MEDELLÍN - SANTA ELENA","2019-03-06","","85.48119841"
"MEDELLÍN - SANTA ELENA","2019-03-05","","91.33796233"
"MEDELLÍN - SANTA ELENA","2019-03-04","","89.92927414"
"MEDELLÍN - SANTA ELENA","2019-03-03","","85.71768809"
"MEDELLÍN - SANTA ELENA","2019-03-02","","93.5232749"
"MEDELLÍN - SANTA ELENA","2019-03-01","","89.54668888"
"MEDELLÍN - SANTA ELENA","2019-02-28","","91.00019311"
"MEDELLÍN - SANTA ELENA","2019-02-27","","97.0507583"
"MEDELLÍN - SANTA ELENA","2019-02-26","","94.42686438"
"MEDELLÍN - SANTA ELENA","2019-02-25","","88.90398286"
"MEDELLÍN - SANTA ELENA","2019-02-24","","91.95016602"
"MEDELLÍN - SANTA ELENA","2019-02-23","","90.39007971"
"MEDELLÍN - SANTA ELENA","2019-02-22","","84.3879128"
"MEDELLÍN - SANTA ELENA","2019-02-21","","85.26029063"
"MEDELLÍN - SANTA ELENA","2019-02-20","","89.49821786"
"MEDELLÍN - SANTA ELENA","2019-02-19","","96.60762849"
"MEDELLÍN - SANTA ELENA","2019-02-18","","86.92311363"
"MEDELLÍN - SANTA ELENA","2019-02-17","","89.24646494"
"MEDELLÍN - SANTA ELENA","2019-02-16","","86.3838709"
"MEDELLÍN - SANTA ELENA","2019-02-15","","86.5177596"
"MEDELLÍN - SANTA ELENA","2019-02-14","","87.25954818"
"MEDELLÍN - SANTA ELENA","2019-02-13","","82.015725"
