"Estacion","Fecha inicial","Fecha final","DViento"
"POLITÉCNICO COLOMBIANO JAIME ISAZA CADAVID","2025-10-31","","167.3256087"
"POLITÉCNICO COLOMBIANO JAIME ISAZA CADAVID","2025-10-30","","211.552625"
"POLITÉCNICO COLOMBIANO JAIME ISAZA CADAVID","2025-10-29","","202.95291667"
"POLITÉCNICO COLOMBIANO JAIME ISAZA CADAVID","2025-10-28","","155.83675"
"POLITÉCNICO COLOMBIANO JAIME ISAZA CADAVID","2025-10-27","","196.52870833"
"POLITÉCNICO COLOMBIANO JAIME ISAZA CADAVID","2025-10-26","","217.78091667"
"POLITÉCNICO COLOMBIANO JAIME ISAZA CADAVID","2025-10-25","","157.88929167"
"POLITÉCNICO COLOMBIANO JAIME ISAZA CADAVID","2025-10-24","","152.794625"
"POLITÉCNICO COLOMBIANO JAIME ISAZA CADAVID","2025-10-23","","181.07"
"POLITÉCNICO COLOMBIANO JAIME ISAZA CADAVID","2025-10-22","","167.15908333"
"POLITÉCNICO COLOMBIANO JAIME ISAZA CADAVID","2025-10-21","","175.1725"
"POLITÉCNICO COLOMBIANO JAIME ISAZA CADAVID","2025-10-20","","195.22370833"
"POLITÉCNICO COLOMBIANO JAIME ISAZA CADAVID","2025-10-19","","95.47016667"
"POLITÉCNICO COLOMBIANO JAIME ISAZA CADAVID","2025-10-18","","200.00945833"
"POLITÉCNICO COLOMBIANO JAIME ISAZA CADAVID","2025-10-17","","152.987875"
"POLITÉCNICO COLOMBIANO JAIME ISAZA CADAVID","2025-10-16","","149.32429167"
"POLITÉCNICO COLOMBIANO JAIME ISAZA CADAVID","2025-10-15","","173.51404167"
"POLITÉCNICO COLOMBIANO JAIME ISAZA CADAVID","2025-10-14","","61.40425"
"POLITÉCNICO COLOMBIANO JAIME ISAZA CADAVID","2025-10-13","","0.0"
"POLITÉCNICO COLOMBIANO JAIME ISAZA CADAVID","2025-10-12","","0.0"
"POLITÉCNICO COLOMBIANO JAIME ISAZA CADAVID","2025-10-11","","167.12745833"
"POLITÉCNICO COLOMBIANO JAIME ISAZA CADAVID","2025-10-10","","203.46829167"
"POLITÉCNICO COLOMBIANO JAIME ISAZA CADAVID","2025-10-09","","133.99416667"
"POLITÉCNICO COLOMBIANO JAIME ISAZA CADAVID","2025-10-08","","120.50829167"
"POLITÉCNICO COLOMBIANO JAIME ISAZA CADAVID","2025-10-07","","157.06566667"
"POLITÉCNICO COLOMBIANO JAIME ISAZA CADAVID","2025-10-06","","115.79758333"
"POLITÉCNICO COLOMBIANO JAIME ISAZA CADAVID","2025-10-05","","179.41658333"
"POLITÉCNICO COLOMBIANO JAIME ISAZA CADAVID","2025-10-04","","176.67633333"
"POLITÉCNICO COLOMBIANO JAIME ISAZA CADAVID","2025-10-03","","169.90258333"
"POLITÉCNICO COLOMBIANO JAIME ISAZA CADAVID","2025-10-02","","133.73929167"
"POLITÉCNICO COLOMBIANO JAIME ISAZA CADAVID","2025-10-01","","138.818375"
"POLITÉCNICO COLOMBIANO JAIME ISAZA CADAVID","2025-09-30","","0.0"
"POLITÉCNICO COLOMBIANO JAIME ISAZA CADAVID","2025-09-29","","0.0"
"POLITÉCNICO COLOMBIANO JAIME ISAZA CADAVID","2025-09-28","","0.0"
"POLITÉCNICO COLOMBIANO JAIME ISAZA CADAVID","2025-09-27","","0.0"
"POLITÉCNICO COLOMBIANO JAIME ISAZA CADAVID","2025-09-26","","0.0"
"POLITÉCNICO COLOMBIANO JAIME ISAZA CADAVID","2025-09-25","","0.0"
"POLITÉCNICO COLOMBIANO JAIME ISAZA CADAVID","2025-09-24","","57.593875"
"POLITÉCNICO COLOMBIANO JAIME ISAZA CADAVID","2025-09-23","","101.723375"
"POLITÉCNICO COLOMBIANO JAIME ISAZA CADAVID","2025-09-22","","125.470875"
"POLITÉCNICO COLOMBIANO JAIME ISAZA CADAVID","2025-09-21","","152.61079167"
"POLITÉCNICO COLOMBIANO JAIME ISAZA CADAVID","2025-09-20","","137.04"
"POLITÉCNICO COLOMBIANO JAIME ISAZA CADAVID","2025-09-19","","89.64370833"
"POLITÉCNICO COLOMBIANO JAIME ISAZA CADAVID","2025-09-18","","0.0"
"POLITÉCNICO COLOMBIANO JAIME ISAZA CADAVID","2025-09-17","","0.0"
"POLITÉCNICO COLOMBIANO JAIME ISAZA CADAVID","2025-09-16","","0.0"
"POLITÉCNICO COLOMBIANO JAIME ISAZA CADAVID","2025-09-15","","0.0"
"POLITÉCNICO COLOMBIANO JAIME ISAZA CADAVID","2025-09-14","","0.0"
"POLITÉCNICO COLOMBIANO JAIME ISAZA CADAVID","2025-09-13","","0.0"
"POLITÉCNICO COLOMBIANO JAIME ISAZA CADAVID","2025-09-12","","0.0"
"POLITÉCNICO COLOMBIANO JAIME ISAZA CADAVID","2025-09-11","","0.0"
"POLITÉCNICO COLOMBIANO JAIME ISAZA CADAVID","2025-09-10","","0.0"
"POLITÉCNICO COLOMBIANO JAIME ISAZA CADAVID","2025-09-09","","0.0"
"POLITÉCNICO COLOMBIANO JAIME ISAZA CADAVID","2025-09-08","","0.0"
"POLITÉCNICO COLOMBIANO JAIME ISAZA CADAVID","2025-09-07","","0.0"
"POLITÉCNICO COLOMBIANO JAIME ISAZA CADAVID","2025-09-06","","0.0"
"POLITÉCNICO COLOMBIANO JAIME ISAZA CADAVID","2025-09-05","","0.0"
"POLITÉCNICO COLOMBIANO JAIME ISAZA CADAVID","2025-09-04","","0.0"
"POLITÉCNICO COLOMBIANO JAIME ISAZA CADAVID","2025-09-03","","0.0"
"POLITÉCNICO COLOMBIANO JAIME ISAZA CADAVID","2025-09-02","","0.0"
"POLITÉCNICO COLOMBIANO JAIME ISAZA CADAVID","2025-09-01","","0.0"
"POLITÉCNICO COLOMBIANO JAIME ISAZA CADAVID","2025-08-05","","152.75595928"
"POLITÉCNICO COLOMBIANO JAIME ISAZA CADAVID","2025-08-04","","119.43825559"
"POLITÉCNICO COLOMBIANO JAIME ISAZA CADAVID","2025-08-03","","144.27444184"
"POLITÉCNICO COLOMBIANO JAIME ISAZA CADAVID","2025-08-02","","191.43634837"
"POLITÉCNICO COLOMBIANO JAIME ISAZA CADAVID","2025-08-01","","122.01479743"
"POLITÉCNICO COLOMBIANO JAIME ISAZA CADAVID","2025-07-31","","123.5136689"
"POLITÉCNICO COLOMBIANO JAIME ISAZA CADAVID","2025-07-30","","130.82302649"
"POLITÉCNICO COLOMBIANO JAIME ISAZA CADAVID","2025-07-29","","159.60155554"
"POLITÉCNICO COLOMBIANO JAIME ISAZA CADAVID","2025-07-28","","145.76940804"
"POLITÉCNICO COLOMBIANO JAIME ISAZA CADAVID","2025-07-27","","149.62202125"
"POLITÉCNICO COLOMBIANO JAIME ISAZA CADAVID","2025-07-26","","109.65946524"
"POLITÉCNICO COLOMBIANO JAIME ISAZA CADAVID","2025-07-25","","126.69256297"
"POLITÉCNICO COLOMBIANO JAIME ISAZA CADAVID","2025-07-24","","141.82202123"
"POLITÉCNICO COLOMBIANO JAIME ISAZA CADAVID","2025-07-23","","97.27573937"
"POLITÉCNICO COLOMBIANO JAIME ISAZA CADAVID","2025-07-22","","132.38374485"
"POLITÉCNICO COLOMBIANO JAIME ISAZA CADAVID","2025-07-21","","113.68043668"
"POLITÉCNICO COLOMBIANO JAIME ISAZA CADAVID","2025-07-20","","123.67812521"
"POLITÉCNICO COLOMBIANO JAIME ISAZA CADAVID","2025-07-19","","129.43497894"
"POLITÉCNICO COLOMBIANO JAIME ISAZA CADAVID","2025-07-18","","159.55238656"
"POLITÉCNICO COLOMBIANO JAIME ISAZA CADAVID","2025-07-17","","127.78377743"
"POLITÉCNICO COLOMBIANO JAIME ISAZA CADAVID","2025-07-16","","100.8454059"
"POLITÉCNICO COLOMBIANO JAIME ISAZA CADAVID","2025-07-15","","123.14581608"
"POLITÉCNICO COLOMBIANO JAIME ISAZA CADAVID","2025-07-14","","167.957725"
"POLITÉCNICO COLOMBIANO JAIME ISAZA CADAVID","2025-07-13","","120.48824164"
"POLITÉCNICO COLOMBIANO JAIME ISAZA CADAVID","2025-07-12","","143.11299772"
"POLITÉCNICO COLOMBIANO JAIME ISAZA CADAVID","2025-07-11","","140.78418889"
"POLITÉCNICO COLOMBIANO JAIME ISAZA CADAVID","2025-07-10","","185.0049842"
"POLITÉCNICO COLOMBIANO JAIME ISAZA CADAVID","2025-07-09","","77.00093812"
"POLITÉCNICO COLOMBIANO JAIME ISAZA CADAVID","2025-07-08","","144.74894697"
"POLITÉCNICO COLOMBIANO JAIME ISAZA CADAVID","2025-07-07","","99.31609318"
"POLITÉCNICO COLOMBIANO JAIME ISAZA CADAVID","2025-07-06","","63.80688548"
"POLITÉCNICO COLOMBIANO JAIME ISAZA CADAVID","2025-07-05","","196.78246172"
"POLITÉCNICO COLOMBIANO JAIME ISAZA CADAVID","2025-07-04","","171.51365106"
"POLITÉCNICO COLOMBIANO JAIME ISAZA CADAVID","2025-07-03","","96.42971718"
"POLITÉCNICO COLOMBIANO JAIME ISAZA CADAVID","2025-07-02","","155.1725183"
"POLITÉCNICO COLOMBIANO JAIME ISAZA CADAVID","2025-07-01","","79.04146173"
"POLITÉCNICO COLOMBIANO JAIME ISAZA CADAVID","2025-06-30","","140.02811764"
"POLITÉCNICO COLOMBIANO JAIME ISAZA CADAVID","2025-06-29","","100.53427761"
"POLITÉCNICO COLOMBIANO JAIME ISAZA CADAVID","2025-06-28","","171.53000426"
"POLITÉCNICO COLOMBIANO JAIME ISAZA CADAVID","2025-06-27","","169.72454217"
"POLITÉCNICO COLOMBIANO JAIME ISAZA CADAVID","2025-06-26","","147.77945821"
"POLITÉCNICO COLOMBIANO JAIME ISAZA CADAVID","2025-06-25","","159.91237838"
"POLITÉCNICO COLOMBIANO JAIME ISAZA CADAVID","2025-06-24","","161.70385525"
"POLITÉCNICO COLOMBIANO JAIME ISAZA CADAVID","2025-06-23","","158.51494966"
"POLITÉCNICO COLOMBIANO JAIME ISAZA CADAVID","2025-06-22","","213.49719229"
"POLITÉCNICO COLOMBIANO JAIME ISAZA CADAVID","2025-06-21","","165.59519832"
"POLITÉCNICO COLOMBIANO JAIME ISAZA CADAVID","2025-06-20","","111.17280977"
"POLITÉCNICO COLOMBIANO JAIME ISAZA CADAVID","2025-06-19","","100.89966415"
"POLITÉCNICO COLOMBIANO JAIME ISAZA CADAVID","2025-06-18","","121.43980617"
"POLITÉCNICO COLOMBIANO JAIME ISAZA CADAVID","2025-06-17","","84.04434785"
"POLITÉCNICO COLOMBIANO JAIME ISAZA CADAVID","2025-06-16","","141.16544564"
"POLITÉCNICO COLOMBIANO JAIME ISAZA CADAVID","2025-06-15","","206.86343503"
"POLITÉCNICO COLOMBIANO JAIME ISAZA CADAVID","2025-06-14","","193.72539762"
"POLITÉCNICO COLOMBIANO JAIME ISAZA CADAVID","2025-06-13","","176.36986744"
"POLITÉCNICO COLOMBIANO JAIME ISAZA CADAVID","2025-06-12","","178.25689549"
"POLITÉCNICO COLOMBIANO JAIME ISAZA CADAVID","2025-06-11","","164.42805644"
"POLITÉCNICO COLOMBIANO JAIME ISAZA CADAVID","2025-06-10","","180.10548981"
"POLITÉCNICO COLOMBIANO JAIME ISAZA CADAVID","2025-06-09","","146.54078254"
"POLITÉCNICO COLOMBIANO JAIME ISAZA CADAVID","2025-06-08","","135.34326389"
"POLITÉCNICO COLOMBIANO JAIME ISAZA CADAVID","2025-06-07","","157.66117178"
"POLITÉCNICO COLOMBIANO JAIME ISAZA CADAVID","2025-06-06","","121.20656461"
"POLITÉCNICO COLOMBIANO JAIME ISAZA CADAVID","2025-06-05","","189.69064886"
"POLITÉCNICO COLOMBIANO JAIME ISAZA CADAVID","2025-06-04","","164.27462579"
"POLITÉCNICO COLOMBIANO JAIME ISAZA CADAVID","2025-06-03","","165.50317223"
"POLITÉCNICO COLOMBIANO JAIME ISAZA CADAVID","2025-06-02","","130.20747601"
"POLITÉCNICO COLOMBIANO JAIME ISAZA CADAVID","2025-06-01","","114.90395306"
"POLITÉCNICO COLOMBIANO JAIME ISAZA CADAVID","2025-05-31","","136.22155145"
"POLITÉCNICO COLOMBIANO JAIME ISAZA CADAVID","2025-05-30","","98.65308484"
"POLITÉCNICO COLOMBIANO JAIME ISAZA CADAVID","2025-05-29","","144.69457288"
"POLITÉCNICO COLOMBIANO JAIME ISAZA CADAVID","2025-05-28","","116.34795044"
"POLITÉCNICO COLOMBIANO JAIME ISAZA CADAVID","2025-05-27","","151.93390808"
"POLITÉCNICO COLOMBIANO JAIME ISAZA CADAVID","2025-05-26","","69.60651888"
"POLITÉCNICO COLOMBIANO JAIME ISAZA CADAVID","2025-05-25","","130.91713691"
"POLITÉCNICO COLOMBIANO JAIME ISAZA CADAVID","2025-05-24","","91.00048148"
"POLITÉCNICO COLOMBIANO JAIME ISAZA CADAVID","2025-05-23","","158.25737805"
"POLITÉCNICO COLOMBIANO JAIME ISAZA CADAVID","2025-05-22","","105.17522469"
"POLITÉCNICO COLOMBIANO JAIME ISAZA CADAVID","2025-05-21","","131.93604844"
"POLITÉCNICO COLOMBIANO JAIME ISAZA CADAVID","2025-05-20","","169.80166855"
"POLITÉCNICO COLOMBIANO JAIME ISAZA CADAVID","2025-05-19","","170.26250284"
"POLITÉCNICO COLOMBIANO JAIME ISAZA CADAVID","2025-05-18","","154.12586037"
"POLITÉCNICO COLOMBIANO JAIME ISAZA CADAVID","2025-05-17","","177.76956277"
"POLITÉCNICO COLOMBIANO JAIME ISAZA CADAVID","2025-05-16","","181.89368641"
"POLITÉCNICO COLOMBIANO JAIME ISAZA CADAVID","2025-05-15","","195.64648003"
"POLITÉCNICO COLOMBIANO JAIME ISAZA CADAVID","2025-05-14","","122.12524264"
"POLITÉCNICO COLOMBIANO JAIME ISAZA CADAVID","2025-05-13","","202.79357906"
"POLITÉCNICO COLOMBIANO JAIME ISAZA CADAVID","2025-05-12","","82.67724525"
"POLITÉCNICO COLOMBIANO JAIME ISAZA CADAVID","2025-05-11","","116.42312225"
"POLITÉCNICO COLOMBIANO JAIME ISAZA CADAVID","2025-05-10","","132.96219177"
"POLITÉCNICO COLOMBIANO JAIME ISAZA CADAVID","2025-05-09","","145.8765308"
"POLITÉCNICO COLOMBIANO JAIME ISAZA CADAVID","2025-05-08","","170.14743153"
"POLITÉCNICO COLOMBIANO JAIME ISAZA CADAVID","2025-05-07","","156.44211775"
"POLITÉCNICO COLOMBIANO JAIME ISAZA CADAVID","2025-05-06","","171.48435012"
"POLITÉCNICO COLOMBIANO JAIME ISAZA CADAVID","2025-05-05","","157.86192487"
"POLITÉCNICO COLOMBIANO JAIME ISAZA CADAVID","2025-05-04","","112.13748239"
"POLITÉCNICO COLOMBIANO JAIME ISAZA CADAVID","2025-05-03","","139.29862789"
"POLITÉCNICO COLOMBIANO JAIME ISAZA CADAVID","2025-05-02","","166.68033701"
"POLITÉCNICO COLOMBIANO JAIME ISAZA CADAVID","2025-05-01","","161.97889667"
"POLITÉCNICO COLOMBIANO JAIME ISAZA CADAVID","2025-04-30","","154.48079954"
"POLITÉCNICO COLOMBIANO JAIME ISAZA CADAVID","2025-04-29","","139.70751721"
"POLITÉCNICO COLOMBIANO JAIME ISAZA CADAVID","2025-04-28","","152.92079378"
"POLITÉCNICO COLOMBIANO JAIME ISAZA CADAVID","2025-04-27","","165.71218797"
"POLITÉCNICO COLOMBIANO JAIME ISAZA CADAVID","2025-04-26","","225.98449445"
"POLITÉCNICO COLOMBIANO JAIME ISAZA CADAVID","2025-04-25","","183.962847"
"POLITÉCNICO COLOMBIANO JAIME ISAZA CADAVID","2025-04-24","","151.63883035"
"POLITÉCNICO COLOMBIANO JAIME ISAZA CADAVID","2025-04-23","","162.87608124"
"POLITÉCNICO COLOMBIANO JAIME ISAZA CADAVID","2025-04-22","","157.00888422"
"POLITÉCNICO COLOMBIANO JAIME ISAZA CADAVID","2025-04-21","","177.81886718"
"POLITÉCNICO COLOMBIANO JAIME ISAZA CADAVID","2025-04-20","","175.86566105"
"POLITÉCNICO COLOMBIANO JAIME ISAZA CADAVID","2025-04-19","","142.07749091"
"POLITÉCNICO COLOMBIANO JAIME ISAZA CADAVID","2025-04-18","","150.32428553"
"POLITÉCNICO COLOMBIANO JAIME ISAZA CADAVID","2025-04-17","","194.74414739"
"POLITÉCNICO COLOMBIANO JAIME ISAZA CADAVID","2025-04-16","","112.97072252"
"POLITÉCNICO COLOMBIANO JAIME ISAZA CADAVID","2025-04-15","","129.83836205"
"POLITÉCNICO COLOMBIANO JAIME ISAZA CADAVID","2025-04-14","","145.95529062"
"POLITÉCNICO COLOMBIANO JAIME ISAZA CADAVID","2025-04-13","","96.36257235"
"POLITÉCNICO COLOMBIANO JAIME ISAZA CADAVID","2025-04-12","","70.06404108"
"POLITÉCNICO COLOMBIANO JAIME ISAZA CADAVID","2025-04-11","","157.41149907"
"POLITÉCNICO COLOMBIANO JAIME ISAZA CADAVID","2025-04-10","","154.57819585"
"POLITÉCNICO COLOMBIANO JAIME ISAZA CADAVID","2025-04-09","","153.52952203"
"POLITÉCNICO COLOMBIANO JAIME ISAZA CADAVID","2025-04-08","","165.66768344"
"POLITÉCNICO COLOMBIANO JAIME ISAZA CADAVID","2025-04-07","","152.26580782"
"POLITÉCNICO COLOMBIANO JAIME ISAZA CADAVID","2025-04-06","","173.7482476"
"POLITÉCNICO COLOMBIANO JAIME ISAZA CADAVID","2025-04-05","","133.00628369"
"POLITÉCNICO COLOMBIANO JAIME ISAZA CADAVID","2025-04-04","","151.86007229"
"POLITÉCNICO COLOMBIANO JAIME ISAZA CADAVID","2025-04-03","","138.12265521"
"POLITÉCNICO COLOMBIANO JAIME ISAZA CADAVID","2025-04-02","","118.26305609"
"POLITÉCNICO COLOMBIANO JAIME ISAZA CADAVID","2025-04-01","","144.92011362"
"POLITÉCNICO COLOMBIANO JAIME ISAZA CADAVID","2025-03-31","","159.57892811"
"POLITÉCNICO COLOMBIANO JAIME ISAZA CADAVID","2025-03-30","","141.57494074"
"POLITÉCNICO COLOMBIANO JAIME ISAZA CADAVID","2025-03-29","","174.96869098"
"POLITÉCNICO COLOMBIANO JAIME ISAZA CADAVID","2025-03-28","","178.80328528"
"POLITÉCNICO COLOMBIANO JAIME ISAZA CADAVID","2025-03-27","","123.76771579"
"POLITÉCNICO COLOMBIANO JAIME ISAZA CADAVID","2025-03-26","","127.08640862"
"POLITÉCNICO COLOMBIANO JAIME ISAZA CADAVID","2025-03-25","","123.38898453"
"POLITÉCNICO COLOMBIANO JAIME ISAZA CADAVID","2025-03-24","","105.92864357"
"POLITÉCNICO COLOMBIANO JAIME ISAZA CADAVID","2025-03-23","","118.96754189"
"POLITÉCNICO COLOMBIANO JAIME ISAZA CADAVID","2025-03-22","","140.46578738"
"POLITÉCNICO COLOMBIANO JAIME ISAZA CADAVID","2025-03-21","","140.19575391"
"POLITÉCNICO COLOMBIANO JAIME ISAZA CADAVID","2025-03-20","","47.36274905"
"POLITÉCNICO COLOMBIANO JAIME ISAZA CADAVID","2025-03-19","","85.96363647"
"POLITÉCNICO COLOMBIANO JAIME ISAZA CADAVID","2025-03-18","","121.13813329"
"POLITÉCNICO COLOMBIANO JAIME ISAZA CADAVID","2025-03-17","","123.73017173"
"POLITÉCNICO COLOMBIANO JAIME ISAZA CADAVID","2025-03-16","","112.02377065"
"POLITÉCNICO COLOMBIANO JAIME ISAZA CADAVID","2025-03-15","","119.88576376"
"POLITÉCNICO COLOMBIANO JAIME ISAZA CADAVID","2025-03-14","","169.09453589"
"POLITÉCNICO COLOMBIANO JAIME ISAZA CADAVID","2025-03-13","","148.63318817"
"POLITÉCNICO COLOMBIANO JAIME ISAZA CADAVID","2025-03-12","","87.13672223"
"POLITÉCNICO COLOMBIANO JAIME ISAZA CADAVID","2025-03-11","","128.4355069"
"POLITÉCNICO COLOMBIANO JAIME ISAZA CADAVID","2025-03-10","","117.99985393"
"POLITÉCNICO COLOMBIANO JAIME ISAZA CADAVID","2025-03-09","","127.90671154"
"POLITÉCNICO COLOMBIANO JAIME ISAZA CADAVID","2025-03-08","","145.31063103"
"POLITÉCNICO COLOMBIANO JAIME ISAZA CADAVID","2025-03-07","","96.44014664"
"POLITÉCNICO COLOMBIANO JAIME ISAZA CADAVID","2025-03-06","","170.51105955"
"POLITÉCNICO COLOMBIANO JAIME ISAZA CADAVID","2025-03-05","","147.53469301"
"POLITÉCNICO COLOMBIANO JAIME ISAZA CADAVID","2025-03-04","","157.79552166"
"POLITÉCNICO COLOMBIANO JAIME ISAZA CADAVID","2025-03-03","","140.10201926"
"POLITÉCNICO COLOMBIANO JAIME ISAZA CADAVID","2025-03-02","","127.74155868"
"POLITÉCNICO COLOMBIANO JAIME ISAZA CADAVID","2025-03-01","","153.25669166"
"POLITÉCNICO COLOMBIANO JAIME ISAZA CADAVID","2025-02-28","","160.96218155"
"POLITÉCNICO COLOMBIANO JAIME ISAZA CADAVID","2025-02-27","","184.04135648"
"POLITÉCNICO COLOMBIANO JAIME ISAZA CADAVID","2025-02-26","","141.05207239"
"POLITÉCNICO COLOMBIANO JAIME ISAZA CADAVID","2025-02-25","","88.12539758"
"POLITÉCNICO COLOMBIANO JAIME ISAZA CADAVID","2025-02-24","","133.52539949"
"POLITÉCNICO COLOMBIANO JAIME ISAZA CADAVID","2025-02-23","","149.8677992"
"POLITÉCNICO COLOMBIANO JAIME ISAZA CADAVID","2025-02-22","","137.52702889"
"POLITÉCNICO COLOMBIANO JAIME ISAZA CADAVID","2025-02-21","","134.08258295"
"POLITÉCNICO COLOMBIANO JAIME ISAZA CADAVID","2025-02-20","","44.58849932"
"POLITÉCNICO COLOMBIANO JAIME ISAZA CADAVID","2025-02-19","","140.75097618"
"POLITÉCNICO COLOMBIANO JAIME ISAZA CADAVID","2025-02-18","","144.99273823"
"POLITÉCNICO COLOMBIANO JAIME ISAZA CADAVID","2025-02-17","","133.37802576"
"POLITÉCNICO COLOMBIANO JAIME ISAZA CADAVID","2025-02-16","","145.7468894"
"POLITÉCNICO COLOMBIANO JAIME ISAZA CADAVID","2025-02-15","","110.5399329"
"POLITÉCNICO COLOMBIANO JAIME ISAZA CADAVID","2025-02-14","","170.02284281"
"POLITÉCNICO COLOMBIANO JAIME ISAZA CADAVID","2025-02-13","","122.53189225"
"POLITÉCNICO COLOMBIANO JAIME ISAZA CADAVID","2025-02-12","","123.62499842"
"POLITÉCNICO COLOMBIANO JAIME ISAZA CADAVID","2025-02-11","","194.39705056"
"POLITÉCNICO COLOMBIANO JAIME ISAZA CADAVID","2025-02-10","","145.5619414"
"POLITÉCNICO COLOMBIANO JAIME ISAZA CADAVID","2025-02-09","","180.18144955"
"POLITÉCNICO COLOMBIANO JAIME ISAZA CADAVID","2025-02-08","","180.50651205"
"POLITÉCNICO COLOMBIANO JAIME ISAZA CADAVID","2025-02-07","","172.26070101"
"POLITÉCNICO COLOMBIANO JAIME ISAZA CADAVID","2025-02-06","","44.12325968"
"POLITÉCNICO COLOMBIANO JAIME ISAZA CADAVID","2025-02-05","","167.43675089"
"POLITÉCNICO COLOMBIANO JAIME ISAZA CADAVID","2025-02-04","","134.17565225"
"POLITÉCNICO COLOMBIANO JAIME ISAZA CADAVID","2025-02-03","","137.12362849"
"POLITÉCNICO COLOMBIANO JAIME ISAZA CADAVID","2025-02-02","","55.5762932"
"POLITÉCNICO COLOMBIANO JAIME ISAZA CADAVID","2025-02-01","","72.12779557"
"POLITÉCNICO COLOMBIANO JAIME ISAZA CADAVID","2025-01-31","","89.06022984"
"POLITÉCNICO COLOMBIANO JAIME ISAZA CADAVID","2025-01-30","","108.46759282"
"POLITÉCNICO COLOMBIANO JAIME ISAZA CADAVID","2025-01-29","","103.42182924"
"POLITÉCNICO COLOMBIANO JAIME ISAZA CADAVID","2025-01-28","","54.02319326"
"POLITÉCNICO COLOMBIANO JAIME ISAZA CADAVID","2025-01-27","","104.13538657"
"POLITÉCNICO COLOMBIANO JAIME ISAZA CADAVID","2025-01-26","","125.16914435"
"POLITÉCNICO COLOMBIANO JAIME ISAZA CADAVID","2025-01-25","","69.33706267"
"POLITÉCNICO COLOMBIANO JAIME ISAZA CADAVID","2025-01-24","","119.56267341"
"POLITÉCNICO COLOMBIANO JAIME ISAZA CADAVID","2025-01-23","","168.15486347"
"POLITÉCNICO COLOMBIANO JAIME ISAZA CADAVID","2025-01-22","","120.9122149"
"POLITÉCNICO COLOMBIANO JAIME ISAZA CADAVID","2025-01-21","","93.79913722"
"POLITÉCNICO COLOMBIANO JAIME ISAZA CADAVID","2025-01-20","","101.61913842"
"POLITÉCNICO COLOMBIANO JAIME ISAZA CADAVID","2025-01-19","","148.14323668"
"POLITÉCNICO COLOMBIANO JAIME ISAZA CADAVID","2025-01-18","","130.60312109"
"POLITÉCNICO COLOMBIANO JAIME ISAZA CADAVID","2025-01-17","","91.42456962"
"POLITÉCNICO COLOMBIANO JAIME ISAZA CADAVID","2025-01-16","","139.59261575"
"POLITÉCNICO COLOMBIANO JAIME ISAZA CADAVID","2025-01-15","","99.90143825"
"POLITÉCNICO COLOMBIANO JAIME ISAZA CADAVID","2025-01-14","","62.52369402"
"POLITÉCNICO COLOMBIANO JAIME ISAZA CADAVID","2025-01-13","","116.53521608"
"POLITÉCNICO COLOMBIANO JAIME ISAZA CADAVID","2025-01-12","","70.85562911"
"POLITÉCNICO COLOMBIANO JAIME ISAZA CADAVID","2025-01-11","","63.76565365"
"POLITÉCNICO COLOMBIANO JAIME ISAZA CADAVID","2025-01-10","","127.06396391"
"POLITÉCNICO COLOMBIANO JAIME ISAZA CADAVID","2025-01-09","","139.77241476"
"POLITÉCNICO COLOMBIANO JAIME ISAZA CADAVID","2025-01-08","","113.49796081"
"POLITÉCNICO COLOMBIANO JAIME ISAZA CADAVID","2025-01-07","","117.86708462"
"POLITÉCNICO COLOMBIANO JAIME ISAZA CADAVID","2025-01-06","","161.14840462"
"POLITÉCNICO COLOMBIANO JAIME ISAZA CADAVID","2025-01-05","","179.80300763"
"POLITÉCNICO COLOMBIANO JAIME ISAZA CADAVID","2025-01-04","","182.83956769"
"POLITÉCNICO COLOMBIANO JAIME ISAZA CADAVID","2025-01-03","","172.90508218"
"POLITÉCNICO COLOMBIANO JAIME ISAZA CADAVID","2025-01-02","","136.85225949"
"POLITÉCNICO COLOMBIANO JAIME ISAZA CADAVID","2025-01-01","","133.41686644"
"POLITÉCNICO COLOMBIANO JAIME ISAZA CADAVID","2024-12-31","","66.95163118"
"POLITÉCNICO COLOMBIANO JAIME ISAZA CADAVID","2024-12-30","","183.31862503"
"POLITÉCNICO COLOMBIANO JAIME ISAZA CADAVID","2024-12-29","","133.31236542"
"POLITÉCNICO COLOMBIANO JAIME ISAZA CADAVID","2024-12-28","","113.21095595"
"POLITÉCNICO COLOMBIANO JAIME ISAZA CADAVID","2024-12-27","","132.00546196"
"POLITÉCNICO COLOMBIANO JAIME ISAZA CADAVID","2024-12-26","","184.59454799"
"POLITÉCNICO COLOMBIANO JAIME ISAZA CADAVID","2024-12-25","","152.3650471"
"POLITÉCNICO COLOMBIANO JAIME ISAZA CADAVID","2024-12-24","","177.26643937"
"POLITÉCNICO COLOMBIANO JAIME ISAZA CADAVID","2024-12-23","","165.39631269"
"POLITÉCNICO COLOMBIANO JAIME ISAZA CADAVID","2024-12-22","","160.83770277"
"POLITÉCNICO COLOMBIANO JAIME ISAZA CADAVID","2024-12-21","","170.73102749"
"POLITÉCNICO COLOMBIANO JAIME ISAZA CADAVID","2024-12-20","","140.17410071"
"POLITÉCNICO COLOMBIANO JAIME ISAZA CADAVID","2024-12-19","","122.92004454"
"POLITÉCNICO COLOMBIANO JAIME ISAZA CADAVID","2024-12-18","","97.02373203"
"POLITÉCNICO COLOMBIANO JAIME ISAZA CADAVID","2024-12-17","","37.37805881"
"POLITÉCNICO COLOMBIANO JAIME ISAZA CADAVID","2024-12-16","","126.23242469"
"POLITÉCNICO COLOMBIANO JAIME ISAZA CADAVID","2024-12-15","","146.02194611"
"POLITÉCNICO COLOMBIANO JAIME ISAZA CADAVID","2024-12-14","","91.04999859"
"POLITÉCNICO COLOMBIANO JAIME ISAZA CADAVID","2024-12-13","","102.22398004"
"POLITÉCNICO COLOMBIANO JAIME ISAZA CADAVID","2024-12-12","","104.42834399"
"POLITÉCNICO COLOMBIANO JAIME ISAZA CADAVID","2024-12-11","","94.27056206"
"POLITÉCNICO COLOMBIANO JAIME ISAZA CADAVID","2024-12-10","","79.60300071"
"POLITÉCNICO COLOMBIANO JAIME ISAZA CADAVID","2024-12-09","","119.04755969"
"POLITÉCNICO COLOMBIANO JAIME ISAZA CADAVID","2024-12-08","","160.42784003"
"POLITÉCNICO COLOMBIANO JAIME ISAZA CADAVID","2024-12-07","","81.07691985"
"POLITÉCNICO COLOMBIANO JAIME ISAZA CADAVID","2024-12-06","","174.1095003"
"POLITÉCNICO COLOMBIANO JAIME ISAZA CADAVID","2024-12-05","","103.3188448"
"POLITÉCNICO COLOMBIANO JAIME ISAZA CADAVID","2024-12-04","","76.69034987"
"POLITÉCNICO COLOMBIANO JAIME ISAZA CADAVID","2024-12-03","","140.80600567"
"POLITÉCNICO COLOMBIANO JAIME ISAZA CADAVID","2024-12-02","","187.3152723"
"POLITÉCNICO COLOMBIANO JAIME ISAZA CADAVID","2024-12-01","","115.5331424"
"POLITÉCNICO COLOMBIANO JAIME ISAZA CADAVID","2024-11-30","","103.32752763"
"POLITÉCNICO COLOMBIANO JAIME ISAZA CADAVID","2024-11-29","","132.33933398"
"POLITÉCNICO COLOMBIANO JAIME ISAZA CADAVID","2024-11-28","","170.90109356"
"POLITÉCNICO COLOMBIANO JAIME ISAZA CADAVID","2024-11-27","","174.37694392"
"POLITÉCNICO COLOMBIANO JAIME ISAZA CADAVID","2024-11-26","","159.97234609"
"POLITÉCNICO COLOMBIANO JAIME ISAZA CADAVID","2024-11-25","","105.94283083"
"POLITÉCNICO COLOMBIANO JAIME ISAZA CADAVID","2024-11-24","","182.34740135"
"POLITÉCNICO COLOMBIANO JAIME ISAZA CADAVID","2024-11-23","","161.87661223"
"POLITÉCNICO COLOMBIANO JAIME ISAZA CADAVID","2024-11-22","","173.26919026"
"POLITÉCNICO COLOMBIANO JAIME ISAZA CADAVID","2024-11-21","","155.95589015"
"POLITÉCNICO COLOMBIANO JAIME ISAZA CADAVID","2024-11-20","","162.17872679"
"POLITÉCNICO COLOMBIANO JAIME ISAZA CADAVID","2024-11-19","","99.25092128"
"POLITÉCNICO COLOMBIANO JAIME ISAZA CADAVID","2024-11-18","","115.83414557"
"POLITÉCNICO COLOMBIANO JAIME ISAZA CADAVID","2024-11-17","","90.49140954"
"POLITÉCNICO COLOMBIANO JAIME ISAZA CADAVID","2024-11-16","","126.80482406"
"POLITÉCNICO COLOMBIANO JAIME ISAZA CADAVID","2024-11-15","","146.87148889"
"POLITÉCNICO COLOMBIANO JAIME ISAZA CADAVID","2024-11-14","","214.3343181"
"POLITÉCNICO COLOMBIANO JAIME ISAZA CADAVID","2024-11-13","","175.42783138"
"POLITÉCNICO COLOMBIANO JAIME ISAZA CADAVID","2024-11-12","","142.46671659"
"POLITÉCNICO COLOMBIANO JAIME ISAZA CADAVID","2024-11-11","","178.24208347"
"POLITÉCNICO COLOMBIANO JAIME ISAZA CADAVID","2024-11-10","","175.81032889"
"POLITÉCNICO COLOMBIANO JAIME ISAZA CADAVID","2024-11-09","","167.02451441"
"POLITÉCNICO COLOMBIANO JAIME ISAZA CADAVID","2024-11-08","","135.87536544"
"POLITÉCNICO COLOMBIANO JAIME ISAZA CADAVID","2024-11-07","","182.62620093"
"POLITÉCNICO COLOMBIANO JAIME ISAZA CADAVID","2024-11-06","","58.31937421"
"POLITÉCNICO COLOMBIANO JAIME ISAZA CADAVID","2024-11-05","","136.71156898"
"POLITÉCNICO COLOMBIANO JAIME ISAZA CADAVID","2024-11-04","","233.74100933"
"POLITÉCNICO COLOMBIANO JAIME ISAZA CADAVID","2024-11-03","","195.69055497"
"POLITÉCNICO COLOMBIANO JAIME ISAZA CADAVID","2024-11-02","","194.42194846"
"POLITÉCNICO COLOMBIANO JAIME ISAZA CADAVID","2024-11-01","","191.54000859"
"POLITÉCNICO COLOMBIANO JAIME ISAZA CADAVID","2024-10-31","","182.19486378"
"POLITÉCNICO COLOMBIANO JAIME ISAZA CADAVID","2024-10-30","","166.80242039"
"POLITÉCNICO COLOMBIANO JAIME ISAZA CADAVID","2024-10-29","","156.1981969"
"POLITÉCNICO COLOMBIANO JAIME ISAZA CADAVID","2024-10-28","","55.52174493"
"POLITÉCNICO COLOMBIANO JAIME ISAZA CADAVID","2024-10-27","","120.43378897"
"POLITÉCNICO COLOMBIANO JAIME ISAZA CADAVID","2024-10-26","","96.299959"
"POLITÉCNICO COLOMBIANO JAIME ISAZA CADAVID","2024-10-25","","103.32287826"
"POLITÉCNICO COLOMBIANO JAIME ISAZA CADAVID","2024-10-24","","147.95323844"
"POLITÉCNICO COLOMBIANO JAIME ISAZA CADAVID","2024-10-23","","104.07694081"
"POLITÉCNICO COLOMBIANO JAIME ISAZA CADAVID","2024-10-22","","136.79300809"
"POLITÉCNICO COLOMBIANO JAIME ISAZA CADAVID","2024-10-21","","152.63770375"
"POLITÉCNICO COLOMBIANO JAIME ISAZA CADAVID","2024-10-20","","187.37781574"
"POLITÉCNICO COLOMBIANO JAIME ISAZA CADAVID","2024-10-19","","180.64311167"
"POLITÉCNICO COLOMBIANO JAIME ISAZA CADAVID","2024-10-18","","90.06197797"
"POLITÉCNICO COLOMBIANO JAIME ISAZA CADAVID","2024-10-17","","116.75656839"
"POLITÉCNICO COLOMBIANO JAIME ISAZA CADAVID","2024-10-16","","156.09753076"
"POLITÉCNICO COLOMBIANO JAIME ISAZA CADAVID","2024-10-15","","182.01967673"
"POLITÉCNICO COLOMBIANO JAIME ISAZA CADAVID","2024-10-14","","187.13638892"
"POLITÉCNICO COLOMBIANO JAIME ISAZA CADAVID","2024-10-13","","168.58351359"
"POLITÉCNICO COLOMBIANO JAIME ISAZA CADAVID","2024-10-12","","154.48659633"
"POLITÉCNICO COLOMBIANO JAIME ISAZA CADAVID","2024-10-11","","162.02180709"
"POLITÉCNICO COLOMBIANO JAIME ISAZA CADAVID","2024-10-10","","162.71771217"
"POLITÉCNICO COLOMBIANO JAIME ISAZA CADAVID","2024-10-09","","127.66828538"
"POLITÉCNICO COLOMBIANO JAIME ISAZA CADAVID","2024-10-08","","136.08702545"
"POLITÉCNICO COLOMBIANO JAIME ISAZA CADAVID","2024-10-07","","127.06348488"
"POLITÉCNICO COLOMBIANO JAIME ISAZA CADAVID","2024-10-06","","151.11539453"
"POLITÉCNICO COLOMBIANO JAIME ISAZA CADAVID","2024-10-05","","148.71570628"
"POLITÉCNICO COLOMBIANO JAIME ISAZA CADAVID","2024-10-04","","136.17056718"
"POLITÉCNICO COLOMBIANO JAIME ISAZA CADAVID","2024-10-03","","111.28327988"
"POLITÉCNICO COLOMBIANO JAIME ISAZA CADAVID","2024-10-02","","119.1359564"
"POLITÉCNICO COLOMBIANO JAIME ISAZA CADAVID","2024-10-01","","143.24007722"
"POLITÉCNICO COLOMBIANO JAIME ISAZA CADAVID","2024-09-30","","145.21546824"
"POLITÉCNICO COLOMBIANO JAIME ISAZA CADAVID","2024-09-29","","182.07873543"
"POLITÉCNICO COLOMBIANO JAIME ISAZA CADAVID","2024-09-28","","162.7119677"
"POLITÉCNICO COLOMBIANO JAIME ISAZA CADAVID","2024-09-27","","173.05059853"
"POLITÉCNICO COLOMBIANO JAIME ISAZA CADAVID","2024-09-26","","173.74475409"
"POLITÉCNICO COLOMBIANO JAIME ISAZA CADAVID","2024-09-25","","185.2839868"
"POLITÉCNICO COLOMBIANO JAIME ISAZA CADAVID","2024-09-02","","147.40536106"
"POLITÉCNICO COLOMBIANO JAIME ISAZA CADAVID","2024-09-01","","130.70757025"
"POLITÉCNICO COLOMBIANO JAIME ISAZA CADAVID","2024-08-31","","178.64956067"
"POLITÉCNICO COLOMBIANO JAIME ISAZA CADAVID","2024-08-30","","202.6919524"
"POLITÉCNICO COLOMBIANO JAIME ISAZA CADAVID","2024-08-29","","164.49969873"
"POLITÉCNICO COLOMBIANO JAIME ISAZA CADAVID","2024-08-28","","103.30451188"
"POLITÉCNICO COLOMBIANO JAIME ISAZA CADAVID","2024-08-27","","120.47747661"
"POLITÉCNICO COLOMBIANO JAIME ISAZA CADAVID","2024-08-26","","152.87222757"
"POLITÉCNICO COLOMBIANO JAIME ISAZA CADAVID","2024-08-25","","175.86409892"
"POLITÉCNICO COLOMBIANO JAIME ISAZA CADAVID","2024-08-24","","141.55577496"
"POLITÉCNICO COLOMBIANO JAIME ISAZA CADAVID","2024-08-23","","100.56052292"
"POLITÉCNICO COLOMBIANO JAIME ISAZA CADAVID","2024-08-22","","175.61930466"
"POLITÉCNICO COLOMBIANO JAIME ISAZA CADAVID","2024-08-21","","136.92195871"
"POLITÉCNICO COLOMBIANO JAIME ISAZA CADAVID","2024-08-20","","72.59938741"
"POLITÉCNICO COLOMBIANO JAIME ISAZA CADAVID","2024-08-19","","101.24771724"
"POLITÉCNICO COLOMBIANO JAIME ISAZA CADAVID","2024-08-18","","118.70558258"
"POLITÉCNICO COLOMBIANO JAIME ISAZA CADAVID","2024-08-17","","109.45765999"
"POLITÉCNICO COLOMBIANO JAIME ISAZA CADAVID","2024-08-16","","108.33563875"
"POLITÉCNICO COLOMBIANO JAIME ISAZA CADAVID","2024-08-15","","64.75219894"
"POLITÉCNICO COLOMBIANO JAIME ISAZA CADAVID","2024-08-14","","110.15022595"
"POLITÉCNICO COLOMBIANO JAIME ISAZA CADAVID","2024-08-13","","139.38351523"
"POLITÉCNICO COLOMBIANO JAIME ISAZA CADAVID","2024-08-12","","157.63827352"
"POLITÉCNICO COLOMBIANO JAIME ISAZA CADAVID","2024-08-11","","194.48233815"
"POLITÉCNICO COLOMBIANO JAIME ISAZA CADAVID","2024-08-10","","159.74388652"
"POLITÉCNICO COLOMBIANO JAIME ISAZA CADAVID","2024-08-09","","119.290799"
"POLITÉCNICO COLOMBIANO JAIME ISAZA CADAVID","2024-08-08","","84.15509736"
"POLITÉCNICO COLOMBIANO JAIME ISAZA CADAVID","2024-08-07","","158.10728004"
"POLITÉCNICO COLOMBIANO JAIME ISAZA CADAVID","2024-08-06","","178.41933801"
"POLITÉCNICO COLOMBIANO JAIME ISAZA CADAVID","2024-08-05","","153.65033"
"POLITÉCNICO COLOMBIANO JAIME ISAZA CADAVID","2024-08-04","","99.80915614"
"POLITÉCNICO COLOMBIANO JAIME ISAZA CADAVID","2024-08-03","","101.24127789"
"POLITÉCNICO COLOMBIANO JAIME ISAZA CADAVID","2024-08-02","","38.21750984"
"POLITÉCNICO COLOMBIANO JAIME ISAZA CADAVID","2024-08-01","","136.18113991"
"POLITÉCNICO COLOMBIANO JAIME ISAZA CADAVID","2024-07-31","","106.68791235"
"POLITÉCNICO COLOMBIANO JAIME ISAZA CADAVID","2024-07-30","","176.45915351"
"POLITÉCNICO COLOMBIANO JAIME ISAZA CADAVID","2024-07-29","","120.39581205"
"POLITÉCNICO COLOMBIANO JAIME ISAZA CADAVID","2024-07-28","","86.37028073"
"POLITÉCNICO COLOMBIANO JAIME ISAZA CADAVID","2024-07-27","","123.35979599"
"POLITÉCNICO COLOMBIANO JAIME ISAZA CADAVID","2024-07-26","","122.29590144"
"POLITÉCNICO COLOMBIANO JAIME ISAZA CADAVID","2024-07-25","","93.32958048"
"POLITÉCNICO COLOMBIANO JAIME ISAZA CADAVID","2024-07-24","","138.09163283"
"POLITÉCNICO COLOMBIANO JAIME ISAZA CADAVID","2024-07-23","","121.53697482"
"POLITÉCNICO COLOMBIANO JAIME ISAZA CADAVID","2024-07-22","","92.22919285"
"POLITÉCNICO COLOMBIANO JAIME ISAZA CADAVID","2024-07-21","","97.35903303"
"POLITÉCNICO COLOMBIANO JAIME ISAZA CADAVID","2024-07-20","","148.30534162"
"POLITÉCNICO COLOMBIANO JAIME ISAZA CADAVID","2024-07-19","","182.36721699"
"POLITÉCNICO COLOMBIANO JAIME ISAZA CADAVID","2024-07-18","","89.86824569"
"POLITÉCNICO COLOMBIANO JAIME ISAZA CADAVID","2024-07-17","","152.13141197"
"POLITÉCNICO COLOMBIANO JAIME ISAZA CADAVID","2024-07-16","","104.75346538"
"POLITÉCNICO COLOMBIANO JAIME ISAZA CADAVID","2024-07-15","","124.52897057"
"POLITÉCNICO COLOMBIANO JAIME ISAZA CADAVID","2024-07-14","","106.45658209"
"POLITÉCNICO COLOMBIANO JAIME ISAZA CADAVID","2024-07-13","","145.33918615"
"POLITÉCNICO COLOMBIANO JAIME ISAZA CADAVID","2024-07-12","","117.23640913"
"POLITÉCNICO COLOMBIANO JAIME ISAZA CADAVID","2024-07-11","","97.43736932"
"POLITÉCNICO COLOMBIANO JAIME ISAZA CADAVID","2024-07-10","","66.52377122"
"POLITÉCNICO COLOMBIANO JAIME ISAZA CADAVID","2024-07-09","","185.91579268"
"POLITÉCNICO COLOMBIANO JAIME ISAZA CADAVID","2024-07-08","","116.46612961"
"POLITÉCNICO COLOMBIANO JAIME ISAZA CADAVID","2024-07-07","","132.99029053"
"POLITÉCNICO COLOMBIANO JAIME ISAZA CADAVID","2024-07-06","","154.20006715"
"POLITÉCNICO COLOMBIANO JAIME ISAZA CADAVID","2024-07-05","","184.08979196"
"POLITÉCNICO COLOMBIANO JAIME ISAZA CADAVID","2024-07-04","","195.95905367"
"POLITÉCNICO COLOMBIANO JAIME ISAZA CADAVID","2024-07-03","","123.15758216"
"POLITÉCNICO COLOMBIANO JAIME ISAZA CADAVID","2024-07-02","","116.56058143"
"POLITÉCNICO COLOMBIANO JAIME ISAZA CADAVID","2024-07-01","","144.05294428"
"POLITÉCNICO COLOMBIANO JAIME ISAZA CADAVID","2024-06-30","","102.21963271"
"POLITÉCNICO COLOMBIANO JAIME ISAZA CADAVID","2024-06-29","","126.45552549"
"POLITÉCNICO COLOMBIANO JAIME ISAZA CADAVID","2024-06-28","","146.69650292"
"POLITÉCNICO COLOMBIANO JAIME ISAZA CADAVID","2024-06-27","","129.22946086"
"POLITÉCNICO COLOMBIANO JAIME ISAZA CADAVID","2024-06-26","","146.64792384"
"POLITÉCNICO COLOMBIANO JAIME ISAZA CADAVID","2024-06-25","","118.97596221"
"POLITÉCNICO COLOMBIANO JAIME ISAZA CADAVID","2024-06-24","","178.33335916"
"POLITÉCNICO COLOMBIANO JAIME ISAZA CADAVID","2024-06-23","","173.35657345"
"POLITÉCNICO COLOMBIANO JAIME ISAZA CADAVID","2024-06-22","","165.73874431"
"POLITÉCNICO COLOMBIANO JAIME ISAZA CADAVID","2024-06-21","","35.18412116"
"POLITÉCNICO COLOMBIANO JAIME ISAZA CADAVID","2024-06-20","","84.4108299"
"POLITÉCNICO COLOMBIANO JAIME ISAZA CADAVID","2024-06-19","","166.29553905"
"POLITÉCNICO COLOMBIANO JAIME ISAZA CADAVID","2024-06-18","","155.05282048"
"POLITÉCNICO COLOMBIANO JAIME ISAZA CADAVID","2024-06-17","","101.86119585"
"POLITÉCNICO COLOMBIANO JAIME ISAZA CADAVID","2024-06-16","","132.95370613"
"POLITÉCNICO COLOMBIANO JAIME ISAZA CADAVID","2024-06-15","","156.12853546"
"POLITÉCNICO COLOMBIANO JAIME ISAZA CADAVID","2024-06-14","","160.3988415"
"POLITÉCNICO COLOMBIANO JAIME ISAZA CADAVID","2024-06-13","","105.15612392"
"POLITÉCNICO COLOMBIANO JAIME ISAZA CADAVID","2024-06-12","","98.32256233"
"POLITÉCNICO COLOMBIANO JAIME ISAZA CADAVID","2024-06-11","","170.52932134"
"POLITÉCNICO COLOMBIANO JAIME ISAZA CADAVID","2024-06-10","","155.91482714"
"POLITÉCNICO COLOMBIANO JAIME ISAZA CADAVID","2024-06-09","","158.01941325"
"POLITÉCNICO COLOMBIANO JAIME ISAZA CADAVID","2024-06-08","","211.16649078"
"POLITÉCNICO COLOMBIANO JAIME ISAZA CADAVID","2024-06-07","","62.1411218"
"POLITÉCNICO COLOMBIANO JAIME ISAZA CADAVID","2024-06-06","","94.42250293"
"POLITÉCNICO COLOMBIANO JAIME ISAZA CADAVID","2024-06-05","","111.93242047"
"POLITÉCNICO COLOMBIANO JAIME ISAZA CADAVID","2024-06-04","","117.71943833"
"POLITÉCNICO COLOMBIANO JAIME ISAZA CADAVID","2024-06-03","","185.51932651"
"POLITÉCNICO COLOMBIANO JAIME ISAZA CADAVID","2024-06-02","","163.28348444"
"POLITÉCNICO COLOMBIANO JAIME ISAZA CADAVID","2024-06-01","","181.54091054"
"POLITÉCNICO COLOMBIANO JAIME ISAZA CADAVID","2024-05-31","","179.99839809"
"POLITÉCNICO COLOMBIANO JAIME ISAZA CADAVID","2024-05-30","","127.37194748"
"POLITÉCNICO COLOMBIANO JAIME ISAZA CADAVID","2024-05-29","","145.60927332"
"POLITÉCNICO COLOMBIANO JAIME ISAZA CADAVID","2024-05-28","","157.47621253"
"POLITÉCNICO COLOMBIANO JAIME ISAZA CADAVID","2024-05-27","","139.62840832"
"POLITÉCNICO COLOMBIANO JAIME ISAZA CADAVID","2024-05-26","","203.90654027"
"POLITÉCNICO COLOMBIANO JAIME ISAZA CADAVID","2024-05-25","","141.91394919"
"POLITÉCNICO COLOMBIANO JAIME ISAZA CADAVID","2024-05-24","","123.45152884"
"POLITÉCNICO COLOMBIANO JAIME ISAZA CADAVID","2024-05-23","","144.9517738"
"POLITÉCNICO COLOMBIANO JAIME ISAZA CADAVID","2024-05-22","","169.15263042"
"POLITÉCNICO COLOMBIANO JAIME ISAZA CADAVID","2024-05-21","","167.26331379"
"POLITÉCNICO COLOMBIANO JAIME ISAZA CADAVID","2024-05-20","","142.8816871"
"POLITÉCNICO COLOMBIANO JAIME ISAZA CADAVID","2024-05-19","","159.56952474"
"POLITÉCNICO COLOMBIANO JAIME ISAZA CADAVID","2024-05-18","","69.06442453"
"POLITÉCNICO COLOMBIANO JAIME ISAZA CADAVID","2024-05-17","","135.64255123"
"POLITÉCNICO COLOMBIANO JAIME ISAZA CADAVID","2024-05-16","","158.039814"
"POLITÉCNICO COLOMBIANO JAIME ISAZA CADAVID","2024-05-15","","143.22571243"
"POLITÉCNICO COLOMBIANO JAIME ISAZA CADAVID","2024-05-14","","108.24611296"
"POLITÉCNICO COLOMBIANO JAIME ISAZA CADAVID","2024-05-13","","190.68013898"
"POLITÉCNICO COLOMBIANO JAIME ISAZA CADAVID","2024-05-11","","151.81792324"
"POLITÉCNICO COLOMBIANO JAIME ISAZA CADAVID","2024-05-10","","152.49286825"
"POLITÉCNICO COLOMBIANO JAIME ISAZA CADAVID","2024-05-09","","200.16826481"
"POLITÉCNICO COLOMBIANO JAIME ISAZA CADAVID","2024-05-08","","192.69598831"
"POLITÉCNICO COLOMBIANO JAIME ISAZA CADAVID","2024-05-07","","143.95593252"
"POLITÉCNICO COLOMBIANO JAIME ISAZA CADAVID","2024-05-06","","109.38506848"
"POLITÉCNICO COLOMBIANO JAIME ISAZA CADAVID","2024-05-05","","144.05006543"
"POLITÉCNICO COLOMBIANO JAIME ISAZA CADAVID","2024-05-04","","164.12516816"
"POLITÉCNICO COLOMBIANO JAIME ISAZA CADAVID","2024-05-03","","150.82494246"
"POLITÉCNICO COLOMBIANO JAIME ISAZA CADAVID","2024-05-02","","141.07891635"
"POLITÉCNICO COLOMBIANO JAIME ISAZA CADAVID","2024-05-01","","139.15097309"
"POLITÉCNICO COLOMBIANO JAIME ISAZA CADAVID","2024-04-30","","94.64759932"
"POLITÉCNICO COLOMBIANO JAIME ISAZA CADAVID","2024-04-29","","115.5198471"
"POLITÉCNICO COLOMBIANO JAIME ISAZA CADAVID","2024-04-28","","160.07330541"
"POLITÉCNICO COLOMBIANO JAIME ISAZA CADAVID","2024-04-27","","169.15477071"
"POLITÉCNICO COLOMBIANO JAIME ISAZA CADAVID","2024-04-26","","191.55714069"
"POLITÉCNICO COLOMBIANO JAIME ISAZA CADAVID","2024-04-25","","165.69539163"
"POLITÉCNICO COLOMBIANO JAIME ISAZA CADAVID","2024-04-24","","152.88521696"
"POLITÉCNICO COLOMBIANO JAIME ISAZA CADAVID","2024-04-23","","149.06413654"
"POLITÉCNICO COLOMBIANO JAIME ISAZA CADAVID","2024-04-22","","169.54906732"
"POLITÉCNICO COLOMBIANO JAIME ISAZA CADAVID","2024-04-21","","186.32918284"
"POLITÉCNICO COLOMBIANO JAIME ISAZA CADAVID","2024-04-20","","149.12058666"
"POLITÉCNICO COLOMBIANO JAIME ISAZA CADAVID","2024-04-19","","154.98018742"
"POLITÉCNICO COLOMBIANO JAIME ISAZA CADAVID","2024-04-18","","141.83537092"
"POLITÉCNICO COLOMBIANO JAIME ISAZA CADAVID","2024-04-17","","117.28366025"
"POLITÉCNICO COLOMBIANO JAIME ISAZA CADAVID","2024-04-16","","150.17561918"
"POLITÉCNICO COLOMBIANO JAIME ISAZA CADAVID","2024-04-15","","131.43277183"
"POLITÉCNICO COLOMBIANO JAIME ISAZA CADAVID","2024-04-14","","102.83806385"
"POLITÉCNICO COLOMBIANO JAIME ISAZA CADAVID","2024-04-13","","100.97098995"
"POLITÉCNICO COLOMBIANO JAIME ISAZA CADAVID","2024-04-12","","41.94097139"
"POLITÉCNICO COLOMBIANO JAIME ISAZA CADAVID","2024-04-11","","113.84172676"
"POLITÉCNICO COLOMBIANO JAIME ISAZA CADAVID","2024-04-10","","106.62730109"
"POLITÉCNICO COLOMBIANO JAIME ISAZA CADAVID","2024-04-09","","42.34764522"
"POLITÉCNICO COLOMBIANO JAIME ISAZA CADAVID","2024-04-08","","132.569815"
"POLITÉCNICO COLOMBIANO JAIME ISAZA CADAVID","2024-04-07","","123.51084904"
"POLITÉCNICO COLOMBIANO JAIME ISAZA CADAVID","2024-04-06","","125.73183039"
"POLITÉCNICO COLOMBIANO JAIME ISAZA CADAVID","2024-04-05","","102.3817247"
"POLITÉCNICO COLOMBIANO JAIME ISAZA CADAVID","2024-04-04","","148.98765083"
"POLITÉCNICO COLOMBIANO JAIME ISAZA CADAVID","2024-04-03","","151.39106333"
"POLITÉCNICO COLOMBIANO JAIME ISAZA CADAVID","2024-04-02","","162.95294621"
"POLITÉCNICO COLOMBIANO JAIME ISAZA CADAVID","2024-04-01","","135.51328078"
"POLITÉCNICO COLOMBIANO JAIME ISAZA CADAVID","2024-03-31","","172.885262"
"POLITÉCNICO COLOMBIANO JAIME ISAZA CADAVID","2024-03-30","","85.58739508"
"POLITÉCNICO COLOMBIANO JAIME ISAZA CADAVID","2024-03-29","","116.47750138"
"POLITÉCNICO COLOMBIANO JAIME ISAZA CADAVID","2024-03-28","","144.39660553"
"POLITÉCNICO COLOMBIANO JAIME ISAZA CADAVID","2024-03-27","","144.73727598"
"POLITÉCNICO COLOMBIANO JAIME ISAZA CADAVID","2024-03-26","","151.02684726"
"POLITÉCNICO COLOMBIANO JAIME ISAZA CADAVID","2024-03-25","","131.59042159"
"POLITÉCNICO COLOMBIANO JAIME ISAZA CADAVID","2024-03-24","","108.16148426"
"POLITÉCNICO COLOMBIANO JAIME ISAZA CADAVID","2024-03-23","","68.88133689"
"POLITÉCNICO COLOMBIANO JAIME ISAZA CADAVID","2024-03-22","","119.3783728"
"POLITÉCNICO COLOMBIANO JAIME ISAZA CADAVID","2024-03-21","","114.90867937"
"POLITÉCNICO COLOMBIANO JAIME ISAZA CADAVID","2024-03-20","","128.63722541"
"POLITÉCNICO COLOMBIANO JAIME ISAZA CADAVID","2024-03-19","","186.39297807"
"POLITÉCNICO COLOMBIANO JAIME ISAZA CADAVID","2024-03-18","","108.76302526"
"POLITÉCNICO COLOMBIANO JAIME ISAZA CADAVID","2024-03-17","","92.94668013"
"POLITÉCNICO COLOMBIANO JAIME ISAZA CADAVID","2024-03-16","","88.6779913"
"POLITÉCNICO COLOMBIANO JAIME ISAZA CADAVID","2024-03-15","","106.97222978"
"POLITÉCNICO COLOMBIANO JAIME ISAZA CADAVID","2024-03-14","","68.35168134"
"POLITÉCNICO COLOMBIANO JAIME ISAZA CADAVID","2024-03-13","","128.97470012"
"POLITÉCNICO COLOMBIANO JAIME ISAZA CADAVID","2024-03-12","","64.09528862"
"POLITÉCNICO COLOMBIANO JAIME ISAZA CADAVID","2024-03-11","","141.06408833"
"POLITÉCNICO COLOMBIANO JAIME ISAZA CADAVID","2024-03-10","","112.24129345"
"POLITÉCNICO COLOMBIANO JAIME ISAZA CADAVID","2024-03-09","","96.86885441"
"POLITÉCNICO COLOMBIANO JAIME ISAZA CADAVID","2024-03-08","","109.73882984"
"POLITÉCNICO COLOMBIANO JAIME ISAZA CADAVID","2024-03-07","","84.98394306"
"POLITÉCNICO COLOMBIANO JAIME ISAZA CADAVID","2024-03-06","","82.04440064"
"POLITÉCNICO COLOMBIANO JAIME ISAZA CADAVID","2024-03-05","","67.56273249"
"POLITÉCNICO COLOMBIANO JAIME ISAZA CADAVID","2024-03-04","","135.65398162"
"POLITÉCNICO COLOMBIANO JAIME ISAZA CADAVID","2024-03-03","","135.39885093"
"POLITÉCNICO COLOMBIANO JAIME ISAZA CADAVID","2024-03-02","","103.50941141"
"POLITÉCNICO COLOMBIANO JAIME ISAZA CADAVID","2024-03-01","","83.58254859"
"POLITÉCNICO COLOMBIANO JAIME ISAZA CADAVID","2024-02-29","","71.37883702"
"POLITÉCNICO COLOMBIANO JAIME ISAZA CADAVID","2024-02-28","","61.98788988"
"POLITÉCNICO COLOMBIANO JAIME ISAZA CADAVID","2024-02-27","","103.18878449"
"POLITÉCNICO COLOMBIANO JAIME ISAZA CADAVID","2024-02-26","","140.14217526"
"POLITÉCNICO COLOMBIANO JAIME ISAZA CADAVID","2024-02-25","","81.61622989"
"POLITÉCNICO COLOMBIANO JAIME ISAZA CADAVID","2024-02-24","","39.15702825"
"POLITÉCNICO COLOMBIANO JAIME ISAZA CADAVID","2024-02-23","","67.40332918"
"POLITÉCNICO COLOMBIANO JAIME ISAZA CADAVID","2024-02-22","","82.32192144"
"POLITÉCNICO COLOMBIANO JAIME ISAZA CADAVID","2024-02-21","","106.31783901"
"POLITÉCNICO COLOMBIANO JAIME ISAZA CADAVID","2024-02-20","","76.05188685"
"POLITÉCNICO COLOMBIANO JAIME ISAZA CADAVID","2024-02-19","","140.4504391"
"POLITÉCNICO COLOMBIANO JAIME ISAZA CADAVID","2024-02-18","","119.71184053"
"POLITÉCNICO COLOMBIANO JAIME ISAZA CADAVID","2024-02-17","","154.83186506"
"POLITÉCNICO COLOMBIANO JAIME ISAZA CADAVID","2024-02-16","","80.78954928"
"POLITÉCNICO COLOMBIANO JAIME ISAZA CADAVID","2024-02-15","","121.98279157"
"POLITÉCNICO COLOMBIANO JAIME ISAZA CADAVID","2024-02-14","","146.81912261"
"POLITÉCNICO COLOMBIANO JAIME ISAZA CADAVID","2024-02-13","","101.2000045"
"POLITÉCNICO COLOMBIANO JAIME ISAZA CADAVID","2024-02-12","","150.02740313"
"POLITÉCNICO COLOMBIANO JAIME ISAZA CADAVID","2024-02-11","","93.31181375"
"POLITÉCNICO COLOMBIANO JAIME ISAZA CADAVID","2024-02-10","","131.87789869"
"POLITÉCNICO COLOMBIANO JAIME ISAZA CADAVID","2024-02-09","","85.85008182"
"POLITÉCNICO COLOMBIANO JAIME ISAZA CADAVID","2024-02-08","","161.14786312"
"POLITÉCNICO COLOMBIANO JAIME ISAZA CADAVID","2024-02-07","","115.76660192"
"POLITÉCNICO COLOMBIANO JAIME ISAZA CADAVID","2024-02-06","","115.27851689"
"POLITÉCNICO COLOMBIANO JAIME ISAZA CADAVID","2024-02-05","","207.95262615"
"POLITÉCNICO COLOMBIANO JAIME ISAZA CADAVID","2024-02-04","","164.43237343"
"POLITÉCNICO COLOMBIANO JAIME ISAZA CADAVID","2024-02-03","","150.34397438"
"POLITÉCNICO COLOMBIANO JAIME ISAZA CADAVID","2024-02-02","","136.6957582"
"POLITÉCNICO COLOMBIANO JAIME ISAZA CADAVID","2024-02-01","","130.03998802"
"POLITÉCNICO COLOMBIANO JAIME ISAZA CADAVID","2024-01-31","","105.98265347"
"POLITÉCNICO COLOMBIANO JAIME ISAZA CADAVID","2024-01-30","","123.94078337"
"POLITÉCNICO COLOMBIANO JAIME ISAZA CADAVID","2024-01-29","","160.7369036"
"POLITÉCNICO COLOMBIANO JAIME ISAZA CADAVID","2024-01-28","","194.19071305"
"POLITÉCNICO COLOMBIANO JAIME ISAZA CADAVID","2024-01-27","","182.43069303"
"POLITÉCNICO COLOMBIANO JAIME ISAZA CADAVID","2024-01-26","","139.702784"
"POLITÉCNICO COLOMBIANO JAIME ISAZA CADAVID","2024-01-25","","162.4389528"
"POLITÉCNICO COLOMBIANO JAIME ISAZA CADAVID","2024-01-24","","74.24168097"
"POLITÉCNICO COLOMBIANO JAIME ISAZA CADAVID","2023-12-14","","63.5884579"
"POLITÉCNICO COLOMBIANO JAIME ISAZA CADAVID","2023-12-13","","104.96718059"
"POLITÉCNICO COLOMBIANO JAIME ISAZA CADAVID","2023-12-12","","49.22223669"
"POLITÉCNICO COLOMBIANO JAIME ISAZA CADAVID","2023-12-11","","109.28326728"
"POLITÉCNICO COLOMBIANO JAIME ISAZA CADAVID","2023-12-10","","57.05814333"
"POLITÉCNICO COLOMBIANO JAIME ISAZA CADAVID","2023-12-09","","122.6843767"
"POLITÉCNICO COLOMBIANO JAIME ISAZA CADAVID","2023-12-08","","78.71417127"
"POLITÉCNICO COLOMBIANO JAIME ISAZA CADAVID","2023-12-07","","149.06389804"
"POLITÉCNICO COLOMBIANO JAIME ISAZA CADAVID","2023-12-06","","96.19512526"
"POLITÉCNICO COLOMBIANO JAIME ISAZA CADAVID","2023-12-05","","73.10471129"
"POLITÉCNICO COLOMBIANO JAIME ISAZA CADAVID","2023-12-04","","55.70723098"
"POLITÉCNICO COLOMBIANO JAIME ISAZA CADAVID","2023-12-03","","48.46060997"
"POLITÉCNICO COLOMBIANO JAIME ISAZA CADAVID","2023-12-02","","81.24103726"
"POLITÉCNICO COLOMBIANO JAIME ISAZA CADAVID","2023-12-01","","112.06623358"
"POLITÉCNICO COLOMBIANO JAIME ISAZA CADAVID","2023-11-30","","51.08280666"
"POLITÉCNICO COLOMBIANO JAIME ISAZA CADAVID","2023-11-29","","122.94956908"
"POLITÉCNICO COLOMBIANO JAIME ISAZA CADAVID","2023-11-28","","147.07973181"
"POLITÉCNICO COLOMBIANO JAIME ISAZA CADAVID","2023-11-27","","109.88347918"
"POLITÉCNICO COLOMBIANO JAIME ISAZA CADAVID","2023-11-26","","111.52997201"
"POLITÉCNICO COLOMBIANO JAIME ISAZA CADAVID","2023-11-25","","127.04563852"
"POLITÉCNICO COLOMBIANO JAIME ISAZA CADAVID","2023-11-24","","149.45360396"
"POLITÉCNICO COLOMBIANO JAIME ISAZA CADAVID","2023-11-23","","72.49355303"
"POLITÉCNICO COLOMBIANO JAIME ISAZA CADAVID","2023-11-22","","109.1665614"
"POLITÉCNICO COLOMBIANO JAIME ISAZA CADAVID","2023-11-21","","150.63732512"
"POLITÉCNICO COLOMBIANO JAIME ISAZA CADAVID","2023-11-20","","135.80183868"
"POLITÉCNICO COLOMBIANO JAIME ISAZA CADAVID","2023-11-19","","159.19544987"
"POLITÉCNICO COLOMBIANO JAIME ISAZA CADAVID","2023-11-18","","199.01743696"
"POLITÉCNICO COLOMBIANO JAIME ISAZA CADAVID","2023-11-17","","156.74819056"
"POLITÉCNICO COLOMBIANO JAIME ISAZA CADAVID","2023-11-16","","193.90931396"
"POLITÉCNICO COLOMBIANO JAIME ISAZA CADAVID","2023-11-15","","206.59492294"
"POLITÉCNICO COLOMBIANO JAIME ISAZA CADAVID","2023-11-14","","179.82699289"
"POLITÉCNICO COLOMBIANO JAIME ISAZA CADAVID","2023-11-13","","107.93035203"
"POLITÉCNICO COLOMBIANO JAIME ISAZA CADAVID","2023-11-12","","119.67601074"
"POLITÉCNICO COLOMBIANO JAIME ISAZA CADAVID","2023-11-11","","133.28816812"
"POLITÉCNICO COLOMBIANO JAIME ISAZA CADAVID","2023-11-10","","96.67996838"
"POLITÉCNICO COLOMBIANO JAIME ISAZA CADAVID","2023-11-09","","122.56479523"
"POLITÉCNICO COLOMBIANO JAIME ISAZA CADAVID","2023-11-08","","158.61964215"
"POLITÉCNICO COLOMBIANO JAIME ISAZA CADAVID","2023-11-07","","74.98218278"
"POLITÉCNICO COLOMBIANO JAIME ISAZA CADAVID","2023-11-06","","148.76993634"
"POLITÉCNICO COLOMBIANO JAIME ISAZA CADAVID","2023-11-05","","155.72593487"
"POLITÉCNICO COLOMBIANO JAIME ISAZA CADAVID","2023-11-04","","111.0861841"
"POLITÉCNICO COLOMBIANO JAIME ISAZA CADAVID","2023-11-03","","158.09707714"
"POLITÉCNICO COLOMBIANO JAIME ISAZA CADAVID","2023-11-02","","146.30087906"
"POLITÉCNICO COLOMBIANO JAIME ISAZA CADAVID","2023-11-01","","154.08669996"
"POLITÉCNICO COLOMBIANO JAIME ISAZA CADAVID","2023-10-31","","154.96789094"
"POLITÉCNICO COLOMBIANO JAIME ISAZA CADAVID","2023-10-30","","120.77809065"
"POLITÉCNICO COLOMBIANO JAIME ISAZA CADAVID","2023-10-29","","155.64958706"
"POLITÉCNICO COLOMBIANO JAIME ISAZA CADAVID","2023-10-28","","198.39998038"
"POLITÉCNICO COLOMBIANO JAIME ISAZA CADAVID","2023-10-27","","212.72119234"
"POLITÉCNICO COLOMBIANO JAIME ISAZA CADAVID","2023-10-26","","180.12229083"
"POLITÉCNICO COLOMBIANO JAIME ISAZA CADAVID","2023-10-25","","151.46561228"
"POLITÉCNICO COLOMBIANO JAIME ISAZA CADAVID","2023-10-24","","194.00247458"
"POLITÉCNICO COLOMBIANO JAIME ISAZA CADAVID","2023-10-23","","108.87830051"
"POLITÉCNICO COLOMBIANO JAIME ISAZA CADAVID","2023-10-22","","121.23213479"
"POLITÉCNICO COLOMBIANO JAIME ISAZA CADAVID","2023-10-21","","146.68478363"
"POLITÉCNICO COLOMBIANO JAIME ISAZA CADAVID","2023-10-20","","174.04338076"
"POLITÉCNICO COLOMBIANO JAIME ISAZA CADAVID","2023-10-19","","173.14807888"
"POLITÉCNICO COLOMBIANO JAIME ISAZA CADAVID","2023-10-18","","123.08032996"
"POLITÉCNICO COLOMBIANO JAIME ISAZA CADAVID","2023-10-17","","131.81810358"
"POLITÉCNICO COLOMBIANO JAIME ISAZA CADAVID","2023-10-16","","99.18642817"
"POLITÉCNICO COLOMBIANO JAIME ISAZA CADAVID","2023-10-15","","106.39867873"
"POLITÉCNICO COLOMBIANO JAIME ISAZA CADAVID","2023-10-14","","152.0279523"
"POLITÉCNICO COLOMBIANO JAIME ISAZA CADAVID","2023-10-13","","120.47605984"
"POLITÉCNICO COLOMBIANO JAIME ISAZA CADAVID","2023-10-12","","151.42079163"
"POLITÉCNICO COLOMBIANO JAIME ISAZA CADAVID","2023-10-11","","128.07494271"
"POLITÉCNICO COLOMBIANO JAIME ISAZA CADAVID","2023-10-10","","129.43846987"
"POLITÉCNICO COLOMBIANO JAIME ISAZA CADAVID","2023-10-09","","164.25062341"
"POLITÉCNICO COLOMBIANO JAIME ISAZA CADAVID","2023-10-08","","170.85134803"
"POLITÉCNICO COLOMBIANO JAIME ISAZA CADAVID","2023-10-07","","109.33343513"
"POLITÉCNICO COLOMBIANO JAIME ISAZA CADAVID","2023-10-06","","158.91987138"
"POLITÉCNICO COLOMBIANO JAIME ISAZA CADAVID","2023-10-05","","122.10183066"
"POLITÉCNICO COLOMBIANO JAIME ISAZA CADAVID","2023-10-04","","188.24302051"
"POLITÉCNICO COLOMBIANO JAIME ISAZA CADAVID","2023-10-03","","174.01800303"
"POLITÉCNICO COLOMBIANO JAIME ISAZA CADAVID","2023-10-02","","124.68582096"
"POLITÉCNICO COLOMBIANO JAIME ISAZA CADAVID","2023-10-01","","164.04435378"
"POLITÉCNICO COLOMBIANO JAIME ISAZA CADAVID","2023-09-30","","110.70560546"
"POLITÉCNICO COLOMBIANO JAIME ISAZA CADAVID","2023-09-29","","125.57275848"
"POLITÉCNICO COLOMBIANO JAIME ISAZA CADAVID","2023-09-28","","117.94215713"
"POLITÉCNICO COLOMBIANO JAIME ISAZA CADAVID","2023-09-27","","77.31445918"
"POLITÉCNICO COLOMBIANO JAIME ISAZA CADAVID","2023-09-26","","155.86764747"
"POLITÉCNICO COLOMBIANO JAIME ISAZA CADAVID","2023-09-25","","151.11449082"
"POLITÉCNICO COLOMBIANO JAIME ISAZA CADAVID","2023-09-24","","134.35515441"
"POLITÉCNICO COLOMBIANO JAIME ISAZA CADAVID","2023-09-23","","192.55302599"
"POLITÉCNICO COLOMBIANO JAIME ISAZA CADAVID","2023-09-22","","156.41577083"
"POLITÉCNICO COLOMBIANO JAIME ISAZA CADAVID","2023-09-21","","139.01311136"
"POLITÉCNICO COLOMBIANO JAIME ISAZA CADAVID","2023-09-20","","115.53072017"
"POLITÉCNICO COLOMBIANO JAIME ISAZA CADAVID","2023-09-19","","107.77391549"
"POLITÉCNICO COLOMBIANO JAIME ISAZA CADAVID","2023-09-18","","156.49737746"
"POLITÉCNICO COLOMBIANO JAIME ISAZA CADAVID","2023-09-17","","155.11220705"
"POLITÉCNICO COLOMBIANO JAIME ISAZA CADAVID","2023-09-16","","107.65696457"
"POLITÉCNICO COLOMBIANO JAIME ISAZA CADAVID","2023-09-15","","93.93066718"
"POLITÉCNICO COLOMBIANO JAIME ISAZA CADAVID","2023-09-14","","191.75909114"
"POLITÉCNICO COLOMBIANO JAIME ISAZA CADAVID","2023-09-13","","123.43524131"
"POLITÉCNICO COLOMBIANO JAIME ISAZA CADAVID","2023-09-12","","90.91227453"
"POLITÉCNICO COLOMBIANO JAIME ISAZA CADAVID","2023-09-11","","88.65802982"
"POLITÉCNICO COLOMBIANO JAIME ISAZA CADAVID","2023-09-10","","176.00156683"
"POLITÉCNICO COLOMBIANO JAIME ISAZA CADAVID","2023-09-09","","150.81909577"
"POLITÉCNICO COLOMBIANO JAIME ISAZA CADAVID","2023-09-08","","81.11163465"
"POLITÉCNICO COLOMBIANO JAIME ISAZA CADAVID","2023-09-07","","169.61946347"
"POLITÉCNICO COLOMBIANO JAIME ISAZA CADAVID","2023-09-06","","134.50323369"
"POLITÉCNICO COLOMBIANO JAIME ISAZA CADAVID","2023-09-05","","101.98404037"
"POLITÉCNICO COLOMBIANO JAIME ISAZA CADAVID","2023-09-04","","115.9976485"
"POLITÉCNICO COLOMBIANO JAIME ISAZA CADAVID","2023-09-03","","192.70190967"
"POLITÉCNICO COLOMBIANO JAIME ISAZA CADAVID","2023-09-02","","113.92712229"
"POLITÉCNICO COLOMBIANO JAIME ISAZA CADAVID","2023-09-01","","101.13884564"
"POLITÉCNICO COLOMBIANO JAIME ISAZA CADAVID","2023-08-31","","127.13419827"
"POLITÉCNICO COLOMBIANO JAIME ISAZA CADAVID","2023-08-30","","122.90590297"
"POLITÉCNICO COLOMBIANO JAIME ISAZA CADAVID","2023-08-29","","107.03393759"
"POLITÉCNICO COLOMBIANO JAIME ISAZA CADAVID","2023-08-28","","76.14778403"
"POLITÉCNICO COLOMBIANO JAIME ISAZA CADAVID","2023-08-27","","101.81392451"
"POLITÉCNICO COLOMBIANO JAIME ISAZA CADAVID","2023-08-26","","82.06368454"
"POLITÉCNICO COLOMBIANO JAIME ISAZA CADAVID","2023-08-25","","71.56200124"
"POLITÉCNICO COLOMBIANO JAIME ISAZA CADAVID","2023-08-24","","140.49529316"
"POLITÉCNICO COLOMBIANO JAIME ISAZA CADAVID","2023-08-23","","156.18050764"
"POLITÉCNICO COLOMBIANO JAIME ISAZA CADAVID","2023-08-22","","172.64947913"
"POLITÉCNICO COLOMBIANO JAIME ISAZA CADAVID","2023-08-21","","169.08965175"
"POLITÉCNICO COLOMBIANO JAIME ISAZA CADAVID","2023-08-20","","196.39604318"
"POLITÉCNICO COLOMBIANO JAIME ISAZA CADAVID","2023-08-19","","93.92027362"
"POLITÉCNICO COLOMBIANO JAIME ISAZA CADAVID","2023-08-18","","203.81180306"
"POLITÉCNICO COLOMBIANO JAIME ISAZA CADAVID","2023-08-17","","132.83540969"
"POLITÉCNICO COLOMBIANO JAIME ISAZA CADAVID","2023-08-16","","110.75959325"
"POLITÉCNICO COLOMBIANO JAIME ISAZA CADAVID","2023-08-15","","184.5514155"
"POLITÉCNICO COLOMBIANO JAIME ISAZA CADAVID","2023-08-14","","96.49602851"
"POLITÉCNICO COLOMBIANO JAIME ISAZA CADAVID","2023-08-13","","127.24046316"
"POLITÉCNICO COLOMBIANO JAIME ISAZA CADAVID","2023-08-12","","73.31095655"
"POLITÉCNICO COLOMBIANO JAIME ISAZA CADAVID","2023-08-11","","114.22899049"
"POLITÉCNICO COLOMBIANO JAIME ISAZA CADAVID","2023-08-10","","95.81382624"
"POLITÉCNICO COLOMBIANO JAIME ISAZA CADAVID","2023-08-09","","144.22554924"
"POLITÉCNICO COLOMBIANO JAIME ISAZA CADAVID","2023-08-08","","93.93160358"
"POLITÉCNICO COLOMBIANO JAIME ISAZA CADAVID","2023-08-07","","103.02742084"
"POLITÉCNICO COLOMBIANO JAIME ISAZA CADAVID","2023-08-06","","81.60385941"
"POLITÉCNICO COLOMBIANO JAIME ISAZA CADAVID","2023-08-05","","86.00537176"
"POLITÉCNICO COLOMBIANO JAIME ISAZA CADAVID","2023-08-04","","132.9667232"
"POLITÉCNICO COLOMBIANO JAIME ISAZA CADAVID","2023-08-03","","32.14298927"
"POLITÉCNICO COLOMBIANO JAIME ISAZA CADAVID","2023-08-02","","92.35256291"
"POLITÉCNICO COLOMBIANO JAIME ISAZA CADAVID","2023-08-01","","133.05500518"
"POLITÉCNICO COLOMBIANO JAIME ISAZA CADAVID","2023-07-31","","95.32628808"
"POLITÉCNICO COLOMBIANO JAIME ISAZA CADAVID","2023-07-30","","128.27957187"
"POLITÉCNICO COLOMBIANO JAIME ISAZA CADAVID","2023-07-29","","132.03119368"
"POLITÉCNICO COLOMBIANO JAIME ISAZA CADAVID","2023-07-28","","93.84216715"
"POLITÉCNICO COLOMBIANO JAIME ISAZA CADAVID","2023-07-27","","135.05051109"
"POLITÉCNICO COLOMBIANO JAIME ISAZA CADAVID","2023-07-26","","124.34317379"
"POLITÉCNICO COLOMBIANO JAIME ISAZA CADAVID","2023-07-25","","114.78258369"
"POLITÉCNICO COLOMBIANO JAIME ISAZA CADAVID","2023-07-24","","117.84986614"
"POLITÉCNICO COLOMBIANO JAIME ISAZA CADAVID","2023-07-23","","107.85049579"
"POLITÉCNICO COLOMBIANO JAIME ISAZA CADAVID","2023-07-22","","131.14689115"
"POLITÉCNICO COLOMBIANO JAIME ISAZA CADAVID","2023-07-21","","122.05854002"
"POLITÉCNICO COLOMBIANO JAIME ISAZA CADAVID","2023-07-20","","147.96499373"
"POLITÉCNICO COLOMBIANO JAIME ISAZA CADAVID","2023-07-19","","110.7307428"
"POLITÉCNICO COLOMBIANO JAIME ISAZA CADAVID","2023-07-18","","103.42324462"
"POLITÉCNICO COLOMBIANO JAIME ISAZA CADAVID","2023-07-17","","149.015595"
"POLITÉCNICO COLOMBIANO JAIME ISAZA CADAVID","2023-07-16","","86.5072074"
"POLITÉCNICO COLOMBIANO JAIME ISAZA CADAVID","2023-07-15","","127.71385867"
"POLITÉCNICO COLOMBIANO JAIME ISAZA CADAVID","2023-07-14","","188.81680518"
"POLITÉCNICO COLOMBIANO JAIME ISAZA CADAVID","2023-07-13","","107.03326039"
"POLITÉCNICO COLOMBIANO JAIME ISAZA CADAVID","2023-07-12","","126.0691134"
"POLITÉCNICO COLOMBIANO JAIME ISAZA CADAVID","2023-07-11","","89.71167115"
"POLITÉCNICO COLOMBIANO JAIME ISAZA CADAVID","2023-07-10","","132.72287132"
"POLITÉCNICO COLOMBIANO JAIME ISAZA CADAVID","2023-07-09","","88.56407024"
"POLITÉCNICO COLOMBIANO JAIME ISAZA CADAVID","2023-07-08","","132.90773586"
"POLITÉCNICO COLOMBIANO JAIME ISAZA CADAVID","2023-07-07","","154.86285861"
"POLITÉCNICO COLOMBIANO JAIME ISAZA CADAVID","2023-07-06","","172.88559828"
"POLITÉCNICO COLOMBIANO JAIME ISAZA CADAVID","2023-07-05","","130.97158694"
"POLITÉCNICO COLOMBIANO JAIME ISAZA CADAVID","2023-07-04","","144.34907345"
"POLITÉCNICO COLOMBIANO JAIME ISAZA CADAVID","2023-07-03","","151.45018751"
"POLITÉCNICO COLOMBIANO JAIME ISAZA CADAVID","2023-07-02","","156.75467206"
"POLITÉCNICO COLOMBIANO JAIME ISAZA CADAVID","2023-07-01","","108.46546415"
"POLITÉCNICO COLOMBIANO JAIME ISAZA CADAVID","2023-06-30","","118.36234072"
"POLITÉCNICO COLOMBIANO JAIME ISAZA CADAVID","2023-06-29","","167.33005508"
"POLITÉCNICO COLOMBIANO JAIME ISAZA CADAVID","2023-06-28","","138.37664836"
"POLITÉCNICO COLOMBIANO JAIME ISAZA CADAVID","2023-06-27","","69.53114131"
"POLITÉCNICO COLOMBIANO JAIME ISAZA CADAVID","2023-06-26","","101.3630831"
"POLITÉCNICO COLOMBIANO JAIME ISAZA CADAVID","2023-06-25","","117.64041902"
"POLITÉCNICO COLOMBIANO JAIME ISAZA CADAVID","2023-06-24","","189.57753194"
"POLITÉCNICO COLOMBIANO JAIME ISAZA CADAVID","2023-06-23","","121.60261628"
"POLITÉCNICO COLOMBIANO JAIME ISAZA CADAVID","2023-06-22","","111.095989"
"POLITÉCNICO COLOMBIANO JAIME ISAZA CADAVID","2023-06-21","","121.89319205"
"POLITÉCNICO COLOMBIANO JAIME ISAZA CADAVID","2023-06-20","","151.65850013"
"POLITÉCNICO COLOMBIANO JAIME ISAZA CADAVID","2023-06-19","","121.39933984"
"POLITÉCNICO COLOMBIANO JAIME ISAZA CADAVID","2023-06-18","","164.87087638"
"POLITÉCNICO COLOMBIANO JAIME ISAZA CADAVID","2023-06-17","","193.75566654"
"POLITÉCNICO COLOMBIANO JAIME ISAZA CADAVID","2023-06-16","","186.97316554"
"POLITÉCNICO COLOMBIANO JAIME ISAZA CADAVID","2023-06-15","","93.8499289"
"POLITÉCNICO COLOMBIANO JAIME ISAZA CADAVID","2023-06-14","","86.81834136"
"POLITÉCNICO COLOMBIANO JAIME ISAZA CADAVID","2023-06-13","","138.53276643"
"POLITÉCNICO COLOMBIANO JAIME ISAZA CADAVID","2023-06-12","","152.26929219"
"POLITÉCNICO COLOMBIANO JAIME ISAZA CADAVID","2023-06-11","","85.58090505"
"POLITÉCNICO COLOMBIANO JAIME ISAZA CADAVID","2023-06-10","","122.91556938"
"POLITÉCNICO COLOMBIANO JAIME ISAZA CADAVID","2023-06-09","","192.17602529"
"POLITÉCNICO COLOMBIANO JAIME ISAZA CADAVID","2023-06-08","","159.36455505"
"POLITÉCNICO COLOMBIANO JAIME ISAZA CADAVID","2023-06-07","","167.89821785"
"POLITÉCNICO COLOMBIANO JAIME ISAZA CADAVID","2023-06-06","","157.78938524"
"POLITÉCNICO COLOMBIANO JAIME ISAZA CADAVID","2023-06-05","","123.66760212"
"POLITÉCNICO COLOMBIANO JAIME ISAZA CADAVID","2023-06-04","","139.6163652"
"POLITÉCNICO COLOMBIANO JAIME ISAZA CADAVID","2023-06-03","","181.03307589"
"POLITÉCNICO COLOMBIANO JAIME ISAZA CADAVID","2023-06-02","","183.94073901"
"POLITÉCNICO COLOMBIANO JAIME ISAZA CADAVID","2023-06-01","","151.69288246"
"POLITÉCNICO COLOMBIANO JAIME ISAZA CADAVID","2023-05-31","","142.05989069"
"POLITÉCNICO COLOMBIANO JAIME ISAZA CADAVID","2023-05-30","","133.63248073"
"POLITÉCNICO COLOMBIANO JAIME ISAZA CADAVID","2023-05-29","","181.57432551"
"POLITÉCNICO COLOMBIANO JAIME ISAZA CADAVID","2023-05-28","","182.23634257"
"POLITÉCNICO COLOMBIANO JAIME ISAZA CADAVID","2023-05-27","","235.65949131"
"POLITÉCNICO COLOMBIANO JAIME ISAZA CADAVID","2023-05-26","","165.40243725"
"POLITÉCNICO COLOMBIANO JAIME ISAZA CADAVID","2023-05-25","","188.69561628"
"POLITÉCNICO COLOMBIANO JAIME ISAZA CADAVID","2023-05-24","","136.53746071"
"POLITÉCNICO COLOMBIANO JAIME ISAZA CADAVID","2023-05-23","","170.96770344"
"POLITÉCNICO COLOMBIANO JAIME ISAZA CADAVID","2023-05-22","","132.28765007"
"POLITÉCNICO COLOMBIANO JAIME ISAZA CADAVID","2023-05-21","","174.41155843"
"POLITÉCNICO COLOMBIANO JAIME ISAZA CADAVID","2023-05-20","","154.5793257"
"POLITÉCNICO COLOMBIANO JAIME ISAZA CADAVID","2023-05-19","","101.09468683"
"POLITÉCNICO COLOMBIANO JAIME ISAZA CADAVID","2023-05-18","","112.14563164"
"POLITÉCNICO COLOMBIANO JAIME ISAZA CADAVID","2023-05-17","","141.76076534"
"POLITÉCNICO COLOMBIANO JAIME ISAZA CADAVID","2023-05-16","","181.00246745"
"POLITÉCNICO COLOMBIANO JAIME ISAZA CADAVID","2023-05-15","","71.82961226"
"POLITÉCNICO COLOMBIANO JAIME ISAZA CADAVID","2023-05-14","","114.16918289"
"POLITÉCNICO COLOMBIANO JAIME ISAZA CADAVID","2023-05-13","","66.04204689"
"POLITÉCNICO COLOMBIANO JAIME ISAZA CADAVID","2023-05-12","","127.25386546"
"POLITÉCNICO COLOMBIANO JAIME ISAZA CADAVID","2023-05-11","","157.49410429"
"POLITÉCNICO COLOMBIANO JAIME ISAZA CADAVID","2023-05-10","","148.21863696"
"POLITÉCNICO COLOMBIANO JAIME ISAZA CADAVID","2023-05-09","","191.24928329"
"POLITÉCNICO COLOMBIANO JAIME ISAZA CADAVID","2023-05-08","","107.85332772"
"POLITÉCNICO COLOMBIANO JAIME ISAZA CADAVID","2023-05-07","","76.46247254"
"POLITÉCNICO COLOMBIANO JAIME ISAZA CADAVID","2023-05-06","","78.39396168"
"POLITÉCNICO COLOMBIANO JAIME ISAZA CADAVID","2023-05-05","","104.38004407"
"POLITÉCNICO COLOMBIANO JAIME ISAZA CADAVID","2023-05-04","","141.28987907"
"POLITÉCNICO COLOMBIANO JAIME ISAZA CADAVID","2023-05-03","","154.1916126"
"POLITÉCNICO COLOMBIANO JAIME ISAZA CADAVID","2023-05-02","","110.49942803"
"POLITÉCNICO COLOMBIANO JAIME ISAZA CADAVID","2023-05-01","","135.82902133"
"POLITÉCNICO COLOMBIANO JAIME ISAZA CADAVID","2023-04-30","","152.51846625"
"POLITÉCNICO COLOMBIANO JAIME ISAZA CADAVID","2023-04-29","","163.38070979"
"POLITÉCNICO COLOMBIANO JAIME ISAZA CADAVID","2023-04-28","","162.80535557"
"POLITÉCNICO COLOMBIANO JAIME ISAZA CADAVID","2023-04-27","","63.39607596"
"POLITÉCNICO COLOMBIANO JAIME ISAZA CADAVID","2023-04-26","","157.79827495"
"POLITÉCNICO COLOMBIANO JAIME ISAZA CADAVID","2023-04-25","","103.32922367"
"POLITÉCNICO COLOMBIANO JAIME ISAZA CADAVID","2023-04-24","","124.57587068"
"POLITÉCNICO COLOMBIANO JAIME ISAZA CADAVID","2023-04-23","","157.94340396"
"POLITÉCNICO COLOMBIANO JAIME ISAZA CADAVID","2023-04-22","","169.86411037"
"POLITÉCNICO COLOMBIANO JAIME ISAZA CADAVID","2023-04-21","","159.49182856"
"POLITÉCNICO COLOMBIANO JAIME ISAZA CADAVID","2023-04-20","","109.75842654"
"POLITÉCNICO COLOMBIANO JAIME ISAZA CADAVID","2023-04-19","","84.48431532"
"POLITÉCNICO COLOMBIANO JAIME ISAZA CADAVID","2023-04-18","","134.10773275"
"POLITÉCNICO COLOMBIANO JAIME ISAZA CADAVID","2023-04-17","","151.81873038"
"POLITÉCNICO COLOMBIANO JAIME ISAZA CADAVID","2023-04-16","","160.28240168"
"POLITÉCNICO COLOMBIANO JAIME ISAZA CADAVID","2023-04-15","","158.91362106"
"POLITÉCNICO COLOMBIANO JAIME ISAZA CADAVID","2023-04-14","","149.84192875"
"POLITÉCNICO COLOMBIANO JAIME ISAZA CADAVID","2023-04-13","","149.87222773"
"POLITÉCNICO COLOMBIANO JAIME ISAZA CADAVID","2023-04-12","","163.44882417"
"POLITÉCNICO COLOMBIANO JAIME ISAZA CADAVID","2023-04-11","","129.04142595"
"POLITÉCNICO COLOMBIANO JAIME ISAZA CADAVID","2023-04-10","","130.11814183"
"POLITÉCNICO COLOMBIANO JAIME ISAZA CADAVID","2023-04-09","","66.56972104"
"POLITÉCNICO COLOMBIANO JAIME ISAZA CADAVID","2023-04-08","","142.64035081"
"POLITÉCNICO COLOMBIANO JAIME ISAZA CADAVID","2023-04-07","","132.99956933"
"POLITÉCNICO COLOMBIANO JAIME ISAZA CADAVID","2023-04-06","","147.82281164"
"POLITÉCNICO COLOMBIANO JAIME ISAZA CADAVID","2023-04-05","","99.7918607"
"POLITÉCNICO COLOMBIANO JAIME ISAZA CADAVID","2023-04-04","","131.32349506"
"POLITÉCNICO COLOMBIANO JAIME ISAZA CADAVID","2023-04-03","","140.76399312"
"POLITÉCNICO COLOMBIANO JAIME ISAZA CADAVID","2023-04-02","","141.60971992"
"POLITÉCNICO COLOMBIANO JAIME ISAZA CADAVID","2023-04-01","","151.82735869"
"POLITÉCNICO COLOMBIANO JAIME ISAZA CADAVID","2023-03-31","","111.57262904"
"POLITÉCNICO COLOMBIANO JAIME ISAZA CADAVID","2023-03-30","","108.08667439"
"POLITÉCNICO COLOMBIANO JAIME ISAZA CADAVID","2023-03-29","","139.02492972"
"POLITÉCNICO COLOMBIANO JAIME ISAZA CADAVID","2023-03-28","","144.48417372"
"POLITÉCNICO COLOMBIANO JAIME ISAZA CADAVID","2023-03-27","","202.9399442"
"POLITÉCNICO COLOMBIANO JAIME ISAZA CADAVID","2023-03-26","","161.6068324"
"POLITÉCNICO COLOMBIANO JAIME ISAZA CADAVID","2023-03-25","","182.59651924"
"POLITÉCNICO COLOMBIANO JAIME ISAZA CADAVID","2023-03-24","","164.33926317"
"POLITÉCNICO COLOMBIANO JAIME ISAZA CADAVID","2023-03-23","","104.59997097"
"POLITÉCNICO COLOMBIANO JAIME ISAZA CADAVID","2023-03-22","","178.19732625"
"POLITÉCNICO COLOMBIANO JAIME ISAZA CADAVID","2023-03-21","","130.67552262"
"POLITÉCNICO COLOMBIANO JAIME ISAZA CADAVID","2023-03-20","","136.28257731"
"POLITÉCNICO COLOMBIANO JAIME ISAZA CADAVID","2023-03-19","","145.87444841"
"POLITÉCNICO COLOMBIANO JAIME ISAZA CADAVID","2023-03-18","","142.73884177"
"POLITÉCNICO COLOMBIANO JAIME ISAZA CADAVID","2023-03-17","","140.11846235"
"POLITÉCNICO COLOMBIANO JAIME ISAZA CADAVID","2023-03-16","","186.87516707"
"POLITÉCNICO COLOMBIANO JAIME ISAZA CADAVID","2023-03-15","","172.72623776"
"POLITÉCNICO COLOMBIANO JAIME ISAZA CADAVID","2023-03-14","","186.30825095"
"POLITÉCNICO COLOMBIANO JAIME ISAZA CADAVID","2023-03-13","","201.46772139"
"POLITÉCNICO COLOMBIANO JAIME ISAZA CADAVID","2023-03-12","","116.96228905"
"POLITÉCNICO COLOMBIANO JAIME ISAZA CADAVID","2023-03-11","","192.7256753"
"POLITÉCNICO COLOMBIANO JAIME ISAZA CADAVID","2023-03-10","","148.84168993"
"POLITÉCNICO COLOMBIANO JAIME ISAZA CADAVID","2023-03-09","","175.46656412"
"POLITÉCNICO COLOMBIANO JAIME ISAZA CADAVID","2023-03-08","","160.20539148"
"POLITÉCNICO COLOMBIANO JAIME ISAZA CADAVID","2023-03-07","","173.5442973"
"POLITÉCNICO COLOMBIANO JAIME ISAZA CADAVID","2023-03-06","","120.36976478"
"POLITÉCNICO COLOMBIANO JAIME ISAZA CADAVID","2023-03-05","","185.96929297"
"POLITÉCNICO COLOMBIANO JAIME ISAZA CADAVID","2023-03-04","","151.3313101"
"POLITÉCNICO COLOMBIANO JAIME ISAZA CADAVID","2023-03-03","","102.48436543"
"POLITÉCNICO COLOMBIANO JAIME ISAZA CADAVID","2023-03-02","","65.4390924"
"POLITÉCNICO COLOMBIANO JAIME ISAZA CADAVID","2023-03-01","","56.63318952"
"POLITÉCNICO COLOMBIANO JAIME ISAZA CADAVID","2023-02-28","","82.48386969"
"POLITÉCNICO COLOMBIANO JAIME ISAZA CADAVID","2023-02-27","","153.42549839"
"POLITÉCNICO COLOMBIANO JAIME ISAZA CADAVID","2023-02-26","","137.77433054"
"POLITÉCNICO COLOMBIANO JAIME ISAZA CADAVID","2023-02-25","","48.06492686"
"POLITÉCNICO COLOMBIANO JAIME ISAZA CADAVID","2023-02-24","","95.1143178"
"POLITÉCNICO COLOMBIANO JAIME ISAZA CADAVID","2023-02-23","","120.02057588"
"POLITÉCNICO COLOMBIANO JAIME ISAZA CADAVID","2023-02-22","","185.43858632"
"POLITÉCNICO COLOMBIANO JAIME ISAZA CADAVID","2023-02-21","","158.6838753"
"POLITÉCNICO COLOMBIANO JAIME ISAZA CADAVID","2023-02-20","","161.33370055"
"POLITÉCNICO COLOMBIANO JAIME ISAZA CADAVID","2023-02-19","","111.43483043"
"POLITÉCNICO COLOMBIANO JAIME ISAZA CADAVID","2023-02-18","","106.22132448"
"POLITÉCNICO COLOMBIANO JAIME ISAZA CADAVID","2023-02-17","","126.65800456"
"POLITÉCNICO COLOMBIANO JAIME ISAZA CADAVID","2023-02-16","","157.28542725"
"POLITÉCNICO COLOMBIANO JAIME ISAZA CADAVID","2023-02-15","","83.7855199"
"POLITÉCNICO COLOMBIANO JAIME ISAZA CADAVID","2023-02-14","","85.48133351"
"POLITÉCNICO COLOMBIANO JAIME ISAZA CADAVID","2023-02-13","","31.15259271"
"POLITÉCNICO COLOMBIANO JAIME ISAZA CADAVID","2023-02-12","","124.58370981"
"POLITÉCNICO COLOMBIANO JAIME ISAZA CADAVID","2023-02-11","","44.71640278"
"POLITÉCNICO COLOMBIANO JAIME ISAZA CADAVID","2023-02-10","","102.83935635"
"POLITÉCNICO COLOMBIANO JAIME ISAZA CADAVID","2023-02-09","","96.42352373"
"POLITÉCNICO COLOMBIANO JAIME ISAZA CADAVID","2023-02-08","","143.92147717"
"POLITÉCNICO COLOMBIANO JAIME ISAZA CADAVID","2023-02-07","","138.45609283"
"POLITÉCNICO COLOMBIANO JAIME ISAZA CADAVID","2023-02-06","","114.91369088"
"POLITÉCNICO COLOMBIANO JAIME ISAZA CADAVID","2023-02-05","","116.09724301"
"POLITÉCNICO COLOMBIANO JAIME ISAZA CADAVID","2023-02-04","","208.43696219"
"POLITÉCNICO COLOMBIANO JAIME ISAZA CADAVID","2023-02-03","","154.01639576"
"POLITÉCNICO COLOMBIANO JAIME ISAZA CADAVID","2023-02-02","","86.98661401"
"POLITÉCNICO COLOMBIANO JAIME ISAZA CADAVID","2023-02-01","","78.99324577"
"POLITÉCNICO COLOMBIANO JAIME ISAZA CADAVID","2023-01-31","","61.93453126"
"POLITÉCNICO COLOMBIANO JAIME ISAZA CADAVID","2023-01-30","","100.19561089"
"POLITÉCNICO COLOMBIANO JAIME ISAZA CADAVID","2023-01-29","","121.45482046"
"POLITÉCNICO COLOMBIANO JAIME ISAZA CADAVID","2023-01-28","","89.45307371"
"POLITÉCNICO COLOMBIANO JAIME ISAZA CADAVID","2023-01-27","","114.27284698"
"POLITÉCNICO COLOMBIANO JAIME ISAZA CADAVID","2023-01-26","","75.59989779"
"POLITÉCNICO COLOMBIANO JAIME ISAZA CADAVID","2023-01-25","","90.28857016"
"POLITÉCNICO COLOMBIANO JAIME ISAZA CADAVID","2023-01-24","","119.5595153"
"POLITÉCNICO COLOMBIANO JAIME ISAZA CADAVID","2023-01-23","","103.88835245"
"POLITÉCNICO COLOMBIANO JAIME ISAZA CADAVID","2023-01-22","","53.07778569"
"POLITÉCNICO COLOMBIANO JAIME ISAZA CADAVID","2023-01-21","","144.21396539"
"POLITÉCNICO COLOMBIANO JAIME ISAZA CADAVID","2023-01-20","","117.58774093"
"POLITÉCNICO COLOMBIANO JAIME ISAZA CADAVID","2023-01-19","","69.42021468"
"POLITÉCNICO COLOMBIANO JAIME ISAZA CADAVID","2023-01-18","","175.0773741"
"POLITÉCNICO COLOMBIANO JAIME ISAZA CADAVID","2023-01-17","","170.23529991"
"POLITÉCNICO COLOMBIANO JAIME ISAZA CADAVID","2023-01-16","","155.92830808"
"POLITÉCNICO COLOMBIANO JAIME ISAZA CADAVID","2023-01-15","","116.07894402"
"POLITÉCNICO COLOMBIANO JAIME ISAZA CADAVID","2023-01-14","","152.17465896"
"POLITÉCNICO COLOMBIANO JAIME ISAZA CADAVID","2023-01-13","","200.19905688"
"POLITÉCNICO COLOMBIANO JAIME ISAZA CADAVID","2023-01-12","","174.30936667"
"POLITÉCNICO COLOMBIANO JAIME ISAZA CADAVID","2023-01-11","","163.41756322"
"POLITÉCNICO COLOMBIANO JAIME ISAZA CADAVID","2023-01-10","","186.55973614"
"POLITÉCNICO COLOMBIANO JAIME ISAZA CADAVID","2023-01-09","","146.80493013"
"POLITÉCNICO COLOMBIANO JAIME ISAZA CADAVID","2023-01-08","","136.23335483"
"POLITÉCNICO COLOMBIANO JAIME ISAZA CADAVID","2023-01-07","","106.19598444"
"POLITÉCNICO COLOMBIANO JAIME ISAZA CADAVID","2023-01-06","","183.28936108"
"POLITÉCNICO COLOMBIANO JAIME ISAZA CADAVID","2023-01-05","","129.00072353"
"POLITÉCNICO COLOMBIANO JAIME ISAZA CADAVID","2023-01-04","","145.9737577"
"POLITÉCNICO COLOMBIANO JAIME ISAZA CADAVID","2023-01-03","","199.67590249"
"POLITÉCNICO COLOMBIANO JAIME ISAZA CADAVID","2023-01-02","","166.62578559"
"POLITÉCNICO COLOMBIANO JAIME ISAZA CADAVID","2023-01-01","","163.72031393"
"POLITÉCNICO COLOMBIANO JAIME ISAZA CADAVID","2022-12-31","","115.24513246"
"POLITÉCNICO COLOMBIANO JAIME ISAZA CADAVID","2022-12-30","","179.24216018"
"POLITÉCNICO COLOMBIANO JAIME ISAZA CADAVID","2022-12-29","","91.68221943"
"POLITÉCNICO COLOMBIANO JAIME ISAZA CADAVID","2022-12-28","","123.92205895"
"POLITÉCNICO COLOMBIANO JAIME ISAZA CADAVID","2022-12-27","","211.17283368"
"POLITÉCNICO COLOMBIANO JAIME ISAZA CADAVID","2022-12-26","","175.34109772"
"POLITÉCNICO COLOMBIANO JAIME ISAZA CADAVID","2022-12-25","","129.31913796"
"POLITÉCNICO COLOMBIANO JAIME ISAZA CADAVID","2022-12-24","","153.4575802"
"POLITÉCNICO COLOMBIANO JAIME ISAZA CADAVID","2022-12-23","","120.53855129"
"POLITÉCNICO COLOMBIANO JAIME ISAZA CADAVID","2022-12-22","","73.29166007"
"POLITÉCNICO COLOMBIANO JAIME ISAZA CADAVID","2022-12-21","","125.39843687"
"POLITÉCNICO COLOMBIANO JAIME ISAZA CADAVID","2022-12-20","","74.58889991"
"POLITÉCNICO COLOMBIANO JAIME ISAZA CADAVID","2022-12-19","","67.44828041"
"POLITÉCNICO COLOMBIANO JAIME ISAZA CADAVID","2022-12-18","","154.9872154"
"POLITÉCNICO COLOMBIANO JAIME ISAZA CADAVID","2022-12-17","","114.25706398"
"POLITÉCNICO COLOMBIANO JAIME ISAZA CADAVID","2022-12-16","","63.852675"
"POLITÉCNICO COLOMBIANO JAIME ISAZA CADAVID","2022-12-15","","126.34387192"
"POLITÉCNICO COLOMBIANO JAIME ISAZA CADAVID","2022-12-14","","96.64215748"
"POLITÉCNICO COLOMBIANO JAIME ISAZA CADAVID","2022-12-13","","200.6972526"
"POLITÉCNICO COLOMBIANO JAIME ISAZA CADAVID","2022-12-12","","184.3464378"
"POLITÉCNICO COLOMBIANO JAIME ISAZA CADAVID","2022-12-11","","234.60401107"
"POLITÉCNICO COLOMBIANO JAIME ISAZA CADAVID","2022-12-10","","134.50932884"
"POLITÉCNICO COLOMBIANO JAIME ISAZA CADAVID","2022-12-09","","115.89529156"
"POLITÉCNICO COLOMBIANO JAIME ISAZA CADAVID","2022-12-08","","182.49580431"
"POLITÉCNICO COLOMBIANO JAIME ISAZA CADAVID","2022-12-07","","125.35782368"
"POLITÉCNICO COLOMBIANO JAIME ISAZA CADAVID","2022-12-06","","84.31912013"
"POLITÉCNICO COLOMBIANO JAIME ISAZA CADAVID","2022-12-02","","92.18731102"
"POLITÉCNICO COLOMBIANO JAIME ISAZA CADAVID","2022-12-01","","114.2849737"
"POLITÉCNICO COLOMBIANO JAIME ISAZA CADAVID","2022-11-30","","107.49066887"
"POLITÉCNICO COLOMBIANO JAIME ISAZA CADAVID","2022-11-29","","178.40349117"
"POLITÉCNICO COLOMBIANO JAIME ISAZA CADAVID","2022-11-28","","146.26492427"
"POLITÉCNICO COLOMBIANO JAIME ISAZA CADAVID","2022-11-27","","178.76413049"
"POLITÉCNICO COLOMBIANO JAIME ISAZA CADAVID","2022-11-26","","150.48811046"
"POLITÉCNICO COLOMBIANO JAIME ISAZA CADAVID","2022-11-25","","149.50168697"
"POLITÉCNICO COLOMBIANO JAIME ISAZA CADAVID","2022-11-24","","134.70275184"
"POLITÉCNICO COLOMBIANO JAIME ISAZA CADAVID","2022-11-23","","169.41390524"
"POLITÉCNICO COLOMBIANO JAIME ISAZA CADAVID","2022-11-22","","181.07123405"
"POLITÉCNICO COLOMBIANO JAIME ISAZA CADAVID","2022-11-21","","117.82088333"
"POLITÉCNICO COLOMBIANO JAIME ISAZA CADAVID","2022-11-20","","161.64856224"
"POLITÉCNICO COLOMBIANO JAIME ISAZA CADAVID","2022-11-19","","160.17635583"
"POLITÉCNICO COLOMBIANO JAIME ISAZA CADAVID","2022-11-18","","127.77433304"
"POLITÉCNICO COLOMBIANO JAIME ISAZA CADAVID","2022-11-17","","178.73756061"
"POLITÉCNICO COLOMBIANO JAIME ISAZA CADAVID","2022-11-16","","161.52140254"
"POLITÉCNICO COLOMBIANO JAIME ISAZA CADAVID","2022-11-15","","166.96314804"
"POLITÉCNICO COLOMBIANO JAIME ISAZA CADAVID","2022-11-14","","128.77865957"
"POLITÉCNICO COLOMBIANO JAIME ISAZA CADAVID","2022-11-13","","166.7014992"
"POLITÉCNICO COLOMBIANO JAIME ISAZA CADAVID","2022-11-12","","139.94808617"
"POLITÉCNICO COLOMBIANO JAIME ISAZA CADAVID","2022-11-11","","124.67480097"
"POLITÉCNICO COLOMBIANO JAIME ISAZA CADAVID","2022-11-10","","153.30661676"
"POLITÉCNICO COLOMBIANO JAIME ISAZA CADAVID","2022-11-09","","147.83245303"
"POLITÉCNICO COLOMBIANO JAIME ISAZA CADAVID","2022-11-08","","153.87471413"
"POLITÉCNICO COLOMBIANO JAIME ISAZA CADAVID","2022-11-07","","162.11912663"
"POLITÉCNICO COLOMBIANO JAIME ISAZA CADAVID","2022-11-06","","174.58091454"
"POLITÉCNICO COLOMBIANO JAIME ISAZA CADAVID","2022-11-05","","193.6931716"
"POLITÉCNICO COLOMBIANO JAIME ISAZA CADAVID","2022-11-04","","190.70561505"
"POLITÉCNICO COLOMBIANO JAIME ISAZA CADAVID","2022-11-03","","149.19489319"
"POLITÉCNICO COLOMBIANO JAIME ISAZA CADAVID","2022-11-02","","144.85789498"
"POLITÉCNICO COLOMBIANO JAIME ISAZA CADAVID","2022-11-01","","138.7141438"
"POLITÉCNICO COLOMBIANO JAIME ISAZA CADAVID","2022-10-31","","158.03464726"
"POLITÉCNICO COLOMBIANO JAIME ISAZA CADAVID","2022-10-30","","69.6947304"
"POLITÉCNICO COLOMBIANO JAIME ISAZA CADAVID","2022-10-29","","158.31314082"
"POLITÉCNICO COLOMBIANO JAIME ISAZA CADAVID","2022-10-28","","134.37368435"
"POLITÉCNICO COLOMBIANO JAIME ISAZA CADAVID","2022-10-27","","141.01662023"
"POLITÉCNICO COLOMBIANO JAIME ISAZA CADAVID","2022-10-26","","178.98611008"
"POLITÉCNICO COLOMBIANO JAIME ISAZA CADAVID","2022-10-25","","145.85128965"
"POLITÉCNICO COLOMBIANO JAIME ISAZA CADAVID","2022-10-24","","158.62362286"
"POLITÉCNICO COLOMBIANO JAIME ISAZA CADAVID","2022-10-23","","130.99186619"
"POLITÉCNICO COLOMBIANO JAIME ISAZA CADAVID","2022-10-22","","160.89999603"
"POLITÉCNICO COLOMBIANO JAIME ISAZA CADAVID","2022-10-21","","145.16901864"
"POLITÉCNICO COLOMBIANO JAIME ISAZA CADAVID","2022-10-20","","171.24880379"
"POLITÉCNICO COLOMBIANO JAIME ISAZA CADAVID","2022-10-19","","151.04227711"
"POLITÉCNICO COLOMBIANO JAIME ISAZA CADAVID","2022-10-18","","205.97434263"
"POLITÉCNICO COLOMBIANO JAIME ISAZA CADAVID","2022-10-17","","176.41269391"
"POLITÉCNICO COLOMBIANO JAIME ISAZA CADAVID","2022-10-16","","117.24756463"
"POLITÉCNICO COLOMBIANO JAIME ISAZA CADAVID","2022-10-15","","143.46561119"
"POLITÉCNICO COLOMBIANO JAIME ISAZA CADAVID","2022-10-14","","110.80554255"
"POLITÉCNICO COLOMBIANO JAIME ISAZA CADAVID","2022-10-13","","171.57699344"
"POLITÉCNICO COLOMBIANO JAIME ISAZA CADAVID","2022-10-12","","163.16819126"
"POLITÉCNICO COLOMBIANO JAIME ISAZA CADAVID","2022-10-11","","126.64997266"
"POLITÉCNICO COLOMBIANO JAIME ISAZA CADAVID","2022-10-10","","127.32678095"
"POLITÉCNICO COLOMBIANO JAIME ISAZA CADAVID","2022-10-09","","125.25186635"
"POLITÉCNICO COLOMBIANO JAIME ISAZA CADAVID","2022-10-08","","179.22240796"
"POLITÉCNICO COLOMBIANO JAIME ISAZA CADAVID","2022-10-07","","144.30080539"
"POLITÉCNICO COLOMBIANO JAIME ISAZA CADAVID","2022-10-06","","149.28964547"
"POLITÉCNICO COLOMBIANO JAIME ISAZA CADAVID","2022-10-05","","145.44380096"
"POLITÉCNICO COLOMBIANO JAIME ISAZA CADAVID","2022-10-04","","165.5819551"
"POLITÉCNICO COLOMBIANO JAIME ISAZA CADAVID","2022-10-03","","104.99829006"
"POLITÉCNICO COLOMBIANO JAIME ISAZA CADAVID","2022-10-02","","157.96751483"
"POLITÉCNICO COLOMBIANO JAIME ISAZA CADAVID","2022-10-01","","195.71291156"
"POLITÉCNICO COLOMBIANO JAIME ISAZA CADAVID","2022-09-30","","187.56358514"
"POLITÉCNICO COLOMBIANO JAIME ISAZA CADAVID","2022-09-29","","183.6978505"
"POLITÉCNICO COLOMBIANO JAIME ISAZA CADAVID","2022-09-28","","123.88553082"
"POLITÉCNICO COLOMBIANO JAIME ISAZA CADAVID","2022-09-27","","120.61709249"
"POLITÉCNICO COLOMBIANO JAIME ISAZA CADAVID","2022-09-26","","180.14994824"
"POLITÉCNICO COLOMBIANO JAIME ISAZA CADAVID","2022-09-25","","178.32195735"
"POLITÉCNICO COLOMBIANO JAIME ISAZA CADAVID","2022-09-24","","179.0702387"
"POLITÉCNICO COLOMBIANO JAIME ISAZA CADAVID","2022-09-23","","181.8693276"
"POLITÉCNICO COLOMBIANO JAIME ISAZA CADAVID","2022-09-22","","160.75433265"
"POLITÉCNICO COLOMBIANO JAIME ISAZA CADAVID","2022-09-21","","173.49042671"
"POLITÉCNICO COLOMBIANO JAIME ISAZA CADAVID","2022-09-20","","159.7953321"
"POLITÉCNICO COLOMBIANO JAIME ISAZA CADAVID","2022-09-19","","158.80319595"
"POLITÉCNICO COLOMBIANO JAIME ISAZA CADAVID","2022-09-18","","180.17701582"
"POLITÉCNICO COLOMBIANO JAIME ISAZA CADAVID","2022-09-17","","167.66508613"
"POLITÉCNICO COLOMBIANO JAIME ISAZA CADAVID","2022-09-16","","204.73269457"
"POLITÉCNICO COLOMBIANO JAIME ISAZA CADAVID","2022-09-15","","128.59562916"
"POLITÉCNICO COLOMBIANO JAIME ISAZA CADAVID","2022-09-14","","131.835515"
"POLITÉCNICO COLOMBIANO JAIME ISAZA CADAVID","2022-09-13","","134.28018474"
"POLITÉCNICO COLOMBIANO JAIME ISAZA CADAVID","2022-09-12","","152.23145309"
"POLITÉCNICO COLOMBIANO JAIME ISAZA CADAVID","2022-09-11","","122.50500989"
"POLITÉCNICO COLOMBIANO JAIME ISAZA CADAVID","2022-09-10","","97.40582339"
"POLITÉCNICO COLOMBIANO JAIME ISAZA CADAVID","2022-09-09","","73.30926822"
"POLITÉCNICO COLOMBIANO JAIME ISAZA CADAVID","2022-09-08","","186.83596251"
"POLITÉCNICO COLOMBIANO JAIME ISAZA CADAVID","2022-09-07","","137.85123233"
"POLITÉCNICO COLOMBIANO JAIME ISAZA CADAVID","2022-09-06","","99.38707648"
"POLITÉCNICO COLOMBIANO JAIME ISAZA CADAVID","2022-09-05","","123.67879387"
"POLITÉCNICO COLOMBIANO JAIME ISAZA CADAVID","2022-09-04","","143.76877976"
"POLITÉCNICO COLOMBIANO JAIME ISAZA CADAVID","2022-09-03","","166.94768553"
"POLITÉCNICO COLOMBIANO JAIME ISAZA CADAVID","2022-09-02","","169.7350327"
"POLITÉCNICO COLOMBIANO JAIME ISAZA CADAVID","2022-09-01","","191.15972067"
"POLITÉCNICO COLOMBIANO JAIME ISAZA CADAVID","2022-08-31","","218.78083689"
"POLITÉCNICO COLOMBIANO JAIME ISAZA CADAVID","2022-08-30","","117.30404075"
"POLITÉCNICO COLOMBIANO JAIME ISAZA CADAVID","2022-08-29","","145.42830073"
"POLITÉCNICO COLOMBIANO JAIME ISAZA CADAVID","2022-08-28","","182.32629126"
"POLITÉCNICO COLOMBIANO JAIME ISAZA CADAVID","2022-08-27","","172.51204642"
"POLITÉCNICO COLOMBIANO JAIME ISAZA CADAVID","2022-08-26","","164.68502425"
"POLITÉCNICO COLOMBIANO JAIME ISAZA CADAVID","2022-08-25","","147.09631795"
"POLITÉCNICO COLOMBIANO JAIME ISAZA CADAVID","2022-08-24","","123.50174434"
"POLITÉCNICO COLOMBIANO JAIME ISAZA CADAVID","2022-08-23","","115.30649948"
"POLITÉCNICO COLOMBIANO JAIME ISAZA CADAVID","2022-08-22","","138.13500148"
"POLITÉCNICO COLOMBIANO JAIME ISAZA CADAVID","2022-08-21","","184.72362794"
"POLITÉCNICO COLOMBIANO JAIME ISAZA CADAVID","2022-08-20","","159.31711853"
"POLITÉCNICO COLOMBIANO JAIME ISAZA CADAVID","2022-08-19","","148.98644226"
"POLITÉCNICO COLOMBIANO JAIME ISAZA CADAVID","2022-08-18","","105.93279591"
"POLITÉCNICO COLOMBIANO JAIME ISAZA CADAVID","2022-08-17","","166.04761463"
"POLITÉCNICO COLOMBIANO JAIME ISAZA CADAVID","2022-08-16","","117.76719406"
"POLITÉCNICO COLOMBIANO JAIME ISAZA CADAVID","2022-08-15","","150.95556687"
"POLITÉCNICO COLOMBIANO JAIME ISAZA CADAVID","2022-08-14","","170.88431416"
"POLITÉCNICO COLOMBIANO JAIME ISAZA CADAVID","2022-08-13","","189.66708345"
"POLITÉCNICO COLOMBIANO JAIME ISAZA CADAVID","2022-08-12","","184.86454138"
"POLITÉCNICO COLOMBIANO JAIME ISAZA CADAVID","2022-08-11","","187.5575266"
"POLITÉCNICO COLOMBIANO JAIME ISAZA CADAVID","2022-08-10","","105.22089732"
"POLITÉCNICO COLOMBIANO JAIME ISAZA CADAVID","2022-08-09","","141.91140377"
"POLITÉCNICO COLOMBIANO JAIME ISAZA CADAVID","2022-08-08","","128.40257154"
"POLITÉCNICO COLOMBIANO JAIME ISAZA CADAVID","2022-08-07","","130.55335119"
"POLITÉCNICO COLOMBIANO JAIME ISAZA CADAVID","2022-08-06","","160.39079523"
"POLITÉCNICO COLOMBIANO JAIME ISAZA CADAVID","2022-08-05","","152.53449454"
"POLITÉCNICO COLOMBIANO JAIME ISAZA CADAVID","2022-08-04","","168.79562086"
"POLITÉCNICO COLOMBIANO JAIME ISAZA CADAVID","2022-08-03","","188.68925321"
"POLITÉCNICO COLOMBIANO JAIME ISAZA CADAVID","2022-08-02","","152.96719308"
"POLITÉCNICO COLOMBIANO JAIME ISAZA CADAVID","2022-08-01","","178.72771504"
"POLITÉCNICO COLOMBIANO JAIME ISAZA CADAVID","2022-07-31","","162.56415526"
"POLITÉCNICO COLOMBIANO JAIME ISAZA CADAVID","2022-07-30","","60.49480789"
"POLITÉCNICO COLOMBIANO JAIME ISAZA CADAVID","2022-07-29","","126.09412983"
"POLITÉCNICO COLOMBIANO JAIME ISAZA CADAVID","2022-07-28","","150.06234337"
"POLITÉCNICO COLOMBIANO JAIME ISAZA CADAVID","2022-07-27","","169.50743211"
"POLITÉCNICO COLOMBIANO JAIME ISAZA CADAVID","2022-07-26","","117.58705871"
"POLITÉCNICO COLOMBIANO JAIME ISAZA CADAVID","2022-07-25","","166.64507986"
"POLITÉCNICO COLOMBIANO JAIME ISAZA CADAVID","2022-07-24","","141.87200879"
"POLITÉCNICO COLOMBIANO JAIME ISAZA CADAVID","2022-07-23","","160.44674369"
"POLITÉCNICO COLOMBIANO JAIME ISAZA CADAVID","2022-07-22","","153.2390132"
"POLITÉCNICO COLOMBIANO JAIME ISAZA CADAVID","2022-07-21","","155.54703204"
"POLITÉCNICO COLOMBIANO JAIME ISAZA CADAVID","2022-07-20","","154.17478486"
"POLITÉCNICO COLOMBIANO JAIME ISAZA CADAVID","2022-07-19","","141.36029681"
"POLITÉCNICO COLOMBIANO JAIME ISAZA CADAVID","2022-07-18","","68.88179682"
"POLITÉCNICO COLOMBIANO JAIME ISAZA CADAVID","2022-07-17","","193.93028903"
"POLITÉCNICO COLOMBIANO JAIME ISAZA CADAVID","2022-07-16","","147.61601908"
"POLITÉCNICO COLOMBIANO JAIME ISAZA CADAVID","2022-07-15","","91.39486969"
"POLITÉCNICO COLOMBIANO JAIME ISAZA CADAVID","2022-07-14","","174.8061916"
"POLITÉCNICO COLOMBIANO JAIME ISAZA CADAVID","2022-07-13","","137.52978899"
"POLITÉCNICO COLOMBIANO JAIME ISAZA CADAVID","2022-07-12","","116.15359965"
"POLITÉCNICO COLOMBIANO JAIME ISAZA CADAVID","2022-07-11","","175.52210626"
"POLITÉCNICO COLOMBIANO JAIME ISAZA CADAVID","2022-07-10","","112.2571283"
"POLITÉCNICO COLOMBIANO JAIME ISAZA CADAVID","2022-07-09","","114.84965387"
"POLITÉCNICO COLOMBIANO JAIME ISAZA CADAVID","2022-07-08","","109.46256523"
"POLITÉCNICO COLOMBIANO JAIME ISAZA CADAVID","2022-07-07","","77.60460207"
"POLITÉCNICO COLOMBIANO JAIME ISAZA CADAVID","2022-07-06","","111.85417764"
"POLITÉCNICO COLOMBIANO JAIME ISAZA CADAVID","2022-07-05","","116.42892148"
"POLITÉCNICO COLOMBIANO JAIME ISAZA CADAVID","2022-07-04","","144.53380426"
"POLITÉCNICO COLOMBIANO JAIME ISAZA CADAVID","2022-07-03","","159.9364912"
"POLITÉCNICO COLOMBIANO JAIME ISAZA CADAVID","2022-07-02","","198.51697781"
"POLITÉCNICO COLOMBIANO JAIME ISAZA CADAVID","2022-07-01","","140.82197125"
"POLITÉCNICO COLOMBIANO JAIME ISAZA CADAVID","2022-06-30","","172.35837357"
"POLITÉCNICO COLOMBIANO JAIME ISAZA CADAVID","2022-06-29","","115.02132501"
"POLITÉCNICO COLOMBIANO JAIME ISAZA CADAVID","2022-06-28","","164.79311064"
"POLITÉCNICO COLOMBIANO JAIME ISAZA CADAVID","2022-06-27","","169.40384607"
"POLITÉCNICO COLOMBIANO JAIME ISAZA CADAVID","2022-06-26","","144.8432885"
"POLITÉCNICO COLOMBIANO JAIME ISAZA CADAVID","2022-06-25","","186.26678944"
"POLITÉCNICO COLOMBIANO JAIME ISAZA CADAVID","2022-06-24","","213.73995672"
"POLITÉCNICO COLOMBIANO JAIME ISAZA CADAVID","2022-06-23","","162.20344383"
"POLITÉCNICO COLOMBIANO JAIME ISAZA CADAVID","2022-06-22","","190.24604229"
"POLITÉCNICO COLOMBIANO JAIME ISAZA CADAVID","2022-06-21","","174.72559384"
"POLITÉCNICO COLOMBIANO JAIME ISAZA CADAVID","2022-06-20","","125.07989831"
"POLITÉCNICO COLOMBIANO JAIME ISAZA CADAVID","2022-06-19","","168.7890784"
"POLITÉCNICO COLOMBIANO JAIME ISAZA CADAVID","2022-06-18","","191.86371139"
"POLITÉCNICO COLOMBIANO JAIME ISAZA CADAVID","2022-06-17","","140.74210072"
"POLITÉCNICO COLOMBIANO JAIME ISAZA CADAVID","2022-06-16","","94.52984224"
"POLITÉCNICO COLOMBIANO JAIME ISAZA CADAVID","2022-06-15","","140.86093742"
"POLITÉCNICO COLOMBIANO JAIME ISAZA CADAVID","2022-06-14","","148.35497853"
"POLITÉCNICO COLOMBIANO JAIME ISAZA CADAVID","2022-06-13","","150.13531996"
"POLITÉCNICO COLOMBIANO JAIME ISAZA CADAVID","2022-06-12","","182.01665837"
"POLITÉCNICO COLOMBIANO JAIME ISAZA CADAVID","2022-06-11","","128.19291802"
"POLITÉCNICO COLOMBIANO JAIME ISAZA CADAVID","2022-06-10","","145.4414918"
"POLITÉCNICO COLOMBIANO JAIME ISAZA CADAVID","2022-06-09","","128.51620511"
"POLITÉCNICO COLOMBIANO JAIME ISAZA CADAVID","2022-06-08","","184.92650095"
"POLITÉCNICO COLOMBIANO JAIME ISAZA CADAVID","2022-06-07","","180.37529333"
"POLITÉCNICO COLOMBIANO JAIME ISAZA CADAVID","2022-06-06","","157.07765586"
"POLITÉCNICO COLOMBIANO JAIME ISAZA CADAVID","2022-06-05","","162.36468536"
"POLITÉCNICO COLOMBIANO JAIME ISAZA CADAVID","2022-06-04","","126.11061038"
"POLITÉCNICO COLOMBIANO JAIME ISAZA CADAVID","2022-06-03","","120.32409244"
"POLITÉCNICO COLOMBIANO JAIME ISAZA CADAVID","2022-06-02","","173.90117079"
"POLITÉCNICO COLOMBIANO JAIME ISAZA CADAVID","2022-06-01","","121.88100306"
"POLITÉCNICO COLOMBIANO JAIME ISAZA CADAVID","2022-05-31","","166.35844953"
"POLITÉCNICO COLOMBIANO JAIME ISAZA CADAVID","2022-05-30","","167.57384192"
"POLITÉCNICO COLOMBIANO JAIME ISAZA CADAVID","2022-05-29","","166.09685693"
"POLITÉCNICO COLOMBIANO JAIME ISAZA CADAVID","2022-05-28","","164.55506599"
"POLITÉCNICO COLOMBIANO JAIME ISAZA CADAVID","2022-05-27","","91.12225764"
"POLITÉCNICO COLOMBIANO JAIME ISAZA CADAVID","2022-05-26","","111.60298906"
"POLITÉCNICO COLOMBIANO JAIME ISAZA CADAVID","2022-05-25","","148.95296933"
"POLITÉCNICO COLOMBIANO JAIME ISAZA CADAVID","2022-05-24","","143.67268009"
"POLITÉCNICO COLOMBIANO JAIME ISAZA CADAVID","2022-05-23","","188.33925493"
"POLITÉCNICO COLOMBIANO JAIME ISAZA CADAVID","2022-05-22","","146.92208954"
"POLITÉCNICO COLOMBIANO JAIME ISAZA CADAVID","2022-05-21","","164.36671532"
"POLITÉCNICO COLOMBIANO JAIME ISAZA CADAVID","2022-05-20","","149.31503629"
"POLITÉCNICO COLOMBIANO JAIME ISAZA CADAVID","2022-05-19","","180.74293887"
"POLITÉCNICO COLOMBIANO JAIME ISAZA CADAVID","2022-05-18","","131.21170594"
"POLITÉCNICO COLOMBIANO JAIME ISAZA CADAVID","2022-05-17","","174.75398085"
"POLITÉCNICO COLOMBIANO JAIME ISAZA CADAVID","2022-05-16","","185.45213317"
"POLITÉCNICO COLOMBIANO JAIME ISAZA CADAVID","2022-05-15","","80.57755281"
"POLITÉCNICO COLOMBIANO JAIME ISAZA CADAVID","2022-05-14","","151.28628359"
"POLITÉCNICO COLOMBIANO JAIME ISAZA CADAVID","2022-05-13","","118.09629517"
"POLITÉCNICO COLOMBIANO JAIME ISAZA CADAVID","2022-05-12","","127.13538003"
"POLITÉCNICO COLOMBIANO JAIME ISAZA CADAVID","2022-05-11","","146.7669676"
"POLITÉCNICO COLOMBIANO JAIME ISAZA CADAVID","2022-05-10","","144.30261766"
"POLITÉCNICO COLOMBIANO JAIME ISAZA CADAVID","2022-05-09","","161.84490602"
"POLITÉCNICO COLOMBIANO JAIME ISAZA CADAVID","2022-05-08","","128.6049863"
"POLITÉCNICO COLOMBIANO JAIME ISAZA CADAVID","2022-05-07","","122.12406725"
"POLITÉCNICO COLOMBIANO JAIME ISAZA CADAVID","2022-05-06","","123.50785873"
"POLITÉCNICO COLOMBIANO JAIME ISAZA CADAVID","2022-05-05","","166.56944887"
"POLITÉCNICO COLOMBIANO JAIME ISAZA CADAVID","2022-05-04","","157.808011"
"POLITÉCNICO COLOMBIANO JAIME ISAZA CADAVID","2022-05-03","","109.1666098"
"POLITÉCNICO COLOMBIANO JAIME ISAZA CADAVID","2022-05-02","","60.29387925"
"POLITÉCNICO COLOMBIANO JAIME ISAZA CADAVID","2022-05-01","","131.40283936"
"POLITÉCNICO COLOMBIANO JAIME ISAZA CADAVID","2022-04-30","","106.64183605"
"POLITÉCNICO COLOMBIANO JAIME ISAZA CADAVID","2022-04-29","","93.94773648"
"POLITÉCNICO COLOMBIANO JAIME ISAZA CADAVID","2022-04-28","","184.70763895"
"POLITÉCNICO COLOMBIANO JAIME ISAZA CADAVID","2022-04-27","","119.6448876"
"POLITÉCNICO COLOMBIANO JAIME ISAZA CADAVID","2022-04-26","","118.54104639"
"POLITÉCNICO COLOMBIANO JAIME ISAZA CADAVID","2022-04-25","","160.2095448"
"POLITÉCNICO COLOMBIANO JAIME ISAZA CADAVID","2022-04-24","","115.73591539"
"POLITÉCNICO COLOMBIANO JAIME ISAZA CADAVID","2022-04-23","","189.3774424"
"POLITÉCNICO COLOMBIANO JAIME ISAZA CADAVID","2022-04-22","","189.84929007"
"POLITÉCNICO COLOMBIANO JAIME ISAZA CADAVID","2022-04-21","","139.88844781"
"POLITÉCNICO COLOMBIANO JAIME ISAZA CADAVID","2022-04-20","","170.92676187"
"POLITÉCNICO COLOMBIANO JAIME ISAZA CADAVID","2022-04-19","","167.82374827"
"POLITÉCNICO COLOMBIANO JAIME ISAZA CADAVID","2022-04-18","","144.25381897"
"POLITÉCNICO COLOMBIANO JAIME ISAZA CADAVID","2022-04-17","","166.23921337"
"POLITÉCNICO COLOMBIANO JAIME ISAZA CADAVID","2022-04-16","","151.16256834"
"POLITÉCNICO COLOMBIANO JAIME ISAZA CADAVID","2022-04-15","","107.50369759"
"POLITÉCNICO COLOMBIANO JAIME ISAZA CADAVID","2022-04-14","","120.39564588"
"POLITÉCNICO COLOMBIANO JAIME ISAZA CADAVID","2022-04-13","","192.72292498"
"POLITÉCNICO COLOMBIANO JAIME ISAZA CADAVID","2022-04-12","","133.57989314"
"POLITÉCNICO COLOMBIANO JAIME ISAZA CADAVID","2022-04-11","","126.49849967"
"POLITÉCNICO COLOMBIANO JAIME ISAZA CADAVID","2022-04-10","","126.52667502"
"POLITÉCNICO COLOMBIANO JAIME ISAZA CADAVID","2022-04-09","","161.37727202"
"POLITÉCNICO COLOMBIANO JAIME ISAZA CADAVID","2022-04-08","","161.81303768"
"POLITÉCNICO COLOMBIANO JAIME ISAZA CADAVID","2022-04-07","","138.15990414"
"POLITÉCNICO COLOMBIANO JAIME ISAZA CADAVID","2022-04-06","","147.89125153"
"POLITÉCNICO COLOMBIANO JAIME ISAZA CADAVID","2022-04-05","","178.92092108"
"POLITÉCNICO COLOMBIANO JAIME ISAZA CADAVID","2022-04-04","","167.98336276"
"POLITÉCNICO COLOMBIANO JAIME ISAZA CADAVID","2022-04-03","","134.02397594"
"POLITÉCNICO COLOMBIANO JAIME ISAZA CADAVID","2022-04-02","","139.04054473"
"POLITÉCNICO COLOMBIANO JAIME ISAZA CADAVID","2022-04-01","","106.6909208"
"POLITÉCNICO COLOMBIANO JAIME ISAZA CADAVID","2022-03-31","","140.66800828"
"POLITÉCNICO COLOMBIANO JAIME ISAZA CADAVID","2022-03-30","","143.61893428"
"POLITÉCNICO COLOMBIANO JAIME ISAZA CADAVID","2022-03-29","","147.76104435"
"POLITÉCNICO COLOMBIANO JAIME ISAZA CADAVID","2022-03-28","","153.37586135"
"POLITÉCNICO COLOMBIANO JAIME ISAZA CADAVID","2022-03-27","","182.80421443"
"POLITÉCNICO COLOMBIANO JAIME ISAZA CADAVID","2022-03-26","","154.17030823"
"POLITÉCNICO COLOMBIANO JAIME ISAZA CADAVID","2022-03-25","","135.07446421"
"POLITÉCNICO COLOMBIANO JAIME ISAZA CADAVID","2022-03-24","","160.62870361"
"POLITÉCNICO COLOMBIANO JAIME ISAZA CADAVID","2022-03-23","","121.81147139"
"POLITÉCNICO COLOMBIANO JAIME ISAZA CADAVID","2022-03-22","","186.29281568"
"POLITÉCNICO COLOMBIANO JAIME ISAZA CADAVID","2022-03-21","","126.49475896"
"POLITÉCNICO COLOMBIANO JAIME ISAZA CADAVID","2022-03-20","","138.74007618"
"POLITÉCNICO COLOMBIANO JAIME ISAZA CADAVID","2022-03-19","","141.91270874"
"POLITÉCNICO COLOMBIANO JAIME ISAZA CADAVID","2022-03-18","","121.63788061"
"POLITÉCNICO COLOMBIANO JAIME ISAZA CADAVID","2022-03-17","","134.56373444"
"POLITÉCNICO COLOMBIANO JAIME ISAZA CADAVID","2022-03-16","","163.62461651"
"POLITÉCNICO COLOMBIANO JAIME ISAZA CADAVID","2022-03-15","","175.56322323"
"POLITÉCNICO COLOMBIANO JAIME ISAZA CADAVID","2022-03-14","","169.93378463"
"POLITÉCNICO COLOMBIANO JAIME ISAZA CADAVID","2022-03-13","","110.92804002"
"POLITÉCNICO COLOMBIANO JAIME ISAZA CADAVID","2022-03-12","","191.4739881"
"POLITÉCNICO COLOMBIANO JAIME ISAZA CADAVID","2022-03-11","","83.90785399"
"POLITÉCNICO COLOMBIANO JAIME ISAZA CADAVID","2022-03-10","","121.25473241"
"POLITÉCNICO COLOMBIANO JAIME ISAZA CADAVID","2022-03-09","","177.23680577"
"POLITÉCNICO COLOMBIANO JAIME ISAZA CADAVID","2022-03-08","","118.19201692"
"POLITÉCNICO COLOMBIANO JAIME ISAZA CADAVID","2022-03-07","","133.97154888"
"POLITÉCNICO COLOMBIANO JAIME ISAZA CADAVID","2022-03-06","","204.9382623"
"POLITÉCNICO COLOMBIANO JAIME ISAZA CADAVID","2022-03-05","","160.71428113"
"POLITÉCNICO COLOMBIANO JAIME ISAZA CADAVID","2022-03-04","","139.46798221"
"POLITÉCNICO COLOMBIANO JAIME ISAZA CADAVID","2022-03-03","","151.18371368"
"POLITÉCNICO COLOMBIANO JAIME ISAZA CADAVID","2022-03-02","","139.42419156"
"POLITÉCNICO COLOMBIANO JAIME ISAZA CADAVID","2022-03-01","","202.07777916"
"POLITÉCNICO COLOMBIANO JAIME ISAZA CADAVID","2022-02-28","","178.94628323"
"POLITÉCNICO COLOMBIANO JAIME ISAZA CADAVID","2022-02-27","","142.99630706"
"POLITÉCNICO COLOMBIANO JAIME ISAZA CADAVID","2022-02-26","","49.80712922"
"POLITÉCNICO COLOMBIANO JAIME ISAZA CADAVID","2022-02-25","","67.89824989"
"POLITÉCNICO COLOMBIANO JAIME ISAZA CADAVID","2022-02-24","","50.1916522"
"POLITÉCNICO COLOMBIANO JAIME ISAZA CADAVID","2022-02-23","","169.49534896"
"POLITÉCNICO COLOMBIANO JAIME ISAZA CADAVID","2022-02-22","","144.29946658"
"POLITÉCNICO COLOMBIANO JAIME ISAZA CADAVID","2022-02-21","","124.1594193"
"POLITÉCNICO COLOMBIANO JAIME ISAZA CADAVID","2022-02-20","","164.08921896"
"POLITÉCNICO COLOMBIANO JAIME ISAZA CADAVID","2022-02-19","","126.71672568"
"POLITÉCNICO COLOMBIANO JAIME ISAZA CADAVID","2022-02-18","","101.50716066"
"POLITÉCNICO COLOMBIANO JAIME ISAZA CADAVID","2022-02-17","","135.90963867"
"POLITÉCNICO COLOMBIANO JAIME ISAZA CADAVID","2022-02-16","","65.53500851"
"POLITÉCNICO COLOMBIANO JAIME ISAZA CADAVID","2022-02-15","","81.92486443"
"POLITÉCNICO COLOMBIANO JAIME ISAZA CADAVID","2022-02-14","","177.968632"
"POLITÉCNICO COLOMBIANO JAIME ISAZA CADAVID","2022-02-13","","89.11621311"
"POLITÉCNICO COLOMBIANO JAIME ISAZA CADAVID","2022-02-12","","137.33639017"
"POLITÉCNICO COLOMBIANO JAIME ISAZA CADAVID","2022-02-11","","109.55833435"
"POLITÉCNICO COLOMBIANO JAIME ISAZA CADAVID","2022-02-10","","129.45729826"
"POLITÉCNICO COLOMBIANO JAIME ISAZA CADAVID","2022-02-09","","113.32527086"
"POLITÉCNICO COLOMBIANO JAIME ISAZA CADAVID","2022-02-08","","159.16793729"
"POLITÉCNICO COLOMBIANO JAIME ISAZA CADAVID","2022-02-07","","93.39518555"
"POLITÉCNICO COLOMBIANO JAIME ISAZA CADAVID","2022-02-06","","148.32787873"
"POLITÉCNICO COLOMBIANO JAIME ISAZA CADAVID","2022-02-05","","202.21850987"
"POLITÉCNICO COLOMBIANO JAIME ISAZA CADAVID","2022-02-04","","121.74317348"
"POLITÉCNICO COLOMBIANO JAIME ISAZA CADAVID","2022-02-03","","126.00988889"
"POLITÉCNICO COLOMBIANO JAIME ISAZA CADAVID","2022-02-02","","39.2201729"
"POLITÉCNICO COLOMBIANO JAIME ISAZA CADAVID","2022-02-01","","99.67744171"
"POLITÉCNICO COLOMBIANO JAIME ISAZA CADAVID","2022-01-31","","113.96161445"
"POLITÉCNICO COLOMBIANO JAIME ISAZA CADAVID","2022-01-30","","64.36034252"
"POLITÉCNICO COLOMBIANO JAIME ISAZA CADAVID","2022-01-29","","93.47824415"
"POLITÉCNICO COLOMBIANO JAIME ISAZA CADAVID","2022-01-28","","131.66973821"
"POLITÉCNICO COLOMBIANO JAIME ISAZA CADAVID","2022-01-27","","104.27770065"
"POLITÉCNICO COLOMBIANO JAIME ISAZA CADAVID","2022-01-26","","93.09839705"
"POLITÉCNICO COLOMBIANO JAIME ISAZA CADAVID","2022-01-25","","130.47834979"
"POLITÉCNICO COLOMBIANO JAIME ISAZA CADAVID","2022-01-24","","30.74598273"
"POLITÉCNICO COLOMBIANO JAIME ISAZA CADAVID","2022-01-23","","125.20246626"
"POLITÉCNICO COLOMBIANO JAIME ISAZA CADAVID","2022-01-22","","129.42904576"
"POLITÉCNICO COLOMBIANO JAIME ISAZA CADAVID","2022-01-21","","104.60964479"
"POLITÉCNICO COLOMBIANO JAIME ISAZA CADAVID","2022-01-20","","110.20864047"
"POLITÉCNICO COLOMBIANO JAIME ISAZA CADAVID","2022-01-19","","85.36731028"
"POLITÉCNICO COLOMBIANO JAIME ISAZA CADAVID","2022-01-18","","76.8354172"
"POLITÉCNICO COLOMBIANO JAIME ISAZA CADAVID","2022-01-17","","109.55933602"
"POLITÉCNICO COLOMBIANO JAIME ISAZA CADAVID","2022-01-16","","95.2427138"
"POLITÉCNICO COLOMBIANO JAIME ISAZA CADAVID","2022-01-15","","49.02861454"
"POLITÉCNICO COLOMBIANO JAIME ISAZA CADAVID","2022-01-14","","78.12367327"
"POLITÉCNICO COLOMBIANO JAIME ISAZA CADAVID","2022-01-13","","191.45450915"
"POLITÉCNICO COLOMBIANO JAIME ISAZA CADAVID","2022-01-12","","125.77589327"
"POLITÉCNICO COLOMBIANO JAIME ISAZA CADAVID","2022-01-11","","144.13563147"
"POLITÉCNICO COLOMBIANO JAIME ISAZA CADAVID","2022-01-10","","84.71868724"
"POLITÉCNICO COLOMBIANO JAIME ISAZA CADAVID","2022-01-09","","111.4581498"
"POLITÉCNICO COLOMBIANO JAIME ISAZA CADAVID","2022-01-08","","112.00970029"
"POLITÉCNICO COLOMBIANO JAIME ISAZA CADAVID","2022-01-07","","167.35063904"
"POLITÉCNICO COLOMBIANO JAIME ISAZA CADAVID","2022-01-06","","81.04170286"
"POLITÉCNICO COLOMBIANO JAIME ISAZA CADAVID","2022-01-05","","96.9730911"
"POLITÉCNICO COLOMBIANO JAIME ISAZA CADAVID","2022-01-04","","107.53074325"
"POLITÉCNICO COLOMBIANO JAIME ISAZA CADAVID","2022-01-03","","98.50971812"
"POLITÉCNICO COLOMBIANO JAIME ISAZA CADAVID","2022-01-02","","174.58336741"
"POLITÉCNICO COLOMBIANO JAIME ISAZA CADAVID","2022-01-01","","162.08678739"
"POLITÉCNICO COLOMBIANO JAIME ISAZA CADAVID","2021-12-31","","166.68799886"
"POLITÉCNICO COLOMBIANO JAIME ISAZA CADAVID","2021-12-30","","157.9538923"
"POLITÉCNICO COLOMBIANO JAIME ISAZA CADAVID","2021-12-29","","117.05260506"
"POLITÉCNICO COLOMBIANO JAIME ISAZA CADAVID","2021-12-28","","128.3372799"
"POLITÉCNICO COLOMBIANO JAIME ISAZA CADAVID","2021-12-27","","133.85086026"
"POLITÉCNICO COLOMBIANO JAIME ISAZA CADAVID","2021-12-26","","211.10312492"
"POLITÉCNICO COLOMBIANO JAIME ISAZA CADAVID","2021-12-25","","147.2679804"
"POLITÉCNICO COLOMBIANO JAIME ISAZA CADAVID","2021-12-24","","90.73328436"
"POLITÉCNICO COLOMBIANO JAIME ISAZA CADAVID","2021-12-23","","145.52111361"
"POLITÉCNICO COLOMBIANO JAIME ISAZA CADAVID","2021-12-22","","127.07901446"
"POLITÉCNICO COLOMBIANO JAIME ISAZA CADAVID","2021-12-21","","183.6133477"
"POLITÉCNICO COLOMBIANO JAIME ISAZA CADAVID","2021-12-20","","164.32118652"
"POLITÉCNICO COLOMBIANO JAIME ISAZA CADAVID","2021-12-19","","156.26736786"
"POLITÉCNICO COLOMBIANO JAIME ISAZA CADAVID","2021-12-18","","152.21269918"
"POLITÉCNICO COLOMBIANO JAIME ISAZA CADAVID","2021-12-17","","121.12412478"
"POLITÉCNICO COLOMBIANO JAIME ISAZA CADAVID","2021-12-16","","129.29488312"
"POLITÉCNICO COLOMBIANO JAIME ISAZA CADAVID","2021-12-15","","174.35998541"
"POLITÉCNICO COLOMBIANO JAIME ISAZA CADAVID","2021-12-14","","126.88022098"
"POLITÉCNICO COLOMBIANO JAIME ISAZA CADAVID","2021-12-13","","121.81653341"
"POLITÉCNICO COLOMBIANO JAIME ISAZA CADAVID","2021-12-12","","221.6205911"
"POLITÉCNICO COLOMBIANO JAIME ISAZA CADAVID","2021-12-11","","160.91181802"
"POLITÉCNICO COLOMBIANO JAIME ISAZA CADAVID","2021-12-10","","102.06313045"
"POLITÉCNICO COLOMBIANO JAIME ISAZA CADAVID","2021-12-09","","123.6267106"
"POLITÉCNICO COLOMBIANO JAIME ISAZA CADAVID","2021-12-08","","118.38022403"
"POLITÉCNICO COLOMBIANO JAIME ISAZA CADAVID","2021-12-07","","98.52892575"
"POLITÉCNICO COLOMBIANO JAIME ISAZA CADAVID","2021-12-06","","84.13559741"
"POLITÉCNICO COLOMBIANO JAIME ISAZA CADAVID","2021-12-05","","76.48970231"
"POLITÉCNICO COLOMBIANO JAIME ISAZA CADAVID","2021-12-04","","103.05123001"
"POLITÉCNICO COLOMBIANO JAIME ISAZA CADAVID","2021-12-03","","108.17869096"
"POLITÉCNICO COLOMBIANO JAIME ISAZA CADAVID","2021-12-02","","87.10469057"
"POLITÉCNICO COLOMBIANO JAIME ISAZA CADAVID","2021-12-01","","152.51356902"
"POLITÉCNICO COLOMBIANO JAIME ISAZA CADAVID","2021-11-30","","149.52115417"
"POLITÉCNICO COLOMBIANO JAIME ISAZA CADAVID","2021-11-29","","154.95440849"
"POLITÉCNICO COLOMBIANO JAIME ISAZA CADAVID","2021-11-28","","60.9987622"
"POLITÉCNICO COLOMBIANO JAIME ISAZA CADAVID","2021-11-27","","104.21007197"
"POLITÉCNICO COLOMBIANO JAIME ISAZA CADAVID","2021-11-26","","193.0225397"
"POLITÉCNICO COLOMBIANO JAIME ISAZA CADAVID","2021-11-25","","177.75031918"
"POLITÉCNICO COLOMBIANO JAIME ISAZA CADAVID","2021-11-24","","114.68000829"
"POLITÉCNICO COLOMBIANO JAIME ISAZA CADAVID","2021-11-23","","154.88026245"
"POLITÉCNICO COLOMBIANO JAIME ISAZA CADAVID","2021-11-22","","81.55747612"
"POLITÉCNICO COLOMBIANO JAIME ISAZA CADAVID","2021-11-21","","163.46708711"
"POLITÉCNICO COLOMBIANO JAIME ISAZA CADAVID","2021-11-20","","163.6248982"
"POLITÉCNICO COLOMBIANO JAIME ISAZA CADAVID","2021-11-19","","173.6600983"
"POLITÉCNICO COLOMBIANO JAIME ISAZA CADAVID","2021-11-18","","139.25101736"
"POLITÉCNICO COLOMBIANO JAIME ISAZA CADAVID","2021-11-17","","112.65508285"
"POLITÉCNICO COLOMBIANO JAIME ISAZA CADAVID","2021-11-16","","102.96066131"
"POLITÉCNICO COLOMBIANO JAIME ISAZA CADAVID","2021-11-15","","180.23461863"
"POLITÉCNICO COLOMBIANO JAIME ISAZA CADAVID","2021-11-14","","150.95948134"
"POLITÉCNICO COLOMBIANO JAIME ISAZA CADAVID","2021-11-13","","86.60394944"
"POLITÉCNICO COLOMBIANO JAIME ISAZA CADAVID","2021-11-12","","152.09138669"
"POLITÉCNICO COLOMBIANO JAIME ISAZA CADAVID","2021-11-11","","119.74645918"
"POLITÉCNICO COLOMBIANO JAIME ISAZA CADAVID","2021-11-10","","151.91429698"
"POLITÉCNICO COLOMBIANO JAIME ISAZA CADAVID","2021-11-09","","169.38361105"
"POLITÉCNICO COLOMBIANO JAIME ISAZA CADAVID","2021-11-08","","196.1467604"
"POLITÉCNICO COLOMBIANO JAIME ISAZA CADAVID","2021-11-07","","134.219552"
"POLITÉCNICO COLOMBIANO JAIME ISAZA CADAVID","2021-11-06","","137.77074821"
"POLITÉCNICO COLOMBIANO JAIME ISAZA CADAVID","2021-11-05","","88.68370139"
"POLITÉCNICO COLOMBIANO JAIME ISAZA CADAVID","2021-11-04","","122.97031998"
"POLITÉCNICO COLOMBIANO JAIME ISAZA CADAVID","2021-11-03","","178.09180207"
"POLITÉCNICO COLOMBIANO JAIME ISAZA CADAVID","2021-11-02","","145.9400394"
"POLITÉCNICO COLOMBIANO JAIME ISAZA CADAVID","2021-11-01","","174.65942727"
"POLITÉCNICO COLOMBIANO JAIME ISAZA CADAVID","2021-10-31","","194.13401884"
"POLITÉCNICO COLOMBIANO JAIME ISAZA CADAVID","2021-10-30","","144.23811928"
"POLITÉCNICO COLOMBIANO JAIME ISAZA CADAVID","2021-10-29","","152.80864922"
"POLITÉCNICO COLOMBIANO JAIME ISAZA CADAVID","2021-10-28","","131.82237031"
"POLITÉCNICO COLOMBIANO JAIME ISAZA CADAVID","2021-10-27","","126.82500708"
"POLITÉCNICO COLOMBIANO JAIME ISAZA CADAVID","2021-10-26","","152.65721032"
"POLITÉCNICO COLOMBIANO JAIME ISAZA CADAVID","2021-10-25","","143.19819765"
"POLITÉCNICO COLOMBIANO JAIME ISAZA CADAVID","2021-10-24","","166.59576037"
"POLITÉCNICO COLOMBIANO JAIME ISAZA CADAVID","2021-10-23","","127.97524651"
"POLITÉCNICO COLOMBIANO JAIME ISAZA CADAVID","2021-10-22","","112.21650086"
"POLITÉCNICO COLOMBIANO JAIME ISAZA CADAVID","2021-10-21","","121.67759729"
"POLITÉCNICO COLOMBIANO JAIME ISAZA CADAVID","2021-10-20","","152.7862345"
"POLITÉCNICO COLOMBIANO JAIME ISAZA CADAVID","2021-10-19","","92.403754"
"POLITÉCNICO COLOMBIANO JAIME ISAZA CADAVID","2021-10-18","","114.94806722"
"POLITÉCNICO COLOMBIANO JAIME ISAZA CADAVID","2021-10-17","","175.57140063"
"POLITÉCNICO COLOMBIANO JAIME ISAZA CADAVID","2021-10-16","","174.2550558"
"POLITÉCNICO COLOMBIANO JAIME ISAZA CADAVID","2021-10-15","","173.98780703"
"POLITÉCNICO COLOMBIANO JAIME ISAZA CADAVID","2021-10-14","","173.18956553"
"POLITÉCNICO COLOMBIANO JAIME ISAZA CADAVID","2021-10-13","","156.40740777"
"POLITÉCNICO COLOMBIANO JAIME ISAZA CADAVID","2021-10-12","","150.59463684"
"POLITÉCNICO COLOMBIANO JAIME ISAZA CADAVID","2021-10-11","","115.29679933"
"POLITÉCNICO COLOMBIANO JAIME ISAZA CADAVID","2021-10-10","","171.9525625"
"POLITÉCNICO COLOMBIANO JAIME ISAZA CADAVID","2021-10-09","","162.3986585"
"POLITÉCNICO COLOMBIANO JAIME ISAZA CADAVID","2021-10-08","","152.58293109"
"POLITÉCNICO COLOMBIANO JAIME ISAZA CADAVID","2021-10-07","","136.5746582"
"POLITÉCNICO COLOMBIANO JAIME ISAZA CADAVID","2021-10-06","","195.69840616"
"POLITÉCNICO COLOMBIANO JAIME ISAZA CADAVID","2021-10-05","","187.27019325"
"POLITÉCNICO COLOMBIANO JAIME ISAZA CADAVID","2021-10-04","","165.65464332"
"POLITÉCNICO COLOMBIANO JAIME ISAZA CADAVID","2021-10-03","","156.71742036"
"POLITÉCNICO COLOMBIANO JAIME ISAZA CADAVID","2021-10-02","","150.49657599"
"POLITÉCNICO COLOMBIANO JAIME ISAZA CADAVID","2021-10-01","","153.89826706"
"POLITÉCNICO COLOMBIANO JAIME ISAZA CADAVID","2021-09-30","","156.58239909"
"POLITÉCNICO COLOMBIANO JAIME ISAZA CADAVID","2021-09-29","","119.86199871"
"POLITÉCNICO COLOMBIANO JAIME ISAZA CADAVID","2021-09-28","","159.84174001"
"POLITÉCNICO COLOMBIANO JAIME ISAZA CADAVID","2021-09-27","","122.94731385"
"POLITÉCNICO COLOMBIANO JAIME ISAZA CADAVID","2021-09-26","","151.03329952"
"POLITÉCNICO COLOMBIANO JAIME ISAZA CADAVID","2021-09-25","","125.09083733"
"POLITÉCNICO COLOMBIANO JAIME ISAZA CADAVID","2021-09-24","","87.23827093"
"POLITÉCNICO COLOMBIANO JAIME ISAZA CADAVID","2021-09-23","","124.25542293"
"POLITÉCNICO COLOMBIANO JAIME ISAZA CADAVID","2021-09-22","","171.93639967"
"POLITÉCNICO COLOMBIANO JAIME ISAZA CADAVID","2021-09-21","","158.99698146"
"POLITÉCNICO COLOMBIANO JAIME ISAZA CADAVID","2021-09-20","","162.1057398"
"POLITÉCNICO COLOMBIANO JAIME ISAZA CADAVID","2021-09-18","","353.87575645"
"POLITÉCNICO COLOMBIANO JAIME ISAZA CADAVID","2021-09-17","","146.67086793"
"POLITÉCNICO COLOMBIANO JAIME ISAZA CADAVID","2021-09-16","","90.43997781"
"POLITÉCNICO COLOMBIANO JAIME ISAZA CADAVID","2021-09-15","","144.97865544"
"POLITÉCNICO COLOMBIANO JAIME ISAZA CADAVID","2021-09-14","","135.53816373"
"POLITÉCNICO COLOMBIANO JAIME ISAZA CADAVID","2021-09-13","","147.61282255"
"POLITÉCNICO COLOMBIANO JAIME ISAZA CADAVID","2021-09-12","","139.38876171"
"POLITÉCNICO COLOMBIANO JAIME ISAZA CADAVID","2021-09-11","","189.91962677"
"POLITÉCNICO COLOMBIANO JAIME ISAZA CADAVID","2021-09-10","","135.51042812"
"POLITÉCNICO COLOMBIANO JAIME ISAZA CADAVID","2021-09-09","","155.28697924"
"POLITÉCNICO COLOMBIANO JAIME ISAZA CADAVID","2021-09-08","","161.64339574"
"POLITÉCNICO COLOMBIANO JAIME ISAZA CADAVID","2021-09-07","","145.47952875"
"POLITÉCNICO COLOMBIANO JAIME ISAZA CADAVID","2021-09-06","","124.87536996"
"POLITÉCNICO COLOMBIANO JAIME ISAZA CADAVID","2021-09-05","","147.9112798"
"POLITÉCNICO COLOMBIANO JAIME ISAZA CADAVID","2021-09-04","","166.14942073"
"POLITÉCNICO COLOMBIANO JAIME ISAZA CADAVID","2021-09-03","","129.59746427"
"POLITÉCNICO COLOMBIANO JAIME ISAZA CADAVID","2021-09-02","","115.87811577"
"POLITÉCNICO COLOMBIANO JAIME ISAZA CADAVID","2021-09-01","","144.14720793"
"POLITÉCNICO COLOMBIANO JAIME ISAZA CADAVID","2021-08-27","","137.44140748"
"POLITÉCNICO COLOMBIANO JAIME ISAZA CADAVID","2021-08-26","","133.28099106"
"POLITÉCNICO COLOMBIANO JAIME ISAZA CADAVID","2021-08-25","","161.27853424"
"POLITÉCNICO COLOMBIANO JAIME ISAZA CADAVID","2021-08-24","","171.01869505"
"POLITÉCNICO COLOMBIANO JAIME ISAZA CADAVID","2021-08-23","","124.83448842"
"POLITÉCNICO COLOMBIANO JAIME ISAZA CADAVID","2021-08-22","","83.75796203"
"POLITÉCNICO COLOMBIANO JAIME ISAZA CADAVID","2021-08-21","","194.96839865"
"POLITÉCNICO COLOMBIANO JAIME ISAZA CADAVID","2021-08-20","","183.53790277"
"POLITÉCNICO COLOMBIANO JAIME ISAZA CADAVID","2021-08-19","","185.82924102"
"POLITÉCNICO COLOMBIANO JAIME ISAZA CADAVID","2021-08-18","","203.25510335"
"POLITÉCNICO COLOMBIANO JAIME ISAZA CADAVID","2021-08-17","","171.00302806"
"POLITÉCNICO COLOMBIANO JAIME ISAZA CADAVID","2021-08-16","","171.21124331"
"POLITÉCNICO COLOMBIANO JAIME ISAZA CADAVID","2021-08-15","","228.96152801"
"POLITÉCNICO COLOMBIANO JAIME ISAZA CADAVID","2021-08-14","","166.34158912"
"POLITÉCNICO COLOMBIANO JAIME ISAZA CADAVID","2021-08-13","","170.3511187"
"POLITÉCNICO COLOMBIANO JAIME ISAZA CADAVID","2021-08-12","","170.26287107"
"POLITÉCNICO COLOMBIANO JAIME ISAZA CADAVID","2021-08-11","","170.65565833"
"POLITÉCNICO COLOMBIANO JAIME ISAZA CADAVID","2021-08-10","","154.88321786"
"POLITÉCNICO COLOMBIANO JAIME ISAZA CADAVID","2021-08-09","","131.527379"
"POLITÉCNICO COLOMBIANO JAIME ISAZA CADAVID","2021-08-08","","143.62812618"
"POLITÉCNICO COLOMBIANO JAIME ISAZA CADAVID","2021-08-07","","152.76766496"
"POLITÉCNICO COLOMBIANO JAIME ISAZA CADAVID","2021-08-06","","118.42628901"
"POLITÉCNICO COLOMBIANO JAIME ISAZA CADAVID","2021-08-05","","104.36365051"
"POLITÉCNICO COLOMBIANO JAIME ISAZA CADAVID","2021-08-04","","139.85851852"
"POLITÉCNICO COLOMBIANO JAIME ISAZA CADAVID","2021-08-03","","149.04791005"
"POLITÉCNICO COLOMBIANO JAIME ISAZA CADAVID","2021-08-02","","105.47293955"
"POLITÉCNICO COLOMBIANO JAIME ISAZA CADAVID","2021-08-01","","137.1712311"
"POLITÉCNICO COLOMBIANO JAIME ISAZA CADAVID","2021-07-31","","26.3614022"
"POLITÉCNICO COLOMBIANO JAIME ISAZA CADAVID","2021-07-30","","140.78526803"
"POLITÉCNICO COLOMBIANO JAIME ISAZA CADAVID","2021-07-29","","144.23577239"
"POLITÉCNICO COLOMBIANO JAIME ISAZA CADAVID","2021-07-28","","145.62214434"
"POLITÉCNICO COLOMBIANO JAIME ISAZA CADAVID","2021-07-27","","184.28917211"
"POLITÉCNICO COLOMBIANO JAIME ISAZA CADAVID","2021-07-26","","182.63073327"
"POLITÉCNICO COLOMBIANO JAIME ISAZA CADAVID","2021-07-25","","204.27262252"
"POLITÉCNICO COLOMBIANO JAIME ISAZA CADAVID","2021-07-24","","163.05432408"
"POLITÉCNICO COLOMBIANO JAIME ISAZA CADAVID","2021-07-23","","195.83367195"
"POLITÉCNICO COLOMBIANO JAIME ISAZA CADAVID","2021-07-22","","203.73097427"
"POLITÉCNICO COLOMBIANO JAIME ISAZA CADAVID","2021-07-20","","135.92826078"
"POLITÉCNICO COLOMBIANO JAIME ISAZA CADAVID","2021-07-19","","170.23270258"
"POLITÉCNICO COLOMBIANO JAIME ISAZA CADAVID","2021-07-18","","200.90741674"
"POLITÉCNICO COLOMBIANO JAIME ISAZA CADAVID","2021-07-17","","207.05742092"
"POLITÉCNICO COLOMBIANO JAIME ISAZA CADAVID","2021-07-16","","169.86947086"
"POLITÉCNICO COLOMBIANO JAIME ISAZA CADAVID","2021-07-15","","198.87382799"
"POLITÉCNICO COLOMBIANO JAIME ISAZA CADAVID","2021-07-14","","201.61823886"
"POLITÉCNICO COLOMBIANO JAIME ISAZA CADAVID","2021-07-13","","180.46679804"
"POLITÉCNICO COLOMBIANO JAIME ISAZA CADAVID","2021-07-12","","196.46383412"
"POLITÉCNICO COLOMBIANO JAIME ISAZA CADAVID","2021-07-11","","85.13853481"
"POLITÉCNICO COLOMBIANO JAIME ISAZA CADAVID","2021-07-10","","140.95360736"
"POLITÉCNICO COLOMBIANO JAIME ISAZA CADAVID","2021-07-09","","153.73271734"
"POLITÉCNICO COLOMBIANO JAIME ISAZA CADAVID","2021-07-08","","114.70433284"
"POLITÉCNICO COLOMBIANO JAIME ISAZA CADAVID","2021-07-07","","111.89296175"
"POLITÉCNICO COLOMBIANO JAIME ISAZA CADAVID","2021-07-06","","84.10143491"
"POLITÉCNICO COLOMBIANO JAIME ISAZA CADAVID","2021-07-05","","133.20643964"
"POLITÉCNICO COLOMBIANO JAIME ISAZA CADAVID","2021-07-04","","158.65595671"
"POLITÉCNICO COLOMBIANO JAIME ISAZA CADAVID","2021-07-03","","133.59025235"
"POLITÉCNICO COLOMBIANO JAIME ISAZA CADAVID","2021-07-02","","167.4144786"
"POLITÉCNICO COLOMBIANO JAIME ISAZA CADAVID","2021-07-01","","163.9343478"
"POLITÉCNICO COLOMBIANO JAIME ISAZA CADAVID","2021-06-30","","178.36623466"
"POLITÉCNICO COLOMBIANO JAIME ISAZA CADAVID","2021-06-29","","143.40847216"
"POLITÉCNICO COLOMBIANO JAIME ISAZA CADAVID","2021-06-28","","161.32518433"
"POLITÉCNICO COLOMBIANO JAIME ISAZA CADAVID","2021-06-27","","108.07437653"
"POLITÉCNICO COLOMBIANO JAIME ISAZA CADAVID","2021-06-26","","180.46682314"
"POLITÉCNICO COLOMBIANO JAIME ISAZA CADAVID","2021-06-25","","136.42624186"
"POLITÉCNICO COLOMBIANO JAIME ISAZA CADAVID","2021-06-24","","184.10309247"
"POLITÉCNICO COLOMBIANO JAIME ISAZA CADAVID","2021-06-23","","187.23876305"
"POLITÉCNICO COLOMBIANO JAIME ISAZA CADAVID","2021-06-22","","201.55181306"
"POLITÉCNICO COLOMBIANO JAIME ISAZA CADAVID","2021-06-21","","205.4434306"
"POLITÉCNICO COLOMBIANO JAIME ISAZA CADAVID","2021-06-20","","187.36247401"
"POLITÉCNICO COLOMBIANO JAIME ISAZA CADAVID","2021-06-19","","114.24598087"
"POLITÉCNICO COLOMBIANO JAIME ISAZA CADAVID","2021-06-18","","143.08341432"
"POLITÉCNICO COLOMBIANO JAIME ISAZA CADAVID","2021-06-17","","141.28302453"
"POLITÉCNICO COLOMBIANO JAIME ISAZA CADAVID","2021-06-16","","154.90061565"
"POLITÉCNICO COLOMBIANO JAIME ISAZA CADAVID","2021-06-15","","123.53392997"
"POLITÉCNICO COLOMBIANO JAIME ISAZA CADAVID","2021-06-14","","167.839987"
"POLITÉCNICO COLOMBIANO JAIME ISAZA CADAVID","2021-06-13","","138.95278322"
"POLITÉCNICO COLOMBIANO JAIME ISAZA CADAVID","2021-06-12","","101.71960839"
"POLITÉCNICO COLOMBIANO JAIME ISAZA CADAVID","2021-06-11","","152.66129235"
"POLITÉCNICO COLOMBIANO JAIME ISAZA CADAVID","2021-06-10","","131.20771559"
"POLITÉCNICO COLOMBIANO JAIME ISAZA CADAVID","2021-06-09","","188.51372139"
"POLITÉCNICO COLOMBIANO JAIME ISAZA CADAVID","2021-06-08","","137.8359691"
"POLITÉCNICO COLOMBIANO JAIME ISAZA CADAVID","2021-06-07","","144.02384726"
"POLITÉCNICO COLOMBIANO JAIME ISAZA CADAVID","2021-06-06","","153.36707159"
"POLITÉCNICO COLOMBIANO JAIME ISAZA CADAVID","2021-06-05","","134.38682093"
"POLITÉCNICO COLOMBIANO JAIME ISAZA CADAVID","2021-06-04","","152.12803868"
"POLITÉCNICO COLOMBIANO JAIME ISAZA CADAVID","2021-06-03","","166.30726327"
"POLITÉCNICO COLOMBIANO JAIME ISAZA CADAVID","2021-06-02","","132.05247621"
"POLITÉCNICO COLOMBIANO JAIME ISAZA CADAVID","2021-06-01","","136.92493024"
"POLITÉCNICO COLOMBIANO JAIME ISAZA CADAVID","2021-05-31","","190.51369728"
"POLITÉCNICO COLOMBIANO JAIME ISAZA CADAVID","2021-05-30","","150.82260569"
"POLITÉCNICO COLOMBIANO JAIME ISAZA CADAVID","2021-05-29","","120.37362368"
"POLITÉCNICO COLOMBIANO JAIME ISAZA CADAVID","2021-05-28","","171.58809017"
"POLITÉCNICO COLOMBIANO JAIME ISAZA CADAVID","2021-05-27","","167.0366286"
"POLITÉCNICO COLOMBIANO JAIME ISAZA CADAVID","2021-05-26","","154.70801577"
"POLITÉCNICO COLOMBIANO JAIME ISAZA CADAVID","2021-05-25","","141.34240919"
"POLITÉCNICO COLOMBIANO JAIME ISAZA CADAVID","2021-05-24","","113.49455979"
"POLITÉCNICO COLOMBIANO JAIME ISAZA CADAVID","2021-05-23","","179.1741295"
"POLITÉCNICO COLOMBIANO JAIME ISAZA CADAVID","2021-05-21","","126.29512108"
"POLITÉCNICO COLOMBIANO JAIME ISAZA CADAVID","2021-05-20","","90.12472139"
"POLITÉCNICO COLOMBIANO JAIME ISAZA CADAVID","2021-05-19","","171.41403417"
"POLITÉCNICO COLOMBIANO JAIME ISAZA CADAVID","2021-05-18","","158.107674"
"POLITÉCNICO COLOMBIANO JAIME ISAZA CADAVID","2021-05-17","","121.49067703"
"POLITÉCNICO COLOMBIANO JAIME ISAZA CADAVID","2021-05-16","","155.27163872"
"POLITÉCNICO COLOMBIANO JAIME ISAZA CADAVID","2021-05-15","","110.27223192"
"POLITÉCNICO COLOMBIANO JAIME ISAZA CADAVID","2021-05-14","","68.75196764"
"POLITÉCNICO COLOMBIANO JAIME ISAZA CADAVID","2021-05-13","","99.33219983"
"POLITÉCNICO COLOMBIANO JAIME ISAZA CADAVID","2021-05-12","","125.00137701"
"POLITÉCNICO COLOMBIANO JAIME ISAZA CADAVID","2021-05-11","","124.67401507"
"POLITÉCNICO COLOMBIANO JAIME ISAZA CADAVID","2021-05-10","","169.14561952"
"POLITÉCNICO COLOMBIANO JAIME ISAZA CADAVID","2021-05-09","","181.98254109"
"POLITÉCNICO COLOMBIANO JAIME ISAZA CADAVID","2021-05-08","","169.42631608"
"POLITÉCNICO COLOMBIANO JAIME ISAZA CADAVID","2021-05-07","","172.44645365"
"POLITÉCNICO COLOMBIANO JAIME ISAZA CADAVID","2021-05-06","","115.74906095"
"POLITÉCNICO COLOMBIANO JAIME ISAZA CADAVID","2021-05-05","","120.45628119"
"POLITÉCNICO COLOMBIANO JAIME ISAZA CADAVID","2021-05-04","","139.25667146"
"POLITÉCNICO COLOMBIANO JAIME ISAZA CADAVID","2021-05-03","","148.65357917"
"POLITÉCNICO COLOMBIANO JAIME ISAZA CADAVID","2021-05-02","","180.16624244"
"POLITÉCNICO COLOMBIANO JAIME ISAZA CADAVID","2021-05-01","","165.54272731"
"POLITÉCNICO COLOMBIANO JAIME ISAZA CADAVID","2021-04-30","","145.58333333"
"POLITÉCNICO COLOMBIANO JAIME ISAZA CADAVID","2021-04-29","","125.58333333"
"POLITÉCNICO COLOMBIANO JAIME ISAZA CADAVID","2021-04-28","","163.0"
"POLITÉCNICO COLOMBIANO JAIME ISAZA CADAVID","2021-04-27","","153.5"
"POLITÉCNICO COLOMBIANO JAIME ISAZA CADAVID","2021-04-26","","168.20833333"
"POLITÉCNICO COLOMBIANO JAIME ISAZA CADAVID","2021-04-25","","141.70833333"
"POLITÉCNICO COLOMBIANO JAIME ISAZA CADAVID","2021-04-24","","138.58333333"
"POLITÉCNICO COLOMBIANO JAIME ISAZA CADAVID","2021-04-23","","127.16666667"
"POLITÉCNICO COLOMBIANO JAIME ISAZA CADAVID","2021-04-22","","171.08333333"
"POLITÉCNICO COLOMBIANO JAIME ISAZA CADAVID","2021-04-21","","156.20833333"
"POLITÉCNICO COLOMBIANO JAIME ISAZA CADAVID","2021-04-20","","122.04166667"
"POLITÉCNICO COLOMBIANO JAIME ISAZA CADAVID","2021-04-19","","167.66666667"
"POLITÉCNICO COLOMBIANO JAIME ISAZA CADAVID","2021-04-18","","171.16666667"
"POLITÉCNICO COLOMBIANO JAIME ISAZA CADAVID","2021-04-17","","161.25"
"POLITÉCNICO COLOMBIANO JAIME ISAZA CADAVID","2021-04-16","","155.0"
"POLITÉCNICO COLOMBIANO JAIME ISAZA CADAVID","2021-04-15","","142.625"
"POLITÉCNICO COLOMBIANO JAIME ISAZA CADAVID","2021-04-14","","117.0"
"POLITÉCNICO COLOMBIANO JAIME ISAZA CADAVID","2021-04-13","","184.625"
"POLITÉCNICO COLOMBIANO JAIME ISAZA CADAVID","2021-04-12","","132.5"
"POLITÉCNICO COLOMBIANO JAIME ISAZA CADAVID","2021-04-11","","197.33333333"
"POLITÉCNICO COLOMBIANO JAIME ISAZA CADAVID","2021-04-10","","165.83333333"
"POLITÉCNICO COLOMBIANO JAIME ISAZA CADAVID","2021-04-09","","138.25"
"POLITÉCNICO COLOMBIANO JAIME ISAZA CADAVID","2021-04-08","","170.91666667"
"POLITÉCNICO COLOMBIANO JAIME ISAZA CADAVID","2021-04-07","","131.83333333"
"POLITÉCNICO COLOMBIANO JAIME ISAZA CADAVID","2021-04-06","","174.54166667"
"POLITÉCNICO COLOMBIANO JAIME ISAZA CADAVID","2021-04-05","","182.04166667"
"POLITÉCNICO COLOMBIANO JAIME ISAZA CADAVID","2021-04-04","","128.66666667"
"POLITÉCNICO COLOMBIANO JAIME ISAZA CADAVID","2021-04-03","","149.70833333"
"POLITÉCNICO COLOMBIANO JAIME ISAZA CADAVID","2021-04-02","","228.66666667"
"POLITÉCNICO COLOMBIANO JAIME ISAZA CADAVID","2021-04-01","","175.86956522"
"POLITÉCNICO COLOMBIANO JAIME ISAZA CADAVID","2021-03-31","","140.95652174"
"POLITÉCNICO COLOMBIANO JAIME ISAZA CADAVID","2021-03-30","","141.91666667"
"POLITÉCNICO COLOMBIANO JAIME ISAZA CADAVID","2021-03-29","","142.41666667"
"POLITÉCNICO COLOMBIANO JAIME ISAZA CADAVID","2021-03-28","","139.66666667"
"POLITÉCNICO COLOMBIANO JAIME ISAZA CADAVID","2021-03-27","","164.125"
"POLITÉCNICO COLOMBIANO JAIME ISAZA CADAVID","2021-03-26","","102.66666667"
"POLITÉCNICO COLOMBIANO JAIME ISAZA CADAVID","2021-03-25","","142.91666667"
"POLITÉCNICO COLOMBIANO JAIME ISAZA CADAVID","2021-03-24","","144.58333333"
"POLITÉCNICO COLOMBIANO JAIME ISAZA CADAVID","2021-03-23","","177.79166667"
"POLITÉCNICO COLOMBIANO JAIME ISAZA CADAVID","2021-03-22","","158.54166667"
"POLITÉCNICO COLOMBIANO JAIME ISAZA CADAVID","2021-03-21","","147.125"
"POLITÉCNICO COLOMBIANO JAIME ISAZA CADAVID","2021-03-20","","189.70833333"
"POLITÉCNICO COLOMBIANO JAIME ISAZA CADAVID","2021-03-19","","168.375"
"POLITÉCNICO COLOMBIANO JAIME ISAZA CADAVID","2021-03-18","","150.83333333"
"POLITÉCNICO COLOMBIANO JAIME ISAZA CADAVID","2021-03-17","","144.79166667"
"POLITÉCNICO COLOMBIANO JAIME ISAZA CADAVID","2021-03-16","","190.33333333"
"POLITÉCNICO COLOMBIANO JAIME ISAZA CADAVID","2021-03-15","","145.375"
"POLITÉCNICO COLOMBIANO JAIME ISAZA CADAVID","2021-03-14","","202.08333333"
"POLITÉCNICO COLOMBIANO JAIME ISAZA CADAVID","2021-03-13","","183.20833333"
"POLITÉCNICO COLOMBIANO JAIME ISAZA CADAVID","2021-03-12","","179.58333333"
"POLITÉCNICO COLOMBIANO JAIME ISAZA CADAVID","2021-03-11","","152.91666667"
"POLITÉCNICO COLOMBIANO JAIME ISAZA CADAVID","2021-03-10","","148.375"
"POLITÉCNICO COLOMBIANO JAIME ISAZA CADAVID","2021-03-09","","149.0"
"POLITÉCNICO COLOMBIANO JAIME ISAZA CADAVID","2021-03-08","","156.08333333"
"POLITÉCNICO COLOMBIANO JAIME ISAZA CADAVID","2021-03-07","","99.5"
"POLITÉCNICO COLOMBIANO JAIME ISAZA CADAVID","2021-03-06","","66.41666667"
"POLITÉCNICO COLOMBIANO JAIME ISAZA CADAVID","2021-03-05","","121.375"
"POLITÉCNICO COLOMBIANO JAIME ISAZA CADAVID","2021-03-04","","136.79166667"
"POLITÉCNICO COLOMBIANO JAIME ISAZA CADAVID","2021-03-03","","171.75"
"POLITÉCNICO COLOMBIANO JAIME ISAZA CADAVID","2021-03-02","","160.16666667"
"POLITÉCNICO COLOMBIANO JAIME ISAZA CADAVID","2021-03-01","","154.875"
"POLITÉCNICO COLOMBIANO JAIME ISAZA CADAVID","2021-02-28","","156.59623324"
"POLITÉCNICO COLOMBIANO JAIME ISAZA CADAVID","2021-02-27","","149.64516797"
"POLITÉCNICO COLOMBIANO JAIME ISAZA CADAVID","2021-02-26","","113.15319982"
"POLITÉCNICO COLOMBIANO JAIME ISAZA CADAVID","2021-02-25","","74.41254284"
"POLITÉCNICO COLOMBIANO JAIME ISAZA CADAVID","2021-02-24","","73.1702873"
"POLITÉCNICO COLOMBIANO JAIME ISAZA CADAVID","2021-02-23","","112.12161034"
"POLITÉCNICO COLOMBIANO JAIME ISAZA CADAVID","2021-02-22","","136.3708535"
"POLITÉCNICO COLOMBIANO JAIME ISAZA CADAVID","2021-02-21","","110.56265417"
"POLITÉCNICO COLOMBIANO JAIME ISAZA CADAVID","2021-02-20","","176.07223661"
"POLITÉCNICO COLOMBIANO JAIME ISAZA CADAVID","2021-02-19","","144.45388377"
"POLITÉCNICO COLOMBIANO JAIME ISAZA CADAVID","2021-02-18","","164.08894055"
"POLITÉCNICO COLOMBIANO JAIME ISAZA CADAVID","2021-02-17","","169.32521671"
"POLITÉCNICO COLOMBIANO JAIME ISAZA CADAVID","2021-02-16","","122.07666142"
"POLITÉCNICO COLOMBIANO JAIME ISAZA CADAVID","2021-02-15","","141.48533768"
"POLITÉCNICO COLOMBIANO JAIME ISAZA CADAVID","2021-02-14","","139.27075791"
"POLITÉCNICO COLOMBIANO JAIME ISAZA CADAVID","2021-02-13","","150.69386608"
"POLITÉCNICO COLOMBIANO JAIME ISAZA CADAVID","2021-02-12","","139.83623685"
"POLITÉCNICO COLOMBIANO JAIME ISAZA CADAVID","2021-02-11","","119.03356546"
"POLITÉCNICO COLOMBIANO JAIME ISAZA CADAVID","2021-02-10","","152.4515403"
"POLITÉCNICO COLOMBIANO JAIME ISAZA CADAVID","2021-02-09","","148.37334699"
"POLITÉCNICO COLOMBIANO JAIME ISAZA CADAVID","2021-02-08","","131.19366402"
"POLITÉCNICO COLOMBIANO JAIME ISAZA CADAVID","2021-02-07","","105.78163254"
"POLITÉCNICO COLOMBIANO JAIME ISAZA CADAVID","2021-02-06","","144.5612855"
"POLITÉCNICO COLOMBIANO JAIME ISAZA CADAVID","2021-02-05","","63.67444905"
"POLITÉCNICO COLOMBIANO JAIME ISAZA CADAVID","2021-02-04","","96.14634394"
"POLITÉCNICO COLOMBIANO JAIME ISAZA CADAVID","2021-02-03","","98.25686635"
"POLITÉCNICO COLOMBIANO JAIME ISAZA CADAVID","2021-02-02","","139.55133193"
"POLITÉCNICO COLOMBIANO JAIME ISAZA CADAVID","2021-02-01","","115.19773414"
"POLITÉCNICO COLOMBIANO JAIME ISAZA CADAVID","2021-01-31","","129.66666667"
"POLITÉCNICO COLOMBIANO JAIME ISAZA CADAVID","2021-01-30","","90.41666667"
"POLITÉCNICO COLOMBIANO JAIME ISAZA CADAVID","2021-01-29","","94.33333333"
"POLITÉCNICO COLOMBIANO JAIME ISAZA CADAVID","2021-01-28","","145.04166667"
"POLITÉCNICO COLOMBIANO JAIME ISAZA CADAVID","2021-01-27","","123.13636364"
"POLITÉCNICO COLOMBIANO JAIME ISAZA CADAVID","2021-01-26","","113.95833333"
"POLITÉCNICO COLOMBIANO JAIME ISAZA CADAVID","2021-01-25","","132.95"
"POLITÉCNICO COLOMBIANO JAIME ISAZA CADAVID","2021-01-24","","155.7"
"POLITÉCNICO COLOMBIANO JAIME ISAZA CADAVID","2021-01-23","","107.54166667"
"POLITÉCNICO COLOMBIANO JAIME ISAZA CADAVID","2021-01-22","","113.5"
"POLITÉCNICO COLOMBIANO JAIME ISAZA CADAVID","2021-01-20","","143.0"
"POLITÉCNICO COLOMBIANO JAIME ISAZA CADAVID","2021-01-19","","131.0"
"POLITÉCNICO COLOMBIANO JAIME ISAZA CADAVID","2021-01-18","","141.16666667"
"POLITÉCNICO COLOMBIANO JAIME ISAZA CADAVID","2021-01-17","","159.58333333"
"POLITÉCNICO COLOMBIANO JAIME ISAZA CADAVID","2021-01-16","","180.375"
"POLITÉCNICO COLOMBIANO JAIME ISAZA CADAVID","2021-01-15","","169.79166667"
"POLITÉCNICO COLOMBIANO JAIME ISAZA CADAVID","2021-01-14","","148.66666667"
"POLITÉCNICO COLOMBIANO JAIME ISAZA CADAVID","2021-01-13","","171.20833333"
"POLITÉCNICO COLOMBIANO JAIME ISAZA CADAVID","2021-01-12","","146.75"
"POLITÉCNICO COLOMBIANO JAIME ISAZA CADAVID","2021-01-11","","164.20833333"
"POLITÉCNICO COLOMBIANO JAIME ISAZA CADAVID","2021-01-10","","187.5"
"POLITÉCNICO COLOMBIANO JAIME ISAZA CADAVID","2021-01-09","","172.41666667"
"POLITÉCNICO COLOMBIANO JAIME ISAZA CADAVID","2021-01-08","","158.91666667"
"POLITÉCNICO COLOMBIANO JAIME ISAZA CADAVID","2021-01-07","","130.45833333"
"POLITÉCNICO COLOMBIANO JAIME ISAZA CADAVID","2021-01-06","","140.0"
"POLITÉCNICO COLOMBIANO JAIME ISAZA CADAVID","2021-01-05","","165.625"
"POLITÉCNICO COLOMBIANO JAIME ISAZA CADAVID","2021-01-04","","191.25"
"POLITÉCNICO COLOMBIANO JAIME ISAZA CADAVID","2021-01-03","","136.45833333"
"POLITÉCNICO COLOMBIANO JAIME ISAZA CADAVID","2021-01-02","","164.79166667"
"POLITÉCNICO COLOMBIANO JAIME ISAZA CADAVID","2021-01-01","","183.875"
"POLITÉCNICO COLOMBIANO JAIME ISAZA CADAVID","2020-12-31","","170.46153846"
"POLITÉCNICO COLOMBIANO JAIME ISAZA CADAVID","2020-12-30","","159.5"
"POLITÉCNICO COLOMBIANO JAIME ISAZA CADAVID","2020-12-29","","153.75"
"POLITÉCNICO COLOMBIANO JAIME ISAZA CADAVID","2020-12-28","","141.375"
"POLITÉCNICO COLOMBIANO JAIME ISAZA CADAVID","2020-12-27","","166.54166667"
"POLITÉCNICO COLOMBIANO JAIME ISAZA CADAVID","2020-12-26","","162.66666667"
"POLITÉCNICO COLOMBIANO JAIME ISAZA CADAVID","2020-12-25","","136.95833333"
"POLITÉCNICO COLOMBIANO JAIME ISAZA CADAVID","2020-12-24","","176.79166667"
"POLITÉCNICO COLOMBIANO JAIME ISAZA CADAVID","2020-12-23","","117.20833333"
"POLITÉCNICO COLOMBIANO JAIME ISAZA CADAVID","2020-12-22","","153.38095238"
"POLITÉCNICO COLOMBIANO JAIME ISAZA CADAVID","2020-12-21","","164.91666667"
"POLITÉCNICO COLOMBIANO JAIME ISAZA CADAVID","2020-12-20","","126.94117647"
"POLITÉCNICO COLOMBIANO JAIME ISAZA CADAVID","2020-12-19","","142.66666667"
"POLITÉCNICO COLOMBIANO JAIME ISAZA CADAVID","2020-12-18","","179.91666667"
"POLITÉCNICO COLOMBIANO JAIME ISAZA CADAVID","2020-12-17","","135.45833333"
"POLITÉCNICO COLOMBIANO JAIME ISAZA CADAVID","2020-12-16","","149.83333333"
"POLITÉCNICO COLOMBIANO JAIME ISAZA CADAVID","2020-12-15","","144.04347826"
"POLITÉCNICO COLOMBIANO JAIME ISAZA CADAVID","2020-12-14","","148.08333333"
"POLITÉCNICO COLOMBIANO JAIME ISAZA CADAVID","2020-12-13","","160.25"
"POLITÉCNICO COLOMBIANO JAIME ISAZA CADAVID","2020-12-12","","172.45833333"
"POLITÉCNICO COLOMBIANO JAIME ISAZA CADAVID","2020-12-11","","216.54166667"
"POLITÉCNICO COLOMBIANO JAIME ISAZA CADAVID","2020-12-10","","187.54166667"
"POLITÉCNICO COLOMBIANO JAIME ISAZA CADAVID","2020-12-09","","155.375"
"POLITÉCNICO COLOMBIANO JAIME ISAZA CADAVID","2020-12-08","","157.45833333"
"POLITÉCNICO COLOMBIANO JAIME ISAZA CADAVID","2020-12-07","","141.08333333"
"POLITÉCNICO COLOMBIANO JAIME ISAZA CADAVID","2020-12-06","","147.66666667"
"POLITÉCNICO COLOMBIANO JAIME ISAZA CADAVID","2020-12-05","","155.375"
"POLITÉCNICO COLOMBIANO JAIME ISAZA CADAVID","2020-12-04","","117.25"
"POLITÉCNICO COLOMBIANO JAIME ISAZA CADAVID","2020-12-03","","170.5"
"POLITÉCNICO COLOMBIANO JAIME ISAZA CADAVID","2020-12-02","","122.125"
"POLITÉCNICO COLOMBIANO JAIME ISAZA CADAVID","2020-12-01","","146.625"
"POLITÉCNICO COLOMBIANO JAIME ISAZA CADAVID","2020-11-30","","163.54166667"
"POLITÉCNICO COLOMBIANO JAIME ISAZA CADAVID","2020-11-29","","174.58333333"
"POLITÉCNICO COLOMBIANO JAIME ISAZA CADAVID","2020-11-28","","155.04166667"
"POLITÉCNICO COLOMBIANO JAIME ISAZA CADAVID","2020-11-27","","200.66666667"
"POLITÉCNICO COLOMBIANO JAIME ISAZA CADAVID","2020-11-26","","117.75"
"POLITÉCNICO COLOMBIANO JAIME ISAZA CADAVID","2020-11-25","","179.25"
"POLITÉCNICO COLOMBIANO JAIME ISAZA CADAVID","2020-11-24","","116.75"
"POLITÉCNICO COLOMBIANO JAIME ISAZA CADAVID","2020-11-23","","136.5"
"POLITÉCNICO COLOMBIANO JAIME ISAZA CADAVID","2020-11-22","","156.08333333"
"POLITÉCNICO COLOMBIANO JAIME ISAZA CADAVID","2020-11-21","","178.04761905"
"POLITÉCNICO COLOMBIANO JAIME ISAZA CADAVID","2020-11-20","","123.92857143"
"POLITÉCNICO COLOMBIANO JAIME ISAZA CADAVID","2020-11-19","","131.71428571"
"POLITÉCNICO COLOMBIANO JAIME ISAZA CADAVID","2020-11-18","","69.75"
"POLITÉCNICO COLOMBIANO JAIME ISAZA CADAVID","2020-11-17","","169.5"
"POLITÉCNICO COLOMBIANO JAIME ISAZA CADAVID","2020-11-16","","176.83333333"
"POLITÉCNICO COLOMBIANO JAIME ISAZA CADAVID","2020-11-15","","169.95833333"
"POLITÉCNICO COLOMBIANO JAIME ISAZA CADAVID","2020-11-14","","195.43478261"
"POLITÉCNICO COLOMBIANO JAIME ISAZA CADAVID","2020-11-13","","165.08333333"
"POLITÉCNICO COLOMBIANO JAIME ISAZA CADAVID","2020-11-12","","173.625"
"POLITÉCNICO COLOMBIANO JAIME ISAZA CADAVID","2020-11-11","","140.08333333"
"POLITÉCNICO COLOMBIANO JAIME ISAZA CADAVID","2020-11-10","","167.45833333"
"POLITÉCNICO COLOMBIANO JAIME ISAZA CADAVID","2020-11-09","","185.29166667"
"POLITÉCNICO COLOMBIANO JAIME ISAZA CADAVID","2020-11-08","","143.95833333"
"POLITÉCNICO COLOMBIANO JAIME ISAZA CADAVID","2020-11-07","","165.125"
"POLITÉCNICO COLOMBIANO JAIME ISAZA CADAVID","2020-11-06","","173.25"
"POLITÉCNICO COLOMBIANO JAIME ISAZA CADAVID","2020-11-05","","167.25"
"POLITÉCNICO COLOMBIANO JAIME ISAZA CADAVID","2020-11-04","","148.70833333"
"POLITÉCNICO COLOMBIANO JAIME ISAZA CADAVID","2020-11-03","","122.08333333"
"POLITÉCNICO COLOMBIANO JAIME ISAZA CADAVID","2020-11-02","","135.5"
"POLITÉCNICO COLOMBIANO JAIME ISAZA CADAVID","2020-11-01","","192.375"
"POLITÉCNICO COLOMBIANO JAIME ISAZA CADAVID","2020-10-31","","202.33333333"
"POLITÉCNICO COLOMBIANO JAIME ISAZA CADAVID","2020-10-30","","137.66666667"
"POLITÉCNICO COLOMBIANO JAIME ISAZA CADAVID","2020-10-29","","157.16666667"
"POLITÉCNICO COLOMBIANO JAIME ISAZA CADAVID","2020-10-28","","180.75"
"POLITÉCNICO COLOMBIANO JAIME ISAZA CADAVID","2020-10-27","","151.16666667"
"POLITÉCNICO COLOMBIANO JAIME ISAZA CADAVID","2020-10-26","","167.125"
"POLITÉCNICO COLOMBIANO JAIME ISAZA CADAVID","2020-10-25","","169.25"
"POLITÉCNICO COLOMBIANO JAIME ISAZA CADAVID","2020-10-24","","178.25"
"POLITÉCNICO COLOMBIANO JAIME ISAZA CADAVID","2020-10-23","","132.375"
"POLITÉCNICO COLOMBIANO JAIME ISAZA CADAVID","2020-10-22","","189.16666667"
"POLITÉCNICO COLOMBIANO JAIME ISAZA CADAVID","2020-10-21","","129.91666667"
"POLITÉCNICO COLOMBIANO JAIME ISAZA CADAVID","2020-10-20","","176.79166667"
"POLITÉCNICO COLOMBIANO JAIME ISAZA CADAVID","2020-10-19","","182.375"
"POLITÉCNICO COLOMBIANO JAIME ISAZA CADAVID","2020-10-18","","213.0"
"POLITÉCNICO COLOMBIANO JAIME ISAZA CADAVID","2020-10-17","","163.58333333"
"POLITÉCNICO COLOMBIANO JAIME ISAZA CADAVID","2020-10-13","","185.79166667"
"POLITÉCNICO COLOMBIANO JAIME ISAZA CADAVID","2020-10-12","","166.95833333"
"POLITÉCNICO COLOMBIANO JAIME ISAZA CADAVID","2020-10-11","","184.08333333"
"POLITÉCNICO COLOMBIANO JAIME ISAZA CADAVID","2020-10-10","","105.41666667"
"POLITÉCNICO COLOMBIANO JAIME ISAZA CADAVID","2020-10-09","","135.41666667"
"POLITÉCNICO COLOMBIANO JAIME ISAZA CADAVID","2020-10-08","","159.04166667"
"POLITÉCNICO COLOMBIANO JAIME ISAZA CADAVID","2020-10-07","","163.91666667"
"POLITÉCNICO COLOMBIANO JAIME ISAZA CADAVID","2020-10-06","","117.29166667"
"POLITÉCNICO COLOMBIANO JAIME ISAZA CADAVID","2020-10-05","","157.41666667"
"POLITÉCNICO COLOMBIANO JAIME ISAZA CADAVID","2020-10-04","","181.79166667"
"POLITÉCNICO COLOMBIANO JAIME ISAZA CADAVID","2020-10-03","","166.16666667"
"POLITÉCNICO COLOMBIANO JAIME ISAZA CADAVID","2020-10-02","","158.08333333"
"POLITÉCNICO COLOMBIANO JAIME ISAZA CADAVID","2020-10-01","","197.25"
"POLITÉCNICO COLOMBIANO JAIME ISAZA CADAVID","2020-09-30","","161.25"
"POLITÉCNICO COLOMBIANO JAIME ISAZA CADAVID","2020-09-29","","114.625"
"POLITÉCNICO COLOMBIANO JAIME ISAZA CADAVID","2020-09-28","","170.875"
"POLITÉCNICO COLOMBIANO JAIME ISAZA CADAVID","2020-09-27","","172.41666667"
"POLITÉCNICO COLOMBIANO JAIME ISAZA CADAVID","2020-09-26","","189.91666667"
"POLITÉCNICO COLOMBIANO JAIME ISAZA CADAVID","2020-09-25","","178.04166667"
"POLITÉCNICO COLOMBIANO JAIME ISAZA CADAVID","2020-09-24","","162.79166667"
"POLITÉCNICO COLOMBIANO JAIME ISAZA CADAVID","2020-09-23","","189.70833333"
"POLITÉCNICO COLOMBIANO JAIME ISAZA CADAVID","2020-09-22","","132.54166667"
"POLITÉCNICO COLOMBIANO JAIME ISAZA CADAVID","2020-09-21","","154.95238095"
"POLITÉCNICO COLOMBIANO JAIME ISAZA CADAVID","2020-09-20","","206.15789474"
"POLITÉCNICO COLOMBIANO JAIME ISAZA CADAVID","2020-09-19","","127.86956522"
"POLITÉCNICO COLOMBIANO JAIME ISAZA CADAVID","2020-09-18","","139.33333333"
"POLITÉCNICO COLOMBIANO JAIME ISAZA CADAVID","2020-09-17","","127.63157895"
"POLITÉCNICO COLOMBIANO JAIME ISAZA CADAVID","2020-09-16","","139.875"
"POLITÉCNICO COLOMBIANO JAIME ISAZA CADAVID","2020-09-15","","159.125"
"POLITÉCNICO COLOMBIANO JAIME ISAZA CADAVID","2020-09-14","","185.5"
"POLITÉCNICO COLOMBIANO JAIME ISAZA CADAVID","2020-09-13","","142.625"
"POLITÉCNICO COLOMBIANO JAIME ISAZA CADAVID","2020-09-12","","171.20833333"
"POLITÉCNICO COLOMBIANO JAIME ISAZA CADAVID","2020-09-11","","124.75"
"POLITÉCNICO COLOMBIANO JAIME ISAZA CADAVID","2020-09-10","","148.125"
"POLITÉCNICO COLOMBIANO JAIME ISAZA CADAVID","2020-09-09","","166.66666667"
"POLITÉCNICO COLOMBIANO JAIME ISAZA CADAVID","2020-09-08","","152.79166667"
"POLITÉCNICO COLOMBIANO JAIME ISAZA CADAVID","2020-09-07","","170.29166667"
"POLITÉCNICO COLOMBIANO JAIME ISAZA CADAVID","2020-09-06","","193.16666667"
"POLITÉCNICO COLOMBIANO JAIME ISAZA CADAVID","2020-09-05","","176.75"
"POLITÉCNICO COLOMBIANO JAIME ISAZA CADAVID","2020-09-04","","163.20833333"
"POLITÉCNICO COLOMBIANO JAIME ISAZA CADAVID","2020-09-03","","140.79166667"
"POLITÉCNICO COLOMBIANO JAIME ISAZA CADAVID","2020-09-02","","165.45833333"
"POLITÉCNICO COLOMBIANO JAIME ISAZA CADAVID","2020-09-01","","152.95833333"
"POLITÉCNICO COLOMBIANO JAIME ISAZA CADAVID","2020-08-31","","175.875"
"POLITÉCNICO COLOMBIANO JAIME ISAZA CADAVID","2020-08-30","","177.875"
"POLITÉCNICO COLOMBIANO JAIME ISAZA CADAVID","2020-08-29","","177.125"
"POLITÉCNICO COLOMBIANO JAIME ISAZA CADAVID","2020-08-28","","164.80952381"
"POLITÉCNICO COLOMBIANO JAIME ISAZA CADAVID","2020-08-27","","146.08695652"
"POLITÉCNICO COLOMBIANO JAIME ISAZA CADAVID","2020-08-26","","196.375"
"POLITÉCNICO COLOMBIANO JAIME ISAZA CADAVID","2020-08-25","","169.59090909"
"POLITÉCNICO COLOMBIANO JAIME ISAZA CADAVID","2020-08-24","","168.95833333"
"POLITÉCNICO COLOMBIANO JAIME ISAZA CADAVID","2020-08-23","","156.54166667"
"POLITÉCNICO COLOMBIANO JAIME ISAZA CADAVID","2020-08-22","","196.16666667"
"POLITÉCNICO COLOMBIANO JAIME ISAZA CADAVID","2020-08-21","","187.25"
"POLITÉCNICO COLOMBIANO JAIME ISAZA CADAVID","2020-08-20","","172.625"
"POLITÉCNICO COLOMBIANO JAIME ISAZA CADAVID","2020-08-19","","176.5"
"POLITÉCNICO COLOMBIANO JAIME ISAZA CADAVID","2020-08-18","","163.70833333"
"POLITÉCNICO COLOMBIANO JAIME ISAZA CADAVID","2020-08-17","","163.625"
"POLITÉCNICO COLOMBIANO JAIME ISAZA CADAVID","2020-08-16","","191.54166667"
"POLITÉCNICO COLOMBIANO JAIME ISAZA CADAVID","2020-08-15","","177.875"
"POLITÉCNICO COLOMBIANO JAIME ISAZA CADAVID","2020-08-14","","196.58333333"
"POLITÉCNICO COLOMBIANO JAIME ISAZA CADAVID","2020-08-13","","190.45833333"
"POLITÉCNICO COLOMBIANO JAIME ISAZA CADAVID","2020-08-12","","173.5"
"POLITÉCNICO COLOMBIANO JAIME ISAZA CADAVID","2020-08-11","","186.5"
"POLITÉCNICO COLOMBIANO JAIME ISAZA CADAVID","2020-08-10","","151.43478261"
"POLITÉCNICO COLOMBIANO JAIME ISAZA CADAVID","2020-08-09","","165.5"
"POLITÉCNICO COLOMBIANO JAIME ISAZA CADAVID","2020-08-08","","154.16666667"
"POLITÉCNICO COLOMBIANO JAIME ISAZA CADAVID","2020-08-07","","173.41666667"
"POLITÉCNICO COLOMBIANO JAIME ISAZA CADAVID","2020-08-06","","139.08333333"
"POLITÉCNICO COLOMBIANO JAIME ISAZA CADAVID","2020-08-05","","158.125"
"POLITÉCNICO COLOMBIANO JAIME ISAZA CADAVID","2020-08-04","","186.75"
"POLITÉCNICO COLOMBIANO JAIME ISAZA CADAVID","2020-08-03","","191.08333333"
"POLITÉCNICO COLOMBIANO JAIME ISAZA CADAVID","2020-08-02","","171.75"
"POLITÉCNICO COLOMBIANO JAIME ISAZA CADAVID","2020-08-01","","108.20833333"
"POLITÉCNICO COLOMBIANO JAIME ISAZA CADAVID","2020-07-31","","134.5"
"POLITÉCNICO COLOMBIANO JAIME ISAZA CADAVID","2020-07-30","","150.25"
"POLITÉCNICO COLOMBIANO JAIME ISAZA CADAVID","2020-07-29","","141.16666667"
"POLITÉCNICO COLOMBIANO JAIME ISAZA CADAVID","2020-07-28","","136.625"
"POLITÉCNICO COLOMBIANO JAIME ISAZA CADAVID","2020-07-27","","193.0"
"POLITÉCNICO COLOMBIANO JAIME ISAZA CADAVID","2020-07-26","","188.66666667"
"POLITÉCNICO COLOMBIANO JAIME ISAZA CADAVID","2020-07-25","","166.375"
"POLITÉCNICO COLOMBIANO JAIME ISAZA CADAVID","2020-07-24","","174.58333333"
"POLITÉCNICO COLOMBIANO JAIME ISAZA CADAVID","2020-07-23","","157.08333333"
"POLITÉCNICO COLOMBIANO JAIME ISAZA CADAVID","2020-07-22","","146.22727273"
"POLITÉCNICO COLOMBIANO JAIME ISAZA CADAVID","2020-07-21","","182.59090909"
"POLITÉCNICO COLOMBIANO JAIME ISAZA CADAVID","2020-07-20","","158.0"
"POLITÉCNICO COLOMBIANO JAIME ISAZA CADAVID","2020-07-19","","155.92307692"
"POLITÉCNICO COLOMBIANO JAIME ISAZA CADAVID","2020-07-18","","115.79166667"
"POLITÉCNICO COLOMBIANO JAIME ISAZA CADAVID","2020-07-17","","156.25"
"POLITÉCNICO COLOMBIANO JAIME ISAZA CADAVID","2020-07-16","","168.29166667"
"POLITÉCNICO COLOMBIANO JAIME ISAZA CADAVID","2020-07-15","","135.25"
"POLITÉCNICO COLOMBIANO JAIME ISAZA CADAVID","2020-07-14","","168.66666667"
"POLITÉCNICO COLOMBIANO JAIME ISAZA CADAVID","2020-07-13","","167.375"
"POLITÉCNICO COLOMBIANO JAIME ISAZA CADAVID","2020-07-11","","147.08333333"
"POLITÉCNICO COLOMBIANO JAIME ISAZA CADAVID","2020-07-10","","126.91666667"
"POLITÉCNICO COLOMBIANO JAIME ISAZA CADAVID","2020-07-09","","165.08333333"
"POLITÉCNICO COLOMBIANO JAIME ISAZA CADAVID","2020-07-08","","124.125"
"POLITÉCNICO COLOMBIANO JAIME ISAZA CADAVID","2020-07-07","","167.58333333"
"POLITÉCNICO COLOMBIANO JAIME ISAZA CADAVID","2020-07-06","","128.95833333"
"POLITÉCNICO COLOMBIANO JAIME ISAZA CADAVID","2020-07-05","","181.45833333"
"POLITÉCNICO COLOMBIANO JAIME ISAZA CADAVID","2020-07-04","","178.70833333"
"POLITÉCNICO COLOMBIANO JAIME ISAZA CADAVID","2020-07-03","","156.58333333"
"POLITÉCNICO COLOMBIANO JAIME ISAZA CADAVID","2020-07-02","","147.58333333"
"POLITÉCNICO COLOMBIANO JAIME ISAZA CADAVID","2020-07-01","","167.125"
"POLITÉCNICO COLOMBIANO JAIME ISAZA CADAVID","2020-06-30","","145.41666667"
"POLITÉCNICO COLOMBIANO JAIME ISAZA CADAVID","2020-06-29","","188.875"
"POLITÉCNICO COLOMBIANO JAIME ISAZA CADAVID","2020-06-28","","173.95833333"
"POLITÉCNICO COLOMBIANO JAIME ISAZA CADAVID","2020-06-27","","129.41666667"
"POLITÉCNICO COLOMBIANO JAIME ISAZA CADAVID","2020-06-26","","123.95833333"
"POLITÉCNICO COLOMBIANO JAIME ISAZA CADAVID","2020-06-25","","122.83333333"
"POLITÉCNICO COLOMBIANO JAIME ISAZA CADAVID","2020-06-24","","139.04166667"
"POLITÉCNICO COLOMBIANO JAIME ISAZA CADAVID","2020-06-23","","134.08333333"
"POLITÉCNICO COLOMBIANO JAIME ISAZA CADAVID","2020-06-22","","118.33333333"
"POLITÉCNICO COLOMBIANO JAIME ISAZA CADAVID","2020-06-21","","142.125"
"POLITÉCNICO COLOMBIANO JAIME ISAZA CADAVID","2020-06-20","","196.29166667"
"POLITÉCNICO COLOMBIANO JAIME ISAZA CADAVID","2020-06-19","","134.66666667"
"POLITÉCNICO COLOMBIANO JAIME ISAZA CADAVID","2020-06-18","","119.625"
"POLITÉCNICO COLOMBIANO JAIME ISAZA CADAVID","2020-06-17","","156.29166667"
"POLITÉCNICO COLOMBIANO JAIME ISAZA CADAVID","2020-06-16","","112.0"
"POLITÉCNICO COLOMBIANO JAIME ISAZA CADAVID","2020-06-15","","163.625"
"POLITÉCNICO COLOMBIANO JAIME ISAZA CADAVID","2020-06-14","","178.54166667"
"POLITÉCNICO COLOMBIANO JAIME ISAZA CADAVID","2020-06-13","","142.91666667"
"POLITÉCNICO COLOMBIANO JAIME ISAZA CADAVID","2020-06-12","","122.125"
"POLITÉCNICO COLOMBIANO JAIME ISAZA CADAVID","2020-06-11","","146.95454545"
"POLITÉCNICO COLOMBIANO JAIME ISAZA CADAVID","2020-06-10","","196.16666667"
"POLITÉCNICO COLOMBIANO JAIME ISAZA CADAVID","2020-06-09","","170.29166667"
"POLITÉCNICO COLOMBIANO JAIME ISAZA CADAVID","2020-06-08","","154.125"
"POLITÉCNICO COLOMBIANO JAIME ISAZA CADAVID","2020-06-07","","158.66666667"
"POLITÉCNICO COLOMBIANO JAIME ISAZA CADAVID","2020-06-06","","161.20833333"
"POLITÉCNICO COLOMBIANO JAIME ISAZA CADAVID","2020-06-05","","176.58333333"
"POLITÉCNICO COLOMBIANO JAIME ISAZA CADAVID","2020-06-04","","149.29166667"
"POLITÉCNICO COLOMBIANO JAIME ISAZA CADAVID","2020-06-03","","129.125"
"POLITÉCNICO COLOMBIANO JAIME ISAZA CADAVID","2020-06-02","","165.91666667"
"POLITÉCNICO COLOMBIANO JAIME ISAZA CADAVID","2020-06-01","","168.54166667"
"POLITÉCNICO COLOMBIANO JAIME ISAZA CADAVID","2020-05-31","","139.66666667"
"POLITÉCNICO COLOMBIANO JAIME ISAZA CADAVID","2020-05-30","","177.29166667"
"POLITÉCNICO COLOMBIANO JAIME ISAZA CADAVID","2020-05-29","","138.45833333"
"POLITÉCNICO COLOMBIANO JAIME ISAZA CADAVID","2020-05-28","","224.70833333"
"POLITÉCNICO COLOMBIANO JAIME ISAZA CADAVID","2020-05-27","","168.95833333"
"POLITÉCNICO COLOMBIANO JAIME ISAZA CADAVID","2020-05-26","","181.625"
"POLITÉCNICO COLOMBIANO JAIME ISAZA CADAVID","2020-05-25","","209.70833333"
"POLITÉCNICO COLOMBIANO JAIME ISAZA CADAVID","2020-05-24","","187.08333333"
"POLITÉCNICO COLOMBIANO JAIME ISAZA CADAVID","2020-05-23","","159.58333333"
"POLITÉCNICO COLOMBIANO JAIME ISAZA CADAVID","2020-05-22","","157.54166667"
"POLITÉCNICO COLOMBIANO JAIME ISAZA CADAVID","2020-05-21","","170.20833333"
"POLITÉCNICO COLOMBIANO JAIME ISAZA CADAVID","2020-05-20","","171.91666667"
"POLITÉCNICO COLOMBIANO JAIME ISAZA CADAVID","2020-05-19","","142.5"
"POLITÉCNICO COLOMBIANO JAIME ISAZA CADAVID","2020-05-18","","177.08333333"
"POLITÉCNICO COLOMBIANO JAIME ISAZA CADAVID","2020-05-17","","155.91666667"
"POLITÉCNICO COLOMBIANO JAIME ISAZA CADAVID","2020-05-16","","171.16666667"
"POLITÉCNICO COLOMBIANO JAIME ISAZA CADAVID","2020-05-15","","186.16666667"
"POLITÉCNICO COLOMBIANO JAIME ISAZA CADAVID","2020-05-14","","169.91666667"
"POLITÉCNICO COLOMBIANO JAIME ISAZA CADAVID","2020-05-13","","187.25"
"POLITÉCNICO COLOMBIANO JAIME ISAZA CADAVID","2020-05-12","","191.5"
"POLITÉCNICO COLOMBIANO JAIME ISAZA CADAVID","2020-05-11","","241.95833333"
"POLITÉCNICO COLOMBIANO JAIME ISAZA CADAVID","2020-05-10","","167.125"
"POLITÉCNICO COLOMBIANO JAIME ISAZA CADAVID","2020-05-09","","101.91666667"
"POLITÉCNICO COLOMBIANO JAIME ISAZA CADAVID","2020-05-08","","151.04166667"
"POLITÉCNICO COLOMBIANO JAIME ISAZA CADAVID","2020-05-07","","192.83333333"
"POLITÉCNICO COLOMBIANO JAIME ISAZA CADAVID","2020-05-06","","199.04166667"
"POLITÉCNICO COLOMBIANO JAIME ISAZA CADAVID","2020-05-05","","187.70833333"
"POLITÉCNICO COLOMBIANO JAIME ISAZA CADAVID","2020-05-04","","158.75"
"POLITÉCNICO COLOMBIANO JAIME ISAZA CADAVID","2020-05-03","","169.91666667"
"POLITÉCNICO COLOMBIANO JAIME ISAZA CADAVID","2020-05-02","","191.41666667"
"POLITÉCNICO COLOMBIANO JAIME ISAZA CADAVID","2020-05-01","","204.04166667"
"POLITÉCNICO COLOMBIANO JAIME ISAZA CADAVID","2020-04-30","","127.91666667"
"POLITÉCNICO COLOMBIANO JAIME ISAZA CADAVID","2020-04-29","","167.83333333"
"POLITÉCNICO COLOMBIANO JAIME ISAZA CADAVID","2020-04-28","","137.375"
"POLITÉCNICO COLOMBIANO JAIME ISAZA CADAVID","2020-04-27","","163.83333333"
"POLITÉCNICO COLOMBIANO JAIME ISAZA CADAVID","2020-04-26","","147.45833333"
"POLITÉCNICO COLOMBIANO JAIME ISAZA CADAVID","2020-04-25","","155.08333333"
"POLITÉCNICO COLOMBIANO JAIME ISAZA CADAVID","2020-04-24","","148.20833333"
"POLITÉCNICO COLOMBIANO JAIME ISAZA CADAVID","2020-04-23","","196.70833333"
"POLITÉCNICO COLOMBIANO JAIME ISAZA CADAVID","2020-04-22","","174.625"
"POLITÉCNICO COLOMBIANO JAIME ISAZA CADAVID","2020-04-21","","185.375"
"POLITÉCNICO COLOMBIANO JAIME ISAZA CADAVID","2020-04-20","","145.20833333"
"POLITÉCNICO COLOMBIANO JAIME ISAZA CADAVID","2020-04-19","","161.625"
"POLITÉCNICO COLOMBIANO JAIME ISAZA CADAVID","2020-04-18","","157.79166667"
"POLITÉCNICO COLOMBIANO JAIME ISAZA CADAVID","2020-04-17","","174.83333333"
"POLITÉCNICO COLOMBIANO JAIME ISAZA CADAVID","2020-04-16","","193.625"
"POLITÉCNICO COLOMBIANO JAIME ISAZA CADAVID","2020-04-15","","137.0"
"POLITÉCNICO COLOMBIANO JAIME ISAZA CADAVID","2020-04-14","","207.875"
"POLITÉCNICO COLOMBIANO JAIME ISAZA CADAVID","2020-04-13","","179.04166667"
"POLITÉCNICO COLOMBIANO JAIME ISAZA CADAVID","2020-04-12","","172.625"
"POLITÉCNICO COLOMBIANO JAIME ISAZA CADAVID","2020-04-11","","193.95833333"
"POLITÉCNICO COLOMBIANO JAIME ISAZA CADAVID","2020-04-10","","144.375"
"POLITÉCNICO COLOMBIANO JAIME ISAZA CADAVID","2020-04-09","","240.20833333"
"POLITÉCNICO COLOMBIANO JAIME ISAZA CADAVID","2020-04-08","","131.29166667"
"POLITÉCNICO COLOMBIANO JAIME ISAZA CADAVID","2020-04-07","","147.5"
"POLITÉCNICO COLOMBIANO JAIME ISAZA CADAVID","2020-04-06","","159.16666667"
"POLITÉCNICO COLOMBIANO JAIME ISAZA CADAVID","2020-04-05","","119.58333333"
"POLITÉCNICO COLOMBIANO JAIME ISAZA CADAVID","2020-04-04","","149.75"
"POLITÉCNICO COLOMBIANO JAIME ISAZA CADAVID","2020-04-03","","175.20833333"
"POLITÉCNICO COLOMBIANO JAIME ISAZA CADAVID","2020-04-02","","110.58333333"
"POLITÉCNICO COLOMBIANO JAIME ISAZA CADAVID","2020-04-01","","167.95833333"
"POLITÉCNICO COLOMBIANO JAIME ISAZA CADAVID","2020-03-31","","198.5"
"POLITÉCNICO COLOMBIANO JAIME ISAZA CADAVID","2020-03-30","","152.45833333"
"POLITÉCNICO COLOMBIANO JAIME ISAZA CADAVID","2020-03-29","","192.54166667"
"POLITÉCNICO COLOMBIANO JAIME ISAZA CADAVID","2020-03-28","","105.20833333"
"POLITÉCNICO COLOMBIANO JAIME ISAZA CADAVID","2020-03-27","","138.08333333"
"POLITÉCNICO COLOMBIANO JAIME ISAZA CADAVID","2020-03-26","","146.16666667"
"POLITÉCNICO COLOMBIANO JAIME ISAZA CADAVID","2020-03-25","","154.79166667"
"POLITÉCNICO COLOMBIANO JAIME ISAZA CADAVID","2020-03-24","","154.08333333"
"POLITÉCNICO COLOMBIANO JAIME ISAZA CADAVID","2020-03-23","","199.70833333"
"POLITÉCNICO COLOMBIANO JAIME ISAZA CADAVID","2020-03-22","","151.66666667"
"POLITÉCNICO COLOMBIANO JAIME ISAZA CADAVID","2020-03-21","","197.54166667"
"POLITÉCNICO COLOMBIANO JAIME ISAZA CADAVID","2020-03-20","","114.66666667"
"POLITÉCNICO COLOMBIANO JAIME ISAZA CADAVID","2020-03-19","","174.125"
"POLITÉCNICO COLOMBIANO JAIME ISAZA CADAVID","2020-03-18","","197.45833333"
"POLITÉCNICO COLOMBIANO JAIME ISAZA CADAVID","2020-03-17","","109.16666667"
"POLITÉCNICO COLOMBIANO JAIME ISAZA CADAVID","2020-03-16","","129.66666667"
"POLITÉCNICO COLOMBIANO JAIME ISAZA CADAVID","2020-03-15","","159.375"
"POLITÉCNICO COLOMBIANO JAIME ISAZA CADAVID","2020-03-14","","164.0"
"POLITÉCNICO COLOMBIANO JAIME ISAZA CADAVID","2020-03-13","","182.79166667"
"POLITÉCNICO COLOMBIANO JAIME ISAZA CADAVID","2020-03-12","","163.20833333"
"POLITÉCNICO COLOMBIANO JAIME ISAZA CADAVID","2020-03-11","","213.75"
"POLITÉCNICO COLOMBIANO JAIME ISAZA CADAVID","2020-03-10","","201.375"
"POLITÉCNICO COLOMBIANO JAIME ISAZA CADAVID","2020-03-09","","96.04166667"
"POLITÉCNICO COLOMBIANO JAIME ISAZA CADAVID","2020-03-08","","199.375"
"POLITÉCNICO COLOMBIANO JAIME ISAZA CADAVID","2020-03-07","","216.83333333"
"POLITÉCNICO COLOMBIANO JAIME ISAZA CADAVID","2020-03-06","","146.83333333"
"POLITÉCNICO COLOMBIANO JAIME ISAZA CADAVID","2020-03-05","","157.3"
"POLITÉCNICO COLOMBIANO JAIME ISAZA CADAVID","2020-03-02","","143.0"
"POLITÉCNICO COLOMBIANO JAIME ISAZA CADAVID","2020-02-28","","113.42857143"
"POLITÉCNICO COLOMBIANO JAIME ISAZA CADAVID","2020-02-27","","198.45454545"
"POLITÉCNICO COLOMBIANO JAIME ISAZA CADAVID","2020-02-26","","213.15"
"POLITÉCNICO COLOMBIANO JAIME ISAZA CADAVID","2020-02-25","","174.75"
"POLITÉCNICO COLOMBIANO JAIME ISAZA CADAVID","2020-02-24","","128.95833333"
"POLITÉCNICO COLOMBIANO JAIME ISAZA CADAVID","2020-02-23","","172.29166667"
"POLITÉCNICO COLOMBIANO JAIME ISAZA CADAVID","2020-02-22","","163.20833333"
"POLITÉCNICO COLOMBIANO JAIME ISAZA CADAVID","2020-02-21","","164.83333333"
"POLITÉCNICO COLOMBIANO JAIME ISAZA CADAVID","2020-02-20","","179.29166667"
"POLITÉCNICO COLOMBIANO JAIME ISAZA CADAVID","2020-02-19","","102.83333333"
"POLITÉCNICO COLOMBIANO JAIME ISAZA CADAVID","2020-02-18","","92.41666667"
"POLITÉCNICO COLOMBIANO JAIME ISAZA CADAVID","2020-02-17","","172.375"
"POLITÉCNICO COLOMBIANO JAIME ISAZA CADAVID","2020-02-16","","157.95833333"
"POLITÉCNICO COLOMBIANO JAIME ISAZA CADAVID","2020-02-15","","141.29166667"
"POLITÉCNICO COLOMBIANO JAIME ISAZA CADAVID","2020-02-14","","213.375"
"POLITÉCNICO COLOMBIANO JAIME ISAZA CADAVID","2020-02-13","","170.625"
"POLITÉCNICO COLOMBIANO JAIME ISAZA CADAVID","2020-02-12","","149.25"
"POLITÉCNICO COLOMBIANO JAIME ISAZA CADAVID","2020-02-11","","106.79166667"
"POLITÉCNICO COLOMBIANO JAIME ISAZA CADAVID","2020-02-10","","177.0"
"POLITÉCNICO COLOMBIANO JAIME ISAZA CADAVID","2020-02-09","","205.95833333"
"POLITÉCNICO COLOMBIANO JAIME ISAZA CADAVID","2020-02-08","","156.33333333"
"POLITÉCNICO COLOMBIANO JAIME ISAZA CADAVID","2020-02-07","","154.83333333"
"POLITÉCNICO COLOMBIANO JAIME ISAZA CADAVID","2020-02-06","","165.125"
"POLITÉCNICO COLOMBIANO JAIME ISAZA CADAVID","2020-02-05","","128.52631579"
"POLITÉCNICO COLOMBIANO JAIME ISAZA CADAVID","2020-02-04","","122.04166667"
"POLITÉCNICO COLOMBIANO JAIME ISAZA CADAVID","2020-02-03","","155.95833333"
"POLITÉCNICO COLOMBIANO JAIME ISAZA CADAVID","2020-02-02","","173.41666667"
"POLITÉCNICO COLOMBIANO JAIME ISAZA CADAVID","2020-02-01","","163.33333333"
"POLITÉCNICO COLOMBIANO JAIME ISAZA CADAVID","2020-01-31","","161.66666667"
"POLITÉCNICO COLOMBIANO JAIME ISAZA CADAVID","2020-01-30","","138.125"
"POLITÉCNICO COLOMBIANO JAIME ISAZA CADAVID","2020-01-29","","141.70833333"
"POLITÉCNICO COLOMBIANO JAIME ISAZA CADAVID","2020-01-28","","144.79166667"
"POLITÉCNICO COLOMBIANO JAIME ISAZA CADAVID","2020-01-27","","178.125"
"POLITÉCNICO COLOMBIANO JAIME ISAZA CADAVID","2020-01-26","","151.20833333"
"POLITÉCNICO COLOMBIANO JAIME ISAZA CADAVID","2020-01-25","","132.91666667"
"POLITÉCNICO COLOMBIANO JAIME ISAZA CADAVID","2020-01-24","","139.625"
"POLITÉCNICO COLOMBIANO JAIME ISAZA CADAVID","2020-01-23","","171.375"
"POLITÉCNICO COLOMBIANO JAIME ISAZA CADAVID","2020-01-22","","163.0"
"POLITÉCNICO COLOMBIANO JAIME ISAZA CADAVID","2020-01-21","","200.29166667"
"POLITÉCNICO COLOMBIANO JAIME ISAZA CADAVID","2020-01-20","","116.54166667"
"POLITÉCNICO COLOMBIANO JAIME ISAZA CADAVID","2020-01-19","","169.79166667"
"POLITÉCNICO COLOMBIANO JAIME ISAZA CADAVID","2020-01-18","","151.70833333"
"POLITÉCNICO COLOMBIANO JAIME ISAZA CADAVID","2020-01-17","","107.75"
"POLITÉCNICO COLOMBIANO JAIME ISAZA CADAVID","2020-01-16","","165.625"
"POLITÉCNICO COLOMBIANO JAIME ISAZA CADAVID","2020-01-15","","217.375"
"POLITÉCNICO COLOMBIANO JAIME ISAZA CADAVID","2020-01-14","","169.08333333"
"POLITÉCNICO COLOMBIANO JAIME ISAZA CADAVID","2020-01-13","","153.625"
"POLITÉCNICO COLOMBIANO JAIME ISAZA CADAVID","2020-01-12","","117.66666667"
"POLITÉCNICO COLOMBIANO JAIME ISAZA CADAVID","2020-01-11","","119.29166667"
"POLITÉCNICO COLOMBIANO JAIME ISAZA CADAVID","2020-01-10","","174.83333333"
"POLITÉCNICO COLOMBIANO JAIME ISAZA CADAVID","2020-01-09","","147.83333333"
"POLITÉCNICO COLOMBIANO JAIME ISAZA CADAVID","2020-01-08","","136.5"
"POLITÉCNICO COLOMBIANO JAIME ISAZA CADAVID","2020-01-07","","143.91666667"
"POLITÉCNICO COLOMBIANO JAIME ISAZA CADAVID","2020-01-06","","210.75"
"POLITÉCNICO COLOMBIANO JAIME ISAZA CADAVID","2020-01-05","","196.66666667"
"POLITÉCNICO COLOMBIANO JAIME ISAZA CADAVID","2020-01-04","","184.16666667"
"POLITÉCNICO COLOMBIANO JAIME ISAZA CADAVID","2020-01-03","","244.83333333"
"POLITÉCNICO COLOMBIANO JAIME ISAZA CADAVID","2020-01-02","","180.625"
"POLITÉCNICO COLOMBIANO JAIME ISAZA CADAVID","2020-01-01","","186.625"
"POLITÉCNICO COLOMBIANO JAIME ISAZA CADAVID","2019-12-31","","156.54166667"
"POLITÉCNICO COLOMBIANO JAIME ISAZA CADAVID","2019-12-30","","184.66666667"
"POLITÉCNICO COLOMBIANO JAIME ISAZA CADAVID","2019-12-29","","162.125"
"POLITÉCNICO COLOMBIANO JAIME ISAZA CADAVID","2019-12-28","","144.41666667"
"POLITÉCNICO COLOMBIANO JAIME ISAZA CADAVID","2019-12-27","","188.72222222"
"POLITÉCNICO COLOMBIANO JAIME ISAZA CADAVID","2019-12-26","","215.08333333"
"POLITÉCNICO COLOMBIANO JAIME ISAZA CADAVID","2019-12-25","","184.95833333"
"POLITÉCNICO COLOMBIANO JAIME ISAZA CADAVID","2019-12-24","","196.83333333"
"POLITÉCNICO COLOMBIANO JAIME ISAZA CADAVID","2019-12-23","","197.25"
"POLITÉCNICO COLOMBIANO JAIME ISAZA CADAVID","2019-12-22","","206.17391304"
"POLITÉCNICO COLOMBIANO JAIME ISAZA CADAVID","2019-12-21","","210.88235294"
"POLITÉCNICO COLOMBIANO JAIME ISAZA CADAVID","2019-12-20","","129.875"
"POLITÉCNICO COLOMBIANO JAIME ISAZA CADAVID","2019-12-19","","179.70833333"
"POLITÉCNICO COLOMBIANO JAIME ISAZA CADAVID","2019-12-18","","191.75"
"POLITÉCNICO COLOMBIANO JAIME ISAZA CADAVID","2019-12-17","","171.95833333"
"POLITÉCNICO COLOMBIANO JAIME ISAZA CADAVID","2019-12-16","","187.5"
"POLITÉCNICO COLOMBIANO JAIME ISAZA CADAVID","2019-12-15","","177.95833333"
"POLITÉCNICO COLOMBIANO JAIME ISAZA CADAVID","2019-12-14","","198.5"
"POLITÉCNICO COLOMBIANO JAIME ISAZA CADAVID","2019-12-13","","184.79166667"
"POLITÉCNICO COLOMBIANO JAIME ISAZA CADAVID","2019-12-12","","219.95833333"
"POLITÉCNICO COLOMBIANO JAIME ISAZA CADAVID","2019-12-11","","143.33333333"
"POLITÉCNICO COLOMBIANO JAIME ISAZA CADAVID","2019-12-10","","226.29166667"
"POLITÉCNICO COLOMBIANO JAIME ISAZA CADAVID","2019-12-09","","184.16666667"
"POLITÉCNICO COLOMBIANO JAIME ISAZA CADAVID","2019-12-08","","211.16666667"
"POLITÉCNICO COLOMBIANO JAIME ISAZA CADAVID","2019-12-07","","175.33333333"
"POLITÉCNICO COLOMBIANO JAIME ISAZA CADAVID","2019-12-06","","157.08333333"
"POLITÉCNICO COLOMBIANO JAIME ISAZA CADAVID","2019-12-05","","218.04166667"
"POLITÉCNICO COLOMBIANO JAIME ISAZA CADAVID","2019-12-04","","189.45833333"
"POLITÉCNICO COLOMBIANO JAIME ISAZA CADAVID","2019-12-03","","188.66666667"
"POLITÉCNICO COLOMBIANO JAIME ISAZA CADAVID","2019-12-02","","177.41666667"
"POLITÉCNICO COLOMBIANO JAIME ISAZA CADAVID","2019-12-01","","147.25"
"POLITÉCNICO COLOMBIANO JAIME ISAZA CADAVID","2019-11-30","","201.29166667"
"POLITÉCNICO COLOMBIANO JAIME ISAZA CADAVID","2019-11-29","","185.91666667"
"POLITÉCNICO COLOMBIANO JAIME ISAZA CADAVID","2019-11-28","","157.75"
"POLITÉCNICO COLOMBIANO JAIME ISAZA CADAVID","2019-11-27","","114.16666667"
"POLITÉCNICO COLOMBIANO JAIME ISAZA CADAVID","2019-11-26","","149.75"
"POLITÉCNICO COLOMBIANO JAIME ISAZA CADAVID","2019-11-25","","176.91666667"
"POLITÉCNICO COLOMBIANO JAIME ISAZA CADAVID","2019-11-24","","161.08333333"
"POLITÉCNICO COLOMBIANO JAIME ISAZA CADAVID","2019-11-23","","158.04166667"
"POLITÉCNICO COLOMBIANO JAIME ISAZA CADAVID","2019-11-22","","136.41666667"
"POLITÉCNICO COLOMBIANO JAIME ISAZA CADAVID","2019-11-21","","138.66666667"
"POLITÉCNICO COLOMBIANO JAIME ISAZA CADAVID","2019-11-20","","132.54166667"
"POLITÉCNICO COLOMBIANO JAIME ISAZA CADAVID","2019-11-19","","146.20833333"
"POLITÉCNICO COLOMBIANO JAIME ISAZA CADAVID","2019-11-18","","149.81818182"
"POLITÉCNICO COLOMBIANO JAIME ISAZA CADAVID","2019-11-16","","142.8"
"POLITÉCNICO COLOMBIANO JAIME ISAZA CADAVID","2019-11-15","","172.08333333"
"POLITÉCNICO COLOMBIANO JAIME ISAZA CADAVID","2019-11-14","","179.95833333"
"POLITÉCNICO COLOMBIANO JAIME ISAZA CADAVID","2019-11-13","","157.95833333"
"POLITÉCNICO COLOMBIANO JAIME ISAZA CADAVID","2019-11-12","","192.83333333"
"POLITÉCNICO COLOMBIANO JAIME ISAZA CADAVID","2019-11-11","","191.86956522"
"POLITÉCNICO COLOMBIANO JAIME ISAZA CADAVID","2019-11-10","","185.125"
"POLITÉCNICO COLOMBIANO JAIME ISAZA CADAVID","2019-11-09","","158.43478261"
"POLITÉCNICO COLOMBIANO JAIME ISAZA CADAVID","2019-11-08","","151.09090909"
"POLITÉCNICO COLOMBIANO JAIME ISAZA CADAVID","2019-11-07","","269.25"
"POLITÉCNICO COLOMBIANO JAIME ISAZA CADAVID","2019-11-06","","150.5"
"POLITÉCNICO COLOMBIANO JAIME ISAZA CADAVID","2019-11-05","","80.58823529"
"POLITÉCNICO COLOMBIANO JAIME ISAZA CADAVID","2019-11-04","","209.29166667"
"POLITÉCNICO COLOMBIANO JAIME ISAZA CADAVID","2019-11-03","","163.83333333"
"POLITÉCNICO COLOMBIANO JAIME ISAZA CADAVID","2019-11-02","","164.20833333"
"POLITÉCNICO COLOMBIANO JAIME ISAZA CADAVID","2019-11-01","","125.66666667"
"POLITÉCNICO COLOMBIANO JAIME ISAZA CADAVID","2019-10-31","","140.95833333"
"POLITÉCNICO COLOMBIANO JAIME ISAZA CADAVID","2019-10-30","","184.58333333"
"POLITÉCNICO COLOMBIANO JAIME ISAZA CADAVID","2019-10-29","","134.54166667"
"POLITÉCNICO COLOMBIANO JAIME ISAZA CADAVID","2019-10-28","","155.625"
"POLITÉCNICO COLOMBIANO JAIME ISAZA CADAVID","2019-10-27","","186.91666667"
"POLITÉCNICO COLOMBIANO JAIME ISAZA CADAVID","2019-10-26","","143.20833333"
"POLITÉCNICO COLOMBIANO JAIME ISAZA CADAVID","2019-10-25","","151.30769231"
"POLITÉCNICO COLOMBIANO JAIME ISAZA CADAVID","2019-10-23","","172.46666667"
"POLITÉCNICO COLOMBIANO JAIME ISAZA CADAVID","2019-10-22","","182.16666667"
"POLITÉCNICO COLOMBIANO JAIME ISAZA CADAVID","2019-10-21","","186.04166667"
"POLITÉCNICO COLOMBIANO JAIME ISAZA CADAVID","2019-10-20","","214.33333333"
"POLITÉCNICO COLOMBIANO JAIME ISAZA CADAVID","2019-10-19","","158.41666667"
"POLITÉCNICO COLOMBIANO JAIME ISAZA CADAVID","2019-10-18","","239.33333333"
"POLITÉCNICO COLOMBIANO JAIME ISAZA CADAVID","2019-10-17","","179.375"
"POLITÉCNICO COLOMBIANO JAIME ISAZA CADAVID","2019-10-16","","192.41666667"
"POLITÉCNICO COLOMBIANO JAIME ISAZA CADAVID","2019-10-15","","170.08333333"
"POLITÉCNICO COLOMBIANO JAIME ISAZA CADAVID","2019-10-14","","178.70833333"
"POLITÉCNICO COLOMBIANO JAIME ISAZA CADAVID","2019-10-13","","164.20833333"
"POLITÉCNICO COLOMBIANO JAIME ISAZA CADAVID","2019-10-12","","118.5"
"POLITÉCNICO COLOMBIANO JAIME ISAZA CADAVID","2019-10-11","","126.125"
"POLITÉCNICO COLOMBIANO JAIME ISAZA CADAVID","2019-10-10","","195.25"
"POLITÉCNICO COLOMBIANO JAIME ISAZA CADAVID","2019-10-09","","185.66666667"
"POLITÉCNICO COLOMBIANO JAIME ISAZA CADAVID","2019-10-08","","232.5"
"POLITÉCNICO COLOMBIANO JAIME ISAZA CADAVID","2019-10-07","","227.875"
"POLITÉCNICO COLOMBIANO JAIME ISAZA CADAVID","2019-10-06","","176.66666667"
"POLITÉCNICO COLOMBIANO JAIME ISAZA CADAVID","2019-10-05","","180.20833333"
"POLITÉCNICO COLOMBIANO JAIME ISAZA CADAVID","2019-10-04","","172.54166667"
"POLITÉCNICO COLOMBIANO JAIME ISAZA CADAVID","2019-10-03","","141.83333333"
"POLITÉCNICO COLOMBIANO JAIME ISAZA CADAVID","2019-10-02","","182.79166667"
"POLITÉCNICO COLOMBIANO JAIME ISAZA CADAVID","2019-10-01","","197.83333333"
"POLITÉCNICO COLOMBIANO JAIME ISAZA CADAVID","2019-09-30","","149.04166667"
"POLITÉCNICO COLOMBIANO JAIME ISAZA CADAVID","2019-09-29","","177.08333333"
"POLITÉCNICO COLOMBIANO JAIME ISAZA CADAVID","2019-09-28","","223.125"
"POLITÉCNICO COLOMBIANO JAIME ISAZA CADAVID","2019-09-27","","126.95833333"
"POLITÉCNICO COLOMBIANO JAIME ISAZA CADAVID","2019-09-26","","202.79166667"
"POLITÉCNICO COLOMBIANO JAIME ISAZA CADAVID","2019-09-25","","208.95833333"
"POLITÉCNICO COLOMBIANO JAIME ISAZA CADAVID","2019-09-24","","169.25"
"POLITÉCNICO COLOMBIANO JAIME ISAZA CADAVID","2019-09-23","","150.16666667"
"POLITÉCNICO COLOMBIANO JAIME ISAZA CADAVID","2019-09-22","","191.04166667"
"POLITÉCNICO COLOMBIANO JAIME ISAZA CADAVID","2019-09-21","","195.875"
"POLITÉCNICO COLOMBIANO JAIME ISAZA CADAVID","2019-09-20","","202.375"
"POLITÉCNICO COLOMBIANO JAIME ISAZA CADAVID","2019-09-19","","159.04166667"
"POLITÉCNICO COLOMBIANO JAIME ISAZA CADAVID","2019-09-18","","152.16666667"
"POLITÉCNICO COLOMBIANO JAIME ISAZA CADAVID","2019-09-17","","199.25"
"POLITÉCNICO COLOMBIANO JAIME ISAZA CADAVID","2019-09-16","","199.16666667"
"POLITÉCNICO COLOMBIANO JAIME ISAZA CADAVID","2019-09-15","","160.08333333"
"POLITÉCNICO COLOMBIANO JAIME ISAZA CADAVID","2019-09-14","","181.16666667"
"POLITÉCNICO COLOMBIANO JAIME ISAZA CADAVID","2019-09-13","","148.375"
"POLITÉCNICO COLOMBIANO JAIME ISAZA CADAVID","2019-09-12","","114.29166667"
"POLITÉCNICO COLOMBIANO JAIME ISAZA CADAVID","2019-09-11","","174.5"
"POLITÉCNICO COLOMBIANO JAIME ISAZA CADAVID","2019-09-10","","111.7"
"POLITÉCNICO COLOMBIANO JAIME ISAZA CADAVID","2019-09-09","","152.04347826"
"POLITÉCNICO COLOMBIANO JAIME ISAZA CADAVID","2019-09-08","","188.375"
"POLITÉCNICO COLOMBIANO JAIME ISAZA CADAVID","2019-09-07","","165.91666667"
"POLITÉCNICO COLOMBIANO JAIME ISAZA CADAVID","2019-09-06","","165.95833333"
"POLITÉCNICO COLOMBIANO JAIME ISAZA CADAVID","2019-09-05","","140.08333333"
"POLITÉCNICO COLOMBIANO JAIME ISAZA CADAVID","2019-09-04","","199.20833333"
"POLITÉCNICO COLOMBIANO JAIME ISAZA CADAVID","2019-09-03","","183.79166667"
"POLITÉCNICO COLOMBIANO JAIME ISAZA CADAVID","2019-09-02","","262.34782609"
"POLITÉCNICO COLOMBIANO JAIME ISAZA CADAVID","2019-09-01","","167.47826087"
"POLITÉCNICO COLOMBIANO JAIME ISAZA CADAVID","2019-08-31","","158.125"
"POLITÉCNICO COLOMBIANO JAIME ISAZA CADAVID","2019-08-30","","166.375"
"POLITÉCNICO COLOMBIANO JAIME ISAZA CADAVID","2019-08-29","","145.83333333"
"POLITÉCNICO COLOMBIANO JAIME ISAZA CADAVID","2019-08-28","","165.04166667"
"POLITÉCNICO COLOMBIANO JAIME ISAZA CADAVID","2019-08-27","","190.2"
"POLITÉCNICO COLOMBIANO JAIME ISAZA CADAVID","2019-08-26","","139.70833333"
"POLITÉCNICO COLOMBIANO JAIME ISAZA CADAVID","2019-08-25","","156.20833333"
"POLITÉCNICO COLOMBIANO JAIME ISAZA CADAVID","2019-08-24","","112.75"
"POLITÉCNICO COLOMBIANO JAIME ISAZA CADAVID","2019-08-23","","166.54166667"
"POLITÉCNICO COLOMBIANO JAIME ISAZA CADAVID","2019-08-22","","150.58333333"
"POLITÉCNICO COLOMBIANO JAIME ISAZA CADAVID","2019-08-21","","152.58333333"
"POLITÉCNICO COLOMBIANO JAIME ISAZA CADAVID","2019-08-20","","131.625"
"POLITÉCNICO COLOMBIANO JAIME ISAZA CADAVID","2019-08-19","","179.33333333"
"POLITÉCNICO COLOMBIANO JAIME ISAZA CADAVID","2019-08-18","","197.33333333"
"POLITÉCNICO COLOMBIANO JAIME ISAZA CADAVID","2019-08-17","","147.5"
"POLITÉCNICO COLOMBIANO JAIME ISAZA CADAVID","2019-08-16","","173.33333333"
"POLITÉCNICO COLOMBIANO JAIME ISAZA CADAVID","2019-08-15","","189.58333333"
"POLITÉCNICO COLOMBIANO JAIME ISAZA CADAVID","2019-08-14","","165.04166667"
"POLITÉCNICO COLOMBIANO JAIME ISAZA CADAVID","2019-08-13","","153.5"
"POLITÉCNICO COLOMBIANO JAIME ISAZA CADAVID","2019-08-12","","160.875"
"POLITÉCNICO COLOMBIANO JAIME ISAZA CADAVID","2019-08-11","","147.66666667"
"POLITÉCNICO COLOMBIANO JAIME ISAZA CADAVID","2019-08-10","","97.41666667"
"POLITÉCNICO COLOMBIANO JAIME ISAZA CADAVID","2019-08-09","","147.91666667"
"POLITÉCNICO COLOMBIANO JAIME ISAZA CADAVID","2019-08-08","","190.75"
"POLITÉCNICO COLOMBIANO JAIME ISAZA CADAVID","2019-08-07","","152.0"
"POLITÉCNICO COLOMBIANO JAIME ISAZA CADAVID","2019-08-06","","170.82608696"
"POLITÉCNICO COLOMBIANO JAIME ISAZA CADAVID","2019-08-05","","172.0"
"POLITÉCNICO COLOMBIANO JAIME ISAZA CADAVID","2019-08-04","","187.31818182"
"POLITÉCNICO COLOMBIANO JAIME ISAZA CADAVID","2019-08-03","","151.375"
"POLITÉCNICO COLOMBIANO JAIME ISAZA CADAVID","2019-08-02","","235.29166667"
"POLITÉCNICO COLOMBIANO JAIME ISAZA CADAVID","2019-08-01","","147.625"
"POLITÉCNICO COLOMBIANO JAIME ISAZA CADAVID","2019-07-31","","135.33333333"
"POLITÉCNICO COLOMBIANO JAIME ISAZA CADAVID","2019-07-30","","165.33333333"
"POLITÉCNICO COLOMBIANO JAIME ISAZA CADAVID","2019-07-29","","191.29166667"
"POLITÉCNICO COLOMBIANO JAIME ISAZA CADAVID","2019-07-28","","166.66666667"
"POLITÉCNICO COLOMBIANO JAIME ISAZA CADAVID","2019-07-27","","149.91666667"
"POLITÉCNICO COLOMBIANO JAIME ISAZA CADAVID","2019-07-26","","152.75"
"POLITÉCNICO COLOMBIANO JAIME ISAZA CADAVID","2019-07-25","","159.41666667"
"POLITÉCNICO COLOMBIANO JAIME ISAZA CADAVID","2019-07-24","","198.45833333"
"POLITÉCNICO COLOMBIANO JAIME ISAZA CADAVID","2019-07-23","","166.5"
"POLITÉCNICO COLOMBIANO JAIME ISAZA CADAVID","2019-07-22","","160.41666667"
"POLITÉCNICO COLOMBIANO JAIME ISAZA CADAVID","2019-07-21","","165.0"
"POLITÉCNICO COLOMBIANO JAIME ISAZA CADAVID","2019-07-20","","132.375"
"POLITÉCNICO COLOMBIANO JAIME ISAZA CADAVID","2019-07-19","","182.5"
"POLITÉCNICO COLOMBIANO JAIME ISAZA CADAVID","2019-07-18","","154.33333333"
"POLITÉCNICO COLOMBIANO JAIME ISAZA CADAVID","2019-07-17","","203.45833333"
"POLITÉCNICO COLOMBIANO JAIME ISAZA CADAVID","2019-07-16","","163.5"
"POLITÉCNICO COLOMBIANO JAIME ISAZA CADAVID","2019-07-15","","176.29166667"
"POLITÉCNICO COLOMBIANO JAIME ISAZA CADAVID","2019-07-14","","201.125"
"POLITÉCNICO COLOMBIANO JAIME ISAZA CADAVID","2019-07-13","","166.33333333"
"POLITÉCNICO COLOMBIANO JAIME ISAZA CADAVID","2019-07-12","","156.95833333"
"POLITÉCNICO COLOMBIANO JAIME ISAZA CADAVID","2019-07-11","","204.91666667"
"POLITÉCNICO COLOMBIANO JAIME ISAZA CADAVID","2019-07-10","","123.86956522"
"POLITÉCNICO COLOMBIANO JAIME ISAZA CADAVID","2019-07-09","","212.83333333"
"POLITÉCNICO COLOMBIANO JAIME ISAZA CADAVID","2019-07-08","","147.0"
"POLITÉCNICO COLOMBIANO JAIME ISAZA CADAVID","2019-07-07","","127.54166667"
"POLITÉCNICO COLOMBIANO JAIME ISAZA CADAVID","2019-07-06","","158.0"
"POLITÉCNICO COLOMBIANO JAIME ISAZA CADAVID","2019-07-05","","179.75"
"POLITÉCNICO COLOMBIANO JAIME ISAZA CADAVID","2019-07-04","","164.91666667"
"POLITÉCNICO COLOMBIANO JAIME ISAZA CADAVID","2019-07-03","","154.83333333"
"POLITÉCNICO COLOMBIANO JAIME ISAZA CADAVID","2019-07-02","","162.79166667"
"POLITÉCNICO COLOMBIANO JAIME ISAZA CADAVID","2019-07-01","","163.5"
"POLITÉCNICO COLOMBIANO JAIME ISAZA CADAVID","2019-06-30","","146.25"
"POLITÉCNICO COLOMBIANO JAIME ISAZA CADAVID","2019-06-29","","219.25"
"POLITÉCNICO COLOMBIANO JAIME ISAZA CADAVID","2019-06-27","","216.35"
"POLITÉCNICO COLOMBIANO JAIME ISAZA CADAVID","2019-06-26","","131.68181818"
"POLITÉCNICO COLOMBIANO JAIME ISAZA CADAVID","2019-06-25","","174.45833333"
"POLITÉCNICO COLOMBIANO JAIME ISAZA CADAVID","2019-06-24","","183.125"
"POLITÉCNICO COLOMBIANO JAIME ISAZA CADAVID","2019-06-23","","135.29166667"
"POLITÉCNICO COLOMBIANO JAIME ISAZA CADAVID","2019-06-22","","112.13043478"
"POLITÉCNICO COLOMBIANO JAIME ISAZA CADAVID","2019-06-21","","126.33333333"
"POLITÉCNICO COLOMBIANO JAIME ISAZA CADAVID","2019-06-20","","162.125"
"POLITÉCNICO COLOMBIANO JAIME ISAZA CADAVID","2019-06-19","","165.58333333"
"POLITÉCNICO COLOMBIANO JAIME ISAZA CADAVID","2019-06-18","","180.41666667"
"POLITÉCNICO COLOMBIANO JAIME ISAZA CADAVID","2019-06-14","","205.0"
"POLITÉCNICO COLOMBIANO JAIME ISAZA CADAVID","2019-06-11","","130.22222222"
"POLITÉCNICO COLOMBIANO JAIME ISAZA CADAVID","2019-06-10","","118.0"
"POLITÉCNICO COLOMBIANO JAIME ISAZA CADAVID","2019-06-09","","142.83333333"
"POLITÉCNICO COLOMBIANO JAIME ISAZA CADAVID","2019-06-08","","126.91666667"
"POLITÉCNICO COLOMBIANO JAIME ISAZA CADAVID","2019-06-07","","161.0"
"POLITÉCNICO COLOMBIANO JAIME ISAZA CADAVID","2019-06-06","","158.58333333"
"POLITÉCNICO COLOMBIANO JAIME ISAZA CADAVID","2019-06-05","","170.33333333"
"POLITÉCNICO COLOMBIANO JAIME ISAZA CADAVID","2019-06-04","","159.65217391"
"POLITÉCNICO COLOMBIANO JAIME ISAZA CADAVID","2019-06-03","","144.29166667"
"POLITÉCNICO COLOMBIANO JAIME ISAZA CADAVID","2019-06-02","","147.0"
"POLITÉCNICO COLOMBIANO JAIME ISAZA CADAVID","2019-06-01","","133.66666667"
"POLITÉCNICO COLOMBIANO JAIME ISAZA CADAVID","2019-05-31","","151.95833333"
"POLITÉCNICO COLOMBIANO JAIME ISAZA CADAVID","2019-05-30","","160.79166667"
"POLITÉCNICO COLOMBIANO JAIME ISAZA CADAVID","2019-05-29","","149.83333333"
"POLITÉCNICO COLOMBIANO JAIME ISAZA CADAVID","2019-05-28","","100.04166667"
"POLITÉCNICO COLOMBIANO JAIME ISAZA CADAVID","2019-05-27","","112.875"
"POLITÉCNICO COLOMBIANO JAIME ISAZA CADAVID","2019-05-26","","195.0"
"POLITÉCNICO COLOMBIANO JAIME ISAZA CADAVID","2019-05-25","","180.375"
"POLITÉCNICO COLOMBIANO JAIME ISAZA CADAVID","2019-05-24","","151.625"
"POLITÉCNICO COLOMBIANO JAIME ISAZA CADAVID","2019-05-23","","156.54166667"
"POLITÉCNICO COLOMBIANO JAIME ISAZA CADAVID","2019-05-22","","126.875"
"POLITÉCNICO COLOMBIANO JAIME ISAZA CADAVID","2019-05-21","","151.875"
"POLITÉCNICO COLOMBIANO JAIME ISAZA CADAVID","2019-05-20","","149.08333333"
"POLITÉCNICO COLOMBIANO JAIME ISAZA CADAVID","2019-05-19","","156.20833333"
"POLITÉCNICO COLOMBIANO JAIME ISAZA CADAVID","2019-05-18","","184.29166667"
"POLITÉCNICO COLOMBIANO JAIME ISAZA CADAVID","2019-05-17","","163.29166667"
"POLITÉCNICO COLOMBIANO JAIME ISAZA CADAVID","2019-05-16","","184.375"
"POLITÉCNICO COLOMBIANO JAIME ISAZA CADAVID","2019-05-15","","148.08333333"
"POLITÉCNICO COLOMBIANO JAIME ISAZA CADAVID","2019-05-14","","103.625"
"POLITÉCNICO COLOMBIANO JAIME ISAZA CADAVID","2019-05-13","","162.70833333"
"POLITÉCNICO COLOMBIANO JAIME ISAZA CADAVID","2019-05-12","","164.33333333"
"POLITÉCNICO COLOMBIANO JAIME ISAZA CADAVID","2019-05-11","","135.83333333"
"POLITÉCNICO COLOMBIANO JAIME ISAZA CADAVID","2019-05-10","","178.0"
"POLITÉCNICO COLOMBIANO JAIME ISAZA CADAVID","2019-05-09","","161.5"
"POLITÉCNICO COLOMBIANO JAIME ISAZA CADAVID","2019-05-08","","141.95833333"
"POLITÉCNICO COLOMBIANO JAIME ISAZA CADAVID","2019-05-07","","89.91666667"
"POLITÉCNICO COLOMBIANO JAIME ISAZA CADAVID","2019-05-06","","131.625"
"POLITÉCNICO COLOMBIANO JAIME ISAZA CADAVID","2019-05-05","","90.16666667"
"POLITÉCNICO COLOMBIANO JAIME ISAZA CADAVID","2019-05-04","","102.125"
"POLITÉCNICO COLOMBIANO JAIME ISAZA CADAVID","2019-05-03","","173.04166667"
"POLITÉCNICO COLOMBIANO JAIME ISAZA CADAVID","2019-05-02","","137.91666667"
"POLITÉCNICO COLOMBIANO JAIME ISAZA CADAVID","2019-05-01","","108.08333333"
"POLITÉCNICO COLOMBIANO JAIME ISAZA CADAVID","2019-04-30","","136.41666667"
"POLITÉCNICO COLOMBIANO JAIME ISAZA CADAVID","2019-04-29","","168.125"
"POLITÉCNICO COLOMBIANO JAIME ISAZA CADAVID","2019-04-28","","98.83333333"
"POLITÉCNICO COLOMBIANO JAIME ISAZA CADAVID","2019-04-27","","137.20833333"
"POLITÉCNICO COLOMBIANO JAIME ISAZA CADAVID","2019-04-26","","147.375"
"POLITÉCNICO COLOMBIANO JAIME ISAZA CADAVID","2019-04-25","","133.45833333"
"POLITÉCNICO COLOMBIANO JAIME ISAZA CADAVID","2019-04-24","","141.29166667"
"POLITÉCNICO COLOMBIANO JAIME ISAZA CADAVID","2019-04-23","","168.70833333"
"POLITÉCNICO COLOMBIANO JAIME ISAZA CADAVID","2019-04-22","","186.04166667"
"POLITÉCNICO COLOMBIANO JAIME ISAZA CADAVID","2019-04-21","","151.16666667"
"POLITÉCNICO COLOMBIANO JAIME ISAZA CADAVID","2019-04-20","","104.54166667"
"POLITÉCNICO COLOMBIANO JAIME ISAZA CADAVID","2019-04-19","","178.29166667"
"POLITÉCNICO COLOMBIANO JAIME ISAZA CADAVID","2019-04-18","","169.5"
"POLITÉCNICO COLOMBIANO JAIME ISAZA CADAVID","2019-04-17","","149.13043478"
"POLITÉCNICO COLOMBIANO JAIME ISAZA CADAVID","2019-04-16","","167.95833333"
"POLITÉCNICO COLOMBIANO JAIME ISAZA CADAVID","2019-04-15","","147.20833333"
"POLITÉCNICO COLOMBIANO JAIME ISAZA CADAVID","2019-04-14","","150.54166667"
"POLITÉCNICO COLOMBIANO JAIME ISAZA CADAVID","2019-04-13","","115.66666667"
"POLITÉCNICO COLOMBIANO JAIME ISAZA CADAVID","2019-04-11","","114.41666667"
"POLITÉCNICO COLOMBIANO JAIME ISAZA CADAVID","2019-04-10","","143.875"
"POLITÉCNICO COLOMBIANO JAIME ISAZA CADAVID","2019-04-09","","164.58333333"
"POLITÉCNICO COLOMBIANO JAIME ISAZA CADAVID","2019-04-08","","160.5"
"POLITÉCNICO COLOMBIANO JAIME ISAZA CADAVID","2019-04-07","","177.73913043"
"POLITÉCNICO COLOMBIANO JAIME ISAZA CADAVID","2019-04-06","","132.28571429"
"POLITÉCNICO COLOMBIANO JAIME ISAZA CADAVID","2019-04-05","","193.625"
"POLITÉCNICO COLOMBIANO JAIME ISAZA CADAVID","2019-04-04","","155.54166667"
"POLITÉCNICO COLOMBIANO JAIME ISAZA CADAVID","2019-04-03","","121.70833333"
"POLITÉCNICO COLOMBIANO JAIME ISAZA CADAVID","2019-04-02","","133.875"
"POLITÉCNICO COLOMBIANO JAIME ISAZA CADAVID","2019-04-01","","145.04166667"
"POLITÉCNICO COLOMBIANO JAIME ISAZA CADAVID","2019-03-31","","114.79166667"
"POLITÉCNICO COLOMBIANO JAIME ISAZA CADAVID","2019-03-30","","116.54166667"
"POLITÉCNICO COLOMBIANO JAIME ISAZA CADAVID","2019-03-29","","106.85714286"
"POLITÉCNICO COLOMBIANO JAIME ISAZA CADAVID","2019-03-28","","108.625"
"POLITÉCNICO COLOMBIANO JAIME ISAZA CADAVID","2019-03-27","","89.79166667"
"POLITÉCNICO COLOMBIANO JAIME ISAZA CADAVID","2019-03-26","","117.0"
"POLITÉCNICO COLOMBIANO JAIME ISAZA CADAVID","2019-03-25","","178.84210526"
"POLITÉCNICO COLOMBIANO JAIME ISAZA CADAVID","2019-03-24","","108.14285714"
"POLITÉCNICO COLOMBIANO JAIME ISAZA CADAVID","2019-03-23","","149.22222222"
"POLITÉCNICO COLOMBIANO JAIME ISAZA CADAVID","2019-03-22","","147.0"
"POLITÉCNICO COLOMBIANO JAIME ISAZA CADAVID","2019-03-21","","128.83333333"
"POLITÉCNICO COLOMBIANO JAIME ISAZA CADAVID","2019-03-20","","209.45833333"
"POLITÉCNICO COLOMBIANO JAIME ISAZA CADAVID","2019-03-19","","157.04761905"
"POLITÉCNICO COLOMBIANO JAIME ISAZA CADAVID","2019-03-18","","139.82608696"
"POLITÉCNICO COLOMBIANO JAIME ISAZA CADAVID","2019-03-17","","83.125"
"POLITÉCNICO COLOMBIANO JAIME ISAZA CADAVID","2019-03-16","","107.66666667"
"POLITÉCNICO COLOMBIANO JAIME ISAZA CADAVID","2019-03-15","","76.375"
"POLITÉCNICO COLOMBIANO JAIME ISAZA CADAVID","2019-03-14","","80.41666667"
"POLITÉCNICO COLOMBIANO JAIME ISAZA CADAVID","2019-03-13","","124.04761905"
"POLITÉCNICO COLOMBIANO JAIME ISAZA CADAVID","2019-03-12","","186.0"
"POLITÉCNICO COLOMBIANO JAIME ISAZA CADAVID","2019-03-11","","188.625"
"POLITÉCNICO COLOMBIANO JAIME ISAZA CADAVID","2019-03-10","","110.83333333"
"POLITÉCNICO COLOMBIANO JAIME ISAZA CADAVID","2019-03-09","","92.75"
"POLITÉCNICO COLOMBIANO JAIME ISAZA CADAVID","2019-03-08","","102.83333333"
"POLITÉCNICO COLOMBIANO JAIME ISAZA CADAVID","2019-03-07","","105.91666667"
"POLITÉCNICO COLOMBIANO JAIME ISAZA CADAVID","2019-03-06","","104.125"
"POLITÉCNICO COLOMBIANO JAIME ISAZA CADAVID","2019-03-05","","74.375"
"POLITÉCNICO COLOMBIANO JAIME ISAZA CADAVID","2019-03-02","","112.75"
"POLITÉCNICO COLOMBIANO JAIME ISAZA CADAVID","2019-03-01","","153.45833333"
"POLITÉCNICO COLOMBIANO JAIME ISAZA CADAVID","2019-02-28","","133.08333333"
"POLITÉCNICO COLOMBIANO JAIME ISAZA CADAVID","2019-02-27","","161.41666667"
"POLITÉCNICO COLOMBIANO JAIME ISAZA CADAVID","2019-02-26","","147.0"
"POLITÉCNICO COLOMBIANO JAIME ISAZA CADAVID","2019-02-25","","115.95833333"
"POLITÉCNICO COLOMBIANO JAIME ISAZA CADAVID","2019-02-24","","182.625"
"POLITÉCNICO COLOMBIANO JAIME ISAZA CADAVID","2019-02-23","","148.95833333"
"POLITÉCNICO COLOMBIANO JAIME ISAZA CADAVID","2019-02-22","","87.54166667"
"POLITÉCNICO COLOMBIANO JAIME ISAZA CADAVID","2019-02-20","","161.57142857"
"POLITÉCNICO COLOMBIANO JAIME ISAZA CADAVID","2019-02-19","","160.0625"
"POLITÉCNICO COLOMBIANO JAIME ISAZA CADAVID","2019-02-18","","171.95833333"
"POLITÉCNICO COLOMBIANO JAIME ISAZA CADAVID","2019-02-17","","89.45833333"
"POLITÉCNICO COLOMBIANO JAIME ISAZA CADAVID","2019-02-16","","171.83333333"
"POLITÉCNICO COLOMBIANO JAIME ISAZA CADAVID","2019-02-15","","66.16666667"
"POLITÉCNICO COLOMBIANO JAIME ISAZA CADAVID","2019-02-14","","80.375"
"POLITÉCNICO COLOMBIANO JAIME ISAZA CADAVID","2019-02-13","","87.58333333"
"POLITÉCNICO COLOMBIANO JAIME ISAZA CADAVID","2019-02-12","","160.04166667"
"POLITÉCNICO COLOMBIANO JAIME ISAZA CADAVID","2019-02-11","","106.625"
"POLITÉCNICO COLOMBIANO JAIME ISAZA CADAVID","2019-02-10","","93.375"
"POLITÉCNICO COLOMBIANO JAIME ISAZA CADAVID","2019-02-09","","60.58333333"
"POLITÉCNICO COLOMBIANO JAIME ISAZA CADAVID","2019-02-08","","94.625"
"POLITÉCNICO COLOMBIANO JAIME ISAZA CADAVID","2019-02-07","","132.16666667"
"POLITÉCNICO COLOMBIANO JAIME ISAZA CADAVID","2019-02-06","","139.75"
"POLITÉCNICO COLOMBIANO JAIME ISAZA CADAVID","2019-02-05","","56.625"
"POLITÉCNICO COLOMBIANO JAIME ISAZA CADAVID","2019-02-04","","169.4"
"POLITÉCNICO COLOMBIANO JAIME ISAZA CADAVID","2019-02-03","","122.75"
"POLITÉCNICO COLOMBIANO JAIME ISAZA CADAVID","2019-02-02","","172.54166667"
"POLITÉCNICO COLOMBIANO JAIME ISAZA CADAVID","2019-02-01","","149.0"
"POLITÉCNICO COLOMBIANO JAIME ISAZA CADAVID","2019-01-31","","117.95833333"
"POLITÉCNICO COLOMBIANO JAIME ISAZA CADAVID","2019-01-30","","85.625"
"POLITÉCNICO COLOMBIANO JAIME ISAZA CADAVID","2019-01-29","","105.79166667"
"POLITÉCNICO COLOMBIANO JAIME ISAZA CADAVID","2019-01-28","","144.41666667"
"POLITÉCNICO COLOMBIANO JAIME ISAZA CADAVID","2019-01-27","","113.29166667"
"POLITÉCNICO COLOMBIANO JAIME ISAZA CADAVID","2019-01-26","","122.95833333"
"POLITÉCNICO COLOMBIANO JAIME ISAZA CADAVID","2019-01-25","","82.33333333"
"POLITÉCNICO COLOMBIANO JAIME ISAZA CADAVID","2019-01-24","","126.25"
"POLITÉCNICO COLOMBIANO JAIME ISAZA CADAVID","2019-01-23","","116.625"
"POLITÉCNICO COLOMBIANO JAIME ISAZA CADAVID","2019-01-22","","47.41666667"
"POLITÉCNICO COLOMBIANO JAIME ISAZA CADAVID","2019-01-21","","89.45833333"
"POLITÉCNICO COLOMBIANO JAIME ISAZA CADAVID","2019-01-20","","144.875"
"POLITÉCNICO COLOMBIANO JAIME ISAZA CADAVID","2019-01-19","","106.375"
"POLITÉCNICO COLOMBIANO JAIME ISAZA CADAVID","2019-01-18","","83.625"
"POLITÉCNICO COLOMBIANO JAIME ISAZA CADAVID","2019-01-17","","115.45833333"
"POLITÉCNICO COLOMBIANO JAIME ISAZA CADAVID","2019-01-16","","89.29166667"
"POLITÉCNICO COLOMBIANO JAIME ISAZA CADAVID","2019-01-15","","91.58333333"
"POLITÉCNICO COLOMBIANO JAIME ISAZA CADAVID","2019-01-14","","175.54166667"
"POLITÉCNICO COLOMBIANO JAIME ISAZA CADAVID","2019-01-13","","90.625"
"POLITÉCNICO COLOMBIANO JAIME ISAZA CADAVID","2019-01-12","","55.0"
"POLITÉCNICO COLOMBIANO JAIME ISAZA CADAVID","2019-01-11","","103.0"
"POLITÉCNICO COLOMBIANO JAIME ISAZA CADAVID","2019-01-10","","131.08333333"
"POLITÉCNICO COLOMBIANO JAIME ISAZA CADAVID","2019-01-09","","174.43478261"
"POLITÉCNICO COLOMBIANO JAIME ISAZA CADAVID","2019-01-08","","187.43478261"
"POLITÉCNICO COLOMBIANO JAIME ISAZA CADAVID","2019-01-07","","119.04166667"
"POLITÉCNICO COLOMBIANO JAIME ISAZA CADAVID","2019-01-06","","99.0"
"POLITÉCNICO COLOMBIANO JAIME ISAZA CADAVID","2019-01-05","","255.5"
"POLITÉCNICO COLOMBIANO JAIME ISAZA CADAVID","2019-01-04","","104.85714286"
"POLITÉCNICO COLOMBIANO JAIME ISAZA CADAVID","2019-01-03","","147.33333333"
"POLITÉCNICO COLOMBIANO JAIME ISAZA CADAVID","2019-01-02","","117.33333333"
"POLITÉCNICO COLOMBIANO JAIME ISAZA CADAVID","2019-01-01","","132.79166667"
"POLITÉCNICO COLOMBIANO JAIME ISAZA CADAVID","2013-12-01","","307.7744"
"POLITÉCNICO COLOMBIANO JAIME ISAZA CADAVID","2013-11-30","","194.00744292"
"POLITÉCNICO COLOMBIANO JAIME ISAZA CADAVID","2013-11-29","","184.633165"
"POLITÉCNICO COLOMBIANO JAIME ISAZA CADAVID","2013-11-28","","206.57234675"
"POLITÉCNICO COLOMBIANO JAIME ISAZA CADAVID","2013-11-27","","145.5072425"
"POLITÉCNICO COLOMBIANO JAIME ISAZA CADAVID","2013-11-26","","151.50173875"
"POLITÉCNICO COLOMBIANO JAIME ISAZA CADAVID","2013-11-25","","150.07786875"
"POLITÉCNICO COLOMBIANO JAIME ISAZA CADAVID","2013-11-24","","133.39229"
"POLITÉCNICO COLOMBIANO JAIME ISAZA CADAVID","2013-11-23","","123.71960667"
"POLITÉCNICO COLOMBIANO JAIME ISAZA CADAVID","2013-11-22","","112.84126708"
"POLITÉCNICO COLOMBIANO JAIME ISAZA CADAVID","2013-11-21","","160.75791963"
"POLITÉCNICO COLOMBIANO JAIME ISAZA CADAVID","2013-11-20","","164.82325079"
"POLITÉCNICO COLOMBIANO JAIME ISAZA CADAVID","2013-11-19","","195.75525417"
"POLITÉCNICO COLOMBIANO JAIME ISAZA CADAVID","2013-11-18","","172.14824625"
"POLITÉCNICO COLOMBIANO JAIME ISAZA CADAVID","2013-11-17","","198.08231435"
"POLITÉCNICO COLOMBIANO JAIME ISAZA CADAVID","2013-11-16","","189.56220525"
"POLITÉCNICO COLOMBIANO JAIME ISAZA CADAVID","2013-11-15","","193.33274496"
"POLITÉCNICO COLOMBIANO JAIME ISAZA CADAVID","2013-11-14","","258.03811621"
"POLITÉCNICO COLOMBIANO JAIME ISAZA CADAVID","2013-11-13","","189.78441167"
"POLITÉCNICO COLOMBIANO JAIME ISAZA CADAVID","2013-11-12","","203.41728167"
"POLITÉCNICO COLOMBIANO JAIME ISAZA CADAVID","2013-11-11","","137.17937554"
"POLITÉCNICO COLOMBIANO JAIME ISAZA CADAVID","2013-11-10","","150.64717742"
"POLITÉCNICO COLOMBIANO JAIME ISAZA CADAVID","2013-11-09","","198.84938913"
"POLITÉCNICO COLOMBIANO JAIME ISAZA CADAVID","2013-11-08","","179.49914713"
"POLITÉCNICO COLOMBIANO JAIME ISAZA CADAVID","2013-11-07","","160.18967625"
"POLITÉCNICO COLOMBIANO JAIME ISAZA CADAVID","2013-11-06","","122.84925083"
"POLITÉCNICO COLOMBIANO JAIME ISAZA CADAVID","2013-11-05","","151.36842883"
"POLITÉCNICO COLOMBIANO JAIME ISAZA CADAVID","2013-11-04","","195.51802621"
"POLITÉCNICO COLOMBIANO JAIME ISAZA CADAVID","2013-11-03","","206.10933708"
"POLITÉCNICO COLOMBIANO JAIME ISAZA CADAVID","2013-11-02","","170.62708917"
"POLITÉCNICO COLOMBIANO JAIME ISAZA CADAVID","2013-11-01","","192.648168"
"POLITÉCNICO COLOMBIANO JAIME ISAZA CADAVID","2013-10-31","","199.8293"
"POLITÉCNICO COLOMBIANO JAIME ISAZA CADAVID","2013-10-30","","148.02565"
"POLITÉCNICO COLOMBIANO JAIME ISAZA CADAVID","2013-10-29","","190.17121783"
"POLITÉCNICO COLOMBIANO JAIME ISAZA CADAVID","2013-10-28","","223.12625283"
"POLITÉCNICO COLOMBIANO JAIME ISAZA CADAVID","2013-10-27","","263.64702821"
"POLITÉCNICO COLOMBIANO JAIME ISAZA CADAVID","2013-10-26","","223.96318292"
"POLITÉCNICO COLOMBIANO JAIME ISAZA CADAVID","2013-10-25","","99.44110183"
"POLITÉCNICO COLOMBIANO JAIME ISAZA CADAVID","2013-10-24","","111.23096708"
"POLITÉCNICO COLOMBIANO JAIME ISAZA CADAVID","2013-10-23","","168.81793313"
"POLITÉCNICO COLOMBIANO JAIME ISAZA CADAVID","2013-10-22","","122.21314135"
"POLITÉCNICO COLOMBIANO JAIME ISAZA CADAVID","2013-10-21","","167.99397233"
"POLITÉCNICO COLOMBIANO JAIME ISAZA CADAVID","2013-10-20","","179.17571687"
"POLITÉCNICO COLOMBIANO JAIME ISAZA CADAVID","2013-10-19","","173.10617375"
"POLITÉCNICO COLOMBIANO JAIME ISAZA CADAVID","2013-10-18","","150.53649617"
"POLITÉCNICO COLOMBIANO JAIME ISAZA CADAVID","2013-10-17","","164.33589708"
"POLITÉCNICO COLOMBIANO JAIME ISAZA CADAVID","2013-10-16","","223.46404464"
"POLITÉCNICO COLOMBIANO JAIME ISAZA CADAVID","2013-10-15","","161.17224229"
"POLITÉCNICO COLOMBIANO JAIME ISAZA CADAVID","2013-10-14","","155.90103292"
"POLITÉCNICO COLOMBIANO JAIME ISAZA CADAVID","2013-10-13","","206.45084708"
"POLITÉCNICO COLOMBIANO JAIME ISAZA CADAVID","2013-10-12","","208.85050354"
"POLITÉCNICO COLOMBIANO JAIME ISAZA CADAVID","2013-10-11","","223.730705"
"POLITÉCNICO COLOMBIANO JAIME ISAZA CADAVID","2013-10-10","","268.71097125"
"POLITÉCNICO COLOMBIANO JAIME ISAZA CADAVID","2013-10-09","","172.10808896"
"POLITÉCNICO COLOMBIANO JAIME ISAZA CADAVID","2013-10-08","","184.35873478"
"POLITÉCNICO COLOMBIANO JAIME ISAZA CADAVID","2013-10-07","","190.57665883"
"POLITÉCNICO COLOMBIANO JAIME ISAZA CADAVID","2013-10-06","","143.95069729"
"POLITÉCNICO COLOMBIANO JAIME ISAZA CADAVID","2013-10-05","","140.19913917"
"POLITÉCNICO COLOMBIANO JAIME ISAZA CADAVID","2013-10-04","","205.94867154"
"POLITÉCNICO COLOMBIANO JAIME ISAZA CADAVID","2013-10-03","","151.28025833"
"POLITÉCNICO COLOMBIANO JAIME ISAZA CADAVID","2013-10-02","","138.13227083"
"POLITÉCNICO COLOMBIANO JAIME ISAZA CADAVID","2013-10-01","","148.51020904"
"POLITÉCNICO COLOMBIANO JAIME ISAZA CADAVID","2013-09-30","","167.69855542"
"POLITÉCNICO COLOMBIANO JAIME ISAZA CADAVID","2013-09-29","","149.92509417"
"POLITÉCNICO COLOMBIANO JAIME ISAZA CADAVID","2013-09-28","","182.86549708"
"POLITÉCNICO COLOMBIANO JAIME ISAZA CADAVID","2013-09-27","","117.382152"
"POLITÉCNICO COLOMBIANO JAIME ISAZA CADAVID","2013-09-26","","160.17286917"
"POLITÉCNICO COLOMBIANO JAIME ISAZA CADAVID","2013-09-25","","179.05889742"
"POLITÉCNICO COLOMBIANO JAIME ISAZA CADAVID","2013-09-24","","232.577215"
"POLITÉCNICO COLOMBIANO JAIME ISAZA CADAVID","2013-09-23","","174.91697765"
"POLITÉCNICO COLOMBIANO JAIME ISAZA CADAVID","2013-09-22","","149.69888817"
"POLITÉCNICO COLOMBIANO JAIME ISAZA CADAVID","2013-09-21","","104.909821"
"POLITÉCNICO COLOMBIANO JAIME ISAZA CADAVID","2013-09-20","","114.57593175"
"POLITÉCNICO COLOMBIANO JAIME ISAZA CADAVID","2013-09-19","","193.85985292"
"POLITÉCNICO COLOMBIANO JAIME ISAZA CADAVID","2013-09-18","","158.61886792"
"POLITÉCNICO COLOMBIANO JAIME ISAZA CADAVID","2013-09-17","","219.82772439"
"POLITÉCNICO COLOMBIANO JAIME ISAZA CADAVID","2013-09-16","","148.30938708"
"POLITÉCNICO COLOMBIANO JAIME ISAZA CADAVID","2013-09-15","","186.8985995"
"POLITÉCNICO COLOMBIANO JAIME ISAZA CADAVID","2013-09-14","","225.55507333"
"POLITÉCNICO COLOMBIANO JAIME ISAZA CADAVID","2013-09-13","","186.69189129"
"POLITÉCNICO COLOMBIANO JAIME ISAZA CADAVID","2013-09-12","","175.36639479"
"POLITÉCNICO COLOMBIANO JAIME ISAZA CADAVID","2013-09-11","","246.24218375"
"POLITÉCNICO COLOMBIANO JAIME ISAZA CADAVID","2013-09-10","","140.843798"
"POLITÉCNICO COLOMBIANO JAIME ISAZA CADAVID","2013-09-09","","272.70711417"
"POLITÉCNICO COLOMBIANO JAIME ISAZA CADAVID","2013-09-08","","208.06632217"
"POLITÉCNICO COLOMBIANO JAIME ISAZA CADAVID","2013-09-07","","169.55000296"
"POLITÉCNICO COLOMBIANO JAIME ISAZA CADAVID","2013-09-06","","145.75493583"
"POLITÉCNICO COLOMBIANO JAIME ISAZA CADAVID","2013-09-05","","129.07879542"
"POLITÉCNICO COLOMBIANO JAIME ISAZA CADAVID","2013-09-04","","196.99256467"
"POLITÉCNICO COLOMBIANO JAIME ISAZA CADAVID","2013-09-03","","154.13883725"
"POLITÉCNICO COLOMBIANO JAIME ISAZA CADAVID","2013-09-02","","281.68258333"
"POLITÉCNICO COLOMBIANO JAIME ISAZA CADAVID","2013-09-01","","269.77260267"
"POLITÉCNICO COLOMBIANO JAIME ISAZA CADAVID","2013-01-31","","238.77698422"
"POLITÉCNICO COLOMBIANO JAIME ISAZA CADAVID","2013-01-30","","190.11254871"
"POLITÉCNICO COLOMBIANO JAIME ISAZA CADAVID","2013-01-29","","105.3260167"
"POLITÉCNICO COLOMBIANO JAIME ISAZA CADAVID","2013-01-28","","52.16890908"
"POLITÉCNICO COLOMBIANO JAIME ISAZA CADAVID","2013-01-27","","180.58496971"
"POLITÉCNICO COLOMBIANO JAIME ISAZA CADAVID","2013-01-26","","157.23536446"
"POLITÉCNICO COLOMBIANO JAIME ISAZA CADAVID","2013-01-25","","188.98421417"
"POLITÉCNICO COLOMBIANO JAIME ISAZA CADAVID","2013-01-24","","324.79099367"
"POLITÉCNICO COLOMBIANO JAIME ISAZA CADAVID","2013-01-23","","207.83531142"
"POLITÉCNICO COLOMBIANO JAIME ISAZA CADAVID","2013-01-22","","183.293626"
"POLITÉCNICO COLOMBIANO JAIME ISAZA CADAVID","2013-01-21","","118.62428238"
"POLITÉCNICO COLOMBIANO JAIME ISAZA CADAVID","2013-01-20","","234.70134179"
"POLITÉCNICO COLOMBIANO JAIME ISAZA CADAVID","2013-01-19","","170.36535042"
"POLITÉCNICO COLOMBIANO JAIME ISAZA CADAVID","2013-01-18","","156.22645929"
"POLITÉCNICO COLOMBIANO JAIME ISAZA CADAVID","2013-01-17","","253.85454746"
"POLITÉCNICO COLOMBIANO JAIME ISAZA CADAVID","2013-01-16","","239.84911458"
"POLITÉCNICO COLOMBIANO JAIME ISAZA CADAVID","2013-01-15","","221.13099421"
"POLITÉCNICO COLOMBIANO JAIME ISAZA CADAVID","2013-01-14","","184.400392"
"POLITÉCNICO COLOMBIANO JAIME ISAZA CADAVID","2013-01-13","","149.51504221"
"POLITÉCNICO COLOMBIANO JAIME ISAZA CADAVID","2013-01-12","","150.22301321"
"POLITÉCNICO COLOMBIANO JAIME ISAZA CADAVID","2013-01-11","","107.40934021"
"POLITÉCNICO COLOMBIANO JAIME ISAZA CADAVID","2013-01-10","","92.58707908"
"POLITÉCNICO COLOMBIANO JAIME ISAZA CADAVID","2013-01-09","","98.38970829"
"POLITÉCNICO COLOMBIANO JAIME ISAZA CADAVID","2013-01-08","","139.43696908"
"POLITÉCNICO COLOMBIANO JAIME ISAZA CADAVID","2013-01-07","","104.08389042"
"POLITÉCNICO COLOMBIANO JAIME ISAZA CADAVID","2013-01-06","","113.31987175"
"POLITÉCNICO COLOMBIANO JAIME ISAZA CADAVID","2013-01-05","","109.529395"
"POLITÉCNICO COLOMBIANO JAIME ISAZA CADAVID","2013-01-04","","132.82299257"
"POLITÉCNICO COLOMBIANO JAIME ISAZA CADAVID","2013-01-03","","139.42541304"
"POLITÉCNICO COLOMBIANO JAIME ISAZA CADAVID","2013-01-02","","148.0559675"
"POLITÉCNICO COLOMBIANO JAIME ISAZA CADAVID","2013-01-01","","89.07841904"
"POLITÉCNICO COLOMBIANO JAIME ISAZA CADAVID","2012-12-31","","123.95532408"
"POLITÉCNICO COLOMBIANO JAIME ISAZA CADAVID","2012-12-30","","94.28833013"
"POLITÉCNICO COLOMBIANO JAIME ISAZA CADAVID","2012-12-29","","173.39046579"
"POLITÉCNICO COLOMBIANO JAIME ISAZA CADAVID","2012-12-28","","109.70056604"
"POLITÉCNICO COLOMBIANO JAIME ISAZA CADAVID","2012-12-27","","215.00140621"
"POLITÉCNICO COLOMBIANO JAIME ISAZA CADAVID","2012-12-26","","194.20512783"
"POLITÉCNICO COLOMBIANO JAIME ISAZA CADAVID","2012-12-25","","228.964091"
"POLITÉCNICO COLOMBIANO JAIME ISAZA CADAVID","2012-12-24","","160.01943379"
"POLITÉCNICO COLOMBIANO JAIME ISAZA CADAVID","2012-12-23","","269.71924042"
"POLITÉCNICO COLOMBIANO JAIME ISAZA CADAVID","2012-12-22","","249.12134929"
"POLITÉCNICO COLOMBIANO JAIME ISAZA CADAVID","2012-12-21","","231.91646654"
"POLITÉCNICO COLOMBIANO JAIME ISAZA CADAVID","2012-12-20","","147.09275996"
"POLITÉCNICO COLOMBIANO JAIME ISAZA CADAVID","2012-12-19","","227.126415"
"POLITÉCNICO COLOMBIANO JAIME ISAZA CADAVID","2012-12-18","","225.23843208"
"POLITÉCNICO COLOMBIANO JAIME ISAZA CADAVID","2012-12-17","","187.06386558"
"POLITÉCNICO COLOMBIANO JAIME ISAZA CADAVID","2012-12-16","","199.44742958"
"POLITÉCNICO COLOMBIANO JAIME ISAZA CADAVID","2012-12-15","","222.23338208"
"POLITÉCNICO COLOMBIANO JAIME ISAZA CADAVID","2012-12-14","","149.05369542"
"POLITÉCNICO COLOMBIANO JAIME ISAZA CADAVID","2012-12-13","","152.24991225"
"POLITÉCNICO COLOMBIANO JAIME ISAZA CADAVID","2012-12-12","","185.88675"
"POLITÉCNICO COLOMBIANO JAIME ISAZA CADAVID","2012-12-11","","158.33564458"
"POLITÉCNICO COLOMBIANO JAIME ISAZA CADAVID","2012-12-10","","168.30840513"
"POLITÉCNICO COLOMBIANO JAIME ISAZA CADAVID","2012-12-09","","159.15641088"
"POLITÉCNICO COLOMBIANO JAIME ISAZA CADAVID","2012-12-08","","229.66450875"
"POLITÉCNICO COLOMBIANO JAIME ISAZA CADAVID","2012-12-07","","261.44675938"
"POLITÉCNICO COLOMBIANO JAIME ISAZA CADAVID","2012-12-06","","198.13262417"
"POLITÉCNICO COLOMBIANO JAIME ISAZA CADAVID","2012-12-05","","216.23490933"
"POLITÉCNICO COLOMBIANO JAIME ISAZA CADAVID","2012-12-04","","280.01893292"
"POLITÉCNICO COLOMBIANO JAIME ISAZA CADAVID","2012-12-03","","211.38589717"
"POLITÉCNICO COLOMBIANO JAIME ISAZA CADAVID","2012-12-02","","180.72272233"
"POLITÉCNICO COLOMBIANO JAIME ISAZA CADAVID","2012-12-01","","175.75264458"
"POLITÉCNICO COLOMBIANO JAIME ISAZA CADAVID","2012-11-30","","184.25694979"
"POLITÉCNICO COLOMBIANO JAIME ISAZA CADAVID","2012-11-29","","136.45606196"
"POLITÉCNICO COLOMBIANO JAIME ISAZA CADAVID","2012-11-28","","220.0104753"
"POLITÉCNICO COLOMBIANO JAIME ISAZA CADAVID","2012-11-27","","235.82422935"
"POLITÉCNICO COLOMBIANO JAIME ISAZA CADAVID","2012-11-26","","198.53932713"
"POLITÉCNICO COLOMBIANO JAIME ISAZA CADAVID","2012-11-25","","144.77462282"
"POLITÉCNICO COLOMBIANO JAIME ISAZA CADAVID","2012-11-24","","151.78839179"
"POLITÉCNICO COLOMBIANO JAIME ISAZA CADAVID","2012-11-23","","156.19161108"
"POLITÉCNICO COLOMBIANO JAIME ISAZA CADAVID","2012-11-22","","125.91516542"
"POLITÉCNICO COLOMBIANO JAIME ISAZA CADAVID","2012-11-21","","161.06294078"
"POLITÉCNICO COLOMBIANO JAIME ISAZA CADAVID","2012-11-20","","220.22405088"
"POLITÉCNICO COLOMBIANO JAIME ISAZA CADAVID","2012-11-19","","298.26013171"
"POLITÉCNICO COLOMBIANO JAIME ISAZA CADAVID","2012-11-17","","238.25884544"
"POLITÉCNICO COLOMBIANO JAIME ISAZA CADAVID","2012-11-16","","209.98352641"
"POLITÉCNICO COLOMBIANO JAIME ISAZA CADAVID","2012-11-15","","164.92008667"
"POLITÉCNICO COLOMBIANO JAIME ISAZA CADAVID","2012-11-14","","150.78338522"
"POLITÉCNICO COLOMBIANO JAIME ISAZA CADAVID","2012-11-13","","219.80801478"
"POLITÉCNICO COLOMBIANO JAIME ISAZA CADAVID","2012-11-12","","147.9551515"
"POLITÉCNICO COLOMBIANO JAIME ISAZA CADAVID","2012-11-11","","194.06997667"
"POLITÉCNICO COLOMBIANO JAIME ISAZA CADAVID","2012-11-10","","253.06496488"
"POLITÉCNICO COLOMBIANO JAIME ISAZA CADAVID","2012-11-09","","182.09377988"
"POLITÉCNICO COLOMBIANO JAIME ISAZA CADAVID","2012-11-08","","200.26061583"
"POLITÉCNICO COLOMBIANO JAIME ISAZA CADAVID","2012-11-07","","214.90341567"
"POLITÉCNICO COLOMBIANO JAIME ISAZA CADAVID","2012-11-06","","143.14038713"
"POLITÉCNICO COLOMBIANO JAIME ISAZA CADAVID","2012-11-05","","148.5403925"
"POLITÉCNICO COLOMBIANO JAIME ISAZA CADAVID","2012-11-04","","297.36451335"
"POLITÉCNICO COLOMBIANO JAIME ISAZA CADAVID","2012-11-03","","263.894826"
"POLITÉCNICO COLOMBIANO JAIME ISAZA CADAVID","2012-11-02","","204.27696421"
"POLITÉCNICO COLOMBIANO JAIME ISAZA CADAVID","2012-11-01","","163.20674333"
"POLITÉCNICO COLOMBIANO JAIME ISAZA CADAVID","2012-10-04","","266.4"
"POLITÉCNICO COLOMBIANO JAIME ISAZA CADAVID","2012-10-03","","223.70833333"
"POLITÉCNICO COLOMBIANO JAIME ISAZA CADAVID","2012-10-02","","194.58333333"
"POLITÉCNICO COLOMBIANO JAIME ISAZA CADAVID","2012-10-01","","212.95454545"
"POLITÉCNICO COLOMBIANO JAIME ISAZA CADAVID","2012-09-30","","176.125"
"POLITÉCNICO COLOMBIANO JAIME ISAZA CADAVID","2012-09-29","","126.54545455"
"POLITÉCNICO COLOMBIANO JAIME ISAZA CADAVID","2012-09-28","","157.83333333"
"POLITÉCNICO COLOMBIANO JAIME ISAZA CADAVID","2012-09-27","","187.23809524"
"POLITÉCNICO COLOMBIANO JAIME ISAZA CADAVID","2012-09-26","","170.20833333"
"POLITÉCNICO COLOMBIANO JAIME ISAZA CADAVID","2012-09-25","","186.58333333"
"POLITÉCNICO COLOMBIANO JAIME ISAZA CADAVID","2012-09-24","","181.20833333"
"POLITÉCNICO COLOMBIANO JAIME ISAZA CADAVID","2012-09-23","","248.52380952"
"POLITÉCNICO COLOMBIANO JAIME ISAZA CADAVID","2012-09-22","","180.125"
"POLITÉCNICO COLOMBIANO JAIME ISAZA CADAVID","2012-09-21","","176.69565217"
"POLITÉCNICO COLOMBIANO JAIME ISAZA CADAVID","2012-09-20","","159.30434783"
"POLITÉCNICO COLOMBIANO JAIME ISAZA CADAVID","2012-09-19","","206.54166667"
"POLITÉCNICO COLOMBIANO JAIME ISAZA CADAVID","2012-09-18","","193.52173913"
"POLITÉCNICO COLOMBIANO JAIME ISAZA CADAVID","2012-09-17","","175.20833333"
"POLITÉCNICO COLOMBIANO JAIME ISAZA CADAVID","2012-09-16","","166.83333333"
"POLITÉCNICO COLOMBIANO JAIME ISAZA CADAVID","2012-09-15","","147.91666667"
"POLITÉCNICO COLOMBIANO JAIME ISAZA CADAVID","2012-09-14","","133.20833333"
"POLITÉCNICO COLOMBIANO JAIME ISAZA CADAVID","2012-09-13","","155.25"
"POLITÉCNICO COLOMBIANO JAIME ISAZA CADAVID","2012-09-12","","178.17391304"
"POLITÉCNICO COLOMBIANO JAIME ISAZA CADAVID","2012-09-11","","153.20833333"
"POLITÉCNICO COLOMBIANO JAIME ISAZA CADAVID","2012-09-10","","133.66666667"
"POLITÉCNICO COLOMBIANO JAIME ISAZA CADAVID","2012-09-09","","144.25"
"POLITÉCNICO COLOMBIANO JAIME ISAZA CADAVID","2012-09-08","","121.45833333"
"POLITÉCNICO COLOMBIANO JAIME ISAZA CADAVID","2012-09-07","","177.79166667"
"POLITÉCNICO COLOMBIANO JAIME ISAZA CADAVID","2012-09-06","","162.41666667"
"POLITÉCNICO COLOMBIANO JAIME ISAZA CADAVID","2012-09-05","","229.04166667"
"POLITÉCNICO COLOMBIANO JAIME ISAZA CADAVID","2012-09-04","","197.0"
"POLITÉCNICO COLOMBIANO JAIME ISAZA CADAVID","2012-09-03","","181.66666667"
"POLITÉCNICO COLOMBIANO JAIME ISAZA CADAVID","2012-09-02","","178.875"
"POLITÉCNICO COLOMBIANO JAIME ISAZA CADAVID","2012-09-01","","164.91666667"
"POLITÉCNICO COLOMBIANO JAIME ISAZA CADAVID","2012-08-31","","197.875"
"POLITÉCNICO COLOMBIANO JAIME ISAZA CADAVID","2012-08-30","","158.08333333"
"POLITÉCNICO COLOMBIANO JAIME ISAZA CADAVID","2012-08-29","","167.41666667"
"POLITÉCNICO COLOMBIANO JAIME ISAZA CADAVID","2012-08-28","","161.61904762"
"POLITÉCNICO COLOMBIANO JAIME ISAZA CADAVID","2012-08-27","","158.33333333"
"POLITÉCNICO COLOMBIANO JAIME ISAZA CADAVID","2012-08-26","","142.91666667"
"POLITÉCNICO COLOMBIANO JAIME ISAZA CADAVID","2012-08-25","","144.16666667"
"POLITÉCNICO COLOMBIANO JAIME ISAZA CADAVID","2012-08-24","","143.29166667"
"POLITÉCNICO COLOMBIANO JAIME ISAZA CADAVID","2012-08-23","","161.2"
"POLITÉCNICO COLOMBIANO JAIME ISAZA CADAVID","2012-08-22","","225.375"
"POLITÉCNICO COLOMBIANO JAIME ISAZA CADAVID","2012-08-21","","209.16666667"
"POLITÉCNICO COLOMBIANO JAIME ISAZA CADAVID","2012-08-20","","258.04166667"
"POLITÉCNICO COLOMBIANO JAIME ISAZA CADAVID","2012-08-19","","193.5"
"POLITÉCNICO COLOMBIANO JAIME ISAZA CADAVID","2012-08-18","","189.625"
"POLITÉCNICO COLOMBIANO JAIME ISAZA CADAVID","2012-08-17","","177.5"
"POLITÉCNICO COLOMBIANO JAIME ISAZA CADAVID","2012-08-16","","148.79166667"
"POLITÉCNICO COLOMBIANO JAIME ISAZA CADAVID","2012-08-15","","176.95652174"
"POLITÉCNICO COLOMBIANO JAIME ISAZA CADAVID","2012-08-14","","190.66666667"
"POLITÉCNICO COLOMBIANO JAIME ISAZA CADAVID","2012-08-13","","224.375"
"POLITÉCNICO COLOMBIANO JAIME ISAZA CADAVID","2012-08-12","","204.54166667"
"POLITÉCNICO COLOMBIANO JAIME ISAZA CADAVID","2012-08-11","","217.625"
"POLITÉCNICO COLOMBIANO JAIME ISAZA CADAVID","2012-08-10","","147.125"
"POLITÉCNICO COLOMBIANO JAIME ISAZA CADAVID","2012-08-09","","223.91666667"
"POLITÉCNICO COLOMBIANO JAIME ISAZA CADAVID","2012-08-08","","171.04166667"
"POLITÉCNICO COLOMBIANO JAIME ISAZA CADAVID","2012-08-07","","273.68181818"
"POLITÉCNICO COLOMBIANO JAIME ISAZA CADAVID","2012-08-06","","216.875"
"POLITÉCNICO COLOMBIANO JAIME ISAZA CADAVID","2012-08-05","","135.08333333"
"POLITÉCNICO COLOMBIANO JAIME ISAZA CADAVID","2012-08-04","","122.75"
"POLITÉCNICO COLOMBIANO JAIME ISAZA CADAVID","2012-08-03","","206.54166667"
"POLITÉCNICO COLOMBIANO JAIME ISAZA CADAVID","2012-08-02","","180.33333333"
"POLITÉCNICO COLOMBIANO JAIME ISAZA CADAVID","2012-08-01","","181.45833333"
"POLITÉCNICO COLOMBIANO JAIME ISAZA CADAVID","2012-07-31","","212.54166667"
"POLITÉCNICO COLOMBIANO JAIME ISAZA CADAVID","2012-07-30","","174.45833333"
"POLITÉCNICO COLOMBIANO JAIME ISAZA CADAVID","2012-07-29","","187.69565217"
"POLITÉCNICO COLOMBIANO JAIME ISAZA CADAVID","2012-07-28","","130.47826087"
"POLITÉCNICO COLOMBIANO JAIME ISAZA CADAVID","2012-07-27","","124.875"
"POLITÉCNICO COLOMBIANO JAIME ISAZA CADAVID","2012-07-26","","169.29166667"
"POLITÉCNICO COLOMBIANO JAIME ISAZA CADAVID","2012-07-25","","125.54166667"
"POLITÉCNICO COLOMBIANO JAIME ISAZA CADAVID","2012-07-24","","146.04166667"
"POLITÉCNICO COLOMBIANO JAIME ISAZA CADAVID","2012-07-23","","138.16666667"
"POLITÉCNICO COLOMBIANO JAIME ISAZA CADAVID","2012-07-22","","128.04166667"
"POLITÉCNICO COLOMBIANO JAIME ISAZA CADAVID","2012-07-21","","144.73913043"
"POLITÉCNICO COLOMBIANO JAIME ISAZA CADAVID","2012-07-20","","222.0"
"POLITÉCNICO COLOMBIANO JAIME ISAZA CADAVID","2012-07-19","","203.08333333"
"POLITÉCNICO COLOMBIANO JAIME ISAZA CADAVID","2012-07-18","","167.58333333"
"POLITÉCNICO COLOMBIANO JAIME ISAZA CADAVID","2012-07-17","","155.0"
"POLITÉCNICO COLOMBIANO JAIME ISAZA CADAVID","2012-07-16","","158.58333333"
"POLITÉCNICO COLOMBIANO JAIME ISAZA CADAVID","2012-07-15","","165.66666667"
"POLITÉCNICO COLOMBIANO JAIME ISAZA CADAVID","2012-07-14","","149.66666667"
"POLITÉCNICO COLOMBIANO JAIME ISAZA CADAVID","2012-07-13","","146.33333333"
"POLITÉCNICO COLOMBIANO JAIME ISAZA CADAVID","2012-07-12","","127.45833333"
"POLITÉCNICO COLOMBIANO JAIME ISAZA CADAVID","2012-07-11","","196.08333333"
"POLITÉCNICO COLOMBIANO JAIME ISAZA CADAVID","2012-07-10","","169.625"
"POLITÉCNICO COLOMBIANO JAIME ISAZA CADAVID","2012-07-09","","154.66666667"
"POLITÉCNICO COLOMBIANO JAIME ISAZA CADAVID","2012-07-08","","148.41666667"
"POLITÉCNICO COLOMBIANO JAIME ISAZA CADAVID","2012-07-07","","164.83333333"
"POLITÉCNICO COLOMBIANO JAIME ISAZA CADAVID","2012-07-06","","164.83333333"
"POLITÉCNICO COLOMBIANO JAIME ISAZA CADAVID","2012-07-05","","180.83333333"
"POLITÉCNICO COLOMBIANO JAIME ISAZA CADAVID","2012-07-04","","236.47619048"
"POLITÉCNICO COLOMBIANO JAIME ISAZA CADAVID","2012-07-03","","220.08333333"
"POLITÉCNICO COLOMBIANO JAIME ISAZA CADAVID","2012-07-02","","151.70833333"
"POLITÉCNICO COLOMBIANO JAIME ISAZA CADAVID","2012-07-01","","152.875"
"POLITÉCNICO COLOMBIANO JAIME ISAZA CADAVID","2012-06-30","","147.73913043"
"POLITÉCNICO COLOMBIANO JAIME ISAZA CADAVID","2012-06-29","","223.45833333"
"POLITÉCNICO COLOMBIANO JAIME ISAZA CADAVID","2012-06-28","","221.45833333"
"POLITÉCNICO COLOMBIANO JAIME ISAZA CADAVID","2012-06-27","","224.58333333"
"POLITÉCNICO COLOMBIANO JAIME ISAZA CADAVID","2012-06-26","","196.70833333"
"POLITÉCNICO COLOMBIANO JAIME ISAZA CADAVID","2012-06-25","","188.70833333"
"POLITÉCNICO COLOMBIANO JAIME ISAZA CADAVID","2012-06-24","","180.91666667"
"POLITÉCNICO COLOMBIANO JAIME ISAZA CADAVID","2012-06-23","","140.75"
"POLITÉCNICO COLOMBIANO JAIME ISAZA CADAVID","2012-06-22","","133.41666667"
"POLITÉCNICO COLOMBIANO JAIME ISAZA CADAVID","2012-06-21","","177.29166667"
"POLITÉCNICO COLOMBIANO JAIME ISAZA CADAVID","2012-06-20","","291.125"
"POLITÉCNICO COLOMBIANO JAIME ISAZA CADAVID","2012-06-19","","213.7826087"
"POLITÉCNICO COLOMBIANO JAIME ISAZA CADAVID","2012-06-18","","197.08333333"
"POLITÉCNICO COLOMBIANO JAIME ISAZA CADAVID","2012-06-17","","184.625"
"POLITÉCNICO COLOMBIANO JAIME ISAZA CADAVID","2012-06-16","","153.16666667"
"POLITÉCNICO COLOMBIANO JAIME ISAZA CADAVID","2012-06-15","","152.79166667"
"POLITÉCNICO COLOMBIANO JAIME ISAZA CADAVID","2012-06-14","","215.0"
"POLITÉCNICO COLOMBIANO JAIME ISAZA CADAVID","2012-06-13","","182.16666667"
"POLITÉCNICO COLOMBIANO JAIME ISAZA CADAVID","2012-06-12","","202.41666667"
"POLITÉCNICO COLOMBIANO JAIME ISAZA CADAVID","2012-06-11","","226.54166667"
"POLITÉCNICO COLOMBIANO JAIME ISAZA CADAVID","2012-06-10","","200.95833333"
"POLITÉCNICO COLOMBIANO JAIME ISAZA CADAVID","2012-06-09","","191.56521739"
"POLITÉCNICO COLOMBIANO JAIME ISAZA CADAVID","2012-06-08","","184.95833333"
"POLITÉCNICO COLOMBIANO JAIME ISAZA CADAVID","2012-06-07","","170.04347826"
"POLITÉCNICO COLOMBIANO JAIME ISAZA CADAVID","2012-06-06","","142.33333333"
"POLITÉCNICO COLOMBIANO JAIME ISAZA CADAVID","2012-06-05","","192.45833333"
"POLITÉCNICO COLOMBIANO JAIME ISAZA CADAVID","2012-06-04","","235.2173913"
"POLITÉCNICO COLOMBIANO JAIME ISAZA CADAVID","2012-06-03","","219.41666667"
"POLITÉCNICO COLOMBIANO JAIME ISAZA CADAVID","2012-06-02","","167.43478261"
"POLITÉCNICO COLOMBIANO JAIME ISAZA CADAVID","2012-06-01","","196.29166667"
"POLITÉCNICO COLOMBIANO JAIME ISAZA CADAVID","2012-05-31","","123.13043478"
"POLITÉCNICO COLOMBIANO JAIME ISAZA CADAVID","2012-05-30","","205.83333333"
"POLITÉCNICO COLOMBIANO JAIME ISAZA CADAVID","2012-05-29","","141.91666667"
"POLITÉCNICO COLOMBIANO JAIME ISAZA CADAVID","2012-05-28","","199.375"
"POLITÉCNICO COLOMBIANO JAIME ISAZA CADAVID","2012-05-27","","188.2173913"
"POLITÉCNICO COLOMBIANO JAIME ISAZA CADAVID","2012-05-26","","218.70833333"
"POLITÉCNICO COLOMBIANO JAIME ISAZA CADAVID","2012-05-25","","205.16666667"
"POLITÉCNICO COLOMBIANO JAIME ISAZA CADAVID","2012-05-24","","257.125"
"POLITÉCNICO COLOMBIANO JAIME ISAZA CADAVID","2012-05-23","","274.39130435"
"POLITÉCNICO COLOMBIANO JAIME ISAZA CADAVID","2012-05-22","","215.20833333"
"POLITÉCNICO COLOMBIANO JAIME ISAZA CADAVID","2012-05-21","","277.43478261"
"POLITÉCNICO COLOMBIANO JAIME ISAZA CADAVID","2012-05-20","","202.33333333"
"POLITÉCNICO COLOMBIANO JAIME ISAZA CADAVID","2012-05-19","","193.7826087"
"POLITÉCNICO COLOMBIANO JAIME ISAZA CADAVID","2012-05-18","","224.83333333"
"POLITÉCNICO COLOMBIANO JAIME ISAZA CADAVID","2012-05-17","","266.73913043"
"POLITÉCNICO COLOMBIANO JAIME ISAZA CADAVID","2012-05-16","","271.86956522"
"POLITÉCNICO COLOMBIANO JAIME ISAZA CADAVID","2012-05-15","","177.54166667"
"POLITÉCNICO COLOMBIANO JAIME ISAZA CADAVID","2012-05-14","","214.30434783"
"POLITÉCNICO COLOMBIANO JAIME ISAZA CADAVID","2012-05-13","","204.5"
"POLITÉCNICO COLOMBIANO JAIME ISAZA CADAVID","2012-05-12","","220.0"
"POLITÉCNICO COLOMBIANO JAIME ISAZA CADAVID","2012-05-11","","234.5"
"POLITÉCNICO COLOMBIANO JAIME ISAZA CADAVID","2012-05-10","","199.41666667"
"POLITÉCNICO COLOMBIANO JAIME ISAZA CADAVID","2012-05-09","","144.77272727"
"POLITÉCNICO COLOMBIANO JAIME ISAZA CADAVID","2012-05-08","","121.30434783"
"POLITÉCNICO COLOMBIANO JAIME ISAZA CADAVID","2012-05-07","","140.95833333"
"POLITÉCNICO COLOMBIANO JAIME ISAZA CADAVID","2012-05-06","","199.45833333"
"POLITÉCNICO COLOMBIANO JAIME ISAZA CADAVID","2012-05-05","","140.45833333"
"POLITÉCNICO COLOMBIANO JAIME ISAZA CADAVID","2012-05-04","","132.29166667"
"POLITÉCNICO COLOMBIANO JAIME ISAZA CADAVID","2012-05-03","","156.59090909"
"POLITÉCNICO COLOMBIANO JAIME ISAZA CADAVID","2012-05-02","","158.125"
"POLITÉCNICO COLOMBIANO JAIME ISAZA CADAVID","2012-05-01","","154.125"
